{"type":"Topology","objects":{"rutor":{"type":"GeometryCollection","geometries":[{"type":"Polygon","arcs":[[0,1,2]],"properties":{"pop":0,"kn":"1381"}},{"type":"Polygon","arcs":[[3,4,5,-1]],"properties":{"pop":0,"kn":"1381"}},{"type":"Polygon","arcs":[[6,7,8]],"properties":{"pop":0,"kn":"1381"}},{"type":"Polygon","arcs":[[-8,9,10,11]],"properties":{"pop":0,"kn":"1381"}},{"type":"Polygon","arcs":[[12,13,14]],"properties":{"pop":0,"kn":"1381"}},{"type":"Polygon","arcs":[[-14,15,16,17]],"properties":{"pop":0,"kn":"1381"}},{"type":"Polygon","arcs":[[18,19,20,21]],"properties":{"pop":0,"kn":"1381"}},{"type":"Polygon","arcs":[[-21,22,23,24]],"properties":{"pop":0,"kn":"1381"}},{"type":"Polygon","arcs":[[25,26,27,-7]],"properties":{"pop":0,"kn":"1381"}},{"type":"Polygon","arcs":[[-28,28,29,-10]],"properties":{"pop":0,"kn":"1381"}},{"type":"Polygon","arcs":[[30,31,32,33]],"properties":{"pop":0,"kn":"1381"}},{"type":"Polygon","arcs":[[34,35,36,37]],"properties":{"pop":0,"kn":"1381"}},{"type":"Polygon","arcs":[[-37,38,39,-13]],"properties":{"pop":0,"kn":"1381"}},{"type":"Polygon","arcs":[[-40,40,41,-16]],"properties":{"pop":3,"kn":"1381"}},{"type":"Polygon","arcs":[[42,43,44,-20]],"properties":{"pop":0,"kn":"1381"}},{"type":"Polygon","arcs":[[-45,45,46,-23]],"properties":{"pop":0,"kn":"1381"}},{"type":"Polygon","arcs":[[-47,47,48,49]],"properties":{"pop":0,"kn":"1381"}},{"type":"Polygon","arcs":[[50,51,52]],"properties":{"pop":0,"kn":"1381"}},{"type":"Polygon","arcs":[[-52,53,54,55]],"properties":{"pop":0,"kn":"1381"}},{"type":"Polygon","arcs":[[-55,56,57,-36]],"properties":{"pop":3,"kn":"1381"}},{"type":"Polygon","arcs":[[-58,58,59,-39]],"properties":{"pop":0,"kn":"1381"}},{"type":"Polygon","arcs":[[-60,60,61,-41]],"properties":{"pop":0,"kn":"1381"}},{"type":"Polygon","arcs":[[-62,62,63,64]],"properties":{"pop":0,"kn":"1381"}},{"type":"Polygon","arcs":[[-64,65,66,-44]],"properties":{"pop":0,"kn":"1381"}},{"type":"Polygon","arcs":[[-67,67,68,-46]],"properties":{"pop":0,"kn":"1381"}},{"type":"Polygon","arcs":[[-69,69,70,-48]],"properties":{"pop":0,"kn":"1381"}},{"type":"Polygon","arcs":[[-71,71,72,73]],"properties":{"pop":0,"kn":"1381"}},{"type":"Polygon","arcs":[[74,75,76,77]],"properties":{"pop":0,"kn":"1381"}},{"type":"Polygon","arcs":[[-77,78,79,80]],"properties":{"pop":0,"kn":"1381"}},{"type":"Polygon","arcs":[[81,82,83]],"properties":{"pop":0,"kn":"1381"}},{"type":"Polygon","arcs":[[84,85,86,-51]],"properties":{"pop":0,"kn":"1381"}},{"type":"Polygon","arcs":[[87,88,89,-57]],"properties":{"pop":5,"kn":"1381"}},{"type":"Polygon","arcs":[[-90,90,91,-59]],"properties":{"pop":0,"kn":"1381"}},{"type":"Polygon","arcs":[[-92,92,93,-61]],"properties":{"pop":0,"kn":"1381"}},{"type":"Polygon","arcs":[[-94,94,95,-63]],"properties":{"pop":0,"kn":"1381"}},{"type":"Polygon","arcs":[[-96,96,97,-66]],"properties":{"pop":0,"kn":"1381"}},{"type":"Polygon","arcs":[[-98,98,99,-68]],"properties":{"pop":0,"kn":"1381"}},{"type":"Polygon","arcs":[[100,101,102,103]],"properties":{"pop":4,"kn":"1381"}},{"type":"Polygon","arcs":[[-103,104,105,106]],"properties":{"pop":0,"kn":"1381"}},{"type":"Polygon","arcs":[[107,108,109,-83]],"properties":{"pop":0,"kn":"1381"}},{"type":"Polygon","arcs":[[110,111,112,-95]],"properties":{"pop":0,"kn":"1381"}},{"type":"Polygon","arcs":[[113,114,115,-109]],"properties":{"pop":0,"kn":"1381"}},{"type":"Polygon","arcs":[[116,117,118]],"properties":{"pop":0,"kn":"1381"}},{"type":"Polygon","arcs":[[119,120,121,122]],"properties":{"pop":0,"kn":"1381"}},{"type":"Polygon","arcs":[[123,124,125,126]],"properties":{"pop":3,"kn":"1381"}},{"type":"Polygon","arcs":[[-126,127,128,129]],"properties":{"pop":0,"kn":"1381"}},{"type":"Polygon","arcs":[[130,131,132,133]],"properties":{"pop":0,"kn":"1381"}},{"type":"Polygon","arcs":[[-133,134,135,136]],"properties":{"pop":3,"kn":"1381"}},{"type":"Polygon","arcs":[[137,138,139,140]],"properties":{"pop":0,"kn":"1381"}},{"type":"Polygon","arcs":[[141,142,143,-135]],"properties":{"pop":0,"kn":"1381"}},{"type":"Polygon","arcs":[[144,145,146,147]],"properties":{"pop":3,"kn":"1381"}},{"type":"Polygon","arcs":[[148,149,150,151]],"properties":{"pop":3,"kn":"1381"}},{"type":"Polygon","arcs":[[152,153,154,155]],"properties":{"pop":0,"kn":"1381"}},{"type":"Polygon","arcs":[[156,157,158,159]],"properties":{"pop":0,"kn":"1381"}},{"type":"Polygon","arcs":[[160,161,162,163]],"properties":{"pop":0,"kn":"1381"}},{"type":"Polygon","arcs":[[164,165,166]],"properties":{"pop":0,"kn":"1381"}},{"type":"Polygon","arcs":[[167,168,169,170]],"properties":{"pop":0,"kn":"1381"}},{"type":"Polygon","arcs":[[171,172,173,-154]],"properties":{"pop":0,"kn":"1381"}},{"type":"Polygon","arcs":[[-174,174,175,176]],"properties":{"pop":0,"kn":"1381"}},{"type":"Polygon","arcs":[[-176,177,178,179]],"properties":{"pop":0,"kn":"1381"}},{"type":"Polygon","arcs":[[180,181,182,183]],"properties":{"pop":0,"kn":"1381"}},{"type":"Polygon","arcs":[[-183,184,185,186]],"properties":{"pop":0,"kn":"1381"}},{"type":"Polygon","arcs":[[-186,187,188,-158]],"properties":{"pop":0,"kn":"1381"}},{"type":"Polygon","arcs":[[189,190,191,-173]],"properties":{"pop":3,"kn":"1381"}},{"type":"Polygon","arcs":[[192,193,194,-182]],"properties":{"pop":0,"kn":"1381"}},{"type":"Polygon","arcs":[[195,196,197,-188]],"properties":{"pop":0,"kn":"1381"}},{"type":"Polygon","arcs":[[198,199,200,201]],"properties":{"pop":0,"kn":"1381"}},{"type":"Polygon","arcs":[[202,203,204,205]],"properties":{"pop":3,"kn":"1381"}},{"type":"Polygon","arcs":[[-205,206,207,-194]],"properties":{"pop":0,"kn":"1381"}},{"type":"Polygon","arcs":[[-208,208,209,210]],"properties":{"pop":0,"kn":"1381"}},{"type":"Polygon","arcs":[[-210,211,212,-197]],"properties":{"pop":0,"kn":"1381"}},{"type":"Polygon","arcs":[[-213,213,214,215]],"properties":{"pop":0,"kn":"1381"}},{"type":"Polygon","arcs":[[216,217,218,219]],"properties":{"pop":0,"kn":"1381"}},{"type":"Polygon","arcs":[[-219,220,221,222]],"properties":{"pop":0,"kn":"1381"}},{"type":"Polygon","arcs":[[223,224,225,226]],"properties":{"pop":0,"kn":"1381"}},{"type":"Polygon","arcs":[[-226,227,228,229]],"properties":{"pop":0,"kn":"1381"}},{"type":"Polygon","arcs":[[230,231]],"properties":{"pop":0,"kn":"1381"}},{"type":"Polygon","arcs":[[232,233,234,235]],"properties":{"pop":4,"kn":"1381"}},{"type":"Polygon","arcs":[[-235,236,237,-204]],"properties":{"pop":0,"kn":"1381"}},{"type":"Polygon","arcs":[[-238,238,239,-207]],"properties":{"pop":0,"kn":"1381"}},{"type":"Polygon","arcs":[[-240,240,241,-209]],"properties":{"pop":0,"kn":"1381"}},{"type":"Polygon","arcs":[[242,243,244,-214]],"properties":{"pop":0,"kn":"1381"}},{"type":"Polygon","arcs":[[-245,245,246,247]],"properties":{"pop":0,"kn":"1381"}},{"type":"Polygon","arcs":[[248,249,250,-221]],"properties":{"pop":0,"kn":"1381"}},{"type":"Polygon","arcs":[[-251,251,252,253]],"properties":{"pop":0,"kn":"1381"}},{"type":"Polygon","arcs":[[254,255,256,-228]],"properties":{"pop":0,"kn":"1381"}},{"type":"Polygon","arcs":[[-257,257,258,259]],"properties":{"pop":0,"kn":"1381"}},{"type":"Polygon","arcs":[[-259,260,261,262]],"properties":{"pop":3,"kn":"1381"}},{"type":"Polygon","arcs":[[-262,263,264,265]],"properties":{"pop":3,"kn":"1381"}},{"type":"Polygon","arcs":[[266,267,268,269]],"properties":{"pop":6,"kn":"1381"}},{"type":"Polygon","arcs":[[270,271,272,-234]],"properties":{"pop":3,"kn":"1381"}},{"type":"Polygon","arcs":[[273,274,275,-244]],"properties":{"pop":0,"kn":"1381"}},{"type":"Polygon","arcs":[[-276,276,277,-246]],"properties":{"pop":0,"kn":"1381"}},{"type":"Polygon","arcs":[[278,279,280,-252]],"properties":{"pop":0,"kn":"1381"}},{"type":"Polygon","arcs":[[281,282,283,-256]],"properties":{"pop":0,"kn":"1381"}},{"type":"Polygon","arcs":[[-284,284,285,-258]],"properties":{"pop":0,"kn":"1381"}},{"type":"Polygon","arcs":[[-286,286,287,-261]],"properties":{"pop":0,"kn":"1381"}},{"type":"Polygon","arcs":[[-288,288,289,-264]],"properties":{"pop":0,"kn":"1381"}},{"type":"Polygon","arcs":[[290,291,292]],"properties":{"pop":3,"kn":"1381"}},{"type":"Polygon","arcs":[[293,294,295,296]],"properties":{"pop":0,"kn":"1381"}},{"type":"Polygon","arcs":[[-296,297,298,-272]],"properties":{"pop":0,"kn":"1381"}},{"type":"Polygon","arcs":[[299,300,301,302]],"properties":{"pop":0,"kn":"1381"}},{"type":"Polygon","arcs":[[-302,303,304,-275]],"properties":{"pop":0,"kn":"1381"}},{"type":"Polygon","arcs":[[305,306,307,308]],"properties":{"pop":0,"kn":"1381"}},{"type":"Polygon","arcs":[[-308,309,310,-280]],"properties":{"pop":0,"kn":"1381"}},{"type":"Polygon","arcs":[[-311,311,312,313]],"properties":{"pop":0,"kn":"1381"}},{"type":"Polygon","arcs":[[-313,314,315,-283]],"properties":{"pop":0,"kn":"1381"}},{"type":"Polygon","arcs":[[-316,316,317,-285]],"properties":{"pop":0,"kn":"1381"}},{"type":"Polygon","arcs":[[-318,318,319,-287]],"properties":{"pop":0,"kn":"1381"}},{"type":"Polygon","arcs":[[-320,320,321,-289]],"properties":{"pop":0,"kn":"1381"}},{"type":"Polygon","arcs":[[-322,322,323]],"properties":{"pop":0,"kn":"1381"}},{"type":"Polygon","arcs":[[324,325,326,-298]],"properties":{"pop":0,"kn":"1381"}},{"type":"Polygon","arcs":[[-327,327,328,329]],"properties":{"pop":0,"kn":"1381"}},{"type":"Polygon","arcs":[[-329,330,331,332]],"properties":{"pop":0,"kn":"1381"}},{"type":"Polygon","arcs":[[333,334,335,336]],"properties":{"pop":0,"kn":"1381"}},{"type":"Polygon","arcs":[[-336,337,338,339]],"properties":{"pop":0,"kn":"1381"}},{"type":"Polygon","arcs":[[-339,340,341,-307]],"properties":{"pop":0,"kn":"1381"}},{"type":"Polygon","arcs":[[-342,342,343,-310]],"properties":{"pop":3,"kn":"1381"}},{"type":"Polygon","arcs":[[344,345,346,-315]],"properties":{"pop":0,"kn":"1381"}},{"type":"Polygon","arcs":[[-347,347,348,-317]],"properties":{"pop":0,"kn":"1381"}},{"type":"Polygon","arcs":[[349,350,351,-323]],"properties":{"pop":0,"kn":"1381"}},{"type":"Polygon","arcs":[[352,353,354,355]],"properties":{"pop":3,"kn":"1381"}},{"type":"Polygon","arcs":[[356,357,358,-326]],"properties":{"pop":0,"kn":"1381"}},{"type":"Polygon","arcs":[[-359,359,360,-328]],"properties":{"pop":0,"kn":"1381"}},{"type":"Polygon","arcs":[[-361,361,362,-331]],"properties":{"pop":0,"kn":"1381"}},{"type":"Polygon","arcs":[[363,364,365,366]],"properties":{"pop":0,"kn":"1381"}},{"type":"Polygon","arcs":[[-366,367,368,-335]],"properties":{"pop":0,"kn":"1381"}},{"type":"Polygon","arcs":[[-369,369,370,-338]],"properties":{"pop":0,"kn":"1381"}},{"type":"Polygon","arcs":[[-371,371,372,-341]],"properties":{"pop":0,"kn":"1381"}},{"type":"Polygon","arcs":[[-373,373,374,-343]],"properties":{"pop":0,"kn":"1381"}},{"type":"Polygon","arcs":[[375,376,377,-348]],"properties":{"pop":0,"kn":"1381"}},{"type":"Polygon","arcs":[[378,379,380]],"properties":{"pop":0,"kn":"1381"}},{"type":"Polygon","arcs":[[381,382,383,384]],"properties":{"pop":0,"kn":"1381"}},{"type":"Polygon","arcs":[[385,386,387,388]],"properties":{"pop":0,"kn":"1381"}},{"type":"Polygon","arcs":[[-388,389,390,-358]],"properties":{"pop":0,"kn":"1381"}},{"type":"Polygon","arcs":[[-391,391,392,-360]],"properties":{"pop":0,"kn":"1381"}},{"type":"Polygon","arcs":[[393,394,395,396]],"properties":{"pop":0,"kn":"1381"}},{"type":"Polygon","arcs":[[-396,397,398,-365]],"properties":{"pop":3,"kn":"1381"}},{"type":"Polygon","arcs":[[-399,399,400,-368]],"properties":{"pop":0,"kn":"1381"}},{"type":"Polygon","arcs":[[-401,401,402,-370]],"properties":{"pop":0,"kn":"1381"}},{"type":"Polygon","arcs":[[403,404,405,-377]],"properties":{"pop":0,"kn":"1381"}},{"type":"Polygon","arcs":[[-406,406,407,408]],"properties":{"pop":0,"kn":"1381"}},{"type":"Polygon","arcs":[[-408,409,410,411]],"properties":{"pop":0,"kn":"1381"}},{"type":"Polygon","arcs":[[-411,412,413,414]],"properties":{"pop":0,"kn":"1381"}},{"type":"Polygon","arcs":[[415,416,417,418]],"properties":{"pop":0,"kn":"1381"}},{"type":"Polygon","arcs":[[419,420,421,-392]],"properties":{"pop":0,"kn":"1381"}},{"type":"Polygon","arcs":[[422,423,424,-395]],"properties":{"pop":0,"kn":"1381"}},{"type":"Polygon","arcs":[[-425,425,426,-398]],"properties":{"pop":0,"kn":"1381"}},{"type":"Polygon","arcs":[[427,428,429,-405]],"properties":{"pop":0,"kn":"1381"}},{"type":"Polygon","arcs":[[430,431,432,-410]],"properties":{"pop":0,"kn":"1381"}},{"type":"Polygon","arcs":[[-433,433,434,-413]],"properties":{"pop":0,"kn":"1381"}},{"type":"Polygon","arcs":[[435,436,437,438]],"properties":{"pop":0,"kn":"1381"}},{"type":"Polygon","arcs":[[439,440,441,442]],"properties":{"pop":4,"kn":"1381"}},{"type":"Polygon","arcs":[[443,444,445,446]],"properties":{"pop":0,"kn":"1381"}},{"type":"Polygon","arcs":[[447,448,449,450]],"properties":{"pop":3,"kn":"1381"}},{"type":"Polygon","arcs":[[-450,451,452,-421]],"properties":{"pop":0,"kn":"1381"}},{"type":"Polygon","arcs":[[453,454,455,456]],"properties":{"pop":0,"kn":"1381"}},{"type":"Polygon","arcs":[[-456,457,458,-432]],"properties":{"pop":0,"kn":"1381"}},{"type":"Polygon","arcs":[[459,460,461,462]],"properties":{"pop":0,"kn":"1381"}},{"type":"Polygon","arcs":[[-462,463,464,465]],"properties":{"pop":0,"kn":"1381"}},{"type":"Polygon","arcs":[[466,467,468,469]],"properties":{"pop":0,"kn":"1381"}},{"type":"Polygon","arcs":[[470,471,472,473]],"properties":{"pop":0,"kn":"1381"}},{"type":"Polygon","arcs":[[-473,474,475,476]],"properties":{"pop":0,"kn":"1381"}},{"type":"Polygon","arcs":[[-476,477,478,479]],"properties":{"pop":0,"kn":"1381"}},{"type":"Polygon","arcs":[[480,481,482,483]],"properties":{"pop":0,"kn":"1381"}},{"type":"Polygon","arcs":[[-483,484,485,486]],"properties":{"pop":0,"kn":"1381"}},{"type":"Polygon","arcs":[[-486,487,488,489]],"properties":{"pop":0,"kn":"1381"}},{"type":"Polygon","arcs":[[490,491,492,493]],"properties":{"pop":0,"kn":"1381"}},{"type":"Polygon","arcs":[[494,495,496,-461]],"properties":{"pop":0,"kn":"1381"}},{"type":"Polygon","arcs":[[-497,497,498,-464]],"properties":{"pop":0,"kn":"1381"}},{"type":"Polygon","arcs":[[499,500,501,502]],"properties":{"pop":0,"kn":"1381"}},{"type":"Polygon","arcs":[[-502,503,504,505]],"properties":{"pop":0,"kn":"1381"}},{"type":"Polygon","arcs":[[-505,506,507,-468]],"properties":{"pop":0,"kn":"1381"}},{"type":"Polygon","arcs":[[-508,508,509,510]],"properties":{"pop":0,"kn":"1381"}},{"type":"Polygon","arcs":[[-510,511,512,-472]],"properties":{"pop":0,"kn":"1381"}},{"type":"Polygon","arcs":[[-513,513,514,-475]],"properties":{"pop":0,"kn":"1381"}},{"type":"Polygon","arcs":[[515,516,517,518]],"properties":{"pop":0,"kn":"1381"}},{"type":"Polygon","arcs":[[-518,519,520,521]],"properties":{"pop":0,"kn":"1381"}},{"type":"Polygon","arcs":[[-521,522,523,-482]],"properties":{"pop":0,"kn":"1381"}},{"type":"Polygon","arcs":[[-524,524,525,-485]],"properties":{"pop":0,"kn":"1381"}},{"type":"Polygon","arcs":[[526,527,528,529]],"properties":{"pop":3,"kn":"1381"}},{"type":"Polygon","arcs":[[530,531,532,-496]],"properties":{"pop":0,"kn":"1381"}},{"type":"Polygon","arcs":[[533,534,535,-504]],"properties":{"pop":0,"kn":"1381"}},{"type":"Polygon","arcs":[[536,537,538,-509]],"properties":{"pop":0,"kn":"1381"}},{"type":"Polygon","arcs":[[-539,539,540,-512]],"properties":{"pop":0,"kn":"1381"}},{"type":"Polygon","arcs":[[541,542,543,544]],"properties":{"pop":0,"kn":"1381"}},{"type":"Polygon","arcs":[[545,546,547,548]],"properties":{"pop":3,"kn":"1381"}},{"type":"Polygon","arcs":[[-548,549,550,551]],"properties":{"pop":0,"kn":"1381"}},{"type":"Polygon","arcs":[[-551,552,553,-528]],"properties":{"pop":0,"kn":"1381"}},{"type":"Polygon","arcs":[[554,555,556,-532]],"properties":{"pop":0,"kn":"1381"}},{"type":"Polygon","arcs":[[-557,557,558,559]],"properties":{"pop":0,"kn":"1380"}},{"type":"Polygon","arcs":[[560,561,562,-535]],"properties":{"pop":0,"kn":"1381"}},{"type":"Polygon","arcs":[[-563,563,564,565]],"properties":{"pop":0,"kn":"1381"}},{"type":"Polygon","arcs":[[-565,566,567,-538]],"properties":{"pop":0,"kn":"1381"}},{"type":"Polygon","arcs":[[-568,568,569,-540]],"properties":{"pop":0,"kn":"1381"}},{"type":"Polygon","arcs":[[570,571,572,573]],"properties":{"pop":0,"kn":"1381"}},{"type":"Polygon","arcs":[[574,575,576,577]],"properties":{"pop":0,"kn":"1381"}},{"type":"Polygon","arcs":[[578,579,580,-550]],"properties":{"pop":0,"kn":"1381"}},{"type":"Polygon","arcs":[[581,582,583,-556]],"properties":{"pop":0,"kn":"1380"}},{"type":"Polygon","arcs":[[584,585,586,-562]],"properties":{"pop":3,"kn":"1381"}},{"type":"Polygon","arcs":[[-587,587,588,-564]],"properties":{"pop":0,"kn":"1381"}},{"type":"Polygon","arcs":[[-589,589,590,-567]],"properties":{"pop":0,"kn":"1381"}},{"type":"Polygon","arcs":[[-591,591,592,-569]],"properties":{"pop":0,"kn":"1381"}},{"type":"Polygon","arcs":[[593,594,595,-572]],"properties":{"pop":3,"kn":"1381"}},{"type":"Polygon","arcs":[[-596,596,597,598]],"properties":{"pop":0,"kn":"1381"}},{"type":"Polygon","arcs":[[-598,599,600,-576]],"properties":{"pop":0,"kn":"1381"}},{"type":"Polygon","arcs":[[-601,601,602,603]],"properties":{"pop":0,"kn":"1381"}},{"type":"Polygon","arcs":[[-603,604,605,-580]],"properties":{"pop":0,"kn":"1381"}},{"type":"Polygon","arcs":[[606,607,608,-583]],"properties":{"pop":0,"kn":"1380"}},{"type":"Polygon","arcs":[[609,610,611,612]],"properties":{"pop":0,"kn":"1381"}},{"type":"Polygon","arcs":[[613,614,615,616]],"properties":{"pop":0,"kn":"1381"}},{"type":"Polygon","arcs":[[-616,617,618,619]],"properties":{"pop":0,"kn":"1381"}},{"type":"Polygon","arcs":[[-619,620,621,-586]],"properties":{"pop":0,"kn":"1381"}},{"type":"Polygon","arcs":[[-622,622,623,-588]],"properties":{"pop":0,"kn":"1381"}},{"type":"Polygon","arcs":[[-624,624,625,-590]],"properties":{"pop":0,"kn":"1381"}},{"type":"Polygon","arcs":[[-626,626,627,-592]],"properties":{"pop":0,"kn":"1381"}},{"type":"Polygon","arcs":[[628,629,630,631]],"properties":{"pop":0,"kn":"1381"}},{"type":"Polygon","arcs":[[-631,632,633,-595]],"properties":{"pop":0,"kn":"1381"}},{"type":"Polygon","arcs":[[-634,634,635,-597]],"properties":{"pop":0,"kn":"1381"}},{"type":"Polygon","arcs":[[-636,636,637,-600]],"properties":{"pop":0,"kn":"1381"}},{"type":"Polygon","arcs":[[-638,638,639,-602]],"properties":{"pop":0,"kn":"1381"}},{"type":"Polygon","arcs":[[-640,640,-605]],"properties":{"pop":0,"kn":"1381"}},{"type":"Polygon","arcs":[[641,642,643,644]],"properties":{"pop":5,"kn":"1381"}},{"type":"Polygon","arcs":[[645,646,647,-618]],"properties":{"pop":0,"kn":"1381"}},{"type":"Polygon","arcs":[[-648,648,649,-621]],"properties":{"pop":4,"kn":"1381"}},{"type":"Polygon","arcs":[[650,651,652,653]],"properties":{"pop":0,"kn":"1381"}},{"type":"Polygon","arcs":[[654,655,656,-630]],"properties":{"pop":0,"kn":"1381"}},{"type":"Polygon","arcs":[[-657,657,658,-633]],"properties":{"pop":0,"kn":"1381"}},{"type":"Polygon","arcs":[[-659,659,660,-635]],"properties":{"pop":0,"kn":"1381"}},{"type":"Polygon","arcs":[[661,662,663,-639]],"properties":{"pop":0,"kn":"1381"}},{"type":"Polygon","arcs":[[664,665,666]],"properties":{"pop":0,"kn":"1380"}},{"type":"Polygon","arcs":[[667,668,669,670]],"properties":{"pop":0,"kn":"1380"}},{"type":"Polygon","arcs":[[671,672,673,674]],"properties":{"pop":0,"kn":"1381"}},{"type":"Polygon","arcs":[[675,676,677,-643]],"properties":{"pop":0,"kn":"1381"}},{"type":"Polygon","arcs":[[678,679,680,681]],"properties":{"pop":0,"kn":"1381"}},{"type":"Polygon","arcs":[[-681,682,683,-647]],"properties":{"pop":0,"kn":"1381"}},{"type":"Polygon","arcs":[[-684,684,685,-649]],"properties":{"pop":0,"kn":"1381"}},{"type":"Polygon","arcs":[[686,687,688,689]],"properties":{"pop":0,"kn":"1381"}},{"type":"Polygon","arcs":[[-689,690,691,692]],"properties":{"pop":0,"kn":"1381"}},{"type":"Polygon","arcs":[[-692,693,694,695]],"properties":{"pop":0,"kn":"1381"}},{"type":"Polygon","arcs":[[-695,696,697,-652]],"properties":{"pop":0,"kn":"1381"}},{"type":"Polygon","arcs":[[698,699,700,-656]],"properties":{"pop":0,"kn":"1381"}},{"type":"Polygon","arcs":[[-701,701,702,-658]],"properties":{"pop":0,"kn":"1381"}},{"type":"Polygon","arcs":[[703,704,705,706]],"properties":{"pop":0,"kn":"1381"}},{"type":"Polygon","arcs":[[-706,707,708,-663]],"properties":{"pop":0,"kn":"1381"}},{"type":"Polygon","arcs":[[709,710,711,712]],"properties":{"pop":0,"kn":"1381"}},{"type":"Polygon","arcs":[[713,714,715,716]],"properties":{"pop":0,"kn":"1381"}},{"type":"Polygon","arcs":[[-716,717,718,-680]],"properties":{"pop":0,"kn":"1381"}},{"type":"Polygon","arcs":[[-719,719,720,-683]],"properties":{"pop":0,"kn":"1381"}},{"type":"Polygon","arcs":[[721,722,723,724]],"properties":{"pop":0,"kn":"1381"}},{"type":"Polygon","arcs":[[725,726,727,-697]],"properties":{"pop":0,"kn":"1381"}},{"type":"Polygon","arcs":[[-728,728,729,730]],"properties":{"pop":0,"kn":"1381"}},{"type":"Polygon","arcs":[[731,732,733,-702]],"properties":{"pop":0,"kn":"1381"}},{"type":"Polygon","arcs":[[734,735,736,-708]],"properties":{"pop":0,"kn":"1381"}},{"type":"Polygon","arcs":[[737,738,739]],"properties":{"pop":0,"kn":"1380"}},{"type":"Polygon","arcs":[[740,741,742,743]],"properties":{"pop":3,"kn":"1380"}},{"type":"Polygon","arcs":[[744,745,746,747]],"properties":{"pop":0,"kn":"1381"}},{"type":"Polygon","arcs":[[748,749,750,751]],"properties":{"pop":0,"kn":"1381"}},{"type":"Polygon","arcs":[[752,753,754,-715]],"properties":{"pop":0,"kn":"1381"}},{"type":"Polygon","arcs":[[755,756,757,-720]],"properties":{"pop":0,"kn":"1381"}},{"type":"Polygon","arcs":[[758,759,760,-723]],"properties":{"pop":0,"kn":"1381"}},{"type":"Polygon","arcs":[[761,762,763,764]],"properties":{"pop":0,"kn":"1381"}},{"type":"Polygon","arcs":[[-764,765,766,-727]],"properties":{"pop":0,"kn":"1381"}},{"type":"Polygon","arcs":[[-767,767,768,-729]],"properties":{"pop":0,"kn":"1381"}},{"type":"Polygon","arcs":[[-769,769,770,771]],"properties":{"pop":0,"kn":"1381"}},{"type":"Polygon","arcs":[[-771,772,773,-733]],"properties":{"pop":0,"kn":"1381"}},{"type":"Polygon","arcs":[[774,775,-736]],"properties":{"pop":0,"kn":"1381"}},{"type":"Polygon","arcs":[[776,777,778,-738]],"properties":{"pop":0,"kn":"1380"}},{"type":"Polygon","arcs":[[779,780,781,782]],"properties":{"pop":0,"kn":"1380"}},{"type":"Polygon","arcs":[[-782,783,784,-750]],"properties":{"pop":0,"kn":"1381"}},{"type":"Polygon","arcs":[[785,786,787,788]],"properties":{"pop":0,"kn":"1381"}},{"type":"Polygon","arcs":[[-788,789,790,-754]],"properties":{"pop":0,"kn":"1381"}},{"type":"Polygon","arcs":[[-791,791,792,793]],"properties":{"pop":0,"kn":"1381"}},{"type":"Polygon","arcs":[[-793,794,795,-757]],"properties":{"pop":0,"kn":"1381"}},{"type":"Polygon","arcs":[[796,797,798,-760]],"properties":{"pop":0,"kn":"1381"}},{"type":"Polygon","arcs":[[-799,799,800,801]],"properties":{"pop":0,"kn":"1381"}},{"type":"Polygon","arcs":[[802,803,804,-763]],"properties":{"pop":0,"kn":"1381"}},{"type":"Polygon","arcs":[[-805,805,806,-766]],"properties":{"pop":0,"kn":"1381"}},{"type":"Polygon","arcs":[[-807,807,808,-768]],"properties":{"pop":3,"kn":"1381"}},{"type":"Polygon","arcs":[[-809,809,810,-770]],"properties":{"pop":0,"kn":"1381"}},{"type":"Polygon","arcs":[[-811,811,812,-773]],"properties":{"pop":0,"kn":"1381"}},{"type":"Polygon","arcs":[[-813,813,814,815]],"properties":{"pop":0,"kn":"1381"}},{"type":"Polygon","arcs":[[-815,816,817,818]],"properties":{"pop":0,"kn":"1381"}},{"type":"Polygon","arcs":[[819,820,821,-778]],"properties":{"pop":0,"kn":"1380"}},{"type":"Polygon","arcs":[[822,823,824,825]],"properties":{"pop":0,"kn":"1380"}},{"type":"Polygon","arcs":[[826,827,828,-781]],"properties":{"pop":3,"kn":"1380"}},{"type":"Polygon","arcs":[[-829,829,830,-784]],"properties":{"pop":0,"kn":"1380"}},{"type":"Polygon","arcs":[[831,832,833,-787]],"properties":{"pop":0,"kn":"1381"}},{"type":"Polygon","arcs":[[834,835,836,-792]],"properties":{"pop":0,"kn":"1381"}},{"type":"Polygon","arcs":[[-837,837,838,-795]],"properties":{"pop":0,"kn":"1381"}},{"type":"Polygon","arcs":[[-839,839,840,841]],"properties":{"pop":0,"kn":"1381"}},{"type":"Polygon","arcs":[[-841,842,843,-798]],"properties":{"pop":0,"kn":"1381"}},{"type":"Polygon","arcs":[[-844,844,845,-800]],"properties":{"pop":0,"kn":"1381"}},{"type":"Polygon","arcs":[[-846,846,847,848]],"properties":{"pop":3,"kn":"1381"}},{"type":"Polygon","arcs":[[-848,849,850,-804]],"properties":{"pop":0,"kn":"1381"}},{"type":"Polygon","arcs":[[-851,851,852,-806]],"properties":{"pop":0,"kn":"1381"}},{"type":"Polygon","arcs":[[-853,853,854,-808]],"properties":{"pop":0,"kn":"1381"}},{"type":"Polygon","arcs":[[-855,855,856,-810]],"properties":{"pop":0,"kn":"1381"}},{"type":"Polygon","arcs":[[-857,857,858,-812]],"properties":{"pop":0,"kn":"1381"}},{"type":"Polygon","arcs":[[-859,859,860,-814]],"properties":{"pop":0,"kn":"1381"}},{"type":"Polygon","arcs":[[-861,861,-817]],"properties":{"pop":0,"kn":"1381"}},{"type":"Polygon","arcs":[[862,863,864]],"properties":{"pop":0,"kn":"1380"}},{"type":"Polygon","arcs":[[865,866,867,868]],"properties":{"pop":0,"kn":"1380"}},{"type":"Polygon","arcs":[[869,870,871,872]],"properties":{"pop":0,"kn":"1380"}},{"type":"Polygon","arcs":[[873,874,875,-828]],"properties":{"pop":0,"kn":"1380"}},{"type":"Polygon","arcs":[[-876,876,877,-830]],"properties":{"pop":0,"kn":"1380"}},{"type":"Polygon","arcs":[[-878,878,879,880]],"properties":{"pop":0,"kn":"1380"}},{"type":"Polygon","arcs":[[-880,881,882,-833]],"properties":{"pop":0,"kn":"1380"}},{"type":"Polygon","arcs":[[-883,883,884,885]],"properties":{"pop":0,"kn":"1381"}},{"type":"Polygon","arcs":[[-885,886,887,-836]],"properties":{"pop":0,"kn":"1381"}},{"type":"Polygon","arcs":[[888,889,890,-840]],"properties":{"pop":0,"kn":"1381"}},{"type":"Polygon","arcs":[[-891,891,892,-843]],"properties":{"pop":0,"kn":"1381"}},{"type":"Polygon","arcs":[[-893,893,894,-845]],"properties":{"pop":0,"kn":"1381"}},{"type":"Polygon","arcs":[[-895,895,896,-847]],"properties":{"pop":0,"kn":"1381"}},{"type":"Polygon","arcs":[[-897,897,898,-850]],"properties":{"pop":0,"kn":"1381"}},{"type":"Polygon","arcs":[[-899,899,900,-852]],"properties":{"pop":0,"kn":"1381"}},{"type":"Polygon","arcs":[[-901,901,902,-854]],"properties":{"pop":0,"kn":"1381"}},{"type":"Polygon","arcs":[[-903,903,904,-856]],"properties":{"pop":0,"kn":"1381"}},{"type":"Polygon","arcs":[[-905,905,906,-858]],"properties":{"pop":0,"kn":"1381"}},{"type":"Polygon","arcs":[[907,908,909]],"properties":{"pop":3,"kn":"1380"}},{"type":"Polygon","arcs":[[-909,910,911]],"properties":{"pop":0,"kn":"1380"}},{"type":"Polygon","arcs":[[912,913,914]],"properties":{"pop":0,"kn":"1380"}},{"type":"Polygon","arcs":[[915,916]],"properties":{"pop":0,"kn":"1380"}},{"type":"Polygon","arcs":[[917,918,919,920]],"properties":{"pop":0,"kn":"1380"}},{"type":"Polygon","arcs":[[-920,921,922,923]],"properties":{"pop":0,"kn":"1380"}},{"type":"Polygon","arcs":[[924,925,926,-875]],"properties":{"pop":0,"kn":"1380"}},{"type":"Polygon","arcs":[[927,928,929,-879]],"properties":{"pop":0,"kn":"1380"}},{"type":"Polygon","arcs":[[930,931,932,-887]],"properties":{"pop":0,"kn":"1381"}},{"type":"Polygon","arcs":[[-933,933,934,935]],"properties":{"pop":0,"kn":"1381"}},{"type":"Polygon","arcs":[[-935,936,937,-890]],"properties":{"pop":0,"kn":"1381"}},{"type":"Polygon","arcs":[[-938,938,939,-892]],"properties":{"pop":0,"kn":"1381"}},{"type":"Polygon","arcs":[[-940,940,941,-894]],"properties":{"pop":0,"kn":"1381"}},{"type":"Polygon","arcs":[[-942,942,943,-896]],"properties":{"pop":0,"kn":"1381"}},{"type":"Polygon","arcs":[[-944,944,945,-898]],"properties":{"pop":0,"kn":"1381"}},{"type":"Polygon","arcs":[[-946,946,947,-900]],"properties":{"pop":0,"kn":"1381"}},{"type":"Polygon","arcs":[[-948,948,949,-902]],"properties":{"pop":0,"kn":"1381"}},{"type":"Polygon","arcs":[[-950,950,951,-904]],"properties":{"pop":0,"kn":"1381"}},{"type":"Polygon","arcs":[[-952,952,953,-906]],"properties":{"pop":0,"kn":"1381"}},{"type":"Polygon","arcs":[[-954,954,955,956]],"properties":{"pop":0,"kn":"1381"}},{"type":"Polygon","arcs":[[957,958,959]],"properties":{"pop":0,"kn":"1380"}},{"type":"Polygon","arcs":[[-959,960,961,-916]],"properties":{"pop":0,"kn":"1380"}},{"type":"Polygon","arcs":[[962,963,964,-919]],"properties":{"pop":0,"kn":"1380"}},{"type":"Polygon","arcs":[[-965,965,966,-922]],"properties":{"pop":0,"kn":"1380"}},{"type":"Polygon","arcs":[[-967,967,968,969]],"properties":{"pop":0,"kn":"1380"}},{"type":"Polygon","arcs":[[970,971,972,973]],"properties":{"pop":0,"kn":"1380"}},{"type":"Polygon","arcs":[[-973,974,975,976]],"properties":{"pop":0,"kn":"1380"}},{"type":"Polygon","arcs":[[-976,977,978,-926]],"properties":{"pop":0,"kn":"1380"}},{"type":"Polygon","arcs":[[-979,979,980,981]],"properties":{"pop":0,"kn":"1380"}},{"type":"Polygon","arcs":[[-981,982,983,-929]],"properties":{"pop":0,"kn":"1380"}},{"type":"Polygon","arcs":[[984,985,986,987]],"properties":{"pop":0,"kn":"1380"}},{"type":"Polygon","arcs":[[-987,988,989,-932]],"properties":{"pop":0,"kn":"1380"}},{"type":"Polygon","arcs":[[990,991,992,-937]],"properties":{"pop":0,"kn":"1381"}},{"type":"Polygon","arcs":[[-993,993,994,-939]],"properties":{"pop":0,"kn":"1381"}},{"type":"Polygon","arcs":[[-995,995,996,-941]],"properties":{"pop":0,"kn":"1381"}},{"type":"Polygon","arcs":[[-997,997,998,-943]],"properties":{"pop":0,"kn":"1381"}},{"type":"Polygon","arcs":[[-999,999,1000,-945]],"properties":{"pop":0,"kn":"1381"}},{"type":"Polygon","arcs":[[-1001,1001,1002,-947]],"properties":{"pop":0,"kn":"1381"}},{"type":"Polygon","arcs":[[-1003,1003,1004,-949]],"properties":{"pop":0,"kn":"1381"}},{"type":"Polygon","arcs":[[-1005,1005,1006,-951]],"properties":{"pop":0,"kn":"1381"}},{"type":"Polygon","arcs":[[-1007,1007,1008,-953]],"properties":{"pop":0,"kn":"1381"}},{"type":"Polygon","arcs":[[-1009,1009,1010,-955]],"properties":{"pop":0,"kn":"1381"}},{"type":"Polygon","arcs":[[1011,1012,1013,1014]],"properties":{"pop":0,"kn":"1380"}},{"type":"Polygon","arcs":[[1015,1016,1017,-958]],"properties":{"pop":0,"kn":"1380"}},{"type":"Polygon","arcs":[[1018,1019,1020,-975]],"properties":{"pop":0,"kn":"1380"}},{"type":"Polygon","arcs":[[-1021,1021,1022,-978]],"properties":{"pop":0,"kn":"1380"}},{"type":"Polygon","arcs":[[-1023,1023,1024,-980]],"properties":{"pop":0,"kn":"1380"}},{"type":"Polygon","arcs":[[-1025,1025,1026,-983]],"properties":{"pop":0,"kn":"1380"}},{"type":"Polygon","arcs":[[-1027,1027,1028,1029]],"properties":{"pop":0,"kn":"1380"}},{"type":"Polygon","arcs":[[-1029,1030,1031,-986]],"properties":{"pop":0,"kn":"1380"}},{"type":"Polygon","arcs":[[-1032,1032,1033,-989]],"properties":{"pop":0,"kn":"1380"}},{"type":"Polygon","arcs":[[-1034,1034,1035,1036]],"properties":{"pop":0,"kn":"1381"}},{"type":"Polygon","arcs":[[-1036,1037,1038,-992]],"properties":{"pop":0,"kn":"1381"}},{"type":"Polygon","arcs":[[-1039,1039,1040,-994]],"properties":{"pop":0,"kn":"1381"}},{"type":"Polygon","arcs":[[-1041,1041,1042,-996]],"properties":{"pop":0,"kn":"1381"}},{"type":"Polygon","arcs":[[-1043,1043,1044,-998]],"properties":{"pop":0,"kn":"1381"}},{"type":"Polygon","arcs":[[-1045,1045,1046,-1000]],"properties":{"pop":0,"kn":"1381"}},{"type":"Polygon","arcs":[[-1047,1047,1048,-1002]],"properties":{"pop":0,"kn":"1381"}},{"type":"Polygon","arcs":[[-1049,1049,1050,-1004]],"properties":{"pop":0,"kn":"1381"}},{"type":"Polygon","arcs":[[-1051,1051,1052,-1006]],"properties":{"pop":0,"kn":"1381"}},{"type":"Polygon","arcs":[[-1053,1053,1054,-1008]],"properties":{"pop":0,"kn":"1381"}},{"type":"Polygon","arcs":[[-1055,1055,-1010]],"properties":{"pop":0,"kn":"1381"}},{"type":"Polygon","arcs":[[1056,1057,1058,1059]],"properties":{"pop":0,"kn":"1380"}},{"type":"Polygon","arcs":[[-1059,1060,1061,-1020]],"properties":{"pop":0,"kn":"1380"}},{"type":"Polygon","arcs":[[-1062,1062,1063,-1022]],"properties":{"pop":0,"kn":"1380"}},{"type":"Polygon","arcs":[[-1064,1064,1065,-1024]],"properties":{"pop":3,"kn":"1380"}},{"type":"Polygon","arcs":[[1066,1067,1068,-1028]],"properties":{"pop":0,"kn":"1380"}},{"type":"Polygon","arcs":[[1069,1070,1071,-1033]],"properties":{"pop":0,"kn":"1381"}},{"type":"Polygon","arcs":[[-1072,1072,1073,-1035]],"properties":{"pop":0,"kn":"1381"}},{"type":"Polygon","arcs":[[-1074,1074,1075,-1038]],"properties":{"pop":0,"kn":"1381"}},{"type":"Polygon","arcs":[[-1076,1076,1077,-1040]],"properties":{"pop":0,"kn":"1381"}},{"type":"Polygon","arcs":[[-1078,1078,1079,-1042]],"properties":{"pop":0,"kn":"1381"}},{"type":"Polygon","arcs":[[-1080,1080,1081,-1044]],"properties":{"pop":0,"kn":"1381"}},{"type":"Polygon","arcs":[[-1082,1082,1083,-1046]],"properties":{"pop":0,"kn":"1381"}},{"type":"Polygon","arcs":[[-1084,1084,1085,-1048]],"properties":{"pop":0,"kn":"1381"}},{"type":"Polygon","arcs":[[-1086,1086,1087,-1050]],"properties":{"pop":0,"kn":"1381"}},{"type":"Polygon","arcs":[[-1088,1088,1089,-1052]],"properties":{"pop":0,"kn":"1381"}},{"type":"Polygon","arcs":[[-1090,1090,-1054]],"properties":{"pop":0,"kn":"1381"}},{"type":"Polygon","arcs":[[1091,1092,1093]],"properties":{"pop":0,"kn":"1380"}},{"type":"Polygon","arcs":[[1094,1095,1096,1097]],"properties":{"pop":0,"kn":"1380"}},{"type":"Polygon","arcs":[[1098,1099,1100,-1058]],"properties":{"pop":5,"kn":"1380"}},{"type":"Polygon","arcs":[[-1101,1101,1102,-1061]],"properties":{"pop":0,"kn":"1380"}},{"type":"Polygon","arcs":[[-1103,1103,1104,-1063]],"properties":{"pop":3,"kn":"1380"}},{"type":"Polygon","arcs":[[-1105,1105,1106,-1065]],"properties":{"pop":0,"kn":"1380"}},{"type":"Polygon","arcs":[[-1107,1107,1108,1109]],"properties":{"pop":3,"kn":"1380"}},{"type":"Polygon","arcs":[[-1109,1110,1111,-1068]],"properties":{"pop":0,"kn":"1380"}},{"type":"Polygon","arcs":[[-1112,1112,1113,1114]],"properties":{"pop":0,"kn":"1380"}},{"type":"Polygon","arcs":[[-1114,1115,1116,-1071]],"properties":{"pop":0,"kn":"1380"}},{"type":"Polygon","arcs":[[-1117,1117,1118,-1073]],"properties":{"pop":0,"kn":"1380"}},{"type":"Polygon","arcs":[[-1119,1119,1120,-1075]],"properties":{"pop":0,"kn":"1380"}},{"type":"Polygon","arcs":[[-1121,1121,1122,-1077]],"properties":{"pop":0,"kn":"1380"}},{"type":"Polygon","arcs":[[-1123,1123,1124,-1079]],"properties":{"pop":0,"kn":"1380"}},{"type":"Polygon","arcs":[[-1125,1125,1126,-1081]],"properties":{"pop":0,"kn":"1380"}},{"type":"Polygon","arcs":[[-1127,1127,1128,-1083]],"properties":{"pop":0,"kn":"1380"}},{"type":"Polygon","arcs":[[-1129,1129,1130,-1085]],"properties":{"pop":0,"kn":"1381"}},{"type":"Polygon","arcs":[[-1131,1131,1132,-1087]],"properties":{"pop":0,"kn":"1381"}},{"type":"Polygon","arcs":[[-1133,1133,-1089]],"properties":{"pop":0,"kn":"1381"}},{"type":"Polygon","arcs":[[1134,1135,1136]],"properties":{"pop":0,"kn":"1380"}},{"type":"Polygon","arcs":[[-1136,1137,1138,1139]],"properties":{"pop":0,"kn":"1380"}},{"type":"Polygon","arcs":[[1140,1141,1142,1143]],"properties":{"pop":0,"kn":"1380"}},{"type":"Polygon","arcs":[[-1143,1144,1145,1146]],"properties":{"pop":0,"kn":"1380"}},{"type":"Polygon","arcs":[[1147,1148,1149,-1102]],"properties":{"pop":0,"kn":"1380"}},{"type":"Polygon","arcs":[[-1150,1150,1151,-1104]],"properties":{"pop":0,"kn":"1380"}},{"type":"Polygon","arcs":[[-1152,1152,1153,-1106]],"properties":{"pop":0,"kn":"1380"}},{"type":"Polygon","arcs":[[-1154,1154,1155,-1108]],"properties":{"pop":0,"kn":"1380"}},{"type":"Polygon","arcs":[[1156,1157,1158,-1113]],"properties":{"pop":0,"kn":"1380"}},{"type":"Polygon","arcs":[[-1159,1159,1160,-1116]],"properties":{"pop":0,"kn":"1380"}},{"type":"Polygon","arcs":[[-1161,1161,1162,-1118]],"properties":{"pop":0,"kn":"1380"}},{"type":"Polygon","arcs":[[1163,1164,1165,-1122]],"properties":{"pop":0,"kn":"1380"}},{"type":"Polygon","arcs":[[-1166,1166,1167,-1124]],"properties":{"pop":0,"kn":"1380"}},{"type":"Polygon","arcs":[[-1168,1168,1169,-1126]],"properties":{"pop":0,"kn":"1380"}},{"type":"Polygon","arcs":[[-1170,1170,1171,-1128]],"properties":{"pop":0,"kn":"1380"}},{"type":"Polygon","arcs":[[-1172,1172,1173,-1130]],"properties":{"pop":0,"kn":"1380"}},{"type":"Polygon","arcs":[[-1174,1174,1175,-1132]],"properties":{"pop":0,"kn":"1380"}},{"type":"Polygon","arcs":[[1176,1177,-1135]],"properties":{"pop":0,"kn":"1380"}},{"type":"Polygon","arcs":[[1178,1179,1180,1181]],"properties":{"pop":0,"kn":"1380"}},{"type":"Polygon","arcs":[[1182,1183,1184,-1149]],"properties":{"pop":0,"kn":"1380"}},{"type":"Polygon","arcs":[[-1185,1185,1186,-1151]],"properties":{"pop":0,"kn":"1380"}},{"type":"Polygon","arcs":[[-1187,1187,1188,-1153]],"properties":{"pop":0,"kn":"1380"}},{"type":"Polygon","arcs":[[-1189,1189,1190,-1155]],"properties":{"pop":0,"kn":"1380"}},{"type":"Polygon","arcs":[[-1191,1191,1192,1193]],"properties":{"pop":0,"kn":"1380"}},{"type":"Polygon","arcs":[[-1193,1194,1195,-1158]],"properties":{"pop":0,"kn":"1380"}},{"type":"Polygon","arcs":[[-1196,1196,1197,-1160]],"properties":{"pop":0,"kn":"1380"}},{"type":"Polygon","arcs":[[1198,1199,1200,-1165]],"properties":{"pop":3,"kn":"1380"}},{"type":"Polygon","arcs":[[-1201,1201,1202,-1167]],"properties":{"pop":0,"kn":"1380"}},{"type":"Polygon","arcs":[[-1203,1203,1204,-1169]],"properties":{"pop":0,"kn":"1380"}},{"type":"Polygon","arcs":[[-1205,1205,1206,-1171]],"properties":{"pop":0,"kn":"1380"}},{"type":"Polygon","arcs":[[-1207,1207,1208,-1173]],"properties":{"pop":0,"kn":"1380"}},{"type":"Polygon","arcs":[[-1209,1209,1210,-1175]],"properties":{"pop":0,"kn":"1380"}},{"type":"Polygon","arcs":[[1211,1212,1213,-1180]],"properties":{"pop":0,"kn":"1380"}},{"type":"Polygon","arcs":[[1214,1215,1216,1217]],"properties":{"pop":0,"kn":"1380"}},{"type":"Polygon","arcs":[[-1217,1218,1219,1220]],"properties":{"pop":0,"kn":"1380"}},{"type":"Polygon","arcs":[[1221,1222,1223,1224]],"properties":{"pop":0,"kn":"1380"}},{"type":"Polygon","arcs":[[-1224,1225,1226,1227]],"properties":{"pop":0,"kn":"1380"}},{"type":"Polygon","arcs":[[1228,1229,1230,1231]],"properties":{"pop":0,"kn":"1380"}},{"type":"Polygon","arcs":[[-1231,1232,1233,-1200]],"properties":{"pop":0,"kn":"1380"}},{"type":"Polygon","arcs":[[1234,1235,1236,-1206]],"properties":{"pop":0,"kn":"1380"}},{"type":"Polygon","arcs":[[-1237,1237,1238,-1208]],"properties":{"pop":0,"kn":"1380"}},{"type":"Polygon","arcs":[[-1239,1239,1240,-1210]],"properties":{"pop":0,"kn":"1380"}},{"type":"Polygon","arcs":[[1241,1242,1243]],"properties":{"pop":0,"kn":"1380"}},{"type":"Polygon","arcs":[[1244,1245,1246,1247]],"properties":{"pop":0,"kn":"1380"}},{"type":"Polygon","arcs":[[1248,1249,1250,-1216]],"properties":{"pop":0,"kn":"1380"}},{"type":"Polygon","arcs":[[1251,1252,1253,1254]],"properties":{"pop":0,"kn":"1380"}},{"type":"Polygon","arcs":[[1255,1256,1257,1258]],"properties":{"pop":0,"kn":"1380"}},{"type":"Polygon","arcs":[[-1258,1259,1260,1261]],"properties":{"pop":0,"kn":"1380"}},{"type":"Polygon","arcs":[[1262,1263,1264,1265]],"properties":{"pop":0,"kn":"1380"}},{"type":"Polygon","arcs":[[-1265,1266,1267,-1223]],"properties":{"pop":0,"kn":"1380"}},{"type":"Polygon","arcs":[[-1268,1268,1269,-1226]],"properties":{"pop":0,"kn":"1380"}},{"type":"Polygon","arcs":[[1270,1271,1272,1273]],"properties":{"pop":0,"kn":"1380"}},{"type":"Polygon","arcs":[[-1273,1274,1275,1276]],"properties":{"pop":0,"kn":"1380"}},{"type":"Polygon","arcs":[[1277,1278,1279,1280]],"properties":{"pop":0,"kn":"1380"}},{"type":"Polygon","arcs":[[1281,1282,1283,-1230]],"properties":{"pop":0,"kn":"1380"}},{"type":"Polygon","arcs":[[-1284,1284,1285,-1233]],"properties":{"pop":0,"kn":"1380"}},{"type":"Polygon","arcs":[[1286,1287,1288,1289]],"properties":{"pop":0,"kn":"1380"}},{"type":"Polygon","arcs":[[-1289,1290,1291,-1236]],"properties":{"pop":0,"kn":"1380"}},{"type":"Polygon","arcs":[[1292,1293,1294,-1240]],"properties":{"pop":3,"kn":"1380"}},{"type":"Polygon","arcs":[[1295,1296,1297,1298]],"properties":{"pop":0,"kn":"1380"}},{"type":"Polygon","arcs":[[-1298,1299,1300,-1253]],"properties":{"pop":0,"kn":"1380"}},{"type":"Polygon","arcs":[[1301,1302,1303,1304]],"properties":{"pop":0,"kn":"1380"}},{"type":"Polygon","arcs":[[-1304,1305,1306,-1264]],"properties":{"pop":0,"kn":"1380"}},{"type":"Polygon","arcs":[[-1307,1307,1308,-1267]],"properties":{"pop":0,"kn":"1380"}},{"type":"Polygon","arcs":[[-1309,1309,1310,-1269]],"properties":{"pop":0,"kn":"1380"}},{"type":"Polygon","arcs":[[-1311,1311,1312,1313]],"properties":{"pop":0,"kn":"1380"}},{"type":"Polygon","arcs":[[-1313,1314,1315,-1272]],"properties":{"pop":0,"kn":"1380"}},{"type":"Polygon","arcs":[[1316,1317,1318,1319]],"properties":{"pop":0,"kn":"1380"}},{"type":"Polygon","arcs":[[-1319,1320,1321,1322]],"properties":{"pop":0,"kn":"1380"}},{"type":"Polygon","arcs":[[-1322,1323,1324,-1283]],"properties":{"pop":0,"kn":"1380"}},{"type":"Polygon","arcs":[[-1325,1325,1326,-1285]],"properties":{"pop":0,"kn":"1380"}},{"type":"Polygon","arcs":[[-1327,1327,1328,1329]],"properties":{"pop":0,"kn":"1380"}},{"type":"Polygon","arcs":[[-1329,1330,1331,-1288]],"properties":{"pop":0,"kn":"1380"}},{"type":"Polygon","arcs":[[-1332,1332,1333,-1291]],"properties":{"pop":0,"kn":"1380"}},{"type":"Polygon","arcs":[[-1334,1334,1335,1336]],"properties":{"pop":0,"kn":"1380"}},{"type":"Polygon","arcs":[[-1336,1337,1338,-1294]],"properties":{"pop":0,"kn":"1380"}},{"type":"Polygon","arcs":[[1339,1340,1341,1342]],"properties":{"pop":4,"kn":"1380"}},{"type":"Polygon","arcs":[[1343,1344,1345,1346]],"properties":{"pop":0,"kn":"1380"}},{"type":"Polygon","arcs":[[-1346,1347,1348,1349]],"properties":{"pop":0,"kn":"1380"}},{"type":"Polygon","arcs":[[-1349,1350,1351,1352]],"properties":{"pop":0,"kn":"1380"}},{"type":"Polygon","arcs":[[1353,1354,1355,1356]],"properties":{"pop":0,"kn":"1380"}},{"type":"Polygon","arcs":[[1357,1358,1359,-1303]],"properties":{"pop":0,"kn":"1380"}},{"type":"Polygon","arcs":[[-1360,1360,1361,-1306]],"properties":{"pop":0,"kn":"1380"}},{"type":"Polygon","arcs":[[-1362,1362,1363,-1308]],"properties":{"pop":0,"kn":"1380"}},{"type":"Polygon","arcs":[[-1364,1364,1365,-1310]],"properties":{"pop":0,"kn":"1380"}},{"type":"Polygon","arcs":[[-1366,1366,1367,-1312]],"properties":{"pop":0,"kn":"1380"}},{"type":"Polygon","arcs":[[1368,1369,1370,1371]],"properties":{"pop":0,"kn":"1380"}},{"type":"Polygon","arcs":[[-1371,1372,1373,1374]],"properties":{"pop":0,"kn":"1380"}},{"type":"Polygon","arcs":[[1375,1376,1377,-1321]],"properties":{"pop":0,"kn":"1380"}},{"type":"Polygon","arcs":[[-1378,1378,1379,-1324]],"properties":{"pop":0,"kn":"1380"}},{"type":"Polygon","arcs":[[-1380,1380,1381,-1326]],"properties":{"pop":0,"kn":"1380"}},{"type":"Polygon","arcs":[[-1382,1382,1383,-1328]],"properties":{"pop":0,"kn":"1380"}},{"type":"Polygon","arcs":[[1384,1385,1386,-1333]],"properties":{"pop":0,"kn":"1380"}},{"type":"Polygon","arcs":[[1387,1388,1389,-1338]],"properties":{"pop":0,"kn":"1380"}},{"type":"Polygon","arcs":[[1390,1391,1392]],"properties":{"pop":0,"kn":"1380"}},{"type":"Polygon","arcs":[[1393,1394,1395,-1351]],"properties":{"pop":0,"kn":"1380"}},{"type":"Polygon","arcs":[[-1396,1396,1397,1398]],"properties":{"pop":6,"kn":"1380"}},{"type":"Polygon","arcs":[[1399,1400,1401,-1365]],"properties":{"pop":3,"kn":"1380"}},{"type":"Polygon","arcs":[[-1402,1402,1403,-1367]],"properties":{"pop":0,"kn":"1380"}},{"type":"Polygon","arcs":[[-1404,1404,1405,1406]],"properties":{"pop":0,"kn":"1380"}},{"type":"Polygon","arcs":[[1407,1408,1409,1410]],"properties":{"pop":0,"kn":"1380"}},{"type":"Polygon","arcs":[[1411,1412,1413,-1377]],"properties":{"pop":0,"kn":"1380"}},{"type":"Polygon","arcs":[[-1414,1414,1415,-1379]],"properties":{"pop":0,"kn":"1380"}},{"type":"Polygon","arcs":[[-1416,1416,1417,-1381]],"properties":{"pop":0,"kn":"1380"}},{"type":"Polygon","arcs":[[-1418,1418,1419,-1383]],"properties":{"pop":0,"kn":"1380"}},{"type":"Polygon","arcs":[[-1420,1420,1421,1422]],"properties":{"pop":0,"kn":"1380"}},{"type":"Polygon","arcs":[[-1422,1423,1424,-1386]],"properties":{"pop":0,"kn":"1380"}},{"type":"Polygon","arcs":[[-1425,1425,1426,1427]],"properties":{"pop":0,"kn":"1380"}},{"type":"Polygon","arcs":[[-1427,1428,1429,-1389]],"properties":{"pop":0,"kn":"1380"}},{"type":"Polygon","arcs":[[1430,1431,1432,-1391]],"properties":{"pop":0,"kn":"1380"}},{"type":"Polygon","arcs":[[1433,1434,1435,-1395]],"properties":{"pop":0,"kn":"1380"}},{"type":"Polygon","arcs":[[-1436,1436,1437,-1397]],"properties":{"pop":0,"kn":"1380"}},{"type":"Polygon","arcs":[[1438,1439,1440,-1401]],"properties":{"pop":0,"kn":"1380"}},{"type":"Polygon","arcs":[[-1441,1441,1442,-1403]],"properties":{"pop":0,"kn":"1380"}},{"type":"Polygon","arcs":[[1443,1444,1445,1446]],"properties":{"pop":3,"kn":"1380"}},{"type":"Polygon","arcs":[[-1446,1447,1448,-1409]],"properties":{"pop":0,"kn":"1380"}},{"type":"Polygon","arcs":[[1449,1450,1451,-1415]],"properties":{"pop":0,"kn":"1380"}},{"type":"Polygon","arcs":[[-1452,1452,1453,-1417]],"properties":{"pop":0,"kn":"1380"}},{"type":"Polygon","arcs":[[-1454,1454,1455,-1419]],"properties":{"pop":0,"kn":"1380"}},{"type":"Polygon","arcs":[[-1456,1456,1457,-1421]],"properties":{"pop":0,"kn":"1380"}},{"type":"Polygon","arcs":[[-1458,1458,1459,-1424]],"properties":{"pop":0,"kn":"1380"}},{"type":"Polygon","arcs":[[-1460,1460,1461,-1426]],"properties":{"pop":0,"kn":"1380"}},{"type":"Polygon","arcs":[[-1462,1462,1463,-1429]],"properties":{"pop":0,"kn":"1380"}},{"type":"Polygon","arcs":[[1464,1465,1466,-1432]],"properties":{"pop":0,"kn":"1380"}},{"type":"Polygon","arcs":[[1467,1468,1469,1470]],"properties":{"pop":0,"kn":"1380"}},{"type":"Polygon","arcs":[[-1470,1471,1472,1473]],"properties":{"pop":0,"kn":"1380"}},{"type":"Polygon","arcs":[[1474,1475,1476,1477]],"properties":{"pop":0,"kn":"1380"}},{"type":"Polygon","arcs":[[-1477,1478,1479,1480]],"properties":{"pop":0,"kn":"1380"}},{"type":"Polygon","arcs":[[-1480,1481,1482,1483]],"properties":{"pop":0,"kn":"1380"}},{"type":"Polygon","arcs":[[1484,1485,1486,-1440]],"properties":{"pop":0,"kn":"1380"}},{"type":"Polygon","arcs":[[-1487,1487,1488,-1442]],"properties":{"pop":0,"kn":"1380"}},{"type":"Polygon","arcs":[[-1489,1489,1490,1491]],"properties":{"pop":0,"kn":"1380"}},{"type":"Polygon","arcs":[[1492,1493,1494,-1448]],"properties":{"pop":0,"kn":"1380"}},{"type":"Polygon","arcs":[[-1495,1495,1496,1497]],"properties":{"pop":4,"kn":"1380"}},{"type":"Polygon","arcs":[[1498,1499,1500,1501]],"properties":{"pop":0,"kn":"1380"}},{"type":"Polygon","arcs":[[1502,1503,1504,-1455]],"properties":{"pop":0,"kn":"1380"}},{"type":"Polygon","arcs":[[-1505,1505,1506,-1457]],"properties":{"pop":0,"kn":"1380"}},{"type":"Polygon","arcs":[[-1507,1507,1508,-1459]],"properties":{"pop":5,"kn":"1380"}},{"type":"Polygon","arcs":[[-1509,1509,1510,-1461]],"properties":{"pop":0,"kn":"1380"}},{"type":"Polygon","arcs":[[-1511,1511,1512,-1463]],"properties":{"pop":0,"kn":"1380"}},{"type":"Polygon","arcs":[[1513,1514,1515,-1466]],"properties":{"pop":0,"kn":"1380"}},{"type":"Polygon","arcs":[[1516,1517,1518,1519]],"properties":{"pop":0,"kn":"1380"}},{"type":"Polygon","arcs":[[1520,1521,1522,1523]],"properties":{"pop":4,"kn":"1380"}},{"type":"Polygon","arcs":[[-1523,1524,1525,1526]],"properties":{"pop":0,"kn":"1380"}},{"type":"Polygon","arcs":[[-1526,1527,1528,-1476]],"properties":{"pop":0,"kn":"1380"}},{"type":"Polygon","arcs":[[-1529,1529,1530,-1479]],"properties":{"pop":0,"kn":"1380"}},{"type":"Polygon","arcs":[[-1531,1531,1532,-1482]],"properties":{"pop":0,"kn":"1380"}},{"type":"Polygon","arcs":[[1533,1534,1535,-1488]],"properties":{"pop":0,"kn":"1380"}},{"type":"Polygon","arcs":[[1536,1537,1538,1539]],"properties":{"pop":0,"kn":"1380"}},{"type":"Polygon","arcs":[[-1539,1540,1541,-1494]],"properties":{"pop":0,"kn":"1380"}},{"type":"Polygon","arcs":[[1542,1543,1544,1545]],"properties":{"pop":0,"kn":"1380"}},{"type":"Polygon","arcs":[[1546,1547,1548,1549]],"properties":{"pop":0,"kn":"1380"}},{"type":"Polygon","arcs":[[-1549,1550,1551,1552]],"properties":{"pop":0,"kn":"1380"}},{"type":"Polygon","arcs":[[1553,1554,1555,1556]],"properties":{"pop":0,"kn":"1380"}},{"type":"Polygon","arcs":[[1557,1558,1559,1560]],"properties":{"pop":0,"kn":"1380"}},{"type":"Polygon","arcs":[[1561,1562,1563,-1510]],"properties":{"pop":0,"kn":"1380"}},{"type":"Polygon","arcs":[[-1564,1564,1565,-1512]],"properties":{"pop":0,"kn":"1380"}},{"type":"Polygon","arcs":[[1566,1567,1568,1569]],"properties":{"pop":4,"kn":"1380"}},{"type":"Polygon","arcs":[[1570,1571,1572,-1528]],"properties":{"pop":0,"kn":"1380"}},{"type":"Polygon","arcs":[[-1573,1573,1574,-1530]],"properties":{"pop":0,"kn":"1380"}},{"type":"Polygon","arcs":[[-1575,1575,1576,-1532]],"properties":{"pop":0,"kn":"1380"}},{"type":"Polygon","arcs":[[1577,1578,1579,1580]],"properties":{"pop":0,"kn":"1380"}},{"type":"Polygon","arcs":[[1581,1582,1583,-1535]],"properties":{"pop":0,"kn":"1380"}},{"type":"Polygon","arcs":[[-1584,1584,1585,1586]],"properties":{"pop":0,"kn":"1380"}},{"type":"Polygon","arcs":[[1587,1588,1589,-1541]],"properties":{"pop":0,"kn":"1380"}},{"type":"Polygon","arcs":[[-1590,1590,1591,1592]],"properties":{"pop":0,"kn":"1380"}},{"type":"Polygon","arcs":[[-1592,1593,1594,-1544]],"properties":{"pop":0,"kn":"1380"}},{"type":"Polygon","arcs":[[-1595,1595,1596,1597]],"properties":{"pop":0,"kn":"1380"}},{"type":"Polygon","arcs":[[-1597,1598,1599,-1548]],"properties":{"pop":0,"kn":"1380"}},{"type":"Polygon","arcs":[[1600,1601,1602,1603]],"properties":{"pop":6,"kn":"1380"}},{"type":"Polygon","arcs":[[1604,1605,1606,-1565]],"properties":{"pop":0,"kn":"1380"}},{"type":"Polygon","arcs":[[1607,1608,1609,1610]],"properties":{"pop":0,"kn":"1380"}},{"type":"Polygon","arcs":[[1611,1612,1613,1614]],"properties":{"pop":0,"kn":"1380"}},{"type":"Polygon","arcs":[[1615,1616,1617,-1572]],"properties":{"pop":0,"kn":"1380"}},{"type":"Polygon","arcs":[[-1618,1618,1619,-1574]],"properties":{"pop":0,"kn":"1380"}},{"type":"Polygon","arcs":[[-1620,1620,1621,-1576]],"properties":{"pop":0,"kn":"1380"}},{"type":"Polygon","arcs":[[-1622,1622,1623,1624]],"properties":{"pop":0,"kn":"1380"}},{"type":"Polygon","arcs":[[1625,1626,1627,-1583]],"properties":{"pop":0,"kn":"1380"}},{"type":"Polygon","arcs":[[-1628,1628,1629,-1585]],"properties":{"pop":0,"kn":"1380"}},{"type":"Polygon","arcs":[[1630,1631,1632,-1589]],"properties":{"pop":0,"kn":"1380"}},{"type":"Polygon","arcs":[[-1633,1633,1634,-1591]],"properties":{"pop":0,"kn":"1380"}},{"type":"Polygon","arcs":[[-1635,1635,1636,-1594]],"properties":{"pop":0,"kn":"1380"}},{"type":"Polygon","arcs":[[-1637,1637,1638,-1596]],"properties":{"pop":0,"kn":"1380"}},{"type":"Polygon","arcs":[[1639,1640,1641,1642]],"properties":{"pop":0,"kn":"1380"}},{"type":"Polygon","arcs":[[1643,1644,1645,1646]],"properties":{"pop":0,"kn":"1380"}},{"type":"Polygon","arcs":[[1647,1648,1649,1650]],"properties":{"pop":0,"kn":"1380"}},{"type":"Polygon","arcs":[[1651,1652,1653,1654]],"properties":{"pop":3,"kn":"1380"}},{"type":"Polygon","arcs":[[1655,1656,1657,1658]],"properties":{"pop":3,"kn":"1380"}},{"type":"Polygon","arcs":[[1659,1660,1661,-1613]],"properties":{"pop":0,"kn":"1380"}},{"type":"Polygon","arcs":[[-1662,1662,1663,1664]],"properties":{"pop":0,"kn":"1380"}},{"type":"Polygon","arcs":[[-1664,1665,1666,-1617]],"properties":{"pop":0,"kn":"1380"}},{"type":"Polygon","arcs":[[-1667,1667,1668,-1619]],"properties":{"pop":0,"kn":"1380"}},{"type":"Polygon","arcs":[[-1669,1669,1670,-1621]],"properties":{"pop":0,"kn":"1380"}},{"type":"Polygon","arcs":[[-1671,1671,1672,-1623]],"properties":{"pop":0,"kn":"1380"}},{"type":"Polygon","arcs":[[1673,1674,1675,-1629]],"properties":{"pop":3,"kn":"1380"}},{"type":"Polygon","arcs":[[-1676,1676,1677,1678]],"properties":{"pop":0,"kn":"1380"}},{"type":"Polygon","arcs":[[1679,1680,1681,-1634]],"properties":{"pop":0,"kn":"1380"}},{"type":"Polygon","arcs":[[-1682,1682,1683,-1636]],"properties":{"pop":0,"kn":"1380"}},{"type":"Polygon","arcs":[[1684,1685,1686,1687]],"properties":{"pop":3,"kn":"1380"}},{"type":"Polygon","arcs":[[-1687,1688,1689,-1641]],"properties":{"pop":0,"kn":"1380"}},{"type":"Polygon","arcs":[[-1690,1690,1691,1692]],"properties":{"pop":0,"kn":"1380"}},{"type":"Polygon","arcs":[[1693,1694,1695,1696]],"properties":{"pop":0,"kn":"1380"}},{"type":"Polygon","arcs":[[1697,1698,1699,1700]],"properties":{"pop":0,"kn":"1380"}},{"type":"Polygon","arcs":[[-1700,1701,1702,1703]],"properties":{"pop":0,"kn":"1380"}},{"type":"Polygon","arcs":[[-1703,1704,1705]],"properties":{"pop":0,"kn":"1380"}},{"type":"Polygon","arcs":[[1706,1707,1708]],"properties":{"pop":0,"kn":"1382"}},{"type":"Polygon","arcs":[[1709,1710,1711,1712]],"properties":{"pop":0,"kn":"1382"}},{"type":"Polygon","arcs":[[-1712,1713,1714,1715]],"properties":{"pop":3,"kn":"1380"}},{"type":"Polygon","arcs":[[-1715,1716,1717,-1657]],"properties":{"pop":4,"kn":"1380"}},{"type":"Polygon","arcs":[[1718,1719,1720,1721]],"properties":{"pop":3,"kn":"1380"}},{"type":"Polygon","arcs":[[-1721,1722,1723,1724]],"properties":{"pop":0,"kn":"1380"}},{"type":"Polygon","arcs":[[1725,1726,1727,1728]],"properties":{"pop":0,"kn":"1380"}},{"type":"Polygon","arcs":[[1729,1730,1731,-1663]],"properties":{"pop":0,"kn":"1380"}},{"type":"Polygon","arcs":[[-1732,1732,1733,-1666]],"properties":{"pop":0,"kn":"1380"}},{"type":"Polygon","arcs":[[-1734,1734,1735,-1668]],"properties":{"pop":0,"kn":"1380"}},{"type":"Polygon","arcs":[[-1736,1736,1737,-1670]],"properties":{"pop":0,"kn":"1380"}},{"type":"Polygon","arcs":[[1738,1739,1740,1741]],"properties":{"pop":0,"kn":"1380"}},{"type":"Polygon","arcs":[[1742,1743,1744,1745]],"properties":{"pop":0,"kn":"1380"}},{"type":"Polygon","arcs":[[1746,1747,1748,-1686]],"properties":{"pop":0,"kn":"1380"}},{"type":"Polygon","arcs":[[-1749,1749,1750,-1689]],"properties":{"pop":0,"kn":"1380"}},{"type":"Polygon","arcs":[[-1751,1751,1752,-1691]],"properties":{"pop":0,"kn":"1380"}},{"type":"Polygon","arcs":[[1753,1754,1755,-1695]],"properties":{"pop":3,"kn":"1380"}},{"type":"Polygon","arcs":[[1756,1757,1758,1759]],"properties":{"pop":0,"kn":"1380"}},{"type":"Polygon","arcs":[[1760,1761,1762,-1702]],"properties":{"pop":0,"kn":"1380"}},{"type":"Polygon","arcs":[[1763,1764,1765,1766]],"properties":{"pop":0,"kn":"1380"}},{"type":"Polygon","arcs":[[-1766,1767,1768,-1727]],"properties":{"pop":0,"kn":"1380"}},{"type":"Polygon","arcs":[[-1769,1769,1770,1771]],"properties":{"pop":0,"kn":"1380"}},{"type":"Polygon","arcs":[[1772,1773,1774,-1735]],"properties":{"pop":0,"kn":"1380"}},{"type":"Polygon","arcs":[[1775,1776,1777,1778]],"properties":{"pop":0,"kn":"1380"}},{"type":"Polygon","arcs":[[1779,1780,1781,-1744]],"properties":{"pop":0,"kn":"1380"}},{"type":"Polygon","arcs":[[1782,1783,1784,1785]],"properties":{"pop":0,"kn":"1380"}},{"type":"Polygon","arcs":[[-1785,1786,1787,1788]],"properties":{"pop":0,"kn":"1380"}},{"type":"Polygon","arcs":[[-1788,1789,1790,-1748]],"properties":{"pop":0,"kn":"1380"}},{"type":"Polygon","arcs":[[-1791,1791,1792,-1750]],"properties":{"pop":0,"kn":"1380"}},{"type":"Polygon","arcs":[[1793,1794,1795,-1758]],"properties":{"pop":0,"kn":"1380"}},{"type":"Polygon","arcs":[[-1796,1796,1797,1798]],"properties":{"pop":0,"kn":"1380"}},{"type":"Polygon","arcs":[[-1798,1799,1800,1801]],"properties":{"pop":7,"kn":"1380"}},{"type":"Polygon","arcs":[[-1801,1802,1803,-1762]],"properties":{"pop":3,"kn":"1380"}},{"type":"Polygon","arcs":[[1804,1805,1806,1807]],"properties":{"pop":0,"kn":"1380"}},{"type":"Polygon","arcs":[[-1807,1808,1809,1810]],"properties":{"pop":0,"kn":"1380"}},{"type":"Polygon","arcs":[[-1810,1811,1812,-1765]],"properties":{"pop":0,"kn":"1380"}},{"type":"Polygon","arcs":[[-1813,1813,1814,-1768]],"properties":{"pop":0,"kn":"1380"}},{"type":"Polygon","arcs":[[-1815,1815,1816,-1770]],"properties":{"pop":0,"kn":"1380"}},{"type":"Polygon","arcs":[[1817,1818,1819,-1777]],"properties":{"pop":0,"kn":"1380"}},{"type":"Polygon","arcs":[[1820,1821,1822,1823]],"properties":{"pop":0,"kn":"1380"}},{"type":"Polygon","arcs":[[1824,1825,1826,-1792]],"properties":{"pop":0,"kn":"1380"}},{"type":"Polygon","arcs":[[-1827,1827,1828,1829]],"properties":{"pop":0,"kn":"1380"}},{"type":"Polygon","arcs":[[-1829,1830,1831,1832]],"properties":{"pop":0,"kn":"1380"}},{"type":"Polygon","arcs":[[-1832,1833,1834,1835]],"properties":{"pop":4,"kn":"1380"}},{"type":"Polygon","arcs":[[1836,1837,1838,-1795]],"properties":{"pop":0,"kn":"1380"}},{"type":"Polygon","arcs":[[-1839,1839,1840,-1797]],"properties":{"pop":0,"kn":"1380"}},{"type":"Polygon","arcs":[[1841,1842,1843,-1803]],"properties":{"pop":0,"kn":"1380"}},{"type":"Polygon","arcs":[[-1844,1844,1845]],"properties":{"pop":0,"kn":"1315"}},{"type":"Polygon","arcs":[[1846,1847,1848,-1806]],"properties":{"pop":0,"kn":"1380"}},{"type":"Polygon","arcs":[[-1849,1849,1850,-1809]],"properties":{"pop":0,"kn":"1380"}},{"type":"Polygon","arcs":[[-1851,1851,1852,-1812]],"properties":{"pop":0,"kn":"1380"}},{"type":"Polygon","arcs":[[-1853,1853,1854,-1814]],"properties":{"pop":0,"kn":"1380"}},{"type":"Polygon","arcs":[[1855,1856,1857,-1819]],"properties":{"pop":0,"kn":"1380"}},{"type":"Polygon","arcs":[[1858,1859,1860,1861]],"properties":{"pop":0,"kn":"1380"}},{"type":"Polygon","arcs":[[-1861,1862,1863,1864]],"properties":{"pop":0,"kn":"1380"}},{"type":"Polygon","arcs":[[1865,1866,1867,1868]],"properties":{"pop":0,"kn":"1380"}},{"type":"Polygon","arcs":[[-1868,1869,1870,1871]],"properties":{"pop":0,"kn":"1380"}},{"type":"Polygon","arcs":[[-1871,1872,1873,-1826]],"properties":{"pop":0,"kn":"1380"}},{"type":"Polygon","arcs":[[-1874,1874,1875,-1828]],"properties":{"pop":0,"kn":"1315"}},{"type":"Polygon","arcs":[[-1876,1876,1877,-1831]],"properties":{"pop":0,"kn":"1315"}},{"type":"Polygon","arcs":[[-1878,1878,1879,-1834]],"properties":{"pop":0,"kn":"1315"}},{"type":"Polygon","arcs":[[-1880,1880,1881,1882]],"properties":{"pop":0,"kn":"1315"}},{"type":"Polygon","arcs":[[-1882,1883,1884,-1838]],"properties":{"pop":0,"kn":"1380"}},{"type":"Polygon","arcs":[[-1885,1885,1886,-1840]],"properties":{"pop":0,"kn":"1380"}},{"type":"Polygon","arcs":[[-1887,1887,1888,1889]],"properties":{"pop":3,"kn":"1380"}},{"type":"Polygon","arcs":[[1890,1891,1892,-1845]],"properties":{"pop":0,"kn":"1315"}},{"type":"Polygon","arcs":[[-1893,1893,1894]],"properties":{"pop":0,"kn":"1315"}},{"type":"Polygon","arcs":[[1895,1896,1897]],"properties":{"pop":0,"kn":"1382"}},{"type":"Polygon","arcs":[[1898,1899,1900,1901]],"properties":{"pop":0,"kn":"1382"}},{"type":"Polygon","arcs":[[1902,1903,1904,-1848]],"properties":{"pop":0,"kn":"1380"}},{"type":"Polygon","arcs":[[-1905,1905,1906,-1850]],"properties":{"pop":0,"kn":"1380"}},{"type":"Polygon","arcs":[[-1907,1907,1908,-1852]],"properties":{"pop":0,"kn":"1380"}},{"type":"Polygon","arcs":[[-1909,1909,1910,-1854]],"properties":{"pop":0,"kn":"1380"}},{"type":"Polygon","arcs":[[1911,1912,1913,1914]],"properties":{"pop":0,"kn":"1380"}},{"type":"Polygon","arcs":[[1915,1916,1917,1918]],"properties":{"pop":0,"kn":"1380"}},{"type":"Polygon","arcs":[[-1918,1919,1920,1921]],"properties":{"pop":0,"kn":"1380"}},{"type":"Polygon","arcs":[[1922,1923,1924,1925]],"properties":{"pop":3,"kn":"1380"}},{"type":"Polygon","arcs":[[1926,1927,1928,1929]],"properties":{"pop":0,"kn":"1380"}},{"type":"Polygon","arcs":[[-1929,1930,1931,-1867]],"properties":{"pop":0,"kn":"1380"}},{"type":"Polygon","arcs":[[1932,1933,1934,-1877]],"properties":{"pop":0,"kn":"1315"}},{"type":"Polygon","arcs":[[-1935,1935,1936,-1879]],"properties":{"pop":0,"kn":"1315"}},{"type":"Polygon","arcs":[[1937,1938,1939,-1884]],"properties":{"pop":0,"kn":"1315"}},{"type":"Polygon","arcs":[[1940,1941,1942,-1888]],"properties":{"pop":0,"kn":"1380"}},{"type":"Polygon","arcs":[[-1943,1943,1944,1945]],"properties":{"pop":0,"kn":"1315"}},{"type":"Polygon","arcs":[[1946,1947,1948]],"properties":{"pop":0,"kn":"1315"}},{"type":"Polygon","arcs":[[1949,1950,1951]],"properties":{"pop":0,"kn":"1382"}},{"type":"Polygon","arcs":[[1952,1953,1954,1955]],"properties":{"pop":0,"kn":"1382"}},{"type":"Polygon","arcs":[[1956,1957,1958,-1904]],"properties":{"pop":0,"kn":"1380"}},{"type":"Polygon","arcs":[[-1959,1959,1960,-1906]],"properties":{"pop":0,"kn":"1380"}},{"type":"Polygon","arcs":[[-1961,1961,1962,-1908]],"properties":{"pop":0,"kn":"1380"}},{"type":"Polygon","arcs":[[-1963,1963,1964,-1910]],"properties":{"pop":0,"kn":"1380"}},{"type":"Polygon","arcs":[[-1965,1965,1966,1967]],"properties":{"pop":0,"kn":"1380"}},{"type":"Polygon","arcs":[[1968,1969,1970,-1917]],"properties":{"pop":0,"kn":"1380"}},{"type":"Polygon","arcs":[[-1971,1971,1972,-1920]],"properties":{"pop":0,"kn":"1380"}},{"type":"Polygon","arcs":[[-1973,1973,1974,1975]],"properties":{"pop":0,"kn":"1380"}},{"type":"Polygon","arcs":[[1976,1977,1978,1979]],"properties":{"pop":0,"kn":"1380"}},{"type":"Polygon","arcs":[[1980,1981,1982,1983]],"properties":{"pop":0,"kn":"1315"}},{"type":"Polygon","arcs":[[-1983,1984,1985,1986]],"properties":{"pop":0,"kn":"1315"}},{"type":"Polygon","arcs":[[-1986,1987,1988,-1924]],"properties":{"pop":0,"kn":"1315"}},{"type":"Polygon","arcs":[[-1989,1989,1990,1991]],"properties":{"pop":0,"kn":"1380"}},{"type":"Polygon","arcs":[[1992,1993,1994,-1931]],"properties":{"pop":0,"kn":"1380"}},{"type":"Polygon","arcs":[[-1995,1995,1996,1997]],"properties":{"pop":0,"kn":"1380"}},{"type":"Polygon","arcs":[[-1997,1998,1999,2000]],"properties":{"pop":0,"kn":"1380"}},{"type":"Polygon","arcs":[[-2000,2001,2002,2003]],"properties":{"pop":0,"kn":"1315"}},{"type":"Polygon","arcs":[[2004,2005,2006,-1939]],"properties":{"pop":0,"kn":"1315"}},{"type":"Polygon","arcs":[[-2007,2007,2008,2009]],"properties":{"pop":0,"kn":"1315"}},{"type":"Polygon","arcs":[[-2009,2010,2011,-1942]],"properties":{"pop":0,"kn":"1315"}},{"type":"Polygon","arcs":[[2012,2013,2014,2015]],"properties":{"pop":0,"kn":"1315"}},{"type":"Polygon","arcs":[[-2015,2016,2017,-1948]],"properties":{"pop":0,"kn":"1315"}},{"type":"Polygon","arcs":[[2018,2019,2020,-1960]],"properties":{"pop":0,"kn":"1382"}},{"type":"Polygon","arcs":[[-2021,2021,2022,-1962]],"properties":{"pop":0,"kn":"1382"}},{"type":"Polygon","arcs":[[2023,2024,2025,2026]],"properties":{"pop":0,"kn":"1380"}},{"type":"Polygon","arcs":[[2027,2028,2029,-1972]],"properties":{"pop":0,"kn":"1380"}},{"type":"Polygon","arcs":[[-2030,2030,2031,-1974]],"properties":{"pop":0,"kn":"1380"}},{"type":"Polygon","arcs":[[-2032,2032,2033,2034]],"properties":{"pop":0,"kn":"1380"}},{"type":"Polygon","arcs":[[2035,2036,2037,2038]],"properties":{"pop":3,"kn":"1315"}},{"type":"Polygon","arcs":[[2039,2040,2041,-1985]],"properties":{"pop":0,"kn":"1315"}},{"type":"Polygon","arcs":[[-2042,2042,2043,-1988]],"properties":{"pop":0,"kn":"1315"}},{"type":"Polygon","arcs":[[-2044,2044,2045,-1990]],"properties":{"pop":0,"kn":"1380"}},{"type":"Polygon","arcs":[[-2046,2046,2047,2048]],"properties":{"pop":3,"kn":"1380"}},{"type":"Polygon","arcs":[[-2048,2049,2050,-1994]],"properties":{"pop":0,"kn":"1380"}},{"type":"Polygon","arcs":[[-2051,2051,2052,-1996]],"properties":{"pop":0,"kn":"1380"}},{"type":"Polygon","arcs":[[2053,2054,2055,-2002]],"properties":{"pop":0,"kn":"1315"}},{"type":"Polygon","arcs":[[-2056,2056,2057,2058]],"properties":{"pop":0,"kn":"1315"}},{"type":"Polygon","arcs":[[-2058,2059,2060,2061]],"properties":{"pop":0,"kn":"1315"}},{"type":"Polygon","arcs":[[-2061,2062,2063,2064]],"properties":{"pop":0,"kn":"1315"}},{"type":"Polygon","arcs":[[-2064,2065,2066,-2006]],"properties":{"pop":0,"kn":"1315"}},{"type":"Polygon","arcs":[[-2067,2067,2068,-2008]],"properties":{"pop":0,"kn":"1315"}},{"type":"Polygon","arcs":[[2069,2070,2071,2072]],"properties":{"pop":0,"kn":"1315"}},{"type":"Polygon","arcs":[[2073,2074,2075,2076]],"properties":{"pop":3,"kn":"1315"}},{"type":"Polygon","arcs":[[-2076,2077,2078,2079]],"properties":{"pop":0,"kn":"1315"}},{"type":"Polygon","arcs":[[-2079,2080,2081]],"properties":{"pop":0,"kn":"1315"}},{"type":"Polygon","arcs":[[2082,2083,2084,2085]],"properties":{"pop":0,"kn":"1382"}},{"type":"Polygon","arcs":[[2086,2087,2088,-2022]],"properties":{"pop":0,"kn":"1382"}},{"type":"Polygon","arcs":[[2089,2090,2091,-2025]],"properties":{"pop":0,"kn":"1380"}},{"type":"Polygon","arcs":[[2092,2093,2094,-2029]],"properties":{"pop":0,"kn":"1380"}},{"type":"Polygon","arcs":[[-2095,2095,2096,-2031]],"properties":{"pop":0,"kn":"1380"}},{"type":"Polygon","arcs":[[-2097,2097,2098,-2033]],"properties":{"pop":3,"kn":"1380"}},{"type":"Polygon","arcs":[[2099,2100,2101,2102]],"properties":{"pop":0,"kn":"1380"}},{"type":"Polygon","arcs":[[-2102,2103,2104,2105]],"properties":{"pop":0,"kn":"1315"}},{"type":"Polygon","arcs":[[-2105,2106,2107,-2037]],"properties":{"pop":0,"kn":"1315"}},{"type":"Polygon","arcs":[[2108,2109,2110,-2043]],"properties":{"pop":0,"kn":"1315"}},{"type":"Polygon","arcs":[[-2111,2111,2112,-2045]],"properties":{"pop":0,"kn":"1315"}},{"type":"Polygon","arcs":[[-2113,2113,2114,-2047]],"properties":{"pop":0,"kn":"1315"}},{"type":"Polygon","arcs":[[-2115,2115,2116,-2050]],"properties":{"pop":0,"kn":"1380"}},{"type":"Polygon","arcs":[[-2117,2117,2118,-2052]],"properties":{"pop":0,"kn":"1380"}},{"type":"Polygon","arcs":[[-2119,2119,2120,2121]],"properties":{"pop":0,"kn":"1380"}},{"type":"Polygon","arcs":[[-2121,2122,2123,-2055]],"properties":{"pop":0,"kn":"1380"}},{"type":"Polygon","arcs":[[-2124,2124,2125,-2057]],"properties":{"pop":0,"kn":"1315"}},{"type":"Polygon","arcs":[[-2126,2126,2127,-2060]],"properties":{"pop":0,"kn":"1315"}},{"type":"Polygon","arcs":[[-2128,2128,2129,-2063]],"properties":{"pop":0,"kn":"1315"}},{"type":"Polygon","arcs":[[-2130,2130,2131,-2066]],"properties":{"pop":0,"kn":"1315"}},{"type":"Polygon","arcs":[[2132,2133,2134,2135]],"properties":{"pop":0,"kn":"1315"}},{"type":"Polygon","arcs":[[-2135,2136,2137,-2071]],"properties":{"pop":0,"kn":"1315"}},{"type":"Polygon","arcs":[[-2138,2138,2139,2140]],"properties":{"pop":3,"kn":"1315"}},{"type":"Polygon","arcs":[[2141,2142,2143,2144]],"properties":{"pop":0,"kn":"1315"}},{"type":"Polygon","arcs":[[2145,2146,2147,-2078]],"properties":{"pop":0,"kn":"1315"}},{"type":"Polygon","arcs":[[-2148,2148,2149,-2081]],"properties":{"pop":0,"kn":"1315"}},{"type":"Polygon","arcs":[[-2150,2150,2151,2152]],"properties":{"pop":0,"kn":"1315"}},{"type":"Polygon","arcs":[[-2152,2153,2154,2155]],"properties":{"pop":0,"kn":"1315"}},{"type":"Polygon","arcs":[[2156,2157]],"properties":{"pop":0,"kn":"1315"}},{"type":"Polygon","arcs":[[2158,2159,2160,2161]],"properties":{"pop":0,"kn":"1382"}},{"type":"Polygon","arcs":[[2162,2163,2164,-2098]],"properties":{"pop":3,"kn":"1380"}},{"type":"Polygon","arcs":[[2165,2166,2167,-2101]],"properties":{"pop":0,"kn":"1380"}},{"type":"Polygon","arcs":[[-2168,2168,2169,-2104]],"properties":{"pop":0,"kn":"1315"}},{"type":"Polygon","arcs":[[2170,2171,2172,2173]],"properties":{"pop":3,"kn":"1315"}},{"type":"Polygon","arcs":[[2174,2175,2176,-2110]],"properties":{"pop":0,"kn":"1315"}},{"type":"Polygon","arcs":[[-2177,2177,2178,-2112]],"properties":{"pop":0,"kn":"1315"}},{"type":"Polygon","arcs":[[-2179,2179,2180,-2114]],"properties":{"pop":0,"kn":"1315"}},{"type":"Polygon","arcs":[[-2181,2181,2182,-2116]],"properties":{"pop":0,"kn":"1380"}},{"type":"Polygon","arcs":[[-2183,2183,2184,-2118]],"properties":{"pop":0,"kn":"1380"}},{"type":"Polygon","arcs":[[-2185,2185,2186,-2120]],"properties":{"pop":0,"kn":"1380"}},{"type":"Polygon","arcs":[[-2187,2187,2188,-2123]],"properties":{"pop":0,"kn":"1380"}},{"type":"Polygon","arcs":[[-2189,2189,2190,-2125]],"properties":{"pop":0,"kn":"1315"}},{"type":"Polygon","arcs":[[2191,2192,2193,-2131]],"properties":{"pop":0,"kn":"1315"}},{"type":"Polygon","arcs":[[-2194,2194,2195,2196]],"properties":{"pop":0,"kn":"1315"}},{"type":"Polygon","arcs":[[-2196,2197,2198,-2134]],"properties":{"pop":0,"kn":"1315"}},{"type":"Polygon","arcs":[[2199,2200,2201,-2139]],"properties":{"pop":0,"kn":"1315"}},{"type":"Polygon","arcs":[[-2202,2202,2203,2204]],"properties":{"pop":0,"kn":"1315"}},{"type":"Polygon","arcs":[[-2204,2205,2206,-2143]],"properties":{"pop":0,"kn":"1315"}},{"type":"Polygon","arcs":[[-2207,2207,2208,2209]],"properties":{"pop":0,"kn":"1315"}},{"type":"Polygon","arcs":[[-2209,2210,2211,-2147]],"properties":{"pop":0,"kn":"1315"}},{"type":"Polygon","arcs":[[-2212,2212,2213,-2149]],"properties":{"pop":0,"kn":"1315"}},{"type":"Polygon","arcs":[[2214,2215,2216,-2154]],"properties":{"pop":0,"kn":"1315"}},{"type":"Polygon","arcs":[[-2217,2217,2218,2219]],"properties":{"pop":3,"kn":"1315"}},{"type":"Polygon","arcs":[[-2219,2220,2221,2222]],"properties":{"pop":0,"kn":"1315"}},{"type":"Polygon","arcs":[[-2222,2223,2224,2225]],"properties":{"pop":0,"kn":"1315"}},{"type":"Polygon","arcs":[[-2225,2226,2227,-2157]],"properties":{"pop":0,"kn":"1315"}},{"type":"Polygon","arcs":[[2228,2229,2230]],"properties":{"pop":0,"kn":"1315"}},{"type":"Polygon","arcs":[[2231,2232,2233,2234]],"properties":{"pop":4,"kn":"1382"}},{"type":"Polygon","arcs":[[2235,2236,2237,2238]],"properties":{"pop":0,"kn":"1382"}},{"type":"Polygon","arcs":[[2239,2240,2241,2242]],"properties":{"pop":0,"kn":"1382"}},{"type":"Polygon","arcs":[[-2242,2243,2244,2245]],"properties":{"pop":0,"kn":"1382"}},{"type":"Polygon","arcs":[[-2245,2246,2247,2248]],"properties":{"pop":0,"kn":"1382"}},{"type":"Polygon","arcs":[[2249,2250,2251,2252]],"properties":{"pop":0,"kn":"1380"}},{"type":"Polygon","arcs":[[-2252,2253,2254,2255]],"properties":{"pop":0,"kn":"1380"}},{"type":"Polygon","arcs":[[-2255,2256,2257,2258]],"properties":{"pop":3,"kn":"1380"}},{"type":"Polygon","arcs":[[-2258,2259,2260,-2164]],"properties":{"pop":0,"kn":"1380"}},{"type":"Polygon","arcs":[[-2261,2261,2262,2263]],"properties":{"pop":0,"kn":"1380"}},{"type":"Polygon","arcs":[[-2263,2264,2265,-2167]],"properties":{"pop":0,"kn":"1380"}},{"type":"Polygon","arcs":[[-2266,2266,2267,-2169]],"properties":{"pop":0,"kn":"1315"}},{"type":"Polygon","arcs":[[-2268,2268,2269,2270]],"properties":{"pop":0,"kn":"1315"}},{"type":"Polygon","arcs":[[-2270,2271,2272,-2172]],"properties":{"pop":0,"kn":"1315"}},{"type":"Polygon","arcs":[[2273,2274,2275,-2176]],"properties":{"pop":0,"kn":"1315"}},{"type":"Polygon","arcs":[[-2276,2276,2277,-2178]],"properties":{"pop":0,"kn":"1315"}},{"type":"Polygon","arcs":[[-2278,2278,2279,-2180]],"properties":{"pop":0,"kn":"1315"}},{"type":"Polygon","arcs":[[-2280,2280,2281,-2182]],"properties":{"pop":0,"kn":"1315"}},{"type":"Polygon","arcs":[[-2282,2282,2283,-2184]],"properties":{"pop":0,"kn":"1380"}},{"type":"Polygon","arcs":[[-2284,2284,2285,-2186]],"properties":{"pop":0,"kn":"1315"}},{"type":"Polygon","arcs":[[-2286,2286,2287,-2188]],"properties":{"pop":0,"kn":"1315"}},{"type":"Polygon","arcs":[[2288,2289,2290,-2195]],"properties":{"pop":0,"kn":"1315"}},{"type":"Polygon","arcs":[[-2291,2291,2292,-2198]],"properties":{"pop":3,"kn":"1315"}},{"type":"Polygon","arcs":[[-2293,2293,2294,2295]],"properties":{"pop":0,"kn":"1315"}},{"type":"Polygon","arcs":[[-2295,2296,2297,-2201]],"properties":{"pop":0,"kn":"1315"}},{"type":"Polygon","arcs":[[2298,2299,2300,2301]],"properties":{"pop":0,"kn":"1315"}},{"type":"Polygon","arcs":[[2302,2303,2304,-2218]],"properties":{"pop":0,"kn":"1315"}},{"type":"Polygon","arcs":[[2305,2306,2307,-2224]],"properties":{"pop":0,"kn":"1315"}},{"type":"Polygon","arcs":[[2308,2309,2310,2311]],"properties":{"pop":0,"kn":"1315"}},{"type":"Polygon","arcs":[[2312,2313,2314]],"properties":{"pop":0,"kn":"1315"}},{"type":"Polygon","arcs":[[2315,2316,2317]],"properties":{"pop":0,"kn":"1382"}},{"type":"Polygon","arcs":[[2318,2319,2320,2321]],"properties":{"pop":0,"kn":"1382"}},{"type":"Polygon","arcs":[[-2321,2322,2323,2324]],"properties":{"pop":0,"kn":"1382"}},{"type":"Polygon","arcs":[[2325,2326,2327,-2241]],"properties":{"pop":0,"kn":"1382"}},{"type":"Polygon","arcs":[[-2328,2328,2329,-2244]],"properties":{"pop":0,"kn":"1382"}},{"type":"Polygon","arcs":[[-2330,2330,2331,-2247]],"properties":{"pop":0,"kn":"1382"}},{"type":"Polygon","arcs":[[-2332,2332,2333,2334]],"properties":{"pop":0,"kn":"1382"}},{"type":"Polygon","arcs":[[2335,2336,2337,-2254]],"properties":{"pop":0,"kn":"1380"}},{"type":"Polygon","arcs":[[-2338,2338,2339,-2257]],"properties":{"pop":0,"kn":"1380"}},{"type":"Polygon","arcs":[[2340,2341,2342,-2267]],"properties":{"pop":0,"kn":"1380"}},{"type":"Polygon","arcs":[[-2343,2343,2344,-2269]],"properties":{"pop":0,"kn":"1315"}},{"type":"Polygon","arcs":[[-2345,2345,2346,-2272]],"properties":{"pop":0,"kn":"1315"}},{"type":"Polygon","arcs":[[2347,2348,2349,-2275]],"properties":{"pop":6,"kn":"1315"}},{"type":"Polygon","arcs":[[-2350,2350,2351,-2277]],"properties":{"pop":0,"kn":"1315"}},{"type":"Polygon","arcs":[[-2352,2352,2353,-2279]],"properties":{"pop":0,"kn":"1315"}},{"type":"Polygon","arcs":[[-2354,2354,2355,-2281]],"properties":{"pop":0,"kn":"1315"}},{"type":"Polygon","arcs":[[-2356,2356,2357,-2283]],"properties":{"pop":0,"kn":"1315"}},{"type":"Polygon","arcs":[[-2358,2358,2359,-2285]],"properties":{"pop":0,"kn":"1315"}},{"type":"Polygon","arcs":[[-2360,2360,2361,-2287]],"properties":{"pop":0,"kn":"1315"}},{"type":"Polygon","arcs":[[2362,2363,2364,2365]],"properties":{"pop":0,"kn":"1315"}},{"type":"Polygon","arcs":[[-2365,2366,2367,2368]],"properties":{"pop":0,"kn":"1315"}},{"type":"Polygon","arcs":[[-2368,2369,2370,2371]],"properties":{"pop":0,"kn":"1315"}},{"type":"Polygon","arcs":[[-2371,2372,2373,-2290]],"properties":{"pop":0,"kn":"1315"}},{"type":"Polygon","arcs":[[-2374,2374,2375,-2292]],"properties":{"pop":0,"kn":"1315"}},{"type":"Polygon","arcs":[[-2376,2376,2377,-2294]],"properties":{"pop":0,"kn":"1315"}},{"type":"Polygon","arcs":[[2378,2379,2380,2381]],"properties":{"pop":0,"kn":"1315"}},{"type":"Polygon","arcs":[[2382,2383,2384,2385]],"properties":{"pop":0,"kn":"1315"}},{"type":"Polygon","arcs":[[2386,2387,2388,2389]],"properties":{"pop":0,"kn":"1315"}},{"type":"Polygon","arcs":[[-2389,2390,2391,-2307]],"properties":{"pop":0,"kn":"1315"}},{"type":"Polygon","arcs":[[-2392,2392,2393,2394]],"properties":{"pop":0,"kn":"1315"}},{"type":"Polygon","arcs":[[-2394,2395,2396,2397]],"properties":{"pop":0,"kn":"1315"}},{"type":"Polygon","arcs":[[-2397,2398,2399,2400]],"properties":{"pop":0,"kn":"1315"}},{"type":"Polygon","arcs":[[2401,2402,2403,2404]],"properties":{"pop":0,"kn":"1315"}},{"type":"Polygon","arcs":[[2405,2406,2407,2408]],"properties":{"pop":0,"kn":"1315"}},{"type":"Polygon","arcs":[[-2408,2409,2410]],"properties":{"pop":0,"kn":"1315"}},{"type":"Polygon","arcs":[[2411,2412,2413]],"properties":{"pop":0,"kn":"1382"}},{"type":"Polygon","arcs":[[2414,2415,2416,2417]],"properties":{"pop":0,"kn":"1382"}},{"type":"Polygon","arcs":[[-2417,2418,2419,2420]],"properties":{"pop":0,"kn":"1382"}},{"type":"Polygon","arcs":[[-2420,2421,2422,-2327]],"properties":{"pop":0,"kn":"1382"}},{"type":"Polygon","arcs":[[-2423,2423,2424,-2329]],"properties":{"pop":0,"kn":"1382"}},{"type":"Polygon","arcs":[[-2425,2425,2426,-2331]],"properties":{"pop":0,"kn":"1382"}},{"type":"Polygon","arcs":[[-2427,2427,2428,-2333]],"properties":{"pop":0,"kn":"1382"}},{"type":"Polygon","arcs":[[2429,2430,2431,2432]],"properties":{"pop":0,"kn":"1380"}},{"type":"Polygon","arcs":[[-2432,2433,2434,2435]],"properties":{"pop":0,"kn":"1380"}},{"type":"Polygon","arcs":[[2436,2437,2438,-2339]],"properties":{"pop":0,"kn":"1380"}},{"type":"Polygon","arcs":[[-2439,2439,2440,2441]],"properties":{"pop":0,"kn":"1380"}},{"type":"Polygon","arcs":[[-2441,2442,2443,2444]],"properties":{"pop":0,"kn":"1380"}},{"type":"Polygon","arcs":[[-2444,2445,2446,2447]],"properties":{"pop":0,"kn":"1380"}},{"type":"Polygon","arcs":[[-2447,2448,2449,-2342]],"properties":{"pop":0,"kn":"1315"}},{"type":"Polygon","arcs":[[-2450,2450,2451,-2344]],"properties":{"pop":0,"kn":"1315"}},{"type":"Polygon","arcs":[[-2452,2452,2453,-2346]],"properties":{"pop":0,"kn":"1315"}},{"type":"Polygon","arcs":[[2454,2455,2456,-2351]],"properties":{"pop":0,"kn":"1315"}},{"type":"Polygon","arcs":[[-2457,2457,2458,-2353]],"properties":{"pop":0,"kn":"1315"}},{"type":"Polygon","arcs":[[-2459,2459,2460,-2355]],"properties":{"pop":0,"kn":"1315"}},{"type":"Polygon","arcs":[[-2461,2461,2462,-2357]],"properties":{"pop":0,"kn":"1315"}},{"type":"Polygon","arcs":[[2463,2464,2465,-2361]],"properties":{"pop":0,"kn":"1315"}},{"type":"Polygon","arcs":[[-2466,2466,2467,2468]],"properties":{"pop":3,"kn":"1315"}},{"type":"Polygon","arcs":[[2469,2470,2471,-2370]],"properties":{"pop":0,"kn":"1315"}},{"type":"Polygon","arcs":[[-2472,2472,2473,-2373]],"properties":{"pop":0,"kn":"1315"}},{"type":"Polygon","arcs":[[-2474,2474,2475,-2375]],"properties":{"pop":0,"kn":"1315"}},{"type":"Polygon","arcs":[[-2476,2476,2477,-2377]],"properties":{"pop":0,"kn":"1315"}},{"type":"Polygon","arcs":[[-2478,2478,2479,2480]],"properties":{"pop":0,"kn":"1315"}},{"type":"Polygon","arcs":[[2481,2482,2483,2484]],"properties":{"pop":3,"kn":"1315"}},{"type":"Polygon","arcs":[[-2484,2485,2486,2487]],"properties":{"pop":0,"kn":"1315"}},{"type":"Polygon","arcs":[[-2487,2488,2489,2490]],"properties":{"pop":0,"kn":"1315"}},{"type":"Polygon","arcs":[[-2490,2491,2492,2493]],"properties":{"pop":0,"kn":"1315"}},{"type":"Polygon","arcs":[[2494,2495,2496,-2384]],"properties":{"pop":0,"kn":"1315"}},{"type":"Polygon","arcs":[[2497,2498,2499,-2393]],"properties":{"pop":0,"kn":"1315"}},{"type":"Polygon","arcs":[[-2500,2500,2501,-2396]],"properties":{"pop":3,"kn":"1315"}},{"type":"Polygon","arcs":[[2502,2503,2504,2505]],"properties":{"pop":0,"kn":"1315"}},{"type":"Polygon","arcs":[[-2505,2506,2507,-2403]],"properties":{"pop":0,"kn":"1315"}},{"type":"Polygon","arcs":[[-2508,2508,2509,2510]],"properties":{"pop":0,"kn":"1315"}},{"type":"Polygon","arcs":[[2511,2512,2513,-2407]],"properties":{"pop":0,"kn":"1315"}},{"type":"Polygon","arcs":[[2514,2515,2516,2517]],"properties":{"pop":0,"kn":"1382"}},{"type":"Polygon","arcs":[[2518,2519,2520,2521]],"properties":{"pop":0,"kn":"1382"}},{"type":"Polygon","arcs":[[-2521,2522,2523,-2416]],"properties":{"pop":0,"kn":"1382"}},{"type":"Polygon","arcs":[[-2524,2524,2525,-2419]],"properties":{"pop":0,"kn":"1382"}},{"type":"Polygon","arcs":[[-2526,2526,2527,-2422]],"properties":{"pop":0,"kn":"1382"}},{"type":"Polygon","arcs":[[2528,2529,2530,-2426]],"properties":{"pop":0,"kn":"1382"}},{"type":"Polygon","arcs":[[2531,2532,2533,2534]],"properties":{"pop":0,"kn":"1382"}},{"type":"Polygon","arcs":[[-2534,2535,2536,-2431]],"properties":{"pop":0,"kn":"1380"}},{"type":"Polygon","arcs":[[-2537,2537,2538,-2434]],"properties":{"pop":0,"kn":"1380"}},{"type":"Polygon","arcs":[[-2539,2539,2540,2541]],"properties":{"pop":0,"kn":"1380"}},{"type":"Polygon","arcs":[[-2541,2542,2543,-2438]],"properties":{"pop":0,"kn":"1380"}},{"type":"Polygon","arcs":[[-2544,2544,2545,-2440]],"properties":{"pop":0,"kn":"1380"}},{"type":"Polygon","arcs":[[-2546,2546,2547,-2443]],"properties":{"pop":0,"kn":"1380"}},{"type":"Polygon","arcs":[[-2548,2548,2549,-2446]],"properties":{"pop":0,"kn":"1380"}},{"type":"Polygon","arcs":[[-2550,2550,2551,-2449]],"properties":{"pop":0,"kn":"1315"}},{"type":"Polygon","arcs":[[-2552,2552,2553,-2451]],"properties":{"pop":0,"kn":"1315"}},{"type":"Polygon","arcs":[[-2554,2554,2555,-2453]],"properties":{"pop":0,"kn":"1315"}},{"type":"Polygon","arcs":[[2556,2557,2558,-2456]],"properties":{"pop":0,"kn":"1315"}},{"type":"Polygon","arcs":[[-2559,2559,2560,-2458]],"properties":{"pop":0,"kn":"1315"}},{"type":"Polygon","arcs":[[-2561,2561,2562,-2460]],"properties":{"pop":0,"kn":"1315"}},{"type":"Polygon","arcs":[[-2563,2563,2564,-2462]],"properties":{"pop":0,"kn":"1315"}},{"type":"Polygon","arcs":[[-2565,2565,2566,2567]],"properties":{"pop":0,"kn":"1315"}},{"type":"Polygon","arcs":[[-2567,2568,2569,-2465]],"properties":{"pop":0,"kn":"1315"}},{"type":"Polygon","arcs":[[2570,2571,2572,2573]],"properties":{"pop":3,"kn":"1315"}},{"type":"Polygon","arcs":[[-2573,2574,2575,2576]],"properties":{"pop":0,"kn":"1315"}},{"type":"Polygon","arcs":[[2577,2578,2579,-2473]],"properties":{"pop":0,"kn":"1315"}},{"type":"Polygon","arcs":[[-2580,2580,2581,-2475]],"properties":{"pop":0,"kn":"1315"}},{"type":"Polygon","arcs":[[-2582,2582,2583,-2477]],"properties":{"pop":0,"kn":"1315"}},{"type":"Polygon","arcs":[[2584,2585,2586,-2483]],"properties":{"pop":0,"kn":"1315"}},{"type":"Polygon","arcs":[[2587,2588,2589,-2492]],"properties":{"pop":0,"kn":"1315"}},{"type":"Polygon","arcs":[[2590,2591,2592,2593]],"properties":{"pop":0,"kn":"1315"}},{"type":"Polygon","arcs":[[-2593,2594,2595,2596]],"properties":{"pop":0,"kn":"1315"}},{"type":"Polygon","arcs":[[-2596,2597,2598,2599]],"properties":{"pop":0,"kn":"1315"}},{"type":"Polygon","arcs":[[-2599,2600,2601,-2499]],"properties":{"pop":0,"kn":"1315"}},{"type":"Polygon","arcs":[[-2602,2602,2603,-2501]],"properties":{"pop":0,"kn":"1315"}},{"type":"Polygon","arcs":[[2604,2605,2606,-2504]],"properties":{"pop":0,"kn":"1315"}},{"type":"Polygon","arcs":[[2607,2608,2609,-2509]],"properties":{"pop":0,"kn":"1315"}},{"type":"Polygon","arcs":[[-2610,2610,2611,2612]],"properties":{"pop":0,"kn":"1315"}},{"type":"Polygon","arcs":[[-2612,2613,2614,-2513]],"properties":{"pop":0,"kn":"1315"}},{"type":"Polygon","arcs":[[-2615,2615,2616,2617]],"properties":{"pop":0,"kn":"1315"}},{"type":"Polygon","arcs":[[2618,2619,2620,2621]],"properties":{"pop":0,"kn":"1382"}},{"type":"Polygon","arcs":[[2622,2623,2624,-2523]],"properties":{"pop":0,"kn":"1382"}},{"type":"Polygon","arcs":[[-2625,2625,2626,-2525]],"properties":{"pop":0,"kn":"1382"}},{"type":"Polygon","arcs":[[-2627,2627,2628,-2527]],"properties":{"pop":0,"kn":"1382"}},{"type":"Polygon","arcs":[[-2629,2629,2630,2631]],"properties":{"pop":5,"kn":"1382"}},{"type":"Polygon","arcs":[[-2631,2632,2633,-2530]],"properties":{"pop":0,"kn":"1382"}},{"type":"Polygon","arcs":[[-2634,2634,2635,2636]],"properties":{"pop":0,"kn":"1382"}},{"type":"Polygon","arcs":[[-2636,2637,2638,2639]],"properties":{"pop":0,"kn":"1382"}},{"type":"Polygon","arcs":[[-2639,2640,2641,-2533]],"properties":{"pop":0,"kn":"1382"}},{"type":"Polygon","arcs":[[-2642,2642,2643,-2536]],"properties":{"pop":0,"kn":"1380"}},{"type":"Polygon","arcs":[[-2644,2644,2645,-2538]],"properties":{"pop":0,"kn":"1380"}},{"type":"Polygon","arcs":[[-2646,2646,2647,-2540]],"properties":{"pop":0,"kn":"1380"}},{"type":"Polygon","arcs":[[-2648,2648,2649,-2543]],"properties":{"pop":0,"kn":"1380"}},{"type":"Polygon","arcs":[[-2650,2650,2651,-2545]],"properties":{"pop":0,"kn":"1380"}},{"type":"Polygon","arcs":[[-2652,2652,2653,-2547]],"properties":{"pop":0,"kn":"1380"}},{"type":"Polygon","arcs":[[-2654,2654,2655,-2549]],"properties":{"pop":0,"kn":"1315"}},{"type":"Polygon","arcs":[[-2656,2656,2657,-2551]],"properties":{"pop":0,"kn":"1315"}},{"type":"Polygon","arcs":[[-2658,2658,2659,-2553]],"properties":{"pop":0,"kn":"1315"}},{"type":"Polygon","arcs":[[-2660,2660,2661,-2555]],"properties":{"pop":0,"kn":"1315"}},{"type":"Polygon","arcs":[[-2662,2662,2663,2664]],"properties":{"pop":0,"kn":"1315"}},{"type":"Polygon","arcs":[[2665,2666,2667,-2562]],"properties":{"pop":0,"kn":"1315"}},{"type":"Polygon","arcs":[[-2668,2668,2669,-2564]],"properties":{"pop":0,"kn":"1315"}},{"type":"Polygon","arcs":[[-2670,2670,2671,-2566]],"properties":{"pop":0,"kn":"1315"}},{"type":"Polygon","arcs":[[-2672,2672,2673,-2569]],"properties":{"pop":0,"kn":"1315"}},{"type":"Polygon","arcs":[[2674,2675,2676,-2572]],"properties":{"pop":0,"kn":"1315"}},{"type":"Polygon","arcs":[[-2677,2677,2678,-2575]],"properties":{"pop":0,"kn":"1315"}},{"type":"Polygon","arcs":[[2679,2680,2681,-2579]],"properties":{"pop":0,"kn":"1315"}},{"type":"Polygon","arcs":[[-2682,2682,2683,-2581]],"properties":{"pop":0,"kn":"1315"}},{"type":"Polygon","arcs":[[-2684,2684,2685,-2583]],"properties":{"pop":0,"kn":"1315"}},{"type":"Polygon","arcs":[[-2686,2686,2687,2688]],"properties":{"pop":3,"kn":"1315"}},{"type":"Polygon","arcs":[[2689,2690,2691,-2586]],"properties":{"pop":0,"kn":"1315"}},{"type":"Polygon","arcs":[[-2692,2692,2693,2694]],"properties":{"pop":0,"kn":"1315"}},{"type":"Polygon","arcs":[[-2694,2695,2696,2697]],"properties":{"pop":0,"kn":"1315"}},{"type":"Polygon","arcs":[[-2697,2698,2699,-2589]],"properties":{"pop":0,"kn":"1315"}},{"type":"Polygon","arcs":[[-2700,2700,2701,2702]],"properties":{"pop":0,"kn":"1315"}},{"type":"Polygon","arcs":[[-2702,2703,2704,2705]],"properties":{"pop":0,"kn":"1315"}},{"type":"Polygon","arcs":[[-2705,2706,2707,-2592]],"properties":{"pop":0,"kn":"1315"}},{"type":"Polygon","arcs":[[-2708,2708,2709,-2595]],"properties":{"pop":0,"kn":"1315"}},{"type":"Polygon","arcs":[[2710,2711,2712,2713]],"properties":{"pop":3,"kn":"1315"}},{"type":"Polygon","arcs":[[-2713,2714,2715,-2606]],"properties":{"pop":0,"kn":"1315"}},{"type":"Polygon","arcs":[[-2716,2716,2717,2718]],"properties":{"pop":0,"kn":"1315"}},{"type":"Polygon","arcs":[[-2718,2719,2720,-2609]],"properties":{"pop":0,"kn":"1315"}},{"type":"Polygon","arcs":[[2721,2722,2723,-2616]],"properties":{"pop":0,"kn":"1315"}},{"type":"Polygon","arcs":[[2724,2725,2726]],"properties":{"pop":0,"kn":"1315"}},{"type":"Polygon","arcs":[[2727,2728,2729,2730]],"properties":{"pop":0,"kn":"1382"}},{"type":"Polygon","arcs":[[2731,2732,2733,2734]],"properties":{"pop":0,"kn":"1382"}},{"type":"Polygon","arcs":[[-2734,2735,2736,-2624]],"properties":{"pop":0,"kn":"1382"}},{"type":"Polygon","arcs":[[-2737,2737,2738,-2626]],"properties":{"pop":0,"kn":"1382"}},{"type":"Polygon","arcs":[[-2739,2739,2740,-2628]],"properties":{"pop":0,"kn":"1382"}},{"type":"Polygon","arcs":[[2741,2742,2743,-2633]],"properties":{"pop":0,"kn":"1382"}},{"type":"Polygon","arcs":[[-2744,2744,2745,-2635]],"properties":{"pop":0,"kn":"1382"}},{"type":"Polygon","arcs":[[-2746,2746,2747,-2638]],"properties":{"pop":0,"kn":"1382"}},{"type":"Polygon","arcs":[[-2748,2748,2749,-2641]],"properties":{"pop":0,"kn":"1382"}},{"type":"Polygon","arcs":[[-2750,2750,2751,-2643]],"properties":{"pop":0,"kn":"1382"}},{"type":"Polygon","arcs":[[-2752,2752,2753,-2645]],"properties":{"pop":0,"kn":"1380"}},{"type":"Polygon","arcs":[[-2754,2754,2755,-2647]],"properties":{"pop":0,"kn":"1380"}},{"type":"Polygon","arcs":[[-2756,2756,2757,-2649]],"properties":{"pop":0,"kn":"1380"}},{"type":"Polygon","arcs":[[-2758,2758,2759,-2651]],"properties":{"pop":0,"kn":"1315"}},{"type":"Polygon","arcs":[[-2760,2760,2761,-2653]],"properties":{"pop":0,"kn":"1315"}},{"type":"Polygon","arcs":[[-2762,2762,2763,-2655]],"properties":{"pop":0,"kn":"1315"}},{"type":"Polygon","arcs":[[-2764,2764,2765,-2657]],"properties":{"pop":0,"kn":"1315"}},{"type":"Polygon","arcs":[[-2766,2766,2767,-2659]],"properties":{"pop":0,"kn":"1315"}},{"type":"Polygon","arcs":[[-2768,2768,2769,-2661]],"properties":{"pop":0,"kn":"1315"}},{"type":"Polygon","arcs":[[-2770,2770,2771,-2663]],"properties":{"pop":0,"kn":"1315"}},{"type":"Polygon","arcs":[[2772,2773,2774,-2671]],"properties":{"pop":3,"kn":"1315"}},{"type":"Polygon","arcs":[[-2775,2775,2776,-2673]],"properties":{"pop":0,"kn":"1315"}},{"type":"Polygon","arcs":[[2777,2778,2779,-2676]],"properties":{"pop":0,"kn":"1315"}},{"type":"Polygon","arcs":[[2780,2781,2782,2783]],"properties":{"pop":0,"kn":"1315"}},{"type":"Polygon","arcs":[[-2783,2784,2785,-2681]],"properties":{"pop":0,"kn":"1315"}},{"type":"Polygon","arcs":[[-2786,2786,2787,-2683]],"properties":{"pop":0,"kn":"1315"}},{"type":"Polygon","arcs":[[-2788,2788,2789,-2685]],"properties":{"pop":0,"kn":"1315"}},{"type":"Polygon","arcs":[[-2790,2790,2791,-2687]],"properties":{"pop":0,"kn":"1315"}},{"type":"Polygon","arcs":[[-2792,2792,2793,2794]],"properties":{"pop":0,"kn":"1315"}},{"type":"Polygon","arcs":[[-2794,2795,2796,-2691]],"properties":{"pop":0,"kn":"1315"}},{"type":"Polygon","arcs":[[2797,2798,2799,-2696]],"properties":{"pop":0,"kn":"1315"}},{"type":"Polygon","arcs":[[2800,2801,2802,-2701]],"properties":{"pop":0,"kn":"1315"}},{"type":"Polygon","arcs":[[-2803,2803,2804,-2704]],"properties":{"pop":0,"kn":"1315"}},{"type":"Polygon","arcs":[[-2805,2805,2806,-2707]],"properties":{"pop":0,"kn":"1315"}},{"type":"Polygon","arcs":[[2807,2808,2809,2810]],"properties":{"pop":0,"kn":"1315"}},{"type":"Polygon","arcs":[[-2810,2811,2812,2813]],"properties":{"pop":0,"kn":"1315"}},{"type":"Polygon","arcs":[[-2813,2814,2815,2816]],"properties":{"pop":0,"kn":"1315"}},{"type":"Polygon","arcs":[[2817,2818,2819,-2715]],"properties":{"pop":0,"kn":"1315"}},{"type":"Polygon","arcs":[[2820,2821,2822,-2720]],"properties":{"pop":0,"kn":"1315"}},{"type":"Polygon","arcs":[[-2823,2823,2824,2825]],"properties":{"pop":0,"kn":"1315"}},{"type":"Polygon","arcs":[[2826,2827,2828,-2723]],"properties":{"pop":3,"kn":"1315"}},{"type":"Polygon","arcs":[[-2829,2829,2830,2831]],"properties":{"pop":5,"kn":"1315"}},{"type":"Polygon","arcs":[[2832,2833,2834,2835]],"properties":{"pop":0,"kn":"1382"}},{"type":"Polygon","arcs":[[2836,2837,2838,2839]],"properties":{"pop":0,"kn":"1382"}},{"type":"Polygon","arcs":[[-2839,2840,2841,2842]],"properties":{"pop":3,"kn":"1382"}},{"type":"Polygon","arcs":[[-2842,2843,2844,2845]],"properties":{"pop":0,"kn":"1382"}},{"type":"Polygon","arcs":[[-2845,2846,2847,-2729]],"properties":{"pop":0,"kn":"1382"}},{"type":"Polygon","arcs":[[2848,2849,2850,-2733]],"properties":{"pop":0,"kn":"1382"}},{"type":"Polygon","arcs":[[2851,2852,2853,-2738]],"properties":{"pop":0,"kn":"1382"}},{"type":"Polygon","arcs":[[-2854,2854,2855,-2740]],"properties":{"pop":0,"kn":"1382"}},{"type":"Polygon","arcs":[[-2856,2856,2857,2858]],"properties":{"pop":0,"kn":"1382"}},{"type":"Polygon","arcs":[[-2858,2859,2860,-2743]],"properties":{"pop":0,"kn":"1382"}},{"type":"Polygon","arcs":[[-2861,2861,2862,-2745]],"properties":{"pop":0,"kn":"1382"}},{"type":"Polygon","arcs":[[-2863,2863,2864,-2747]],"properties":{"pop":0,"kn":"1382"}},{"type":"Polygon","arcs":[[-2865,2865,2866,-2749]],"properties":{"pop":0,"kn":"1382"}},{"type":"Polygon","arcs":[[-2867,2867,2868,-2751]],"properties":{"pop":0,"kn":"1382"}},{"type":"Polygon","arcs":[[-2869,2869,2870,-2753]],"properties":{"pop":0,"kn":"1382"}},{"type":"Polygon","arcs":[[-2871,2871,2872,-2755]],"properties":{"pop":0,"kn":"1380"}},{"type":"Polygon","arcs":[[-2873,2873,2874,-2757]],"properties":{"pop":0,"kn":"1315"}},{"type":"Polygon","arcs":[[-2875,2875,2876,-2759]],"properties":{"pop":0,"kn":"1315"}},{"type":"Polygon","arcs":[[2877,2878,2879,-2763]],"properties":{"pop":0,"kn":"1315"}},{"type":"Polygon","arcs":[[2880,2881,2882,-2767]],"properties":{"pop":0,"kn":"1315"}},{"type":"Polygon","arcs":[[-2883,2883,2884,-2769]],"properties":{"pop":0,"kn":"1315"}},{"type":"Polygon","arcs":[[-2885,2885,2886,-2771]],"properties":{"pop":3,"kn":"1315"}},{"type":"Polygon","arcs":[[2887,2888,2889,2890]],"properties":{"pop":0,"kn":"1315"}},{"type":"Polygon","arcs":[[2891,2892,2893,2894]],"properties":{"pop":0,"kn":"1315"}},{"type":"Polygon","arcs":[[2895,2896,2897,-2776]],"properties":{"pop":0,"kn":"1315"}},{"type":"Polygon","arcs":[[2898,2899,2900,-2779]],"properties":{"pop":0,"kn":"1315"}},{"type":"Polygon","arcs":[[-2901,2901,2902,2903]],"properties":{"pop":0,"kn":"1315"}},{"type":"Polygon","arcs":[[2904,2905,2906,-2791]],"properties":{"pop":0,"kn":"1315"}},{"type":"Polygon","arcs":[[2907,2908,2909,-2796]],"properties":{"pop":0,"kn":"1315"}},{"type":"Polygon","arcs":[[2910,2911,2912,-2799]],"properties":{"pop":0,"kn":"1315"}},{"type":"Polygon","arcs":[[2913,2914,2915,-2802]],"properties":{"pop":0,"kn":"1315"}},{"type":"Polygon","arcs":[[-2916,2916,2917,-2804]],"properties":{"pop":0,"kn":"1315"}},{"type":"Polygon","arcs":[[-2918,2918,2919,-2806]],"properties":{"pop":0,"kn":"1315"}},{"type":"Polygon","arcs":[[-2920,2920,2921,2922]],"properties":{"pop":0,"kn":"1315"}},{"type":"Polygon","arcs":[[-2922,2923,2924,-2809]],"properties":{"pop":0,"kn":"1315"}},{"type":"Polygon","arcs":[[-2925,2925,2926,-2812]],"properties":{"pop":0,"kn":"1315"}},{"type":"Polygon","arcs":[[-2927,2927,2928,-2815]],"properties":{"pop":0,"kn":"1315"}},{"type":"Polygon","arcs":[[2929,2930,2931,-2824]],"properties":{"pop":0,"kn":"1315"}},{"type":"Polygon","arcs":[[-2932,2932,2933,2934]],"properties":{"pop":0,"kn":"1315"}},{"type":"Polygon","arcs":[[-2934,2935,2936,-2828]],"properties":{"pop":0,"kn":"1315"}},{"type":"Polygon","arcs":[[-2937,2937,2938,-2830]],"properties":{"pop":0,"kn":"1315"}},{"type":"Polygon","arcs":[[-2939,2939,2940,2941]],"properties":{"pop":0,"kn":"1315"}},{"type":"Polygon","arcs":[[-2941,2942,2943]],"properties":{"pop":0,"kn":"1315"}},{"type":"Polygon","arcs":[[2944,2945,2946,2947]],"properties":{"pop":0,"kn":"1382"}},{"type":"Polygon","arcs":[[-2947,2948,2949,2950]],"properties":{"pop":0,"kn":"1382"}},{"type":"Polygon","arcs":[[2951,2952,2953,-2847]],"properties":{"pop":0,"kn":"1382"}},{"type":"Polygon","arcs":[[-2954,2954,2955,2956]],"properties":{"pop":0,"kn":"1382"}},{"type":"Polygon","arcs":[[-2956,2957,2958,-2850]],"properties":{"pop":0,"kn":"1382"}},{"type":"Polygon","arcs":[[-2959,2959,2960,2961]],"properties":{"pop":0,"kn":"1382"}},{"type":"Polygon","arcs":[[-2961,2962,2963,-2853]],"properties":{"pop":0,"kn":"1382"}},{"type":"Polygon","arcs":[[2964,2965,2966,-2860]],"properties":{"pop":0,"kn":"1382"}},{"type":"Polygon","arcs":[[-2967,2967,2968,-2862]],"properties":{"pop":0,"kn":"1382"}},{"type":"Polygon","arcs":[[2969,2970,2971,-2866]],"properties":{"pop":0,"kn":"1382"}},{"type":"Polygon","arcs":[[2972,2973,2974,-2870]],"properties":{"pop":0,"kn":"1382"}},{"type":"Polygon","arcs":[[-2975,2975,2976,-2872]],"properties":{"pop":0,"kn":"1315"}},{"type":"Polygon","arcs":[[-2977,2977,2978,-2874]],"properties":{"pop":0,"kn":"1315"}},{"type":"Polygon","arcs":[[-2979,2979,2980,-2876]],"properties":{"pop":0,"kn":"1315"}},{"type":"Polygon","arcs":[[-2981,2981,2982,2983]],"properties":{"pop":0,"kn":"1315"}},{"type":"Polygon","arcs":[[2984,2985,2986,2987]],"properties":{"pop":0,"kn":"1315"}},{"type":"Polygon","arcs":[[-2987,2988,2989,-2882]],"properties":{"pop":0,"kn":"1315"}},{"type":"Polygon","arcs":[[-2990,2990,2991,-2884]],"properties":{"pop":0,"kn":"1315"}},{"type":"Polygon","arcs":[[2992,2993,2994,-2893]],"properties":{"pop":0,"kn":"1315"}},{"type":"Polygon","arcs":[[-2995,2995,2996,2997]],"properties":{"pop":0,"kn":"1315"}},{"type":"Polygon","arcs":[[2998,2999,3000,3001]],"properties":{"pop":3,"kn":"1315"}},{"type":"Polygon","arcs":[[3002,3003,3004,3005]],"properties":{"pop":0,"kn":"1315"}},{"type":"Polygon","arcs":[[3006,3007,3008,-2906]],"properties":{"pop":0,"kn":"1315"}},{"type":"Polygon","arcs":[[-3009,3009,3010,3011]],"properties":{"pop":0,"kn":"1315"}},{"type":"Polygon","arcs":[[-3011,3012,3013,-2909]],"properties":{"pop":0,"kn":"1315"}},{"type":"Polygon","arcs":[[-3014,3014,3015,3016]],"properties":{"pop":0,"kn":"1315"}},{"type":"Polygon","arcs":[[-3016,3017,3018,-2912]],"properties":{"pop":0,"kn":"1315"}},{"type":"Polygon","arcs":[[-3019,3019,3020,3021]],"properties":{"pop":0,"kn":"1315"}},{"type":"Polygon","arcs":[[-3021,3022,3023,-2915]],"properties":{"pop":0,"kn":"1315"}},{"type":"Polygon","arcs":[[3024,3025,3026,-2919]],"properties":{"pop":0,"kn":"1315"}},{"type":"Polygon","arcs":[[-3027,3027,3028,-2921]],"properties":{"pop":0,"kn":"1315"}},{"type":"Polygon","arcs":[[3029,3030,3031,3032]],"properties":{"pop":0,"kn":"1315"}},{"type":"Polygon","arcs":[[-3032,3033,3034,-2931]],"properties":{"pop":0,"kn":"1315"}},{"type":"Polygon","arcs":[[-3035,3035,3036,-2933]],"properties":{"pop":0,"kn":"1315"}},{"type":"Polygon","arcs":[[-3037,3037,3038,-2936]],"properties":{"pop":0,"kn":"1315"}},{"type":"Polygon","arcs":[[-3039,3039,3040,-2938]],"properties":{"pop":0,"kn":"1315"}},{"type":"Polygon","arcs":[[3041,3042,3043,-2943]],"properties":{"pop":0,"kn":"1315"}},{"type":"Polygon","arcs":[[3044,3045,3046]],"properties":{"pop":0,"kn":"1382"}},{"type":"Polygon","arcs":[[3047,3048,3049,-2946]],"properties":{"pop":0,"kn":"1382"}},{"type":"Polygon","arcs":[[3050,3051,3052,3053]],"properties":{"pop":0,"kn":"1382"}},{"type":"Polygon","arcs":[[3054,3055,3056,-2953]],"properties":{"pop":0,"kn":"1382"}},{"type":"Polygon","arcs":[[-3057,3057,3058,-2955]],"properties":{"pop":0,"kn":"1382"}},{"type":"Polygon","arcs":[[-3059,3059,3060,-2958]],"properties":{"pop":0,"kn":"1382"}},{"type":"Polygon","arcs":[[-3061,3061,3062,-2960]],"properties":{"pop":0,"kn":"1382"}},{"type":"Polygon","arcs":[[-3063,3063,3064,-2963]],"properties":{"pop":0,"kn":"1382"}},{"type":"Polygon","arcs":[[3065,3066,3067,-2966]],"properties":{"pop":0,"kn":"1382"}},{"type":"Polygon","arcs":[[-3068,3068,3069,-2968]],"properties":{"pop":0,"kn":"1382"}},{"type":"Polygon","arcs":[[-3070,3070,3071,3072]],"properties":{"pop":0,"kn":"1382"}},{"type":"Polygon","arcs":[[-3072,3073,3074,-2971]],"properties":{"pop":0,"kn":"1382"}},{"type":"Polygon","arcs":[[-3075,3075,3076,3077]],"properties":{"pop":0,"kn":"1315"}},{"type":"Polygon","arcs":[[3078,3079,3080,-2976]],"properties":{"pop":0,"kn":"1315"}},{"type":"Polygon","arcs":[[-3081,3081,3082,-2978]],"properties":{"pop":0,"kn":"1315"}},{"type":"Polygon","arcs":[[-3083,3083,3084,-2980]],"properties":{"pop":0,"kn":"1315"}},{"type":"Polygon","arcs":[[-3085,3085,3086,-2982]],"properties":{"pop":0,"kn":"1315"}},{"type":"Polygon","arcs":[[-3087,3087,3088,3089]],"properties":{"pop":0,"kn":"1315"}},{"type":"Polygon","arcs":[[-3089,3090,3091,-2986]],"properties":{"pop":0,"kn":"1315"}},{"type":"Polygon","arcs":[[-3092,3092,3093,-2989]],"properties":{"pop":0,"kn":"1315"}},{"type":"Polygon","arcs":[[3094,3095,3096,3097]],"properties":{"pop":0,"kn":"1315"}},{"type":"Polygon","arcs":[[3098,3099,3100,3101]],"properties":{"pop":0,"kn":"1315"}},{"type":"Polygon","arcs":[[-3101,3102,3103,3104]],"properties":{"pop":0,"kn":"1315"}},{"type":"Polygon","arcs":[[3105,3106,3107,-3004]],"properties":{"pop":0,"kn":"1315"}},{"type":"Polygon","arcs":[[3108,3109,3110,-3015]],"properties":{"pop":0,"kn":"1315"}},{"type":"Polygon","arcs":[[-3111,3111,3112,-3018]],"properties":{"pop":0,"kn":"1315"}},{"type":"Polygon","arcs":[[-3113,3113,3114,-3020]],"properties":{"pop":0,"kn":"1315"}},{"type":"Polygon","arcs":[[-3115,3115,3116,-3023]],"properties":{"pop":0,"kn":"1315"}},{"type":"Polygon","arcs":[[-3117,3117,3118,3119]],"properties":{"pop":0,"kn":"1315"}},{"type":"Polygon","arcs":[[-3119,3120,3121,-3026]],"properties":{"pop":0,"kn":"1315"}},{"type":"Polygon","arcs":[[-3122,3122,3123,-3028]],"properties":{"pop":0,"kn":"1315"}},{"type":"Polygon","arcs":[[3124,3125,3126,3127]],"properties":{"pop":0,"kn":"1315"}},{"type":"Polygon","arcs":[[3128,3129,3130,-3031]],"properties":{"pop":0,"kn":"1315"}},{"type":"Polygon","arcs":[[-3131,3131,3132,-3034]],"properties":{"pop":3,"kn":"1315"}},{"type":"Polygon","arcs":[[-3133,3133,3134,-3036]],"properties":{"pop":0,"kn":"1315"}},{"type":"Polygon","arcs":[[-3135,3135,3136,-3038]],"properties":{"pop":0,"kn":"1315"}},{"type":"Polygon","arcs":[[-3137,3137,3138,-3040]],"properties":{"pop":0,"kn":"1315"}},{"type":"Polygon","arcs":[[-3139,3139,3140,3141]],"properties":{"pop":0,"kn":"1315"}},{"type":"Polygon","arcs":[[3142,3143,3144,-3045]],"properties":{"pop":0,"kn":"1382"}},{"type":"Polygon","arcs":[[3145,3146,3147,3148]],"properties":{"pop":0,"kn":"1382"}},{"type":"Polygon","arcs":[[3149,3150,3151,3152]],"properties":{"pop":0,"kn":"1382"}},{"type":"Polygon","arcs":[[3153,3154,3155,3156]],"properties":{"pop":0,"kn":"1382"}},{"type":"Polygon","arcs":[[3157,3158,3159,-3060]],"properties":{"pop":0,"kn":"1382"}},{"type":"Polygon","arcs":[[-3160,3160,3161,-3062]],"properties":{"pop":0,"kn":"1382"}},{"type":"Polygon","arcs":[[-3162,3162,3163,-3064]],"properties":{"pop":0,"kn":"1382"}},{"type":"Polygon","arcs":[[-3164,3164,3165,3166]],"properties":{"pop":0,"kn":"1382"}},{"type":"Polygon","arcs":[[-3166,3167,3168,3169]],"properties":{"pop":0,"kn":"1382"}},{"type":"Polygon","arcs":[[-3169,3170,3171,-3067]],"properties":{"pop":0,"kn":"1382"}},{"type":"Polygon","arcs":[[3172,3173,3174,-3071]],"properties":{"pop":0,"kn":"1382"}},{"type":"Polygon","arcs":[[-3175,3175,3176,-3074]],"properties":{"pop":0,"kn":"1382"}},{"type":"Polygon","arcs":[[3177,3178,3179,3180]],"properties":{"pop":0,"kn":"1315"}},{"type":"Polygon","arcs":[[3181,3182,3183,-3084]],"properties":{"pop":0,"kn":"1315"}},{"type":"Polygon","arcs":[[-3184,3184,3185,-3086]],"properties":{"pop":0,"kn":"1315"}},{"type":"Polygon","arcs":[[-3186,3186,3187,-3088]],"properties":{"pop":0,"kn":"1315"}},{"type":"Polygon","arcs":[[-3188,3188,3189,-3091]],"properties":{"pop":0,"kn":"1315"}},{"type":"Polygon","arcs":[[-3190,3190,3191,-3093]],"properties":{"pop":0,"kn":"1315"}},{"type":"Polygon","arcs":[[3192,3193,3194,3195]],"properties":{"pop":0,"kn":"1315"}},{"type":"Polygon","arcs":[[-3195,3196,3197,3198]],"properties":{"pop":0,"kn":"1315"}},{"type":"Polygon","arcs":[[3199,3200,3201,3202]],"properties":{"pop":3,"kn":"1315"}},{"type":"Polygon","arcs":[[-3202,3203,3204,3205]],"properties":{"pop":0,"kn":"1315"}},{"type":"Polygon","arcs":[[3206,3207,3208,-3100]],"properties":{"pop":0,"kn":"1315"}},{"type":"Polygon","arcs":[[3209,3210,3211,3212]],"properties":{"pop":0,"kn":"1315"}},{"type":"Polygon","arcs":[[3213,3214,3215,-3112]],"properties":{"pop":0,"kn":"1315"}},{"type":"Polygon","arcs":[[-3216,3216,3217,-3114]],"properties":{"pop":0,"kn":"1315"}},{"type":"Polygon","arcs":[[3218,3219,3220,-3121]],"properties":{"pop":0,"kn":"1315"}},{"type":"Polygon","arcs":[[-3221,3221,3222,-3123]],"properties":{"pop":3,"kn":"1315"}},{"type":"Polygon","arcs":[[3223,3224,3225,-3126]],"properties":{"pop":0,"kn":"1315"}},{"type":"Polygon","arcs":[[-3226,3226,3227,3228]],"properties":{"pop":7,"kn":"1315"}},{"type":"Polygon","arcs":[[3229,3230,3231,-3130]],"properties":{"pop":0,"kn":"1315"}},{"type":"Polygon","arcs":[[-3232,3232,3233,-3132]],"properties":{"pop":0,"kn":"1315"}},{"type":"Polygon","arcs":[[-3234,3234,3235,-3134]],"properties":{"pop":0,"kn":"1315"}},{"type":"Polygon","arcs":[[3236,3237,3238,-3138]],"properties":{"pop":0,"kn":"1315"}},{"type":"Polygon","arcs":[[3239,3240,-3144]],"properties":{"pop":0,"kn":"1382"}},{"type":"Polygon","arcs":[[3241,3242,3243,-3159]],"properties":{"pop":0,"kn":"1382"}},{"type":"Polygon","arcs":[[-3244,3244,3245,-3161]],"properties":{"pop":0,"kn":"1382"}},{"type":"Polygon","arcs":[[-3246,3246,3247,-3163]],"properties":{"pop":0,"kn":"1382"}},{"type":"Polygon","arcs":[[-3248,3248,3249,-3165]],"properties":{"pop":0,"kn":"1382"}},{"type":"Polygon","arcs":[[-3250,3250,3251,-3168]],"properties":{"pop":0,"kn":"1382"}},{"type":"Polygon","arcs":[[-3252,3252,3253,-3171]],"properties":{"pop":0,"kn":"1382"}},{"type":"Polygon","arcs":[[-3254,3254,3255,3256]],"properties":{"pop":0,"kn":"1315"}},{"type":"Polygon","arcs":[[-3256,3257,3258,-3174]],"properties":{"pop":0,"kn":"1315"}},{"type":"Polygon","arcs":[[-3259,3259,3260,-3176]],"properties":{"pop":0,"kn":"1315"}},{"type":"Polygon","arcs":[[3261,3262,3263,-3179]],"properties":{"pop":0,"kn":"1315"}},{"type":"Polygon","arcs":[[-3264,3264,3265,3266]],"properties":{"pop":0,"kn":"1315"}},{"type":"Polygon","arcs":[[-3266,3267,3268,3269]],"properties":{"pop":0,"kn":"1315"}},{"type":"Polygon","arcs":[[-3269,3270,3271,-3183]],"properties":{"pop":0,"kn":"1315"}},{"type":"Polygon","arcs":[[-3272,3272,3273,-3185]],"properties":{"pop":0,"kn":"1315"}},{"type":"Polygon","arcs":[[-3274,3274,3275,-3187]],"properties":{"pop":0,"kn":"1315"}},{"type":"Polygon","arcs":[[3276,3277,3278,-3197]],"properties":{"pop":0,"kn":"1315"}},{"type":"Polygon","arcs":[[3279,3280,3281,3282]],"properties":{"pop":0,"kn":"1315"}},{"type":"Polygon","arcs":[[-3282,3283,3284,-3201]],"properties":{"pop":0,"kn":"1315"}},{"type":"Polygon","arcs":[[3285,3286,3287,-3208]],"properties":{"pop":0,"kn":"1315"}},{"type":"Polygon","arcs":[[3288,3289,3290,3291]],"properties":{"pop":0,"kn":"1315"}},{"type":"Polygon","arcs":[[-3291,3292,3293,3294]],"properties":{"pop":0,"kn":"1315"}},{"type":"Polygon","arcs":[[3295,3296,3297,3298]],"properties":{"pop":3,"kn":"1315"}},{"type":"Polygon","arcs":[[-3298,3299,3300,-3220]],"properties":{"pop":0,"kn":"1315"}},{"type":"Polygon","arcs":[[-3301,3301,3302,-3222]],"properties":{"pop":0,"kn":"1315"}},{"type":"Polygon","arcs":[[-3303,3303,3304,3305]],"properties":{"pop":0,"kn":"1315"}},{"type":"Polygon","arcs":[[-3305,3306,3307,-3225]],"properties":{"pop":0,"kn":"1315"}},{"type":"Polygon","arcs":[[3308,3309,3310,3311]],"properties":{"pop":0,"kn":"1315"}},{"type":"Polygon","arcs":[[-3311,3312,3313,3314]],"properties":{"pop":0,"kn":"1315"}},{"type":"Polygon","arcs":[[3315,3316,3317,-3231]],"properties":{"pop":0,"kn":"1315"}},{"type":"Polygon","arcs":[[-3318,3318,3319,-3233]],"properties":{"pop":0,"kn":"1315"}},{"type":"Polygon","arcs":[[-3320,3320,3321,-3235]],"properties":{"pop":0,"kn":"1315"}},{"type":"Polygon","arcs":[[-3322,3322,3323,3324]],"properties":{"pop":0,"kn":"1315"}},{"type":"Polygon","arcs":[[3325,3326,3327]],"properties":{"pop":0,"kn":"1315"}},{"type":"Polygon","arcs":[[3328,3329,3330,3331]],"properties":{"pop":0,"kn":"1382"}},{"type":"Polygon","arcs":[[3332,3333,3334,3335]],"properties":{"pop":0,"kn":"1382"}},{"type":"Polygon","arcs":[[3336,3337,3338,-3247]],"properties":{"pop":0,"kn":"1382"}},{"type":"Polygon","arcs":[[-3339,3339,3340,-3249]],"properties":{"pop":0,"kn":"1382"}},{"type":"Polygon","arcs":[[3341,3342,3343,-3253]],"properties":{"pop":0,"kn":"1382"}},{"type":"Polygon","arcs":[[3344,3345,3346,-3265]],"properties":{"pop":0,"kn":"1315"}},{"type":"Polygon","arcs":[[-3347,3347,3348,-3268]],"properties":{"pop":0,"kn":"1315"}},{"type":"Polygon","arcs":[[-3349,3349,3350,-3271]],"properties":{"pop":0,"kn":"1315"}},{"type":"Polygon","arcs":[[-3351,3351,3352,-3273]],"properties":{"pop":0,"kn":"1315"}},{"type":"Polygon","arcs":[[-3353,3353,3354,-3275]],"properties":{"pop":0,"kn":"1315"}},{"type":"Polygon","arcs":[[-3355,3355,3356,3357]],"properties":{"pop":0,"kn":"1315"}},{"type":"Polygon","arcs":[[3358,3359,3360,3361]],"properties":{"pop":0,"kn":"1315"}},{"type":"Polygon","arcs":[[3362,3363,3364,-3278]],"properties":{"pop":0,"kn":"1315"}},{"type":"Polygon","arcs":[[-3365,3365,3366,3367]],"properties":{"pop":0,"kn":"1315"}},{"type":"Polygon","arcs":[[-3367,3368,3369,-3281]],"properties":{"pop":0,"kn":"1315"}},{"type":"Polygon","arcs":[[3370,3371,3372,3373]],"properties":{"pop":0,"kn":"1315"}},{"type":"Polygon","arcs":[[-3373,3374,3375,3376]],"properties":{"pop":0,"kn":"1315"}},{"type":"Polygon","arcs":[[3377,3378,3379,3380]],"properties":{"pop":0,"kn":"1315"}},{"type":"Polygon","arcs":[[3381,3382,3383,-3302]],"properties":{"pop":0,"kn":"1315"}},{"type":"Polygon","arcs":[[-3384,3384,3385,-3304]],"properties":{"pop":0,"kn":"1315"}},{"type":"Polygon","arcs":[[-3386,3386,3387,-3307]],"properties":{"pop":3,"kn":"1315"}},{"type":"Polygon","arcs":[[3388,3389,3390,-3313]],"properties":{"pop":0,"kn":"1315"}},{"type":"Polygon","arcs":[[-3391,3391,3392,3393]],"properties":{"pop":0,"kn":"1315"}},{"type":"Polygon","arcs":[[3394,3395,3396,-3319]],"properties":{"pop":0,"kn":"1315"}},{"type":"Polygon","arcs":[[-3397,3397,3398,-3321]],"properties":{"pop":0,"kn":"1315"}},{"type":"Polygon","arcs":[[-3399,3399,3400,-3323]],"properties":{"pop":0,"kn":"1315"}},{"type":"Polygon","arcs":[[-3401,3401,3402]],"properties":{"pop":0,"kn":"1315"}},{"type":"Polygon","arcs":[[3403,3404,3405,-3338]],"properties":{"pop":0,"kn":"1382"}},{"type":"Polygon","arcs":[[-3406,3406,3407,-3340]],"properties":{"pop":0,"kn":"1382"}},{"type":"Polygon","arcs":[[-3408,3408,3409,3410]],"properties":{"pop":0,"kn":"1382"}},{"type":"Polygon","arcs":[[3411,3412,3413,3414]],"properties":{"pop":0,"kn":"1315"}},{"type":"Polygon","arcs":[[-3414,3415,3416,3417]],"properties":{"pop":0,"kn":"1315"}},{"type":"Polygon","arcs":[[3418,3419,3420,-3346]],"properties":{"pop":0,"kn":"1315"}},{"type":"Polygon","arcs":[[-3421,3421,3422,-3348]],"properties":{"pop":3,"kn":"1315"}},{"type":"Polygon","arcs":[[3423,3424,3425,-3352]],"properties":{"pop":0,"kn":"1315"}},{"type":"Polygon","arcs":[[-3426,3426,3427,-3354]],"properties":{"pop":0,"kn":"1315"}},{"type":"Polygon","arcs":[[-3428,3428,3429,-3356]],"properties":{"pop":0,"kn":"1315"}},{"type":"Polygon","arcs":[[-3430,3430,3431,3432]],"properties":{"pop":3,"kn":"1315"}},{"type":"Polygon","arcs":[[-3432,3433,3434,3435]],"properties":{"pop":0,"kn":"1315"}},{"type":"Polygon","arcs":[[3436,3437,3438,-3360]],"properties":{"pop":0,"kn":"1315"}},{"type":"Polygon","arcs":[[3439,3440,3441,-3364]],"properties":{"pop":0,"kn":"1315"}},{"type":"Polygon","arcs":[[-3442,3442,3443,-3366]],"properties":{"pop":0,"kn":"1315"}},{"type":"Polygon","arcs":[[3444,3445,3446,3447]],"properties":{"pop":0,"kn":"1315"}},{"type":"Polygon","arcs":[[-3447,3448,3449,-3372]],"properties":{"pop":0,"kn":"1315"}},{"type":"Polygon","arcs":[[-3450,3450,3451,-3375]],"properties":{"pop":0,"kn":"1315"}},{"type":"Polygon","arcs":[[3452,3453,3454,3455]],"properties":{"pop":0,"kn":"1315"}},{"type":"Polygon","arcs":[[3456,3457,3458,3459]],"properties":{"pop":0,"kn":"1315"}},{"type":"Polygon","arcs":[[-3459,3460,3461,3462]],"properties":{"pop":0,"kn":"1315"}},{"type":"Polygon","arcs":[[3463,3464,3465,3466]],"properties":{"pop":0,"kn":"1315"}},{"type":"Polygon","arcs":[[-3466,3467,3468,3469]],"properties":{"pop":0,"kn":"1315"}},{"type":"Polygon","arcs":[[3470,3471,3472,-3387]],"properties":{"pop":0,"kn":"1315"}},{"type":"Polygon","arcs":[[-3473,3473,3474,3475]],"properties":{"pop":0,"kn":"1315"}},{"type":"Polygon","arcs":[[-3475,3476,3477,3478]],"properties":{"pop":0,"kn":"1315"}},{"type":"Polygon","arcs":[[-3478,3479,3480,-3390]],"properties":{"pop":0,"kn":"1315"}},{"type":"Polygon","arcs":[[3481,3482,3483,3484]],"properties":{"pop":0,"kn":"1315"}},{"type":"Polygon","arcs":[[-3484,3485,3486,-3396]],"properties":{"pop":0,"kn":"1315"}},{"type":"Polygon","arcs":[[3487,3488,-3400]],"properties":{"pop":0,"kn":"1315"}},{"type":"Polygon","arcs":[[3489,3490,3491,3492]],"properties":{"pop":0,"kn":"1383"}},{"type":"Polygon","arcs":[[3493,3494,3495,3496]],"properties":{"pop":0,"kn":"1382"}},{"type":"Polygon","arcs":[[3497,3498,3499,3500]],"properties":{"pop":0,"kn":"1382"}},{"type":"Polygon","arcs":[[-3500,3501,3502,3503]],"properties":{"pop":0,"kn":"1382"}},{"type":"Polygon","arcs":[[3504,3505,3506,3507]],"properties":{"pop":0,"kn":"1382"}},{"type":"Polygon","arcs":[[-3507,3508,3509,3510]],"properties":{"pop":0,"kn":"1382"}},{"type":"Polygon","arcs":[[3511,3512,3513,3514]],"properties":{"pop":0,"kn":"1382"}},{"type":"Polygon","arcs":[[-3514,3515,3516,3517]],"properties":{"pop":0,"kn":"1382"}},{"type":"Polygon","arcs":[[-3517,3518,3519,3520]],"properties":{"pop":0,"kn":"1382"}},{"type":"Polygon","arcs":[[3521,3522,3523,-3407]],"properties":{"pop":0,"kn":"1382"}},{"type":"Polygon","arcs":[[-3524,3524,3525,-3409]],"properties":{"pop":0,"kn":"1382"}},{"type":"Polygon","arcs":[[-3526,3526,3527,3528]],"properties":{"pop":0,"kn":"1382"}},{"type":"Polygon","arcs":[[-3528,3529,3530,-3413]],"properties":{"pop":0,"kn":"1315"}},{"type":"Polygon","arcs":[[-3531,3531,3532,-3416]],"properties":{"pop":0,"kn":"1315"}},{"type":"Polygon","arcs":[[-3533,3533,3534,3535]],"properties":{"pop":0,"kn":"1315"}},{"type":"Polygon","arcs":[[3536,3537,3538,-3420]],"properties":{"pop":0,"kn":"1315"}},{"type":"Polygon","arcs":[[3539,3540,3541,3542]],"properties":{"pop":0,"kn":"1315"}},{"type":"Polygon","arcs":[[3543,3544,3545,-3427]],"properties":{"pop":0,"kn":"1315"}},{"type":"Polygon","arcs":[[-3546,3546,3547,-3429]],"properties":{"pop":0,"kn":"1315"}},{"type":"Polygon","arcs":[[3548,3549,3550,-3434]],"properties":{"pop":0,"kn":"1315"}},{"type":"Polygon","arcs":[[-3551,3551,3552,3553]],"properties":{"pop":0,"kn":"1315"}},{"type":"Polygon","arcs":[[-3553,3554,3555,-3438]],"properties":{"pop":0,"kn":"1315"}},{"type":"Polygon","arcs":[[3556,3557,3558,-3441]],"properties":{"pop":0,"kn":"1315"}},{"type":"Polygon","arcs":[[-3559,3559,3560,-3443]],"properties":{"pop":0,"kn":"1315"}},{"type":"Polygon","arcs":[[3561,3562,3563,-3446]],"properties":{"pop":0,"kn":"1315"}},{"type":"Polygon","arcs":[[-3564,3564,3565,-3449]],"properties":{"pop":3,"kn":"1315"}},{"type":"Polygon","arcs":[[3566,3567,3568,-3454]],"properties":{"pop":0,"kn":"1315"}},{"type":"Polygon","arcs":[[3569,3570,3571,3572]],"properties":{"pop":4,"kn":"1315"}},{"type":"Polygon","arcs":[[-3572,3573,3574,-3458]],"properties":{"pop":0,"kn":"1315"}},{"type":"Polygon","arcs":[[3575,3576,3577,3578]],"properties":{"pop":0,"kn":"1315"}},{"type":"Polygon","arcs":[[-3578,3579,3580,-3465]],"properties":{"pop":0,"kn":"1315"}},{"type":"Polygon","arcs":[[3581,3582,3583,3584]],"properties":{"pop":0,"kn":"1315"}},{"type":"Polygon","arcs":[[3585,3586,3587,-3472]],"properties":{"pop":0,"kn":"1315"}},{"type":"Polygon","arcs":[[3588,3589,3590,-3477]],"properties":{"pop":0,"kn":"1315"}},{"type":"Polygon","arcs":[[-3591,3591,3592,-3480]],"properties":{"pop":0,"kn":"1315"}},{"type":"Polygon","arcs":[[-3593,3593,3594,3595]],"properties":{"pop":0,"kn":"1315"}},{"type":"Polygon","arcs":[[-3595,3596,3597,-3483]],"properties":{"pop":0,"kn":"1315"}},{"type":"Polygon","arcs":[[-3598,3598,3599,-3486]],"properties":{"pop":0,"kn":"1315"}},{"type":"Polygon","arcs":[[-3600,3600,3601,3602]],"properties":{"pop":0,"kn":"1315"}},{"type":"Polygon","arcs":[[3603,3604,3605,-3506]],"properties":{"pop":0,"kn":"1382"}},{"type":"Polygon","arcs":[[3606,3607,3608,3609]],"properties":{"pop":0,"kn":"1382"}},{"type":"Polygon","arcs":[[3610,3611,3612,3613]],"properties":{"pop":5,"kn":"1382"}},{"type":"Polygon","arcs":[[-3613,3614,3615,-3513]],"properties":{"pop":0,"kn":"1382"}},{"type":"Polygon","arcs":[[-3616,3616,3617,-3516]],"properties":{"pop":0,"kn":"1382"}},{"type":"Polygon","arcs":[[-3618,3618,3619,-3519]],"properties":{"pop":0,"kn":"1382"}},{"type":"Polygon","arcs":[[3620,3621,3622,-3525]],"properties":{"pop":0,"kn":"1382"}},{"type":"Polygon","arcs":[[-3623,3623,3624,-3527]],"properties":{"pop":0,"kn":"1382"}},{"type":"Polygon","arcs":[[-3625,3625,3626,-3530]],"properties":{"pop":0,"kn":"1382"}},{"type":"Polygon","arcs":[[-3627,3627,3628,-3532]],"properties":{"pop":0,"kn":"1315"}},{"type":"Polygon","arcs":[[3629,3630,3631,-3538]],"properties":{"pop":0,"kn":"1315"}},{"type":"Polygon","arcs":[[-3632,3632,3633,3634]],"properties":{"pop":0,"kn":"1315"}},{"type":"Polygon","arcs":[[-3634,3635,3636,-3541]],"properties":{"pop":0,"kn":"1315"}},{"type":"Polygon","arcs":[[-3637,3637,3638,3639]],"properties":{"pop":0,"kn":"1315"}},{"type":"Polygon","arcs":[[3640,3641,3642,3643]],"properties":{"pop":0,"kn":"1315"}},{"type":"Polygon","arcs":[[-3643,3644,3645,-3550]],"properties":{"pop":0,"kn":"1315"}},{"type":"Polygon","arcs":[[3646,3647,3648,-3560]],"properties":{"pop":0,"kn":"1315"}},{"type":"Polygon","arcs":[[-3649,3649,3650,3651]],"properties":{"pop":0,"kn":"1315"}},{"type":"Polygon","arcs":[[-3651,3652,3653,-3563]],"properties":{"pop":0,"kn":"1315"}},{"type":"Polygon","arcs":[[-3654,3654,3655,-3565]],"properties":{"pop":0,"kn":"1315"}},{"type":"Polygon","arcs":[[-3656,3656,3657,3658]],"properties":{"pop":0,"kn":"1315"}},{"type":"Polygon","arcs":[[-3658,3659,3660,3661]],"properties":{"pop":0,"kn":"1315"}},{"type":"Polygon","arcs":[[3662,3663,3664,3665]],"properties":{"pop":3,"kn":"1315"}},{"type":"Polygon","arcs":[[-3665,3666,3667,-3568]],"properties":{"pop":0,"kn":"1315"}},{"type":"Polygon","arcs":[[-3668,3668,3669,3670]],"properties":{"pop":0,"kn":"1315"}},{"type":"Polygon","arcs":[[-3670,3671,3672,3673]],"properties":{"pop":0,"kn":"1315"}},{"type":"Polygon","arcs":[[3674,3675,3676,-3577]],"properties":{"pop":0,"kn":"1315"}},{"type":"Polygon","arcs":[[-3677,3677,3678,-3580]],"properties":{"pop":0,"kn":"1315"}},{"type":"Polygon","arcs":[[3679,3680,3681,3682]],"properties":{"pop":3,"kn":"1315"}},{"type":"Polygon","arcs":[[3683,3684,3685,3686]],"properties":{"pop":0,"kn":"1315"}},{"type":"Polygon","arcs":[[3687,3688,3689,3690]],"properties":{"pop":0,"kn":"1315"}},{"type":"Polygon","arcs":[[3691,3692,3693,-3592]],"properties":{"pop":0,"kn":"1315"}},{"type":"Polygon","arcs":[[-3694,3694,3695,-3594]],"properties":{"pop":0,"kn":"1315"}},{"type":"Polygon","arcs":[[3696,3697,3698,-3601]],"properties":{"pop":0,"kn":"1315"}},{"type":"Polygon","arcs":[[3699,3700,3701]],"properties":{"pop":0,"kn":"1383"}},{"type":"Polygon","arcs":[[3702,3703,3704,3705]],"properties":{"pop":0,"kn":"1383"}},{"type":"Polygon","arcs":[[3706,3707,3708,3709]],"properties":{"pop":3,"kn":"1383"}},{"type":"Polygon","arcs":[[3710,3711,3712,-3615]],"properties":{"pop":0,"kn":"1382"}},{"type":"Polygon","arcs":[[3713,3714,3715,-3619]],"properties":{"pop":0,"kn":"1382"}},{"type":"Polygon","arcs":[[3716,3717,3718,3719]],"properties":{"pop":0,"kn":"1382"}},{"type":"Polygon","arcs":[[-3719,3720,3721,3722]],"properties":{"pop":0,"kn":"1382"}},{"type":"Polygon","arcs":[[-3722,3723,3724,-3622]],"properties":{"pop":0,"kn":"1382"}},{"type":"Polygon","arcs":[[-3725,3725,3726,-3624]],"properties":{"pop":0,"kn":"1382"}},{"type":"Polygon","arcs":[[-3727,3727,3728,-3626]],"properties":{"pop":0,"kn":"1382"}},{"type":"Polygon","arcs":[[-3729,3729,3730,-3628]],"properties":{"pop":0,"kn":"1382"}},{"type":"Polygon","arcs":[[-3731,3731,3732,3733]],"properties":{"pop":0,"kn":"1315"}},{"type":"Polygon","arcs":[[-3733,3734,3735,3736]],"properties":{"pop":0,"kn":"1382"}},{"type":"Polygon","arcs":[[-3736,3737,3738,3739]],"properties":{"pop":0,"kn":"1315"}},{"type":"Polygon","arcs":[[-3739,3740,3741,-3631]],"properties":{"pop":0,"kn":"1315"}},{"type":"Polygon","arcs":[[-3742,3742,3743,-3633]],"properties":{"pop":0,"kn":"1315"}},{"type":"Polygon","arcs":[[3744,3745,3746,3747]],"properties":{"pop":0,"kn":"1315"}},{"type":"Polygon","arcs":[[3748,3749,3750,-3642]],"properties":{"pop":0,"kn":"1315"}},{"type":"Polygon","arcs":[[-3751,3751,3752,-3645]],"properties":{"pop":0,"kn":"1315"}},{"type":"Polygon","arcs":[[3753,3754,3755,-3655]],"properties":{"pop":0,"kn":"1315"}},{"type":"Polygon","arcs":[[3756,3757,3758,-3667]],"properties":{"pop":0,"kn":"1315"}},{"type":"Polygon","arcs":[[-3759,3759,3760,-3669]],"properties":{"pop":0,"kn":"1315"}},{"type":"Polygon","arcs":[[3761,3762,3763,-3676]],"properties":{"pop":0,"kn":"1315"}},{"type":"Polygon","arcs":[[-3764,3764,3765,-3678]],"properties":{"pop":0,"kn":"1315"}},{"type":"Polygon","arcs":[[3766,3767,3768,-3681]],"properties":{"pop":0,"kn":"1315"}},{"type":"Polygon","arcs":[[3769,3770,3771,-3685]],"properties":{"pop":0,"kn":"1315"}},{"type":"Polygon","arcs":[[-3772,3772,3773,3774]],"properties":{"pop":0,"kn":"1315"}},{"type":"Polygon","arcs":[[-3774,3775,3776,-3689]],"properties":{"pop":0,"kn":"1315"}},{"type":"Polygon","arcs":[[3777,3778,3779,3780]],"properties":{"pop":0,"kn":"1315"}},{"type":"Polygon","arcs":[[-3780,3781,3782,3783]],"properties":{"pop":3,"kn":"1315"}},{"type":"Polygon","arcs":[[-3783,3784,3785,-3698]],"properties":{"pop":0,"kn":"1315"}},{"type":"Polygon","arcs":[[3786,3787,3788,-3721]],"properties":{"pop":0,"kn":"1382"}},{"type":"Polygon","arcs":[[-3789,3789,3790,-3724]],"properties":{"pop":0,"kn":"1382"}},{"type":"Polygon","arcs":[[-3791,3791,3792,-3726]],"properties":{"pop":3,"kn":"1382"}},{"type":"Polygon","arcs":[[3793,3794,3795,-3732]],"properties":{"pop":0,"kn":"1382"}},{"type":"Polygon","arcs":[[-3796,3796,3797,-3735]],"properties":{"pop":0,"kn":"1382"}},{"type":"Polygon","arcs":[[-3798,3798,3799,-3738]],"properties":{"pop":0,"kn":"1382"}},{"type":"Polygon","arcs":[[-3800,3800,3801,-3741]],"properties":{"pop":0,"kn":"1315"}},{"type":"Polygon","arcs":[[-3802,3802,3803,-3743]],"properties":{"pop":0,"kn":"1315"}},{"type":"Polygon","arcs":[[3804,3805,3806,3807]],"properties":{"pop":0,"kn":"1315"}},{"type":"Polygon","arcs":[[-3807,3808,3809,-3746]],"properties":{"pop":0,"kn":"1315"}},{"type":"Polygon","arcs":[[-3810,3810,3811,3812]],"properties":{"pop":0,"kn":"1315"}},{"type":"Polygon","arcs":[[3813,3814,3815,3816]],"properties":{"pop":0,"kn":"1315"}},{"type":"Polygon","arcs":[[-3816,3817,3818,3819]],"properties":{"pop":0,"kn":"1315"}},{"type":"Polygon","arcs":[[3820,3821,3822]],"properties":{"pop":0,"kn":"1315"}},{"type":"Polygon","arcs":[[-3822,3823,3824,3825]],"properties":{"pop":0,"kn":"1315"}},{"type":"Polygon","arcs":[[3826,3827,3828,3829]],"properties":{"pop":0,"kn":"1315"}},{"type":"Polygon","arcs":[[3830,3831,3832,3833]],"properties":{"pop":0,"kn":"1315"}},{"type":"Polygon","arcs":[[3834,3835,3836,-3758]],"properties":{"pop":0,"kn":"1315"}},{"type":"Polygon","arcs":[[-3837,3837,3838,-3760]],"properties":{"pop":4,"kn":"1315"}},{"type":"Polygon","arcs":[[3839,3840,3841,-3763]],"properties":{"pop":0,"kn":"1315"}},{"type":"Polygon","arcs":[[3842,3843,3844,3845]],"properties":{"pop":0,"kn":"1315"}},{"type":"Polygon","arcs":[[3846,3847,3848,3849]],"properties":{"pop":0,"kn":"1315"}},{"type":"Polygon","arcs":[[-3849,3850,3851,-3771]],"properties":{"pop":0,"kn":"1315"}},{"type":"Polygon","arcs":[[-3852,3852,3853,-3773]],"properties":{"pop":0,"kn":"1315"}},{"type":"Polygon","arcs":[[-3854,3854,3855,-3776]],"properties":{"pop":0,"kn":"1315"}},{"type":"Polygon","arcs":[[-3856,3856,3857,3858]],"properties":{"pop":0,"kn":"1315"}},{"type":"Polygon","arcs":[[-3858,3859,3860,3861]],"properties":{"pop":0,"kn":"1315"}},{"type":"Polygon","arcs":[[-3861,3862,3863,3864]],"properties":{"pop":0,"kn":"1315"}},{"type":"Polygon","arcs":[[-3864,3865,3866,-3779]],"properties":{"pop":0,"kn":"1315"}},{"type":"Polygon","arcs":[[-3867,3867,3868,-3782]],"properties":{"pop":0,"kn":"1315"}},{"type":"Polygon","arcs":[[-3869,3869,3870,-3785]],"properties":{"pop":0,"kn":"1315"}},{"type":"Polygon","arcs":[[3871,3872,3873,3874]],"properties":{"pop":0,"kn":"1383"}},{"type":"Polygon","arcs":[[3875,3876,3877,3878]],"properties":{"pop":0,"kn":"1382"}},{"type":"Polygon","arcs":[[-3878,3879,3880,3881]],"properties":{"pop":0,"kn":"1382"}},{"type":"Polygon","arcs":[[3882,3883,3884,-3788]],"properties":{"pop":0,"kn":"1382"}},{"type":"Polygon","arcs":[[-3885,3885,3886,-3790]],"properties":{"pop":0,"kn":"1382"}},{"type":"Polygon","arcs":[[-3887,3887,3888,-3792]],"properties":{"pop":0,"kn":"1382"}},{"type":"Polygon","arcs":[[-3889,3889,3890,3891]],"properties":{"pop":0,"kn":"1382"}},{"type":"Polygon","arcs":[[3892,3893,3894,-3797]],"properties":{"pop":0,"kn":"1382"}},{"type":"Polygon","arcs":[[-3895,3895,3896,-3799]],"properties":{"pop":0,"kn":"1382"}},{"type":"Polygon","arcs":[[3897,3898,3899,3900]],"properties":{"pop":0,"kn":"1315"}},{"type":"Polygon","arcs":[[-3900,3901,3902,-3806]],"properties":{"pop":0,"kn":"1315"}},{"type":"Polygon","arcs":[[-3903,3903,3904,-3809]],"properties":{"pop":0,"kn":"1315"}},{"type":"Polygon","arcs":[[-3905,3905,3906,-3811]],"properties":{"pop":0,"kn":"1315"}},{"type":"Polygon","arcs":[[-3907,3907,3908,3909]],"properties":{"pop":0,"kn":"1315"}},{"type":"Polygon","arcs":[[3910,3911,3912,-3818]],"properties":{"pop":0,"kn":"1315"}},{"type":"Polygon","arcs":[[-3913,3913,3914,3915]],"properties":{"pop":0,"kn":"1315"}},{"type":"Polygon","arcs":[[-3915,3916,3917,3918]],"properties":{"pop":0,"kn":"1315"}},{"type":"Polygon","arcs":[[3919,3920,3921]],"properties":{"pop":0,"kn":"1315"}},{"type":"Polygon","arcs":[[-3921,3922,3923,-3828]],"properties":{"pop":0,"kn":"1315"}},{"type":"Polygon","arcs":[[3924,3925,3926,3927]],"properties":{"pop":0,"kn":"1315"}},{"type":"Polygon","arcs":[[-3927,3928,3929,-3836]],"properties":{"pop":0,"kn":"1315"}},{"type":"Polygon","arcs":[[-3930,3930,3931,-3838]],"properties":{"pop":0,"kn":"1315"}},{"type":"Polygon","arcs":[[-3932,3932,3933,3934]],"properties":{"pop":0,"kn":"1315"}},{"type":"Polygon","arcs":[[3935,3936,3937,-3841]],"properties":{"pop":0,"kn":"1315"}},{"type":"Polygon","arcs":[[-3938,3938,3939,3940]],"properties":{"pop":0,"kn":"1315"}},{"type":"Polygon","arcs":[[-3940,3941,3942,-3844]],"properties":{"pop":0,"kn":"1315"}},{"type":"Polygon","arcs":[[-3943,3943,3944,3945]],"properties":{"pop":0,"kn":"1315"}},{"type":"Polygon","arcs":[[-3945,3946,3947,-3848]],"properties":{"pop":0,"kn":"1315"}},{"type":"Polygon","arcs":[[-3948,3948,3949,-3851]],"properties":{"pop":0,"kn":"1315"}},{"type":"Polygon","arcs":[[3950,3951,3952,-3855]],"properties":{"pop":0,"kn":"1315"}},{"type":"Polygon","arcs":[[-3953,3953,3954,-3857]],"properties":{"pop":0,"kn":"1315"}},{"type":"Polygon","arcs":[[-3955,3955,3956,-3860]],"properties":{"pop":0,"kn":"1315"}},{"type":"Polygon","arcs":[[-3957,3957,3958,-3863]],"properties":{"pop":0,"kn":"1315"}},{"type":"Polygon","arcs":[[3959,3960,3961,-3868]],"properties":{"pop":0,"kn":"1315"}},{"type":"Polygon","arcs":[[3962,3963,3964]],"properties":{"pop":0,"kn":"1383"}},{"type":"Polygon","arcs":[[3965,3966,3967,3968]],"properties":{"pop":0,"kn":"1383"}},{"type":"Polygon","arcs":[[3969,3970,3971,-3873]],"properties":{"pop":0,"kn":"1383"}},{"type":"Polygon","arcs":[[3972,3973,3974,3975]],"properties":{"pop":3,"kn":"1382"}},{"type":"Polygon","arcs":[[3976,3977,3978,3979]],"properties":{"pop":0,"kn":"1382"}},{"type":"Polygon","arcs":[[3980,3981,3982,-3877]],"properties":{"pop":0,"kn":"1382"}},{"type":"Polygon","arcs":[[-3983,3983,3984,-3880]],"properties":{"pop":0,"kn":"1382"}},{"type":"Polygon","arcs":[[3985,3986,3987,-3884]],"properties":{"pop":0,"kn":"1382"}},{"type":"Polygon","arcs":[[-3988,3988,3989,-3886]],"properties":{"pop":0,"kn":"1382"}},{"type":"Polygon","arcs":[[-3990,3990,3991,-3888]],"properties":{"pop":0,"kn":"1382"}},{"type":"Polygon","arcs":[[-3992,3992,3993,-3890]],"properties":{"pop":0,"kn":"1382"}},{"type":"Polygon","arcs":[[-3994,3994,3995,3996]],"properties":{"pop":0,"kn":"1382"}},{"type":"Polygon","arcs":[[3997,3998,3999,4000]],"properties":{"pop":0,"kn":"1315"}},{"type":"Polygon","arcs":[[-4000,4001,4002,4003]],"properties":{"pop":0,"kn":"1315"}},{"type":"Polygon","arcs":[[4004,4005,4006,-3902]],"properties":{"pop":0,"kn":"1315"}},{"type":"Polygon","arcs":[[-4007,4007,4008,-3904]],"properties":{"pop":0,"kn":"1382"}},{"type":"Polygon","arcs":[[4009,4010,4011,-3908]],"properties":{"pop":0,"kn":"1382"}},{"type":"Polygon","arcs":[[-4012,4012,4013,4014]],"properties":{"pop":0,"kn":"1315"}},{"type":"Polygon","arcs":[[4015,4016,4017,-3914]],"properties":{"pop":3,"kn":"1315"}},{"type":"Polygon","arcs":[[-4018,4018,4019,-3917]],"properties":{"pop":0,"kn":"1315"}},{"type":"Polygon","arcs":[[4020,4021,4022,-3923]],"properties":{"pop":0,"kn":"1315"}},{"type":"Polygon","arcs":[[4023,4024,4025,-3926]],"properties":{"pop":0,"kn":"1315"}},{"type":"Polygon","arcs":[[-4026,4026,4027,-3929]],"properties":{"pop":0,"kn":"1315"}},{"type":"Polygon","arcs":[[-4028,4028,4029,-3931]],"properties":{"pop":0,"kn":"1315"}},{"type":"Polygon","arcs":[[-4030,4030,4031,-3933]],"properties":{"pop":0,"kn":"1315"}},{"type":"Polygon","arcs":[[4032,4033,4034,-3937]],"properties":{"pop":0,"kn":"1315"}},{"type":"Polygon","arcs":[[-4035,4035,4036,-3939]],"properties":{"pop":0,"kn":"1315"}},{"type":"Polygon","arcs":[[4037,4038,4039,-3947]],"properties":{"pop":0,"kn":"1315"}},{"type":"Polygon","arcs":[[-4040,4040,4041,-3949]],"properties":{"pop":0,"kn":"1315"}},{"type":"Polygon","arcs":[[-4042,4042,4043,4044]],"properties":{"pop":0,"kn":"1315"}},{"type":"Polygon","arcs":[[4045,4046,4047,4048]],"properties":{"pop":0,"kn":"1315"}},{"type":"Polygon","arcs":[[-4048,4049,4050,-3961]],"properties":{"pop":3,"kn":"1315"}},{"type":"Polygon","arcs":[[-4051,4051,4052]],"properties":{"pop":0,"kn":"1315"}},{"type":"Polygon","arcs":[[4053,4054,4055]],"properties":{"pop":0,"kn":"1383"}},{"type":"Polygon","arcs":[[4056,4057,4058,4059]],"properties":{"pop":0,"kn":"1383"}},{"type":"Polygon","arcs":[[4060,4061,4062,4063]],"properties":{"pop":0,"kn":"1382"}},{"type":"Polygon","arcs":[[-4063,4064,4065,-3982]],"properties":{"pop":0,"kn":"1382"}},{"type":"Polygon","arcs":[[-4066,4066,4067,-3984]],"properties":{"pop":0,"kn":"1382"}},{"type":"Polygon","arcs":[[-4068,4068,4069,4070]],"properties":{"pop":0,"kn":"1382"}},{"type":"Polygon","arcs":[[-4070,4071,4072,-3987]],"properties":{"pop":0,"kn":"1382"}},{"type":"Polygon","arcs":[[4073,4074,4075,-3991]],"properties":{"pop":0,"kn":"1382"}},{"type":"Polygon","arcs":[[-4076,4076,4077,-3993]],"properties":{"pop":0,"kn":"1382"}},{"type":"Polygon","arcs":[[-4078,4078,4079,-3995]],"properties":{"pop":0,"kn":"1382"}},{"type":"Polygon","arcs":[[4080,4081,4082,4083]],"properties":{"pop":0,"kn":"1382"}},{"type":"Polygon","arcs":[[-4083,4084,4085,-3999]],"properties":{"pop":0,"kn":"1382"}},{"type":"Polygon","arcs":[[-4086,4086,4087,-4002]],"properties":{"pop":0,"kn":"1315"}},{"type":"Polygon","arcs":[[-4088,4088,4089,4090]],"properties":{"pop":0,"kn":"1382"}},{"type":"Polygon","arcs":[[-4090,4091,4092,-4006]],"properties":{"pop":0,"kn":"1382"}},{"type":"Polygon","arcs":[[-4093,4093,4094,-4008]],"properties":{"pop":0,"kn":"1382"}},{"type":"Polygon","arcs":[[4095,4096,4097,-4017]],"properties":{"pop":0,"kn":"1315"}},{"type":"Polygon","arcs":[[4098,4099,-4022]],"properties":{"pop":0,"kn":"1315"}},{"type":"Polygon","arcs":[[4100,4101,4102,4103]],"properties":{"pop":0,"kn":"1315"}},{"type":"Polygon","arcs":[[4104,4105,4106,-4025]],"properties":{"pop":0,"kn":"1315"}},{"type":"Polygon","arcs":[[-4107,4107,4108,-4027]],"properties":{"pop":0,"kn":"1315"}},{"type":"Polygon","arcs":[[-4109,4109,4110,-4029]],"properties":{"pop":0,"kn":"1315"}},{"type":"Polygon","arcs":[[-4111,4111,4112,-4031]],"properties":{"pop":0,"kn":"1315"}},{"type":"Polygon","arcs":[[-4113,4113,4114,4115]],"properties":{"pop":0,"kn":"1315"}},{"type":"Polygon","arcs":[[4116,4117,4118,-4034]],"properties":{"pop":0,"kn":"1315"}},{"type":"Polygon","arcs":[[-4119,4119,4120,-4036]],"properties":{"pop":0,"kn":"1315"}},{"type":"Polygon","arcs":[[-4121,4121,4122,4123]],"properties":{"pop":0,"kn":"1315"}},{"type":"Polygon","arcs":[[4124,4125,4126,-4039]],"properties":{"pop":0,"kn":"1315"}},{"type":"Polygon","arcs":[[-4127,4127,4128,-4041]],"properties":{"pop":0,"kn":"1315"}},{"type":"Polygon","arcs":[[-4129,4129,4130,-4043]],"properties":{"pop":0,"kn":"1315"}},{"type":"Polygon","arcs":[[-4131,4131,4132,4133]],"properties":{"pop":0,"kn":"1315"}},{"type":"Polygon","arcs":[[-4133,4134,4135,4136]],"properties":{"pop":0,"kn":"1315"}},{"type":"Polygon","arcs":[[4137,4138,-4050]],"properties":{"pop":0,"kn":"1315"}},{"type":"Polygon","arcs":[[4139,4140,4141,4142]],"properties":{"pop":0,"kn":"1383"}},{"type":"Polygon","arcs":[[4143,4144,4145,-4065]],"properties":{"pop":0,"kn":"1382"}},{"type":"Polygon","arcs":[[-4146,4146,4147,-4067]],"properties":{"pop":0,"kn":"1382"}},{"type":"Polygon","arcs":[[-4148,4148,4149,-4069]],"properties":{"pop":0,"kn":"1382"}},{"type":"Polygon","arcs":[[-4150,4150,4151,-4072]],"properties":{"pop":0,"kn":"1382"}},{"type":"Polygon","arcs":[[-4152,4152,4153,4154]],"properties":{"pop":6,"kn":"1382"}},{"type":"Polygon","arcs":[[-4154,4155,4156,-4075]],"properties":{"pop":0,"kn":"1382"}},{"type":"Polygon","arcs":[[-4157,4157,4158,-4077]],"properties":{"pop":0,"kn":"1382"}},{"type":"Polygon","arcs":[[-4159,4159,4160,-4079]],"properties":{"pop":0,"kn":"1382"}},{"type":"Polygon","arcs":[[-4161,4161,4162,4163]],"properties":{"pop":0,"kn":"1382"}},{"type":"Polygon","arcs":[[-4163,4164,4165,4166]],"properties":{"pop":0,"kn":"1382"}},{"type":"Polygon","arcs":[[-4166,4167,4168,-4082]],"properties":{"pop":0,"kn":"1382"}},{"type":"Polygon","arcs":[[-4169,4169,4170,-4085]],"properties":{"pop":0,"kn":"1382"}},{"type":"Polygon","arcs":[[4171,4172,4173,-4089]],"properties":{"pop":0,"kn":"1382"}},{"type":"Polygon","arcs":[[-4174,4174,4175,-4092]],"properties":{"pop":0,"kn":"1382"}},{"type":"Polygon","arcs":[[-4176,4176,4177,-4094]],"properties":{"pop":0,"kn":"1382"}},{"type":"Polygon","arcs":[[-4178,4178,4179,4180]],"properties":{"pop":0,"kn":"1382"}},{"type":"Polygon","arcs":[[-4180,4181,4182,4183]],"properties":{"pop":0,"kn":"1382"}},{"type":"Polygon","arcs":[[-4183,4184,4185,4186]],"properties":{"pop":0,"kn":"1315"}},{"type":"Polygon","arcs":[[4187,4188,4189,4190]],"properties":{"pop":0,"kn":"1315"}},{"type":"Polygon","arcs":[[-4190,4191,4192,-4097]],"properties":{"pop":0,"kn":"1315"}},{"type":"Polygon","arcs":[[4193,4194,4195]],"properties":{"pop":0,"kn":"1315"}},{"type":"Polygon","arcs":[[4196,4197,4198,-4112]],"properties":{"pop":0,"kn":"1315"}},{"type":"Polygon","arcs":[[4199,4200,4201,-4120]],"properties":{"pop":0,"kn":"1315"}},{"type":"Polygon","arcs":[[-4202,4202,4203,-4122]],"properties":{"pop":0,"kn":"1315"}},{"type":"Polygon","arcs":[[4204,4205,4206,-4128]],"properties":{"pop":0,"kn":"1315"}},{"type":"Polygon","arcs":[[-4207,4207,4208,-4130]],"properties":{"pop":0,"kn":"1315"}},{"type":"Polygon","arcs":[[-4209,4209,4210,-4132]],"properties":{"pop":0,"kn":"1315"}},{"type":"Polygon","arcs":[[4211,4212,4213,4214]],"properties":{"pop":0,"kn":"1315"}},{"type":"Polygon","arcs":[[-4214,4215,4216,4217]],"properties":{"pop":0,"kn":"1315"}},{"type":"Polygon","arcs":[[-4217,4218,4219]],"properties":{"pop":0,"kn":"1315"}},{"type":"Polygon","arcs":[[4220,4221,4222]],"properties":{"pop":0,"kn":"1383"}},{"type":"Polygon","arcs":[[-4222,4223,4224,4225]],"properties":{"pop":0,"kn":"1383"}},{"type":"Polygon","arcs":[[4226,4227,4228,4229]],"properties":{"pop":0,"kn":"1383"}},{"type":"Polygon","arcs":[[4230,4231,4232,4233]],"properties":{"pop":0,"kn":"1383"}},{"type":"Polygon","arcs":[[-4233,4234,4235,4236]],"properties":{"pop":0,"kn":"1383"}},{"type":"Polygon","arcs":[[4237,4238,4239,4240]],"properties":{"pop":0,"kn":"1383"}},{"type":"Polygon","arcs":[[-4240,4241,4242,4243]],"properties":{"pop":0,"kn":"1382"}},{"type":"Polygon","arcs":[[-4243,4244,4245,4246]],"properties":{"pop":0,"kn":"1382"}},{"type":"Polygon","arcs":[[4247,4248,4249,4250]],"properties":{"pop":0,"kn":"1382"}},{"type":"Polygon","arcs":[[4251,4252,4253,-4145]],"properties":{"pop":0,"kn":"1382"}},{"type":"Polygon","arcs":[[-4254,4254,4255,-4147]],"properties":{"pop":0,"kn":"1382"}},{"type":"Polygon","arcs":[[-4256,4256,4257,-4149]],"properties":{"pop":0,"kn":"1382"}},{"type":"Polygon","arcs":[[-4258,4258,4259,-4151]],"properties":{"pop":0,"kn":"1382"}},{"type":"Polygon","arcs":[[-4260,4260,4261,-4153]],"properties":{"pop":0,"kn":"1382"}},{"type":"Polygon","arcs":[[4262,4263,4264,-4158]],"properties":{"pop":0,"kn":"1382"}},{"type":"Polygon","arcs":[[-4265,4265,4266,-4160]],"properties":{"pop":0,"kn":"1382"}},{"type":"Polygon","arcs":[[-4267,4267,4268,-4162]],"properties":{"pop":0,"kn":"1382"}},{"type":"Polygon","arcs":[[-4269,4269,4270,-4165]],"properties":{"pop":3,"kn":"1382"}},{"type":"Polygon","arcs":[[4271,4272,4273,-4170]],"properties":{"pop":0,"kn":"1382"}},{"type":"Polygon","arcs":[[4274,4275,4276,-4182]],"properties":{"pop":0,"kn":"1382"}},{"type":"Polygon","arcs":[[-4277,4277,4278,-4185]],"properties":{"pop":0,"kn":"1315"}},{"type":"Polygon","arcs":[[4279,4280,4281,-4189]],"properties":{"pop":0,"kn":"1315"}},{"type":"Polygon","arcs":[[-4282,4282,4283,-4192]],"properties":{"pop":0,"kn":"1315"}},{"type":"Polygon","arcs":[[4284,4285,4286]],"properties":{"pop":0,"kn":"1315"}},{"type":"Polygon","arcs":[[4287,4288,4289,4290]],"properties":{"pop":0,"kn":"1315"}},{"type":"Polygon","arcs":[[-4290,4291,4292,-4198]],"properties":{"pop":3,"kn":"1315"}},{"type":"Polygon","arcs":[[-4293,4293,4294,4295]],"properties":{"pop":0,"kn":"1315"}},{"type":"Polygon","arcs":[[4296,4297,4298,4299]],"properties":{"pop":0,"kn":"1315"}},{"type":"Polygon","arcs":[[4300,4301,4302,-4203]],"properties":{"pop":0,"kn":"1315"}},{"type":"Polygon","arcs":[[4303,4304,4305,4306]],"properties":{"pop":0,"kn":"1315"}},{"type":"Polygon","arcs":[[4307,4308,4309,4310]],"properties":{"pop":0,"kn":"1315"}},{"type":"Polygon","arcs":[[-4310,4311,-4213]],"properties":{"pop":4,"kn":"1315"}},{"type":"Polygon","arcs":[[4312,4313,4314,-4221]],"properties":{"pop":0,"kn":"1383"}},{"type":"Polygon","arcs":[[4315,4316,4317,4318]],"properties":{"pop":0,"kn":"1383"}},{"type":"Polygon","arcs":[[4319,4320,4321,4322]],"properties":{"pop":0,"kn":"1383"}},{"type":"Polygon","arcs":[[-4322,4323,4324,-4232]],"properties":{"pop":0,"kn":"1383"}},{"type":"Polygon","arcs":[[-4325,4325,4326,-4235]],"properties":{"pop":0,"kn":"1383"}},{"type":"Polygon","arcs":[[-4327,4327,4328,4329]],"properties":{"pop":0,"kn":"1383"}},{"type":"Polygon","arcs":[[-4329,4330,4331,4332]],"properties":{"pop":3,"kn":"1383"}},{"type":"Polygon","arcs":[[4333,4334,4335,-4249]],"properties":{"pop":0,"kn":"1382"}},{"type":"Polygon","arcs":[[-4336,4336,4337,4338]],"properties":{"pop":0,"kn":"1382"}},{"type":"Polygon","arcs":[[-4338,4339,4340,-4253]],"properties":{"pop":0,"kn":"1382"}},{"type":"Polygon","arcs":[[4341,4342,4343,-4257]],"properties":{"pop":0,"kn":"1382"}},{"type":"Polygon","arcs":[[-4344,4344,4345,-4259]],"properties":{"pop":0,"kn":"1382"}},{"type":"Polygon","arcs":[[4346,4347,4348,4349]],"properties":{"pop":3,"kn":"1382"}},{"type":"Polygon","arcs":[[-4349,4350,4351,-4264]],"properties":{"pop":0,"kn":"1382"}},{"type":"Polygon","arcs":[[-4352,4352,4353,-4266]],"properties":{"pop":0,"kn":"1382"}},{"type":"Polygon","arcs":[[-4354,4354,4355,-4268]],"properties":{"pop":0,"kn":"1382"}},{"type":"Polygon","arcs":[[-4356,4356,4357,-4270]],"properties":{"pop":0,"kn":"1382"}},{"type":"Polygon","arcs":[[4358,4359,4360,-4273]],"properties":{"pop":0,"kn":"1382"}},{"type":"Polygon","arcs":[[4361,4362,4363,4364]],"properties":{"pop":0,"kn":"1382"}},{"type":"Polygon","arcs":[[4365,4366,4367,-4278]],"properties":{"pop":0,"kn":"1382"}},{"type":"Polygon","arcs":[[-4368,4368,4369,4370]],"properties":{"pop":0,"kn":"1315"}},{"type":"Polygon","arcs":[[-4370,4371,4372,-4281]],"properties":{"pop":0,"kn":"1315"}},{"type":"Polygon","arcs":[[-4373,4373,4374,-4283]],"properties":{"pop":0,"kn":"1315"}},{"type":"Polygon","arcs":[[4375,4376,4377,4378]],"properties":{"pop":0,"kn":"1315"}},{"type":"Polygon","arcs":[[4379,4380,4381,-4289]],"properties":{"pop":0,"kn":"1315"}},{"type":"Polygon","arcs":[[-4382,4382,4383,-4292]],"properties":{"pop":0,"kn":"1315"}},{"type":"Polygon","arcs":[[4384,4385,4386,4387]],"properties":{"pop":0,"kn":"1315"}},{"type":"Polygon","arcs":[[4388,4389,4390,-4298]],"properties":{"pop":0,"kn":"1315"}},{"type":"Polygon","arcs":[[4391,4392,4393,-4302]],"properties":{"pop":0,"kn":"1315"}},{"type":"Polygon","arcs":[[-4394,4394,4395,4396]],"properties":{"pop":0,"kn":"1315"}},{"type":"Polygon","arcs":[[-4396,4397,4398,-4305]],"properties":{"pop":0,"kn":"1315"}},{"type":"Polygon","arcs":[[4399,4400,4401,-4314]],"properties":{"pop":0,"kn":"1383"}},{"type":"Polygon","arcs":[[4402,4403,4404,4405]],"properties":{"pop":0,"kn":"1383"}},{"type":"Polygon","arcs":[[-4405,4406,4407,4408]],"properties":{"pop":0,"kn":"1383"}},{"type":"Polygon","arcs":[[-4408,4409,4410,-4321]],"properties":{"pop":0,"kn":"1383"}},{"type":"Polygon","arcs":[[-4411,4411,4412,-4324]],"properties":{"pop":0,"kn":"1383"}},{"type":"Polygon","arcs":[[-4413,4413,4414,-4326]],"properties":{"pop":0,"kn":"1383"}},{"type":"Polygon","arcs":[[4415,4416,4417,4418]],"properties":{"pop":0,"kn":"1382"}},{"type":"Polygon","arcs":[[-4418,4419,4420,4421]],"properties":{"pop":0,"kn":"1382"}},{"type":"Polygon","arcs":[[4422,4423,4424,-4335]],"properties":{"pop":0,"kn":"1382"}},{"type":"Polygon","arcs":[[-4425,4425,4426,-4337]],"properties":{"pop":0,"kn":"1382"}},{"type":"Polygon","arcs":[[-4427,4427,4428,-4340]],"properties":{"pop":0,"kn":"1382"}},{"type":"Polygon","arcs":[[4429,4430,4431,-4343]],"properties":{"pop":0,"kn":"1382"}},{"type":"Polygon","arcs":[[4432,4433,4434,-4348]],"properties":{"pop":4,"kn":"1382"}},{"type":"Polygon","arcs":[[4435,4436,4437,-4357]],"properties":{"pop":0,"kn":"1382"}},{"type":"Polygon","arcs":[[-4438,4438,4439,4440]],"properties":{"pop":0,"kn":"1382"}},{"type":"Polygon","arcs":[[4441,4442,4443,4444]],"properties":{"pop":0,"kn":"1382"}},{"type":"Polygon","arcs":[[4445,4446,4447,4448]],"properties":{"pop":0,"kn":"1382"}},{"type":"Polygon","arcs":[[-4448,4449,4450,-4363]],"properties":{"pop":0,"kn":"1382"}},{"type":"Polygon","arcs":[[4451,4452,4453,-4372]],"properties":{"pop":0,"kn":"1382"}},{"type":"Polygon","arcs":[[4454,4455,4456,-4383]],"properties":{"pop":0,"kn":"1315"}},{"type":"Polygon","arcs":[[-4457,4457,4458,4459]],"properties":{"pop":0,"kn":"1315"}},{"type":"Polygon","arcs":[[-4459,4460,4461,-4386]],"properties":{"pop":0,"kn":"1315"}},{"type":"Polygon","arcs":[[4462,4463,4464,-4390]],"properties":{"pop":0,"kn":"1315"}},{"type":"Polygon","arcs":[[4465,4466,4467,-4393]],"properties":{"pop":0,"kn":"1315"}},{"type":"Polygon","arcs":[[-4468,4468,4469,-4395]],"properties":{"pop":0,"kn":"1315"}},{"type":"Polygon","arcs":[[-4470,4470,4471,-4398]],"properties":{"pop":0,"kn":"1315"}},{"type":"Polygon","arcs":[[-4472,4472,4473,4474]],"properties":{"pop":0,"kn":"1315"}},{"type":"Polygon","arcs":[[4475,4476,4477,4478]],"properties":{"pop":0,"kn":"1383"}},{"type":"Polygon","arcs":[[-4478,4479,4480,4481]],"properties":{"pop":0,"kn":"1383"}},{"type":"Polygon","arcs":[[4482,4483,4484,-4407]],"properties":{"pop":0,"kn":"1383"}},{"type":"Polygon","arcs":[[4485,4486,4487,4488]],"properties":{"pop":0,"kn":"1383"}},{"type":"Polygon","arcs":[[4489,4490,4491,-4420]],"properties":{"pop":3,"kn":"1382"}},{"type":"Polygon","arcs":[[-4492,4492,4493,4494]],"properties":{"pop":4,"kn":"1382"}},{"type":"Polygon","arcs":[[4495,4496,4497,-4424]],"properties":{"pop":0,"kn":"1382"}},{"type":"Polygon","arcs":[[-4498,4498,4499,-4426]],"properties":{"pop":0,"kn":"1382"}},{"type":"Polygon","arcs":[[-4500,4500,4501,-4428]],"properties":{"pop":0,"kn":"1382"}},{"type":"Polygon","arcs":[[-4502,4502,4503,4504]],"properties":{"pop":0,"kn":"1382"}},{"type":"Polygon","arcs":[[4505,4506,4507,4508]],"properties":{"pop":0,"kn":"1382"}},{"type":"Polygon","arcs":[[4509,4510,4511,4512]],"properties":{"pop":3,"kn":"1382"}},{"type":"Polygon","arcs":[[-4512,4513,4514,-4447]],"properties":{"pop":0,"kn":"1382"}},{"type":"Polygon","arcs":[[-4515,4515,4516,-4450]],"properties":{"pop":0,"kn":"1382"}},{"type":"Polygon","arcs":[[4517,4518,4519,-4453]],"properties":{"pop":3,"kn":"1382"}},{"type":"Polygon","arcs":[[-4520,4520,4521,4522]],"properties":{"pop":0,"kn":"1382"}},{"type":"Polygon","arcs":[[4523,4524,-4461]],"properties":{"pop":0,"kn":"1315"}},{"type":"Polygon","arcs":[[4525,4526,4527,-4467]],"properties":{"pop":0,"kn":"1315"}},{"type":"Polygon","arcs":[[-4528,4528,-4469]],"properties":{"pop":0,"kn":"1315"}},{"type":"Polygon","arcs":[[4529,4530]],"properties":{"pop":0,"kn":"1315"}},{"type":"Polygon","arcs":[[4531,4532,4533,4534]],"properties":{"pop":0,"kn":"1383"}},{"type":"Polygon","arcs":[[4535,4536,4537,4538]],"properties":{"pop":0,"kn":"1383"}},{"type":"Polygon","arcs":[[4539,4540,4541,4542]],"properties":{"pop":0,"kn":"1383"}},{"type":"Polygon","arcs":[[-4542,4543,4544,-4487]],"properties":{"pop":0,"kn":"1383"}},{"type":"Polygon","arcs":[[-4545,4545,4546,4547]],"properties":{"pop":0,"kn":"1383"}},{"type":"Polygon","arcs":[[-4547,4548,4549,4550]],"properties":{"pop":0,"kn":"1382"}},{"type":"Polygon","arcs":[[-4550,4551,4552,-4491]],"properties":{"pop":0,"kn":"1382"}},{"type":"Polygon","arcs":[[-4553,4553,4554,-4493]],"properties":{"pop":0,"kn":"1382"}},{"type":"Polygon","arcs":[[4555,4556,4557,-4497]],"properties":{"pop":0,"kn":"1382"}},{"type":"Polygon","arcs":[[-4558,4558,4559,-4499]],"properties":{"pop":0,"kn":"1382"}},{"type":"Polygon","arcs":[[-4560,4560,4561,-4501]],"properties":{"pop":0,"kn":"1382"}},{"type":"Polygon","arcs":[[-4562,4562,4563,-4503]],"properties":{"pop":0,"kn":"1382"}},{"type":"Polygon","arcs":[[-4564,4564,4565,4566]],"properties":{"pop":0,"kn":"1382"}},{"type":"Polygon","arcs":[[4567,4568,4569,4570]],"properties":{"pop":0,"kn":"1382"}},{"type":"Polygon","arcs":[[4571,4572,4573,4574]],"properties":{"pop":0,"kn":"1382"}},{"type":"Polygon","arcs":[[-4574,4575,4576,4577]],"properties":{"pop":0,"kn":"1382"}},{"type":"Polygon","arcs":[[-4577,4578,4579,4580]],"properties":{"pop":0,"kn":"1382"}},{"type":"Polygon","arcs":[[4581,4582,4583,-4507]],"properties":{"pop":0,"kn":"1382"}},{"type":"Polygon","arcs":[[-4584,4584,4585,4586]],"properties":{"pop":0,"kn":"1382"}},{"type":"Polygon","arcs":[[4587,4588,4589,-4516]],"properties":{"pop":0,"kn":"1382"}},{"type":"Polygon","arcs":[[4590,4591,4592,4593]],"properties":{"pop":0,"kn":"1382"}},{"type":"Polygon","arcs":[[4594,4595,4596,-4521]],"properties":{"pop":0,"kn":"1382"}},{"type":"Polygon","arcs":[[4597,4598,4599,4600]],"properties":{"pop":0,"kn":"1383"}},{"type":"Polygon","arcs":[[-4600,4601,4602,4603]],"properties":{"pop":0,"kn":"1383"}},{"type":"Polygon","arcs":[[4604,4605,4606,4607]],"properties":{"pop":3,"kn":"1383"}},{"type":"Polygon","arcs":[[-4607,4608,4609,-4541]],"properties":{"pop":0,"kn":"1383"}},{"type":"Polygon","arcs":[[4610,4611,4612,-4546]],"properties":{"pop":0,"kn":"1383"}},{"type":"Polygon","arcs":[[4613,4614,4615,-4552]],"properties":{"pop":0,"kn":"1382"}},{"type":"Polygon","arcs":[[-4616,4616,4617,-4554]],"properties":{"pop":0,"kn":"1382"}},{"type":"Polygon","arcs":[[-4618,4618,4619,4620]],"properties":{"pop":0,"kn":"1382"}},{"type":"Polygon","arcs":[[4621,4622,4623,4624]],"properties":{"pop":0,"kn":"1382"}},{"type":"Polygon","arcs":[[4625,4626,4627,-4559]],"properties":{"pop":0,"kn":"1382"}},{"type":"Polygon","arcs":[[-4628,4628,4629,-4561]],"properties":{"pop":0,"kn":"1382"}},{"type":"Polygon","arcs":[[-4630,4630,4631,-4563]],"properties":{"pop":0,"kn":"1382"}},{"type":"Polygon","arcs":[[-4632,4632,4633,-4565]],"properties":{"pop":0,"kn":"1382"}},{"type":"Polygon","arcs":[[4634,4635,4636,-4569]],"properties":{"pop":3,"kn":"1382"}},{"type":"Polygon","arcs":[[4637,4638,4639,-4576]],"properties":{"pop":0,"kn":"1382"}},{"type":"Polygon","arcs":[[4640,4641,4642,-4583]],"properties":{"pop":0,"kn":"1382"}},{"type":"Polygon","arcs":[[-4643,4643,4644,-4585]],"properties":{"pop":3,"kn":"1382"}},{"type":"Polygon","arcs":[[4645,4646,4647,-4589]],"properties":{"pop":3,"kn":"1382"}},{"type":"Polygon","arcs":[[4648,4649,4650,-4592]],"properties":{"pop":0,"kn":"1382"}},{"type":"Polygon","arcs":[[4651,4652,4653,4654]],"properties":{"pop":0,"kn":"1382"}},{"type":"Polygon","arcs":[[-4654,4655,4656,4657]],"properties":{"pop":0,"kn":"1382"}},{"type":"Polygon","arcs":[[-4657,4658,4659,-4596]],"properties":{"pop":0,"kn":"1382"}},{"type":"Polygon","arcs":[[4660,4661,4662]],"properties":{"pop":0,"kn":"1383"}},{"type":"Polygon","arcs":[[4663,4664,4665,4666]],"properties":{"pop":3,"kn":"1383"}},{"type":"Polygon","arcs":[[4667,4668,4669,4670]],"properties":{"pop":3,"kn":"1383"}},{"type":"Polygon","arcs":[[-4670,4671,4672,-4606]],"properties":{"pop":0,"kn":"1383"}},{"type":"Polygon","arcs":[[4673,4674,4675,4676]],"properties":{"pop":0,"kn":"1383"}},{"type":"Polygon","arcs":[[-4676,4677,4678,-4615]],"properties":{"pop":0,"kn":"1382"}},{"type":"Polygon","arcs":[[-4679,4679,4680,-4617]],"properties":{"pop":0,"kn":"1382"}},{"type":"Polygon","arcs":[[-4681,4681,4682,-4619]],"properties":{"pop":0,"kn":"1382"}},{"type":"Polygon","arcs":[[4683,4684,4685,4686]],"properties":{"pop":0,"kn":"1382"}},{"type":"Polygon","arcs":[[-4686,4687,4688,4689]],"properties":{"pop":0,"kn":"1382"}},{"type":"Polygon","arcs":[[4690,4691,4692,-4629]],"properties":{"pop":0,"kn":"1382"}},{"type":"Polygon","arcs":[[-4693,4693,4694,-4631]],"properties":{"pop":3,"kn":"1382"}},{"type":"Polygon","arcs":[[4695,4696,4697,4698]],"properties":{"pop":0,"kn":"1382"}},{"type":"Polygon","arcs":[[-4698,4699,4700,4701]],"properties":{"pop":0,"kn":"1382"}},{"type":"Polygon","arcs":[[-4701,4702,4703,-4636]],"properties":{"pop":0,"kn":"1382"}},{"type":"Polygon","arcs":[[-4704,4704,4705,4706]],"properties":{"pop":0,"kn":"1382"}},{"type":"Polygon","arcs":[[4707,4708,4709,4710]],"properties":{"pop":8,"kn":"1382"}},{"type":"Polygon","arcs":[[4711,4712,4713,-4642]],"properties":{"pop":3,"kn":"1382"}},{"type":"Polygon","arcs":[[4714,4715,4716,-4647]],"properties":{"pop":0,"kn":"1382"}},{"type":"Polygon","arcs":[[4717,4718,4719,-4650]],"properties":{"pop":0,"kn":"1382"}},{"type":"Polygon","arcs":[[-4720,4720,4721,4722]],"properties":{"pop":3,"kn":"1382"}},{"type":"Polygon","arcs":[[4723,4724,4725,-4659]],"properties":{"pop":0,"kn":"1382"}},{"type":"Polygon","arcs":[[4726,4727,-4661]],"properties":{"pop":0,"kn":"1383"}},{"type":"Polygon","arcs":[[4728,4729,4730,-4665]],"properties":{"pop":3,"kn":"1383"}},{"type":"Polygon","arcs":[[4731,4732,4733,4734]],"properties":{"pop":0,"kn":"1383"}},{"type":"Polygon","arcs":[[4735,4736,4737,4738]],"properties":{"pop":0,"kn":"1383"}},{"type":"Polygon","arcs":[[4739,4740,4741,-4680]],"properties":{"pop":0,"kn":"1382"}},{"type":"Polygon","arcs":[[-4742,4742,4743,-4682]],"properties":{"pop":3,"kn":"1382"}},{"type":"Polygon","arcs":[[4744,4745,4746,-4694]],"properties":{"pop":0,"kn":"1382"}},{"type":"Polygon","arcs":[[-4747,4747,4748,4749]],"properties":{"pop":0,"kn":"1382"}},{"type":"Polygon","arcs":[[4750,4751,4752,-4703]],"properties":{"pop":0,"kn":"1382"}},{"type":"Polygon","arcs":[[-4753,4753,4754,-4705]],"properties":{"pop":0,"kn":"1382"}},{"type":"Polygon","arcs":[[-4755,4755,4756,4757]],"properties":{"pop":3,"kn":"1382"}},{"type":"Polygon","arcs":[[4758,4759,4760,4761]],"properties":{"pop":0,"kn":"1382"}},{"type":"Polygon","arcs":[[4762,4763,4764,4765]],"properties":{"pop":0,"kn":"1382"}},{"type":"Polygon","arcs":[[-4765,4766,4767,-4719]],"properties":{"pop":0,"kn":"1382"}},{"type":"Polygon","arcs":[[4768,4769,4770,4771]],"properties":{"pop":0,"kn":"1382"}},{"type":"Polygon","arcs":[[4772,4773,4774,-4725]],"properties":{"pop":0,"kn":"1382"}},{"type":"Polygon","arcs":[[-4775,4775,4776]],"properties":{"pop":0,"kn":"1382"}},{"type":"Polygon","arcs":[[4777,4778,4779]],"properties":{"pop":0,"kn":"1383"}},{"type":"Polygon","arcs":[[4780,4781,4782,4783]],"properties":{"pop":0,"kn":"1383"}},{"type":"Polygon","arcs":[[4784,4785,4786,4787]],"properties":{"pop":0,"kn":"1383"}},{"type":"Polygon","arcs":[[-4787,4788,4789,4790]],"properties":{"pop":0,"kn":"1383"}},{"type":"Polygon","arcs":[[4791,4792,4793,4794]],"properties":{"pop":0,"kn":"1383"}},{"type":"Polygon","arcs":[[-4794,4795,4796,4797]],"properties":{"pop":0,"kn":"1383"}},{"type":"Polygon","arcs":[[4798,4799,4800,-4741]],"properties":{"pop":0,"kn":"1383"}},{"type":"Polygon","arcs":[[4801,4802,4803,4804]],"properties":{"pop":0,"kn":"1382"}},{"type":"Polygon","arcs":[[-4804,4805,4806,4807]],"properties":{"pop":0,"kn":"1382"}},{"type":"Polygon","arcs":[[-4807,4808,4809,4810]],"properties":{"pop":0,"kn":"1382"}},{"type":"Polygon","arcs":[[4811,4812,4813,-4746]],"properties":{"pop":0,"kn":"1382"}},{"type":"Polygon","arcs":[[-4814,4814,4815,-4748]],"properties":{"pop":0,"kn":"1382"}},{"type":"Polygon","arcs":[[-4816,4816,4817,4818]],"properties":{"pop":0,"kn":"1382"}},{"type":"Polygon","arcs":[[4819,4820,4821,-4754]],"properties":{"pop":0,"kn":"1382"}},{"type":"Polygon","arcs":[[-4822,4822,4823,-4756]],"properties":{"pop":0,"kn":"1382"}},{"type":"Polygon","arcs":[[-4824,4824,4825,4826]],"properties":{"pop":0,"kn":"1382"}},{"type":"Polygon","arcs":[[-4826,4827,4828,4829]],"properties":{"pop":0,"kn":"1382"}},{"type":"Polygon","arcs":[[-4829,4830,4831,-4760]],"properties":{"pop":0,"kn":"1382"}},{"type":"Polygon","arcs":[[-4832,4832,4833,4834]],"properties":{"pop":0,"kn":"1382"}},{"type":"Polygon","arcs":[[4835,4836,4837,4838]],"properties":{"pop":0,"kn":"1382"}},{"type":"Polygon","arcs":[[-4838,4839,-4770]],"properties":{"pop":0,"kn":"1382"}},{"type":"Polygon","arcs":[[4840,4841,-4774]],"properties":{"pop":0,"kn":"1382"}},{"type":"Polygon","arcs":[[-4842,4842,4843,-4776]],"properties":{"pop":0,"kn":"1382"}},{"type":"Polygon","arcs":[[4844,4845,4846,-4793]],"properties":{"pop":0,"kn":"1383"}},{"type":"Polygon","arcs":[[4847,4848,4849,4850]],"properties":{"pop":0,"kn":"1383"}},{"type":"Polygon","arcs":[[4851,4852,4853,-4803]],"properties":{"pop":0,"kn":"1382"}},{"type":"Polygon","arcs":[[-4854,4854,4855,-4806]],"properties":{"pop":0,"kn":"1382"}},{"type":"Polygon","arcs":[[4856,4857,4858,-4813]],"properties":{"pop":0,"kn":"1382"}},{"type":"Polygon","arcs":[[-4859,4859,4860,-4815]],"properties":{"pop":0,"kn":"1382"}},{"type":"Polygon","arcs":[[4861,4862,4863,4864]],"properties":{"pop":0,"kn":"1382"}},{"type":"Polygon","arcs":[[4865,4866,4867,-4825]],"properties":{"pop":0,"kn":"1382"}},{"type":"Polygon","arcs":[[-4868,4868,4869,-4828]],"properties":{"pop":0,"kn":"1382"}},{"type":"Polygon","arcs":[[-4870,4870,4871,-4831]],"properties":{"pop":0,"kn":"1382"}},{"type":"Polygon","arcs":[[-4872,4872,4873,-4833]],"properties":{"pop":0,"kn":"1382"}},{"type":"Polygon","arcs":[[4874,4875,4876,4877]],"properties":{"pop":0,"kn":"1382"}},{"type":"Polygon","arcs":[[4878,4879,-4837]],"properties":{"pop":0,"kn":"1382"}},{"type":"Polygon","arcs":[[4880,-4843]],"properties":{"pop":3,"kn":"1382"}},{"type":"Polygon","arcs":[[4881,4882]],"properties":{"pop":0,"kn":"1383"}},{"type":"Polygon","arcs":[[4883,4884,4885,4886]],"properties":{"pop":0,"kn":"1383"}},{"type":"Polygon","arcs":[[-4886,4887,4888,4889]],"properties":{"pop":0,"kn":"1383"}},{"type":"Polygon","arcs":[[4890,4891,4892,4893]],"properties":{"pop":0,"kn":"1383"}},{"type":"Polygon","arcs":[[-4893,4894,4895,-4849]],"properties":{"pop":0,"kn":"1383"}},{"type":"Polygon","arcs":[[-4896,4896,4897,4898]],"properties":{"pop":0,"kn":"1383"}},{"type":"Polygon","arcs":[[-4898,4899,4900,4901]],"properties":{"pop":0,"kn":"1383"}},{"type":"Polygon","arcs":[[4902,4903,4904,-4855]],"properties":{"pop":0,"kn":"1382"}},{"type":"Polygon","arcs":[[4905,4906,4907,4908]],"properties":{"pop":4,"kn":"1382"}},{"type":"Polygon","arcs":[[4909,4910,4911,4912]],"properties":{"pop":0,"kn":"1382"}},{"type":"Polygon","arcs":[[4913,4914,4915,4916]],"properties":{"pop":3,"kn":"1382"}},{"type":"Polygon","arcs":[[-4916,4917,4918,4919]],"properties":{"pop":3,"kn":"1382"}},{"type":"Polygon","arcs":[[4920,4921,4922,-4867]],"properties":{"pop":0,"kn":"1382"}},{"type":"Polygon","arcs":[[-4923,4923,4924,-4869]],"properties":{"pop":0,"kn":"1382"}},{"type":"Polygon","arcs":[[-4925,4925,4926,-4871]],"properties":{"pop":0,"kn":"1382"}},{"type":"Polygon","arcs":[[4927,4928,4929,4930]],"properties":{"pop":0,"kn":"1382"}},{"type":"Polygon","arcs":[[-4930,4931,4932,-4876]],"properties":{"pop":0,"kn":"1382"}},{"type":"Polygon","arcs":[[-4933,4933,4934,4935]],"properties":{"pop":0,"kn":"1382"}},{"type":"Polygon","arcs":[[4936,4937,4938,-4888]],"properties":{"pop":0,"kn":"1383"}},{"type":"Polygon","arcs":[[4939,4940,4941,-4892]],"properties":{"pop":0,"kn":"1383"}},{"type":"Polygon","arcs":[[-4942,4942,4943,-4895]],"properties":{"pop":3,"kn":"1383"}},{"type":"Polygon","arcs":[[-4944,4944,4945,-4897]],"properties":{"pop":0,"kn":"1383"}},{"type":"Polygon","arcs":[[-4946,4946,4947,-4900]],"properties":{"pop":0,"kn":"1383"}},{"type":"Polygon","arcs":[[4948,4949,4950,-4904]],"properties":{"pop":0,"kn":"1382"}},{"type":"Polygon","arcs":[[-4951,4951,4952,4953]],"properties":{"pop":0,"kn":"1382"}},{"type":"Polygon","arcs":[[4954,4955,4956,4957]],"properties":{"pop":0,"kn":"1382"}},{"type":"Polygon","arcs":[[4958,4959,4960,4961]],"properties":{"pop":0,"kn":"1382"}},{"type":"Polygon","arcs":[[-4961,4962,4963,-4915]],"properties":{"pop":3,"kn":"1382"}},{"type":"Polygon","arcs":[[-4964,4964,4965,-4918]],"properties":{"pop":0,"kn":"1382"}},{"type":"Polygon","arcs":[[4966,4967,4968,-4926]],"properties":{"pop":0,"kn":"1382"}},{"type":"Polygon","arcs":[[4969,4970,4971,4972]],"properties":{"pop":0,"kn":"1382"}},{"type":"Polygon","arcs":[[4973,4974,4975]],"properties":{"pop":0,"kn":"1383"}},{"type":"Polygon","arcs":[[4976,4977,4978,4979]],"properties":{"pop":0,"kn":"1383"}},{"type":"Polygon","arcs":[[-4979,4980,4981,4982]],"properties":{"pop":4,"kn":"1383"}},{"type":"Polygon","arcs":[[-4982,4983,4984,-4941]],"properties":{"pop":0,"kn":"1383"}},{"type":"Polygon","arcs":[[-4985,4985,4986,-4943]],"properties":{"pop":0,"kn":"1383"}},{"type":"Polygon","arcs":[[4987,4988,4989,4990]],"properties":{"pop":0,"kn":"1382"}},{"type":"Polygon","arcs":[[-4990,4991,4992,4993]],"properties":{"pop":3,"kn":"1382"}},{"type":"Polygon","arcs":[[-4993,4994,4995,-4956]],"properties":{"pop":0,"kn":"1382"}},{"type":"Polygon","arcs":[[4996,4997,4998,4999]],"properties":{"pop":0,"kn":"1382"}},{"type":"Polygon","arcs":[[5000,5001,5002,-4963]],"properties":{"pop":0,"kn":"1382"}},{"type":"Polygon","arcs":[[-5003,5003,5004,-4965]],"properties":{"pop":0,"kn":"1382"}},{"type":"Polygon","arcs":[[-5005,5005,5006,5007]],"properties":{"pop":0,"kn":"1382"}},{"type":"Polygon","arcs":[[-5007,5008,5009,5010]],"properties":{"pop":0,"kn":"1382"}},{"type":"Polygon","arcs":[[-5010,5011,5012,5013]],"properties":{"pop":0,"kn":"1382"}},{"type":"Polygon","arcs":[[5014,5015,5016,-4974]],"properties":{"pop":0,"kn":"1383"}},{"type":"Polygon","arcs":[[5017,5018,5019,5020]],"properties":{"pop":0,"kn":"1383"}},{"type":"Polygon","arcs":[[5021,5022,5023,5024]],"properties":{"pop":0,"kn":"1383"}},{"type":"Polygon","arcs":[[-5024,5025,5026,-4978]],"properties":{"pop":0,"kn":"1383"}},{"type":"Polygon","arcs":[[-5027,5027,5028,-4981]],"properties":{"pop":0,"kn":"1383"}},{"type":"Polygon","arcs":[[-5029,5029,5030,-4984]],"properties":{"pop":0,"kn":"1383"}},{"type":"Polygon","arcs":[[5031,5032,5033,5034]],"properties":{"pop":0,"kn":"1382"}},{"type":"Polygon","arcs":[[5035,5036,5037,-4995]],"properties":{"pop":0,"kn":"1382"}},{"type":"Polygon","arcs":[[5038,5039,5040,5041]],"properties":{"pop":0,"kn":"1382"}},{"type":"Polygon","arcs":[[5042,5043,5044,-5002]],"properties":{"pop":0,"kn":"1382"}},{"type":"Polygon","arcs":[[-5045,5045,5046,-5004]],"properties":{"pop":0,"kn":"1382"}},{"type":"Polygon","arcs":[[-5047,5047,5048,-5006]],"properties":{"pop":0,"kn":"1382"}},{"type":"Polygon","arcs":[[-5049,5049,5050,-5009]],"properties":{"pop":0,"kn":"1382"}},{"type":"Polygon","arcs":[[5051,5052,5053,5054]],"properties":{"pop":0,"kn":"1382"}},{"type":"Polygon","arcs":[[-5054,5055,5056,5057]],"properties":{"pop":5,"kn":"1382"}},{"type":"Polygon","arcs":[[5058,5059,5060,5061]],"properties":{"pop":0,"kn":"1383"}},{"type":"Polygon","arcs":[[5062,5063,5064,-5023]],"properties":{"pop":0,"kn":"1383"}},{"type":"Polygon","arcs":[[-5065,5065,5066,-5026]],"properties":{"pop":0,"kn":"1383"}},{"type":"Polygon","arcs":[[-5067,5067,5068,-5028]],"properties":{"pop":0,"kn":"1383"}},{"type":"Polygon","arcs":[[-5069,5069,5070,-5030]],"properties":{"pop":3,"kn":"1383"}},{"type":"Polygon","arcs":[[-5071,5071,5072,5073]],"properties":{"pop":0,"kn":"1383"}},{"type":"Polygon","arcs":[[5074,5075,5076,-5033]],"properties":{"pop":3,"kn":"1382"}},{"type":"Polygon","arcs":[[5077,5078,5079,5080]],"properties":{"pop":0,"kn":"1382"}},{"type":"Polygon","arcs":[[-5080,5081,5082,5083]],"properties":{"pop":0,"kn":"1382"}},{"type":"Polygon","arcs":[[-5083,5084,5085,-5037]],"properties":{"pop":0,"kn":"1382"}},{"type":"Polygon","arcs":[[-5086,5086,5087,5088]],"properties":{"pop":0,"kn":"1382"}},{"type":"Polygon","arcs":[[5089,5090,5091,5092]],"properties":{"pop":3,"kn":"1382"}},{"type":"Polygon","arcs":[[5093,5094,5095,-5046]],"properties":{"pop":0,"kn":"1382"}},{"type":"Polygon","arcs":[[5096,5097,5098,5099]],"properties":{"pop":0,"kn":"1382"}},{"type":"Polygon","arcs":[[-5099,5100,5101,-5053]],"properties":{"pop":3,"kn":"1382"}},{"type":"Polygon","arcs":[[5102,5103]],"properties":{"pop":0,"kn":"1383"}},{"type":"Polygon","arcs":[[5104,5105,5106,5107]],"properties":{"pop":0,"kn":"1383"}},{"type":"Polygon","arcs":[[5108,5109,5110,5111]],"properties":{"pop":0,"kn":"1383"}},{"type":"Polygon","arcs":[[5112,5113,5114,5115]],"properties":{"pop":0,"kn":"1383"}},{"type":"Polygon","arcs":[[5116,5117,5118,-5066]],"properties":{"pop":0,"kn":"1383"}},{"type":"Polygon","arcs":[[5119,5120,5121,-5072]],"properties":{"pop":0,"kn":"1383"}},{"type":"Polygon","arcs":[[5122,5123,5124,5125]],"properties":{"pop":0,"kn":"1382"}},{"type":"Polygon","arcs":[[5126,5127,5128,5129]],"properties":{"pop":0,"kn":"1382"}},{"type":"Polygon","arcs":[[-5129,5130,5131,5132]],"properties":{"pop":0,"kn":"1382"}},{"type":"Polygon","arcs":[[5133,5134,5135,-5101]],"properties":{"pop":0,"kn":"1382"}},{"type":"Polygon","arcs":[[-5136,5136,5137,5138]],"properties":{"pop":3,"kn":"1382"}},{"type":"Polygon","arcs":[[5139,5140,5141,5142]],"properties":{"pop":0,"kn":"1383"}},{"type":"Polygon","arcs":[[5143,5144,5145,5146]],"properties":{"pop":0,"kn":"1383"}},{"type":"Polygon","arcs":[[5147,5148,5149,5150]],"properties":{"pop":3,"kn":"1383"}},{"type":"Polygon","arcs":[[5151,5152,5153,5154]],"properties":{"pop":0,"kn":"1383"}},{"type":"Polygon","arcs":[[5155,5156,5157,5158]],"properties":{"pop":0,"kn":"1383"}},{"type":"Polygon","arcs":[[-5158,5159,5160,-5121]],"properties":{"pop":4,"kn":"1383"}},{"type":"Polygon","arcs":[[-5161,5161,5162,5163]],"properties":{"pop":0,"kn":"1383"}},{"type":"Polygon","arcs":[[5164,5165,5166,5167]],"properties":{"pop":0,"kn":"1382"}},{"type":"Polygon","arcs":[[-5167,5168,5169,5170]],"properties":{"pop":0,"kn":"1382"}},{"type":"Polygon","arcs":[[5171,5172,5173,-5124]],"properties":{"pop":0,"kn":"1382"}},{"type":"Polygon","arcs":[[-5174,5174,5175,5176]],"properties":{"pop":0,"kn":"1382"}},{"type":"Polygon","arcs":[[-5176,5177,5178,5179]],"properties":{"pop":0,"kn":"1382"}},{"type":"Polygon","arcs":[[-5179,5180,5181,5182]],"properties":{"pop":0,"kn":"1382"}},{"type":"Polygon","arcs":[[-5182,5183,5184,-5128]],"properties":{"pop":0,"kn":"1382"}},{"type":"Polygon","arcs":[[5185,5186,5187,5188]],"properties":{"pop":0,"kn":"1382"}},{"type":"Polygon","arcs":[[-5188,5189,5190,-5135]],"properties":{"pop":0,"kn":"1382"}},{"type":"Polygon","arcs":[[-5191,5191,5192,-5137]],"properties":{"pop":0,"kn":"1382"}},{"type":"Polygon","arcs":[[5193,5194,5195]],"properties":{"pop":0,"kn":"1383"}},{"type":"Polygon","arcs":[[5196,5197,5198,5199]],"properties":{"pop":0,"kn":"1383"}},{"type":"Polygon","arcs":[[5200,5201,5202,5203]],"properties":{"pop":0,"kn":"1383"}},{"type":"Polygon","arcs":[[5204,5205,5206,5207]],"properties":{"pop":3,"kn":"1383"}},{"type":"Polygon","arcs":[[5208,5209,5210,5211]],"properties":{"pop":0,"kn":"1383"}},{"type":"Polygon","arcs":[[5212,5213,5214,-5160]],"properties":{"pop":0,"kn":"1383"}},{"type":"Polygon","arcs":[[-5215,5215,5216,-5162]],"properties":{"pop":0,"kn":"1383"}},{"type":"Polygon","arcs":[[-5217,5217,5218,5219]],"properties":{"pop":0,"kn":"1383"}},{"type":"Polygon","arcs":[[-5219,5220,5221,5222]],"properties":{"pop":0,"kn":"1382"}},{"type":"Polygon","arcs":[[5223,5224,5225,-5166]],"properties":{"pop":0,"kn":"1382"}},{"type":"Polygon","arcs":[[5226,5227,5228,5229]],"properties":{"pop":0,"kn":"1382"}},{"type":"Polygon","arcs":[[5230,5231,5232,-5184]],"properties":{"pop":0,"kn":"1382"}},{"type":"Polygon","arcs":[[5233,5234,5235,-5187]],"properties":{"pop":0,"kn":"1382"}},{"type":"Polygon","arcs":[[-5236,5236,5237,-5190]],"properties":{"pop":0,"kn":"1382"}},{"type":"Polygon","arcs":[[5238,5239,5240]],"properties":{"pop":0,"kn":"1382"}},{"type":"Polygon","arcs":[[5241,5242,5243]],"properties":{"pop":0,"kn":"1383"}},{"type":"Polygon","arcs":[[5244,5245,5246,5247]],"properties":{"pop":0,"kn":"1383"}},{"type":"Polygon","arcs":[[-5247,5248,5249,5250]],"properties":{"pop":0,"kn":"1383"}},{"type":"Polygon","arcs":[[5251,5252,5253,5254]],"properties":{"pop":0,"kn":"1383"}},{"type":"Polygon","arcs":[[5255,5256,5257,-5206]],"properties":{"pop":0,"kn":"1383"}},{"type":"Polygon","arcs":[[-5258,5258,5259,5260]],"properties":{"pop":0,"kn":"1383"}},{"type":"Polygon","arcs":[[-5260,5261,5262,5263]],"properties":{"pop":5,"kn":"1383"}},{"type":"Polygon","arcs":[[5264,5265,5266,5267]],"properties":{"pop":0,"kn":"1383"}},{"type":"Polygon","arcs":[[-5267,5268,5269,5270]],"properties":{"pop":0,"kn":"1383"}},{"type":"Polygon","arcs":[[5271,5272,5273,5274]],"properties":{"pop":0,"kn":"1383"}},{"type":"Polygon","arcs":[[-5274,5275,5276,-5210]],"properties":{"pop":0,"kn":"1383"}},{"type":"Polygon","arcs":[[-5277,5277,5278,5279]],"properties":{"pop":0,"kn":"1383"}},{"type":"Polygon","arcs":[[-5279,5280,5281,5282]],"properties":{"pop":0,"kn":"1383"}},{"type":"Polygon","arcs":[[5283,5284,5285,-5216]],"properties":{"pop":0,"kn":"1383"}},{"type":"Polygon","arcs":[[5286,5287,5288,5289]],"properties":{"pop":3,"kn":"1383"}},{"type":"Polygon","arcs":[[5290,5291,5292,5293]],"properties":{"pop":0,"kn":"1382"}},{"type":"Polygon","arcs":[[5294,5295,5296,-5232]],"properties":{"pop":0,"kn":"1382"}},{"type":"Polygon","arcs":[[5297,5298,5299,5300]],"properties":{"pop":0,"kn":"1382"}},{"type":"Polygon","arcs":[[5301,5302,5303]],"properties":{"pop":3,"kn":"1382"}},{"type":"Polygon","arcs":[[5304,5305,5306]],"properties":{"pop":0,"kn":"1383"}},{"type":"Polygon","arcs":[[5307,5308,5309,5310]],"properties":{"pop":0,"kn":"1383"}},{"type":"Polygon","arcs":[[5311,5312,5313,-5262]],"properties":{"pop":0,"kn":"1383"}},{"type":"Polygon","arcs":[[5314,5315,5316,-5273]],"properties":{"pop":0,"kn":"1383"}},{"type":"Polygon","arcs":[[-5317,5317,5318,-5276]],"properties":{"pop":0,"kn":"1383"}},{"type":"Polygon","arcs":[[-5319,5319,5320,-5278]],"properties":{"pop":0,"kn":"1383"}},{"type":"Polygon","arcs":[[-5321,5321,5322,-5281]],"properties":{"pop":0,"kn":"1383"}},{"type":"Polygon","arcs":[[5323,5324,5325,-5285]],"properties":{"pop":3,"kn":"1383"}},{"type":"Polygon","arcs":[[-5326,5326,5327,5328]],"properties":{"pop":0,"kn":"1383"}},{"type":"Polygon","arcs":[[-5328,5329,5330,5331]],"properties":{"pop":0,"kn":"1383"}},{"type":"Polygon","arcs":[[-5331,5332,5333,-5288]],"properties":{"pop":0,"kn":"1383"}},{"type":"Polygon","arcs":[[5334,5335,5336,5337]],"properties":{"pop":0,"kn":"1382"}},{"type":"Polygon","arcs":[[5338,5339,5340,-5292]],"properties":{"pop":0,"kn":"1382"}},{"type":"Polygon","arcs":[[5341,5342,5343,5344]],"properties":{"pop":0,"kn":"1382"}},{"type":"Polygon","arcs":[[5345,5346,5347,5348]],"properties":{"pop":0,"kn":"1382"}},{"type":"Polygon","arcs":[[5349,5350,-5303]],"properties":{"pop":4,"kn":"1382"}},{"type":"Polygon","arcs":[[5351,5352,5353,-5305]],"properties":{"pop":0,"kn":"1383"}},{"type":"Polygon","arcs":[[5354,5355,5356,5357]],"properties":{"pop":0,"kn":"1383"}},{"type":"Polygon","arcs":[[5358,5359,5360,-5318]],"properties":{"pop":0,"kn":"1383"}},{"type":"Polygon","arcs":[[5361,5362,5363,-5322]],"properties":{"pop":0,"kn":"1383"}},{"type":"Polygon","arcs":[[5364,5365,5366,-5325]],"properties":{"pop":0,"kn":"1383"}},{"type":"Polygon","arcs":[[5367,5368,5369,-5330]],"properties":{"pop":0,"kn":"1383"}},{"type":"Polygon","arcs":[[5370,5371,5372,-5336]],"properties":{"pop":0,"kn":"1383"}},{"type":"Polygon","arcs":[[5373,5374,5375,5376]],"properties":{"pop":0,"kn":"1382"}},{"type":"Polygon","arcs":[[5377,5378,5379,5380]],"properties":{"pop":0,"kn":"1382"}},{"type":"Polygon","arcs":[[5381,5382,5383,-5353]],"properties":{"pop":0,"kn":"1383"}},{"type":"Polygon","arcs":[[5384,5385,5386,5387]],"properties":{"pop":0,"kn":"1383"}},{"type":"Polygon","arcs":[[5388,5389,5390,5391]],"properties":{"pop":0,"kn":"1383"}},{"type":"Polygon","arcs":[[5392,5393,5394,-5360]],"properties":{"pop":0,"kn":"1383"}},{"type":"Polygon","arcs":[[5395,5396,5397,5398]],"properties":{"pop":0,"kn":"1383"}},{"type":"Polygon","arcs":[[-5398,5399,5400,-5366]],"properties":{"pop":0,"kn":"1383"}},{"type":"Polygon","arcs":[[5401,5402,5403,5404]],"properties":{"pop":0,"kn":"1383"}},{"type":"Polygon","arcs":[[5405,5406,5407,-5372]],"properties":{"pop":0,"kn":"1383"}},{"type":"Polygon","arcs":[[5408,5409,5410,5411]],"properties":{"pop":0,"kn":"1382"}},{"type":"Polygon","arcs":[[-5411,5412,5413,5414]],"properties":{"pop":0,"kn":"1382"}},{"type":"Polygon","arcs":[[-5414,5415,5416,5417]],"properties":{"pop":0,"kn":"1382"}},{"type":"Polygon","arcs":[[-5417,5418,5419,-5375]],"properties":{"pop":0,"kn":"1382"}},{"type":"Polygon","arcs":[[-5420,5420,5421,5422]],"properties":{"pop":4,"kn":"1382"}},{"type":"Polygon","arcs":[[5423,5424,5425,5426]],"properties":{"pop":0,"kn":"1382"}},{"type":"Polygon","arcs":[[5427,5428,5429]],"properties":{"pop":0,"kn":"1382"}},{"type":"Polygon","arcs":[[5430,5431,-5383]],"properties":{"pop":0,"kn":"1383"}},{"type":"Polygon","arcs":[[5432,5433,5434,5435]],"properties":{"pop":0,"kn":"1383"}},{"type":"Polygon","arcs":[[-5435,5436,5437,5438]],"properties":{"pop":0,"kn":"1383"}},{"type":"Polygon","arcs":[[-5438,5439,5440,-5390]],"properties":{"pop":0,"kn":"1383"}},{"type":"Polygon","arcs":[[-5441,5441,5442,5443]],"properties":{"pop":0,"kn":"1383"}},{"type":"Polygon","arcs":[[-5443,5444,5445,5446]],"properties":{"pop":0,"kn":"1383"}},{"type":"Polygon","arcs":[[5447,5448,5449,-5397]],"properties":{"pop":0,"kn":"1383"}},{"type":"Polygon","arcs":[[5450,5451,5452,5453]],"properties":{"pop":0,"kn":"1383"}},{"type":"Polygon","arcs":[[5454,5455,5456,5457]],"properties":{"pop":0,"kn":"1383"}},{"type":"Polygon","arcs":[[-5457,5458,5459,-5407]],"properties":{"pop":0,"kn":"1383"}},{"type":"Polygon","arcs":[[-5460,5460,5461,5462]],"properties":{"pop":0,"kn":"1383"}},{"type":"Polygon","arcs":[[-5462,5463,5464,-5410]],"properties":{"pop":0,"kn":"1383"}},{"type":"Polygon","arcs":[[-5465,5465,5466,-5413]],"properties":{"pop":0,"kn":"1383"}},{"type":"Polygon","arcs":[[-5467,5467,5468,-5416]],"properties":{"pop":0,"kn":"1382"}},{"type":"Polygon","arcs":[[-5469,5469,5470,-5419]],"properties":{"pop":0,"kn":"1382"}},{"type":"Polygon","arcs":[[-5471,5471,5472,-5421]],"properties":{"pop":0,"kn":"1382"}},{"type":"Polygon","arcs":[[5473,5474,5475]],"properties":{"pop":0,"kn":"1382"}},{"type":"Polygon","arcs":[[5476,-5425]],"properties":{"pop":0,"kn":"1382"}},{"type":"Polygon","arcs":[[5477,5478,5479,-5434]],"properties":{"pop":0,"kn":"1383"}},{"type":"Polygon","arcs":[[-5480,5480,5481,-5437]],"properties":{"pop":0,"kn":"1383"}},{"type":"Polygon","arcs":[[-5482,5482,5483,-5440]],"properties":{"pop":0,"kn":"1383"}},{"type":"Polygon","arcs":[[5484,5485,-5445]],"properties":{"pop":0,"kn":"1383"}},{"type":"Polygon","arcs":[[-5486,5486,5487,5488]],"properties":{"pop":0,"kn":"1383"}},{"type":"Polygon","arcs":[[5489,5490,5491,5492]],"properties":{"pop":0,"kn":"1383"}},{"type":"Polygon","arcs":[[5493,5494,5495,5496]],"properties":{"pop":0,"kn":"1383"}},{"type":"Polygon","arcs":[[5497,5498,5499,-5449]],"properties":{"pop":0,"kn":"1383"}},{"type":"Polygon","arcs":[[-5500,5500,5501,5502]],"properties":{"pop":0,"kn":"1383"}},{"type":"Polygon","arcs":[[5503,5504,5505,-5452]],"properties":{"pop":0,"kn":"1383"}},{"type":"Polygon","arcs":[[5506,5507,5508,-5456]],"properties":{"pop":0,"kn":"1383"}},{"type":"Polygon","arcs":[[-5509,5509,5510,-5459]],"properties":{"pop":0,"kn":"1383"}},{"type":"Polygon","arcs":[[-5511,5511,5512,-5461]],"properties":{"pop":0,"kn":"1383"}},{"type":"Polygon","arcs":[[5513,5514,5515,5516]],"properties":{"pop":0,"kn":"1382"}},{"type":"Polygon","arcs":[[5517,5518,5519,5520]],"properties":{"pop":0,"kn":"1383"}},{"type":"Polygon","arcs":[[-5520,5521,5522,5523]],"properties":{"pop":0,"kn":"1383"}},{"type":"Polygon","arcs":[[5524,5525,5526,-5491]],"properties":{"pop":0,"kn":"1383"}},{"type":"Polygon","arcs":[[5527,5528,5529,5530]],"properties":{"pop":5,"kn":"1383"}},{"type":"Polygon","arcs":[[5531,5532,5533,-5510]],"properties":{"pop":3,"kn":"1383"}},{"type":"Polygon","arcs":[[-5534,5534,5535,-5512]],"properties":{"pop":0,"kn":"1383"}},{"type":"Polygon","arcs":[[5536,5537,5538]],"properties":{"pop":0,"kn":"1382"}},{"type":"Polygon","arcs":[[-5538,5539,5540,5541]],"properties":{"pop":0,"kn":"1382"}},{"type":"Polygon","arcs":[[-5541,5542,-5515]],"properties":{"pop":0,"kn":"1382"}},{"type":"Polygon","arcs":[[5543,5544,5545]],"properties":{"pop":0,"kn":"1383"}},{"type":"Polygon","arcs":[[5546,5547,5548,5549]],"properties":{"pop":0,"kn":"1383"}},{"type":"Polygon","arcs":[[-5549,5550,5551,5552]],"properties":{"pop":4,"kn":"1383"}},{"type":"Polygon","arcs":[[-5552,5553,5554,-5519]],"properties":{"pop":0,"kn":"1383"}},{"type":"Polygon","arcs":[[-5555,5555,5556,-5522]],"properties":{"pop":0,"kn":"1383"}},{"type":"Polygon","arcs":[[5557,5558,5559,5560]],"properties":{"pop":0,"kn":"1383"}},{"type":"Polygon","arcs":[[5561,5562,5563]],"properties":{"pop":0,"kn":"1383"}},{"type":"Polygon","arcs":[[5564,5565,5566,5567]],"properties":{"pop":0,"kn":"1383"}},{"type":"Polygon","arcs":[[5568,5569,5570,5571]],"properties":{"pop":0,"kn":"1383"}},{"type":"Polygon","arcs":[[-5571,5572,5573,5574]],"properties":{"pop":3,"kn":"1383"}},{"type":"Polygon","arcs":[[5575,5576,5577,5578]],"properties":{"pop":0,"kn":"1383"}},{"type":"Polygon","arcs":[[5579,5580,5581,-5535]],"properties":{"pop":0,"kn":"1383"}},{"type":"Polygon","arcs":[[-5582,5582,5583]],"properties":{"pop":3,"kn":"1383"}},{"type":"Polygon","arcs":[[5584,-5540]],"properties":{"pop":0,"kn":"1382"}},{"type":"Polygon","arcs":[[5585,5586,5587,-5554]],"properties":{"pop":0,"kn":"1383"}},{"type":"Polygon","arcs":[[5588,5589,5590,5591]],"properties":{"pop":0,"kn":"1383"}},{"type":"Polygon","arcs":[[-5591,5592,5593,-5559]],"properties":{"pop":0,"kn":"1383"}},{"type":"Polygon","arcs":[[-5594,5594,5595,5596]],"properties":{"pop":0,"kn":"1383"}},{"type":"Polygon","arcs":[[5597,5598,5599,-5570]],"properties":{"pop":0,"kn":"1383"}},{"type":"Polygon","arcs":[[-5600,5600,5601,-5573]],"properties":{"pop":0,"kn":"1383"}},{"type":"Polygon","arcs":[[5602,5603,5604,5605]],"properties":{"pop":0,"kn":"1383"}},{"type":"Polygon","arcs":[[-5605,5606,5607,5608]],"properties":{"pop":3,"kn":"1383"}},{"type":"Polygon","arcs":[[-5608,5609,-5581]],"properties":{"pop":0,"kn":"1383"}},{"type":"Polygon","arcs":[[5610,5611,5612,5613]],"properties":{"pop":0,"kn":"1383"}},{"type":"Polygon","arcs":[[-5613,5614,5615,5616]],"properties":{"pop":0,"kn":"1383"}},{"type":"Polygon","arcs":[[5617,5618,5619,5620]],"properties":{"pop":0,"kn":"1384"}},{"type":"Polygon","arcs":[[5621,5622,5623,-5593]],"properties":{"pop":0,"kn":"1383"}},{"type":"Polygon","arcs":[[-5624,5624,5625,-5595]],"properties":{"pop":0,"kn":"1383"}},{"type":"Polygon","arcs":[[-5626,5626,5627,5628]],"properties":{"pop":0,"kn":"1383"}},{"type":"Polygon","arcs":[[5629,5630,5631,-5607]],"properties":{"pop":0,"kn":"1383"}},{"type":"Polygon","arcs":[[5632,5633,5634,5635]],"properties":{"pop":0,"kn":"1383"}},{"type":"Polygon","arcs":[[-5635,5636,5637,-5612]],"properties":{"pop":0,"kn":"1383"}},{"type":"Polygon","arcs":[[-5638,5638,5639,-5615]],"properties":{"pop":0,"kn":"1384"}},{"type":"Polygon","arcs":[[-5640,5640,5641,5642]],"properties":{"pop":0,"kn":"1384"}},{"type":"Polygon","arcs":[[5643,5644,5645,5646]],"properties":{"pop":0,"kn":"1384"}},{"type":"Polygon","arcs":[[5647,5648,5649,-5625]],"properties":{"pop":0,"kn":"1383"}},{"type":"Polygon","arcs":[[-5650,5650,5651,-5627]],"properties":{"pop":0,"kn":"1383"}},{"type":"Polygon","arcs":[[-5652,5652,5653,5654]],"properties":{"pop":0,"kn":"1383"}},{"type":"Polygon","arcs":[[5655,5656,5657,5658]],"properties":{"pop":0,"kn":"1383"}},{"type":"Polygon","arcs":[[-5658,5659,5660,5661]],"properties":{"pop":0,"kn":"1383"}},{"type":"Polygon","arcs":[[5662,5663,5664,-5649]],"properties":{"pop":0,"kn":"1383"}},{"type":"Polygon","arcs":[[-5665,5665,5666,-5651]],"properties":{"pop":0,"kn":"1383"}},{"type":"Polygon","arcs":[[-5667,5667,-5653]],"properties":{"pop":0,"kn":"1383"}},{"type":"Polygon","arcs":[[5668,5669,5670]],"properties":{"pop":0,"kn":"1383"}},{"type":"Polygon","arcs":[[-5670,5671,5672,5673]],"properties":{"pop":0,"kn":"1383"}},{"type":"Polygon","arcs":[[-5673,5674,5675,5676]],"properties":{"pop":0,"kn":"1383"}},{"type":"Polygon","arcs":[[5677,5678,5679,-5660]],"properties":{"pop":3,"kn":"1383"}},{"type":"Polygon","arcs":[[5680,5681,5682,5683]],"properties":{"pop":0,"kn":"1383"}},{"type":"Polygon","arcs":[[-5683,5684,5685,-5664]],"properties":{"pop":3,"kn":"1383"}},{"type":"Polygon","arcs":[[5686,5687,5688]],"properties":{"pop":0,"kn":"1383"}},{"type":"Polygon","arcs":[[5689,5690,5691]],"properties":{"pop":0,"kn":"1384"}},{"type":"Polygon","arcs":[[-5691,5692,5693,5694]],"properties":{"pop":0,"kn":"1384"}},{"type":"Polygon","arcs":[[-5694,5695,5696]],"properties":{"pop":0,"kn":"1384"}},{"type":"Polygon","arcs":[[5697,5698,5699,5700]],"properties":{"pop":3,"kn":"1384"}},{"type":"Polygon","arcs":[[5701,5702,5703,-5682]],"properties":{"pop":0,"kn":"1384"}},{"type":"Polygon","arcs":[[5704,5705]],"properties":{"pop":0,"kn":"1384"}},{"type":"Polygon","arcs":[[5706,5707,5708,5709]],"properties":{"pop":0,"kn":"1384"}},{"type":"Polygon","arcs":[[5710,5711,5712,5713]],"properties":{"pop":6,"kn":"1384"}},{"type":"Polygon","arcs":[[5714,5715,5716,5717]],"properties":{"pop":0,"kn":"1384"}},{"type":"Polygon","arcs":[[-5717,5718,5719,5720]],"properties":{"pop":0,"kn":"1384"}},{"type":"Polygon","arcs":[[5721,5722]],"properties":{"pop":0,"kn":"1384"}},{"type":"Polygon","arcs":[[5723,5724,5725]],"properties":{"pop":0,"kn":"1384"}},{"type":"Polygon","arcs":[[-5725,5726,5727,-5705]],"properties":{"pop":0,"kn":"1384"}},{"type":"Polygon","arcs":[[-5728,5728,5729]],"properties":{"pop":0,"kn":"1384"}},{"type":"Polygon","arcs":[[5730,5731,5732,-5708]],"properties":{"pop":0,"kn":"1384"}},{"type":"Polygon","arcs":[[-5733,5733,5734,5735]],"properties":{"pop":0,"kn":"1384"}},{"type":"Polygon","arcs":[[5736,5737,5738,5739]],"properties":{"pop":0,"kn":"1384"}},{"type":"Polygon","arcs":[[-5739,5740,5741,-5716]],"properties":{"pop":0,"kn":"1384"}},{"type":"Polygon","arcs":[[5742,5743,5744,-5722]],"properties":{"pop":0,"kn":"1384"}},{"type":"Polygon","arcs":[[-5745,5745,5746,5747]],"properties":{"pop":0,"kn":"1384"}},{"type":"Polygon","arcs":[[-5747,5748,5749,-5724]],"properties":{"pop":0,"kn":"1384"}},{"type":"Polygon","arcs":[[5750,5751,5752,5753]],"properties":{"pop":0,"kn":"1384"}},{"type":"Polygon","arcs":[[5754,5755,5756,-5732]],"properties":{"pop":5,"kn":"1384"}},{"type":"Polygon","arcs":[[-5757,5757,5758,-5734]],"properties":{"pop":0,"kn":"1384"}},{"type":"Polygon","arcs":[[5759,5760]],"properties":{"pop":0,"kn":"1384"}},{"type":"Polygon","arcs":[[5761,5762,5763]],"properties":{"pop":0,"kn":"1384"}},{"type":"Polygon","arcs":[[5764,5765,5766,5767]],"properties":{"pop":0,"kn":"1384"}},{"type":"Polygon","arcs":[[-5767,5768,5769,-5752]],"properties":{"pop":0,"kn":"1384"}},{"type":"Polygon","arcs":[[5770,5771,5772,5773]],"properties":{"pop":0,"kn":"1384"}},{"type":"Polygon","arcs":[[-5773,5774,5775,5776]],"properties":{"pop":0,"kn":"1384"}},{"type":"Polygon","arcs":[[5777,5778,5779,5780]],"properties":{"pop":0,"kn":"1384"}},{"type":"Polygon","arcs":[[-5780,5781,5782,5783]],"properties":{"pop":0,"kn":"1384"}},{"type":"Polygon","arcs":[[5784,5785,5786,5787]],"properties":{"pop":0,"kn":"1384"}},{"type":"Polygon","arcs":[[5788,5789,5790,5791]],"properties":{"pop":0,"kn":"1384"}},{"type":"Polygon","arcs":[[-5791,5792,5793,-5772]],"properties":{"pop":0,"kn":"1384"}},{"type":"Polygon","arcs":[[-5794,5794,5795,-5775]],"properties":{"pop":0,"kn":"1384"}},{"type":"Polygon","arcs":[[5796,5797,5798,5799]],"properties":{"pop":0,"kn":"1384"}},{"type":"Polygon","arcs":[[-5799,5800,5801,-5779]],"properties":{"pop":0,"kn":"1384"}},{"type":"Polygon","arcs":[[-5802,5802,5803,-5782]],"properties":{"pop":0,"kn":"1384"}},{"type":"Polygon","arcs":[[-5804,5804,5805]],"properties":{"pop":0,"kn":"1384"}},{"type":"Polygon","arcs":[[5806,5807,5808]],"properties":{"pop":0,"kn":"1384"}},{"type":"Polygon","arcs":[[-5808,5809,5810,5811]],"properties":{"pop":0,"kn":"1384"}},{"type":"Polygon","arcs":[[5812,5813,5814,-5790]],"properties":{"pop":0,"kn":"1384"}},{"type":"Polygon","arcs":[[-5815,5815,5816,-5793]],"properties":{"pop":0,"kn":"1384"}},{"type":"Polygon","arcs":[[5817,5818,5819,5820]],"properties":{"pop":0,"kn":"1384"}},{"type":"Polygon","arcs":[[5821,5822,5823,-5798]],"properties":{"pop":0,"kn":"1384"}},{"type":"Polygon","arcs":[[-5824,5824,5825,-5801]],"properties":{"pop":0,"kn":"1384"}},{"type":"Polygon","arcs":[[-5826,5826,5827,-5803]],"properties":{"pop":3,"kn":"1384"}},{"type":"Polygon","arcs":[[5828,5829,5830]],"properties":{"pop":0,"kn":"1384"}},{"type":"Polygon","arcs":[[5831,5832,5833,-5807]],"properties":{"pop":0,"kn":"1384"}},{"type":"Polygon","arcs":[[5834,5835,5836,5837]],"properties":{"pop":0,"kn":"1384"}},{"type":"Polygon","arcs":[[5838,5839,5840,-5814]],"properties":{"pop":0,"kn":"1384"}},{"type":"Polygon","arcs":[[5841,5842,5843,-5819]],"properties":{"pop":0,"kn":"1384"}},{"type":"Polygon","arcs":[[5844,5845,5846,-5823]],"properties":{"pop":0,"kn":"1384"}},{"type":"Polygon","arcs":[[5847,5848,5849,-5827]],"properties":{"pop":0,"kn":"1384"}},{"type":"Polygon","arcs":[[5850,5851,-5829]],"properties":{"pop":0,"kn":"1384"}},{"type":"Polygon","arcs":[[-5852,5852,5853,5854]],"properties":{"pop":0,"kn":"1384"}},{"type":"Polygon","arcs":[[5855,5856,-5833]],"properties":{"pop":0,"kn":"1384"}},{"type":"Polygon","arcs":[[-5857,5857,5858,5859]],"properties":{"pop":0,"kn":"1384"}},{"type":"Polygon","arcs":[[5860,5861,5862,5863]],"properties":{"pop":0,"kn":"1384"}},{"type":"Polygon","arcs":[[5864,5865,5866,-5840]],"properties":{"pop":0,"kn":"1384"}},{"type":"Polygon","arcs":[[5867,5868,5869,5870]],"properties":{"pop":0,"kn":"1384"}},{"type":"Polygon","arcs":[[-5870,5871,5872,5873]],"properties":{"pop":0,"kn":"1384"}},{"type":"Polygon","arcs":[[5874,5875,5876,5877]],"properties":{"pop":0,"kn":"1384"}},{"type":"Polygon","arcs":[[5878,5879,5880,-5853]],"properties":{"pop":0,"kn":"1384"}},{"type":"Polygon","arcs":[[5881,5882,5883,-5862]],"properties":{"pop":0,"kn":"1384"}},{"type":"Polygon","arcs":[[5884,5885,5886,-5869]],"properties":{"pop":0,"kn":"1384"}},{"type":"Polygon","arcs":[[5887,5888,5889,-5886]],"properties":{"pop":0,"kn":"1384"}},{"type":"Polygon","arcs":[[-5890,5890,5891,5892]],"properties":{"pop":0,"kn":"1384"}},{"type":"Polygon","arcs":[[-5892,5893,5894,5895]],"properties":{"pop":0,"kn":"1384"}},{"type":"Polygon","arcs":[[-5895,5896,5897,5898]],"properties":{"pop":0,"kn":"1384"}},{"type":"Polygon","arcs":[[5899,5900,5901,5902]],"properties":{"pop":0,"kn":"1384"}},{"type":"Polygon","arcs":[[5903,5904,5905,-5889]],"properties":{"pop":0,"kn":"1384"}},{"type":"Polygon","arcs":[[5906,5907,5908,-5894]],"properties":{"pop":0,"kn":"1384"}},{"type":"Polygon","arcs":[[-5909,5909,5910,-5897]],"properties":{"pop":0,"kn":"1384"}},{"type":"Polygon","arcs":[[5911,5912,5913,5914]],"properties":{"pop":0,"kn":"1384"}},{"type":"Polygon","arcs":[[5915,5916,5917,5918]],"properties":{"pop":0,"kn":"1384"}},{"type":"Polygon","arcs":[[-5918,5919,5920,5921]],"properties":{"pop":0,"kn":"1384"}},{"type":"Polygon","arcs":[[-5921,5922,5923,-5905]],"properties":{"pop":0,"kn":"1384"}},{"type":"Polygon","arcs":[[5924,5925,5926,5927]],"properties":{"pop":0,"kn":"1384"}},{"type":"Polygon","arcs":[[5928,5929,5930,-5920]],"properties":{"pop":0,"kn":"1384"}},{"type":"Polygon","arcs":[[-5931,5931,5932,-5923]],"properties":{"pop":0,"kn":"1384"}},{"type":"Polygon","arcs":[[5933,5934,5935,5936]],"properties":{"pop":0,"kn":"1384"}},{"type":"Polygon","arcs":[[5937,5938,5939,5940]],"properties":{"pop":0,"kn":"1384"}},{"type":"Polygon","arcs":[[5941,5942,5943,-5932]],"properties":{"pop":0,"kn":"1384"}},{"type":"Polygon","arcs":[[5944,5945,5946,5947]],"properties":{"pop":0,"kn":"1384"}},{"type":"Polygon","arcs":[[-5947,5948,5949,5950]],"properties":{"pop":0,"kn":"1384"}},{"type":"Polygon","arcs":[[5951,5952,5953,5954]],"properties":{"pop":0,"kn":"1384"}},{"type":"Polygon","arcs":[[5955,5956,5957,5958]],"properties":{"pop":8,"kn":"1384"}},{"type":"Polygon","arcs":[[-5958,5959,5960,-5946]],"properties":{"pop":0,"kn":"1384"}},{"type":"Polygon","arcs":[[-5961,5961,5962,-5949]],"properties":{"pop":0,"kn":"1384"}},{"type":"Polygon","arcs":[[5963,5964,5965,5966]],"properties":{"pop":0,"kn":"1384"}},{"type":"Polygon","arcs":[[-5966,5967,5968,5969]],"properties":{"pop":0,"kn":"1384"}},{"type":"Polygon","arcs":[[5970,5971,5972,-5953]],"properties":{"pop":0,"kn":"1384"}},{"type":"Polygon","arcs":[[5973,5974,5975,-5965]],"properties":{"pop":0,"kn":"1384"}},{"type":"Polygon","arcs":[[-5976,5976,5977,-5968]],"properties":{"pop":0,"kn":"1384"}},{"type":"Polygon","arcs":[[-5978,5978,5979,5980]],"properties":{"pop":0,"kn":"1384"}},{"type":"Polygon","arcs":[[5981,5982,5983,5984]],"properties":{"pop":3,"kn":"1384"}},{"type":"Polygon","arcs":[[5985,5986,5987,5988]],"properties":{"pop":0,"kn":"1384"}},{"type":"Polygon","arcs":[[-5988,5989,5990,-5972]],"properties":{"pop":0,"kn":"1384"}},{"type":"Polygon","arcs":[[5991,5992,5993,5994]],"properties":{"pop":0,"kn":"1384"}},{"type":"Polygon","arcs":[[5995,5996,-5975]],"properties":{"pop":0,"kn":"1384"}},{"type":"Polygon","arcs":[[-5997,5997,5998,-5977]],"properties":{"pop":0,"kn":"1384"}},{"type":"Polygon","arcs":[[-5999,5999,6000,-5979]],"properties":{"pop":0,"kn":"1384"}},{"type":"Polygon","arcs":[[6001,6002,6003,6004]],"properties":{"pop":0,"kn":"1384"}},{"type":"Polygon","arcs":[[-6004,6005,6006,6007]],"properties":{"pop":3,"kn":"1384"}},{"type":"Polygon","arcs":[[6008,6009,6010,6011]],"properties":{"pop":0,"kn":"1384"}},{"type":"Polygon","arcs":[[-6011,6012,6013,6014]],"properties":{"pop":0,"kn":"1384"}},{"type":"Polygon","arcs":[[6015,6016,6017,-6003]],"properties":{"pop":0,"kn":"1384"}},{"type":"Polygon","arcs":[[-6018,6018,6019,-6006]],"properties":{"pop":0,"kn":"1384"}},{"type":"Polygon","arcs":[[6020,6021,6022,-6013]],"properties":{"pop":0,"kn":"1384"}},{"type":"Polygon","arcs":[[6023,6024,6025,6026]],"properties":{"pop":0,"kn":"1384"}},{"type":"Polygon","arcs":[[6027,6028,6029,6030]],"properties":{"pop":0,"kn":"1384"}},{"type":"Polygon","arcs":[[6031,6032,6033,6034]],"properties":{"pop":0,"kn":"1384"}},{"type":"Polygon","arcs":[[-6034,6035,6036,-6022]],"properties":{"pop":0,"kn":"1384"}},{"type":"Polygon","arcs":[[-6037,6037,6038,6039]],"properties":{"pop":0,"kn":"1384"}},{"type":"Polygon","arcs":[[6040,6041,6042,6043]],"properties":{"pop":0,"kn":"1384"}},{"type":"Polygon","arcs":[[-6043,6044,6045,6046]],"properties":{"pop":0,"kn":"1384"}},{"type":"Polygon","arcs":[[6047,6048,6049,6050]],"properties":{"pop":0,"kn":"1384"}},{"type":"Polygon","arcs":[[-6050,6051,6052,-6029]],"properties":{"pop":0,"kn":"1384"}},{"type":"Polygon","arcs":[[-6053,6053,6054,6055]],"properties":{"pop":0,"kn":"1384"}},{"type":"Polygon","arcs":[[6056,6057,6058,-6033]],"properties":{"pop":3,"kn":"1384"}},{"type":"Polygon","arcs":[[6059,6060,6061,6062]],"properties":{"pop":0,"kn":"1384"}},{"type":"Polygon","arcs":[[6063,6064,6065,-6042]],"properties":{"pop":0,"kn":"1384"}},{"type":"Polygon","arcs":[[-6066,6066,6067,-6045]],"properties":{"pop":0,"kn":"1384"}},{"type":"Polygon","arcs":[[6068,6069,6070,6071]],"properties":{"pop":0,"kn":"1384"}},{"type":"Polygon","arcs":[[6072,6073,6074,-6049]],"properties":{"pop":0,"kn":"1384"}},{"type":"Polygon","arcs":[[-6075,6075,6076,-6052]],"properties":{"pop":0,"kn":"1384"}},{"type":"Polygon","arcs":[[-6077,6077,6078,-6054]],"properties":{"pop":0,"kn":"1384"}},{"type":"Polygon","arcs":[[-6079,6079,6080]],"properties":{"pop":0,"kn":"1384"}},{"type":"Polygon","arcs":[[6081,6082,6083,-6058]],"properties":{"pop":0,"kn":"1384"}},{"type":"Polygon","arcs":[[6084,6085,6086,6087]],"properties":{"pop":0,"kn":"1384"}},{"type":"Polygon","arcs":[[-6087,6088,6089,6090]],"properties":{"pop":0,"kn":"1384"}},{"type":"Polygon","arcs":[[-6090,6091,6092,-6061]],"properties":{"pop":0,"kn":"1384"}},{"type":"Polygon","arcs":[[-6093,6093,6094,6095]],"properties":{"pop":0,"kn":"1384"}},{"type":"Polygon","arcs":[[6096,6097,6098,-6070]],"properties":{"pop":0,"kn":"1384"}},{"type":"Polygon","arcs":[[-6099,6099,6100,6101]],"properties":{"pop":0,"kn":"1384"}},{"type":"Polygon","arcs":[[-6101,6102,6103,-6074]],"properties":{"pop":0,"kn":"1384"}},{"type":"Polygon","arcs":[[-6104,6104,6105,-6076]],"properties":{"pop":0,"kn":"1384"}},{"type":"Polygon","arcs":[[-6106,6106,6107,-6078]],"properties":{"pop":0,"kn":"1384"}},{"type":"Polygon","arcs":[[-6108,6108,6109,-6080]],"properties":{"pop":0,"kn":"1384"}},{"type":"Polygon","arcs":[[6110,6111,-6092]],"properties":{"pop":0,"kn":"1384"}},{"type":"Polygon","arcs":[[6112,6113,6114,-6100]],"properties":{"pop":0,"kn":"1384"}},{"type":"Polygon","arcs":[[-6115,6115,6116,-6103]],"properties":{"pop":0,"kn":"1384"}},{"type":"Polygon","arcs":[[-6117,6117,6118,-6105]],"properties":{"pop":0,"kn":"1384"}},{"type":"Polygon","arcs":[[6119,6120]],"properties":{"pop":0,"kn":"1384"}},{"type":"Polygon","arcs":[[6121,6122,6123]],"properties":{"pop":0,"kn":"1384"}},{"type":"Polygon","arcs":[[6124,6125,6126,6127]],"properties":{"pop":0,"kn":"1384"}},{"type":"Polygon","arcs":[[6128,6129,6130,6131]],"properties":{"pop":0,"kn":"1384"}},{"type":"Polygon","arcs":[[6132,6133,6134,6135]],"properties":{"pop":0,"kn":"1384"}},{"type":"Polygon","arcs":[[-6135,6136,6137,6138]],"properties":{"pop":0,"kn":"1384"}},{"type":"Polygon","arcs":[[6139,6140,6141,-6137]],"properties":{"pop":0,"kn":"1384"}},{"type":"Polygon","arcs":[[-2,6142,6143]],"properties":{"pop":9,"kn":"1381"}},{"type":"Polygon","arcs":[[-12,-4,6144]],"properties":{"pop":17,"kn":"1381"}},{"type":"Polygon","arcs":[[-6,6145,6146,-6143]],"properties":{"pop":19,"kn":"1381"}},{"type":"Polygon","arcs":[[-6147,6147,6148]],"properties":{"pop":7,"kn":"1381"}},{"type":"Polygon","arcs":[[-11,6149,6150,-5]],"properties":{"pop":15,"kn":"1381"}},{"type":"Polygon","arcs":[[-6151,6151,6152,-6146]],"properties":{"pop":13,"kn":"1381"}},{"type":"Polygon","arcs":[[-6153,6153,6154,-6148]],"properties":{"pop":15,"kn":"1381"}},{"type":"Polygon","arcs":[[-17,6155,-19,6156]],"properties":{"pop":7,"kn":"1381"}},{"type":"Polygon","arcs":[[-24,-50,6157,6158]],"properties":{"pop":3,"kn":"1381"}},{"type":"Polygon","arcs":[[-6158,6159,6160,6161]],"properties":{"pop":6,"kn":"1381"}},{"type":"Polygon","arcs":[[-6161,6162,6163,6164]],"properties":{"pop":7,"kn":"1381"}},{"type":"Polygon","arcs":[[-6164,6165,-26,6166]],"properties":{"pop":3,"kn":"1381"}},{"type":"Polygon","arcs":[[6167,6168,-31,-6154]],"properties":{"pop":9,"kn":"1381"}},{"type":"Polygon","arcs":[[-56,-35,6169]],"properties":{"pop":3,"kn":"1381"}},{"type":"Polygon","arcs":[[-42,-65,-43,-6156]],"properties":{"pop":6,"kn":"1381"}},{"type":"Polygon","arcs":[[-49,-74,6170,-6160]],"properties":{"pop":0,"kn":"1381"}},{"type":"Polygon","arcs":[[-6171,6171,6172,-6163]],"properties":{"pop":15,"kn":"1381"}},{"type":"Polygon","arcs":[[-6173,6173,6174,-6166]],"properties":{"pop":3,"kn":"1381"}},{"type":"Polygon","arcs":[[-6175,6175,6176,-27]],"properties":{"pop":9,"kn":"1381"}},{"type":"Polygon","arcs":[[-6177,6177,6178,-29]],"properties":{"pop":17,"kn":"1381"}},{"type":"Polygon","arcs":[[-6179,-78,6179,6180]],"properties":{"pop":7,"kn":"1381"}},{"type":"Polygon","arcs":[[-6180,-81,6181,6182]],"properties":{"pop":6,"kn":"1381"}},{"type":"Polygon","arcs":[[6183,6184,6185,-32]],"properties":{"pop":16,"kn":"1381"}},{"type":"Polygon","arcs":[[-6186,6186,6187]],"properties":{"pop":0,"kn":"1381"}},{"type":"Polygon","arcs":[[-73,6188,6189,-6172]],"properties":{"pop":5,"kn":"1381"}},{"type":"Polygon","arcs":[[-6190,6190,6191,-6174]],"properties":{"pop":15,"kn":"1381"}},{"type":"Polygon","arcs":[[-6192,-104,6192,-6176]],"properties":{"pop":17,"kn":"1381"}},{"type":"Polygon","arcs":[[-6193,-107,-75,-6178]],"properties":{"pop":18,"kn":"1381"}},{"type":"Polygon","arcs":[[-80,6193,6194,6195]],"properties":{"pop":11,"kn":"1381"}},{"type":"Polygon","arcs":[[-6195,6196,6197,-6185]],"properties":{"pop":12,"kn":"1381"}},{"type":"Polygon","arcs":[[-6198,6198,6199,-6187]],"properties":{"pop":20,"kn":"1381"}},{"type":"Polygon","arcs":[[-6200,6200,-82,6201]],"properties":{"pop":3,"kn":"1381"}},{"type":"Polygon","arcs":[[-87,6202,-88,-54]],"properties":{"pop":5,"kn":"1381"}},{"type":"Polygon","arcs":[[-100,6203,6204,-70]],"properties":{"pop":7,"kn":"1381"}},{"type":"Polygon","arcs":[[-6205,6205,6206,-72]],"properties":{"pop":0,"kn":"1381"}},{"type":"Polygon","arcs":[[6207,6208,-101,-6191]],"properties":{"pop":4,"kn":"1381"}},{"type":"Polygon","arcs":[[-106,6209,6210,-76]],"properties":{"pop":15,"kn":"1381"}},{"type":"Polygon","arcs":[[-6211,6211,6212,-79]],"properties":{"pop":6,"kn":"1381"}},{"type":"Polygon","arcs":[[-6213,6213,6214,-6194]],"properties":{"pop":4,"kn":"1381"}},{"type":"Polygon","arcs":[[-6215,6215,6216,-6197]],"properties":{"pop":21,"kn":"1381"}},{"type":"Polygon","arcs":[[-6217,6217,6218,-6199]],"properties":{"pop":17,"kn":"1381"}},{"type":"Polygon","arcs":[[-6219,6219,-108,-6201]],"properties":{"pop":3,"kn":"1381"}},{"type":"Polygon","arcs":[[-110,6220,6221]],"properties":{"pop":7,"kn":"1381"}},{"type":"Polygon","arcs":[[6222,-119,6223,-86]],"properties":{"pop":6,"kn":"1381"}},{"type":"Polygon","arcs":[[-6224,6224,6225,-6203]],"properties":{"pop":3,"kn":"1381"}},{"type":"Polygon","arcs":[[-6226,6226,6227,-89]],"properties":{"pop":17,"kn":"1381"}},{"type":"Polygon","arcs":[[-6228,6228,6229,-91]],"properties":{"pop":11,"kn":"1381"}},{"type":"Polygon","arcs":[[-6230,6230,-111,-93]],"properties":{"pop":10,"kn":"1381"}},{"type":"Polygon","arcs":[[-113,-123,6231,-97]],"properties":{"pop":9,"kn":"1381"}},{"type":"Polygon","arcs":[[-6232,6232,6233,-99]],"properties":{"pop":18,"kn":"1381"}},{"type":"Polygon","arcs":[[-6234,6234,6235,-6204]],"properties":{"pop":9,"kn":"1381"}},{"type":"Polygon","arcs":[[-6236,6236,6237,-6206]],"properties":{"pop":10,"kn":"1381"}},{"type":"Polygon","arcs":[[-6238,6238,6239,6240]],"properties":{"pop":14,"kn":"1381"}},{"type":"Polygon","arcs":[[-6240,-127,6241,-6209]],"properties":{"pop":19,"kn":"1381"}},{"type":"Polygon","arcs":[[-6242,-130,6242,-102]],"properties":{"pop":11,"kn":"1381"}},{"type":"Polygon","arcs":[[-6243,6243,6244,-105]],"properties":{"pop":3,"kn":"1381"}},{"type":"Polygon","arcs":[[-6245,-134,6245,-6210]],"properties":{"pop":4,"kn":"1381"}},{"type":"Polygon","arcs":[[-6246,-137,6246,-6212]],"properties":{"pop":6,"kn":"1381"}},{"type":"Polygon","arcs":[[-6247,6247,6248,-6214]],"properties":{"pop":11,"kn":"1381"}},{"type":"Polygon","arcs":[[-6249,6249,6250,-6216]],"properties":{"pop":5,"kn":"1381"}},{"type":"Polygon","arcs":[[-6251,6251,6252,-6218]],"properties":{"pop":3,"kn":"1381"}},{"type":"Polygon","arcs":[[-6253,6253,-114,-6220]],"properties":{"pop":16,"kn":"1381"}},{"type":"Polygon","arcs":[[-116,6254,6255,-6221]],"properties":{"pop":15,"kn":"1381"}},{"type":"Polygon","arcs":[[-6256,6256,6257,6258]],"properties":{"pop":5,"kn":"1381"}},{"type":"Polygon","arcs":[[-6258,6259,6260,6261]],"properties":{"pop":6,"kn":"1381"}},{"type":"Polygon","arcs":[[-6261,6262,6263]],"properties":{"pop":4,"kn":"1381"}},{"type":"Polygon","arcs":[[-118,-141,6264,-6225]],"properties":{"pop":16,"kn":"1381"}},{"type":"Polygon","arcs":[[6265,6266,6267,-6229]],"properties":{"pop":25,"kn":"1381"}},{"type":"Polygon","arcs":[[-6268,6268,6269,-6231]],"properties":{"pop":13,"kn":"1381"}},{"type":"Polygon","arcs":[[-122,6270,6271,-6233]],"properties":{"pop":12,"kn":"1381"}},{"type":"Polygon","arcs":[[-6272,6272,6273,-6235]],"properties":{"pop":10,"kn":"1381"}},{"type":"Polygon","arcs":[[-6274,6274,6275,-6237]],"properties":{"pop":16,"kn":"1381"}},{"type":"Polygon","arcs":[[-129,6276,-131,-6244]],"properties":{"pop":24,"kn":"1381"}},{"type":"Polygon","arcs":[[-136,6277,6278,-6248]],"properties":{"pop":9,"kn":"1381"}},{"type":"Polygon","arcs":[[-6279,-148,6279,-6250]],"properties":{"pop":0,"kn":"1381"}},{"type":"Polygon","arcs":[[-6280,6280,6281,-6252]],"properties":{"pop":14,"kn":"1381"}},{"type":"Polygon","arcs":[[-6282,6282,6283,-6254]],"properties":{"pop":13,"kn":"1381"}},{"type":"Polygon","arcs":[[-6284,6284,6285,-115]],"properties":{"pop":6,"kn":"1381"}},{"type":"Polygon","arcs":[[-6286,6286,6287,-6255]],"properties":{"pop":9,"kn":"1381"}},{"type":"Polygon","arcs":[[-6288,6288,6289,-6257]],"properties":{"pop":5,"kn":"1381"}},{"type":"Polygon","arcs":[[-6290,-152,6290,-6260]],"properties":{"pop":7,"kn":"1381"}},{"type":"Polygon","arcs":[[-6291,6291,6292,-6263]],"properties":{"pop":9,"kn":"1381"}},{"type":"Polygon","arcs":[[-6293,6293,6294]],"properties":{"pop":7,"kn":"1381"}},{"type":"Polygon","arcs":[[6295,6296,6297,-6269]],"properties":{"pop":16,"kn":"1381"}},{"type":"Polygon","arcs":[[-6298,6298,6299,6300]],"properties":{"pop":3,"kn":"1381"}},{"type":"Polygon","arcs":[[-6300,6301,6302,-121]],"properties":{"pop":8,"kn":"1381"}},{"type":"Polygon","arcs":[[-6303,6303,6304,-6271]],"properties":{"pop":20,"kn":"1381"}},{"type":"Polygon","arcs":[[-6305,6305,6306,-6273]],"properties":{"pop":14,"kn":"1381"}},{"type":"Polygon","arcs":[[6307,6308,6309,-125]],"properties":{"pop":12,"kn":"1381"}},{"type":"Polygon","arcs":[[-6310,6310,6311,-128]],"properties":{"pop":5,"kn":"1381"}},{"type":"Polygon","arcs":[[-6312,-156,6312,-6277]],"properties":{"pop":21,"kn":"1381"}},{"type":"Polygon","arcs":[[-6313,6313,-142,-132]],"properties":{"pop":17,"kn":"1381"}},{"type":"Polygon","arcs":[[-144,6314,-145,-6278]],"properties":{"pop":12,"kn":"1381"}},{"type":"Polygon","arcs":[[-147,6315,6316,-6281]],"properties":{"pop":3,"kn":"1381"}},{"type":"Polygon","arcs":[[-6317,-160,6317,-6283]],"properties":{"pop":3,"kn":"1381"}},{"type":"Polygon","arcs":[[-6318,6318,6319,-6285]],"properties":{"pop":5,"kn":"1381"}},{"type":"Polygon","arcs":[[-6320,6320,6321,-6287]],"properties":{"pop":5,"kn":"1381"}},{"type":"Polygon","arcs":[[-6322,6322,-149,-6289]],"properties":{"pop":12,"kn":"1381"}},{"type":"Polygon","arcs":[[-151,6323,6324,-6292]],"properties":{"pop":5,"kn":"1381"}},{"type":"Polygon","arcs":[[-6325,6325,6326,-6294]],"properties":{"pop":11,"kn":"1381"}},{"type":"Polygon","arcs":[[-6327,6327,6328]],"properties":{"pop":9,"kn":"1381"}},{"type":"Polygon","arcs":[[6329,6330,6331,6332]],"properties":{"pop":25,"kn":"1381"}},{"type":"Polygon","arcs":[[6333,6334,6335,-6299]],"properties":{"pop":23,"kn":"1381"}},{"type":"Polygon","arcs":[[-6336,6336,6337,-6302]],"properties":{"pop":24,"kn":"1381"}},{"type":"Polygon","arcs":[[6338,-171,6339,-6309]],"properties":{"pop":4,"kn":"1381"}},{"type":"Polygon","arcs":[[-6340,6340,-153,-6311]],"properties":{"pop":8,"kn":"1381"}},{"type":"Polygon","arcs":[[-155,-177,6341,-6314]],"properties":{"pop":15,"kn":"1381"}},{"type":"Polygon","arcs":[[6342,6343,6344,-6315]],"properties":{"pop":8,"kn":"1381"}},{"type":"Polygon","arcs":[[-6345,-184,6345,-146]],"properties":{"pop":6,"kn":"1381"}},{"type":"Polygon","arcs":[[-6346,-187,-157,-6316]],"properties":{"pop":3,"kn":"1381"}},{"type":"Polygon","arcs":[[-159,6346,6347,-6319]],"properties":{"pop":5,"kn":"1381"}},{"type":"Polygon","arcs":[[6348,6349,6350,-150]],"properties":{"pop":11,"kn":"1381"}},{"type":"Polygon","arcs":[[-6351,6351,6352,-6324]],"properties":{"pop":22,"kn":"1381"}},{"type":"Polygon","arcs":[[-6353,6353,6354,-6326]],"properties":{"pop":10,"kn":"1381"}},{"type":"Polygon","arcs":[[-6355,6355,-161,-6328]],"properties":{"pop":8,"kn":"1381"}},{"type":"Polygon","arcs":[[-163,6356,6357,6358]],"properties":{"pop":11,"kn":"1381"}},{"type":"Polygon","arcs":[[-6358,6359,-165,6360]],"properties":{"pop":0,"kn":"1381"}},{"type":"Polygon","arcs":[[6361,6362,6363,6364]],"properties":{"pop":6,"kn":"1381"}},{"type":"Polygon","arcs":[[-6364,6365,6366,6367]],"properties":{"pop":4,"kn":"1381"}},{"type":"Polygon","arcs":[[-6367,6368,6369,-6331]],"properties":{"pop":3,"kn":"1381"}},{"type":"Polygon","arcs":[[-6370,6370,6371,6372]],"properties":{"pop":9,"kn":"1381"}},{"type":"Polygon","arcs":[[-6372,6373,6374,6375]],"properties":{"pop":8,"kn":"1381"}},{"type":"Polygon","arcs":[[-6375,6376,6377,-6335]],"properties":{"pop":12,"kn":"1381"}},{"type":"Polygon","arcs":[[-6378,6378,6379,-6337]],"properties":{"pop":12,"kn":"1381"}},{"type":"Polygon","arcs":[[-6380,6380,6381,6382]],"properties":{"pop":6,"kn":"1381"}},{"type":"Polygon","arcs":[[-6382,6383,6384,6385]],"properties":{"pop":5,"kn":"1381"}},{"type":"Polygon","arcs":[[-6385,6386,6387,6388]],"properties":{"pop":11,"kn":"1381"}},{"type":"Polygon","arcs":[[-6388,6389,-168,6390]],"properties":{"pop":19,"kn":"1381"}},{"type":"Polygon","arcs":[[-170,6391,-172,-6341]],"properties":{"pop":4,"kn":"1381"}},{"type":"Polygon","arcs":[[-179,6392,-181,-6344]],"properties":{"pop":23,"kn":"1381"}},{"type":"Polygon","arcs":[[-189,6393,6394,-6347]],"properties":{"pop":6,"kn":"1381"}},{"type":"Polygon","arcs":[[6395,6396,6397,6398]],"properties":{"pop":14,"kn":"1381"}},{"type":"Polygon","arcs":[[-6398,6399,6400,-6350]],"properties":{"pop":17,"kn":"1381"}},{"type":"Polygon","arcs":[[-6401,6401,6402,-6352]],"properties":{"pop":4,"kn":"1381"}},{"type":"Polygon","arcs":[[6403,6404,6405,-162]],"properties":{"pop":20,"kn":"1381"}},{"type":"Polygon","arcs":[[-6406,6406,6407,-6357]],"properties":{"pop":15,"kn":"1381"}},{"type":"Polygon","arcs":[[6408,6409,6410,-6363]],"properties":{"pop":3,"kn":"1381"}},{"type":"Polygon","arcs":[[-6411,6411,6412,-6366]],"properties":{"pop":20,"kn":"1381"}},{"type":"Polygon","arcs":[[-6413,6413,6414,-6369]],"properties":{"pop":18,"kn":"1381"}},{"type":"Polygon","arcs":[[-6415,6415,6416,-6371]],"properties":{"pop":16,"kn":"1381"}},{"type":"Polygon","arcs":[[-6417,6417,6418,-6374]],"properties":{"pop":10,"kn":"1381"}},{"type":"Polygon","arcs":[[-6419,6419,6420,-6377]],"properties":{"pop":11,"kn":"1381"}},{"type":"Polygon","arcs":[[-6421,6421,6422,-6379]],"properties":{"pop":25,"kn":"1381"}},{"type":"Polygon","arcs":[[-6423,6423,6424,-6381]],"properties":{"pop":8,"kn":"1381"}},{"type":"Polygon","arcs":[[-6425,6425,6426,-6384]],"properties":{"pop":15,"kn":"1381"}},{"type":"Polygon","arcs":[[-6427,6427,6428,-6387]],"properties":{"pop":10,"kn":"1381"}},{"type":"Polygon","arcs":[[-6429,6429,6430,-6390]],"properties":{"pop":3,"kn":"1381"}},{"type":"Polygon","arcs":[[-6431,6431,6432,-169]],"properties":{"pop":15,"kn":"1381"}},{"type":"Polygon","arcs":[[-6433,6433,-190,-6392]],"properties":{"pop":9,"kn":"1381"}},{"type":"Polygon","arcs":[[-192,-202,6434,-175]],"properties":{"pop":10,"kn":"1381"}},{"type":"Polygon","arcs":[[-6435,6435,6436,-178]],"properties":{"pop":9,"kn":"1381"}},{"type":"Polygon","arcs":[[-6437,-206,-193,-6393]],"properties":{"pop":4,"kn":"1381"}},{"type":"Polygon","arcs":[[-195,-211,-196,-185]],"properties":{"pop":3,"kn":"1381"}},{"type":"Polygon","arcs":[[-198,-216,6437,-6394]],"properties":{"pop":10,"kn":"1381"}},{"type":"Polygon","arcs":[[-6438,6438,6439,6440]],"properties":{"pop":8,"kn":"1381"}},{"type":"Polygon","arcs":[[-6440,-220,6441,-6397]],"properties":{"pop":5,"kn":"1381"}},{"type":"Polygon","arcs":[[-6442,-223,6442,-6400]],"properties":{"pop":8,"kn":"1381"}},{"type":"Polygon","arcs":[[-6443,6443,6444,-6402]],"properties":{"pop":13,"kn":"1381"}},{"type":"Polygon","arcs":[[-6445,-227,6445,6446]],"properties":{"pop":12,"kn":"1381"}},{"type":"Polygon","arcs":[[-6446,-230,6447,6448]],"properties":{"pop":18,"kn":"1381"}},{"type":"Polygon","arcs":[[6449,6450,6451,-6407]],"properties":{"pop":17,"kn":"1381"}},{"type":"Polygon","arcs":[[-6452,6452,6453,6454]],"properties":{"pop":10,"kn":"1381"}},{"type":"Polygon","arcs":[[-6454,6455,6456,6457]],"properties":{"pop":5,"kn":"1381"}},{"type":"Polygon","arcs":[[6458,6459,6460,6461]],"properties":{"pop":11,"kn":"1381"}},{"type":"Polygon","arcs":[[6462,6463,6464,-6412]],"properties":{"pop":17,"kn":"1381"}},{"type":"Polygon","arcs":[[-6465,6465,6466,-6414]],"properties":{"pop":5,"kn":"1381"}},{"type":"Polygon","arcs":[[-6467,6467,6468,-6416]],"properties":{"pop":12,"kn":"1381"}},{"type":"Polygon","arcs":[[-6469,6469,6470,-6418]],"properties":{"pop":19,"kn":"1381"}},{"type":"Polygon","arcs":[[-6471,6471,6472,-6420]],"properties":{"pop":12,"kn":"1381"}},{"type":"Polygon","arcs":[[-6473,6473,6474,-6422]],"properties":{"pop":13,"kn":"1381"}},{"type":"Polygon","arcs":[[6475,6476,6477,-6432]],"properties":{"pop":15,"kn":"1381"}},{"type":"Polygon","arcs":[[6478,6479,-199,-191]],"properties":{"pop":9,"kn":"1381"}},{"type":"Polygon","arcs":[[-201,-236,-203,-6436]],"properties":{"pop":9,"kn":"1381"}},{"type":"Polygon","arcs":[[-215,-248,-217,-6439]],"properties":{"pop":4,"kn":"1381"}},{"type":"Polygon","arcs":[[-222,-254,-224,-6444]],"properties":{"pop":4,"kn":"1381"}},{"type":"Polygon","arcs":[[-229,-260,6480,6481]],"properties":{"pop":11,"kn":"1381"}},{"type":"Polygon","arcs":[[-6481,-263,6482,-6451]],"properties":{"pop":3,"kn":"1381"}},{"type":"Polygon","arcs":[[-6483,-266,6483,-6453]],"properties":{"pop":3,"kn":"1381"}},{"type":"Polygon","arcs":[[-6484,6484,6485,-6456]],"properties":{"pop":0,"kn":"1381"}},{"type":"Polygon","arcs":[[6486,6487,6488,-6464]],"properties":{"pop":4,"kn":"1381"}},{"type":"Polygon","arcs":[[-6489,6489,6490,-6466]],"properties":{"pop":12,"kn":"1381"}},{"type":"Polygon","arcs":[[-6491,6491,6492,-6468]],"properties":{"pop":19,"kn":"1381"}},{"type":"Polygon","arcs":[[-6493,6493,6494,-6470]],"properties":{"pop":11,"kn":"1381"}},{"type":"Polygon","arcs":[[-6495,6495,6496,-6472]],"properties":{"pop":18,"kn":"1381"}},{"type":"Polygon","arcs":[[6497,6498,6499,6500]],"properties":{"pop":11,"kn":"1381"}},{"type":"Polygon","arcs":[[6501,6502,6503,6504]],"properties":{"pop":5,"kn":"1381"}},{"type":"Polygon","arcs":[[-6504,6505,6506,-6477]],"properties":{"pop":13,"kn":"1381"}},{"type":"Polygon","arcs":[[-242,6507,-243,-212]],"properties":{"pop":3,"kn":"1381"}},{"type":"Polygon","arcs":[[-247,6508,-249,-218]],"properties":{"pop":15,"kn":"1381"}},{"type":"Polygon","arcs":[[-253,6509,-255,-225]],"properties":{"pop":3,"kn":"1381"}},{"type":"Polygon","arcs":[[-265,6510,-6485]],"properties":{"pop":3,"kn":"1381"}},{"type":"Polygon","arcs":[[-269,6511,6512,6513]],"properties":{"pop":5,"kn":"1381"}},{"type":"Polygon","arcs":[[-6513,6514,6515,-6488]],"properties":{"pop":15,"kn":"1381"}},{"type":"Polygon","arcs":[[-6516,6516,6517,-6490]],"properties":{"pop":19,"kn":"1381"}},{"type":"Polygon","arcs":[[-6518,6518,6519,-6492]],"properties":{"pop":20,"kn":"1381"}},{"type":"Polygon","arcs":[[6520,6521,6522,6523]],"properties":{"pop":8,"kn":"1381"}},{"type":"Polygon","arcs":[[6524,6525,6526,6527]],"properties":{"pop":17,"kn":"1381"}},{"type":"Polygon","arcs":[[-6527,6528,6529,-6503]],"properties":{"pop":20,"kn":"1381"}},{"type":"Polygon","arcs":[[-6530,6530,6531,-6506]],"properties":{"pop":24,"kn":"1381"}},{"type":"Polygon","arcs":[[-6532,6532,6533,6534]],"properties":{"pop":16,"kn":"1381"}},{"type":"Polygon","arcs":[[-6534,6535,6536,6537]],"properties":{"pop":10,"kn":"1381"}},{"type":"Polygon","arcs":[[-6537,-297,-271,6538]],"properties":{"pop":0,"kn":"1381"}},{"type":"Polygon","arcs":[[-273,6539,6540,-237]],"properties":{"pop":6,"kn":"1381"}},{"type":"Polygon","arcs":[[-6541,6541,6542,-239]],"properties":{"pop":10,"kn":"1381"}},{"type":"Polygon","arcs":[[-6543,6543,6544,-241]],"properties":{"pop":14,"kn":"1381"}},{"type":"Polygon","arcs":[[-6545,-303,-274,-6508]],"properties":{"pop":9,"kn":"1381"}},{"type":"Polygon","arcs":[[6545,-309,-279,-250]],"properties":{"pop":3,"kn":"1381"}},{"type":"Polygon","arcs":[[-281,-314,-282,-6510]],"properties":{"pop":6,"kn":"1381"}},{"type":"Polygon","arcs":[[6546,6547,6548,-268]],"properties":{"pop":18,"kn":"1381"}},{"type":"Polygon","arcs":[[-6549,6549,6550,-6512]],"properties":{"pop":8,"kn":"1381"}},{"type":"Polygon","arcs":[[-6551,6551,6552,-6515]],"properties":{"pop":18,"kn":"1381"}},{"type":"Polygon","arcs":[[-6553,6553,6554,-6517]],"properties":{"pop":24,"kn":"1381"}},{"type":"Polygon","arcs":[[6555,6556,6557,6558]],"properties":{"pop":6,"kn":"1381"}},{"type":"Polygon","arcs":[[-6558,6559,6560,-6522]],"properties":{"pop":6,"kn":"1381"}},{"type":"Polygon","arcs":[[-6561,6561,6562,6563]],"properties":{"pop":8,"kn":"1381"}},{"type":"Polygon","arcs":[[-6563,6564,6565,6566]],"properties":{"pop":5,"kn":"1381"}},{"type":"Polygon","arcs":[[-6566,6567,6568,-6526]],"properties":{"pop":13,"kn":"1381"}},{"type":"Polygon","arcs":[[6569,6570,6571,-6531]],"properties":{"pop":6,"kn":"1381"}},{"type":"Polygon","arcs":[[-6572,6572,6573,-6533]],"properties":{"pop":13,"kn":"1381"}},{"type":"Polygon","arcs":[[-6574,6574,-294,-6536]],"properties":{"pop":19,"kn":"1381"}},{"type":"Polygon","arcs":[[-299,-330,6575,-6540]],"properties":{"pop":4,"kn":"1381"}},{"type":"Polygon","arcs":[[-6576,-333,6576,-6542]],"properties":{"pop":15,"kn":"1381"}},{"type":"Polygon","arcs":[[-305,-337,6577,-277]],"properties":{"pop":3,"kn":"1381"}},{"type":"Polygon","arcs":[[-6578,-340,-306,6578]],"properties":{"pop":7,"kn":"1381"}},{"type":"Polygon","arcs":[[6579,6580,6581,-6554]],"properties":{"pop":14,"kn":"1381"}},{"type":"Polygon","arcs":[[-6582,6582,6583,6584]],"properties":{"pop":14,"kn":"1381"}},{"type":"Polygon","arcs":[[-6584,6585,6586,6587]],"properties":{"pop":0,"kn":"1381"}},{"type":"Polygon","arcs":[[6588,6589,6590,-6560]],"properties":{"pop":19,"kn":"1381"}},{"type":"Polygon","arcs":[[6591,6592,6593,-6565]],"properties":{"pop":15,"kn":"1381"}},{"type":"Polygon","arcs":[[-6594,6594,6595,-6568]],"properties":{"pop":16,"kn":"1381"}},{"type":"Polygon","arcs":[[-6596,6596,6597,6598]],"properties":{"pop":8,"kn":"1381"}},{"type":"Polygon","arcs":[[-6598,6599,6600,-6571]],"properties":{"pop":14,"kn":"1381"}},{"type":"Polygon","arcs":[[-6601,6601,6602,-6573]],"properties":{"pop":26,"kn":"1381"}},{"type":"Polygon","arcs":[[-6603,-356,6603,-6575]],"properties":{"pop":6,"kn":"1381"}},{"type":"Polygon","arcs":[[-6604,6604,-325,-295]],"properties":{"pop":5,"kn":"1381"}},{"type":"Polygon","arcs":[[-332,6605,6606,6607]],"properties":{"pop":4,"kn":"1381"}},{"type":"Polygon","arcs":[[-6607,6608,6609,-301]],"properties":{"pop":18,"kn":"1381"}},{"type":"Polygon","arcs":[[-6610,-367,-334,-304]],"properties":{"pop":3,"kn":"1381"}},{"type":"Polygon","arcs":[[-344,6610,-345,-312]],"properties":{"pop":6,"kn":"1381"}},{"type":"Polygon","arcs":[[-349,6611,6612,-319]],"properties":{"pop":15,"kn":"1381"}},{"type":"Polygon","arcs":[[-6613,6613,-350,-321]],"properties":{"pop":4,"kn":"1381"}},{"type":"Polygon","arcs":[[6614,6615,6616,6617]],"properties":{"pop":14,"kn":"1381"}},{"type":"Polygon","arcs":[[6618,6619,6620,-6581]],"properties":{"pop":5,"kn":"1381"}},{"type":"Polygon","arcs":[[6621,6622,6623,-6590]],"properties":{"pop":5,"kn":"1381"}},{"type":"Polygon","arcs":[[6624,6625,6626,-6593]],"properties":{"pop":22,"kn":"1381"}},{"type":"Polygon","arcs":[[6627,6628,6629,-6600]],"properties":{"pop":13,"kn":"1381"}},{"type":"Polygon","arcs":[[-6630,-385,-353,-6602]],"properties":{"pop":5,"kn":"1381"}},{"type":"Polygon","arcs":[[-355,-389,-357,-6605]],"properties":{"pop":6,"kn":"1381"}},{"type":"Polygon","arcs":[[-363,6630,6631,-6606]],"properties":{"pop":5,"kn":"1381"}},{"type":"Polygon","arcs":[[-6632,-397,-364,-6609]],"properties":{"pop":9,"kn":"1381"}},{"type":"Polygon","arcs":[[-375,6632,6633,-6611]],"properties":{"pop":3,"kn":"1381"}},{"type":"Polygon","arcs":[[-6634,6634,-376,-346]],"properties":{"pop":9,"kn":"1381"}},{"type":"Polygon","arcs":[[-378,-409,6635,-6612]],"properties":{"pop":13,"kn":"1381"}},{"type":"Polygon","arcs":[[-6636,-412,6636,-6614]],"properties":{"pop":5,"kn":"1381"}},{"type":"Polygon","arcs":[[-6637,-415,6637,-351]],"properties":{"pop":8,"kn":"1381"}},{"type":"Polygon","arcs":[[6638,6639,6640,-6620]],"properties":{"pop":8,"kn":"1381"}},{"type":"Polygon","arcs":[[6641,6642,6643,6644]],"properties":{"pop":13,"kn":"1381"}},{"type":"Polygon","arcs":[[-6644,6645,6646,-6626]],"properties":{"pop":14,"kn":"1381"}},{"type":"Polygon","arcs":[[-6647,6647,6648,6649]],"properties":{"pop":18,"kn":"1381"}},{"type":"Polygon","arcs":[[-6649,-419,6650,6651]],"properties":{"pop":3,"kn":"1381"}},{"type":"Polygon","arcs":[[-6651,6652,-382,-6629]],"properties":{"pop":8,"kn":"1381"}},{"type":"Polygon","arcs":[[-384,6653,-386,-354]],"properties":{"pop":0,"kn":"1381"}},{"type":"Polygon","arcs":[[-393,6654,6655,-362]],"properties":{"pop":0,"kn":"1381"}},{"type":"Polygon","arcs":[[-6656,6656,-394,-6631]],"properties":{"pop":6,"kn":"1381"}},{"type":"Polygon","arcs":[[6657,6658,6659,-374]],"properties":{"pop":8,"kn":"1381"}},{"type":"Polygon","arcs":[[-6660,6660,6661,-6633]],"properties":{"pop":3,"kn":"1381"}},{"type":"Polygon","arcs":[[-6662,6662,-404,-6635]],"properties":{"pop":4,"kn":"1381"}},{"type":"Polygon","arcs":[[6663,6664,6665,-6640]],"properties":{"pop":5,"kn":"1381"}},{"type":"Polygon","arcs":[[-6666,6666,6667,6668]],"properties":{"pop":6,"kn":"1381"}},{"type":"Polygon","arcs":[[6669,6670,-416,-6648]],"properties":{"pop":6,"kn":"1381"}},{"type":"Polygon","arcs":[[-418,-443,6671,-6653]],"properties":{"pop":5,"kn":"1381"}},{"type":"Polygon","arcs":[[-6672,6672,6673,-383]],"properties":{"pop":5,"kn":"1381"}},{"type":"Polygon","arcs":[[-6674,-447,6674,-6654]],"properties":{"pop":8,"kn":"1381"}},{"type":"Polygon","arcs":[[-6675,6675,6676,-387]],"properties":{"pop":10,"kn":"1381"}},{"type":"Polygon","arcs":[[-6677,-451,-420,-390]],"properties":{"pop":13,"kn":"1381"}},{"type":"Polygon","arcs":[[-422,6677,6678,-6655]],"properties":{"pop":7,"kn":"1381"}},{"type":"Polygon","arcs":[[-6679,6679,-423,-6657]],"properties":{"pop":3,"kn":"1381"}},{"type":"Polygon","arcs":[[-427,6680,6681,-400]],"properties":{"pop":23,"kn":"1381"}},{"type":"Polygon","arcs":[[6682,6683,6684,-6661]],"properties":{"pop":3,"kn":"1381"}},{"type":"Polygon","arcs":[[-6685,6685,-428,-6663]],"properties":{"pop":4,"kn":"1381"}},{"type":"Polygon","arcs":[[-430,-457,-431,-407]],"properties":{"pop":0,"kn":"1381"}},{"type":"Polygon","arcs":[[6686,6687,6688,-6665]],"properties":{"pop":14,"kn":"1381"}},{"type":"Polygon","arcs":[[-6689,6689,6690,-6667]],"properties":{"pop":8,"kn":"1381"}},{"type":"Polygon","arcs":[[-438,6691,6692,6693]],"properties":{"pop":5,"kn":"1381"}},{"type":"Polygon","arcs":[[-6693,6694,6695,-6671]],"properties":{"pop":12,"kn":"1381"}},{"type":"Polygon","arcs":[[-6696,6696,-440,-417]],"properties":{"pop":13,"kn":"1381"}},{"type":"Polygon","arcs":[[-442,6697,-444,-6673]],"properties":{"pop":18,"kn":"1381"}},{"type":"Polygon","arcs":[[-446,6698,-448,-6676]],"properties":{"pop":24,"kn":"1381"}},{"type":"Polygon","arcs":[[-453,-470,6699,-6678]],"properties":{"pop":4,"kn":"1381"}},{"type":"Polygon","arcs":[[-6700,6700,6701,-6680]],"properties":{"pop":8,"kn":"1381"}},{"type":"Polygon","arcs":[[-6702,-474,6702,-424]],"properties":{"pop":3,"kn":"1381"}},{"type":"Polygon","arcs":[[-6703,-477,6703,-426]],"properties":{"pop":9,"kn":"1381"}},{"type":"Polygon","arcs":[[-6704,-480,6704,-6681]],"properties":{"pop":5,"kn":"1381"}},{"type":"Polygon","arcs":[[6705,6706,6707,6708]],"properties":{"pop":20,"kn":"1381"}},{"type":"Polygon","arcs":[[-6708,-484,6709,-6684]],"properties":{"pop":3,"kn":"1381"}},{"type":"Polygon","arcs":[[-6710,-487,6710,-6686]],"properties":{"pop":4,"kn":"1381"}},{"type":"Polygon","arcs":[[-6711,-490,-454,-429]],"properties":{"pop":4,"kn":"1381"}},{"type":"Polygon","arcs":[[-459,-494,6711,-434]],"properties":{"pop":8,"kn":"1381"}},{"type":"Polygon","arcs":[[-465,6712,6713,6714]],"properties":{"pop":15,"kn":"1381"}},{"type":"Polygon","arcs":[[-6714,6715,6716,-6688]],"properties":{"pop":8,"kn":"1381"}},{"type":"Polygon","arcs":[[-6717,6717,6718,-6690]],"properties":{"pop":17,"kn":"1381"}},{"type":"Polygon","arcs":[[6719,6720,6721,-437]],"properties":{"pop":4,"kn":"1381"}},{"type":"Polygon","arcs":[[6722,6723,6724,-6695]],"properties":{"pop":3,"kn":"1381"}},{"type":"Polygon","arcs":[[-6725,6725,6726,-6697]],"properties":{"pop":3,"kn":"1381"}},{"type":"Polygon","arcs":[[6727,6728,6729,-6698]],"properties":{"pop":20,"kn":"1381"}},{"type":"Polygon","arcs":[[6730,-503,6731,-449]],"properties":{"pop":6,"kn":"1381"}},{"type":"Polygon","arcs":[[-6732,-506,-467,-452]],"properties":{"pop":10,"kn":"1381"}},{"type":"Polygon","arcs":[[-469,-511,-471,-6701]],"properties":{"pop":6,"kn":"1381"}},{"type":"Polygon","arcs":[[-479,6732,6733,6734]],"properties":{"pop":9,"kn":"1381"}},{"type":"Polygon","arcs":[[6735,-522,-481,-6707]],"properties":{"pop":3,"kn":"1381"}},{"type":"Polygon","arcs":[[-489,6736,6737,-455]],"properties":{"pop":12,"kn":"1381"}},{"type":"Polygon","arcs":[[-499,6738,6739,-6713]],"properties":{"pop":10,"kn":"1381"}},{"type":"Polygon","arcs":[[-6740,6740,6741,-6716]],"properties":{"pop":4,"kn":"1381"}},{"type":"Polygon","arcs":[[-6742,6742,6743,-6718]],"properties":{"pop":13,"kn":"1381"}},{"type":"Polygon","arcs":[[-6744,6744,6745,6746]],"properties":{"pop":16,"kn":"1381"}},{"type":"Polygon","arcs":[[-6746,6747,6748,6749]],"properties":{"pop":6,"kn":"1381"}},{"type":"Polygon","arcs":[[-6749,6750,6751,6752]],"properties":{"pop":13,"kn":"1381"}},{"type":"Polygon","arcs":[[-6752,6753,6754,-6721]],"properties":{"pop":0,"kn":"1381"}},{"type":"Polygon","arcs":[[-6755,6755,6756,6757]],"properties":{"pop":4,"kn":"1381"}},{"type":"Polygon","arcs":[[-6757,6758,6759,-6724]],"properties":{"pop":15,"kn":"1381"}},{"type":"Polygon","arcs":[[-6760,6760,6761,-6726]],"properties":{"pop":7,"kn":"1381"}},{"type":"Polygon","arcs":[[-6762,6762,6763,6764]],"properties":{"pop":25,"kn":"1381"}},{"type":"Polygon","arcs":[[-6764,6765,6766,-6729]],"properties":{"pop":18,"kn":"1381"}},{"type":"Polygon","arcs":[[-6767,6767,6768,6769]],"properties":{"pop":10,"kn":"1381"}},{"type":"Polygon","arcs":[[-6769,6770,-500,6771]],"properties":{"pop":4,"kn":"1381"}},{"type":"Polygon","arcs":[[-515,6772,6773,-478]],"properties":{"pop":0,"kn":"1381"}},{"type":"Polygon","arcs":[[-6774,-545,-516,-6733]],"properties":{"pop":0,"kn":"1381"}},{"type":"Polygon","arcs":[[-526,-549,6774,-488]],"properties":{"pop":7,"kn":"1381"}},{"type":"Polygon","arcs":[[-6775,-552,-527,-6737]],"properties":{"pop":11,"kn":"1381"}},{"type":"Polygon","arcs":[[-529,6775,-492]],"properties":{"pop":0,"kn":"1381"}},{"type":"Polygon","arcs":[[-533,-560,6776,-498]],"properties":{"pop":14,"kn":"1381"}},{"type":"Polygon","arcs":[[-6777,6777,6778,-6739]],"properties":{"pop":5,"kn":"1380"}},{"type":"Polygon","arcs":[[-6779,6779,6780,-6741]],"properties":{"pop":11,"kn":"1381"}},{"type":"Polygon","arcs":[[-6781,6781,6782,-6743]],"properties":{"pop":13,"kn":"1381"}},{"type":"Polygon","arcs":[[-6783,6783,6784,-6745]],"properties":{"pop":12,"kn":"1381"}},{"type":"Polygon","arcs":[[6785,6786,6787,-6751]],"properties":{"pop":13,"kn":"1381"}},{"type":"Polygon","arcs":[[6788,6789,6790,-6756]],"properties":{"pop":12,"kn":"1381"}},{"type":"Polygon","arcs":[[-6791,6791,6792,-6759]],"properties":{"pop":21,"kn":"1381"}},{"type":"Polygon","arcs":[[-6793,6793,6794,-6761]],"properties":{"pop":16,"kn":"1381"}},{"type":"Polygon","arcs":[[-6795,6795,6796,-6763]],"properties":{"pop":19,"kn":"1381"}},{"type":"Polygon","arcs":[[-6797,6797,6798,-6766]],"properties":{"pop":0,"kn":"1381"}},{"type":"Polygon","arcs":[[-6799,6799,6800,-6768]],"properties":{"pop":3,"kn":"1381"}},{"type":"Polygon","arcs":[[-6801,6801,6802,-6771]],"properties":{"pop":16,"kn":"1381"}},{"type":"Polygon","arcs":[[-6803,6803,-534,-501]],"properties":{"pop":4,"kn":"1381"}},{"type":"Polygon","arcs":[[-536,-566,-537,-507]],"properties":{"pop":8,"kn":"1381"}},{"type":"Polygon","arcs":[[-541,6804,6805,-514]],"properties":{"pop":0,"kn":"1381"}},{"type":"Polygon","arcs":[[-6806,6806,-542,-6773]],"properties":{"pop":3,"kn":"1381"}},{"type":"Polygon","arcs":[[-544,6807,6808,-517]],"properties":{"pop":15,"kn":"1381"}},{"type":"Polygon","arcs":[[-6809,-574,6809,-520]],"properties":{"pop":6,"kn":"1381"}},{"type":"Polygon","arcs":[[-6810,6810,6811,-523]],"properties":{"pop":7,"kn":"1381"}},{"type":"Polygon","arcs":[[-6812,-578,-546,-525]],"properties":{"pop":4,"kn":"1381"}},{"type":"Polygon","arcs":[[-559,6812,6813,-6778]],"properties":{"pop":4,"kn":"1380"}},{"type":"Polygon","arcs":[[-6814,6814,6815,-6780]],"properties":{"pop":3,"kn":"1381"}},{"type":"Polygon","arcs":[[-6816,6816,6817,-6782]],"properties":{"pop":6,"kn":"1381"}},{"type":"Polygon","arcs":[[-6818,6818,6819,-6784]],"properties":{"pop":18,"kn":"1381"}},{"type":"Polygon","arcs":[[6820,6821,6822,-6792]],"properties":{"pop":10,"kn":"1381"}},{"type":"Polygon","arcs":[[-6823,6823,6824,-6794]],"properties":{"pop":10,"kn":"1381"}},{"type":"Polygon","arcs":[[-6825,6825,6826,-6796]],"properties":{"pop":6,"kn":"1381"}},{"type":"Polygon","arcs":[[-6827,6827,6828,-6798]],"properties":{"pop":4,"kn":"1381"}},{"type":"Polygon","arcs":[[-6829,6829,6830,-6800]],"properties":{"pop":0,"kn":"1381"}},{"type":"Polygon","arcs":[[-6831,6831,6832,-6802]],"properties":{"pop":6,"kn":"1381"}},{"type":"Polygon","arcs":[[-6833,6833,-561,-6804]],"properties":{"pop":4,"kn":"1381"}},{"type":"Polygon","arcs":[[-570,6834,6835,-6805]],"properties":{"pop":5,"kn":"1381"}},{"type":"Polygon","arcs":[[-6836,6836,6837,-6807]],"properties":{"pop":8,"kn":"1381"}},{"type":"Polygon","arcs":[[-6838,6838,6839,-543]],"properties":{"pop":3,"kn":"1381"}},{"type":"Polygon","arcs":[[-6840,6840,-571,-6808]],"properties":{"pop":0,"kn":"1381"}},{"type":"Polygon","arcs":[[-573,-599,-575,-6811]],"properties":{"pop":4,"kn":"1381"}},{"type":"Polygon","arcs":[[-577,-604,-579,-547]],"properties":{"pop":3,"kn":"1381"}},{"type":"Polygon","arcs":[[-581,6841,6842,-553]],"properties":{"pop":0,"kn":"1381"}},{"type":"Polygon","arcs":[[6843,6844,6845,-6813]],"properties":{"pop":9,"kn":"1380"}},{"type":"Polygon","arcs":[[-6846,6846,6847,-6815]],"properties":{"pop":3,"kn":"1380"}},{"type":"Polygon","arcs":[[-6848,6848,6849,-6817]],"properties":{"pop":7,"kn":"1381"}},{"type":"Polygon","arcs":[[6850,6851,6852,6853]],"properties":{"pop":4,"kn":"1381"}},{"type":"Polygon","arcs":[[-6853,6854,6855,6856]],"properties":{"pop":12,"kn":"1381"}},{"type":"Polygon","arcs":[[6857,6858,6859,-6822]],"properties":{"pop":20,"kn":"1381"}},{"type":"Polygon","arcs":[[6860,6861,6862,-6826]],"properties":{"pop":9,"kn":"1381"}},{"type":"Polygon","arcs":[[-6863,6863,6864,-6828]],"properties":{"pop":7,"kn":"1381"}},{"type":"Polygon","arcs":[[-6865,6865,6866,-6830]],"properties":{"pop":7,"kn":"1381"}},{"type":"Polygon","arcs":[[-6867,-617,6867,-6832]],"properties":{"pop":6,"kn":"1381"}},{"type":"Polygon","arcs":[[-6868,-620,-585,-6834]],"properties":{"pop":11,"kn":"1381"}},{"type":"Polygon","arcs":[[-593,6868,6869,-6835]],"properties":{"pop":15,"kn":"1381"}},{"type":"Polygon","arcs":[[-6870,6870,6871,-6837]],"properties":{"pop":0,"kn":"1381"}},{"type":"Polygon","arcs":[[-6872,6872,6873,-6839]],"properties":{"pop":7,"kn":"1381"}},{"type":"Polygon","arcs":[[-6874,-632,-594,-6841]],"properties":{"pop":19,"kn":"1381"}},{"type":"Polygon","arcs":[[-606,6874,-6842]],"properties":{"pop":4,"kn":"1381"}},{"type":"Polygon","arcs":[[-609,6875,6876,6877]],"properties":{"pop":19,"kn":"1380"}},{"type":"Polygon","arcs":[[6878,6879,6880,-6847]],"properties":{"pop":5,"kn":"1380"}},{"type":"Polygon","arcs":[[-6881,6881,6882,-6849]],"properties":{"pop":16,"kn":"1380"}},{"type":"Polygon","arcs":[[6883,6884,6885,-6852]],"properties":{"pop":14,"kn":"1381"}},{"type":"Polygon","arcs":[[-6886,6886,6887,-6855]],"properties":{"pop":18,"kn":"1381"}},{"type":"Polygon","arcs":[[6888,6889,-610,-6859]],"properties":{"pop":13,"kn":"1381"}},{"type":"Polygon","arcs":[[6890,6891,6892,-6864]],"properties":{"pop":13,"kn":"1381"}},{"type":"Polygon","arcs":[[-6893,6893,-614,-6866]],"properties":{"pop":11,"kn":"1381"}},{"type":"Polygon","arcs":[[-628,6894,6895,-6869]],"properties":{"pop":0,"kn":"1381"}},{"type":"Polygon","arcs":[[-6896,-654,6896,-6871]],"properties":{"pop":9,"kn":"1381"}},{"type":"Polygon","arcs":[[-6897,6897,-629,-6873]],"properties":{"pop":7,"kn":"1381"}},{"type":"Polygon","arcs":[[6898,6899,6900,-608]],"properties":{"pop":6,"kn":"1380"}},{"type":"Polygon","arcs":[[6901,6902,6903,6904]],"properties":{"pop":11,"kn":"1380"}},{"type":"Polygon","arcs":[[-6904,6905,6906,-6880]],"properties":{"pop":17,"kn":"1380"}},{"type":"Polygon","arcs":[[-6907,-671,6907,-6882]],"properties":{"pop":17,"kn":"1380"}},{"type":"Polygon","arcs":[[-6908,6908,6909,6910]],"properties":{"pop":7,"kn":"1381"}},{"type":"Polygon","arcs":[[-6910,-675,6911,6912]],"properties":{"pop":16,"kn":"1381"}},{"type":"Polygon","arcs":[[-6912,6913,6914,-6885]],"properties":{"pop":4,"kn":"1381"}},{"type":"Polygon","arcs":[[-6915,6915,-642,-6887]],"properties":{"pop":9,"kn":"1381"}},{"type":"Polygon","arcs":[[-644,6916,6917,-6890]],"properties":{"pop":19,"kn":"1381"}},{"type":"Polygon","arcs":[[-6918,6918,6919,-611]],"properties":{"pop":19,"kn":"1381"}},{"type":"Polygon","arcs":[[-6920,6920,6921,6922]],"properties":{"pop":8,"kn":"1381"}},{"type":"Polygon","arcs":[[-6922,6923,6924,-6892]],"properties":{"pop":14,"kn":"1381"}},{"type":"Polygon","arcs":[[-6925,6925,6926,-6894]],"properties":{"pop":19,"kn":"1381"}},{"type":"Polygon","arcs":[[-6927,-682,-646,-615]],"properties":{"pop":13,"kn":"1381"}},{"type":"Polygon","arcs":[[-650,6927,6928,-623]],"properties":{"pop":5,"kn":"1381"}},{"type":"Polygon","arcs":[[-6929,-690,6929,-625]],"properties":{"pop":10,"kn":"1381"}},{"type":"Polygon","arcs":[[-6930,-693,6930,-627]],"properties":{"pop":9,"kn":"1381"}},{"type":"Polygon","arcs":[[-6931,-696,-651,-6895]],"properties":{"pop":5,"kn":"1381"}},{"type":"Polygon","arcs":[[-653,6931,-655,-6898]],"properties":{"pop":3,"kn":"1381"}},{"type":"Polygon","arcs":[[-661,-707,-662,-637]],"properties":{"pop":3,"kn":"1381"}},{"type":"Polygon","arcs":[[6932,6933,6934,-6903]],"properties":{"pop":15,"kn":"1380"}},{"type":"Polygon","arcs":[[-670,6935,-672,-6909]],"properties":{"pop":15,"kn":"1380"}},{"type":"Polygon","arcs":[[-678,-713,6936,-6917]],"properties":{"pop":9,"kn":"1381"}},{"type":"Polygon","arcs":[[-6937,6937,6938,-6919]],"properties":{"pop":10,"kn":"1381"}},{"type":"Polygon","arcs":[[-6939,6939,6940,-6921]],"properties":{"pop":19,"kn":"1381"}},{"type":"Polygon","arcs":[[-6941,6941,6942,-6924]],"properties":{"pop":17,"kn":"1381"}},{"type":"Polygon","arcs":[[-6943,-717,-679,-6926]],"properties":{"pop":3,"kn":"1381"}},{"type":"Polygon","arcs":[[-686,-725,-687,-6928]],"properties":{"pop":8,"kn":"1381"}},{"type":"Polygon","arcs":[[-698,-731,-699,-6932]],"properties":{"pop":3,"kn":"1381"}},{"type":"Polygon","arcs":[[-703,6943,-704,-660]],"properties":{"pop":3,"kn":"1381"}},{"type":"Polygon","arcs":[[6944,6945,6946,6947]],"properties":{"pop":16,"kn":"1380"}},{"type":"Polygon","arcs":[[-6947,6948,6949,6950]],"properties":{"pop":8,"kn":"1380"}},{"type":"Polygon","arcs":[[6951,6952,6953,-6936]],"properties":{"pop":9,"kn":"1380"}},{"type":"Polygon","arcs":[[-6954,6954,6955,-673]],"properties":{"pop":3,"kn":"1380"}},{"type":"Polygon","arcs":[[6956,-748,-710,-677]],"properties":{"pop":5,"kn":"1381"}},{"type":"Polygon","arcs":[[-712,-752,6957,-6938]],"properties":{"pop":4,"kn":"1381"}},{"type":"Polygon","arcs":[[-6958,6958,6959,-6940]],"properties":{"pop":21,"kn":"1381"}},{"type":"Polygon","arcs":[[-721,6960,-722,-685]],"properties":{"pop":8,"kn":"1381"}},{"type":"Polygon","arcs":[[6961,6962,6963,-691]],"properties":{"pop":5,"kn":"1381"}},{"type":"Polygon","arcs":[[-6964,-765,-726,-694]],"properties":{"pop":9,"kn":"1381"}},{"type":"Polygon","arcs":[[-730,-772,-732,-700]],"properties":{"pop":6,"kn":"1381"}},{"type":"Polygon","arcs":[[-734,6964,6965,-6944]],"properties":{"pop":15,"kn":"1381"}},{"type":"Polygon","arcs":[[-6966,6966,-735,-705]],"properties":{"pop":3,"kn":"1381"}},{"type":"Polygon","arcs":[[6967,6968,6969,-6946]],"properties":{"pop":8,"kn":"1380"}},{"type":"Polygon","arcs":[[-6970,6970,-741,-6949]],"properties":{"pop":19,"kn":"1380"}},{"type":"Polygon","arcs":[[-743,6971,6972,6973]],"properties":{"pop":8,"kn":"1380"}},{"type":"Polygon","arcs":[[6974,6975,6976,-6953]],"properties":{"pop":6,"kn":"1380"}},{"type":"Polygon","arcs":[[-6977,6977,6978,-6955]],"properties":{"pop":7,"kn":"1380"}},{"type":"Polygon","arcs":[[-6979,6979,6980,6981]],"properties":{"pop":7,"kn":"1380"}},{"type":"Polygon","arcs":[[-6981,6982,-745,6983]],"properties":{"pop":15,"kn":"1380"}},{"type":"Polygon","arcs":[[-747,-783,-749,-711]],"properties":{"pop":0,"kn":"1381"}},{"type":"Polygon","arcs":[[-751,6984,6985,-6959]],"properties":{"pop":14,"kn":"1381"}},{"type":"Polygon","arcs":[[-6986,-789,-753,6986]],"properties":{"pop":17,"kn":"1381"}},{"type":"Polygon","arcs":[[-755,-794,-756,-718]],"properties":{"pop":4,"kn":"1381"}},{"type":"Polygon","arcs":[[-758,6987,-759,-6961]],"properties":{"pop":0,"kn":"1381"}},{"type":"Polygon","arcs":[[-761,-802,6988,6989]],"properties":{"pop":16,"kn":"1381"}},{"type":"Polygon","arcs":[[-6989,6990,-762,-6963]],"properties":{"pop":20,"kn":"1381"}},{"type":"Polygon","arcs":[[-774,-816,6991,-6965]],"properties":{"pop":4,"kn":"1381"}},{"type":"Polygon","arcs":[[-6992,-819,-775,-6967]],"properties":{"pop":4,"kn":"1381"}},{"type":"Polygon","arcs":[[-779,6992,6993,6994]],"properties":{"pop":19,"kn":"1380"}},{"type":"Polygon","arcs":[[6995,-826,6996,-742]],"properties":{"pop":22,"kn":"1380"}},{"type":"Polygon","arcs":[[-6997,6997,6998,-6972]],"properties":{"pop":7,"kn":"1380"}},{"type":"Polygon","arcs":[[6999,7000,7001,-6983]],"properties":{"pop":6,"kn":"1380"}},{"type":"Polygon","arcs":[[-7002,7002,-780,-746]],"properties":{"pop":7,"kn":"1380"}},{"type":"Polygon","arcs":[[-785,7003,-786,-6985]],"properties":{"pop":10,"kn":"1381"}},{"type":"Polygon","arcs":[[-796,-842,-797,-6988]],"properties":{"pop":8,"kn":"1381"}},{"type":"Polygon","arcs":[[-801,-849,-803,-6991]],"properties":{"pop":6,"kn":"1381"}},{"type":"Polygon","arcs":[[-822,-869,7004,-6993]],"properties":{"pop":4,"kn":"1380"}},{"type":"Polygon","arcs":[[7005,-873,-823,7006]],"properties":{"pop":16,"kn":"1380"}},{"type":"Polygon","arcs":[[-825,7007,7008,-6998]],"properties":{"pop":16,"kn":"1380"}},{"type":"Polygon","arcs":[[-7009,7009,7010,7011]],"properties":{"pop":5,"kn":"1380"}},{"type":"Polygon","arcs":[[-7011,7012,7013,7014]],"properties":{"pop":13,"kn":"1380"}},{"type":"Polygon","arcs":[[-7014,7015,7016,7017]],"properties":{"pop":0,"kn":"1380"}},{"type":"Polygon","arcs":[[-7017,7018,7019,7020]],"properties":{"pop":13,"kn":"1380"}},{"type":"Polygon","arcs":[[-7020,7021,7022,-7001]],"properties":{"pop":9,"kn":"1380"}},{"type":"Polygon","arcs":[[-7023,7023,-827,-7003]],"properties":{"pop":7,"kn":"1380"}},{"type":"Polygon","arcs":[[-831,-881,-832,-7004]],"properties":{"pop":3,"kn":"1380"}},{"type":"Polygon","arcs":[[-834,-886,-835,-790]],"properties":{"pop":6,"kn":"1381"}},{"type":"Polygon","arcs":[[-864,7024,-866,-821]],"properties":{"pop":3,"kn":"1380"}},{"type":"Polygon","arcs":[[-868,7025,-870,7026]],"properties":{"pop":3,"kn":"1380"}},{"type":"Polygon","arcs":[[-872,7027,7028,-824]],"properties":{"pop":0,"kn":"1380"}},{"type":"Polygon","arcs":[[7029,-924,7030,-7010]],"properties":{"pop":0,"kn":"1380"}},{"type":"Polygon","arcs":[[-7031,7031,7032,-7013]],"properties":{"pop":3,"kn":"1380"}},{"type":"Polygon","arcs":[[-7033,7033,7034,-7016]],"properties":{"pop":0,"kn":"1380"}},{"type":"Polygon","arcs":[[7035,7036,-874,-7024]],"properties":{"pop":8,"kn":"1380"}},{"type":"Polygon","arcs":[[-888,-936,-889,-838]],"properties":{"pop":5,"kn":"1381"}},{"type":"Polygon","arcs":[[-907,-957,7037,-860]],"properties":{"pop":4,"kn":"1381"}},{"type":"Polygon","arcs":[[7038,-913,7039]],"properties":{"pop":0,"kn":"1380"}},{"type":"Polygon","arcs":[[7040,7041,7042,-863]],"properties":{"pop":17,"kn":"1380"}},{"type":"Polygon","arcs":[[-7043,7043,7044,-7025]],"properties":{"pop":10,"kn":"1380"}},{"type":"Polygon","arcs":[[7045,7046,7047,-871]],"properties":{"pop":8,"kn":"1380"}},{"type":"Polygon","arcs":[[-7048,7048,-918,-7028]],"properties":{"pop":10,"kn":"1380"}},{"type":"Polygon","arcs":[[7049,7050,7051,7052]],"properties":{"pop":20,"kn":"1380"}},{"type":"Polygon","arcs":[[7053,-977,-925,-7037]],"properties":{"pop":3,"kn":"1380"}},{"type":"Polygon","arcs":[[-927,-982,-928,-877]],"properties":{"pop":3,"kn":"1380"}},{"type":"Polygon","arcs":[[-930,7054,7055,-882]],"properties":{"pop":6,"kn":"1380"}},{"type":"Polygon","arcs":[[-7056,-988,-931,-884]],"properties":{"pop":3,"kn":"1380"}},{"type":"Polygon","arcs":[[7056,7057,7058,-7047]],"properties":{"pop":28,"kn":"1380"}},{"type":"Polygon","arcs":[[-7059,7059,-963,-7049]],"properties":{"pop":18,"kn":"1380"}},{"type":"Polygon","arcs":[[-969,7060,7061,7062]],"properties":{"pop":12,"kn":"1380"}},{"type":"Polygon","arcs":[[-984,-1030,-985,-7055]],"properties":{"pop":6,"kn":"1380"}},{"type":"Polygon","arcs":[[-990,-1037,-991,-934]],"properties":{"pop":4,"kn":"1381"}},{"type":"Polygon","arcs":[[7063,7064,7065,-7058]],"properties":{"pop":10,"kn":"1380"}},{"type":"Polygon","arcs":[[-7066,7066,7067,-7060]],"properties":{"pop":16,"kn":"1380"}},{"type":"Polygon","arcs":[[-7068,7068,7069,-964]],"properties":{"pop":4,"kn":"1380"}},{"type":"Polygon","arcs":[[-7070,7070,7071,-966]],"properties":{"pop":7,"kn":"1380"}},{"type":"Polygon","arcs":[[-7072,7072,7073,-968]],"properties":{"pop":7,"kn":"1380"}},{"type":"Polygon","arcs":[[-7074,7074,7075,-7061]],"properties":{"pop":15,"kn":"1380"}},{"type":"Polygon","arcs":[[-7076,7076,7077,7078]],"properties":{"pop":8,"kn":"1380"}},{"type":"Polygon","arcs":[[-7078,-1060,-1019,-972]],"properties":{"pop":0,"kn":"1380"}},{"type":"Polygon","arcs":[[7079,7080,7081,-7067]],"properties":{"pop":20,"kn":"1380"}},{"type":"Polygon","arcs":[[-7082,7082,7083,-7069]],"properties":{"pop":5,"kn":"1380"}},{"type":"Polygon","arcs":[[7084,7085,7086,-7073]],"properties":{"pop":9,"kn":"1380"}},{"type":"Polygon","arcs":[[-7087,7087,7088,-7075]],"properties":{"pop":3,"kn":"1380"}},{"type":"Polygon","arcs":[[-7089,7089,-1057,-7077]],"properties":{"pop":9,"kn":"1380"}},{"type":"Polygon","arcs":[[-1066,-1110,-1067,-1026]],"properties":{"pop":6,"kn":"1380"}},{"type":"Polygon","arcs":[[-1069,-1115,-1070,-1031]],"properties":{"pop":7,"kn":"1380"}},{"type":"Polygon","arcs":[[-1097,-1144,7090,7091]],"properties":{"pop":0,"kn":"1380"}},{"type":"Polygon","arcs":[[7092,7093,7094,7095]],"properties":{"pop":11,"kn":"1380"}},{"type":"Polygon","arcs":[[7096,7097,-1099,-7090]],"properties":{"pop":27,"kn":"1380"}},{"type":"Polygon","arcs":[[7098,7099,7100,7101]],"properties":{"pop":9,"kn":"1380"}},{"type":"Polygon","arcs":[[-7101,-1182,-1141,-1096]],"properties":{"pop":20,"kn":"1380"}},{"type":"Polygon","arcs":[[-1146,7102,7103,7104]],"properties":{"pop":3,"kn":"1380"}},{"type":"Polygon","arcs":[[7105,7106,7107,-7094]],"properties":{"pop":13,"kn":"1380"}},{"type":"Polygon","arcs":[[-7108,7108,7109,7110]],"properties":{"pop":17,"kn":"1380"}},{"type":"Polygon","arcs":[[-7110,7111,7112,7113]],"properties":{"pop":5,"kn":"1380"}},{"type":"Polygon","arcs":[[-7113,7114,7115,-7098]],"properties":{"pop":5,"kn":"1380"}},{"type":"Polygon","arcs":[[-7116,7116,-1148,-1100]],"properties":{"pop":3,"kn":"1380"}},{"type":"Polygon","arcs":[[-1156,-1194,-1157,-1111]],"properties":{"pop":3,"kn":"1380"}},{"type":"Polygon","arcs":[[-1163,7117,-1164,-1120]],"properties":{"pop":3,"kn":"1380"}},{"type":"Polygon","arcs":[[7118,7119,-1179,-7100]],"properties":{"pop":4,"kn":"1380"}},{"type":"Polygon","arcs":[[-1181,7120,7121,-1142]],"properties":{"pop":8,"kn":"1380"}},{"type":"Polygon","arcs":[[-7122,-1218,7122,-1145]],"properties":{"pop":16,"kn":"1380"}},{"type":"Polygon","arcs":[[-7123,-1221,7123,-7103]],"properties":{"pop":6,"kn":"1380"}},{"type":"Polygon","arcs":[[7124,7125,7126,7127]],"properties":{"pop":12,"kn":"1380"}},{"type":"Polygon","arcs":[[-7127,7128,7129,7130]],"properties":{"pop":9,"kn":"1380"}},{"type":"Polygon","arcs":[[-7130,7131,7132,7133]],"properties":{"pop":18,"kn":"1380"}},{"type":"Polygon","arcs":[[7134,7135,7136,-7115]],"properties":{"pop":12,"kn":"1380"}},{"type":"Polygon","arcs":[[-7137,7137,-1183,-7117]],"properties":{"pop":10,"kn":"1380"}},{"type":"Polygon","arcs":[[-1198,7138,7139,-1162]],"properties":{"pop":0,"kn":"1380"}},{"type":"Polygon","arcs":[[-7140,-1232,-1199,-7118]],"properties":{"pop":17,"kn":"1380"}},{"type":"Polygon","arcs":[[7140,7141,7142,7143]],"properties":{"pop":17,"kn":"1380"}},{"type":"Polygon","arcs":[[7144,-1248,7145,7146]],"properties":{"pop":7,"kn":"1380"}},{"type":"Polygon","arcs":[[-7146,7147,-1212,-7120]],"properties":{"pop":18,"kn":"1380"}},{"type":"Polygon","arcs":[[-1214,7148,-1215,-7121]],"properties":{"pop":3,"kn":"1380"}},{"type":"Polygon","arcs":[[7149,-1259,7150,7151]],"properties":{"pop":12,"kn":"1380"}},{"type":"Polygon","arcs":[[-7151,-1262,7152,-7126]],"properties":{"pop":3,"kn":"1380"}},{"type":"Polygon","arcs":[[7153,7154,7155,-7132]],"properties":{"pop":9,"kn":"1380"}},{"type":"Polygon","arcs":[[-7156,7156,7157,7158]],"properties":{"pop":5,"kn":"1380"}},{"type":"Polygon","arcs":[[-7158,7159,7160,7161]],"properties":{"pop":30,"kn":"1380"}},{"type":"Polygon","arcs":[[-7161,-1266,-1222,7162]],"properties":{"pop":23,"kn":"1380"}},{"type":"Polygon","arcs":[[7163,7164,7165,-1184]],"properties":{"pop":10,"kn":"1380"}},{"type":"Polygon","arcs":[[-7166,7166,7167,-1186]],"properties":{"pop":6,"kn":"1380"}},{"type":"Polygon","arcs":[[-7168,7168,7169,-1188]],"properties":{"pop":3,"kn":"1380"}},{"type":"Polygon","arcs":[[-7170,7170,7171,-1190]],"properties":{"pop":9,"kn":"1380"}},{"type":"Polygon","arcs":[[-7172,7172,7173,-1192]],"properties":{"pop":4,"kn":"1380"}},{"type":"Polygon","arcs":[[-7174,-1281,7174,-1195]],"properties":{"pop":9,"kn":"1380"}},{"type":"Polygon","arcs":[[-7175,7175,7176,-1197]],"properties":{"pop":12,"kn":"1380"}},{"type":"Polygon","arcs":[[-7177,7177,-1229,-7139]],"properties":{"pop":0,"kn":"1380"}},{"type":"Polygon","arcs":[[-1234,7178,7179,-1202]],"properties":{"pop":20,"kn":"1380"}},{"type":"Polygon","arcs":[[-7180,-1290,-1235,-1204]],"properties":{"pop":3,"kn":"1380"}},{"type":"Polygon","arcs":[[-1243,7180,7181,-7142]],"properties":{"pop":5,"kn":"1380"}},{"type":"Polygon","arcs":[[-7182,7182,7183,7184]],"properties":{"pop":17,"kn":"1380"}},{"type":"Polygon","arcs":[[-1247,7185,7186,-7148]],"properties":{"pop":30,"kn":"1380"}},{"type":"Polygon","arcs":[[7187,7188,-1249,-7149]],"properties":{"pop":19,"kn":"1380"}},{"type":"Polygon","arcs":[[-1254,7189,-1256,7190]],"properties":{"pop":8,"kn":"1380"}},{"type":"Polygon","arcs":[[-1261,7191,7192,7193]],"properties":{"pop":16,"kn":"1380"}},{"type":"Polygon","arcs":[[7194,7195,7196,-7157]],"properties":{"pop":5,"kn":"1380"}},{"type":"Polygon","arcs":[[-7197,-1305,-1263,-7160]],"properties":{"pop":13,"kn":"1380"}},{"type":"Polygon","arcs":[[-1270,-1314,-1271,7197]],"properties":{"pop":15,"kn":"1380"}},{"type":"Polygon","arcs":[[-1276,7198,7199,-7165]],"properties":{"pop":0,"kn":"1380"}},{"type":"Polygon","arcs":[[7200,7201,-1278,-7173]],"properties":{"pop":3,"kn":"1380"}},{"type":"Polygon","arcs":[[-1280,-1320,7202,-7176]],"properties":{"pop":0,"kn":"1380"}},{"type":"Polygon","arcs":[[-7203,-1323,-1282,-7178]],"properties":{"pop":4,"kn":"1380"}},{"type":"Polygon","arcs":[[-1286,-1330,-1287,-7179]],"properties":{"pop":8,"kn":"1380"}},{"type":"Polygon","arcs":[[-1292,-1337,-1293,-1238]],"properties":{"pop":3,"kn":"1380"}},{"type":"Polygon","arcs":[[7203,7204,7205]],"properties":{"pop":7,"kn":"1380"}},{"type":"Polygon","arcs":[[7206,7207,7208,7209]],"properties":{"pop":0,"kn":"1380"}},{"type":"Polygon","arcs":[[-7209,7210,7211,-1246]],"properties":{"pop":6,"kn":"1380"}},{"type":"Polygon","arcs":[[-7212,-1347,7212,-7186]],"properties":{"pop":9,"kn":"1380"}},{"type":"Polygon","arcs":[[-7213,-1350,7213,7214]],"properties":{"pop":18,"kn":"1380"}},{"type":"Polygon","arcs":[[7215,7216,-1296,-1250]],"properties":{"pop":19,"kn":"1380"}},{"type":"Polygon","arcs":[[-1301,7217,7218,-7190]],"properties":{"pop":13,"kn":"1380"}},{"type":"Polygon","arcs":[[-7219,7219,7220,-1257]],"properties":{"pop":0,"kn":"1380"}},{"type":"Polygon","arcs":[[-7221,7221,7222,-1260]],"properties":{"pop":17,"kn":"1380"}},{"type":"Polygon","arcs":[[7223,-1357,7224,7225]],"properties":{"pop":8,"kn":"1380"}},{"type":"Polygon","arcs":[[-7225,7226,-1302,-7196]],"properties":{"pop":3,"kn":"1380"}},{"type":"Polygon","arcs":[[-1316,7227,7228,-1275]],"properties":{"pop":8,"kn":"1380"}},{"type":"Polygon","arcs":[[-7229,7229,7230,-7199]],"properties":{"pop":17,"kn":"1380"}},{"type":"Polygon","arcs":[[-7231,-1372,7231,7232]],"properties":{"pop":20,"kn":"1380"}},{"type":"Polygon","arcs":[[-7232,-1375,7233,7234]],"properties":{"pop":10,"kn":"1380"}},{"type":"Polygon","arcs":[[7235,7236,-1317,-1279]],"properties":{"pop":8,"kn":"1380"}},{"type":"Polygon","arcs":[[7237,7238,7239]],"properties":{"pop":6,"kn":"1380"}},{"type":"Polygon","arcs":[[-1342,7240,7241,-7208]],"properties":{"pop":16,"kn":"1380"}},{"type":"Polygon","arcs":[[-7242,7242,-1344,-7211]],"properties":{"pop":20,"kn":"1380"}},{"type":"Polygon","arcs":[[-1352,-1399,7243,-7217]],"properties":{"pop":10,"kn":"1380"}},{"type":"Polygon","arcs":[[-7244,7244,7245,-1297]],"properties":{"pop":0,"kn":"1380"}},{"type":"Polygon","arcs":[[7246,7247,7248,-7220]],"properties":{"pop":5,"kn":"1380"}},{"type":"Polygon","arcs":[[-7249,7249,7250,-7222]],"properties":{"pop":5,"kn":"1380"}},{"type":"Polygon","arcs":[[-7251,7251,-1354,7252]],"properties":{"pop":0,"kn":"1380"}},{"type":"Polygon","arcs":[[-1368,-1407,7253,-1315]],"properties":{"pop":17,"kn":"1380"}},{"type":"Polygon","arcs":[[-7254,7254,7255,-7228]],"properties":{"pop":15,"kn":"1380"}},{"type":"Polygon","arcs":[[-7256,-1411,-1369,-7230]],"properties":{"pop":23,"kn":"1380"}},{"type":"Polygon","arcs":[[-1374,7256,7257,7258]],"properties":{"pop":7,"kn":"1380"}},{"type":"Polygon","arcs":[[-7258,7259,7260,7261]],"properties":{"pop":17,"kn":"1380"}},{"type":"Polygon","arcs":[[7262,7263,-1376,-1318]],"properties":{"pop":12,"kn":"1380"}},{"type":"Polygon","arcs":[[-1384,-1423,-1385,-1331]],"properties":{"pop":11,"kn":"1380"}},{"type":"Polygon","arcs":[[-1387,-1428,-1388,-1335]],"properties":{"pop":3,"kn":"1380"}},{"type":"Polygon","arcs":[[-1392,7264,7265,-7238]],"properties":{"pop":24,"kn":"1380"}},{"type":"Polygon","arcs":[[7266,7267,7268,7269]],"properties":{"pop":14,"kn":"1380"}},{"type":"Polygon","arcs":[[-7269,7270,7271,7272]],"properties":{"pop":15,"kn":"1380"}},{"type":"Polygon","arcs":[[7273,7274,7275,-1345]],"properties":{"pop":28,"kn":"1380"}},{"type":"Polygon","arcs":[[-7276,7276,-1394,-1348]],"properties":{"pop":7,"kn":"1380"}},{"type":"Polygon","arcs":[[7277,7278,7279,-7248]],"properties":{"pop":8,"kn":"1380"}},{"type":"Polygon","arcs":[[-7280,7280,7281,-7250]],"properties":{"pop":21,"kn":"1380"}},{"type":"Polygon","arcs":[[-7282,7282,7283,-7252]],"properties":{"pop":10,"kn":"1380"}},{"type":"Polygon","arcs":[[7284,7285,-1400,-1363]],"properties":{"pop":14,"kn":"1380"}},{"type":"Polygon","arcs":[[-1406,-1447,-1408,-7255]],"properties":{"pop":7,"kn":"1380"}},{"type":"Polygon","arcs":[[-1410,7286,7287,-1370]],"properties":{"pop":4,"kn":"1380"}},{"type":"Polygon","arcs":[[-7288,7288,7289,-1373]],"properties":{"pop":6,"kn":"1380"}},{"type":"Polygon","arcs":[[-7290,7290,7291,-7257]],"properties":{"pop":20,"kn":"1380"}},{"type":"Polygon","arcs":[[-7292,7292,7293,-7260]],"properties":{"pop":5,"kn":"1380"}},{"type":"Polygon","arcs":[[-7294,7294,7295,7296]],"properties":{"pop":20,"kn":"1380"}},{"type":"Polygon","arcs":[[-7296,7297,-1412,-7264]],"properties":{"pop":6,"kn":"1380"}},{"type":"Polygon","arcs":[[7298,7299,7300,7301]],"properties":{"pop":21,"kn":"1380"}},{"type":"Polygon","arcs":[[-7301,7302,7303,-7268]],"properties":{"pop":9,"kn":"1380"}},{"type":"Polygon","arcs":[[-7304,7304,7305,-7271]],"properties":{"pop":19,"kn":"1380"}},{"type":"Polygon","arcs":[[7306,7307,7308,7309]],"properties":{"pop":5,"kn":"1380"}},{"type":"Polygon","arcs":[[-7309,7310,7311,-7275]],"properties":{"pop":28,"kn":"1380"}},{"type":"Polygon","arcs":[[-7312,7312,-1434,-7277]],"properties":{"pop":16,"kn":"1380"}},{"type":"Polygon","arcs":[[7313,7314,7315,7316]],"properties":{"pop":4,"kn":"1380"}},{"type":"Polygon","arcs":[[-7316,7317,7318,-7279]],"properties":{"pop":21,"kn":"1380"}},{"type":"Polygon","arcs":[[-7319,-1478,7319,-7281]],"properties":{"pop":19,"kn":"1380"}},{"type":"Polygon","arcs":[[-7320,-1481,7320,-7283]],"properties":{"pop":8,"kn":"1380"}},{"type":"Polygon","arcs":[[7321,7322,7323,7324]],"properties":{"pop":20,"kn":"1380"}},{"type":"Polygon","arcs":[[-7324,7325,7326,7327]],"properties":{"pop":15,"kn":"1380"}},{"type":"Polygon","arcs":[[-7327,7328,-1439,-7286]],"properties":{"pop":16,"kn":"1380"}},{"type":"Polygon","arcs":[[-1443,-1492,-1444,-1405]],"properties":{"pop":3,"kn":"1380"}},{"type":"Polygon","arcs":[[-1449,-1498,7329,-7287]],"properties":{"pop":0,"kn":"1380"}},{"type":"Polygon","arcs":[[-7330,7330,7331,-7289]],"properties":{"pop":8,"kn":"1380"}},{"type":"Polygon","arcs":[[-7332,-1502,7332,-7291]],"properties":{"pop":3,"kn":"1380"}},{"type":"Polygon","arcs":[[-7333,7333,7334,-7293]],"properties":{"pop":3,"kn":"1380"}},{"type":"Polygon","arcs":[[-7335,7335,7336,-7295]],"properties":{"pop":5,"kn":"1380"}},{"type":"Polygon","arcs":[[7337,7338,-1450,-1413]],"properties":{"pop":10,"kn":"1380"}},{"type":"Polygon","arcs":[[7339,7340,7341,7342]],"properties":{"pop":12,"kn":"1380"}},{"type":"Polygon","arcs":[[-7342,7343,7344,-7300]],"properties":{"pop":27,"kn":"1380"}},{"type":"Polygon","arcs":[[-7345,7345,7346,-7303]],"properties":{"pop":23,"kn":"1380"}},{"type":"Polygon","arcs":[[-7347,7347,-1468,-7305]],"properties":{"pop":23,"kn":"1380"}},{"type":"Polygon","arcs":[[7348,7349,7350,-7311]],"properties":{"pop":3,"kn":"1380"}},{"type":"Polygon","arcs":[[-7351,7351,7352,-7313]],"properties":{"pop":13,"kn":"1380"}},{"type":"Polygon","arcs":[[-7353,7353,7354,-1435]],"properties":{"pop":13,"kn":"1380"}},{"type":"Polygon","arcs":[[-7355,7355,7356,-1437]],"properties":{"pop":4,"kn":"1380"}},{"type":"Polygon","arcs":[[-7357,7357,7358,7359]],"properties":{"pop":6,"kn":"1380"}},{"type":"Polygon","arcs":[[-7359,7360,7361,7362]],"properties":{"pop":5,"kn":"1380"}},{"type":"Polygon","arcs":[[-7362,-1524,7363,-7315]],"properties":{"pop":15,"kn":"1380"}},{"type":"Polygon","arcs":[[-7364,-1527,-1475,-7318]],"properties":{"pop":15,"kn":"1380"}},{"type":"Polygon","arcs":[[-1483,7364,7365,7366]],"properties":{"pop":5,"kn":"1380"}},{"type":"Polygon","arcs":[[-7366,7367,7368,-7323]],"properties":{"pop":16,"kn":"1380"}},{"type":"Polygon","arcs":[[-1491,-1540,-1493,-1445]],"properties":{"pop":11,"kn":"1380"}},{"type":"Polygon","arcs":[[-1497,-1546,-1499,-7331]],"properties":{"pop":6,"kn":"1380"}},{"type":"Polygon","arcs":[[-1501,-1550,7369,-7334]],"properties":{"pop":18,"kn":"1380"}},{"type":"Polygon","arcs":[[-7370,-1553,7370,-7336]],"properties":{"pop":16,"kn":"1380"}},{"type":"Polygon","arcs":[[-7371,7371,7372,7373]],"properties":{"pop":22,"kn":"1380"}},{"type":"Polygon","arcs":[[-7373,-1557,7374,-7339]],"properties":{"pop":15,"kn":"1380"}},{"type":"Polygon","arcs":[[-7375,7375,7376,-1451]],"properties":{"pop":17,"kn":"1380"}},{"type":"Polygon","arcs":[[-7377,-1561,-1503,-1453]],"properties":{"pop":5,"kn":"1380"}},{"type":"Polygon","arcs":[[7377,7378,7379,-7346]],"properties":{"pop":14,"kn":"1380"}},{"type":"Polygon","arcs":[[-7380,7380,7381,-7348]],"properties":{"pop":25,"kn":"1380"}},{"type":"Polygon","arcs":[[-7382,7382,7383,-1469]],"properties":{"pop":11,"kn":"1380"}},{"type":"Polygon","arcs":[[-7384,7384,-1517,-1472]],"properties":{"pop":9,"kn":"1380"}},{"type":"Polygon","arcs":[[-1519,7385,7386,-7350]],"properties":{"pop":6,"kn":"1380"}},{"type":"Polygon","arcs":[[-7387,7387,7388,-7352]],"properties":{"pop":3,"kn":"1380"}},{"type":"Polygon","arcs":[[-7389,7389,7390,-7354]],"properties":{"pop":19,"kn":"1380"}},{"type":"Polygon","arcs":[[-7391,-1570,7391,-7356]],"properties":{"pop":10,"kn":"1380"}},{"type":"Polygon","arcs":[[-7392,7392,7393,-7358]],"properties":{"pop":13,"kn":"1380"}},{"type":"Polygon","arcs":[[-7394,7394,-1521,-7361]],"properties":{"pop":10,"kn":"1380"}},{"type":"Polygon","arcs":[[-1533,7395,7396,-7365]],"properties":{"pop":3,"kn":"1380"}},{"type":"Polygon","arcs":[[-7397,-1581,7397,-7368]],"properties":{"pop":16,"kn":"1380"}},{"type":"Polygon","arcs":[[7398,7399,-1534,-1486]],"properties":{"pop":0,"kn":"1380"}},{"type":"Polygon","arcs":[[-1536,-1587,-1537,-1490]],"properties":{"pop":0,"kn":"1380"}},{"type":"Polygon","arcs":[[-1542,-1593,-1543,-1496]],"properties":{"pop":13,"kn":"1380"}},{"type":"Polygon","arcs":[[-1545,-1598,-1547,-1500]],"properties":{"pop":24,"kn":"1380"}},{"type":"Polygon","arcs":[[-1552,-1604,-1554,-7372]],"properties":{"pop":6,"kn":"1380"}},{"type":"Polygon","arcs":[[-1556,7400,-1558,-7376]],"properties":{"pop":5,"kn":"1380"}},{"type":"Polygon","arcs":[[-1560,7401,7402,-1504]],"properties":{"pop":3,"kn":"1380"}},{"type":"Polygon","arcs":[[-7403,7403,7404,-1506]],"properties":{"pop":7,"kn":"1380"}},{"type":"Polygon","arcs":[[-7405,7405,-1562,-1508]],"properties":{"pop":7,"kn":"1380"}},{"type":"Polygon","arcs":[[7406,7407,7408,7409]],"properties":{"pop":33,"kn":"1380"}},{"type":"Polygon","arcs":[[-7409,7410,7411,-7379]],"properties":{"pop":17,"kn":"1380"}},{"type":"Polygon","arcs":[[-7412,7412,7413,-7381]],"properties":{"pop":13,"kn":"1380"}},{"type":"Polygon","arcs":[[-7414,7414,7415,-7383]],"properties":{"pop":23,"kn":"1380"}},{"type":"Polygon","arcs":[[-7416,7416,7417,-7385]],"properties":{"pop":8,"kn":"1380"}},{"type":"Polygon","arcs":[[-7418,7418,7419,-1518]],"properties":{"pop":5,"kn":"1380"}},{"type":"Polygon","arcs":[[7420,-1611,7421,-7388]],"properties":{"pop":3,"kn":"1380"}},{"type":"Polygon","arcs":[[-7422,7422,-1567,-7390]],"properties":{"pop":3,"kn":"1380"}},{"type":"Polygon","arcs":[[7423,7424,7425,-7395]],"properties":{"pop":10,"kn":"1380"}},{"type":"Polygon","arcs":[[-7426,-1615,7426,-1522]],"properties":{"pop":3,"kn":"1380"}},{"type":"Polygon","arcs":[[-7427,7427,-1571,-1525]],"properties":{"pop":3,"kn":"1380"}},{"type":"Polygon","arcs":[[-1577,-1625,-1578,-7396]],"properties":{"pop":0,"kn":"1380"}},{"type":"Polygon","arcs":[[7428,7429,7430,7431]],"properties":{"pop":14,"kn":"1380"}},{"type":"Polygon","arcs":[[-7431,7432,-1582,-7400]],"properties":{"pop":20,"kn":"1380"}},{"type":"Polygon","arcs":[[-1586,7433,-1588,-1538]],"properties":{"pop":28,"kn":"1380"}},{"type":"Polygon","arcs":[[-1600,-1643,-1601,-1551]],"properties":{"pop":5,"kn":"1380"}},{"type":"Polygon","arcs":[[-1603,-1647,7434,-1555]],"properties":{"pop":22,"kn":"1380"}},{"type":"Polygon","arcs":[[-7435,7435,7436,-7401]],"properties":{"pop":0,"kn":"1380"}},{"type":"Polygon","arcs":[[-7437,-1651,7437,-1559]],"properties":{"pop":6,"kn":"1380"}},{"type":"Polygon","arcs":[[-7438,7438,7439,-7402]],"properties":{"pop":6,"kn":"1380"}},{"type":"Polygon","arcs":[[-7440,-1655,7440,-7404]],"properties":{"pop":9,"kn":"1380"}},{"type":"Polygon","arcs":[[-7441,7441,7442,-7406]],"properties":{"pop":4,"kn":"1380"}},{"type":"Polygon","arcs":[[-7443,7443,-1605,-1563]],"properties":{"pop":4,"kn":"1380"}},{"type":"Polygon","arcs":[[7444,7445,7446,7447]],"properties":{"pop":7,"kn":"1380"}},{"type":"Polygon","arcs":[[-7447,-1659,7448,-7408]],"properties":{"pop":28,"kn":"1380"}},{"type":"Polygon","arcs":[[7449,7450,7451,-7413]],"properties":{"pop":6,"kn":"1380"}},{"type":"Polygon","arcs":[[-7452,7452,7453,-7415]],"properties":{"pop":4,"kn":"1380"}},{"type":"Polygon","arcs":[[7454,7455,-1608,7456]],"properties":{"pop":11,"kn":"1380"}},{"type":"Polygon","arcs":[[-1610,7457,7458,-7423]],"properties":{"pop":7,"kn":"1380"}},{"type":"Polygon","arcs":[[-7459,7459,7460,-1568]],"properties":{"pop":26,"kn":"1380"}},{"type":"Polygon","arcs":[[-1614,-1665,-1616,-7428]],"properties":{"pop":4,"kn":"1380"}},{"type":"Polygon","arcs":[[-1624,7461,7462,-1579]],"properties":{"pop":4,"kn":"1380"}},{"type":"Polygon","arcs":[[7463,7464,7465,-7430]],"properties":{"pop":6,"kn":"1380"}},{"type":"Polygon","arcs":[[-7466,7466,-1626,-7433]],"properties":{"pop":3,"kn":"1380"}},{"type":"Polygon","arcs":[[-1630,-1679,-1631,-7434]],"properties":{"pop":12,"kn":"1380"}},{"type":"Polygon","arcs":[[-1639,-1688,-1640,-1599]],"properties":{"pop":0,"kn":"1380"}},{"type":"Polygon","arcs":[[-1642,-1693,-1644,-1602]],"properties":{"pop":16,"kn":"1380"}},{"type":"Polygon","arcs":[[-1646,-1697,-1648,-7436]],"properties":{"pop":0,"kn":"1380"}},{"type":"Polygon","arcs":[[-1650,7467,-1652,-7439]],"properties":{"pop":16,"kn":"1380"}},{"type":"Polygon","arcs":[[-1654,-1701,7468,-7442]],"properties":{"pop":3,"kn":"1380"}},{"type":"Polygon","arcs":[[-7469,-1704,7469,-7444]],"properties":{"pop":0,"kn":"1380"}},{"type":"Polygon","arcs":[[-7470,-1706,7470,-1606]],"properties":{"pop":8,"kn":"1380"}},{"type":"Polygon","arcs":[[7471,-1716,-1656,-7446]],"properties":{"pop":4,"kn":"1380"}},{"type":"Polygon","arcs":[[7472,7473,7474,-7451]],"properties":{"pop":17,"kn":"1380"}},{"type":"Polygon","arcs":[[-7475,7475,7476,-7453]],"properties":{"pop":10,"kn":"1380"}},{"type":"Polygon","arcs":[[-7477,7477,7478,7479]],"properties":{"pop":12,"kn":"1380"}},{"type":"Polygon","arcs":[[7480,-1722,7481,-7456]],"properties":{"pop":15,"kn":"1380"}},{"type":"Polygon","arcs":[[-7482,-1725,7482,-1609]],"properties":{"pop":7,"kn":"1380"}},{"type":"Polygon","arcs":[[-7483,7483,7484,-7458]],"properties":{"pop":13,"kn":"1380"}},{"type":"Polygon","arcs":[[7485,-1729,7486,7487]],"properties":{"pop":0,"kn":"1380"}},{"type":"Polygon","arcs":[[-7487,7488,-1660,7489]],"properties":{"pop":8,"kn":"1380"}},{"type":"Polygon","arcs":[[7490,-1742,7491,-7467]],"properties":{"pop":6,"kn":"1380"}},{"type":"Polygon","arcs":[[-7492,7492,-1674,-1627]],"properties":{"pop":0,"kn":"1380"}},{"type":"Polygon","arcs":[[-1678,-1746,-1680,-1632]],"properties":{"pop":10,"kn":"1380"}},{"type":"Polygon","arcs":[[-1684,7493,-1685,-1638]],"properties":{"pop":0,"kn":"1380"}},{"type":"Polygon","arcs":[[-1692,7494,-1694,-1645]],"properties":{"pop":3,"kn":"1380"}},{"type":"Polygon","arcs":[[-1696,7495,7496,-1649]],"properties":{"pop":3,"kn":"1380"}},{"type":"Polygon","arcs":[[-7497,-1760,7497,-7468]],"properties":{"pop":4,"kn":"1380"}},{"type":"Polygon","arcs":[[-7498,7498,-1698,-1653]],"properties":{"pop":6,"kn":"1380"}},{"type":"Polygon","arcs":[[-1708,7499,-1710,7500]],"properties":{"pop":16,"kn":"1382"}},{"type":"Polygon","arcs":[[-1718,7501,7502,7503]],"properties":{"pop":3,"kn":"1380"}},{"type":"Polygon","arcs":[[-7503,7504,7505,-7474]],"properties":{"pop":7,"kn":"1380"}},{"type":"Polygon","arcs":[[-7506,7506,7507,-7476]],"properties":{"pop":15,"kn":"1380"}},{"type":"Polygon","arcs":[[-7508,7508,7509,-7478]],"properties":{"pop":18,"kn":"1380"}},{"type":"Polygon","arcs":[[-7510,7510,-1719,7511]],"properties":{"pop":15,"kn":"1380"}},{"type":"Polygon","arcs":[[-1724,7512,7513,-7484]],"properties":{"pop":5,"kn":"1380"}},{"type":"Polygon","arcs":[[-7514,-1767,-1726,7514]],"properties":{"pop":19,"kn":"1380"}},{"type":"Polygon","arcs":[[-1728,-1772,7515,-7489]],"properties":{"pop":8,"kn":"1380"}},{"type":"Polygon","arcs":[[-7516,7516,-1730,-1661]],"properties":{"pop":3,"kn":"1380"}},{"type":"Polygon","arcs":[[-1738,-1779,7517,-1672]],"properties":{"pop":3,"kn":"1380"}},{"type":"Polygon","arcs":[[-1741,7518,7519,-7493]],"properties":{"pop":3,"kn":"1380"}},{"type":"Polygon","arcs":[[-7520,7520,7521,-1675]],"properties":{"pop":5,"kn":"1380"}},{"type":"Polygon","arcs":[[-7522,7522,-1743,-1677]],"properties":{"pop":13,"kn":"1380"}},{"type":"Polygon","arcs":[[-1745,7523,7524,-1681]],"properties":{"pop":3,"kn":"1380"}},{"type":"Polygon","arcs":[[-7525,-1786,7525,-1683]],"properties":{"pop":0,"kn":"1380"}},{"type":"Polygon","arcs":[[-7526,-1789,-1747,-7494]],"properties":{"pop":0,"kn":"1380"}},{"type":"Polygon","arcs":[[-1753,7526,-1754,-7495]],"properties":{"pop":3,"kn":"1380"}},{"type":"Polygon","arcs":[[-1756,7527,-1757,-7496]],"properties":{"pop":5,"kn":"1380"}},{"type":"Polygon","arcs":[[-1759,-1799,7528,-7499]],"properties":{"pop":7,"kn":"1380"}},{"type":"Polygon","arcs":[[7529,7530,-1707]],"properties":{"pop":3,"kn":"1382"}},{"type":"Polygon","arcs":[[7531,7532,7533,-1711]],"properties":{"pop":7,"kn":"1382"}},{"type":"Polygon","arcs":[[-7534,7534,7535,-1714]],"properties":{"pop":7,"kn":"1382"}},{"type":"Polygon","arcs":[[-7536,7536,7537,-1717]],"properties":{"pop":9,"kn":"1380"}},{"type":"Polygon","arcs":[[-7538,7538,7539,-7502]],"properties":{"pop":8,"kn":"1380"}},{"type":"Polygon","arcs":[[-7540,7540,7541,-7505]],"properties":{"pop":5,"kn":"1380"}},{"type":"Polygon","arcs":[[-7542,7542,7543,-7507]],"properties":{"pop":21,"kn":"1380"}},{"type":"Polygon","arcs":[[7544,-1808,7545,-1723]],"properties":{"pop":25,"kn":"1380"}},{"type":"Polygon","arcs":[[-1771,7546,7547,-7517]],"properties":{"pop":11,"kn":"1380"}},{"type":"Polygon","arcs":[[-7548,7548,7549,-1731]],"properties":{"pop":12,"kn":"1380"}},{"type":"Polygon","arcs":[[-7550,7550,-1773,-1733]],"properties":{"pop":6,"kn":"1380"}},{"type":"Polygon","arcs":[[-1775,7551,-1776,-1737]],"properties":{"pop":9,"kn":"1380"}},{"type":"Polygon","arcs":[[7552,7553,7554,7555]],"properties":{"pop":4,"kn":"1380"}},{"type":"Polygon","arcs":[[-7555,-1824,7556,-1740]],"properties":{"pop":12,"kn":"1380"}},{"type":"Polygon","arcs":[[-7557,7557,7558,-7519]],"properties":{"pop":4,"kn":"1380"}},{"type":"Polygon","arcs":[[7559,7560,-1780,-7523]],"properties":{"pop":7,"kn":"1380"}},{"type":"Polygon","arcs":[[-1782,7561,-1783,-7524]],"properties":{"pop":8,"kn":"1380"}},{"type":"Polygon","arcs":[[-1793,-1830,7562,-1752]],"properties":{"pop":0,"kn":"1380"}},{"type":"Polygon","arcs":[[-7563,-1833,7563,-7527]],"properties":{"pop":8,"kn":"1380"}},{"type":"Polygon","arcs":[[-7564,-1836,7564,-1755]],"properties":{"pop":6,"kn":"1380"}},{"type":"Polygon","arcs":[[-7565,7565,-1794,-7528]],"properties":{"pop":4,"kn":"1380"}},{"type":"Polygon","arcs":[[7566,7567,7568,-7535]],"properties":{"pop":6,"kn":"1382"}},{"type":"Polygon","arcs":[[7569,7570,7571,-7539]],"properties":{"pop":11,"kn":"1382"}},{"type":"Polygon","arcs":[[-7572,7572,7573,-7541]],"properties":{"pop":4,"kn":"1380"}},{"type":"Polygon","arcs":[[-1817,7574,7575,-7547]],"properties":{"pop":5,"kn":"1380"}},{"type":"Polygon","arcs":[[7576,7577,7578,-1774]],"properties":{"pop":9,"kn":"1380"}},{"type":"Polygon","arcs":[[-7579,7579,-1818,-7552]],"properties":{"pop":0,"kn":"1380"}},{"type":"Polygon","arcs":[[7580,7581,7582,7583]],"properties":{"pop":17,"kn":"1380"}},{"type":"Polygon","arcs":[[-7583,7584,-1821,-7554]],"properties":{"pop":4,"kn":"1380"}},{"type":"Polygon","arcs":[[-1823,7585,7586,-7558]],"properties":{"pop":3,"kn":"1380"}},{"type":"Polygon","arcs":[[-7587,-1862,7587,7588]],"properties":{"pop":19,"kn":"1380"}},{"type":"Polygon","arcs":[[-7588,-1865,7589,-7561]],"properties":{"pop":7,"kn":"1380"}},{"type":"Polygon","arcs":[[-7590,7590,7591,-1781]],"properties":{"pop":18,"kn":"1380"}},{"type":"Polygon","arcs":[[-7592,7592,7593,-7562]],"properties":{"pop":5,"kn":"1380"}},{"type":"Polygon","arcs":[[-7594,7594,7595,-1784]],"properties":{"pop":3,"kn":"1380"}},{"type":"Polygon","arcs":[[-7596,-1869,7596,-1787]],"properties":{"pop":3,"kn":"1380"}},{"type":"Polygon","arcs":[[-7597,-1872,-1825,-1790]],"properties":{"pop":0,"kn":"1380"}},{"type":"Polygon","arcs":[[-1835,-1883,-1837,-7566]],"properties":{"pop":3,"kn":"1380"}},{"type":"Polygon","arcs":[[-1841,-1890,-1842,-1800]],"properties":{"pop":3,"kn":"1380"}},{"type":"Polygon","arcs":[[7597,7598,7599]],"properties":{"pop":9,"kn":"1382"}},{"type":"Polygon","arcs":[[7600,7601,7602,-7568]],"properties":{"pop":11,"kn":"1382"}},{"type":"Polygon","arcs":[[-7603,7603,7604,7605]],"properties":{"pop":6,"kn":"1382"}},{"type":"Polygon","arcs":[[-7605,-1902,7606,-7571]],"properties":{"pop":3,"kn":"1382"}},{"type":"Polygon","arcs":[[-7607,7607,7608,-7573]],"properties":{"pop":9,"kn":"1382"}},{"type":"Polygon","arcs":[[-7609,7609,7610,7611]],"properties":{"pop":22,"kn":"1380"}},{"type":"Polygon","arcs":[[7612,7613,-1847,7614]],"properties":{"pop":12,"kn":"1380"}},{"type":"Polygon","arcs":[[-1855,7615,7616,-1816]],"properties":{"pop":25,"kn":"1380"}},{"type":"Polygon","arcs":[[-7617,-1915,7617,-7575]],"properties":{"pop":9,"kn":"1380"}},{"type":"Polygon","arcs":[[7618,-1919,7619,-7578]],"properties":{"pop":15,"kn":"1380"}},{"type":"Polygon","arcs":[[-7620,-1922,-1856,-7580]],"properties":{"pop":4,"kn":"1380"}},{"type":"Polygon","arcs":[[-1858,7620,7621,7622]],"properties":{"pop":7,"kn":"1380"}},{"type":"Polygon","arcs":[[7623,7624,7625,-7585]],"properties":{"pop":5,"kn":"1380"}},{"type":"Polygon","arcs":[[-7626,7626,7627,-1822]],"properties":{"pop":6,"kn":"1380"}},{"type":"Polygon","arcs":[[-1864,-1926,7628,-7591]],"properties":{"pop":0,"kn":"1380"}},{"type":"Polygon","arcs":[[-7629,7629,7630,-7593]],"properties":{"pop":3,"kn":"1380"}},{"type":"Polygon","arcs":[[-7631,-1930,-1866,-7595]],"properties":{"pop":4,"kn":"1380"}},{"type":"Polygon","arcs":[[-1889,-1946,-1891,-1843]],"properties":{"pop":3,"kn":"1380"}},{"type":"Polygon","arcs":[[7631,7632,7633,7634]],"properties":{"pop":15,"kn":"1382"}},{"type":"Polygon","arcs":[[-7634,7635,7636,-7602]],"properties":{"pop":5,"kn":"1382"}},{"type":"Polygon","arcs":[[-7637,-1956,-1899,-7604]],"properties":{"pop":13,"kn":"1382"}},{"type":"Polygon","arcs":[[7637,7638,7639,-7610]],"properties":{"pop":7,"kn":"1382"}},{"type":"Polygon","arcs":[[-7640,7640,7641,7642]],"properties":{"pop":8,"kn":"1380"}},{"type":"Polygon","arcs":[[-7642,7643,7644,7645]],"properties":{"pop":10,"kn":"1380"}},{"type":"Polygon","arcs":[[-7645,7646,-1903,-7614]],"properties":{"pop":22,"kn":"1380"}},{"type":"Polygon","arcs":[[-1911,-1968,-1912,-7616]],"properties":{"pop":6,"kn":"1380"}},{"type":"Polygon","arcs":[[-1914,7647,7648,7649]],"properties":{"pop":4,"kn":"1380"}},{"type":"Polygon","arcs":[[-7649,7650,-1916,7651]],"properties":{"pop":9,"kn":"1380"}},{"type":"Polygon","arcs":[[-1921,-1976,7652,-1857]],"properties":{"pop":7,"kn":"1380"}},{"type":"Polygon","arcs":[[-7653,7653,7654,-7621]],"properties":{"pop":7,"kn":"1380"}},{"type":"Polygon","arcs":[[7655,-1980,7656,-7625]],"properties":{"pop":17,"kn":"1380"}},{"type":"Polygon","arcs":[[7657,7658,7659,7660]],"properties":{"pop":20,"kn":"1380"}},{"type":"Polygon","arcs":[[-7660,-1984,7661,-1860]],"properties":{"pop":4,"kn":"1380"}},{"type":"Polygon","arcs":[[-7662,-1987,-1923,-1863]],"properties":{"pop":5,"kn":"1380"}},{"type":"Polygon","arcs":[[-1925,-1992,-1927,-7630]],"properties":{"pop":7,"kn":"1380"}},{"type":"Polygon","arcs":[[-1932,-1998,7662,-1870]],"properties":{"pop":6,"kn":"1380"}},{"type":"Polygon","arcs":[[-7663,-2001,7663,-1873]],"properties":{"pop":4,"kn":"1380"}},{"type":"Polygon","arcs":[[-7664,-2004,-1933,-1875]],"properties":{"pop":3,"kn":"1315"}},{"type":"Polygon","arcs":[[-1937,7664,-1938,-1881]],"properties":{"pop":0,"kn":"1315"}},{"type":"Polygon","arcs":[[-1940,-2010,-1941,-1886]],"properties":{"pop":4,"kn":"1380"}},{"type":"Polygon","arcs":[[-1945,7665,7666,-1892]],"properties":{"pop":3,"kn":"1315"}},{"type":"Polygon","arcs":[[-7667,-2016,-1947,-1894]],"properties":{"pop":4,"kn":"1315"}},{"type":"Polygon","arcs":[[7667,7668,7669,-1896]],"properties":{"pop":10,"kn":"1382"}},{"type":"Polygon","arcs":[[7670,7671,7672,-7633]],"properties":{"pop":19,"kn":"1382"}},{"type":"Polygon","arcs":[[-7673,7673,-1953,-7636]],"properties":{"pop":10,"kn":"1382"}},{"type":"Polygon","arcs":[[7674,7675,7676,7677]],"properties":{"pop":4,"kn":"1382"}},{"type":"Polygon","arcs":[[7678,7679,7680,-7641]],"properties":{"pop":4,"kn":"1382"}},{"type":"Polygon","arcs":[[-7681,7681,7682,-7644]],"properties":{"pop":7,"kn":"1380"}},{"type":"Polygon","arcs":[[-7683,7683,-1957,-7647]],"properties":{"pop":24,"kn":"1380"}},{"type":"Polygon","arcs":[[-1967,7684,7685,-1913]],"properties":{"pop":12,"kn":"1380"}},{"type":"Polygon","arcs":[[-7686,7686,7687,-7648]],"properties":{"pop":0,"kn":"1380"}},{"type":"Polygon","arcs":[[-7688,-2027,-1969,-7651]],"properties":{"pop":0,"kn":"1380"}},{"type":"Polygon","arcs":[[-1975,-2035,7688,-7654]],"properties":{"pop":9,"kn":"1380"}},{"type":"Polygon","arcs":[[-7689,7689,-1977,7690]],"properties":{"pop":9,"kn":"1380"}},{"type":"Polygon","arcs":[[-1979,7691,7692,7693]],"properties":{"pop":0,"kn":"1380"}},{"type":"Polygon","arcs":[[-1991,-2049,-1993,-1928]],"properties":{"pop":28,"kn":"1380"}},{"type":"Polygon","arcs":[[-2003,-2059,7694,-1934]],"properties":{"pop":0,"kn":"1315"}},{"type":"Polygon","arcs":[[-7695,-2062,7695,-1936]],"properties":{"pop":4,"kn":"1315"}},{"type":"Polygon","arcs":[[-7696,-2065,-2005,-7665]],"properties":{"pop":12,"kn":"1315"}},{"type":"Polygon","arcs":[[-2012,-2073,7696,-1944]],"properties":{"pop":12,"kn":"1315"}},{"type":"Polygon","arcs":[[-7697,7697,-2013,-7666]],"properties":{"pop":6,"kn":"1315"}},{"type":"Polygon","arcs":[[7698,7699,7700,-7669]],"properties":{"pop":28,"kn":"1382"}},{"type":"Polygon","arcs":[[-7701,7701,7702,7703]],"properties":{"pop":8,"kn":"1382"}},{"type":"Polygon","arcs":[[7704,7705,7706,-7672]],"properties":{"pop":10,"kn":"1382"}},{"type":"Polygon","arcs":[[7707,7708,7709,-1954]],"properties":{"pop":15,"kn":"1382"}},{"type":"Polygon","arcs":[[7710,7711,7712,-7680]],"properties":{"pop":4,"kn":"1382"}},{"type":"Polygon","arcs":[[-7713,-2086,7713,-7682]],"properties":{"pop":8,"kn":"1382"}},{"type":"Polygon","arcs":[[-7714,7714,7715,-7684]],"properties":{"pop":18,"kn":"1382"}},{"type":"Polygon","arcs":[[-7716,7716,-2019,-1958]],"properties":{"pop":24,"kn":"1382"}},{"type":"Polygon","arcs":[[-2023,7717,7718,-1964]],"properties":{"pop":3,"kn":"1380"}},{"type":"Polygon","arcs":[[-7719,7719,7720,-1966]],"properties":{"pop":5,"kn":"1380"}},{"type":"Polygon","arcs":[[-7721,7721,7722,-7685]],"properties":{"pop":9,"kn":"1380"}},{"type":"Polygon","arcs":[[-7723,7723,-2024,-7687]],"properties":{"pop":21,"kn":"1380"}},{"type":"Polygon","arcs":[[-2026,7724,-2028,-1970]],"properties":{"pop":3,"kn":"1380"}},{"type":"Polygon","arcs":[[-2034,7725,7726,-7690]],"properties":{"pop":20,"kn":"1380"}},{"type":"Polygon","arcs":[[-7727,-2103,7727,-1978]],"properties":{"pop":4,"kn":"1380"}},{"type":"Polygon","arcs":[[-7728,-2106,-2036,-7692]],"properties":{"pop":7,"kn":"1380"}},{"type":"Polygon","arcs":[[-2038,7728,-2040,-1982]],"properties":{"pop":6,"kn":"1315"}},{"type":"Polygon","arcs":[[-2053,-2122,-2054,-1999]],"properties":{"pop":13,"kn":"1380"}},{"type":"Polygon","arcs":[[-2069,-2136,-2070,-2011]],"properties":{"pop":3,"kn":"1315"}},{"type":"Polygon","arcs":[[-2072,-2141,7729,-7698]],"properties":{"pop":3,"kn":"1315"}},{"type":"Polygon","arcs":[[-7730,7730,7731,-2014]],"properties":{"pop":0,"kn":"1315"}},{"type":"Polygon","arcs":[[7732,7733,7734,7735]],"properties":{"pop":12,"kn":"1382"}},{"type":"Polygon","arcs":[[7736,7737,7738,-7700]],"properties":{"pop":21,"kn":"1382"}},{"type":"Polygon","arcs":[[-7739,7739,7740,-7702]],"properties":{"pop":3,"kn":"1382"}},{"type":"Polygon","arcs":[[-7741,7741,7742,7743]],"properties":{"pop":10,"kn":"1382"}},{"type":"Polygon","arcs":[[-7743,7744,7745,-7706]],"properties":{"pop":24,"kn":"1382"}},{"type":"Polygon","arcs":[[7746,7747,7748,-7709]],"properties":{"pop":13,"kn":"1382"}},{"type":"Polygon","arcs":[[-7749,7749,7750,7751]],"properties":{"pop":24,"kn":"1382"}},{"type":"Polygon","arcs":[[7752,7753,7754,7755]],"properties":{"pop":11,"kn":"1382"}},{"type":"Polygon","arcs":[[-7755,7756,-2083,-7712]],"properties":{"pop":14,"kn":"1382"}},{"type":"Polygon","arcs":[[-2085,7757,7758,-7715]],"properties":{"pop":7,"kn":"1382"}},{"type":"Polygon","arcs":[[-7759,7759,7760,-7717]],"properties":{"pop":9,"kn":"1382"}},{"type":"Polygon","arcs":[[-7761,7761,-2087,-2020]],"properties":{"pop":6,"kn":"1382"}},{"type":"Polygon","arcs":[[-2089,7762,7763,-7718]],"properties":{"pop":0,"kn":"1382"}},{"type":"Polygon","arcs":[[-7764,7764,7765,-7720]],"properties":{"pop":0,"kn":"1380"}},{"type":"Polygon","arcs":[[-7766,7766,7767,-7722]],"properties":{"pop":5,"kn":"1380"}},{"type":"Polygon","arcs":[[-7768,7768,-2090,-7724]],"properties":{"pop":11,"kn":"1380"}},{"type":"Polygon","arcs":[[-2092,7769,-2093,-7725]],"properties":{"pop":3,"kn":"1380"}},{"type":"Polygon","arcs":[[-2099,7770,-2100,-7726]],"properties":{"pop":8,"kn":"1380"}},{"type":"Polygon","arcs":[[-2108,-2174,7771,-7729]],"properties":{"pop":5,"kn":"1315"}},{"type":"Polygon","arcs":[[-2132,-2197,-2133,-2068]],"properties":{"pop":4,"kn":"1315"}},{"type":"Polygon","arcs":[[-2140,-2205,-2142,-7731]],"properties":{"pop":5,"kn":"1315"}},{"type":"Polygon","arcs":[[-2144,-2210,-2146,-2075]],"properties":{"pop":0,"kn":"1315"}},{"type":"Polygon","arcs":[[-2155,-2220,7772]],"properties":{"pop":3,"kn":"1315"}},{"type":"Polygon","arcs":[[7773,-2159,7774]],"properties":{"pop":0,"kn":"1382"}},{"type":"Polygon","arcs":[[7775,-2235,7776,-7738]],"properties":{"pop":4,"kn":"1382"}},{"type":"Polygon","arcs":[[-7777,7777,7778,-7740]],"properties":{"pop":15,"kn":"1382"}},{"type":"Polygon","arcs":[[7779,7780,7781,-7745]],"properties":{"pop":21,"kn":"1382"}},{"type":"Polygon","arcs":[[-7782,7782,7783,7784]],"properties":{"pop":14,"kn":"1382"}},{"type":"Polygon","arcs":[[-7784,7785,7786,-7748]],"properties":{"pop":10,"kn":"1382"}},{"type":"Polygon","arcs":[[-7787,7787,7788,-7750]],"properties":{"pop":16,"kn":"1382"}},{"type":"Polygon","arcs":[[-7789,7789,7790,7791]],"properties":{"pop":12,"kn":"1382"}},{"type":"Polygon","arcs":[[-7791,-2239,7792,-7754]],"properties":{"pop":14,"kn":"1382"}},{"type":"Polygon","arcs":[[-7793,7793,7794,-7757]],"properties":{"pop":0,"kn":"1382"}},{"type":"Polygon","arcs":[[7795,7796,7797,-7758]],"properties":{"pop":4,"kn":"1382"}},{"type":"Polygon","arcs":[[-7798,7798,7799,-7760]],"properties":{"pop":0,"kn":"1382"}},{"type":"Polygon","arcs":[[-7800,-2243,7800,-7762]],"properties":{"pop":0,"kn":"1382"}},{"type":"Polygon","arcs":[[-7801,-2246,7801,-2088]],"properties":{"pop":10,"kn":"1382"}},{"type":"Polygon","arcs":[[-7802,-2249,7802,-7763]],"properties":{"pop":15,"kn":"1382"}},{"type":"Polygon","arcs":[[-7803,7803,7804,-7765]],"properties":{"pop":3,"kn":"1382"}},{"type":"Polygon","arcs":[[-7805,7805,7806,-7767]],"properties":{"pop":15,"kn":"1380"}},{"type":"Polygon","arcs":[[-7807,7807,7808,-7769]],"properties":{"pop":20,"kn":"1380"}},{"type":"Polygon","arcs":[[-7809,7809,7810,-2091]],"properties":{"pop":4,"kn":"1380"}},{"type":"Polygon","arcs":[[-7811,-2253,7811,-7770]],"properties":{"pop":3,"kn":"1380"}},{"type":"Polygon","arcs":[[-7812,-2256,7812,-2094]],"properties":{"pop":7,"kn":"1380"}},{"type":"Polygon","arcs":[[-7813,-2259,-2163,-2096]],"properties":{"pop":3,"kn":"1380"}},{"type":"Polygon","arcs":[[-2165,-2264,-2166,-7771]],"properties":{"pop":3,"kn":"1380"}},{"type":"Polygon","arcs":[[-2170,-2271,-2171,-2107]],"properties":{"pop":3,"kn":"1315"}},{"type":"Polygon","arcs":[[-2191,7813,7814,-2127]],"properties":{"pop":8,"kn":"1315"}},{"type":"Polygon","arcs":[[-7815,7815,-2192,-2129]],"properties":{"pop":0,"kn":"1315"}},{"type":"Polygon","arcs":[[-2199,-2296,-2200,-2137]],"properties":{"pop":4,"kn":"1315"}},{"type":"Polygon","arcs":[[-2214,-2302,-2215,-2151]],"properties":{"pop":3,"kn":"1315"}},{"type":"Polygon","arcs":[[-2228,7816,-2229,7817]],"properties":{"pop":6,"kn":"1315"}},{"type":"Polygon","arcs":[[-2234,7818,7819,-7778]],"properties":{"pop":9,"kn":"1382"}},{"type":"Polygon","arcs":[[-7820,7820,7821,7822]],"properties":{"pop":7,"kn":"1382"}},{"type":"Polygon","arcs":[[7823,7824,7825,-7783]],"properties":{"pop":11,"kn":"1382"}},{"type":"Polygon","arcs":[[-7826,-2322,7826,-7786]],"properties":{"pop":10,"kn":"1382"}},{"type":"Polygon","arcs":[[-7827,-2325,7827,-7788]],"properties":{"pop":19,"kn":"1382"}},{"type":"Polygon","arcs":[[-7828,7828,-2236,-7790]],"properties":{"pop":21,"kn":"1382"}},{"type":"Polygon","arcs":[[-2238,7829,7830,-7794]],"properties":{"pop":15,"kn":"1382"}},{"type":"Polygon","arcs":[[7831,7832,7833,-7797]],"properties":{"pop":13,"kn":"1382"}},{"type":"Polygon","arcs":[[-7834,7834,-2240,-7799]],"properties":{"pop":0,"kn":"1382"}},{"type":"Polygon","arcs":[[-2248,-2335,7835,-7804]],"properties":{"pop":0,"kn":"1382"}},{"type":"Polygon","arcs":[[-7836,7836,7837,-7806]],"properties":{"pop":3,"kn":"1382"}},{"type":"Polygon","arcs":[[-7838,7838,7839,-7808]],"properties":{"pop":12,"kn":"1380"}},{"type":"Polygon","arcs":[[-7840,7840,-2250,-7810]],"properties":{"pop":13,"kn":"1380"}},{"type":"Polygon","arcs":[[-2273,7841,-2274,7842]],"properties":{"pop":9,"kn":"1315"}},{"type":"Polygon","arcs":[[-2288,7843,7844,-2190]],"properties":{"pop":8,"kn":"1315"}},{"type":"Polygon","arcs":[[7845,-2369,7846,-7816]],"properties":{"pop":4,"kn":"1315"}},{"type":"Polygon","arcs":[[-7847,-2372,-2289,-2193]],"properties":{"pop":0,"kn":"1315"}},{"type":"Polygon","arcs":[[-2298,-2382,7847,-2203]],"properties":{"pop":3,"kn":"1315"}},{"type":"Polygon","arcs":[[7848,7849,7850,-2208]],"properties":{"pop":5,"kn":"1315"}},{"type":"Polygon","arcs":[[-7851,7851,7852,-2211]],"properties":{"pop":3,"kn":"1315"}},{"type":"Polygon","arcs":[[-7853,7853,-2299,-2213]],"properties":{"pop":3,"kn":"1315"}},{"type":"Polygon","arcs":[[-2301,-2386,-2303,-2216]],"properties":{"pop":0,"kn":"1315"}},{"type":"Polygon","arcs":[[-2305,-2390,-2306,-2221]],"properties":{"pop":4,"kn":"1315"}},{"type":"Polygon","arcs":[[-2308,-2395,7854,-2227]],"properties":{"pop":9,"kn":"1315"}},{"type":"Polygon","arcs":[[-7855,-2398,7855,-7817]],"properties":{"pop":8,"kn":"1315"}},{"type":"Polygon","arcs":[[-7856,-2401,-2309,-2230]],"properties":{"pop":7,"kn":"1315"}},{"type":"Polygon","arcs":[[-2311,-2405,7856,7857]],"properties":{"pop":3,"kn":"1315"}},{"type":"Polygon","arcs":[[-7857,7858,-2313,7859]],"properties":{"pop":4,"kn":"1315"}},{"type":"Polygon","arcs":[[7860,7861,7862,-7819]],"properties":{"pop":11,"kn":"1382"}},{"type":"Polygon","arcs":[[-7863,7863,7864,-7821]],"properties":{"pop":20,"kn":"1382"}},{"type":"Polygon","arcs":[[7865,7866,-2319,-7825]],"properties":{"pop":11,"kn":"1382"}},{"type":"Polygon","arcs":[[-2324,7867,7868,-7829]],"properties":{"pop":8,"kn":"1382"}},{"type":"Polygon","arcs":[[-7869,7869,7870,-2237]],"properties":{"pop":0,"kn":"1382"}},{"type":"Polygon","arcs":[[-7871,7871,7872,-7830]],"properties":{"pop":10,"kn":"1382"}},{"type":"Polygon","arcs":[[-7873,7873,7874,7875]],"properties":{"pop":24,"kn":"1382"}},{"type":"Polygon","arcs":[[-7875,-2418,7876,-7833]],"properties":{"pop":3,"kn":"1382"}},{"type":"Polygon","arcs":[[-7877,-2421,-2326,-7835]],"properties":{"pop":15,"kn":"1382"}},{"type":"Polygon","arcs":[[-2334,7877,7878,-7837]],"properties":{"pop":4,"kn":"1382"}},{"type":"Polygon","arcs":[[-7879,7879,7880,-7839]],"properties":{"pop":20,"kn":"1380"}},{"type":"Polygon","arcs":[[-7881,-2433,7881,-7841]],"properties":{"pop":3,"kn":"1380"}},{"type":"Polygon","arcs":[[-7882,-2436,-2336,-2251]],"properties":{"pop":4,"kn":"1380"}},{"type":"Polygon","arcs":[[-2340,-2442,7882,-2260]],"properties":{"pop":7,"kn":"1380"}},{"type":"Polygon","arcs":[[-7883,-2445,7883,-2262]],"properties":{"pop":0,"kn":"1380"}},{"type":"Polygon","arcs":[[-7884,-2448,-2341,-2265]],"properties":{"pop":13,"kn":"1380"}},{"type":"Polygon","arcs":[[-2347,7884,-2348,-7842]],"properties":{"pop":3,"kn":"1315"}},{"type":"Polygon","arcs":[[-2362,-2469,-2363,-7844]],"properties":{"pop":7,"kn":"1315"}},{"type":"Polygon","arcs":[[-2378,-2481,-2379,-2297]],"properties":{"pop":0,"kn":"1315"}},{"type":"Polygon","arcs":[[-2381,-2485,7885,7886]],"properties":{"pop":6,"kn":"1315"}},{"type":"Polygon","arcs":[[-7886,-2488,7887,-7850]],"properties":{"pop":6,"kn":"1315"}},{"type":"Polygon","arcs":[[-7888,-2491,7888,-7852]],"properties":{"pop":3,"kn":"1315"}},{"type":"Polygon","arcs":[[-7889,-2494,7889,-7854]],"properties":{"pop":9,"kn":"1315"}},{"type":"Polygon","arcs":[[-7890,7890,-2383,-2300]],"properties":{"pop":0,"kn":"1315"}},{"type":"Polygon","arcs":[[-2385,7891,-2387,-2304]],"properties":{"pop":3,"kn":"1315"}},{"type":"Polygon","arcs":[[-2404,-2511,7892,-7859]],"properties":{"pop":3,"kn":"1315"}},{"type":"Polygon","arcs":[[-7893,7893,-2406,-2314]],"properties":{"pop":4,"kn":"1315"}},{"type":"Polygon","arcs":[[-2413,7894,7895,7896]],"properties":{"pop":11,"kn":"1382"}},{"type":"Polygon","arcs":[[7897,7898,7899,7900]],"properties":{"pop":3,"kn":"1382"}},{"type":"Polygon","arcs":[[-7900,-2518,7901,7902]],"properties":{"pop":21,"kn":"1382"}},{"type":"Polygon","arcs":[[-7902,7903,7904,-7862]],"properties":{"pop":0,"kn":"1382"}},{"type":"Polygon","arcs":[[-7905,7905,7906,-7864]],"properties":{"pop":24,"kn":"1382"}},{"type":"Polygon","arcs":[[-7907,7907,7908,7909]],"properties":{"pop":16,"kn":"1382"}},{"type":"Polygon","arcs":[[7910,7911,7912,-2320]],"properties":{"pop":10,"kn":"1382"}},{"type":"Polygon","arcs":[[-7913,7913,7914,-2323]],"properties":{"pop":11,"kn":"1382"}},{"type":"Polygon","arcs":[[-7915,7915,7916,-7868]],"properties":{"pop":8,"kn":"1382"}},{"type":"Polygon","arcs":[[-7917,7917,7918,-7870]],"properties":{"pop":14,"kn":"1382"}},{"type":"Polygon","arcs":[[-7919,7919,7920,-7872]],"properties":{"pop":9,"kn":"1382"}},{"type":"Polygon","arcs":[[-7921,-2522,-2415,-7874]],"properties":{"pop":4,"kn":"1382"}},{"type":"Polygon","arcs":[[-2429,7921,7922,-7878]],"properties":{"pop":14,"kn":"1382"}},{"type":"Polygon","arcs":[[-7923,-2535,-2430,-7880]],"properties":{"pop":12,"kn":"1382"}},{"type":"Polygon","arcs":[[-2435,-2542,-2437,-2337]],"properties":{"pop":0,"kn":"1380"}},{"type":"Polygon","arcs":[[-2454,7923,7924,-7885]],"properties":{"pop":10,"kn":"1315"}},{"type":"Polygon","arcs":[[-7925,7925,-2455,-2349]],"properties":{"pop":6,"kn":"1315"}},{"type":"Polygon","arcs":[[-2463,-2568,-2464,-2359]],"properties":{"pop":6,"kn":"1315"}},{"type":"Polygon","arcs":[[-2468,-2574,7926,-2364]],"properties":{"pop":5,"kn":"1315"}},{"type":"Polygon","arcs":[[-7927,-2577,-2470,-2367]],"properties":{"pop":4,"kn":"1315"}},{"type":"Polygon","arcs":[[-2480,7927,-2482,-2380]],"properties":{"pop":3,"kn":"1315"}},{"type":"Polygon","arcs":[[-2493,7928,-2495,-7891]],"properties":{"pop":9,"kn":"1315"}},{"type":"Polygon","arcs":[[-2497,-2594,7929,-7892]],"properties":{"pop":4,"kn":"1315"}},{"type":"Polygon","arcs":[[-7930,-2597,7930,-2388]],"properties":{"pop":5,"kn":"1315"}},{"type":"Polygon","arcs":[[-7931,-2600,-2498,-2391]],"properties":{"pop":3,"kn":"1315"}},{"type":"Polygon","arcs":[[-2502,7931,-2503,-2399]],"properties":{"pop":15,"kn":"1315"}},{"type":"Polygon","arcs":[[-2510,-2613,-2512,-7894]],"properties":{"pop":3,"kn":"1315"}},{"type":"Polygon","arcs":[[-2514,-2618,7932,-2410]],"properties":{"pop":9,"kn":"1315"}},{"type":"Polygon","arcs":[[-7933,7933,7934]],"properties":{"pop":3,"kn":"1315"}},{"type":"Polygon","arcs":[[7935,7936,7937]],"properties":{"pop":0,"kn":"1382"}},{"type":"Polygon","arcs":[[7938,7939,7940,7941]],"properties":{"pop":3,"kn":"1382"}},{"type":"Polygon","arcs":[[-7941,7942,-2515,-7899]],"properties":{"pop":3,"kn":"1382"}},{"type":"Polygon","arcs":[[7943,7944,7945,-7906]],"properties":{"pop":9,"kn":"1382"}},{"type":"Polygon","arcs":[[-7946,7946,7947,-7908]],"properties":{"pop":6,"kn":"1382"}},{"type":"Polygon","arcs":[[-7948,7948,7949,7950]],"properties":{"pop":22,"kn":"1382"}},{"type":"Polygon","arcs":[[-7950,-2622,7951,-7912]],"properties":{"pop":6,"kn":"1382"}},{"type":"Polygon","arcs":[[-7952,7952,7953,-7914]],"properties":{"pop":21,"kn":"1382"}},{"type":"Polygon","arcs":[[7954,7955,-2519,-7920]],"properties":{"pop":3,"kn":"1382"}},{"type":"Polygon","arcs":[[-2528,-2632,-2529,-2424]],"properties":{"pop":8,"kn":"1382"}},{"type":"Polygon","arcs":[[-2531,-2637,7956,-2428]],"properties":{"pop":3,"kn":"1382"}},{"type":"Polygon","arcs":[[-7957,-2640,-2532,-7922]],"properties":{"pop":5,"kn":"1382"}},{"type":"Polygon","arcs":[[-2556,-2665,7957,-7924]],"properties":{"pop":8,"kn":"1315"}},{"type":"Polygon","arcs":[[-7958,7958,-2557,-7926]],"properties":{"pop":9,"kn":"1315"}},{"type":"Polygon","arcs":[[-2570,7959,-2571,-2467]],"properties":{"pop":4,"kn":"1315"}},{"type":"Polygon","arcs":[[-2576,7960,-2578,-2471]],"properties":{"pop":6,"kn":"1315"}},{"type":"Polygon","arcs":[[-2584,-2689,7961,-2479]],"properties":{"pop":6,"kn":"1315"}},{"type":"Polygon","arcs":[[-7962,7962,-2585,-7928]],"properties":{"pop":27,"kn":"1315"}},{"type":"Polygon","arcs":[[-2587,-2695,7963,-2486]],"properties":{"pop":6,"kn":"1315"}},{"type":"Polygon","arcs":[[-7964,-2698,-2588,-2489]],"properties":{"pop":8,"kn":"1315"}},{"type":"Polygon","arcs":[[-2590,-2703,7964,-7929]],"properties":{"pop":0,"kn":"1315"}},{"type":"Polygon","arcs":[[-7965,-2706,-2591,-2496]],"properties":{"pop":3,"kn":"1315"}},{"type":"Polygon","arcs":[[-2604,-2714,-2605,-7932]],"properties":{"pop":13,"kn":"1315"}},{"type":"Polygon","arcs":[[-2607,-2719,-2608,-2507]],"properties":{"pop":6,"kn":"1315"}},{"type":"Polygon","arcs":[[-2617,7965,7966,-7934]],"properties":{"pop":12,"kn":"1315"}},{"type":"Polygon","arcs":[[7967,7968,7969,-7936]],"properties":{"pop":16,"kn":"1382"}},{"type":"Polygon","arcs":[[7970,7971,7972,-7940]],"properties":{"pop":7,"kn":"1382"}},{"type":"Polygon","arcs":[[-7973,7973,7974,-7943]],"properties":{"pop":11,"kn":"1382"}},{"type":"Polygon","arcs":[[-7975,7975,7976,-2516]],"properties":{"pop":21,"kn":"1382"}},{"type":"Polygon","arcs":[[-7977,7977,7978,7979]],"properties":{"pop":0,"kn":"1382"}},{"type":"Polygon","arcs":[[-7979,7980,7981,-7945]],"properties":{"pop":6,"kn":"1382"}},{"type":"Polygon","arcs":[[7982,7983,-2619,-7949]],"properties":{"pop":11,"kn":"1382"}},{"type":"Polygon","arcs":[[7984,-2731,7985,7986]],"properties":{"pop":12,"kn":"1382"}},{"type":"Polygon","arcs":[[7987,-2735,-2623,-2520]],"properties":{"pop":8,"kn":"1382"}},{"type":"Polygon","arcs":[[-2664,7988,7989,-7959]],"properties":{"pop":6,"kn":"1315"}},{"type":"Polygon","arcs":[[-7990,7990,7991,-2558]],"properties":{"pop":12,"kn":"1315"}},{"type":"Polygon","arcs":[[-7992,7992,-2666,-2560]],"properties":{"pop":7,"kn":"1315"}},{"type":"Polygon","arcs":[[-2674,7993,-2675,-7960]],"properties":{"pop":10,"kn":"1315"}},{"type":"Polygon","arcs":[[-2679,-2784,-2680,-7961]],"properties":{"pop":3,"kn":"1315"}},{"type":"Polygon","arcs":[[-2688,-2795,-2690,-7963]],"properties":{"pop":6,"kn":"1315"}},{"type":"Polygon","arcs":[[-2710,-2811,7994,-2598]],"properties":{"pop":3,"kn":"1315"}},{"type":"Polygon","arcs":[[-7995,-2814,7995,-2601]],"properties":{"pop":8,"kn":"1315"}},{"type":"Polygon","arcs":[[-7996,-2817,-2711,-2603]],"properties":{"pop":4,"kn":"1315"}},{"type":"Polygon","arcs":[[-2721,-2826,7996,-2611]],"properties":{"pop":0,"kn":"1315"}},{"type":"Polygon","arcs":[[-7997,7997,-2722,-2614]],"properties":{"pop":0,"kn":"1315"}},{"type":"Polygon","arcs":[[7998,7999,8000]],"properties":{"pop":0,"kn":"1382"}},{"type":"Polygon","arcs":[[8001,8002,8003,-7969]],"properties":{"pop":18,"kn":"1382"}},{"type":"Polygon","arcs":[[8004,8005,8006,8007]],"properties":{"pop":18,"kn":"1382"}},{"type":"Polygon","arcs":[[8008,8009,8010,-7972]],"properties":{"pop":14,"kn":"1382"}},{"type":"Polygon","arcs":[[-8011,8011,8012,-7974]],"properties":{"pop":13,"kn":"1382"}},{"type":"Polygon","arcs":[[8013,8014,8015,-7978]],"properties":{"pop":14,"kn":"1382"}},{"type":"Polygon","arcs":[[-8016,8016,8017,-7981]],"properties":{"pop":3,"kn":"1382"}},{"type":"Polygon","arcs":[[-8018,-2836,8018,8019]],"properties":{"pop":4,"kn":"1382"}},{"type":"Polygon","arcs":[[-8019,8020,8021,-7984]],"properties":{"pop":21,"kn":"1382"}},{"type":"Polygon","arcs":[[-8022,-2840,8022,-2620]],"properties":{"pop":24,"kn":"1382"}},{"type":"Polygon","arcs":[[-8023,-2843,8023,8024]],"properties":{"pop":10,"kn":"1382"}},{"type":"Polygon","arcs":[[-8024,-2846,-2728,8025]],"properties":{"pop":3,"kn":"1382"}},{"type":"Polygon","arcs":[[-2730,8026,-2732,8027]],"properties":{"pop":11,"kn":"1382"}},{"type":"Polygon","arcs":[[-2741,-2859,-2742,-2630]],"properties":{"pop":6,"kn":"1382"}},{"type":"Polygon","arcs":[[8028,-2891,8029,-7991]],"properties":{"pop":19,"kn":"1315"}},{"type":"Polygon","arcs":[[-8030,8030,8031,-7993]],"properties":{"pop":5,"kn":"1315"}},{"type":"Polygon","arcs":[[-8032,8032,8033,-2667]],"properties":{"pop":3,"kn":"1315"}},{"type":"Polygon","arcs":[[-8034,-2895,-2773,-2669]],"properties":{"pop":7,"kn":"1315"}},{"type":"Polygon","arcs":[[-2777,8034,-2778,-7994]],"properties":{"pop":6,"kn":"1315"}},{"type":"Polygon","arcs":[[-2780,-2904,-2781,-2678]],"properties":{"pop":3,"kn":"1315"}},{"type":"Polygon","arcs":[[-2797,8035,-2798,-2693]],"properties":{"pop":4,"kn":"1315"}},{"type":"Polygon","arcs":[[-2800,8036,-2801,-2699]],"properties":{"pop":10,"kn":"1315"}},{"type":"Polygon","arcs":[[-2807,-2923,-2808,-2709]],"properties":{"pop":0,"kn":"1315"}},{"type":"Polygon","arcs":[[-2816,8037,-2818,-2712]],"properties":{"pop":17,"kn":"1315"}},{"type":"Polygon","arcs":[[-2820,8038,-2821,-2717]],"properties":{"pop":17,"kn":"1315"}},{"type":"Polygon","arcs":[[-2825,-2935,-2827,-7998]],"properties":{"pop":4,"kn":"1315"}},{"type":"Polygon","arcs":[[-2831,-2942,8039,-2726]],"properties":{"pop":11,"kn":"1315"}},{"type":"Polygon","arcs":[[8040,8041]],"properties":{"pop":3,"kn":"1382"}},{"type":"Polygon","arcs":[[8042,8043,8044,8045]],"properties":{"pop":18,"kn":"1382"}},{"type":"Polygon","arcs":[[8046,8047,8048,-8003]],"properties":{"pop":16,"kn":"1382"}},{"type":"Polygon","arcs":[[-8049,-2948,8049,8050]],"properties":{"pop":8,"kn":"1382"}},{"type":"Polygon","arcs":[[-8050,-2951,8051,-8006]],"properties":{"pop":5,"kn":"1382"}},{"type":"Polygon","arcs":[[-8052,8052,8053,8054]],"properties":{"pop":9,"kn":"1382"}},{"type":"Polygon","arcs":[[8055,8056,8057,8058]],"properties":{"pop":17,"kn":"1382"}},{"type":"Polygon","arcs":[[-8058,8059,8060,8061]],"properties":{"pop":12,"kn":"1382"}},{"type":"Polygon","arcs":[[-8061,8062,8063,8064]],"properties":{"pop":3,"kn":"1382"}},{"type":"Polygon","arcs":[[8065,8066,8067,8068]],"properties":{"pop":15,"kn":"1382"}},{"type":"Polygon","arcs":[[-8068,8069,8070,-8015]],"properties":{"pop":10,"kn":"1382"}},{"type":"Polygon","arcs":[[-8071,8071,-2833,-8017]],"properties":{"pop":18,"kn":"1382"}},{"type":"Polygon","arcs":[[-2835,8072,-2837,-8021]],"properties":{"pop":9,"kn":"1382"}},{"type":"Polygon","arcs":[[-2851,-2962,-2852,-2736]],"properties":{"pop":9,"kn":"1382"}},{"type":"Polygon","arcs":[[-2877,-2984,-2878,-2761]],"properties":{"pop":3,"kn":"1315"}},{"type":"Polygon","arcs":[[-2880,-2988,-2881,-2765]],"properties":{"pop":0,"kn":"1315"}},{"type":"Polygon","arcs":[[-2890,8073,8074,-8031]],"properties":{"pop":8,"kn":"1315"}},{"type":"Polygon","arcs":[[-8075,8075,-2892,-8033]],"properties":{"pop":17,"kn":"1315"}},{"type":"Polygon","arcs":[[-2894,-2998,-2896,-2774]],"properties":{"pop":5,"kn":"1315"}},{"type":"Polygon","arcs":[[-2898,-3002,-2899,-8035]],"properties":{"pop":0,"kn":"1315"}},{"type":"Polygon","arcs":[[-2903,8076,8077,-2782]],"properties":{"pop":3,"kn":"1315"}},{"type":"Polygon","arcs":[[-8078,8078,8079,-2785]],"properties":{"pop":11,"kn":"1315"}},{"type":"Polygon","arcs":[[-8080,-3006,8080,-2787]],"properties":{"pop":14,"kn":"1315"}},{"type":"Polygon","arcs":[[-8081,8081,-2905,-2789]],"properties":{"pop":8,"kn":"1315"}},{"type":"Polygon","arcs":[[-2907,-3012,-2908,-2793]],"properties":{"pop":0,"kn":"1315"}},{"type":"Polygon","arcs":[[-2910,-3017,-2911,-8036]],"properties":{"pop":3,"kn":"1315"}},{"type":"Polygon","arcs":[[8082,8083,8084,-8039]],"properties":{"pop":12,"kn":"1315"}},{"type":"Polygon","arcs":[[-8085,-3033,-2930,-2822]],"properties":{"pop":10,"kn":"1315"}},{"type":"Polygon","arcs":[[8085,8086,8087,8088]],"properties":{"pop":21,"kn":"1382"}},{"type":"Polygon","arcs":[[-2950,8089,8090,-8053]],"properties":{"pop":10,"kn":"1382"}},{"type":"Polygon","arcs":[[-8091,-3054,8091,8092]],"properties":{"pop":4,"kn":"1382"}},{"type":"Polygon","arcs":[[-8092,8093,8094,-8057]],"properties":{"pop":3,"kn":"1382"}},{"type":"Polygon","arcs":[[-8095,8095,8096,-8060]],"properties":{"pop":6,"kn":"1382"}},{"type":"Polygon","arcs":[[8097,8098,8099,8100]],"properties":{"pop":8,"kn":"1382"}},{"type":"Polygon","arcs":[[-8100,8101,8102,8103]],"properties":{"pop":23,"kn":"1382"}},{"type":"Polygon","arcs":[[-8103,8104,8105,-8067]],"properties":{"pop":24,"kn":"1382"}},{"type":"Polygon","arcs":[[8106,8107,8108,-8072]],"properties":{"pop":19,"kn":"1382"}},{"type":"Polygon","arcs":[[-8109,8109,8110,-2834]],"properties":{"pop":4,"kn":"1382"}},{"type":"Polygon","arcs":[[-8111,8111,8112,-8073]],"properties":{"pop":5,"kn":"1382"}},{"type":"Polygon","arcs":[[-8113,8113,8114,-2838]],"properties":{"pop":13,"kn":"1382"}},{"type":"Polygon","arcs":[[-8115,8115,8116,-2841]],"properties":{"pop":13,"kn":"1382"}},{"type":"Polygon","arcs":[[-8117,8117,-2952,-2844]],"properties":{"pop":3,"kn":"1382"}},{"type":"Polygon","arcs":[[-2964,8118,8119,-2855]],"properties":{"pop":0,"kn":"1382"}},{"type":"Polygon","arcs":[[-8120,8120,-2965,-2857]],"properties":{"pop":3,"kn":"1382"}},{"type":"Polygon","arcs":[[-2969,-3073,-2970,-2864]],"properties":{"pop":9,"kn":"1382"}},{"type":"Polygon","arcs":[[-2972,-3078,-2973,-2868]],"properties":{"pop":3,"kn":"1382"}},{"type":"Polygon","arcs":[[-2983,-3090,-2985,-2879]],"properties":{"pop":0,"kn":"1315"}},{"type":"Polygon","arcs":[[-2992,-3098,8121,-2886]],"properties":{"pop":6,"kn":"1315"}},{"type":"Polygon","arcs":[[8122,8123,8124,-8074]],"properties":{"pop":18,"kn":"1315"}},{"type":"Polygon","arcs":[[-8125,8125,-2993,-8076]],"properties":{"pop":12,"kn":"1315"}},{"type":"Polygon","arcs":[[-2997,8126,-2999,-2897]],"properties":{"pop":3,"kn":"1315"}},{"type":"Polygon","arcs":[[-3001,8127,8128,-2900]],"properties":{"pop":3,"kn":"1315"}},{"type":"Polygon","arcs":[[-8129,-3102,8129,-2902]],"properties":{"pop":18,"kn":"1315"}},{"type":"Polygon","arcs":[[-8130,-3105,8130,-8077]],"properties":{"pop":5,"kn":"1315"}},{"type":"Polygon","arcs":[[-8131,8131,-3003,-8079]],"properties":{"pop":12,"kn":"1315"}},{"type":"Polygon","arcs":[[-3005,8132,-3007,-8082]],"properties":{"pop":4,"kn":"1315"}},{"type":"Polygon","arcs":[[-3024,-3120,-3025,-2917]],"properties":{"pop":4,"kn":"1315"}},{"type":"Polygon","arcs":[[-3029,8133,8134,-2924]],"properties":{"pop":6,"kn":"1315"}},{"type":"Polygon","arcs":[[-8135,-3128,8135,-2926]],"properties":{"pop":12,"kn":"1315"}},{"type":"Polygon","arcs":[[-8136,8136,8137,-2928]],"properties":{"pop":9,"kn":"1315"}},{"type":"Polygon","arcs":[[8138,8139,-3030,-8084]],"properties":{"pop":15,"kn":"1315"}},{"type":"Polygon","arcs":[[-3041,-3142,-3042,-2940]],"properties":{"pop":3,"kn":"1315"}},{"type":"Polygon","arcs":[[8140,8141,-3048,8142]],"properties":{"pop":21,"kn":"1382"}},{"type":"Polygon","arcs":[[-3050,8143,8144,-2949]],"properties":{"pop":7,"kn":"1382"}},{"type":"Polygon","arcs":[[-8145,-3149,-3051,-8090]],"properties":{"pop":3,"kn":"1382"}},{"type":"Polygon","arcs":[[-3053,8145,8146,-8094]],"properties":{"pop":3,"kn":"1382"}},{"type":"Polygon","arcs":[[8147,8148,8149,-8102]],"properties":{"pop":0,"kn":"1382"}},{"type":"Polygon","arcs":[[-8150,8150,8151,-8105]],"properties":{"pop":10,"kn":"1382"}},{"type":"Polygon","arcs":[[-8152,8152,8153,8154]],"properties":{"pop":11,"kn":"1382"}},{"type":"Polygon","arcs":[[8155,8156,8157,-8110]],"properties":{"pop":8,"kn":"1382"}},{"type":"Polygon","arcs":[[-8158,8158,8159,-8112]],"properties":{"pop":3,"kn":"1382"}},{"type":"Polygon","arcs":[[-8160,-3157,8160,-8114]],"properties":{"pop":14,"kn":"1382"}},{"type":"Polygon","arcs":[[-8161,8161,8162,-8116]],"properties":{"pop":17,"kn":"1382"}},{"type":"Polygon","arcs":[[-8163,8163,-3055,-8118]],"properties":{"pop":3,"kn":"1382"}},{"type":"Polygon","arcs":[[-3065,-3167,8164,-8119]],"properties":{"pop":3,"kn":"1382"}},{"type":"Polygon","arcs":[[-8165,-3170,-3066,-8121]],"properties":{"pop":3,"kn":"1382"}},{"type":"Polygon","arcs":[[-3077,-3181,-3079,-2974]],"properties":{"pop":4,"kn":"1382"}},{"type":"Polygon","arcs":[[-3094,8165,-3095,-2991]],"properties":{"pop":7,"kn":"1315"}},{"type":"Polygon","arcs":[[8166,-3203,8167,-8127]],"properties":{"pop":4,"kn":"1315"}},{"type":"Polygon","arcs":[[-8168,-3206,8168,-3000]],"properties":{"pop":4,"kn":"1315"}},{"type":"Polygon","arcs":[[-8169,8169,-3099,-8128]],"properties":{"pop":4,"kn":"1315"}},{"type":"Polygon","arcs":[[-3104,-3213,-3106,-8132]],"properties":{"pop":7,"kn":"1315"}},{"type":"Polygon","arcs":[[-3108,8170,8171,-8133]],"properties":{"pop":3,"kn":"1315"}},{"type":"Polygon","arcs":[[-8172,8172,8173,-3008]],"properties":{"pop":11,"kn":"1315"}},{"type":"Polygon","arcs":[[-8174,8174,8175,-3010]],"properties":{"pop":23,"kn":"1315"}},{"type":"Polygon","arcs":[[-3124,8176,-3125,-8134]],"properties":{"pop":3,"kn":"1315"}},{"type":"Polygon","arcs":[[-3127,-3229,8177,-8137]],"properties":{"pop":4,"kn":"1315"}},{"type":"Polygon","arcs":[[-8178,8178,8179,8180]],"properties":{"pop":3,"kn":"1315"}},{"type":"Polygon","arcs":[[-8180,8181,8182,8183]],"properties":{"pop":11,"kn":"1315"}},{"type":"Polygon","arcs":[[-8183,8184,-3129,-8140]],"properties":{"pop":23,"kn":"1315"}},{"type":"Polygon","arcs":[[-3141,8185,8186,-3043]],"properties":{"pop":4,"kn":"1315"}},{"type":"Polygon","arcs":[[8187,8188,8189,8190]],"properties":{"pop":17,"kn":"1382"}},{"type":"Polygon","arcs":[[8191,8192,8193,-8142]],"properties":{"pop":5,"kn":"1382"}},{"type":"Polygon","arcs":[[-8194,8194,8195,-3049]],"properties":{"pop":14,"kn":"1382"}},{"type":"Polygon","arcs":[[-8196,8196,-3146,-8144]],"properties":{"pop":18,"kn":"1382"}},{"type":"Polygon","arcs":[[8197,8198,8199,-8146]],"properties":{"pop":8,"kn":"1382"}},{"type":"Polygon","arcs":[[-8200,8200,-3150,8201]],"properties":{"pop":16,"kn":"1382"}},{"type":"Polygon","arcs":[[-3152,8202,8203,8204]],"properties":{"pop":5,"kn":"1382"}},{"type":"Polygon","arcs":[[-8204,8205,8206,-8149]],"properties":{"pop":21,"kn":"1382"}},{"type":"Polygon","arcs":[[-8207,8207,8208,-8151]],"properties":{"pop":17,"kn":"1382"}},{"type":"Polygon","arcs":[[-8209,8209,8210,-8153]],"properties":{"pop":9,"kn":"1382"}},{"type":"Polygon","arcs":[[-8211,8211,8212,8213]],"properties":{"pop":4,"kn":"1382"}},{"type":"Polygon","arcs":[[-8213,8214,8215,-8157]],"properties":{"pop":24,"kn":"1382"}},{"type":"Polygon","arcs":[[-8216,8216,-3154,-8159]],"properties":{"pop":6,"kn":"1382"}},{"type":"Polygon","arcs":[[-3156,8217,8218,-8162]],"properties":{"pop":6,"kn":"1382"}},{"type":"Polygon","arcs":[[-8219,8219,8220,-8164]],"properties":{"pop":16,"kn":"1382"}},{"type":"Polygon","arcs":[[-8221,8221,8222,-3056]],"properties":{"pop":3,"kn":"1382"}},{"type":"Polygon","arcs":[[-8223,8223,-3158,-3058]],"properties":{"pop":3,"kn":"1382"}},{"type":"Polygon","arcs":[[-3172,-3257,-3173,-3069]],"properties":{"pop":3,"kn":"1382"}},{"type":"Polygon","arcs":[[-3177,8224,-3178,-3076]],"properties":{"pop":5,"kn":"1315"}},{"type":"Polygon","arcs":[[-3180,-3267,8225,-3080]],"properties":{"pop":4,"kn":"1315"}},{"type":"Polygon","arcs":[[-8226,-3270,-3182,-3082]],"properties":{"pop":6,"kn":"1315"}},{"type":"Polygon","arcs":[[-3192,8226,8227,-8166]],"properties":{"pop":12,"kn":"1315"}},{"type":"Polygon","arcs":[[-8228,8228,8229,-3096]],"properties":{"pop":3,"kn":"1315"}},{"type":"Polygon","arcs":[[-8230,8230,8231,8232]],"properties":{"pop":3,"kn":"1315"}},{"type":"Polygon","arcs":[[-8232,8233,-3193,8234]],"properties":{"pop":14,"kn":"1315"}},{"type":"Polygon","arcs":[[-3198,8235,8236,8237]],"properties":{"pop":3,"kn":"1315"}},{"type":"Polygon","arcs":[[-8237,-3283,-3200,8238]],"properties":{"pop":9,"kn":"1315"}},{"type":"Polygon","arcs":[[-3205,8239,-3207,-8170]],"properties":{"pop":9,"kn":"1315"}},{"type":"Polygon","arcs":[[-3209,8240,-3210,-3103]],"properties":{"pop":3,"kn":"1315"}},{"type":"Polygon","arcs":[[8241,8242,8243,-8171]],"properties":{"pop":9,"kn":"1315"}},{"type":"Polygon","arcs":[[-8244,8244,8245,-8173]],"properties":{"pop":15,"kn":"1315"}},{"type":"Polygon","arcs":[[-8246,-3292,8246,-8175]],"properties":{"pop":7,"kn":"1315"}},{"type":"Polygon","arcs":[[-8247,-3295,8247,8248]],"properties":{"pop":4,"kn":"1315"}},{"type":"Polygon","arcs":[[-8248,8249,-3214,-3110]],"properties":{"pop":7,"kn":"1315"}},{"type":"Polygon","arcs":[[-3218,8250,8251,-3116]],"properties":{"pop":3,"kn":"1315"}},{"type":"Polygon","arcs":[[-8252,-3299,-3219,-3118]],"properties":{"pop":16,"kn":"1315"}},{"type":"Polygon","arcs":[[-3223,-3306,-3224,-8177]],"properties":{"pop":3,"kn":"1315"}},{"type":"Polygon","arcs":[[-3228,-3312,8252,-8179]],"properties":{"pop":0,"kn":"1315"}},{"type":"Polygon","arcs":[[-8253,-3315,8253,-8182]],"properties":{"pop":7,"kn":"1315"}},{"type":"Polygon","arcs":[[-8254,8254,-3230,-8185]],"properties":{"pop":14,"kn":"1315"}},{"type":"Polygon","arcs":[[-3236,-3325,-3237,-3136]],"properties":{"pop":0,"kn":"1315"}},{"type":"Polygon","arcs":[[-3239,-3328,8255,-3140]],"properties":{"pop":0,"kn":"1315"}},{"type":"Polygon","arcs":[[-8256,8256,-8186]],"properties":{"pop":3,"kn":"1315"}},{"type":"Polygon","arcs":[[8257,8258,8259,-8193]],"properties":{"pop":0,"kn":"1382"}},{"type":"Polygon","arcs":[[-8260,8260,8261,-8195]],"properties":{"pop":16,"kn":"1382"}},{"type":"Polygon","arcs":[[-8262,8262,8263,-8197]],"properties":{"pop":22,"kn":"1382"}},{"type":"Polygon","arcs":[[-8264,8264,8265,-3147]],"properties":{"pop":3,"kn":"1382"}},{"type":"Polygon","arcs":[[-8266,8266,8267,8268]],"properties":{"pop":10,"kn":"1382"}},{"type":"Polygon","arcs":[[-8268,8269,8270,-8199]],"properties":{"pop":18,"kn":"1382"}},{"type":"Polygon","arcs":[[-8271,-3332,8271,-8201]],"properties":{"pop":14,"kn":"1382"}},{"type":"Polygon","arcs":[[-8272,8272,8273,-3151]],"properties":{"pop":20,"kn":"1382"}},{"type":"Polygon","arcs":[[-8274,8274,8275,-8203]],"properties":{"pop":16,"kn":"1382"}},{"type":"Polygon","arcs":[[-8276,8276,8277,-8206]],"properties":{"pop":13,"kn":"1382"}},{"type":"Polygon","arcs":[[8278,8279,8280,-8210]],"properties":{"pop":24,"kn":"1382"}},{"type":"Polygon","arcs":[[-8281,8281,8282,-8212]],"properties":{"pop":3,"kn":"1382"}},{"type":"Polygon","arcs":[[8283,8284,8285,-8218]],"properties":{"pop":8,"kn":"1382"}},{"type":"Polygon","arcs":[[-8286,8286,8287,-8220]],"properties":{"pop":19,"kn":"1382"}},{"type":"Polygon","arcs":[[8288,-3336,-3242,-8224]],"properties":{"pop":17,"kn":"1382"}},{"type":"Polygon","arcs":[[-3261,8289,-3262,-8225]],"properties":{"pop":10,"kn":"1315"}},{"type":"Polygon","arcs":[[-3276,-3358,8290,-3189]],"properties":{"pop":6,"kn":"1315"}},{"type":"Polygon","arcs":[[-8291,8291,8292,-3191]],"properties":{"pop":3,"kn":"1315"}},{"type":"Polygon","arcs":[[-8293,8293,8294,-8227]],"properties":{"pop":5,"kn":"1315"}},{"type":"Polygon","arcs":[[-8295,8295,8296,-8229]],"properties":{"pop":0,"kn":"1315"}},{"type":"Polygon","arcs":[[-8297,-3362,8297,-8231]],"properties":{"pop":9,"kn":"1315"}},{"type":"Polygon","arcs":[[-8298,8298,8299,-8234]],"properties":{"pop":8,"kn":"1315"}},{"type":"Polygon","arcs":[[-8300,8300,-3277,-3194]],"properties":{"pop":12,"kn":"1315"}},{"type":"Polygon","arcs":[[-3279,-3368,-3280,-8236]],"properties":{"pop":10,"kn":"1315"}},{"type":"Polygon","arcs":[[-3285,-3374,8301,-3204]],"properties":{"pop":3,"kn":"1315"}},{"type":"Polygon","arcs":[[-8302,-3377,-3286,-8240]],"properties":{"pop":11,"kn":"1315"}},{"type":"Polygon","arcs":[[-3288,8302,8303,-8241]],"properties":{"pop":5,"kn":"1315"}},{"type":"Polygon","arcs":[[-8304,8304,8305,-3211]],"properties":{"pop":3,"kn":"1315"}},{"type":"Polygon","arcs":[[-8306,8306,8307,8308]],"properties":{"pop":4,"kn":"1315"}},{"type":"Polygon","arcs":[[-8308,8309,8310,-8243]],"properties":{"pop":3,"kn":"1315"}},{"type":"Polygon","arcs":[[-8311,-3381,-3289,-8245]],"properties":{"pop":4,"kn":"1315"}},{"type":"Polygon","arcs":[[-3294,8311,8312,-8250]],"properties":{"pop":6,"kn":"1315"}},{"type":"Polygon","arcs":[[-8313,8313,8314,-3215]],"properties":{"pop":0,"kn":"1315"}},{"type":"Polygon","arcs":[[-8315,8315,8316,-3217]],"properties":{"pop":3,"kn":"1315"}},{"type":"Polygon","arcs":[[-8317,8317,-3296,-8251]],"properties":{"pop":0,"kn":"1315"}},{"type":"Polygon","arcs":[[-3308,8318,-3309,-3227]],"properties":{"pop":14,"kn":"1315"}},{"type":"Polygon","arcs":[[-3314,-3394,-3316,-8255]],"properties":{"pop":31,"kn":"1315"}},{"type":"Polygon","arcs":[[-3324,-3403,-3326,-3238]],"properties":{"pop":4,"kn":"1315"}},{"type":"Polygon","arcs":[[8319,8320,8321,8322]],"properties":{"pop":21,"kn":"1382"}},{"type":"Polygon","arcs":[[-8322,8323,8324,8325]],"properties":{"pop":13,"kn":"1382"}},{"type":"Polygon","arcs":[[-8325,8326,8327,8328]],"properties":{"pop":27,"kn":"1382"}},{"type":"Polygon","arcs":[[-8328,8329,8330,-8259]],"properties":{"pop":17,"kn":"1382"}},{"type":"Polygon","arcs":[[-8331,8331,8332,-8261]],"properties":{"pop":0,"kn":"1382"}},{"type":"Polygon","arcs":[[8333,8334,8335,-8267]],"properties":{"pop":15,"kn":"1382"}},{"type":"Polygon","arcs":[[-3331,8336,8337,-8273]],"properties":{"pop":15,"kn":"1382"}},{"type":"Polygon","arcs":[[-8338,8338,8339,-8275]],"properties":{"pop":4,"kn":"1382"}},{"type":"Polygon","arcs":[[-8340,8340,8341,-8277]],"properties":{"pop":23,"kn":"1382"}},{"type":"Polygon","arcs":[[8342,8343,8344,-8280]],"properties":{"pop":26,"kn":"1382"}},{"type":"Polygon","arcs":[[-8345,8345,8346,-8282]],"properties":{"pop":17,"kn":"1382"}},{"type":"Polygon","arcs":[[8347,8348,-3333,8349]],"properties":{"pop":7,"kn":"1382"}},{"type":"Polygon","arcs":[[-3335,8350,8351,-3243]],"properties":{"pop":10,"kn":"1382"}},{"type":"Polygon","arcs":[[-8352,8352,-3337,-3245]],"properties":{"pop":12,"kn":"1382"}},{"type":"Polygon","arcs":[[-3341,-3411,-3342,-3251]],"properties":{"pop":6,"kn":"1382"}},{"type":"Polygon","arcs":[[-3344,-3415,8353,-3255]],"properties":{"pop":6,"kn":"1315"}},{"type":"Polygon","arcs":[[-8354,-3418,8354,-3258]],"properties":{"pop":16,"kn":"1315"}},{"type":"Polygon","arcs":[[-8355,8355,8356,-3260]],"properties":{"pop":4,"kn":"1315"}},{"type":"Polygon","arcs":[[-8357,8357,8358,-8290]],"properties":{"pop":0,"kn":"1315"}},{"type":"Polygon","arcs":[[-8359,8359,-3345,-3263]],"properties":{"pop":5,"kn":"1315"}},{"type":"Polygon","arcs":[[-3357,-3433,8360,-8292]],"properties":{"pop":8,"kn":"1315"}},{"type":"Polygon","arcs":[[-8361,-3436,8361,-8294]],"properties":{"pop":0,"kn":"1315"}},{"type":"Polygon","arcs":[[-8362,8362,-3359,-8296]],"properties":{"pop":4,"kn":"1315"}},{"type":"Polygon","arcs":[[-3361,8363,8364,-8299]],"properties":{"pop":0,"kn":"1315"}},{"type":"Polygon","arcs":[[-8365,8365,-3363,-8301]],"properties":{"pop":6,"kn":"1315"}},{"type":"Polygon","arcs":[[-3370,-3448,-3371,-3284]],"properties":{"pop":3,"kn":"1315"}},{"type":"Polygon","arcs":[[-3376,8366,8367,-3287]],"properties":{"pop":13,"kn":"1315"}},{"type":"Polygon","arcs":[[8368,8369,8370,-8307]],"properties":{"pop":16,"kn":"1315"}},{"type":"Polygon","arcs":[[-8371,-3456,-3378,-8310]],"properties":{"pop":11,"kn":"1315"}},{"type":"Polygon","arcs":[[-3380,8371,8372,-3290]],"properties":{"pop":3,"kn":"1315"}},{"type":"Polygon","arcs":[[-8373,8373,8374,-3293]],"properties":{"pop":19,"kn":"1315"}},{"type":"Polygon","arcs":[[-8375,-3460,8375,-8312]],"properties":{"pop":26,"kn":"1315"}},{"type":"Polygon","arcs":[[-8376,-3463,8376,-8314]],"properties":{"pop":5,"kn":"1315"}},{"type":"Polygon","arcs":[[-8377,8377,8378,-8316]],"properties":{"pop":4,"kn":"1315"}},{"type":"Polygon","arcs":[[-8379,-3467,8379,-8318]],"properties":{"pop":10,"kn":"1315"}},{"type":"Polygon","arcs":[[-8380,-3470,8380,-3297]],"properties":{"pop":5,"kn":"1315"}},{"type":"Polygon","arcs":[[-8381,8381,-3382,-3300]],"properties":{"pop":5,"kn":"1315"}},{"type":"Polygon","arcs":[[-3388,-3476,8382,-8319]],"properties":{"pop":0,"kn":"1315"}},{"type":"Polygon","arcs":[[-8383,-3479,-3389,-3310]],"properties":{"pop":4,"kn":"1315"}},{"type":"Polygon","arcs":[[-3393,-3485,-3395,-3317]],"properties":{"pop":5,"kn":"1315"}},{"type":"Polygon","arcs":[[8383,-3493,8384,-8321]],"properties":{"pop":29,"kn":"1382"}},{"type":"Polygon","arcs":[[8385,8386,8387,-8332]],"properties":{"pop":14,"kn":"1382"}},{"type":"Polygon","arcs":[[8388,8389,8390,8391]],"properties":{"pop":9,"kn":"1382"}},{"type":"Polygon","arcs":[[-8391,-3501,8392,-8335]],"properties":{"pop":8,"kn":"1382"}},{"type":"Polygon","arcs":[[-8393,-3504,8393,8394]],"properties":{"pop":24,"kn":"1382"}},{"type":"Polygon","arcs":[[-8394,8395,8396,-3330]],"properties":{"pop":9,"kn":"1382"}},{"type":"Polygon","arcs":[[-8397,8397,8398,-8337]],"properties":{"pop":8,"kn":"1382"}},{"type":"Polygon","arcs":[[8399,-3508,8400,-8341]],"properties":{"pop":15,"kn":"1382"}},{"type":"Polygon","arcs":[[8401,8402,8403,-8344]],"properties":{"pop":8,"kn":"1382"}},{"type":"Polygon","arcs":[[-8404,8404,8405,-8346]],"properties":{"pop":15,"kn":"1382"}},{"type":"Polygon","arcs":[[-8406,8406,8407,8408]],"properties":{"pop":20,"kn":"1382"}},{"type":"Polygon","arcs":[[-8408,8409,8410,8411]],"properties":{"pop":24,"kn":"1382"}},{"type":"Polygon","arcs":[[-8411,8412,8413,8414]],"properties":{"pop":15,"kn":"1382"}},{"type":"Polygon","arcs":[[-8414,8415,8416,8417]],"properties":{"pop":24,"kn":"1382"}},{"type":"Polygon","arcs":[[-8417,8418,8419,8420]],"properties":{"pop":17,"kn":"1382"}},{"type":"Polygon","arcs":[[-8420,-3515,8421,-8349]],"properties":{"pop":3,"kn":"1382"}},{"type":"Polygon","arcs":[[-8422,-3518,8422,-3334]],"properties":{"pop":18,"kn":"1382"}},{"type":"Polygon","arcs":[[-8423,-3521,8423,-8351]],"properties":{"pop":13,"kn":"1382"}},{"type":"Polygon","arcs":[[-8424,8424,-3404,-8353]],"properties":{"pop":16,"kn":"1382"}},{"type":"Polygon","arcs":[[-3410,-3529,-3412,-3343]],"properties":{"pop":7,"kn":"1382"}},{"type":"Polygon","arcs":[[-3417,-3536,8425,-8356]],"properties":{"pop":9,"kn":"1315"}},{"type":"Polygon","arcs":[[-8426,8426,8427,-8358]],"properties":{"pop":9,"kn":"1315"}},{"type":"Polygon","arcs":[[-8428,8428,-3419,-8360]],"properties":{"pop":3,"kn":"1315"}},{"type":"Polygon","arcs":[[-3423,-3543,-3424,-3350]],"properties":{"pop":6,"kn":"1315"}},{"type":"Polygon","arcs":[[-3435,-3554,-3437,-8363]],"properties":{"pop":3,"kn":"1315"}},{"type":"Polygon","arcs":[[-3444,8429,-3445,-3369]],"properties":{"pop":17,"kn":"1315"}},{"type":"Polygon","arcs":[[-3452,8430,8431,-8367]],"properties":{"pop":4,"kn":"1315"}},{"type":"Polygon","arcs":[[-3455,8432,8433,-3379]],"properties":{"pop":10,"kn":"1315"}},{"type":"Polygon","arcs":[[8434,-3573,-3457,-8374]],"properties":{"pop":7,"kn":"1315"}},{"type":"Polygon","arcs":[[-3469,8435,8436,-8382]],"properties":{"pop":7,"kn":"1315"}},{"type":"Polygon","arcs":[[-8437,-3585,8437,-3383]],"properties":{"pop":4,"kn":"1315"}},{"type":"Polygon","arcs":[[-8438,8438,-3471,-3385]],"properties":{"pop":27,"kn":"1315"}},{"type":"Polygon","arcs":[[-3481,-3596,-3482,-3392]],"properties":{"pop":20,"kn":"1315"}},{"type":"Polygon","arcs":[[-3487,-3603,-3488,-3398]],"properties":{"pop":0,"kn":"1315"}},{"type":"Polygon","arcs":[[8439,8440,8441,8442]],"properties":{"pop":10,"kn":"1382"}},{"type":"Polygon","arcs":[[-8442,8443,-3498,-8390]],"properties":{"pop":22,"kn":"1382"}},{"type":"Polygon","arcs":[[8444,8445,-3505,8446]],"properties":{"pop":16,"kn":"1382"}},{"type":"Polygon","arcs":[[8447,8448,8449,-8405]],"properties":{"pop":3,"kn":"1382"}},{"type":"Polygon","arcs":[[-8450,-3610,8450,-8407]],"properties":{"pop":8,"kn":"1382"}},{"type":"Polygon","arcs":[[-8451,8451,8452,-8410]],"properties":{"pop":9,"kn":"1382"}},{"type":"Polygon","arcs":[[-8453,8453,8454,-8413]],"properties":{"pop":3,"kn":"1382"}},{"type":"Polygon","arcs":[[-8455,8455,8456,-8416]],"properties":{"pop":15,"kn":"1382"}},{"type":"Polygon","arcs":[[-8457,-3614,-3512,-8419]],"properties":{"pop":8,"kn":"1382"}},{"type":"Polygon","arcs":[[8457,8458,-3522,-3405]],"properties":{"pop":4,"kn":"1382"}},{"type":"Polygon","arcs":[[-3535,8459,8460,-8427]],"properties":{"pop":3,"kn":"1315"}},{"type":"Polygon","arcs":[[-8461,8461,-3537,-8429]],"properties":{"pop":3,"kn":"1315"}},{"type":"Polygon","arcs":[[-3539,-3635,-3540,-3422]],"properties":{"pop":7,"kn":"1315"}},{"type":"Polygon","arcs":[[-3542,-3640,-3544,-3425]],"properties":{"pop":10,"kn":"1315"}},{"type":"Polygon","arcs":[[-3548,-3644,-3549,-3431]],"properties":{"pop":10,"kn":"1315"}},{"type":"Polygon","arcs":[[-3556,8462,8463,8464]],"properties":{"pop":3,"kn":"1315"}},{"type":"Polygon","arcs":[[-3561,-3652,-3562,-8430]],"properties":{"pop":3,"kn":"1315"}},{"type":"Polygon","arcs":[[-3566,-3659,8465,-3451]],"properties":{"pop":7,"kn":"1315"}},{"type":"Polygon","arcs":[[-8466,-3662,8466,-8431]],"properties":{"pop":10,"kn":"1315"}},{"type":"Polygon","arcs":[[-3569,-3671,8467,-8433]],"properties":{"pop":9,"kn":"1315"}},{"type":"Polygon","arcs":[[-3575,8468,-3576,-3461]],"properties":{"pop":18,"kn":"1315"}},{"type":"Polygon","arcs":[[-3581,8469,8470,-3468]],"properties":{"pop":4,"kn":"1315"}},{"type":"Polygon","arcs":[[-8471,-3683,-3582,-8436]],"properties":{"pop":4,"kn":"1315"}},{"type":"Polygon","arcs":[[-3584,-3687,-3586,-8439]],"properties":{"pop":3,"kn":"1315"}},{"type":"Polygon","arcs":[[-3588,-3691,-3589,-3474]],"properties":{"pop":3,"kn":"1315"}},{"type":"Polygon","arcs":[[8471,8472,8473,-3491]],"properties":{"pop":6,"kn":"1383"}},{"type":"Polygon","arcs":[[8474,8475,8476,8477]],"properties":{"pop":12,"kn":"1383"}},{"type":"Polygon","arcs":[[8478,-3706,8479,-8444]],"properties":{"pop":7,"kn":"1382"}},{"type":"Polygon","arcs":[[-8480,8480,8481,-3499]],"properties":{"pop":4,"kn":"1382"}},{"type":"Polygon","arcs":[[8482,8483,8484,8485]],"properties":{"pop":6,"kn":"1383"}},{"type":"Polygon","arcs":[[8486,8487,-3604,-8446]],"properties":{"pop":7,"kn":"1383"}},{"type":"Polygon","arcs":[[-3606,8488,8489,-3509]],"properties":{"pop":9,"kn":"1382"}},{"type":"Polygon","arcs":[[-8490,8490,8491,8492]],"properties":{"pop":13,"kn":"1382"}},{"type":"Polygon","arcs":[[-8492,8493,-3607,-8449]],"properties":{"pop":29,"kn":"1382"}},{"type":"Polygon","arcs":[[-3609,8494,8495,-8452]],"properties":{"pop":8,"kn":"1382"}},{"type":"Polygon","arcs":[[-8496,8496,8497,-8454]],"properties":{"pop":4,"kn":"1382"}},{"type":"Polygon","arcs":[[-8498,8498,-3611,-8456]],"properties":{"pop":11,"kn":"1382"}},{"type":"Polygon","arcs":[[-3620,8499,8500,8501]],"properties":{"pop":8,"kn":"1382"}},{"type":"Polygon","arcs":[[-8501,-3720,8502,-8459]],"properties":{"pop":0,"kn":"1382"}},{"type":"Polygon","arcs":[[-8503,-3723,-3621,-3523]],"properties":{"pop":4,"kn":"1382"}},{"type":"Polygon","arcs":[[-3629,-3734,8503,-3534]],"properties":{"pop":3,"kn":"1315"}},{"type":"Polygon","arcs":[[-8504,-3737,8504,-8460]],"properties":{"pop":10,"kn":"1315"}},{"type":"Polygon","arcs":[[-8505,-3740,-3630,-8462]],"properties":{"pop":9,"kn":"1315"}},{"type":"Polygon","arcs":[[-3639,-3748,8505,-3545]],"properties":{"pop":8,"kn":"1315"}},{"type":"Polygon","arcs":[[-8506,8506,-3641,-3547]],"properties":{"pop":10,"kn":"1315"}},{"type":"Polygon","arcs":[[-3646,8507,8508,-3552]],"properties":{"pop":9,"kn":"1315"}},{"type":"Polygon","arcs":[[-8509,8509,8510,-3555]],"properties":{"pop":4,"kn":"1315"}},{"type":"Polygon","arcs":[[-8511,8511,8512,-8463]],"properties":{"pop":12,"kn":"1315"}},{"type":"Polygon","arcs":[[-8513,8513,8514,8515]],"properties":{"pop":0,"kn":"1315"}},{"type":"Polygon","arcs":[[-8515,8516,-3647,-3558]],"properties":{"pop":7,"kn":"1315"}},{"type":"Polygon","arcs":[[-3673,8517,8518,-3571]],"properties":{"pop":16,"kn":"1315"}},{"type":"Polygon","arcs":[[-8519,8519,8520,-3574]],"properties":{"pop":8,"kn":"1315"}},{"type":"Polygon","arcs":[[-8521,8521,-3675,-8469]],"properties":{"pop":14,"kn":"1315"}},{"type":"Polygon","arcs":[[-3679,8522,-3680,-8470]],"properties":{"pop":8,"kn":"1315"}},{"type":"Polygon","arcs":[[-3682,8523,-3684,-3583]],"properties":{"pop":0,"kn":"1315"}},{"type":"Polygon","arcs":[[-3686,-3775,-3688,-3587]],"properties":{"pop":0,"kn":"1315"}},{"type":"Polygon","arcs":[[-3690,8524,-3692,-3590]],"properties":{"pop":8,"kn":"1315"}},{"type":"Polygon","arcs":[[-3696,-3781,8525,-3597]],"properties":{"pop":3,"kn":"1315"}},{"type":"Polygon","arcs":[[-8526,-3784,-3697,-3599]],"properties":{"pop":3,"kn":"1315"}},{"type":"Polygon","arcs":[[8526,8527,8528,8529]],"properties":{"pop":20,"kn":"1383"}},{"type":"Polygon","arcs":[[8530,8531,8532,8533]],"properties":{"pop":7,"kn":"1383"}},{"type":"Polygon","arcs":[[8534,8535,-3703,8536]],"properties":{"pop":13,"kn":"1383"}},{"type":"Polygon","arcs":[[-3705,8537,-3707,-8481]],"properties":{"pop":21,"kn":"1382"}},{"type":"Polygon","arcs":[[-3709,8538,8539,-8484]],"properties":{"pop":5,"kn":"1383"}},{"type":"Polygon","arcs":[[8540,8541,8542,-8488]],"properties":{"pop":3,"kn":"1383"}},{"type":"Polygon","arcs":[[-8543,8543,8544,-3605]],"properties":{"pop":3,"kn":"1382"}},{"type":"Polygon","arcs":[[-8545,8545,8546,-8489]],"properties":{"pop":3,"kn":"1382"}},{"type":"Polygon","arcs":[[-8547,8547,8548,-8491]],"properties":{"pop":4,"kn":"1382"}},{"type":"Polygon","arcs":[[-8549,8549,8550,-8494]],"properties":{"pop":16,"kn":"1382"}},{"type":"Polygon","arcs":[[-8551,8551,8552,-3608]],"properties":{"pop":18,"kn":"1382"}},{"type":"Polygon","arcs":[[-8553,8553,8554,-8495]],"properties":{"pop":4,"kn":"1382"}},{"type":"Polygon","arcs":[[-8555,8555,8556,-8497]],"properties":{"pop":0,"kn":"1382"}},{"type":"Polygon","arcs":[[-8557,8557,8558,-8499]],"properties":{"pop":21,"kn":"1382"}},{"type":"Polygon","arcs":[[-8559,8559,-3711,-3612]],"properties":{"pop":3,"kn":"1382"}},{"type":"Polygon","arcs":[[-3713,8560,-3714,-3617]],"properties":{"pop":4,"kn":"1382"}},{"type":"Polygon","arcs":[[-3716,8561,-3717,-8500]],"properties":{"pop":6,"kn":"1382"}},{"type":"Polygon","arcs":[[-3747,-3813,-3749,-8507]],"properties":{"pop":3,"kn":"1315"}},{"type":"Polygon","arcs":[[-3753,-3817,8562,-8508]],"properties":{"pop":11,"kn":"1315"}},{"type":"Polygon","arcs":[[-8563,-3820,8563,-8510]],"properties":{"pop":13,"kn":"1315"}},{"type":"Polygon","arcs":[[-8564,8564,8565,-8512]],"properties":{"pop":3,"kn":"1315"}},{"type":"Polygon","arcs":[[8566,8567,8568,-3648]],"properties":{"pop":4,"kn":"1315"}},{"type":"Polygon","arcs":[[-8569,-3823,8569,-3650]],"properties":{"pop":14,"kn":"1315"}},{"type":"Polygon","arcs":[[-8570,-3826,-3754,-3653]],"properties":{"pop":18,"kn":"1315"}},{"type":"Polygon","arcs":[[-3756,-3830,8570,-3657]],"properties":{"pop":4,"kn":"1315"}},{"type":"Polygon","arcs":[[-8571,8571,8572,-3660]],"properties":{"pop":15,"kn":"1315"}},{"type":"Polygon","arcs":[[-8573,8573,8574,8575]],"properties":{"pop":14,"kn":"1315"}},{"type":"Polygon","arcs":[[8576,8577,-3757,-3664]],"properties":{"pop":15,"kn":"1315"}},{"type":"Polygon","arcs":[[-3761,8578,8579,-3672]],"properties":{"pop":16,"kn":"1315"}},{"type":"Polygon","arcs":[[-8580,8580,8581,-8518]],"properties":{"pop":8,"kn":"1315"}},{"type":"Polygon","arcs":[[-8582,8582,8583,-8520]],"properties":{"pop":5,"kn":"1315"}},{"type":"Polygon","arcs":[[-8584,8584,-3762,-8522]],"properties":{"pop":10,"kn":"1315"}},{"type":"Polygon","arcs":[[-3766,-3846,-3767,-8523]],"properties":{"pop":9,"kn":"1315"}},{"type":"Polygon","arcs":[[-3769,-3850,-3770,-8524]],"properties":{"pop":7,"kn":"1315"}},{"type":"Polygon","arcs":[[-3777,-3859,8585,-8525]],"properties":{"pop":0,"kn":"1315"}},{"type":"Polygon","arcs":[[-8586,-3862,8586,-3693]],"properties":{"pop":3,"kn":"1315"}},{"type":"Polygon","arcs":[[-8587,-3865,-3778,-3695]],"properties":{"pop":0,"kn":"1315"}},{"type":"Polygon","arcs":[[8587,8588,8589,-8528]],"properties":{"pop":21,"kn":"1383"}},{"type":"Polygon","arcs":[[-8590,8590,8591,8592]],"properties":{"pop":9,"kn":"1383"}},{"type":"Polygon","arcs":[[-8592,8593,8594,-8532]],"properties":{"pop":29,"kn":"1383"}},{"type":"Polygon","arcs":[[-8595,8595,8596,8597]],"properties":{"pop":28,"kn":"1383"}},{"type":"Polygon","arcs":[[-8597,8598,8599,-8536]],"properties":{"pop":17,"kn":"1383"}},{"type":"Polygon","arcs":[[-8600,8600,8601,-3704]],"properties":{"pop":10,"kn":"1383"}},{"type":"Polygon","arcs":[[-8602,8602,8603,-8538]],"properties":{"pop":18,"kn":"1383"}},{"type":"Polygon","arcs":[[-8604,8604,8605,-3708]],"properties":{"pop":17,"kn":"1383"}},{"type":"Polygon","arcs":[[8606,8607,8608,8609]],"properties":{"pop":9,"kn":"1383"}},{"type":"Polygon","arcs":[[8610,8611,8612,-8544]],"properties":{"pop":6,"kn":"1383"}},{"type":"Polygon","arcs":[[-8613,-3875,8613,-8546]],"properties":{"pop":9,"kn":"1383"}},{"type":"Polygon","arcs":[[-8614,8614,8615,-8548]],"properties":{"pop":16,"kn":"1383"}},{"type":"Polygon","arcs":[[-8616,8616,8617,-8550]],"properties":{"pop":18,"kn":"1383"}},{"type":"Polygon","arcs":[[-8618,8618,8619,-8552]],"properties":{"pop":11,"kn":"1382"}},{"type":"Polygon","arcs":[[-8620,8620,8621,-8554]],"properties":{"pop":12,"kn":"1382"}},{"type":"Polygon","arcs":[[-8622,8622,8623,-8556]],"properties":{"pop":7,"kn":"1382"}},{"type":"Polygon","arcs":[[-8624,8624,8625,-8558]],"properties":{"pop":17,"kn":"1382"}},{"type":"Polygon","arcs":[[8626,8627,8628,-3712]],"properties":{"pop":16,"kn":"1382"}},{"type":"Polygon","arcs":[[-8629,8629,8630,-8561]],"properties":{"pop":4,"kn":"1382"}},{"type":"Polygon","arcs":[[-8631,-3879,8631,-3715]],"properties":{"pop":18,"kn":"1382"}},{"type":"Polygon","arcs":[[-8632,-3882,8632,-8562]],"properties":{"pop":7,"kn":"1382"}},{"type":"Polygon","arcs":[[-8633,8633,-3787,-3718]],"properties":{"pop":6,"kn":"1382"}},{"type":"Polygon","arcs":[[-3793,-3892,8634,-3728]],"properties":{"pop":3,"kn":"1382"}},{"type":"Polygon","arcs":[[-8635,8635,-3794,-3730]],"properties":{"pop":19,"kn":"1382"}},{"type":"Polygon","arcs":[[-3804,-3901,-3805,8636]],"properties":{"pop":3,"kn":"1315"}},{"type":"Polygon","arcs":[[-3812,-3910,8637,-3750]],"properties":{"pop":0,"kn":"1315"}},{"type":"Polygon","arcs":[[-8638,8638,-3814,-3752]],"properties":{"pop":3,"kn":"1315"}},{"type":"Polygon","arcs":[[-3819,-3916,8639,-8565]],"properties":{"pop":5,"kn":"1315"}},{"type":"Polygon","arcs":[[-8640,-3919,8640,8641]],"properties":{"pop":3,"kn":"1315"}},{"type":"Polygon","arcs":[[-8641,8642,8643,8644]],"properties":{"pop":13,"kn":"1315"}},{"type":"Polygon","arcs":[[-3825,-3922,-3827,-3755]],"properties":{"pop":3,"kn":"1315"}},{"type":"Polygon","arcs":[[-3829,8645,8646,-8572]],"properties":{"pop":4,"kn":"1315"}},{"type":"Polygon","arcs":[[-8647,8647,-3831,-8574]],"properties":{"pop":3,"kn":"1315"}},{"type":"Polygon","arcs":[[-3833,-3928,-3835,-8578]],"properties":{"pop":3,"kn":"1315"}},{"type":"Polygon","arcs":[[-3839,-3935,8648,-8579]],"properties":{"pop":7,"kn":"1315"}},{"type":"Polygon","arcs":[[-8649,8649,8650,-8581]],"properties":{"pop":3,"kn":"1315"}},{"type":"Polygon","arcs":[[-8651,8651,8652,-8583]],"properties":{"pop":17,"kn":"1315"}},{"type":"Polygon","arcs":[[-8653,8653,-3840,-8585]],"properties":{"pop":4,"kn":"1315"}},{"type":"Polygon","arcs":[[-3842,-3941,-3843,-3765]],"properties":{"pop":3,"kn":"1315"}},{"type":"Polygon","arcs":[[-3845,-3946,-3847,-3768]],"properties":{"pop":4,"kn":"1315"}},{"type":"Polygon","arcs":[[8654,8655,8656]],"properties":{"pop":3,"kn":"1383"}},{"type":"Polygon","arcs":[[8657,8658,8659,8660]],"properties":{"pop":3,"kn":"1383"}},{"type":"Polygon","arcs":[[-8660,8661,8662,-8589]],"properties":{"pop":14,"kn":"1383"}},{"type":"Polygon","arcs":[[-8663,8663,8664,-8591]],"properties":{"pop":4,"kn":"1383"}},{"type":"Polygon","arcs":[[8665,8666,8667,-8601]],"properties":{"pop":28,"kn":"1383"}},{"type":"Polygon","arcs":[[-8668,8668,8669,-8603]],"properties":{"pop":18,"kn":"1383"}},{"type":"Polygon","arcs":[[-8670,8670,8671,-8605]],"properties":{"pop":3,"kn":"1383"}},{"type":"Polygon","arcs":[[-8672,8672,8673,8674]],"properties":{"pop":15,"kn":"1383"}},{"type":"Polygon","arcs":[[-8674,-3969,8675,-8608]],"properties":{"pop":10,"kn":"1383"}},{"type":"Polygon","arcs":[[8676,8677,-3872,-8612]],"properties":{"pop":22,"kn":"1383"}},{"type":"Polygon","arcs":[[-3874,8678,8679,-8615]],"properties":{"pop":8,"kn":"1383"}},{"type":"Polygon","arcs":[[8680,-3976,8681,-8619]],"properties":{"pop":11,"kn":"1382"}},{"type":"Polygon","arcs":[[-8682,8682,8683,-8621]],"properties":{"pop":13,"kn":"1382"}},{"type":"Polygon","arcs":[[8684,8685,8686,8687]],"properties":{"pop":9,"kn":"1382"}},{"type":"Polygon","arcs":[[-8687,8688,8689,-8628]],"properties":{"pop":8,"kn":"1382"}},{"type":"Polygon","arcs":[[-3881,8690,-3883,-8634]],"properties":{"pop":3,"kn":"1382"}},{"type":"Polygon","arcs":[[-3891,-3997,8691,-8636]],"properties":{"pop":19,"kn":"1382"}},{"type":"Polygon","arcs":[[-8692,8692,-3893,-3795]],"properties":{"pop":6,"kn":"1382"}},{"type":"Polygon","arcs":[[-3897,-4001,8693,-3801]],"properties":{"pop":3,"kn":"1315"}},{"type":"Polygon","arcs":[[-8694,-4004,-3898,-3803]],"properties":{"pop":5,"kn":"1315"}},{"type":"Polygon","arcs":[[-3909,-4015,8694,-8639]],"properties":{"pop":5,"kn":"1315"}},{"type":"Polygon","arcs":[[-8695,8695,-3911,-3815]],"properties":{"pop":5,"kn":"1315"}},{"type":"Polygon","arcs":[[-3918,8696,8697,-8643]],"properties":{"pop":9,"kn":"1315"}},{"type":"Polygon","arcs":[[-3924,8698,8699,-8646]],"properties":{"pop":0,"kn":"1315"}},{"type":"Polygon","arcs":[[-8700,8700,8701,-8648]],"properties":{"pop":3,"kn":"1315"}},{"type":"Polygon","arcs":[[-8702,8702,-3925,-3832]],"properties":{"pop":3,"kn":"1315"}},{"type":"Polygon","arcs":[[8703,8704,-3936,-8654]],"properties":{"pop":15,"kn":"1315"}},{"type":"Polygon","arcs":[[-3950,-4045,-3951,-3853]],"properties":{"pop":3,"kn":"1315"}},{"type":"Polygon","arcs":[[-3959,-4049,-3960,-3866]],"properties":{"pop":0,"kn":"1315"}},{"type":"Polygon","arcs":[[-3962,-4053,8705,-3870]],"properties":{"pop":0,"kn":"1315"}},{"type":"Polygon","arcs":[[8706,8707,8708,-8662]],"properties":{"pop":7,"kn":"1383"}},{"type":"Polygon","arcs":[[8709,8710,8711,8712]],"properties":{"pop":0,"kn":"1383"}},{"type":"Polygon","arcs":[[8713,8714,8715,-8667]],"properties":{"pop":6,"kn":"1383"}},{"type":"Polygon","arcs":[[8716,-4060,8717,-8671]],"properties":{"pop":13,"kn":"1383"}},{"type":"Polygon","arcs":[[-8718,8718,-3966,-8673]],"properties":{"pop":8,"kn":"1383"}},{"type":"Polygon","arcs":[[-3968,8719,8720,8721]],"properties":{"pop":3,"kn":"1383"}},{"type":"Polygon","arcs":[[-8721,8722,-3970,-8678]],"properties":{"pop":0,"kn":"1383"}},{"type":"Polygon","arcs":[[-3972,8723,8724,-8679]],"properties":{"pop":9,"kn":"1383"}},{"type":"Polygon","arcs":[[-8725,8725,-3973,8726]],"properties":{"pop":10,"kn":"1382"}},{"type":"Polygon","arcs":[[-3975,8727,-3977,-8683]],"properties":{"pop":8,"kn":"1382"}},{"type":"Polygon","arcs":[[-3979,8728,8729,8730]],"properties":{"pop":24,"kn":"1382"}},{"type":"Polygon","arcs":[[-8730,8731,8732,-8686]],"properties":{"pop":15,"kn":"1382"}},{"type":"Polygon","arcs":[[-8733,8733,8734,-8689]],"properties":{"pop":9,"kn":"1382"}},{"type":"Polygon","arcs":[[-8735,-4064,-3981,8735]],"properties":{"pop":8,"kn":"1382"}},{"type":"Polygon","arcs":[[-3985,-4071,-3986,-8691]],"properties":{"pop":0,"kn":"1382"}},{"type":"Polygon","arcs":[[-3996,8736,8737,-8693]],"properties":{"pop":12,"kn":"1382"}},{"type":"Polygon","arcs":[[-8738,8738,8739,-3894]],"properties":{"pop":7,"kn":"1382"}},{"type":"Polygon","arcs":[[-8740,-4084,-3998,-3896]],"properties":{"pop":0,"kn":"1382"}},{"type":"Polygon","arcs":[[-4003,-4091,-4005,-3899]],"properties":{"pop":10,"kn":"1382"}},{"type":"Polygon","arcs":[[-4009,8740,-4010,-3906]],"properties":{"pop":0,"kn":"1382"}},{"type":"Polygon","arcs":[[-4014,8741,8742,-8696]],"properties":{"pop":0,"kn":"1315"}},{"type":"Polygon","arcs":[[-8743,8743,-4016,-3912]],"properties":{"pop":3,"kn":"1315"}},{"type":"Polygon","arcs":[[-4020,8744,8745,-8697]],"properties":{"pop":3,"kn":"1315"}},{"type":"Polygon","arcs":[[-4023,8746,8747,-8699]],"properties":{"pop":8,"kn":"1315"}},{"type":"Polygon","arcs":[[-8748,-4104,8748,-8701]],"properties":{"pop":21,"kn":"1315"}},{"type":"Polygon","arcs":[[-8749,8749,-4024,-8703]],"properties":{"pop":3,"kn":"1315"}},{"type":"Polygon","arcs":[[-4032,-4116,8750,8751]],"properties":{"pop":23,"kn":"1315"}},{"type":"Polygon","arcs":[[-8751,8752,8753,8754]],"properties":{"pop":13,"kn":"1315"}},{"type":"Polygon","arcs":[[-8754,8755,-4033,-8705]],"properties":{"pop":8,"kn":"1315"}},{"type":"Polygon","arcs":[[-4037,-4124,8756,-3942]],"properties":{"pop":0,"kn":"1315"}},{"type":"Polygon","arcs":[[-8757,8757,-4038,-3944]],"properties":{"pop":3,"kn":"1315"}},{"type":"Polygon","arcs":[[-4044,-4134,8758,-3952]],"properties":{"pop":5,"kn":"1315"}},{"type":"Polygon","arcs":[[-8759,-4137,8759,-3954]],"properties":{"pop":4,"kn":"1315"}},{"type":"Polygon","arcs":[[-8760,8760,8761,-3956]],"properties":{"pop":7,"kn":"1315"}},{"type":"Polygon","arcs":[[-8762,8762,-4046,-3958]],"properties":{"pop":11,"kn":"1315"}},{"type":"Polygon","arcs":[[8763,8764,8765,8766]],"properties":{"pop":4,"kn":"1383"}},{"type":"Polygon","arcs":[[8767,8768,8769,8770]],"properties":{"pop":11,"kn":"1383"}},{"type":"Polygon","arcs":[[-8770,8771,8772,-8715]],"properties":{"pop":10,"kn":"1383"}},{"type":"Polygon","arcs":[[-8773,8773,-4057,8774]],"properties":{"pop":5,"kn":"1383"}},{"type":"Polygon","arcs":[[-4059,8775,8776,-8719]],"properties":{"pop":0,"kn":"1383"}},{"type":"Polygon","arcs":[[-8777,8777,8778,-3967]],"properties":{"pop":0,"kn":"1383"}},{"type":"Polygon","arcs":[[-8779,8779,8780,-8720]],"properties":{"pop":11,"kn":"1383"}},{"type":"Polygon","arcs":[[-8781,8781,8782,-8723]],"properties":{"pop":3,"kn":"1383"}},{"type":"Polygon","arcs":[[-8783,8783,8784,-3971]],"properties":{"pop":3,"kn":"1383"}},{"type":"Polygon","arcs":[[-8785,8785,8786,-8724]],"properties":{"pop":0,"kn":"1382"}},{"type":"Polygon","arcs":[[-8787,8787,8788,-8726]],"properties":{"pop":10,"kn":"1382"}},{"type":"Polygon","arcs":[[-8789,8789,8790,-3974]],"properties":{"pop":19,"kn":"1382"}},{"type":"Polygon","arcs":[[-8791,8791,8792,-8728]],"properties":{"pop":11,"kn":"1382"}},{"type":"Polygon","arcs":[[8793,8794,8795,-8729]],"properties":{"pop":12,"kn":"1382"}},{"type":"Polygon","arcs":[[-4073,-4155,-4074,-3989]],"properties":{"pop":3,"kn":"1382"}},{"type":"Polygon","arcs":[[-4080,-4164,8796,-8737]],"properties":{"pop":3,"kn":"1382"}},{"type":"Polygon","arcs":[[-8797,-4167,-4081,-8739]],"properties":{"pop":0,"kn":"1382"}},{"type":"Polygon","arcs":[[-4095,-4181,8797,-8741]],"properties":{"pop":0,"kn":"1382"}},{"type":"Polygon","arcs":[[-8798,-4184,8798,-4011]],"properties":{"pop":10,"kn":"1382"}},{"type":"Polygon","arcs":[[-8799,-4187,8799,-4013]],"properties":{"pop":11,"kn":"1315"}},{"type":"Polygon","arcs":[[-8800,8800,8801,-8742]],"properties":{"pop":3,"kn":"1315"}},{"type":"Polygon","arcs":[[-8802,-4191,-4096,-8744]],"properties":{"pop":0,"kn":"1315"}},{"type":"Polygon","arcs":[[-4098,8802,8803,-4019]],"properties":{"pop":0,"kn":"1315"}},{"type":"Polygon","arcs":[[-8804,8804,-8745]],"properties":{"pop":7,"kn":"1315"}},{"type":"Polygon","arcs":[[-4100,-4196,-4101,-8747]],"properties":{"pop":8,"kn":"1315"}},{"type":"Polygon","arcs":[[-4103,8805,-4105,-8750]],"properties":{"pop":12,"kn":"1315"}},{"type":"Polygon","arcs":[[-4115,8806,8807,-8753]],"properties":{"pop":8,"kn":"1315"}},{"type":"Polygon","arcs":[[-8808,8808,-4117,-8756]],"properties":{"pop":4,"kn":"1315"}},{"type":"Polygon","arcs":[[-4123,8809,-4125,-8758]],"properties":{"pop":3,"kn":"1315"}},{"type":"Polygon","arcs":[[-4136,-4215,8810,-8761]],"properties":{"pop":4,"kn":"1315"}},{"type":"Polygon","arcs":[[-8811,-4218,8811,-8763]],"properties":{"pop":7,"kn":"1315"}},{"type":"Polygon","arcs":[[-8812,-4220,-4138,-4047]],"properties":{"pop":5,"kn":"1315"}},{"type":"Polygon","arcs":[[8812,8813,8814,8815]],"properties":{"pop":16,"kn":"1383"}},{"type":"Polygon","arcs":[[8816,8817,-4140,8818]],"properties":{"pop":28,"kn":"1383"}},{"type":"Polygon","arcs":[[-4142,8819,8820,8821]],"properties":{"pop":27,"kn":"1383"}},{"type":"Polygon","arcs":[[8822,8823,8824,-8772]],"properties":{"pop":10,"kn":"1383"}},{"type":"Polygon","arcs":[[-8825,8825,8826,-8774]],"properties":{"pop":11,"kn":"1383"}},{"type":"Polygon","arcs":[[8827,-4234,8828,-8778]],"properties":{"pop":12,"kn":"1383"}},{"type":"Polygon","arcs":[[-8829,-4237,8829,-8780]],"properties":{"pop":0,"kn":"1383"}},{"type":"Polygon","arcs":[[-8830,8830,8831,-8782]],"properties":{"pop":3,"kn":"1383"}},{"type":"Polygon","arcs":[[-8832,8832,8833,-8784]],"properties":{"pop":16,"kn":"1383"}},{"type":"Polygon","arcs":[[-8834,-4241,8834,-8786]],"properties":{"pop":5,"kn":"1383"}},{"type":"Polygon","arcs":[[-8835,-4244,8835,-8788]],"properties":{"pop":3,"kn":"1382"}},{"type":"Polygon","arcs":[[-8836,-4247,8836,-8790]],"properties":{"pop":21,"kn":"1382"}},{"type":"Polygon","arcs":[[8837,8838,8839,-8795]],"properties":{"pop":10,"kn":"1382"}},{"type":"Polygon","arcs":[[8840,8841,-4144,-4062]],"properties":{"pop":0,"kn":"1382"}},{"type":"Polygon","arcs":[[-4171,8842,-4172,-4087]],"properties":{"pop":0,"kn":"1382"}},{"type":"Polygon","arcs":[[-4186,8843,-4188,-8801]],"properties":{"pop":3,"kn":"1315"}},{"type":"Polygon","arcs":[[-4193,8844,-8803]],"properties":{"pop":6,"kn":"1315"}},{"type":"Polygon","arcs":[[-4195,-4287,8845,-4102]],"properties":{"pop":0,"kn":"1315"}},{"type":"Polygon","arcs":[[-8846,8846,8847,-8806]],"properties":{"pop":18,"kn":"1315"}},{"type":"Polygon","arcs":[[-8848,8848,8849,-4106]],"properties":{"pop":0,"kn":"1315"}},{"type":"Polygon","arcs":[[-8850,8850,8851,-4108]],"properties":{"pop":10,"kn":"1315"}},{"type":"Polygon","arcs":[[-8852,-4291,-4197,-4110]],"properties":{"pop":11,"kn":"1315"}},{"type":"Polygon","arcs":[[-4199,-4296,8852,-4114]],"properties":{"pop":4,"kn":"1315"}},{"type":"Polygon","arcs":[[-8853,8853,8854,-8807]],"properties":{"pop":5,"kn":"1315"}},{"type":"Polygon","arcs":[[-8855,8855,8856,-8809]],"properties":{"pop":4,"kn":"1315"}},{"type":"Polygon","arcs":[[-8857,-4300,-4200,-4118]],"properties":{"pop":11,"kn":"1315"}},{"type":"Polygon","arcs":[[-4204,8857,8858,-8810]],"properties":{"pop":0,"kn":"1315"}},{"type":"Polygon","arcs":[[-8859,-4307,-4205,-4126]],"properties":{"pop":7,"kn":"1315"}},{"type":"Polygon","arcs":[[-4211,-4311,-4212,-4135]],"properties":{"pop":0,"kn":"1315"}},{"type":"Polygon","arcs":[[8859,8860,8861,-8814]],"properties":{"pop":33,"kn":"1383"}},{"type":"Polygon","arcs":[[-8862,8862,-4227,8863]],"properties":{"pop":20,"kn":"1383"}},{"type":"Polygon","arcs":[[-4229,8864,8865,8866]],"properties":{"pop":12,"kn":"1383"}},{"type":"Polygon","arcs":[[8867,8868,8869,-4141]],"properties":{"pop":13,"kn":"1383"}},{"type":"Polygon","arcs":[[8870,8871,8872,-8824]],"properties":{"pop":16,"kn":"1383"}},{"type":"Polygon","arcs":[[-8873,8873,8874,-8826]],"properties":{"pop":7,"kn":"1383"}},{"type":"Polygon","arcs":[[8875,-4323,-4231,8876]],"properties":{"pop":0,"kn":"1383"}},{"type":"Polygon","arcs":[[-4236,-4330,8877,-8831]],"properties":{"pop":15,"kn":"1383"}},{"type":"Polygon","arcs":[[-8878,-4333,-4238,-8833]],"properties":{"pop":19,"kn":"1383"}},{"type":"Polygon","arcs":[[-4246,8878,8879,8880]],"properties":{"pop":8,"kn":"1382"}},{"type":"Polygon","arcs":[[8881,8882,8883,-8839]],"properties":{"pop":18,"kn":"1382"}},{"type":"Polygon","arcs":[[-4250,-4339,-4252,-8842]],"properties":{"pop":0,"kn":"1382"}},{"type":"Polygon","arcs":[[-4262,-4350,-4263,-4156]],"properties":{"pop":0,"kn":"1382"}},{"type":"Polygon","arcs":[[-4271,8884,-4272,-4168]],"properties":{"pop":6,"kn":"1382"}},{"type":"Polygon","arcs":[[-4274,8885,8886,-8843]],"properties":{"pop":23,"kn":"1382"}},{"type":"Polygon","arcs":[[-8887,8887,8888,-4173]],"properties":{"pop":6,"kn":"1382"}},{"type":"Polygon","arcs":[[-8889,8889,8890,-4175]],"properties":{"pop":8,"kn":"1382"}},{"type":"Polygon","arcs":[[-8891,-4365,8891,-4177]],"properties":{"pop":0,"kn":"1382"}},{"type":"Polygon","arcs":[[-8892,8892,-4275,-4179]],"properties":{"pop":4,"kn":"1382"}},{"type":"Polygon","arcs":[[-4279,-4371,-4280,-8844]],"properties":{"pop":9,"kn":"1315"}},{"type":"Polygon","arcs":[[-4286,8893,8894,-8847]],"properties":{"pop":0,"kn":"1315"}},{"type":"Polygon","arcs":[[-4295,-4388,8895,-8854]],"properties":{"pop":8,"kn":"1315"}},{"type":"Polygon","arcs":[[-8896,8896,-4297,-8856]],"properties":{"pop":10,"kn":"1315"}},{"type":"Polygon","arcs":[[-4299,8897,-4301,-4201]],"properties":{"pop":3,"kn":"1315"}},{"type":"Polygon","arcs":[[-4303,-4397,-4304,-8858]],"properties":{"pop":4,"kn":"1315"}},{"type":"Polygon","arcs":[[-4306,8898,8899,-4206]],"properties":{"pop":6,"kn":"1315"}},{"type":"Polygon","arcs":[[-8900,8900,8901,-4208]],"properties":{"pop":0,"kn":"1315"}},{"type":"Polygon","arcs":[[-8902,8902,-4308,-4210]],"properties":{"pop":0,"kn":"1315"}},{"type":"Polygon","arcs":[[8903,8904,8905,-8869]],"properties":{"pop":17,"kn":"1383"}},{"type":"Polygon","arcs":[[-8906,8906,-4316,8907]],"properties":{"pop":21,"kn":"1383"}},{"type":"Polygon","arcs":[[-4318,8908,8909,-8872]],"properties":{"pop":3,"kn":"1383"}},{"type":"Polygon","arcs":[[-8910,-4406,8910,-8874]],"properties":{"pop":8,"kn":"1383"}},{"type":"Polygon","arcs":[[-8911,-4409,-4320,8911]],"properties":{"pop":7,"kn":"1383"}},{"type":"Polygon","arcs":[[-4332,-4419,8912,-4239]],"properties":{"pop":3,"kn":"1383"}},{"type":"Polygon","arcs":[[-8913,-4422,8913,-4242]],"properties":{"pop":3,"kn":"1382"}},{"type":"Polygon","arcs":[[-8914,8914,8915,-4245]],"properties":{"pop":8,"kn":"1382"}},{"type":"Polygon","arcs":[[-8916,8916,8917,-8879]],"properties":{"pop":8,"kn":"1382"}},{"type":"Polygon","arcs":[[-8918,8918,8919,8920]],"properties":{"pop":5,"kn":"1382"}},{"type":"Polygon","arcs":[[-8920,8921,8922,-8883]],"properties":{"pop":5,"kn":"1382"}},{"type":"Polygon","arcs":[[-8923,8923,-4334,8924]],"properties":{"pop":18,"kn":"1382"}},{"type":"Polygon","arcs":[[-4341,8925,-4342,-4255]],"properties":{"pop":3,"kn":"1382"}},{"type":"Polygon","arcs":[[-4346,8926,-4347,-4261]],"properties":{"pop":0,"kn":"1382"}},{"type":"Polygon","arcs":[[-4358,-4441,-4359,-8885]],"properties":{"pop":5,"kn":"1382"}},{"type":"Polygon","arcs":[[-4361,-4445,8927,-8886]],"properties":{"pop":5,"kn":"1382"}},{"type":"Polygon","arcs":[[-8928,8928,8929,-8888]],"properties":{"pop":3,"kn":"1382"}},{"type":"Polygon","arcs":[[-8930,-4449,-4362,-8890]],"properties":{"pop":3,"kn":"1382"}},{"type":"Polygon","arcs":[[-4364,8930,8931,-8893]],"properties":{"pop":5,"kn":"1382"}},{"type":"Polygon","arcs":[[-8932,8932,-4366,-4276]],"properties":{"pop":3,"kn":"1382"}},{"type":"Polygon","arcs":[[8933,-4376,-8894]],"properties":{"pop":0,"kn":"1315"}},{"type":"Polygon","arcs":[[-4378,8934,-4380,8935]],"properties":{"pop":11,"kn":"1315"}},{"type":"Polygon","arcs":[[-4384,-4460,-4385,-4294]],"properties":{"pop":4,"kn":"1315"}},{"type":"Polygon","arcs":[[-4387,8936,-4389,-8897]],"properties":{"pop":7,"kn":"1315"}},{"type":"Polygon","arcs":[[-4391,8937,-4392,-8898]],"properties":{"pop":11,"kn":"1315"}},{"type":"Polygon","arcs":[[-4399,-4475,8938,-8899]],"properties":{"pop":7,"kn":"1315"}},{"type":"Polygon","arcs":[[-8939,8939,8940,-8901]],"properties":{"pop":13,"kn":"1315"}},{"type":"Polygon","arcs":[[-8941,8941,8942,-8903]],"properties":{"pop":3,"kn":"1315"}},{"type":"Polygon","arcs":[[-4402,8943,8944,8945]],"properties":{"pop":3,"kn":"1383"}},{"type":"Polygon","arcs":[[8946,8947,8948,8949]],"properties":{"pop":36,"kn":"1383"}},{"type":"Polygon","arcs":[[8950,8951,8952,-8905]],"properties":{"pop":22,"kn":"1383"}},{"type":"Polygon","arcs":[[-8953,-4479,8953,-8907]],"properties":{"pop":12,"kn":"1383"}},{"type":"Polygon","arcs":[[-8954,-4482,8954,-4317]],"properties":{"pop":8,"kn":"1383"}},{"type":"Polygon","arcs":[[-8955,8955,-4403,-8909]],"properties":{"pop":0,"kn":"1383"}},{"type":"Polygon","arcs":[[-4415,-4489,8956,-4328]],"properties":{"pop":4,"kn":"1383"}},{"type":"Polygon","arcs":[[-8957,8957,-4416,-4331]],"properties":{"pop":3,"kn":"1383"}},{"type":"Polygon","arcs":[[-4421,-4495,8958,-8915]],"properties":{"pop":28,"kn":"1382"}},{"type":"Polygon","arcs":[[-8959,8959,8960,-8917]],"properties":{"pop":4,"kn":"1382"}},{"type":"Polygon","arcs":[[-8961,8961,8962,-8919]],"properties":{"pop":8,"kn":"1382"}},{"type":"Polygon","arcs":[[-8963,8963,8964,-8922]],"properties":{"pop":18,"kn":"1382"}},{"type":"Polygon","arcs":[[-8965,8965,-4423,-8924]],"properties":{"pop":7,"kn":"1382"}},{"type":"Polygon","arcs":[[-4429,-4505,-4430,-8926]],"properties":{"pop":5,"kn":"1382"}},{"type":"Polygon","arcs":[[-4432,8966,8967,-4345]],"properties":{"pop":11,"kn":"1382"}},{"type":"Polygon","arcs":[[-8968,8968,-4433,-8927]],"properties":{"pop":4,"kn":"1382"}},{"type":"Polygon","arcs":[[-4435,8969,8970,-4351]],"properties":{"pop":4,"kn":"1382"}},{"type":"Polygon","arcs":[[-8971,8971,8972,-4353]],"properties":{"pop":3,"kn":"1382"}},{"type":"Polygon","arcs":[[-8973,8973,-4436,-4355]],"properties":{"pop":3,"kn":"1382"}},{"type":"Polygon","arcs":[[-4440,-4509,-4442,-4360]],"properties":{"pop":3,"kn":"1382"}},{"type":"Polygon","arcs":[[-4444,-4513,-4446,-8929]],"properties":{"pop":3,"kn":"1382"}},{"type":"Polygon","arcs":[[-4451,8974,8975,-8931]],"properties":{"pop":0,"kn":"1382"}},{"type":"Polygon","arcs":[[-8976,8976,8977,-8933]],"properties":{"pop":3,"kn":"1382"}},{"type":"Polygon","arcs":[[-8978,8978,8979,-4367]],"properties":{"pop":6,"kn":"1382"}},{"type":"Polygon","arcs":[[-8980,8980,-4452,-4369]],"properties":{"pop":4,"kn":"1382"}},{"type":"Polygon","arcs":[[-4454,-4523,8981,-4374]],"properties":{"pop":8,"kn":"1315"}},{"type":"Polygon","arcs":[[8982,-4455,-4381]],"properties":{"pop":5,"kn":"1315"}},{"type":"Polygon","arcs":[[-4462,8983,-4463,-8937]],"properties":{"pop":7,"kn":"1315"}},{"type":"Polygon","arcs":[[-4474,8984,8985,-8940]],"properties":{"pop":8,"kn":"1315"}},{"type":"Polygon","arcs":[[-8986,-4531,8986,-8942]],"properties":{"pop":3,"kn":"1315"}},{"type":"Polygon","arcs":[[8987,8988,8989,-8948]],"properties":{"pop":25,"kn":"1383"}},{"type":"Polygon","arcs":[[-8990,8990,8991,8992]],"properties":{"pop":28,"kn":"1383"}},{"type":"Polygon","arcs":[[8993,8994,8995,8996]],"properties":{"pop":14,"kn":"1383"}},{"type":"Polygon","arcs":[[-8996,8997,-4476,-8952]],"properties":{"pop":16,"kn":"1383"}},{"type":"Polygon","arcs":[[-4481,8998,8999,-8956]],"properties":{"pop":17,"kn":"1383"}},{"type":"Polygon","arcs":[[-9000,9000,-4483,-4404]],"properties":{"pop":27,"kn":"1383"}},{"type":"Polygon","arcs":[[-4485,-4539,9001,-4410]],"properties":{"pop":0,"kn":"1383"}},{"type":"Polygon","arcs":[[-9002,9002,9003,-4412]],"properties":{"pop":3,"kn":"1383"}},{"type":"Polygon","arcs":[[-9004,-4543,-4486,-4414]],"properties":{"pop":10,"kn":"1383"}},{"type":"Polygon","arcs":[[-4488,-4548,9004,-8958]],"properties":{"pop":9,"kn":"1383"}},{"type":"Polygon","arcs":[[-9005,-4551,-4490,-4417]],"properties":{"pop":3,"kn":"1382"}},{"type":"Polygon","arcs":[[9005,9006,9007,-8962]],"properties":{"pop":0,"kn":"1382"}},{"type":"Polygon","arcs":[[-9008,9008,9009,-8964]],"properties":{"pop":3,"kn":"1382"}},{"type":"Polygon","arcs":[[-9010,9010,-4496,-8966]],"properties":{"pop":3,"kn":"1382"}},{"type":"Polygon","arcs":[[-4504,-4567,9011,-4431]],"properties":{"pop":13,"kn":"1382"}},{"type":"Polygon","arcs":[[-9012,9012,9013,-8967]],"properties":{"pop":9,"kn":"1382"}},{"type":"Polygon","arcs":[[-9014,9014,9015,-8969]],"properties":{"pop":5,"kn":"1382"}},{"type":"Polygon","arcs":[[-9016,-4571,9016,-4434]],"properties":{"pop":12,"kn":"1382"}},{"type":"Polygon","arcs":[[9017,-4575,9018,-8972]],"properties":{"pop":13,"kn":"1382"}},{"type":"Polygon","arcs":[[-9019,-4578,9019,-8974]],"properties":{"pop":14,"kn":"1382"}},{"type":"Polygon","arcs":[[-9020,-4581,9020,-4437]],"properties":{"pop":7,"kn":"1382"}},{"type":"Polygon","arcs":[[-9021,9021,-4506,-4439]],"properties":{"pop":3,"kn":"1382"}},{"type":"Polygon","arcs":[[-4508,-4587,-4510,-4443]],"properties":{"pop":6,"kn":"1382"}},{"type":"Polygon","arcs":[[-4517,9022,9023,-8975]],"properties":{"pop":6,"kn":"1382"}},{"type":"Polygon","arcs":[[-9024,-4594,9024,-8977]],"properties":{"pop":5,"kn":"1382"}},{"type":"Polygon","arcs":[[-4525,9025,9026,-8984]],"properties":{"pop":10,"kn":"1315"}},{"type":"Polygon","arcs":[[-9027,9027,9028,-4464]],"properties":{"pop":5,"kn":"1315"}},{"type":"Polygon","arcs":[[-9029,9029,-4526,9030]],"properties":{"pop":3,"kn":"1315"}},{"type":"Polygon","arcs":[[9031,9032,9033,9034]],"properties":{"pop":8,"kn":"1383"}},{"type":"Polygon","arcs":[[9035,9036,9037,-8998]],"properties":{"pop":28,"kn":"1383"}},{"type":"Polygon","arcs":[[-9038,9038,9039,-4477]],"properties":{"pop":12,"kn":"1383"}},{"type":"Polygon","arcs":[[-9040,9040,9041,-4480]],"properties":{"pop":16,"kn":"1383"}},{"type":"Polygon","arcs":[[-9042,9042,9043,-8999]],"properties":{"pop":24,"kn":"1383"}},{"type":"Polygon","arcs":[[-9044,-4601,9044,-9001]],"properties":{"pop":22,"kn":"1383"}},{"type":"Polygon","arcs":[[-9045,-4604,-4536,-4484]],"properties":{"pop":5,"kn":"1383"}},{"type":"Polygon","arcs":[[-4538,-4608,-4540,-9003]],"properties":{"pop":0,"kn":"1383"}},{"type":"Polygon","arcs":[[-4555,-4621,9045,9046]],"properties":{"pop":10,"kn":"1382"}},{"type":"Polygon","arcs":[[-9046,9047,9048,-9007]],"properties":{"pop":6,"kn":"1382"}},{"type":"Polygon","arcs":[[-9049,-4625,9049,-9009]],"properties":{"pop":5,"kn":"1382"}},{"type":"Polygon","arcs":[[-9050,9050,-4556,-9011]],"properties":{"pop":3,"kn":"1382"}},{"type":"Polygon","arcs":[[-4566,9051,9052,-9013]],"properties":{"pop":6,"kn":"1382"}},{"type":"Polygon","arcs":[[-9053,9053,-4568,-9015]],"properties":{"pop":16,"kn":"1382"}},{"type":"Polygon","arcs":[[-4570,9054,-4572,9055]],"properties":{"pop":3,"kn":"1382"}},{"type":"Polygon","arcs":[[-4580,9056,-4582,-9022]],"properties":{"pop":18,"kn":"1382"}},{"type":"Polygon","arcs":[[-4586,9057,9058,-4511]],"properties":{"pop":10,"kn":"1382"}},{"type":"Polygon","arcs":[[-9059,9059,-4588,-4514]],"properties":{"pop":22,"kn":"1382"}},{"type":"Polygon","arcs":[[-4590,9060,-4591,-9023]],"properties":{"pop":6,"kn":"1382"}},{"type":"Polygon","arcs":[[9061,-4658,-4595,-4519]],"properties":{"pop":9,"kn":"1382"}},{"type":"Polygon","arcs":[[9062,9063,9064,-9033]],"properties":{"pop":28,"kn":"1383"}},{"type":"Polygon","arcs":[[-9065,9065,9066,9067]],"properties":{"pop":14,"kn":"1383"}},{"type":"Polygon","arcs":[[-9067,9068,9069,9070]],"properties":{"pop":18,"kn":"1383"}},{"type":"Polygon","arcs":[[9071,9072,9073,-9037]],"properties":{"pop":23,"kn":"1383"}},{"type":"Polygon","arcs":[[9074,9075,-4598,-9043]],"properties":{"pop":16,"kn":"1383"}},{"type":"Polygon","arcs":[[-4603,-4671,-4605,-4537]],"properties":{"pop":8,"kn":"1383"}},{"type":"Polygon","arcs":[[-4610,9076,-4611,-4544]],"properties":{"pop":0,"kn":"1383"}},{"type":"Polygon","arcs":[[-4613,-4677,-4614,-4549]],"properties":{"pop":7,"kn":"1382"}},{"type":"Polygon","arcs":[[-4620,9077,-4622,-9048]],"properties":{"pop":11,"kn":"1382"}},{"type":"Polygon","arcs":[[-4624,-4687,9078,-9051]],"properties":{"pop":9,"kn":"1382"}},{"type":"Polygon","arcs":[[-9079,-4690,-4626,-4557]],"properties":{"pop":4,"kn":"1382"}},{"type":"Polygon","arcs":[[-4634,-4699,9079,-9052]],"properties":{"pop":8,"kn":"1382"}},{"type":"Polygon","arcs":[[-9080,-4702,-4635,-9054]],"properties":{"pop":5,"kn":"1382"}},{"type":"Polygon","arcs":[[-4637,-4707,9080,-9055]],"properties":{"pop":6,"kn":"1382"}},{"type":"Polygon","arcs":[[-9081,9081,-4638,-4573]],"properties":{"pop":5,"kn":"1382"}},{"type":"Polygon","arcs":[[-4640,-4711,9082,-4579]],"properties":{"pop":4,"kn":"1382"}},{"type":"Polygon","arcs":[[-9083,9083,-4641,-9057]],"properties":{"pop":4,"kn":"1382"}},{"type":"Polygon","arcs":[[-4648,9084,-4649,-9061]],"properties":{"pop":0,"kn":"1382"}},{"type":"Polygon","arcs":[[-4651,-4723,-4652,9085]],"properties":{"pop":8,"kn":"1382"}},{"type":"Polygon","arcs":[[-4662,9086,9087,9088]],"properties":{"pop":12,"kn":"1383"}},{"type":"Polygon","arcs":[[9089,9090,9091,-9066]],"properties":{"pop":13,"kn":"1383"}},{"type":"Polygon","arcs":[[9092,9093,9094,9095]],"properties":{"pop":3,"kn":"1383"}},{"type":"Polygon","arcs":[[9096,9097,9098,9099]],"properties":{"pop":15,"kn":"1383"}},{"type":"Polygon","arcs":[[9100,9101,9102,-9076]],"properties":{"pop":23,"kn":"1383"}},{"type":"Polygon","arcs":[[-4673,9103,9104,-4609]],"properties":{"pop":23,"kn":"1383"}},{"type":"Polygon","arcs":[[-9105,-4739,9105,-9077]],"properties":{"pop":14,"kn":"1383"}},{"type":"Polygon","arcs":[[-9106,9106,-4674,-4612]],"properties":{"pop":16,"kn":"1383"}},{"type":"Polygon","arcs":[[-4683,9107,9108,-9078]],"properties":{"pop":11,"kn":"1382"}},{"type":"Polygon","arcs":[[-9109,9109,-4684,-4623]],"properties":{"pop":16,"kn":"1382"}},{"type":"Polygon","arcs":[[-4695,-4750,-4696,-4633]],"properties":{"pop":7,"kn":"1382"}},{"type":"Polygon","arcs":[[-4706,-4758,9110,-9082]],"properties":{"pop":4,"kn":"1382"}},{"type":"Polygon","arcs":[[-9111,9111,-4708,-4639]],"properties":{"pop":8,"kn":"1382"}},{"type":"Polygon","arcs":[[-4710,-4762,-4712,-9084]],"properties":{"pop":14,"kn":"1382"}},{"type":"Polygon","arcs":[[-4714,9112,9113,-4644]],"properties":{"pop":21,"kn":"1382"}},{"type":"Polygon","arcs":[[9114,9115,-4715,9116]],"properties":{"pop":6,"kn":"1382"}},{"type":"Polygon","arcs":[[-4717,-4766,-4718,-9085]],"properties":{"pop":3,"kn":"1382"}},{"type":"Polygon","arcs":[[-4722,-4772,9117,-4653]],"properties":{"pop":3,"kn":"1382"}},{"type":"Polygon","arcs":[[-9118,9118,-4724,-4656]],"properties":{"pop":4,"kn":"1382"}},{"type":"Polygon","arcs":[[-4731,-4784,9119,9120]],"properties":{"pop":3,"kn":"1383"}},{"type":"Polygon","arcs":[[-4734,9121,9122,9123]],"properties":{"pop":3,"kn":"1383"}},{"type":"Polygon","arcs":[[-9123,9124,9125,-9091]],"properties":{"pop":8,"kn":"1383"}},{"type":"Polygon","arcs":[[9126,-4788,9127,-9098]],"properties":{"pop":7,"kn":"1383"}},{"type":"Polygon","arcs":[[-9128,-4791,9128,9129]],"properties":{"pop":8,"kn":"1383"}},{"type":"Polygon","arcs":[[9130,9131,9132,9133]],"properties":{"pop":27,"kn":"1383"}},{"type":"Polygon","arcs":[[-9133,9134,9135,-4669]],"properties":{"pop":17,"kn":"1383"}},{"type":"Polygon","arcs":[[9136,9137,-4736,-9104]],"properties":{"pop":15,"kn":"1383"}},{"type":"Polygon","arcs":[[-4738,-4795,9138,-9107]],"properties":{"pop":6,"kn":"1383"}},{"type":"Polygon","arcs":[[-9139,-4798,9139,-4675]],"properties":{"pop":8,"kn":"1383"}},{"type":"Polygon","arcs":[[-9140,9140,-4740,-4678]],"properties":{"pop":0,"kn":"1383"}},{"type":"Polygon","arcs":[[-4744,-4805,9141,-9108]],"properties":{"pop":7,"kn":"1382"}},{"type":"Polygon","arcs":[[-9142,-4808,9142,-9110]],"properties":{"pop":14,"kn":"1382"}},{"type":"Polygon","arcs":[[-9143,-4811,9143,-4685]],"properties":{"pop":0,"kn":"1382"}},{"type":"Polygon","arcs":[[-9144,9144,9145,-4688]],"properties":{"pop":12,"kn":"1382"}},{"type":"Polygon","arcs":[[-4749,-4819,9146,-4697]],"properties":{"pop":0,"kn":"1382"}},{"type":"Polygon","arcs":[[-9147,9147,-4751,-4700]],"properties":{"pop":17,"kn":"1382"}},{"type":"Polygon","arcs":[[-4757,-4827,9148,-9112]],"properties":{"pop":4,"kn":"1382"}},{"type":"Polygon","arcs":[[-9149,-4830,-4759,-4709]],"properties":{"pop":14,"kn":"1382"}},{"type":"Polygon","arcs":[[-4761,-4835,9149,-4713]],"properties":{"pop":3,"kn":"1382"}},{"type":"Polygon","arcs":[[-9150,9150,9151,-9113]],"properties":{"pop":9,"kn":"1382"}},{"type":"Polygon","arcs":[[-9152,9152,9153,9154]],"properties":{"pop":3,"kn":"1382"}},{"type":"Polygon","arcs":[[-9154,9155,9156,-9116]],"properties":{"pop":3,"kn":"1382"}},{"type":"Polygon","arcs":[[-9157,9157,-4763,-4716]],"properties":{"pop":3,"kn":"1382"}},{"type":"Polygon","arcs":[[-4768,-4839,-4769,-4721]],"properties":{"pop":4,"kn":"1382"}},{"type":"Polygon","arcs":[[-4771,9158,-4773,-9119]],"properties":{"pop":0,"kn":"1382"}},{"type":"Polygon","arcs":[[9159,9160,-4781,-4730]],"properties":{"pop":6,"kn":"1383"}},{"type":"Polygon","arcs":[[9161,9162,9163,9164]],"properties":{"pop":10,"kn":"1383"}},{"type":"Polygon","arcs":[[9165,9166,-4785,9167]],"properties":{"pop":10,"kn":"1383"}},{"type":"Polygon","arcs":[[9168,9169,9170,9171]],"properties":{"pop":16,"kn":"1383"}},{"type":"Polygon","arcs":[[9172,9173,9174,-9135]],"properties":{"pop":7,"kn":"1383"}},{"type":"Polygon","arcs":[[-9175,9175,9176,9177]],"properties":{"pop":0,"kn":"1383"}},{"type":"Polygon","arcs":[[-9177,9178,9179,-9138]],"properties":{"pop":17,"kn":"1383"}},{"type":"Polygon","arcs":[[-9180,9180,-4792,-4737]],"properties":{"pop":10,"kn":"1383"}},{"type":"Polygon","arcs":[[-4797,-4851,-4799,-9141]],"properties":{"pop":9,"kn":"1383"}},{"type":"Polygon","arcs":[[-4801,9181,-4802,-4743]],"properties":{"pop":4,"kn":"1382"}},{"type":"Polygon","arcs":[[-4810,9182,9183,-9145]],"properties":{"pop":8,"kn":"1382"}},{"type":"Polygon","arcs":[[-4818,-4865,9184,-9148]],"properties":{"pop":3,"kn":"1382"}},{"type":"Polygon","arcs":[[-9185,9185,-4820,-4752]],"properties":{"pop":8,"kn":"1382"}},{"type":"Polygon","arcs":[[-4834,9186,9187,-9151]],"properties":{"pop":7,"kn":"1382"}},{"type":"Polygon","arcs":[[9188,9189,9190,-9156]],"properties":{"pop":4,"kn":"1382"}},{"type":"Polygon","arcs":[[-9191,-4878,9191,-9158]],"properties":{"pop":5,"kn":"1382"}},{"type":"Polygon","arcs":[[-9192,9192,9193,-4764]],"properties":{"pop":3,"kn":"1382"}},{"type":"Polygon","arcs":[[-9194,9194,-4836,-4767]],"properties":{"pop":0,"kn":"1382"}},{"type":"Polygon","arcs":[[9195,9196,9197,9198]],"properties":{"pop":4,"kn":"1383"}},{"type":"Polygon","arcs":[[9199,9200,9201,-9163]],"properties":{"pop":25,"kn":"1383"}},{"type":"Polygon","arcs":[[-9202,9202,9203,9204]],"properties":{"pop":19,"kn":"1383"}},{"type":"Polygon","arcs":[[-9204,9205,9206,-9167]],"properties":{"pop":18,"kn":"1383"}},{"type":"Polygon","arcs":[[9207,9208,9209,-4789]],"properties":{"pop":19,"kn":"1383"}},{"type":"Polygon","arcs":[[9210,9211,9212,9213]],"properties":{"pop":15,"kn":"1383"}},{"type":"Polygon","arcs":[[-9213,9214,9215,-9174]],"properties":{"pop":5,"kn":"1383"}},{"type":"Polygon","arcs":[[-9216,-4887,9216,-9176]],"properties":{"pop":3,"kn":"1383"}},{"type":"Polygon","arcs":[[-9217,-4890,9217,-9179]],"properties":{"pop":6,"kn":"1383"}},{"type":"Polygon","arcs":[[-9218,9218,-4845,-9181]],"properties":{"pop":19,"kn":"1383"}},{"type":"Polygon","arcs":[[-4850,-4899,9219,-4800]],"properties":{"pop":18,"kn":"1383"}},{"type":"Polygon","arcs":[[-9220,-4902,-4852,-9182]],"properties":{"pop":8,"kn":"1382"}},{"type":"Polygon","arcs":[[-4856,9220,9221,-4809]],"properties":{"pop":9,"kn":"1382"}},{"type":"Polygon","arcs":[[-9222,9222,9223,-9183]],"properties":{"pop":7,"kn":"1382"}},{"type":"Polygon","arcs":[[-9224,-4909,9224,9225]],"properties":{"pop":3,"kn":"1382"}},{"type":"Polygon","arcs":[[-4861,-4913,-4862,-4817]],"properties":{"pop":6,"kn":"1382"}},{"type":"Polygon","arcs":[[-4864,-4917,9226,-9186]],"properties":{"pop":0,"kn":"1382"}},{"type":"Polygon","arcs":[[-9227,-4920,9227,-4821]],"properties":{"pop":5,"kn":"1382"}},{"type":"Polygon","arcs":[[-9228,9228,-4866,-4823]],"properties":{"pop":16,"kn":"1382"}},{"type":"Polygon","arcs":[[-4874,9229,9230,-9187]],"properties":{"pop":5,"kn":"1382"}},{"type":"Polygon","arcs":[[9231,-4931,-4875,-9190]],"properties":{"pop":0,"kn":"1382"}},{"type":"Polygon","arcs":[[-4877,-4936,9232,-9193]],"properties":{"pop":3,"kn":"1382"}},{"type":"Polygon","arcs":[[-9233,9233,-4879,-9195]],"properties":{"pop":7,"kn":"1382"}},{"type":"Polygon","arcs":[[9234,9235,9236,9237]],"properties":{"pop":24,"kn":"1383"}},{"type":"Polygon","arcs":[[-9237,9238,9239,9240]],"properties":{"pop":22,"kn":"1383"}},{"type":"Polygon","arcs":[[-9240,9241,9242,-9201]],"properties":{"pop":23,"kn":"1383"}},{"type":"Polygon","arcs":[[-9243,9243,9244,-9203]],"properties":{"pop":14,"kn":"1383"}},{"type":"Polygon","arcs":[[-9245,9245,9246,-9206]],"properties":{"pop":14,"kn":"1383"}},{"type":"Polygon","arcs":[[-9247,9247,9248,9249]],"properties":{"pop":12,"kn":"1383"}},{"type":"Polygon","arcs":[[9250,9251,9252,9253]],"properties":{"pop":17,"kn":"1383"}},{"type":"Polygon","arcs":[[-9253,9254,9255,9256]],"properties":{"pop":23,"kn":"1383"}},{"type":"Polygon","arcs":[[-9256,9257,9258,-9212]],"properties":{"pop":14,"kn":"1383"}},{"type":"Polygon","arcs":[[-9259,9259,-4884,-9215]],"properties":{"pop":13,"kn":"1383"}},{"type":"Polygon","arcs":[[-4889,9260,9261,-9219]],"properties":{"pop":5,"kn":"1383"}},{"type":"Polygon","arcs":[[-9262,9262,-4891,-4846]],"properties":{"pop":5,"kn":"1383"}},{"type":"Polygon","arcs":[[-4901,9263,-4903,-4853]],"properties":{"pop":0,"kn":"1382"}},{"type":"Polygon","arcs":[[-4905,-4954,9264,-9221]],"properties":{"pop":3,"kn":"1382"}},{"type":"Polygon","arcs":[[-9265,9265,-4906,-9223]],"properties":{"pop":3,"kn":"1382"}},{"type":"Polygon","arcs":[[-4908,-4958,9266,9267]],"properties":{"pop":4,"kn":"1382"}},{"type":"Polygon","arcs":[[9268,9269,-4910,-4860]],"properties":{"pop":5,"kn":"1382"}},{"type":"Polygon","arcs":[[-4912,-4962,-4914,-4863]],"properties":{"pop":0,"kn":"1382"}},{"type":"Polygon","arcs":[[-4919,9270,-4921,-9229]],"properties":{"pop":5,"kn":"1382"}},{"type":"Polygon","arcs":[[-4927,9271,9272,-4873]],"properties":{"pop":4,"kn":"1382"}},{"type":"Polygon","arcs":[[-9273,-4973,9273,-9230]],"properties":{"pop":6,"kn":"1382"}},{"type":"Polygon","arcs":[[-9274,9274,-4928,9275]],"properties":{"pop":8,"kn":"1382"}},{"type":"Polygon","arcs":[[-4935,9276,9277,-9234]],"properties":{"pop":5,"kn":"1382"}},{"type":"Polygon","arcs":[[9278,9279,9280,9281]],"properties":{"pop":5,"kn":"1383"}},{"type":"Polygon","arcs":[[-9281,9282,9283,9284]],"properties":{"pop":13,"kn":"1383"}},{"type":"Polygon","arcs":[[9285,9286,9287,9288]],"properties":{"pop":16,"kn":"1383"}},{"type":"Polygon","arcs":[[-9288,9289,9290,9291]],"properties":{"pop":11,"kn":"1383"}},{"type":"Polygon","arcs":[[9292,9293,9294,-9244]],"properties":{"pop":11,"kn":"1383"}},{"type":"Polygon","arcs":[[9295,9296,9297,-9248]],"properties":{"pop":13,"kn":"1383"}},{"type":"Polygon","arcs":[[-9298,9298,9299,9300]],"properties":{"pop":11,"kn":"1383"}},{"type":"Polygon","arcs":[[-9300,9301,9302,-9252]],"properties":{"pop":16,"kn":"1383"}},{"type":"Polygon","arcs":[[-9303,9303,9304,-9255]],"properties":{"pop":12,"kn":"1383"}},{"type":"Polygon","arcs":[[-9305,9305,9306,-9258]],"properties":{"pop":17,"kn":"1383"}},{"type":"Polygon","arcs":[[-9307,9307,9308,-9260]],"properties":{"pop":6,"kn":"1383"}},{"type":"Polygon","arcs":[[-9309,9309,-4937,-4885]],"properties":{"pop":4,"kn":"1383"}},{"type":"Polygon","arcs":[[-4939,-4980,9310,-9261]],"properties":{"pop":4,"kn":"1383"}},{"type":"Polygon","arcs":[[-9311,-4983,-4940,-9263]],"properties":{"pop":7,"kn":"1383"}},{"type":"Polygon","arcs":[[-4948,9311,-4949,-9264]],"properties":{"pop":8,"kn":"1383"}},{"type":"Polygon","arcs":[[-4953,-4991,9312,-9266]],"properties":{"pop":11,"kn":"1382"}},{"type":"Polygon","arcs":[[-9313,-4994,-4955,-4907]],"properties":{"pop":0,"kn":"1382"}},{"type":"Polygon","arcs":[[9313,9314,-4959,-4911]],"properties":{"pop":5,"kn":"1382"}},{"type":"Polygon","arcs":[[-4966,-5008,9315,-9271]],"properties":{"pop":5,"kn":"1382"}},{"type":"Polygon","arcs":[[-9316,-5011,9316,-4922]],"properties":{"pop":10,"kn":"1382"}},{"type":"Polygon","arcs":[[-9317,-5014,-4967,-4924]],"properties":{"pop":6,"kn":"1382"}},{"type":"Polygon","arcs":[[-4969,9317,-4970,-9272]],"properties":{"pop":6,"kn":"1382"}},{"type":"Polygon","arcs":[[-4972,9318,9319,-9275]],"properties":{"pop":0,"kn":"1382"}},{"type":"Polygon","arcs":[[-9320,9320,9321,-4929]],"properties":{"pop":0,"kn":"1382"}},{"type":"Polygon","arcs":[[-9322,9322,9323,-4932]],"properties":{"pop":9,"kn":"1382"}},{"type":"Polygon","arcs":[[-9324,9324,9325,-4934]],"properties":{"pop":8,"kn":"1382"}},{"type":"Polygon","arcs":[[-9326,9326,9327,-9277]],"properties":{"pop":7,"kn":"1382"}},{"type":"Polygon","arcs":[[-9328,9328]],"properties":{"pop":0,"kn":"1382"}},{"type":"Polygon","arcs":[[9329,9330,9331,9332]],"properties":{"pop":13,"kn":"1383"}},{"type":"Polygon","arcs":[[-9332,9333,9334,-9287]],"properties":{"pop":18,"kn":"1383"}},{"type":"Polygon","arcs":[[9335,9336,9337,9338]],"properties":{"pop":19,"kn":"1383"}},{"type":"Polygon","arcs":[[9339,9340,9341,9342]],"properties":{"pop":22,"kn":"1383"}},{"type":"Polygon","arcs":[[9343,9344,9345,9346]],"properties":{"pop":14,"kn":"1383"}},{"type":"Polygon","arcs":[[-9346,9347,9348,-9297]],"properties":{"pop":4,"kn":"1383"}},{"type":"Polygon","arcs":[[-9349,9349,9350,-9299]],"properties":{"pop":3,"kn":"1383"}},{"type":"Polygon","arcs":[[-9351,9351,9352,-9302]],"properties":{"pop":7,"kn":"1383"}},{"type":"Polygon","arcs":[[-9353,9353,9354,-9304]],"properties":{"pop":16,"kn":"1383"}},{"type":"Polygon","arcs":[[-9355,9355,9356,-9306]],"properties":{"pop":20,"kn":"1383"}},{"type":"Polygon","arcs":[[-9357,-5021,9357,-9308]],"properties":{"pop":21,"kn":"1383"}},{"type":"Polygon","arcs":[[-9358,9358,9359,-9310]],"properties":{"pop":7,"kn":"1383"}},{"type":"Polygon","arcs":[[-9360,-5025,-4977,-4938]],"properties":{"pop":5,"kn":"1383"}},{"type":"Polygon","arcs":[[-4987,9360,9361,-4945]],"properties":{"pop":3,"kn":"1383"}},{"type":"Polygon","arcs":[[-9362,9362,9363,-4947]],"properties":{"pop":0,"kn":"1383"}},{"type":"Polygon","arcs":[[-9364,-5035,9364,-9312]],"properties":{"pop":0,"kn":"1382"}},{"type":"Polygon","arcs":[[-9365,9365,9366,-4950]],"properties":{"pop":7,"kn":"1382"}},{"type":"Polygon","arcs":[[-9367,9367,-4988,-4952]],"properties":{"pop":12,"kn":"1382"}},{"type":"Polygon","arcs":[[-4996,9368,-4997,9369]],"properties":{"pop":15,"kn":"1382"}},{"type":"Polygon","arcs":[[-4999,-5042,9370,-9315]],"properties":{"pop":10,"kn":"1382"}},{"type":"Polygon","arcs":[[-9371,9371,-5001,-4960]],"properties":{"pop":3,"kn":"1382"}},{"type":"Polygon","arcs":[[-5013,-5055,9372,-4968]],"properties":{"pop":11,"kn":"1382"}},{"type":"Polygon","arcs":[[-9373,-5058,9373,-9318]],"properties":{"pop":0,"kn":"1382"}},{"type":"Polygon","arcs":[[-5017,9374,9375,9376]],"properties":{"pop":28,"kn":"1383"}},{"type":"Polygon","arcs":[[9377,9378,9379,-9331]],"properties":{"pop":21,"kn":"1383"}},{"type":"Polygon","arcs":[[9380,9381,9382,-9337]],"properties":{"pop":22,"kn":"1383"}},{"type":"Polygon","arcs":[[-9383,9383,9384,9385]],"properties":{"pop":16,"kn":"1383"}},{"type":"Polygon","arcs":[[-9385,9386,9387,9388]],"properties":{"pop":25,"kn":"1383"}},{"type":"Polygon","arcs":[[9389,9390,9391,-9345]],"properties":{"pop":21,"kn":"1383"}},{"type":"Polygon","arcs":[[-9392,-5062,9392,-9348]],"properties":{"pop":3,"kn":"1383"}},{"type":"Polygon","arcs":[[-9393,9393,9394,-9350]],"properties":{"pop":10,"kn":"1383"}},{"type":"Polygon","arcs":[[-9395,9395,9396,-9352]],"properties":{"pop":15,"kn":"1383"}},{"type":"Polygon","arcs":[[-5020,9397,-5022,-9359]],"properties":{"pop":14,"kn":"1383"}},{"type":"Polygon","arcs":[[-5031,-5074,9398,-4986]],"properties":{"pop":5,"kn":"1383"}},{"type":"Polygon","arcs":[[-9399,9399,9400,-9361]],"properties":{"pop":3,"kn":"1383"}},{"type":"Polygon","arcs":[[-9401,9401,-5032,-9363]],"properties":{"pop":6,"kn":"1383"}},{"type":"Polygon","arcs":[[-5034,9402,9403,-9366]],"properties":{"pop":3,"kn":"1382"}},{"type":"Polygon","arcs":[[-9404,9404,9405,-9368]],"properties":{"pop":12,"kn":"1382"}},{"type":"Polygon","arcs":[[-9406,-5081,9406,-4989]],"properties":{"pop":5,"kn":"1382"}},{"type":"Polygon","arcs":[[-9407,-5084,-5036,-4992]],"properties":{"pop":9,"kn":"1382"}},{"type":"Polygon","arcs":[[-5038,-5089,9407,-9369]],"properties":{"pop":6,"kn":"1382"}},{"type":"Polygon","arcs":[[-9408,9408,-5039,-4998]],"properties":{"pop":3,"kn":"1382"}},{"type":"Polygon","arcs":[[-5041,-5093,-5043,-9372]],"properties":{"pop":3,"kn":"1382"}},{"type":"Polygon","arcs":[[-5051,-5100,-5052,-5012]],"properties":{"pop":3,"kn":"1382"}},{"type":"Polygon","arcs":[[9409,9410,9411]],"properties":{"pop":16,"kn":"1383"}},{"type":"Polygon","arcs":[[-9411,9412,9413,9414]],"properties":{"pop":9,"kn":"1383"}},{"type":"Polygon","arcs":[[-9414,9415,9416,-5016]],"properties":{"pop":8,"kn":"1383"}},{"type":"Polygon","arcs":[[9417,9418,9419,9420]],"properties":{"pop":14,"kn":"1383"}},{"type":"Polygon","arcs":[[-9420,9421,9422,-9382]],"properties":{"pop":18,"kn":"1383"}},{"type":"Polygon","arcs":[[-9423,9423,9424,-9384]],"properties":{"pop":17,"kn":"1383"}},{"type":"Polygon","arcs":[[9425,9426,9427,9428]],"properties":{"pop":14,"kn":"1383"}},{"type":"Polygon","arcs":[[-9428,9429,-5059,-9391]],"properties":{"pop":23,"kn":"1383"}},{"type":"Polygon","arcs":[[-5061,-5112,9430,-9394]],"properties":{"pop":18,"kn":"1383"}},{"type":"Polygon","arcs":[[-9431,9431,9432,-9396]],"properties":{"pop":11,"kn":"1383"}},{"type":"Polygon","arcs":[[9433,-5116,9434,9435]],"properties":{"pop":7,"kn":"1383"}},{"type":"Polygon","arcs":[[-9435,9436,9437,-5019]],"properties":{"pop":3,"kn":"1383"}},{"type":"Polygon","arcs":[[-9438,9438,-5063,-9398]],"properties":{"pop":16,"kn":"1383"}},{"type":"Polygon","arcs":[[-5073,9439,9440,-9400]],"properties":{"pop":5,"kn":"1383"}},{"type":"Polygon","arcs":[[-9441,9441,-5075,-9402]],"properties":{"pop":8,"kn":"1383"}},{"type":"Polygon","arcs":[[-5077,9442,9443,-9403]],"properties":{"pop":4,"kn":"1382"}},{"type":"Polygon","arcs":[[-9444,9444,-5078,-9405]],"properties":{"pop":13,"kn":"1382"}},{"type":"Polygon","arcs":[[-5088,9445,9446,-9409]],"properties":{"pop":9,"kn":"1382"}},{"type":"Polygon","arcs":[[-9447,-5126,-5090,-5040]],"properties":{"pop":15,"kn":"1382"}},{"type":"Polygon","arcs":[[-5096,-5130,9447,-5048]],"properties":{"pop":3,"kn":"1382"}},{"type":"Polygon","arcs":[[-9448,-5133,-5097,-5050]],"properties":{"pop":0,"kn":"1382"}},{"type":"Polygon","arcs":[[-5102,-5139,9448,-5056]],"properties":{"pop":3,"kn":"1382"}},{"type":"Polygon","arcs":[[9449,9450,-5105,9451]],"properties":{"pop":3,"kn":"1383"}},{"type":"Polygon","arcs":[[-5107,-5147,9452,9453]],"properties":{"pop":19,"kn":"1383"}},{"type":"Polygon","arcs":[[9454,9455,9456,-9422]],"properties":{"pop":3,"kn":"1383"}},{"type":"Polygon","arcs":[[-9457,9457,9458,-9424]],"properties":{"pop":17,"kn":"1383"}},{"type":"Polygon","arcs":[[-9459,9459,9460,9461]],"properties":{"pop":8,"kn":"1383"}},{"type":"Polygon","arcs":[[9462,9463,9464,-9427]],"properties":{"pop":16,"kn":"1383"}},{"type":"Polygon","arcs":[[-9465,9465,9466,-9430]],"properties":{"pop":5,"kn":"1383"}},{"type":"Polygon","arcs":[[-9467,9467,-5109,-5060]],"properties":{"pop":3,"kn":"1383"}},{"type":"Polygon","arcs":[[-5111,9468,9469,-9432]],"properties":{"pop":8,"kn":"1383"}},{"type":"Polygon","arcs":[[-9470,9470,-5113,9471]],"properties":{"pop":15,"kn":"1383"}},{"type":"Polygon","arcs":[[-5115,-5151,9472,-9437]],"properties":{"pop":4,"kn":"1383"}},{"type":"Polygon","arcs":[[-9473,9473,9474,-9439]],"properties":{"pop":8,"kn":"1383"}},{"type":"Polygon","arcs":[[-9475,-5155,-5117,-5064]],"properties":{"pop":0,"kn":"1383"}},{"type":"Polygon","arcs":[[-5119,9475,9476,-5068]],"properties":{"pop":7,"kn":"1383"}},{"type":"Polygon","arcs":[[-9477,-5159,-5120,-5070]],"properties":{"pop":16,"kn":"1383"}},{"type":"Polygon","arcs":[[-5122,-5164,9477,-9440]],"properties":{"pop":5,"kn":"1383"}},{"type":"Polygon","arcs":[[-9478,9478,9479,-9442]],"properties":{"pop":3,"kn":"1383"}},{"type":"Polygon","arcs":[[-9480,9480,9481,-5076]],"properties":{"pop":5,"kn":"1382"}},{"type":"Polygon","arcs":[[-9482,9482,9483,-9443]],"properties":{"pop":10,"kn":"1382"}},{"type":"Polygon","arcs":[[-9484,9484,9485,-9445]],"properties":{"pop":6,"kn":"1382"}},{"type":"Polygon","arcs":[[-9486,9486,9487,-5079]],"properties":{"pop":3,"kn":"1382"}},{"type":"Polygon","arcs":[[-9488,-5168,9488,-5082]],"properties":{"pop":0,"kn":"1382"}},{"type":"Polygon","arcs":[[-9489,-5171,9489,-5085]],"properties":{"pop":4,"kn":"1382"}},{"type":"Polygon","arcs":[[-9490,9490,9491,-5087]],"properties":{"pop":6,"kn":"1382"}},{"type":"Polygon","arcs":[[-5125,-5177,9492,-5091]],"properties":{"pop":4,"kn":"1382"}},{"type":"Polygon","arcs":[[-9493,-5180,9493,9494]],"properties":{"pop":5,"kn":"1382"}},{"type":"Polygon","arcs":[[-9494,-5183,-5127,-5095]],"properties":{"pop":3,"kn":"1382"}},{"type":"Polygon","arcs":[[-5132,-5189,-5134,-5098]],"properties":{"pop":5,"kn":"1382"}},{"type":"Polygon","arcs":[[9495,9496,-5144,-5106]],"properties":{"pop":28,"kn":"1383"}},{"type":"Polygon","arcs":[[9497,-5204,9498,-9460]],"properties":{"pop":15,"kn":"1383"}},{"type":"Polygon","arcs":[[-9499,9499,9500,9501]],"properties":{"pop":8,"kn":"1383"}},{"type":"Polygon","arcs":[[-9501,-5208,9502,-9464]],"properties":{"pop":10,"kn":"1383"}},{"type":"Polygon","arcs":[[9503,9504,9505,-5110]],"properties":{"pop":9,"kn":"1383"}},{"type":"Polygon","arcs":[[-9506,9506,9507,-9469]],"properties":{"pop":3,"kn":"1383"}},{"type":"Polygon","arcs":[[-9508,9508,9509,-9471]],"properties":{"pop":7,"kn":"1383"}},{"type":"Polygon","arcs":[[-9510,9510,-5148,-5114]],"properties":{"pop":5,"kn":"1383"}},{"type":"Polygon","arcs":[[-5150,-5212,-5152,-9474]],"properties":{"pop":24,"kn":"1383"}},{"type":"Polygon","arcs":[[-5154,9511,9512,-5118]],"properties":{"pop":4,"kn":"1383"}},{"type":"Polygon","arcs":[[-5163,-5220,9513,-9479]],"properties":{"pop":0,"kn":"1383"}},{"type":"Polygon","arcs":[[9514,9515,9516,-9485]],"properties":{"pop":17,"kn":"1382"}},{"type":"Polygon","arcs":[[-9517,9517,-5165,-9487]],"properties":{"pop":6,"kn":"1382"}},{"type":"Polygon","arcs":[[-5170,9518,9519,-9491]],"properties":{"pop":13,"kn":"1382"}},{"type":"Polygon","arcs":[[-9520,-5230,-5172,9520]],"properties":{"pop":7,"kn":"1382"}},{"type":"Polygon","arcs":[[-5185,9521,-5186,-5131]],"properties":{"pop":0,"kn":"1382"}},{"type":"Polygon","arcs":[[-5195,9522,9523,9524]],"properties":{"pop":3,"kn":"1383"}},{"type":"Polygon","arcs":[[-9524,9525,-5197,-5141]],"properties":{"pop":4,"kn":"1383"}},{"type":"Polygon","arcs":[[9526,9527,9528,9529]],"properties":{"pop":17,"kn":"1383"}},{"type":"Polygon","arcs":[[-9529,9530,9531,-9497]],"properties":{"pop":17,"kn":"1383"}},{"type":"Polygon","arcs":[[-9532,-5255,9532,-5145]],"properties":{"pop":3,"kn":"1383"}},{"type":"Polygon","arcs":[[-9533,9533,9534,9535]],"properties":{"pop":17,"kn":"1383"}},{"type":"Polygon","arcs":[[9536,9537,-5201,9538]],"properties":{"pop":13,"kn":"1383"}},{"type":"Polygon","arcs":[[-5203,9539,-5205,-9500]],"properties":{"pop":3,"kn":"1383"}},{"type":"Polygon","arcs":[[-5207,-5261,9540,9541]],"properties":{"pop":12,"kn":"1383"}},{"type":"Polygon","arcs":[[9542,-5268,9543,-9507]],"properties":{"pop":11,"kn":"1383"}},{"type":"Polygon","arcs":[[-9544,-5271,9544,-9509]],"properties":{"pop":5,"kn":"1383"}},{"type":"Polygon","arcs":[[-9545,9545,9546,-9511]],"properties":{"pop":12,"kn":"1383"}},{"type":"Polygon","arcs":[[-9547,-5275,-5209,-5149]],"properties":{"pop":3,"kn":"1383"}},{"type":"Polygon","arcs":[[-5211,-5280,9547,-5153]],"properties":{"pop":3,"kn":"1383"}},{"type":"Polygon","arcs":[[-9548,-5283,9548,-9512]],"properties":{"pop":3,"kn":"1383"}},{"type":"Polygon","arcs":[[-9549,9549,9550,9551]],"properties":{"pop":3,"kn":"1383"}},{"type":"Polygon","arcs":[[-9551,9552,-5213,-5157]],"properties":{"pop":5,"kn":"1383"}},{"type":"Polygon","arcs":[[9553,9554,9555,-9516]],"properties":{"pop":21,"kn":"1382"}},{"type":"Polygon","arcs":[[-9556,9556,-5224,-9518]],"properties":{"pop":6,"kn":"1382"}},{"type":"Polygon","arcs":[[-5226,9557,9558,-5169]],"properties":{"pop":7,"kn":"1382"}},{"type":"Polygon","arcs":[[-9559,9559,-5227,-9519]],"properties":{"pop":3,"kn":"1382"}},{"type":"Polygon","arcs":[[-5229,-5294,9560,-5173]],"properties":{"pop":13,"kn":"1382"}},{"type":"Polygon","arcs":[[-9561,9561,9562,-5175]],"properties":{"pop":0,"kn":"1382"}},{"type":"Polygon","arcs":[[-9563,9563,9564,-5178]],"properties":{"pop":3,"kn":"1382"}},{"type":"Polygon","arcs":[[-9565,9565,-5231,-5181]],"properties":{"pop":0,"kn":"1382"}},{"type":"Polygon","arcs":[[-5233,9566,-5234,-9522]],"properties":{"pop":18,"kn":"1382"}},{"type":"Polygon","arcs":[[-5238,-5301,-5239,-5192]],"properties":{"pop":0,"kn":"1382"}},{"type":"Polygon","arcs":[[-5243,9567,9568,-5194]],"properties":{"pop":3,"kn":"1383"}},{"type":"Polygon","arcs":[[9569,-5311,-5245,-5198]],"properties":{"pop":3,"kn":"1383"}},{"type":"Polygon","arcs":[[9570,9571,-5252,-9531]],"properties":{"pop":11,"kn":"1383"}},{"type":"Polygon","arcs":[[-5254,9572,9573,-9534]],"properties":{"pop":12,"kn":"1383"}},{"type":"Polygon","arcs":[[9574,9575,9576,-9538]],"properties":{"pop":21,"kn":"1383"}},{"type":"Polygon","arcs":[[-9577,9577,9578,-5202]],"properties":{"pop":13,"kn":"1383"}},{"type":"Polygon","arcs":[[-9579,9579,-5256,-9540]],"properties":{"pop":4,"kn":"1383"}},{"type":"Polygon","arcs":[[-5263,9580,-5265,9581]],"properties":{"pop":12,"kn":"1383"}},{"type":"Polygon","arcs":[[-5270,9582,-5272,-9546]],"properties":{"pop":9,"kn":"1383"}},{"type":"Polygon","arcs":[[-5282,9583,9584,-9550]],"properties":{"pop":0,"kn":"1383"}},{"type":"Polygon","arcs":[[-9585,9585,9586,-9553]],"properties":{"pop":3,"kn":"1383"}},{"type":"Polygon","arcs":[[-9587,9587,-5284,-5214]],"properties":{"pop":6,"kn":"1383"}},{"type":"Polygon","arcs":[[-5286,-5329,9588,-5218]],"properties":{"pop":4,"kn":"1383"}},{"type":"Polygon","arcs":[[-9589,-5332,-5287,-5221]],"properties":{"pop":4,"kn":"1383"}},{"type":"Polygon","arcs":[[-5289,9589,9590,-9555]],"properties":{"pop":8,"kn":"1382"}},{"type":"Polygon","arcs":[[-9591,9591,9592,-9557]],"properties":{"pop":15,"kn":"1382"}},{"type":"Polygon","arcs":[[-9593,-5338,9593,-5225]],"properties":{"pop":12,"kn":"1382"}},{"type":"Polygon","arcs":[[-9594,9594,9595,-9558]],"properties":{"pop":5,"kn":"1382"}},{"type":"Polygon","arcs":[[-9596,9596,9597,-9560]],"properties":{"pop":9,"kn":"1382"}},{"type":"Polygon","arcs":[[-9598,9598,-5291,-5228]],"properties":{"pop":3,"kn":"1382"}},{"type":"Polygon","arcs":[[-5293,9599,9600,-9562]],"properties":{"pop":5,"kn":"1382"}},{"type":"Polygon","arcs":[[-9601,9601,9602,-9564]],"properties":{"pop":5,"kn":"1382"}},{"type":"Polygon","arcs":[[-9603,-5345,-5295,-9566]],"properties":{"pop":5,"kn":"1382"}},{"type":"Polygon","arcs":[[9603,9604,9605,-5235]],"properties":{"pop":12,"kn":"1382"}},{"type":"Polygon","arcs":[[-9606,-5349,-5298,-5237]],"properties":{"pop":9,"kn":"1382"}},{"type":"Polygon","arcs":[[-5300,9606,-5302,-5240]],"properties":{"pop":13,"kn":"1382"}},{"type":"Polygon","arcs":[[9607,9608,-5308,9609]],"properties":{"pop":19,"kn":"1383"}},{"type":"Polygon","arcs":[[-5310,9610,9611,-5246]],"properties":{"pop":15,"kn":"1383"}},{"type":"Polygon","arcs":[[9612,9613,9614,-9572]],"properties":{"pop":27,"kn":"1383"}},{"type":"Polygon","arcs":[[9615,9616,9617,-5257]],"properties":{"pop":19,"kn":"1383"}},{"type":"Polygon","arcs":[[-9618,9618,-5312,-5259]],"properties":{"pop":0,"kn":"1383"}},{"type":"Polygon","arcs":[[-5314,9619,9620,-9581]],"properties":{"pop":15,"kn":"1383"}},{"type":"Polygon","arcs":[[-9621,9621,9622,-5266]],"properties":{"pop":15,"kn":"1383"}},{"type":"Polygon","arcs":[[-9623,9623,9624,-5269]],"properties":{"pop":20,"kn":"1383"}},{"type":"Polygon","arcs":[[-9625,9625,-5315,-9583]],"properties":{"pop":0,"kn":"1383"}},{"type":"Polygon","arcs":[[-5323,9626,9627,-9584]],"properties":{"pop":4,"kn":"1383"}},{"type":"Polygon","arcs":[[-9628,9628,9629,-9586]],"properties":{"pop":12,"kn":"1383"}},{"type":"Polygon","arcs":[[-9630,9630,-5324,-9588]],"properties":{"pop":10,"kn":"1383"}},{"type":"Polygon","arcs":[[-5334,9631,9632,-9590]],"properties":{"pop":22,"kn":"1383"}},{"type":"Polygon","arcs":[[-9633,9633,-5335,-9592]],"properties":{"pop":7,"kn":"1383"}},{"type":"Polygon","arcs":[[-5337,9634,9635,-9595]],"properties":{"pop":5,"kn":"1382"}},{"type":"Polygon","arcs":[[-9636,9636,9637,-9597]],"properties":{"pop":0,"kn":"1382"}},{"type":"Polygon","arcs":[[-9638,9638,-5339,-9599]],"properties":{"pop":0,"kn":"1382"}},{"type":"Polygon","arcs":[[-5341,-5377,9639,-9600]],"properties":{"pop":3,"kn":"1382"}},{"type":"Polygon","arcs":[[-9640,9640,-5342,-9602]],"properties":{"pop":8,"kn":"1382"}},{"type":"Polygon","arcs":[[-5344,-5381,9641,-5296]],"properties":{"pop":0,"kn":"1382"}},{"type":"Polygon","arcs":[[-5348,9642,9643,-5299]],"properties":{"pop":7,"kn":"1382"}},{"type":"Polygon","arcs":[[-9644,9644,-5350,-9607]],"properties":{"pop":16,"kn":"1382"}},{"type":"Polygon","arcs":[[9645,9646,9647,-9609]],"properties":{"pop":28,"kn":"1383"}},{"type":"Polygon","arcs":[[9648,9649,9650,9651]],"properties":{"pop":7,"kn":"1383"}},{"type":"Polygon","arcs":[[-9651,9652,9653,9654]],"properties":{"pop":7,"kn":"1383"}},{"type":"Polygon","arcs":[[9655,9656,9657,9658]],"properties":{"pop":17,"kn":"1383"}},{"type":"Polygon","arcs":[[-9658,9659,9660,9661]],"properties":{"pop":3,"kn":"1383"}},{"type":"Polygon","arcs":[[-9661,9662,9663,9664]],"properties":{"pop":30,"kn":"1383"}},{"type":"Polygon","arcs":[[-9664,9665,-5355,9666]],"properties":{"pop":14,"kn":"1383"}},{"type":"Polygon","arcs":[[-5357,9667,9668,9669]],"properties":{"pop":3,"kn":"1383"}},{"type":"Polygon","arcs":[[9670,9671,9672,-5313]],"properties":{"pop":16,"kn":"1383"}},{"type":"Polygon","arcs":[[-9673,-5392,9673,-9620]],"properties":{"pop":21,"kn":"1383"}},{"type":"Polygon","arcs":[[-9674,9674,9675,-9622]],"properties":{"pop":15,"kn":"1383"}},{"type":"Polygon","arcs":[[-9676,9676,9677,-9624]],"properties":{"pop":17,"kn":"1383"}},{"type":"Polygon","arcs":[[-9678,9678,9679,-9626]],"properties":{"pop":13,"kn":"1383"}},{"type":"Polygon","arcs":[[-9680,9680,-5359,-5316]],"properties":{"pop":4,"kn":"1383"}},{"type":"Polygon","arcs":[[-5361,9681,-5362,-5320]],"properties":{"pop":19,"kn":"1383"}},{"type":"Polygon","arcs":[[9682,9683,9684,-9629]],"properties":{"pop":4,"kn":"1383"}},{"type":"Polygon","arcs":[[-9685,-5399,-5365,-9631]],"properties":{"pop":4,"kn":"1383"}},{"type":"Polygon","arcs":[[-5367,9685,-5368,-5327]],"properties":{"pop":3,"kn":"1383"}},{"type":"Polygon","arcs":[[-5370,9686,9687,-5333]],"properties":{"pop":3,"kn":"1383"}},{"type":"Polygon","arcs":[[-9688,-5405,9688,-9632]],"properties":{"pop":3,"kn":"1383"}},{"type":"Polygon","arcs":[[-9689,9689,-5371,-9634]],"properties":{"pop":14,"kn":"1383"}},{"type":"Polygon","arcs":[[-5373,9690,9691,-9635]],"properties":{"pop":13,"kn":"1382"}},{"type":"Polygon","arcs":[[-9692,-5412,9692,-9637]],"properties":{"pop":3,"kn":"1382"}},{"type":"Polygon","arcs":[[-9693,-5415,9693,-9639]],"properties":{"pop":3,"kn":"1382"}},{"type":"Polygon","arcs":[[-9694,-5418,-5374,-5340]],"properties":{"pop":0,"kn":"1382"}},{"type":"Polygon","arcs":[[-5376,-5423,9694,-9641]],"properties":{"pop":6,"kn":"1382"}},{"type":"Polygon","arcs":[[-9695,9695,-5378,-5343]],"properties":{"pop":9,"kn":"1382"}},{"type":"Polygon","arcs":[[-5380,9696,9697,9698]],"properties":{"pop":8,"kn":"1382"}},{"type":"Polygon","arcs":[[-9698,9699,9700,9701]],"properties":{"pop":4,"kn":"1382"}},{"type":"Polygon","arcs":[[-9701,-5427,9702,-5347]],"properties":{"pop":5,"kn":"1382"}},{"type":"Polygon","arcs":[[-9703,9703,9704,-9643]],"properties":{"pop":3,"kn":"1382"}},{"type":"Polygon","arcs":[[-9705,-5430,9705,-9645]],"properties":{"pop":4,"kn":"1382"}},{"type":"Polygon","arcs":[[-5384,9706,-5385,9707]],"properties":{"pop":0,"kn":"1383"}},{"type":"Polygon","arcs":[[-5387,9708,9709,9710]],"properties":{"pop":9,"kn":"1383"}},{"type":"Polygon","arcs":[[-9710,9711,9712,-9647]],"properties":{"pop":9,"kn":"1383"}},{"type":"Polygon","arcs":[[9713,9714,9715,-9653]],"properties":{"pop":12,"kn":"1383"}},{"type":"Polygon","arcs":[[-9716,9716,9717,9718]],"properties":{"pop":14,"kn":"1383"}},{"type":"Polygon","arcs":[[9719,9720,9721,-9660]],"properties":{"pop":15,"kn":"1383"}},{"type":"Polygon","arcs":[[-9722,9722,9723,-9663]],"properties":{"pop":8,"kn":"1383"}},{"type":"Polygon","arcs":[[-9724,9724,9725,-9666]],"properties":{"pop":15,"kn":"1383"}},{"type":"Polygon","arcs":[[9726,9727,9728,9729]],"properties":{"pop":20,"kn":"1383"}},{"type":"Polygon","arcs":[[-9729,-5436,9730,9731]],"properties":{"pop":4,"kn":"1383"}},{"type":"Polygon","arcs":[[-9731,-5439,-5389,-9672]],"properties":{"pop":0,"kn":"1383"}},{"type":"Polygon","arcs":[[-5391,-5444,9732,-9675]],"properties":{"pop":10,"kn":"1383"}},{"type":"Polygon","arcs":[[9733,9734,9735,-9679]],"properties":{"pop":9,"kn":"1383"}},{"type":"Polygon","arcs":[[-9736,9736,-5393,-9681]],"properties":{"pop":3,"kn":"1383"}},{"type":"Polygon","arcs":[[-5395,9737,9738,-9682]],"properties":{"pop":12,"kn":"1383"}},{"type":"Polygon","arcs":[[-9739,9739,9740,-5363]],"properties":{"pop":7,"kn":"1383"}},{"type":"Polygon","arcs":[[-5401,9741,9742,-9686]],"properties":{"pop":6,"kn":"1383"}},{"type":"Polygon","arcs":[[-9743,9743,9744,-5369]],"properties":{"pop":13,"kn":"1383"}},{"type":"Polygon","arcs":[[-9745,-5454,-5402,-9687]],"properties":{"pop":9,"kn":"1383"}},{"type":"Polygon","arcs":[[-5404,-5458,-5406,-9690]],"properties":{"pop":3,"kn":"1383"}},{"type":"Polygon","arcs":[[-5408,-5463,-5409,-9691]],"properties":{"pop":3,"kn":"1383"}},{"type":"Polygon","arcs":[[-5422,9745,9746,-9696]],"properties":{"pop":11,"kn":"1382"}},{"type":"Polygon","arcs":[[-9747,-5476,9747,-5379]],"properties":{"pop":4,"kn":"1382"}},{"type":"Polygon","arcs":[[-9748,9748,9749,-9697]],"properties":{"pop":15,"kn":"1382"}},{"type":"Polygon","arcs":[[-9750,9750,-5424,-9700]],"properties":{"pop":3,"kn":"1382"}},{"type":"Polygon","arcs":[[-5426,9751,-5428,-9704]],"properties":{"pop":0,"kn":"1382"}},{"type":"Polygon","arcs":[[-5432,9752,9753,-9707]],"properties":{"pop":0,"kn":"1383"}},{"type":"Polygon","arcs":[[9754,9755,9756,9757]],"properties":{"pop":16,"kn":"1383"}},{"type":"Polygon","arcs":[[9758,9759,9760,-9715]],"properties":{"pop":16,"kn":"1383"}},{"type":"Polygon","arcs":[[-9761,9761,9762,-9717]],"properties":{"pop":3,"kn":"1383"}},{"type":"Polygon","arcs":[[-9763,9763,9764,9765]],"properties":{"pop":4,"kn":"1383"}},{"type":"Polygon","arcs":[[-9765,9766,9767,-9721]],"properties":{"pop":3,"kn":"1383"}},{"type":"Polygon","arcs":[[9768,9769,9770,9771]],"properties":{"pop":10,"kn":"1383"}},{"type":"Polygon","arcs":[[-9771,9772,-5433,-9728]],"properties":{"pop":15,"kn":"1383"}},{"type":"Polygon","arcs":[[-5446,-5489,9773,-9735]],"properties":{"pop":9,"kn":"1383"}},{"type":"Polygon","arcs":[[-9774,9774,9775,-9737]],"properties":{"pop":10,"kn":"1383"}},{"type":"Polygon","arcs":[[-9776,-5493,9776,-5394]],"properties":{"pop":4,"kn":"1383"}},{"type":"Polygon","arcs":[[-9777,9777,9778,-9738]],"properties":{"pop":8,"kn":"1383"}},{"type":"Polygon","arcs":[[-9779,-5497,9779,-9740]],"properties":{"pop":16,"kn":"1383"}},{"type":"Polygon","arcs":[[9780,9781,-5448,9782]],"properties":{"pop":21,"kn":"1383"}},{"type":"Polygon","arcs":[[-5450,-5503,9783,-5400]],"properties":{"pop":4,"kn":"1383"}},{"type":"Polygon","arcs":[[-9784,9784,9785,-9742]],"properties":{"pop":10,"kn":"1383"}},{"type":"Polygon","arcs":[[-9786,9786,-5451,-9744]],"properties":{"pop":9,"kn":"1383"}},{"type":"Polygon","arcs":[[-5453,9787,-5455,-5403]],"properties":{"pop":0,"kn":"1383"}},{"type":"Polygon","arcs":[[-5473,-5517,-5474,-9746]],"properties":{"pop":5,"kn":"1382"}},{"type":"Polygon","arcs":[[9788,9789,9790,-9753]],"properties":{"pop":0,"kn":"1383"}},{"type":"Polygon","arcs":[[9791,9792,9793,-9760]],"properties":{"pop":17,"kn":"1383"}},{"type":"Polygon","arcs":[[-9794,9794,9795,-9762]],"properties":{"pop":8,"kn":"1383"}},{"type":"Polygon","arcs":[[-9796,-5521,9796,-9764]],"properties":{"pop":13,"kn":"1383"}},{"type":"Polygon","arcs":[[-9797,-5524,9797,-9767]],"properties":{"pop":16,"kn":"1383"}},{"type":"Polygon","arcs":[[-9798,9798,9799,9800]],"properties":{"pop":24,"kn":"1383"}},{"type":"Polygon","arcs":[[9801,9802,9803,-9770]],"properties":{"pop":18,"kn":"1383"}},{"type":"Polygon","arcs":[[-5488,9804,-5490,-9775]],"properties":{"pop":14,"kn":"1383"}},{"type":"Polygon","arcs":[[-5492,9805,-5494,-9778]],"properties":{"pop":3,"kn":"1383"}},{"type":"Polygon","arcs":[[-5496,9806,9807,9808]],"properties":{"pop":3,"kn":"1383"}},{"type":"Polygon","arcs":[[-9808,-5531,-5498,-9782]],"properties":{"pop":11,"kn":"1383"}},{"type":"Polygon","arcs":[[-5502,9809,9810,-9785]],"properties":{"pop":7,"kn":"1383"}},{"type":"Polygon","arcs":[[-9811,9811,-5504,-9787]],"properties":{"pop":9,"kn":"1383"}},{"type":"Polygon","arcs":[[-5506,9812,-5507,-9788]],"properties":{"pop":12,"kn":"1383"}},{"type":"Polygon","arcs":[[-5513,9813,9814,-5464]],"properties":{"pop":0,"kn":"1383"}},{"type":"Polygon","arcs":[[-9815,9815,-5466]],"properties":{"pop":0,"kn":"1383"}},{"type":"Polygon","arcs":[[9816,-5539,9817,-5470]],"properties":{"pop":3,"kn":"1382"}},{"type":"Polygon","arcs":[[-9818,-5542,-5514,-5472]],"properties":{"pop":9,"kn":"1382"}},{"type":"Polygon","arcs":[[9818,9819,-9790]],"properties":{"pop":3,"kn":"1383"}},{"type":"Polygon","arcs":[[9820,9821,9822,9823]],"properties":{"pop":23,"kn":"1383"}},{"type":"Polygon","arcs":[[9824,9825,9826,9827]],"properties":{"pop":25,"kn":"1383"}},{"type":"Polygon","arcs":[[-9827,-5550,9828,-9793]],"properties":{"pop":3,"kn":"1383"}},{"type":"Polygon","arcs":[[-9829,-5553,-5518,-9795]],"properties":{"pop":4,"kn":"1383"}},{"type":"Polygon","arcs":[[9829,-5561,9830,-9803]],"properties":{"pop":23,"kn":"1383"}},{"type":"Polygon","arcs":[[9831,9832,9833,-5481]],"properties":{"pop":21,"kn":"1383"}},{"type":"Polygon","arcs":[[-9834,9834,9835,-5483]],"properties":{"pop":4,"kn":"1383"}},{"type":"Polygon","arcs":[[9836,-5525,-9805]],"properties":{"pop":4,"kn":"1383"}},{"type":"Polygon","arcs":[[-5527,-5564,9837,-9806]],"properties":{"pop":5,"kn":"1383"}},{"type":"Polygon","arcs":[[-9838,9838,9839,-5495]],"properties":{"pop":11,"kn":"1383"}},{"type":"Polygon","arcs":[[-9840,9840,-5528,-9807]],"properties":{"pop":5,"kn":"1383"}},{"type":"Polygon","arcs":[[-5530,-5568,9841,-5499]],"properties":{"pop":7,"kn":"1383"}},{"type":"Polygon","arcs":[[-9842,9842,9843,-5501]],"properties":{"pop":8,"kn":"1383"}},{"type":"Polygon","arcs":[[-9844,-5572,9844,-9810]],"properties":{"pop":3,"kn":"1383"}},{"type":"Polygon","arcs":[[-9845,-5575,9845,-9812]],"properties":{"pop":10,"kn":"1383"}},{"type":"Polygon","arcs":[[-9846,9846,9847,-5505]],"properties":{"pop":5,"kn":"1383"}},{"type":"Polygon","arcs":[[-9848,-5579,9848,-9813]],"properties":{"pop":6,"kn":"1383"}},{"type":"Polygon","arcs":[[-9849,9849,-5532,-5508]],"properties":{"pop":3,"kn":"1383"}},{"type":"Polygon","arcs":[[-5536,-5584,9850,-9814]],"properties":{"pop":3,"kn":"1383"}},{"type":"Polygon","arcs":[[-5545,9851,9852,9853]],"properties":{"pop":14,"kn":"1383"}},{"type":"Polygon","arcs":[[9854,9855,9856,9857]],"properties":{"pop":22,"kn":"1383"}},{"type":"Polygon","arcs":[[9858,9859,-5547,-9826]],"properties":{"pop":15,"kn":"1383"}},{"type":"Polygon","arcs":[[-5557,9860,9861,9862]],"properties":{"pop":11,"kn":"1383"}},{"type":"Polygon","arcs":[[9863,-5592,-5558,9864]],"properties":{"pop":3,"kn":"1383"}},{"type":"Polygon","arcs":[[-5560,-5597,9865,9866]],"properties":{"pop":9,"kn":"1383"}},{"type":"Polygon","arcs":[[-9866,9867,9868,9869]],"properties":{"pop":6,"kn":"1383"}},{"type":"Polygon","arcs":[[-9869,9870,9871,-9833]],"properties":{"pop":14,"kn":"1383"}},{"type":"Polygon","arcs":[[-9872,9872,9873,-9835]],"properties":{"pop":20,"kn":"1383"}},{"type":"Polygon","arcs":[[-5563,9874,9875,-9839]],"properties":{"pop":15,"kn":"1383"}},{"type":"Polygon","arcs":[[9876,9877,-5565,-5529]],"properties":{"pop":14,"kn":"1383"}},{"type":"Polygon","arcs":[[-5567,9878,-5569,-9843]],"properties":{"pop":0,"kn":"1383"}},{"type":"Polygon","arcs":[[-5574,9879,-5576,-9847]],"properties":{"pop":7,"kn":"1383"}},{"type":"Polygon","arcs":[[-5578,-5606,9880,-9850]],"properties":{"pop":3,"kn":"1383"}},{"type":"Polygon","arcs":[[-9881,-5609,-5580,-5533]],"properties":{"pop":3,"kn":"1383"}},{"type":"Polygon","arcs":[[9881,9882,9883,9884]],"properties":{"pop":18,"kn":"1383"}},{"type":"Polygon","arcs":[[9885,-5614,9886,-5548]],"properties":{"pop":12,"kn":"1383"}},{"type":"Polygon","arcs":[[-9887,-5617,-5586,-5551]],"properties":{"pop":0,"kn":"1383"}},{"type":"Polygon","arcs":[[-5588,-5621,9887,-5556]],"properties":{"pop":4,"kn":"1383"}},{"type":"Polygon","arcs":[[-9888,9888,9889,-9861]],"properties":{"pop":4,"kn":"1383"}},{"type":"Polygon","arcs":[[-5596,-5629,9890,-9868]],"properties":{"pop":4,"kn":"1383"}},{"type":"Polygon","arcs":[[-9891,9891,9892,-9871]],"properties":{"pop":15,"kn":"1383"}},{"type":"Polygon","arcs":[[-9893,9893,9894,-9873]],"properties":{"pop":3,"kn":"1383"}},{"type":"Polygon","arcs":[[9895,9896,9897,-9875]],"properties":{"pop":3,"kn":"1383"}},{"type":"Polygon","arcs":[[9898,9899,9900,-5566]],"properties":{"pop":8,"kn":"1383"}},{"type":"Polygon","arcs":[[-5602,9901,9902,-9880]],"properties":{"pop":7,"kn":"1383"}},{"type":"Polygon","arcs":[[-9903,9903,-5603,-5577]],"properties":{"pop":4,"kn":"1383"}},{"type":"Polygon","arcs":[[9904]],"properties":{"pop":0,"kn":"1383"}},{"type":"Polygon","arcs":[[9905,-5636,-5611,9906]],"properties":{"pop":19,"kn":"1383"}},{"type":"Polygon","arcs":[[-5616,-5643,-5618,-5587]],"properties":{"pop":0,"kn":"1384"}},{"type":"Polygon","arcs":[[-5620,-5647,9907,-9889]],"properties":{"pop":12,"kn":"1383"}},{"type":"Polygon","arcs":[[-5628,-5655,9908,-9892]],"properties":{"pop":12,"kn":"1383"}},{"type":"Polygon","arcs":[[-9909,9909,9910,-9894]],"properties":{"pop":3,"kn":"1383"}},{"type":"Polygon","arcs":[[9911,9912,-9897]],"properties":{"pop":18,"kn":"1383"}},{"type":"Polygon","arcs":[[9913,9914,9915,-9900]],"properties":{"pop":23,"kn":"1383"}},{"type":"Polygon","arcs":[[-9916,9916,9917,9918]],"properties":{"pop":10,"kn":"1383"}},{"type":"Polygon","arcs":[[-9918,9919,9920,-5599]],"properties":{"pop":3,"kn":"1383"}},{"type":"Polygon","arcs":[[-9921,-5659,9921,-5601]],"properties":{"pop":5,"kn":"1383"}},{"type":"Polygon","arcs":[[9922,9923,9924,-9904]],"properties":{"pop":0,"kn":"1383"}},{"type":"Polygon","arcs":[[-9925,9925,-5630,-5604]],"properties":{"pop":7,"kn":"1383"}},{"type":"Polygon","arcs":[[9926,9927,-5633,9928]],"properties":{"pop":19,"kn":"1383"}},{"type":"Polygon","arcs":[[-5642,9929,-5644,-5619]],"properties":{"pop":25,"kn":"1384"}},{"type":"Polygon","arcs":[[-5646,9930,9931,9932]],"properties":{"pop":12,"kn":"1384"}},{"type":"Polygon","arcs":[[-9932,9933,9934,9935]],"properties":{"pop":15,"kn":"1383"}},{"type":"Polygon","arcs":[[-9935,9936,-5648,-5623]],"properties":{"pop":5,"kn":"1383"}},{"type":"Polygon","arcs":[[-5654,9937,-9910]],"properties":{"pop":7,"kn":"1383"}},{"type":"Polygon","arcs":[[9938,9939,9940]],"properties":{"pop":4,"kn":"1383"}},{"type":"Polygon","arcs":[[-9940,-5671,9941,9942]],"properties":{"pop":21,"kn":"1383"}},{"type":"Polygon","arcs":[[-9942,-5674,9943,-9915]],"properties":{"pop":6,"kn":"1383"}},{"type":"Polygon","arcs":[[9944,9945,-5656,-9920]],"properties":{"pop":3,"kn":"1383"}},{"type":"Polygon","arcs":[[-5661,9946,9947,-9924]],"properties":{"pop":4,"kn":"1383"}},{"type":"Polygon","arcs":[[-9948,9948,9949,-9926]],"properties":{"pop":8,"kn":"1383"}},{"type":"Polygon","arcs":[[-9950,9950,-5631]],"properties":{"pop":3,"kn":"1383"}},{"type":"Polygon","arcs":[[9951,9952,9953,-5639]],"properties":{"pop":16,"kn":"1384"}},{"type":"Polygon","arcs":[[9954,9955,9956,-9930]],"properties":{"pop":8,"kn":"1384"}},{"type":"Polygon","arcs":[[-9957,9957,9958,-5645]],"properties":{"pop":14,"kn":"1384"}},{"type":"Polygon","arcs":[[-9959,9959,9960,-9931]],"properties":{"pop":25,"kn":"1384"}},{"type":"Polygon","arcs":[[-9961,9961,9962,-9934]],"properties":{"pop":10,"kn":"1383"}},{"type":"Polygon","arcs":[[-9963,-5684,-5663,-9937]],"properties":{"pop":3,"kn":"1383"}},{"type":"Polygon","arcs":[[-5676,-5689,9963,-9946]],"properties":{"pop":13,"kn":"1383"}},{"type":"Polygon","arcs":[[-9964,9964,-5678,-5657]],"properties":{"pop":3,"kn":"1383"}},{"type":"Polygon","arcs":[[-5680,9965,9966,-9947]],"properties":{"pop":8,"kn":"1383"}},{"type":"Polygon","arcs":[[-9967,9967,-9949]],"properties":{"pop":7,"kn":"1383"}},{"type":"Polygon","arcs":[[9968,9969,9970]],"properties":{"pop":13,"kn":"1384"}},{"type":"Polygon","arcs":[[-9970,9971,9972,9973]],"properties":{"pop":6,"kn":"1384"}},{"type":"Polygon","arcs":[[9974,-5701,9975,9976]],"properties":{"pop":16,"kn":"1384"}},{"type":"Polygon","arcs":[[9977,9978,9979,9980]],"properties":{"pop":8,"kn":"1384"}},{"type":"Polygon","arcs":[[9981,9982,9983,-9958]],"properties":{"pop":16,"kn":"1384"}},{"type":"Polygon","arcs":[[-9984,9984,9985,-9960]],"properties":{"pop":5,"kn":"1384"}},{"type":"Polygon","arcs":[[-9986,9986,-5681,-9962]],"properties":{"pop":9,"kn":"1384"}},{"type":"Polygon","arcs":[[-5686,9987,9988,-5666]],"properties":{"pop":5,"kn":"1383"}},{"type":"Polygon","arcs":[[9989,9990,-5672]],"properties":{"pop":3,"kn":"1383"}},{"type":"Polygon","arcs":[[-9991,9991,-5687,-5675]],"properties":{"pop":6,"kn":"1383"}},{"type":"Polygon","arcs":[[9992,-9966]],"properties":{"pop":3,"kn":"1383"}},{"type":"Polygon","arcs":[[-5700,9993,9994,9995]],"properties":{"pop":7,"kn":"1384"}},{"type":"Polygon","arcs":[[9996,9997,9998,9999]],"properties":{"pop":16,"kn":"1384"}},{"type":"Polygon","arcs":[[-9999,-5710,10000,10001]],"properties":{"pop":16,"kn":"1384"}},{"type":"Polygon","arcs":[[10002,-5714,10003,-9985]],"properties":{"pop":18,"kn":"1384"}},{"type":"Polygon","arcs":[[-10004,10004,-5702,-9987]],"properties":{"pop":5,"kn":"1384"}},{"type":"Polygon","arcs":[[10005,-5721,10006,-9988]],"properties":{"pop":6,"kn":"1383"}},{"type":"Polygon","arcs":[[10007,10008,10009,-5690]],"properties":{"pop":8,"kn":"1384"}},{"type":"Polygon","arcs":[[10010,10011,10012,-5699]],"properties":{"pop":22,"kn":"1384"}},{"type":"Polygon","arcs":[[-10013,10013,10014,-9994]],"properties":{"pop":6,"kn":"1384"}},{"type":"Polygon","arcs":[[-5709,-5736,10015,10016]],"properties":{"pop":6,"kn":"1384"}},{"type":"Polygon","arcs":[[-10016,10017,-5711,10018]],"properties":{"pop":15,"kn":"1384"}},{"type":"Polygon","arcs":[[-5713,10019,10020,-10005]],"properties":{"pop":3,"kn":"1384"}},{"type":"Polygon","arcs":[[-10021,-5740,-5715,-5703]],"properties":{"pop":3,"kn":"1384"}},{"type":"Polygon","arcs":[[10021,10022,-10009]],"properties":{"pop":3,"kn":"1384"}},{"type":"Polygon","arcs":[[10023,10024,10025,10026]],"properties":{"pop":19,"kn":"1384"}},{"type":"Polygon","arcs":[[10027,10028,10029,-10012]],"properties":{"pop":19,"kn":"1384"}},{"type":"Polygon","arcs":[[10030,10031,-5731,10032]],"properties":{"pop":10,"kn":"1384"}},{"type":"Polygon","arcs":[[-5735,10033,10034,-10018]],"properties":{"pop":16,"kn":"1384"}},{"type":"Polygon","arcs":[[-10035,10035,10036,-5712]],"properties":{"pop":21,"kn":"1384"}},{"type":"Polygon","arcs":[[-10037,10037,-5737,-10020]],"properties":{"pop":8,"kn":"1384"}},{"type":"Polygon","arcs":[[-5742,10038,10039,-5719]],"properties":{"pop":18,"kn":"1384"}},{"type":"Polygon","arcs":[[-5750,10040,10041,-5727]],"properties":{"pop":21,"kn":"1384"}},{"type":"Polygon","arcs":[[-10042,10042,10043,-5729]],"properties":{"pop":11,"kn":"1384"}},{"type":"Polygon","arcs":[[-5753,10044,10045,-10029]],"properties":{"pop":8,"kn":"1384"}},{"type":"Polygon","arcs":[[-10046,-5774,10046,10047]],"properties":{"pop":7,"kn":"1384"}},{"type":"Polygon","arcs":[[-10047,-5777,10048,10049]],"properties":{"pop":13,"kn":"1384"}},{"type":"Polygon","arcs":[[-10049,10050,-5755,-10032]],"properties":{"pop":27,"kn":"1384"}},{"type":"Polygon","arcs":[[10051,10052,10053,-5738]],"properties":{"pop":12,"kn":"1384"}},{"type":"Polygon","arcs":[[-10054,-5781,10054,-5741]],"properties":{"pop":3,"kn":"1384"}},{"type":"Polygon","arcs":[[-10055,-5784,10055,-10039]],"properties":{"pop":3,"kn":"1384"}},{"type":"Polygon","arcs":[[-5760,10056,10057,-5744]],"properties":{"pop":17,"kn":"1384"}},{"type":"Polygon","arcs":[[10058,10059,-5762,-10043]],"properties":{"pop":19,"kn":"1384"}},{"type":"Polygon","arcs":[[10060,10061,10062]],"properties":{"pop":7,"kn":"1384"}},{"type":"Polygon","arcs":[[10063,-5788,10064,10065]],"properties":{"pop":10,"kn":"1384"}},{"type":"Polygon","arcs":[[-5770,-5792,-5771,-10045]],"properties":{"pop":4,"kn":"1384"}},{"type":"Polygon","arcs":[[-5776,10066,10067,-10051]],"properties":{"pop":19,"kn":"1384"}},{"type":"Polygon","arcs":[[-10068,10068,10069,-5756]],"properties":{"pop":16,"kn":"1384"}},{"type":"Polygon","arcs":[[10070,10071,-10057]],"properties":{"pop":0,"kn":"1384"}},{"type":"Polygon","arcs":[[-5787,10072,10073,10074]],"properties":{"pop":11,"kn":"1384"}},{"type":"Polygon","arcs":[[10075,10076,-5789,-5769]],"properties":{"pop":3,"kn":"1384"}},{"type":"Polygon","arcs":[[-5796,10077,10078,-10067]],"properties":{"pop":26,"kn":"1384"}},{"type":"Polygon","arcs":[[10079,10080,10081,10082]],"properties":{"pop":13,"kn":"1384"}},{"type":"Polygon","arcs":[[-10082,10083,10084,10085]],"properties":{"pop":22,"kn":"1384"}},{"type":"Polygon","arcs":[[-10085,-5821,10086,10087]],"properties":{"pop":16,"kn":"1384"}},{"type":"Polygon","arcs":[[-10087,10088,-5797,10089]],"properties":{"pop":7,"kn":"1384"}},{"type":"Polygon","arcs":[[10090,10091,10092,-10073]],"properties":{"pop":3,"kn":"1384"}},{"type":"Polygon","arcs":[[10093,10094,-5813,-10077]],"properties":{"pop":18,"kn":"1384"}},{"type":"Polygon","arcs":[[-5817,10095,10096,-5795]],"properties":{"pop":16,"kn":"1384"}},{"type":"Polygon","arcs":[[10097,10098,-5818,-10084]],"properties":{"pop":19,"kn":"1384"}},{"type":"Polygon","arcs":[[-5820,10099,-5822,-10089]],"properties":{"pop":8,"kn":"1384"}},{"type":"Polygon","arcs":[[-5828,10100,10101,-5805]],"properties":{"pop":3,"kn":"1384"}},{"type":"Polygon","arcs":[[-5834,-5860,-5835,-5810]],"properties":{"pop":3,"kn":"1384"}},{"type":"Polygon","arcs":[[-5837,-5864,10102,-10092]],"properties":{"pop":18,"kn":"1384"}},{"type":"Polygon","arcs":[[10103,10104,-5839,-10095]],"properties":{"pop":6,"kn":"1384"}},{"type":"Polygon","arcs":[[10105,-5871,10106,10107]],"properties":{"pop":32,"kn":"1384"}},{"type":"Polygon","arcs":[[-5844,10108,-5845,-10100]],"properties":{"pop":7,"kn":"1384"}},{"type":"Polygon","arcs":[[-5847,-5878,-5848,-5825]],"properties":{"pop":9,"kn":"1384"}},{"type":"Polygon","arcs":[[-5850,10109,10110,-10101]],"properties":{"pop":16,"kn":"1384"}},{"type":"Polygon","arcs":[[-10111,10111]],"properties":{"pop":8,"kn":"1384"}},{"type":"Polygon","arcs":[[-5859,10112,-5861,-5836]],"properties":{"pop":5,"kn":"1384"}},{"type":"Polygon","arcs":[[10113,10114,10115,-5843]],"properties":{"pop":4,"kn":"1384"}},{"type":"Polygon","arcs":[[-10116,10116,10117,-10109]],"properties":{"pop":15,"kn":"1384"}},{"type":"Polygon","arcs":[[-10118,10118,-5875,-5846]],"properties":{"pop":4,"kn":"1384"}},{"type":"Polygon","arcs":[[-5877,10119,10120,-5849]],"properties":{"pop":21,"kn":"1384"}},{"type":"Polygon","arcs":[[-10121,10121,10122,-10110]],"properties":{"pop":3,"kn":"1384"}},{"type":"Polygon","arcs":[[10123,10124,-5882,-10113]],"properties":{"pop":14,"kn":"1384"}},{"type":"Polygon","arcs":[[10125,10126,-5885,10127]],"properties":{"pop":4,"kn":"1384"}},{"type":"Polygon","arcs":[[-5887,-5893,10128,-5872]],"properties":{"pop":3,"kn":"1384"}},{"type":"Polygon","arcs":[[10129,10130,10131,-10120]],"properties":{"pop":26,"kn":"1384"}},{"type":"Polygon","arcs":[[-10132,10132,10133,-10122]],"properties":{"pop":3,"kn":"1384"}},{"type":"Polygon","arcs":[[10134,10135,10136,-10125]],"properties":{"pop":20,"kn":"1384"}},{"type":"Polygon","arcs":[[10137,10138,-5888,-10127]],"properties":{"pop":9,"kn":"1384"}},{"type":"Polygon","arcs":[[-5898,10139,-5900,10140]],"properties":{"pop":4,"kn":"1384"}},{"type":"Polygon","arcs":[[-5902,-5915,10141,10142]],"properties":{"pop":19,"kn":"1384"}},{"type":"Polygon","arcs":[[-10142,10143,10144,10145]],"properties":{"pop":13,"kn":"1384"}},{"type":"Polygon","arcs":[[-10145,10146,10147,-10131]],"properties":{"pop":7,"kn":"1384"}},{"type":"Polygon","arcs":[[-10148,10148,-10133]],"properties":{"pop":25,"kn":"1384"}},{"type":"Polygon","arcs":[[10149,10150,10151]],"properties":{"pop":5,"kn":"1384"}},{"type":"Polygon","arcs":[[10152,10153,10154]],"properties":{"pop":3,"kn":"1384"}},{"type":"Polygon","arcs":[[10155,10156,10157,10158]],"properties":{"pop":27,"kn":"1384"}},{"type":"Polygon","arcs":[[10159,-5922,-5904,-10139]],"properties":{"pop":0,"kn":"1384"}},{"type":"Polygon","arcs":[[-5906,10160,-5907,-5891]],"properties":{"pop":13,"kn":"1384"}},{"type":"Polygon","arcs":[[-5911,10161,10162,-10140]],"properties":{"pop":7,"kn":"1384"}},{"type":"Polygon","arcs":[[-10163,10163,-5912,-5901]],"properties":{"pop":17,"kn":"1384"}},{"type":"Polygon","arcs":[[-5914,10164,10165,-10144]],"properties":{"pop":9,"kn":"1384"}},{"type":"Polygon","arcs":[[-10166,10166,-10147]],"properties":{"pop":13,"kn":"1384"}},{"type":"Polygon","arcs":[[10167,10168,10169,-10150]],"properties":{"pop":5,"kn":"1384"}},{"type":"Polygon","arcs":[[10170,10171,10172,10173]],"properties":{"pop":9,"kn":"1384"}},{"type":"Polygon","arcs":[[10174,10175,10176,10177]],"properties":{"pop":15,"kn":"1384"}},{"type":"Polygon","arcs":[[10178,10179,-5916,10180]],"properties":{"pop":0,"kn":"1384"}},{"type":"Polygon","arcs":[[-5924,10181,10182,-10161]],"properties":{"pop":15,"kn":"1384"}},{"type":"Polygon","arcs":[[10183,10184,10185,-5910]],"properties":{"pop":25,"kn":"1384"}},{"type":"Polygon","arcs":[[-10186,10186,10187,-10162]],"properties":{"pop":23,"kn":"1384"}},{"type":"Polygon","arcs":[[-10188,10188,10189,-10164]],"properties":{"pop":7,"kn":"1384"}},{"type":"Polygon","arcs":[[-10190,10190,10191,-5913]],"properties":{"pop":12,"kn":"1384"}},{"type":"Polygon","arcs":[[-10192,10192,-10165]],"properties":{"pop":5,"kn":"1384"}},{"type":"Polygon","arcs":[[10193,10194,-5925,10195]],"properties":{"pop":13,"kn":"1384"}},{"type":"Polygon","arcs":[[10196,10197,-5929,-5917]],"properties":{"pop":11,"kn":"1384"}},{"type":"Polygon","arcs":[[-5933,10198,-5934,-10182]],"properties":{"pop":5,"kn":"1384"}},{"type":"Polygon","arcs":[[-5936,-5948,10199,-10185]],"properties":{"pop":4,"kn":"1384"}},{"type":"Polygon","arcs":[[-10200,-5951,10200,-10187]],"properties":{"pop":21,"kn":"1384"}},{"type":"Polygon","arcs":[[10201,10202,10203,-5926]],"properties":{"pop":13,"kn":"1384"}},{"type":"Polygon","arcs":[[10204,10205,10206,10207]],"properties":{"pop":3,"kn":"1384"}},{"type":"Polygon","arcs":[[-10207,10208,10209,10210]],"properties":{"pop":9,"kn":"1384"}},{"type":"Polygon","arcs":[[10211,10212,10213,10214]],"properties":{"pop":24,"kn":"1384"}},{"type":"Polygon","arcs":[[10215,10216,10217,10218]],"properties":{"pop":24,"kn":"1384"}},{"type":"Polygon","arcs":[[10219,10220,-5942,-5930]],"properties":{"pop":8,"kn":"1384"}},{"type":"Polygon","arcs":[[-5950,10221,10222]],"properties":{"pop":6,"kn":"1384"}},{"type":"Polygon","arcs":[[10223,10224,10225,-10206]],"properties":{"pop":24,"kn":"1384"}},{"type":"Polygon","arcs":[[10226,10227,-5952,-10217]],"properties":{"pop":11,"kn":"1384"}},{"type":"Polygon","arcs":[[10228,10229,-5956,10230]],"properties":{"pop":5,"kn":"1384"}},{"type":"Polygon","arcs":[[10231,10232,10233,10234]],"properties":{"pop":35,"kn":"1384"}},{"type":"Polygon","arcs":[[10235,-5989,-5971,-10228]],"properties":{"pop":4,"kn":"1384"}},{"type":"Polygon","arcs":[[-5973,10236,10237,10238]],"properties":{"pop":3,"kn":"1384"}},{"type":"Polygon","arcs":[[10239,10240,10241,-5960]],"properties":{"pop":21,"kn":"1384"}},{"type":"Polygon","arcs":[[10242,-5995,10243,10244]],"properties":{"pop":6,"kn":"1384"}},{"type":"Polygon","arcs":[[-10244,10245]],"properties":{"pop":16,"kn":"1384"}},{"type":"Polygon","arcs":[[10246,10247,-5982,10248]],"properties":{"pop":11,"kn":"1384"}},{"type":"Polygon","arcs":[[-5991,10249,10250,-10237]],"properties":{"pop":16,"kn":"1384"}},{"type":"Polygon","arcs":[[10251,-6005,10252,10253]],"properties":{"pop":5,"kn":"1384"}},{"type":"Polygon","arcs":[[-10253,-6008,10254,10255]],"properties":{"pop":26,"kn":"1384"}},{"type":"Polygon","arcs":[[10256,10257,-5992,10258]],"properties":{"pop":5,"kn":"1384"}},{"type":"Polygon","arcs":[[-6001,10259,10260,10261]],"properties":{"pop":10,"kn":"1384"}},{"type":"Polygon","arcs":[[10262,10263,10264,-10248]],"properties":{"pop":4,"kn":"1384"}},{"type":"Polygon","arcs":[[-10265,10265,10266,-5983]],"properties":{"pop":11,"kn":"1384"}},{"type":"Polygon","arcs":[[10267,10268,-6002,10269]],"properties":{"pop":19,"kn":"1384"}},{"type":"Polygon","arcs":[[10270,10271,-5993]],"properties":{"pop":13,"kn":"1384"}},{"type":"Polygon","arcs":[[10272,10273,10274,-5998]],"properties":{"pop":3,"kn":"1384"}},{"type":"Polygon","arcs":[[-6014,10275,10276,10277]],"properties":{"pop":12,"kn":"1384"}},{"type":"Polygon","arcs":[[10278,10279,10280,10281]],"properties":{"pop":18,"kn":"1384"}},{"type":"Polygon","arcs":[[-10281,10282,10283,10284]],"properties":{"pop":11,"kn":"1384"}},{"type":"Polygon","arcs":[[10285,10286,-6016,-10269]],"properties":{"pop":0,"kn":"1384"}},{"type":"Polygon","arcs":[[-6020,-6031,10287,10288]],"properties":{"pop":3,"kn":"1384"}},{"type":"Polygon","arcs":[[10289,10290,-10274]],"properties":{"pop":20,"kn":"1384"}},{"type":"Polygon","arcs":[[-6023,-6040,10291,-10276]],"properties":{"pop":0,"kn":"1384"}},{"type":"Polygon","arcs":[[10292,10293,10294,-10283]],"properties":{"pop":13,"kn":"1384"}},{"type":"Polygon","arcs":[[-10295,-6044,10295,10296]],"properties":{"pop":3,"kn":"1384"}},{"type":"Polygon","arcs":[[-10296,-6047,10297,10298]],"properties":{"pop":22,"kn":"1384"}},{"type":"Polygon","arcs":[[10299,10300,10301,-10287]],"properties":{"pop":0,"kn":"1384"}},{"type":"Polygon","arcs":[[10302,-6051,-6028,-6019]],"properties":{"pop":11,"kn":"1384"}},{"type":"Polygon","arcs":[[-6030,-6056,10303,10304]],"properties":{"pop":5,"kn":"1384"}},{"type":"Polygon","arcs":[[-6039,10305,10306,10307]],"properties":{"pop":7,"kn":"1384"}},{"type":"Polygon","arcs":[[10308,10309,10310,10311]],"properties":{"pop":14,"kn":"1384"}},{"type":"Polygon","arcs":[[-6046,10312,10313,10314]],"properties":{"pop":10,"kn":"1384"}},{"type":"Polygon","arcs":[[-10314,-6072,10315,-10301]],"properties":{"pop":3,"kn":"1384"}},{"type":"Polygon","arcs":[[-6059,10316,10317,-6036]],"properties":{"pop":4,"kn":"1384"}},{"type":"Polygon","arcs":[[-10318,-6088,10318,-6038]],"properties":{"pop":11,"kn":"1384"}},{"type":"Polygon","arcs":[[-10319,-6091,-6060,-10306]],"properties":{"pop":7,"kn":"1384"}},{"type":"Polygon","arcs":[[-6068,10319,-6069,-10313]],"properties":{"pop":14,"kn":"1384"}},{"type":"Polygon","arcs":[[-6071,-6102,-6073,10320]],"properties":{"pop":11,"kn":"1384"}},{"type":"Polygon","arcs":[[10321,10322,-6082,10323]],"properties":{"pop":21,"kn":"1384"}},{"type":"Polygon","arcs":[[-6084,10324,-6085,-10317]],"properties":{"pop":13,"kn":"1384"}},{"type":"Polygon","arcs":[[10325,10326,10327,-6067]],"properties":{"pop":7,"kn":"1384"}},{"type":"Polygon","arcs":[[-10328,10328,-6097,-10320]],"properties":{"pop":3,"kn":"1384"}},{"type":"Polygon","arcs":[[10329,10330,10331,10332]],"properties":{"pop":9,"kn":"1384"}},{"type":"Polygon","arcs":[[10333,10334,-6113,-6098]],"properties":{"pop":27,"kn":"1384"}},{"type":"Polygon","arcs":[[10335,10336,-6120,-6109]],"properties":{"pop":14,"kn":"1384"}},{"type":"Polygon","arcs":[[10337,10338,10339]],"properties":{"pop":3,"kn":"1384"}},{"type":"Polygon","arcs":[[-6127,10340,10341,10342]],"properties":{"pop":20,"kn":"1384"}},{"type":"Polygon","arcs":[[10343,10344,10345,-10335]],"properties":{"pop":7,"kn":"1384"}},{"type":"Polygon","arcs":[[-10346,10346,10347,-6114]],"properties":{"pop":23,"kn":"1384"}},{"type":"Polygon","arcs":[[10348,-6139,-6129,-6118]],"properties":{"pop":5,"kn":"1384"}},{"type":"Polygon","arcs":[[10349,10350,10351]],"properties":{"pop":3,"kn":"1384"}},{"type":"Polygon","arcs":[[-6138,10352,10353,-6130]],"properties":{"pop":7,"kn":"1384"}},{"type":"Polygon","arcs":[[-10354,10354,10355]],"properties":{"pop":7,"kn":"1384"}},{"type":"Polygon","arcs":[[-6142,10356,-10353]],"properties":{"pop":13,"kn":"1384"}},{"type":"Polygon","arcs":[[10357,10358,10359]],"properties":{"pop":17,"kn":"1384"}},{"type":"Polygon","arcs":[[-10359,10360,-6141]],"properties":{"pop":11,"kn":"1384"}},{"type":"Polygon","arcs":[[-6155,-34,10361]],"properties":{"pop":35,"kn":"1381"}},{"type":"Polygon","arcs":[[-30,-6181,10362,-6150]],"properties":{"pop":25,"kn":"1381"}},{"type":"Polygon","arcs":[[-10363,-6183,-6168,-6152]],"properties":{"pop":38,"kn":"1381"}},{"type":"Polygon","arcs":[[-6182,-6196,-6184,-6169]],"properties":{"pop":35,"kn":"1381"}},{"type":"Polygon","arcs":[[-6207,-6241,-6208,-6189]],"properties":{"pop":28,"kn":"1381"}},{"type":"Polygon","arcs":[[-6265,10363,-6266,-6227]],"properties":{"pop":35,"kn":"1381"}},{"type":"Polygon","arcs":[[-6270,-6301,-120,-112]],"properties":{"pop":27,"kn":"1381"}},{"type":"Polygon","arcs":[[-6276,10364,-124,-6239]],"properties":{"pop":27,"kn":"1381"}},{"type":"Polygon","arcs":[[10365,10366,-6296,-6267]],"properties":{"pop":81,"kn":"1381"}},{"type":"Polygon","arcs":[[-6365,10367,10368]],"properties":{"pop":25,"kn":"1381"}},{"type":"Polygon","arcs":[[-10368,-6368,-6330,-139]],"properties":{"pop":26,"kn":"1381"}},{"type":"Polygon","arcs":[[-6332,-6373,10369,-10367]],"properties":{"pop":76,"kn":"1381"}},{"type":"Polygon","arcs":[[-10370,-6376,-6334,-6297]],"properties":{"pop":26,"kn":"1381"}},{"type":"Polygon","arcs":[[-6338,-6383,10370,-6304]],"properties":{"pop":63,"kn":"1381"}},{"type":"Polygon","arcs":[[-10371,-6386,10371,-6306]],"properties":{"pop":73,"kn":"1381"}},{"type":"Polygon","arcs":[[-6342,-180,-6343,-143]],"properties":{"pop":38,"kn":"1381"}},{"type":"Polygon","arcs":[[-6395,-6441,-6396,10372]],"properties":{"pop":24,"kn":"1381"}},{"type":"Polygon","arcs":[[-6403,-6447,10373,-6354]],"properties":{"pop":27,"kn":"1381"}},{"type":"Polygon","arcs":[[-10374,-6449,-6404,-6356]],"properties":{"pop":47,"kn":"1381"}},{"type":"Polygon","arcs":[[-6408,-6455,10374,-6360]],"properties":{"pop":30,"kn":"1381"}},{"type":"Polygon","arcs":[[-10375,-6458,10375,-166]],"properties":{"pop":28,"kn":"1381"}},{"type":"Polygon","arcs":[[-6448,-6482,-6450,-6405]],"properties":{"pop":29,"kn":"1381"}},{"type":"Polygon","arcs":[[-6475,10376,10377,-6424]],"properties":{"pop":84,"kn":"1381"}},{"type":"Polygon","arcs":[[-10378,-6501,10378,-6426]],"properties":{"pop":69,"kn":"1381"}},{"type":"Polygon","arcs":[[-10379,10379,10380,-6428]],"properties":{"pop":45,"kn":"1381"}},{"type":"Polygon","arcs":[[-10381,-6505,-6476,-6430]],"properties":{"pop":21,"kn":"1381"}},{"type":"Polygon","arcs":[[-6478,10381,-6479,-6434]],"properties":{"pop":24,"kn":"1381"}},{"type":"Polygon","arcs":[[10382,-270,10383,-6460]],"properties":{"pop":37,"kn":"1381"}},{"type":"Polygon","arcs":[[-6497,-6524,10384,-6474]],"properties":{"pop":69,"kn":"1381"}},{"type":"Polygon","arcs":[[-6500,-6528,-6502,-10380]],"properties":{"pop":33,"kn":"1381"}},{"type":"Polygon","arcs":[[-6507,-6535,10385,-10382]],"properties":{"pop":58,"kn":"1381"}},{"type":"Polygon","arcs":[[-10386,-6538,10386,-6480]],"properties":{"pop":27,"kn":"1381"}},{"type":"Polygon","arcs":[[-10387,-6539,-233,-200]],"properties":{"pop":32,"kn":"1381"}},{"type":"Polygon","arcs":[[10387,-6559,-6521,-6496]],"properties":{"pop":29,"kn":"1381"}},{"type":"Polygon","arcs":[[-6523,-6564,10388,10389]],"properties":{"pop":22,"kn":"1381"}},{"type":"Polygon","arcs":[[-10389,-6567,-6525,-6499]],"properties":{"pop":76,"kn":"1381"}},{"type":"Polygon","arcs":[[-278,-6579,-6546,-6509]],"properties":{"pop":31,"kn":"1381"}},{"type":"Polygon","arcs":[[-6555,-6585,10390,-6519]],"properties":{"pop":25,"kn":"1381"}},{"type":"Polygon","arcs":[[-10391,-6588,-6556,10391]],"properties":{"pop":60,"kn":"1381"}},{"type":"Polygon","arcs":[[-6569,-6599,-6570,-6529]],"properties":{"pop":43,"kn":"1381"}},{"type":"Polygon","arcs":[[-6577,-6608,-300,-6544]],"properties":{"pop":32,"kn":"1381"}},{"type":"Polygon","arcs":[[10392,10393,10394,10395]],"properties":{"pop":46,"kn":"1381"}},{"type":"Polygon","arcs":[[-10395,10396,10397,-6548]],"properties":{"pop":20,"kn":"1381"}},{"type":"Polygon","arcs":[[-10398,-6618,10398,-6550]],"properties":{"pop":51,"kn":"1381"}},{"type":"Polygon","arcs":[[-10399,10399,-6580,-6552]],"properties":{"pop":33,"kn":"1381"}},{"type":"Polygon","arcs":[[-6587,10400,-6589,-6557]],"properties":{"pop":93,"kn":"1381"}},{"type":"Polygon","arcs":[[-6591,10401,-6592,-6562]],"properties":{"pop":34,"kn":"1381"}},{"type":"Polygon","arcs":[[10402,-381,10403,-10394]],"properties":{"pop":31,"kn":"1381"}},{"type":"Polygon","arcs":[[-6617,10404,-6619,-10400]],"properties":{"pop":54,"kn":"1381"}},{"type":"Polygon","arcs":[[-6621,10405,10406,-6583]],"properties":{"pop":37,"kn":"1381"}},{"type":"Polygon","arcs":[[-10407,10407,10408,-6586]],"properties":{"pop":49,"kn":"1381"}},{"type":"Polygon","arcs":[[-10409,10409,-6622,-10401]],"properties":{"pop":74,"kn":"1381"}},{"type":"Polygon","arcs":[[-6624,-6645,-6625,-10402]],"properties":{"pop":18,"kn":"1381"}},{"type":"Polygon","arcs":[[-6627,-6650,10410,-6595]],"properties":{"pop":77,"kn":"1381"}},{"type":"Polygon","arcs":[[10411,10412,10413,-6616]],"properties":{"pop":66,"kn":"1381"}},{"type":"Polygon","arcs":[[-10414,10414,-6639,-10405]],"properties":{"pop":61,"kn":"1381"}},{"type":"Polygon","arcs":[[-403,10415,-6658,-372]],"properties":{"pop":35,"kn":"1381"}},{"type":"Polygon","arcs":[[10416,10417,-6664,-10415]],"properties":{"pop":41,"kn":"1381"}},{"type":"Polygon","arcs":[[10418,-439,10419,-6643]],"properties":{"pop":60,"kn":"1381"}},{"type":"Polygon","arcs":[[-10420,-6694,-6670,-6646]],"properties":{"pop":51,"kn":"1381"}},{"type":"Polygon","arcs":[[10420,10421,10422,-10416]],"properties":{"pop":40,"kn":"1381"}},{"type":"Polygon","arcs":[[-10423,-6709,-6683,-6659]],"properties":{"pop":25,"kn":"1381"}},{"type":"Polygon","arcs":[[10423,-6715,-6687,-10418]],"properties":{"pop":26,"kn":"1381"}},{"type":"Polygon","arcs":[[-6691,10424,10425,10426]],"properties":{"pop":25,"kn":"1381"}},{"type":"Polygon","arcs":[[-10426,10427,10428,10429]],"properties":{"pop":79,"kn":"1381"}},{"type":"Polygon","arcs":[[-6719,-6747,10430,-10425]],"properties":{"pop":26,"kn":"1381"}},{"type":"Polygon","arcs":[[-10431,-6750,10431,-10428]],"properties":{"pop":40,"kn":"1381"}},{"type":"Polygon","arcs":[[-6722,-6758,-6723,-6692]],"properties":{"pop":31,"kn":"1381"}},{"type":"Polygon","arcs":[[-6727,-6765,-6728,-441]],"properties":{"pop":49,"kn":"1381"}},{"type":"Polygon","arcs":[[-6730,-6770,10432,-445]],"properties":{"pop":66,"kn":"1381"}},{"type":"Polygon","arcs":[[-10433,-6772,-6731,-6699]],"properties":{"pop":82,"kn":"1381"}},{"type":"Polygon","arcs":[[-6734,-519,-6736,10433]],"properties":{"pop":28,"kn":"1381"}},{"type":"Polygon","arcs":[[-6738,-530,-491,-458]],"properties":{"pop":35,"kn":"1381"}},{"type":"Polygon","arcs":[[-6785,10434,-6786,-6748]],"properties":{"pop":24,"kn":"1381"}},{"type":"Polygon","arcs":[[-6820,10435,10436,-10435]],"properties":{"pop":54,"kn":"1381"}},{"type":"Polygon","arcs":[[-584,-6878,-6844,-558]],"properties":{"pop":43,"kn":"1380"}},{"type":"Polygon","arcs":[[-6850,10437,10438,-6819]],"properties":{"pop":82,"kn":"1381"}},{"type":"Polygon","arcs":[[-6856,10439,-6858,10440]],"properties":{"pop":45,"kn":"1381"}},{"type":"Polygon","arcs":[[-6860,-613,-6861,-6824]],"properties":{"pop":22,"kn":"1381"}},{"type":"Polygon","arcs":[[-6877,-6905,-6879,-6845]],"properties":{"pop":25,"kn":"1380"}},{"type":"Polygon","arcs":[[-6888,-645,-6889,-10440]],"properties":{"pop":93,"kn":"1381"}},{"type":"Polygon","arcs":[[-612,-6923,-6891,-6862]],"properties":{"pop":21,"kn":"1381"}},{"type":"Polygon","arcs":[[-6935,10441,-668,-6906]],"properties":{"pop":40,"kn":"1380"}},{"type":"Polygon","arcs":[[10442,10443,-676,-6916]],"properties":{"pop":26,"kn":"1381"}},{"type":"Polygon","arcs":[[-6956,-6982,10444,10445]],"properties":{"pop":49,"kn":"1381"}},{"type":"Polygon","arcs":[[-10445,-6984,-6957,-10444]],"properties":{"pop":45,"kn":"1381"}},{"type":"Polygon","arcs":[[-6960,-6987,-714,-6942]],"properties":{"pop":39,"kn":"1381"}},{"type":"Polygon","arcs":[[-724,-6990,-6962,-688]],"properties":{"pop":25,"kn":"1381"}},{"type":"Polygon","arcs":[[-6973,10446,-6975,10447]],"properties":{"pop":35,"kn":"1380"}},{"type":"Polygon","arcs":[[-6999,-7012,10448,-10447]],"properties":{"pop":24,"kn":"1380"}},{"type":"Polygon","arcs":[[-10449,-7015,10449,-6976]],"properties":{"pop":49,"kn":"1380"}},{"type":"Polygon","arcs":[[-10450,-7018,10450,-6978]],"properties":{"pop":33,"kn":"1380"}},{"type":"Polygon","arcs":[[-10451,-7021,-7000,-6980]],"properties":{"pop":24,"kn":"1380"}},{"type":"Polygon","arcs":[[-7029,-921,-7030,-7008]],"properties":{"pop":24,"kn":"1380"}},{"type":"Polygon","arcs":[[-7035,-7053,10451,-7019]],"properties":{"pop":28,"kn":"1380"}},{"type":"Polygon","arcs":[[-10452,10452,-7036,-7022]],"properties":{"pop":40,"kn":"1380"}},{"type":"Polygon","arcs":[[-923,-970,10453,-7032]],"properties":{"pop":24,"kn":"1380"}},{"type":"Polygon","arcs":[[-10454,-7063,-7050,-7034]],"properties":{"pop":26,"kn":"1380"}},{"type":"Polygon","arcs":[[-7052,-974,-7054,-10453]],"properties":{"pop":87,"kn":"1380"}},{"type":"Polygon","arcs":[[10454,-1015,10455,-908]],"properties":{"pop":26,"kn":"1380"}},{"type":"Polygon","arcs":[[-962,10456,10457,10458]],"properties":{"pop":17,"kn":"1380"}},{"type":"Polygon","arcs":[[10459,10460,10461,-7044]],"properties":{"pop":76,"kn":"1380"}},{"type":"Polygon","arcs":[[-7062,-7079,-971,-7051]],"properties":{"pop":30,"kn":"1380"}},{"type":"Polygon","arcs":[[-1014,10462,10463,10464]],"properties":{"pop":52,"kn":"1380"}},{"type":"Polygon","arcs":[[-1018,10465,10466,-961]],"properties":{"pop":52,"kn":"1380"}},{"type":"Polygon","arcs":[[-10467,10467,10468,-10457]],"properties":{"pop":85,"kn":"1380"}},{"type":"Polygon","arcs":[[10469,10470,-7064,10471]],"properties":{"pop":46,"kn":"1380"}},{"type":"Polygon","arcs":[[10472,10473,10474,-1013]],"properties":{"pop":44,"kn":"1380"}},{"type":"Polygon","arcs":[[10475,10476,10477,10478]],"properties":{"pop":108,"kn":"1380"}},{"type":"Polygon","arcs":[[10479,10480,10481,-10471]],"properties":{"pop":43,"kn":"1380"}},{"type":"Polygon","arcs":[[-10482,10482,-7080,-7065]],"properties":{"pop":82,"kn":"1380"}},{"type":"Polygon","arcs":[[-7084,-7096,-7085,-7071]],"properties":{"pop":35,"kn":"1380"}},{"type":"Polygon","arcs":[[10483,10484,10485,-10477]],"properties":{"pop":53,"kn":"1380"}},{"type":"Polygon","arcs":[[-10486,-7102,-1095,10486]],"properties":{"pop":32,"kn":"1380"}},{"type":"Polygon","arcs":[[-7091,-1147,10487,10488]],"properties":{"pop":75,"kn":"1380"}},{"type":"Polygon","arcs":[[10489,10490,10491,-7081]],"properties":{"pop":45,"kn":"1380"}},{"type":"Polygon","arcs":[[-10492,10492,-7093,-7083]],"properties":{"pop":48,"kn":"1380"}},{"type":"Polygon","arcs":[[-7095,-7111,10493,-7086]],"properties":{"pop":43,"kn":"1380"}},{"type":"Polygon","arcs":[[-10494,-7114,-7097,-7088]],"properties":{"pop":29,"kn":"1380"}},{"type":"Polygon","arcs":[[-1139,10494,10495,-1092]],"properties":{"pop":49,"kn":"1380"}},{"type":"Polygon","arcs":[[10496,-7134,10497,10498]],"properties":{"pop":41,"kn":"1380"}},{"type":"Polygon","arcs":[[10499,10500,10501,-10491]],"properties":{"pop":70,"kn":"1380"}},{"type":"Polygon","arcs":[[-10502,10502,-7106,-10493]],"properties":{"pop":27,"kn":"1380"}},{"type":"Polygon","arcs":[[10503,10504,10505,10506]],"properties":{"pop":49,"kn":"1380"}},{"type":"Polygon","arcs":[[-10506,10507,10508,10509]],"properties":{"pop":32,"kn":"1380"}},{"type":"Polygon","arcs":[[-10509,-7147,-7119,10510]],"properties":{"pop":46,"kn":"1380"}},{"type":"Polygon","arcs":[[-7133,-7159,10511,10512]],"properties":{"pop":44,"kn":"1380"}},{"type":"Polygon","arcs":[[10513,-1225,10514,-7107]],"properties":{"pop":50,"kn":"1380"}},{"type":"Polygon","arcs":[[-10515,-1228,10515,-7109]],"properties":{"pop":83,"kn":"1380"}},{"type":"Polygon","arcs":[[-10516,10516,-7135,-7112]],"properties":{"pop":56,"kn":"1380"}},{"type":"Polygon","arcs":[[-7153,-7194,-7154,-7129]],"properties":{"pop":28,"kn":"1380"}},{"type":"Polygon","arcs":[[10517,-1274,10518,-7136]],"properties":{"pop":31,"kn":"1380"}},{"type":"Polygon","arcs":[[-10519,-1277,-7164,-7138]],"properties":{"pop":35,"kn":"1380"}},{"type":"Polygon","arcs":[[-7184,10519,10520,10521]],"properties":{"pop":38,"kn":"1380"}},{"type":"Polygon","arcs":[[-7187,-7215,-7188,-1213]],"properties":{"pop":52,"kn":"1380"}},{"type":"Polygon","arcs":[[-1251,-1299,-1252,-1219]],"properties":{"pop":39,"kn":"1380"}},{"type":"Polygon","arcs":[[-7193,-7226,-7195,-7155]],"properties":{"pop":27,"kn":"1380"}},{"type":"Polygon","arcs":[[-7200,-7233,10522,-7167]],"properties":{"pop":28,"kn":"1380"}},{"type":"Polygon","arcs":[[-10523,-7235,10523,-7169]],"properties":{"pop":49,"kn":"1380"}},{"type":"Polygon","arcs":[[10524,-1343,-7207,-10520]],"properties":{"pop":41,"kn":"1380"}},{"type":"Polygon","arcs":[[-7214,-1353,-7216,-7189]],"properties":{"pop":61,"kn":"1380"}},{"type":"Polygon","arcs":[[-7223,-7253,-7224,-7192]],"properties":{"pop":29,"kn":"1380"}},{"type":"Polygon","arcs":[[10525,-7262,-7236,-7202]],"properties":{"pop":35,"kn":"1380"}},{"type":"Polygon","arcs":[[10526,-7273,-1340,10527]],"properties":{"pop":27,"kn":"1380"}},{"type":"Polygon","arcs":[[-7246,10528,10529,-1300]],"properties":{"pop":39,"kn":"1380"}},{"type":"Polygon","arcs":[[-7261,-7297,-7263,-7237]],"properties":{"pop":31,"kn":"1380"}},{"type":"Polygon","arcs":[[10530,-7302,-7267,10531]],"properties":{"pop":59,"kn":"1380"}},{"type":"Polygon","arcs":[[10532,10533,10534,-7241]],"properties":{"pop":57,"kn":"1380"}},{"type":"Polygon","arcs":[[-10535,-7310,-7274,-7243]],"properties":{"pop":32,"kn":"1380"}},{"type":"Polygon","arcs":[[-1398,10535,10536,-7245]],"properties":{"pop":22,"kn":"1380"}},{"type":"Polygon","arcs":[[10537,-7328,-7285,-1361]],"properties":{"pop":24,"kn":"1380"}},{"type":"Polygon","arcs":[[-1433,10538,10539,-7265]],"properties":{"pop":54,"kn":"1380"}},{"type":"Polygon","arcs":[[-10540,-7343,-7299,10540]],"properties":{"pop":36,"kn":"1380"}},{"type":"Polygon","arcs":[[-1438,-7360,10541,-10536]],"properties":{"pop":46,"kn":"1380"}},{"type":"Polygon","arcs":[[-10542,-7363,-7314,10542]],"properties":{"pop":45,"kn":"1380"}},{"type":"Polygon","arcs":[[-7321,-1484,10543,10544]],"properties":{"pop":62,"kn":"1380"}},{"type":"Polygon","arcs":[[-7337,-7374,-7338,-7298]],"properties":{"pop":62,"kn":"1380"}},{"type":"Polygon","arcs":[[-1467,10545,-7340,-10539]],"properties":{"pop":87,"kn":"1380"}},{"type":"Polygon","arcs":[[-1473,-1520,-7349,-7308]],"properties":{"pop":26,"kn":"1380"}},{"type":"Polygon","arcs":[[-7369,10546,10547,-7326]],"properties":{"pop":26,"kn":"1380"}},{"type":"Polygon","arcs":[[-10548,10548,-1485,-7329]],"properties":{"pop":25,"kn":"1380"}},{"type":"Polygon","arcs":[[10549,10550,10551,-7341]],"properties":{"pop":46,"kn":"1380"}},{"type":"Polygon","arcs":[[-10552,-7410,-7378,-7344]],"properties":{"pop":15,"kn":"1380"}},{"type":"Polygon","arcs":[[10552,-7432,-7399,-10549]],"properties":{"pop":24,"kn":"1380"}},{"type":"Polygon","arcs":[[10553,10554,10555,-1515]],"properties":{"pop":69,"kn":"1380"}},{"type":"Polygon","arcs":[[10556,-7448,-7407,-10551]],"properties":{"pop":32,"kn":"1380"}},{"type":"Polygon","arcs":[[-7420,-7457,-7421,-7386]],"properties":{"pop":41,"kn":"1380"}},{"type":"Polygon","arcs":[[-7449,10557,-7450,-7411]],"properties":{"pop":49,"kn":"1380"}},{"type":"Polygon","arcs":[[-7454,-7480,10558,-7417]],"properties":{"pop":33,"kn":"1380"}},{"type":"Polygon","arcs":[[-10559,10559,-7455,-7419]],"properties":{"pop":41,"kn":"1380"}},{"type":"Polygon","arcs":[[10560,-7490,-1612,-7425]],"properties":{"pop":63,"kn":"1380"}},{"type":"Polygon","arcs":[[-7463,10561,-7464,10562]],"properties":{"pop":31,"kn":"1380"}},{"type":"Polygon","arcs":[[10563,-7501,10564,10565]],"properties":{"pop":59,"kn":"1382"}},{"type":"Polygon","arcs":[[-10565,-1713,-7472,10566]],"properties":{"pop":26,"kn":"1380"}},{"type":"Polygon","arcs":[[-1658,-7504,-7473,-10558]],"properties":{"pop":53,"kn":"1380"}},{"type":"Polygon","arcs":[[-7479,-7512,-7481,-10560]],"properties":{"pop":60,"kn":"1380"}},{"type":"Polygon","arcs":[[-7485,-7515,-7486,-7460]],"properties":{"pop":54,"kn":"1380"}},{"type":"Polygon","arcs":[[-7529,-1802,-1761,-1699]],"properties":{"pop":41,"kn":"1380"}},{"type":"Polygon","arcs":[[-7531,10567,-7532,-7500]],"properties":{"pop":50,"kn":"1382"}},{"type":"Polygon","arcs":[[10568,10569,10570,-7511]],"properties":{"pop":35,"kn":"1380"}},{"type":"Polygon","arcs":[[-10571,10571,-7545,-1720]],"properties":{"pop":22,"kn":"1380"}},{"type":"Polygon","arcs":[[-7546,-1811,-1764,-7513]],"properties":{"pop":17,"kn":"1380"}},{"type":"Polygon","arcs":[[10572,-7584,-7553,10573]],"properties":{"pop":34,"kn":"1380"}},{"type":"Polygon","arcs":[[-7559,-7589,-7560,-7521]],"properties":{"pop":30,"kn":"1380"}},{"type":"Polygon","arcs":[[10574,10575,10576,-10568]],"properties":{"pop":61,"kn":"1382"}},{"type":"Polygon","arcs":[[-10577,10577,-7567,-7533]],"properties":{"pop":54,"kn":"1382"}},{"type":"Polygon","arcs":[[-7569,-7606,-7570,-7537]],"properties":{"pop":34,"kn":"1382"}},{"type":"Polygon","arcs":[[10578,-7615,-1805,-10572]],"properties":{"pop":46,"kn":"1380"}},{"type":"Polygon","arcs":[[-7576,10579,10580,-7549]],"properties":{"pop":34,"kn":"1380"}},{"type":"Polygon","arcs":[[-10581,10581,-7577,-7551]],"properties":{"pop":29,"kn":"1380"}},{"type":"Polygon","arcs":[[-1820,-7623,-7581,10582]],"properties":{"pop":73,"kn":"1380"}},{"type":"Polygon","arcs":[[10583,-7635,-7601,-10578]],"properties":{"pop":76,"kn":"1382"}},{"type":"Polygon","arcs":[[-7611,-7643,10584,10585]],"properties":{"pop":61,"kn":"1380"}},{"type":"Polygon","arcs":[[-7618,-7650,10586,-10580]],"properties":{"pop":100,"kn":"1380"}},{"type":"Polygon","arcs":[[-10587,-7652,-7619,-10582]],"properties":{"pop":56,"kn":"1380"}},{"type":"Polygon","arcs":[[-7622,10587,-7624,-7582]],"properties":{"pop":28,"kn":"1380"}},{"type":"Polygon","arcs":[[-7628,-7661,-1859,-7586]],"properties":{"pop":29,"kn":"1380"}},{"type":"Polygon","arcs":[[-1897,10588,10589,-7598]],"properties":{"pop":63,"kn":"1382"}},{"type":"Polygon","arcs":[[-10590,10590,-7632,10591]],"properties":{"pop":69,"kn":"1382"}},{"type":"Polygon","arcs":[[-1901,-7678,-7638,-7608]],"properties":{"pop":22,"kn":"1382"}},{"type":"Polygon","arcs":[[-7657,-7694,-7658,-7627]],"properties":{"pop":64,"kn":"1380"}},{"type":"Polygon","arcs":[[-1951,10592,-7668,10593]],"properties":{"pop":39,"kn":"1382"}},{"type":"Polygon","arcs":[[-7670,-7704,10594,-10589]],"properties":{"pop":53,"kn":"1382"}},{"type":"Polygon","arcs":[[-10595,10595,-7671,-10591]],"properties":{"pop":61,"kn":"1382"}},{"type":"Polygon","arcs":[[-1955,10596,-7675,-1900]],"properties":{"pop":19,"kn":"1382"}},{"type":"Polygon","arcs":[[-7677,10597,-7679,-7639]],"properties":{"pop":28,"kn":"1382"}},{"type":"Polygon","arcs":[[-7693,-2039,-1981,-7659]],"properties":{"pop":44,"kn":"1380"}},{"type":"Polygon","arcs":[[10598,-7736,10599,-1950]],"properties":{"pop":54,"kn":"1382"}},{"type":"Polygon","arcs":[[-7703,-7744,-7705,-10596]],"properties":{"pop":38,"kn":"1382"}},{"type":"Polygon","arcs":[[-7707,10600,-7708,-7674]],"properties":{"pop":46,"kn":"1382"}},{"type":"Polygon","arcs":[[10601,-7756,-7711,-10598]],"properties":{"pop":46,"kn":"1382"}},{"type":"Polygon","arcs":[[-7735,10602,-7737,10603]],"properties":{"pop":80,"kn":"1382"}},{"type":"Polygon","arcs":[[-7746,-7785,-7747,-10601]],"properties":{"pop":60,"kn":"1382"}},{"type":"Polygon","arcs":[[-7751,-7792,-7753,10604]],"properties":{"pop":51,"kn":"1382"}},{"type":"Polygon","arcs":[[-7772,10605,-2109,-2041]],"properties":{"pop":33,"kn":"1315"}},{"type":"Polygon","arcs":[[-7779,-7823,-7780,-7742]],"properties":{"pop":26,"kn":"1382"}},{"type":"Polygon","arcs":[[-7795,10606,-7796,-2084]],"properties":{"pop":66,"kn":"1382"}},{"type":"Polygon","arcs":[[-2173,-7843,-2175,-10606]],"properties":{"pop":30,"kn":"1315"}},{"type":"Polygon","arcs":[[-7831,-7876,-7832,-10607]],"properties":{"pop":26,"kn":"1382"}},{"type":"Polygon","arcs":[[-7845,-2366,-7846,-7814]],"properties":{"pop":28,"kn":"1315"}},{"type":"Polygon","arcs":[[-7848,-7887,-7849,-2206]],"properties":{"pop":27,"kn":"1315"}},{"type":"Polygon","arcs":[[-7865,-7910,-7866,10607]],"properties":{"pop":95,"kn":"1382"}},{"type":"Polygon","arcs":[[-7909,-7951,-7911,-7867]],"properties":{"pop":20,"kn":"1382"}},{"type":"Polygon","arcs":[[-7937,10608,10609,-2412]],"properties":{"pop":66,"kn":"1382"}},{"type":"Polygon","arcs":[[-10610,10610,10611,-7895]],"properties":{"pop":34,"kn":"1382"}},{"type":"Polygon","arcs":[[-10612,10612,10613,10614]],"properties":{"pop":90,"kn":"1382"}},{"type":"Polygon","arcs":[[10615,10616,-7939,10617]],"properties":{"pop":84,"kn":"1382"}},{"type":"Polygon","arcs":[[-2517,-7980,-7944,-7904]],"properties":{"pop":31,"kn":"1382"}},{"type":"Polygon","arcs":[[-7954,10618,10619,-7916]],"properties":{"pop":34,"kn":"1382"}},{"type":"Polygon","arcs":[[-10620,-7987,-7955,-7918]],"properties":{"pop":31,"kn":"1382"}},{"type":"Polygon","arcs":[[10620,-7968,10621]],"properties":{"pop":36,"kn":"1382"}},{"type":"Polygon","arcs":[[10622,10623,10624,-10613]],"properties":{"pop":94,"kn":"1382"}},{"type":"Polygon","arcs":[[-7982,-8020,-7983,-7947]],"properties":{"pop":35,"kn":"1382"}},{"type":"Polygon","arcs":[[10625,-8026,-7985,-10619]],"properties":{"pop":25,"kn":"1382"}},{"type":"Polygon","arcs":[[-7986,-8028,-7988,-7956]],"properties":{"pop":31,"kn":"1382"}},{"type":"Polygon","arcs":[[-8000,-8046,10626,10627]],"properties":{"pop":51,"kn":"1382"}},{"type":"Polygon","arcs":[[-8007,-8055,10628,-10624]],"properties":{"pop":72,"kn":"1382"}},{"type":"Polygon","arcs":[[-10629,10629,10630,10631]],"properties":{"pop":117,"kn":"1382"}},{"type":"Polygon","arcs":[[-10631,-8059,10632,10633]],"properties":{"pop":42,"kn":"1382"}},{"type":"Polygon","arcs":[[-8013,-8069,-8014,-7976]],"properties":{"pop":40,"kn":"1382"}},{"type":"Polygon","arcs":[[-2772,10634,-8029,-7989]],"properties":{"pop":30,"kn":"1315"}},{"type":"Polygon","arcs":[[-8045,-8089,-8047,10635]],"properties":{"pop":50,"kn":"1382"}},{"type":"Polygon","arcs":[[-8054,-8093,-8056,-10630]],"properties":{"pop":97,"kn":"1382"}},{"type":"Polygon","arcs":[[10636,-8104,-8066,-8012]],"properties":{"pop":70,"kn":"1382"}},{"type":"Polygon","arcs":[[-2848,-2957,-2849,-8027]],"properties":{"pop":36,"kn":"1382"}},{"type":"Polygon","arcs":[[-2887,10637,-2888,-10635]],"properties":{"pop":90,"kn":"1315"}},{"type":"Polygon","arcs":[[-2913,-3022,-2914,-8037]],"properties":{"pop":27,"kn":"1315"}},{"type":"Polygon","arcs":[[-2929,10638,10639,-8038]],"properties":{"pop":20,"kn":"1315"}},{"type":"Polygon","arcs":[[10640,10641,-8086,-8044]],"properties":{"pop":236,"kn":"1382"}},{"type":"Polygon","arcs":[[-8088,-8143,-2945,-8048]],"properties":{"pop":14,"kn":"1382"}},{"type":"Polygon","arcs":[[-8097,10642,-8098,-8063]],"properties":{"pop":39,"kn":"1382"}},{"type":"Polygon","arcs":[[-8106,-8155,-8107,-8070]],"properties":{"pop":27,"kn":"1382"}},{"type":"Polygon","arcs":[[10643,10644,-8123,-2889]],"properties":{"pop":43,"kn":"1315"}},{"type":"Polygon","arcs":[[-8138,-8181,10645,-10639]],"properties":{"pop":24,"kn":"1315"}},{"type":"Polygon","arcs":[[-3046,10646,10647,10648]],"properties":{"pop":103,"kn":"1382"}},{"type":"Polygon","arcs":[[-10648,-8191,10649,-10642]],"properties":{"pop":61,"kn":"1382"}},{"type":"Polygon","arcs":[[-10650,10650,-8141,-8087]],"properties":{"pop":77,"kn":"1382"}},{"type":"Polygon","arcs":[[-8147,-8202,10651,-8096]],"properties":{"pop":25,"kn":"1382"}},{"type":"Polygon","arcs":[[-10652,-3153,10652,-10643]],"properties":{"pop":24,"kn":"1382"}},{"type":"Polygon","arcs":[[-8154,-8214,-8156,-8108]],"properties":{"pop":25,"kn":"1382"}},{"type":"Polygon","arcs":[[10653,-3196,10654,-8124]],"properties":{"pop":28,"kn":"1315"}},{"type":"Polygon","arcs":[[-8176,-8249,-3109,-3013]],"properties":{"pop":20,"kn":"1315"}},{"type":"Polygon","arcs":[[-8190,10655,-8192,-10651]],"properties":{"pop":53,"kn":"1382"}},{"type":"Polygon","arcs":[[-3148,-8269,-8198,-3052]],"properties":{"pop":23,"kn":"1382"}},{"type":"Polygon","arcs":[[-3212,-8309,-8242,-3107]],"properties":{"pop":25,"kn":"1315"}},{"type":"Polygon","arcs":[[-3241,-8323,10656,10657]],"properties":{"pop":33,"kn":"1382"}},{"type":"Polygon","arcs":[[-10657,-8326,10658,-8189]],"properties":{"pop":47,"kn":"1382"}},{"type":"Polygon","arcs":[[-10659,-8329,-8258,-10656]],"properties":{"pop":35,"kn":"1382"}},{"type":"Polygon","arcs":[[-8278,10659,-8279,-8208]],"properties":{"pop":45,"kn":"1382"}},{"type":"Polygon","arcs":[[-8283,10660,10661,-8215]],"properties":{"pop":30,"kn":"1382"}},{"type":"Polygon","arcs":[[-10662,10662,10663,-8217]],"properties":{"pop":41,"kn":"1382"}},{"type":"Polygon","arcs":[[-10664,10664,-8284,-3155]],"properties":{"pop":87,"kn":"1382"}},{"type":"Polygon","arcs":[[-8288,-8350,-8289,-8222]],"properties":{"pop":27,"kn":"1382"}},{"type":"Polygon","arcs":[[-8336,-8395,-3329,-8270]],"properties":{"pop":23,"kn":"1382"}},{"type":"Polygon","arcs":[[-8347,-8409,10665,-10661]],"properties":{"pop":24,"kn":"1382"}},{"type":"Polygon","arcs":[[-10666,-8412,10666,-10663]],"properties":{"pop":72,"kn":"1382"}},{"type":"Polygon","arcs":[[10667,-8418,10668,-8285]],"properties":{"pop":85,"kn":"1382"}},{"type":"Polygon","arcs":[[-10669,-8421,-8348,-8287]],"properties":{"pop":31,"kn":"1382"}},{"type":"Polygon","arcs":[[-8385,10669,10670,-8324]],"properties":{"pop":38,"kn":"1382"}},{"type":"Polygon","arcs":[[10671,-3497,-8386,-8330]],"properties":{"pop":33,"kn":"1382"}},{"type":"Polygon","arcs":[[-8388,-8443,-8389,10672]],"properties":{"pop":63,"kn":"1382"}},{"type":"Polygon","arcs":[[-8399,-8447,-8400,-8339]],"properties":{"pop":39,"kn":"1382"}},{"type":"Polygon","arcs":[[-3439,-8465,10673,-8364]],"properties":{"pop":27,"kn":"1315"}},{"type":"Polygon","arcs":[[-10674,10674,-3440,-8366]],"properties":{"pop":84,"kn":"1315"}},{"type":"Polygon","arcs":[[10675,10676,-3453,-8370]],"properties":{"pop":38,"kn":"1315"}},{"type":"Polygon","arcs":[[-8434,10677,-8435,-8372]],"properties":{"pop":31,"kn":"1315"}},{"type":"Polygon","arcs":[[-3462,-3579,-3464,-8378]],"properties":{"pop":22,"kn":"1315"}},{"type":"Polygon","arcs":[[-3492,10678,10679,-10670]],"properties":{"pop":23,"kn":"1382"}},{"type":"Polygon","arcs":[[-10680,-8478,-3494,10680]],"properties":{"pop":34,"kn":"1382"}},{"type":"Polygon","arcs":[[-3496,10681,-8440,-8387]],"properties":{"pop":43,"kn":"1382"}},{"type":"Polygon","arcs":[[-3503,-8486,10682,-8396]],"properties":{"pop":56,"kn":"1382"}},{"type":"Polygon","arcs":[[-10683,10683,-8445,-8398]],"properties":{"pop":31,"kn":"1382"}},{"type":"Polygon","arcs":[[-3520,-8502,-8458,-8425]],"properties":{"pop":38,"kn":"1382"}},{"type":"Polygon","arcs":[[-8464,-8516,-3557,-10675]],"properties":{"pop":35,"kn":"1315"}},{"type":"Polygon","arcs":[[10684,-3666,-3567,-10677]],"properties":{"pop":24,"kn":"1315"}},{"type":"Polygon","arcs":[[-8468,-3674,-3570,-10678]],"properties":{"pop":26,"kn":"1315"}},{"type":"Polygon","arcs":[[-8474,-8530,-8475,-10679]],"properties":{"pop":40,"kn":"1383"}},{"type":"Polygon","arcs":[[-8477,-8534,10685,-3495]],"properties":{"pop":22,"kn":"1383"}},{"type":"Polygon","arcs":[[-10686,10686,10687,-10682]],"properties":{"pop":28,"kn":"1382"}},{"type":"Polygon","arcs":[[-10688,-8537,-8479,-8441]],"properties":{"pop":43,"kn":"1382"}},{"type":"Polygon","arcs":[[-8482,-3710,-8483,-3502]],"properties":{"pop":35,"kn":"1382"}},{"type":"Polygon","arcs":[[-8485,10688,-8487,-10684]],"properties":{"pop":49,"kn":"1383"}},{"type":"Polygon","arcs":[[-3661,-8576,10689,10690]],"properties":{"pop":59,"kn":"1315"}},{"type":"Polygon","arcs":[[-8529,-8593,-8531,-8476]],"properties":{"pop":37,"kn":"1383"}},{"type":"Polygon","arcs":[[-8533,-8598,-8535,-10687]],"properties":{"pop":33,"kn":"1383"}},{"type":"Polygon","arcs":[[-8540,-8610,-8541,-10689]],"properties":{"pop":30,"kn":"1383"}},{"type":"Polygon","arcs":[[-3744,-8637,10691,-3636]],"properties":{"pop":31,"kn":"1315"}},{"type":"Polygon","arcs":[[-8566,-8642,10692,-8514]],"properties":{"pop":48,"kn":"1315"}},{"type":"Polygon","arcs":[[-8575,-3834,-8577,10693]],"properties":{"pop":31,"kn":"1315"}},{"type":"Polygon","arcs":[[10694,10695,10696,-3700]],"properties":{"pop":48,"kn":"1383"}},{"type":"Polygon","arcs":[[-10697,-8661,-8588,10697]],"properties":{"pop":41,"kn":"1383"}},{"type":"Polygon","arcs":[[-8606,-8675,-8607,-8539]],"properties":{"pop":23,"kn":"1383"}},{"type":"Polygon","arcs":[[-8609,10698,-8611,-8542]],"properties":{"pop":52,"kn":"1383"}},{"type":"Polygon","arcs":[[-8626,-8688,-8627,-8560]],"properties":{"pop":26,"kn":"1382"}},{"type":"Polygon","arcs":[[-8656,10699,10700,10701]],"properties":{"pop":97,"kn":"1383"}},{"type":"Polygon","arcs":[[-10701,10702,-8658,-10696]],"properties":{"pop":55,"kn":"1383"}},{"type":"Polygon","arcs":[[-8665,10703,10704,-8594]],"properties":{"pop":37,"kn":"1383"}},{"type":"Polygon","arcs":[[-10705,-8713,10705,-8596]],"properties":{"pop":40,"kn":"1383"}},{"type":"Polygon","arcs":[[-10706,10706,-8666,-8599]],"properties":{"pop":37,"kn":"1383"}},{"type":"Polygon","arcs":[[-8676,-8722,-8677,-10699]],"properties":{"pop":61,"kn":"1383"}},{"type":"Polygon","arcs":[[-8680,-8727,-8681,-8617]],"properties":{"pop":25,"kn":"1383"}},{"type":"Polygon","arcs":[[-8684,-3980,10707,-8623]],"properties":{"pop":38,"kn":"1382"}},{"type":"Polygon","arcs":[[-10708,-8731,-8685,-8625]],"properties":{"pop":40,"kn":"1382"}},{"type":"Polygon","arcs":[[-8690,-8736,-3876,-8630]],"properties":{"pop":24,"kn":"1382"}},{"type":"Polygon","arcs":[[-3934,-8752,10708,-8650]],"properties":{"pop":23,"kn":"1315"}},{"type":"Polygon","arcs":[[-3964,10709,10710,-8655]],"properties":{"pop":41,"kn":"1383"}},{"type":"Polygon","arcs":[[-10711,10711,10712,-10700]],"properties":{"pop":33,"kn":"1383"}},{"type":"Polygon","arcs":[[-10713,-8767,10713,-10703]],"properties":{"pop":28,"kn":"1383"}},{"type":"Polygon","arcs":[[-10714,10714,-8707,-8659]],"properties":{"pop":34,"kn":"1383"}},{"type":"Polygon","arcs":[[-8712,-8771,-8714,-10707]],"properties":{"pop":35,"kn":"1383"}},{"type":"Polygon","arcs":[[-8716,-8775,-8717,-8669]],"properties":{"pop":36,"kn":"1383"}},{"type":"Polygon","arcs":[[10715,10716,10717,-8708]],"properties":{"pop":78,"kn":"1383"}},{"type":"Polygon","arcs":[[-8793,10718,-8794,-3978]],"properties":{"pop":30,"kn":"1382"}},{"type":"Polygon","arcs":[[-8796,10719,10720,-8732]],"properties":{"pop":61,"kn":"1382"}},{"type":"Polygon","arcs":[[-10721,10721,-4061,-8734]],"properties":{"pop":83,"kn":"1382"}},{"type":"Polygon","arcs":[[10722,10723,-8813,10724]],"properties":{"pop":119,"kn":"1383"}},{"type":"Polygon","arcs":[[-8815,-8864,10725,-8765]],"properties":{"pop":56,"kn":"1383"}},{"type":"Polygon","arcs":[[-10726,-4230,10726,10727]],"properties":{"pop":62,"kn":"1383"}},{"type":"Polygon","arcs":[[-10727,-8867,-8817,-10717]],"properties":{"pop":27,"kn":"1383"}},{"type":"Polygon","arcs":[[-8821,10728,-8823,-8769]],"properties":{"pop":33,"kn":"1383"}},{"type":"Polygon","arcs":[[-8827,10729,10730,-4058]],"properties":{"pop":25,"kn":"1383"}},{"type":"Polygon","arcs":[[-10731,-8877,-8828,-8776]],"properties":{"pop":29,"kn":"1383"}},{"type":"Polygon","arcs":[[-8837,-8881,10731,-8792]],"properties":{"pop":49,"kn":"1382"}},{"type":"Polygon","arcs":[[-10732,10732,-8838,-10719]],"properties":{"pop":63,"kn":"1382"}},{"type":"Polygon","arcs":[[-8840,10733,10734,-10720]],"properties":{"pop":26,"kn":"1382"}},{"type":"Polygon","arcs":[[-10735,-4251,-8841,-10722]],"properties":{"pop":37,"kn":"1382"}},{"type":"Polygon","arcs":[[10735,10736,-8860,-10724]],"properties":{"pop":39,"kn":"1383"}},{"type":"Polygon","arcs":[[-8866,10737,-8868,-8818]],"properties":{"pop":37,"kn":"1383"}},{"type":"Polygon","arcs":[[-8870,-8908,10738,-8820]],"properties":{"pop":37,"kn":"1383"}},{"type":"Polygon","arcs":[[-10739,-4319,-8871,-10729]],"properties":{"pop":36,"kn":"1383"}},{"type":"Polygon","arcs":[[-8875,-8912,-8876,-10730]],"properties":{"pop":39,"kn":"1383"}},{"type":"Polygon","arcs":[[-8884,-8925,-4248,-10734]],"properties":{"pop":30,"kn":"1382"}},{"type":"Polygon","arcs":[[10739,10740,10741,-10737]],"properties":{"pop":29,"kn":"1383"}},{"type":"Polygon","arcs":[[-10742,10742,10743,-8861]],"properties":{"pop":38,"kn":"1383"}},{"type":"Polygon","arcs":[[-10744,-8950,10744,-8863]],"properties":{"pop":33,"kn":"1383"}},{"type":"Polygon","arcs":[[-10745,10745,10746,-4228]],"properties":{"pop":28,"kn":"1383"}},{"type":"Polygon","arcs":[[10747,10748,-8904,-10738]],"properties":{"pop":32,"kn":"1383"}},{"type":"Polygon","arcs":[[10749,10750,10751,10752]],"properties":{"pop":53,"kn":"1383"}},{"type":"Polygon","arcs":[[-10752,10753,10754,-10741]],"properties":{"pop":48,"kn":"1383"}},{"type":"Polygon","arcs":[[-10755,10755,-8947,-10743]],"properties":{"pop":31,"kn":"1383"}},{"type":"Polygon","arcs":[[-8949,-8993,10756,-10746]],"properties":{"pop":39,"kn":"1383"}},{"type":"Polygon","arcs":[[-10757,10757,10758,10759]],"properties":{"pop":31,"kn":"1383"}},{"type":"Polygon","arcs":[[-10759,-8997,-8951,-10749]],"properties":{"pop":39,"kn":"1383"}},{"type":"Polygon","arcs":[[-4465,-9031,-4466,-8938]],"properties":{"pop":33,"kn":"1315"}},{"type":"Polygon","arcs":[[10760,-4535,10761,-4401]],"properties":{"pop":29,"kn":"1383"}},{"type":"Polygon","arcs":[[10762,10763,10764,-10754]],"properties":{"pop":34,"kn":"1383"}},{"type":"Polygon","arcs":[[-10765,-9035,-8988,-10756]],"properties":{"pop":67,"kn":"1383"}},{"type":"Polygon","arcs":[[-8992,10765,-8994,-10758]],"properties":{"pop":31,"kn":"1383"}},{"type":"Polygon","arcs":[[-4494,-9047,-9006,-8960]],"properties":{"pop":32,"kn":"1382"}},{"type":"Polygon","arcs":[[-9017,-9056,-9018,-8970]],"properties":{"pop":77,"kn":"1382"}},{"type":"Polygon","arcs":[[-9025,10766,10767,-8979]],"properties":{"pop":87,"kn":"1382"}},{"type":"Polygon","arcs":[[-9034,-9068,10768,-8989]],"properties":{"pop":36,"kn":"1383"}},{"type":"Polygon","arcs":[[10769,10770,-9036,-8995]],"properties":{"pop":21,"kn":"1383"}},{"type":"Polygon","arcs":[[-4593,-9086,10771,-10767]],"properties":{"pop":26,"kn":"1382"}},{"type":"Polygon","arcs":[[-10772,-4655,-9062,10772]],"properties":{"pop":41,"kn":"1382"}},{"type":"Polygon","arcs":[[10773,-4667,10774,-4533]],"properties":{"pop":40,"kn":"1383"}},{"type":"Polygon","arcs":[[-9070,-9096,10775,10776]],"properties":{"pop":89,"kn":"1383"}},{"type":"Polygon","arcs":[[-10776,10777,-9072,-10771]],"properties":{"pop":52,"kn":"1383"}},{"type":"Polygon","arcs":[[-9074,-9100,10778,-9039]],"properties":{"pop":73,"kn":"1383"}},{"type":"Polygon","arcs":[[-10779,10779,-9075,-9041]],"properties":{"pop":81,"kn":"1383"}},{"type":"Polygon","arcs":[[10780,-9117,-4646,-9060]],"properties":{"pop":25,"kn":"1382"}},{"type":"Polygon","arcs":[[10781,-9124,-9090,-9064]],"properties":{"pop":55,"kn":"1383"}},{"type":"Polygon","arcs":[[-9092,10782,-9093,-9069]],"properties":{"pop":56,"kn":"1383"}},{"type":"Polygon","arcs":[[-9095,10783,10784,-10778]],"properties":{"pop":26,"kn":"1383"}},{"type":"Polygon","arcs":[[-10785,10785,-9097,-9073]],"properties":{"pop":50,"kn":"1383"}},{"type":"Polygon","arcs":[[-9099,-9130,-9101,-10780]],"properties":{"pop":33,"kn":"1383"}},{"type":"Polygon","arcs":[[10786,-9134,-4668,-4602]],"properties":{"pop":47,"kn":"1383"}},{"type":"Polygon","arcs":[[-4689,10787,-4691,-4627]],"properties":{"pop":23,"kn":"1382"}},{"type":"Polygon","arcs":[[-4728,-4780,10788,-9087]],"properties":{"pop":42,"kn":"1383"}},{"type":"Polygon","arcs":[[-9126,10789,10790,-10783]],"properties":{"pop":33,"kn":"1383"}},{"type":"Polygon","arcs":[[-10791,-9165,10791,-9094]],"properties":{"pop":48,"kn":"1383"}},{"type":"Polygon","arcs":[[-10792,10792,10793,-10784]],"properties":{"pop":50,"kn":"1383"}},{"type":"Polygon","arcs":[[-9129,10794,10795,-9102]],"properties":{"pop":29,"kn":"1383"}},{"type":"Polygon","arcs":[[-10796,-9172,-9131,10796]],"properties":{"pop":67,"kn":"1383"}},{"type":"Polygon","arcs":[[-9136,-9178,-9137,-4672]],"properties":{"pop":31,"kn":"1383"}},{"type":"Polygon","arcs":[[10797,10798,-4745,-4692]],"properties":{"pop":58,"kn":"1382"}},{"type":"Polygon","arcs":[[-4779,10799,-9160,10800]],"properties":{"pop":31,"kn":"1383"}},{"type":"Polygon","arcs":[[10801,10802,10803,-9122]],"properties":{"pop":31,"kn":"1383"}},{"type":"Polygon","arcs":[[-10804,10804,10805,-9125]],"properties":{"pop":48,"kn":"1383"}},{"type":"Polygon","arcs":[[-10806,10806,-9162,-10790]],"properties":{"pop":60,"kn":"1383"}},{"type":"Polygon","arcs":[[-4790,10807,-9169,-10795]],"properties":{"pop":88,"kn":"1383"}},{"type":"Polygon","arcs":[[-9171,-9214,-9173,-9132]],"properties":{"pop":25,"kn":"1383"}},{"type":"Polygon","arcs":[[-9188,10808,-9189,-9153]],"properties":{"pop":44,"kn":"1382"}},{"type":"Polygon","arcs":[[10809,10810,-9196,-4782]],"properties":{"pop":35,"kn":"1383"}},{"type":"Polygon","arcs":[[10811,10812,10813,-10803]],"properties":{"pop":32,"kn":"1383"}},{"type":"Polygon","arcs":[[-10814,-9238,10814,-10805]],"properties":{"pop":60,"kn":"1383"}},{"type":"Polygon","arcs":[[-10815,-9241,-9200,-10807]],"properties":{"pop":44,"kn":"1383"}},{"type":"Polygon","arcs":[[-9207,-9250,-9208,-4786]],"properties":{"pop":36,"kn":"1383"}},{"type":"Polygon","arcs":[[-4847,-4894,-4848,-4796]],"properties":{"pop":24,"kn":"1383"}},{"type":"Polygon","arcs":[[-9225,-9268,-4857,10815]],"properties":{"pop":47,"kn":"1382"}},{"type":"Polygon","arcs":[[-9231,-9276,-9232,-10809]],"properties":{"pop":30,"kn":"1382"}},{"type":"Polygon","arcs":[[-4882,-9282,10816,10817]],"properties":{"pop":35,"kn":"1383"}},{"type":"Polygon","arcs":[[10818,-9289,10819,10820]],"properties":{"pop":218,"kn":"1383"}},{"type":"Polygon","arcs":[[-10820,-9292,10821,10822]],"properties":{"pop":112,"kn":"1383"}},{"type":"Polygon","arcs":[[-10822,10823,-9235,-10813]],"properties":{"pop":62,"kn":"1383"}},{"type":"Polygon","arcs":[[-9249,-9301,-9251,-9209]],"properties":{"pop":31,"kn":"1383"}},{"type":"Polygon","arcs":[[-9267,10824,-9269,-4858]],"properties":{"pop":47,"kn":"1382"}},{"type":"Polygon","arcs":[[10825,10826,10827,-9236]],"properties":{"pop":33,"kn":"1383"}},{"type":"Polygon","arcs":[[-10828,10828,10829,-9239]],"properties":{"pop":50,"kn":"1383"}},{"type":"Polygon","arcs":[[-10830,-9343,-9293,-9242]],"properties":{"pop":46,"kn":"1383"}},{"type":"Polygon","arcs":[[-9295,-9347,-9296,-9246]],"properties":{"pop":45,"kn":"1383"}},{"type":"Polygon","arcs":[[-4957,-9370,10830,-10825]],"properties":{"pop":48,"kn":"1382"}},{"type":"Polygon","arcs":[[-10831,-5000,-9314,-9270]],"properties":{"pop":39,"kn":"1382"}},{"type":"Polygon","arcs":[[10831,10832,-9330,10833]],"properties":{"pop":82,"kn":"1383"}},{"type":"Polygon","arcs":[[-9338,-9386,10834,-10827]],"properties":{"pop":71,"kn":"1383"}},{"type":"Polygon","arcs":[[-10835,-9389,-9340,-10829]],"properties":{"pop":31,"kn":"1383"}},{"type":"Polygon","arcs":[[10835,10836,-9378,-10833]],"properties":{"pop":94,"kn":"1383"}},{"type":"Polygon","arcs":[[-9380,10837,10838,-9334]],"properties":{"pop":77,"kn":"1383"}},{"type":"Polygon","arcs":[[-9388,10839,10840,-9341]],"properties":{"pop":44,"kn":"1383"}},{"type":"Polygon","arcs":[[10841,-9452,10842,-10837]],"properties":{"pop":85,"kn":"1383"}},{"type":"Polygon","arcs":[[-10843,-5108,10843,-9379]],"properties":{"pop":20,"kn":"1383"}},{"type":"Polygon","arcs":[[-9425,-9462,10844,-9387]],"properties":{"pop":37,"kn":"1383"}},{"type":"Polygon","arcs":[[-10845,10845,-9426,-10840]],"properties":{"pop":43,"kn":"1383"}},{"type":"Polygon","arcs":[[-9433,-9472,-9434,10846]],"properties":{"pop":25,"kn":"1383"}},{"type":"Polygon","arcs":[[-5092,-9495,-5094,-5044]],"properties":{"pop":55,"kn":"1382"}},{"type":"Polygon","arcs":[[-5103,-5143,10847,-9410]],"properties":{"pop":49,"kn":"1383"}},{"type":"Polygon","arcs":[[-9453,10848,-9455,-9419]],"properties":{"pop":63,"kn":"1383"}},{"type":"Polygon","arcs":[[-9461,-9502,-9463,-10846]],"properties":{"pop":51,"kn":"1383"}},{"type":"Polygon","arcs":[[-5142,-5200,10849,10850]],"properties":{"pop":28,"kn":"1383"}},{"type":"Polygon","arcs":[[10851,10852,10853,10854]],"properties":{"pop":97,"kn":"1383"}},{"type":"Polygon","arcs":[[-10854,10855,10856,10857]],"properties":{"pop":41,"kn":"1383"}},{"type":"Polygon","arcs":[[-10857,-9530,-9496,-9451]],"properties":{"pop":27,"kn":"1383"}},{"type":"Polygon","arcs":[[-5146,-9536,10858,-10849]],"properties":{"pop":98,"kn":"1383"}},{"type":"Polygon","arcs":[[-10859,10859,10860,-9456]],"properties":{"pop":29,"kn":"1383"}},{"type":"Polygon","arcs":[[-10861,-9539,-9498,-9458]],"properties":{"pop":53,"kn":"1383"}},{"type":"Polygon","arcs":[[-9503,-9542,10861,-9466]],"properties":{"pop":89,"kn":"1383"}},{"type":"Polygon","arcs":[[-10862,10862,-9504,-9468]],"properties":{"pop":23,"kn":"1383"}},{"type":"Polygon","arcs":[[-9513,-9552,-5156,-9476]],"properties":{"pop":28,"kn":"1383"}},{"type":"Polygon","arcs":[[-9514,-5223,10863,-9481]],"properties":{"pop":31,"kn":"1382"}},{"type":"Polygon","arcs":[[-10864,10864,-9515,-9483]],"properties":{"pop":84,"kn":"1382"}},{"type":"Polygon","arcs":[[10865,-5251,10866,-10853]],"properties":{"pop":28,"kn":"1383"}},{"type":"Polygon","arcs":[[-9535,10867,-9537,-10860]],"properties":{"pop":25,"kn":"1383"}},{"type":"Polygon","arcs":[[-9541,-5264,10868,-10863]],"properties":{"pop":37,"kn":"1383"}},{"type":"Polygon","arcs":[[-10869,-9582,-9543,-9505]],"properties":{"pop":41,"kn":"1383"}},{"type":"Polygon","arcs":[[-5222,-5290,-9554,-10865]],"properties":{"pop":40,"kn":"1382"}},{"type":"Polygon","arcs":[[-9569,10869,10870,-9523]],"properties":{"pop":30,"kn":"1383"}},{"type":"Polygon","arcs":[[-10871,-9610,-9570,-9526]],"properties":{"pop":74,"kn":"1383"}},{"type":"Polygon","arcs":[[10871,10872,-9571,-9528]],"properties":{"pop":29,"kn":"1383"}},{"type":"Polygon","arcs":[[-9574,10873,-9575,-10868]],"properties":{"pop":39,"kn":"1383"}},{"type":"Polygon","arcs":[[-5297,10874,-9604,-9567]],"properties":{"pop":56,"kn":"1382"}},{"type":"Polygon","arcs":[[-5306,10875,10876,-5242]],"properties":{"pop":75,"kn":"1383"}},{"type":"Polygon","arcs":[[10877,10878,-9608,-10870]],"properties":{"pop":44,"kn":"1383"}},{"type":"Polygon","arcs":[[-9612,10879,10880,-5249]],"properties":{"pop":63,"kn":"1383"}},{"type":"Polygon","arcs":[[-10881,-9652,10881,10882]],"properties":{"pop":52,"kn":"1383"}},{"type":"Polygon","arcs":[[-10882,-9655,-9613,-10873]],"properties":{"pop":33,"kn":"1383"}},{"type":"Polygon","arcs":[[-9615,-9659,10883,-5253]],"properties":{"pop":34,"kn":"1383"}},{"type":"Polygon","arcs":[[-10884,-9662,10884,-9573]],"properties":{"pop":45,"kn":"1383"}},{"type":"Polygon","arcs":[[10885,-5358,10886,-9578]],"properties":{"pop":34,"kn":"1383"}},{"type":"Polygon","arcs":[[-10887,-9670,-9616,-9580]],"properties":{"pop":58,"kn":"1383"}},{"type":"Polygon","arcs":[[-9642,-9699,10887,-10875]],"properties":{"pop":54,"kn":"1382"}},{"type":"Polygon","arcs":[[10888,-9711,-9646,-10879]],"properties":{"pop":60,"kn":"1383"}},{"type":"Polygon","arcs":[[10889,10890,-9649,-10880]],"properties":{"pop":78,"kn":"1383"}},{"type":"Polygon","arcs":[[-9654,-9719,-9656,-9614]],"properties":{"pop":37,"kn":"1383"}},{"type":"Polygon","arcs":[[-9669,-9730,10891,-9617]],"properties":{"pop":30,"kn":"1383"}},{"type":"Polygon","arcs":[[-10892,-9732,-9671,-9619]],"properties":{"pop":38,"kn":"1383"}},{"type":"Polygon","arcs":[[-5364,10892,-9683,-9627]],"properties":{"pop":33,"kn":"1383"}},{"type":"Polygon","arcs":[[10893,-9758,10894,-10891]],"properties":{"pop":39,"kn":"1383"}},{"type":"Polygon","arcs":[[-10895,10895,-9714,-9650]],"properties":{"pop":34,"kn":"1383"}},{"type":"Polygon","arcs":[[-9718,-9766,-9720,-9657]],"properties":{"pop":24,"kn":"1383"}},{"type":"Polygon","arcs":[[-9726,10896,10897,-5356]],"properties":{"pop":52,"kn":"1383"}},{"type":"Polygon","arcs":[[-10898,-9772,-9727,-9668]],"properties":{"pop":37,"kn":"1383"}},{"type":"Polygon","arcs":[[-9733,-5447,-9734,-9677]],"properties":{"pop":33,"kn":"1383"}},{"type":"Polygon","arcs":[[-9741,10898,10899,-10893]],"properties":{"pop":79,"kn":"1383"}},{"type":"Polygon","arcs":[[-10900,-9783,-5396,-9684]],"properties":{"pop":30,"kn":"1383"}},{"type":"Polygon","arcs":[[-9754,10900,10901,-5386]],"properties":{"pop":62,"kn":"1383"}},{"type":"Polygon","arcs":[[10902,10903,10904,-9712]],"properties":{"pop":35,"kn":"1383"}},{"type":"Polygon","arcs":[[-10905,10905,10906,10907]],"properties":{"pop":39,"kn":"1383"}},{"type":"Polygon","arcs":[[-10907,10908,-9755,10909]],"properties":{"pop":82,"kn":"1383"}},{"type":"Polygon","arcs":[[-9757,10910,-9759,-10896]],"properties":{"pop":22,"kn":"1383"}},{"type":"Polygon","arcs":[[-9768,-9801,10911,-9723]],"properties":{"pop":27,"kn":"1383"}},{"type":"Polygon","arcs":[[10912,10913,-9769,-10897]],"properties":{"pop":76,"kn":"1383"}},{"type":"Polygon","arcs":[[-9780,-9809,-9781,-10899]],"properties":{"pop":23,"kn":"1383"}},{"type":"Polygon","arcs":[[-9791,10914,10915,-10901]],"properties":{"pop":44,"kn":"1383"}},{"type":"Polygon","arcs":[[-10916,10916,10917,10918]],"properties":{"pop":49,"kn":"1383"}},{"type":"Polygon","arcs":[[-10918,-9824,10919,-10904]],"properties":{"pop":39,"kn":"1383"}},{"type":"Polygon","arcs":[[-10920,10920,10921,-10906]],"properties":{"pop":30,"kn":"1383"}},{"type":"Polygon","arcs":[[-10922,10922,10923,-10909]],"properties":{"pop":39,"kn":"1383"}},{"type":"Polygon","arcs":[[-10924,10924,10925,-9756]],"properties":{"pop":49,"kn":"1383"}},{"type":"Polygon","arcs":[[-10926,-9828,-9792,-10911]],"properties":{"pop":37,"kn":"1383"}},{"type":"Polygon","arcs":[[-9804,10926,-5478,-9773]],"properties":{"pop":26,"kn":"1383"}},{"type":"Polygon","arcs":[[-9820,-5546,10927,-10915]],"properties":{"pop":40,"kn":"1383"}},{"type":"Polygon","arcs":[[-10928,-9854,-9821,-10917]],"properties":{"pop":49,"kn":"1383"}},{"type":"Polygon","arcs":[[-9823,-9858,10928,-10921]],"properties":{"pop":53,"kn":"1383"}},{"type":"Polygon","arcs":[[-10929,10929,10930,-10923]],"properties":{"pop":81,"kn":"1383"}},{"type":"Polygon","arcs":[[-10931,10931,-9825,-10925]],"properties":{"pop":56,"kn":"1383"}},{"type":"Polygon","arcs":[[-5523,-9863,10932,-9799]],"properties":{"pop":42,"kn":"1383"}},{"type":"Polygon","arcs":[[-10933,10933,10934,10935]],"properties":{"pop":49,"kn":"1383"}},{"type":"Polygon","arcs":[[-9831,-9867,10936,-10927]],"properties":{"pop":49,"kn":"1383"}},{"type":"Polygon","arcs":[[-10937,-9870,-9832,-5479]],"properties":{"pop":32,"kn":"1383"}},{"type":"Polygon","arcs":[[-9853,10937,-9855,-9822]],"properties":{"pop":25,"kn":"1383"}},{"type":"Polygon","arcs":[[-9857,-9885,10938,-10930]],"properties":{"pop":60,"kn":"1383"}},{"type":"Polygon","arcs":[[-10939,10939,-9859,-10932]],"properties":{"pop":29,"kn":"1383"}},{"type":"Polygon","arcs":[[-9862,10940,-9864,-10934]],"properties":{"pop":35,"kn":"1383"}},{"type":"Polygon","arcs":[[-9876,10941,-9877,-9841]],"properties":{"pop":19,"kn":"1383"}},{"type":"Polygon","arcs":[[-9884,10942,10943,-10940]],"properties":{"pop":50,"kn":"1383"}},{"type":"Polygon","arcs":[[-10944,-9907,-9886,-9860]],"properties":{"pop":26,"kn":"1383"}},{"type":"Polygon","arcs":[[-9890,10944,-5589,-10941]],"properties":{"pop":31,"kn":"1383"}},{"type":"Polygon","arcs":[[-9898,10945,10946,-10942]],"properties":{"pop":29,"kn":"1383"}},{"type":"Polygon","arcs":[[-9901,-9919,-5598,-9879]],"properties":{"pop":18,"kn":"1383"}},{"type":"Polygon","arcs":[[10947,-9929,-9906,-10943]],"properties":{"pop":54,"kn":"1383"}},{"type":"Polygon","arcs":[[-9908,-9933,10948,-10945]],"properties":{"pop":19,"kn":"1383"}},{"type":"Polygon","arcs":[[-10949,-9936,-5622,-5590]],"properties":{"pop":31,"kn":"1383"}},{"type":"Polygon","arcs":[[-9913,-9941,10949,-10946]],"properties":{"pop":35,"kn":"1383"}},{"type":"Polygon","arcs":[[-9922,-5662,-9923,-9902]],"properties":{"pop":23,"kn":"1383"}},{"type":"Polygon","arcs":[[10950,10951,10952]],"properties":{"pop":106,"kn":"1384"}},{"type":"Polygon","arcs":[[-9944,-5677,-9945,-9917]],"properties":{"pop":31,"kn":"1383"}},{"type":"Polygon","arcs":[[10953,-9977,10954,-9928]],"properties":{"pop":88,"kn":"1384"}},{"type":"Polygon","arcs":[[-10955,10955,10956,-5634]],"properties":{"pop":73,"kn":"1384"}},{"type":"Polygon","arcs":[[-10957,-9981,-9952,-5637]],"properties":{"pop":46,"kn":"1384"}},{"type":"Polygon","arcs":[[-9954,10957,-9955,-5641]],"properties":{"pop":35,"kn":"1384"}},{"type":"Polygon","arcs":[[10958,10959,-9975,10960]],"properties":{"pop":61,"kn":"1384"}},{"type":"Polygon","arcs":[[-9976,-9996,-9978,-10956]],"properties":{"pop":41,"kn":"1384"}},{"type":"Polygon","arcs":[[-9980,-10000,10961,-9953]],"properties":{"pop":63,"kn":"1384"}},{"type":"Polygon","arcs":[[-10962,-10002,10962,-10958]],"properties":{"pop":32,"kn":"1384"}},{"type":"Polygon","arcs":[[-10963,10963,-9982,-9956]],"properties":{"pop":57,"kn":"1384"}},{"type":"Polygon","arcs":[[10964,10965,10966,10967]],"properties":{"pop":50,"kn":"1384"}},{"type":"Polygon","arcs":[[-9995,10968,-9997,-9979]],"properties":{"pop":56,"kn":"1384"}},{"type":"Polygon","arcs":[[-10001,-10017,10969,-10964]],"properties":{"pop":41,"kn":"1384"}},{"type":"Polygon","arcs":[[-10970,-10019,-10003,-9983]],"properties":{"pop":43,"kn":"1384"}},{"type":"Polygon","arcs":[[10970,10971,10972,-10966]],"properties":{"pop":47,"kn":"1384"}},{"type":"Polygon","arcs":[[-10973,10973,-10011,10974]],"properties":{"pop":36,"kn":"1384"}},{"type":"Polygon","arcs":[[-10015,10975,10976,-10969]],"properties":{"pop":66,"kn":"1384"}},{"type":"Polygon","arcs":[[-10977,-10033,-5707,-9998]],"properties":{"pop":43,"kn":"1384"}},{"type":"Polygon","arcs":[[-10026,10977,10978,-10972]],"properties":{"pop":78,"kn":"1384"}},{"type":"Polygon","arcs":[[-10979,-5754,-10028,-10974]],"properties":{"pop":89,"kn":"1384"}},{"type":"Polygon","arcs":[[-10030,-10048,10979,-10014]],"properties":{"pop":35,"kn":"1384"}},{"type":"Polygon","arcs":[[-10980,-10050,-10031,-10976]],"properties":{"pop":33,"kn":"1384"}},{"type":"Polygon","arcs":[[10980,-10066,10981,10982]],"properties":{"pop":30,"kn":"1384"}},{"type":"Polygon","arcs":[[10983,-5768,-5751,-10978]],"properties":{"pop":77,"kn":"1384"}},{"type":"Polygon","arcs":[[-5759,10984,10985,-10034]],"properties":{"pop":26,"kn":"1384"}},{"type":"Polygon","arcs":[[-10986,10986,10987,-10036]],"properties":{"pop":31,"kn":"1384"}},{"type":"Polygon","arcs":[[-10988,10988,-10052,-10038]],"properties":{"pop":37,"kn":"1384"}},{"type":"Polygon","arcs":[[10989,10990,10991,-5749]],"properties":{"pop":64,"kn":"1384"}},{"type":"Polygon","arcs":[[-10065,-10075,10992,10993]],"properties":{"pop":93,"kn":"1384"}},{"type":"Polygon","arcs":[[-10993,10994,-5765,10995]],"properties":{"pop":24,"kn":"1384"}},{"type":"Polygon","arcs":[[-10070,-10083,10996,-5758]],"properties":{"pop":54,"kn":"1384"}},{"type":"Polygon","arcs":[[-10997,-10086,10997,-10985]],"properties":{"pop":56,"kn":"1384"}},{"type":"Polygon","arcs":[[-10998,-10088,10998,-10987]],"properties":{"pop":43,"kn":"1384"}},{"type":"Polygon","arcs":[[-10999,-10090,10999,-10989]],"properties":{"pop":25,"kn":"1384"}},{"type":"Polygon","arcs":[[-11000,-5800,-5778,-10053]],"properties":{"pop":23,"kn":"1384"}},{"type":"Polygon","arcs":[[-10072,11000,11001,11002]],"properties":{"pop":95,"kn":"1384"}},{"type":"Polygon","arcs":[[11003,11004,11005,11006]],"properties":{"pop":93,"kn":"1384"}},{"type":"Polygon","arcs":[[11007,11008,11009,-5763]],"properties":{"pop":32,"kn":"1384"}},{"type":"Polygon","arcs":[[-10074,11010,11011,-10995]],"properties":{"pop":89,"kn":"1384"}},{"type":"Polygon","arcs":[[-11012,11012,-10076,-5766]],"properties":{"pop":40,"kn":"1384"}},{"type":"Polygon","arcs":[[-10079,11013,-10080,-10069]],"properties":{"pop":28,"kn":"1384"}},{"type":"Polygon","arcs":[[11014,11015,11016,-11001]],"properties":{"pop":71,"kn":"1384"}},{"type":"Polygon","arcs":[[-11017,11017,11018,11019]],"properties":{"pop":78,"kn":"1384"}},{"type":"Polygon","arcs":[[11020,11021,11022,-11009]],"properties":{"pop":30,"kn":"1384"}},{"type":"Polygon","arcs":[[-10093,11023,11024,-11011]],"properties":{"pop":99,"kn":"1384"}},{"type":"Polygon","arcs":[[-11025,11025,-10094,-11013]],"properties":{"pop":42,"kn":"1384"}},{"type":"Polygon","arcs":[[11026,11027,11028,-11014]],"properties":{"pop":37,"kn":"1384"}},{"type":"Polygon","arcs":[[-11029,11029,-10098,-10081]],"properties":{"pop":42,"kn":"1384"}},{"type":"Polygon","arcs":[[-5830,-5855,11030,11031]],"properties":{"pop":22,"kn":"1384"}},{"type":"Polygon","arcs":[[-11031,11032,11033,11034]],"properties":{"pop":33,"kn":"1384"}},{"type":"Polygon","arcs":[[-11034,11035,11036,-11016]],"properties":{"pop":20,"kn":"1384"}},{"type":"Polygon","arcs":[[11037,11038,11039,-11022]],"properties":{"pop":37,"kn":"1384"}},{"type":"Polygon","arcs":[[-10103,11040,11041,-11024]],"properties":{"pop":53,"kn":"1384"}},{"type":"Polygon","arcs":[[-11042,11042,-10104,-11026]],"properties":{"pop":52,"kn":"1384"}},{"type":"Polygon","arcs":[[-5841,11043,11044,-5816]],"properties":{"pop":48,"kn":"1384"}},{"type":"Polygon","arcs":[[-11045,11045,-10106,-10096]],"properties":{"pop":58,"kn":"1384"}},{"type":"Polygon","arcs":[[-10107,-5874,11046,-11028]],"properties":{"pop":45,"kn":"1384"}},{"type":"Polygon","arcs":[[-11047,11047,11048,-11030]],"properties":{"pop":111,"kn":"1384"}},{"type":"Polygon","arcs":[[-11049,11049,-5842,-10099]],"properties":{"pop":45,"kn":"1384"}},{"type":"Polygon","arcs":[[-5854,11050,11051,-11033]],"properties":{"pop":64,"kn":"1384"}},{"type":"Polygon","arcs":[[-11052,11052,11053,-11036]],"properties":{"pop":67,"kn":"1384"}},{"type":"Polygon","arcs":[[-5863,11054,11055,-11041]],"properties":{"pop":66,"kn":"1384"}},{"type":"Polygon","arcs":[[-11056,11056,11057,-11043]],"properties":{"pop":82,"kn":"1384"}},{"type":"Polygon","arcs":[[-11058,11058,-5865,-10105]],"properties":{"pop":97,"kn":"1384"}},{"type":"Polygon","arcs":[[-5867,11059,11060,-11044]],"properties":{"pop":60,"kn":"1384"}},{"type":"Polygon","arcs":[[-11061,-10128,-5868,-11046]],"properties":{"pop":85,"kn":"1384"}},{"type":"Polygon","arcs":[[-5873,11061,11062,-11048]],"properties":{"pop":81,"kn":"1384"}},{"type":"Polygon","arcs":[[-11063,11063,-10114,-11050]],"properties":{"pop":42,"kn":"1384"}},{"type":"Polygon","arcs":[[-5881,11064,11065,-11051]],"properties":{"pop":52,"kn":"1384"}},{"type":"Polygon","arcs":[[-11066,11066,11067,-11053]],"properties":{"pop":84,"kn":"1384"}},{"type":"Polygon","arcs":[[-11068,11068,11069,11070]],"properties":{"pop":55,"kn":"1384"}},{"type":"Polygon","arcs":[[-11070,11071,11072,11073]],"properties":{"pop":71,"kn":"1384"}},{"type":"Polygon","arcs":[[-5884,11074,11075,-11055]],"properties":{"pop":55,"kn":"1384"}},{"type":"Polygon","arcs":[[-11076,11076,11077,-11057]],"properties":{"pop":48,"kn":"1384"}},{"type":"Polygon","arcs":[[-11078,11078,11079,-11059]],"properties":{"pop":41,"kn":"1384"}},{"type":"Polygon","arcs":[[-11080,11080,11081,-5866]],"properties":{"pop":38,"kn":"1384"}},{"type":"Polygon","arcs":[[-11082,11082,-10126,-11060]],"properties":{"pop":87,"kn":"1384"}},{"type":"Polygon","arcs":[[-10129,-5896,11083,-11062]],"properties":{"pop":66,"kn":"1384"}},{"type":"Polygon","arcs":[[-11084,-5899,11084,-11064]],"properties":{"pop":92,"kn":"1384"}},{"type":"Polygon","arcs":[[-11085,-10141,11085,-10115]],"properties":{"pop":30,"kn":"1384"}},{"type":"Polygon","arcs":[[11086,-10143,11087,-10119]],"properties":{"pop":43,"kn":"1384"}},{"type":"Polygon","arcs":[[-11088,-10146,-10130,-5876]],"properties":{"pop":47,"kn":"1384"}},{"type":"Polygon","arcs":[[11088,11089,11090,-5880]],"properties":{"pop":107,"kn":"1384"}},{"type":"Polygon","arcs":[[11091,11092,11093,-11072]],"properties":{"pop":36,"kn":"1384"}},{"type":"Polygon","arcs":[[-11094,11094,11095,11096]],"properties":{"pop":51,"kn":"1384"}},{"type":"Polygon","arcs":[[-10137,-10159,11097,-5883]],"properties":{"pop":48,"kn":"1384"}},{"type":"Polygon","arcs":[[-11098,11098,11099,-11075]],"properties":{"pop":39,"kn":"1384"}},{"type":"Polygon","arcs":[[-11100,11100,11101,-11077]],"properties":{"pop":67,"kn":"1384"}},{"type":"Polygon","arcs":[[-11102,11102,11103,-11079]],"properties":{"pop":53,"kn":"1384"}},{"type":"Polygon","arcs":[[-11104,11104,11105,-11081]],"properties":{"pop":37,"kn":"1384"}},{"type":"Polygon","arcs":[[-11106,11106,-10138,-11083]],"properties":{"pop":81,"kn":"1384"}},{"type":"Polygon","arcs":[[11107,11108,11109,-11093]],"properties":{"pop":41,"kn":"1384"}},{"type":"Polygon","arcs":[[-10154,11110,-10156,-10136]],"properties":{"pop":40,"kn":"1384"}},{"type":"Polygon","arcs":[[-10158,11111,11112,-11099]],"properties":{"pop":52,"kn":"1384"}},{"type":"Polygon","arcs":[[11113,11114,11115,-11103]],"properties":{"pop":42,"kn":"1384"}},{"type":"Polygon","arcs":[[-11116,-10181,11116,-11105]],"properties":{"pop":32,"kn":"1384"}},{"type":"Polygon","arcs":[[-11117,-5919,-10160,-11107]],"properties":{"pop":37,"kn":"1384"}},{"type":"Polygon","arcs":[[-10170,11117,11118,11119]],"properties":{"pop":25,"kn":"1384"}},{"type":"Polygon","arcs":[[11120,11121,11122,11123]],"properties":{"pop":34,"kn":"1384"}},{"type":"Polygon","arcs":[[-11123,11124,11125,11126]],"properties":{"pop":22,"kn":"1384"}},{"type":"Polygon","arcs":[[11127,-10196,11128,11129]],"properties":{"pop":36,"kn":"1384"}},{"type":"Polygon","arcs":[[11130,11131,-10175,-11112]],"properties":{"pop":94,"kn":"1384"}},{"type":"Polygon","arcs":[[-10177,11132,-10179,-11115]],"properties":{"pop":30,"kn":"1384"}},{"type":"Polygon","arcs":[[-10183,-5937,-10184,-5908]],"properties":{"pop":33,"kn":"1384"}},{"type":"Polygon","arcs":[[11133,-5941,11134,-10169]],"properties":{"pop":29,"kn":"1384"}},{"type":"Polygon","arcs":[[11135,11136,-10194,11137]],"properties":{"pop":53,"kn":"1384"}},{"type":"Polygon","arcs":[[11138,-10208,11139,11140]],"properties":{"pop":88,"kn":"1384"}},{"type":"Polygon","arcs":[[-11140,-10211,11141,11142]],"properties":{"pop":81,"kn":"1384"}},{"type":"Polygon","arcs":[[-11142,11143,11144,11145]],"properties":{"pop":89,"kn":"1384"}},{"type":"Polygon","arcs":[[-11145,-10215,11146,11147]],"properties":{"pop":84,"kn":"1384"}},{"type":"Polygon","arcs":[[-11147,11148,11149,-11132]],"properties":{"pop":62,"kn":"1384"}},{"type":"Polygon","arcs":[[-10201,-10223,11150,-10189]],"properties":{"pop":41,"kn":"1384"}},{"type":"Polygon","arcs":[[11151,11152,11153,11154]],"properties":{"pop":41,"kn":"1384"}},{"type":"Polygon","arcs":[[-11154,11155,11156,11157]],"properties":{"pop":47,"kn":"1384"}},{"type":"Polygon","arcs":[[-11157,11158,11159,-11137]],"properties":{"pop":76,"kn":"1384"}},{"type":"Polygon","arcs":[[-11160,11160,-10202,-10195]],"properties":{"pop":59,"kn":"1384"}},{"type":"Polygon","arcs":[[-10210,11161,-10212,-11144]],"properties":{"pop":51,"kn":"1384"}},{"type":"Polygon","arcs":[[-10214,11162,11163,-11149]],"properties":{"pop":50,"kn":"1384"}},{"type":"Polygon","arcs":[[-10218,-5955,-10220,-10198]],"properties":{"pop":103,"kn":"1384"}},{"type":"Polygon","arcs":[[11164,-5967,11165,-5939]],"properties":{"pop":37,"kn":"1384"}},{"type":"Polygon","arcs":[[-11166,-5970,11166,11167]],"properties":{"pop":95,"kn":"1384"}},{"type":"Polygon","arcs":[[-11167,11168,11169,11170]],"properties":{"pop":76,"kn":"1384"}},{"type":"Polygon","arcs":[[-11170,11171,11172,-11153]],"properties":{"pop":81,"kn":"1384"}},{"type":"Polygon","arcs":[[11173,11174,11175,-10203]],"properties":{"pop":67,"kn":"1384"}},{"type":"Polygon","arcs":[[-11176,11176,11177,11178]],"properties":{"pop":57,"kn":"1384"}},{"type":"Polygon","arcs":[[11179,11180,11181,-11162]],"properties":{"pop":58,"kn":"1384"}},{"type":"Polygon","arcs":[[-11182,11182,11183,-10213]],"properties":{"pop":56,"kn":"1384"}},{"type":"Polygon","arcs":[[-11184,11184,11185,-11163]],"properties":{"pop":43,"kn":"1384"}},{"type":"Polygon","arcs":[[11186,11187,-10227,11188]],"properties":{"pop":37,"kn":"1384"}},{"type":"Polygon","arcs":[[-5954,-10239,11189,-10221]],"properties":{"pop":83,"kn":"1384"}},{"type":"Polygon","arcs":[[-11190,11190,-10229,-5943]],"properties":{"pop":39,"kn":"1384"}},{"type":"Polygon","arcs":[[-5969,-5981,11191,-11169]],"properties":{"pop":71,"kn":"1384"}},{"type":"Polygon","arcs":[[11192,11193,11194,-11175]],"properties":{"pop":39,"kn":"1384"}},{"type":"Polygon","arcs":[[-11195,11195,11196,-11177]],"properties":{"pop":35,"kn":"1384"}},{"type":"Polygon","arcs":[[11197,-10249,11198,-11183]],"properties":{"pop":57,"kn":"1384"}},{"type":"Polygon","arcs":[[-11199,-5985,-10232,-11185]],"properties":{"pop":28,"kn":"1384"}},{"type":"Polygon","arcs":[[-10234,11199,-10236,-11188]],"properties":{"pop":30,"kn":"1384"}},{"type":"Polygon","arcs":[[-10238,11200,11201,-11191]],"properties":{"pop":27,"kn":"1384"}},{"type":"Polygon","arcs":[[-11202,-10254,11202,-10230]],"properties":{"pop":60,"kn":"1384"}},{"type":"Polygon","arcs":[[-11203,-10256,-10240,-5957]],"properties":{"pop":39,"kn":"1384"}},{"type":"Polygon","arcs":[[-10242,-10259,-10243,-5962]],"properties":{"pop":37,"kn":"1384"}},{"type":"Polygon","arcs":[[11203,11204,11205,-11196]],"properties":{"pop":87,"kn":"1384"}},{"type":"Polygon","arcs":[[-5984,11206,11207,-10233]],"properties":{"pop":27,"kn":"1384"}},{"type":"Polygon","arcs":[[-10251,-10270,-10252,-11201]],"properties":{"pop":26,"kn":"1384"}},{"type":"Polygon","arcs":[[-10255,11208,-10257,-10241]],"properties":{"pop":115,"kn":"1384"}},{"type":"Polygon","arcs":[[-10261,11209,11210,11211]],"properties":{"pop":60,"kn":"1384"}},{"type":"Polygon","arcs":[[-11211,11212,11213,11214]],"properties":{"pop":75,"kn":"1384"}},{"type":"Polygon","arcs":[[-11214,-6012,11215,11216]],"properties":{"pop":61,"kn":"1384"}},{"type":"Polygon","arcs":[[-11216,-6015,11217,11218]],"properties":{"pop":45,"kn":"1384"}},{"type":"Polygon","arcs":[[-11218,-10278,11219,-11205]],"properties":{"pop":26,"kn":"1384"}},{"type":"Polygon","arcs":[[-10267,-10282,11220,-11207]],"properties":{"pop":39,"kn":"1384"}},{"type":"Polygon","arcs":[[11221,11222,11223,-5987]],"properties":{"pop":57,"kn":"1384"}},{"type":"Polygon","arcs":[[-11224,11224,11225,-5990]],"properties":{"pop":28,"kn":"1384"}},{"type":"Polygon","arcs":[[-11226,11226,-10268,-10250]],"properties":{"pop":96,"kn":"1384"}},{"type":"Polygon","arcs":[[-6007,-10289,11227,-11209]],"properties":{"pop":34,"kn":"1384"}},{"type":"Polygon","arcs":[[-11228,11228,-10271,-10258]],"properties":{"pop":41,"kn":"1384"}},{"type":"Polygon","arcs":[[11229,11230,11231,-11210]],"properties":{"pop":64,"kn":"1384"}},{"type":"Polygon","arcs":[[11232,11233,11234,-10264]],"properties":{"pop":63,"kn":"1384"}},{"type":"Polygon","arcs":[[-11235,-6027,-10279,-10266]],"properties":{"pop":78,"kn":"1384"}},{"type":"Polygon","arcs":[[-10284,-10297,11235,-11223]],"properties":{"pop":31,"kn":"1384"}},{"type":"Polygon","arcs":[[-11236,-10299,11236,-11225]],"properties":{"pop":64,"kn":"1384"}},{"type":"Polygon","arcs":[[-11237,11237,-10286,-11227]],"properties":{"pop":31,"kn":"1384"}},{"type":"Polygon","arcs":[[-10288,-10305,11238,-11229]],"properties":{"pop":37,"kn":"1384"}},{"type":"Polygon","arcs":[[11239,-6035,-6021,-6010]],"properties":{"pop":60,"kn":"1384"}},{"type":"Polygon","arcs":[[-10292,-10308,11240,11241]],"properties":{"pop":31,"kn":"1384"}},{"type":"Polygon","arcs":[[11242,11243,11244,11245]],"properties":{"pop":27,"kn":"1384"}},{"type":"Polygon","arcs":[[-11245,11246,-6024,-11234]],"properties":{"pop":55,"kn":"1384"}},{"type":"Polygon","arcs":[[-6026,-10312,-10293,-10280]],"properties":{"pop":28,"kn":"1384"}},{"type":"Polygon","arcs":[[-10298,-10315,-10300,-11238]],"properties":{"pop":84,"kn":"1384"}},{"type":"Polygon","arcs":[[-10302,11247,-10303,-6017]],"properties":{"pop":31,"kn":"1384"}},{"type":"Polygon","arcs":[[-10307,-6063,11248,11249]],"properties":{"pop":212,"kn":"1384"}},{"type":"Polygon","arcs":[[-11249,11250,11251,11252]],"properties":{"pop":149,"kn":"1384"}},{"type":"Polygon","arcs":[[-11252,11253,11254,-11244]],"properties":{"pop":59,"kn":"1384"}},{"type":"Polygon","arcs":[[-11255,11255,11256,-11247]],"properties":{"pop":53,"kn":"1384"}},{"type":"Polygon","arcs":[[-11257,11257,-10309,-6025]],"properties":{"pop":48,"kn":"1384"}},{"type":"Polygon","arcs":[[-10311,11258,-6041,-10294]],"properties":{"pop":67,"kn":"1384"}},{"type":"Polygon","arcs":[[-10316,-10321,-6048,-11248]],"properties":{"pop":40,"kn":"1384"}},{"type":"Polygon","arcs":[[-6062,-6096,11259,-11251]],"properties":{"pop":78,"kn":"1384"}},{"type":"Polygon","arcs":[[11260,11261,11262,-11258]],"properties":{"pop":85,"kn":"1384"}},{"type":"Polygon","arcs":[[-11263,11263,11264,-10310]],"properties":{"pop":92,"kn":"1384"}},{"type":"Polygon","arcs":[[-11265,11265,-6064,-11259]],"properties":{"pop":62,"kn":"1384"}},{"type":"Polygon","arcs":[[11266,11267,-10322,11268]],"properties":{"pop":90,"kn":"1384"}},{"type":"Polygon","arcs":[[11269,11270,-10326,-6065]],"properties":{"pop":19,"kn":"1384"}},{"type":"Polygon","arcs":[[11271,11272,-6083]],"properties":{"pop":86,"kn":"1384"}},{"type":"Polygon","arcs":[[-6112,11273,11274,-6094]],"properties":{"pop":48,"kn":"1384"}},{"type":"Polygon","arcs":[[11275,11276,11277,11278]],"properties":{"pop":94,"kn":"1384"}},{"type":"Polygon","arcs":[[-11278,-10340,11279,11280]],"properties":{"pop":57,"kn":"1384"}},{"type":"Polygon","arcs":[[-10332,-6128,11281,-11271]],"properties":{"pop":52,"kn":"1384"}},{"type":"Polygon","arcs":[[-11282,-10343,11282,-10327]],"properties":{"pop":104,"kn":"1384"}},{"type":"Polygon","arcs":[[-11283,11283,-10334,-10329]],"properties":{"pop":42,"kn":"1384"}},{"type":"Polygon","arcs":[[-6119,-6132,-10336,-6107]],"properties":{"pop":56,"kn":"1384"}},{"type":"Polygon","arcs":[[-10339,11284,11285,11286]],"properties":{"pop":37,"kn":"1384"}},{"type":"Polygon","arcs":[[-11286,11287,-6125,-10331]],"properties":{"pop":27,"kn":"1384"}},{"type":"Polygon","arcs":[[-10342,-10352,-10344,-11284]],"properties":{"pop":85,"kn":"1384"}},{"type":"Polygon","arcs":[[-10348,-6136,-10349,-6116]],"properties":{"pop":32,"kn":"1384"}},{"type":"Polygon","arcs":[[-6131,-10356,11288,-10337]],"properties":{"pop":47,"kn":"1384"}},{"type":"Polygon","arcs":[[-10351,11289,11290,-10345]],"properties":{"pop":55,"kn":"1384"}},{"type":"Polygon","arcs":[[-11291,11291,-6133,-10347]],"properties":{"pop":92,"kn":"1384"}},{"type":"Polygon","arcs":[[11292,11293,-11292]],"properties":{"pop":93,"kn":"1384"}},{"type":"Polygon","arcs":[[-11294,-10360,-6140,-6134]],"properties":{"pop":97,"kn":"1384"}},{"type":"Polygon","arcs":[[-140,-6333,-10366,-10364]],"properties":{"pop":191,"kn":"1381"}},{"type":"Polygon","arcs":[[-6307,11294,11295,-6275]],"properties":{"pop":102,"kn":"1381"}},{"type":"Polygon","arcs":[[11296,-6391,-6339,11297]],"properties":{"pop":256,"kn":"1381"}},{"type":"Polygon","arcs":[[-6348,-10373,11298,-6321]],"properties":{"pop":136,"kn":"1381"}},{"type":"Polygon","arcs":[[-11299,-6399,-6349,-6323]],"properties":{"pop":173,"kn":"1381"}},{"type":"Polygon","arcs":[[11299,-6459,11300]],"properties":{"pop":533,"kn":"1381"}},{"type":"Polygon","arcs":[[-6461,11301,-6463,-6410]],"properties":{"pop":253,"kn":"1381"}},{"type":"Polygon","arcs":[[-231,11302,11303,11304]],"properties":{"pop":184,"kn":"1381"}},{"type":"Polygon","arcs":[[-10385,-10390,-6498,-10377]],"properties":{"pop":282,"kn":"1381"}},{"type":"Polygon","arcs":[[11305,-293,11306,-11303]],"properties":{"pop":158,"kn":"1381"}},{"type":"Polygon","arcs":[[-11307,11307,-267,11308]],"properties":{"pop":288,"kn":"1381"}},{"type":"Polygon","arcs":[[-292,-10396,-6547,-11308]],"properties":{"pop":246,"kn":"1381"}},{"type":"Polygon","arcs":[[-10411,-6652,-6628,-6597]],"properties":{"pop":222,"kn":"1381"}},{"type":"Polygon","arcs":[[-6641,-6669,11309,-10406]],"properties":{"pop":167,"kn":"1381"}},{"type":"Polygon","arcs":[[-6682,11310,-10421,-402]],"properties":{"pop":262,"kn":"1381"}},{"type":"Polygon","arcs":[[11311,-463,11312,11313]],"properties":{"pop":212,"kn":"1381"}},{"type":"Polygon","arcs":[[-10429,11314,-436,11315]],"properties":{"pop":198,"kn":"1381"}},{"type":"Polygon","arcs":[[-6788,11316,-6789,-6754]],"properties":{"pop":120,"kn":"1381"}},{"type":"Polygon","arcs":[[-10437,-6854,11317,-6787]],"properties":{"pop":109,"kn":"1381"}},{"type":"Polygon","arcs":[[11318,-10441,-6821,-6790]],"properties":{"pop":190,"kn":"1381"}},{"type":"Polygon","arcs":[[-10439,11319,-6851,-10436]],"properties":{"pop":133,"kn":"1381"}},{"type":"Polygon","arcs":[[-6883,-6911,11320,-10438]],"properties":{"pop":190,"kn":"1381"}},{"type":"Polygon","arcs":[[-666,-6948,11321,-6900]],"properties":{"pop":134,"kn":"1380"}},{"type":"Polygon","arcs":[[-11322,-6951,-6933,11322]],"properties":{"pop":250,"kn":"1380"}},{"type":"Polygon","arcs":[[-674,-10446,-10443,-6914]],"properties":{"pop":100,"kn":"1381"}},{"type":"Polygon","arcs":[[11323,11324,-6945,-665]],"properties":{"pop":270,"kn":"1380"}},{"type":"Polygon","arcs":[[-6950,-744,11325,-6934]],"properties":{"pop":175,"kn":"1380"}},{"type":"Polygon","arcs":[[11326,-10448,-6952,-669]],"properties":{"pop":152,"kn":"1380"}},{"type":"Polygon","arcs":[[-739,-6995,-6968,-11325]],"properties":{"pop":197,"kn":"1380"}},{"type":"Polygon","arcs":[[11327,11328,-7046,-7026]],"properties":{"pop":285,"kn":"1380"}},{"type":"Polygon","arcs":[[11329,11330,11331,11332]],"properties":{"pop":115,"kn":"1380"}},{"type":"Polygon","arcs":[[11333,11334,11335]],"properties":{"pop":143,"kn":"1380"}},{"type":"Polygon","arcs":[[-10464,-10479,11336,-11331]],"properties":{"pop":255,"kn":"1380"}},{"type":"Polygon","arcs":[[11337,11338,-1016,11339]],"properties":{"pop":174,"kn":"1380"}},{"type":"Polygon","arcs":[[11340,11341,-10470,11342]],"properties":{"pop":141,"kn":"1380"}},{"type":"Polygon","arcs":[[-10496,-10507,11343,11344]],"properties":{"pop":111,"kn":"1380"}},{"type":"Polygon","arcs":[[-11344,-10510,11345,11346]],"properties":{"pop":112,"kn":"1380"}},{"type":"Polygon","arcs":[[-11346,-10511,-7099,-10485]],"properties":{"pop":140,"kn":"1380"}},{"type":"Polygon","arcs":[[-7104,11347,11348,11349]],"properties":{"pop":151,"kn":"1380"}},{"type":"Polygon","arcs":[[-10498,-10513,-10500,11350]],"properties":{"pop":208,"kn":"1380"}},{"type":"Polygon","arcs":[[11351,11352,-10504,-10495]],"properties":{"pop":184,"kn":"1380"}},{"type":"Polygon","arcs":[[-10512,-7162,11353,-10501]],"properties":{"pop":290,"kn":"1380"}},{"type":"Polygon","arcs":[[-11354,-7163,-10514,-10503]],"properties":{"pop":171,"kn":"1380"}},{"type":"Polygon","arcs":[[-7143,-7185,11354,-11353]],"properties":{"pop":108,"kn":"1380"}},{"type":"Polygon","arcs":[[-11355,-10522,11355,-10505]],"properties":{"pop":182,"kn":"1380"}},{"type":"Polygon","arcs":[[-1227,-7198,-10518,-10517]],"properties":{"pop":127,"kn":"1380"}},{"type":"Polygon","arcs":[[-7205,11356,11357,-1242]],"properties":{"pop":126,"kn":"1380"}},{"type":"Polygon","arcs":[[11358,-10528,-10525,-7183]],"properties":{"pop":144,"kn":"1380"}},{"type":"Polygon","arcs":[[-7234,-7259,-10526,11359]],"properties":{"pop":193,"kn":"1380"}},{"type":"Polygon","arcs":[[11360,-7270,-10527,11361]],"properties":{"pop":155,"kn":"1380"}},{"type":"Polygon","arcs":[[-1356,11362,-1358,-7227]],"properties":{"pop":148,"kn":"1380"}},{"type":"Polygon","arcs":[[-7266,-10541,-10531,11363]],"properties":{"pop":268,"kn":"1380"}},{"type":"Polygon","arcs":[[-7272,11364,-10533,-1341]],"properties":{"pop":207,"kn":"1380"}},{"type":"Polygon","arcs":[[-10537,-10543,11365,-10529]],"properties":{"pop":139,"kn":"1380"}},{"type":"Polygon","arcs":[[-11366,-7317,-7278,11366]],"properties":{"pop":137,"kn":"1380"}},{"type":"Polygon","arcs":[[-7284,-10545,11367,-1355]],"properties":{"pop":245,"kn":"1380"}},{"type":"Polygon","arcs":[[11368,-7325,-10538,-1359]],"properties":{"pop":185,"kn":"1380"}},{"type":"Polygon","arcs":[[-1516,11369,-10550,-10546]],"properties":{"pop":186,"kn":"1380"}},{"type":"Polygon","arcs":[[-7398,11370,-10553,-10547]],"properties":{"pop":241,"kn":"1380"}},{"type":"Polygon","arcs":[[-10556,11371,-10557,-11370]],"properties":{"pop":222,"kn":"1380"}},{"type":"Polygon","arcs":[[-1569,11372,-7424,-7393]],"properties":{"pop":247,"kn":"1380"}},{"type":"Polygon","arcs":[[-1580,-10563,-7429,-11371]],"properties":{"pop":142,"kn":"1380"}},{"type":"Polygon","arcs":[[11373,-10566,11374,-10555]],"properties":{"pop":160,"kn":"1382"}},{"type":"Polygon","arcs":[[-7574,-7612,11375,-7543]],"properties":{"pop":105,"kn":"1380"}},{"type":"Polygon","arcs":[[-7599,-10592,-10584,-10576]],"properties":{"pop":100,"kn":"1382"}},{"type":"Polygon","arcs":[[-10585,-7646,-7613,11376]],"properties":{"pop":238,"kn":"1380"}},{"type":"Polygon","arcs":[[-7655,-7691,-7656,-10588]],"properties":{"pop":101,"kn":"1380"}},{"type":"Polygon","arcs":[[-10600,-10604,-7699,-10593]],"properties":{"pop":111,"kn":"1382"}},{"type":"Polygon","arcs":[[11377,11378,-7776,-10603]],"properties":{"pop":135,"kn":"1382"}},{"type":"Polygon","arcs":[[11379,11380,11381,-7774]],"properties":{"pop":162,"kn":"1382"}},{"type":"Polygon","arcs":[[11382,11383,-2232,-11379]],"properties":{"pop":235,"kn":"1382"}},{"type":"Polygon","arcs":[[-2317,11384,11385,11386]],"properties":{"pop":165,"kn":"1382"}},{"type":"Polygon","arcs":[[-11386,11387,11388,11389]],"properties":{"pop":173,"kn":"1382"}},{"type":"Polygon","arcs":[[11390,-7903,-7861,-2233]],"properties":{"pop":391,"kn":"1382"}},{"type":"Polygon","arcs":[[-7896,-10615,11391,-2316]],"properties":{"pop":89,"kn":"1382"}},{"type":"Polygon","arcs":[[11392,-7942,-7898,11393]],"properties":{"pop":273,"kn":"1382"}},{"type":"Polygon","arcs":[[-2621,-8025,-10626,-7953]],"properties":{"pop":253,"kn":"1382"}},{"type":"Polygon","arcs":[[-10627,-10636,-8002,-10621]],"properties":{"pop":145,"kn":"1382"}},{"type":"Polygon","arcs":[[-8004,-8051,-8005,11394]],"properties":{"pop":211,"kn":"1382"}},{"type":"Polygon","arcs":[[-8064,-8101,-10637,-8010]],"properties":{"pop":207,"kn":"1382"}},{"type":"Polygon","arcs":[[-10640,11395,-8083,-2819]],"properties":{"pop":122,"kn":"1315"}},{"type":"Polygon","arcs":[[-10655,-3199,11396,-8126]],"properties":{"pop":100,"kn":"1315"}},{"type":"Polygon","arcs":[[-11397,-8238,11397,-2994]],"properties":{"pop":156,"kn":"1315"}},{"type":"Polygon","arcs":[[-11398,-8239,-8167,-2996]],"properties":{"pop":128,"kn":"1315"}},{"type":"Polygon","arcs":[[-3145,-10658,-8188,-10647]],"properties":{"pop":110,"kn":"1382"}},{"type":"Polygon","arcs":[[-8333,-10673,11398,-8263]],"properties":{"pop":263,"kn":"1382"}},{"type":"Polygon","arcs":[[-8342,11399,-8343,-10660]],"properties":{"pop":143,"kn":"1382"}},{"type":"Polygon","arcs":[[-10671,-10681,-10672,-8327]],"properties":{"pop":267,"kn":"1382"}},{"type":"Polygon","arcs":[[-8401,-3511,-8402,-11400]],"properties":{"pop":110,"kn":"1382"}},{"type":"Polygon","arcs":[[-8432,11400,11401,11402]],"properties":{"pop":280,"kn":"1315"}},{"type":"Polygon","arcs":[[-3510,-8493,-8448,-8403]],"properties":{"pop":168,"kn":"1382"}},{"type":"Polygon","arcs":[[-10690,-10694,-3663,11403]],"properties":{"pop":166,"kn":"1315"}},{"type":"Polygon","arcs":[[-3701,-10698,-8527,-8473]],"properties":{"pop":140,"kn":"1383"}},{"type":"Polygon","arcs":[[-10692,-3808,-3745,-3638]],"properties":{"pop":100,"kn":"1315"}},{"type":"Polygon","arcs":[[-10693,-8645,-8567,-8517]],"properties":{"pop":237,"kn":"1315"}},{"type":"Polygon","arcs":[[-10709,-8755,-8704,-8652]],"properties":{"pop":85,"kn":"1315"}},{"type":"Polygon","arcs":[[-4055,11404,11405,-3963]],"properties":{"pop":206,"kn":"1383"}},{"type":"Polygon","arcs":[[-11406,-10725,11406,-10710]],"properties":{"pop":121,"kn":"1383"}},{"type":"Polygon","arcs":[[-11407,-8816,-8764,-10712]],"properties":{"pop":135,"kn":"1383"}},{"type":"Polygon","arcs":[[-8766,-10728,-10716,-10715]],"properties":{"pop":110,"kn":"1383"}},{"type":"Polygon","arcs":[[11407,-8822,-8768,-8711]],"properties":{"pop":287,"kn":"1383"}},{"type":"Polygon","arcs":[[-8880,-8921,-8882,-10733]],"properties":{"pop":125,"kn":"1382"}},{"type":"Polygon","arcs":[[-8895,-4379,11408,-8849]],"properties":{"pop":114,"kn":"1315"}},{"type":"Polygon","arcs":[[-11409,-8936,-4288,-8851]],"properties":{"pop":206,"kn":"1315"}},{"type":"Polygon","arcs":[[-4315,-8946,11409,-4224]],"properties":{"pop":111,"kn":"1383"}},{"type":"Polygon","arcs":[[-11410,11410,11411,11412]],"properties":{"pop":210,"kn":"1383"}},{"type":"Polygon","arcs":[[-11412,-10753,-10740,11413]],"properties":{"pop":288,"kn":"1383"}},{"type":"Polygon","arcs":[[-10747,-10760,-10748,-8865]],"properties":{"pop":287,"kn":"1383"}},{"type":"Polygon","arcs":[[-10768,-10773,-4518,-8981]],"properties":{"pop":107,"kn":"1382"}},{"type":"Polygon","arcs":[[11414,11415,-9032,-10764]],"properties":{"pop":325,"kn":"1383"}},{"type":"Polygon","arcs":[[-10769,-9071,11416,-8991]],"properties":{"pop":108,"kn":"1383"}},{"type":"Polygon","arcs":[[-11417,-10777,-10770,-10766]],"properties":{"pop":113,"kn":"1383"}},{"type":"Polygon","arcs":[[-4645,11417,-10781,-9058]],"properties":{"pop":273,"kn":"1382"}},{"type":"Polygon","arcs":[[-9088,11418,-4664,11419]],"properties":{"pop":151,"kn":"1383"}},{"type":"Polygon","arcs":[[-9103,-10797,-10787,-4599]],"properties":{"pop":118,"kn":"1383"}},{"type":"Polygon","arcs":[[-9114,-9155,-9115,-11418]],"properties":{"pop":110,"kn":"1382"}},{"type":"Polygon","arcs":[[-10789,-10801,-4729,-11419]],"properties":{"pop":141,"kn":"1383"}},{"type":"Polygon","arcs":[[11420,11421,-4732,11422]],"properties":{"pop":132,"kn":"1383"}},{"type":"Polygon","arcs":[[-10794,-9168,-9127,-10786]],"properties":{"pop":138,"kn":"1383"}},{"type":"Polygon","arcs":[[-9146,11423,-10798,-10788]],"properties":{"pop":183,"kn":"1382"}},{"type":"Polygon","arcs":[[11424,11425,-10802,-4733]],"properties":{"pop":341,"kn":"1383"}},{"type":"Polygon","arcs":[[-9164,-9205,-9166,-10793]],"properties":{"pop":151,"kn":"1383"}},{"type":"Polygon","arcs":[[-9184,-9226,11426,-11424]],"properties":{"pop":173,"kn":"1382"}},{"type":"Polygon","arcs":[[11427,-10818,11428,-10800]],"properties":{"pop":120,"kn":"1383"}},{"type":"Polygon","arcs":[[-11429,11429,-10810,-9161]],"properties":{"pop":149,"kn":"1383"}},{"type":"Polygon","arcs":[[-9210,-9254,11430,-10808]],"properties":{"pop":224,"kn":"1383"}},{"type":"Polygon","arcs":[[-10817,-9285,11431,-11430]],"properties":{"pop":317,"kn":"1383"}},{"type":"Polygon","arcs":[[-11432,11432,11433,-10811]],"properties":{"pop":253,"kn":"1383"}},{"type":"Polygon","arcs":[[-9284,-10834,11434,-11433]],"properties":{"pop":101,"kn":"1383"}},{"type":"Polygon","arcs":[[-11435,-9333,-9286,11435]],"properties":{"pop":135,"kn":"1383"}},{"type":"Polygon","arcs":[[-9291,-9339,-10826,-10824]],"properties":{"pop":106,"kn":"1383"}},{"type":"Polygon","arcs":[[-4975,-9377,11436,-9280]],"properties":{"pop":143,"kn":"1383"}},{"type":"Polygon","arcs":[[-11437,11437,-10832,-9283]],"properties":{"pop":129,"kn":"1383"}},{"type":"Polygon","arcs":[[-9335,11438,-9336,-9290]],"properties":{"pop":212,"kn":"1383"}},{"type":"Polygon","arcs":[[-9342,11439,-9344,-9294]],"properties":{"pop":139,"kn":"1383"}},{"type":"Polygon","arcs":[[-10839,-9421,-9381,-11439]],"properties":{"pop":191,"kn":"1383"}},{"type":"Polygon","arcs":[[-10841,-9429,-9390,-11440]],"properties":{"pop":97,"kn":"1383"}},{"type":"Polygon","arcs":[[11440,-9436,-5018,-9356]],"properties":{"pop":224,"kn":"1383"}},{"type":"Polygon","arcs":[[-9417,11441,11442,-9375]],"properties":{"pop":197,"kn":"1383"}},{"type":"Polygon","arcs":[[-11443,11443,-10842,11444]],"properties":{"pop":89,"kn":"1383"}},{"type":"Polygon","arcs":[[-10844,-9454,-9418,-10838]],"properties":{"pop":182,"kn":"1383"}},{"type":"Polygon","arcs":[[-10848,-10851,11445,-9413]],"properties":{"pop":123,"kn":"1383"}},{"type":"Polygon","arcs":[[-11446,11446,11447,-9416]],"properties":{"pop":149,"kn":"1383"}},{"type":"Polygon","arcs":[[-11448,-10855,11448,-11442]],"properties":{"pop":187,"kn":"1383"}},{"type":"Polygon","arcs":[[-11449,-10858,-9450,-11444]],"properties":{"pop":90,"kn":"1383"}},{"type":"Polygon","arcs":[[-9492,-9521,-5123,-9446]],"properties":{"pop":115,"kn":"1382"}},{"type":"Polygon","arcs":[[-10850,11449,-10852,-11447]],"properties":{"pop":141,"kn":"1383"}},{"type":"Polygon","arcs":[[-10867,11450,-9527,-10856]],"properties":{"pop":106,"kn":"1383"}},{"type":"Polygon","arcs":[[-5250,-10883,-10872,-11451]],"properties":{"pop":124,"kn":"1383"}},{"type":"Polygon","arcs":[[11451,-9667,-10886,-9576]],"properties":{"pop":126,"kn":"1383"}},{"type":"Polygon","arcs":[[-5354,-9708,11452,-10876]],"properties":{"pop":207,"kn":"1383"}},{"type":"Polygon","arcs":[[-9648,11453,11454,-5309]],"properties":{"pop":265,"kn":"1383"}},{"type":"Polygon","arcs":[[-11455,11455,-10890,-9611]],"properties":{"pop":219,"kn":"1383"}},{"type":"Polygon","arcs":[[-9713,-10908,11456,-11454]],"properties":{"pop":173,"kn":"1383"}},{"type":"Polygon","arcs":[[-11457,-10910,-10894,-11456]],"properties":{"pop":168,"kn":"1383"}},{"type":"Polygon","arcs":[[-10902,-10919,-10903,-9709]],"properties":{"pop":113,"kn":"1383"}},{"type":"Polygon","arcs":[[-10912,11457,-10913,-9725]],"properties":{"pop":244,"kn":"1383"}},{"type":"Polygon","arcs":[[-10935,-9865,-9830,11458]],"properties":{"pop":101,"kn":"1383"}},{"type":"Polygon","arcs":[[11459,11460,-9882,-9856]],"properties":{"pop":120,"kn":"1383"}},{"type":"Polygon","arcs":[[-10947,11461,-9899,-9878]],"properties":{"pop":116,"kn":"1383"}},{"type":"Polygon","arcs":[[11462,11463,11464,-11461]],"properties":{"pop":200,"kn":"1383"}},{"type":"Polygon","arcs":[[-10950,-9943,-9914,-11462]],"properties":{"pop":245,"kn":"1383"}},{"type":"Polygon","arcs":[[-10952,11465,11466,-11464]],"properties":{"pop":283,"kn":"1384"}},{"type":"Polygon","arcs":[[-11467,11467,-9927,11468]],"properties":{"pop":287,"kn":"1383"}},{"type":"Polygon","arcs":[[11469,-9974,11470,-10951]],"properties":{"pop":197,"kn":"1384"}},{"type":"Polygon","arcs":[[-9973,-10968,-10959,11471]],"properties":{"pop":148,"kn":"1384"}},{"type":"Polygon","arcs":[[11472,11473,-10965,-9972]],"properties":{"pop":269,"kn":"1384"}},{"type":"Polygon","arcs":[[-10967,-10975,-5698,-10960]],"properties":{"pop":137,"kn":"1384"}},{"type":"Polygon","arcs":[[-10010,11474,11475,-5693]],"properties":{"pop":229,"kn":"1384"}},{"type":"Polygon","arcs":[[11476,-10027,-10971,-11474]],"properties":{"pop":223,"kn":"1384"}},{"type":"Polygon","arcs":[[-10023,11477,11478,-11475]],"properties":{"pop":173,"kn":"1384"}},{"type":"Polygon","arcs":[[-11479,11479,11480,11481]],"properties":{"pop":182,"kn":"1384"}},{"type":"Polygon","arcs":[[11482,11483,-10981,-11480]],"properties":{"pop":237,"kn":"1384"}},{"type":"Polygon","arcs":[[-10982,-10994,11484,11485]],"properties":{"pop":105,"kn":"1384"}},{"type":"Polygon","arcs":[[-10058,-11003,-10990,-5746]],"properties":{"pop":142,"kn":"1384"}},{"type":"Polygon","arcs":[[-10992,-11007,-10059,-10041]],"properties":{"pop":191,"kn":"1384"}},{"type":"Polygon","arcs":[[-11002,-11020,-11004,-10991]],"properties":{"pop":175,"kn":"1384"}},{"type":"Polygon","arcs":[[-10097,-10108,-11027,-10078]],"properties":{"pop":137,"kn":"1384"}},{"type":"Polygon","arcs":[[-11037,11486,11487,-11018]],"properties":{"pop":152,"kn":"1384"}},{"type":"Polygon","arcs":[[-11054,-11071,11488,-11487]],"properties":{"pop":133,"kn":"1384"}},{"type":"Polygon","arcs":[[11489,11490,11491]],"properties":{"pop":88,"kn":"1384"}},{"type":"Polygon","arcs":[[-11086,-5903,-11087,-10117]],"properties":{"pop":99,"kn":"1384"}},{"type":"Polygon","arcs":[[-11091,11492,11493,-11065]],"properties":{"pop":298,"kn":"1384"}},{"type":"Polygon","arcs":[[11494,11495,11496,-11491]],"properties":{"pop":267,"kn":"1384"}},{"type":"Polygon","arcs":[[11497,-11124,11498,11499]],"properties":{"pop":118,"kn":"1384"}},{"type":"Polygon","arcs":[[-11499,-11127,-11108,11500]],"properties":{"pop":183,"kn":"1384"}},{"type":"Polygon","arcs":[[-11110,-11130,11501,-11095]],"properties":{"pop":131,"kn":"1384"}},{"type":"Polygon","arcs":[[-11113,-10178,-11114,-11101]],"properties":{"pop":148,"kn":"1384"}},{"type":"Polygon","arcs":[[-11119,11502,-11121,11503]],"properties":{"pop":124,"kn":"1384"}},{"type":"Polygon","arcs":[[-11126,-11138,-11128,-11109]],"properties":{"pop":118,"kn":"1384"}},{"type":"Polygon","arcs":[[-11129,-5928,11504,11505]],"properties":{"pop":215,"kn":"1384"}},{"type":"Polygon","arcs":[[-10173,-11141,11506,11507]],"properties":{"pop":105,"kn":"1384"}},{"type":"Polygon","arcs":[[-11507,-11143,11508,-10153]],"properties":{"pop":108,"kn":"1384"}},{"type":"Polygon","arcs":[[-11509,-11146,11509,-11111]],"properties":{"pop":104,"kn":"1384"}},{"type":"Polygon","arcs":[[-11510,-11148,-11131,-10157]],"properties":{"pop":122,"kn":"1384"}},{"type":"Polygon","arcs":[[-11135,11510,11511,-11118]],"properties":{"pop":161,"kn":"1384"}},{"type":"Polygon","arcs":[[-11512,11512,11513,-11503]],"properties":{"pop":138,"kn":"1384"}},{"type":"Polygon","arcs":[[11514,11515,-11139,-10172]],"properties":{"pop":115,"kn":"1384"}},{"type":"Polygon","arcs":[[-11150,11516,11517,-10176]],"properties":{"pop":176,"kn":"1384"}},{"type":"Polygon","arcs":[[11518,-10219,-10197,-10180]],"properties":{"pop":90,"kn":"1384"}},{"type":"Polygon","arcs":[[11519,-11171,-11152,-11513]],"properties":{"pop":156,"kn":"1384"}},{"type":"Polygon","arcs":[[-10204,-11179,11520,11521]],"properties":{"pop":184,"kn":"1384"}},{"type":"Polygon","arcs":[[-11521,11522,-10205,-11516]],"properties":{"pop":281,"kn":"1384"}},{"type":"Polygon","arcs":[[-11164,11523,11524,-11517]],"properties":{"pop":171,"kn":"1384"}},{"type":"Polygon","arcs":[[-11173,11525,11526,-11156]],"properties":{"pop":220,"kn":"1384"}},{"type":"Polygon","arcs":[[11527,11528,-11174,-11161]],"properties":{"pop":172,"kn":"1384"}},{"type":"Polygon","arcs":[[-11178,11529,-10224,-11523]],"properties":{"pop":143,"kn":"1384"}},{"type":"Polygon","arcs":[[-11186,-10235,-11187,-11524]],"properties":{"pop":118,"kn":"1384"}},{"type":"Polygon","arcs":[[-11192,11530,11531,-11172]],"properties":{"pop":254,"kn":"1384"}},{"type":"Polygon","arcs":[[11532,11533,-11193,-11529]],"properties":{"pop":178,"kn":"1384"}},{"type":"Polygon","arcs":[[-5980,-10262,11534,-11531]],"properties":{"pop":294,"kn":"1384"}},{"type":"Polygon","arcs":[[11535,-11215,11536,11537]],"properties":{"pop":176,"kn":"1384"}},{"type":"Polygon","arcs":[[-11537,-11217,11538,-11534]],"properties":{"pop":139,"kn":"1384"}},{"type":"Polygon","arcs":[[-11539,-11219,-11204,-11194]],"properties":{"pop":122,"kn":"1384"}},{"type":"Polygon","arcs":[[-11208,11539,-5986,-11200]],"properties":{"pop":210,"kn":"1384"}},{"type":"Polygon","arcs":[[-11221,-10285,-11222,-11540]],"properties":{"pop":136,"kn":"1384"}},{"type":"Polygon","arcs":[[-11232,11540,-6009,-11213]],"properties":{"pop":106,"kn":"1384"}},{"type":"Polygon","arcs":[[-10291,11541,11542,11543]],"properties":{"pop":147,"kn":"1384"}},{"type":"Polygon","arcs":[[11544,11545,11546,-11231]],"properties":{"pop":240,"kn":"1384"}},{"type":"Polygon","arcs":[[-11547,11547,-11240,-11541]],"properties":{"pop":132,"kn":"1384"}},{"type":"Polygon","arcs":[[11548,11549,-6032,-11548]],"properties":{"pop":131,"kn":"1384"}},{"type":"Polygon","arcs":[[11550,11551,11552]],"properties":{"pop":293,"kn":"1384"}},{"type":"Polygon","arcs":[[-11552,11553,11554,11555]],"properties":{"pop":201,"kn":"1384"}},{"type":"Polygon","arcs":[[-11555,11556,11557,11558]],"properties":{"pop":262,"kn":"1384"}},{"type":"Polygon","arcs":[[-11558,-11269,11559,11560]],"properties":{"pop":197,"kn":"1384"}},{"type":"Polygon","arcs":[[-11560,-10324,-6057,-11550]],"properties":{"pop":164,"kn":"1384"}},{"type":"Polygon","arcs":[[11561,-11281,11562,-11262]],"properties":{"pop":165,"kn":"1384"}},{"type":"Polygon","arcs":[[-11563,11563,11564,-11264]],"properties":{"pop":161,"kn":"1384"}},{"type":"Polygon","arcs":[[-11565,-10333,-11270,-11266]],"properties":{"pop":151,"kn":"1384"}},{"type":"Polygon","arcs":[[11565,-6124,11566,11567]],"properties":{"pop":220,"kn":"1384"}},{"type":"Polygon","arcs":[[11568,11569,11570,-11268]],"properties":{"pop":161,"kn":"1384"}},{"type":"Polygon","arcs":[[-11275,11571,-11276,11572]],"properties":{"pop":210,"kn":"1384"}},{"type":"Polygon","arcs":[[-11280,-11287,-10330,-11564]],"properties":{"pop":142,"kn":"1384"}},{"type":"Polygon","arcs":[[11573,11574,11575,-11570]],"properties":{"pop":155,"kn":"1384"}},{"type":"Polygon","arcs":[[-11576,11576,11577]],"properties":{"pop":170,"kn":"1384"}},{"type":"Polygon","arcs":[[-11296,-11298,-6308,-10365]],"properties":{"pop":345,"kn":"1381"}},{"type":"Polygon","arcs":[[-10372,-6389,-11297,-11295]],"properties":{"pop":357,"kn":"1381"}},{"type":"Polygon","arcs":[[-11304,-11309,-10383,-11300]],"properties":{"pop":502,"kn":"1381"}},{"type":"Polygon","arcs":[[-10384,-6514,-6487,-11302]],"properties":{"pop":313,"kn":"1381"}},{"type":"Polygon","arcs":[[-6520,-10392,-10388,-6494]],"properties":{"pop":679,"kn":"1381"}},{"type":"Polygon","arcs":[[-10404,11578,-6615,-10397]],"properties":{"pop":566,"kn":"1381"}},{"type":"Polygon","arcs":[[-380,11579,-10412,-11579]],"properties":{"pop":390,"kn":"1381"}},{"type":"Polygon","arcs":[[-11310,11580,11581,-10408]],"properties":{"pop":726,"kn":"1381"}},{"type":"Polygon","arcs":[[-11582,11582,11583,-10410]],"properties":{"pop":917,"kn":"1381"}},{"type":"Polygon","arcs":[[-11584,11584,-6642,-6623]],"properties":{"pop":1048,"kn":"1381"}},{"type":"Polygon","arcs":[[11585,-11314,11586,-11580]],"properties":{"pop":457,"kn":"1381"}},{"type":"Polygon","arcs":[[-11587,11587,-10417,-10413]],"properties":{"pop":401,"kn":"1381"}},{"type":"Polygon","arcs":[[-6668,-10427,11588,-11581]],"properties":{"pop":953,"kn":"1381"}},{"type":"Polygon","arcs":[[11589,-11316,-10419,-11585]],"properties":{"pop":447,"kn":"1381"}},{"type":"Polygon","arcs":[[-11313,-466,-10424,-11588]],"properties":{"pop":337,"kn":"1381"}},{"type":"Polygon","arcs":[[-6705,-6735,11590,-11311]],"properties":{"pop":460,"kn":"1381"}},{"type":"Polygon","arcs":[[-11591,-10434,-6706,-10422]],"properties":{"pop":292,"kn":"1381"}},{"type":"Polygon","arcs":[[-10432,-6753,-6720,-11315]],"properties":{"pop":950,"kn":"1381"}},{"type":"Polygon","arcs":[[-11318,-6857,-11319,-11317]],"properties":{"pop":912,"kn":"1381"}},{"type":"Polygon","arcs":[[-11321,-6913,-6884,-11320]],"properties":{"pop":304,"kn":"1381"}},{"type":"Polygon","arcs":[[-6901,-11323,-6902,-6876]],"properties":{"pop":299,"kn":"1380"}},{"type":"Polygon","arcs":[[-11326,-6974,-11327,-10442]],"properties":{"pop":368,"kn":"1380"}},{"type":"Polygon","arcs":[[-6994,11591,11592,-6969]],"properties":{"pop":868,"kn":"1380"}},{"type":"Polygon","arcs":[[-11593,-7007,-6996,-6971]],"properties":{"pop":366,"kn":"1380"}},{"type":"Polygon","arcs":[[-7005,-7027,-7006,-11592]],"properties":{"pop":446,"kn":"1380"}},{"type":"Polygon","arcs":[[-7045,11593,-11328,-867]],"properties":{"pop":706,"kn":"1380"}},{"type":"Polygon","arcs":[[-10456,-10465,-11330,-911]],"properties":{"pop":327,"kn":"1380"}},{"type":"Polygon","arcs":[[-11332,11594,11595,-7039]],"properties":{"pop":457,"kn":"1380"}},{"type":"Polygon","arcs":[[-11596,11596,-11334,-914]],"properties":{"pop":805,"kn":"1380"}},{"type":"Polygon","arcs":[[-10458,11597,-10460,-7042]],"properties":{"pop":311,"kn":"1380"}},{"type":"Polygon","arcs":[[-10462,-11343,11598,-11594]],"properties":{"pop":1585,"kn":"1380"}},{"type":"Polygon","arcs":[[-11599,-10472,-7057,-11329]],"properties":{"pop":884,"kn":"1380"}},{"type":"Polygon","arcs":[[-11337,11599,11600,-11595]],"properties":{"pop":2023,"kn":"1380"}},{"type":"Polygon","arcs":[[11601,11602,-11338,-11335]],"properties":{"pop":1358,"kn":"1380"}},{"type":"Polygon","arcs":[[-10469,11603,11604,-11598]],"properties":{"pop":1354,"kn":"1380"}},{"type":"Polygon","arcs":[[-10475,11605,-10476,-10463]],"properties":{"pop":560,"kn":"1380"}},{"type":"Polygon","arcs":[[-10478,-10487,11606,-11600]],"properties":{"pop":924,"kn":"1380"}},{"type":"Polygon","arcs":[[-11607,-1098,11607,11608]],"properties":{"pop":984,"kn":"1380"}},{"type":"Polygon","arcs":[[11609,-10489,11610,-11339]],"properties":{"pop":957,"kn":"1380"}},{"type":"Polygon","arcs":[[11611,11612,-10480,-11342]],"properties":{"pop":679,"kn":"1380"}},{"type":"Polygon","arcs":[[-1093,-11345,11613,-10474]],"properties":{"pop":302,"kn":"1380"}},{"type":"Polygon","arcs":[[-11614,-11347,-10484,-11606]],"properties":{"pop":1036,"kn":"1380"}},{"type":"Polygon","arcs":[[11614,11615,11616,11617]],"properties":{"pop":344,"kn":"1380"}},{"type":"Polygon","arcs":[[11618,-10499,11619,-10481]],"properties":{"pop":851,"kn":"1380"}},{"type":"Polygon","arcs":[[-11620,-11351,-10490,-10483]],"properties":{"pop":384,"kn":"1380"}},{"type":"Polygon","arcs":[[-11349,11620,11621,11622]],"properties":{"pop":755,"kn":"1380"}},{"type":"Polygon","arcs":[[-11622,11623,11624,-11616]],"properties":{"pop":1186,"kn":"1380"}},{"type":"Polygon","arcs":[[-11625,-7128,11625,11626]],"properties":{"pop":693,"kn":"1380"}},{"type":"Polygon","arcs":[[-1178,-7144,-11352,-1138]],"properties":{"pop":363,"kn":"1380"}},{"type":"Polygon","arcs":[[-7124,11627,11628,-11348]],"properties":{"pop":484,"kn":"1380"}},{"type":"Polygon","arcs":[[-11629,11629,11630,-11621]],"properties":{"pop":1123,"kn":"1380"}},{"type":"Polygon","arcs":[[-11631,-7152,-7125,-11624]],"properties":{"pop":1060,"kn":"1380"}},{"type":"Polygon","arcs":[[-11356,11631,-7145,-10508]],"properties":{"pop":1158,"kn":"1380"}},{"type":"Polygon","arcs":[[-1220,-1255,11632,-11628]],"properties":{"pop":292,"kn":"1380"}},{"type":"Polygon","arcs":[[-11633,-7191,-7150,-11630]],"properties":{"pop":1199,"kn":"1380"}},{"type":"Polygon","arcs":[[-10521,-7210,-1245,-11632]],"properties":{"pop":487,"kn":"1380"}},{"type":"Polygon","arcs":[[-10524,-11360,-7201,-7171]],"properties":{"pop":418,"kn":"1380"}},{"type":"Polygon","arcs":[[-11358,-11362,-11359,-7181]],"properties":{"pop":381,"kn":"1380"}},{"type":"Polygon","arcs":[[-7239,-11364,11633,-7204]],"properties":{"pop":317,"kn":"1380"}},{"type":"Polygon","arcs":[[-11634,-10532,-11361,-11357]],"properties":{"pop":469,"kn":"1380"}},{"type":"Polygon","arcs":[[-10530,-11367,-7247,-7218]],"properties":{"pop":489,"kn":"1380"}},{"type":"Polygon","arcs":[[-11368,11634,-11369,-11363]],"properties":{"pop":791,"kn":"1380"}},{"type":"Polygon","arcs":[[-7306,-1471,11635,-11365]],"properties":{"pop":577,"kn":"1380"}},{"type":"Polygon","arcs":[[-11636,-1474,-7307,-10534]],"properties":{"pop":834,"kn":"1380"}},{"type":"Polygon","arcs":[[-10544,-7367,-7322,-11635]],"properties":{"pop":473,"kn":"1380"}},{"type":"Polygon","arcs":[[-11375,-10567,-7445,-11372]],"properties":{"pop":320,"kn":"1380"}},{"type":"Polygon","arcs":[[-7461,-7488,-10561,-11373]],"properties":{"pop":674,"kn":"1380"}},{"type":"Polygon","arcs":[[-1673,11636,11637,-7462]],"properties":{"pop":342,"kn":"1380"}},{"type":"Polygon","arcs":[[-11638,11638,11639,-10562]],"properties":{"pop":310,"kn":"1380"}},{"type":"Polygon","arcs":[[-11640,11640,-7491,-7465]],"properties":{"pop":371,"kn":"1380"}},{"type":"Polygon","arcs":[[11641,-10574,11642,-11639]],"properties":{"pop":699,"kn":"1380"}},{"type":"Polygon","arcs":[[-11643,-7556,-1739,-11641]],"properties":{"pop":442,"kn":"1380"}},{"type":"Polygon","arcs":[[-7544,11643,-10569,-7509]],"properties":{"pop":362,"kn":"1380"}},{"type":"Polygon","arcs":[[-1778,-10583,-10573,11644]],"properties":{"pop":380,"kn":"1380"}},{"type":"Polygon","arcs":[[-11376,-10586,11645,-11644]],"properties":{"pop":823,"kn":"1380"}},{"type":"Polygon","arcs":[[-11646,-11377,-10579,-10570]],"properties":{"pop":443,"kn":"1380"}},{"type":"Polygon","arcs":[[-7710,-7752,11646,-10597]],"properties":{"pop":368,"kn":"1382"}},{"type":"Polygon","arcs":[[-11647,-10605,-10602,-7676]],"properties":{"pop":654,"kn":"1382"}},{"type":"Polygon","arcs":[[-2161,11647,-11378,-7734]],"properties":{"pop":453,"kn":"1382"}},{"type":"Polygon","arcs":[[-11382,11648,11649,-2160]],"properties":{"pop":352,"kn":"1382"}},{"type":"Polygon","arcs":[[-11650,11650,-11383,-11648]],"properties":{"pop":607,"kn":"1382"}},{"type":"Polygon","arcs":[[-7822,-10608,-7824,-7781]],"properties":{"pop":365,"kn":"1382"}},{"type":"Polygon","arcs":[[11651,11652,11653,-11649]],"properties":{"pop":790,"kn":"1382"}},{"type":"Polygon","arcs":[[-11654,-11394,11654,-11651]],"properties":{"pop":498,"kn":"1382"}},{"type":"Polygon","arcs":[[-11655,-7901,-11391,-11384]],"properties":{"pop":512,"kn":"1382"}},{"type":"Polygon","arcs":[[-11392,11655,11656,-11385]],"properties":{"pop":1085,"kn":"1382"}},{"type":"Polygon","arcs":[[-11657,11657,11658,-11388]],"properties":{"pop":1166,"kn":"1382"}},{"type":"Polygon","arcs":[[-11659,11659,11660,11661]],"properties":{"pop":1521,"kn":"1382"}},{"type":"Polygon","arcs":[[-11661,-10618,-11393,-11653]],"properties":{"pop":1412,"kn":"1382"}},{"type":"Polygon","arcs":[[11662,11663,-10616,-11660]],"properties":{"pop":1372,"kn":"1382"}},{"type":"Polygon","arcs":[[-7970,-11395,11664,-10609]],"properties":{"pop":1202,"kn":"1382"}},{"type":"Polygon","arcs":[[-11665,-8008,-10623,-10611]],"properties":{"pop":789,"kn":"1382"}},{"type":"Polygon","arcs":[[11665,11666,-7971,-10617]],"properties":{"pop":1283,"kn":"1382"}},{"type":"Polygon","arcs":[[-10633,-8062,11667,11668]],"properties":{"pop":510,"kn":"1382"}},{"type":"Polygon","arcs":[[-11668,-8065,-8009,-11667]],"properties":{"pop":482,"kn":"1382"}},{"type":"Polygon","arcs":[[-8041,11669,-8043,-7999]],"properties":{"pop":497,"kn":"1382"}},{"type":"Polygon","arcs":[[11670,-10649,-10641,-11670]],"properties":{"pop":346,"kn":"1382"}},{"type":"Polygon","arcs":[[-8122,11671,-10644,-10638]],"properties":{"pop":522,"kn":"1315"}},{"type":"Polygon","arcs":[[-10646,-8184,-8139,-11396]],"properties":{"pop":483,"kn":"1315"}},{"type":"Polygon","arcs":[[-10653,-8205,-8148,-8099]],"properties":{"pop":625,"kn":"1382"}},{"type":"Polygon","arcs":[[-3097,-8233,11672,-11672]],"properties":{"pop":337,"kn":"1315"}},{"type":"Polygon","arcs":[[-11673,-8235,-10654,-10645]],"properties":{"pop":301,"kn":"1315"}},{"type":"Polygon","arcs":[[-11399,-8392,-8334,-8265]],"properties":{"pop":320,"kn":"1382"}},{"type":"Polygon","arcs":[[-10667,-8415,-10668,-10665]],"properties":{"pop":622,"kn":"1382"}},{"type":"Polygon","arcs":[[-8368,-11403,11673,-8303]],"properties":{"pop":377,"kn":"1315"}},{"type":"Polygon","arcs":[[-11674,11674,-8369,-8305]],"properties":{"pop":592,"kn":"1315"}},{"type":"Polygon","arcs":[[-11402,11675,-10676,-11675]],"properties":{"pop":839,"kn":"1315"}},{"type":"Polygon","arcs":[[-8467,-10691,11676,-11401]],"properties":{"pop":574,"kn":"1315"}},{"type":"Polygon","arcs":[[-11677,-11404,-10685,-11676]],"properties":{"pop":808,"kn":"1315"}},{"type":"Polygon","arcs":[[-8709,11677,11678,-8664]],"properties":{"pop":279,"kn":"1383"}},{"type":"Polygon","arcs":[[-11679,11679,-8710,-10704]],"properties":{"pop":1024,"kn":"1383"}},{"type":"Polygon","arcs":[[-10718,-8819,11680,-11678]],"properties":{"pop":633,"kn":"1383"}},{"type":"Polygon","arcs":[[-11681,-4143,-11408,-11680]],"properties":{"pop":946,"kn":"1383"}},{"type":"Polygon","arcs":[[11681,11682,11683,-4054]],"properties":{"pop":450,"kn":"1383"}},{"type":"Polygon","arcs":[[-11684,11684,-10723,-11405]],"properties":{"pop":1123,"kn":"1383"}},{"type":"Polygon","arcs":[[-4225,-11413,11685,-11683]],"properties":{"pop":295,"kn":"1383"}},{"type":"Polygon","arcs":[[-11686,-11414,-10736,-11685]],"properties":{"pop":604,"kn":"1383"}},{"type":"Polygon","arcs":[[-8945,11686,-10750,-11411]],"properties":{"pop":592,"kn":"1383"}},{"type":"Polygon","arcs":[[-10762,11687,11688,-8944]],"properties":{"pop":618,"kn":"1383"}},{"type":"Polygon","arcs":[[11689,11690,-10763,-10751]],"properties":{"pop":998,"kn":"1383"}},{"type":"Polygon","arcs":[[11691,11692,-11415,-11691]],"properties":{"pop":1072,"kn":"1383"}},{"type":"Polygon","arcs":[[11693,11694,-9063,-11416]],"properties":{"pop":885,"kn":"1383"}},{"type":"Polygon","arcs":[[-4666,-9121,11695,11696]],"properties":{"pop":1236,"kn":"1383"}},{"type":"Polygon","arcs":[[11697,-4735,-10782,-11695]],"properties":{"pop":417,"kn":"1383"}},{"type":"Polygon","arcs":[[-9120,11698,-11421,11699]],"properties":{"pop":1183,"kn":"1383"}},{"type":"Polygon","arcs":[[-4783,-9199,11700,-11699]],"properties":{"pop":811,"kn":"1383"}},{"type":"Polygon","arcs":[[-11701,11701,-11425,-11422]],"properties":{"pop":463,"kn":"1383"}},{"type":"Polygon","arcs":[[-11427,-10816,-4812,-10799]],"properties":{"pop":348,"kn":"1382"}},{"type":"Polygon","arcs":[[-9198,-10821,11702,-11702]],"properties":{"pop":960,"kn":"1383"}},{"type":"Polygon","arcs":[[-11703,-10823,-10812,-11426]],"properties":{"pop":420,"kn":"1383"}},{"type":"Polygon","arcs":[[-11431,-9257,-9211,-9170]],"properties":{"pop":335,"kn":"1383"}},{"type":"Polygon","arcs":[[-11434,-11436,-10819,-9197]],"properties":{"pop":379,"kn":"1383"}},{"type":"Polygon","arcs":[[-9376,-11445,-10836,-11438]],"properties":{"pop":395,"kn":"1383"}},{"type":"Polygon","arcs":[[-9397,-10847,-11441,-9354]],"properties":{"pop":419,"kn":"1383"}},{"type":"Polygon","arcs":[[-10877,11703,-10878,-9568]],"properties":{"pop":473,"kn":"1383"}},{"type":"Polygon","arcs":[[-10885,-9665,-11452,-10874]],"properties":{"pop":368,"kn":"1383"}},{"type":"Polygon","arcs":[[-10888,-9702,-5346,-9605]],"properties":{"pop":323,"kn":"1382"}},{"type":"Polygon","arcs":[[-11453,-5388,-10889,-11704]],"properties":{"pop":1197,"kn":"1383"}},{"type":"Polygon","arcs":[[-9800,-10936,11704,-11458]],"properties":{"pop":569,"kn":"1383"}},{"type":"Polygon","arcs":[[-11705,-11459,-9802,-10914]],"properties":{"pop":1369,"kn":"1383"}},{"type":"Polygon","arcs":[[-11465,-11469,-10948,-9883]],"properties":{"pop":376,"kn":"1383"}},{"type":"Polygon","arcs":[[-11471,-11472,11705,-11466]],"properties":{"pop":1065,"kn":"1384"}},{"type":"Polygon","arcs":[[-11706,-10961,-10954,-11468]],"properties":{"pop":877,"kn":"1384"}},{"type":"Polygon","arcs":[[11706,11707,-11473,-9969]],"properties":{"pop":397,"kn":"1384"}},{"type":"Polygon","arcs":[[-11476,-11482,11708,-5696]],"properties":{"pop":646,"kn":"1384"}},{"type":"Polygon","arcs":[[-11709,11709,11710,11711]],"properties":{"pop":428,"kn":"1384"}},{"type":"Polygon","arcs":[[-11711,11712,-11477,-11708]],"properties":{"pop":822,"kn":"1384"}},{"type":"Polygon","arcs":[[11713,-11486,-10024,-11713]],"properties":{"pop":312,"kn":"1384"}},{"type":"Polygon","arcs":[[11714,-10063,-11483,-11478]],"properties":{"pop":332,"kn":"1384"}},{"type":"Polygon","arcs":[[-11485,-10996,-10984,-10025]],"properties":{"pop":346,"kn":"1384"}},{"type":"Polygon","arcs":[[-10062,11715,-10064,-11484]],"properties":{"pop":305,"kn":"1384"}},{"type":"Polygon","arcs":[[-11006,11716,-11008,-10060]],"properties":{"pop":637,"kn":"1384"}},{"type":"Polygon","arcs":[[-11019,11717,11718,-11005]],"properties":{"pop":390,"kn":"1384"}},{"type":"Polygon","arcs":[[-11719,11719,-11021,-11717]],"properties":{"pop":366,"kn":"1384"}},{"type":"Polygon","arcs":[[-11488,11720,11721,-11718]],"properties":{"pop":905,"kn":"1384"}},{"type":"Polygon","arcs":[[-11722,11722,-11038,-11720]],"properties":{"pop":588,"kn":"1384"}},{"type":"Polygon","arcs":[[-11489,-11074,11723,-11721]],"properties":{"pop":648,"kn":"1384"}},{"type":"Polygon","arcs":[[-11724,11724,11725,-11723]],"properties":{"pop":1150,"kn":"1384"}},{"type":"Polygon","arcs":[[-11726,11726,11727,-11039]],"properties":{"pop":511,"kn":"1384"}},{"type":"Polygon","arcs":[[-11073,-11097,11728,-11725]],"properties":{"pop":658,"kn":"1384"}},{"type":"Polygon","arcs":[[-11729,11729,-11490,-11727]],"properties":{"pop":406,"kn":"1384"}},{"type":"Polygon","arcs":[[-11494,-11500,11730,-11067]],"properties":{"pop":374,"kn":"1384"}},{"type":"Polygon","arcs":[[-11731,-11501,-11092,-11069]],"properties":{"pop":303,"kn":"1384"}},{"type":"Polygon","arcs":[[-11096,11731,-11495,-11730]],"properties":{"pop":1057,"kn":"1384"}},{"type":"Polygon","arcs":[[-10151,-11120,11732,-11090]],"properties":{"pop":383,"kn":"1384"}},{"type":"Polygon","arcs":[[-11733,-11504,-11498,-11493]],"properties":{"pop":409,"kn":"1384"}},{"type":"Polygon","arcs":[[-11502,-11506,11733,-11732]],"properties":{"pop":852,"kn":"1384"}},{"type":"Polygon","arcs":[[-11734,11734,11735,-11496]],"properties":{"pop":967,"kn":"1384"}},{"type":"Polygon","arcs":[[-11505,11736,-10171,-11735]],"properties":{"pop":435,"kn":"1384"}},{"type":"Polygon","arcs":[[-11514,-11155,11737,-11122]],"properties":{"pop":502,"kn":"1384"}},{"type":"Polygon","arcs":[[-11738,-11158,-11136,-11125]],"properties":{"pop":353,"kn":"1384"}},{"type":"Polygon","arcs":[[-5927,-11522,-11515,-11737]],"properties":{"pop":671,"kn":"1384"}},{"type":"Polygon","arcs":[[-11518,11738,-11519,-11133]],"properties":{"pop":912,"kn":"1384"}},{"type":"Polygon","arcs":[[-5940,-11168,-11520,-11511]],"properties":{"pop":324,"kn":"1384"}},{"type":"Polygon","arcs":[[-11527,11739,-11528,-11159]],"properties":{"pop":840,"kn":"1384"}},{"type":"Polygon","arcs":[[-10226,11740,-11180,-10209]],"properties":{"pop":873,"kn":"1384"}},{"type":"Polygon","arcs":[[-11532,11741,11742,-11526]],"properties":{"pop":607,"kn":"1384"}},{"type":"Polygon","arcs":[[-11743,-11538,-11533,-11740]],"properties":{"pop":505,"kn":"1384"}},{"type":"Polygon","arcs":[[-11197,11743,11744,-11530]],"properties":{"pop":1464,"kn":"1384"}},{"type":"Polygon","arcs":[[11745,11746,-11198,-11181]],"properties":{"pop":332,"kn":"1384"}},{"type":"Polygon","arcs":[[-11535,-11212,-11536,-11742]],"properties":{"pop":467,"kn":"1384"}},{"type":"Polygon","arcs":[[-11206,11747,11748,-11744]],"properties":{"pop":757,"kn":"1384"}},{"type":"Polygon","arcs":[[11749,11750,-10247,-11747]],"properties":{"pop":1111,"kn":"1384"}},{"type":"Polygon","arcs":[[-11220,11751,11752,-11748]],"properties":{"pop":675,"kn":"1384"}},{"type":"Polygon","arcs":[[11753,11754,11755,11756]],"properties":{"pop":1106,"kn":"1384"}},{"type":"Polygon","arcs":[[-11756,11757,-10263,-11751]],"properties":{"pop":347,"kn":"1384"}},{"type":"Polygon","arcs":[[-10275,-11544,11758,-6000]],"properties":{"pop":343,"kn":"1384"}},{"type":"Polygon","arcs":[[-11759,11759,-11230,-10260]],"properties":{"pop":297,"kn":"1384"}},{"type":"Polygon","arcs":[[-10277,-11242,11760,-11752]],"properties":{"pop":576,"kn":"1384"}},{"type":"Polygon","arcs":[[-11761,11761,11762,11763]],"properties":{"pop":418,"kn":"1384"}},{"type":"Polygon","arcs":[[-11763,11764,11765,-11755]],"properties":{"pop":1412,"kn":"1384"}},{"type":"Polygon","arcs":[[-11766,-11246,-11233,-11758]],"properties":{"pop":615,"kn":"1384"}},{"type":"Polygon","arcs":[[-11543,11766,-11545,-11760]],"properties":{"pop":1045,"kn":"1384"}},{"type":"Polygon","arcs":[[-11241,-11250,11767,-11762]],"properties":{"pop":654,"kn":"1384"}},{"type":"Polygon","arcs":[[-11768,-11253,-11243,-11765]],"properties":{"pop":705,"kn":"1384"}},{"type":"Polygon","arcs":[[11768,-11556,11769,-11542]],"properties":{"pop":419,"kn":"1384"}},{"type":"Polygon","arcs":[[-11770,-11559,11770,-11767]],"properties":{"pop":613,"kn":"1384"}},{"type":"Polygon","arcs":[[-11771,-11561,-11549,-11546]],"properties":{"pop":456,"kn":"1384"}},{"type":"Polygon","arcs":[[-11260,11771,11772,-11254]],"properties":{"pop":421,"kn":"1384"}},{"type":"Polygon","arcs":[[-11773,11773,-11261,-11256]],"properties":{"pop":406,"kn":"1384"}},{"type":"Polygon","arcs":[[11774,-11568,11775,-11551]],"properties":{"pop":308,"kn":"1384"}},{"type":"Polygon","arcs":[[-11776,11776,11777,-11554]],"properties":{"pop":816,"kn":"1384"}},{"type":"Polygon","arcs":[[-11778,11778,-11267,-11557]],"properties":{"pop":435,"kn":"1384"}},{"type":"Polygon","arcs":[[-6095,-11573,11779,-11772]],"properties":{"pop":559,"kn":"1384"}},{"type":"Polygon","arcs":[[-11780,-11279,-11562,-11774]],"properties":{"pop":303,"kn":"1384"}},{"type":"Polygon","arcs":[[-11567,11780,11781,-11777]],"properties":{"pop":1056,"kn":"1384"}},{"type":"Polygon","arcs":[[-11571,-11578,-11272,-10323]],"properties":{"pop":299,"kn":"1384"}},{"type":"Polygon","arcs":[[-6123,11782,11783,-11781]],"properties":{"pop":855,"kn":"1384"}},{"type":"Polygon","arcs":[[-11784,11784,-11574,11785]],"properties":{"pop":742,"kn":"1384"}},{"type":"Polygon","arcs":[[-11589,-10430,-11590,-11583]],"properties":{"pop":2291,"kn":"1381"}},{"type":"Polygon","arcs":[[-11601,-11609,-11602,-11597]],"properties":{"pop":2234,"kn":"1380"}},{"type":"Polygon","arcs":[[-11605,11786,-11341,-10461]],"properties":{"pop":4761,"kn":"1380"}},{"type":"Polygon","arcs":[[-11608,-7092,-11610,-11603]],"properties":{"pop":1508,"kn":"1380"}},{"type":"Polygon","arcs":[[-11611,11787,11788,-1017]],"properties":{"pop":2430,"kn":"1380"}},{"type":"Polygon","arcs":[[-11789,11789,11790,-10466]],"properties":{"pop":2716,"kn":"1380"}},{"type":"Polygon","arcs":[[-11791,11791,11792,-10468]],"properties":{"pop":6813,"kn":"1380"}},{"type":"Polygon","arcs":[[-11793,-11618,11793,-11604]],"properties":{"pop":6323,"kn":"1380"}},{"type":"Polygon","arcs":[[-11794,11794,-11612,-11787]],"properties":{"pop":1547,"kn":"1380"}},{"type":"Polygon","arcs":[[-10488,-7105,11795,-11788]],"properties":{"pop":2209,"kn":"1380"}},{"type":"Polygon","arcs":[[-11796,-11350,11796,-11790]],"properties":{"pop":6434,"kn":"1380"}},{"type":"Polygon","arcs":[[-11797,-11623,-11615,-11792]],"properties":{"pop":6805,"kn":"1380"}},{"type":"Polygon","arcs":[[-11617,-11627,11797,-11795]],"properties":{"pop":2265,"kn":"1380"}},{"type":"Polygon","arcs":[[-11798,11798,-11619,-11613]],"properties":{"pop":2533,"kn":"1380"}},{"type":"Polygon","arcs":[[-11626,-7131,-10497,-11799]],"properties":{"pop":1595,"kn":"1380"}},{"type":"Polygon","arcs":[[-7518,-11645,-11642,-11637]],"properties":{"pop":1509,"kn":"1380"}},{"type":"Polygon","arcs":[[-11389,-11662,-11652,-11381]],"properties":{"pop":2150,"kn":"1382"}},{"type":"Polygon","arcs":[[-10614,11799,11800,-11656]],"properties":{"pop":1992,"kn":"1382"}},{"type":"Polygon","arcs":[[-11801,11801,-11663,-11658]],"properties":{"pop":3130,"kn":"1382"}},{"type":"Polygon","arcs":[[-10625,-10632,11802,-11800]],"properties":{"pop":2162,"kn":"1382"}},{"type":"Polygon","arcs":[[-11803,-10634,11803,-11802]],"properties":{"pop":1415,"kn":"1382"}},{"type":"Polygon","arcs":[[-11804,-11669,-11666,-11664]],"properties":{"pop":2308,"kn":"1382"}},{"type":"Polygon","arcs":[[-11689,11804,-11690,-11687]],"properties":{"pop":2389,"kn":"1383"}},{"type":"Polygon","arcs":[[-4534,11805,11806,-11688]],"properties":{"pop":3989,"kn":"1383"}},{"type":"Polygon","arcs":[[-11807,11807,-11692,-11805]],"properties":{"pop":2385,"kn":"1383"}},{"type":"Polygon","arcs":[[-10775,-11697,11808,-11806]],"properties":{"pop":4834,"kn":"1383"}},{"type":"Polygon","arcs":[[-11809,11809,11810,-11808]],"properties":{"pop":4030,"kn":"1383"}},{"type":"Polygon","arcs":[[-11811,11811,-11694,-11693]],"properties":{"pop":2244,"kn":"1383"}},{"type":"Polygon","arcs":[[-11696,-11700,11812,-11810]],"properties":{"pop":2903,"kn":"1383"}},{"type":"Polygon","arcs":[[-11813,-11423,-11698,-11812]],"properties":{"pop":2306,"kn":"1383"}},{"type":"Polygon","arcs":[[-11481,-10983,-11714,-11710]],"properties":{"pop":1508,"kn":"1384"}},{"type":"Polygon","arcs":[[-11525,-11189,-10216,-11739]],"properties":{"pop":1492,"kn":"1384"}},{"type":"Polygon","arcs":[[-11745,11813,11814,-10225]],"properties":{"pop":1797,"kn":"1384"}},{"type":"Polygon","arcs":[[-11815,11815,-11746,-11741]],"properties":{"pop":2592,"kn":"1384"}},{"type":"Polygon","arcs":[[-11749,11816,11817,-11814]],"properties":{"pop":3633,"kn":"1384"}},{"type":"Polygon","arcs":[[-11818,-11757,-11750,-11816]],"properties":{"pop":2564,"kn":"1384"}},{"type":"Polygon","arcs":[[-11753,-11764,-11754,-11817]],"properties":{"pop":2747,"kn":"1384"}},{"type":"Polygon","arcs":[[-11782,-11786,-11569,-11779]],"properties":{"pop":1550,"kn":"1384"}}]}},"arcs":[[[70465,698],[963,0]],[[71428,698],[0,-698]],[[71428,0],[-963,0],[0,698]],[[70465,698],[0,697]],[[70465,1395],[963,0]],[[71428,1395],[0,-697]],[[68571,2093],[932,0]],[[69503,2093],[0,-698]],[[69503,1395],[-932,0],[0,698]],[[69503,2093],[962,0]],[[70465,2093],[0,-698]],[[70465,1395],[-962,0]],[[59999,2790],[933,0]],[[60932,2790],[0,-697]],[[60932,2093],[-933,0],[0,697]],[[60932,2790],[962,0]],[[61894,2790],[0,-697]],[[61894,2093],[-962,0]],[[62857,2093],[0,697]],[[62857,2790],[932,0]],[[63789,2790],[0,-697]],[[63789,2093],[-932,0]],[[63789,2790],[962,0]],[[64751,2790],[0,-697]],[[64751,2093],[-962,0]],[[68571,2093],[0,697]],[[68571,2790],[932,0]],[[69503,2790],[0,-697]],[[69503,2790],[962,0]],[[70465,2790],[0,-697]],[[73323,2093],[0,697]],[[73323,2790],[962,0]],[[74285,2790],[0,-697]],[[74285,2093],[-962,0]],[[59037,2790],[0,698]],[[59037,3488],[962,0]],[[59999,3488],[0,-698]],[[59999,2790],[-962,0]],[[59999,3488],[933,0]],[[60932,3488],[0,-698]],[[60932,3488],[962,0]],[[61894,3488],[0,-698]],[[62857,2790],[0,698]],[[62857,3488],[932,0]],[[63789,3488],[0,-698]],[[63789,3488],[962,0]],[[64751,3488],[0,-698]],[[64751,3488],[963,0]],[[65714,3488],[0,-698]],[[65714,2790],[-963,0]],[[57142,4186],[933,0]],[[58075,4186],[0,-698]],[[58075,3488],[-933,0],[0,698]],[[58075,4186],[962,0]],[[59037,4186],[0,-698]],[[59037,3488],[-962,0]],[[59037,4186],[962,0]],[[59999,4186],[0,-698]],[[59999,4186],[933,0]],[[60932,4186],[0,-698]],[[60932,4186],[962,0]],[[61894,4186],[0,-698]],[[61894,4186],[963,0]],[[62857,4186],[0,-698]],[[62857,3488],[-963,0]],[[62857,4186],[932,0]],[[63789,4186],[0,-698]],[[63789,4186],[962,0]],[[64751,4186],[0,-698]],[[64751,4186],[963,0]],[[65714,4186],[0,-698]],[[65714,4186],[932,0]],[[66646,4186],[0,-698]],[[66646,3488],[-932,0]],[[70465,3488],[0,698]],[[70465,4186],[963,0]],[[71428,4186],[0,-698]],[[71428,3488],[-963,0]],[[71428,4186],[932,0]],[[72360,4186],[0,-698]],[[72360,3488],[-932,0]],[[76180,3488],[0,698]],[[76180,4186],[962,0]],[[77142,4186],[0,-698],[-962,0]],[[57142,4186],[0,697]],[[57142,4883],[933,0]],[[58075,4883],[0,-697]],[[59037,4186],[0,697]],[[59037,4883],[962,0]],[[59999,4883],[0,-697]],[[59999,4883],[933,0]],[[60932,4883],[0,-697]],[[60932,4883],[962,0]],[[61894,4883],[0,-697]],[[61894,4883],[963,0]],[[62857,4883],[0,-697]],[[62857,4883],[932,0]],[[63789,4883],[0,-697]],[[63789,4883],[962,0]],[[64751,4883],[0,-697]],[[68571,4186],[0,697]],[[68571,4883],[932,0]],[[69503,4883],[0,-697]],[[69503,4186],[-932,0]],[[69503,4883],[962,0]],[[70465,4883],[0,-697]],[[70465,4186],[-962,0]],[[76180,4186],[0,697]],[[76180,4883],[962,0]],[[77142,4883],[0,-697]],[[61894,4883],[0,698]],[[61894,5581],[963,0]],[[62857,5581],[0,-698]],[[76180,4883],[0,698]],[[76180,5581],[962,0]],[[77142,5581],[0,-698]],[[57142,5581],[0,722],[933,0]],[[58075,6303],[0,-722]],[[58075,5581],[-933,0]],[[62857,5581],[0,722]],[[62857,6303],[932,0]],[[63789,6303],[0,-722]],[[63789,5581],[-932,0]],[[67608,5581],[0,722]],[[67608,6303],[963,0]],[[68571,6303],[0,-722]],[[68571,5581],[-963,0]],[[68571,6303],[932,0]],[[69503,6303],[0,-722]],[[69503,5581],[-932,0]],[[70465,5581],[0,722]],[[70465,6303],[963,0]],[[71428,6303],[0,-722]],[[71428,5581],[-963,0]],[[71428,6303],[932,0]],[[72360,6303],[0,-722]],[[72360,5581],[-932,0]],[[58075,6303],[0,697]],[[58075,7000],[962,0]],[[59037,7000],[0,-697]],[[59037,6303],[-962,0]],[[71428,6303],[0,697]],[[71428,7000],[932,0]],[[72360,7000],[0,-697]],[[73323,6303],[0,697]],[[73323,7000],[962,0]],[[74285,7000],[0,-697]],[[74285,6303],[-962,0]],[[79037,6303],[0,697]],[[79037,7000],[962,0]],[[79999,7000],[0,-697]],[[79999,6303],[-962,0]],[[69503,7000],[0,698]],[[69503,7698],[962,0]],[[70465,7698],[0,-698]],[[70465,7000],[-962,0]],[[75217,7000],[0,698]],[[75217,7698],[963,0]],[[76180,7698],[0,-698]],[[76180,7000],[-963,0]],[[82856,7000],[0,698]],[[82856,7698],[933,0]],[[83789,7698],[0,-698]],[[83789,7000],[-933,0]],[[85713,7000],[0,698]],[[85713,7698],[933,0]],[[86646,7698],[0,-698],[-933,0]],[[67608,7698],[0,697]],[[67608,8395],[963,0]],[[68571,8395],[0,-697]],[[68571,7698],[-963,0]],[[69503,7698],[0,697]],[[69503,8395],[962,0]],[[70465,8395],[0,-697]],[[70465,8395],[963,0]],[[71428,8395],[0,-697]],[[71428,7698],[-963,0]],[[71428,8395],[932,0]],[[72360,8395],[0,-697]],[[72360,7698],[-932,0]],[[73323,7698],[0,697]],[[73323,8395],[962,0]],[[74285,8395],[0,-697]],[[74285,7698],[-962,0]],[[74285,8395],[932,0]],[[75217,8395],[0,-697]],[[75217,7698],[-932,0]],[[75217,8395],[963,0]],[[76180,8395],[0,-697]],[[69503,8395],[0,698]],[[69503,9093],[962,0]],[[70465,9093],[0,-698]],[[73323,8395],[0,698]],[[73323,9093],[962,0]],[[74285,9093],[0,-698]],[[75217,8395],[0,698]],[[75217,9093],[963,0]],[[76180,9093],[0,-698]],[[70465,9093],[0,698]],[[70465,9791],[963,0]],[[71428,9791],[0,-698]],[[71428,9093],[-963,0]],[[72360,9093],[0,698]],[[72360,9791],[963,0]],[[73323,9791],[0,-698]],[[73323,9093],[-963,0]],[[73323,9791],[962,0]],[[74285,9791],[0,-698]],[[74285,9791],[932,0]],[[75217,9791],[0,-698]],[[75217,9093],[-932,0]],[[75217,9791],[963,0]],[[76180,9791],[0,-698]],[[76180,9791],[962,0]],[[77142,9791],[0,-698]],[[77142,9093],[-962,0]],[[78074,9093],[0,698]],[[78074,9791],[963,0]],[[79037,9791],[0,-698]],[[79037,9093],[-963,0]],[[79037,9791],[962,0]],[[79999,9791],[0,-698]],[[79999,9093],[-962,0]],[[80932,9093],[0,698]],[[80932,9791],[962,0]],[[81894,9791],[0,-698]],[[81894,9093],[-962,0]],[[81894,9791],[962,0]],[[82856,9791],[0,-698]],[[82856,9093],[-962,0]],[[54285,10488],[0,-697]],[[54285,9791],[-962,0],[0,697],[962,0]],[[71428,9791],[0,697]],[[71428,10488],[932,0]],[[72360,10488],[0,-697]],[[72360,9791],[-932,0]],[[72360,10488],[963,0]],[[73323,10488],[0,-697]],[[73323,10488],[962,0]],[[74285,10488],[0,-697]],[[74285,10488],[932,0]],[[75217,10488],[0,-697]],[[76180,9791],[0,697]],[[76180,10488],[962,0]],[[77142,10488],[0,-697]],[[77142,10488],[932,0]],[[78074,10488],[0,-697]],[[78074,9791],[-932,0]],[[79037,9791],[0,697]],[[79037,10488],[962,0]],[[79999,10488],[0,-697]],[[79999,10488],[933,0]],[[80932,10488],[0,-697]],[[80932,9791],[-933,0]],[[81894,9791],[0,697]],[[81894,10488],[962,0]],[[82856,10488],[0,-697]],[[82856,10488],[933,0]],[[83789,10488],[0,-697]],[[83789,9791],[-933,0]],[[83789,10488],[962,0]],[[84751,10488],[0,-697]],[[84751,9791],[-962,0]],[[84751,10488],[962,0]],[[85713,10488],[0,-697]],[[85713,9791],[-962,0]],[[56180,10488],[0,698]],[[56180,11186],[962,0]],[[57142,11186],[0,-698]],[[57142,10488],[-962,0]],[[71428,10488],[0,698]],[[71428,11186],[932,0]],[[72360,11186],[0,-698]],[[76180,10488],[0,698]],[[76180,11186],[962,0]],[[77142,11186],[0,-698]],[[77142,11186],[932,0]],[[78074,11186],[0,-698]],[[79999,10488],[0,698]],[[79999,11186],[933,0]],[[80932,11186],[0,-698]],[[81894,10488],[0,698]],[[81894,11186],[962,0]],[[82856,11186],[0,-698]],[[82856,11186],[933,0]],[[83789,11186],[0,-698]],[[83789,11186],[962,0]],[[84751,11186],[0,-698]],[[84751,11186],[962,0]],[[85713,11186],[0,-698]],[[54285,11186],[0,697],[932,0]],[[55217,11883],[0,-697]],[[55217,11186],[-932,0]],[[70465,11186],[0,697]],[[70465,11883],[963,0]],[[71428,11883],[0,-697]],[[71428,11186],[-963,0]],[[71428,11883],[932,0]],[[72360,11883],[0,-697]],[[75217,11186],[0,697]],[[75217,11883],[963,0]],[[76180,11883],[0,-697]],[[76180,11186],[-963,0]],[[76180,11883],[962,0]],[[77142,11883],[0,-697]],[[79037,11186],[0,697]],[[79037,11883],[962,0]],[[79999,11883],[0,-697]],[[79999,11186],[-962,0]],[[79999,11883],[933,0]],[[80932,11883],[0,-697]],[[80932,11883],[962,0]],[[81894,11883],[0,-697]],[[81894,11186],[-962,0]],[[81894,11883],[962,0]],[[82856,11883],[0,-697]],[[82856,11883],[933,0]],[[83789,11883],[0,-697]],[[83789,11883],[962,0]],[[84751,11883],[0,-697]],[[84751,11883],[962,0]],[[85713,11883],[0,-697]],[[85713,11883],[933,0]],[[86646,11883],[0,-697],[-933,0]],[[71428,11883],[0,698]],[[71428,12581],[932,0]],[[72360,12581],[0,-698]],[[72360,12581],[963,0]],[[73323,12581],[0,-698]],[[73323,11883],[-963,0]],[[73323,12581],[962,0]],[[74285,12581],[0,-698]],[[74285,11883],[-962,0]],[[77142,11883],[0,698]],[[77142,12581],[932,0]],[[78074,12581],[0,-698]],[[78074,11883],[-932,0]],[[78074,12581],[963,0]],[[79037,12581],[0,-698]],[[79037,11883],[-963,0]],[[79037,12581],[962,0]],[[79999,12581],[0,-698]],[[79999,12581],[933,0]],[[80932,12581],[0,-698]],[[81894,11883],[0,698]],[[81894,12581],[962,0]],[[82856,12581],[0,-698]],[[82856,12581],[933,0]],[[83789,12581],[0,-698]],[[85713,11883],[0,698]],[[85713,12581],[933,0]],[[86646,12581],[0,-698]],[[69503,12581],[0,698]],[[69503,13279],[962,0]],[[70465,13279],[0,-698]],[[70465,12581],[-962,0]],[[71428,12581],[0,698]],[[71428,13279],[932,0]],[[72360,13279],[0,-698]],[[72360,13279],[963,0]],[[73323,13279],[0,-698]],[[73323,13279],[962,0]],[[74285,13279],[0,-698]],[[76180,12581],[0,698]],[[76180,13279],[962,0]],[[77142,13279],[0,-698]],[[77142,12581],[-962,0]],[[77142,13279],[932,0]],[[78074,13279],[0,-698]],[[78074,13279],[963,0]],[[79037,13279],[0,-698]],[[79037,13279],[962,0]],[[79999,13279],[0,-698]],[[79999,13279],[933,0]],[[80932,13279],[0,-698]],[[82856,12581],[0,698]],[[82856,13279],[933,0]],[[83789,13279],[0,-698]],[[55217,13279],[0,697],[963,0]],[[56180,13976],[0,-697]],[[56180,13279],[-963,0]],[[68571,13279],[0,697]],[[68571,13976],[932,0]],[[69503,13976],[0,-697]],[[69503,13279],[-932,0]],[[70465,13279],[0,697]],[[70465,13976],[963,0]],[[71428,13976],[0,-697]],[[71428,13279],[-963,0]],[[71428,13976],[932,0]],[[72360,13976],[0,-697]],[[72360,13976],[963,0]],[[73323,13976],[0,-697]],[[75217,13279],[0,697]],[[75217,13976],[963,0]],[[76180,13976],[0,-697]],[[76180,13279],[-963,0]],[[76180,13976],[962,0]],[[77142,13976],[0,-697]],[[77142,13976],[932,0]],[[78074,13976],[0,-697]],[[78074,13976],[963,0]],[[79037,13976],[0,-697]],[[82856,13279],[0,697]],[[82856,13976],[933,0]],[[83789,13976],[0,-697]],[[83789,13976],[962,0]],[[84751,13976],[0,-697]],[[84751,13279],[-962,0]],[[84751,13976],[962,0]],[[85713,13976],[0,-697]],[[85713,13279],[-962,0]],[[85713,13976],[933,0]],[[86646,13976],[0,-697]],[[86646,13279],[-933,0]],[[66646,13976],[0,698]],[[66646,14674],[962,0]],[[67608,14674],[0,-698]],[[67608,13976],[-962,0]],[[72360,13976],[0,698]],[[72360,14674],[963,0]],[[73323,14674],[0,-698]],[[75217,13976],[0,698]],[[75217,14674],[963,0]],[[76180,14674],[0,-698]],[[76180,14674],[962,0]],[[77142,14674],[0,-698]],[[82856,13976],[0,698]],[[82856,14674],[933,0]],[[83789,14674],[0,-698]],[[84751,13976],[0,698]],[[84751,14674],[962,0]],[[85713,14674],[0,-698]],[[85713,14674],[933,0]],[[86646,14674],[0,-698]],[[63789,14674],[0,698]],[[63789,15372],[962,0]],[[64751,15372],[0,-698]],[[64751,14674],[-962,0]],[[67608,14674],[0,698]],[[67608,15372],[963,0]],[[68571,15372],[0,-698]],[[68571,14674],[-963,0]],[[69503,14674],[0,698]],[[69503,15372],[962,0]],[[70465,15372],[0,-698]],[[70465,14674],[-962,0]],[[71428,14674],[0,698]],[[71428,15372],[932,0]],[[72360,15372],[0,-698]],[[72360,14674],[-932,0]],[[72360,15372],[963,0]],[[73323,15372],[0,-698]],[[83789,14674],[0,698]],[[83789,15372],[962,0]],[[84751,15372],[0,-698]],[[84751,14674],[-962,0]],[[84751,15372],[962,0]],[[85713,15372],[0,-698]],[[56180,15372],[0,697]],[[56180,16069],[962,0]],[[57142,16069],[0,-697]],[[57142,15372],[-962,0]],[[57142,16069],[933,0]],[[58075,16069],[0,-697]],[[58075,15372],[-933,0]],[[73323,15372],[0,697]],[[73323,16069],[962,0]],[[74285,16069],[0,-697]],[[74285,15372],[-962,0]],[[75217,15372],[0,697]],[[75217,16069],[963,0]],[[76180,16069],[0,-697]],[[76180,15372],[-963,0]],[[76180,16069],[962,0]],[[77142,16069],[0,-697]],[[77142,15372],[-962,0]],[[77142,16069],[932,0]],[[78074,16069],[0,-697]],[[78074,15372],[-932,0]],[[80932,15372],[0,697]],[[80932,16069],[962,0]],[[81894,16069],[0,-697]],[[81894,15372],[-962,0]],[[81894,16069],[962,0]],[[82856,16069],[0,-697]],[[82856,15372],[-962,0]],[[82856,16069],[933,0]],[[83789,16069],[0,-697]],[[83789,15372],[-933,0]],[[85713,15372],[0,697]],[[85713,16069],[933,0]],[[86646,16069],[0,-697]],[[86646,15372],[-933,0]],[[56180,16069],[0,722]],[[56180,16791],[962,0]],[[57142,16791],[0,-722]],[[57142,16791],[933,0]],[[58075,16791],[0,-722]],[[71428,16069],[0,722]],[[71428,16791],[932,0]],[[72360,16791],[0,-722]],[[72360,16069],[-932,0]],[[72360,16791],[963,0]],[[73323,16791],[0,-722]],[[73323,16069],[-963,0]],[[73323,16791],[962,0]],[[74285,16791],[0,-722]],[[74285,16791],[932,0]],[[75217,16791],[0,-722]],[[75217,16069],[-932,0]],[[75217,16791],[963,0]],[[76180,16791],[0,-722]],[[76180,16791],[962,0]],[[77142,16791],[0,-722]],[[79037,16069],[0,722]],[[79037,16791],[962,0]],[[79999,16791],[0,-722]],[[79999,16069],[-962,0]],[[79999,16791],[933,0]],[[80932,16791],[0,-722]],[[80932,16069],[-933,0]],[[80932,16791],[962,0]],[[81894,16791],[0,-722]],[[81894,16791],[962,0]],[[82856,16791],[0,-722]],[[84751,16069],[0,722]],[[84751,16791],[962,0]],[[85713,16791],[0,-722]],[[85713,16069],[-962,0]],[[56180,16791],[0,697]],[[56180,17488],[962,0]],[[57142,17488],[0,-697]],[[72360,16791],[0,697]],[[72360,17488],[963,0]],[[73323,17488],[0,-697]],[[74285,16791],[0,697]],[[74285,17488],[932,0]],[[75217,17488],[0,-697]],[[75217,17488],[963,0]],[[76180,17488],[0,-697]],[[78074,16791],[0,697]],[[78074,17488],[963,0]],[[79037,17488],[0,-697]],[[79037,16791],[-963,0]],[[82856,16791],[0,697]],[[82856,17488],[933,0]],[[83789,17488],[0,-697]],[[83789,16791],[-933,0]],[[83789,17488],[962,0]],[[84751,17488],[0,-697]],[[84751,16791],[-962,0]],[[84751,17488],[962,0]],[[85713,17488],[0,-697]],[[56180,17488],[0,698]],[[56180,18186],[962,0]],[[57142,18186],[0,-698]],[[57142,18186],[933,0]],[[58075,18186],[0,-698]],[[58075,17488],[-933,0]],[[72360,17488],[0,698]],[[72360,18186],[963,0]],[[73323,18186],[0,-698]],[[73323,18186],[962,0]],[[74285,18186],[0,-698]],[[74285,17488],[-962,0]],[[74285,18186],[932,0]],[[75217,18186],[0,-698]],[[75217,18186],[963,0]],[[76180,18186],[0,-698]],[[79999,17488],[0,698]],[[79999,18186],[933,0]],[[80932,18186],[0,-698]],[[80932,17488],[-933,0]],[[81894,17488],[0,698]],[[81894,18186],[962,0]],[[82856,18186],[0,-698]],[[82856,17488],[-962,0]],[[83789,17488],[0,698]],[[83789,18186],[962,0]],[[84751,18186],[0,-698]],[[56180,18186],[0,698]],[[56180,18884],[962,0]],[[57142,18884],[0,-698]],[[72360,18186],[0,698]],[[72360,18884],[963,0]],[[73323,18884],[0,-698]],[[73323,18884],[962,0]],[[74285,18884],[0,-698]],[[74285,18884],[932,0]],[[75217,18884],[0,-698]],[[75217,18884],[963,0]],[[76180,18884],[0,-698]],[[79999,18186],[0,698]],[[79999,18884],[933,0]],[[80932,18884],[0,-698]],[[80932,18884],[962,0]],[[81894,18884],[0,-698]],[[81894,18186],[-962,0]],[[81894,18884],[962,0]],[[82856,18884],[0,-698]],[[82856,18884],[933,0]],[[83789,18884],[0,-698]],[[83789,18186],[-933,0]],[[83789,18884],[962,0]],[[84751,18884],[0,-698]],[[56180,18884],[0,697]],[[56180,19581],[962,0]],[[57142,19581],[0,-697]],[[66646,18884],[0,697]],[[66646,19581],[962,0]],[[67608,19581],[0,-697]],[[67608,18884],[-962,0]],[[70465,18884],[0,697]],[[70465,19581],[963,0]],[[71428,19581],[0,-697]],[[71428,18884],[-963,0]],[[71428,19581],[932,0]],[[72360,19581],[0,-697]],[[72360,18884],[-932,0]],[[72360,19581],[963,0]],[[73323,19581],[0,-697]],[[73323,19581],[962,0]],[[74285,19581],[0,-697]],[[74285,19581],[932,0]],[[75217,19581],[0,-697]],[[75217,19581],[963,0]],[[76180,19581],[0,-697]],[[79037,18884],[0,697]],[[79037,19581],[962,0]],[[79999,19581],[0,-697]],[[79999,18884],[-962,0]],[[79999,19581],[933,0]],[[80932,19581],[0,-697]],[[80932,19581],[962,0]],[[81894,19581],[0,-697]],[[81894,19581],[962,0]],[[82856,19581],[0,-697]],[[82856,19581],[933,0]],[[83789,19581],[0,-697]],[[83789,19581],[962,0],[0,-697]],[[64751,19581],[0,698]],[[64751,20279],[963,0]],[[65714,20279],[0,-698]],[[65714,19581],[-963,0]],[[71428,19581],[0,698]],[[71428,20279],[932,0]],[[72360,20279],[0,-698]],[[72360,20279],[963,0]],[[73323,20279],[0,-698]],[[77142,19581],[0,698]],[[77142,20279],[932,0]],[[78074,20279],[0,-698]],[[78074,19581],[-932,0]],[[79037,19581],[0,698]],[[79037,20279],[962,0]],[[79999,20279],[0,-698]],[[79999,20279],[933,0]],[[80932,20279],[0,-698]],[[80932,20279],[962,0]],[[81894,20279],[0,-698]],[[82856,19581],[0,698]],[[82856,20279],[933,0]],[[83789,20279],[0,-698]],[[55217,20976],[963,0]],[[56180,20976],[0,-697]],[[56180,20279],[-963,0],[0,697]],[[59999,20279],[0,697]],[[59999,20976],[933,0]],[[60932,20976],[0,-697]],[[60932,20279],[-933,0]],[[61894,20279],[0,697]],[[61894,20976],[963,0]],[[62857,20976],[0,-697]],[[62857,20279],[-963,0]],[[64751,20279],[0,697]],[[64751,20976],[963,0]],[[65714,20976],[0,-697]],[[70465,20279],[0,697]],[[70465,20976],[963,0]],[[71428,20976],[0,-697]],[[71428,20279],[-963,0]],[[71428,20976],[932,0]],[[72360,20976],[0,-697]],[[72360,20976],[963,0]],[[73323,20976],[0,-697]],[[74285,20279],[0,697]],[[74285,20976],[932,0]],[[75217,20976],[0,-697]],[[75217,20279],[-932,0]],[[75217,20976],[963,0]],[[76180,20976],[0,-697]],[[76180,20279],[-963,0]],[[76180,20976],[962,0]],[[77142,20976],[0,-697]],[[77142,20279],[-962,0]],[[77142,20976],[932,0]],[[78074,20976],[0,-697]],[[79037,20279],[0,697]],[[79037,20976],[962,0]],[[79999,20976],[0,-697]],[[79999,20976],[933,0]],[[80932,20976],[0,-697]],[[81894,20279],[0,697]],[[81894,20976],[962,0]],[[82856,20976],[0,-697]],[[82856,20279],[-962,0]],[[82856,20976],[933,0]],[[83789,20976],[0,-697]],[[65714,20976],[0,698]],[[65714,21674],[932,0]],[[66646,21674],[0,-698]],[[66646,20976],[-932,0]],[[69503,20976],[0,698]],[[69503,21674],[962,0]],[[70465,21674],[0,-698]],[[70465,20976],[-962,0]],[[70465,21674],[963,0]],[[71428,21674],[0,-698]],[[71428,21674],[932,0]],[[72360,21674],[0,-698]],[[73323,20976],[0,698]],[[73323,21674],[962,0]],[[74285,21674],[0,-698]],[[74285,20976],[-962,0]],[[77142,20976],[0,698]],[[77142,21674],[932,0]],[[78074,21674],[0,-698]],[[78074,21674],[963,0]],[[79037,21674],[0,-698]],[[79037,20976],[-963,0]],[[79999,20976],[0,698]],[[79999,21674],[933,0]],[[80932,21674],[0,-698]],[[82856,20976],[0,698]],[[82856,21674],[933,0]],[[83789,21674],[0,-698]],[[54285,22372],[932,0]],[[55217,22372],[0,-698]],[[55217,21674],[-932,0],[0,698]],[[58075,21674],[0,698]],[[58075,22372],[962,0]],[[59037,22372],[0,-698]],[[59037,21674],[-962,0]],[[64751,21674],[0,698]],[[64751,22372],[963,0]],[[65714,22372],[0,-698]],[[65714,21674],[-963,0]],[[66646,21674],[0,698]],[[66646,22372],[962,0]],[[67608,22372],[0,-698]],[[67608,21674],[-962,0]],[[69503,21674],[0,698]],[[69503,22372],[962,0]],[[70465,22372],[0,-698]],[[71428,21674],[0,698]],[[71428,22372],[932,0]],[[72360,22372],[0,-698]],[[73323,21674],[0,698]],[[73323,22372],[962,0]],[[74285,22372],[0,-698]],[[76180,21674],[0,698]],[[76180,22372],[962,0]],[[77142,22372],[0,-698]],[[77142,21674],[-962,0]],[[77142,22372],[932,0]],[[78074,22372],[0,-698]],[[78074,22372],[963,0]],[[79037,22372],[0,-698]],[[79037,22372],[962,0]],[[79999,22372],[0,-698]],[[79999,21674],[-962,0]],[[79999,22372],[933,0]],[[80932,22372],[0,-698]],[[82856,21674],[0,698]],[[82856,22372],[933,0],[0,-698]],[[54285,22372],[0,697]],[[54285,23069],[932,0]],[[55217,23069],[0,-697]],[[65714,22372],[0,697]],[[65714,23069],[932,0]],[[66646,23069],[0,-697]],[[66646,22372],[-932,0]],[[66646,23069],[962,0]],[[67608,23069],[0,-697]],[[68571,22372],[0,697]],[[68571,23069],[932,0]],[[69503,23069],[0,-697]],[[69503,22372],[-932,0]],[[69503,23069],[962,0]],[[70465,23069],[0,-697]],[[70465,23069],[963,0]],[[71428,23069],[0,-697]],[[71428,22372],[-963,0]],[[71428,23069],[932,0]],[[72360,23069],[0,-697]],[[73323,22372],[0,697]],[[73323,23069],[962,0]],[[74285,23069],[0,-697]],[[74285,23069],[932,0]],[[75217,23069],[0,-697]],[[75217,22372],[-932,0]],[[76180,22372],[0,697]],[[76180,23069],[962,0]],[[77142,23069],[0,-697]],[[77142,23069],[932,0]],[[78074,23069],[0,-697]],[[78074,23069],[963,0]],[[79037,23069],[0,-697]],[[79037,23069],[962,0]],[[79999,23069],[0,-697]],[[79999,23069],[933,0]],[[80932,23069],[0,-697]],[[80932,23069],[962,0]],[[81894,23069],[0,-697]],[[81894,22372],[-962,0]],[[81894,23069],[962,0]],[[82856,23069],[0,-697]],[[82856,22372],[-962,0]],[[54285,23069],[0,698]],[[54285,23767],[932,0]],[[55217,23767],[0,-698]],[[58075,23069],[0,698]],[[58075,23767],[962,0]],[[59037,23767],[0,-698]],[[59037,23069],[-962,0]],[[65714,23069],[0,698]],[[65714,23767],[932,0]],[[66646,23767],[0,-698]],[[66646,23767],[962,0]],[[67608,23767],[0,-698]],[[68571,23069],[0,698]],[[68571,23767],[932,0]],[[69503,23767],[0,-698]],[[70465,23069],[0,698]],[[70465,23767],[963,0]],[[71428,23767],[0,-698]],[[71428,23767],[932,0]],[[72360,23767],[0,-698]],[[72360,23767],[963,0]],[[73323,23767],[0,-698]],[[73323,23069],[-963,0]],[[73323,23767],[962,0]],[[74285,23767],[0,-698]],[[74285,23767],[932,0]],[[75217,23767],[0,-698]],[[75217,23767],[963,0]],[[76180,23767],[0,-698]],[[76180,23069],[-963,0]],[[76180,23767],[962,0]],[[77142,23767],[0,-698]],[[77142,23767],[932,0]],[[78074,23767],[0,-698]],[[78074,23767],[963,0]],[[79037,23767],[0,-698]],[[79037,23767],[962,0]],[[79999,23767],[0,-698]],[[79999,23767],[933,0]],[[80932,23767],[0,-698]],[[80932,23767],[962,0]],[[81894,23767],[0,-698]],[[81894,23767],[962,0],[0,-698]],[[53323,24465],[962,0]],[[54285,24465],[0,-698]],[[54285,23767],[-962,0],[0,698]],[[55217,23767],[0,698]],[[55217,24465],[963,0]],[[56180,24465],[0,-698]],[[56180,23767],[-963,0]],[[57142,23767],[0,698]],[[57142,24465],[933,0]],[[58075,24465],[0,-698]],[[58075,23767],[-933,0]],[[65714,23767],[0,698]],[[65714,24465],[932,0]],[[66646,24465],[0,-698]],[[66646,24465],[962,0]],[[67608,24465],[0,-698]],[[67608,24465],[963,0]],[[68571,24465],[0,-698]],[[68571,23767],[-963,0]],[[68571,24465],[932,0]],[[69503,24465],[0,-698]],[[69503,24465],[962,0]],[[70465,24465],[0,-698]],[[70465,23767],[-962,0]],[[70465,24465],[963,0]],[[71428,24465],[0,-698]],[[72360,23767],[0,698]],[[72360,24465],[963,0]],[[73323,24465],[0,-698]],[[73323,24465],[962,0]],[[74285,24465],[0,-698]],[[74285,24465],[932,0]],[[75217,24465],[0,-698]],[[75217,24465],[963,0]],[[76180,24465],[0,-698]],[[76180,24465],[962,0]],[[77142,24465],[0,-698]],[[77142,24465],[932,0]],[[78074,24465],[0,-698]],[[78074,24465],[963,0]],[[79037,24465],[0,-698]],[[79037,24465],[962,0]],[[79999,24465],[0,-698]],[[79999,24465],[933,0]],[[80932,24465],[0,-698]],[[43789,25162],[962,0]],[[44751,25162],[0,-697]],[[44751,24465],[-962,0],[0,697]],[[44751,25162],[963,0]],[[45714,25162],[0,-697],[-963,0]],[[47609,24465],[0,697]],[[47609,25162],[962,0]],[[48571,25162],[0,-697],[-962,0]],[[51428,25162],[932,0]],[[52360,25162],[0,-697],[-932,0],[0,697]],[[59037,24465],[0,697]],[[59037,25162],[962,0]],[[59999,25162],[0,-697]],[[59999,24465],[-962,0]],[[59999,25162],[933,0]],[[60932,25162],[0,-697]],[[60932,24465],[-933,0]],[[65714,24465],[0,697]],[[65714,25162],[932,0]],[[66646,25162],[0,-697]],[[67608,24465],[0,697]],[[67608,25162],[963,0]],[[68571,25162],[0,-697]],[[70465,24465],[0,697]],[[70465,25162],[963,0]],[[71428,25162],[0,-697]],[[71428,25162],[932,0]],[[72360,25162],[0,-697]],[[72360,24465],[-932,0]],[[72360,25162],[963,0]],[[73323,25162],[0,-697]],[[73323,25162],[962,0]],[[74285,25162],[0,-697]],[[74285,25162],[932,0]],[[75217,25162],[0,-697]],[[75217,25162],[963,0]],[[76180,25162],[0,-697]],[[76180,25162],[962,0]],[[77142,25162],[0,-697]],[[77142,25162],[932,0]],[[78074,25162],[0,-697]],[[78074,25162],[963,0]],[[79037,25162],[0,-697]],[[79037,25162],[962,0]],[[79999,25162],[0,-697]],[[79999,25162],[933,0]],[[80932,25162],[0,-697]],[[80932,25162],[962,0]],[[81894,25162],[0,-697]],[[81894,24465],[-962,0]],[[50466,25860],[962,0]],[[51428,25860],[0,-698]],[[51428,25162],[-962,0],[0,698]],[[51428,25860],[932,0]],[[52360,25860],[0,-698]],[[59037,25162],[0,698]],[[59037,25860],[962,0]],[[59999,25860],[0,-698]],[[59999,25860],[933,0]],[[60932,25860],[0,-698]],[[60932,25860],[962,0]],[[61894,25860],[0,-698]],[[61894,25162],[-962,0]],[[63789,25162],[0,698]],[[63789,25860],[962,0]],[[64751,25860],[0,-698]],[[64751,25162],[-962,0]],[[64751,25860],[963,0]],[[65714,25860],[0,-698]],[[65714,25162],[-963,0]],[[65714,25860],[932,0]],[[66646,25860],[0,-698]],[[66646,25860],[962,0]],[[67608,25860],[0,-698]],[[67608,25162],[-962,0]],[[67608,25860],[963,0]],[[68571,25860],[0,-698]],[[69503,25162],[0,698]],[[69503,25860],[962,0]],[[70465,25860],[0,-698]],[[70465,25162],[-962,0]],[[70465,25860],[963,0]],[[71428,25860],[0,-698]],[[72360,25162],[0,698]],[[72360,25860],[963,0]],[[73323,25860],[0,-698]],[[73323,25860],[962,0]],[[74285,25860],[0,-698]],[[74285,25860],[932,0]],[[75217,25860],[0,-698]],[[75217,25860],[963,0]],[[76180,25860],[0,-698]],[[76180,25860],[962,0]],[[77142,25860],[0,-698]],[[77142,25860],[932,0]],[[78074,25860],[0,-698]],[[78074,25860],[963,0]],[[79037,25860],[0,-698]],[[79037,25860],[962,0]],[[79999,25860],[0,-698]],[[79999,25860],[933,0]],[[80932,25860],[0,-698]],[[80932,25860],[962,0]],[[81894,25860],[0,-698]],[[43789,25860],[0,721]],[[43789,26581],[962,0]],[[44751,26581],[0,-721]],[[44751,25860],[-962,0]],[[50466,25860],[0,721]],[[50466,26581],[962,0]],[[51428,26581],[0,-721]],[[64751,25860],[0,721]],[[64751,26581],[963,0]],[[65714,26581],[0,-721]],[[65714,26581],[932,0]],[[66646,26581],[0,-721]],[[66646,26581],[962,0]],[[67608,26581],[0,-721]],[[67608,26581],[963,0]],[[68571,26581],[0,-721]],[[68571,26581],[932,0]],[[69503,26581],[0,-721]],[[69503,25860],[-932,0]],[[69503,26581],[962,0]],[[70465,26581],[0,-721]],[[70465,26581],[963,0]],[[71428,26581],[0,-721]],[[71428,26581],[932,0]],[[72360,26581],[0,-721]],[[72360,25860],[-932,0]],[[72360,26581],[963,0]],[[73323,26581],[0,-721]],[[73323,26581],[962,0]],[[74285,26581],[0,-721]],[[74285,26581],[932,0]],[[75217,26581],[0,-721]],[[75217,26581],[963,0]],[[76180,26581],[0,-721]],[[76180,26581],[962,0]],[[77142,26581],[0,-721]],[[77142,26581],[932,0]],[[78074,26581],[0,-721]],[[78074,26581],[963,0]],[[79037,26581],[0,-721]],[[79037,26581],[962,0]],[[79999,26581],[0,-721]],[[79999,26581],[933,0]],[[80932,26581],[0,-721]],[[80932,26581],[962,0],[0,-721]],[[63789,26581],[0,698]],[[63789,27279],[962,0]],[[64751,27279],[0,-698]],[[64751,26581],[-962,0]],[[64751,27279],[963,0]],[[65714,27279],[0,-698]],[[65714,27279],[932,0]],[[66646,27279],[0,-698]],[[66646,27279],[962,0]],[[67608,27279],[0,-698]],[[68571,26581],[0,698]],[[68571,27279],[932,0]],[[69503,27279],[0,-698]],[[70465,26581],[0,698]],[[70465,27279],[963,0]],[[71428,27279],[0,-698]],[[71428,27279],[932,0]],[[72360,27279],[0,-698]],[[72360,27279],[963,0]],[[73323,27279],[0,-698]],[[73323,27279],[962,0]],[[74285,27279],[0,-698]],[[74285,27279],[932,0]],[[75217,27279],[0,-698]],[[75217,27279],[963,0]],[[76180,27279],[0,-698]],[[76180,27279],[962,0]],[[77142,27279],[0,-698]],[[77142,27279],[932,0]],[[78074,27279],[0,-698]],[[78074,27279],[963,0]],[[79037,27279],[0,-698]],[[79037,27279],[962,0]],[[79999,27279],[0,-698]],[[79999,27279],[933,0],[0,-698]],[[42857,27977],[932,0]],[[43789,27977],[0,-698]],[[43789,27279],[-932,0],[0,698]],[[47609,27279],[0,698]],[[47609,27977],[962,0]],[[48571,27977],[0,-698]],[[48571,27279],[-962,0]],[[63789,27279],[0,698]],[[63789,27977],[962,0]],[[64751,27977],[0,-698]],[[64751,27977],[963,0]],[[65714,27977],[0,-698]],[[65714,27977],[932,0]],[[66646,27977],[0,-698]],[[66646,27977],[962,0]],[[67608,27977],[0,-698]],[[67608,27977],[963,0]],[[68571,27977],[0,-698]],[[68571,27279],[-963,0]],[[68571,27977],[932,0]],[[69503,27977],[0,-698]],[[69503,27977],[962,0]],[[70465,27977],[0,-698]],[[70465,27279],[-962,0]],[[70465,27977],[963,0]],[[71428,27977],[0,-698]],[[71428,27977],[932,0]],[[72360,27977],[0,-698]],[[72360,27977],[963,0]],[[73323,27977],[0,-698]],[[73323,27977],[962,0]],[[74285,27977],[0,-698]],[[74285,27977],[932,0]],[[75217,27977],[0,-698]],[[75217,27977],[963,0]],[[76180,27977],[0,-698]],[[76180,27977],[962,0]],[[77142,27977],[0,-698]],[[77142,27977],[932,0]],[[78074,27977],[0,-698]],[[78074,27977],[963,0]],[[79037,27977],[0,-698]],[[79037,27977],[962,0],[0,-698]],[[40932,28674],[962,0]],[[41894,28674],[0,-697]],[[41894,27977],[-962,0],[0,697]],[[41894,28674],[963,0]],[[42857,28674],[0,-697]],[[42857,27977],[-963,0]],[[48571,27977],[0,697]],[[48571,28674],[932,0]],[[49503,28674],[0,-697]],[[49503,27977],[-932,0]],[[49503,28674],[963,0]],[[50466,28674],[0,-697]],[[50466,27977],[-963,0]],[[64751,27977],[0,697]],[[64751,28674],[963,0]],[[65714,28674],[0,-697]],[[65714,28674],[932,0]],[[66646,28674],[0,-697]],[[66646,28674],[962,0]],[[67608,28674],[0,-697]],[[67608,28674],[963,0]],[[68571,28674],[0,-697]],[[69503,27977],[0,697]],[[69503,28674],[962,0]],[[70465,28674],[0,-697]],[[70465,28674],[963,0]],[[71428,28674],[0,-697]],[[71428,28674],[932,0]],[[72360,28674],[0,-697]],[[73323,27977],[0,697]],[[73323,28674],[962,0]],[[74285,28674],[0,-697]],[[74285,28674],[932,0]],[[75217,28674],[0,-697]],[[75217,28674],[963,0]],[[76180,28674],[0,-697]],[[76180,28674],[962,0]],[[77142,28674],[0,-697]],[[77142,28674],[932,0]],[[78074,28674],[0,-697]],[[78074,28674],[963,0]],[[79037,28674],[0,-697]],[[40932,28674],[0,698],[962,0]],[[41894,29372],[0,-698]],[[47609,28674],[0,698]],[[47609,29372],[962,0]],[[48571,29372],[0,-698]],[[48571,28674],[-962,0]],[[64751,28674],[0,698]],[[64751,29372],[963,0]],[[65714,29372],[0,-698]],[[65714,29372],[932,0]],[[66646,29372],[0,-698]],[[66646,29372],[962,0]],[[67608,29372],[0,-698]],[[67608,29372],[963,0]],[[68571,29372],[0,-698]],[[68571,29372],[932,0]],[[69503,29372],[0,-698]],[[69503,28674],[-932,0]],[[69503,29372],[962,0]],[[70465,29372],[0,-698]],[[70465,29372],[963,0]],[[71428,29372],[0,-698]],[[73323,28674],[0,698]],[[73323,29372],[962,0]],[[74285,29372],[0,-698]],[[74285,29372],[932,0]],[[75217,29372],[0,-698]],[[75217,29372],[963,0]],[[76180,29372],[0,-698]],[[76180,29372],[962,0]],[[77142,29372],[0,-698]],[[77142,29372],[932,0]],[[78074,29372],[0,-698]],[[78074,29372],[963,0]],[[79037,29372],[0,-698]],[[47609,29372],[0,697]],[[47609,30069],[962,0]],[[48571,30069],[0,-697]],[[49503,29372],[0,697]],[[49503,30069],[963,0]],[[50466,30069],[0,-697]],[[50466,29372],[-963,0]],[[50466,30069],[962,0]],[[51428,30069],[0,-697]],[[51428,29372],[-962,0]],[[59999,29372],[0,697]],[[59999,30069],[933,0]],[[60932,30069],[0,-697]],[[60932,29372],[-933,0]],[[60932,30069],[962,0]],[[61894,30069],[0,-697]],[[61894,29372],[-962,0]],[[72360,29372],[0,697]],[[72360,30069],[963,0]],[[73323,30069],[0,-697]],[[73323,29372],[-963,0]],[[73323,30069],[962,0]],[[74285,30069],[0,-697]],[[76180,29372],[0,697]],[[76180,30069],[962,0]],[[77142,30069],[0,-697]],[[77142,30069],[932,0]],[[78074,30069],[0,-697]],[[78074,30069],[963,0]],[[79037,30069],[0,-697]],[[40932,30767],[962,0]],[[41894,30767],[0,-698]],[[41894,30069],[-962,0],[0,698]],[[45714,30069],[0,698]],[[45714,30767],[932,0]],[[46646,30767],[0,-698]],[[46646,30069],[-932,0]],[[49503,30069],[0,698]],[[49503,30767],[963,0]],[[50466,30767],[0,-698]],[[51428,30069],[0,698]],[[51428,30767],[932,0]],[[52360,30767],[0,-698]],[[52360,30069],[-932,0]],[[53323,30069],[0,698]],[[53323,30767],[962,0]],[[54285,30767],[0,-698]],[[54285,30069],[-962,0]],[[54285,30767],[932,0]],[[55217,30767],[0,-698]],[[55217,30069],[-932,0]],[[59037,30069],[0,698]],[[59037,30767],[962,0]],[[59999,30767],[0,-698]],[[59999,30069],[-962,0]],[[59999,30767],[933,0]],[[60932,30767],[0,-698]],[[60932,30767],[962,0]],[[61894,30767],[0,-698]],[[62857,30069],[0,698]],[[62857,30767],[932,0]],[[63789,30767],[0,-698]],[[63789,30069],[-932,0]],[[63789,30767],[962,0]],[[64751,30767],[0,-698]],[[64751,30069],[-962,0]],[[69503,30069],[0,698]],[[69503,30767],[962,0]],[[70465,30767],[0,-698]],[[70465,30069],[-962,0]],[[72360,30069],[0,698]],[[72360,30767],[963,0]],[[73323,30767],[0,-698]],[[73323,30767],[962,0]],[[74285,30767],[0,-698]],[[75217,30069],[0,698]],[[75217,30767],[963,0]],[[76180,30767],[0,-698]],[[76180,30069],[-963,0]],[[76180,30767],[962,0]],[[77142,30767],[0,-698]],[[78074,30069],[0,698]],[[78074,30767],[963,0]],[[79037,30767],[0,-698]],[[50466,30767],[0,698]],[[50466,31465],[962,0]],[[51428,31465],[0,-698]],[[51428,30767],[-962,0]],[[51428,31465],[932,0]],[[52360,31465],[0,-698]],[[58075,30767],[0,698]],[[58075,31465],[962,0]],[[59037,31465],[0,-698]],[[59037,30767],[-962,0]],[[59037,31465],[962,0]],[[59999,31465],[0,-698]],[[59999,31465],[933,0]],[[60932,31465],[0,-698]],[[60932,31465],[962,0]],[[61894,31465],[0,-698]],[[61894,31465],[963,0]],[[62857,31465],[0,-698]],[[62857,30767],[-963,0]],[[62857,31465],[932,0]],[[63789,31465],[0,-698]],[[70465,30767],[0,698]],[[70465,31465],[963,0]],[[71428,31465],[0,-698]],[[71428,30767],[-963,0]],[[71428,31465],[932,0]],[[72360,31465],[0,-698]],[[72360,30767],[-932,0]],[[72360,31465],[963,0]],[[73323,31465],[0,-698]],[[73323,31465],[962,0]],[[74285,31465],[0,-698]],[[74285,31465],[932,0]],[[75217,31465],[0,-698]],[[75217,30767],[-932,0]],[[75217,31465],[963,0]],[[76180,31465],[0,-698]],[[76180,31465],[962,0]],[[77142,31465],[0,-698]],[[77142,31465],[932,0]],[[78074,31465],[0,-698]],[[78074,30767],[-932,0]],[[78074,31465],[963,0]],[[79037,31465],[0,-698]],[[43789,31465],[0,697]],[[43789,32162],[962,0]],[[44751,32162],[0,-697]],[[44751,31465],[-962,0]],[[46646,31465],[0,697]],[[46646,32162],[963,0]],[[47609,32162],[0,-697]],[[47609,31465],[-963,0]],[[47609,32162],[962,0]],[[48571,32162],[0,-697]],[[48571,31465],[-962,0]],[[48571,32162],[932,0]],[[49503,32162],[0,-697]],[[49503,31465],[-932,0]],[[56180,31465],[0,697]],[[56180,32162],[962,0]],[[57142,32162],[0,-697]],[[57142,31465],[-962,0]],[[58075,31465],[0,697]],[[58075,32162],[962,0]],[[59037,32162],[0,-697]],[[59037,32162],[962,0]],[[59999,32162],[0,-697]],[[59999,32162],[933,0]],[[60932,32162],[0,-697]],[[60932,32162],[962,0]],[[61894,32162],[0,-697]],[[61894,32162],[963,0]],[[62857,32162],[0,-697]],[[65714,31465],[0,697]],[[65714,32162],[932,0]],[[66646,32162],[0,-697]],[[66646,31465],[-932,0]],[[66646,32162],[962,0]],[[67608,32162],[0,-697]],[[67608,31465],[-962,0]],[[71428,31465],[0,697]],[[71428,32162],[932,0]],[[72360,32162],[0,-697]],[[72360,32162],[963,0]],[[73323,32162],[0,-697]],[[73323,32162],[962,0]],[[74285,32162],[0,-697]],[[74285,32162],[932,0]],[[75217,32162],[0,-697]],[[76180,31465],[0,697]],[[76180,32162],[962,0]],[[77142,32162],[0,-697]],[[78074,31465],[0,697]],[[78074,32162],[963,0]],[[79037,32162],[0,-697]],[[38075,32860],[962,0]],[[39037,32860],[0,-698]],[[39037,32162],[-962,0],[0,698]],[[48571,32162],[0,698]],[[48571,32860],[932,0]],[[49503,32860],[0,-698]],[[49503,32860],[963,0]],[[50466,32860],[0,-698]],[[50466,32162],[-963,0]],[[60932,32162],[0,698]],[[60932,32860],[962,0]],[[61894,32860],[0,-698]],[[61894,32860],[963,0]],[[62857,32860],[0,-698]],[[62857,32860],[932,0]],[[63789,32860],[0,-698]],[[63789,32162],[-932,0]],[[64751,32162],[0,698]],[[64751,32860],[963,0]],[[65714,32860],[0,-698]],[[65714,32162],[-963,0]],[[71428,32162],[0,698]],[[71428,32860],[932,0]],[[72360,32860],[0,-698]],[[72360,32860],[963,0]],[[73323,32860],[0,-698]],[[73323,32860],[962,0]],[[74285,32860],[0,-698]],[[74285,32860],[932,0]],[[75217,32860],[0,-698]],[[75217,32860],[963,0]],[[76180,32860],[0,-698]],[[76180,32162],[-963,0]],[[76180,32860],[962,0]],[[77142,32860],[0,-698]],[[77142,32860],[932,0]],[[78074,32860],[0,-698]],[[78074,32162],[-932,0]],[[78074,32860],[963,0]],[[79037,32860],[0,-698]],[[38075,32860],[0,698]],[[38075,33558],[962,0]],[[39037,33558],[0,-698]],[[48571,32860],[0,698]],[[48571,33558],[932,0]],[[49503,33558],[0,-698]],[[49503,33558],[963,0]],[[50466,33558],[0,-698]],[[60932,32860],[0,698]],[[60932,33558],[962,0]],[[61894,33558],[0,-698]],[[61894,33558],[963,0]],[[62857,33558],[0,-698]],[[63789,32860],[0,698]],[[63789,33558],[962,0]],[[64751,33558],[0,-698]],[[64751,32860],[-962,0]],[[64751,33558],[963,0]],[[65714,33558],[0,-698]],[[72360,32860],[0,698]],[[72360,33558],[963,0]],[[73323,33558],[0,-698]],[[73323,33558],[962,0]],[[74285,33558],[0,-698]],[[74285,33558],[932,0]],[[75217,33558],[0,-698]],[[75217,33558],[963,0]],[[76180,33558],[0,-698]],[[76180,33558],[962,0]],[[77142,33558],[0,-698]],[[77142,33558],[932,0]],[[78074,33558],[0,-698]],[[78074,33558],[963,0]],[[79037,33558],[0,-698]],[[38075,33558],[0,697]],[[38075,34255],[962,0]],[[39037,34255],[0,-697]],[[43789,33558],[0,697]],[[43789,34255],[962,0]],[[44751,34255],[0,-697]],[[44751,33558],[-962,0]],[[44751,34255],[963,0]],[[45714,34255],[0,-697]],[[45714,33558],[-963,0]],[[54285,33558],[0,697]],[[54285,34255],[932,0]],[[55217,34255],[0,-697]],[[55217,33558],[-932,0]],[[55217,34255],[963,0]],[[56180,34255],[0,-697]],[[56180,33558],[-963,0]],[[56180,34255],[962,0]],[[57142,34255],[0,-697]],[[57142,33558],[-962,0]],[[60932,33558],[0,697]],[[60932,34255],[962,0]],[[61894,34255],[0,-697]],[[61894,34255],[963,0]],[[62857,34255],[0,-697]],[[62857,34255],[932,0]],[[63789,34255],[0,-697]],[[63789,33558],[-932,0]],[[64751,33558],[0,697]],[[64751,34255],[963,0]],[[65714,34255],[0,-697]],[[65714,34255],[932,0]],[[66646,34255],[0,-697]],[[66646,33558],[-932,0]],[[67608,33558],[0,697]],[[67608,34255],[963,0]],[[68571,34255],[0,-697]],[[68571,33558],[-963,0]],[[74285,33558],[0,697]],[[74285,34255],[932,0]],[[75217,34255],[0,-697]],[[75217,34255],[963,0]],[[76180,34255],[0,-697]],[[76180,34255],[962,0]],[[77142,34255],[0,-697]],[[77142,34255],[932,0]],[[78074,34255],[0,-697]],[[78074,34255],[963,0]],[[79037,34255],[0,-697]],[[38075,34255],[0,698]],[[38075,34953],[962,0]],[[39037,34953],[0,-698]],[[45714,34255],[0,698]],[[45714,34953],[932,0]],[[46646,34953],[0,-698]],[[46646,34255],[-932,0]],[[52360,34255],[0,698]],[[52360,34953],[963,0]],[[53323,34953],[0,-698]],[[53323,34255],[-963,0]],[[53323,34953],[962,0]],[[54285,34953],[0,-698]],[[54285,34255],[-962,0]],[[54285,34953],[932,0]],[[55217,34953],[0,-698]],[[55217,34953],[963,0]],[[56180,34953],[0,-698]],[[56180,34953],[962,0]],[[57142,34953],[0,-698]],[[61894,34255],[0,698]],[[61894,34953],[963,0]],[[62857,34953],[0,-698]],[[63789,34255],[0,698]],[[63789,34953],[962,0]],[[64751,34953],[0,-698]],[[64751,34255],[-962,0]],[[64751,34953],[963,0]],[[65714,34953],[0,-698]],[[66646,34255],[0,698]],[[66646,34953],[962,0]],[[67608,34953],[0,-698]],[[67608,34255],[-962,0]],[[68571,34255],[0,698]],[[68571,34953],[932,0]],[[69503,34953],[0,-698]],[[69503,34255],[-932,0]],[[69503,34953],[962,0]],[[70465,34953],[0,-698]],[[70465,34255],[-962,0]],[[71428,34255],[0,698]],[[71428,34953],[932,0]],[[72360,34953],[0,-698]],[[72360,34255],[-932,0]],[[73323,34255],[0,698]],[[73323,34953],[962,0]],[[74285,34953],[0,-698]],[[74285,34255],[-962,0]],[[77142,34255],[0,698]],[[77142,34953],[932,0]],[[78074,34953],[0,-698]],[[78074,34953],[963,0]],[[79037,34953],[0,-698]],[[49503,34953],[0,697]],[[49503,35650],[963,0]],[[50466,35650],[0,-697]],[[50466,34953],[-963,0]],[[54285,34953],[0,697]],[[54285,35650],[932,0]],[[55217,35650],[0,-697]],[[55217,35650],[963,0]],[[56180,35650],[0,-697]],[[56180,35650],[962,0]],[[57142,35650],[0,-697]],[[58075,34953],[0,697]],[[58075,35650],[962,0]],[[59037,35650],[0,-697]],[[59037,34953],[-962,0]],[[61894,34953],[0,697]],[[61894,35650],[963,0]],[[62857,35650],[0,-697]],[[62857,35650],[932,0]],[[63789,35650],[0,-697]],[[63789,34953],[-932,0]],[[64751,34953],[0,697]],[[64751,35650],[963,0]],[[65714,35650],[0,-697]],[[65714,35650],[932,0]],[[66646,35650],[0,-697]],[[66646,34953],[-932,0]],[[66646,35650],[962,0]],[[67608,35650],[0,-697]],[[67608,35650],[963,0]],[[68571,35650],[0,-697]],[[68571,34953],[-963,0]],[[68571,35650],[932,0]],[[69503,35650],[0,-697]],[[70465,34953],[0,697]],[[70465,35650],[963,0]],[[71428,35650],[0,-697]],[[71428,34953],[-963,0]],[[78074,34953],[0,697]],[[78074,35650],[963,0]],[[79037,35650],[0,-697]],[[47609,35650],[0,722]],[[47609,36372],[962,0]],[[48571,36372],[0,-722]],[[48571,35650],[-962,0]],[[52360,35650],[0,722]],[[52360,36372],[963,0]],[[53323,36372],[0,-722]],[[53323,35650],[-963,0]],[[54285,35650],[0,722]],[[54285,36372],[932,0]],[[55217,36372],[0,-722]],[[55217,36372],[963,0]],[[56180,36372],[0,-722]],[[56180,36372],[962,0]],[[57142,36372],[0,-722]],[[57142,36372],[933,0]],[[58075,36372],[0,-722]],[[58075,35650],[-933,0]],[[61894,35650],[0,722]],[[61894,36372],[963,0]],[[62857,36372],[0,-722]],[[62857,36372],[932,0]],[[63789,36372],[0,-722]],[[64751,35650],[0,722]],[[64751,36372],[963,0]],[[65714,36372],[0,-722]],[[65714,36372],[932,0]],[[66646,36372],[0,-722]],[[66646,36372],[962,0]],[[67608,36372],[0,-722]],[[67608,36372],[963,0]],[[68571,36372],[0,-722]],[[69503,35650],[0,722]],[[69503,36372],[962,0]],[[70465,36372],[0,-722]],[[70465,35650],[-962,0]],[[71428,35650],[0,722]],[[71428,36372],[932,0]],[[72360,36372],[0,-722]],[[72360,35650],[-932,0]],[[73323,35650],[0,722]],[[73323,36372],[962,0]],[[74285,36372],[0,-722]],[[74285,35650],[-962,0]],[[75217,35650],[0,722]],[[75217,36372],[963,0]],[[76180,36372],[0,-722]],[[76180,35650],[-963,0]],[[40932,36372],[0,698]],[[40932,37070],[962,0]],[[41894,37070],[0,-698]],[[41894,36372],[-962,0]],[[52360,36372],[0,698]],[[52360,37070],[963,0]],[[53323,37070],[0,-698]],[[53323,37070],[962,0]],[[54285,37070],[0,-698]],[[54285,36372],[-962,0]],[[54285,37070],[932,0]],[[55217,37070],[0,-698]],[[55217,37070],[963,0]],[[56180,37070],[0,-698]],[[56180,37070],[962,0]],[[57142,37070],[0,-698]],[[57142,37070],[933,0]],[[58075,37070],[0,-698]],[[62857,36372],[0,698]],[[62857,37070],[932,0]],[[63789,37070],[0,-698]],[[63789,37070],[962,0]],[[64751,37070],[0,-698]],[[64751,36372],[-962,0]],[[65714,36372],[0,698]],[[65714,37070],[932,0]],[[66646,37070],[0,-698]],[[66646,37070],[962,0]],[[67608,37070],[0,-698]],[[68571,36372],[0,698]],[[68571,37070],[932,0]],[[69503,37070],[0,-698]],[[69503,36372],[-932,0]],[[69503,37070],[962,0]],[[70465,37070],[0,-698]],[[70465,37070],[963,0]],[[71428,37070],[0,-698]],[[71428,36372],[-963,0]],[[72360,36372],[0,698]],[[72360,37070],[963,0]],[[73323,37070],[0,-698]],[[73323,36372],[-963,0]],[[76180,36372],[0,698]],[[76180,37070],[962,0]],[[77142,37070],[0,-698]],[[77142,36372],[-962,0]],[[77142,37070],[932,0]],[[78074,37070],[0,-698]],[[78074,36372],[-932,0]],[[78074,37070],[963,0],[0,-698]],[[79037,36372],[-963,0]],[[37142,37767],[933,0]],[[38075,37767],[0,-697]],[[38075,37070],[-933,0],[0,697]],[[39037,37070],[0,697]],[[39037,37767],[963,0]],[[40000,37767],[0,-697]],[[40000,37070],[-963,0]],[[40000,37767],[932,0]],[[40932,37767],[0,-697]],[[40932,37070],[-932,0]],[[40932,37767],[962,0]],[[41894,37767],[0,-697]],[[46646,37070],[0,697]],[[46646,37767],[963,0]],[[47609,37767],[0,-697]],[[47609,37070],[-963,0]],[[47609,37767],[962,0]],[[48571,37767],[0,-697]],[[48571,37070],[-962,0]],[[50466,37070],[0,697]],[[50466,37767],[962,0]],[[51428,37767],[0,-697]],[[51428,37070],[-962,0]],[[53323,37070],[0,697]],[[53323,37767],[962,0]],[[54285,37767],[0,-697]],[[54285,37767],[932,0]],[[55217,37767],[0,-697]],[[55217,37767],[963,0]],[[56180,37767],[0,-697]],[[56180,37767],[962,0]],[[57142,37767],[0,-697]],[[60932,37070],[0,697]],[[60932,37767],[962,0]],[[61894,37767],[0,-697]],[[61894,37070],[-962,0]],[[64751,37070],[0,697]],[[64751,37767],[963,0]],[[65714,37767],[0,-697]],[[65714,37070],[-963,0]],[[68571,37070],[0,697]],[[68571,37767],[932,0]],[[69503,37767],[0,-697]],[[69503,37767],[962,0]],[[70465,37767],[0,-697]],[[70465,37767],[963,0]],[[71428,37767],[0,-697]],[[72360,37070],[0,697]],[[72360,37767],[963,0]],[[73323,37767],[0,-697]],[[74285,37070],[0,697]],[[74285,37767],[932,0]],[[75217,37767],[0,-697]],[[75217,37070],[-932,0]],[[77142,37070],[0,697]],[[77142,37767],[932,0]],[[78074,37767],[0,-697]],[[49503,37767],[0,698]],[[49503,38465],[963,0]],[[50466,38465],[0,-698]],[[50466,37767],[-963,0]],[[50466,38465],[962,0]],[[51428,38465],[0,-698]],[[51428,38465],[932,0]],[[52360,38465],[0,-698]],[[52360,37767],[-932,0]],[[55217,37767],[0,698]],[[55217,38465],[963,0]],[[56180,38465],[0,-698]],[[57142,37767],[0,698]],[[57142,38465],[933,0]],[[58075,38465],[0,-698]],[[58075,37767],[-933,0]],[[64751,37767],[0,698]],[[64751,38465],[963,0]],[[65714,38465],[0,-698]],[[66646,37767],[0,698]],[[66646,38465],[962,0]],[[67608,38465],[0,-698]],[[67608,37767],[-962,0]],[[67608,38465],[963,0]],[[68571,38465],[0,-698]],[[68571,37767],[-963,0]],[[68571,38465],[932,0]],[[69503,38465],[0,-698]],[[69503,38465],[962,0]],[[70465,38465],[0,-698]],[[74285,37767],[0,698]],[[74285,38465],[932,0]],[[75217,38465],[0,-698]],[[75217,38465],[963,0]],[[76180,38465],[0,-698]],[[76180,37767],[-963,0]],[[76180,38465],[962,0]],[[77142,38465],[0,-698]],[[77142,37767],[-962,0]],[[77142,38465],[932,0]],[[78074,38465],[0,-698]],[[47609,38465],[0,697]],[[47609,39162],[962,0]],[[48571,39162],[0,-697]],[[48571,38465],[-962,0]],[[48571,39162],[932,0]],[[49503,39162],[0,-697]],[[49503,38465],[-932,0]],[[49503,39162],[963,0]],[[50466,39162],[0,-697]],[[50466,39162],[962,0]],[[51428,39162],[0,-697]],[[51428,39162],[932,0]],[[52360,39162],[0,-697]],[[57142,38465],[0,697]],[[57142,39162],[933,0]],[[58075,39162],[0,-697]],[[60932,38465],[0,697]],[[60932,39162],[962,0]],[[61894,39162],[0,-697]],[[61894,38465],[-962,0]],[[69503,38465],[0,697]],[[69503,39162],[962,0]],[[70465,39162],[0,-697]],[[70465,39162],[963,0]],[[71428,39162],[0,-697]],[[71428,38465],[-963,0]],[[71428,39162],[932,0]],[[72360,39162],[0,-697]],[[72360,38465],[-932,0]],[[72360,39162],[963,0]],[[73323,39162],[0,-697]],[[73323,38465],[-963,0]],[[74285,38465],[0,697]],[[74285,39162],[932,0]],[[75217,39162],[0,-697]],[[75217,39162],[963,0]],[[76180,39162],[0,-697]],[[77142,38465],[0,697]],[[77142,39162],[932,0]],[[78074,39162],[0,-697]],[[78074,39162],[963,0]],[[79037,39162],[0,-697],[-963,0]],[[47609,39162],[0,698]],[[47609,39860],[962,0]],[[48571,39860],[0,-698]],[[48571,39860],[932,0]],[[49503,39860],[0,-698]],[[49503,39860],[963,0]],[[50466,39860],[0,-698]],[[50466,39860],[962,0]],[[51428,39860],[0,-698]],[[57142,39162],[0,698]],[[57142,39860],[933,0]],[[58075,39860],[0,-698]],[[62857,39162],[0,698]],[[62857,39860],[932,0]],[[63789,39860],[0,-698]],[[63789,39162],[-932,0]],[[63789,39860],[962,0]],[[64751,39860],[0,-698]],[[64751,39162],[-962,0]],[[67608,39162],[0,698]],[[67608,39860],[963,0]],[[68571,39860],[0,-698]],[[68571,39162],[-963,0]],[[68571,39860],[932,0]],[[69503,39860],[0,-698]],[[69503,39162],[-932,0]],[[69503,39860],[962,0]],[[70465,39860],[0,-698]],[[70465,39860],[963,0]],[[71428,39860],[0,-698]],[[71428,39860],[932,0]],[[72360,39860],[0,-698]],[[72360,39860],[963,0]],[[73323,39860],[0,-698]],[[73323,39860],[962,0]],[[74285,39860],[0,-698]],[[74285,39162],[-962,0]],[[74285,39860],[932,0]],[[75217,39860],[0,-698]],[[75217,39860],[963,0]],[[76180,39860],[0,-698]],[[76180,39860],[962,0]],[[77142,39860],[0,-698]],[[77142,39162],[-962,0]],[[78074,39162],[0,698]],[[78074,39860],[963,0]],[[79037,39860],[0,-698]],[[79037,39860],[962,0]],[[79999,39860],[0,-698],[-962,0]],[[36180,40558],[962,0]],[[37142,40558],[0,-698]],[[37142,39860],[-962,0],[0,698]],[[41894,39860],[0,698]],[[41894,40558],[963,0]],[[42857,40558],[0,-698]],[[42857,39860],[-963,0]],[[47609,39860],[0,698]],[[47609,40558],[962,0]],[[48571,40558],[0,-698]],[[48571,40558],[932,0]],[[49503,40558],[0,-698]],[[49503,40558],[963,0]],[[50466,40558],[0,-698]],[[50466,40558],[962,0]],[[51428,40558],[0,-698]],[[52360,39860],[0,698]],[[52360,40558],[963,0]],[[53323,40558],[0,-698]],[[53323,39860],[-963,0]],[[55217,39860],[0,698]],[[55217,40558],[963,0]],[[56180,40558],[0,-698]],[[56180,39860],[-963,0]],[[56180,40558],[962,0]],[[57142,40558],[0,-698]],[[57142,39860],[-962,0]],[[64751,39860],[0,698]],[[64751,40558],[963,0]],[[65714,40558],[0,-698]],[[65714,39860],[-963,0]],[[66646,39860],[0,698]],[[66646,40558],[962,0]],[[67608,40558],[0,-698]],[[67608,39860],[-962,0]],[[67608,40558],[963,0]],[[68571,40558],[0,-698]],[[71428,39860],[0,698]],[[71428,40558],[932,0]],[[72360,40558],[0,-698]],[[72360,40558],[963,0]],[[73323,40558],[0,-698]],[[74285,39860],[0,698]],[[74285,40558],[932,0]],[[75217,40558],[0,-698]],[[76180,39860],[0,698]],[[76180,40558],[962,0]],[[77142,40558],[0,-698]],[[77142,40558],[932,0]],[[78074,40558],[0,-698]],[[78074,39860],[-932,0]],[[79999,39860],[0,698]],[[79999,40558],[933,0]],[[80932,40558],[0,-698],[-933,0]],[[34285,41255],[933,0]],[[35218,41255],[0,-697]],[[35218,40558],[-933,0],[0,697]],[[40932,40558],[0,697]],[[40932,41255],[962,0]],[[41894,41255],[0,-697]],[[41894,40558],[-962,0]],[[47609,40558],[0,697]],[[47609,41255],[962,0]],[[48571,41255],[0,-697]],[[48571,41255],[932,0]],[[49503,41255],[0,-697]],[[49503,41255],[963,0]],[[50466,41255],[0,-697]],[[50466,41255],[962,0]],[[51428,41255],[0,-697]],[[51428,41255],[932,0]],[[52360,41255],[0,-697]],[[52360,40558],[-932,0]],[[55217,40558],[0,697]],[[55217,41255],[963,0]],[[56180,41255],[0,-697]],[[56180,41255],[962,0]],[[57142,41255],[0,-697]],[[57142,41255],[933,0]],[[58075,41255],[0,-697]],[[58075,40558],[-933,0]],[[59999,40558],[0,697]],[[59999,41255],[933,0]],[[60932,41255],[0,-697]],[[60932,40558],[-933,0]],[[62857,40558],[0,697]],[[62857,41255],[932,0]],[[63789,41255],[0,-697]],[[63789,40558],[-932,0]],[[63789,41255],[962,0]],[[64751,41255],[0,-697]],[[64751,40558],[-962,0]],[[64751,41255],[963,0]],[[65714,41255],[0,-697]],[[65714,41255],[932,0]],[[66646,41255],[0,-697]],[[66646,40558],[-932,0]],[[67608,40558],[0,697]],[[67608,41255],[963,0]],[[68571,41255],[0,-697]],[[68571,41255],[932,0]],[[69503,41255],[0,-697]],[[69503,40558],[-932,0]],[[69503,41255],[962,0]],[[70465,41255],[0,-697]],[[70465,40558],[-962,0]],[[70465,41255],[963,0]],[[71428,41255],[0,-697]],[[71428,40558],[-963,0]],[[74285,40558],[0,697]],[[74285,41255],[932,0]],[[75217,41255],[0,-697]],[[75217,41255],[963,0]],[[76180,41255],[0,-697]],[[76180,40558],[-963,0]],[[76180,41255],[962,0]],[[77142,41255],[0,-697]],[[79037,40558],[0,697]],[[79037,41255],[962,0]],[[79999,41255],[0,-697]],[[79999,40558],[-962,0]],[[79999,41255],[933,0]],[[80932,41255],[0,-697]],[[48571,41255],[0,698]],[[48571,41953],[932,0]],[[49503,41953],[0,-698]],[[49503,41953],[963,0]],[[50466,41953],[0,-698]],[[54285,41255],[0,698]],[[54285,41953],[932,0]],[[55217,41953],[0,-698]],[[55217,41255],[-932,0]],[[56180,41255],[0,698]],[[56180,41953],[962,0]],[[57142,41953],[0,-698]],[[57142,41953],[933,0]],[[58075,41953],[0,-698]],[[58075,41953],[962,0]],[[59037,41953],[0,-698]],[[59037,41255],[-962,0]],[[61894,41255],[0,698]],[[61894,41953],[963,0]],[[62857,41953],[0,-698]],[[62857,41255],[-963,0]],[[63789,41255],[0,698]],[[63789,41953],[962,0]],[[64751,41953],[0,-698]],[[64751,41953],[963,0]],[[65714,41953],[0,-698]],[[65714,41953],[932,0]],[[66646,41953],[0,-698]],[[66646,41953],[962,0]],[[67608,41953],[0,-698]],[[67608,41255],[-962,0]],[[67608,41953],[963,0]],[[68571,41953],[0,-698]],[[68571,41953],[932,0]],[[69503,41953],[0,-698]],[[70465,41255],[0,698]],[[70465,41953],[963,0]],[[71428,41953],[0,-698]],[[71428,41953],[932,0]],[[72360,41953],[0,-698]],[[72360,41255],[-932,0]],[[72360,41953],[963,0]],[[73323,41953],[0,-698]],[[73323,41255],[-963,0]],[[73323,41953],[962,0]],[[74285,41953],[0,-698]],[[74285,41255],[-962,0]],[[74285,41953],[932,0]],[[75217,41953],[0,-698]],[[75217,41953],[963,0]],[[76180,41953],[0,-698]],[[77142,41255],[0,698]],[[77142,41953],[932,0]],[[78074,41953],[0,-698]],[[78074,41255],[-932,0]],[[80932,41255],[0,698]],[[80932,41953],[962,0]],[[81894,41953],[0,-698]],[[81894,41255],[-962,0]],[[81894,41953],[962,0]],[[82856,41953],[0,-698]],[[82856,41255],[-962,0]],[[82856,41953],[933,0]],[[83789,41953],[0,-698],[-933,0]],[[45714,41953],[0,698]],[[45714,42651],[932,0]],[[46646,42651],[0,-698]],[[46646,41953],[-932,0]],[[49503,41953],[0,698]],[[49503,42651],[963,0]],[[50466,42651],[0,-698]],[[54285,41953],[0,698]],[[54285,42651],[932,0]],[[55217,42651],[0,-698]],[[56180,41953],[0,698]],[[56180,42651],[962,0]],[[57142,42651],[0,-698]],[[57142,42651],[933,0]],[[58075,42651],[0,-698]],[[58075,42651],[962,0]],[[59037,42651],[0,-698]],[[59999,41953],[0,698]],[[59999,42651],[933,0]],[[60932,42651],[0,-698]],[[60932,41953],[-933,0]],[[60932,42651],[962,0]],[[61894,42651],[0,-698]],[[61894,41953],[-962,0]],[[61894,42651],[963,0]],[[62857,42651],[0,-698]],[[64751,41953],[0,698]],[[64751,42651],[963,0]],[[65714,42651],[0,-698]],[[65714,42651],[932,0]],[[66646,42651],[0,-698]],[[66646,42651],[962,0]],[[67608,42651],[0,-698]],[[67608,42651],[963,0]],[[68571,42651],[0,-698]],[[68571,42651],[932,0]],[[69503,42651],[0,-698]],[[69503,42651],[962,0]],[[70465,42651],[0,-698]],[[70465,41953],[-962,0]],[[70465,42651],[963,0]],[[71428,42651],[0,-698]],[[71428,42651],[932,0]],[[72360,42651],[0,-698]],[[72360,42651],[963,0]],[[73323,42651],[0,-698]],[[73323,42651],[962,0]],[[74285,42651],[0,-698]],[[74285,42651],[932,0]],[[75217,42651],[0,-698]],[[76180,41953],[0,698]],[[76180,42651],[962,0]],[[77142,42651],[0,-698]],[[77142,41953],[-962,0]],[[77142,42651],[932,0]],[[78074,42651],[0,-698]],[[78074,42651],[963,0]],[[79037,42651],[0,-698]],[[79037,41953],[-963,0]],[[79999,41953],[0,698]],[[79999,42651],[933,0]],[[80932,42651],[0,-698]],[[80932,41953],[-933,0]],[[81894,41953],[0,698]],[[81894,42651],[962,0]],[[82856,42651],[0,-698]],[[82856,42651],[933,0]],[[83789,42651],[0,-698]],[[83789,42651],[962,0]],[[84751,42651],[0,-698]],[[84751,41953],[-962,0]],[[84751,42651],[962,0]],[[85713,42651],[0,-698]],[[85713,41953],[-962,0]],[[88571,42651],[932,0]],[[89503,42651],[0,-698],[-932,0],[0,698]],[[33323,42651],[0,697]],[[33323,43348],[962,0]],[[34285,43348],[0,-697]],[[34285,42651],[-962,0]],[[58075,42651],[0,697]],[[58075,43348],[962,0]],[[59037,43348],[0,-697]],[[59999,42651],[0,697]],[[59999,43348],[933,0]],[[60932,43348],[0,-697]],[[60932,43348],[962,0]],[[61894,43348],[0,-697]],[[62857,42651],[0,697]],[[62857,43348],[932,0]],[[63789,43348],[0,-697]],[[63789,42651],[-932,0]],[[64751,42651],[0,697]],[[64751,43348],[963,0]],[[65714,43348],[0,-697]],[[65714,43348],[932,0]],[[66646,43348],[0,-697]],[[66646,43348],[962,0]],[[67608,43348],[0,-697]],[[67608,43348],[963,0]],[[68571,43348],[0,-697]],[[68571,43348],[932,0]],[[69503,43348],[0,-697]],[[69503,43348],[962,0]],[[70465,43348],[0,-697]],[[70465,43348],[963,0]],[[71428,43348],[0,-697]],[[71428,43348],[932,0]],[[72360,43348],[0,-697]],[[74285,42651],[0,697]],[[74285,43348],[932,0]],[[75217,43348],[0,-697]],[[75217,43348],[963,0]],[[76180,43348],[0,-697]],[[76180,42651],[-963,0]],[[76180,43348],[962,0]],[[77142,43348],[0,-697]],[[78074,42651],[0,697]],[[78074,43348],[963,0]],[[79037,43348],[0,-697]],[[79037,43348],[962,0]],[[79999,43348],[0,-697]],[[79999,42651],[-962,0]],[[79999,43348],[933,0]],[[80932,43348],[0,-697]],[[80932,43348],[962,0]],[[81894,43348],[0,-697]],[[81894,42651],[-962,0]],[[81894,43348],[962,0]],[[82856,43348],[0,-697]],[[82856,43348],[933,0]],[[83789,43348],[0,-697]],[[84751,42651],[0,697]],[[84751,43348],[962,0]],[[85713,43348],[0,-697]],[[85713,43348],[933,0]],[[86646,43348],[0,-697]],[[86646,42651],[-933,0]],[[86646,43348],[962,0]],[[87608,43348],[0,-697]],[[87608,42651],[-962,0]],[[87608,43348],[963,0]],[[88571,43348],[0,-697]],[[88571,42651],[-963,0]],[[88571,43348],[932,0]],[[89503,43348],[0,-697]],[[90465,42651],[0,697]],[[90465,43348],[963,0]],[[91428,43348],[0,-697],[-963,0]],[[36180,43348],[0,698]],[[36180,44046],[962,0]],[[37142,44046],[0,-698]],[[37142,43348],[-962,0]],[[43789,43348],[0,698]],[[43789,44046],[962,0]],[[44751,44046],[0,-698]],[[44751,43348],[-962,0]],[[48571,43348],[0,698]],[[48571,44046],[932,0]],[[49503,44046],[0,-698]],[[49503,43348],[-932,0]],[[49503,44046],[963,0]],[[50466,44046],[0,-698]],[[50466,43348],[-963,0]],[[50466,44046],[962,0]],[[51428,44046],[0,-698]],[[51428,43348],[-962,0]],[[55217,43348],[0,698]],[[55217,44046],[963,0]],[[56180,44046],[0,-698]],[[56180,43348],[-963,0]],[[56180,44046],[962,0]],[[57142,44046],[0,-698]],[[57142,43348],[-962,0]],[[57142,44046],[933,0]],[[58075,44046],[0,-698]],[[58075,43348],[-933,0]],[[58075,44046],[962,0]],[[59037,44046],[0,-698]],[[59037,44046],[962,0]],[[59999,44046],[0,-698]],[[59999,43348],[-962,0]],[[59999,44046],[933,0]],[[60932,44046],[0,-698]],[[60932,44046],[962,0]],[[61894,44046],[0,-698]],[[61894,44046],[963,0]],[[62857,44046],[0,-698]],[[62857,43348],[-963,0]],[[62857,44046],[932,0]],[[63789,44046],[0,-698]],[[64751,43348],[0,698]],[[64751,44046],[963,0]],[[65714,44046],[0,-698]],[[65714,44046],[932,0]],[[66646,44046],[0,-698]],[[66646,44046],[962,0]],[[67608,44046],[0,-698]],[[67608,44046],[963,0]],[[68571,44046],[0,-698]],[[68571,44046],[932,0]],[[69503,44046],[0,-698]],[[69503,44046],[962,0]],[[70465,44046],[0,-698]],[[70465,44046],[963,0]],[[71428,44046],[0,-698]],[[75217,43348],[0,698]],[[75217,44046],[963,0]],[[76180,44046],[0,-698]],[[76180,44046],[962,0]],[[77142,44046],[0,-698]],[[77142,44046],[932,0]],[[78074,44046],[0,-698]],[[78074,43348],[-932,0]],[[78074,44046],[963,0]],[[79037,44046],[0,-698]],[[83789,43348],[0,698]],[[83789,44046],[962,0]],[[84751,44046],[0,-698]],[[84751,43348],[-962,0]],[[85713,43348],[0,698]],[[85713,44046],[933,0]],[[86646,44046],[0,-698]],[[87608,43348],[0,698]],[[87608,44046],[963,0]],[[88571,44046],[0,-698]],[[91428,43348],[0,698]],[[91428,44046],[932,0]],[[92360,44046],[0,-698]],[[92360,43348],[-932,0]],[[94285,43348],[0,698]],[[94285,44046],[932,0]],[[95217,44046],[0,-698],[-932,0]],[[29503,44743],[963,0]],[[30466,44743],[0,-697]],[[30466,44046],[-963,0],[0,697]],[[40932,44046],[0,697]],[[40932,44743],[962,0]],[[41894,44743],[0,-697]],[[41894,44046],[-962,0]],[[41894,44743],[963,0]],[[42857,44743],[0,-697]],[[42857,44046],[-963,0]],[[48571,44046],[0,697]],[[48571,44743],[932,0]],[[49503,44743],[0,-697]],[[49503,44743],[963,0]],[[50466,44743],[0,-697]],[[50466,44743],[962,0]],[[51428,44743],[0,-697]],[[51428,44743],[932,0]],[[52360,44743],[0,-697]],[[52360,44046],[-932,0]],[[56180,44046],[0,697]],[[56180,44743],[962,0]],[[57142,44743],[0,-697]],[[57142,44743],[933,0]],[[58075,44743],[0,-697]],[[60932,44046],[0,697]],[[60932,44743],[962,0]],[[61894,44743],[0,-697]],[[61894,44743],[963,0]],[[62857,44743],[0,-697]],[[62857,44743],[932,0]],[[63789,44743],[0,-697]],[[64751,44046],[0,697]],[[64751,44743],[963,0]],[[65714,44743],[0,-697]],[[65714,44743],[932,0]],[[66646,44743],[0,-697]],[[66646,44743],[962,0]],[[67608,44743],[0,-697]],[[67608,44743],[963,0]],[[68571,44743],[0,-697]],[[68571,44743],[932,0]],[[69503,44743],[0,-697]],[[69503,44743],[962,0]],[[70465,44743],[0,-697]],[[70465,44743],[963,0]],[[71428,44743],[0,-697]],[[72360,44046],[0,697]],[[72360,44743],[963,0]],[[73323,44743],[0,-697]],[[73323,44046],[-963,0]],[[73323,44743],[962,0]],[[74285,44743],[0,-697]],[[74285,44046],[-962,0]],[[74285,44743],[932,0]],[[75217,44743],[0,-697]],[[75217,44046],[-932,0]],[[75217,44743],[963,0]],[[76180,44743],[0,-697]],[[76180,44743],[962,0]],[[77142,44743],[0,-697]],[[77142,44743],[932,0]],[[78074,44743],[0,-697]],[[79037,44046],[0,697]],[[79037,44743],[962,0]],[[79999,44743],[0,-697]],[[79999,44046],[-962,0]],[[84751,44046],[0,697]],[[84751,44743],[962,0]],[[85713,44743],[0,-697]],[[85713,44046],[-962,0]],[[86646,44046],[0,697]],[[86646,44743],[962,0]],[[87608,44743],[0,-697]],[[87608,44046],[-962,0]],[[87608,44743],[963,0]],[[88571,44743],[0,-697]],[[88571,44743],[932,0]],[[89503,44743],[0,-697]],[[89503,44046],[-932,0]],[[89503,44743],[962,0]],[[90465,44743],[0,-697]],[[90465,44046],[-962,0]],[[90465,44743],[963,0]],[[91428,44743],[0,-697]],[[91428,44046],[-963,0]],[[92360,44046],[0,697]],[[92360,44743],[962,0]],[[93322,44743],[0,-697]],[[93322,44046],[-962,0]],[[95217,44046],[0,697]],[[95217,44743],[962,0]],[[96179,44743],[0,-697]],[[96179,44046],[-962,0]],[[96179,44743],[963,0]],[[97142,44743],[0,-697],[-963,0]],[[27609,45441],[962,0]],[[28571,45441],[0,-698]],[[28571,44743],[-962,0],[0,698]],[[46646,44743],[0,698]],[[46646,45441],[963,0]],[[47609,45441],[0,-698]],[[47609,44743],[-963,0]],[[47609,45441],[962,0]],[[48571,45441],[0,-698]],[[48571,44743],[-962,0]],[[48571,45441],[932,0]],[[49503,45441],[0,-698]],[[49503,45441],[963,0]],[[50466,45441],[0,-698]],[[50466,45441],[962,0]],[[51428,45441],[0,-698]],[[51428,45441],[932,0]],[[52360,45441],[0,-698]],[[54285,44743],[0,698]],[[54285,45441],[932,0]],[[55217,45441],[0,-698]],[[55217,44743],[-932,0]],[[55217,45441],[963,0]],[[56180,45441],[0,-698]],[[56180,44743],[-963,0]],[[57142,44743],[0,698]],[[57142,45441],[933,0]],[[58075,45441],[0,-698]],[[58075,45441],[962,0]],[[59037,45441],[0,-698]],[[59037,44743],[-962,0]],[[59037,45441],[962,0]],[[59999,45441],[0,-698]],[[59999,44743],[-962,0]],[[59999,45441],[933,0]],[[60932,45441],[0,-698]],[[60932,44743],[-933,0]],[[60932,45441],[962,0]],[[61894,45441],[0,-698]],[[61894,45441],[963,0]],[[62857,45441],[0,-698]],[[62857,45441],[932,0]],[[63789,45441],[0,-698]],[[65714,44743],[0,698]],[[65714,45441],[932,0]],[[66646,45441],[0,-698]],[[66646,45441],[962,0]],[[67608,45441],[0,-698]],[[67608,45441],[963,0]],[[68571,45441],[0,-698]],[[68571,45441],[932,0]],[[69503,45441],[0,-698]],[[70465,44743],[0,698]],[[70465,45441],[963,0]],[[71428,45441],[0,-698]],[[71428,45441],[932,0]],[[72360,45441],[0,-698]],[[72360,44743],[-932,0]],[[74285,44743],[0,698]],[[74285,45441],[932,0]],[[75217,45441],[0,-698]],[[75217,45441],[963,0]],[[76180,45441],[0,-698]],[[76180,45441],[962,0]],[[77142,45441],[0,-698]],[[77142,45441],[932,0]],[[78074,45441],[0,-698]],[[78074,45441],[963,0]],[[79037,45441],[0,-698]],[[79037,44743],[-963,0]],[[79999,44743],[0,698]],[[79999,45441],[933,0]],[[80932,45441],[0,-698]],[[80932,44743],[-933,0]],[[80932,45441],[962,0]],[[81894,45441],[0,-698]],[[81894,44743],[-962,0]],[[81894,45441],[962,0]],[[82856,45441],[0,-698]],[[82856,44743],[-962,0]],[[82856,45441],[933,0]],[[83789,45441],[0,-698]],[[83789,44743],[-933,0]],[[84751,44743],[0,698]],[[84751,45441],[962,0]],[[85713,45441],[0,-698]],[[88571,44743],[0,698]],[[88571,45441],[932,0]],[[89503,45441],[0,-698]],[[89503,45441],[962,0]],[[90465,45441],[0,-698]],[[91428,44743],[0,698]],[[91428,45441],[932,0]],[[92360,45441],[0,-698]],[[92360,44743],[-932,0]],[[92360,45441],[962,0]],[[93322,45441],[0,-698]],[[93322,45441],[963,0]],[[94285,45441],[0,-698]],[[94285,44743],[-963,0]],[[95217,44743],[0,698]],[[95217,45441],[962,0]],[[96179,45441],[0,-698]],[[36180,45441],[0,698]],[[36180,46139],[962,0]],[[37142,46139],[0,-698]],[[37142,45441],[-962,0]],[[45714,45441],[0,698]],[[45714,46139],[932,0]],[[46646,46139],[0,-698]],[[46646,45441],[-932,0]],[[46646,46139],[963,0]],[[47609,46139],[0,-698]],[[47609,46139],[962,0]],[[48571,46139],[0,-698]],[[48571,46139],[932,0]],[[49503,46139],[0,-698]],[[50466,45441],[0,698]],[[50466,46139],[962,0]],[[51428,46139],[0,-698]],[[53323,45441],[0,698]],[[53323,46139],[962,0]],[[54285,46139],[0,-698]],[[54285,45441],[-962,0]],[[54285,46139],[932,0]],[[55217,46139],[0,-698]],[[55217,46139],[963,0]],[[56180,46139],[0,-698]],[[56180,46139],[962,0]],[[57142,46139],[0,-698]],[[57142,45441],[-962,0]],[[57142,46139],[933,0]],[[58075,46139],[0,-698]],[[58075,46139],[962,0]],[[59037,46139],[0,-698]],[[59037,46139],[962,0]],[[59999,46139],[0,-698]],[[59999,46139],[933,0]],[[60932,46139],[0,-698]],[[60932,46139],[962,0]],[[61894,46139],[0,-698]],[[61894,46139],[963,0]],[[62857,46139],[0,-698]],[[62857,46139],[932,0]],[[63789,46139],[0,-698]],[[65714,45441],[0,698]],[[65714,46139],[932,0]],[[66646,46139],[0,-698]],[[66646,46139],[962,0]],[[67608,46139],[0,-698]],[[67608,46139],[963,0]],[[68571,46139],[0,-698]],[[68571,46139],[932,0]],[[69503,46139],[0,-698]],[[69503,46139],[962,0]],[[70465,46139],[0,-698]],[[70465,45441],[-962,0]],[[70465,46139],[963,0]],[[71428,46139],[0,-698]],[[72360,45441],[0,698]],[[72360,46139],[963,0]],[[73323,46139],[0,-698]],[[73323,45441],[-963,0]],[[73323,46139],[962,0]],[[74285,46139],[0,-698]],[[74285,45441],[-962,0]],[[75217,45441],[0,698]],[[75217,46139],[963,0]],[[76180,46139],[0,-698]],[[76180,46139],[962,0]],[[77142,46139],[0,-698]],[[77142,46139],[932,0]],[[78074,46139],[0,-698]],[[79999,45441],[0,698]],[[79999,46139],[933,0]],[[80932,46139],[0,-698]],[[82856,45441],[0,698]],[[82856,46139],[933,0]],[[83789,46139],[0,-698]],[[85713,45441],[0,698]],[[85713,46139],[933,0]],[[86646,46139],[0,-698]],[[86646,45441],[-933,0]],[[86646,46139],[962,0]],[[87608,46139],[0,-698]],[[87608,45441],[-962,0]],[[87608,46139],[963,0]],[[88571,46139],[0,-698]],[[88571,45441],[-963,0]],[[88571,46139],[932,0]],[[89503,46139],[0,-698]],[[89503,46139],[962,0]],[[90465,46139],[0,-698]],[[91428,45441],[0,698]],[[91428,46139],[932,0]],[[92360,46139],[0,-698]],[[93322,45441],[0,698]],[[93322,46139],[963,0]],[[94285,46139],[0,-698]],[[94285,46139],[932,0]],[[95217,46139],[0,-698]],[[95217,45441],[-932,0]],[[95217,46139],[962,0]],[[96179,46139],[0,-698]],[[96179,46139],[963,0]],[[97142,46139],[0,-698]],[[97142,45441],[-963,0]],[[40932,46139],[0,721]],[[40932,46860],[962,0]],[[41894,46860],[0,-721]],[[41894,46139],[-962,0]],[[46646,46139],[0,721]],[[46646,46860],[963,0]],[[47609,46860],[0,-721]],[[47609,46860],[962,0]],[[48571,46860],[0,-721]],[[48571,46860],[932,0]],[[49503,46860],[0,-721]],[[49503,46860],[963,0]],[[50466,46860],[0,-721]],[[50466,46139],[-963,0]],[[50466,46860],[962,0]],[[51428,46860],[0,-721]],[[51428,46860],[932,0]],[[52360,46860],[0,-721]],[[52360,46139],[-932,0]],[[52360,46860],[963,0]],[[53323,46860],[0,-721]],[[53323,46139],[-963,0]],[[53323,46860],[962,0]],[[54285,46860],[0,-721]],[[54285,46860],[932,0]],[[55217,46860],[0,-721]],[[55217,46860],[963,0]],[[56180,46860],[0,-721]],[[56180,46860],[962,0]],[[57142,46860],[0,-721]],[[57142,46860],[933,0]],[[58075,46860],[0,-721]],[[58075,46860],[962,0]],[[59037,46860],[0,-721]],[[59037,46860],[962,0]],[[59999,46860],[0,-721]],[[59999,46860],[933,0]],[[60932,46860],[0,-721]],[[60932,46860],[962,0]],[[61894,46860],[0,-721]],[[61894,46860],[963,0]],[[62857,46860],[0,-721]],[[62857,46860],[932,0]],[[63789,46860],[0,-721]],[[63789,46860],[962,0]],[[64751,46860],[0,-721]],[[64751,46139],[-962,0]],[[67608,46139],[0,721]],[[67608,46860],[963,0]],[[68571,46860],[0,-721]],[[68571,46860],[932,0]],[[69503,46860],[0,-721]],[[69503,46860],[962,0]],[[70465,46860],[0,-721]],[[70465,46860],[963,0]],[[71428,46860],[0,-721]],[[72360,46139],[0,721]],[[72360,46860],[963,0]],[[73323,46860],[0,-721]],[[73323,46860],[962,0]],[[74285,46860],[0,-721]],[[75217,46139],[0,721]],[[75217,46860],[963,0]],[[76180,46860],[0,-721]],[[76180,46860],[962,0]],[[77142,46860],[0,-721]],[[77142,46860],[932,0]],[[78074,46860],[0,-721]],[[78074,46860],[963,0]],[[79037,46860],[0,-721]],[[79037,46139],[-963,0]],[[79999,46139],[0,721]],[[79999,46860],[933,0]],[[80932,46860],[0,-721]],[[80932,46860],[962,0]],[[81894,46860],[0,-721]],[[81894,46139],[-962,0]],[[81894,46860],[962,0]],[[82856,46860],[0,-721]],[[82856,46139],[-962,0]],[[82856,46860],[933,0]],[[83789,46860],[0,-721]],[[83789,46860],[962,0]],[[84751,46860],[0,-721]],[[84751,46139],[-962,0]],[[84751,46860],[962,0]],[[85713,46860],[0,-721]],[[85713,46139],[-962,0]],[[85713,46860],[933,0]],[[86646,46860],[0,-721]],[[86646,46860],[962,0]],[[87608,46860],[0,-721]],[[90465,46139],[0,721]],[[90465,46860],[963,0]],[[91428,46860],[0,-721]],[[91428,46139],[-963,0]],[[91428,46860],[932,0]],[[92360,46860],[0,-721]],[[92360,46860],[962,0]],[[93322,46860],[0,-721]],[[93322,46139],[-962,0]],[[93322,46860],[963,0]],[[94285,46860],[0,-721]],[[96179,46139],[0,721]],[[96179,46860],[963,0]],[[97142,46860],[0,-721]],[[98074,46139],[0,721]],[[98074,46860],[963,0]],[[99037,46860],[0,-721],[-963,0]],[[43789,46860],[0,698]],[[43789,47558],[962,0]],[[44751,47558],[0,-698]],[[44751,46860],[-962,0]],[[45714,46860],[0,698]],[[45714,47558],[932,0]],[[46646,47558],[0,-698]],[[46646,46860],[-932,0]],[[46646,47558],[963,0]],[[47609,47558],[0,-698]],[[47609,47558],[962,0]],[[48571,47558],[0,-698]],[[48571,47558],[932,0]],[[49503,47558],[0,-698]],[[50466,46860],[0,698]],[[50466,47558],[962,0]],[[51428,47558],[0,-698]],[[51428,47558],[932,0]],[[52360,47558],[0,-698]],[[52360,47558],[963,0]],[[53323,47558],[0,-698]],[[53323,47558],[962,0]],[[54285,47558],[0,-698]],[[54285,47558],[932,0]],[[55217,47558],[0,-698]],[[55217,47558],[963,0]],[[56180,47558],[0,-698]],[[56180,47558],[962,0]],[[57142,47558],[0,-698]],[[57142,47558],[933,0]],[[58075,47558],[0,-698]],[[58075,47558],[962,0]],[[59037,47558],[0,-698]],[[59037,47558],[962,0]],[[59999,47558],[0,-698]],[[59999,47558],[933,0]],[[60932,47558],[0,-698]],[[60932,47558],[962,0]],[[61894,47558],[0,-698]],[[61894,47558],[963,0]],[[62857,47558],[0,-698]],[[62857,47558],[932,0]],[[63789,47558],[0,-698]],[[63789,47558],[962,0]],[[64751,47558],[0,-698]],[[69503,46860],[0,698]],[[69503,47558],[962,0]],[[70465,47558],[0,-698]],[[70465,47558],[963,0]],[[71428,47558],[0,-698]],[[72360,46860],[0,698]],[[72360,47558],[963,0]],[[73323,47558],[0,-698]],[[74285,46860],[0,698]],[[74285,47558],[932,0]],[[75217,47558],[0,-698]],[[75217,46860],[-932,0]],[[75217,47558],[963,0]],[[76180,47558],[0,-698]],[[76180,47558],[962,0]],[[77142,47558],[0,-698]],[[77142,47558],[932,0]],[[78074,47558],[0,-698]],[[78074,47558],[963,0]],[[79037,47558],[0,-698]],[[79037,47558],[962,0]],[[79999,47558],[0,-698]],[[79999,46860],[-962,0]],[[79999,47558],[933,0]],[[80932,47558],[0,-698]],[[81894,46860],[0,698]],[[81894,47558],[962,0]],[[82856,47558],[0,-698]],[[83789,46860],[0,698]],[[83789,47558],[962,0]],[[84751,47558],[0,-698]],[[84751,47558],[962,0]],[[85713,47558],[0,-698]],[[85713,47558],[933,0]],[[86646,47558],[0,-698]],[[87608,46860],[0,698]],[[87608,47558],[963,0]],[[88571,47558],[0,-698]],[[88571,46860],[-963,0]],[[88571,47558],[932,0]],[[89503,47558],[0,-698]],[[89503,46860],[-932,0]],[[89503,47558],[962,0]],[[90465,47558],[0,-698]],[[90465,46860],[-962,0]],[[91428,46860],[0,698]],[[91428,47558],[932,0]],[[92360,47558],[0,-698]],[[93322,46860],[0,698]],[[93322,47558],[963,0]],[[94285,47558],[0,-698]],[[94285,47558],[932,0]],[[95217,47558],[0,-698]],[[95217,46860],[-932,0]],[[96179,46860],[0,698]],[[96179,47558],[963,0]],[[97142,47558],[0,-698]],[[97142,47558],[932,0]],[[98074,47558],[0,-698]],[[98074,46860],[-932,0]],[[39037,47558],[0,697]],[[39037,48255],[963,0]],[[40000,48255],[0,-697]],[[40000,47558],[-963,0]],[[40932,47558],[0,697]],[[40932,48255],[962,0]],[[41894,48255],[0,-697]],[[41894,47558],[-962,0]],[[41894,48255],[963,0]],[[42857,48255],[0,-697]],[[42857,47558],[-963,0]],[[42857,48255],[932,0]],[[43789,48255],[0,-697]],[[43789,47558],[-932,0]],[[43789,48255],[962,0]],[[44751,48255],[0,-697]],[[45714,47558],[0,697]],[[45714,48255],[932,0]],[[46646,48255],[0,-697]],[[47609,47558],[0,697]],[[47609,48255],[962,0]],[[48571,48255],[0,-697]],[[48571,48255],[932,0]],[[49503,48255],[0,-697]],[[49503,48255],[963,0]],[[50466,48255],[0,-697]],[[50466,47558],[-963,0]],[[50466,48255],[962,0]],[[51428,48255],[0,-697]],[[51428,48255],[932,0]],[[52360,48255],[0,-697]],[[52360,48255],[963,0]],[[53323,48255],[0,-697]],[[53323,48255],[962,0]],[[54285,48255],[0,-697]],[[54285,48255],[932,0]],[[55217,48255],[0,-697]],[[55217,48255],[963,0]],[[56180,48255],[0,-697]],[[56180,48255],[962,0]],[[57142,48255],[0,-697]],[[57142,48255],[933,0]],[[58075,48255],[0,-697]],[[58075,48255],[962,0]],[[59037,48255],[0,-697]],[[59999,47558],[0,697]],[[59999,48255],[933,0]],[[60932,48255],[0,-697]],[[61894,47558],[0,697]],[[61894,48255],[963,0]],[[62857,48255],[0,-697]],[[62857,48255],[932,0]],[[63789,48255],[0,-697]],[[63789,48255],[962,0]],[[64751,48255],[0,-697]],[[65714,47558],[0,697]],[[65714,48255],[932,0]],[[66646,48255],[0,-697]],[[66646,47558],[-932,0]],[[68571,47558],[0,697]],[[68571,48255],[932,0]],[[69503,48255],[0,-697]],[[69503,47558],[-932,0]],[[70465,47558],[0,697]],[[70465,48255],[963,0]],[[71428,48255],[0,-697]],[[72360,47558],[0,697]],[[72360,48255],[963,0]],[[73323,48255],[0,-697]],[[73323,48255],[962,0]],[[74285,48255],[0,-697]],[[74285,47558],[-962,0]],[[78074,47558],[0,697]],[[78074,48255],[963,0]],[[79037,48255],[0,-697]],[[79999,47558],[0,697]],[[79999,48255],[933,0]],[[80932,48255],[0,-697]],[[81894,47558],[0,697]],[[81894,48255],[962,0]],[[82856,48255],[0,-697]],[[83789,47558],[0,697]],[[83789,48255],[962,0]],[[84751,48255],[0,-697]],[[84751,48255],[962,0]],[[85713,48255],[0,-697]],[[85713,48255],[933,0]],[[86646,48255],[0,-697]],[[86646,48255],[962,0]],[[87608,48255],[0,-697]],[[87608,47558],[-962,0]],[[87608,48255],[963,0]],[[88571,48255],[0,-697]],[[88571,48255],[932,0]],[[89503,48255],[0,-697]],[[89503,48255],[962,0]],[[90465,48255],[0,-697]],[[94285,47558],[0,697]],[[94285,48255],[932,0]],[[95217,48255],[0,-697]],[[95217,48255],[962,0]],[[96179,48255],[0,-697]],[[96179,47558],[-962,0]],[[96179,48255],[963,0]],[[97142,48255],[0,-697]],[[97142,48255],[932,0]],[[98074,48255],[0,-697]],[[98074,48255],[963,0]],[[99037,48255],[0,-697]],[[99037,47558],[-963,0]],[[99037,48255],[962,0]],[[99999,48255],[0,-697],[-962,0]],[[27609,48255],[0,698]],[[27609,48953],[962,0]],[[28571,48953],[0,-698]],[[28571,48255],[-962,0]],[[28571,48953],[932,0]],[[29503,48953],[0,-698]],[[29503,48255],[-932,0]],[[43789,48255],[0,698]],[[43789,48953],[962,0]],[[44751,48953],[0,-698]],[[44751,48953],[963,0]],[[45714,48953],[0,-698]],[[45714,48255],[-963,0]],[[45714,48953],[932,0]],[[46646,48953],[0,-698]],[[46646,48953],[963,0]],[[47609,48953],[0,-698]],[[47609,48255],[-963,0]],[[47609,48953],[962,0]],[[48571,48953],[0,-698]],[[50466,48255],[0,698]],[[50466,48953],[962,0]],[[51428,48953],[0,-698]],[[51428,48953],[932,0]],[[52360,48953],[0,-698]],[[53323,48255],[0,698]],[[53323,48953],[962,0]],[[54285,48953],[0,-698]],[[55217,48255],[0,698]],[[55217,48953],[963,0]],[[56180,48953],[0,-698]],[[56180,48953],[962,0]],[[57142,48953],[0,-698]],[[57142,48953],[933,0]],[[58075,48953],[0,-698]],[[58075,48953],[962,0]],[[59037,48953],[0,-698]],[[59037,48953],[962,0]],[[59999,48953],[0,-698]],[[59999,48255],[-962,0]],[[60932,48255],[0,698]],[[60932,48953],[962,0]],[[61894,48953],[0,-698]],[[61894,48255],[-962,0]],[[61894,48953],[963,0]],[[62857,48953],[0,-698]],[[62857,48953],[932,0]],[[63789,48953],[0,-698]],[[68571,48255],[0,698]],[[68571,48953],[932,0]],[[69503,48953],[0,-698]],[[69503,48953],[962,0]],[[70465,48953],[0,-698]],[[70465,48255],[-962,0]],[[71428,48255],[0,698]],[[71428,48953],[932,0]],[[72360,48953],[0,-698]],[[72360,48255],[-932,0]],[[76180,48255],[0,698]],[[76180,48953],[962,0]],[[77142,48953],[0,-698]],[[77142,48255],[-962,0]],[[78074,48255],[0,698]],[[78074,48953],[963,0]],[[79037,48953],[0,-698]],[[79037,48953],[962,0]],[[79999,48953],[0,-698]],[[79999,48255],[-962,0]],[[79999,48953],[933,0]],[[80932,48953],[0,-698]],[[80932,48953],[962,0]],[[81894,48953],[0,-698]],[[81894,48255],[-962,0]],[[81894,48953],[962,0]],[[82856,48953],[0,-698]],[[82856,48953],[933,0]],[[83789,48953],[0,-698]],[[83789,48255],[-933,0]],[[83789,48953],[962,0]],[[84751,48953],[0,-698]],[[85713,48255],[0,698]],[[85713,48953],[933,0]],[[86646,48953],[0,-698]],[[86646,48953],[962,0]],[[87608,48953],[0,-698]],[[93322,48255],[0,698]],[[93322,48953],[963,0]],[[94285,48953],[0,-698]],[[94285,48255],[-963,0]],[[94285,48953],[932,0]],[[95217,48953],[0,-698]],[[95217,48953],[962,0]],[[96179,48953],[0,-698]],[[96179,48953],[963,0]],[[97142,48953],[0,-698]],[[97142,48953],[932,0]],[[98074,48953],[0,-698]],[[99037,48255],[0,698]],[[99037,48953],[962,0]],[[99999,48953],[0,-698]],[[22857,49651],[932,0]],[[23789,49651],[0,-698]],[[23789,48953],[-932,0],[0,698]],[[27609,48953],[0,698]],[[27609,49651],[962,0]],[[28571,49651],[0,-698]],[[30466,48953],[0,698]],[[30466,49651],[962,0]],[[31428,49651],[0,-698]],[[31428,48953],[-962,0]],[[43789,48953],[0,698]],[[43789,49651],[962,0]],[[44751,49651],[0,-698]],[[44751,49651],[963,0]],[[45714,49651],[0,-698]],[[45714,49651],[932,0]],[[46646,49651],[0,-698]],[[46646,49651],[963,0]],[[47609,49651],[0,-698]],[[47609,49651],[962,0]],[[48571,49651],[0,-698]],[[50466,48953],[0,698]],[[50466,49651],[962,0]],[[51428,49651],[0,-698]],[[51428,49651],[932,0]],[[52360,49651],[0,-698]],[[52360,49651],[963,0]],[[53323,49651],[0,-698]],[[53323,48953],[-963,0]],[[53323,49651],[962,0]],[[54285,49651],[0,-698]],[[54285,49651],[932,0]],[[55217,49651],[0,-698]],[[55217,48953],[-932,0]],[[56180,48953],[0,698]],[[56180,49651],[962,0]],[[57142,49651],[0,-698]],[[57142,49651],[933,0]],[[58075,49651],[0,-698]],[[58075,49651],[962,0]],[[59037,49651],[0,-698]],[[59037,49651],[962,0]],[[59999,49651],[0,-698]],[[59999,49651],[933,0]],[[60932,49651],[0,-698]],[[60932,48953],[-933,0]],[[60932,49651],[962,0]],[[61894,49651],[0,-698]],[[61894,49651],[963,0]],[[62857,49651],[0,-698]],[[63789,48953],[0,698]],[[63789,49651],[962,0]],[[64751,49651],[0,-698]],[[64751,48953],[-962,0]],[[73323,48953],[0,698]],[[73323,49651],[962,0]],[[74285,49651],[0,-698]],[[74285,48953],[-962,0]],[[74285,49651],[932,0]],[[75217,49651],[0,-698]],[[75217,48953],[-932,0]],[[76180,48953],[0,698]],[[76180,49651],[962,0]],[[77142,49651],[0,-698]],[[80932,48953],[0,698]],[[80932,49651],[962,0]],[[81894,49651],[0,-698]],[[81894,49651],[962,0]],[[82856,49651],[0,-698]],[[82856,49651],[933,0]],[[83789,49651],[0,-698]],[[83789,49651],[962,0]],[[84751,49651],[0,-698]],[[84751,49651],[962,0]],[[85713,49651],[0,-698]],[[85713,48953],[-962,0]],[[85713,49651],[933,0]],[[86646,49651],[0,-698]],[[86646,49651],[962,0]],[[87608,49651],[0,-698]],[[88571,48953],[0,698]],[[88571,49651],[932,0]],[[89503,49651],[0,-698]],[[89503,48953],[-932,0]],[[93322,48953],[0,698]],[[93322,49651],[963,0]],[[94285,49651],[0,-698]],[[94285,49651],[932,0]],[[95217,49651],[0,-698]],[[95217,49651],[962,0]],[[96179,49651],[0,-698]],[[96179,49651],[963,0]],[[97142,49651],[0,-698]],[[97142,49651],[932,0]],[[98074,49651],[0,-698]],[[98074,49651],[963,0]],[[99037,49651],[0,-698]],[[99037,48953],[-963,0]],[[22857,49651],[0,697]],[[22857,50348],[932,0]],[[23789,50348],[0,-697]],[[29503,49651],[0,697]],[[29503,50348],[963,0]],[[30466,50348],[0,-697]],[[30466,49651],[-963,0]],[[33323,49651],[0,697]],[[33323,50348],[962,0]],[[34285,50348],[0,-697]],[[34285,49651],[-962,0]],[[40932,49651],[0,697]],[[40932,50348],[962,0]],[[41894,50348],[0,-697]],[[41894,49651],[-962,0]],[[45714,49651],[0,697]],[[45714,50348],[932,0]],[[46646,50348],[0,-697]],[[46646,50348],[963,0]],[[47609,50348],[0,-697]],[[47609,50348],[962,0]],[[48571,50348],[0,-697]],[[48571,50348],[932,0]],[[49503,50348],[0,-697]],[[49503,49651],[-932,0]],[[49503,50348],[963,0]],[[50466,50348],[0,-697]],[[50466,49651],[-963,0]],[[50466,50348],[962,0]],[[51428,50348],[0,-697]],[[52360,49651],[0,697]],[[52360,50348],[963,0]],[[53323,50348],[0,-697]],[[53323,50348],[962,0]],[[54285,50348],[0,-697]],[[55217,49651],[0,697]],[[55217,50348],[963,0]],[[56180,50348],[0,-697]],[[56180,49651],[-963,0]],[[58075,49651],[0,697]],[[58075,50348],[962,0]],[[59037,50348],[0,-697]],[[59037,50348],[962,0]],[[59999,50348],[0,-697]],[[59999,50348],[933,0]],[[60932,50348],[0,-697]],[[60932,50348],[962,0]],[[61894,50348],[0,-697]],[[61894,50348],[963,0]],[[62857,50348],[0,-697]],[[66646,49651],[0,697]],[[66646,50348],[962,0]],[[67608,50348],[0,-697]],[[67608,49651],[-962,0]],[[67608,50348],[963,0]],[[68571,50348],[0,-697]],[[68571,49651],[-963,0]],[[70465,49651],[0,697]],[[70465,50348],[963,0]],[[71428,50348],[0,-697]],[[71428,49651],[-963,0]],[[71428,50348],[932,0]],[[72360,50348],[0,-697]],[[72360,49651],[-932,0]],[[73323,49651],[0,697]],[[73323,50348],[962,0]],[[74285,50348],[0,-697]],[[75217,49651],[0,697]],[[75217,50348],[963,0]],[[76180,50348],[0,-697]],[[76180,49651],[-963,0]],[[81894,49651],[0,697]],[[81894,50348],[962,0]],[[82856,50348],[0,-697]],[[82856,50348],[933,0]],[[83789,50348],[0,-697]],[[85713,49651],[0,697]],[[85713,50348],[933,0]],[[86646,50348],[0,-697]],[[86646,50348],[962,0]],[[87608,50348],[0,-697]],[[88571,49651],[0,697]],[[88571,50348],[932,0]],[[89503,50348],[0,-697]],[[89503,50348],[962,0]],[[90465,50348],[0,-697]],[[90465,49651],[-962,0]],[[93322,49651],[0,697]],[[93322,50348],[963,0]],[[94285,50348],[0,-697]],[[94285,50348],[932,0]],[[95217,50348],[0,-697]],[[95217,50348],[962,0]],[[96179,50348],[0,-697]],[[97142,49651],[0,697]],[[97142,50348],[932,0]],[[98074,50348],[0,-697]],[[22857,50348],[0,698],[932,0]],[[23789,51046],[0,-698]],[[45714,50348],[0,698]],[[45714,51046],[932,0]],[[46646,51046],[0,-698]],[[46646,51046],[963,0]],[[47609,51046],[0,-698]],[[47609,51046],[962,0]],[[48571,51046],[0,-698]],[[48571,51046],[932,0]],[[49503,51046],[0,-698]],[[49503,51046],[963,0]],[[50466,51046],[0,-698]],[[50466,51046],[962,0]],[[51428,51046],[0,-698]],[[51428,51046],[932,0]],[[52360,51046],[0,-698]],[[52360,50348],[-932,0]],[[52360,51046],[963,0]],[[53323,51046],[0,-698]],[[53323,51046],[962,0]],[[54285,51046],[0,-698]],[[55217,50348],[0,698]],[[55217,51046],[963,0]],[[56180,51046],[0,-698]],[[56180,51046],[962,0]],[[57142,51046],[0,-698]],[[57142,50348],[-962,0]],[[57142,51046],[933,0]],[[58075,51046],[0,-698]],[[58075,50348],[-933,0]],[[58075,51046],[962,0]],[[59037,51046],[0,-698]],[[59037,51046],[962,0]],[[59999,51046],[0,-698]],[[59999,51046],[933,0]],[[60932,51046],[0,-698]],[[67608,50348],[0,698]],[[67608,51046],[963,0]],[[68571,51046],[0,-698]],[[69503,50348],[0,698]],[[69503,51046],[962,0]],[[70465,51046],[0,-698]],[[70465,50348],[-962,0]],[[70465,51046],[963,0]],[[71428,51046],[0,-698]],[[73323,50348],[0,698]],[[73323,51046],[962,0]],[[74285,51046],[0,-698]],[[79037,50348],[0,698]],[[79037,51046],[962,0]],[[79999,51046],[0,-698]],[[79999,50348],[-962,0]],[[79999,51046],[933,0]],[[80932,51046],[0,-698]],[[80932,50348],[-933,0]],[[84751,50348],[0,698]],[[84751,51046],[962,0]],[[85713,51046],[0,-698]],[[85713,50348],[-962,0]],[[85713,51046],[933,0]],[[86646,51046],[0,-698]],[[86646,51046],[962,0]],[[87608,51046],[0,-698]],[[87608,51046],[963,0]],[[88571,51046],[0,-698]],[[88571,50348],[-963,0]],[[88571,51046],[932,0]],[[89503,51046],[0,-698]],[[90465,50348],[0,698]],[[90465,51046],[963,0]],[[91428,51046],[0,-698]],[[91428,50348],[-963,0]],[[91428,51046],[932,0]],[[92360,51046],[0,-698]],[[92360,50348],[-932,0]],[[93322,50348],[0,698]],[[93322,51046],[963,0]],[[94285,51046],[0,-698]],[[94285,51046],[932,0]],[[95217,51046],[0,-698]],[[95217,51046],[962,0]],[[96179,51046],[0,-698]],[[96179,51046],[963,0]],[[97142,51046],[0,-698]],[[97142,50348],[-963,0]],[[98074,50348],[0,698]],[[98074,51046],[963,0],[0,-698]],[[99037,50348],[-963,0]],[[32361,51046],[0,698]],[[32361,51744],[962,0]],[[33323,51744],[0,-698]],[[33323,51046],[-962,0]],[[44751,51046],[0,698]],[[44751,51744],[963,0]],[[45714,51744],[0,-698]],[[45714,51046],[-963,0]],[[47609,51046],[0,698]],[[47609,51744],[962,0]],[[48571,51744],[0,-698]],[[48571,51744],[932,0]],[[49503,51744],[0,-698]],[[50466,51046],[0,698]],[[50466,51744],[962,0]],[[51428,51744],[0,-698]],[[56180,51046],[0,698]],[[56180,51744],[962,0]],[[57142,51744],[0,-698]],[[57142,51744],[933,0]],[[58075,51744],[0,-698]],[[58075,51744],[962,0]],[[59037,51744],[0,-698]],[[59037,51744],[962,0]],[[59999,51744],[0,-698]],[[59999,51744],[933,0]],[[60932,51744],[0,-698]],[[60932,51744],[962,0]],[[61894,51744],[0,-698]],[[61894,51046],[-962,0]],[[64751,51046],[0,698]],[[64751,51744],[963,0]],[[65714,51744],[0,-698]],[[65714,51046],[-963,0]],[[67608,51046],[0,698]],[[67608,51744],[963,0]],[[68571,51744],[0,-698]],[[68571,51744],[932,0]],[[69503,51744],[0,-698]],[[69503,51046],[-932,0]],[[69503,51744],[962,0]],[[70465,51744],[0,-698]],[[71428,51046],[0,698]],[[71428,51744],[932,0]],[[72360,51744],[0,-698]],[[72360,51046],[-932,0]],[[72360,51744],[963,0]],[[73323,51744],[0,-698]],[[73323,51046],[-963,0]],[[78074,51046],[0,698]],[[78074,51744],[963,0]],[[79037,51744],[0,-698]],[[79037,51046],[-963,0]],[[86646,51046],[0,698]],[[86646,51744],[962,0]],[[87608,51744],[0,-698]],[[87608,51744],[963,0]],[[88571,51744],[0,-698]],[[88571,51744],[932,0]],[[89503,51744],[0,-698]],[[91428,51046],[0,698]],[[91428,51744],[932,0]],[[92360,51744],[0,-698]],[[92360,51744],[962,0]],[[93322,51744],[0,-698]],[[93322,51046],[-962,0]],[[94285,51046],[0,698]],[[94285,51744],[932,0]],[[95217,51744],[0,-698]],[[95217,51744],[962,0]],[[96179,51744],[0,-698]],[[96179,51744],[963,0]],[[97142,51744],[0,-698]],[[97142,51744],[932,0],[0,-698]],[[98074,51046],[-932,0]],[[47609,51744],[0,697]],[[47609,52441],[962,0]],[[48571,52441],[0,-697]],[[48571,52441],[932,0]],[[49503,52441],[0,-697]],[[49503,52441],[963,0]],[[50466,52441],[0,-697]],[[50466,51744],[-963,0]],[[51428,51744],[0,697]],[[51428,52441],[932,0]],[[52360,52441],[0,-697]],[[52360,51744],[-932,0]],[[52360,52441],[963,0]],[[53323,52441],[0,-697]],[[53323,51744],[-963,0]],[[56180,51744],[0,697]],[[56180,52441],[962,0]],[[57142,52441],[0,-697]],[[57142,52441],[933,0]],[[58075,52441],[0,-697]],[[59037,51744],[0,697]],[[59037,52441],[962,0]],[[59999,52441],[0,-697]],[[59999,52441],[933,0]],[[60932,52441],[0,-697]],[[60932,52441],[962,0]],[[61894,52441],[0,-697]],[[61894,52441],[963,0]],[[62857,52441],[0,-697]],[[62857,51744],[-963,0]],[[62857,52441],[932,0]],[[63789,52441],[0,-697]],[[63789,51744],[-932,0]],[[64751,51744],[0,697]],[[64751,52441],[963,0]],[[65714,52441],[0,-697]],[[67608,51744],[0,697]],[[67608,52441],[963,0]],[[68571,52441],[0,-697]],[[68571,52441],[932,0]],[[69503,52441],[0,-697]],[[70465,51744],[0,697]],[[70465,52441],[963,0]],[[71428,52441],[0,-697]],[[71428,51744],[-963,0]],[[71428,52441],[932,0]],[[72360,52441],[0,-697]],[[72360,52441],[963,0]],[[73323,52441],[0,-697]],[[77142,51744],[0,697]],[[77142,52441],[932,0]],[[78074,52441],[0,-697]],[[78074,51744],[-932,0]],[[80932,51744],[0,697]],[[80932,52441],[962,0]],[[81894,52441],[0,-697]],[[81894,51744],[-962,0]],[[81894,52441],[962,0]],[[82856,52441],[0,-697]],[[82856,51744],[-962,0]],[[83789,51744],[0,697]],[[83789,52441],[962,0]],[[84751,52441],[0,-697]],[[84751,51744],[-962,0]],[[84751,52441],[962,0]],[[85713,52441],[0,-697]],[[85713,51744],[-962,0]],[[88571,51744],[0,697]],[[88571,52441],[932,0]],[[89503,52441],[0,-697]],[[89503,52441],[962,0]],[[90465,52441],[0,-697]],[[90465,51744],[-962,0]],[[90465,52441],[963,0]],[[91428,52441],[0,-697]],[[91428,51744],[-963,0]],[[91428,52441],[932,0]],[[92360,52441],[0,-697]],[[93322,51744],[0,697]],[[93322,52441],[963,0]],[[94285,52441],[0,-697]],[[94285,51744],[-963,0]],[[94285,52441],[932,0]],[[95217,52441],[0,-697]],[[96179,51744],[0,697]],[[96179,52441],[963,0],[0,-697]],[[23789,52441],[0,698]],[[23789,53139],[963,0]],[[24752,53139],[0,-698]],[[24752,52441],[-963,0]],[[26646,52441],[0,698]],[[26646,53139],[963,0]],[[27609,53139],[0,-698]],[[27609,52441],[-963,0]],[[30466,52441],[0,698]],[[30466,53139],[962,0]],[[31428,53139],[0,-698]],[[31428,52441],[-962,0]],[[31428,53139],[933,0]],[[32361,53139],[0,-698]],[[32361,52441],[-933,0]],[[35218,52441],[0,698]],[[35218,53139],[962,0]],[[36180,53139],[0,-698]],[[36180,52441],[-962,0]],[[36180,53139],[962,0]],[[37142,53139],[0,-698]],[[37142,52441],[-962,0]],[[43789,52441],[0,698]],[[43789,53139],[962,0]],[[44751,53139],[0,-698]],[[44751,52441],[-962,0]],[[44751,53139],[963,0]],[[45714,53139],[0,-698]],[[45714,52441],[-963,0]],[[45714,53139],[932,0]],[[46646,53139],[0,-698]],[[46646,52441],[-932,0]],[[48571,52441],[0,698]],[[48571,53139],[932,0]],[[49503,53139],[0,-698]],[[49503,53139],[963,0]],[[50466,53139],[0,-698]],[[50466,53139],[962,0]],[[51428,53139],[0,-698]],[[51428,52441],[-962,0]],[[51428,53139],[932,0]],[[52360,53139],[0,-698]],[[52360,53139],[963,0]],[[53323,53139],[0,-698]],[[53323,53139],[962,0]],[[54285,53139],[0,-698]],[[54285,52441],[-962,0]],[[56180,52441],[0,698]],[[56180,53139],[962,0]],[[57142,53139],[0,-698]],[[58075,52441],[0,698]],[[58075,53139],[962,0]],[[59037,53139],[0,-698]],[[59037,52441],[-962,0]],[[59999,52441],[0,698]],[[59999,53139],[933,0]],[[60932,53139],[0,-698]],[[60932,53139],[962,0]],[[61894,53139],[0,-698]],[[62857,52441],[0,698]],[[62857,53139],[932,0]],[[63789,53139],[0,-698]],[[63789,53139],[962,0]],[[64751,53139],[0,-698]],[[64751,52441],[-962,0]],[[64751,53139],[963,0]],[[65714,53139],[0,-698]],[[67608,52441],[0,698]],[[67608,53139],[963,0]],[[68571,53139],[0,-698]],[[68571,53139],[932,0]],[[69503,53139],[0,-698]],[[70465,52441],[0,698]],[[70465,53139],[963,0]],[[71428,53139],[0,-698]],[[71428,53139],[932,0]],[[72360,53139],[0,-698]],[[77142,52441],[0,698]],[[77142,53139],[932,0]],[[78074,53139],[0,-698]],[[79999,52441],[0,698]],[[79999,53139],[933,0]],[[80932,53139],[0,-698]],[[80932,52441],[-933,0]],[[80932,53139],[962,0]],[[81894,53139],[0,-698]],[[82856,52441],[0,698]],[[82856,53139],[933,0]],[[83789,53139],[0,-698]],[[83789,52441],[-933,0]],[[83789,53139],[962,0]],[[84751,53139],[0,-698]],[[86646,52441],[0,698]],[[86646,53139],[962,0]],[[87608,53139],[0,-698]],[[87608,52441],[-962,0]],[[88571,52441],[0,698]],[[88571,53139],[932,0]],[[89503,53139],[0,-698]],[[90465,52441],[0,698]],[[90465,53139],[963,0]],[[91428,53139],[0,-698]],[[91428,53139],[932,0]],[[92360,53139],[0,-698]],[[92360,53139],[962,0]],[[93322,53139],[0,-698]],[[93322,52441],[-962,0]],[[93322,53139],[963,0]],[[94285,53139],[0,-698]],[[94285,53139],[932,0]],[[95217,53139],[0,-698]],[[95217,53139],[962,0]],[[96179,53139],[0,-698]],[[96179,52441],[-962,0]],[[35218,53139],[0,697]],[[35218,53836],[962,0]],[[36180,53836],[0,-697]],[[39037,53139],[0,697]],[[39037,53836],[963,0]],[[40000,53836],[0,-697]],[[40000,53139],[-963,0]],[[42857,53139],[0,697]],[[42857,53836],[932,0]],[[43789,53836],[0,-697]],[[43789,53139],[-932,0]],[[43789,53836],[962,0]],[[44751,53836],[0,-697]],[[44751,53836],[963,0]],[[45714,53836],[0,-697]],[[45714,53836],[932,0]],[[46646,53836],[0,-697]],[[49503,53139],[0,697]],[[49503,53836],[963,0]],[[50466,53836],[0,-697]],[[50466,53836],[962,0]],[[51428,53836],[0,-697]],[[51428,53836],[932,0]],[[52360,53836],[0,-697]],[[52360,53836],[963,0]],[[53323,53836],[0,-697]],[[56180,53139],[0,697]],[[56180,53836],[962,0]],[[57142,53836],[0,-697]],[[57142,53836],[933,0]],[[58075,53836],[0,-697]],[[58075,53139],[-933,0]],[[58075,53836],[962,0]],[[59037,53836],[0,-697]],[[59037,53836],[962,0]],[[59999,53836],[0,-697]],[[59999,53139],[-962,0]],[[61894,53139],[0,697]],[[61894,53836],[963,0]],[[62857,53836],[0,-697]],[[62857,53139],[-963,0]],[[62857,53836],[932,0]],[[63789,53836],[0,-697]],[[68571,53139],[0,697]],[[68571,53836],[932,0]],[[69503,53836],[0,-697]],[[69503,53836],[962,0]],[[70465,53836],[0,-697]],[[70465,53139],[-962,0]],[[70465,53836],[963,0]],[[71428,53836],[0,-697]],[[71428,53836],[932,0]],[[72360,53836],[0,-697]],[[72360,53836],[963,0]],[[73323,53836],[0,-697]],[[73323,53139],[-963,0]],[[73323,53836],[962,0]],[[74285,53836],[0,-697]],[[74285,53139],[-962,0]],[[76180,53139],[0,697]],[[76180,53836],[962,0]],[[77142,53836],[0,-697]],[[77142,53139],[-962,0]],[[77142,53836],[932,0]],[[78074,53836],[0,-697]],[[78074,53836],[963,0]],[[79037,53836],[0,-697]],[[79037,53139],[-963,0]],[[79037,53836],[962,0]],[[79999,53836],[0,-697]],[[79999,53139],[-962,0]],[[82856,53139],[0,697]],[[82856,53836],[933,0]],[[83789,53836],[0,-697]],[[83789,53836],[962,0]],[[84751,53836],[0,-697]],[[85713,53139],[0,697]],[[85713,53836],[933,0]],[[86646,53836],[0,-697]],[[86646,53139],[-933,0]],[[87608,53139],[0,697]],[[87608,53836],[963,0]],[[88571,53836],[0,-697]],[[88571,53139],[-963,0]],[[89503,53139],[0,697]],[[89503,53836],[962,0]],[[90465,53836],[0,-697]],[[90465,53139],[-962,0]],[[91428,53139],[0,697]],[[91428,53836],[932,0]],[[92360,53836],[0,-697]],[[92360,53836],[962,0]],[[93322,53836],[0,-697]],[[95217,53139],[0,697]],[[95217,53836],[962,0]],[[96179,53836],[0,-697]],[[22857,54534],[932,0]],[[23789,54534],[0,-698]],[[23789,53836],[-932,0],[0,698]],[[29503,53836],[0,698]],[[29503,54534],[963,0]],[[30466,54534],[0,-698]],[[30466,53836],[-963,0]],[[31428,53836],[0,698]],[[31428,54534],[933,0]],[[32361,54534],[0,-698]],[[32361,53836],[-933,0]],[[43789,53836],[0,698]],[[43789,54534],[962,0]],[[44751,54534],[0,-698]],[[45714,53836],[0,698]],[[45714,54534],[932,0]],[[46646,54534],[0,-698]],[[47609,53836],[0,698]],[[47609,54534],[962,0]],[[48571,54534],[0,-698]],[[48571,53836],[-962,0]],[[48571,54534],[932,0]],[[49503,54534],[0,-698]],[[49503,53836],[-932,0]],[[49503,54534],[963,0]],[[50466,54534],[0,-698]],[[50466,54534],[962,0]],[[51428,54534],[0,-698]],[[51428,54534],[932,0]],[[52360,54534],[0,-698]],[[52360,54534],[963,0]],[[53323,54534],[0,-698]],[[53323,54534],[962,0]],[[54285,54534],[0,-698]],[[54285,53836],[-962,0]],[[54285,54534],[932,0]],[[55217,54534],[0,-698]],[[55217,53836],[-932,0]],[[55217,54534],[963,0]],[[56180,54534],[0,-698]],[[56180,53836],[-963,0]],[[56180,54534],[962,0]],[[57142,54534],[0,-698]],[[57142,54534],[933,0]],[[58075,54534],[0,-698]],[[59999,53836],[0,698]],[[59999,54534],[933,0]],[[60932,54534],[0,-698]],[[60932,53836],[-933,0]],[[61894,53836],[0,698]],[[61894,54534],[963,0]],[[62857,54534],[0,-698]],[[62857,54534],[932,0]],[[63789,54534],[0,-698]],[[71428,53836],[0,698]],[[71428,54534],[932,0]],[[72360,54534],[0,-698]],[[77142,53836],[0,698]],[[77142,54534],[932,0]],[[78074,54534],[0,-698]],[[78074,54534],[963,0]],[[79037,54534],[0,-698]],[[82856,53836],[0,698]],[[82856,54534],[933,0]],[[83789,54534],[0,-698]],[[83789,54534],[962,0]],[[84751,54534],[0,-698]],[[85713,53836],[0,698]],[[85713,54534],[933,0]],[[86646,54534],[0,-698]],[[87608,53836],[0,698]],[[87608,54534],[963,0]],[[88571,54534],[0,-698]],[[88571,54534],[932,0]],[[89503,54534],[0,-698]],[[89503,53836],[-932,0]],[[89503,54534],[962,0]],[[90465,54534],[0,-698]],[[93322,53836],[0,698]],[[93322,54534],[963,0]],[[94285,54534],[0,-698]],[[94285,53836],[-963,0]],[[94285,54534],[932,0]],[[95217,54534],[0,-698]],[[95217,53836],[-932,0]],[[95217,54534],[962,0]],[[96179,54534],[0,-698]],[[48571,54534],[0,698]],[[48571,55232],[932,0]],[[49503,55232],[0,-698]],[[49503,55232],[963,0]],[[50466,55232],[0,-698]],[[50466,55232],[962,0]],[[51428,55232],[0,-698]],[[53323,54534],[0,698]],[[53323,55232],[962,0]],[[54285,55232],[0,-698]],[[54285,55232],[932,0]],[[55217,55232],[0,-698]],[[55217,55232],[963,0]],[[56180,55232],[0,-698]],[[56180,55232],[962,0]],[[57142,55232],[0,-698]],[[57142,55232],[933,0]],[[58075,55232],[0,-698]],[[59037,54534],[0,698]],[[59037,55232],[962,0]],[[59999,55232],[0,-698]],[[59999,54534],[-962,0]],[[59999,55232],[933,0]],[[60932,55232],[0,-698]],[[60932,55232],[962,0]],[[61894,55232],[0,-698]],[[61894,54534],[-962,0]],[[63789,54534],[0,698]],[[63789,55232],[962,0]],[[64751,55232],[0,-698]],[[64751,54534],[-962,0]],[[64751,55232],[963,0]],[[65714,55232],[0,-698]],[[65714,54534],[-963,0]],[[69503,54534],[0,698],[962,0]],[[70465,55232],[0,-698]],[[70465,54534],[-962,0]],[[70465,55232],[963,0]],[[71428,55232],[0,-698]],[[71428,54534],[-963,0]],[[72360,54534],[0,698]],[[72360,55232],[963,0]],[[73323,55232],[0,-698]],[[73323,54534],[-963,0]],[[75217,54534],[0,698]],[[75217,55232],[963,0]],[[76180,55232],[0,-698]],[[76180,54534],[-963,0]],[[77142,54534],[0,698]],[[77142,55232],[932,0]],[[78074,55232],[0,-698]],[[78074,55232],[963,0]],[[79037,55232],[0,-698]],[[82856,54534],[0,698]],[[82856,55232],[933,0]],[[83789,55232],[0,-698]],[[84751,54534],[0,698]],[[84751,55232],[962,0]],[[85713,55232],[0,-698]],[[85713,54534],[-962,0]],[[86646,54534],[0,698]],[[86646,55232],[962,0]],[[87608,55232],[0,-698]],[[87608,54534],[-962,0]],[[87608,55232],[963,0]],[[88571,55232],[0,-698]],[[88571,55232],[932,0]],[[89503,55232],[0,-698]],[[89503,55232],[962,0]],[[90465,55232],[0,-698]],[[90465,55232],[963,0]],[[91428,55232],[0,-698]],[[91428,54534],[-963,0]],[[91428,55232],[932,0]],[[92360,55232],[0,-698]],[[92360,54534],[-932,0]],[[92360,55232],[962,0]],[[93322,55232],[0,-698]],[[93322,54534],[-962,0]],[[93322,55232],[963,0]],[[94285,55232],[0,-698]],[[94285,55232],[932,0]],[[95217,55232],[0,-698]],[[95217,55232],[962,0]],[[96179,55232],[0,-698]],[[36180,55232],[0,697]],[[36180,55929],[962,0]],[[37142,55929],[0,-697]],[[37142,55232],[-962,0]],[[45714,55232],[0,697]],[[45714,55929],[932,0]],[[46646,55929],[0,-697]],[[46646,55232],[-932,0]],[[46646,55929],[963,0]],[[47609,55929],[0,-697]],[[47609,55232],[-963,0]],[[48571,55232],[0,697]],[[48571,55929],[932,0]],[[49503,55929],[0,-697]],[[49503,55929],[963,0]],[[50466,55929],[0,-697]],[[50466,55929],[962,0]],[[51428,55929],[0,-697]],[[51428,55929],[932,0]],[[52360,55929],[0,-697]],[[52360,55232],[-932,0]],[[54285,55232],[0,697]],[[54285,55929],[932,0]],[[55217,55929],[0,-697]],[[55217,55929],[963,0]],[[56180,55929],[0,-697]],[[58075,55232],[0,697]],[[58075,55929],[962,0]],[[59037,55929],[0,-697]],[[59037,55232],[-962,0]],[[59037,55929],[962,0]],[[59999,55929],[0,-697]],[[59999,55929],[933,0]],[[60932,55929],[0,-697]],[[60932,55929],[962,0]],[[61894,55929],[0,-697]],[[61894,55929],[963,0]],[[62857,55929],[0,-697]],[[62857,55232],[-963,0]],[[64751,55232],[0,697]],[[64751,55929],[963,0]],[[65714,55929],[0,-697]],[[65714,55929],[932,0]],[[66646,55929],[0,-697]],[[66646,55232],[-932,0]],[[66646,55929],[962,0]],[[67608,55929],[0,-697]],[[67608,55232],[-962,0]],[[71428,55232],[0,697],[932,0]],[[72360,55929],[0,-697]],[[72360,55232],[-932,0]],[[72360,55929],[963,0]],[[73323,55929],[0,-697]],[[76180,55232],[0,697]],[[76180,55929],[962,0]],[[77142,55929],[0,-697]],[[77142,55232],[-962,0]],[[77142,55929],[932,0]],[[78074,55929],[0,-697]],[[78074,55929],[963,0]],[[79037,55929],[0,-697]],[[79037,55929],[962,0]],[[79999,55929],[0,-697]],[[79999,55232],[-962,0]],[[82856,55232],[0,697]],[[82856,55929],[933,0]],[[83789,55929],[0,-697]],[[83789,55929],[962,0]],[[84751,55929],[0,-697]],[[84751,55232],[-962,0]],[[84751,55929],[962,0]],[[85713,55929],[0,-697]],[[85713,55929],[933,0]],[[86646,55929],[0,-697]],[[86646,55232],[-933,0]],[[86646,55929],[962,0]],[[87608,55929],[0,-697]],[[87608,55929],[963,0]],[[88571,55929],[0,-697]],[[89503,55232],[0,697]],[[89503,55929],[962,0]],[[90465,55929],[0,-697]],[[90465,55929],[963,0]],[[91428,55929],[0,-697]],[[91428,55929],[932,0]],[[92360,55929],[0,-697]],[[92360,55929],[962,0]],[[93322,55929],[0,-697]],[[94285,55232],[0,697]],[[94285,55929],[932,0]],[[95217,55929],[0,-697]],[[20000,56651],[932,0]],[[20932,56651],[0,-722]],[[20932,55929],[-932,0],[0,722]],[[33323,55929],[0,722]],[[33323,56651],[962,0]],[[34285,56651],[0,-722]],[[34285,55929],[-962,0]],[[36180,55929],[0,722]],[[36180,56651],[962,0]],[[37142,56651],[0,-722]],[[39037,55929],[0,722]],[[39037,56651],[963,0]],[[40000,56651],[0,-722]],[[40000,55929],[-963,0]],[[40932,55929],[0,722]],[[40932,56651],[962,0]],[[41894,56651],[0,-722]],[[41894,55929],[-962,0]],[[45714,55929],[0,722]],[[45714,56651],[932,0]],[[46646,56651],[0,-722]],[[46646,56651],[963,0]],[[47609,56651],[0,-722]],[[48571,55929],[0,722]],[[48571,56651],[932,0]],[[49503,56651],[0,-722]],[[49503,56651],[963,0]],[[50466,56651],[0,-722]],[[50466,56651],[962,0]],[[51428,56651],[0,-722]],[[51428,56651],[932,0]],[[52360,56651],[0,-722]],[[52360,56651],[963,0]],[[53323,56651],[0,-722]],[[53323,55929],[-963,0]],[[56180,55929],[0,722]],[[56180,56651],[962,0]],[[57142,56651],[0,-722]],[[57142,55929],[-962,0]],[[57142,56651],[933,0]],[[58075,56651],[0,-722]],[[58075,55929],[-933,0]],[[59037,55929],[0,722]],[[59037,56651],[962,0]],[[59999,56651],[0,-722]],[[59999,56651],[933,0]],[[60932,56651],[0,-722]],[[61894,55929],[0,722]],[[61894,56651],[963,0]],[[62857,56651],[0,-722]],[[62857,56651],[932,0]],[[63789,56651],[0,-722]],[[63789,55929],[-932,0]],[[65714,55929],[0,722]],[[65714,56651],[932,0]],[[66646,56651],[0,-722]],[[66646,56651],[962,0]],[[67608,56651],[0,-722]],[[72360,55929],[0,722]],[[72360,56651],[963,0]],[[73323,56651],[0,-722]],[[76180,55929],[0,722]],[[76180,56651],[962,0]],[[77142,56651],[0,-722]],[[77142,56651],[932,0]],[[78074,56651],[0,-722]],[[78074,56651],[963,0]],[[79037,56651],[0,-722]],[[79037,56651],[962,0]],[[79999,56651],[0,-722]],[[82856,55929],[0,722]],[[82856,56651],[933,0]],[[83789,56651],[0,-722]],[[83789,56651],[962,0]],[[84751,56651],[0,-722]],[[86646,55929],[0,722]],[[86646,56651],[962,0]],[[87608,56651],[0,-722]],[[87608,56651],[963,0]],[[88571,56651],[0,-722]],[[88571,56651],[932,0]],[[89503,56651],[0,-722]],[[89503,55929],[-932,0]],[[93322,55929],[0,722]],[[93322,56651],[963,0]],[[94285,56651],[0,-722]],[[94285,55929],[-963,0]],[[94285,56651],[932,0]],[[95217,56651],[0,-722]],[[95217,56651],[962,0],[0,-722]],[[96179,55929],[-962,0]],[[19037,57348],[963,0]],[[20000,57348],[0,-697]],[[20000,56651],[-963,0],[0,697]],[[31428,56651],[0,697]],[[31428,57348],[933,0]],[[32361,57348],[0,-697]],[[32361,56651],[-933,0]],[[44751,56651],[0,697]],[[44751,57348],[963,0]],[[45714,57348],[0,-697]],[[45714,56651],[-963,0]],[[45714,57348],[932,0]],[[46646,57348],[0,-697]],[[46646,57348],[963,0]],[[47609,57348],[0,-697]],[[47609,57348],[962,0]],[[48571,57348],[0,-697]],[[48571,56651],[-962,0]],[[48571,57348],[932,0]],[[49503,57348],[0,-697]],[[50466,56651],[0,697]],[[50466,57348],[962,0]],[[51428,57348],[0,-697]],[[51428,57348],[932,0]],[[52360,57348],[0,-697]],[[52360,57348],[963,0]],[[53323,57348],[0,-697]],[[55217,56651],[0,697]],[[55217,57348],[963,0]],[[56180,57348],[0,-697]],[[56180,56651],[-963,0]],[[56180,57348],[962,0]],[[57142,57348],[0,-697]],[[57142,57348],[933,0]],[[58075,57348],[0,-697]],[[58075,57348],[962,0]],[[59037,57348],[0,-697]],[[59037,56651],[-962,0]],[[59037,57348],[962,0]],[[59999,57348],[0,-697]],[[59999,57348],[933,0]],[[60932,57348],[0,-697]],[[65714,56651],[0,697]],[[65714,57348],[932,0]],[[66646,57348],[0,-697]],[[72360,56651],[0,697],[963,0]],[[73323,57348],[0,-697]],[[74285,56651],[0,697]],[[74285,57348],[932,0]],[[75217,57348],[0,-697]],[[75217,56651],[-932,0]],[[76180,56651],[0,697]],[[76180,57348],[962,0]],[[77142,57348],[0,-697]],[[77142,57348],[932,0]],[[78074,57348],[0,-697]],[[78074,57348],[963,0]],[[79037,57348],[0,-697]],[[79037,57348],[962,0]],[[79999,57348],[0,-697]],[[79999,57348],[933,0]],[[80932,57348],[0,-697]],[[80932,56651],[-933,0]],[[82856,56651],[0,697]],[[82856,57348],[933,0]],[[83789,57348],[0,-697]],[[83789,57348],[962,0]],[[84751,57348],[0,-697]],[[84751,57348],[962,0]],[[85713,57348],[0,-697]],[[85713,56651],[-962,0]],[[86646,56651],[0,697]],[[86646,57348],[962,0]],[[87608,57348],[0,-697]],[[87608,57348],[963,0]],[[88571,57348],[0,-697]],[[88571,57348],[932,0]],[[89503,57348],[0,-697]],[[89503,57348],[962,0]],[[90465,57348],[0,-697]],[[90465,56651],[-962,0]],[[90465,57348],[963,0]],[[91428,57348],[0,-697]],[[91428,56651],[-963,0]],[[94285,56651],[0,697]],[[94285,57348],[932,0],[0,-697]],[[26646,57348],[0,698]],[[26646,58046],[963,0]],[[27609,58046],[0,-698]],[[27609,57348],[-963,0]],[[45714,57348],[0,698]],[[45714,58046],[932,0]],[[46646,58046],[0,-698]],[[46646,58046],[963,0]],[[47609,58046],[0,-698]],[[47609,58046],[962,0]],[[48571,58046],[0,-698]],[[48571,58046],[932,0]],[[49503,58046],[0,-698]],[[49503,58046],[963,0]],[[50466,58046],[0,-698]],[[50466,57348],[-963,0]],[[50466,58046],[962,0]],[[51428,58046],[0,-698]],[[51428,58046],[932,0]],[[52360,58046],[0,-698]],[[52360,58046],[963,0]],[[53323,58046],[0,-698]],[[53323,58046],[962,0]],[[54285,58046],[0,-698]],[[54285,57348],[-962,0]],[[54285,58046],[932,0]],[[55217,58046],[0,-698]],[[55217,57348],[-932,0]],[[55217,58046],[963,0]],[[56180,58046],[0,-698]],[[56180,58046],[962,0]],[[57142,58046],[0,-698]],[[58075,57348],[0,698]],[[58075,58046],[962,0]],[[59037,58046],[0,-698]],[[59037,58046],[962,0]],[[59999,58046],[0,-698]],[[59999,58046],[933,0]],[[60932,58046],[0,-698]],[[60932,58046],[962,0]],[[61894,58046],[0,-698]],[[61894,57348],[-962,0]],[[61894,58046],[963,0]],[[62857,58046],[0,-698]],[[62857,57348],[-963,0]],[[62857,58046],[932,0]],[[63789,58046],[0,-698]],[[63789,57348],[-932,0]],[[64751,57348],[0,698]],[[64751,58046],[963,0]],[[65714,58046],[0,-698]],[[65714,57348],[-963,0]],[[65714,58046],[932,0]],[[66646,58046],[0,-698]],[[73323,57348],[0,698],[962,0]],[[74285,58046],[0,-698]],[[74285,57348],[-962,0]],[[79037,57348],[0,698]],[[79037,58046],[962,0]],[[79999,58046],[0,-698]],[[83789,57348],[0,698]],[[83789,58046],[962,0]],[[84751,58046],[0,-698]],[[84751,58046],[962,0]],[[85713,58046],[0,-698]],[[87608,57348],[0,698]],[[87608,58046],[963,0]],[[88571,58046],[0,-698]],[[88571,58046],[932,0]],[[89503,58046],[0,-698]],[[89503,58046],[962,0]],[[90465,58046],[0,-698]],[[91428,57348],[0,698]],[[91428,58046],[932,0]],[[92360,58046],[0,-698]],[[92360,57348],[-932,0]],[[92360,58046],[962,0]],[[93322,58046],[0,-698]],[[93322,57348],[-962,0]],[[93322,58046],[963,0],[0,-698]],[[94285,57348],[-963,0]],[[17143,58744],[932,0]],[[18075,58744],[0,-698]],[[18075,58046],[-932,0],[0,698]],[[18075,58744],[962,0]],[[19037,58744],[0,-698]],[[19037,58046],[-962,0]],[[23789,58046],[0,698]],[[23789,58744],[963,0]],[[24752,58744],[0,-698]],[[24752,58046],[-963,0]],[[33323,58046],[0,698]],[[33323,58744],[962,0]],[[34285,58744],[0,-698]],[[34285,58046],[-962,0]],[[34285,58744],[933,0]],[[35218,58744],[0,-698]],[[35218,58046],[-933,0]],[[37142,58046],[0,698]],[[37142,58744],[933,0]],[[38075,58744],[0,-698]],[[38075,58046],[-933,0]],[[38075,58744],[962,0]],[[39037,58744],[0,-698]],[[39037,58046],[-962,0]],[[39037,58744],[963,0]],[[40000,58744],[0,-698]],[[40000,58046],[-963,0]],[[43789,58046],[0,698]],[[43789,58744],[962,0]],[[44751,58744],[0,-698]],[[44751,58046],[-962,0]],[[45714,58046],[0,698]],[[45714,58744],[932,0]],[[46646,58744],[0,-698]],[[46646,58744],[963,0]],[[47609,58744],[0,-698]],[[47609,58744],[962,0]],[[48571,58744],[0,-698]],[[48571,58744],[932,0]],[[49503,58744],[0,-698]],[[49503,58744],[963,0]],[[50466,58744],[0,-698]],[[51428,58046],[0,698]],[[51428,58744],[932,0]],[[52360,58744],[0,-698]],[[52360,58744],[963,0]],[[53323,58744],[0,-698]],[[53323,58744],[962,0]],[[54285,58744],[0,-698]],[[54285,58744],[932,0]],[[55217,58744],[0,-698]],[[56180,58046],[0,698]],[[56180,58744],[962,0]],[[57142,58744],[0,-698]],[[61894,58046],[0,698]],[[61894,58744],[963,0]],[[62857,58744],[0,-698]],[[62857,58744],[932,0]],[[63789,58744],[0,-698]],[[64751,58046],[0,698]],[[64751,58744],[963,0]],[[65714,58744],[0,-698]],[[65714,58744],[932,0]],[[66646,58744],[0,-698]],[[74285,58046],[0,698],[932,0]],[[75217,58744],[0,-698]],[[75217,58046],[-932,0]],[[78074,58046],[0,698]],[[78074,58744],[963,0]],[[79037,58744],[0,-698]],[[79037,58046],[-963,0]],[[79037,58744],[962,0]],[[79999,58744],[0,-698]],[[79999,58744],[933,0]],[[80932,58744],[0,-698]],[[80932,58046],[-933,0]],[[82856,58046],[0,698]],[[82856,58744],[933,0]],[[83789,58744],[0,-698]],[[83789,58046],[-933,0]],[[84751,58046],[0,698]],[[84751,58744],[962,0]],[[85713,58744],[0,-698]],[[86646,58046],[0,698]],[[86646,58744],[962,0]],[[87608,58744],[0,-698]],[[87608,58046],[-962,0]],[[90465,58046],[0,698]],[[90465,58744],[963,0]],[[91428,58744],[0,-698]],[[91428,58046],[-963,0]],[[91428,58744],[932,0],[0,-698]],[[17143,58744],[0,697]],[[17143,59441],[932,0]],[[18075,59441],[0,-697]],[[28571,58744],[0,697]],[[28571,59441],[932,0]],[[29503,59441],[0,-697]],[[29503,58744],[-932,0]],[[32361,58744],[0,697]],[[32361,59441],[962,0]],[[33323,59441],[0,-697]],[[33323,58744],[-962,0]],[[33323,59441],[962,0]],[[34285,59441],[0,-697]],[[34285,59441],[933,0]],[[35218,59441],[0,-697]],[[35218,59441],[962,0]],[[36180,59441],[0,-697]],[[36180,58744],[-962,0]],[[36180,59441],[962,0]],[[37142,59441],[0,-697]],[[37142,58744],[-962,0]],[[43789,58744],[0,697]],[[43789,59441],[962,0]],[[44751,59441],[0,-697]],[[44751,59441],[963,0]],[[45714,59441],[0,-697]],[[45714,58744],[-963,0]],[[45714,59441],[932,0]],[[46646,59441],[0,-697]],[[47609,58744],[0,697]],[[47609,59441],[962,0]],[[48571,59441],[0,-697]],[[48571,59441],[932,0]],[[49503,59441],[0,-697]],[[50466,58744],[0,697]],[[50466,59441],[962,0]],[[51428,59441],[0,-697]],[[51428,58744],[-962,0]],[[51428,59441],[932,0]],[[52360,59441],[0,-697]],[[52360,59441],[963,0]],[[53323,59441],[0,-697]],[[53323,59441],[962,0]],[[54285,59441],[0,-697]],[[54285,59441],[932,0]],[[55217,59441],[0,-697]],[[56180,58744],[0,697]],[[56180,59441],[962,0]],[[57142,59441],[0,-697]],[[59999,58744],[0,697]],[[59999,59441],[933,0]],[[60932,59441],[0,-697]],[[60932,58744],[-933,0]],[[62857,58744],[0,697]],[[62857,59441],[932,0]],[[63789,59441],[0,-697]],[[63789,59441],[962,0]],[[64751,59441],[0,-697]],[[64751,58744],[-962,0]],[[64751,59441],[963,0]],[[65714,59441],[0,-697]],[[65714,59441],[932,0]],[[66646,59441],[0,-697]],[[76180,58744],[0,697]],[[76180,59441],[962,0]],[[77142,59441],[0,-697]],[[77142,58744],[-962,0]],[[78074,58744],[0,697]],[[78074,59441],[963,0]],[[79037,59441],[0,-697]],[[79037,59441],[962,0]],[[79999,59441],[0,-697]],[[80932,58744],[0,697]],[[80932,59441],[962,0]],[[81894,59441],[0,-697]],[[81894,58744],[-962,0]],[[82856,58744],[0,697]],[[82856,59441],[933,0]],[[83789,59441],[0,-697]],[[84751,58744],[0,697]],[[84751,59441],[962,0]],[[85713,59441],[0,-697]],[[85713,59441],[933,0]],[[86646,59441],[0,-697]],[[86646,58744],[-933,0]],[[86646,59441],[962,0]],[[87608,59441],[0,-697]],[[17143,59441],[0,698]],[[17143,60139],[932,0]],[[18075,60139],[0,-698]],[[30466,59441],[0,698]],[[30466,60139],[962,0]],[[31428,60139],[0,-698]],[[31428,59441],[-962,0]],[[31428,60139],[933,0]],[[32361,60139],[0,-698]],[[32361,59441],[-933,0]],[[32361,60139],[962,0]],[[33323,60139],[0,-698]],[[33323,60139],[962,0]],[[34285,60139],[0,-698]],[[34285,60139],[933,0]],[[35218,60139],[0,-698]],[[37142,59441],[0,698]],[[37142,60139],[933,0]],[[38075,60139],[0,-698]],[[38075,59441],[-933,0]],[[38075,60139],[962,0]],[[39037,60139],[0,-698]],[[39037,59441],[-962,0]],[[43789,59441],[0,698]],[[43789,60139],[962,0]],[[44751,60139],[0,-698]],[[44751,60139],[963,0]],[[45714,60139],[0,-698]],[[45714,60139],[932,0]],[[46646,60139],[0,-698]],[[47609,59441],[0,698]],[[47609,60139],[962,0]],[[48571,60139],[0,-698]],[[50466,59441],[0,698]],[[50466,60139],[962,0]],[[51428,60139],[0,-698]],[[54285,59441],[0,698]],[[54285,60139],[932,0]],[[55217,60139],[0,-698]],[[55217,60139],[963,0]],[[56180,60139],[0,-698]],[[56180,59441],[-963,0]],[[57142,59441],[0,698]],[[57142,60139],[933,0]],[[58075,60139],[0,-698]],[[58075,59441],[-933,0]],[[59037,59441],[0,698]],[[59037,60139],[962,0]],[[59999,60139],[0,-698]],[[59999,59441],[-962,0]],[[59999,60139],[933,0]],[[60932,60139],[0,-698]],[[64751,59441],[0,698]],[[64751,60139],[963,0]],[[65714,60139],[0,-698]],[[79037,59441],[0,698]],[[79037,60139],[962,0]],[[79999,60139],[0,-698]],[[79999,60139],[933,0]],[[80932,60139],[0,-698]],[[80932,59441],[-933,0]],[[80932,60139],[962,0]],[[81894,60139],[0,-698]],[[82856,59441],[0,698]],[[82856,60139],[933,0]],[[83789,60139],[0,-698]],[[84751,59441],[0,698]],[[84751,60139],[962,0]],[[85713,60139],[0,-698]],[[85713,60139],[933,0]],[[86646,60139],[0,-698]],[[86646,60139],[962,0]],[[87608,60139],[0,-698]],[[87608,60139],[963,0]],[[88571,60139],[0,-698]],[[88571,59441],[-963,0]],[[27609,60139],[0,698]],[[27609,60837],[962,0]],[[28571,60837],[0,-698]],[[28571,60139],[-962,0]],[[28571,60837],[932,0]],[[29503,60837],[0,-698]],[[29503,60139],[-932,0]],[[31428,60139],[0,698]],[[31428,60837],[933,0]],[[32361,60837],[0,-698]],[[35218,60139],[0,698]],[[35218,60837],[962,0]],[[36180,60837],[0,-698]],[[36180,60139],[-962,0]],[[38075,60139],[0,698]],[[38075,60837],[962,0]],[[39037,60837],[0,-698]],[[39037,60837],[963,0]],[[40000,60837],[0,-698]],[[40000,60139],[-963,0]],[[43789,60139],[0,698]],[[43789,60837],[962,0]],[[44751,60837],[0,-698]],[[44751,60837],[963,0]],[[45714,60837],[0,-698]],[[45714,60837],[932,0]],[[46646,60837],[0,-698]],[[46646,60837],[963,0]],[[47609,60837],[0,-698]],[[47609,60139],[-963,0]],[[56180,60139],[0,698]],[[56180,60837],[962,0]],[[57142,60837],[0,-698]],[[57142,60139],[-962,0]],[[58075,60139],[0,698]],[[58075,60837],[962,0]],[[59037,60837],[0,-698]],[[59037,60139],[-962,0]],[[59037,60837],[962,0]],[[59999,60837],[0,-698]],[[59999,60837],[933,0]],[[60932,60837],[0,-698]],[[64751,60139],[0,698]],[[64751,60837],[963,0]],[[65714,60837],[0,-698]],[[65714,60837],[932,0]],[[66646,60837],[0,-698]],[[66646,60139],[-932,0]],[[80932,60139],[0,698],[962,0]],[[81894,60837],[0,-698]],[[84751,60139],[0,698]],[[84751,60837],[962,0]],[[85713,60837],[0,-698]],[[85713,60837],[933,0],[0,-698]],[[89503,60139],[0,698],[962,0],[0,-698]],[[90465,60139],[-962,0]],[[17143,60837],[0,697]],[[17143,61534],[932,0]],[[18075,61534],[0,-697]],[[18075,60837],[-932,0]],[[32361,60837],[0,697]],[[32361,61534],[962,0]],[[33323,61534],[0,-697]],[[33323,60837],[-962,0]],[[34285,60837],[0,697]],[[34285,61534],[933,0]],[[35218,61534],[0,-697]],[[35218,60837],[-933,0]],[[35218,61534],[962,0]],[[36180,61534],[0,-697]],[[36180,61534],[962,0]],[[37142,61534],[0,-697]],[[37142,60837],[-962,0]],[[37142,61534],[933,0]],[[38075,61534],[0,-697]],[[38075,60837],[-933,0]],[[38075,61534],[962,0]],[[39037,61534],[0,-697]],[[39037,61534],[963,0]],[[40000,61534],[0,-697]],[[43789,60837],[0,697]],[[43789,61534],[962,0]],[[44751,61534],[0,-697]],[[44751,61534],[963,0]],[[45714,61534],[0,-697]],[[45714,61534],[932,0]],[[46646,61534],[0,-697]],[[46646,61534],[963,0]],[[47609,61534],[0,-697]],[[47609,61534],[962,0]],[[48571,61534],[0,-697]],[[48571,60837],[-962,0]],[[50466,60837],[0,697]],[[50466,61534],[962,0]],[[51428,61534],[0,-697]],[[51428,60837],[-962,0]],[[52360,60837],[0,697]],[[52360,61534],[963,0]],[[53323,61534],[0,-697]],[[53323,60837],[-963,0]],[[53323,61534],[962,0]],[[54285,61534],[0,-697]],[[54285,60837],[-962,0]],[[54285,61534],[932,0]],[[55217,61534],[0,-697]],[[55217,60837],[-932,0]],[[56180,60837],[0,697]],[[56180,61534],[962,0]],[[57142,61534],[0,-697]],[[57142,61534],[933,0]],[[58075,61534],[0,-697]],[[58075,60837],[-933,0]],[[59999,60837],[0,697]],[[59999,61534],[933,0]],[[60932,61534],[0,-697]],[[61894,60837],[0,697]],[[61894,61534],[963,0]],[[62857,61534],[0,-697]],[[62857,60837],[-963,0]],[[65714,60837],[0,697]],[[65714,61534],[932,0]],[[66646,61534],[0,-697]],[[30466,61534],[0,698]],[[30466,62232],[962,0]],[[31428,62232],[0,-698]],[[31428,61534],[-962,0]],[[31428,62232],[933,0]],[[32361,62232],[0,-698]],[[32361,61534],[-933,0]],[[33323,61534],[0,698]],[[33323,62232],[962,0]],[[34285,62232],[0,-698]],[[34285,61534],[-962,0]],[[34285,62232],[933,0]],[[35218,62232],[0,-698]],[[36180,61534],[0,698]],[[36180,62232],[962,0]],[[37142,62232],[0,-698]],[[38075,61534],[0,698]],[[38075,62232],[962,0]],[[39037,62232],[0,-698]],[[39037,62232],[963,0]],[[40000,62232],[0,-698]],[[40000,62232],[932,0]],[[40932,62232],[0,-698]],[[40932,61534],[-932,0]],[[41894,61534],[0,698]],[[41894,62232],[963,0]],[[42857,62232],[0,-698]],[[42857,61534],[-963,0]],[[44751,61534],[0,698]],[[44751,62232],[963,0]],[[45714,62232],[0,-698]],[[45714,62232],[932,0]],[[46646,62232],[0,-698]],[[46646,62232],[963,0]],[[47609,62232],[0,-698]],[[47609,62232],[962,0]],[[48571,62232],[0,-698]],[[50466,61534],[0,698]],[[50466,62232],[962,0]],[[51428,62232],[0,-698]],[[53323,61534],[0,698]],[[53323,62232],[962,0]],[[54285,62232],[0,-698]],[[56180,61534],[0,698]],[[56180,62232],[962,0]],[[57142,62232],[0,-698]],[[57142,62232],[933,0]],[[58075,62232],[0,-698]],[[59999,61534],[0,698]],[[59999,62232],[933,0]],[[60932,62232],[0,-698]],[[61894,61534],[0,698]],[[61894,62232],[963,0]],[[62857,62232],[0,-698]],[[63789,61534],[0,698]],[[63789,62232],[962,0]],[[64751,62232],[0,-698]],[[64751,61534],[-962,0]],[[64751,62232],[963,0]],[[65714,62232],[0,-698]],[[65714,61534],[-963,0]],[[65714,62232],[932,0]],[[66646,62232],[0,-698]],[[14286,62929],[932,0]],[[15218,62929],[0,-697]],[[15218,62232],[-932,0],[0,697]],[[17143,62232],[0,697]],[[17143,62929],[932,0]],[[18075,62929],[0,-697]],[[18075,62232],[-932,0]],[[32361,62232],[0,697]],[[32361,62929],[962,0]],[[33323,62929],[0,-697]],[[33323,62232],[-962,0]],[[33323,62929],[962,0]],[[34285,62929],[0,-697]],[[37142,62232],[0,697]],[[37142,62929],[933,0]],[[38075,62929],[0,-697]],[[38075,62232],[-933,0]],[[38075,62929],[962,0]],[[39037,62929],[0,-697]],[[39037,62929],[963,0]],[[40000,62929],[0,-697]],[[40000,62929],[932,0]],[[40932,62929],[0,-697]],[[42857,62232],[0,697]],[[42857,62929],[932,0]],[[43789,62929],[0,-697]],[[43789,62232],[-932,0]],[[43789,62929],[962,0]],[[44751,62929],[0,-697]],[[44751,62232],[-962,0]],[[45714,62232],[0,697]],[[45714,62929],[932,0]],[[46646,62929],[0,-697]],[[46646,62929],[963,0]],[[47609,62929],[0,-697]],[[48571,62232],[0,697]],[[48571,62929],[932,0]],[[49503,62929],[0,-697]],[[49503,62232],[-932,0]],[[49503,62929],[963,0]],[[50466,62929],[0,-697]],[[50466,62232],[-963,0]],[[50466,62929],[962,0]],[[51428,62929],[0,-697]],[[51428,62929],[932,0]],[[52360,62929],[0,-697]],[[52360,62232],[-932,0]],[[54285,62232],[0,697]],[[54285,62929],[932,0]],[[55217,62929],[0,-697]],[[55217,62232],[-932,0]],[[56180,62232],[0,697]],[[56180,62929],[962,0]],[[57142,62929],[0,-697]],[[59999,62232],[0,697]],[[59999,62929],[933,0]],[[60932,62929],[0,-697]],[[61894,62232],[0,697]],[[61894,62929],[963,0]],[[62857,62929],[0,-697]],[[62857,62929],[932,0]],[[63789,62929],[0,-697]],[[63789,62232],[-932,0]],[[65714,62232],[0,697]],[[65714,62929],[932,0]],[[66646,62929],[0,-697]],[[14286,62929],[0,698],[932,0]],[[15218,63627],[0,-698]],[[17143,62929],[0,698]],[[17143,63627],[932,0]],[[18075,63627],[0,-698]],[[20932,62929],[0,698]],[[20932,63627],[963,0]],[[21895,63627],[0,-698]],[[21895,62929],[-963,0]],[[35218,62929],[0,698]],[[35218,63627],[962,0]],[[36180,63627],[0,-698]],[[36180,62929],[-962,0]],[[39037,62929],[0,698]],[[39037,63627],[963,0]],[[40000,63627],[0,-698]],[[40000,63627],[932,0]],[[40932,63627],[0,-698]],[[46646,62929],[0,698]],[[46646,63627],[963,0]],[[47609,63627],[0,-698]],[[47609,63627],[962,0]],[[48571,63627],[0,-698]],[[48571,62929],[-962,0]],[[50466,62929],[0,698]],[[50466,63627],[962,0]],[[51428,63627],[0,-698]],[[51428,63627],[932,0]],[[52360,63627],[0,-698]],[[52360,63627],[963,0]],[[53323,63627],[0,-698]],[[53323,62929],[-963,0]],[[55217,62929],[0,698]],[[55217,63627],[963,0]],[[56180,63627],[0,-698]],[[56180,62929],[-963,0]],[[60932,62929],[0,698]],[[60932,63627],[962,0]],[[61894,63627],[0,-698]],[[61894,62929],[-962,0]],[[61894,63627],[963,0]],[[62857,63627],[0,-698]],[[63789,62929],[0,698]],[[63789,63627],[962,0]],[[64751,63627],[0,-698]],[[64751,62929],[-962,0]],[[65714,62929],[0,698]],[[65714,63627],[932,0]],[[66646,63627],[0,-698]],[[66646,63627],[962,0]],[[67608,63627],[0,-698],[-962,0]],[[15218,63627],[0,698],[962,0]],[[16180,64325],[0,-698]],[[16180,63627],[-962,0]],[[18075,63627],[0,698]],[[18075,64325],[962,0]],[[19037,64325],[0,-698]],[[19037,63627],[-962,0]],[[27609,63627],[0,698]],[[27609,64325],[962,0]],[[28571,64325],[0,-698]],[[28571,63627],[-962,0]],[[28571,64325],[932,0]],[[29503,64325],[0,-698]],[[29503,63627],[-932,0]],[[36180,63627],[0,698]],[[36180,64325],[962,0]],[[37142,64325],[0,-698]],[[37142,63627],[-962,0]],[[37142,64325],[933,0]],[[38075,64325],[0,-698]],[[38075,63627],[-933,0]],[[39037,63627],[0,698]],[[39037,64325],[963,0]],[[40000,64325],[0,-698]],[[40932,63627],[0,698]],[[40932,64325],[962,0]],[[41894,64325],[0,-698]],[[41894,63627],[-962,0]],[[41894,64325],[963,0]],[[42857,64325],[0,-698]],[[42857,63627],[-963,0]],[[42857,64325],[932,0]],[[43789,64325],[0,-698]],[[43789,63627],[-932,0]],[[46646,63627],[0,698]],[[46646,64325],[963,0]],[[47609,64325],[0,-698]],[[47609,64325],[962,0]],[[48571,64325],[0,-698]],[[48571,64325],[932,0]],[[49503,64325],[0,-698]],[[49503,63627],[-932,0]],[[51428,63627],[0,698]],[[51428,64325],[932,0]],[[52360,64325],[0,-698]],[[52360,64325],[963,0]],[[53323,64325],[0,-698]],[[53323,64325],[962,0]],[[54285,64325],[0,-698]],[[54285,63627],[-962,0]],[[54285,64325],[932,0]],[[55217,64325],[0,-698]],[[55217,63627],[-932,0]],[[55217,64325],[963,0]],[[56180,64325],[0,-698]],[[56180,64325],[962,0]],[[57142,64325],[0,-698]],[[57142,63627],[-962,0]],[[62857,63627],[0,698]],[[62857,64325],[932,0]],[[63789,64325],[0,-698]],[[63789,63627],[-932,0]],[[63789,64325],[962,0],[0,-698]],[[65714,63627],[0,698],[932,0]],[[66646,64325],[0,-698]],[[66646,64325],[962,0]],[[67608,64325],[0,-698]],[[36180,64325],[0,697]],[[36180,65022],[962,0]],[[37142,65022],[0,-697]],[[38075,64325],[0,697]],[[38075,65022],[962,0]],[[39037,65022],[0,-697]],[[39037,64325],[-962,0]],[[40932,64325],[0,697]],[[40932,65022],[962,0]],[[41894,65022],[0,-697]],[[41894,65022],[963,0]],[[42857,65022],[0,-697]],[[46646,64325],[0,697]],[[46646,65022],[963,0]],[[47609,65022],[0,-697]],[[47609,65022],[962,0]],[[48571,65022],[0,-697]],[[49503,64325],[0,697]],[[49503,65022],[963,0]],[[50466,65022],[0,-697]],[[50466,64325],[-963,0]],[[53323,64325],[0,697]],[[53323,65022],[962,0]],[[54285,65022],[0,-697]],[[54285,65022],[932,0]],[[55217,65022],[0,-697]],[[55217,65022],[963,0]],[[56180,65022],[0,-697]],[[56180,65022],[962,0]],[[57142,65022],[0,-697]],[[59999,64325],[0,697]],[[59999,65022],[933,0]],[[60932,65022],[0,-697]],[[60932,64325],[-933,0]],[[62857,64325],[0,697]],[[62857,65022],[932,0],[0,-697]],[[66646,64325],[0,697],[962,0],[0,-697]],[[16180,65720],[0,-698]],[[16180,65022],[-962,0],[0,698],[962,0]],[[33323,65022],[0,698]],[[33323,65720],[962,0]],[[34285,65720],[0,-698]],[[34285,65022],[-962,0]],[[34285,65720],[933,0]],[[35218,65720],[0,-698]],[[35218,65022],[-933,0]],[[37142,65022],[0,698]],[[37142,65720],[933,0]],[[38075,65720],[0,-698]],[[38075,65022],[-933,0]],[[38075,65720],[962,0]],[[39037,65720],[0,-698]],[[39037,65720],[963,0]],[[40000,65720],[0,-698]],[[40000,65022],[-963,0]],[[40000,65720],[932,0]],[[40932,65720],[0,-698]],[[40932,65022],[-932,0]],[[41894,65022],[0,698]],[[41894,65720],[963,0]],[[42857,65720],[0,-698]],[[44751,65022],[0,698]],[[44751,65720],[963,0]],[[45714,65720],[0,-698]],[[45714,65022],[-963,0]],[[48571,65022],[0,698]],[[48571,65720],[932,0]],[[49503,65720],[0,-698]],[[49503,65022],[-932,0]],[[50466,65022],[0,698]],[[50466,65720],[962,0]],[[51428,65720],[0,-698]],[[51428,65022],[-962,0]],[[51428,65720],[932,0]],[[52360,65720],[0,-698]],[[52360,65022],[-932,0]],[[53323,65022],[0,698]],[[53323,65720],[962,0]],[[54285,65720],[0,-698]],[[54285,65720],[932,0]],[[55217,65720],[0,-698]],[[55217,65720],[963,0]],[[56180,65720],[0,-698]],[[59037,65022],[0,698]],[[59037,65720],[962,0]],[[59999,65720],[0,-698]],[[59999,65022],[-962,0]],[[59999,65720],[933,0]],[[60932,65720],[0,-698]],[[60932,65720],[962,0]],[[61894,65720],[0,-698]],[[61894,65022],[-962,0]],[[34285,65720],[0,721]],[[34285,66441],[933,0]],[[35218,66441],[0,-721]],[[37142,65720],[0,721]],[[37142,66441],[933,0]],[[38075,66441],[0,-721]],[[38075,66441],[962,0]],[[39037,66441],[0,-721]],[[39037,66441],[963,0]],[[40000,66441],[0,-721]],[[40000,66441],[932,0]],[[40932,66441],[0,-721]],[[41894,65720],[0,721]],[[41894,66441],[963,0]],[[42857,66441],[0,-721]],[[42857,66441],[932,0]],[[43789,66441],[0,-721]],[[43789,65720],[-932,0]],[[45714,65720],[0,721]],[[45714,66441],[932,0]],[[46646,66441],[0,-721]],[[46646,65720],[-932,0]],[[49503,65720],[0,721]],[[49503,66441],[963,0]],[[50466,66441],[0,-721]],[[50466,65720],[-963,0]],[[50466,66441],[962,0]],[[51428,66441],[0,-721]],[[51428,66441],[932,0]],[[52360,66441],[0,-721]],[[55217,65720],[0,721]],[[55217,66441],[963,0]],[[56180,66441],[0,-721]],[[57142,65720],[0,721]],[[57142,66441],[933,0]],[[58075,66441],[0,-721]],[[58075,65720],[-933,0]],[[15218,67139],[962,0]],[[16180,67139],[0,-698]],[[16180,66441],[-962,0],[0,698]],[[35218,66441],[0,698]],[[35218,67139],[962,0]],[[36180,67139],[0,-698]],[[36180,66441],[-962,0]],[[36180,67139],[962,0]],[[37142,67139],[0,-698]],[[37142,66441],[-962,0]],[[37142,67139],[933,0]],[[38075,67139],[0,-698]],[[38075,67139],[962,0]],[[39037,67139],[0,-698]],[[43789,66441],[0,698]],[[43789,67139],[962,0]],[[44751,67139],[0,-698]],[[44751,66441],[-962,0]],[[44751,67139],[963,0]],[[45714,67139],[0,-698]],[[45714,66441],[-963,0]],[[45714,67139],[932,0]],[[46646,67139],[0,-698]],[[47609,66441],[0,698]],[[47609,67139],[962,0]],[[48571,67139],[0,-698]],[[48571,66441],[-962,0]],[[50466,66441],[0,698]],[[50466,67139],[962,0]],[[51428,67139],[0,-698]],[[51428,67139],[932,0]],[[52360,67139],[0,-698]],[[52360,67139],[963,0]],[[53323,67139],[0,-698]],[[53323,66441],[-963,0]],[[53323,67139],[962,0]],[[54285,67139],[0,-698]],[[54285,66441],[-962,0]],[[54285,67139],[932,0]],[[55217,67139],[0,-698]],[[55217,66441],[-932,0]],[[15218,67139],[0,698]],[[15218,67837],[962,0]],[[16180,67837],[0,-698]],[[32361,67139],[0,698]],[[32361,67837],[962,0]],[[33323,67837],[0,-698]],[[33323,67139],[-962,0]],[[34285,67139],[0,698]],[[34285,67837],[933,0]],[[35218,67837],[0,-698]],[[35218,67139],[-933,0]],[[35218,67837],[962,0]],[[36180,67837],[0,-698]],[[36180,67837],[962,0]],[[37142,67837],[0,-698]],[[37142,67837],[933,0]],[[38075,67837],[0,-698]],[[40932,67139],[0,698]],[[40932,67837],[962,0]],[[41894,67837],[0,-698]],[[41894,67139],[-962,0]],[[45714,67139],[0,698]],[[45714,67837],[932,0]],[[46646,67837],[0,-698]],[[48571,67139],[0,698]],[[48571,67837],[932,0]],[[49503,67837],[0,-698]],[[49503,67139],[-932,0]],[[50466,67139],[0,698]],[[50466,67837],[962,0]],[[51428,67837],[0,-698]],[[51428,67837],[932,0]],[[52360,67837],[0,-698]],[[52360,67837],[963,0]],[[53323,67837],[0,-698]],[[53323,67837],[962,0]],[[54285,67837],[0,-698]],[[55217,67139],[0,698]],[[55217,67837],[963,0]],[[56180,67837],[0,-698]],[[56180,67139],[-963,0]],[[56180,67837],[962,0]],[[57142,67837],[0,-698]],[[57142,67139],[-962,0]],[[27609,67837],[0,697]],[[27609,68534],[962,0]],[[28571,68534],[0,-697]],[[28571,67837],[-962,0]],[[34285,67837],[0,697]],[[34285,68534],[933,0]],[[35218,68534],[0,-697]],[[35218,68534],[962,0]],[[36180,68534],[0,-697]],[[36180,68534],[962,0]],[[37142,68534],[0,-697]],[[37142,68534],[933,0]],[[38075,68534],[0,-697]],[[38075,68534],[962,0]],[[39037,68534],[0,-697]],[[39037,67837],[-962,0]],[[40932,67837],[0,697]],[[40932,68534],[962,0]],[[41894,68534],[0,-697]],[[43789,67837],[0,697]],[[43789,68534],[962,0]],[[44751,68534],[0,-697]],[[44751,67837],[-962,0]],[[44751,68534],[963,0]],[[45714,68534],[0,-697]],[[45714,67837],[-963,0]],[[45714,68534],[932,0]],[[46646,68534],[0,-697]],[[46646,68534],[963,0]],[[47609,68534],[0,-697]],[[47609,67837],[-963,0]],[[49503,67837],[0,697]],[[49503,68534],[963,0]],[[50466,68534],[0,-697]],[[50466,67837],[-963,0]],[[51428,67837],[0,697]],[[51428,68534],[932,0]],[[52360,68534],[0,-697]],[[54285,67837],[0,697]],[[54285,68534],[932,0]],[[55217,68534],[0,-697]],[[55217,67837],[-932,0]],[[55217,68534],[963,0]],[[56180,68534],[0,-697]],[[13323,69232],[0,-698]],[[13323,68534],[-962,0],[0,698],[962,0]],[[19037,68534],[0,698]],[[19037,69232],[963,0]],[[20000,69232],[0,-698]],[[20000,68534],[-963,0]],[[28571,68534],[0,698]],[[28571,69232],[932,0]],[[29503,69232],[0,-698]],[[29503,68534],[-932,0]],[[31428,68534],[0,698]],[[31428,69232],[933,0]],[[32361,69232],[0,-698]],[[32361,68534],[-933,0]],[[35218,68534],[0,698]],[[35218,69232],[962,0]],[[36180,69232],[0,-698]],[[38075,68534],[0,698]],[[38075,69232],[962,0]],[[39037,69232],[0,-698]],[[48571,68534],[0,698]],[[48571,69232],[932,0]],[[49503,69232],[0,-698]],[[49503,68534],[-932,0]],[[52360,68534],[0,698]],[[52360,69232],[963,0]],[[53323,69232],[0,-698]],[[53323,68534],[-963,0]],[[53323,69232],[962,0]],[[54285,69232],[0,-698]],[[54285,68534],[-962,0]],[[55217,68534],[0,698]],[[55217,69232],[963,0]],[[56180,69232],[0,-698]],[[56180,69232],[962,0]],[[57142,69232],[0,-698]],[[57142,68534],[-962,0]],[[13323,69232],[0,698]],[[13323,69930],[963,0]],[[14286,69930],[0,-698]],[[14286,69232],[-963,0]],[[20000,69232],[0,698]],[[20000,69930],[932,0]],[[20932,69930],[0,-698]],[[20932,69232],[-932,0]],[[32361,69232],[0,698]],[[32361,69930],[962,0]],[[33323,69930],[0,-698]],[[33323,69232],[-962,0]],[[34285,69232],[0,698]],[[34285,69930],[933,0]],[[35218,69930],[0,-698]],[[35218,69232],[-933,0]],[[37142,69232],[0,698]],[[37142,69930],[933,0]],[[38075,69930],[0,-698]],[[38075,69232],[-933,0]],[[38075,69930],[962,0]],[[39037,69930],[0,-698]],[[39037,69930],[963,0]],[[40000,69930],[0,-698]],[[40000,69232],[-963,0]],[[44751,69232],[0,698]],[[44751,69930],[963,0]],[[45714,69930],[0,-698]],[[45714,69232],[-963,0]],[[45714,69930],[932,0]],[[46646,69930],[0,-698]],[[46646,69232],[-932,0]],[[48571,69232],[0,698]],[[48571,69930],[932,0]],[[49503,69930],[0,-698]],[[49503,69930],[963,0]],[[50466,69930],[0,-698]],[[50466,69232],[-963,0]],[[50466,69930],[962,0]],[[51428,69930],[0,-698]],[[51428,69232],[-962,0]],[[51428,69930],[932,0]],[[52360,69930],[0,-698]],[[52360,69232],[-932,0]],[[52360,69930],[963,0]],[[53323,69930],[0,-698]],[[54285,69232],[0,698]],[[54285,69930],[932,0]],[[55217,69930],[0,-698]],[[55217,69232],[-932,0]],[[55217,69930],[963,0]],[[56180,69930],[0,-698]],[[56180,69930],[962,0]],[[57142,69930],[0,-698]],[[11428,70627],[933,0]],[[12361,70627],[0,-697]],[[12361,69930],[-933,0],[0,697]],[[14286,69930],[0,697]],[[14286,70627],[932,0]],[[15218,70627],[0,-697]],[[15218,69930],[-932,0]],[[23789,69930],[0,697]],[[23789,70627],[963,0]],[[24752,70627],[0,-697]],[[24752,69930],[-963,0]],[[25714,69930],[0,697]],[[25714,70627],[932,0]],[[26646,70627],[0,-697]],[[26646,69930],[-932,0]],[[33323,69930],[0,697]],[[33323,70627],[962,0]],[[34285,70627],[0,-697]],[[34285,69930],[-962,0]],[[38075,69930],[0,697]],[[38075,70627],[962,0]],[[39037,70627],[0,-697]],[[39037,70627],[963,0]],[[40000,70627],[0,-697]],[[40000,70627],[932,0]],[[40932,70627],[0,-697]],[[40932,69930],[-932,0]],[[40932,70627],[962,0]],[[41894,70627],[0,-697]],[[41894,69930],[-962,0]],[[44751,69930],[0,697]],[[44751,70627],[963,0]],[[45714,70627],[0,-697]],[[47609,69930],[0,697]],[[47609,70627],[962,0]],[[48571,70627],[0,-697]],[[48571,69930],[-962,0]],[[52360,69930],[0,697]],[[52360,70627],[963,0]],[[53323,70627],[0,-697]],[[54285,69930],[0,697]],[[54285,70627],[932,0]],[[55217,70627],[0,-697]],[[55217,70627],[963,0]],[[56180,70627],[0,-697]],[[57142,69930],[0,697]],[[57142,70627],[933,0]],[[58075,70627],[0,-697],[-933,0]],[[10466,71325],[962,0]],[[11428,71325],[0,-698]],[[11428,70627],[-962,0],[0,698]],[[15218,70627],[0,698]],[[15218,71325],[962,0]],[[16180,71325],[0,-698]],[[16180,70627],[-962,0]],[[16180,71325],[963,0]],[[17143,71325],[0,-698]],[[17143,70627],[-963,0]],[[20000,70627],[0,698]],[[20000,71325],[932,0]],[[20932,71325],[0,-698]],[[20932,70627],[-932,0]],[[25714,70627],[0,698]],[[25714,71325],[932,0]],[[26646,71325],[0,-698]],[[26646,71325],[963,0]],[[27609,71325],[0,-698]],[[27609,70627],[-963,0]],[[27609,71325],[962,0]],[[28571,71325],[0,-698]],[[28571,70627],[-962,0]],[[29503,70627],[0,698]],[[29503,71325],[963,0]],[[30466,71325],[0,-698]],[[30466,70627],[-963,0]],[[30466,71325],[962,0]],[[31428,71325],[0,-698]],[[31428,70627],[-962,0]],[[32361,70627],[0,698]],[[32361,71325],[962,0]],[[33323,71325],[0,-698]],[[33323,70627],[-962,0]],[[33323,71325],[962,0]],[[34285,71325],[0,-698]],[[34285,71325],[933,0]],[[35218,71325],[0,-698]],[[35218,70627],[-933,0]],[[35218,71325],[962,0]],[[36180,71325],[0,-698]],[[36180,70627],[-962,0]],[[39037,70627],[0,698]],[[39037,71325],[963,0]],[[40000,71325],[0,-698]],[[41894,70627],[0,698]],[[41894,71325],[963,0]],[[42857,71325],[0,-698]],[[42857,70627],[-963,0]],[[48571,70627],[0,698]],[[48571,71325],[932,0]],[[49503,71325],[0,-698]],[[49503,70627],[-932,0]],[[52360,70627],[0,698]],[[52360,71325],[963,0]],[[53323,71325],[0,-698]],[[56180,70627],[0,698]],[[56180,71325],[962,0]],[[57142,71325],[0,-698]],[[57142,70627],[-962,0]],[[58075,70627],[0,698]],[[58075,71325],[962,0]],[[59037,71325],[0,-698],[-962,0]],[[9504,72022],[962,0]],[[10466,72022],[0,-697]],[[10466,71325],[-962,0],[0,697]],[[14286,71325],[0,697]],[[14286,72022],[932,0]],[[15218,72022],[0,-697]],[[15218,71325],[-932,0]],[[27609,71325],[0,697]],[[27609,72022],[962,0]],[[28571,72022],[0,-697]],[[32361,71325],[0,697]],[[32361,72022],[962,0]],[[33323,72022],[0,-697]],[[33323,72022],[962,0]],[[34285,72022],[0,-697]],[[34285,72022],[933,0]],[[35218,72022],[0,-697]],[[35218,72022],[962,0]],[[36180,72022],[0,-697]],[[39037,71325],[0,697]],[[39037,72022],[963,0]],[[40000,72022],[0,-697]],[[40000,72022],[932,0]],[[40932,72022],[0,-697]],[[40932,71325],[-932,0]],[[40932,72022],[962,0]],[[41894,72022],[0,-697]],[[41894,71325],[-962,0]],[[41894,72022],[963,0]],[[42857,72022],[0,-697]],[[44751,71325],[0,697]],[[44751,72022],[963,0]],[[45714,72022],[0,-697]],[[45714,71325],[-963,0]],[[48571,71325],[0,697]],[[48571,72022],[932,0]],[[49503,72022],[0,-697]],[[51428,71325],[0,697]],[[51428,72022],[932,0]],[[52360,72022],[0,-697]],[[52360,71325],[-932,0]],[[55217,71325],[0,697]],[[55217,72022],[963,0]],[[56180,72022],[0,-697]],[[56180,71325],[-963,0]],[[58075,71325],[0,697]],[[58075,72022],[962,0],[0,-697]],[[9504,72022],[0,698]],[[9504,72720],[962,0]],[[10466,72720],[0,-698]],[[23789,72022],[0,698]],[[23789,72720],[963,0]],[[24752,72720],[0,-698]],[[24752,72022],[-963,0]],[[33323,72022],[0,698]],[[33323,72720],[962,0]],[[34285,72720],[0,-698]],[[35218,72022],[0,698]],[[35218,72720],[962,0]],[[36180,72720],[0,-698]],[[39037,72022],[0,698]],[[39037,72720],[963,0]],[[40000,72720],[0,-698]],[[40932,72022],[0,698]],[[40932,72720],[962,0]],[[41894,72720],[0,-698]],[[44751,72022],[0,698]],[[44751,72720],[963,0]],[[45714,72720],[0,-698]],[[49503,72022],[0,698]],[[49503,72720],[963,0]],[[50466,72720],[0,-698]],[[50466,72022],[-963,0]],[[52360,72022],[0,698]],[[52360,72720],[963,0]],[[53323,72720],[0,-698]],[[53323,72022],[-963,0]],[[9504,72720],[0,698]],[[9504,73418],[962,0]],[[10466,73418],[0,-698]],[[11428,72720],[0,698]],[[11428,73418],[933,0]],[[12361,73418],[0,-698]],[[12361,72720],[-933,0]],[[28571,72720],[0,698]],[[28571,73418],[932,0]],[[29503,73418],[0,-698]],[[29503,72720],[-932,0]],[[33323,72720],[0,698]],[[33323,73418],[962,0]],[[34285,73418],[0,-698]],[[38075,72720],[0,698]],[[38075,73418],[962,0]],[[39037,73418],[0,-698]],[[39037,72720],[-962,0]],[[39037,73418],[963,0]],[[40000,73418],[0,-698]],[[42857,72720],[0,698]],[[42857,73418],[932,0]],[[43789,73418],[0,-698]],[[43789,72720],[-932,0]],[[44751,72720],[0,698]],[[44751,73418],[963,0]],[[45714,73418],[0,-698]],[[46646,72720],[0,698]],[[46646,73418],[963,0]],[[47609,73418],[0,-698]],[[47609,72720],[-963,0]],[[47609,73418],[962,0]],[[48571,73418],[0,-698]],[[48571,72720],[-962,0]],[[48571,73418],[932,0]],[[49503,73418],[0,-698]],[[49503,72720],[-932,0]],[[49503,73418],[963,0]],[[50466,73418],[0,-698]],[[50466,73418],[962,0]],[[51428,73418],[0,-698]],[[51428,72720],[-962,0]],[[55217,72720],[0,698]],[[55217,73418],[963,0]],[[56180,73418],[0,-698]],[[56180,72720],[-963,0]],[[57142,72720],[0,698]],[[57142,73418],[933,0],[0,-698]],[[58075,72720],[-933,0]],[[9504,73418],[0,697],[962,0]],[[10466,74115],[0,-697]],[[26646,73418],[0,697]],[[26646,74115],[963,0]],[[27609,74115],[0,-697]],[[27609,73418],[-963,0]],[[27609,74115],[962,0]],[[28571,74115],[0,-697]],[[28571,73418],[-962,0]],[[28571,74115],[932,0]],[[29503,74115],[0,-697]],[[29503,74115],[963,0]],[[30466,74115],[0,-697]],[[30466,73418],[-963,0]],[[30466,74115],[962,0]],[[31428,74115],[0,-697]],[[31428,73418],[-962,0]],[[38075,73418],[0,697]],[[38075,74115],[962,0]],[[39037,74115],[0,-697]],[[41894,73418],[0,697]],[[41894,74115],[963,0]],[[42857,74115],[0,-697]],[[42857,73418],[-963,0]],[[43789,73418],[0,697]],[[43789,74115],[962,0]],[[44751,74115],[0,-697]],[[44751,73418],[-962,0]],[[44751,74115],[963,0]],[[45714,74115],[0,-697]],[[45714,74115],[932,0]],[[46646,74115],[0,-697]],[[46646,73418],[-932,0]],[[46646,74115],[963,0]],[[47609,74115],[0,-697]],[[47609,74115],[962,0]],[[48571,74115],[0,-697]],[[48571,74115],[932,0]],[[49503,74115],[0,-697]],[[49503,74115],[963,0]],[[50466,74115],[0,-697]],[[50466,74115],[962,0]],[[51428,74115],[0,-697]],[[52360,73418],[0,697]],[[52360,74115],[963,0],[0,-697]],[[53323,73418],[-963,0]],[[55217,73418],[0,697],[963,0],[0,-697]],[[26646,74115],[0,698]],[[26646,74813],[963,0]],[[27609,74813],[0,-698]],[[27609,74813],[962,0]],[[28571,74813],[0,-698]],[[28571,74813],[932,0]],[[29503,74813],[0,-698]],[[30466,74115],[0,698],[962,0]],[[31428,74813],[0,-698]],[[31428,74813],[933,0]],[[32361,74813],[0,-698]],[[32361,74115],[-933,0]],[[33323,74115],[0,698]],[[33323,74813],[962,0]],[[34285,74813],[0,-698]],[[34285,74115],[-962,0]],[[35218,74115],[0,698]],[[35218,74813],[962,0]],[[36180,74813],[0,-698]],[[36180,74115],[-962,0]],[[38075,74115],[0,698]],[[38075,74813],[962,0]],[[39037,74813],[0,-698]],[[39037,74813],[963,0]],[[40000,74813],[0,-698]],[[40000,74115],[-963,0]],[[41894,74115],[0,698]],[[41894,74813],[963,0]],[[42857,74813],[0,-698]],[[43789,74115],[0,698]],[[43789,74813],[962,0]],[[44751,74813],[0,-698]],[[44751,74813],[963,0]],[[45714,74813],[0,-698]],[[45714,74813],[932,0]],[[46646,74813],[0,-698]],[[51428,74115],[0,698]],[[51428,74813],[932,0]],[[52360,74813],[0,-698]],[[52360,74115],[-932,0]],[[20000,74813],[0,697]],[[20000,75510],[932,0]],[[20932,75510],[0,-697]],[[20932,74813],[-932,0]],[[20932,75510],[963,0]],[[21895,75510],[0,-697]],[[21895,74813],[-963,0]],[[33323,74813],[0,697]],[[33323,75510],[962,0]],[[34285,75510],[0,-697]],[[37142,74813],[0,697]],[[37142,75510],[933,0]],[[38075,75510],[0,-697]],[[38075,74813],[-933,0]],[[44751,74813],[0,697]],[[44751,75510],[963,0]],[[45714,75510],[0,-697]],[[45714,75510],[932,0]],[[46646,75510],[0,-697]],[[49503,74813],[0,697],[963,0]],[[50466,75510],[0,-697]],[[50466,74813],[-963,0]],[[50466,75510],[962,0]],[[51428,75510],[0,-697]],[[51428,74813],[-962,0]],[[51428,75510],[932,0],[0,-697]],[[11428,75510],[0,722],[933,0]],[[12361,76232],[0,-722]],[[12361,75510],[-933,0]],[[18075,75510],[0,722]],[[18075,76232],[962,0]],[[19037,76232],[0,-722]],[[19037,75510],[-962,0]],[[19037,76232],[963,0]],[[20000,76232],[0,-722]],[[20000,75510],[-963,0]],[[20000,76232],[932,0]],[[20932,76232],[0,-722]],[[20932,76232],[963,0]],[[21895,76232],[0,-722]],[[24752,75510],[0,722]],[[24752,76232],[962,0]],[[25714,76232],[0,-722]],[[25714,75510],[-962,0]],[[34285,75510],[0,722],[933,0]],[[35218,76232],[0,-722]],[[35218,75510],[-933,0]],[[38075,75510],[0,722]],[[38075,76232],[962,0]],[[39037,76232],[0,-722]],[[39037,75510],[-962,0]],[[40000,75510],[0,722]],[[40000,76232],[932,0]],[[40932,76232],[0,-722]],[[40932,75510],[-932,0]],[[40932,76232],[962,0]],[[41894,76232],[0,-722]],[[41894,75510],[-962,0]],[[42857,75510],[0,722]],[[42857,76232],[932,0]],[[43789,76232],[0,-722]],[[43789,75510],[-932,0]],[[45714,75510],[0,722]],[[45714,76232],[932,0]],[[46646,76232],[0,-722]],[[46646,76232],[963,0],[0,-722]],[[47609,75510],[-963,0]],[[50466,75510],[0,722],[962,0],[0,-722]],[[20000,76232],[0,698]],[[20000,76930],[932,0]],[[20932,76930],[0,-698]],[[23789,76232],[0,698]],[[23789,76930],[963,0]],[[24752,76930],[0,-698]],[[24752,76232],[-963,0]],[[24752,76930],[962,0]],[[25714,76930],[0,-698]],[[25714,76930],[932,0]],[[26646,76930],[0,-698]],[[26646,76232],[-932,0]],[[40000,76232],[0,698]],[[40000,76930],[932,0]],[[40932,76930],[0,-698]],[[40932,76930],[962,0]],[[41894,76930],[0,-698]],[[43789,76232],[0,698]],[[43789,76930],[962,0]],[[44751,76930],[0,-698]],[[44751,76232],[-962,0]],[[44751,76930],[963,0]],[[45714,76930],[0,-698]],[[45714,76232],[-963,0]],[[45714,76930],[932,0],[0,-698]],[[18075,76930],[0,697]],[[18075,77627],[962,0]],[[19037,77627],[0,-697]],[[19037,76930],[-962,0]],[[19037,77627],[963,0]],[[20000,77627],[0,-697]],[[20000,76930],[-963,0]],[[20932,76930],[0,697]],[[20932,77627],[963,0]],[[21895,77627],[0,-697]],[[21895,76930],[-963,0]],[[24752,76930],[0,697]],[[24752,77627],[962,0]],[[25714,77627],[0,-697]],[[25714,77627],[932,0]],[[26646,77627],[0,-697]],[[26646,77627],[963,0]],[[27609,77627],[0,-697]],[[27609,76930],[-963,0]],[[44751,76930],[0,697]],[[44751,77627],[963,0]],[[45714,77627],[0,-697]],[[17143,77627],[0,698]],[[17143,78325],[932,0]],[[18075,78325],[0,-698]],[[18075,77627],[-932,0]],[[18075,78325],[962,0]],[[19037,78325],[0,-698]],[[19037,78325],[963,0]],[[20000,78325],[0,-698]],[[20000,78325],[932,0]],[[20932,78325],[0,-698]],[[20932,77627],[-932,0]],[[21895,77627],[0,698]],[[21895,78325],[962,0]],[[22857,78325],[0,-698]],[[22857,77627],[-962,0]],[[25714,77627],[0,698]],[[25714,78325],[932,0]],[[26646,78325],[0,-698]],[[26646,78325],[963,0]],[[27609,78325],[0,-698]],[[27609,78325],[962,0]],[[28571,78325],[0,-698]],[[28571,77627],[-962,0]],[[40932,77627],[0,698]],[[40932,78325],[962,0]],[[41894,78325],[0,-698]],[[41894,77627],[-962,0]],[[41894,78325],[963,0]],[[42857,78325],[0,-698]],[[42857,77627],[-963,0]],[[25714,78325],[0,698]],[[25714,79023],[932,0]],[[26646,79023],[0,-698]],[[26646,79023],[963,0]],[[27609,79023],[0,-698]],[[27609,79023],[962,0],[0,-698]],[[37142,78325],[0,698],[933,0]],[[38075,79023],[0,-698]],[[38075,78325],[-933,0]],[[38075,79023],[962,0]],[[39037,79023],[0,-698]],[[39037,78325],[-962,0]],[[39037,79023],[963,0]],[[40000,79023],[0,-698]],[[40000,78325],[-963,0]],[[41894,78325],[0,698]],[[41894,79023],[963,0]],[[42857,79023],[0,-698]],[[24752,79023],[0,697]],[[24752,79720],[962,0]],[[25714,79720],[0,-697]],[[25714,79023],[-962,0]],[[25714,79720],[932,0]],[[26646,79720],[0,-697]],[[40000,79023],[0,697]],[[40000,79720],[932,0],[0,-697]],[[40932,79023],[-932,0]],[[8571,80418],[933,0]],[[9504,80418],[0,-698]],[[9504,79720],[-933,0],[0,698]],[[9504,80418],[962,0]],[[10466,80418],[0,-698]],[[10466,79720],[-962,0]],[[10466,80418],[962,0]],[[11428,80418],[0,-698],[-962,0]],[[16180,79720],[0,698]],[[16180,80418],[963,0]],[[17143,80418],[0,-698]],[[17143,79720],[-963,0]],[[24752,79720],[0,698]],[[24752,80418],[962,0]],[[25714,80418],[0,-698]],[[4752,81115],[962,0]],[[5714,81115],[0,-697],[-962,0],[0,697]],[[20000,80418],[0,697]],[[20000,81115],[932,0]],[[20932,81115],[0,-697]],[[20932,80418],[-932,0]],[[22857,80418],[0,697]],[[22857,81115],[932,0]],[[23789,81115],[0,-697]],[[23789,80418],[-932,0]],[[25714,80418],[0,697]],[[25714,81115],[932,0]],[[26646,81115],[0,-697]],[[26646,80418],[-932,0]],[[26646,81115],[963,0]],[[27609,81115],[0,-697]],[[27609,80418],[-963,0]],[[1895,81813],[962,0]],[[2857,81813],[0,-698],[-962,0],[0,698]],[[3789,81813],[963,0]],[[4752,81813],[0,-698]],[[4752,81115],[-963,0],[0,698]],[[4752,81813],[962,0]],[[5714,81813],[0,-698]],[[5714,81813],[933,0]],[[6647,81813],[0,-698],[-933,0]],[[20000,81115],[0,698]],[[20000,81813],[932,0]],[[20932,81813],[0,-698]],[[20932,81813],[963,0]],[[21895,81813],[0,-698]],[[21895,81115],[-963,0]],[[24752,81115],[0,698]],[[24752,81813],[962,0]],[[25714,81813],[0,-698]],[[25714,81115],[-962,0]],[[25714,81813],[932,0]],[[26646,81813],[0,-698]],[[1895,81813],[0,698]],[[1895,82511],[962,0]],[[2857,82511],[0,-698]],[[2857,82511],[932,0]],[[3789,82511],[0,-698]],[[3789,81813],[-932,0]],[[3789,82511],[963,0]],[[4752,82511],[0,-698]],[[15218,81813],[0,698]],[[15218,82511],[962,0]],[[16180,82511],[0,-698]],[[16180,81813],[-962,0]],[[20000,81813],[0,698]],[[20000,82511],[932,0]],[[20932,82511],[0,-698]],[[20932,82511],[963,0]],[[21895,82511],[0,-698]],[[1895,83208],[0,-697]],[[1895,82511],[-963,0],[0,697],[963,0]],[[6647,82511],[0,697]],[[6647,83208],[962,0]],[[7609,83208],[0,-697],[-962,0]],[[14286,82511],[0,697]],[[14286,83208],[932,0]],[[15218,83208],[0,-697]],[[15218,82511],[-932,0]],[[15218,83208],[962,0]],[[16180,83208],[0,-697]],[[17143,82511],[0,697]],[[17143,83208],[932,0]],[[18075,83208],[0,-697]],[[18075,82511],[-932,0]],[[18075,83208],[962,0]],[[19037,83208],[0,-697]],[[19037,82511],[-962,0]],[[25714,82511],[0,697]],[[25714,83208],[932,0]],[[26646,83208],[0,-697]],[[26646,82511],[-932,0]],[[26646,83208],[963,0]],[[27609,83208],[0,-697]],[[27609,82511],[-963,0]],[[11428,83208],[0,698]],[[11428,83906],[933,0]],[[12361,83906],[0,-698]],[[12361,83208],[-933,0]],[[16180,83208],[0,698]],[[16180,83906],[963,0]],[[17143,83906],[0,-698]],[[17143,83208],[-963,0]],[[17143,83906],[932,0]],[[18075,83906],[0,-698]],[[18075,83906],[962,0]],[[19037,83906],[0,-698]],[[24752,83208],[0,698]],[[24752,83906],[962,0]],[[25714,83906],[0,-698]],[[25714,83208],[-962,0]],[[25714,83906],[932,0]],[[26646,83906],[0,-698]],[[26646,83906],[963,0]],[[27609,83906],[0,-698]],[[27609,83906],[962,0]],[[28571,83906],[0,-698],[-962,0]],[[9504,84603],[962,0]],[[10466,84603],[0,-697]],[[10466,83906],[-962,0],[0,697]],[[10466,84603],[962,0]],[[11428,84603],[0,-697]],[[11428,83906],[-962,0]],[[16180,83906],[0,697]],[[16180,84603],[963,0]],[[17143,84603],[0,-697]],[[17143,84603],[932,0]],[[18075,84603],[0,-697]],[[22857,83906],[0,697]],[[22857,84603],[932,0]],[[23789,84603],[0,-697]],[[23789,83906],[-932,0]],[[24752,83906],[0,697]],[[24752,84603],[962,0]],[[25714,84603],[0,-697]],[[25714,84603],[932,0]],[[26646,84603],[0,-697]],[[26646,84603],[963,0]],[[27609,84603],[0,-697]],[[0,85301],[932,0]],[[932,85301],[0,-698]],[[932,84603],[-932,0],[0,698]],[[9504,84603],[0,698]],[[9504,85301],[962,0]],[[10466,85301],[0,-698]],[[11428,84603],[0,698]],[[11428,85301],[933,0]],[[12361,85301],[0,-698]],[[12361,84603],[-933,0]],[[16180,84603],[0,698]],[[16180,85301],[963,0]],[[17143,85301],[0,-698]],[[22857,84603],[0,698]],[[22857,85301],[932,0]],[[23789,85301],[0,-698]],[[24752,84603],[0,698]],[[24752,85301],[962,0]],[[25714,85301],[0,-698]],[[26646,84603],[0,698]],[[26646,85301],[963,0]],[[27609,85301],[0,-698]],[[0,85301],[0,698],[932,0]],[[932,85999],[0,-698]],[[932,85999],[963,0]],[[1895,85999],[0,-698]],[[1895,85301],[-963,0]],[[9504,85301],[0,698],[962,0]],[[10466,85999],[0,-698]],[[10466,85999],[962,0]],[[11428,85999],[0,-698]],[[11428,85301],[-962,0]],[[12361,85301],[0,698]],[[12361,85999],[962,0]],[[13323,85999],[0,-698]],[[13323,85301],[-962,0]],[[16180,85301],[0,698]],[[16180,85999],[963,0]],[[17143,85999],[0,-698]],[[19037,85301],[0,698]],[[19037,85999],[963,0]],[[20000,85999],[0,-698]],[[20000,85301],[-963,0]],[[20000,85999],[932,0]],[[20932,85999],[0,-698]],[[20932,85301],[-932,0]],[[25714,85301],[0,698]],[[25714,85999],[932,0]],[[26646,85999],[0,-698]],[[26646,85301],[-932,0]],[[932,85999],[0,721]],[[932,86720],[963,0]],[[1895,86720],[0,-721]],[[12361,85999],[0,721]],[[12361,86720],[962,0]],[[13323,86720],[0,-721]],[[19037,85999],[0,721]],[[19037,86720],[963,0]],[[20000,86720],[0,-721]],[[19037,86720],[0,698]],[[19037,87418],[963,0]],[[20000,87418],[0,-698]],[[20000,87418],[932,0]],[[20932,87418],[0,-698]],[[20932,86720],[-932,0]],[[20932,87418],[963,0]],[[21895,87418],[0,-698]],[[21895,86720],[-963,0]],[[21895,87418],[962,0]],[[22857,87418],[0,-698]],[[22857,86720],[-962,0]],[[23789,86720],[0,698]],[[23789,87418],[963,0]],[[24752,87418],[0,-698]],[[24752,86720],[-963,0]],[[19037,87418],[0,698]],[[19037,88116],[963,0]],[[20000,88116],[0,-698]],[[20932,87418],[0,698]],[[20932,88116],[963,0]],[[21895,88116],[0,-698]],[[21895,88116],[962,0]],[[22857,88116],[0,-698]],[[24752,87418],[0,698]],[[24752,88116],[962,0]],[[25714,88116],[0,-698]],[[25714,87418],[-962,0]],[[17143,88116],[0,697]],[[17143,88813],[932,0]],[[18075,88813],[0,-697]],[[18075,88116],[-932,0]],[[18075,88813],[962,0]],[[19037,88813],[0,-697]],[[19037,88116],[-962,0]],[[19037,88813],[963,0]],[[20000,88813],[0,-697]],[[6647,88813],[0,698]],[[6647,89511],[962,0]],[[7609,89511],[0,-698]],[[7609,88813],[-962,0]],[[18075,88813],[0,698]],[[18075,89511],[962,0]],[[19037,89511],[0,-698]],[[19037,89511],[963,0]],[[20000,89511],[0,-698]],[[20932,88813],[0,698]],[[20932,89511],[963,0]],[[21895,89511],[0,-698]],[[21895,88813],[-963,0]],[[0,89511],[0,697]],[[0,90208],[932,0]],[[932,90208],[0,-697]],[[932,89511],[-932,0]],[[19037,89511],[0,697]],[[19037,90208],[963,0]],[[20000,90208],[0,-697]],[[21895,89511],[0,697]],[[21895,90208],[962,0]],[[22857,90208],[0,-697]],[[22857,89511],[-962,0]],[[22857,90208],[932,0]],[[23789,90208],[0,-697]],[[23789,89511],[-932,0]],[[17143,90208],[0,698]],[[17143,90906],[932,0]],[[18075,90906],[0,-698]],[[18075,90208],[-932,0]],[[20932,90208],[0,698]],[[20932,90906],[963,0]],[[21895,90906],[0,-698]],[[21895,90208],[-963,0]],[[21895,90906],[962,0]],[[22857,90906],[0,-698]],[[22857,90906],[932,0]],[[23789,90906],[0,-698]],[[0,90906],[0,698]],[[0,91604],[932,0]],[[932,91604],[0,-698]],[[932,90906],[-932,0]],[[932,91604],[963,0]],[[1895,91604],[0,-698]],[[1895,90906],[-963,0]],[[17143,90906],[0,698]],[[17143,91604],[932,0]],[[18075,91604],[0,-698]],[[0,91604],[0,697]],[[0,92301],[932,0]],[[932,92301],[0,-697]],[[932,92301],[963,0]],[[1895,92301],[0,-697]],[[1895,92301],[962,0]],[[2857,92301],[0,-697]],[[2857,91604],[-962,0]],[[13323,91604],[0,697]],[[13323,92301],[963,0]],[[14286,92301],[0,-697]],[[14286,91604],[-963,0]],[[16180,91604],[0,697]],[[16180,92301],[963,0]],[[17143,92301],[0,-697]],[[17143,91604],[-963,0]],[[17143,92301],[932,0]],[[18075,92301],[0,-697]],[[23789,91604],[0,697]],[[23789,92301],[963,0]],[[24752,92301],[0,-697]],[[24752,91604],[-963,0]],[[0,92301],[0,698],[932,0]],[[932,92999],[0,-698]],[[932,92999],[963,0]],[[1895,92999],[0,-698]],[[1895,92999],[962,0]],[[2857,92999],[0,-698]],[[20000,92301],[0,698]],[[20000,92999],[932,0]],[[20932,92999],[0,-698]],[[20932,92301],[-932,0]],[[20932,92999],[963,0]],[[21895,92999],[0,-698]],[[21895,92301],[-963,0]],[[5714,92999],[0,697]],[[5714,93696],[933,0]],[[6647,93696],[0,-697]],[[6647,92999],[-933,0]],[[6647,93696],[962,0]],[[7609,93696],[0,-697]],[[7609,92999],[-962,0]],[[20000,92999],[0,697]],[[20000,93696],[932,0]],[[20932,93696],[0,-697]],[[20932,93696],[963,0]],[[21895,93696],[0,-697]],[[6647,93696],[0,698]],[[6647,94394],[962,0]],[[7609,94394],[0,-698]],[[13323,93696],[0,698]],[[13323,94394],[963,0]],[[14286,94394],[0,-698]],[[14286,93696],[-963,0]],[[21895,93696],[0,698]],[[21895,94394],[962,0]],[[22857,94394],[0,-698]],[[22857,93696],[-962,0]],[[5714,94394],[0,698]],[[5714,95092],[933,0]],[[6647,95092],[0,-698]],[[6647,94394],[-933,0]],[[6647,95092],[962,0]],[[7609,95092],[0,-698]],[[7609,95092],[962,0]],[[8571,95092],[0,-698]],[[8571,94394],[-962,0]],[[16180,94394],[0,698]],[[16180,95092],[963,0]],[[17143,95092],[0,-698]],[[17143,94394],[-963,0]],[[17143,95092],[932,0]],[[18075,95092],[0,-698]],[[18075,94394],[-932,0]],[[20932,94394],[0,698]],[[20932,95092],[963,0]],[[21895,95092],[0,-698]],[[21895,94394],[-963,0]],[[21895,95092],[962,0]],[[22857,95092],[0,-698]],[[22857,95092],[932,0]],[[23789,95092],[0,-698]],[[23789,94394],[-932,0]],[[5714,95092],[0,697]],[[5714,95789],[933,0]],[[6647,95789],[0,-697]],[[9504,95092],[0,697]],[[9504,95789],[962,0]],[[10466,95789],[0,-697]],[[10466,95092],[-962,0]],[[16180,95092],[0,697]],[[16180,95789],[963,0]],[[17143,95789],[0,-697]],[[17143,95789],[932,0]],[[18075,95789],[0,-697]],[[19037,95092],[0,697]],[[19037,95789],[963,0]],[[20000,95789],[0,-697]],[[20000,95092],[-963,0]],[[20932,95092],[0,697]],[[20932,95789],[963,0]],[[21895,95789],[0,-697]],[[21895,95789],[962,0]],[[22857,95789],[0,-697]],[[22857,95789],[932,0]],[[23789,95789],[0,-697]],[[23789,95789],[963,0]],[[24752,95789],[0,-697],[-963,0]],[[5714,95789],[0,722]],[[5714,96511],[933,0]],[[6647,96511],[0,-722]],[[7609,95789],[0,722]],[[7609,96511],[962,0]],[[8571,96511],[0,-722]],[[8571,95789],[-962,0]],[[8571,96511],[933,0]],[[9504,96511],[0,-722]],[[9504,95789],[-933,0]],[[9504,96511],[962,0]],[[10466,96511],[0,-722]],[[10466,96511],[962,0]],[[11428,96511],[0,-722]],[[11428,95789],[-962,0]],[[19037,95789],[0,722]],[[19037,96511],[963,0]],[[20000,96511],[0,-722]],[[20000,96511],[932,0]],[[20932,96511],[0,-722]],[[20932,95789],[-932,0]],[[20932,96511],[963,0]],[[21895,96511],[0,-722]],[[21895,96511],[962,0]],[[22857,96511],[0,-722]],[[22857,96511],[932,0]],[[23789,96511],[0,-722]],[[23789,96511],[963,0]],[[24752,96511],[0,-722]],[[9504,96511],[0,698],[962,0]],[[10466,97209],[0,-698]],[[20000,96511],[0,698]],[[20000,97209],[932,0]],[[20932,97209],[0,-698]],[[20932,97209],[963,0]],[[21895,97209],[0,-698]],[[21895,97209],[962,0]],[[22857,97209],[0,-698]],[[24752,96511],[0,698]],[[24752,97209],[962,0],[0,-698],[-962,0]],[[932,97209],[0,697],[963,0]],[[1895,97906],[0,-697]],[[1895,97209],[-963,0]],[[16180,97209],[0,697]],[[16180,97906],[963,0]],[[17143,97906],[0,-697]],[[17143,97209],[-963,0]],[[22857,97209],[0,697]],[[22857,97906],[932,0]],[[23789,97906],[0,-697]],[[23789,97209],[-932,0]],[[20932,97906],[0,698]],[[20932,98604],[963,0]],[[21895,98604],[0,-698]],[[21895,97906],[-963,0]],[[21895,98604],[962,0]],[[22857,98604],[0,-698]],[[22857,97906],[-962,0]],[[21895,98604],[0,697]],[[21895,99301],[962,0]],[[22857,99301],[0,-697]],[[71428,698],[932,0]],[[72360,698],[0,-698],[-932,0]],[[70465,698],[-962,0],[0,697]],[[71428,1395],[932,0]],[[72360,1395],[0,-697]],[[72360,1395],[963,0]],[[73323,1395],[0,-697],[-963,0]],[[70465,2093],[963,0]],[[71428,2093],[0,-698]],[[71428,2093],[932,0]],[[72360,2093],[0,-698]],[[72360,2093],[963,0]],[[73323,2093],[0,-698]],[[61894,2790],[963,0]],[[62857,2093],[-963,0]],[[65714,2790],[0,-697]],[[65714,2093],[-963,0]],[[65714,2790],[932,0]],[[66646,2790],[0,-697]],[[66646,2093],[-932,0]],[[66646,2790],[962,0]],[[67608,2790],[0,-697]],[[67608,2093],[-962,0]],[[67608,2790],[963,0]],[[68571,2093],[-963,0]],[[72360,2093],[0,697]],[[72360,2790],[963,0]],[[59037,2790],[-962,0],[0,698]],[[66646,3488],[0,-698]],[[66646,3488],[962,0]],[[67608,3488],[0,-698]],[[67608,3488],[963,0]],[[68571,3488],[0,-698]],[[68571,3488],[932,0]],[[69503,3488],[0,-698]],[[69503,3488],[962,0]],[[70465,3488],[0,-698]],[[71428,3488],[0,-698]],[[71428,2790],[-963,0]],[[72360,3488],[0,-698]],[[72360,2790],[-932,0]],[[73323,2790],[0,698]],[[73323,3488],[962,0]],[[74285,3488],[0,-698]],[[74285,3488],[932,0]],[[75217,3488],[0,-698],[-932,0]],[[66646,4186],[962,0]],[[67608,4186],[0,-698]],[[67608,4186],[963,0]],[[68571,4186],[0,-698]],[[69503,4186],[0,-698]],[[72360,4186],[963,0]],[[73323,4186],[0,-698]],[[73323,3488],[-963,0]],[[73323,4186],[962,0]],[[74285,4186],[0,-698]],[[74285,4186],[932,0]],[[75217,4186],[0,-698]],[[75217,4186],[963,0]],[[76180,3488],[-963,0]],[[58075,4883],[962,0]],[[64751,4883],[963,0]],[[65714,4883],[0,-697]],[[65714,4883],[932,0]],[[66646,4883],[0,-697]],[[67608,4186],[0,697]],[[67608,4883],[963,0]],[[70465,4883],[963,0]],[[71428,4883],[0,-697]],[[71428,4883],[932,0]],[[72360,4883],[0,-697]],[[72360,4883],[963,0]],[[73323,4883],[0,-697]],[[73323,4883],[962,0]],[[74285,4883],[0,-697]],[[74285,4883],[932,0]],[[75217,4883],[0,-697]],[[75217,4883],[963,0]],[[77142,4883],[932,0]],[[78074,4883],[0,-697],[-932,0]],[[57142,4883],[0,698]],[[58075,5581],[0,-698]],[[58075,5581],[962,0]],[[59037,5581],[0,-698]],[[59037,5581],[962,0]],[[59999,5581],[0,-698]],[[59999,5581],[933,0]],[[60932,5581],[0,-698]],[[60932,5581],[962,0]],[[63789,5581],[0,-698]],[[63789,5581],[962,0]],[[64751,5581],[0,-698]],[[64751,5581],[963,0]],[[65714,5581],[0,-698]],[[65714,5581],[932,0]],[[66646,5581],[0,-698]],[[66646,5581],[962,0]],[[67608,5581],[0,-698]],[[67608,4883],[-962,0]],[[68571,5581],[0,-698]],[[69503,5581],[0,-698]],[[69503,5581],[962,0]],[[70465,5581],[0,-698]],[[71428,5581],[0,-698]],[[72360,5581],[0,-698]],[[72360,5581],[963,0]],[[73323,5581],[0,-698]],[[73323,5581],[962,0]],[[74285,5581],[0,-698]],[[74285,5581],[932,0]],[[75217,5581],[0,-698]],[[75217,5581],[963,0]],[[77142,5581],[932,0]],[[78074,5581],[0,-698]],[[78074,5581],[963,0]],[[79037,5581],[0,-698]],[[79037,4883],[-963,0]],[[79037,5581],[962,0]],[[79999,5581],[0,-698]],[[79999,4883],[-962,0]],[[79999,5581],[933,0]],[[80932,5581],[0,-698],[-933,0]],[[59037,6303],[0,-722]],[[59999,5581],[0,722]],[[59999,6303],[933,0]],[[60932,6303],[0,-722]],[[60932,6303],[962,0]],[[61894,6303],[0,-722]],[[63789,6303],[962,0]],[[64751,6303],[0,-722]],[[64751,6303],[963,0]],[[65714,6303],[0,-722]],[[65714,6303],[932,0]],[[66646,6303],[0,-722]],[[69503,6303],[962,0]],[[72360,6303],[963,0]],[[73323,6303],[0,-722]],[[74285,6303],[0,-722]],[[74285,6303],[932,0]],[[75217,6303],[0,-722]],[[75217,6303],[963,0]],[[76180,6303],[0,-722]],[[76180,6303],[962,0]],[[77142,6303],[0,-722]],[[77142,6303],[932,0]],[[78074,6303],[0,-722]],[[78074,6303],[963,0]],[[79037,6303],[0,-722]],[[79999,6303],[0,-722]],[[79999,6303],[933,0]],[[80932,6303],[0,-722]],[[80932,6303],[962,0]],[[81894,6303],[0,-722],[-962,0]],[[60932,6303],[0,697]],[[60932,7000],[962,0]],[[61894,7000],[0,-697]],[[61894,7000],[963,0]],[[62857,7000],[0,-697]],[[62857,6303],[-963,0]],[[62857,7000],[932,0]],[[63789,7000],[0,-697]],[[63789,7000],[962,0]],[[64751,7000],[0,-697]],[[64751,7000],[963,0]],[[65714,7000],[0,-697]],[[67608,6303],[0,697]],[[67608,7000],[963,0]],[[68571,7000],[0,-697]],[[68571,7000],[932,0]],[[69503,7000],[0,-697]],[[70465,7000],[0,-697]],[[70465,7000],[963,0]],[[72360,7000],[963,0]],[[74285,7000],[932,0]],[[75217,7000],[0,-697]],[[76180,7000],[0,-697]],[[76180,7000],[962,0]],[[77142,7000],[0,-697]],[[77142,7000],[932,0]],[[78074,7000],[0,-697]],[[78074,7000],[963,0]],[[79999,7000],[933,0]],[[80932,7000],[0,-697]],[[80932,7000],[962,0]],[[81894,7000],[0,-697]],[[81894,7000],[962,0]],[[82856,7000],[0,-697],[-962,0]],[[59037,7000],[0,698]],[[59037,7698],[962,0]],[[59999,7698],[0,-698]],[[59999,7000],[-962,0]],[[61894,7000],[0,698]],[[61894,7698],[963,0]],[[62857,7698],[0,-698]],[[62857,7698],[932,0]],[[63789,7698],[0,-698]],[[67608,7000],[0,698]],[[68571,7698],[0,-698]],[[68571,7698],[932,0]],[[71428,7698],[0,-698]],[[72360,7000],[0,698]],[[72360,7698],[963,0]],[[73323,7698],[0,-698]],[[74285,7698],[0,-698]],[[76180,7698],[962,0]],[[77142,7698],[0,-698]],[[79037,7000],[0,698]],[[79037,7698],[962,0]],[[79999,7698],[0,-698]],[[79999,7698],[933,0]],[[80932,7698],[0,-698]],[[80932,7698],[962,0]],[[81894,7698],[0,-698]],[[81894,7698],[962,0]],[[83789,7698],[962,0]],[[84751,7698],[0,-698]],[[84751,7000],[-962,0]],[[84751,7698],[962,0]],[[85713,7000],[-962,0]],[[57142,7698],[0,697]],[[57142,8395],[933,0]],[[58075,8395],[0,-697]],[[58075,7698],[-933,0]],[[58075,8395],[962,0]],[[59037,8395],[0,-697]],[[59037,7698],[-962,0]],[[59037,8395],[962,0]],[[59999,8395],[0,-697]],[[59999,8395],[933,0]],[[60932,8395],[0,-697]],[[60932,7698],[-933,0]],[[60932,8395],[962,0]],[[61894,8395],[0,-697]],[[61894,7698],[-962,0]],[[61894,8395],[963,0]],[[62857,8395],[0,-697]],[[62857,8395],[932,0]],[[63789,8395],[0,-697]],[[63789,8395],[962,0]],[[64751,8395],[0,-697]],[[64751,7698],[-962,0]],[[64751,8395],[963,0]],[[65714,8395],[0,-697]],[[65714,7698],[-963,0]],[[65714,8395],[932,0]],[[66646,8395],[0,-697]],[[66646,7698],[-932,0]],[[66646,8395],[962,0]],[[67608,7698],[-962,0]],[[68571,8395],[932,0]],[[72360,8395],[963,0]],[[76180,8395],[962,0]],[[77142,8395],[0,-697]],[[78074,7698],[0,697]],[[78074,8395],[963,0]],[[79037,8395],[0,-697]],[[79037,7698],[-963,0]],[[79037,8395],[962,0]],[[79999,8395],[0,-697]],[[79999,8395],[933,0]],[[80932,8395],[0,-697]],[[82856,7698],[0,697]],[[82856,8395],[933,0]],[[83789,8395],[0,-697]],[[83789,8395],[962,0]],[[84751,8395],[0,-697]],[[57142,8395],[0,698]],[[57142,9093],[933,0]],[[58075,9093],[0,-698]],[[58075,9093],[962,0]],[[59037,9093],[0,-698]],[[59037,9093],[962,0]],[[59999,9093],[0,-698]],[[59999,9093],[933,0]],[[60932,9093],[0,-698]],[[60932,9093],[962,0]],[[61894,9093],[0,-698]],[[61894,9093],[963,0]],[[62857,9093],[0,-698]],[[62857,9093],[932,0]],[[63789,9093],[0,-698]],[[63789,9093],[962,0]],[[64751,9093],[0,-698]],[[64751,9093],[963,0]],[[65714,9093],[0,-698]],[[65714,9093],[932,0]],[[66646,9093],[0,-698]],[[66646,9093],[962,0]],[[67608,9093],[0,-698]],[[67608,9093],[963,0]],[[68571,9093],[0,-698]],[[68571,9093],[932,0]],[[71428,9093],[0,-698]],[[71428,9093],[932,0]],[[72360,9093],[0,-698]],[[77142,9093],[0,-698]],[[77142,9093],[932,0]],[[78074,9093],[0,-698]],[[78074,8395],[-932,0]],[[79037,9093],[0,-698]],[[79999,9093],[0,-698]],[[79999,9093],[933,0]],[[80932,9093],[0,-698]],[[81894,9093],[0,-698]],[[81894,8395],[-962,0]],[[82856,9093],[0,-698]],[[82856,8395],[-962,0]],[[83789,8395],[0,698]],[[83789,9093],[962,0]],[[84751,9093],[0,-698]],[[84751,9093],[962,0]],[[85713,9093],[0,-698]],[[85713,8395],[-962,0]],[[85713,9093],[933,0]],[[86646,9093],[0,-698]],[[86646,8395],[-933,0]],[[56180,9093],[0,698]],[[56180,9791],[962,0]],[[57142,9791],[0,-698]],[[57142,9093],[-962,0]],[[58075,9093],[0,698]],[[58075,9791],[962,0]],[[59037,9791],[0,-698]],[[59037,9791],[962,0]],[[59999,9791],[0,-698]],[[59999,9791],[933,0]],[[60932,9791],[0,-698]],[[60932,9791],[962,0]],[[61894,9791],[0,-698]],[[61894,9791],[963,0]],[[62857,9791],[0,-698]],[[62857,9791],[932,0]],[[63789,9791],[0,-698]],[[67608,9093],[0,698]],[[67608,9791],[963,0]],[[68571,9791],[0,-698]],[[69503,9093],[0,698]],[[69503,9791],[962,0]],[[83789,9791],[0,-698]],[[83789,9093],[-933,0]],[[84751,9791],[0,-698]],[[85713,9791],[0,-698]],[[85713,9791],[933,0]],[[86646,9791],[0,-698]],[[58075,9791],[0,697]],[[58075,10488],[962,0]],[[59037,10488],[0,-697]],[[59037,10488],[962,0]],[[59999,10488],[0,-697]],[[59999,10488],[933,0]],[[60932,10488],[0,-697]],[[60932,10488],[962,0]],[[61894,10488],[0,-697]],[[61894,10488],[963,0]],[[62857,10488],[0,-697]],[[64751,9791],[0,697]],[[64751,10488],[963,0]],[[65714,10488],[0,-697]],[[65714,9791],[-963,0]],[[66646,9791],[0,697]],[[66646,10488],[962,0]],[[67608,10488],[0,-697]],[[67608,9791],[-962,0]],[[67608,10488],[963,0]],[[68571,10488],[0,-697]],[[75217,10488],[963,0]],[[78074,10488],[963,0]],[[80932,10488],[962,0]],[[85713,10488],[933,0],[0,-697]],[[57142,11186],[933,0]],[[58075,11186],[0,-698]],[[58075,10488],[-933,0]],[[58075,11186],[962,0]],[[59037,11186],[0,-698]],[[59037,11186],[962,0]],[[59999,11186],[0,-698]],[[59999,11186],[933,0]],[[60932,11186],[0,-698]],[[62857,10488],[0,698]],[[62857,11186],[932,0]],[[63789,11186],[0,-698]],[[63789,10488],[-932,0]],[[65714,10488],[0,698]],[[65714,11186],[932,0]],[[66646,11186],[0,-698]],[[66646,10488],[-932,0]],[[66646,11186],[962,0]],[[67608,11186],[0,-698]],[[67608,11186],[963,0]],[[68571,11186],[0,-698]],[[68571,11186],[932,0]],[[69503,11186],[0,-698]],[[69503,10488],[-932,0]],[[69503,11186],[962,0]],[[70465,11186],[0,-698]],[[70465,10488],[-962,0]],[[71428,10488],[-963,0]],[[72360,11186],[963,0]],[[73323,11186],[0,-698]],[[73323,11186],[962,0]],[[74285,11186],[0,-698]],[[74285,11186],[932,0]],[[75217,11186],[0,-698]],[[79037,10488],[0,698]],[[56180,11186],[0,697]],[[56180,11883],[962,0]],[[57142,11883],[0,-697]],[[57142,11883],[933,0]],[[58075,11883],[0,-697]],[[58075,11883],[962,0]],[[59037,11883],[0,-697]],[[59037,11883],[962,0]],[[59999,11883],[0,-697]],[[61894,11186],[0,697]],[[61894,11883],[963,0]],[[62857,11883],[0,-697]],[[62857,11186],[-963,0]],[[62857,11883],[932,0]],[[63789,11883],[0,-697]],[[63789,11883],[962,0]],[[64751,11883],[0,-697]],[[64751,11186],[-962,0]],[[64751,11883],[963,0]],[[65714,11883],[0,-697]],[[65714,11186],[-963,0]],[[65714,11883],[932,0]],[[66646,11883],[0,-697]],[[67608,11186],[0,697]],[[67608,11883],[963,0]],[[68571,11883],[0,-697]],[[68571,11883],[932,0]],[[69503,11883],[0,-697]],[[69503,11883],[962,0]],[[73323,11883],[0,-697]],[[74285,11883],[0,-697]],[[78074,11883],[0,-697]],[[79037,11186],[-963,0]],[[59037,11883],[0,698]],[[59037,12581],[962,0]],[[59999,12581],[0,-698]],[[59999,12581],[933,0]],[[60932,12581],[0,-698]],[[60932,11883],[-933,0]],[[60932,12581],[962,0]],[[61894,12581],[0,-698]],[[61894,11883],[-962,0]],[[62857,11883],[0,698]],[[62857,12581],[932,0]],[[63789,12581],[0,-698]],[[64751,11883],[0,698]],[[64751,12581],[963,0]],[[65714,12581],[0,-698]],[[65714,12581],[932,0]],[[66646,12581],[0,-698]],[[66646,12581],[962,0]],[[67608,12581],[0,-698]],[[67608,11883],[-962,0]],[[67608,12581],[963,0]],[[68571,12581],[0,-698]],[[68571,12581],[932,0]],[[69503,12581],[0,-698]],[[70465,12581],[0,-698]],[[70465,12581],[963,0]],[[74285,12581],[932,0]],[[75217,12581],[0,-698]],[[75217,11883],[-932,0]],[[75217,12581],[963,0]],[[76180,12581],[0,-698]],[[80932,12581],[962,0]],[[83789,12581],[962,0]],[[84751,12581],[0,-698]],[[84751,12581],[962,0]],[[57142,12581],[0,698]],[[57142,13279],[933,0]],[[58075,13279],[0,-698]],[[58075,12581],[-933,0]],[[59037,12581],[0,698]],[[59037,13279],[962,0]],[[59999,13279],[0,-698]],[[62857,12581],[0,698]],[[62857,13279],[932,0]],[[63789,13279],[0,-698]],[[64751,12581],[0,698]],[[64751,13279],[963,0]],[[65714,13279],[0,-698]],[[67608,12581],[0,698]],[[67608,13279],[963,0]],[[68571,13279],[0,-698]],[[74285,13279],[932,0]],[[75217,13279],[0,-698]],[[80932,13279],[962,0]],[[81894,13279],[0,-698]],[[81894,13279],[962,0]],[[84751,13279],[0,-698]],[[85713,13279],[0,-698]],[[86646,13279],[0,-698]],[[59037,13279],[0,697]],[[59037,13976],[962,0]],[[59999,13976],[0,-697]],[[63789,13279],[0,697]],[[63789,13976],[962,0]],[[64751,13976],[0,-697]],[[64751,13279],[-962,0]],[[64751,13976],[963,0]],[[65714,13976],[0,-697]],[[65714,13976],[932,0]],[[66646,13976],[0,-697]],[[66646,13279],[-932,0]],[[67608,13976],[0,-697]],[[67608,13279],[-962,0]],[[67608,13976],[963,0]],[[69503,13976],[962,0]],[[73323,13976],[962,0]],[[74285,13976],[0,-697]],[[74285,13976],[932,0]],[[79999,13279],[0,697]],[[79999,13976],[933,0]],[[80932,13976],[0,-697]],[[80932,13976],[962,0]],[[81894,13976],[0,-697]],[[81894,13976],[962,0]],[[59037,13976],[0,698]],[[59037,14674],[962,0]],[[59999,14674],[0,-698]],[[59999,14674],[933,0]],[[60932,14674],[0,-698]],[[60932,13976],[-933,0]],[[65714,13976],[0,698]],[[65714,14674],[932,0]],[[68571,14674],[0,-698]],[[68571,14674],[932,0]],[[69503,14674],[0,-698]],[[70465,14674],[0,-698]],[[70465,14674],[963,0]],[[71428,14674],[0,-698]],[[73323,14674],[962,0]],[[74285,14674],[0,-698]],[[74285,14674],[932,0]],[[77142,14674],[932,0]],[[78074,14674],[0,-698]],[[80932,13976],[0,698]],[[80932,14674],[962,0]],[[81894,14674],[0,-698]],[[81894,14674],[962,0]],[[59037,14674],[0,698]],[[59037,15372],[962,0]],[[59999,15372],[0,-698]],[[59999,15372],[933,0]],[[60932,15372],[0,-698]],[[64751,15372],[963,0]],[[65714,15372],[0,-698]],[[65714,14674],[-963,0]],[[65714,15372],[932,0]],[[66646,15372],[0,-698]],[[66646,15372],[962,0]],[[68571,15372],[932,0]],[[70465,15372],[963,0]],[[74285,15372],[0,-698]],[[74285,15372],[932,0]],[[75217,15372],[0,-698]],[[76180,15372],[0,-698]],[[77142,15372],[0,-698]],[[78074,15372],[0,-698]],[[79999,14674],[0,698]],[[79999,15372],[933,0]],[[80932,15372],[0,-698]],[[80932,14674],[-933,0]],[[81894,15372],[0,-698]],[[82856,15372],[0,-698]],[[86646,15372],[0,-698]],[[58075,16069],[962,0]],[[59037,16069],[0,-697]],[[59037,15372],[-962,0]],[[59037,16069],[962,0]],[[59999,16069],[0,-697]],[[59999,16069],[933,0]],[[60932,16069],[0,-697]],[[63789,15372],[0,697]],[[63789,16069],[962,0]],[[64751,16069],[0,-697]],[[65714,15372],[0,697]],[[65714,16069],[932,0]],[[66646,16069],[0,-697]],[[66646,16069],[962,0]],[[67608,16069],[0,-697]],[[68571,15372],[0,697]],[[68571,16069],[932,0]],[[69503,16069],[0,-697]],[[71428,15372],[0,697]],[[72360,16069],[0,-697]],[[78074,16069],[963,0]],[[79037,16069],[0,-697]],[[79037,15372],[-963,0]],[[79999,15372],[0,697]],[[83789,16069],[962,0]],[[84751,16069],[0,-697]],[[58075,16791],[962,0]],[[59037,16791],[0,-722]],[[59037,16791],[962,0]],[[59999,16791],[0,-722]],[[59999,16791],[933,0]],[[60932,16791],[0,-722]],[[60932,16791],[962,0]],[[61894,16791],[0,-722]],[[61894,16069],[-962,0]],[[61894,16791],[963,0]],[[62857,16791],[0,-722]],[[62857,16069],[-963,0]],[[62857,16791],[932,0]],[[63789,16791],[0,-722]],[[63789,16069],[-932,0]],[[63789,16791],[962,0]],[[64751,16791],[0,-722]],[[64751,16791],[963,0]],[[65714,16791],[0,-722]],[[65714,16069],[-963,0]],[[65714,16791],[932,0]],[[66646,16791],[0,-722]],[[66646,16791],[962,0]],[[67608,16791],[0,-722]],[[67608,16791],[963,0]],[[68571,16791],[0,-722]],[[68571,16069],[-963,0]],[[68571,16791],[932,0]],[[69503,16791],[0,-722]],[[69503,16791],[962,0]],[[70465,16791],[0,-722]],[[70465,16069],[-962,0]],[[70465,16791],[963,0]],[[71428,16069],[-963,0]],[[77142,16791],[932,0]],[[78074,16791],[0,-722]],[[83789,16791],[0,-722]],[[85713,16791],[933,0],[0,-722]],[[58075,17488],[0,-697]],[[58075,17488],[962,0]],[[59037,17488],[0,-697]],[[59037,17488],[962,0]],[[59999,17488],[0,-697]],[[59999,17488],[933,0]],[[60932,17488],[0,-697]],[[60932,17488],[962,0]],[[61894,17488],[0,-697]],[[62857,16791],[0,697]],[[62857,17488],[932,0]],[[63789,17488],[0,-697]],[[64751,16791],[0,697]],[[64751,17488],[963,0]],[[65714,17488],[0,-697]],[[65714,17488],[932,0]],[[66646,17488],[0,-697]],[[66646,17488],[962,0]],[[67608,17488],[0,-697]],[[67608,17488],[963,0]],[[68571,17488],[0,-697]],[[68571,17488],[932,0]],[[69503,17488],[0,-697]],[[69503,17488],[962,0]],[[70465,17488],[0,-697]],[[70465,17488],[963,0]],[[71428,17488],[0,-697]],[[71428,17488],[932,0]],[[76180,17488],[962,0]],[[77142,17488],[0,-697]],[[77142,17488],[932,0]],[[79037,17488],[962,0]],[[79999,17488],[0,-697]],[[80932,17488],[0,-697]],[[80932,17488],[962,0]],[[81894,17488],[0,-697]],[[58075,18186],[962,0]],[[59037,18186],[0,-698]],[[59037,18186],[962,0]],[[59999,18186],[0,-698]],[[59999,18186],[933,0]],[[60932,18186],[0,-698]],[[60932,18186],[962,0]],[[61894,18186],[0,-698]],[[65714,17488],[0,698]],[[65714,18186],[932,0]],[[66646,18186],[0,-698]],[[66646,18186],[962,0]],[[67608,18186],[0,-698]],[[67608,18186],[963,0]],[[68571,18186],[0,-698]],[[68571,18186],[932,0]],[[69503,18186],[0,-698]],[[69503,18186],[962,0]],[[70465,18186],[0,-698]],[[70465,18186],[963,0]],[[71428,18186],[0,-698]],[[71428,18186],[932,0]],[[76180,18186],[962,0]],[[77142,18186],[0,-698]],[[77142,18186],[932,0]],[[78074,18186],[0,-698]],[[78074,18186],[963,0]],[[79037,18186],[0,-698]],[[79037,18186],[962,0]],[[84751,18186],[962,0]],[[85713,18186],[0,-698]],[[58075,18186],[0,698]],[[58075,18884],[962,0]],[[59037,18884],[0,-698]],[[59037,18884],[962,0]],[[59999,18884],[0,-698]],[[59999,18884],[933,0]],[[60932,18884],[0,-698]],[[62857,18186],[0,698]],[[62857,18884],[932,0]],[[63789,18884],[0,-698]],[[63789,18186],[-932,0]],[[63789,18884],[962,0]],[[64751,18884],[0,-698]],[[64751,18186],[-962,0]],[[65714,18186],[0,698]],[[65714,18884],[932,0]],[[66646,18884],[0,-698]],[[67608,18186],[0,698]],[[67608,18884],[963,0]],[[68571,18884],[0,-698]],[[68571,18884],[932,0]],[[69503,18884],[0,-698]],[[69503,18884],[962,0]],[[70465,18884],[0,-698]],[[71428,18884],[0,-698]],[[76180,18884],[962,0]],[[77142,18884],[0,-698]],[[77142,18884],[932,0]],[[78074,18884],[0,-698]],[[78074,18884],[963,0]],[[79037,18884],[0,-698]],[[84751,18884],[962,0],[0,-698]],[[57142,19581],[933,0]],[[58075,19581],[0,-697]],[[58075,18884],[-933,0]],[[59037,18884],[0,697]],[[59037,19581],[962,0]],[[59999,19581],[0,-697]],[[59999,19581],[933,0]],[[60932,19581],[0,-697]],[[62857,18884],[0,697]],[[62857,19581],[932,0]],[[63789,19581],[0,-697]],[[63789,19581],[962,0]],[[64751,19581],[0,-697]],[[65714,18884],[0,697]],[[65714,19581],[932,0]],[[68571,18884],[0,697]],[[68571,19581],[932,0]],[[69503,19581],[0,-697]],[[69503,19581],[962,0]],[[76180,19581],[962,0]],[[77142,19581],[0,-697]],[[78074,19581],[0,-697]],[[78074,19581],[963,0]],[[56180,19581],[0,698]],[[56180,20279],[962,0]],[[57142,20279],[0,-698]],[[58075,19581],[0,698]],[[58075,20279],[962,0]],[[59037,20279],[0,-698]],[[59037,19581],[-962,0]],[[59037,20279],[962,0]],[[59999,20279],[0,-698]],[[60932,20279],[0,-698]],[[60932,20279],[962,0]],[[61894,20279],[0,-698]],[[61894,19581],[-962,0]],[[62857,20279],[0,-698]],[[62857,19581],[-963,0]],[[62857,20279],[932,0]],[[63789,20279],[0,-698]],[[63789,20279],[962,0]],[[65714,20279],[932,0]],[[66646,20279],[0,-698]],[[66646,20279],[962,0]],[[67608,20279],[0,-698]],[[67608,20279],[963,0]],[[68571,20279],[0,-698]],[[68571,19581],[-963,0]],[[68571,20279],[932,0]],[[69503,20279],[0,-698]],[[69503,20279],[962,0]],[[70465,20279],[0,-698]],[[73323,20279],[962,0]],[[74285,20279],[0,-698]],[[75217,20279],[0,-698]],[[76180,20279],[0,-698]],[[78074,20279],[963,0]],[[58075,20279],[0,697]],[[58075,20976],[962,0]],[[59037,20976],[0,-697]],[[60932,20976],[962,0]],[[66646,20976],[0,-697]],[[66646,20976],[962,0]],[[67608,20976],[0,-697]],[[67608,20976],[963,0]],[[68571,20976],[0,-697]],[[68571,20976],[932,0]],[[69503,20976],[0,-697]],[[80932,20976],[962,0]],[[56180,20976],[0,698]],[[56180,21674],[962,0]],[[57142,21674],[0,-698]],[[57142,20976],[-962,0]],[[57142,21674],[933,0]],[[58075,21674],[0,-698]],[[58075,20976],[-933,0]],[[60932,20976],[0,698]],[[60932,21674],[962,0]],[[61894,21674],[0,-698]],[[61894,21674],[963,0]],[[62857,21674],[0,-698]],[[64751,20976],[0,698]],[[67608,21674],[0,-698]],[[67608,21674],[963,0]],[[68571,21674],[0,-698]],[[72360,21674],[963,0]],[[75217,20976],[0,698]],[[75217,21674],[963,0]],[[76180,21674],[0,-698]],[[80932,21674],[962,0]],[[81894,21674],[0,-698]],[[81894,21674],[962,0]],[[56180,21674],[0,698]],[[56180,22372],[962,0]],[[57142,22372],[0,-698]],[[57142,22372],[933,0]],[[59037,22372],[962,0]],[[59999,22372],[0,-698]],[[59999,21674],[-962,0]],[[60932,21674],[0,698]],[[60932,22372],[962,0]],[[61894,22372],[0,-698]],[[61894,22372],[963,0]],[[62857,22372],[0,-698]],[[62857,22372],[932,0]],[[63789,22372],[0,-698]],[[63789,21674],[-932,0]],[[63789,22372],[962,0]],[[64751,21674],[-962,0]],[[67608,22372],[963,0]],[[68571,22372],[0,-698]],[[69503,21674],[-932,0]],[[72360,22372],[963,0]],[[75217,22372],[0,-698]],[[75217,21674],[-932,0]],[[75217,22372],[963,0]],[[81894,22372],[0,-698]],[[55217,23069],[963,0]],[[56180,23069],[0,-697]],[[56180,22372],[-963,0]],[[58075,22372],[0,697]],[[59037,23069],[0,-697]],[[59037,23069],[962,0]],[[59999,23069],[0,-697]],[[63789,22372],[0,697]],[[63789,23069],[962,0]],[[64751,23069],[0,-697]],[[64751,23069],[963,0]],[[67608,23069],[963,0]],[[56180,23767],[0,-698]],[[57142,23069],[0,698]],[[58075,23069],[-933,0]],[[59037,23767],[962,0]],[[59999,23767],[0,-698]],[[59999,23767],[933,0]],[[60932,23767],[0,-698]],[[60932,23069],[-933,0]],[[60932,23767],[962,0]],[[61894,23767],[0,-698]],[[61894,23069],[-962,0]],[[61894,23767],[963,0]],[[62857,23767],[0,-698]],[[62857,23069],[-963,0]],[[62857,23767],[932,0]],[[63789,23767],[0,-698]],[[63789,23069],[-932,0]],[[63789,23767],[962,0]],[[64751,23767],[0,-698]],[[64751,23767],[963,0]],[[54285,24465],[932,0]],[[56180,24465],[962,0]],[[57142,23767],[-962,0]],[[58075,24465],[962,0]],[[59037,24465],[0,-698]],[[59999,23767],[0,698]],[[60932,24465],[0,-698]],[[60932,24465],[962,0]],[[61894,24465],[0,-698]],[[61894,24465],[963,0]],[[62857,24465],[0,-698]],[[64751,23767],[0,698]],[[64751,24465],[963,0]],[[81894,24465],[0,-698]],[[46646,25162],[963,0]],[[47609,24465],[-963,0],[0,697]],[[53323,24465],[0,697]],[[53323,25162],[962,0]],[[54285,25162],[0,-697]],[[54285,25162],[932,0]],[[55217,25162],[0,-697]],[[57142,24465],[0,697]],[[57142,25162],[933,0]],[[58075,25162],[0,-697]],[[58075,25162],[962,0]],[[62857,24465],[0,697]],[[62857,25162],[932,0]],[[63789,25162],[0,-697]],[[63789,24465],[-932,0]],[[64751,24465],[0,697]],[[68571,25162],[932,0]],[[69503,25162],[0,-697]],[[57142,25162],[0,698]],[[57142,25860],[933,0]],[[58075,25860],[0,-698]],[[58075,25860],[962,0]],[[61894,25860],[963,0]],[[62857,25860],[0,-698]],[[62857,25162],[-963,0]],[[57142,25860],[0,721]],[[57142,26581],[933,0]],[[58075,26581],[0,-721]],[[58075,26581],[962,0]],[[59037,26581],[0,-721]],[[59037,26581],[962,0]],[[59999,26581],[0,-721]],[[59999,26581],[933,0]],[[60932,26581],[0,-721]],[[60932,26581],[962,0]],[[61894,26581],[0,-721]],[[61894,26581],[963,0]],[[62857,26581],[0,-721]],[[62857,26581],[932,0]],[[63789,26581],[0,-721]],[[63789,25860],[-932,0]],[[58075,26581],[0,698]],[[58075,27279],[962,0]],[[59037,27279],[0,-698]],[[59037,27279],[962,0]],[[59999,27279],[0,-698]],[[60932,26581],[0,698]],[[60932,27279],[962,0]],[[61894,27279],[0,-698]],[[61894,27279],[963,0]],[[62857,27279],[0,-698]],[[62857,27279],[932,0]],[[49503,27977],[0,-698]],[[49503,27279],[-932,0]],[[59999,27279],[0,698]],[[59999,27977],[933,0]],[[60932,27977],[0,-698]],[[60932,27279],[-933,0]],[[62857,27279],[0,698]],[[62857,27977],[932,0]],[[46646,27977],[0,697]],[[46646,28674],[963,0]],[[47609,28674],[0,-697]],[[47609,27977],[-963,0]],[[50466,28674],[962,0]],[[51428,28674],[0,-697]],[[51428,27977],[-962,0]],[[59999,27977],[0,697]],[[59999,28674],[933,0]],[[60932,28674],[0,-697]],[[60932,28674],[962,0]],[[61894,28674],[0,-697]],[[61894,27977],[-962,0]],[[61894,28674],[963,0]],[[62857,28674],[0,-697]],[[62857,27977],[-963,0]],[[62857,28674],[932,0]],[[63789,28674],[0,-697]],[[63789,28674],[962,0]],[[72360,28674],[963,0]],[[46646,28674],[0,698]],[[46646,29372],[963,0]],[[48571,29372],[932,0]],[[49503,29372],[0,-698]],[[50466,29372],[0,-698]],[[51428,29372],[0,-698]],[[54285,28674],[0,698]],[[54285,29372],[932,0]],[[55217,29372],[0,-698]],[[55217,28674],[-932,0]],[[55217,29372],[963,0]],[[56180,29372],[0,-698]],[[56180,28674],[-963,0]],[[56180,29372],[962,0]],[[57142,29372],[0,-698]],[[57142,28674],[-962,0]],[[62857,28674],[0,698]],[[62857,29372],[932,0]],[[63789,29372],[0,-698]],[[63789,29372],[962,0]],[[71428,29372],[932,0]],[[72360,29372],[0,-698]],[[41894,29372],[0,697]],[[41894,30069],[963,0]],[[42857,30069],[0,-697]],[[42857,29372],[-963,0]],[[45714,29372],[0,697]],[[46646,30069],[0,-697]],[[46646,29372],[-932,0]],[[46646,30069],[963,0]],[[48571,30069],[932,0]],[[53323,29372],[0,697]],[[54285,30069],[0,-697]],[[54285,29372],[-962,0]],[[55217,30069],[0,-697]],[[56180,29372],[0,697]],[[56180,30069],[962,0]],[[57142,30069],[0,-697]],[[57142,30069],[933,0]],[[58075,30069],[0,-697]],[[58075,29372],[-933,0]],[[58075,30069],[962,0]],[[59037,30069],[0,-697]],[[59037,29372],[-962,0]],[[59999,29372],[-962,0]],[[64751,29372],[0,697]],[[64751,30069],[963,0]],[[65714,30069],[0,-697]],[[65714,30069],[932,0]],[[66646,30069],[0,-697]],[[66646,30069],[962,0]],[[67608,30069],[0,-697]],[[67608,30069],[963,0]],[[68571,30069],[0,-697]],[[68571,30069],[932,0]],[[69503,30069],[0,-697]],[[70465,30069],[0,-697]],[[70465,30069],[963,0]],[[71428,30069],[0,-697]],[[71428,30069],[932,0]],[[74285,30069],[932,0]],[[75217,30069],[0,-697]],[[41894,30767],[963,0]],[[42857,30767],[0,-698]],[[42857,30767],[932,0]],[[43789,30767],[0,-698]],[[43789,30069],[-932,0]],[[46646,30767],[963,0]],[[47609,30767],[0,-698]],[[48571,30069],[0,698]],[[48571,30767],[932,0]],[[52360,30767],[963,0]],[[53323,30069],[-963,0]],[[55217,30767],[963,0]],[[56180,30767],[0,-698]],[[56180,30069],[-963,0]],[[57142,30069],[0,698]],[[57142,30767],[933,0]],[[58075,30767],[0,-698]],[[62857,30069],[-963,0]],[[64751,30767],[963,0]],[[65714,30767],[0,-698]],[[68571,30069],[0,698]],[[68571,30767],[932,0]],[[71428,30767],[0,-698]],[[40000,31465],[932,0]],[[40932,31465],[0,-698]],[[40932,30767],[-932,0],[0,698]],[[44751,30767],[0,698]],[[44751,31465],[963,0]],[[45714,31465],[0,-698]],[[45714,30767],[-963,0]],[[45714,31465],[932,0]],[[46646,31465],[0,-698]],[[47609,31465],[0,-698]],[[48571,31465],[0,-698]],[[48571,30767],[-962,0]],[[49503,30767],[0,698]],[[49503,31465],[963,0]],[[52360,31465],[963,0]],[[53323,31465],[0,-698]],[[53323,31465],[962,0]],[[54285,31465],[0,-698]],[[54285,31465],[932,0]],[[55217,31465],[0,-698]],[[56180,30767],[0,698]],[[57142,31465],[0,-698]],[[57142,30767],[-962,0]],[[57142,31465],[933,0]],[[63789,31465],[962,0]],[[64751,31465],[0,-698]],[[64751,31465],[963,0]],[[65714,31465],[0,-698]],[[66646,31465],[0,-698]],[[66646,30767],[-932,0]],[[67608,31465],[0,-698]],[[67608,30767],[-962,0]],[[69503,30767],[0,698]],[[69503,31465],[962,0]],[[39037,32162],[963,0]],[[40000,32162],[0,-697]],[[40000,31465],[-963,0],[0,697]],[[44751,32162],[963,0]],[[45714,32162],[0,-697]],[[45714,32162],[932,0]],[[50466,32162],[0,-697]],[[50466,32162],[962,0]],[[51428,32162],[0,-697]],[[53323,31465],[0,697]],[[53323,32162],[962,0]],[[54285,32162],[0,-697]],[[54285,32162],[932,0]],[[55217,32162],[0,-697]],[[55217,32162],[963,0]],[[56180,31465],[-963,0]],[[63789,32162],[0,-697]],[[63789,32162],[962,0]],[[64751,32162],[0,-697]],[[67608,32162],[963,0]],[[68571,32162],[0,-697]],[[68571,31465],[-963,0]],[[68571,32162],[932,0]],[[69503,32162],[0,-697]],[[69503,31465],[-932,0]],[[70465,31465],[0,697]],[[70465,32162],[963,0]],[[39037,32860],[963,0]],[[40000,32860],[0,-698]],[[41894,32162],[0,698]],[[41894,32860],[963,0]],[[42857,32860],[0,-698]],[[42857,32162],[-963,0]],[[42857,32860],[932,0]],[[43789,32860],[0,-698]],[[43789,32162],[-932,0]],[[46646,32162],[0,698]],[[46646,32860],[963,0]],[[47609,32860],[0,-698]],[[47609,32860],[962,0]],[[53323,32162],[0,698]],[[53323,32860],[962,0]],[[54285,32860],[0,-698]],[[54285,32860],[932,0]],[[55217,32860],[0,-698]],[[55217,32860],[963,0]],[[56180,32860],[0,-698]],[[59999,32162],[0,698]],[[59999,32860],[933,0]],[[65714,32860],[932,0]],[[66646,32860],[0,-698]],[[66646,32860],[962,0]],[[67608,32860],[0,-698]],[[67608,32860],[963,0]],[[68571,32860],[0,-698]],[[68571,32860],[932,0]],[[69503,32860],[0,-698]],[[69503,32860],[962,0]],[[70465,32860],[0,-698]],[[70465,32162],[-962,0]],[[70465,32860],[963,0]],[[40932,32860],[0,698]],[[40932,33558],[962,0]],[[41894,33558],[0,-698]],[[41894,32860],[-962,0]],[[41894,33558],[963,0]],[[42857,33558],[0,-698]],[[42857,33558],[932,0]],[[43789,33558],[0,-698]],[[45714,32860],[0,698]],[[45714,33558],[932,0]],[[46646,33558],[0,-698]],[[46646,32860],[-932,0]],[[46646,33558],[963,0]],[[47609,33558],[0,-698]],[[47609,33558],[962,0]],[[52360,32860],[0,698]],[[52360,33558],[963,0]],[[53323,33558],[0,-698]],[[53323,32860],[-963,0]],[[53323,33558],[962,0]],[[54285,33558],[0,-698]],[[55217,33558],[0,-698]],[[56180,33558],[0,-698]],[[58075,32860],[0,698]],[[58075,33558],[962,0]],[[59037,33558],[0,-698]],[[59037,32860],[-962,0]],[[59037,33558],[962,0]],[[59999,33558],[0,-698]],[[59999,32860],[-962,0]],[[59999,33558],[933,0]],[[66646,33558],[0,-698]],[[66646,33558],[962,0]],[[67608,33558],[0,-698]],[[68571,33558],[0,-698]],[[68571,33558],[932,0]],[[69503,33558],[0,-698]],[[69503,33558],[962,0]],[[70465,33558],[0,-698]],[[71428,32860],[0,698]],[[71428,33558],[932,0]],[[40000,33558],[0,697]],[[40000,34255],[932,0]],[[40932,34255],[0,-697]],[[40932,33558],[-932,0]],[[40932,34255],[962,0]],[[41894,34255],[0,-697]],[[41894,34255],[963,0]],[[42857,34255],[0,-697]],[[42857,34255],[932,0]],[[46646,33558],[0,697]],[[46646,34255],[963,0]],[[47609,34255],[0,-697]],[[47609,34255],[962,0]],[[48571,34255],[0,-697]],[[48571,34255],[932,0]],[[49503,34255],[0,-697]],[[49503,34255],[963,0]],[[50466,34255],[0,-697]],[[50466,34255],[962,0]],[[51428,34255],[0,-697]],[[51428,33558],[-962,0]],[[51428,34255],[932,0]],[[52360,34255],[0,-697]],[[52360,33558],[-932,0]],[[53323,34255],[0,-697]],[[57142,34255],[933,0]],[[58075,34255],[0,-697]],[[58075,33558],[-933,0]],[[58075,34255],[962,0]],[[59037,34255],[0,-697]],[[69503,34255],[0,-697]],[[70465,34255],[0,-697]],[[70465,34255],[963,0]],[[71428,34255],[0,-697]],[[71428,33558],[-963,0]],[[72360,34255],[0,-697]],[[72360,34255],[963,0]],[[73323,34255],[0,-697]],[[41894,34255],[0,698]],[[41894,34953],[963,0]],[[42857,34953],[0,-698]],[[42857,34953],[932,0]],[[43789,34953],[0,-698]],[[43789,34953],[962,0]],[[44751,34953],[0,-698]],[[44751,34953],[963,0]],[[46646,34953],[963,0]],[[47609,34953],[0,-698]],[[47609,34953],[962,0]],[[48571,34953],[0,-698]],[[48571,34953],[932,0]],[[49503,34953],[0,-698]],[[50466,34953],[0,-698]],[[50466,34953],[962,0]],[[51428,34953],[0,-698]],[[51428,34953],[932,0]],[[57142,34953],[933,0]],[[58075,34953],[0,-698]],[[59037,34953],[0,-698]],[[60932,34255],[0,698]],[[60932,34953],[962,0]],[[72360,34953],[963,0]],[[74285,34953],[932,0]],[[75217,34953],[0,-698]],[[75217,34953],[963,0]],[[76180,34953],[0,-698]],[[76180,34953],[962,0]],[[40932,34953],[0,697]],[[40932,35650],[962,0]],[[41894,35650],[0,-697]],[[41894,34953],[-962,0]],[[41894,35650],[963,0]],[[42857,35650],[0,-697]],[[42857,35650],[932,0]],[[43789,35650],[0,-697]],[[43789,35650],[962,0]],[[44751,35650],[0,-697]],[[44751,35650],[963,0]],[[45714,35650],[0,-697]],[[45714,35650],[932,0]],[[46646,35650],[0,-697]],[[47609,34953],[0,697]],[[48571,35650],[0,-697]],[[48571,35650],[932,0]],[[51428,34953],[0,697]],[[51428,35650],[932,0]],[[52360,35650],[0,-697]],[[53323,35650],[0,-697]],[[53323,35650],[962,0]],[[59999,34953],[0,697]],[[59999,35650],[933,0]],[[60932,35650],[0,-697]],[[60932,34953],[-933,0]],[[60932,35650],[962,0]],[[63789,35650],[962,0]],[[72360,35650],[0,-697]],[[72360,35650],[963,0]],[[73323,35650],[0,-697]],[[74285,35650],[0,-697]],[[74285,35650],[932,0]],[[75217,35650],[0,-697]],[[76180,35650],[0,-697]],[[76180,35650],[962,0]],[[77142,35650],[0,-697]],[[77142,35650],[932,0]],[[40000,35650],[0,722]],[[40000,36372],[932,0]],[[40932,36372],[0,-722]],[[40932,35650],[-932,0]],[[41894,36372],[0,-722]],[[42857,35650],[0,722]],[[42857,36372],[932,0]],[[43789,36372],[0,-722]],[[43789,36372],[962,0]],[[44751,36372],[0,-722]],[[46646,35650],[0,722]],[[46646,36372],[963,0]],[[47609,35650],[-963,0]],[[48571,36372],[932,0]],[[49503,36372],[0,-722]],[[49503,36372],[963,0]],[[50466,36372],[0,-722]],[[58075,36372],[962,0]],[[59037,36372],[0,-722]],[[59999,35650],[0,722]],[[59999,36372],[933,0]],[[60932,36372],[0,-722]],[[60932,36372],[962,0]],[[74285,36372],[932,0]],[[77142,36372],[0,-722]],[[78074,36372],[0,-722]],[[79037,36372],[0,-722]],[[40000,36372],[0,698]],[[42857,36372],[0,698]],[[42857,37070],[932,0]],[[43789,37070],[0,-698]],[[43789,37070],[962,0]],[[44751,37070],[0,-698]],[[44751,37070],[963,0]],[[45714,37070],[0,-698]],[[45714,36372],[-963,0]],[[46646,36372],[0,698]],[[47609,37070],[0,-698]],[[48571,37070],[0,-698]],[[48571,37070],[932,0]],[[49503,37070],[0,-698]],[[50466,36372],[0,698]],[[51428,37070],[0,-698]],[[51428,36372],[-962,0]],[[51428,37070],[932,0]],[[52360,36372],[-932,0]],[[60932,36372],[0,698]],[[61894,37070],[0,-698]],[[61894,37070],[963,0]],[[67608,37070],[963,0]],[[71428,37070],[932,0]],[[73323,37070],[962,0]],[[74285,37070],[0,-698]],[[75217,37070],[0,-698]],[[75217,37070],[963,0]],[[38075,37767],[962,0]],[[39037,37070],[-962,0]],[[41894,37767],[963,0]],[[42857,37767],[0,-697]],[[42857,37070],[-963,0]],[[42857,37767],[932,0]],[[43789,37767],[0,-697]],[[43789,37767],[962,0]],[[44751,37767],[0,-697]],[[44751,37767],[963,0]],[[45714,37767],[0,-697]],[[45714,37767],[932,0]],[[46646,37070],[-932,0]],[[48571,37767],[932,0]],[[49503,37767],[0,-697]],[[50466,37070],[-963,0]],[[52360,37767],[0,-697]],[[52360,37767],[963,0]],[[58075,37767],[0,-697]],[[61894,37767],[963,0]],[[62857,37767],[0,-697]],[[62857,37767],[932,0]],[[63789,37767],[0,-697]],[[63789,37767],[962,0]],[[65714,37767],[932,0]],[[66646,37767],[0,-697]],[[67608,37767],[0,-697]],[[71428,37767],[932,0]],[[73323,37767],[962,0]],[[76180,37767],[0,-697]],[[37142,37767],[0,698],[933,0]],[[38075,38465],[0,-698]],[[39037,37767],[0,698]],[[39037,38465],[963,0]],[[40000,38465],[0,-698]],[[40000,38465],[932,0]],[[40932,38465],[0,-698]],[[40932,38465],[962,0]],[[41894,38465],[0,-698]],[[41894,38465],[963,0]],[[42857,38465],[0,-698]],[[42857,38465],[932,0]],[[43789,38465],[0,-698]],[[43789,38465],[962,0]],[[44751,38465],[0,-698]],[[47609,37767],[0,698]],[[48571,38465],[0,-698]],[[52360,38465],[963,0]],[[53323,38465],[0,-698]],[[53323,38465],[962,0]],[[54285,38465],[0,-698]],[[54285,38465],[932,0]],[[56180,38465],[962,0]],[[59999,37767],[0,698]],[[59999,38465],[933,0]],[[60932,38465],[0,-698]],[[60932,37767],[-933,0]],[[61894,38465],[0,-698]],[[61894,38465],[963,0]],[[62857,38465],[0,-698]],[[63789,37767],[0,698]],[[63789,38465],[962,0]],[[65714,38465],[932,0]],[[71428,38465],[0,-698]],[[72360,38465],[0,-698]],[[73323,38465],[0,-698]],[[73323,38465],[962,0]],[[40000,38465],[0,697]],[[40000,39162],[932,0]],[[40932,39162],[0,-697]],[[41894,38465],[0,697]],[[41894,39162],[963,0]],[[42857,39162],[0,-697]],[[42857,39162],[932,0]],[[43789,39162],[0,-697]],[[52360,39162],[963,0]],[[53323,39162],[0,-697]],[[55217,38465],[0,697]],[[55217,39162],[963,0]],[[56180,39162],[0,-697]],[[56180,39162],[962,0]],[[59037,38465],[0,697]],[[59037,39162],[962,0]],[[59999,39162],[0,-697]],[[59999,38465],[-962,0]],[[59999,39162],[933,0]],[[61894,39162],[963,0]],[[62857,39162],[0,-697]],[[63789,39162],[0,-697]],[[63789,38465],[-932,0]],[[64751,39162],[0,-697]],[[64751,39162],[963,0]],[[65714,39162],[0,-697]],[[65714,39162],[932,0]],[[66646,39162],[0,-697]],[[66646,39162],[962,0]],[[67608,39162],[0,-697]],[[68571,39162],[0,-697]],[[37142,39860],[933,0]],[[38075,39860],[0,-698]],[[38075,39162],[-933,0],[0,698]],[[40000,39162],[0,698]],[[40000,39860],[932,0]],[[40932,39860],[0,-698]],[[40932,39860],[962,0]],[[41894,39860],[0,-698]],[[41894,39162],[-962,0]],[[42857,39860],[0,-698]],[[42857,39860],[932,0]],[[43789,39860],[0,-698]],[[43789,39860],[962,0]],[[44751,39860],[0,-698]],[[44751,39162],[-962,0]],[[46646,39162],[0,698]],[[46646,39860],[963,0]],[[47609,39162],[-963,0]],[[51428,39860],[932,0]],[[52360,39860],[0,-698]],[[53323,39860],[0,-698]],[[55217,39162],[0,698]],[[56180,39860],[0,-698]],[[58075,39860],[962,0]],[[59037,39860],[0,-698]],[[59037,39162],[-962,0]],[[59999,39162],[0,698]],[[59999,39860],[933,0]],[[60932,39860],[0,-698]],[[60932,39860],[962,0]],[[61894,39860],[0,-698]],[[65714,39860],[0,-698]],[[65714,39860],[932,0]],[[66646,39860],[0,-698]],[[39037,39860],[0,698]],[[39037,40558],[963,0]],[[40000,40558],[0,-698]],[[40000,39860],[-963,0]],[[40000,40558],[932,0]],[[40932,40558],[0,-698]],[[43789,39860],[0,698]],[[43789,40558],[962,0]],[[44751,40558],[0,-698]],[[44751,40558],[963,0]],[[45714,40558],[0,-698]],[[45714,39860],[-963,0]],[[45714,40558],[932,0]],[[46646,40558],[0,-698]],[[46646,39860],[-932,0]],[[46646,40558],[963,0]],[[53323,40558],[962,0]],[[54285,40558],[0,-698]],[[54285,39860],[-962,0]],[[54285,40558],[932,0]],[[55217,39860],[-932,0]],[[58075,40558],[0,-698]],[[58075,40558],[962,0]],[[59037,40558],[0,-698]],[[59999,39860],[0,698]],[[60932,40558],[0,-698]],[[61894,39860],[0,698]],[[61894,40558],[963,0]],[[62857,40558],[0,-698]],[[62857,39860],[-963,0]],[[63789,40558],[0,-698]],[[69503,40558],[0,-698]],[[70465,40558],[0,-698]],[[73323,40558],[962,0]],[[78074,40558],[963,0]],[[79037,40558],[0,-698]],[[36180,40558],[0,697]],[[36180,41255],[962,0]],[[37142,41255],[0,-697]],[[39037,40558],[0,697]],[[39037,41255],[963,0]],[[40000,41255],[0,-697]],[[40000,41255],[932,0]],[[42857,40558],[0,697]],[[42857,41255],[932,0]],[[43789,41255],[0,-697]],[[43789,40558],[-932,0]],[[44751,40558],[0,697]],[[44751,41255],[963,0]],[[45714,41255],[0,-697]],[[45714,41255],[932,0]],[[46646,41255],[0,-697]],[[46646,41255],[963,0]],[[52360,41255],[963,0]],[[53323,41255],[0,-697]],[[53323,41255],[962,0]],[[54285,41255],[0,-697]],[[59037,41255],[0,-697]],[[59037,41255],[962,0]],[[59999,40558],[-962,0]],[[60932,41255],[962,0]],[[61894,41255],[0,-697]],[[61894,40558],[-962,0]],[[72360,41255],[0,-697]],[[73323,41255],[0,-697]],[[78074,41255],[0,-697]],[[78074,41255],[963,0]],[[36180,41255],[0,698]],[[36180,41953],[962,0]],[[37142,41953],[0,-698]],[[37142,41953],[933,0]],[[38075,41953],[0,-698]],[[38075,41255],[-933,0]],[[39037,41255],[0,698]],[[39037,41953],[963,0]],[[40000,41953],[0,-698]],[[40932,41255],[0,698]],[[40932,41953],[962,0]],[[41894,41953],[0,-698]],[[44751,41255],[0,698]],[[44751,41953],[963,0]],[[45714,41953],[0,-698]],[[46646,41953],[0,-698]],[[46646,41953],[963,0]],[[47609,41953],[0,-698]],[[47609,41953],[962,0]],[[50466,41953],[962,0]],[[51428,41953],[0,-698]],[[51428,41953],[932,0]],[[52360,41953],[0,-698]],[[52360,41953],[963,0]],[[53323,41953],[0,-698]],[[53323,41953],[962,0]],[[55217,41953],[963,0]],[[59037,41953],[962,0]],[[59999,41953],[0,-698]],[[60932,41953],[0,-698]],[[62857,41953],[932,0]],[[79037,41953],[0,-698]],[[79037,41953],[962,0]],[[79999,41953],[0,-698]],[[34285,41953],[0,698]],[[34285,42651],[933,0]],[[35218,42651],[0,-698]],[[35218,41953],[-933,0]],[[36180,41953],[0,698]],[[36180,42651],[962,0]],[[37142,42651],[0,-698]],[[37142,42651],[933,0]],[[38075,42651],[0,-698]],[[38075,42651],[962,0]],[[39037,42651],[0,-698]],[[39037,41953],[-962,0]],[[39037,42651],[963,0]],[[40000,42651],[0,-698]],[[40932,41953],[0,698]],[[40932,42651],[962,0]],[[41894,42651],[0,-698]],[[41894,42651],[963,0]],[[42857,42651],[0,-698]],[[42857,41953],[-963,0]],[[43789,41953],[0,698]],[[43789,42651],[962,0]],[[44751,42651],[0,-698]],[[44751,41953],[-962,0]],[[44751,42651],[963,0]],[[46646,42651],[963,0]],[[47609,42651],[0,-698]],[[47609,42651],[962,0]],[[48571,42651],[0,-698]],[[48571,42651],[932,0]],[[50466,42651],[962,0]],[[51428,42651],[0,-698]],[[51428,42651],[932,0]],[[52360,42651],[0,-698]],[[52360,42651],[963,0]],[[53323,42651],[0,-698]],[[53323,42651],[962,0]],[[55217,42651],[963,0]],[[59037,42651],[962,0]],[[63789,42651],[0,-698]],[[86646,42651],[0,-698],[-933,0]],[[32361,43348],[962,0]],[[33323,42651],[-962,0],[0,697]],[[36180,42651],[0,697]],[[37142,43348],[0,-697]],[[37142,43348],[933,0]],[[38075,43348],[0,-697]],[[39037,42651],[0,697]],[[39037,43348],[963,0]],[[40000,43348],[0,-697]],[[40000,43348],[932,0]],[[40932,43348],[0,-697]],[[40932,42651],[-932,0]],[[40932,43348],[962,0]],[[41894,43348],[0,-697]],[[41894,43348],[963,0]],[[42857,43348],[0,-697]],[[42857,43348],[932,0]],[[43789,43348],[0,-697]],[[43789,42651],[-932,0]],[[44751,43348],[0,-697]],[[44751,43348],[963,0]],[[45714,43348],[0,-697]],[[46646,42651],[0,697]],[[46646,43348],[963,0]],[[47609,43348],[0,-697]],[[47609,43348],[962,0]],[[48571,43348],[0,-697]],[[49503,43348],[0,-697]],[[50466,43348],[0,-697]],[[51428,43348],[0,-697]],[[51428,43348],[932,0]],[[52360,43348],[0,-697]],[[52360,43348],[963,0]],[[53323,43348],[0,-697]],[[53323,43348],[962,0]],[[54285,43348],[0,-697]],[[54285,43348],[932,0]],[[55217,43348],[0,-697]],[[56180,43348],[0,-697]],[[57142,43348],[0,-697]],[[72360,43348],[963,0]],[[73323,43348],[0,-697]],[[73323,43348],[962,0]],[[89503,43348],[962,0]],[[90465,42651],[-962,0]],[[37142,44046],[933,0]],[[38075,44046],[0,-698]],[[38075,44046],[962,0]],[[39037,44046],[0,-698]],[[39037,43348],[-962,0]],[[40000,43348],[0,698]],[[40000,44046],[932,0]],[[40932,44046],[0,-698]],[[41894,44046],[0,-698]],[[42857,44046],[0,-698]],[[42857,44046],[932,0]],[[44751,44046],[963,0]],[[45714,44046],[0,-698]],[[46646,43348],[0,698]],[[46646,44046],[963,0]],[[47609,44046],[0,-698]],[[47609,44046],[962,0]],[[52360,44046],[0,-698]],[[52360,44046],[963,0]],[[53323,44046],[0,-698]],[[53323,44046],[962,0]],[[54285,44046],[0,-698]],[[54285,44046],[932,0]],[[63789,44046],[962,0]],[[64751,43348],[-962,0]],[[71428,44046],[932,0]],[[72360,44046],[0,-698]],[[73323,43348],[0,698]],[[74285,44046],[0,-698]],[[79999,44046],[0,-698]],[[80932,43348],[0,698]],[[80932,44046],[962,0]],[[81894,44046],[0,-698]],[[81894,44046],[962,0]],[[82856,44046],[0,-698]],[[82856,44046],[933,0]],[[89503,44046],[0,-698]],[[90465,44046],[0,-698]],[[93322,44046],[0,-698]],[[93322,43348],[-962,0]],[[93322,44046],[963,0]],[[94285,43348],[-963,0]],[[37142,44046],[0,697]],[[37142,44743],[933,0]],[[38075,44743],[0,-697]],[[38075,44743],[962,0]],[[39037,44743],[0,-697]],[[40000,44046],[0,697]],[[40000,44743],[932,0]],[[42857,44743],[932,0]],[[43789,44743],[0,-697]],[[43789,44743],[962,0]],[[44751,44743],[0,-697]],[[44751,44743],[963,0]],[[45714,44743],[0,-697]],[[45714,44743],[932,0]],[[46646,44743],[0,-697]],[[46646,44046],[-932,0]],[[47609,44743],[0,-697]],[[52360,44743],[963,0]],[[53323,44743],[0,-697]],[[53323,44743],[962,0]],[[54285,44743],[0,-697]],[[55217,44743],[0,-697]],[[59037,44743],[0,-697]],[[59999,44743],[0,-697]],[[63789,44743],[962,0]],[[80932,44743],[0,-697]],[[80932,44046],[-933,0]],[[81894,44743],[0,-697]],[[82856,44743],[0,-697]],[[83789,44743],[0,-697]],[[83789,44743],[962,0]],[[85713,44743],[933,0]],[[94285,44743],[0,-697]],[[94285,44743],[932,0]],[[28571,45441],[932,0]],[[29503,45441],[0,-698]],[[29503,44743],[-932,0]],[[35218,44743],[0,698]],[[35218,45441],[962,0]],[[36180,45441],[0,-698]],[[36180,44743],[-962,0]],[[37142,45441],[0,-698]],[[37142,44743],[-962,0]],[[37142,45441],[933,0]],[[38075,45441],[0,-698]],[[38075,45441],[962,0]],[[39037,45441],[0,-698]],[[39037,45441],[963,0]],[[40000,45441],[0,-698]],[[40000,44743],[-963,0]],[[40932,44743],[0,698]],[[40932,45441],[962,0]],[[41894,45441],[0,-698]],[[41894,45441],[963,0]],[[42857,45441],[0,-698]],[[42857,45441],[932,0]],[[43789,45441],[0,-698]],[[43789,45441],[962,0]],[[44751,45441],[0,-698]],[[44751,45441],[963,0]],[[45714,45441],[0,-698]],[[52360,45441],[963,0]],[[53323,45441],[0,-698]],[[63789,45441],[962,0]],[[64751,45441],[0,-698]],[[64751,45441],[963,0]],[[73323,45441],[0,-698]],[[79037,45441],[962,0]],[[83789,45441],[962,0]],[[86646,45441],[0,-698]],[[87608,45441],[0,-698]],[[90465,45441],[963,0]],[[97142,45441],[0,-698]],[[97142,45441],[932,0]],[[98074,45441],[0,-698],[-932,0]],[[26646,46139],[963,0]],[[27609,46139],[0,-698]],[[27609,45441],[-963,0],[0,698]],[[34285,45441],[0,698]],[[34285,46139],[933,0]],[[35218,46139],[0,-698]],[[35218,45441],[-933,0]],[[35218,46139],[962,0]],[[38075,45441],[0,698]],[[38075,46139],[962,0]],[[39037,46139],[0,-698]],[[39037,46139],[963,0]],[[40000,46139],[0,-698]],[[40000,46139],[932,0]],[[40932,46139],[0,-698]],[[40932,45441],[-932,0]],[[41894,46139],[0,-698]],[[41894,46139],[963,0]],[[42857,46139],[0,-698]],[[44751,45441],[0,698]],[[44751,46139],[963,0]],[[52360,46139],[0,-698]],[[64751,46139],[0,-698]],[[64751,46139],[963,0]],[[71428,46139],[932,0]],[[74285,46139],[932,0]],[[79037,46139],[0,-698]],[[79037,46139],[962,0]],[[81894,46139],[0,-698]],[[84751,46139],[0,-698]],[[97142,46139],[932,0]],[[98074,46139],[0,-698]],[[26646,46139],[0,721]],[[26646,46860],[963,0]],[[27609,46860],[0,-721]],[[34285,46139],[0,721]],[[34285,46860],[933,0]],[[35218,46860],[0,-721]],[[35218,46860],[962,0]],[[36180,46860],[0,-721]],[[36180,46860],[962,0]],[[37142,46860],[0,-721]],[[37142,46860],[933,0]],[[38075,46860],[0,-721]],[[38075,46139],[-933,0]],[[38075,46860],[962,0]],[[39037,46860],[0,-721]],[[40000,46139],[0,721]],[[40000,46860],[932,0]],[[43789,46139],[0,721]],[[44751,46860],[0,-721]],[[44751,46139],[-962,0]],[[45714,46139],[0,721]],[[64751,46860],[963,0]],[[65714,46860],[0,-721]],[[65714,46860],[932,0]],[[66646,46860],[0,-721]],[[66646,46860],[962,0]],[[71428,46860],[932,0]],[[88571,46860],[0,-721]],[[89503,46860],[0,-721]],[[95217,46860],[0,-721]],[[95217,46860],[962,0]],[[23789,47558],[963,0]],[[24752,47558],[0,-698]],[[24752,46860],[-963,0],[0,698]],[[26646,46860],[0,698]],[[26646,47558],[963,0]],[[27609,47558],[0,-698]],[[28571,46860],[0,698]],[[28571,47558],[932,0]],[[29503,47558],[0,-698]],[[29503,46860],[-932,0]],[[34285,46860],[0,698]],[[34285,47558],[933,0]],[[35218,47558],[0,-698]],[[35218,47558],[962,0]],[[36180,47558],[0,-698]],[[37142,46860],[0,698]],[[37142,47558],[933,0]],[[38075,47558],[0,-698]],[[38075,47558],[962,0]],[[39037,47558],[0,-698]],[[40000,47558],[0,-698]],[[40000,46860],[-963,0]],[[40000,47558],[932,0]],[[40932,47558],[0,-698]],[[41894,47558],[0,-698]],[[42857,47558],[0,-698]],[[42857,46860],[-963,0]],[[43789,46860],[-932,0]],[[44751,47558],[963,0]],[[45714,46860],[-963,0]],[[65714,46860],[0,698]],[[66646,47558],[0,-698]],[[66646,47558],[962,0]],[[67608,47558],[0,-698]],[[67608,47558],[963,0]],[[68571,47558],[0,-698]],[[71428,47558],[932,0]],[[80932,47558],[962,0]],[[82856,47558],[933,0]],[[90465,47558],[963,0]],[[92360,47558],[962,0]],[[99037,47558],[0,-698]],[[23789,48255],[0,-697]],[[23789,47558],[-932,0],[0,697],[932,0]],[[24752,47558],[0,697]],[[24752,48255],[962,0]],[[25714,48255],[0,-697]],[[25714,47558],[-962,0]],[[26646,47558],[0,697]],[[26646,48255],[963,0]],[[27609,48255],[0,-697]],[[28571,48255],[0,-697]],[[28571,47558],[-962,0]],[[29503,48255],[0,-697]],[[29503,48255],[963,0]],[[30466,48255],[0,-697]],[[30466,47558],[-963,0]],[[31428,47558],[0,697]],[[31428,48255],[933,0]],[[32361,48255],[0,-697]],[[32361,47558],[-933,0]],[[32361,48255],[962,0]],[[33323,48255],[0,-697]],[[33323,47558],[-962,0]],[[33323,48255],[962,0]],[[34285,48255],[0,-697]],[[34285,47558],[-962,0]],[[36180,47558],[0,697]],[[36180,48255],[962,0]],[[37142,48255],[0,-697]],[[37142,47558],[-962,0]],[[37142,48255],[933,0]],[[38075,48255],[0,-697]],[[38075,48255],[962,0]],[[40000,48255],[932,0]],[[66646,48255],[962,0]],[[67608,48255],[0,-697]],[[67608,48255],[963,0]],[[74285,48255],[932,0]],[[75217,48255],[0,-697]],[[75217,48255],[963,0]],[[76180,48255],[0,-697]],[[77142,48255],[0,-697]],[[77142,48255],[932,0]],[[92360,47558],[0,697]],[[92360,48255],[962,0]],[[93322,48255],[0,-697]],[[25714,48255],[0,698]],[[25714,48953],[932,0]],[[26646,48953],[0,-698]],[[26646,48255],[-932,0]],[[29503,48953],[963,0]],[[30466,48953],[0,-698]],[[31428,48953],[0,-698]],[[31428,48255],[-962,0]],[[31428,48953],[933,0]],[[32361,48953],[0,-698]],[[32361,48953],[962,0]],[[33323,48953],[0,-698]],[[34285,48255],[0,698]],[[34285,48953],[933,0]],[[35218,48953],[0,-698]],[[35218,48255],[-933,0]],[[35218,48953],[962,0]],[[36180,48953],[0,-698]],[[36180,48255],[-962,0]],[[36180,48953],[962,0]],[[37142,48953],[0,-698]],[[38075,48255],[0,698]],[[38075,48953],[962,0]],[[39037,48953],[0,-698]],[[39037,48953],[963,0]],[[40000,48953],[0,-698]],[[40000,48953],[932,0]],[[40932,48953],[0,-698]],[[40932,48953],[962,0]],[[41894,48953],[0,-698]],[[41894,48953],[963,0]],[[42857,48953],[0,-698]],[[42857,48953],[932,0]],[[48571,48953],[932,0]],[[49503,48953],[0,-698]],[[49503,48953],[963,0]],[[64751,48953],[0,-698]],[[66646,48255],[0,698]],[[66646,48953],[962,0]],[[67608,48953],[0,-698]],[[67608,48953],[963,0]],[[70465,48953],[963,0]],[[72360,48953],[963,0]],[[73323,48953],[0,-698]],[[74285,48953],[0,-698]],[[75217,48953],[0,-698]],[[75217,48953],[963,0]],[[77142,48953],[932,0]],[[87608,48953],[963,0]],[[88571,48953],[0,-698]],[[89503,48953],[0,-698]],[[89503,48953],[962,0]],[[90465,48953],[0,-698]],[[92360,48255],[0,698]],[[92360,48953],[962,0]],[[26646,48953],[0,698]],[[26646,49651],[963,0]],[[27609,48953],[-963,0]],[[28571,49651],[932,0]],[[29503,49651],[0,-698]],[[31428,49651],[933,0]],[[32361,49651],[0,-698]],[[35218,48953],[0,698]],[[35218,49651],[962,0]],[[36180,49651],[0,-698]],[[36180,49651],[962,0]],[[37142,49651],[0,-698]],[[37142,49651],[933,0]],[[38075,49651],[0,-698]],[[38075,48953],[-933,0]],[[39037,48953],[0,698]],[[39037,49651],[963,0]],[[40000,49651],[0,-698]],[[40000,49651],[932,0]],[[40932,49651],[0,-698]],[[41894,49651],[0,-698]],[[41894,49651],[963,0]],[[42857,49651],[0,-698]],[[42857,49651],[932,0]],[[49503,49651],[0,-698]],[[62857,49651],[932,0]],[[70465,48953],[0,698]],[[71428,49651],[0,-698]],[[72360,49651],[0,-698]],[[72360,49651],[963,0]],[[77142,49651],[932,0]],[[78074,49651],[0,-698]],[[78074,49651],[963,0]],[[79037,49651],[0,-698]],[[79037,49651],[962,0]],[[79999,49651],[0,-698]],[[87608,49651],[963,0]],[[90465,49651],[0,-698]],[[90465,49651],[963,0]],[[91428,49651],[0,-698]],[[91428,48953],[-963,0]],[[91428,49651],[932,0]],[[92360,49651],[0,-698]],[[92360,48953],[-932,0]],[[92360,49651],[962,0]],[[99037,49651],[962,0]],[[99999,49651],[0,-698]],[[24752,49651],[0,697]],[[24752,50348],[962,0]],[[25714,50348],[0,-697]],[[25714,49651],[-962,0]],[[26646,49651],[0,697]],[[26646,50348],[963,0]],[[27609,50348],[0,-697]],[[27609,50348],[962,0]],[[28571,50348],[0,-697]],[[28571,50348],[932,0]],[[31428,49651],[0,697]],[[31428,50348],[933,0]],[[32361,50348],[0,-697]],[[32361,50348],[962,0]],[[33323,49651],[-962,0]],[[34285,50348],[933,0]],[[35218,50348],[0,-697]],[[35218,49651],[-933,0]],[[35218,50348],[962,0]],[[36180,50348],[0,-697]],[[36180,50348],[962,0]],[[37142,50348],[0,-697]],[[37142,50348],[933,0]],[[38075,50348],[0,-697]],[[38075,50348],[962,0]],[[39037,50348],[0,-697]],[[39037,49651],[-962,0]],[[39037,50348],[963,0]],[[40000,50348],[0,-697]],[[40000,50348],[932,0]],[[41894,50348],[963,0]],[[42857,50348],[0,-697]],[[42857,50348],[932,0]],[[43789,50348],[0,-697]],[[43789,50348],[962,0]],[[44751,50348],[0,-697]],[[44751,50348],[963,0]],[[54285,50348],[932,0]],[[57142,50348],[0,-697]],[[62857,50348],[932,0]],[[63789,50348],[0,-697]],[[63789,50348],[962,0]],[[64751,50348],[0,-697]],[[64751,50348],[963,0]],[[65714,50348],[0,-697]],[[65714,49651],[-963,0]],[[65714,50348],[932,0]],[[66646,49651],[-932,0]],[[68571,50348],[932,0]],[[69503,50348],[0,-697]],[[69503,49651],[-932,0]],[[70465,49651],[-962,0]],[[72360,50348],[963,0]],[[74285,50348],[932,0]],[[77142,49651],[0,697]],[[77142,50348],[932,0]],[[78074,50348],[0,-697]],[[78074,50348],[963,0]],[[79037,50348],[0,-697]],[[79999,50348],[0,-697]],[[80932,50348],[0,-697]],[[80932,49651],[-933,0]],[[80932,50348],[962,0]],[[83789,50348],[962,0]],[[84751,50348],[0,-697]],[[91428,50348],[0,-697]],[[92360,50348],[0,-697]],[[92360,50348],[962,0]],[[99037,50348],[0,-697]],[[99037,50348],[962,0],[0,-697]],[[26646,50348],[0,698]],[[26646,51046],[963,0]],[[27609,51046],[0,-698]],[[27609,51046],[962,0]],[[28571,51046],[0,-698]],[[28571,51046],[932,0]],[[29503,51046],[0,-698]],[[29503,51046],[963,0]],[[30466,51046],[0,-698]],[[30466,51046],[962,0]],[[31428,51046],[0,-698]],[[31428,50348],[-962,0]],[[31428,51046],[933,0]],[[32361,51046],[0,-698]],[[33323,51046],[0,-698]],[[33323,51046],[962,0]],[[34285,51046],[0,-698]],[[34285,51046],[933,0]],[[35218,51046],[0,-698]],[[35218,51046],[962,0]],[[36180,51046],[0,-698]],[[37142,50348],[0,698]],[[37142,51046],[933,0]],[[38075,51046],[0,-698]],[[38075,51046],[962,0]],[[39037,51046],[0,-698]],[[41894,50348],[0,698]],[[41894,51046],[963,0]],[[42857,51046],[0,-698]],[[42857,51046],[932,0]],[[43789,51046],[0,-698]],[[44751,50348],[0,698]],[[54285,51046],[932,0]],[[61894,51046],[0,-698]],[[61894,51046],[963,0]],[[62857,51046],[0,-698]],[[62857,51046],[932,0]],[[63789,51046],[0,-698]],[[63789,51046],[962,0]],[[64751,51046],[0,-698]],[[65714,51046],[0,-698]],[[65714,51046],[932,0]],[[66646,51046],[0,-698]],[[66646,51046],[962,0]],[[72360,51046],[0,-698]],[[74285,51046],[932,0]],[[75217,51046],[0,-698]],[[75217,51046],[963,0]],[[76180,51046],[0,-698]],[[76180,51046],[962,0]],[[77142,51046],[0,-698]],[[77142,50348],[-962,0]],[[77142,51046],[932,0]],[[78074,51046],[0,-698]],[[80932,51046],[962,0]],[[81894,51046],[0,-698]],[[81894,51046],[962,0]],[[82856,51046],[0,-698]],[[82856,51046],[933,0]],[[83789,51046],[0,-698]],[[83789,51046],[962,0]],[[89503,51046],[962,0]],[[23789,51046],[0,698]],[[23789,51744],[963,0]],[[24752,51744],[0,-698]],[[24752,51046],[-963,0]],[[24752,51744],[962,0]],[[25714,51744],[0,-698]],[[25714,51046],[-962,0]],[[25714,51744],[932,0]],[[26646,51744],[0,-698]],[[26646,51046],[-932,0]],[[26646,51744],[963,0]],[[27609,51744],[0,-698]],[[27609,51744],[962,0]],[[28571,51744],[0,-698]],[[30466,51046],[0,698]],[[30466,51744],[962,0]],[[31428,51744],[0,-698]],[[33323,51744],[962,0]],[[34285,51744],[0,-698]],[[34285,51744],[933,0]],[[35218,51744],[0,-698]],[[35218,51744],[962,0]],[[36180,51744],[0,-698]],[[37142,51046],[0,698]],[[37142,51744],[933,0]],[[38075,51744],[0,-698]],[[38075,51744],[962,0]],[[39037,51744],[0,-698]],[[43789,51046],[0,698]],[[43789,51744],[962,0]],[[44751,51046],[-962,0]],[[45714,51744],[932,0]],[[46646,51744],[0,-698]],[[46646,51744],[963,0]],[[52360,51744],[0,-698]],[[53323,51744],[0,-698]],[[53323,51744],[962,0]],[[54285,51744],[0,-698]],[[54285,51744],[932,0]],[[55217,51744],[0,-698]],[[55217,51744],[963,0]],[[62857,51744],[0,-698]],[[63789,51744],[0,-698]],[[63789,51744],[962,0]],[[65714,51744],[932,0]],[[66646,51744],[0,-698]],[[66646,51744],[962,0]],[[73323,51744],[962,0]],[[74285,51744],[0,-698]],[[76180,51046],[0,698]],[[76180,51744],[962,0]],[[77142,51744],[0,-698]],[[79037,51744],[962,0]],[[79999,51744],[0,-698]],[[79999,51744],[933,0]],[[80932,51744],[0,-698]],[[81894,51744],[0,-698]],[[82856,51744],[0,-698]],[[82856,51744],[933,0]],[[83789,51744],[0,-698]],[[84751,51744],[0,-698]],[[85713,51744],[0,-698]],[[85713,51744],[933,0]],[[90465,51744],[0,-698]],[[23789,51744],[0,697]],[[24752,52441],[0,-697]],[[27609,51744],[0,697]],[[27609,52441],[962,0]],[[28571,52441],[0,-697]],[[29503,51744],[0,697]],[[29503,52441],[963,0]],[[30466,52441],[0,-697]],[[30466,51744],[-963,0]],[[31428,52441],[0,-697]],[[32361,52441],[0,-697]],[[32361,51744],[-933,0]],[[32361,52441],[962,0]],[[33323,52441],[0,-697]],[[33323,52441],[962,0]],[[34285,52441],[0,-697]],[[35218,51744],[0,697]],[[36180,52441],[0,-697]],[[37142,51744],[0,697]],[[37142,52441],[933,0]],[[38075,52441],[0,-697]],[[38075,52441],[962,0]],[[39037,52441],[0,-697]],[[39037,52441],[963,0]],[[40000,52441],[0,-697]],[[40000,51744],[-963,0]],[[40000,52441],[932,0]],[[40932,52441],[0,-697]],[[40932,51744],[-932,0]],[[40932,52441],[962,0]],[[41894,52441],[0,-697]],[[41894,51744],[-962,0]],[[41894,52441],[963,0]],[[42857,52441],[0,-697]],[[42857,51744],[-963,0]],[[42857,52441],[932,0]],[[43789,52441],[0,-697]],[[43789,51744],[-932,0]],[[44751,52441],[0,-697]],[[45714,52441],[0,-697]],[[46646,52441],[0,-697]],[[46646,52441],[963,0]],[[54285,52441],[0,-697]],[[54285,52441],[932,0]],[[55217,52441],[0,-697]],[[55217,52441],[963,0]],[[69503,52441],[962,0]],[[73323,52441],[962,0]],[[74285,52441],[0,-697]],[[78074,52441],[963,0]],[[79037,52441],[0,-697]],[[79999,51744],[0,697]],[[85713,52441],[933,0]],[[86646,52441],[0,-697]],[[87608,52441],[0,-697]],[[87608,52441],[963,0]],[[28571,52441],[0,698]],[[28571,53139],[932,0]],[[29503,53139],[0,-698]],[[29503,52441],[-932,0]],[[29503,53139],[963,0]],[[34285,52441],[0,698]],[[34285,53139],[933,0]],[[35218,52441],[-933,0]],[[38075,52441],[0,698]],[[38075,53139],[962,0]],[[39037,53139],[0,-698]],[[40000,53139],[0,-698]],[[40000,53139],[932,0]],[[40932,53139],[0,-698]],[[40932,53139],[962,0]],[[41894,53139],[0,-698]],[[41894,53139],[963,0]],[[42857,53139],[0,-698]],[[47609,52441],[0,698]],[[47609,53139],[962,0]],[[54285,53139],[932,0]],[[55217,53139],[0,-698]],[[55217,53139],[963,0]],[[65714,53139],[932,0]],[[66646,53139],[0,-698]],[[66646,52441],[-932,0]],[[73323,53139],[0,-698]],[[74285,53139],[0,-698]],[[79037,53139],[0,-698]],[[81894,53139],[962,0]],[[84751,53139],[962,0]],[[85713,53139],[0,-698]],[[23789,53139],[0,697]],[[23789,53836],[963,0]],[[24752,53836],[0,-697]],[[25714,53139],[0,697]],[[25714,53836],[932,0]],[[26646,53836],[0,-697]],[[26646,53139],[-932,0]],[[29503,53139],[0,697]],[[30466,53836],[0,-697]],[[30466,53836],[962,0]],[[31428,53836],[0,-697]],[[32361,53139],[0,697]],[[32361,53836],[962,0]],[[33323,53836],[0,-697]],[[33323,53139],[-962,0]],[[34285,53139],[0,697]],[[34285,53836],[933,0]],[[36180,53836],[962,0]],[[37142,53836],[0,-697]],[[37142,53836],[933,0]],[[38075,53836],[0,-697]],[[38075,53139],[-933,0]],[[38075,53836],[962,0]],[[40000,53836],[932,0]],[[40932,53836],[0,-697]],[[40932,53836],[962,0]],[[41894,53836],[0,-697]],[[41894,53836],[963,0]],[[46646,53836],[963,0]],[[47609,53836],[0,-697]],[[47609,53139],[-963,0]],[[48571,53836],[0,-697]],[[54285,53836],[0,-697]],[[55217,53836],[0,-697]],[[60932,53836],[0,-697]],[[60932,53836],[962,0]],[[63789,53836],[962,0]],[[64751,53836],[0,-697]],[[64751,53836],[963,0]],[[65714,53836],[0,-697]],[[65714,53836],[932,0]],[[66646,53836],[0,-697]],[[66646,53836],[962,0]],[[67608,53836],[0,-697]],[[67608,53139],[-962,0]],[[67608,53836],[963,0]],[[79999,53836],[933,0]],[[80932,53836],[0,-697]],[[80932,53836],[962,0]],[[81894,53836],[0,-697]],[[81894,53836],[962,0]],[[84751,53836],[962,0]],[[86646,53836],[962,0]],[[90465,53836],[963,0]],[[94285,53836],[0,-697]],[[24752,53836],[0,698]],[[24752,54534],[962,0]],[[25714,54534],[0,-698]],[[25714,53836],[-962,0]],[[26646,53836],[0,698]],[[26646,54534],[963,0]],[[27609,54534],[0,-698]],[[27609,53836],[-963,0]],[[28571,53836],[0,698]],[[28571,54534],[932,0]],[[29503,53836],[-932,0]],[[30466,54534],[962,0]],[[32361,54534],[962,0]],[[33323,54534],[0,-698]],[[34285,53836],[0,698]],[[34285,54534],[933,0]],[[35218,54534],[0,-698]],[[35218,54534],[962,0]],[[36180,54534],[0,-698]],[[36180,54534],[962,0]],[[37142,54534],[0,-698]],[[37142,54534],[933,0]],[[38075,54534],[0,-698]],[[38075,54534],[962,0]],[[39037,54534],[0,-698]],[[39037,54534],[963,0]],[[40000,54534],[0,-698]],[[40000,54534],[932,0]],[[40932,54534],[0,-698]],[[40932,54534],[962,0]],[[41894,54534],[0,-698]],[[41894,54534],[963,0]],[[42857,54534],[0,-698]],[[42857,54534],[932,0]],[[44751,54534],[963,0]],[[46646,54534],[963,0]],[[64751,54534],[0,-698]],[[65714,54534],[0,-698]],[[65714,54534],[932,0]],[[66646,54534],[0,-698]],[[68571,53836],[0,698]],[[68571,54534],[932,0]],[[69503,54534],[0,-698]],[[70465,54534],[0,-698]],[[73323,54534],[0,-698]],[[73323,54534],[962,0]],[[74285,54534],[0,-698]],[[74285,54534],[932,0]],[[75217,54534],[0,-698]],[[75217,53836],[-932,0]],[[76180,53836],[0,698]],[[76180,54534],[962,0]],[[79037,54534],[962,0]],[[79999,54534],[0,-698]],[[79999,54534],[933,0]],[[80932,54534],[0,-698]],[[80932,54534],[962,0]],[[81894,54534],[0,-698]],[[81894,54534],[962,0]],[[91428,54534],[0,-698]],[[92360,54534],[0,-698]],[[24752,54534],[0,698]],[[24752,55232],[962,0]],[[25714,55232],[0,-698]],[[25714,55232],[932,0]],[[26646,55232],[0,-698]],[[26646,54534],[-932,0]],[[26646,55232],[963,0]],[[27609,55232],[0,-698]],[[27609,55232],[962,0]],[[28571,55232],[0,-698]],[[28571,54534],[-962,0]],[[28571,55232],[932,0]],[[29503,55232],[0,-698]],[[29503,55232],[963,0]],[[30466,55232],[0,-698]],[[30466,55232],[962,0]],[[31428,55232],[0,-698]],[[31428,55232],[933,0]],[[32361,55232],[0,-698]],[[33323,54534],[0,698]],[[33323,55232],[962,0]],[[34285,55232],[0,-698]],[[34285,54534],[-962,0]],[[35218,54534],[0,698]],[[35218,55232],[962,0]],[[36180,55232],[0,-698]],[[37142,55232],[0,-698]],[[37142,55232],[933,0]],[[38075,55232],[0,-698]],[[38075,55232],[962,0]],[[39037,55232],[0,-698]],[[39037,55232],[963,0]],[[40000,55232],[0,-698]],[[40000,55232],[932,0]],[[40932,55232],[0,-698]],[[40932,55232],[962,0]],[[41894,55232],[0,-698]],[[41894,55232],[963,0]],[[42857,55232],[0,-698]],[[43789,54534],[0,698]],[[43789,55232],[962,0]],[[44751,55232],[0,-698]],[[44751,55232],[963,0]],[[45714,55232],[0,-698]],[[46646,55232],[0,-698]],[[47609,55232],[0,-698]],[[47609,55232],[962,0]],[[52360,55232],[0,-698]],[[52360,55232],[963,0]],[[59037,54534],[-962,0]],[[62857,55232],[0,-698]],[[62857,55232],[932,0]],[[66646,55232],[0,-698]],[[67608,55232],[0,-698]],[[67608,54534],[-962,0]],[[67608,55232],[963,0]],[[68571,55232],[0,-698]],[[68571,54534],[-963,0]],[[73323,55232],[962,0]],[[74285,55232],[0,-698]],[[74285,55232],[932,0]],[[79999,55232],[0,-698]],[[79999,55232],[933,0]],[[80932,55232],[0,-698]],[[80932,55232],[962,0]],[[81894,55232],[0,-698]],[[81894,55232],[962,0]],[[20932,55929],[963,0]],[[21895,55929],[0,-697]],[[21895,55232],[-963,0],[0,697]],[[23789,55232],[0,697]],[[23789,55929],[963,0]],[[24752,55929],[0,-697]],[[24752,55232],[-963,0]],[[24752,55929],[962,0]],[[25714,55929],[0,-697]],[[25714,55929],[932,0]],[[26646,55929],[0,-697]],[[29503,55232],[0,697]],[[29503,55929],[963,0]],[[30466,55929],[0,-697]],[[30466,55929],[962,0]],[[31428,55929],[0,-697]],[[31428,55929],[933,0]],[[32361,55929],[0,-697]],[[32361,55929],[962,0]],[[33323,55929],[0,-697]],[[33323,55232],[-962,0]],[[34285,55929],[0,-697]],[[35218,55232],[0,697]],[[35218,55929],[962,0]],[[37142,55929],[933,0]],[[38075,55929],[0,-697]],[[39037,55232],[0,697]],[[40000,55929],[0,-697]],[[40000,55929],[932,0]],[[40932,55929],[0,-697]],[[42857,55232],[0,697]],[[42857,55929],[932,0]],[[43789,55929],[0,-697]],[[43789,55232],[-932,0]],[[43789,55929],[962,0]],[[44751,55929],[0,-697]],[[47609,55929],[962,0]],[[53323,55929],[0,-697]],[[53323,55929],[962,0]],[[57142,55929],[0,-697]],[[63789,55929],[0,-697]],[[63789,55929],[962,0]],[[67608,55929],[963,0]],[[68571,55929],[0,-697]],[[73323,55929],[962,0]],[[74285,55929],[0,-697]],[[74285,55929],[932,0]],[[75217,55929],[0,-697]],[[75217,55929],[963,0]],[[81894,55232],[0,697]],[[81894,55929],[962,0]],[[96179,55929],[0,-697]],[[24752,55929],[0,722]],[[24752,56651],[962,0]],[[25714,56651],[0,-722]],[[27609,55929],[0,722]],[[27609,56651],[962,0]],[[28571,56651],[0,-722]],[[28571,55929],[-962,0]],[[29503,55929],[0,722]],[[29503,56651],[963,0]],[[30466,56651],[0,-722]],[[31428,55929],[0,722]],[[32361,56651],[0,-722]],[[32361,56651],[962,0]],[[34285,56651],[933,0]],[[35218,56651],[0,-722]],[[35218,55929],[-933,0]],[[35218,56651],[962,0]],[[37142,56651],[933,0]],[[38075,56651],[0,-722]],[[38075,56651],[962,0]],[[39037,55929],[-962,0]],[[40000,56651],[932,0]],[[41894,56651],[963,0]],[[42857,56651],[0,-722]],[[42857,55929],[-963,0]],[[42857,56651],[932,0]],[[43789,56651],[0,-722]],[[43789,56651],[962,0]],[[44751,56651],[0,-722]],[[45714,55929],[-963,0]],[[53323,56651],[962,0]],[[54285,56651],[0,-722]],[[54285,56651],[932,0]],[[55217,56651],[0,-722]],[[60932,56651],[962,0]],[[63789,56651],[962,0]],[[64751,56651],[0,-722]],[[64751,56651],[963,0]],[[67608,56651],[963,0]],[[68571,56651],[0,-722]],[[73323,56651],[962,0]],[[74285,56651],[0,-722]],[[75217,56651],[0,-722]],[[75217,56651],[963,0]],[[80932,56651],[0,-722]],[[80932,55929],[-933,0]],[[80932,56651],[962,0]],[[81894,56651],[0,-722]],[[81894,55929],[-962,0]],[[81894,56651],[962,0]],[[85713,56651],[0,-722]],[[85713,56651],[933,0]],[[90465,56651],[0,-722]],[[91428,56651],[0,-722]],[[91428,56651],[932,0]],[[92360,56651],[0,-722]],[[92360,56651],[962,0]],[[22857,56651],[0,697]],[[22857,57348],[932,0]],[[23789,57348],[0,-697]],[[23789,56651],[-932,0]],[[28571,56651],[0,697]],[[28571,57348],[932,0]],[[29503,57348],[0,-697]],[[29503,56651],[-932,0]],[[29503,57348],[963,0]],[[30466,57348],[0,-697]],[[30466,57348],[962,0]],[[31428,56651],[-962,0]],[[32361,57348],[962,0]],[[33323,57348],[0,-697]],[[33323,57348],[962,0]],[[34285,57348],[0,-697]],[[34285,57348],[933,0]],[[35218,57348],[0,-697]],[[35218,57348],[962,0]],[[36180,57348],[0,-697]],[[36180,57348],[962,0]],[[37142,57348],[0,-697]],[[37142,57348],[933,0]],[[38075,57348],[0,-697]],[[38075,57348],[962,0]],[[39037,57348],[0,-697]],[[39037,57348],[963,0]],[[40000,57348],[0,-697]],[[40000,57348],[932,0]],[[40932,57348],[0,-697]],[[41894,56651],[0,697]],[[41894,57348],[963,0]],[[42857,57348],[0,-697]],[[54285,57348],[0,-697]],[[61894,57348],[0,-697]],[[62857,57348],[0,-697]],[[63789,57348],[0,-697]],[[63789,57348],[962,0]],[[64751,57348],[0,-697]],[[66646,57348],[962,0]],[[67608,57348],[0,-697]],[[67608,57348],[963,0],[0,-697]],[[75217,57348],[963,0]],[[80932,57348],[962,0]],[[81894,57348],[0,-697]],[[81894,57348],[962,0]],[[85713,57348],[933,0]],[[92360,57348],[0,-697]],[[93322,57348],[0,-697]],[[21895,57348],[0,698]],[[21895,58046],[962,0]],[[22857,58046],[0,-698]],[[22857,57348],[-962,0]],[[25714,57348],[0,698]],[[25714,58046],[932,0]],[[26646,57348],[-932,0]],[[27609,58046],[962,0]],[[28571,58046],[0,-698]],[[28571,57348],[-962,0]],[[29503,57348],[0,698]],[[29503,58046],[963,0]],[[30466,58046],[0,-698]],[[30466,58046],[962,0]],[[31428,58046],[0,-698]],[[33323,57348],[0,698]],[[34285,58046],[0,-698]],[[35218,58046],[0,-698]],[[35218,58046],[962,0]],[[36180,58046],[0,-698]],[[36180,58046],[962,0]],[[37142,58046],[0,-698]],[[38075,58046],[0,-698]],[[39037,58046],[0,-698]],[[40000,58046],[0,-698]],[[41894,57348],[0,698]],[[41894,58046],[963,0]],[[42857,58046],[0,-698]],[[44751,57348],[0,698]],[[44751,58046],[963,0]],[[57142,58046],[933,0]],[[63789,58046],[962,0]],[[66646,58046],[962,0],[0,-698]],[[75217,58046],[0,-698]],[[75217,58046],[963,0]],[[76180,58046],[0,-698]],[[76180,58046],[962,0]],[[77142,58046],[0,-698]],[[77142,58046],[932,0]],[[78074,58046],[0,-698]],[[80932,58046],[0,-698]],[[80932,58046],[962,0]],[[81894,58046],[0,-698]],[[81894,58046],[962,0]],[[82856,58046],[0,-698]],[[85713,58046],[933,0]],[[86646,58046],[0,-698]],[[21895,58046],[0,698]],[[21895,58744],[962,0]],[[22857,58744],[0,-698]],[[22857,58744],[932,0]],[[23789,58046],[-932,0]],[[24752,58744],[962,0]],[[25714,58744],[0,-698]],[[25714,58046],[-962,0]],[[26646,58046],[0,698]],[[26646,58744],[963,0]],[[27609,58744],[0,-698]],[[29503,58046],[0,698]],[[29503,58744],[963,0]],[[30466,58744],[0,-698]],[[30466,58744],[962,0]],[[31428,58744],[0,-698]],[[32361,58046],[0,698]],[[33323,58046],[-962,0]],[[36180,58744],[0,-698]],[[40000,58744],[932,0]],[[40932,58744],[0,-698]],[[40932,58046],[-932,0]],[[41894,58046],[0,698]],[[41894,58744],[963,0]],[[42857,58744],[0,-698]],[[55217,58744],[963,0]],[[57142,58744],[933,0]],[[58075,58744],[0,-698]],[[58075,58744],[962,0]],[[59037,58744],[0,-698]],[[59037,58744],[962,0]],[[59999,58744],[0,-698]],[[60932,58744],[0,-698]],[[60932,58744],[962,0]],[[75217,58744],[963,0]],[[76180,58744],[0,-698]],[[81894,58744],[0,-698]],[[81894,58744],[962,0]],[[83789,58744],[962,0]],[[87608,58744],[963,0]],[[88571,58744],[0,-698]],[[88571,58744],[932,0]],[[89503,58744],[0,-698]],[[89503,58744],[962,0]],[[26646,58744],[0,697]],[[26646,59441],[963,0]],[[27609,59441],[0,-697]],[[27609,59441],[962,0]],[[28571,58744],[-962,0]],[[29503,59441],[963,0]],[[30466,59441],[0,-697]],[[31428,59441],[0,-697]],[[32361,58744],[-933,0]],[[38075,59441],[0,-697]],[[39037,59441],[0,-697]],[[39037,59441],[963,0]],[[40000,59441],[0,-697]],[[40000,59441],[932,0]],[[40932,59441],[0,-697]],[[40932,59441],[962,0]],[[41894,59441],[0,-697]],[[41894,58744],[-962,0]],[[41894,59441],[963,0]],[[42857,59441],[0,-697]],[[42857,59441],[932,0]],[[43789,58744],[-932,0]],[[46646,59441],[963,0]],[[49503,59441],[963,0]],[[58075,59441],[0,-697]],[[58075,59441],[962,0]],[[59037,59441],[0,-697]],[[60932,59441],[962,0]],[[61894,59441],[0,-697]],[[61894,59441],[963,0]],[[75217,58744],[0,697],[963,0]],[[77142,59441],[932,0]],[[78074,58744],[-932,0]],[[81894,59441],[962,0]],[[83789,59441],[962,0]],[[88571,59441],[0,-697]],[[88571,59441],[932,0]],[[89503,59441],[0,-697]],[[89503,59441],[962,0]],[[90465,59441],[0,-697]],[[18075,60139],[962,0]],[[19037,60139],[0,-698]],[[19037,59441],[-962,0]],[[22857,59441],[0,698]],[[22857,60139],[932,0]],[[23789,60139],[0,-698]],[[23789,59441],[-932,0]],[[26646,59441],[0,698]],[[26646,60139],[963,0]],[[27609,60139],[0,-698]],[[28571,60139],[0,-698]],[[29503,60139],[0,-698]],[[29503,60139],[963,0]],[[36180,60139],[0,-698]],[[36180,60139],[962,0]],[[40000,60139],[0,-698]],[[40000,60139],[932,0]],[[40932,60139],[0,-698]],[[40932,60139],[962,0]],[[41894,60139],[0,-698]],[[41894,60139],[963,0]],[[42857,60139],[0,-698]],[[42857,60139],[932,0]],[[48571,60139],[932,0]],[[49503,60139],[0,-698]],[[49503,60139],[963,0]],[[51428,60139],[932,0]],[[52360,60139],[0,-698]],[[52360,60139],[963,0]],[[53323,60139],[0,-698]],[[53323,60139],[962,0]],[[60932,60139],[962,0]],[[61894,60139],[0,-698]],[[61894,60139],[963,0]],[[62857,60139],[0,-698]],[[62857,60139],[932,0]],[[63789,60139],[0,-698]],[[63789,60139],[962,0]],[[66646,60139],[0,-698]],[[78074,59441],[0,698],[963,0]],[[81894,60139],[962,0]],[[88571,60139],[932,0]],[[89503,60139],[0,-698]],[[90465,60139],[0,-698]],[[22857,60139],[0,698]],[[22857,60837],[932,0]],[[23789,60837],[0,-698]],[[23789,60837],[963,0]],[[24752,60837],[0,-698]],[[24752,60139],[-963,0]],[[25714,60139],[0,698]],[[25714,60837],[932,0]],[[26646,60837],[0,-698]],[[26646,60139],[-932,0]],[[26646,60837],[963,0]],[[29503,60837],[963,0]],[[30466,60837],[0,-698]],[[30466,60837],[962,0]],[[33323,60837],[0,-698]],[[33323,60837],[962,0]],[[34285,60837],[0,-698]],[[37142,60837],[0,-698]],[[40932,60139],[0,698]],[[40932,60837],[962,0]],[[41894,60837],[0,-698]],[[41894,60837],[963,0]],[[42857,60837],[0,-698]],[[42857,60837],[932,0]],[[48571,60837],[0,-698]],[[48571,60837],[932,0]],[[49503,60837],[0,-698]],[[49503,60837],[963,0]],[[50466,60837],[0,-698]],[[51428,60837],[0,-698]],[[52360,60139],[0,698]],[[53323,60837],[0,-698]],[[54285,60837],[0,-698]],[[55217,60837],[0,-698]],[[55217,60837],[963,0]],[[60932,60837],[962,0]],[[61894,60837],[0,-698]],[[62857,60837],[0,-698]],[[81894,60837],[962,0]],[[82856,60837],[0,-698]],[[82856,60837],[933,0]],[[83789,60837],[0,-698]],[[83789,60837],[962,0]],[[84751,60139],[-962,0]],[[21895,60837],[0,697]],[[21895,61534],[962,0]],[[22857,61534],[0,-697]],[[22857,60837],[-962,0]],[[26646,60837],[0,697]],[[26646,61534],[963,0]],[[27609,61534],[0,-697]],[[27609,61534],[962,0]],[[28571,61534],[0,-697]],[[28571,61534],[932,0]],[[29503,61534],[0,-697]],[[29503,61534],[963,0]],[[30466,61534],[0,-697]],[[31428,61534],[0,-697]],[[40932,61534],[0,-697]],[[40932,60837],[-932,0]],[[40932,61534],[962,0]],[[41894,61534],[0,-697]],[[42857,61534],[0,-697]],[[42857,61534],[932,0]],[[48571,61534],[932,0]],[[49503,61534],[0,-697]],[[49503,61534],[963,0]],[[51428,61534],[932,0]],[[52360,60837],[-932,0]],[[55217,61534],[963,0]],[[58075,61534],[962,0]],[[59037,61534],[0,-697]],[[59037,61534],[962,0]],[[60932,61534],[962,0]],[[64751,60837],[0,697]],[[21895,61534],[0,698]],[[21895,62232],[962,0]],[[22857,62232],[0,-698]],[[22857,62232],[932,0]],[[23789,62232],[0,-698]],[[23789,61534],[-932,0]],[[23789,62232],[963,0]],[[24752,62232],[0,-698]],[[24752,61534],[-963,0]],[[26646,61534],[0,698]],[[26646,62232],[963,0]],[[27609,62232],[0,-698]],[[29503,61534],[0,698]],[[29503,62232],[963,0]],[[35218,62232],[962,0]],[[40932,62232],[962,0]],[[43789,62232],[0,-698]],[[49503,62232],[0,-698]],[[52360,62232],[0,-698]],[[52360,62232],[963,0]],[[55217,62232],[0,-698]],[[55217,62232],[963,0]],[[60932,62232],[962,0]],[[63789,61534],[-932,0]],[[15218,62929],[962,0]],[[16180,62929],[0,-697]],[[16180,62232],[-962,0]],[[22857,62232],[0,697]],[[22857,62929],[932,0]],[[23789,62929],[0,-697]],[[24752,62232],[0,697]],[[24752,62929],[962,0]],[[25714,62929],[0,-697]],[[25714,62232],[-962,0]],[[27609,62232],[0,697]],[[27609,62929],[962,0]],[[28571,62929],[0,-697]],[[28571,62232],[-962,0]],[[29503,62232],[0,697]],[[29503,62929],[963,0]],[[30466,62929],[0,-697]],[[34285,62929],[933,0]],[[35218,62929],[0,-697]],[[36180,62929],[0,-697]],[[36180,62929],[962,0]],[[40932,62929],[962,0]],[[41894,62929],[0,-697]],[[41894,62929],[963,0]],[[53323,62929],[0,-697]],[[53323,62929],[962,0]],[[57142,62929],[933,0]],[[58075,62929],[0,-697]],[[59037,62232],[0,697]],[[59037,62929],[962,0]],[[59999,62232],[-962,0]],[[64751,62929],[0,-697]],[[64751,62929],[963,0]],[[19037,63627],[0,-698]],[[19037,62929],[-962,0]],[[21895,63627],[962,0]],[[22857,63627],[0,-698]],[[22857,62929],[-962,0]],[[22857,63627],[932,0]],[[23789,63627],[0,-698]],[[27609,62929],[0,698]],[[28571,63627],[0,-698]],[[29503,63627],[0,-698]],[[29503,62929],[-932,0]],[[31428,62929],[0,698]],[[31428,63627],[933,0]],[[32361,63627],[0,-698]],[[32361,62929],[-933,0]],[[32361,63627],[962,0]],[[33323,63627],[0,-698]],[[34285,62929],[0,698]],[[34285,63627],[933,0]],[[37142,63627],[0,-698]],[[38075,63627],[0,-698]],[[38075,63627],[962,0]],[[41894,63627],[0,-698]],[[42857,63627],[0,-698]],[[43789,63627],[0,-698]],[[43789,63627],[962,0]],[[44751,63627],[0,-698]],[[49503,63627],[0,-698]],[[49503,63627],[963,0]],[[54285,63627],[0,-698]],[[57142,63627],[0,-698]],[[57142,63627],[933,0]],[[58075,63627],[0,-698]],[[58075,63627],[962,0]],[[59037,63627],[0,-698]],[[59037,62929],[-962,0]],[[59037,63627],[962,0]],[[59999,63627],[0,-698]],[[59999,63627],[933,0]],[[64751,63627],[963,0]],[[17143,63627],[0,698]],[[17143,64325],[932,0]],[[24752,63627],[0,698]],[[24752,64325],[962,0]],[[25714,64325],[0,-698]],[[25714,63627],[-962,0]],[[26646,63627],[0,698]],[[26646,64325],[963,0]],[[27609,63627],[-963,0]],[[30466,63627],[0,698]],[[30466,64325],[962,0]],[[31428,64325],[0,-698]],[[31428,63627],[-962,0]],[[32361,63627],[0,698]],[[32361,64325],[962,0]],[[33323,64325],[0,-698]],[[33323,64325],[962,0]],[[34285,64325],[0,-698]],[[34285,63627],[-962,0]],[[34285,64325],[933,0]],[[35218,64325],[0,-698]],[[35218,64325],[962,0]],[[40000,64325],[932,0]],[[43789,64325],[962,0]],[[44751,64325],[0,-698]],[[50466,64325],[0,-698]],[[50466,64325],[962,0]],[[57142,64325],[933,0]],[[58075,64325],[0,-698]],[[59037,63627],[0,698]],[[59037,64325],[962,0]],[[59999,64325],[0,-698]],[[60932,64325],[0,-698]],[[60932,64325],[962,0]],[[61894,64325],[0,-698]],[[61894,64325],[963,0]],[[19037,64325],[0,697]],[[19037,65022],[963,0]],[[20000,65022],[0,-697]],[[20000,64325],[-963,0]],[[24752,64325],[0,697]],[[24752,65022],[962,0]],[[25714,65022],[0,-697]],[[25714,65022],[932,0]],[[26646,65022],[0,-697]],[[26646,64325],[-932,0]],[[26646,65022],[963,0]],[[27609,65022],[0,-697]],[[28571,64325],[0,697]],[[28571,65022],[932,0]],[[29503,65022],[0,-697]],[[31428,64325],[0,697]],[[31428,65022],[933,0]],[[32361,65022],[0,-697]],[[32361,64325],[-933,0]],[[32361,65022],[962,0]],[[33323,65022],[0,-697]],[[34285,65022],[0,-697]],[[35218,65022],[0,-697]],[[35218,65022],[962,0]],[[40000,65022],[0,-697]],[[42857,65022],[932,0]],[[43789,65022],[0,-697]],[[43789,65022],[962,0]],[[44751,65022],[0,-697]],[[45714,65022],[0,-697]],[[45714,64325],[-963,0]],[[51428,65022],[0,-697]],[[52360,65022],[0,-697]],[[52360,65022],[963,0]],[[57142,65022],[933,0]],[[58075,65022],[0,-697]],[[59037,64325],[0,697]],[[61894,65022],[0,-697]],[[61894,65022],[963,0]],[[22857,65022],[0,698]],[[22857,65720],[932,0]],[[23789,65720],[0,-698]],[[23789,65022],[-932,0]],[[23789,65720],[963,0]],[[24752,65720],[0,-698]],[[24752,65022],[-963,0]],[[24752,65720],[962,0]],[[25714,65720],[0,-698]],[[25714,65720],[932,0]],[[26646,65720],[0,-698]],[[26646,65720],[963,0]],[[27609,65720],[0,-698]],[[27609,65720],[962,0]],[[28571,65720],[0,-698]],[[28571,65022],[-962,0]],[[29503,65022],[0,698]],[[29503,65720],[963,0]],[[30466,65720],[0,-698]],[[30466,65022],[-963,0]],[[30466,65720],[962,0]],[[31428,65720],[0,-698]],[[31428,65022],[-962,0]],[[31428,65720],[933,0]],[[32361,65720],[0,-698]],[[32361,65720],[962,0]],[[35218,65720],[962,0]],[[36180,65720],[0,-698]],[[36180,65720],[962,0]],[[40932,65720],[962,0]],[[43789,65720],[0,-698]],[[43789,65720],[962,0]],[[46646,65720],[0,-698]],[[46646,65022],[-932,0]],[[47609,65022],[0,698]],[[47609,65720],[962,0]],[[52360,65720],[963,0]],[[56180,65720],[962,0]],[[57142,65720],[0,-698]],[[58075,65720],[0,-698]],[[58075,65720],[962,0]],[[59037,65022],[-962,0]],[[61894,65720],[963,0]],[[62857,65720],[0,-698]],[[16180,65720],[0,721]],[[16180,66441],[963,0]],[[17143,66441],[0,-721]],[[17143,65720],[-963,0]],[[17143,66441],[932,0]],[[18075,66441],[0,-721]],[[18075,65720],[-932,0]],[[20000,65720],[0,721]],[[20000,66441],[932,0]],[[20932,66441],[0,-721]],[[20932,65720],[-932,0]],[[20932,66441],[963,0]],[[21895,66441],[0,-721]],[[21895,65720],[-963,0]],[[25714,65720],[0,721]],[[25714,66441],[932,0]],[[26646,66441],[0,-721]],[[27609,65720],[0,721]],[[27609,66441],[962,0]],[[28571,66441],[0,-721]],[[28571,66441],[932,0]],[[29503,66441],[0,-721]],[[29503,65720],[-932,0]],[[29503,66441],[963,0]],[[30466,66441],[0,-721]],[[30466,66441],[962,0]],[[31428,66441],[0,-721]],[[31428,66441],[933,0]],[[32361,66441],[0,-721]],[[32361,66441],[962,0]],[[33323,66441],[0,-721]],[[33323,66441],[962,0]],[[36180,66441],[0,-721]],[[40932,66441],[962,0]],[[44751,66441],[0,-721]],[[48571,65720],[0,721]],[[48571,66441],[932,0]],[[53323,66441],[0,-721]],[[54285,66441],[0,-721]],[[56180,66441],[962,0]],[[58075,66441],[962,0]],[[59037,66441],[0,-721]],[[59037,66441],[962,0]],[[59999,66441],[0,-721]],[[59999,66441],[933,0]],[[60932,66441],[0,-721]],[[60932,66441],[962,0]],[[61894,66441],[0,-721]],[[61894,66441],[963,0]],[[62857,66441],[0,-721]],[[62857,66441],[932,0],[0,-721],[-932,0]],[[19037,66441],[0,698]],[[19037,67139],[963,0]],[[20000,67139],[0,-698]],[[20000,66441],[-963,0]],[[20000,67139],[932,0]],[[20932,67139],[0,-698]],[[21895,66441],[0,698]],[[21895,67139],[962,0]],[[22857,67139],[0,-698]],[[22857,66441],[-962,0]],[[24752,66441],[0,698]],[[24752,67139],[962,0]],[[25714,67139],[0,-698]],[[25714,66441],[-962,0]],[[26646,66441],[0,698]],[[26646,67139],[963,0]],[[27609,67139],[0,-698]],[[27609,66441],[-963,0]],[[27609,67139],[962,0]],[[28571,67139],[0,-698]],[[28571,67139],[932,0]],[[29503,67139],[0,-698]],[[29503,67139],[963,0]],[[30466,67139],[0,-698]],[[30466,67139],[962,0]],[[31428,67139],[0,-698]],[[31428,67139],[933,0]],[[32361,67139],[0,-698]],[[33323,67139],[0,-698]],[[33323,67139],[962,0]],[[34285,67139],[0,-698]],[[39037,67139],[963,0]],[[40000,67139],[0,-698]],[[40000,67139],[932,0]],[[40932,67139],[0,-698]],[[41894,67139],[0,-698]],[[41894,67139],[963,0]],[[42857,67139],[0,-698]],[[42857,67139],[932,0]],[[46646,67139],[963,0]],[[47609,66441],[-963,0]],[[49503,67139],[0,-698]],[[49503,67139],[963,0]],[[56180,67139],[0,-698]],[[57142,67139],[0,-698]],[[16180,67837],[963,0]],[[17143,67837],[0,-698]],[[17143,67139],[-963,0]],[[19037,67139],[0,698]],[[19037,67837],[963,0]],[[20000,67837],[0,-698]],[[21895,67139],[0,698]],[[21895,67837],[962,0]],[[22857,67837],[0,-698]],[[22857,67837],[932,0]],[[23789,67837],[0,-698]],[[23789,67139],[-932,0]],[[23789,67837],[963,0]],[[24752,67837],[0,-698]],[[24752,67139],[-963,0]],[[26646,67139],[0,698]],[[26646,67837],[963,0]],[[27609,67837],[0,-698]],[[28571,67837],[0,-698]],[[28571,67837],[932,0]],[[29503,67837],[0,-698]],[[29503,67837],[963,0]],[[30466,67837],[0,-698]],[[33323,67837],[962,0]],[[39037,67837],[0,-698]],[[39037,67837],[963,0]],[[40000,67837],[0,-698]],[[40000,67837],[932,0]],[[41894,67837],[963,0]],[[42857,67837],[0,-698]],[[42857,67837],[932,0]],[[43789,67837],[0,-698]],[[44751,67837],[0,-698]],[[47609,67837],[0,-698]],[[47609,67837],[962,0]],[[13323,68534],[963,0]],[[14286,68534],[0,-697]],[[14286,67837],[-963,0],[0,697]],[[14286,68534],[932,0]],[[15218,68534],[0,-697]],[[15218,67837],[-932,0]],[[15218,68534],[962,0]],[[16180,68534],[0,-697]],[[20932,67837],[0,697]],[[20932,68534],[963,0]],[[21895,68534],[0,-697]],[[21895,67837],[-963,0]],[[21895,68534],[962,0]],[[22857,68534],[0,-697]],[[22857,68534],[932,0]],[[23789,68534],[0,-697]],[[25714,67837],[0,697]],[[25714,68534],[932,0]],[[26646,68534],[0,-697]],[[26646,67837],[-932,0]],[[26646,68534],[963,0]],[[29503,68534],[0,-697]],[[29503,68534],[963,0]],[[30466,68534],[0,-697]],[[31428,67837],[0,697]],[[32361,68534],[0,-697]],[[32361,67837],[-933,0]],[[32361,68534],[962,0]],[[33323,68534],[0,-697]],[[33323,68534],[962,0]],[[39037,68534],[963,0]],[[40000,68534],[0,-697]],[[40000,68534],[932,0]],[[41894,68534],[963,0]],[[42857,68534],[0,-697]],[[42857,68534],[932,0]],[[47609,68534],[962,0]],[[48571,68534],[0,-697]],[[53323,68534],[0,-697]],[[57142,68534],[0,-697]],[[18075,68534],[0,698]],[[18075,69232],[962,0]],[[19037,68534],[-962,0]],[[20932,69232],[0,-698]],[[20932,68534],[-932,0]],[[21895,68534],[0,698]],[[21895,69232],[962,0]],[[22857,69232],[0,-698]],[[22857,69232],[932,0]],[[23789,69232],[0,-698]],[[23789,69232],[963,0]],[[24752,69232],[0,-698]],[[24752,68534],[-963,0]],[[25714,68534],[0,698]],[[25714,69232],[932,0]],[[26646,69232],[0,-698]],[[26646,69232],[963,0]],[[27609,69232],[0,-698]],[[27609,69232],[962,0]],[[29503,69232],[963,0]],[[30466,69232],[0,-698]],[[30466,69232],[962,0]],[[31428,68534],[-962,0]],[[33323,69232],[0,-698]],[[33323,69232],[962,0]],[[34285,69232],[0,-698]],[[36180,69232],[962,0]],[[37142,69232],[0,-698]],[[40000,69232],[0,-698]],[[40000,69232],[932,0]],[[40932,69232],[0,-698]],[[40932,69232],[962,0]],[[41894,69232],[0,-698]],[[41894,69232],[963,0]],[[42857,69232],[0,-698]],[[42857,69232],[932,0]],[[43789,69232],[0,-698]],[[43789,69232],[962,0]],[[44751,69232],[0,-698]],[[45714,69232],[0,-698]],[[46646,69232],[0,-698]],[[46646,69232],[963,0]],[[47609,69232],[0,-698]],[[50466,69232],[0,-698]],[[51428,69232],[0,-698]],[[51428,68534],[-962,0]],[[19037,69232],[0,698]],[[19037,69930],[963,0]],[[23789,69232],[0,698]],[[24752,69930],[0,-698]],[[24752,69930],[962,0]],[[25714,69930],[0,-698]],[[25714,69232],[-962,0]],[[26646,69930],[0,-698]],[[28571,69232],[0,698]],[[28571,69930],[932,0]],[[29503,69930],[0,-698]],[[29503,69930],[963,0]],[[30466,69930],[0,-698]],[[30466,69930],[962,0]],[[31428,69930],[0,-698]],[[31428,69930],[933,0]],[[35218,69930],[962,0]],[[36180,69930],[0,-698]],[[40932,69930],[0,-698]],[[42857,69232],[0,698]],[[42857,69930],[932,0]],[[43789,69930],[0,-698]],[[43789,69930],[962,0]],[[46646,69930],[963,0]],[[47609,69930],[0,-698]],[[48571,69232],[-962,0]],[[53323,69930],[962,0]],[[12361,70627],[962,0]],[[13323,70627],[0,-697]],[[13323,69930],[-962,0]],[[13323,70627],[963,0]],[[18075,69930],[0,697]],[[18075,70627],[962,0]],[[19037,70627],[0,-697]],[[19037,69930],[-962,0]],[[19037,70627],[963,0]],[[20000,70627],[0,-697]],[[20932,70627],[0,-697]],[[20932,70627],[963,0]],[[21895,70627],[0,-697]],[[21895,69930],[-963,0]],[[22857,69930],[0,697]],[[22857,70627],[932,0]],[[23789,69930],[-932,0]],[[24752,70627],[962,0]],[[27609,70627],[0,-697]],[[27609,69930],[-963,0]],[[29503,69930],[0,697]],[[30466,70627],[0,-697]],[[31428,70627],[0,-697]],[[31428,70627],[933,0]],[[32361,70627],[0,-697]],[[35218,70627],[0,-697]],[[36180,70627],[0,-697]],[[36180,70627],[962,0]],[[37142,70627],[0,-697]],[[37142,69930],[-962,0]],[[37142,70627],[933,0]],[[42857,69930],[0,697]],[[42857,70627],[932,0]],[[43789,70627],[0,-697]],[[43789,70627],[962,0]],[[45714,70627],[932,0]],[[46646,70627],[0,-697]],[[46646,70627],[963,0]],[[49503,70627],[0,-697]],[[49503,70627],[963,0]],[[50466,70627],[0,-697]],[[50466,70627],[962,0]],[[51428,70627],[0,-697]],[[51428,70627],[932,0]],[[53323,70627],[962,0]],[[11428,71325],[933,0]],[[12361,71325],[0,-698]],[[14286,70627],[0,698]],[[19037,70627],[0,698]],[[19037,71325],[963,0]],[[20932,71325],[963,0]],[[21895,71325],[0,-698]],[[22857,70627],[0,698]],[[22857,71325],[932,0]],[[23789,71325],[0,-698]],[[23789,71325],[963,0]],[[24752,71325],[0,-698]],[[24752,71325],[962,0]],[[28571,71325],[932,0]],[[29503,70627],[-932,0]],[[31428,71325],[933,0]],[[36180,71325],[962,0]],[[37142,71325],[0,-698]],[[37142,71325],[933,0]],[[38075,71325],[0,-698]],[[38075,71325],[962,0]],[[40932,71325],[0,-698]],[[42857,71325],[932,0]],[[43789,71325],[0,-698]],[[43789,71325],[962,0]],[[44751,71325],[0,-698]],[[45714,71325],[0,-698]],[[45714,71325],[932,0]],[[46646,71325],[0,-698]],[[46646,71325],[963,0]],[[47609,71325],[0,-698]],[[47609,71325],[962,0]],[[49503,71325],[963,0]],[[50466,71325],[0,-698]],[[50466,71325],[962,0]],[[51428,71325],[0,-698]],[[54285,70627],[0,698]],[[54285,71325],[932,0]],[[55217,71325],[0,-698]],[[57142,71325],[933,0]],[[13323,71325],[0,697]],[[13323,72022],[963,0]],[[14286,71325],[-963,0]],[[15218,72022],[962,0]],[[16180,72022],[0,-697]],[[19037,71325],[0,697]],[[19037,72022],[963,0]],[[20000,72022],[0,-697]],[[25714,71325],[0,697]],[[25714,72022],[932,0]],[[26646,72022],[0,-697]],[[26646,72022],[963,0]],[[28571,72022],[932,0]],[[29503,72022],[0,-697]],[[29503,72022],[963,0]],[[30466,72022],[0,-697]],[[30466,72022],[962,0]],[[31428,72022],[0,-697]],[[31428,72022],[933,0]],[[36180,72022],[962,0]],[[37142,72022],[0,-697]],[[37142,72022],[933,0]],[[38075,72022],[0,-697]],[[38075,72022],[962,0]],[[42857,72022],[932,0]],[[43789,72022],[0,-697]],[[43789,72022],[962,0]],[[45714,72022],[932,0]],[[46646,72022],[0,-697]],[[46646,72022],[963,0]],[[47609,72022],[0,-697]],[[47609,72022],[962,0]],[[50466,72022],[0,-697]],[[50466,72022],[962,0]],[[53323,72022],[0,-697]],[[56180,72022],[962,0]],[[57142,72022],[0,-697]],[[57142,72022],[933,0]],[[13323,72022],[0,698]],[[13323,72720],[963,0]],[[14286,72720],[0,-698]],[[17143,72022],[0,698]],[[17143,72720],[932,0]],[[18075,72720],[0,-698]],[[18075,72022],[-932,0]],[[18075,72720],[962,0]],[[19037,72720],[0,-698]],[[19037,72022],[-962,0]],[[20000,72022],[0,698]],[[20000,72720],[932,0]],[[20932,72720],[0,-698]],[[20932,72022],[-932,0]],[[20932,72720],[963,0]],[[21895,72720],[0,-698]],[[21895,72022],[-963,0]],[[21895,72720],[962,0]],[[22857,72720],[0,-698]],[[22857,72022],[-962,0]],[[22857,72720],[932,0]],[[23789,72022],[-932,0]],[[24752,72720],[962,0]],[[25714,72720],[0,-698]],[[25714,72022],[-962,0]],[[27609,72022],[0,698]],[[27609,72720],[962,0]],[[28571,72720],[0,-698]],[[29503,72720],[0,-698]],[[29503,72720],[963,0]],[[30466,72720],[0,-698]],[[30466,72720],[962,0]],[[31428,72720],[0,-698]],[[31428,72720],[933,0]],[[32361,72720],[0,-698]],[[32361,72720],[962,0]],[[34285,72720],[933,0]],[[37142,72022],[0,698]],[[37142,72720],[933,0]],[[38075,72720],[0,-698]],[[40000,72720],[932,0]],[[41894,72720],[963,0]],[[42857,72720],[0,-698]],[[43789,72720],[0,-698]],[[43789,72720],[962,0]],[[45714,72720],[932,0]],[[46646,72720],[0,-698]],[[47609,72720],[0,-698]],[[48571,72720],[0,-698]],[[51428,72720],[0,-698]],[[51428,72720],[932,0]],[[53323,72720],[962,0]],[[54285,72720],[0,-698]],[[54285,72022],[-962,0]],[[54285,72720],[932,0]],[[55217,72720],[0,-698]],[[55217,72022],[-932,0]],[[56180,72720],[0,-698]],[[56180,72720],[962,0]],[[57142,72720],[0,-698]],[[58075,72720],[0,-698]],[[10466,73418],[962,0]],[[11428,72720],[-962,0]],[[12361,73418],[962,0]],[[13323,73418],[0,-698]],[[13323,72720],[-962,0]],[[13323,73418],[963,0]],[[14286,73418],[0,-698]],[[18075,72720],[0,698]],[[18075,73418],[962,0]],[[19037,73418],[0,-698]],[[19037,73418],[963,0]],[[20000,73418],[0,-698]],[[20000,72720],[-963,0]],[[20932,72720],[0,698]],[[20932,73418],[963,0]],[[21895,73418],[0,-698]],[[21895,73418],[962,0]],[[22857,73418],[0,-698]],[[22857,73418],[932,0]],[[23789,73418],[0,-698]],[[25714,72720],[0,698]],[[25714,73418],[932,0]],[[26646,73418],[0,-698]],[[26646,72720],[-932,0]],[[27609,73418],[0,-698]],[[27609,72720],[-963,0]],[[30466,73418],[0,-698]],[[31428,72720],[0,698]],[[31428,73418],[933,0]],[[32361,73418],[0,-698]],[[32361,73418],[962,0]],[[34285,73418],[933,0]],[[35218,73418],[0,-698]],[[35218,73418],[962,0]],[[36180,73418],[0,-698]],[[40000,73418],[932,0]],[[40932,73418],[0,-698]],[[40932,73418],[962,0]],[[41894,73418],[0,-698]],[[51428,73418],[932,0]],[[52360,73418],[0,-698]],[[53323,73418],[0,-698]],[[53323,73418],[962,0]],[[54285,73418],[0,-698]],[[54285,73418],[932,0]],[[56180,73418],[962,0]],[[10466,74115],[962,0]],[[11428,74115],[0,-697]],[[16180,73418],[0,697]],[[16180,74115],[963,0]],[[17143,74115],[0,-697]],[[17143,73418],[-963,0]],[[18075,73418],[0,697]],[[18075,74115],[962,0]],[[19037,74115],[0,-697]],[[19037,74115],[963,0]],[[20000,74115],[0,-697]],[[20000,74115],[932,0]],[[20932,74115],[0,-697]],[[20932,73418],[-932,0]],[[20932,74115],[963,0]],[[21895,74115],[0,-697]],[[24752,73418],[0,697]],[[24752,74115],[962,0]],[[25714,74115],[0,-697]],[[25714,73418],[-962,0]],[[25714,74115],[932,0]],[[32361,74115],[0,-697]],[[32361,74115],[962,0]],[[33323,74115],[0,-697]],[[34285,74115],[0,-697]],[[34285,74115],[933,0]],[[35218,74115],[0,-697]],[[36180,74115],[0,-697]],[[37142,73418],[0,697]],[[37142,74115],[933,0]],[[38075,73418],[-933,0]],[[40000,74115],[0,-697]],[[40000,74115],[932,0]],[[40932,74115],[0,-697]],[[40932,74115],[962,0]],[[42857,74115],[932,0]],[[10466,74115],[0,698]],[[10466,74813],[962,0]],[[11428,74813],[0,-698]],[[18075,74115],[0,698]],[[18075,74813],[962,0]],[[19037,74813],[0,-698]],[[19037,74813],[963,0]],[[20000,74813],[0,-698]],[[20932,74813],[0,-698]],[[21895,74813],[0,-698]],[[21895,74813],[962,0]],[[22857,74813],[0,-698]],[[22857,74115],[-962,0]],[[24752,74115],[0,698]],[[24752,74813],[962,0]],[[25714,74813],[0,-698]],[[32361,74813],[962,0]],[[34285,74813],[933,0]],[[36180,74813],[962,0]],[[37142,74813],[0,-698]],[[37142,74115],[-962,0]],[[40000,74813],[932,0]],[[40932,74813],[0,-698]],[[40932,74813],[962,0]],[[42857,74813],[932,0]],[[46646,74813],[963,0]],[[47609,74813],[0,-698]],[[47609,74813],[962,0],[0,-698]],[[49503,74115],[0,698]],[[50466,74813],[0,-698]],[[10466,74813],[0,697],[962,0]],[[11428,75510],[0,-697]],[[13323,74813],[0,697]],[[13323,75510],[963,0]],[[14286,75510],[0,-697]],[[14286,74813],[-963,0]],[[17143,74813],[0,697]],[[17143,75510],[932,0]],[[18075,75510],[0,-697]],[[18075,74813],[-932,0]],[[19037,75510],[0,-697]],[[24752,74813],[0,697]],[[25714,75510],[0,-697]],[[27609,74813],[0,697]],[[27609,75510],[962,0]],[[28571,75510],[0,-697]],[[28571,75510],[932,0]],[[29503,75510],[0,-697]],[[32361,74813],[0,697],[962,0]],[[35218,75510],[0,-697]],[[35218,75510],[962,0]],[[36180,75510],[0,-697]],[[36180,75510],[962,0]],[[39037,75510],[0,-697]],[[39037,75510],[963,0]],[[40000,75510],[0,-697]],[[40932,75510],[0,-697]],[[41894,75510],[0,-697]],[[41894,75510],[963,0]],[[42857,75510],[0,-697]],[[43789,75510],[0,-697]],[[43789,75510],[962,0]],[[47609,75510],[0,-697]],[[12361,76232],[962,0]],[[13323,76232],[0,-722]],[[13323,75510],[-962,0]],[[14286,75510],[0,722]],[[14286,76232],[932,0]],[[15218,76232],[0,-722]],[[15218,75510],[-932,0]],[[17143,75510],[0,722]],[[17143,76232],[932,0]],[[21895,76232],[962,0]],[[22857,76232],[0,-722]],[[22857,75510],[-962,0]],[[23789,75510],[0,722]],[[24752,75510],[-963,0]],[[26646,76232],[0,-722]],[[26646,75510],[-932,0]],[[26646,76232],[963,0]],[[27609,76232],[0,-722]],[[27609,75510],[-963,0]],[[27609,76232],[962,0]],[[28571,76232],[0,-722]],[[28571,76232],[932,0]],[[29503,76232],[0,-722]],[[35218,76232],[962,0]],[[36180,76232],[0,-722]],[[37142,75510],[0,722]],[[37142,76232],[933,0]],[[39037,76232],[963,0]],[[41894,76232],[963,0]],[[44751,76232],[0,-722]],[[15218,76232],[0,698]],[[15218,76930],[962,0]],[[16180,76930],[0,-698]],[[16180,76232],[-962,0]],[[18075,76232],[0,698]],[[19037,76930],[0,-698]],[[21895,76930],[0,-698]],[[21895,76930],[962,0]],[[22857,76930],[0,-698]],[[27609,76930],[0,-698]],[[27609,76930],[962,0]],[[28571,76930],[0,-698]],[[28571,76930],[932,0]],[[29503,76930],[0,-698]],[[35218,76232],[0,698]],[[35218,76930],[962,0]],[[36180,76930],[0,-698]],[[38075,76232],[0,698]],[[38075,76930],[962,0]],[[39037,76930],[0,-698]],[[41894,76930],[963,0]],[[42857,76930],[0,-698]],[[42857,76930],[932,0]],[[11428,76930],[0,697],[933,0],[0,-697],[-933,0]],[[17143,76930],[0,697]],[[18075,76930],[-932,0]],[[22857,77627],[0,-697]],[[28571,77627],[0,-697]],[[28571,77627],[932,0]],[[29503,77627],[0,-697]],[[35218,76930],[0,697],[962,0]],[[36180,77627],[0,-697]],[[38075,76930],[0,697]],[[38075,77627],[962,0]],[[39037,77627],[0,-697]],[[39037,77627],[963,0]],[[40000,77627],[0,-697]],[[40000,76930],[-963,0]],[[40000,77627],[932,0]],[[40932,77627],[0,-697]],[[41894,77627],[0,-697]],[[42857,76930],[0,697]],[[42857,77627],[932,0]],[[43789,77627],[0,-697]],[[43789,77627],[962,0]],[[16180,77627],[0,698]],[[16180,78325],[963,0]],[[17143,77627],[-963,0]],[[20932,78325],[963,0]],[[22857,78325],[932,0]],[[23789,78325],[0,-698]],[[23789,77627],[-932,0]],[[23789,78325],[963,0]],[[24752,78325],[0,-698]],[[24752,77627],[-963,0]],[[24752,78325],[962,0]],[[28571,78325],[932,0],[0,-698]],[[36180,77627],[0,698],[962,0]],[[37142,78325],[0,-698]],[[37142,77627],[-962,0]],[[38075,78325],[0,-698]],[[38075,77627],[-933,0]],[[39037,78325],[0,-698]],[[40000,77627],[0,698]],[[40000,78325],[932,0]],[[42857,78325],[932,0]],[[43789,78325],[0,-698]],[[43789,78325],[962,0]],[[44751,78325],[0,-698]],[[44751,78325],[963,0],[0,-698]],[[19037,78325],[0,698]],[[19037,79023],[963,0]],[[20000,79023],[0,-698]],[[20932,78325],[0,698]],[[20932,79023],[963,0]],[[21895,79023],[0,-698]],[[21895,79023],[962,0]],[[22857,79023],[0,-698]],[[22857,79023],[932,0]],[[23789,79023],[0,-698]],[[23789,79023],[963,0]],[[24752,79023],[0,-698]],[[40932,79023],[0,-698]],[[40932,79023],[962,0]],[[42857,79023],[932,0]],[[43789,79023],[0,-698]],[[43789,79023],[962,0],[0,-698]],[[12361,79720],[962,0]],[[13323,79720],[0,-697]],[[13323,79023],[-962,0],[0,697]],[[13323,79720],[963,0]],[[14286,79720],[0,-697]],[[14286,79023],[-963,0]],[[16180,79023],[0,697]],[[17143,79720],[0,-697]],[[17143,79023],[-963,0]],[[18075,79023],[0,697]],[[18075,79720],[962,0]],[[19037,79720],[0,-697]],[[19037,79023],[-962,0]],[[21895,79023],[0,697]],[[21895,79720],[962,0]],[[22857,79720],[0,-697]],[[22857,79720],[932,0]],[[23789,79720],[0,-697]],[[23789,79720],[963,0]],[[26646,79720],[963,0]],[[27609,79720],[0,-697]],[[38075,79023],[0,697],[962,0]],[[39037,79720],[0,-697]],[[39037,79720],[963,0]],[[42857,79023],[0,697],[932,0],[0,-697]],[[17143,80418],[932,0]],[[18075,80418],[0,-698]],[[18075,79720],[-932,0]],[[19037,79720],[0,698]],[[19037,80418],[963,0]],[[20000,80418],[0,-698]],[[20000,79720],[-963,0]],[[20932,80418],[0,-698]],[[20932,79720],[-932,0]],[[22857,79720],[0,698]],[[23789,80418],[0,-698]],[[23789,80418],[963,0]],[[26646,79720],[0,698]],[[27609,80418],[0,-698]],[[8571,80418],[0,697]],[[8571,81115],[933,0]],[[9504,81115],[0,-697]],[[16180,80418],[0,697]],[[16180,81115],[963,0]],[[17143,81115],[0,-697]],[[17143,81115],[932,0]],[[18075,81115],[0,-697]],[[21895,81115],[0,-697]],[[21895,80418],[-963,0]],[[21895,81115],[962,0]],[[22857,80418],[-962,0]],[[23789,81115],[963,0]],[[24752,81115],[0,-697]],[[8571,81115],[0,698],[933,0]],[[9504,81813],[0,-698]],[[13323,81115],[0,698]],[[13323,81813],[963,0]],[[14286,81813],[0,-698]],[[14286,81115],[-963,0]],[[16180,81115],[0,698]],[[16180,81813],[963,0]],[[17143,81813],[0,-698]],[[19037,81115],[0,698]],[[19037,81813],[963,0]],[[20000,81115],[-963,0]],[[21895,81813],[962,0]],[[22857,81813],[0,-698]],[[22857,81813],[932,0]],[[23789,81813],[0,-698]],[[23789,81813],[963,0]],[[26646,81813],[963,0]],[[27609,81813],[0,-698]],[[4752,82511],[962,0]],[[5714,82511],[0,-698]],[[5714,82511],[933,0]],[[6647,82511],[0,-698]],[[16180,82511],[963,0]],[[17143,82511],[0,-698]],[[18075,82511],[0,-698]],[[18075,81813],[-932,0]],[[19037,82511],[0,-698]],[[19037,81813],[-962,0]],[[19037,82511],[963,0]],[[24752,81813],[0,698]],[[24752,82511],[962,0]],[[25714,82511],[0,-698]],[[26646,82511],[0,-698]],[[27609,82511],[0,-698]],[[1895,83208],[962,0]],[[2857,83208],[0,-697]],[[5714,82511],[0,697]],[[5714,83208],[933,0]],[[9504,82511],[0,697],[962,0]],[[10466,83208],[0,-697]],[[10466,82511],[-962,0]],[[11428,82511],[0,697]],[[12361,83208],[0,-697]],[[12361,82511],[-933,0]],[[19037,83208],[963,0]],[[20000,83208],[0,-697]],[[20000,83208],[932,0]],[[20932,83208],[0,-697]],[[1895,83208],[0,698],[962,0]],[[2857,83906],[0,-698]],[[12361,83906],[962,0]],[[13323,83906],[0,-698]],[[13323,83208],[-962,0]],[[15218,83208],[0,698]],[[15218,83906],[962,0]],[[19037,83906],[963,0]],[[20000,83906],[0,-698]],[[20932,83208],[0,698]],[[20932,83906],[963,0]],[[21895,83906],[0,-698]],[[21895,83208],[-963,0]],[[21895,83906],[962,0]],[[22857,83906],[0,-698]],[[22857,83208],[-962,0]],[[23789,83906],[0,-698]],[[23789,83208],[-932,0]],[[23789,83906],[963,0]],[[24752,83208],[-963,0]],[[12361,83906],[0,697]],[[12361,84603],[962,0]],[[13323,84603],[0,-697]],[[15218,83906],[0,697]],[[15218,84603],[962,0]],[[18075,84603],[962,0]],[[19037,84603],[0,-697]],[[21895,83906],[0,697]],[[21895,84603],[962,0]],[[23789,84603],[963,0]],[[27609,84603],[962,0]],[[28571,84603],[0,-697]],[[13323,85301],[0,-698]],[[15218,84603],[0,698]],[[15218,85301],[962,0]],[[19037,84603],[0,698]],[[20000,85301],[0,-698]],[[20000,84603],[-963,0]],[[23789,85301],[963,0]],[[27609,85301],[962,0]],[[28571,85301],[0,-698]],[[28571,85301],[932,0],[0,-698],[-932,0]],[[11428,85999],[933,0]],[[22857,85301],[0,698]],[[22857,85999],[932,0]],[[23789,85999],[0,-698]],[[23789,85999],[963,0]],[[24752,85999],[0,-698]],[[24752,85999],[962,0]],[[26646,85999],[963,0]],[[27609,85999],[0,-698]],[[27609,85999],[962,0]],[[28571,85999],[0,-698]],[[11428,85999],[0,721]],[[11428,86720],[933,0]],[[18075,85999],[0,721]],[[18075,86720],[962,0]],[[19037,85999],[-962,0]],[[20932,86720],[0,-721]],[[26646,85999],[0,721]],[[26646,86720],[963,0]],[[27609,86720],[0,-721]],[[27609,86720],[962,0]],[[28571,86720],[0,-721]],[[11428,86720],[0,698]],[[11428,87418],[933,0]],[[12361,87418],[0,-698]],[[18075,86720],[0,698]],[[18075,87418],[962,0]],[[22857,87418],[932,0]],[[23789,86720],[-932,0]],[[25714,87418],[0,-698]],[[25714,86720],[-962,0]],[[25714,87418],[932,0]],[[26646,87418],[0,-698]],[[26646,86720],[-932,0]],[[26646,87418],[963,0]],[[27609,87418],[0,-698]],[[27609,87418],[962,0],[0,-698]],[[0,88116],[932,0]],[[932,88116],[0,-698]],[[932,87418],[-932,0],[0,698]],[[10466,88116],[962,0]],[[11428,88116],[0,-698]],[[11428,87418],[-962,0],[0,698]],[[12361,87418],[0,698]],[[12361,88116],[962,0]],[[13323,88116],[0,-698]],[[13323,87418],[-962,0]],[[18075,87418],[0,698]],[[20000,88116],[932,0]],[[22857,88116],[932,0]],[[23789,88116],[0,-698]],[[23789,88116],[963,0]],[[25714,88116],[932,0]],[[26646,88116],[0,-698]],[[26646,88116],[963,0],[0,-698]],[[0,88116],[0,697]],[[0,88813],[932,0]],[[932,88813],[0,-697]],[[8571,88116],[0,697]],[[8571,88813],[933,0]],[[9504,88813],[0,-697]],[[9504,88116],[-933,0]],[[14286,88116],[0,697]],[[14286,88813],[932,0]],[[15218,88813],[0,-697]],[[15218,88116],[-932,0]],[[16180,88116],[0,697]],[[16180,88813],[963,0]],[[17143,88116],[-963,0]],[[20000,88813],[932,0]],[[20932,88813],[0,-697]],[[21895,88116],[0,697]],[[21895,88813],[962,0]],[[22857,88813],[0,-697]],[[22857,88813],[932,0]],[[23789,88813],[0,-697]],[[23789,88813],[963,0]],[[24752,88813],[0,-697]],[[24752,88813],[962,0]],[[25714,88813],[0,-697]],[[25714,88813],[932,0],[0,-697]],[[5714,88813],[0,698]],[[5714,89511],[933,0]],[[6647,88813],[-933,0]],[[17143,88813],[0,698]],[[17143,89511],[932,0]],[[20000,89511],[932,0]],[[22857,89511],[0,-698]],[[23789,89511],[0,-698]],[[6647,89511],[0,697]],[[6647,90208],[962,0]],[[7609,90208],[0,-697]],[[9504,89511],[0,697]],[[9504,90208],[962,0]],[[10466,90208],[0,-697]],[[10466,89511],[-962,0]],[[10466,90208],[962,0]],[[11428,90208],[0,-697]],[[11428,89511],[-962,0]],[[12361,89511],[0,697]],[[12361,90208],[962,0]],[[13323,90208],[0,-697]],[[13323,89511],[-962,0]],[[16180,89511],[0,697]],[[16180,90208],[963,0]],[[17143,90208],[0,-697]],[[17143,89511],[-963,0]],[[18075,89511],[0,697]],[[18075,90208],[962,0]],[[23789,90208],[963,0],[0,-697]],[[24752,89511],[-963,0]],[[9504,90208],[0,698]],[[9504,90906],[962,0]],[[10466,90906],[0,-698]],[[16180,90208],[0,698]],[[16180,90906],[963,0]],[[20000,90208],[0,698]],[[20000,90906],[932,0]],[[20932,90208],[-932,0]],[[14286,90906],[0,698]],[[14286,91604],[932,0]],[[15218,91604],[0,-698]],[[15218,90906],[-932,0]],[[16180,90906],[0,698]],[[18075,91604],[962,0]],[[19037,91604],[0,-698]],[[19037,90906],[-962,0]],[[21895,90906],[0,698]],[[21895,91604],[962,0]],[[22857,91604],[0,-698]],[[23789,90906],[0,698]],[[24752,91604],[0,-698]],[[24752,90906],[-963,0]],[[24752,91604],[962,0],[0,-698],[-962,0]],[[12361,91604],[0,697]],[[12361,92301],[962,0]],[[13323,91604],[-962,0]],[[18075,92301],[962,0]],[[19037,92301],[0,-697]],[[20000,91604],[0,697]],[[20932,92301],[0,-697]],[[20932,91604],[-932,0]],[[21895,92301],[0,-697]],[[21895,91604],[-963,0]],[[22857,91604],[0,697]],[[22857,92301],[932,0]],[[23789,91604],[-932,0]],[[2857,92999],[932,0]],[[3789,92999],[0,-698]],[[3789,92301],[-932,0]],[[12361,92301],[0,698]],[[12361,92999],[962,0]],[[13323,92999],[0,-698]],[[13323,92999],[963,0]],[[14286,92999],[0,-698]],[[19037,92301],[0,698]],[[19037,92999],[963,0]],[[20000,92301],[-963,0]],[[23789,92301],[0,698]],[[23789,92999],[963,0],[0,-698]],[[932,92999],[0,697]],[[932,93696],[963,0]],[[1895,93696],[0,-697]],[[7609,93696],[962,0]],[[8571,93696],[0,-697]],[[8571,92999],[-962,0]],[[14286,92999],[0,697]],[[14286,93696],[932,0]],[[15218,93696],[0,-697]],[[15218,92999],[-932,0]],[[15218,93696],[962,0]],[[16180,93696],[0,-697]],[[16180,92999],[-962,0]],[[19037,92999],[0,697]],[[19037,93696],[963,0]],[[22857,93696],[0,-697]],[[22857,92999],[-962,0]],[[932,93696],[0,698],[963,0]],[[1895,94394],[0,-698]],[[8571,94394],[0,-698]],[[15218,93696],[0,698]],[[15218,94394],[962,0]],[[16180,94394],[0,-698]],[[17143,94394],[0,-698]],[[17143,93696],[-963,0]],[[18075,94394],[0,-698]],[[18075,93696],[-932,0]],[[19037,93696],[0,698]],[[19037,94394],[963,0]],[[20000,94394],[0,-698]],[[20932,93696],[0,698]],[[23789,94394],[0,-698]],[[23789,93696],[-932,0]],[[8571,95092],[933,0]],[[9504,95092],[0,-698]],[[9504,94394],[-933,0]],[[14286,94394],[0,698]],[[14286,95092],[932,0]],[[15218,95092],[0,-698]],[[15218,94394],[-932,0]],[[18075,95092],[962,0]],[[19037,95092],[0,-698]],[[19037,94394],[-962,0]],[[20000,95092],[0,-698]],[[6647,95789],[962,0]],[[7609,95789],[0,-697]],[[8571,95789],[0,-697]],[[18075,95789],[962,0]],[[20932,95092],[-932,0]],[[4752,95789],[0,722]],[[4752,96511],[962,0]],[[5714,95789],[-962,0]],[[6647,96511],[962,0]],[[17143,95789],[0,722]],[[17143,96511],[932,0]],[[18075,96511],[0,-722]],[[18075,96511],[962,0]],[[15218,96511],[0,698]],[[15218,97209],[962,0]],[[16180,97209],[0,-698]],[[16180,96511],[-962,0]],[[19037,96511],[0,698]],[[19037,97209],[963,0]],[[23789,96511],[0,698]],[[23789,97209],[963,0]],[[13323,97209],[0,697],[963,0]],[[14286,97906],[0,-697]],[[14286,97209],[-963,0]],[[17143,97906],[932,0]],[[18075,97906],[0,-697]],[[18075,97209],[-932,0]],[[19037,97209],[0,697]],[[19037,97906],[963,0]],[[20000,97906],[0,-697]],[[20000,97906],[932,0]],[[20932,97906],[0,-697]],[[21895,97209],[0,697]],[[18075,97906],[0,698],[962,0]],[[19037,98604],[0,-698]],[[19037,97906],[-962,0]],[[22857,98604],[932,0]],[[23789,98604],[0,-698]],[[23789,98604],[963,0],[0,-698]],[[24752,97906],[-963,0]],[[22857,99301],[932,0],[0,-697]],[[20932,99301],[0,698],[963,0]],[[21895,99999],[0,-698]],[[21895,99301],[-963,0]],[[21895,99999],[962,0],[0,-698]],[[74285,2093],[0,-698],[-962,0]],[[71428,2790],[0,-697]],[[59037,6303],[962,0]],[[66646,6303],[962,0]],[[59999,6303],[0,697]],[[59999,7000],[933,0]],[[58075,7698],[0,-698]],[[58075,7000],[-933,0],[0,698]],[[60932,7698],[0,-698]],[[64751,7698],[0,-698]],[[65714,7698],[0,-698]],[[78074,7698],[-932,0]],[[81894,8395],[0,-697]],[[85713,8395],[0,-697]],[[86646,8395],[0,-697]],[[63789,9791],[962,0]],[[64751,9791],[0,-698]],[[65714,9791],[0,-698]],[[65714,9791],[932,0]],[[66646,9791],[0,-698]],[[68571,9791],[932,0]],[[56180,9791],[0,697]],[[57142,10488],[0,-697]],[[63789,10488],[0,-697]],[[69503,10488],[0,-697]],[[70465,10488],[0,-697]],[[61894,10488],[0,698]],[[64751,11186],[0,-698]],[[64751,10488],[-962,0]],[[60932,11883],[0,-697]],[[61894,11186],[-962,0]],[[55217,11883],[0,698]],[[55217,12581],[963,0]],[[56180,12581],[0,-698]],[[56180,11883],[-963,0]],[[56180,12581],[962,0]],[[57142,12581],[0,-698]],[[58075,12581],[0,-698]],[[58075,12581],[962,0]],[[61894,12581],[963,0]],[[63789,12581],[962,0]],[[55217,12581],[0,698]],[[56180,13279],[0,-698]],[[58075,13279],[962,0]],[[59999,13279],[933,0]],[[60932,13279],[0,-698]],[[60932,13279],[962,0]],[[61894,13279],[0,-698]],[[61894,13279],[963,0]],[[66646,13279],[0,-698]],[[57142,13279],[0,697]],[[57142,13976],[933,0]],[[58075,13976],[0,-697]],[[58075,13976],[962,0]],[[79037,13976],[962,0]],[[58075,13976],[0,698]],[[58075,14674],[962,0]],[[63789,13976],[0,698]],[[64751,14674],[0,-698]],[[79037,13976],[0,698]],[[79037,14674],[962,0]],[[79999,14674],[0,-698]],[[58075,14674],[0,698]],[[60932,15372],[962,0]],[[61894,15372],[0,-698]],[[61894,14674],[-962,0]],[[61894,15372],[963,0]],[[62857,15372],[0,-698]],[[62857,14674],[-963,0]],[[61894,16069],[0,-697]],[[62857,16069],[0,-697]],[[70465,16069],[0,-697]],[[79999,15372],[-962,0]],[[61894,17488],[963,0]],[[61894,18186],[963,0]],[[62857,18186],[0,-698]],[[60932,18884],[962,0]],[[61894,18884],[0,-698]],[[64751,18884],[963,0]],[[65714,18186],[-963,0]],[[59037,20976],[962,0]],[[63789,20279],[0,697]],[[63789,20976],[962,0]],[[63789,21674],[0,-698]],[[63789,20976],[-932,0]],[[59999,22372],[933,0]],[[60932,21674],[-933,0]],[[60932,23069],[0,-697]],[[61894,23069],[0,-697]],[[62857,23069],[0,-697]],[[63789,24465],[0,-698]],[[63789,24465],[962,0]],[[61894,25162],[0,-697]],[[43789,25162],[0,698]],[[44751,25860],[0,-698]],[[52360,25860],[963,0]],[[53323,25860],[0,-698]],[[53323,25162],[-963,0]],[[54285,25162],[0,698]],[[54285,25860],[932,0]],[[55217,25860],[0,-698]],[[44751,26581],[963,0]],[[45714,26581],[0,-721]],[[45714,25860],[-963,0]],[[51428,26581],[932,0]],[[52360,26581],[0,-721]],[[52360,26581],[963,0]],[[53323,26581],[0,-721]],[[56180,25860],[0,721]],[[56180,26581],[962,0]],[[57142,25860],[-962,0]],[[43789,26581],[0,698]],[[43789,27279],[962,0]],[[44751,27279],[0,-698]],[[45714,26581],[0,698]],[[45714,27279],[932,0]],[[46646,27279],[0,-698]],[[46646,26581],[-932,0]],[[56180,26581],[0,698]],[[56180,27279],[962,0]],[[57142,27279],[0,-698]],[[57142,27279],[933,0]],[[45714,27279],[0,698]],[[45714,27977],[932,0]],[[46646,27977],[0,-698]],[[47609,27279],[-963,0]],[[50466,27977],[0,-698]],[[50466,27279],[-963,0]],[[58075,27279],[0,698]],[[58075,27977],[962,0]],[[59037,27977],[0,-698]],[[59037,27977],[962,0]],[[61894,27977],[0,-698]],[[42857,28674],[932,0]],[[43789,28674],[0,-697]],[[56180,27977],[0,697]],[[57142,28674],[0,-697]],[[57142,27977],[-962,0]],[[58075,27977],[0,697]],[[58075,28674],[962,0]],[[59037,28674],[0,-697]],[[59037,28674],[962,0]],[[43789,28674],[0,698]],[[43789,29372],[962,0]],[[44751,29372],[0,-698]],[[44751,28674],[-962,0]],[[44751,29372],[963,0]],[[45714,29372],[0,-698]],[[45714,28674],[-963,0]],[[46646,28674],[-932,0]],[[58075,29372],[0,-698]],[[58075,28674],[-933,0]],[[59999,28674],[0,698]],[[60932,29372],[0,-698]],[[61894,29372],[0,-698]],[[61894,29372],[963,0]],[[62857,29372],[0,697]],[[63789,30069],[0,-697]],[[43789,30767],[962,0]],[[44751,30767],[0,-698]],[[44751,30069],[-962,0]],[[66646,30767],[0,-698]],[[67608,30767],[0,-698]],[[43789,30767],[0,698]],[[68571,30767],[0,698]],[[42857,31465],[0,697]],[[43789,31465],[-932,0]],[[51428,32162],[932,0]],[[52360,32162],[0,-697]],[[40932,32162],[0,698]],[[41894,32162],[-962,0]],[[44751,32162],[0,698]],[[44751,32860],[963,0]],[[45714,32860],[0,-698]],[[50466,32860],[962,0]],[[51428,32860],[0,-698]],[[59037,32162],[0,698]],[[39037,33558],[963,0]],[[40000,33558],[0,-698]],[[40932,32860],[-932,0]],[[51428,33558],[0,-698]],[[52360,32860],[-932,0]],[[57142,33558],[0,-698]],[[57142,32860],[-962,0]],[[39037,34255],[963,0]],[[59037,34255],[962,0]],[[59999,34255],[0,-697]],[[59999,34255],[933,0]],[[40000,34255],[0,698]],[[40000,34953],[932,0]],[[40932,34953],[0,-698]],[[59999,34255],[0,698]],[[38075,34953],[0,697]],[[38075,35650],[962,0]],[[39037,35650],[0,-697]],[[40000,34953],[0,697]],[[41894,36372],[963,0]],[[45714,36372],[0,-722]],[[45714,36372],[932,0]],[[51428,35650],[0,722]],[[59037,36372],[962,0]],[[59999,35650],[-962,0]],[[38075,36372],[0,698]],[[39037,37070],[0,-698]],[[39037,36372],[-962,0]],[[40000,36372],[-963,0]],[[38075,38465],[962,0]],[[45714,37767],[0,698]],[[45714,38465],[932,0]],[[46646,38465],[0,-698]],[[46646,38465],[963,0]],[[59037,37767],[0,698]],[[59999,37767],[-962,0]],[[38075,38465],[0,697]],[[38075,39162],[962,0]],[[39037,39162],[0,-697]],[[39037,39162],[963,0]],[[46646,38465],[0,697]],[[53323,39162],[962,0]],[[54285,39162],[0,-697]],[[54285,39162],[932,0]],[[59037,38465],[-962,0]],[[39037,39162],[0,698]],[[45714,39860],[0,-698]],[[45714,39162],[-963,0]],[[54285,39860],[0,-698]],[[59037,39860],[962,0]],[[37142,40558],[933,0]],[[38075,40558],[0,-698]],[[38075,40558],[962,0]],[[39037,39860],[-962,0]],[[35218,41255],[962,0]],[[36180,40558],[-962,0]],[[38075,41255],[0,-697]],[[38075,41255],[962,0]],[[41894,41255],[963,0]],[[43789,41255],[962,0]],[[34285,41255],[0,698]],[[35218,41953],[0,-698]],[[40000,41953],[932,0]],[[43789,41255],[0,698]],[[35218,42651],[962,0]],[[36180,41953],[-962,0]],[[43789,41953],[-932,0]],[[63789,42651],[962,0]],[[45714,43348],[932,0]],[[40000,44046],[-963,0]],[[27609,46139],[962,0]],[[28571,46139],[0,-698]],[[28571,46139],[932,0]],[[29503,46139],[0,-698]],[[29503,46139],[963,0]],[[30466,46139],[0,-698]],[[30466,45441],[-963,0]],[[33323,45441],[0,698]],[[33323,46139],[962,0]],[[34285,45441],[-962,0]],[[42857,46139],[932,0]],[[43789,46139],[0,-698]],[[25714,46860],[932,0]],[[26646,46139],[-932,0],[0,721]],[[29503,46139],[0,721]],[[29503,46860],[963,0]],[[30466,46860],[0,-721]],[[42857,46139],[0,721]],[[25714,47558],[0,-698]],[[25714,46860],[-962,0]],[[30466,47558],[0,-698]],[[30466,47558],[962,0]],[[31428,47558],[0,-698]],[[31428,46860],[-962,0]],[[32361,47558],[0,-698]],[[32361,46860],[-933,0]],[[64751,47558],[963,0]],[[26646,47558],[-932,0]],[[35218,47558],[0,697]],[[64751,48255],[963,0]],[[90465,48255],[963,0]],[[91428,48255],[0,-697]],[[24752,48255],[0,698]],[[24752,48953],[962,0]],[[33323,48953],[962,0]],[[65714,48255],[0,698]],[[65714,48953],[932,0]],[[91428,48953],[0,-698]],[[23789,49651],[963,0]],[[24752,49651],[0,-698]],[[24752,48953],[-963,0]],[[25714,49651],[0,-698]],[[25714,49651],[932,0]],[[33323,49651],[0,-698]],[[34285,49651],[0,-698]],[[66646,48953],[0,698]],[[67608,49651],[0,-698]],[[25714,50348],[932,0]],[[24752,51046],[0,-698]],[[24752,50348],[-963,0]],[[25714,51046],[0,-698]],[[36180,51046],[962,0]],[[39037,51046],[963,0]],[[40000,51046],[0,-698]],[[40000,51046],[932,0]],[[40932,51046],[0,-698]],[[40932,51046],[962,0]],[[40000,51744],[0,-698]],[[40932,51744],[0,-698]],[[41894,51046],[0,698]],[[42857,51744],[0,-698]],[[24752,52441],[962,0]],[[25714,52441],[0,-697]],[[26646,51744],[0,697]],[[29503,51744],[-932,0]],[[66646,52441],[0,-697]],[[66646,52441],[962,0]],[[76180,51744],[0,697]],[[76180,52441],[962,0]],[[79037,52441],[962,0]],[[24752,53139],[962,0]],[[25714,53139],[0,-698]],[[26646,52441],[-932,0]],[[27609,53139],[962,0]],[[33323,53139],[0,-698]],[[33323,53139],[962,0]],[[76180,52441],[0,698]],[[27609,53836],[0,-697]],[[27609,53836],[962,0]],[[28571,53836],[0,-697]],[[33323,53836],[962,0]],[[75217,53836],[0,-697]],[[75217,53139],[-932,0]],[[59037,54534],[0,-698]],[[67608,54534],[0,-698]],[[76180,53836],[-963,0]],[[22857,54534],[0,698]],[[22857,55232],[932,0]],[[23789,55232],[0,-698]],[[24752,54534],[-963,0]],[[34285,55232],[933,0]],[[21895,55929],[962,0]],[[22857,55929],[0,-697]],[[22857,55232],[-962,0]],[[22857,55929],[932,0]],[[26646,55929],[963,0]],[[27609,55929],[0,-697]],[[28571,55929],[0,-697]],[[28571,55929],[932,0]],[[41894,55929],[0,-697]],[[80932,55929],[0,-697]],[[20932,56651],[963,0]],[[21895,56651],[0,-722]],[[21895,56651],[962,0]],[[22857,56651],[0,-722]],[[23789,56651],[0,-722]],[[23789,56651],[963,0]],[[24752,56651],[0,697]],[[24752,57348],[962,0]],[[25714,57348],[0,-697]],[[40932,57348],[962,0]],[[42857,57348],[932,0]],[[43789,57348],[0,-697]],[[43789,57348],[962,0]],[[20932,57348],[0,698]],[[20932,58046],[963,0]],[[21895,57348],[-963,0]],[[23789,58046],[0,-698]],[[24752,58046],[0,-698]],[[24752,57348],[-963,0]],[[28571,58046],[932,0]],[[31428,58046],[933,0]],[[32361,58046],[0,-698]],[[40932,58046],[0,-698]],[[40932,58046],[962,0]],[[42857,58046],[932,0]],[[43789,58046],[0,-698]],[[20932,58046],[0,698]],[[20932,58744],[963,0]],[[25714,58744],[932,0]],[[28571,58744],[0,-698]],[[20932,58744],[0,697]],[[20932,59441],[963,0]],[[21895,59441],[0,-697]],[[21895,59441],[962,0]],[[22857,59441],[0,-697]],[[23789,59441],[0,-697]],[[23789,59441],[963,0]],[[24752,59441],[0,-697]],[[25714,58744],[0,697]],[[25714,59441],[932,0]],[[20000,59441],[0,698]],[[20000,60139],[932,0]],[[20932,60139],[0,-698]],[[20932,59441],[-932,0]],[[20932,60139],[963,0]],[[21895,60139],[0,-698]],[[21895,60139],[962,0]],[[24752,60139],[0,-698]],[[24752,60139],[962,0]],[[25714,60139],[0,-698]],[[25714,59441],[-962,0]],[[17143,60139],[0,698]],[[18075,60837],[0,-698]],[[20932,60139],[0,698]],[[20932,60837],[963,0]],[[21895,60837],[0,-698]],[[24752,60837],[962,0]],[[62857,60837],[932,0]],[[63789,60837],[0,-698]],[[23789,61534],[0,-697]],[[25714,60837],[0,697]],[[25714,61534],[932,0]],[[63789,61534],[0,-697]],[[64751,60837],[-962,0]],[[17143,61534],[0,698]],[[18075,62232],[0,-698]],[[25714,62232],[0,-698]],[[25714,61534],[-962,0]],[[25714,62232],[932,0]],[[28571,62232],[0,-698]],[[28571,62232],[932,0]],[[59037,61534],[0,698]],[[21895,62232],[0,697]],[[23789,62929],[963,0]],[[25714,62929],[932,0]],[[26646,62929],[0,-697]],[[26646,62929],[963,0]],[[31428,62232],[0,697]],[[44751,62929],[963,0]],[[16180,63627],[0,-698]],[[23789,63627],[963,0]],[[24752,63627],[0,-698]],[[25714,63627],[0,-698]],[[25714,63627],[932,0]],[[26646,63627],[0,-698]],[[29503,63627],[963,0]],[[30466,63627],[0,-698]],[[31428,62929],[-962,0]],[[45714,62929],[0,698]],[[45714,63627],[932,0]],[[16180,64325],[963,0]],[[17143,63627],[-963,0]],[[21895,63627],[0,698]],[[21895,64325],[962,0]],[[22857,64325],[0,-698]],[[22857,64325],[932,0]],[[23789,64325],[0,-698]],[[23789,64325],[963,0]],[[29503,64325],[963,0]],[[58075,64325],[962,0]],[[18075,64325],[0,697]],[[18075,65022],[962,0]],[[21895,64325],[0,697]],[[21895,65022],[962,0]],[[22857,65022],[0,-697]],[[23789,65022],[0,-697]],[[46646,64325],[-932,0]],[[17143,65720],[0,-698]],[[17143,65022],[-963,0]],[[20000,65022],[0,698]],[[20932,65720],[0,-698]],[[20932,65022],[-932,0]],[[21895,65720],[0,-698]],[[21895,65022],[-963,0]],[[21895,65720],[962,0]],[[46646,65720],[963,0]],[[22857,65720],[0,721]],[[22857,66441],[932,0]],[[23789,66441],[0,-721]],[[23789,66441],[963,0]],[[24752,66441],[0,-721]],[[47609,66441],[0,-721]],[[18075,66441],[0,698]],[[18075,67139],[962,0]],[[19037,66441],[-962,0]],[[23789,67139],[0,-698]],[[18075,67139],[0,698]],[[18075,67837],[962,0]],[[20000,67837],[932,0]],[[20932,67837],[0,-698]],[[24752,67837],[962,0]],[[25714,67837],[0,-698]],[[18075,67837],[0,697]],[[19037,68534],[0,-697]],[[20000,68534],[0,-697]],[[24752,68534],[0,-697]],[[24752,68534],[962,0]],[[31428,67837],[-962,0]],[[14286,69232],[0,-698]],[[20932,69232],[963,0]],[[15218,69930],[0,-698]],[[15218,69232],[-932,0]],[[16180,69232],[0,698]],[[16180,69930],[963,0]],[[17143,69930],[0,-698]],[[17143,69232],[-963,0]],[[17143,69930],[932,0]],[[18075,69930],[0,-698]],[[18075,69232],[-932,0]],[[21895,69930],[0,-698]],[[21895,69930],[962,0]],[[22857,69930],[0,-698]],[[27609,69930],[0,-698]],[[27609,69930],[962,0]],[[41894,69930],[0,-698]],[[41894,69930],[963,0]],[[16180,69930],[0,697]],[[17143,70627],[0,-697]],[[21895,70627],[962,0]],[[28571,70627],[0,-697]],[[12361,71325],[962,0]],[[13323,71325],[0,-698]],[[18075,70627],[0,698]],[[18075,71325],[962,0]],[[21895,71325],[962,0]],[[53323,71325],[962,0]],[[10466,72022],[962,0]],[[11428,72022],[0,-697]],[[12361,71325],[0,697]],[[12361,72022],[962,0]],[[16180,72022],[963,0]],[[17143,72022],[0,-697]],[[18075,72022],[0,-697]],[[18075,71325],[-932,0]],[[20932,72022],[0,-697]],[[21895,72022],[0,-697]],[[23789,71325],[0,697]],[[24752,72022],[0,-697]],[[54285,72022],[0,-697]],[[12361,72022],[0,698]],[[16180,72022],[0,698]],[[16180,72720],[963,0]],[[26646,72720],[0,-698]],[[36180,72720],[962,0]],[[16180,72720],[0,698]],[[17143,73418],[0,-698]],[[17143,73418],[932,0]],[[23789,73418],[963,0]],[[24752,73418],[0,-698]],[[36180,73418],[962,0]],[[37142,73418],[0,-698]],[[11428,74115],[933,0]],[[12361,74115],[0,-697]],[[13323,73418],[0,697]],[[13323,74115],[963,0]],[[14286,74115],[0,-697]],[[14286,74115],[932,0]],[[15218,74115],[0,-697]],[[15218,73418],[-932,0]],[[15218,74115],[962,0]],[[16180,73418],[-962,0]],[[17143,74115],[932,0]],[[22857,74115],[0,-697]],[[23789,73418],[0,697]],[[23789,74115],[963,0]],[[11428,74813],[933,0]],[[12361,74813],[0,-698]],[[12361,74813],[962,0]],[[13323,74813],[0,-698]],[[13323,74115],[-962,0]],[[14286,74813],[0,-698]],[[14286,74813],[932,0]],[[15218,74813],[0,-698]],[[15218,74813],[962,0]],[[16180,74813],[0,-698]],[[16180,74813],[963,0]],[[17143,74813],[0,-698]],[[25714,74813],[932,0]],[[12361,75510],[0,-697]],[[15218,75510],[0,-697]],[[15218,75510],[962,0]],[[16180,75510],[0,-697]],[[16180,75510],[963,0]],[[22857,75510],[0,-697]],[[22857,75510],[932,0]],[[23789,75510],[0,-697]],[[23789,74813],[-932,0]],[[26646,75510],[0,-697]],[[13323,76232],[963,0]],[[16180,76232],[0,-722]],[[16180,76232],[963,0]],[[22857,76232],[932,0]],[[36180,76232],[962,0]],[[16180,76930],[963,0]],[[17143,76930],[0,-698]],[[22857,76930],[932,0]],[[36180,76930],[962,0]],[[37142,76930],[0,-698]],[[16180,76930],[0,697]],[[23789,77627],[0,-697]],[[37142,77627],[0,-697]],[[13323,78325],[963,0]],[[14286,78325],[0,-698]],[[14286,77627],[-963,0],[0,698]],[[16180,78325],[0,698]],[[17143,79023],[0,-698]],[[17143,79023],[932,0]],[[18075,79023],[0,-698]],[[20000,79023],[932,0]],[[15218,79023],[0,697]],[[15218,79720],[962,0]],[[16180,79023],[-962,0]],[[20000,79720],[0,-697]],[[20932,79720],[0,-697]],[[20932,79720],[963,0]],[[14286,79720],[0,698]],[[14286,80418],[932,0]],[[15218,80418],[0,-698]],[[15218,79720],[-932,0]],[[18075,80418],[962,0]],[[21895,80418],[0,-698]],[[14286,80418],[0,697]],[[14286,81115],[932,0]],[[15218,81115],[0,-697]],[[15218,81115],[962,0]],[[16180,80418],[-962,0]],[[18075,81115],[962,0]],[[19037,81115],[0,-697]],[[14286,81813],[932,0]],[[15218,81813],[0,-698]],[[18075,81813],[0,-698]],[[11428,81813],[0,698]],[[12361,82511],[0,-698]],[[12361,81813],[-933,0]],[[14286,81813],[0,698]],[[21895,82511],[962,0]],[[22857,82511],[0,-698]],[[22857,82511],[932,0]],[[23789,82511],[0,-698]],[[23789,82511],[963,0]],[[3789,82511],[0,697]],[[3789,83208],[963,0]],[[4752,83208],[0,-697]],[[13323,83208],[0,-697]],[[13323,82511],[-962,0]],[[13323,83208],[963,0]],[[14286,82511],[-963,0]],[[21895,83208],[0,-697]],[[22857,83208],[0,-697]],[[23789,83208],[0,-697]],[[24752,83208],[0,-697]],[[2857,83906],[932,0]],[[3789,83906],[0,-698]],[[3789,83208],[-932,0]],[[4752,83208],[0,698]],[[4752,83906],[962,0]],[[5714,83906],[0,-698]],[[5714,83208],[-962,0]],[[6647,83208],[0,698]],[[6647,83906],[962,0]],[[7609,83906],[0,-698]],[[13323,83906],[963,0]],[[14286,83906],[0,-698]],[[14286,83906],[932,0]],[[20000,83906],[932,0]],[[2857,83906],[0,697]],[[2857,84603],[932,0]],[[3789,84603],[0,-697]],[[3789,84603],[963,0]],[[4752,84603],[0,-697]],[[4752,83906],[-963,0]],[[6647,83906],[0,697]],[[6647,84603],[962,0]],[[7609,84603],[0,-697]],[[13323,84603],[963,0]],[[14286,84603],[0,-697]],[[14286,84603],[932,0]],[[20000,83906],[0,697]],[[20000,84603],[932,0]],[[20932,84603],[0,-697]],[[20932,84603],[963,0]],[[1895,85301],[0,-698]],[[1895,84603],[-963,0]],[[1895,85301],[962,0]],[[2857,85301],[0,-698]],[[2857,84603],[-962,0]],[[2857,85301],[932,0]],[[3789,85301],[0,-698]],[[6647,84603],[0,698]],[[6647,85301],[962,0]],[[7609,85301],[0,-698]],[[13323,85301],[963,0]],[[14286,85301],[0,-698]],[[14286,85301],[932,0]],[[17143,85301],[932,0]],[[18075,85301],[0,-698]],[[18075,85301],[962,0]],[[20932,85301],[0,-698]],[[20932,85301],[963,0]],[[21895,85301],[0,-698]],[[21895,85301],[962,0]],[[1895,85999],[962,0]],[[2857,85999],[0,-698]],[[2857,85999],[932,0]],[[3789,85999],[0,-698]],[[13323,85999],[963,0]],[[14286,85999],[0,-698]],[[14286,85999],[932,0]],[[15218,85999],[0,-698]],[[15218,85999],[962,0]],[[17143,85999],[932,0]],[[18075,85999],[0,-698]],[[20932,85999],[963,0]],[[21895,85999],[0,-698]],[[21895,85999],[962,0]],[[1895,86720],[962,0]],[[2857,86720],[0,-721]],[[2857,86720],[932,0]],[[3789,86720],[0,-721]],[[3789,86720],[963,0]],[[4752,86720],[0,-721]],[[4752,85999],[-963,0]],[[4752,86720],[962,0]],[[5714,86720],[0,-721]],[[5714,85999],[-962,0]],[[13323,86720],[963,0]],[[14286,86720],[0,-721]],[[14286,86720],[932,0]],[[15218,86720],[0,-721]],[[15218,86720],[962,0]],[[16180,86720],[0,-721]],[[16180,86720],[963,0]],[[17143,86720],[0,-721]],[[17143,86720],[932,0]],[[21895,86720],[0,-721]],[[22857,86720],[0,-721]],[[23789,86720],[0,-721]],[[24752,85999],[0,721]],[[25714,86720],[0,-721]],[[932,86720],[0,698]],[[932,87418],[963,0]],[[1895,87418],[0,-698]],[[4752,86720],[0,698]],[[4752,87418],[962,0]],[[5714,87418],[0,-698]],[[5714,87418],[933,0]],[[6647,87418],[0,-698]],[[6647,86720],[-933,0]],[[13323,87418],[0,-698]],[[13323,87418],[963,0]],[[14286,87418],[0,-698]],[[14286,87418],[932,0]],[[15218,87418],[0,-698]],[[15218,87418],[962,0]],[[16180,87418],[0,-698]],[[16180,87418],[963,0]],[[17143,87418],[0,-698]],[[17143,87418],[932,0]],[[4752,87418],[0,698]],[[4752,88116],[962,0]],[[5714,88116],[0,-698]],[[11428,88116],[933,0]],[[13323,88116],[963,0]],[[14286,88116],[0,-698]],[[15218,87418],[0,698]],[[15218,88116],[962,0]],[[16180,88116],[0,-698]],[[17143,88116],[0,-698]],[[932,88813],[963,0]],[[1895,88813],[0,-697]],[[1895,88116],[-963,0]],[[2857,88116],[0,697]],[[2857,88813],[932,0]],[[3789,88813],[0,-697]],[[3789,88116],[-932,0]],[[3789,88813],[963,0]],[[4752,88813],[0,-697]],[[4752,88116],[-963,0]],[[5714,88116],[0,697]],[[6647,88813],[0,-697]],[[6647,88116],[-933,0]],[[13323,88116],[0,697]],[[13323,88813],[963,0]],[[15218,88813],[962,0]],[[0,88813],[0,698]],[[932,89511],[0,-698]],[[4752,88813],[0,698]],[[4752,89511],[962,0]],[[5714,88813],[-962,0]],[[9504,88813],[0,698]],[[10466,89511],[0,-698]],[[10466,88813],[-962,0]],[[11428,89511],[0,-698]],[[11428,88813],[-962,0]],[[11428,89511],[933,0]],[[12361,89511],[0,-698]],[[12361,88813],[-933,0]],[[13323,89511],[0,-698]],[[13323,88813],[-962,0]],[[13323,89511],[963,0]],[[14286,89511],[0,-698]],[[24752,89511],[0,-698]],[[2857,89511],[0,697]],[[2857,90208],[932,0]],[[3789,90208],[0,-697]],[[3789,89511],[-932,0]],[[3789,90208],[963,0]],[[4752,90208],[0,-697]],[[4752,89511],[-963,0]],[[4752,90208],[962,0]],[[5714,90208],[0,-697]],[[5714,90208],[933,0]],[[11428,90208],[933,0]],[[13323,90208],[963,0]],[[14286,90208],[0,-697]],[[0,90208],[0,698]],[[932,90906],[0,-698]],[[1895,90906],[0,-698]],[[1895,90208],[-963,0]],[[1895,90906],[962,0]],[[2857,90906],[0,-698]],[[2857,90208],[-962,0]],[[2857,90906],[932,0]],[[3789,90906],[0,-698]],[[6647,90208],[0,698]],[[6647,90906],[962,0]],[[7609,90906],[0,-698]],[[7609,90906],[962,0]],[[8571,90906],[0,-698]],[[8571,90208],[-962,0]],[[11428,90208],[0,698]],[[11428,90906],[933,0]],[[12361,90906],[0,-698]],[[12361,90906],[962,0]],[[13323,90906],[0,-698]],[[13323,90906],[963,0]],[[14286,90906],[0,-698]],[[15218,90208],[0,698]],[[15218,90906],[962,0]],[[16180,90208],[-962,0]],[[19037,90906],[0,-698]],[[19037,90906],[963,0]],[[2857,91604],[0,-698]],[[6647,90906],[0,698]],[[6647,91604],[962,0]],[[7609,91604],[0,-698]],[[7609,91604],[962,0]],[[8571,91604],[0,-698]],[[12361,90906],[0,698]],[[13323,91604],[0,-698]],[[15218,91604],[962,0]],[[19037,91604],[963,0]],[[20000,91604],[0,-698]],[[20932,91604],[0,-698]],[[7609,91604],[0,697]],[[7609,92301],[962,0]],[[8571,92301],[0,-697]],[[14286,92301],[932,0]],[[15218,92301],[0,-697]],[[21895,92301],[962,0]],[[3789,92999],[963,0]],[[4752,92999],[0,-698]],[[4752,92301],[-963,0]],[[4752,92999],[962,0]],[[5714,92999],[0,-698]],[[5714,92301],[-962,0]],[[6647,92999],[0,-698]],[[6647,92301],[-933,0]],[[7609,92999],[0,-698]],[[7609,92301],[-962,0]],[[8571,92999],[0,-698]],[[15218,92999],[0,-698]],[[16180,92301],[0,698]],[[16180,92999],[963,0]],[[17143,92999],[0,-698]],[[17143,92999],[932,0]],[[18075,92999],[0,-698]],[[18075,92999],[962,0]],[[22857,92999],[0,-698]],[[22857,92999],[932,0]],[[3789,92999],[0,697]],[[3789,93696],[963,0]],[[4752,93696],[0,-697]],[[12361,92999],[0,697]],[[12361,93696],[962,0]],[[13323,93696],[0,-697]],[[17143,93696],[0,-697]],[[18075,93696],[0,-697]],[[18075,93696],[962,0]],[[23789,93696],[0,-697]],[[5714,93696],[0,698]],[[9504,94394],[0,-698]],[[9504,93696],[-933,0]],[[11428,93696],[0,698]],[[11428,94394],[933,0]],[[12361,94394],[0,-698]],[[12361,93696],[-933,0]],[[12361,94394],[962,0]],[[20000,94394],[932,0]],[[10466,95092],[0,-698]],[[10466,94394],[-962,0]],[[10466,95092],[962,0]],[[11428,95092],[0,-698]],[[11428,94394],[-962,0]],[[11428,95092],[933,0]],[[12361,95092],[0,-698]],[[12361,95092],[962,0]],[[13323,95092],[0,-698]],[[13323,95092],[963,0]],[[15218,95092],[962,0]],[[11428,95789],[0,-697]],[[13323,95092],[0,697]],[[13323,95789],[963,0]],[[14286,95789],[0,-697]],[[14286,95789],[932,0]],[[15218,95789],[0,-697]],[[15218,95789],[962,0]],[[3789,95789],[0,722]],[[3789,96511],[963,0]],[[4752,95789],[-963,0]],[[16180,95789],[0,722]],[[16180,96511],[963,0]],[[5714,96511],[0,698]],[[5714,97209],[933,0],[0,-698]],[[10466,97209],[962,0]],[[11428,97209],[0,-698]],[[12361,96511],[0,698]],[[12361,97209],[962,0]],[[13323,97209],[0,-698]],[[13323,96511],[-962,0]],[[14286,97209],[0,-698]],[[14286,96511],[-963,0]],[[17143,97209],[0,-698]],[[18075,97209],[0,-698]],[[18075,97209],[962,0]],[[14286,97906],[932,0]],[[15218,97906],[0,-697]],[[15218,97209],[-932,0]],[[15218,97906],[962,0]],[[24752,97906],[0,-697]],[[19037,98604],[963,0]],[[20000,98604],[0,-698]],[[20000,98604],[932,0]],[[20000,98604],[0,697],[932,0]],[[20932,99301],[0,-697]],[[65714,7000],[932,0]],[[66646,7000],[0,-697]],[[66646,7000],[0,698]],[[67608,7000],[-962,0]],[[78074,7698],[0,-698]],[[55217,9791],[963,0]],[[56180,9093],[-963,0],[0,698]],[[57142,9791],[933,0]],[[54285,10488],[932,0]],[[55217,10488],[0,-697]],[[55217,9791],[-932,0]],[[54285,10488],[0,698]],[[55217,11186],[0,-698]],[[55217,11186],[963,0]],[[56180,10488],[-963,0]],[[60932,13976],[0,-697]],[[78074,14674],[963,0]],[[56180,14674],[0,698]],[[57142,15372],[0,-698]],[[57142,14674],[-962,0]],[[62857,15372],[932,0]],[[63789,14674],[-932,0]],[[63789,17488],[962,0]],[[63789,18186],[0,-698]],[[64751,17488],[0,698]],[[61894,18884],[963,0]],[[61894,19581],[0,-697]],[[57142,20976],[0,-697]],[[58075,20279],[-933,0]],[[55217,20976],[0,698]],[[55217,21674],[963,0]],[[59037,21674],[0,-698]],[[59999,20976],[0,698]],[[56180,24465],[0,697]],[[56180,25162],[962,0]],[[45714,25162],[0,698]],[[45714,25860],[932,0]],[[46646,25860],[0,-698]],[[46646,25162],[-932,0]],[[48571,25162],[0,698]],[[48571,25860],[932,0]],[[49503,25860],[0,-698],[-932,0]],[[46646,26581],[0,-721]],[[49503,25860],[0,721]],[[49503,26581],[963,0]],[[50466,25860],[-963,0]],[[55217,25860],[0,721]],[[55217,26581],[963,0]],[[56180,25860],[-963,0]],[[44751,28674],[0,-697]],[[44751,27977],[-962,0]],[[45714,28674],[0,-697]],[[45714,27977],[-963,0]],[[51428,28674],[932,0]],[[52360,28674],[0,-697]],[[52360,27977],[-932,0]],[[58075,27977],[-933,0]],[[42857,28674],[0,698]],[[42857,29372],[932,0]],[[59037,29372],[0,-698]],[[43789,30069],[0,-697]],[[44751,30069],[0,-697]],[[40932,31465],[962,0]],[[41894,31465],[0,-698]],[[42857,30767],[0,698]],[[68571,30767],[-963,0]],[[41894,31465],[0,697]],[[42857,31465],[-963,0]],[[57142,32162],[933,0]],[[40932,32162],[-932,0]],[[43789,32860],[962,0]],[[52360,32860],[0,-698]],[[53323,32162],[-963,0]],[[57142,32860],[0,-698]],[[58075,32162],[0,698]],[[39037,34953],[963,0]],[[59037,34953],[962,0]],[[39037,35650],[963,0]],[[50466,35650],[962,0]],[[38075,35650],[0,722]],[[39037,36372],[0,-722]],[[44751,39162],[0,-697]],[[46646,39162],[-932,0]],[[35218,42651],[0,697]],[[35218,43348],[962,0]],[[32361,43348],[0,698]],[[32361,44046],[962,0]],[[33323,44046],[0,-698]],[[35218,43348],[0,698]],[[35218,44046],[962,0]],[[30466,44743],[962,0]],[[31428,44743],[0,-697]],[[31428,44046],[-962,0]],[[31428,44743],[933,0]],[[32361,44743],[0,-697]],[[32361,44046],[-933,0]],[[36180,44046],[0,697]],[[30466,45441],[0,-698]],[[34285,44743],[0,698]],[[35218,44743],[-933,0]],[[28571,46860],[-962,0]],[[91428,48255],[932,0]],[[68571,49651],[0,-698]],[[69503,49651],[0,-698]],[[29503,51744],[0,-698]],[[36180,51744],[962,0]],[[74285,52441],[932,0]],[[75217,52441],[0,-697]],[[75217,51744],[-932,0]],[[76180,53139],[-963,0]],[[20000,57348],[932,0]],[[20932,57348],[0,-697]],[[21895,57348],[0,-697]],[[27609,56651],[0,697]],[[77142,58744],[0,-698]],[[19037,59441],[0,-697]],[[19037,59441],[963,0]],[[20000,59441],[0,-697]],[[20000,58744],[-963,0]],[[20932,58744],[-932,0]],[[20932,60837],[0,697]],[[20932,61534],[963,0]],[[24752,61534],[0,-697]],[[58075,62232],[962,0]],[[16180,62929],[963,0]],[[17143,62232],[-963,0]],[[20000,62929],[0,698]],[[20000,63627],[932,0]],[[20932,62929],[-932,0]],[[44751,63627],[963,0]],[[20932,63627],[0,698]],[[20932,64325],[963,0]],[[45714,64325],[0,-698]],[[16180,64325],[0,697]],[[17143,65022],[0,-697]],[[17143,65022],[932,0]],[[30466,65022],[0,-697]],[[18075,65720],[0,-698]],[[18075,65720],[962,0]],[[19037,65720],[0,-698]],[[19037,66441],[0,-721]],[[20000,65720],[-963,0]],[[17143,67139],[0,-698]],[[17143,67139],[932,0]],[[20932,67139],[963,0]],[[25714,67139],[932,0]],[[31428,67139],[0,698]],[[16180,68534],[963,0]],[[17143,68534],[0,-697]],[[17143,68534],[932,0]],[[18075,67837],[-932,0]],[[15218,69232],[0,-698]],[[15218,69232],[962,0]],[[16180,69232],[0,-698]],[[17143,69232],[0,-698]],[[15218,69930],[962,0]],[[17143,70627],[932,0]],[[22857,71325],[0,697]],[[11428,72720],[0,-698]],[[14286,72720],[932,0]],[[15218,72720],[0,-698]],[[15218,72720],[962,0]],[[15218,73418],[0,-698]],[[22857,74115],[932,0]],[[24752,74813],[-963,0]],[[14286,76232],[0,698]],[[14286,76930],[932,0]],[[37142,76930],[933,0]],[[14286,76930],[0,697]],[[14286,77627],[932,0]],[[15218,77627],[0,-697]],[[14286,78325],[932,0]],[[15218,78325],[0,-698]],[[15218,78325],[962,0]],[[16180,77627],[-962,0]],[[13323,78325],[0,698]],[[14286,79023],[0,-698]],[[15218,79023],[-932,0]],[[13323,79720],[0,698]],[[13323,80418],[963,0]],[[9504,81115],[962,0]],[[10466,81115],[0,-697]],[[13323,80418],[0,697]],[[9504,81813],[962,0]],[[10466,81813],[0,-698]],[[10466,81813],[962,0]],[[11428,81813],[0,-698]],[[11428,81115],[-962,0]],[[10466,81813],[0,698]],[[10466,82511],[962,0]],[[13323,82511],[0,-698]],[[13323,81813],[-962,0]],[[3789,85301],[963,0]],[[4752,85301],[0,-698]],[[4752,85999],[0,-698]],[[7609,85999],[0,721]],[[7609,86720],[962,0]],[[8571,86720],[0,-721],[-962,0]],[[1895,87418],[962,0]],[[2857,87418],[0,-698]],[[7609,86720],[0,698]],[[7609,87418],[962,0]],[[8571,87418],[0,-698]],[[2857,87418],[0,698]],[[3789,88116],[0,-698]],[[3789,87418],[-932,0]],[[4752,87418],[-963,0]],[[6647,88116],[0,-698]],[[1895,88813],[962,0]],[[2857,88116],[-962,0]],[[7609,88813],[0,-697]],[[7609,88116],[-962,0]],[[10466,88813],[0,-697]],[[10466,88116],[-962,0]],[[11428,88813],[0,-697]],[[12361,88813],[0,-697]],[[932,89511],[963,0]],[[1895,89511],[0,-698]],[[1895,89511],[962,0]],[[2857,89511],[0,-698]],[[8571,88813],[0,698]],[[8571,89511],[933,0]],[[14286,89511],[932,0]],[[15218,89511],[0,-698]],[[16180,88813],[0,698]],[[1895,89511],[0,697]],[[8571,90208],[0,-697]],[[8571,89511],[-962,0]],[[8571,90208],[933,0]],[[14286,90208],[932,0]],[[15218,90208],[0,-697]],[[3789,90906],[963,0]],[[4752,90906],[0,-698]],[[5714,90208],[0,698]],[[5714,90906],[933,0]],[[8571,90906],[933,0]],[[2857,91604],[932,0]],[[3789,91604],[0,-698]],[[5714,90906],[0,698]],[[5714,91604],[933,0]],[[3789,92301],[0,-697]],[[4752,91604],[0,697]],[[5714,92301],[0,-697]],[[5714,91604],[-962,0]],[[6647,92301],[0,-697]],[[15218,92301],[962,0]],[[4752,93696],[962,0]],[[1895,94394],[962,0]],[[2857,94394],[0,-698]],[[2857,93696],[-962,0]],[[3789,93696],[0,698]],[[3789,94394],[963,0]],[[4752,94394],[0,-698]],[[4752,94394],[962,0]],[[4752,94394],[0,698]],[[4752,95092],[962,0]],[[932,95789],[963,0]],[[1895,95789],[0,-697]],[[1895,95092],[-963,0],[0,697]],[[1895,95789],[962,0]],[[2857,95789],[0,-697]],[[2857,95092],[-962,0]],[[2857,95789],[932,0]],[[3789,95789],[0,-697]],[[3789,95092],[-932,0]],[[4752,95789],[0,-697]],[[4752,95092],[-963,0]],[[13323,95789],[0,722]],[[14286,96511],[0,-722]],[[14286,96511],[932,0]],[[15218,96511],[0,-722]],[[932,96511],[0,698]],[[1895,97209],[0,-698]],[[1895,96511],[-963,0]],[[3789,96511],[0,698]],[[3789,97209],[963,0]],[[4752,97209],[0,-698]],[[11428,97209],[933,0]],[[12361,96511],[-933,0]],[[3789,97209],[0,697]],[[3789,97906],[963,0]],[[4752,97906],[0,-697]],[[4752,97906],[962,0],[0,-697]],[[5714,97209],[-962,0]],[[56180,13279],[962,0]],[[56180,13976],[962,0]],[[60932,13976],[962,0]],[[61894,13976],[0,-697]],[[61894,13976],[963,0]],[[62857,13976],[0,-697]],[[62857,13976],[932,0]],[[56180,13976],[0,698]],[[57142,14674],[0,-698]],[[57142,14674],[933,0]],[[61894,14674],[0,-698]],[[62857,13976],[0,698]],[[79037,15372],[0,-698]],[[56180,23069],[962,0]],[[57142,23069],[0,-697]],[[55217,25162],[963,0]],[[46646,25860],[963,0]],[[47609,25860],[0,-698]],[[47609,25860],[962,0]],[[53323,25860],[962,0]],[[56180,25860],[0,-698]],[[46646,26581],[963,0]],[[47609,26581],[0,-721]],[[48571,25860],[0,721]],[[48571,26581],[932,0]],[[53323,26581],[962,0]],[[54285,26581],[0,-721]],[[44751,27279],[963,0]],[[47609,27279],[0,-698]],[[48571,27279],[0,-698]],[[48571,26581],[-962,0]],[[49503,26581],[0,698]],[[50466,27279],[0,-698]],[[55217,26581],[0,698]],[[55217,27279],[963,0]],[[44751,27977],[0,-698]],[[53323,27279],[0,698]],[[53323,27977],[962,0]],[[54285,27977],[0,-698]],[[54285,27279],[-962,0]],[[56180,27279],[0,698]],[[57142,27977],[0,-698]],[[52360,28674],[963,0]],[[53323,28674],[0,-697]],[[53323,27977],[-963,0]],[[53323,28674],[962,0]],[[54285,28674],[0,-697]],[[55217,28674],[0,-697]],[[55217,27977],[-932,0]],[[51428,29372],[932,0]],[[52360,29372],[0,-698]],[[52360,29372],[963,0]],[[53323,29372],[0,-698]],[[44751,30069],[963,0]],[[52360,30069],[0,-697]],[[40932,32162],[0,-697]],[[57142,32860],[933,0]],[[44751,33558],[0,-698]],[[58075,37070],[962,0]],[[59037,37070],[0,-698]],[[59037,37070],[962,0]],[[59999,37070],[0,-698]],[[59999,37070],[933,0]],[[59037,37070],[0,697]],[[59999,37767],[0,-697]],[[44751,38465],[963,0]],[[59037,37767],[-962,0]],[[45714,39162],[0,-697]],[[42857,41953],[0,-698]],[[34285,43348],[933,0]],[[33323,44046],[962,0]],[[34285,44046],[0,-698]],[[34285,44046],[933,0]],[[33323,44046],[0,697]],[[33323,44743],[962,0]],[[34285,44743],[0,-697]],[[35218,44743],[0,-697]],[[30466,45441],[962,0]],[[31428,45441],[0,-698]],[[31428,45441],[933,0]],[[32361,45441],[0,-698]],[[32361,45441],[962,0]],[[33323,45441],[0,-698]],[[33323,44743],[-962,0]],[[32361,45441],[0,698]],[[32361,46139],[962,0]],[[28571,46860],[0,-721]],[[33323,46139],[0,721]],[[33323,46860],[962,0]],[[33323,47558],[0,-698]],[[33323,46860],[-962,0]],[[23789,48255],[963,0]],[[23789,48255],[0,698]],[[64751,48953],[963,0]],[[65714,49651],[0,-698]],[[75217,51744],[0,-698]],[[75217,51744],[963,0]],[[75217,52441],[963,0]],[[75217,53139],[0,-698]],[[25714,56651],[932,0]],[[26646,56651],[0,-722]],[[26646,56651],[963,0]],[[26646,57348],[0,-697]],[[19037,57348],[0,698]],[[19037,58046],[963,0]],[[20000,58046],[0,-698]],[[20000,58046],[932,0]],[[20000,58744],[0,-698]],[[19037,60139],[963,0]],[[18075,60837],[962,0]],[[19037,60837],[0,-698]],[[20000,60139],[0,698]],[[20000,60837],[932,0]],[[20000,60837],[0,697]],[[20000,61534],[932,0]],[[20932,61534],[0,698]],[[20932,62232],[963,0]],[[19037,62929],[0,-697]],[[19037,62232],[-962,0]],[[20932,62232],[0,697]],[[19037,63627],[963,0]],[[20000,62929],[-963,0]],[[20000,64325],[0,-698]],[[20000,64325],[932,0]],[[20932,65022],[0,-697]],[[11428,72022],[933,0]],[[23789,74813],[0,-698]],[[15218,79023],[0,-698]],[[12361,79720],[0,698]],[[12361,80418],[962,0]],[[11428,81115],[0,-697]],[[11428,81115],[933,0]],[[12361,81115],[0,-697]],[[12361,80418],[-933,0]],[[12361,81115],[962,0]],[[12361,81115],[0,698]],[[9504,81813],[0,698]],[[10466,83208],[962,0]],[[5714,83906],[933,0]],[[4752,84603],[962,0]],[[5714,84603],[0,-697]],[[5714,84603],[933,0]],[[4752,85301],[962,0]],[[5714,85301],[0,-698]],[[5714,85301],[933,0]],[[5714,85999],[0,-698]],[[5714,85999],[933,0]],[[6647,85999],[0,-698]],[[6647,85999],[962,0]],[[7609,85999],[0,-698]],[[6647,86720],[0,-721]],[[6647,86720],[962,0]],[[3789,87418],[0,-698]],[[6647,87418],[962,0]],[[1895,88116],[0,-698]],[[7609,88116],[0,-698]],[[7609,88116],[962,0]],[[8571,88116],[0,-698]],[[7609,88813],[962,0]],[[3789,89511],[0,-698]],[[15218,89511],[962,0]],[[4752,90906],[962,0]],[[10466,90906],[962,0]],[[3789,91604],[963,0]],[[4752,91604],[0,-698]],[[8571,91604],[933,0]],[[9504,91604],[0,-698]],[[11428,90906],[0,698]],[[11428,91604],[933,0]],[[8571,92301],[933,0]],[[9504,92301],[0,-697]],[[11428,91604],[0,697]],[[11428,92301],[933,0]],[[8571,92999],[933,0]],[[9504,92999],[0,-698]],[[10466,92301],[0,698]],[[10466,92999],[962,0]],[[11428,92999],[0,-698]],[[11428,92301],[-962,0]],[[11428,92999],[933,0]],[[2857,93696],[0,-697]],[[2857,93696],[932,0]],[[9504,93696],[0,-697]],[[9504,93696],[962,0]],[[10466,93696],[0,-697]],[[10466,92999],[-962,0]],[[10466,93696],[962,0]],[[11428,93696],[0,-697]],[[2857,94394],[932,0]],[[10466,94394],[0,-698]],[[1895,94394],[0,698]],[[2857,95092],[0,-698]],[[3789,95092],[0,-698]],[[11428,95789],[933,0]],[[12361,95789],[0,-697]],[[12361,95789],[962,0]],[[932,95789],[0,722]],[[1895,96511],[0,-722]],[[1895,96511],[962,0]],[[2857,96511],[0,-722]],[[2857,96511],[932,0]],[[12361,96511],[0,-722]],[[1895,97209],[962,0]],[[2857,97209],[0,-698]],[[1895,97906],[962,0]],[[2857,97906],[0,-697]],[[2857,97906],[932,0]],[[3789,97209],[-932,0]],[[54285,26581],[932,0]],[[50466,27279],[962,0]],[[51428,27279],[0,-698]],[[51428,27279],[932,0]],[[52360,27279],[0,-698]],[[52360,27279],[963,0]],[[53323,27279],[0,-698]],[[54285,27279],[0,-698]],[[54285,27279],[932,0]],[[51428,27977],[0,-698]],[[52360,27977],[0,-698]],[[55217,27977],[0,-698]],[[55217,27977],[963,0]],[[30466,46139],[962,0]],[[31428,46139],[0,-698]],[[31428,46139],[933,0]],[[31428,46860],[0,-721]],[[32361,46860],[0,-721]],[[19037,60837],[963,0]],[[18075,61534],[962,0]],[[19037,61534],[0,-697]],[[19037,61534],[963,0]],[[19037,62232],[0,-698]],[[19037,62232],[963,0]],[[20000,62232],[0,-698]],[[20000,62232],[932,0]],[[20000,62929],[0,-697]],[[9504,91604],[962,0]],[[10466,91604],[0,-698]],[[10466,91604],[962,0]],[[9504,92301],[962,0]],[[10466,92301],[0,-697]]],"bbox":[314006.29723998875,6244004.482601443,419008.4625214145,6387003.800082099],"transform":{"scale":[1.0500321531357888,1.4300074748813028],"translate":[314006.29723998875,6244004.482601443]}}
