{
"type": "FeatureCollection",
"xy_coordinate_resolution": 1e-05,
"features": [
{ "type": "Feature", "properties": { "koncession": "1304i", "natforetag": "E.ON Energidistribution AB", "natforetag_kort": "E.ON Energidistribution", "redovisningsenhet": "REL03028", "spanning_kv": 20.0, "yta_km2": 7.4, "km2_i_halland": 7.4, "i_halland": true }, "geometry": { "type": "Polygon", "coordinates": [ [ [ 12.06173, 57.49648 ], [ 12.05534, 57.49362 ], [ 12.05177, 57.4856 ], [ 12.0536, 57.48374 ], [ 12.06083, 57.48471 ], [ 12.06348, 57.48621 ], [ 12.06673, 57.4815 ], [ 12.06933, 57.48164 ], [ 12.06944, 57.47868 ], [ 12.07188, 57.47805 ], [ 12.07391, 57.47325 ], [ 12.0792, 57.47368 ], [ 12.07917, 57.46581 ], [ 12.08028, 57.46409 ], [ 12.084, 57.46256 ], [ 12.09542, 57.46412 ], [ 12.10261, 57.46689 ], [ 12.09915, 57.46957 ], [ 12.09983, 57.47021 ], [ 12.0982, 57.47056 ], [ 12.09773, 57.47291 ], [ 12.10284, 57.47645 ], [ 12.10167, 57.4773 ], [ 12.10599, 57.48099 ], [ 12.10053, 57.48281 ], [ 12.10762, 57.48775 ], [ 12.10478, 57.48967 ], [ 12.10806, 57.49498 ], [ 12.10245, 57.49587 ], [ 12.09911, 57.49441 ], [ 12.09598, 57.49118 ], [ 12.09076, 57.49308 ], [ 12.0908, 57.49497 ], [ 12.08846, 57.49556 ], [ 12.08681, 57.49592 ], [ 12.08561, 57.49492 ], [ 12.08268, 57.49446 ], [ 12.08444, 57.4952 ], [ 12.08386, 57.49543 ], [ 12.08261, 57.49463 ], [ 12.08213, 57.4961 ], [ 12.06173, 57.49648 ] ] ] } },
{ "type": "Feature", "properties": { "koncession": "1365Z", "natforetag": "E.ON Energidistribution AB", "natforetag_kort": "E.ON Energidistribution", "redovisningsenhet": "REL03028", "spanning_kv": 10.0, "yta_km2": 45.3, "km2_i_halland": 0.0, "i_halland": false }, "geometry": { "type": "Polygon", "coordinates": [ [ [ 13.89349, 56.39165 ], [ 13.88376, 56.38576 ], [ 13.88245, 56.37638 ], [ 13.89047, 56.37644 ], [ 13.89594, 56.37366 ], [ 13.89179, 56.37187 ], [ 13.89157, 56.36071 ], [ 13.89658, 56.35795 ], [ 13.90293, 56.3632 ], [ 13.90881, 56.36611 ], [ 13.9094, 56.36736 ], [ 13.9129, 56.36483 ], [ 13.92512, 56.35967 ], [ 13.92771, 56.36002 ], [ 13.93047, 56.36224 ], [ 13.93416, 56.3628 ], [ 13.93089, 56.35125 ], [ 13.94023, 56.36955 ], [ 13.94559, 56.38348 ], [ 13.95109, 56.40535 ], [ 13.90687, 56.3922 ], [ 13.89349, 56.39165 ] ] ] } },
{ "type": "Feature", "properties": { "koncession": "164z", "natforetag": "Falkenberg Energi Elnät AB", "natforetag_kort": "Falkenberg Energi Elnät", "redovisningsenhet": "REL00038", "spanning_kv": 10.0, "yta_km2": 65.9, "km2_i_halland": 65.9, "i_halland": true }, "geometry": { "type": "Polygon", "coordinates": [ [ [ 12.43351, 56.89526 ], [ 12.43639, 56.89525 ], [ 12.4646, 56.88022 ], [ 12.48248, 56.88108 ], [ 12.51751, 56.86812 ], [ 12.53563, 56.86723 ], [ 12.54848, 56.87329 ], [ 12.5509, 56.87373 ], [ 12.55001, 56.87504 ], [ 12.55428, 56.87775 ], [ 12.55349, 56.87813 ], [ 12.55598, 56.88004 ], [ 12.55224, 56.88297 ], [ 12.55215, 56.88458 ], [ 12.55481, 56.88653 ], [ 12.56122, 56.88906 ], [ 12.56001, 56.89035 ], [ 12.56402, 56.89232 ], [ 12.56124, 56.89335 ], [ 12.57, 56.89768 ], [ 12.57088, 56.89958 ], [ 12.5699, 56.90153 ], [ 12.57227, 56.90704 ], [ 12.57133, 56.9078 ], [ 12.577, 56.9134 ], [ 12.5824, 56.91542 ], [ 12.58987, 56.91463 ], [ 12.59685, 56.91828 ], [ 12.60118, 56.9193 ], [ 12.60433, 56.92135 ], [ 12.60716, 56.92126 ], [ 12.60778, 56.91999 ], [ 12.61056, 56.91973 ], [ 12.61962, 56.9227 ], [ 12.62319, 56.92998 ], [ 12.62121, 56.93469 ], [ 12.62544, 56.94347 ], [ 12.61378, 56.94628 ], [ 12.61146, 56.94913 ], [ 12.60632, 56.95114 ], [ 12.59101, 56.95147 ], [ 12.57944, 56.94862 ], [ 12.55257, 56.94535 ], [ 12.55387, 56.9519 ], [ 12.55794, 56.95368 ], [ 12.55755, 56.95284 ], [ 12.55882, 56.95242 ], [ 12.55921, 56.95338 ], [ 12.55989, 56.95291 ], [ 12.56154, 56.95419 ], [ 12.56301, 56.95387 ], [ 12.56466, 56.95601 ], [ 12.56289, 56.95634 ], [ 12.56209, 56.95839 ], [ 12.56473, 56.9584 ], [ 12.56961, 56.96022 ], [ 12.56692, 56.96162 ], [ 12.56289, 56.96023 ], [ 12.56164, 56.96194 ], [ 12.5644, 56.96469 ], [ 12.55609, 56.96453 ], [ 12.5542, 56.96374 ], [ 12.55175, 56.96445 ], [ 12.54692, 56.9636 ], [ 12.54213, 56.96167 ], [ 12.54546, 56.95952 ], [ 12.53404, 56.95523 ], [ 12.53347, 56.95608 ], [ 12.49904, 56.95988 ], [ 12.48805, 56.95619 ], [ 12.48434, 56.94733 ], [ 12.48064, 56.94738 ], [ 12.48264, 56.94299 ], [ 12.51074, 56.9329 ], [ 12.50918, 56.9279 ], [ 12.5053, 56.9282 ], [ 12.50416, 56.9233 ], [ 12.50755, 56.92305 ], [ 12.50439, 56.92034 ], [ 12.49793, 56.92082 ], [ 12.49783, 56.92151 ], [ 12.49663, 56.92153 ], [ 12.49956, 56.91893 ], [ 12.48793, 56.91934 ], [ 12.48683, 56.91773 ], [ 12.48313, 56.91915 ], [ 12.48183, 56.9184 ], [ 12.47965, 56.91971 ], [ 12.47329, 56.91735 ], [ 12.45952, 56.92026 ], [ 12.45771, 56.9188 ], [ 12.45928, 56.91827 ], [ 12.45492, 56.91612 ], [ 12.4574, 56.91197 ], [ 12.45568, 56.91061 ], [ 12.45764, 56.90965 ], [ 12.45423, 56.90976 ], [ 12.4527, 56.90784 ], [ 12.45002, 56.90808 ], [ 12.44509, 56.90505 ], [ 12.44085, 56.90647 ], [ 12.43761, 56.90639 ], [ 12.429, 56.89937 ], [ 12.43351, 56.89526 ] ] ] } },
{ "type": "Feature", "properties": { "koncession": "205BY", "natforetag": "Öresundskraft Elnät AB", "natforetag_kort": "Öresundskraft Elnät", "redovisningsenhet": "REL03045", "spanning_kv": 20.0, "yta_km2": 171.3, "km2_i_halland": 0.0, "i_halland": false }, "geometry": { "type": "MultiPolygon", "coordinates": [ [ [ [ 12.71099, 56.14166 ], [ 12.69192, 56.14127 ], [ 12.70781, 56.13591 ], [ 12.71367, 56.14062 ], [ 12.71099, 56.14166 ] ] ], [ [ [ 12.73977, 56.12681 ], [ 12.72963, 56.12807 ], [ 12.7402, 56.12466 ], [ 12.73977, 56.12681 ] ] ] ] } },
{ "type": "Feature", "properties": { "koncession": "205CK", "natforetag": "Öresundskraft Elnät AB", "natforetag_kort": "Öresundskraft Elnät", "redovisningsenhet": "REL03045", "spanning_kv": 20.0, "yta_km2": 73.2, "km2_i_halland": 0.0, "i_halland": false }, "geometry": { "type": "MultiPolygon", "coordinates": [ [ [ [ 12.85295, 56.09865 ], [ 12.85276, 56.09854 ], [ 12.85341, 56.09844 ], [ 12.85295, 56.09865 ] ] ], [ [ [ 12.87583, 56.09534 ], [ 12.89069, 56.0936 ], [ 12.89123, 56.09516 ], [ 12.89314, 56.09486 ], [ 12.8946, 56.09884 ], [ 12.88094, 56.10176 ], [ 12.87583, 56.09534 ] ] ] ] } },
{ "type": "Feature", "properties": { "koncession": "253A", "natforetag": "Nätkraft Borås Infra AB", "natforetag_kort": "Nätkraft Borås Infra", "redovisningsenhet": "REL00019", "spanning_kv": 10.0, "yta_km2": 144.3, "km2_i_halland": 0.0, "i_halland": false }, "geometry": { "type": "MultiPolygon", "coordinates": [ [ [ [ 12.81196, 57.65375 ], [ 12.81074, 57.65636 ], [ 12.80694, 57.65525 ], [ 12.80822, 57.6523 ], [ 12.80995, 57.65125 ], [ 12.81196, 57.65375 ] ] ], [ [ [ 12.79341, 57.67006 ], [ 12.8072, 57.66137 ], [ 12.79919, 57.67156 ], [ 12.79341, 57.67006 ] ] ] ] } },
{ "type": "Feature", "properties": { "koncession": "272AD", "natforetag": "Halmstads Energi och Miljö Nät AB", "natforetag_kort": "Halmstads Energi och Miljö Nät", "redovisningsenhet": "REL00033", "spanning_kv": 20.0, "yta_km2": 125.1, "km2_i_halland": 125.1, "i_halland": true }, "geometry": { "type": "Polygon", "coordinates": [ [ [ 12.89778, 56.69101 ], [ 12.89649, 56.69489 ], [ 12.89323, 56.69725 ], [ 12.88694, 56.71623 ], [ 12.88225, 56.72506 ], [ 12.88723, 56.73044 ], [ 12.89291, 56.73217 ], [ 12.89121, 56.73249 ], [ 12.89517, 56.7386 ], [ 12.89934, 56.73917 ], [ 12.90501, 56.74313 ], [ 12.90358, 56.74414 ], [ 12.9091, 56.74609 ], [ 12.90793, 56.74724 ], [ 12.91582, 56.75185 ], [ 12.91275, 56.75479 ], [ 12.91671, 56.77285 ], [ 12.90442, 56.77403 ], [ 12.90167, 56.76652 ], [ 12.86027, 56.76035 ], [ 12.86293, 56.75737 ], [ 12.84576, 56.75271 ], [ 12.84116, 56.75023 ], [ 12.82916, 56.74992 ], [ 12.82641, 56.7469 ], [ 12.82012, 56.74492 ], [ 12.80461, 56.74206 ], [ 12.7879, 56.7348 ], [ 12.78189, 56.73344 ], [ 12.76946, 56.72345 ], [ 12.7496, 56.71374 ], [ 12.74584, 56.70948 ], [ 12.74786, 56.70289 ], [ 12.74267, 56.69883 ], [ 12.73056, 56.69318 ], [ 12.71913, 56.6926 ], [ 12.70849, 56.6894 ], [ 12.69727, 56.68085 ], [ 12.70849, 56.67994 ], [ 12.71584, 56.6756 ], [ 12.72356, 56.66783 ], [ 12.72712, 56.66065 ], [ 12.72821, 56.65421 ], [ 12.72602, 56.64818 ], [ 12.72024, 56.64552 ], [ 12.72755, 56.63921 ], [ 12.73191, 56.63972 ], [ 12.73403, 56.64129 ], [ 12.73677, 56.6405 ], [ 12.74065, 56.6405 ], [ 12.74789, 56.64537 ], [ 12.75479, 56.64542 ], [ 12.76065, 56.64663 ], [ 12.76222, 56.64534 ], [ 12.78096, 56.63978 ], [ 12.78653, 56.64091 ], [ 12.7884, 56.64224 ], [ 12.79411, 56.64217 ], [ 12.79472, 56.64366 ], [ 12.79089, 56.64677 ], [ 12.79525, 56.64676 ], [ 12.79502, 56.64906 ], [ 12.80117, 56.65042 ], [ 12.81117, 56.65004 ], [ 12.81278, 56.65096 ], [ 12.80998, 56.65634 ], [ 12.81854, 56.65947 ], [ 12.82562, 56.65947 ], [ 12.82938, 56.6637 ], [ 12.83691, 56.66298 ], [ 12.84099, 56.66212 ], [ 12.84718, 56.65861 ], [ 12.84491, 56.65461 ], [ 12.83416, 56.64857 ], [ 12.85375, 56.64469 ], [ 12.87903, 56.6503 ], [ 12.89906, 56.63064 ], [ 12.90707, 56.62049 ], [ 12.90826, 56.62037 ], [ 12.91172, 56.62427 ], [ 12.92017, 56.62801 ], [ 12.91989, 56.62981 ], [ 12.92377, 56.62995 ], [ 12.92683, 56.6316 ], [ 12.93569, 56.62694 ], [ 12.93923, 56.62746 ], [ 12.9427, 56.62692 ], [ 12.95643, 56.62864 ], [ 12.9552, 56.632 ], [ 12.95777, 56.63228 ], [ 12.96071, 56.63779 ], [ 12.95497, 56.64056 ], [ 12.95165, 56.63992 ], [ 12.9498, 56.64269 ], [ 12.94614, 56.64403 ], [ 12.9478, 56.64515 ], [ 12.91175, 56.6604 ], [ 12.91269, 56.66139 ], [ 12.91982, 56.66388 ], [ 12.92249, 56.66702 ], [ 12.92031, 56.66892 ], [ 12.9173, 56.66937 ], [ 12.91484, 56.66798 ], [ 12.91169, 56.66818 ], [ 12.90749, 56.6699 ], [ 12.9073, 56.67069 ], [ 12.90458, 56.67084 ], [ 12.9029, 56.67449 ], [ 12.91992, 56.67669 ], [ 12.93443, 56.68099 ], [ 12.93331, 56.67946 ], [ 12.93613, 56.67681 ], [ 12.93863, 56.67704 ], [ 12.94022, 56.67976 ], [ 12.93917, 56.6811 ], [ 12.93698, 56.68196 ], [ 12.93263, 56.68064 ], [ 12.92496, 56.68608 ], [ 12.92394, 56.68567 ], [ 12.9213, 56.6872 ], [ 12.91928, 56.69257 ], [ 12.91529, 56.69129 ], [ 12.91015, 56.69608 ], [ 12.90561, 56.69393 ], [ 12.90358, 56.69415 ], [ 12.90058, 56.69329 ], [ 12.89778, 56.69101 ] ] ] } },
{ "type": "Feature", "properties": { "koncession": "2994AI", "natforetag": "Sandhult-Sandareds Elnät AB", "natforetag_kort": "Sandhult-Sandareds Elnät", "redovisningsenhet": "REL03061", "spanning_kv": 10.0, "yta_km2": 62.8, "km2_i_halland": 0.0, "i_halland": false }, "geometry": { "type": "Polygon", "coordinates": [ [ [ 12.76122, 57.69868 ], [ 12.77307, 57.69888 ], [ 12.75425, 57.71484 ], [ 12.74316, 57.70953 ], [ 12.76122, 57.69868 ] ] ] } },
{ "type": "Feature", "properties": { "koncession": "3160k", "natforetag": "Gislaved Energi Elnät AB", "natforetag_kort": "Gislaved Energi Elnät", "redovisningsenhet": "REL00043", "spanning_kv": 20.0, "yta_km2": 123.1, "km2_i_halland": 0.0, "i_halland": false }, "geometry": { "type": "Polygon", "coordinates": [ [ [ 13.58783, 57.3435 ], [ 13.59404, 57.37713 ], [ 13.55026, 57.38125 ], [ 13.52358, 57.38265 ], [ 13.49681, 57.38327 ], [ 13.46526, 57.38294 ], [ 13.44432, 57.37231 ], [ 13.44279, 57.3706 ], [ 13.43565, 57.36905 ], [ 13.43307, 57.3664 ], [ 13.43316, 57.3618 ], [ 13.42988, 57.35767 ], [ 13.43464, 57.35606 ], [ 13.43627, 57.35273 ], [ 13.43302, 57.34904 ], [ 13.40157, 57.3406 ], [ 13.39692, 57.34027 ], [ 13.39454, 57.34183 ], [ 13.38772, 57.34104 ], [ 13.38618, 57.34024 ], [ 13.38613, 57.33706 ], [ 13.38169, 57.3349 ], [ 13.37723, 57.32788 ], [ 13.37016, 57.32399 ], [ 13.3708, 57.32297 ], [ 13.36875, 57.32155 ], [ 13.38312, 57.3168 ], [ 13.39022, 57.31864 ], [ 13.40596, 57.31844 ], [ 13.41567, 57.31438 ], [ 13.41185, 57.31203 ], [ 13.40764, 57.31092 ], [ 13.41285, 57.30818 ], [ 13.4298, 57.31648 ], [ 13.43968, 57.31823 ], [ 13.44875, 57.31841 ], [ 13.46764, 57.31292 ], [ 13.48972, 57.31158 ], [ 13.48682, 57.30717 ], [ 13.48727, 57.30249 ], [ 13.49544, 57.3003 ], [ 13.5016, 57.29744 ], [ 13.5046, 57.2949 ], [ 13.50477, 57.29304 ], [ 13.50796, 57.29271 ], [ 13.50868, 57.29172 ], [ 13.50864, 57.28523 ], [ 13.50633, 57.28371 ], [ 13.50589, 57.27824 ], [ 13.50134, 57.27182 ], [ 13.50919, 57.26666 ], [ 13.55338, 57.26619 ], [ 13.57494, 57.2626 ], [ 13.57517, 57.27625 ], [ 13.57752, 57.27639 ], [ 13.57758, 57.28041 ], [ 13.58965, 57.28073 ], [ 13.58907, 57.28422 ], [ 13.60258, 57.28348 ], [ 13.60433, 57.28496 ], [ 13.59968, 57.28829 ], [ 13.60098, 57.29075 ], [ 13.59878, 57.29586 ], [ 13.59393, 57.29927 ], [ 13.59258, 57.30156 ], [ 13.59342, 57.30591 ], [ 13.58931, 57.30594 ], [ 13.5879, 57.31058 ], [ 13.58937, 57.31474 ], [ 13.59208, 57.31569 ], [ 13.58783, 57.3435 ] ] ] } },
{ "type": "Feature", "properties": { "koncession": "3166BH", "natforetag": "Södra Hallands Kraft ek. för.", "natforetag_kort": "Södra Hallands Kraft", "redovisningsenhet": "REL00184", "spanning_kv": 24.0, "yta_km2": 942.2, "km2_i_halland": 899.9, "i_halland": true }, "geometry": { "type": "Polygon", "coordinates": [ [ [ 13.32366, 56.68625 ], [ 13.31389, 56.68804 ], [ 13.30827, 56.68544 ], [ 13.30331, 56.68564 ], [ 13.29836, 56.68762 ], [ 13.29571, 56.68537 ], [ 13.29128, 56.68358 ], [ 13.28847, 56.6791 ], [ 13.28384, 56.67889 ], [ 13.27802, 56.68006 ], [ 13.25967, 56.67644 ], [ 13.24926, 56.67533 ], [ 13.2304, 56.67542 ], [ 13.22517, 56.67623 ], [ 13.22483, 56.6748 ], [ 13.2227, 56.67383 ], [ 13.21962, 56.67617 ], [ 13.20459, 56.67607 ], [ 13.2021, 56.67536 ], [ 13.18981, 56.67694 ], [ 13.18849, 56.67556 ], [ 13.17427, 56.67425 ], [ 13.17324, 56.67287 ], [ 13.1751, 56.66676 ], [ 13.17748, 56.66635 ], [ 13.18093, 56.65945 ], [ 13.17727, 56.65844 ], [ 13.1786, 56.65658 ], [ 13.17657, 56.65551 ], [ 13.17536, 56.6534 ], [ 13.17543, 56.65056 ], [ 13.16409, 56.65026 ], [ 13.16593, 56.64613 ], [ 13.16415, 56.63433 ], [ 13.15802, 56.63029 ], [ 13.15223, 56.62946 ], [ 13.15077, 56.62861 ], [ 13.14767, 56.6288 ], [ 13.14426, 56.62711 ], [ 13.14183, 56.62451 ], [ 13.13667, 56.6235 ], [ 13.13314, 56.62625 ], [ 13.13295, 56.62769 ], [ 13.13315, 56.62788 ], [ 13.13495, 56.62738 ], [ 13.13582, 56.62847 ], [ 13.13838, 56.62861 ], [ 13.14032, 56.63384 ], [ 13.13729, 56.63159 ], [ 13.13555, 56.63346 ], [ 13.12898, 56.63201 ], [ 13.12935, 56.63025 ], [ 13.11558, 56.62292 ], [ 13.12488, 56.61833 ], [ 13.12244, 56.6181 ], [ 13.12109, 56.61692 ], [ 13.11705, 56.6163 ], [ 13.11679, 56.61571 ], [ 13.11529, 56.61611 ], [ 13.11547, 56.61521 ], [ 13.11426, 56.61556 ], [ 13.10595, 56.61142 ], [ 13.10221, 56.6115 ], [ 13.10305, 56.61022 ], [ 13.09849, 56.60827 ], [ 13.09768, 56.61032 ], [ 13.08141, 56.60324 ], [ 13.07571, 56.60779 ], [ 13.07843, 56.6148 ], [ 13.07647, 56.61482 ], [ 13.07095, 56.61329 ], [ 13.05708, 56.61175 ], [ 13.05701, 56.61075 ], [ 13.05481, 56.60974 ], [ 13.05213, 56.60942 ], [ 13.04778, 56.61029 ], [ 13.04764, 56.60868 ], [ 13.04649, 56.60896 ], [ 13.04266, 56.60704 ], [ 13.04154, 56.6078 ], [ 13.04116, 56.60601 ], [ 13.03925, 56.60653 ], [ 13.03722, 56.60573 ], [ 13.03579, 56.60345 ], [ 13.03376, 56.60302 ], [ 13.03266, 56.60099 ], [ 13.03146, 56.60089 ], [ 13.03173, 56.5994 ], [ 13.02767, 56.59575 ], [ 13.0276, 56.59381 ], [ 13.01699, 56.59719 ], [ 13.01141, 56.59019 ], [ 12.9953, 56.58446 ], [ 12.99351, 56.58235 ], [ 12.9876, 56.55679 ], [ 12.97737, 56.54612 ], [ 12.92706, 56.55794 ], [ 12.86012, 56.44096 ], [ 12.87132, 56.43097 ], [ 12.87301, 56.4243 ], [ 12.8684, 56.42206 ], [ 12.86619, 56.41882 ], [ 12.86273, 56.41676 ], [ 12.86173, 56.41705 ], [ 12.85819, 56.41457 ], [ 12.85737, 56.41522 ], [ 12.85469, 56.41513 ], [ 12.85846, 56.41374 ], [ 12.85538, 56.41244 ], [ 12.85422, 56.41097 ], [ 12.85609, 56.41086 ], [ 12.86196, 56.40799 ], [ 12.86539, 56.40848 ], [ 12.86684, 56.40631 ], [ 12.86927, 56.40688 ], [ 12.87281, 56.40344 ], [ 12.87401, 56.39985 ], [ 12.87687, 56.3993 ], [ 12.88179, 56.39339 ], [ 12.89312, 56.38787 ], [ 12.89401, 56.38832 ], [ 12.90109, 56.38481 ], [ 12.90546, 56.385 ], [ 12.91025, 56.38772 ], [ 12.91301, 56.39149 ], [ 12.92077, 56.38816 ], [ 12.92446, 56.38378 ], [ 12.9271, 56.38544 ], [ 12.9342, 56.3817 ], [ 12.95327, 56.375 ], [ 12.96174, 56.37819 ], [ 12.96396, 56.37803 ], [ 12.96588, 56.37442 ], [ 12.96983, 56.37204 ], [ 12.97242, 56.37155 ], [ 12.97446, 56.37154 ], [ 12.9907, 56.3797 ], [ 13.00046, 56.37801 ], [ 13.00749, 56.37955 ], [ 13.02325, 56.37699 ], [ 13.03135, 56.37641 ], [ 13.04069, 56.38266 ], [ 13.04597, 56.3807 ], [ 13.04472, 56.37943 ], [ 13.04785, 56.37408 ], [ 13.05104, 56.37449 ], [ 13.05417, 56.37362 ], [ 13.05454, 56.37237 ], [ 13.04852, 56.36879 ], [ 13.05074, 56.36623 ], [ 13.08318, 56.36195 ], [ 13.08474, 56.3611 ], [ 13.08442, 56.36039 ], [ 13.0858, 56.35995 ], [ 13.08421, 56.35814 ], [ 13.07479, 56.35177 ], [ 13.09966, 56.35263 ], [ 13.10932, 56.35379 ], [ 13.11224, 56.3523 ], [ 13.11663, 56.3539 ], [ 13.11766, 56.35167 ], [ 13.12144, 56.35302 ], [ 13.12261, 56.3543 ], [ 13.12357, 56.35373 ], [ 13.1238, 56.35515 ], [ 13.13091, 56.35578 ], [ 13.14864, 56.35287 ], [ 13.15863, 56.34923 ], [ 13.16981, 56.35179 ], [ 13.17291, 56.35496 ], [ 13.17643, 56.3553 ], [ 13.17711, 56.35864 ], [ 13.18061, 56.35949 ], [ 13.18193, 56.36101 ], [ 13.18059, 56.36252 ], [ 13.1856, 56.36509 ], [ 13.18858, 56.36513 ], [ 13.19139, 56.3698 ], [ 13.19509, 56.36923 ], [ 13.20304, 56.37046 ], [ 13.20189, 56.36914 ], [ 13.20644, 56.36229 ], [ 13.20954, 56.36289 ], [ 13.21214, 56.35992 ], [ 13.21375, 56.36073 ], [ 13.21486, 56.36006 ], [ 13.22092, 56.36158 ], [ 13.24746, 56.35955 ], [ 13.25235, 56.36285 ], [ 13.25679, 56.36052 ], [ 13.29266, 56.38041 ], [ 13.29027, 56.38156 ], [ 13.29794, 56.38428 ], [ 13.29603, 56.38586 ], [ 13.30266, 56.38808 ], [ 13.29572, 56.39686 ], [ 13.29778, 56.39733 ], [ 13.29705, 56.39829 ], [ 13.30033, 56.399 ], [ 13.29991, 56.40086 ], [ 13.30673, 56.40216 ], [ 13.30793, 56.40145 ], [ 13.31289, 56.40213 ], [ 13.31534, 56.40092 ], [ 13.31648, 56.39901 ], [ 13.31781, 56.39979 ], [ 13.3256, 56.39704 ], [ 13.32628, 56.39086 ], [ 13.33535, 56.39116 ], [ 13.34657, 56.3905 ], [ 13.35272, 56.38583 ], [ 13.35821, 56.38831 ], [ 13.36396, 56.38385 ], [ 13.37385, 56.38513 ], [ 13.37288, 56.39132 ], [ 13.36852, 56.39285 ], [ 13.3631, 56.39047 ], [ 13.36262, 56.39088 ], [ 13.36666, 56.39947 ], [ 13.36178, 56.40064 ], [ 13.36567, 56.40295 ], [ 13.3643, 56.40386 ], [ 13.36706, 56.4053 ], [ 13.36553, 56.40668 ], [ 13.38055, 56.4153 ], [ 13.37933, 56.41612 ], [ 13.3799, 56.41769 ], [ 13.38368, 56.41965 ], [ 13.38639, 56.41954 ], [ 13.38882, 56.42059 ], [ 13.39106, 56.4202 ], [ 13.39269, 56.41867 ], [ 13.39402, 56.4192 ], [ 13.39477, 56.4178 ], [ 13.39804, 56.41762 ], [ 13.39842, 56.41683 ], [ 13.39674, 56.41687 ], [ 13.39874, 56.41469 ], [ 13.40429, 56.41496 ], [ 13.40438, 56.41682 ], [ 13.40036, 56.41849 ], [ 13.40033, 56.41949 ], [ 13.40071, 56.42006 ], [ 13.40438, 56.4197 ], [ 13.40602, 56.42065 ], [ 13.41095, 56.42139 ], [ 13.40994, 56.42903 ], [ 13.41946, 56.42668 ], [ 13.42071, 56.4278 ], [ 13.42264, 56.42803 ], [ 13.42616, 56.42611 ], [ 13.42533, 56.42331 ], [ 13.42768, 56.42323 ], [ 13.43059, 56.42045 ], [ 13.42926, 56.41805 ], [ 13.43932, 56.41911 ], [ 13.44507, 56.42133 ], [ 13.44507, 56.42307 ], [ 13.44748, 56.4222 ], [ 13.4552, 56.4244 ], [ 13.45882, 56.4263 ], [ 13.46167, 56.42588 ], [ 13.46019, 56.42705 ], [ 13.4612, 56.42778 ], [ 13.46779, 56.42685 ], [ 13.46969, 56.42719 ], [ 13.46965, 56.4281 ], [ 13.47112, 56.42867 ], [ 13.47089, 56.43068 ], [ 13.46945, 56.43244 ], [ 13.4669, 56.43306 ], [ 13.46292, 56.4455 ], [ 13.46462, 56.44754 ], [ 13.46263, 56.45009 ], [ 13.46302, 56.45116 ], [ 13.44988, 56.46805 ], [ 13.45012, 56.47341 ], [ 13.45406, 56.48763 ], [ 13.45853, 56.53012 ], [ 13.45208, 56.54106 ], [ 13.43985, 56.55449 ], [ 13.43996, 56.56585 ], [ 13.43817, 56.57008 ], [ 13.44001, 56.57127 ], [ 13.43151, 56.57399 ], [ 13.4271, 56.5737 ], [ 13.41762, 56.57771 ], [ 13.40861, 56.58852 ], [ 13.40264, 56.59246 ], [ 13.4026, 56.59409 ], [ 13.40427, 56.59488 ], [ 13.39777, 56.6087 ], [ 13.39727, 56.61585 ], [ 13.39293, 56.61953 ], [ 13.39302, 56.62078 ], [ 13.37891, 56.63655 ], [ 13.37585, 56.64626 ], [ 13.37128, 56.6517 ], [ 13.36717, 56.65956 ], [ 13.34425, 56.65923 ], [ 13.34274, 56.67858 ], [ 13.32828, 56.68766 ], [ 13.32366, 56.68625 ] ] ] } },
{ "type": "Feature", "properties": { "koncession": "359AE", "natforetag": "Partille Energi Nät AB", "natforetag_kort": "Partille Energi Nät", "redovisningsenhet": "REL00148", "spanning_kv": 20.0, "yta_km2": 59.5, "km2_i_halland": 0.0, "i_halland": false }, "geometry": { "type": "Polygon", "coordinates": [ [ [ 12.22483, 57.72761 ], [ 12.19485, 57.73354 ], [ 12.19503, 57.73258 ], [ 12.19385, 57.73251 ], [ 12.19246, 57.73401 ], [ 12.18507, 57.73547 ], [ 12.18359, 57.73988 ], [ 12.18595, 57.74063 ], [ 12.18615, 57.7416 ], [ 12.18294, 57.74181 ], [ 12.18059, 57.74873 ], [ 12.18184, 57.75051 ], [ 12.19843, 57.75106 ], [ 12.19956, 57.75235 ], [ 12.19819, 57.76225 ], [ 12.19095, 57.76195 ], [ 12.18325, 57.76734 ], [ 12.17399, 57.77598 ], [ 12.11399, 57.77235 ], [ 12.09667, 57.76547 ], [ 12.0782, 57.76182 ], [ 12.08286, 57.75617 ], [ 12.08277, 57.75464 ], [ 12.08012, 57.75473 ], [ 12.07954, 57.75379 ], [ 12.07986, 57.74164 ], [ 12.07879, 57.74109 ], [ 12.08081, 57.73592 ], [ 12.07679, 57.73485 ], [ 12.06894, 57.73499 ], [ 12.0544, 57.73394 ], [ 12.05589, 57.72856 ], [ 12.08879, 57.6822 ], [ 12.10489, 57.6831 ], [ 12.12856, 57.69126 ], [ 12.13548, 57.68855 ], [ 12.13931, 57.6921 ], [ 12.14539, 57.69397 ], [ 12.16029, 57.70469 ], [ 12.16075, 57.70426 ], [ 12.17064, 57.71409 ], [ 12.18597, 57.72066 ], [ 12.19929, 57.72526 ], [ 12.20901, 57.72555 ], [ 12.22483, 57.72761 ] ] ] } },
{ "type": "Feature", "properties": { "koncession": "360BC", "natforetag": "E.ON Energidistribution AB", "natforetag_kort": "E.ON Energidistribution", "redovisningsenhet": "REL03028", "spanning_kv": 20.0, "yta_km2": 513.8, "km2_i_halland": 0.0, "i_halland": false }, "geometry": { "type": "Polygon", "coordinates": [ [ [ 13.7758, 56.33154 ], [ 13.75378, 56.33625 ], [ 13.74609, 56.33714 ], [ 13.72995, 56.34282 ], [ 13.69352, 56.33356 ], [ 13.69279, 56.32272 ], [ 13.68166, 56.32354 ], [ 13.67751, 56.3229 ], [ 13.67601, 56.32151 ], [ 13.67112, 56.32138 ], [ 13.67056, 56.31944 ], [ 13.66312, 56.31281 ], [ 13.66227, 56.30879 ], [ 13.64861, 56.29843 ], [ 13.6454, 56.29929 ], [ 13.64236, 56.29682 ], [ 13.63818, 56.29665 ], [ 13.63175, 56.29885 ], [ 13.62806, 56.29911 ], [ 13.61827, 56.29601 ], [ 13.61784, 56.29275 ], [ 13.61022, 56.28324 ], [ 13.56262, 56.28745 ], [ 13.55329, 56.29203 ], [ 13.53743, 56.29647 ], [ 13.52586, 56.30081 ], [ 13.5154, 56.3071 ], [ 13.51237, 56.31236 ], [ 13.48043, 56.31334 ], [ 13.47103, 56.28509 ], [ 13.44832, 56.28698 ], [ 13.44704, 56.28126 ], [ 13.43207, 56.2777 ], [ 13.43391, 56.27158 ], [ 13.44553, 56.26579 ], [ 13.44557, 56.26107 ], [ 13.43304, 56.24544 ], [ 13.43965, 56.23948 ], [ 13.44325, 56.23894 ], [ 13.44751, 56.23452 ], [ 13.4529, 56.23272 ], [ 13.44872, 56.23014 ], [ 13.4503, 56.22842 ], [ 13.44999, 56.22151 ], [ 13.46657, 56.21049 ], [ 13.45807, 56.20013 ], [ 13.47261, 56.19743 ], [ 13.46062, 56.16964 ], [ 13.46272, 56.14552 ], [ 13.46865, 56.14537 ], [ 13.46845, 56.14229 ], [ 13.46145, 56.14061 ], [ 13.4615, 56.13748 ], [ 13.45681, 56.13648 ], [ 13.45712, 56.1333 ], [ 13.44817, 56.13211 ], [ 13.44933, 56.13049 ], [ 13.44784, 56.13048 ], [ 13.44567, 56.12859 ], [ 13.44662, 56.1277 ], [ 13.44607, 56.12479 ], [ 13.44375, 56.12318 ], [ 13.44299, 56.12117 ], [ 13.4406, 56.12059 ], [ 13.43928, 56.1193 ], [ 13.44422, 56.11725 ], [ 13.48449, 56.11622 ], [ 13.49704, 56.10766 ], [ 13.51731, 56.11576 ], [ 13.5542, 56.133 ], [ 13.57707, 56.14535 ], [ 13.60354, 56.16205 ], [ 13.62676, 56.17062 ], [ 13.65345, 56.17732 ], [ 13.67593, 56.18388 ], [ 13.71526, 56.19705 ], [ 13.71424, 56.19949 ], [ 13.70869, 56.20149 ], [ 13.70131, 56.20303 ], [ 13.67929, 56.20466 ], [ 13.67605, 56.20581 ], [ 13.68356, 56.21437 ], [ 13.68887, 56.21297 ], [ 13.69016, 56.21351 ], [ 13.7044, 56.22553 ], [ 13.72329, 56.2323 ], [ 13.74355, 56.23311 ], [ 13.75055, 56.23683 ], [ 13.75681, 56.24141 ], [ 13.75507, 56.25319 ], [ 13.75607, 56.25533 ], [ 13.76837, 56.26378 ], [ 13.7598, 56.27019 ], [ 13.72705, 56.26966 ], [ 13.72472, 56.28291 ], [ 13.7256, 56.28765 ], [ 13.73329, 56.29104 ], [ 13.73531, 56.29089 ], [ 13.73958, 56.29528 ], [ 13.74238, 56.2945 ], [ 13.74782, 56.29789 ], [ 13.78113, 56.30021 ], [ 13.78607, 56.29849 ], [ 13.80633, 56.30304 ], [ 13.80825, 56.30693 ], [ 13.80532, 56.33207 ], [ 13.80693, 56.33212 ], [ 13.7758, 56.33154 ] ] ] } },
{ "type": "Feature", "properties": { "koncession": "380CCK", "natforetag": "E.ON Energidistribution AB", "natforetag_kort": "E.ON Energidistribution", "redovisningsenhet": "REL03028", "spanning_kv": 24.0, "yta_km2": 687.0, "km2_i_halland": 687.0, "i_halland": true }, "geometry": { "type": "Polygon", "coordinates": [ [ [ 13.2764, 56.87101 ], [ 13.27007, 56.87555 ], [ 13.26978, 56.87715 ], [ 13.26596, 56.87805 ], [ 13.26568, 56.88168 ], [ 13.26095, 56.8839 ], [ 13.25741, 56.88735 ], [ 13.20902, 56.87616 ], [ 13.00539, 56.86412 ], [ 12.99991, 56.86922 ], [ 12.97063, 56.86031 ], [ 12.87591, 56.86159 ], [ 12.8491, 56.86008 ], [ 12.78137, 56.81901 ], [ 12.72878, 56.80191 ], [ 12.72806, 56.78728 ], [ 12.79108, 56.73612 ], [ 12.80461, 56.74206 ], [ 12.82012, 56.74492 ], [ 12.82641, 56.7469 ], [ 12.82916, 56.74992 ], [ 12.84116, 56.75023 ], [ 12.84576, 56.75271 ], [ 12.86293, 56.75737 ], [ 12.86027, 56.76035 ], [ 12.90167, 56.76652 ], [ 12.90442, 56.77403 ], [ 12.91671, 56.77285 ], [ 12.91275, 56.75479 ], [ 12.91582, 56.75185 ], [ 12.90793, 56.74724 ], [ 12.9091, 56.74609 ], [ 12.90358, 56.74414 ], [ 12.91221, 56.73783 ], [ 12.90195, 56.72287 ], [ 12.91646, 56.72119 ], [ 12.92352, 56.72451 ], [ 12.94728, 56.72473 ], [ 12.95686, 56.72735 ], [ 12.98816, 56.7293 ], [ 12.98849, 56.73071 ], [ 13.01531, 56.73036 ], [ 13.00824, 56.70624 ], [ 13.02623, 56.69088 ], [ 13.05317, 56.69224 ], [ 13.05646, 56.67434 ], [ 13.04323, 56.67044 ], [ 13.03609, 56.66712 ], [ 13.02054, 56.66489 ], [ 13.02106, 56.65675 ], [ 13.00144, 56.64316 ], [ 12.97136, 56.64091 ], [ 12.96109, 56.62504 ], [ 12.97295, 56.6168 ], [ 12.96358, 56.60612 ], [ 12.95201, 56.60296 ], [ 12.95274, 56.59898 ], [ 12.9488, 56.59808 ], [ 12.93356, 56.60465 ], [ 12.91493, 56.5976 ], [ 12.94486, 56.55363 ], [ 12.97737, 56.54612 ], [ 12.9876, 56.55679 ], [ 12.99351, 56.58235 ], [ 12.9953, 56.58446 ], [ 13.01141, 56.59019 ], [ 13.01699, 56.59719 ], [ 13.0276, 56.59381 ], [ 13.02767, 56.59575 ], [ 13.03173, 56.5994 ], [ 13.03146, 56.60089 ], [ 13.03266, 56.60099 ], [ 13.03376, 56.60302 ], [ 13.03579, 56.60345 ], [ 13.0365, 56.60511 ], [ 13.039, 56.60645 ], [ 13.04116, 56.60601 ], [ 13.04154, 56.6078 ], [ 13.04266, 56.60704 ], [ 13.04649, 56.60896 ], [ 13.04764, 56.60868 ], [ 13.04761, 56.61024 ], [ 13.05213, 56.60942 ], [ 13.05481, 56.60974 ], [ 13.05701, 56.61075 ], [ 13.05708, 56.61175 ], [ 13.07843, 56.6148 ], [ 13.07571, 56.60779 ], [ 13.08141, 56.60324 ], [ 13.09768, 56.61032 ], [ 13.09849, 56.60827 ], [ 13.10305, 56.61022 ], [ 13.10221, 56.6115 ], [ 13.10595, 56.61142 ], [ 13.11426, 56.61556 ], [ 13.11547, 56.61521 ], [ 13.11529, 56.61611 ], [ 13.11679, 56.61571 ], [ 13.11705, 56.6163 ], [ 13.12109, 56.61692 ], [ 13.12244, 56.6181 ], [ 13.12488, 56.61833 ], [ 13.11558, 56.62292 ], [ 13.12935, 56.63025 ], [ 13.12898, 56.63201 ], [ 13.13555, 56.63346 ], [ 13.13729, 56.63159 ], [ 13.14032, 56.63384 ], [ 13.13838, 56.62861 ], [ 13.13582, 56.62847 ], [ 13.13495, 56.62738 ], [ 13.13295, 56.62769 ], [ 13.13314, 56.62625 ], [ 13.13667, 56.6235 ], [ 13.14183, 56.62451 ], [ 13.14426, 56.62711 ], [ 13.14767, 56.6288 ], [ 13.15077, 56.62861 ], [ 13.15223, 56.62946 ], [ 13.15802, 56.63029 ], [ 13.16415, 56.63433 ], [ 13.16593, 56.64613 ], [ 13.16409, 56.65026 ], [ 13.17543, 56.65056 ], [ 13.17536, 56.6534 ], [ 13.17657, 56.65551 ], [ 13.1786, 56.65658 ], [ 13.17727, 56.65844 ], [ 13.18093, 56.65945 ], [ 13.17748, 56.66635 ], [ 13.1751, 56.66676 ], [ 13.17324, 56.67287 ], [ 13.17427, 56.67425 ], [ 13.18849, 56.67556 ], [ 13.18981, 56.67694 ], [ 13.2021, 56.67536 ], [ 13.20459, 56.67607 ], [ 13.21962, 56.67617 ], [ 13.2227, 56.67383 ], [ 13.22483, 56.6748 ], [ 13.22517, 56.67623 ], [ 13.2304, 56.67542 ], [ 13.24926, 56.67533 ], [ 13.25967, 56.67644 ], [ 13.27802, 56.68006 ], [ 13.28384, 56.67889 ], [ 13.28847, 56.6791 ], [ 13.29128, 56.68358 ], [ 13.29571, 56.68537 ], [ 13.29836, 56.68762 ], [ 13.30294, 56.68571 ], [ 13.30786, 56.68546 ], [ 13.31584, 56.69231 ], [ 13.31663, 56.70111 ], [ 13.3151, 56.70215 ], [ 13.32511, 56.70746 ], [ 13.32489, 56.70937 ], [ 13.3172, 56.71945 ], [ 13.31677, 56.72299 ], [ 13.31637, 56.73017 ], [ 13.31968, 56.75821 ], [ 13.31881, 56.78243 ], [ 13.31507, 56.7938 ], [ 13.3049, 56.80412 ], [ 13.30313, 56.80949 ], [ 13.3015, 56.80926 ], [ 13.29987, 56.81378 ], [ 13.30158, 56.81411 ], [ 13.2982, 56.82361 ], [ 13.29709, 56.83084 ], [ 13.28927, 56.83508 ], [ 13.30461, 56.83657 ], [ 13.3037, 56.84695 ], [ 13.3013, 56.84835 ], [ 13.30147, 56.85145 ], [ 13.28051, 56.86417 ], [ 13.2764, 56.87101 ] ] ] } },
{ "type": "Feature", "properties": { "koncession": "380CFP", "natforetag": "E.ON Energidistribution AB", "natforetag_kort": "E.ON Energidistribution", "redovisningsenhet": "REL03028", "spanning_kv": 20.0, "yta_km2": 368.4, "km2_i_halland": 0.0, "i_halland": false }, "geometry": { "type": "Polygon", "coordinates": [ [ [ 13.88934, 56.50921 ], [ 13.88889, 56.50861 ], [ 13.87515, 56.50902 ], [ 13.86986, 56.50516 ], [ 13.81716, 56.49884 ], [ 13.81663, 56.49565 ], [ 13.81246, 56.49324 ], [ 13.81195, 56.49184 ], [ 13.76456, 56.49064 ], [ 13.76106, 56.47045 ], [ 13.77819, 56.44626 ], [ 13.76022, 56.44433 ], [ 13.73307, 56.43514 ], [ 13.69965, 56.42751 ], [ 13.69629, 56.42464 ], [ 13.68445, 56.42413 ], [ 13.66108, 56.42029 ], [ 13.65985, 56.42127 ], [ 13.64986, 56.42028 ], [ 13.64797, 56.41853 ], [ 13.64214, 56.41844 ], [ 13.63874, 56.41913 ], [ 13.62733, 56.41807 ], [ 13.60152, 56.41188 ], [ 13.60055, 56.41362 ], [ 13.59683, 56.41575 ], [ 13.54406, 56.4299 ], [ 13.52975, 56.42204 ], [ 13.5237, 56.4226 ], [ 13.51539, 56.42963 ], [ 13.50357, 56.41303 ], [ 13.5067, 56.40843 ], [ 13.51114, 56.40958 ], [ 13.51234, 56.4115 ], [ 13.52164, 56.41174 ], [ 13.52874, 56.40952 ], [ 13.53122, 56.40674 ], [ 13.54099, 56.40402 ], [ 13.54724, 56.40418 ], [ 13.55069, 56.38121 ], [ 13.5366, 56.38095 ], [ 13.52481, 56.37707 ], [ 13.49839, 56.36091 ], [ 13.49619, 56.34647 ], [ 13.5059, 56.33097 ], [ 13.51203, 56.31302 ], [ 13.5154, 56.3071 ], [ 13.52586, 56.30081 ], [ 13.53743, 56.29647 ], [ 13.55329, 56.29203 ], [ 13.56262, 56.28745 ], [ 13.61022, 56.28324 ], [ 13.61784, 56.29275 ], [ 13.61827, 56.29601 ], [ 13.62806, 56.29911 ], [ 13.63175, 56.29885 ], [ 13.63818, 56.29665 ], [ 13.64236, 56.29682 ], [ 13.6454, 56.29929 ], [ 13.64861, 56.29843 ], [ 13.66227, 56.30879 ], [ 13.66312, 56.31281 ], [ 13.67056, 56.31944 ], [ 13.67112, 56.32138 ], [ 13.67601, 56.32151 ], [ 13.67751, 56.3229 ], [ 13.68166, 56.32354 ], [ 13.69279, 56.32272 ], [ 13.69352, 56.33356 ], [ 13.72995, 56.34282 ], [ 13.74609, 56.33714 ], [ 13.75378, 56.33625 ], [ 13.7758, 56.33154 ], [ 13.80693, 56.33212 ], [ 13.81593, 56.35375 ], [ 13.8208, 56.35856 ], [ 13.82068, 56.36564 ], [ 13.82306, 56.36588 ], [ 13.82363, 56.37147 ], [ 13.81709, 56.38203 ], [ 13.79915, 56.3923 ], [ 13.83132, 56.41555 ], [ 13.82958, 56.4196 ], [ 13.83624, 56.42132 ], [ 13.8382, 56.41935 ], [ 13.85625, 56.41782 ], [ 13.85872, 56.41131 ], [ 13.8652, 56.41069 ], [ 13.87128, 56.41528 ], [ 13.90167, 56.41044 ], [ 13.89251, 56.40076 ], [ 13.89672, 56.39468 ], [ 13.89731, 56.39188 ], [ 13.90687, 56.3922 ], [ 13.95109, 56.40535 ], [ 13.95362, 56.42594 ], [ 13.95359, 56.44019 ], [ 13.94792, 56.47936 ], [ 13.95018, 56.4903 ], [ 13.91896, 56.50289 ], [ 13.90562, 56.5065 ], [ 13.88934, 56.50921 ] ] ] } },
{ "type": "Feature", "properties": { "koncession": "380CGA", "natforetag": "E.ON Energidistribution AB", "natforetag_kort": "E.ON Energidistribution", "redovisningsenhet": "REL03028", "spanning_kv": 20.0, "yta_km2": 1002.3, "km2_i_halland": 0.0, "i_halland": false }, "geometry": { "type": "Polygon", "coordinates": [ [ [ 13.99073, 56.90655 ], [ 13.94574, 56.90063 ], [ 13.9298, 56.91578 ], [ 13.95286, 56.93965 ], [ 13.94101, 56.95021 ], [ 13.9082, 56.94858 ], [ 13.86725, 56.94054 ], [ 13.83548, 56.9287 ], [ 13.80206, 56.90352 ], [ 13.79334, 56.90365 ], [ 13.74698, 56.90752 ], [ 13.74051, 56.89982 ], [ 13.7445, 56.89611 ], [ 13.72982, 56.89221 ], [ 13.71677, 56.86778 ], [ 13.69511, 56.85654 ], [ 13.68265, 56.84308 ], [ 13.61034, 56.80204 ], [ 13.65764, 56.76084 ], [ 13.72032, 56.78923 ], [ 13.75155, 56.78749 ], [ 13.75226, 56.76167 ], [ 13.71362, 56.71839 ], [ 13.74661, 56.69209 ], [ 13.75868, 56.67347 ], [ 13.75589, 56.66683 ], [ 13.76444, 56.66296 ], [ 13.76607, 56.65947 ], [ 13.76849, 56.65907 ], [ 13.77012, 56.65774 ], [ 13.77034, 56.65415 ], [ 13.76796, 56.65057 ], [ 13.76902, 56.64608 ], [ 13.77088, 56.64405 ], [ 13.76966, 56.64356 ], [ 13.76724, 56.64444 ], [ 13.76437, 56.6434 ], [ 13.7606, 56.6432 ], [ 13.72022, 56.60303 ], [ 13.74436, 56.59897 ], [ 13.74213, 56.59016 ], [ 13.7605, 56.58754 ], [ 13.7686, 56.59576 ], [ 13.77352, 56.59517 ], [ 13.80464, 56.57939 ], [ 13.80088, 56.5697 ], [ 13.81378, 56.55026 ], [ 13.78525, 56.55249 ], [ 13.78651, 56.53475 ], [ 13.81816, 56.53525 ], [ 13.82125, 56.53153 ], [ 13.8229, 56.53094 ], [ 13.82617, 56.52654 ], [ 13.81767, 56.51499 ], [ 13.81833, 56.51218 ], [ 13.82153, 56.51144 ], [ 13.82297, 56.50839 ], [ 13.81853, 56.50459 ], [ 13.82217, 56.50351 ], [ 13.82098, 56.50103 ], [ 13.81719, 56.49979 ], [ 13.81716, 56.49884 ], [ 13.86986, 56.50516 ], [ 13.87515, 56.50902 ], [ 13.88889, 56.50861 ], [ 13.88934, 56.50921 ], [ 13.90562, 56.5065 ], [ 13.91896, 56.50289 ], [ 13.95018, 56.4903 ], [ 13.95217, 56.52009 ], [ 13.9484, 56.54875 ], [ 13.94445, 56.56295 ], [ 13.93346, 56.59245 ], [ 13.92186, 56.61505 ], [ 13.91147, 56.64189 ], [ 13.90425, 56.65534 ], [ 13.89083, 56.67512 ], [ 13.9158, 56.68281 ], [ 13.95862, 56.6987 ], [ 13.99819, 56.71698 ], [ 14.03272, 56.73499 ], [ 14.06786, 56.75606 ], [ 14.08388, 56.76734 ], [ 14.11255, 56.7912 ], [ 14.13253, 56.81209 ], [ 14.10392, 56.81846 ], [ 14.09393, 56.80216 ], [ 14.06646, 56.79173 ], [ 14.00685, 56.82335 ], [ 14.00507, 56.78999 ], [ 13.91349, 56.79222 ], [ 13.90387, 56.78691 ], [ 13.89903, 56.78709 ], [ 13.89521, 56.78813 ], [ 13.88726, 56.80089 ], [ 13.8774, 56.83648 ], [ 13.91087, 56.84729 ], [ 13.92402, 56.85729 ], [ 13.90888, 56.86549 ], [ 13.9236, 56.88035 ], [ 13.94062, 56.8693 ], [ 13.95406, 56.86351 ], [ 13.96049, 56.86723 ], [ 13.98161, 56.86755 ], [ 13.98012, 56.86448 ], [ 13.98304, 56.86374 ], [ 13.98295, 56.86164 ], [ 14.01464, 56.86246 ], [ 14.01767, 56.88071 ], [ 14.00412, 56.89366 ], [ 13.98515, 56.8938 ], [ 13.98846, 56.89791 ], [ 13.99073, 56.90655 ] ] ] } },
{ "type": "Feature", "properties": { "koncession": "380CGÅ", "natforetag": "E.ON Energidistribution AB", "natforetag_kort": "E.ON Energidistribution", "redovisningsenhet": "REL03028", "spanning_kv": 20.0, "yta_km2": 1053.7, "km2_i_halland": 0.0, "i_halland": false }, "geometry": { "type": "Polygon", "coordinates": [ [ [ 14.10392, 56.81846 ], [ 14.13253, 56.81209 ], [ 14.14661, 56.82976 ], [ 14.15544, 56.84322 ], [ 14.16915, 56.8708 ], [ 14.17746, 56.89902 ], [ 14.18475, 56.9393 ], [ 14.18689, 56.96707 ], [ 14.18599, 56.98097 ], [ 14.18026, 57.00859 ], [ 14.16933, 57.03575 ], [ 14.16195, 57.04906 ], [ 14.14242, 57.07612 ], [ 14.11924, 57.07562 ], [ 14.11941, 57.06224 ], [ 14.10048, 57.03833 ], [ 14.09161, 56.98113 ], [ 14.12736, 56.97739 ], [ 14.07332, 56.91619 ], [ 14.10988, 56.88981 ], [ 14.0949, 56.88128 ], [ 14.01767, 56.88071 ], [ 14.01464, 56.86246 ], [ 14.00402, 56.85057 ], [ 14.01134, 56.84639 ], [ 14.0095, 56.84062 ], [ 14.01628, 56.84009 ], [ 14.01637, 56.83753 ], [ 14.01902, 56.8365 ], [ 14.01597, 56.83161 ], [ 14.01143, 56.83245 ], [ 14.00942, 56.83133 ], [ 14.00698, 56.82652 ], [ 14.00685, 56.82335 ], [ 14.06646, 56.79173 ], [ 14.09393, 56.80216 ], [ 14.10392, 56.81846 ] ] ] } },
{ "type": "Feature", "properties": { "koncession": "380CHH", "natforetag": "E.ON Energidistribution AB", "natforetag_kort": "E.ON Energidistribution", "redovisningsenhet": "REL03028", "spanning_kv": 20.0, "yta_km2": 618.6, "km2_i_halland": 0.0, "i_halland": false }, "geometry": { "type": "Polygon", "coordinates": [ [ [ 13.03607, 56.16191 ], [ 13.03236, 56.16255 ], [ 13.03396, 56.16579 ], [ 13.03324, 56.1671 ], [ 13.02429, 56.15874 ], [ 13.01963, 56.15839 ], [ 12.99812, 56.14788 ], [ 13.0037, 56.1269 ], [ 13.00093, 56.12307 ], [ 12.98346, 56.11225 ], [ 12.98722, 56.11145 ], [ 12.99006, 56.10865 ], [ 12.99443, 56.10999 ], [ 13.00395, 56.09339 ], [ 13.00814, 56.08251 ], [ 13.00607, 56.08134 ], [ 13.00363, 56.08254 ], [ 13.00316, 56.0816 ], [ 12.99622, 56.07831 ], [ 13.04699, 56.06775 ], [ 13.09922, 56.0601 ], [ 13.14792, 56.05598 ], [ 13.17839, 56.05488 ], [ 13.17627, 56.05774 ], [ 13.17106, 56.05824 ], [ 13.1689, 56.06219 ], [ 13.16423, 56.06637 ], [ 13.15562, 56.06899 ], [ 13.15482, 56.06982 ], [ 13.15711, 56.07037 ], [ 13.15432, 56.07138 ], [ 13.14723, 56.07201 ], [ 13.1454, 56.07461 ], [ 13.13761, 56.07372 ], [ 13.12732, 56.07722 ], [ 13.12635, 56.07901 ], [ 13.11527, 56.08018 ], [ 13.1135, 56.08096 ], [ 13.11171, 56.08352 ], [ 13.10697, 56.08428 ], [ 13.10317, 56.08645 ], [ 13.09789, 56.08768 ], [ 13.09785, 56.08844 ], [ 13.1023, 56.08998 ], [ 13.10375, 56.09231 ], [ 13.10289, 56.09367 ], [ 13.10614, 56.09434 ], [ 13.10475, 56.09731 ], [ 13.09913, 56.0981 ], [ 13.09402, 56.10019 ], [ 13.1191, 56.12028 ], [ 13.11426, 56.1218 ], [ 13.11672, 56.12622 ], [ 13.11382, 56.12777 ], [ 13.10746, 56.12604 ], [ 13.09924, 56.12796 ], [ 13.0925, 56.12715 ], [ 13.09055, 56.12933 ], [ 13.09143, 56.12996 ], [ 13.09586, 56.13004 ], [ 13.09609, 56.13165 ], [ 13.09406, 56.13352 ], [ 13.097, 56.13599 ], [ 13.10479, 56.13847 ], [ 13.10361, 56.14361 ], [ 13.09734, 56.14273 ], [ 13.09564, 56.14175 ], [ 13.0909, 56.14407 ], [ 13.08906, 56.14244 ], [ 13.08508, 56.14204 ], [ 13.08415, 56.14049 ], [ 13.0818, 56.1408 ], [ 13.08212, 56.13959 ], [ 13.0804, 56.13856 ], [ 13.07741, 56.14301 ], [ 13.07663, 56.14862 ], [ 13.07365, 56.15119 ], [ 13.07596, 56.15278 ], [ 13.07292, 56.15358 ], [ 13.06978, 56.15677 ], [ 13.06338, 56.15853 ], [ 13.06348, 56.16044 ], [ 13.06638, 56.16351 ], [ 13.06606, 56.16523 ], [ 13.06325, 56.16679 ], [ 13.05729, 56.16564 ], [ 13.05368, 56.16348 ], [ 13.04919, 56.16506 ], [ 13.0444, 56.16288 ], [ 13.04098, 56.1633 ], [ 13.03607, 56.16191 ] ], [ [ 13.03997, 56.13253 ], [ 13.03935, 56.13162 ], [ 13.02756, 56.13426 ], [ 13.03072, 56.13459 ], [ 13.03114, 56.13769 ], [ 13.04087, 56.14244 ], [ 13.05925, 56.14106 ], [ 13.05832, 56.13759 ], [ 13.06211, 56.13783 ], [ 13.06492, 56.1358 ], [ 13.06537, 56.13321 ], [ 13.05966, 56.12842 ], [ 13.03997, 56.13253 ] ] ] } },
{ "type": "Feature", "properties": { "koncession": "380CIÄ", "natforetag": "E.ON Energidistribution AB", "natforetag_kort": "E.ON Energidistribution", "redovisningsenhet": "REL03028", "spanning_kv": 20.0, "yta_km2": 739.9, "km2_i_halland": 2.7, "i_halland": true }, "geometry": { "type": "Polygon", "coordinates": [ [ [ 13.66204, 56.89063 ], [ 13.66203, 56.91353 ], [ 13.62382, 56.9076 ], [ 13.61802, 56.9086 ], [ 13.60328, 56.89706 ], [ 13.59106, 56.89249 ], [ 13.58687, 56.89216 ], [ 13.58225, 56.89004 ], [ 13.57629, 56.88931 ], [ 13.56635, 56.89087 ], [ 13.55709, 56.87777 ], [ 13.54851, 56.87755 ], [ 13.53485, 56.85399 ], [ 13.52853, 56.83539 ], [ 13.52425, 56.80824 ], [ 13.43965, 56.7726 ], [ 13.35681, 56.77167 ], [ 13.34573, 56.78223 ], [ 13.31881, 56.78243 ], [ 13.31968, 56.75821 ], [ 13.31637, 56.73017 ], [ 13.31677, 56.72299 ], [ 13.3172, 56.71945 ], [ 13.32489, 56.70937 ], [ 13.32511, 56.70746 ], [ 13.3151, 56.70215 ], [ 13.31663, 56.70111 ], [ 13.31584, 56.69231 ], [ 13.30786, 56.68546 ], [ 13.31389, 56.68804 ], [ 13.32366, 56.68625 ], [ 13.32828, 56.68766 ], [ 13.34274, 56.67858 ], [ 13.34425, 56.65923 ], [ 13.36717, 56.65956 ], [ 13.37128, 56.6517 ], [ 13.37585, 56.64626 ], [ 13.37891, 56.63655 ], [ 13.39302, 56.62078 ], [ 13.39293, 56.61953 ], [ 13.39727, 56.61585 ], [ 13.39777, 56.6087 ], [ 13.40427, 56.59488 ], [ 13.4026, 56.59409 ], [ 13.40264, 56.59246 ], [ 13.40861, 56.58852 ], [ 13.41762, 56.57771 ], [ 13.4271, 56.5737 ], [ 13.43151, 56.57399 ], [ 13.44001, 56.57127 ], [ 13.43817, 56.57008 ], [ 13.43996, 56.56585 ], [ 13.43985, 56.55449 ], [ 13.45208, 56.54106 ], [ 13.45853, 56.53012 ], [ 13.45332, 56.48472 ], [ 13.49064, 56.48561 ], [ 13.49037, 56.49009 ], [ 13.49534, 56.49236 ], [ 13.51419, 56.49582 ], [ 13.51914, 56.49271 ], [ 13.53777, 56.49329 ], [ 13.5594, 56.50251 ], [ 13.56182, 56.502 ], [ 13.56318, 56.50314 ], [ 13.56968, 56.50427 ], [ 13.59561, 56.48955 ], [ 13.61875, 56.49942 ], [ 13.63062, 56.49684 ], [ 13.63136, 56.49458 ], [ 13.63579, 56.49549 ], [ 13.64138, 56.51296 ], [ 13.64873, 56.51866 ], [ 13.64751, 56.52208 ], [ 13.64851, 56.52378 ], [ 13.6449, 56.52613 ], [ 13.64645, 56.52922 ], [ 13.6438, 56.53106 ], [ 13.6439, 56.53292 ], [ 13.66553, 56.56365 ], [ 13.6547, 56.5777 ], [ 13.654, 56.5846 ], [ 13.67445, 56.60597 ], [ 13.69875, 56.60586 ], [ 13.72022, 56.60303 ], [ 13.7606, 56.6432 ], [ 13.76437, 56.6434 ], [ 13.76724, 56.64444 ], [ 13.7708, 56.64377 ], [ 13.76796, 56.65057 ], [ 13.77034, 56.65415 ], [ 13.77012, 56.65774 ], [ 13.76849, 56.65907 ], [ 13.76607, 56.65947 ], [ 13.76444, 56.66296 ], [ 13.75589, 56.66683 ], [ 13.75868, 56.67347 ], [ 13.74661, 56.69209 ], [ 13.71362, 56.71839 ], [ 13.75226, 56.76167 ], [ 13.75155, 56.78749 ], [ 13.72032, 56.78923 ], [ 13.65764, 56.76084 ], [ 13.61034, 56.80204 ], [ 13.68265, 56.84308 ], [ 13.69511, 56.85654 ], [ 13.67374, 56.86233 ], [ 13.66204, 56.89063 ] ] ] } },
{ "type": "Feature", "properties": { "koncession": "380COO", "natforetag": "E.ON Energidistribution AB", "natforetag_kort": "E.ON Energidistribution", "redovisningsenhet": "REL03028", "spanning_kv": 24.0, "yta_km2": 79.7, "km2_i_halland": 79.7, "i_halland": true }, "geometry": { "type": "Polygon", "coordinates": [ [ [ 12.91646, 56.72119 ], [ 12.90195, 56.72287 ], [ 12.91221, 56.73783 ], [ 12.90501, 56.74313 ], [ 12.89934, 56.73917 ], [ 12.89517, 56.7386 ], [ 12.89121, 56.73249 ], [ 12.89291, 56.73217 ], [ 12.88723, 56.73044 ], [ 12.88225, 56.72506 ], [ 12.88694, 56.71623 ], [ 12.89323, 56.69725 ], [ 12.89649, 56.69489 ], [ 12.89778, 56.69101 ], [ 12.90058, 56.69329 ], [ 12.90358, 56.69415 ], [ 12.90561, 56.69393 ], [ 12.90797, 56.69561 ], [ 12.91044, 56.696 ], [ 12.91529, 56.69129 ], [ 12.91928, 56.69257 ], [ 12.9213, 56.6872 ], [ 12.92394, 56.68567 ], [ 12.92496, 56.68608 ], [ 12.93263, 56.68064 ], [ 12.93698, 56.68196 ], [ 12.94022, 56.67976 ], [ 12.93863, 56.67704 ], [ 12.93613, 56.67681 ], [ 12.93331, 56.67946 ], [ 12.93443, 56.68099 ], [ 12.91992, 56.67669 ], [ 12.9029, 56.67449 ], [ 12.90458, 56.67084 ], [ 12.9073, 56.67069 ], [ 12.90749, 56.6699 ], [ 12.91169, 56.66818 ], [ 12.91484, 56.66798 ], [ 12.9173, 56.66937 ], [ 12.92031, 56.66892 ], [ 12.92249, 56.66702 ], [ 12.91982, 56.66388 ], [ 12.91269, 56.66139 ], [ 12.91175, 56.6604 ], [ 12.9478, 56.64515 ], [ 12.94614, 56.64403 ], [ 12.9498, 56.64269 ], [ 12.95165, 56.63992 ], [ 12.95497, 56.64056 ], [ 12.96071, 56.63779 ], [ 12.95777, 56.63228 ], [ 12.9552, 56.632 ], [ 12.95643, 56.62864 ], [ 12.9427, 56.62692 ], [ 12.93923, 56.62746 ], [ 12.93569, 56.62694 ], [ 12.92683, 56.6316 ], [ 12.92377, 56.62995 ], [ 12.91989, 56.62981 ], [ 12.92017, 56.62801 ], [ 12.91172, 56.62427 ], [ 12.90826, 56.62037 ], [ 12.898, 56.62173 ], [ 12.91493, 56.5976 ], [ 12.93356, 56.60465 ], [ 12.9488, 56.59808 ], [ 12.95274, 56.59898 ], [ 12.95201, 56.60296 ], [ 12.96358, 56.60612 ], [ 12.97295, 56.6168 ], [ 12.96109, 56.62504 ], [ 12.97136, 56.64091 ], [ 13.00144, 56.64316 ], [ 13.02106, 56.65675 ], [ 13.02054, 56.66489 ], [ 13.03609, 56.66712 ], [ 13.04323, 56.67044 ], [ 13.05646, 56.67434 ], [ 13.05317, 56.69224 ], [ 13.02623, 56.69088 ], [ 13.00824, 56.70624 ], [ 13.01531, 56.73036 ], [ 12.98849, 56.73071 ], [ 12.98816, 56.7293 ], [ 12.95686, 56.72735 ], [ 12.94728, 56.72473 ], [ 12.92352, 56.72451 ], [ 12.91646, 56.72119 ] ] ] } },
{ "type": "Feature", "properties": { "koncession": "380COX", "natforetag": "E.ON Energidistribution AB", "natforetag_kort": "E.ON Energidistribution", "redovisningsenhet": "REL03028", "spanning_kv": 24.0, "yta_km2": 845.0, "km2_i_halland": 29.3, "i_halland": true }, "geometry": { "type": "Polygon", "coordinates": [ [ [ 13.50357, 56.41303 ], [ 13.51539, 56.42963 ], [ 13.5014, 56.43971 ], [ 13.46605, 56.43567 ], [ 13.4669, 56.43306 ], [ 13.46945, 56.43244 ], [ 13.47089, 56.43068 ], [ 13.47112, 56.42867 ], [ 13.46947, 56.42704 ], [ 13.4612, 56.42778 ], [ 13.46019, 56.42705 ], [ 13.46167, 56.42588 ], [ 13.45882, 56.4263 ], [ 13.4552, 56.4244 ], [ 13.44748, 56.4222 ], [ 13.44507, 56.42307 ], [ 13.44507, 56.42133 ], [ 13.43932, 56.41911 ], [ 13.42926, 56.41805 ], [ 13.43059, 56.42045 ], [ 13.42768, 56.42323 ], [ 13.42533, 56.42331 ], [ 13.42616, 56.42611 ], [ 13.42264, 56.42803 ], [ 13.42071, 56.4278 ], [ 13.41946, 56.42668 ], [ 13.40994, 56.42903 ], [ 13.41095, 56.42139 ], [ 13.40602, 56.42065 ], [ 13.40438, 56.4197 ], [ 13.40071, 56.42006 ], [ 13.40033, 56.41949 ], [ 13.40036, 56.41849 ], [ 13.40438, 56.41682 ], [ 13.40429, 56.41496 ], [ 13.39874, 56.41469 ], [ 13.39674, 56.41687 ], [ 13.39842, 56.41683 ], [ 13.39804, 56.41762 ], [ 13.39477, 56.4178 ], [ 13.39402, 56.4192 ], [ 13.39269, 56.41867 ], [ 13.39106, 56.4202 ], [ 13.38882, 56.42059 ], [ 13.38639, 56.41954 ], [ 13.38368, 56.41965 ], [ 13.3799, 56.41769 ], [ 13.37933, 56.41612 ], [ 13.38055, 56.4153 ], [ 13.36553, 56.40668 ], [ 13.36706, 56.4053 ], [ 13.3643, 56.40386 ], [ 13.36567, 56.40295 ], [ 13.36178, 56.40064 ], [ 13.36666, 56.39947 ], [ 13.36262, 56.39088 ], [ 13.3631, 56.39047 ], [ 13.36852, 56.39285 ], [ 13.37288, 56.39132 ], [ 13.37385, 56.38513 ], [ 13.36396, 56.38385 ], [ 13.35821, 56.38831 ], [ 13.35272, 56.38583 ], [ 13.34657, 56.3905 ], [ 13.33535, 56.39116 ], [ 13.32628, 56.39086 ], [ 13.3256, 56.39704 ], [ 13.31781, 56.39979 ], [ 13.31648, 56.39901 ], [ 13.31534, 56.40092 ], [ 13.31289, 56.40213 ], [ 13.30793, 56.40145 ], [ 13.30673, 56.40216 ], [ 13.29991, 56.40086 ], [ 13.30033, 56.399 ], [ 13.29705, 56.39829 ], [ 13.29778, 56.39733 ], [ 13.29572, 56.39686 ], [ 13.30266, 56.38808 ], [ 13.29603, 56.38586 ], [ 13.29794, 56.38428 ], [ 13.29027, 56.38156 ], [ 13.29266, 56.38041 ], [ 13.25679, 56.36052 ], [ 13.25235, 56.36285 ], [ 13.24746, 56.35955 ], [ 13.22092, 56.36158 ], [ 13.21486, 56.36006 ], [ 13.21375, 56.36073 ], [ 13.21214, 56.35992 ], [ 13.20954, 56.36289 ], [ 13.20644, 56.36229 ], [ 13.20189, 56.36914 ], [ 13.20304, 56.37046 ], [ 13.19509, 56.36923 ], [ 13.19139, 56.3698 ], [ 13.18858, 56.36513 ], [ 13.1856, 56.36509 ], [ 13.18059, 56.36252 ], [ 13.18193, 56.36101 ], [ 13.18061, 56.35949 ], [ 13.17711, 56.35864 ], [ 13.17643, 56.3553 ], [ 13.17291, 56.35496 ], [ 13.16981, 56.35179 ], [ 13.15863, 56.34923 ], [ 13.14864, 56.35287 ], [ 13.13091, 56.35578 ], [ 13.1238, 56.35515 ], [ 13.12357, 56.35373 ], [ 13.12261, 56.3543 ], [ 13.12144, 56.35302 ], [ 13.11766, 56.35167 ], [ 13.11663, 56.3539 ], [ 13.11224, 56.3523 ], [ 13.10932, 56.35379 ], [ 13.09966, 56.35263 ], [ 13.07479, 56.35177 ], [ 13.08421, 56.35814 ], [ 13.0858, 56.35995 ], [ 13.08442, 56.36039 ], [ 13.08474, 56.3611 ], [ 13.08318, 56.36195 ], [ 13.05074, 56.36623 ], [ 13.04852, 56.36879 ], [ 13.05454, 56.37237 ], [ 13.05417, 56.37362 ], [ 13.05104, 56.37449 ], [ 13.04785, 56.37408 ], [ 13.04472, 56.37943 ], [ 13.04597, 56.3807 ], [ 13.04069, 56.38266 ], [ 13.03135, 56.37641 ], [ 13.02074, 56.37759 ], [ 13.01988, 56.34181 ], [ 12.98135, 56.33625 ], [ 12.98178, 56.33292 ], [ 12.97743, 56.33108 ], [ 12.97471, 56.33201 ], [ 12.97147, 56.33154 ], [ 12.96478, 56.334 ], [ 12.96142, 56.33241 ], [ 12.95625, 56.30678 ], [ 12.93254, 56.29861 ], [ 12.93346, 56.29155 ], [ 12.93507, 56.29039 ], [ 12.96118, 56.29134 ], [ 12.96195, 56.27681 ], [ 12.96575, 56.27625 ], [ 12.96681, 56.27352 ], [ 12.9714, 56.27279 ], [ 12.98963, 56.28053 ], [ 12.9913, 56.27982 ], [ 12.99358, 56.28025 ], [ 12.99354, 56.27951 ], [ 12.99013, 56.27867 ], [ 12.99043, 56.27403 ], [ 12.99827, 56.27135 ], [ 12.99591, 56.27052 ], [ 12.99683, 56.27009 ], [ 12.99353, 56.26594 ], [ 12.9964, 56.26039 ], [ 13.00313, 56.25689 ], [ 12.99967, 56.25076 ], [ 13.00458, 56.25125 ], [ 13.00398, 56.24417 ], [ 13.01341, 56.23681 ], [ 13.00971, 56.23488 ], [ 12.98837, 56.22739 ], [ 12.98173, 56.22684 ], [ 12.96238, 56.227 ], [ 12.96309, 56.23225 ], [ 12.96177, 56.23347 ], [ 12.95581, 56.23529 ], [ 12.94747, 56.23575 ], [ 12.94483, 56.23773 ], [ 12.94654, 56.24047 ], [ 12.9432, 56.24189 ], [ 12.94089, 56.24203 ], [ 12.93863, 56.2409 ], [ 12.93051, 56.24221 ], [ 12.92615, 56.23855 ], [ 12.91545, 56.23505 ], [ 12.90854, 56.23636 ], [ 12.90675, 56.23842 ], [ 12.90177, 56.23735 ], [ 12.90137, 56.23536 ], [ 12.8995, 56.23443 ], [ 12.89842, 56.22294 ], [ 12.89236, 56.21661 ], [ 12.898, 56.21025 ], [ 12.88545, 56.20106 ], [ 12.87964, 56.19844 ], [ 12.87357, 56.20129 ], [ 12.86447, 56.20026 ], [ 12.85617, 56.2063 ], [ 12.84868, 56.20783 ], [ 12.84461, 56.19759 ], [ 12.83678, 56.19739 ], [ 12.83158, 56.19021 ], [ 12.8318, 56.18537 ], [ 12.82839, 56.18599 ], [ 12.82699, 56.18219 ], [ 12.82256, 56.17908 ], [ 12.81174, 56.17635 ], [ 12.80911, 56.17234 ], [ 12.80344, 56.173 ], [ 12.79766, 56.1696 ], [ 12.79233, 56.16771 ], [ 12.79254, 56.16663 ], [ 12.7972, 56.16382 ], [ 12.79805, 56.16168 ], [ 12.80075, 56.16118 ], [ 12.80456, 56.15772 ], [ 12.805, 56.15539 ], [ 12.80303, 56.15071 ], [ 12.82212, 56.14229 ], [ 12.83335, 56.15255 ], [ 12.85687, 56.1534 ], [ 12.8597, 56.15881 ], [ 12.89354, 56.15807 ], [ 12.90052, 56.15513 ], [ 12.93391, 56.15301 ], [ 12.94791, 56.15741 ], [ 12.94125, 56.16347 ], [ 12.95563, 56.17231 ], [ 12.96264, 56.17388 ], [ 12.96285, 56.17848 ], [ 12.98227, 56.17869 ], [ 12.99329, 56.17973 ], [ 13.01248, 56.18734 ], [ 13.01541, 56.18957 ], [ 13.0143, 56.19161 ], [ 13.01158, 56.19036 ], [ 13.00817, 56.19269 ], [ 13.00602, 56.19284 ], [ 13.00572, 56.1969 ], [ 12.99796, 56.198 ], [ 12.99479, 56.19676 ], [ 12.98769, 56.19674 ], [ 12.98368, 56.1976 ], [ 12.98146, 56.1992 ], [ 12.98432, 56.20299 ], [ 12.98415, 56.20473 ], [ 12.98699, 56.20772 ], [ 12.98912, 56.20747 ], [ 12.99162, 56.20864 ], [ 12.99314, 56.21074 ], [ 12.99768, 56.21113 ], [ 13.0029, 56.20797 ], [ 13.00483, 56.20772 ], [ 13.00711, 56.20919 ], [ 13.00684, 56.21 ], [ 13.0093, 56.21004 ], [ 13.01038, 56.20818 ], [ 13.01357, 56.20756 ], [ 13.01465, 56.20621 ], [ 13.01547, 56.20677 ], [ 13.01591, 56.20574 ], [ 13.01874, 56.20607 ], [ 13.01709, 56.20786 ], [ 13.01892, 56.20746 ], [ 13.01789, 56.2095 ], [ 13.02059, 56.21008 ], [ 13.02788, 56.20784 ], [ 13.03309, 56.20757 ], [ 13.03276, 56.21196 ], [ 13.03647, 56.21111 ], [ 13.03827, 56.21239 ], [ 13.03913, 56.21172 ], [ 13.04003, 56.21232 ], [ 13.04301, 56.21214 ], [ 13.08453, 56.22172 ], [ 13.10242, 56.231 ], [ 13.11915, 56.23055 ], [ 13.12667, 56.22599 ], [ 13.13345, 56.22633 ], [ 13.14527, 56.22288 ], [ 13.1501, 56.22071 ], [ 13.16189, 56.21292 ], [ 13.16085, 56.20991 ], [ 13.15863, 56.209 ], [ 13.15986, 56.20849 ], [ 13.16433, 56.20904 ], [ 13.16783, 56.20805 ], [ 13.17316, 56.20871 ], [ 13.17726, 56.21085 ], [ 13.2331, 56.21789 ], [ 13.25753, 56.21495 ], [ 13.27184, 56.21548 ], [ 13.27838, 56.19556 ], [ 13.26513, 56.18354 ], [ 13.19369, 56.15222 ], [ 13.20617, 56.13986 ], [ 13.21766, 56.14021 ], [ 13.21891, 56.13909 ], [ 13.22083, 56.13924 ], [ 13.22797, 56.12986 ], [ 13.26135, 56.13078 ], [ 13.27292, 56.12814 ], [ 13.29841, 56.10908 ], [ 13.32394, 56.08472 ], [ 13.34227, 56.08342 ], [ 13.3442, 56.08632 ], [ 13.35749, 56.08397 ], [ 13.35662, 56.08219 ], [ 13.39775, 56.07744 ], [ 13.43577, 56.08699 ], [ 13.48005, 56.10123 ], [ 13.49704, 56.10766 ], [ 13.48449, 56.11622 ], [ 13.44422, 56.11725 ], [ 13.43928, 56.1193 ], [ 13.4406, 56.12059 ], [ 13.44299, 56.12117 ], [ 13.44375, 56.12318 ], [ 13.44607, 56.12479 ], [ 13.44662, 56.1277 ], [ 13.44567, 56.12859 ], [ 13.44784, 56.13048 ], [ 13.44933, 56.13049 ], [ 13.44817, 56.13211 ], [ 13.45712, 56.1333 ], [ 13.45681, 56.13648 ], [ 13.4615, 56.13748 ], [ 13.46145, 56.14061 ], [ 13.46845, 56.14229 ], [ 13.46865, 56.14537 ], [ 13.46272, 56.14552 ], [ 13.46062, 56.16964 ], [ 13.47261, 56.19743 ], [ 13.45807, 56.20013 ], [ 13.46657, 56.21049 ], [ 13.44999, 56.22151 ], [ 13.4503, 56.22842 ], [ 13.44872, 56.23014 ], [ 13.4529, 56.23272 ], [ 13.44751, 56.23452 ], [ 13.44325, 56.23894 ], [ 13.43965, 56.23948 ], [ 13.43304, 56.24544 ], [ 13.44557, 56.26107 ], [ 13.44553, 56.26579 ], [ 13.43391, 56.27158 ], [ 13.43207, 56.2777 ], [ 13.44704, 56.28126 ], [ 13.44832, 56.28698 ], [ 13.47103, 56.28509 ], [ 13.48043, 56.31334 ], [ 13.51237, 56.31236 ], [ 13.5059, 56.33097 ], [ 13.49619, 56.34647 ], [ 13.49839, 56.36091 ], [ 13.52481, 56.37707 ], [ 13.5366, 56.38095 ], [ 13.55069, 56.38121 ], [ 13.54724, 56.40418 ], [ 13.54099, 56.40402 ], [ 13.53122, 56.40674 ], [ 13.52874, 56.40952 ], [ 13.52164, 56.41174 ], [ 13.51234, 56.4115 ], [ 13.51114, 56.40958 ], [ 13.5067, 56.40843 ], [ 13.50357, 56.41303 ] ] ] } },
{ "type": "Feature", "properties": { "koncession": "380UCö", "natforetag": "E.ON Energidistribution AB", "natforetag_kort": "E.ON Energidistribution", "redovisningsenhet": "REL03028", "spanning_kv": 20.0, "yta_km2": 1037.4, "km2_i_halland": 0.0, "i_halland": false }, "geometry": { "type": "Polygon", "coordinates": [ [ [ 14.11924, 57.07562 ], [ 14.14242, 57.07612 ], [ 14.1201, 57.09969 ], [ 14.10669, 57.11152 ], [ 14.08104, 57.13083 ], [ 14.06664, 57.15524 ], [ 14.05829, 57.16646 ], [ 14.05699, 57.16651 ], [ 14.02261, 57.1123 ], [ 14.0355, 57.0944 ], [ 14.03456, 57.06002 ], [ 14.10651, 57.04607 ], [ 14.11941, 57.06224 ], [ 14.11924, 57.07562 ] ] ] } },
{ "type": "Feature", "properties": { "koncession": "403CDZ", "natforetag": "Vattenfall Eldistribution AB", "natforetag_kort": "Vattenfall Eldistribution", "redovisningsenhet": "REL03030", "spanning_kv": 20.0, "yta_km2": 101.2, "km2_i_halland": 0.0, "i_halland": false }, "geometry": { "type": "Polygon", "coordinates": [ [ [ 13.2658, 57.45057 ], [ 13.28259, 57.45438 ], [ 13.26072, 57.46544 ], [ 13.22226, 57.482 ], [ 13.22036, 57.48069 ], [ 13.22131, 57.47629 ], [ 13.21864, 57.47123 ], [ 13.20804, 57.47175 ], [ 13.20417, 57.46746 ], [ 13.19163, 57.46234 ], [ 13.21076, 57.45768 ], [ 13.2277, 57.45846 ], [ 13.22925, 57.46249 ], [ 13.23241, 57.46286 ], [ 13.2349, 57.46025 ], [ 13.24496, 57.45748 ], [ 13.24737, 57.45769 ], [ 13.24885, 57.45638 ], [ 13.25354, 57.45752 ], [ 13.2658, 57.45057 ] ] ] } },
{ "type": "Feature", "properties": { "koncession": "4112BI", "natforetag": "Brittedals Elnät ek. för.", "natforetag_kort": "Brittedals Elnät", "redovisningsenhet": "REL01012", "spanning_kv": 20.0, "yta_km2": 335.6, "km2_i_halland": 0.0, "i_halland": false }, "geometry": { "type": "Polygon", "coordinates": [ [ [ 13.8652, 56.41069 ], [ 13.85872, 56.41131 ], [ 13.85625, 56.41782 ], [ 13.8382, 56.41935 ], [ 13.83624, 56.42132 ], [ 13.82958, 56.4196 ], [ 13.83132, 56.41555 ], [ 13.79915, 56.3923 ], [ 13.81709, 56.38203 ], [ 13.82363, 56.37147 ], [ 13.82306, 56.36588 ], [ 13.82068, 56.36564 ], [ 13.8208, 56.35856 ], [ 13.81593, 56.35375 ], [ 13.80693, 56.33212 ], [ 13.80532, 56.33207 ], [ 13.80825, 56.30693 ], [ 13.80633, 56.30305 ], [ 13.78607, 56.29849 ], [ 13.78113, 56.30021 ], [ 13.74782, 56.29789 ], [ 13.74238, 56.2945 ], [ 13.73958, 56.29528 ], [ 13.73531, 56.29089 ], [ 13.73329, 56.29104 ], [ 13.7256, 56.28765 ], [ 13.72472, 56.28291 ], [ 13.72705, 56.26966 ], [ 13.7598, 56.27019 ], [ 13.76837, 56.26378 ], [ 13.75607, 56.25533 ], [ 13.75507, 56.25319 ], [ 13.75681, 56.24141 ], [ 13.74355, 56.23311 ], [ 13.72329, 56.2323 ], [ 13.7044, 56.22553 ], [ 13.69016, 56.21351 ], [ 13.68887, 56.21297 ], [ 13.68356, 56.21437 ], [ 13.67605, 56.20581 ], [ 13.67765, 56.20559 ], [ 13.67728, 56.20511 ], [ 13.70131, 56.20303 ], [ 13.70869, 56.20149 ], [ 13.71424, 56.19949 ], [ 13.71526, 56.19705 ], [ 13.74576, 56.20862 ], [ 13.76724, 56.21807 ], [ 13.81075, 56.24071 ], [ 13.85218, 56.26755 ], [ 13.88132, 56.29096 ], [ 13.90589, 56.31596 ], [ 13.9256, 56.34225 ], [ 13.93089, 56.35125 ], [ 13.93204, 56.35809 ], [ 13.9344, 56.36232 ], [ 13.93416, 56.3628 ], [ 13.93047, 56.36224 ], [ 13.92771, 56.36002 ], [ 13.92512, 56.35967 ], [ 13.9129, 56.36483 ], [ 13.9094, 56.36736 ], [ 13.90881, 56.36611 ], [ 13.90293, 56.3632 ], [ 13.89658, 56.35795 ], [ 13.89157, 56.36071 ], [ 13.89179, 56.37187 ], [ 13.89594, 56.37366 ], [ 13.89047, 56.37644 ], [ 13.88245, 56.37638 ], [ 13.88376, 56.38576 ], [ 13.89349, 56.39165 ], [ 13.89731, 56.39188 ], [ 13.89672, 56.39468 ], [ 13.89251, 56.40076 ], [ 13.90167, 56.41044 ], [ 13.87128, 56.41528 ], [ 13.8652, 56.41069 ] ] ] } },
{ "type": "Feature", "properties": { "koncession": "4311G", "natforetag": "Vattenfall Eldistribution AB", "natforetag_kort": "Vattenfall Eldistribution", "redovisningsenhet": "REL03030", "spanning_kv": 20.0, "yta_km2": 0.7, "km2_i_halland": 0.0, "i_halland": false }, "geometry": { "type": "Polygon", "coordinates": [ [ [ 12.77216, 57.55878 ], [ 12.77716, 57.55813 ], [ 12.78167, 57.55872 ], [ 12.78524, 57.55791 ], [ 12.78853, 57.55606 ], [ 12.79015, 57.5599 ], [ 12.78798, 57.56138 ], [ 12.79042, 57.56516 ], [ 12.78686, 57.56592 ], [ 12.78423, 57.56492 ], [ 12.77973, 57.5649 ], [ 12.77991, 57.56435 ], [ 12.77802, 57.56546 ], [ 12.77636, 57.56509 ], [ 12.77573, 57.5606 ], [ 12.77216, 57.55878 ] ] ] } },
{ "type": "Feature", "properties": { "koncession": "435HB", "natforetag": "Vattenfall Eldistribution AB", "natforetag_kort": "Vattenfall Eldistribution", "redovisningsenhet": "REL03030", "spanning_kv": 20.0, "yta_km2": 3628.1, "km2_i_halland": 117.6, "i_halland": true }, "geometry": { "type": "Polygon", "coordinates": [ [ [ 13.22038, 57.4807 ], [ 13.22226, 57.482 ], [ 13.19339, 57.49253 ], [ 13.17048, 57.49979 ], [ 13.10654, 57.51705 ], [ 13.0863, 57.52479 ], [ 13.04578, 57.53797 ], [ 13.02469, 57.54378 ], [ 12.98522, 57.55283 ], [ 12.95754, 57.56299 ], [ 12.91102, 57.57689 ], [ 12.83892, 57.59326 ], [ 12.83451, 57.60987 ], [ 12.82248, 57.63757 ], [ 12.81245, 57.65392 ], [ 12.80995, 57.65125 ], [ 12.80822, 57.6523 ], [ 12.80694, 57.65525 ], [ 12.81074, 57.65636 ], [ 12.8072, 57.66137 ], [ 12.79341, 57.67006 ], [ 12.79919, 57.67156 ], [ 12.78241, 57.69014 ], [ 12.77307, 57.69888 ], [ 12.76122, 57.69868 ], [ 12.74316, 57.70953 ], [ 12.75425, 57.71484 ], [ 12.72253, 57.73702 ], [ 12.68367, 57.76013 ], [ 12.62815, 57.79058 ], [ 12.58894, 57.80903 ], [ 12.54633, 57.8252 ], [ 12.52389, 57.83237 ], [ 12.47705, 57.8448 ], [ 12.43248, 57.85375 ], [ 12.4419, 57.84455 ], [ 12.43106, 57.83899 ], [ 12.42559, 57.82957 ], [ 12.41607, 57.8235 ], [ 12.41903, 57.82159 ], [ 12.4211, 57.82192 ], [ 12.42374, 57.82372 ], [ 12.44196, 57.81597 ], [ 12.4382, 57.81526 ], [ 12.4353, 57.81265 ], [ 12.4357, 57.80798 ], [ 12.43927, 57.8055 ], [ 12.43822, 57.79673 ], [ 12.43227, 57.78956 ], [ 12.44659, 57.76892 ], [ 12.43127, 57.75361 ], [ 12.45756, 57.75506 ], [ 12.47058, 57.76537 ], [ 12.47592, 57.76557 ], [ 12.47902, 57.74613 ], [ 12.48853, 57.74549 ], [ 12.48278, 57.73776 ], [ 12.48528, 57.73246 ], [ 12.5066, 57.71094 ], [ 12.50126, 57.70283 ], [ 12.51078, 57.69862 ], [ 12.50054, 57.68866 ], [ 12.43841, 57.66087 ], [ 12.41834, 57.66853 ], [ 12.41058, 57.66709 ], [ 12.40337, 57.66672 ], [ 12.40129, 57.66584 ], [ 12.39302, 57.66012 ], [ 12.39251, 57.65849 ], [ 12.38716, 57.65803 ], [ 12.38943, 57.65701 ], [ 12.38349, 57.65306 ], [ 12.38182, 57.65089 ], [ 12.38193, 57.64869 ], [ 12.3704, 57.64259 ], [ 12.36157, 57.63556 ], [ 12.3564, 57.63375 ], [ 12.34734, 57.62808 ], [ 12.3274, 57.62961 ], [ 12.3231, 57.63521 ], [ 12.30561, 57.64187 ], [ 12.30286, 57.64421 ], [ 12.2654, 57.63848 ], [ 12.26831, 57.63474 ], [ 12.27331, 57.63597 ], [ 12.27436, 57.629 ], [ 12.26019, 57.61341 ], [ 12.27442, 57.61058 ], [ 12.27779, 57.61106 ], [ 12.2778, 57.60662 ], [ 12.29669, 57.60994 ], [ 12.30402, 57.60748 ], [ 12.32915, 57.60807 ], [ 12.33766, 57.59948 ], [ 12.33088, 57.59756 ], [ 12.32725, 57.59753 ], [ 12.32558, 57.59611 ], [ 12.31689, 57.59369 ], [ 12.33342, 57.58352 ], [ 12.33074, 57.57945 ], [ 12.32788, 57.57966 ], [ 12.32532, 57.57694 ], [ 12.3158, 57.57179 ], [ 12.31278, 57.571 ], [ 12.31159, 57.5692 ], [ 12.30794, 57.57422 ], [ 12.30096, 57.57136 ], [ 12.28359, 57.56023 ], [ 12.27822, 57.56015 ], [ 12.2851, 57.55797 ], [ 12.29244, 57.54924 ], [ 12.29547, 57.55163 ], [ 12.30633, 57.54611 ], [ 12.30883, 57.54637 ], [ 12.308, 57.54753 ], [ 12.31068, 57.54788 ], [ 12.31429, 57.54991 ], [ 12.3154, 57.55307 ], [ 12.3184, 57.55049 ], [ 12.32653, 57.55396 ], [ 12.32915, 57.55331 ], [ 12.3315, 57.55439 ], [ 12.33232, 57.55378 ], [ 12.3362, 57.55414 ], [ 12.34078, 57.55608 ], [ 12.3424, 57.55541 ], [ 12.34657, 57.55879 ], [ 12.34992, 57.55766 ], [ 12.35419, 57.55967 ], [ 12.36142, 57.5613 ], [ 12.36909, 57.5674 ], [ 12.38606, 57.56598 ], [ 12.3898, 57.56815 ], [ 12.38202, 57.5737 ], [ 12.38531, 57.57623 ], [ 12.37589, 57.58257 ], [ 12.3791, 57.58424 ], [ 12.38007, 57.58359 ], [ 12.38636, 57.58808 ], [ 12.39498, 57.59452 ], [ 12.39637, 57.59754 ], [ 12.39848, 57.5961 ], [ 12.40498, 57.59894 ], [ 12.40869, 57.59616 ], [ 12.41903, 57.59834 ], [ 12.42977, 57.60557 ], [ 12.43352, 57.60634 ], [ 12.43191, 57.6076 ], [ 12.43316, 57.60881 ], [ 12.43643, 57.60898 ], [ 12.43538, 57.6115 ], [ 12.4372, 57.61139 ], [ 12.44124, 57.60921 ], [ 12.44363, 57.61172 ], [ 12.44635, 57.61169 ], [ 12.4459, 57.60893 ], [ 12.44321, 57.60801 ], [ 12.4466, 57.60713 ], [ 12.45124, 57.60263 ], [ 12.45497, 57.60244 ], [ 12.45584, 57.59956 ], [ 12.46264, 57.60039 ], [ 12.46421, 57.59888 ], [ 12.46632, 57.59913 ], [ 12.47028, 57.59755 ], [ 12.47028, 57.59649 ], [ 12.47589, 57.59899 ], [ 12.47864, 57.5987 ], [ 12.4847, 57.6017 ], [ 12.48538, 57.60373 ], [ 12.49201, 57.60209 ], [ 12.5177, 57.6134 ], [ 12.5287, 57.62 ], [ 12.54204, 57.6185 ], [ 12.54259, 57.61198 ], [ 12.53832, 57.60891 ], [ 12.53868, 57.6007 ], [ 12.52889, 57.60096 ], [ 12.52349, 57.59122 ], [ 12.52248, 57.58762 ], [ 12.52708, 57.58291 ], [ 12.52765, 57.5809 ], [ 12.52535, 57.57923 ], [ 12.52041, 57.57782 ], [ 12.51444, 57.57775 ], [ 12.50534, 57.57538 ], [ 12.49632, 57.57534 ], [ 12.49603, 57.57238 ], [ 12.49008, 57.56763 ], [ 12.49144, 57.56657 ], [ 12.49057, 57.5653 ], [ 12.49249, 57.56504 ], [ 12.49553, 57.56635 ], [ 12.50451, 57.56768 ], [ 12.5048, 57.56626 ], [ 12.50618, 57.56554 ], [ 12.50833, 57.56578 ], [ 12.50989, 57.5638 ], [ 12.49717, 57.55396 ], [ 12.49874, 57.55398 ], [ 12.50068, 57.55197 ], [ 12.48895, 57.54882 ], [ 12.49237, 57.54541 ], [ 12.50866, 57.53909 ], [ 12.49239, 57.53408 ], [ 12.49855, 57.52874 ], [ 12.49029, 57.52064 ], [ 12.48701, 57.51944 ], [ 12.4788, 57.51927 ], [ 12.45392, 57.50144 ], [ 12.43273, 57.49924 ], [ 12.40512, 57.50805 ], [ 12.39791, 57.50426 ], [ 12.38866, 57.49438 ], [ 12.37509, 57.48585 ], [ 12.33407, 57.47483 ], [ 12.32258, 57.46247 ], [ 12.3228, 57.46076 ], [ 12.32542, 57.4604 ], [ 12.33096, 57.45492 ], [ 12.33474, 57.45518 ], [ 12.33766, 57.45106 ], [ 12.34553, 57.45052 ], [ 12.34967, 57.45125 ], [ 12.35663, 57.44062 ], [ 12.36506, 57.44368 ], [ 12.36731, 57.44548 ], [ 12.36435, 57.44734 ], [ 12.36511, 57.44872 ], [ 12.36761, 57.44975 ], [ 12.37162, 57.44891 ], [ 12.37785, 57.44885 ], [ 12.37718, 57.44805 ], [ 12.38025, 57.44562 ], [ 12.39252, 57.44179 ], [ 12.41946, 57.43993 ], [ 12.41589, 57.43571 ], [ 12.40677, 57.43228 ], [ 12.40536, 57.4301 ], [ 12.4068, 57.42902 ], [ 12.40818, 57.42061 ], [ 12.41184, 57.4171 ], [ 12.40953, 57.41686 ], [ 12.40942, 57.41568 ], [ 12.40675, 57.41562 ], [ 12.40515, 57.41288 ], [ 12.41201, 57.40871 ], [ 12.41235, 57.40769 ], [ 12.41596, 57.40763 ], [ 12.41614, 57.40627 ], [ 12.41745, 57.40633 ], [ 12.41944, 57.40065 ], [ 12.41756, 57.3986 ], [ 12.43366, 57.39354 ], [ 12.43864, 57.39451 ], [ 12.44139, 57.39333 ], [ 12.44547, 57.39601 ], [ 12.44876, 57.39626 ], [ 12.45853, 57.39239 ], [ 12.46059, 57.38947 ], [ 12.46689, 57.38928 ], [ 12.47182, 57.38742 ], [ 12.48138, 57.38637 ], [ 12.48508, 57.38713 ], [ 12.49039, 57.38964 ], [ 12.51262, 57.38926 ], [ 12.51889, 57.39017 ], [ 12.52212, 57.38952 ], [ 12.52483, 57.38764 ], [ 12.54294, 57.39796 ], [ 12.54533, 57.39849 ], [ 12.5588, 57.3956 ], [ 12.56189, 57.40015 ], [ 12.62419, 57.37987 ], [ 12.61314, 57.37278 ], [ 12.60955, 57.35451 ], [ 12.60521, 57.35097 ], [ 12.60549, 57.34769 ], [ 12.60447, 57.34738 ], [ 12.61981, 57.34378 ], [ 12.62313, 57.344 ], [ 12.62459, 57.3423 ], [ 12.62423, 57.33756 ], [ 12.62215, 57.33453 ], [ 12.62253, 57.33203 ], [ 12.61452, 57.31392 ], [ 12.62191, 57.30525 ], [ 12.64679, 57.30611 ], [ 12.65397, 57.29902 ], [ 12.66711, 57.29934 ], [ 12.71151, 57.26784 ], [ 12.71412, 57.25641 ], [ 12.71663, 57.25782 ], [ 12.71778, 57.25561 ], [ 12.71941, 57.25629 ], [ 12.72003, 57.25454 ], [ 12.72822, 57.2588 ], [ 12.73691, 57.24182 ], [ 12.75014, 57.23192 ], [ 12.76248, 57.2183 ], [ 12.76889, 57.21537 ], [ 12.86676, 57.21363 ], [ 12.92097, 57.22396 ], [ 12.92535, 57.22834 ], [ 12.93493, 57.22744 ], [ 12.93908, 57.23147 ], [ 12.94561, 57.23579 ], [ 12.95002, 57.23752 ], [ 12.9542, 57.24114 ], [ 12.95297, 57.2452 ], [ 12.95457, 57.25356 ], [ 12.95719, 57.25571 ], [ 12.9586, 57.25952 ], [ 12.95125, 57.28189 ], [ 12.95982, 57.28912 ], [ 12.98696, 57.29932 ], [ 12.99042, 57.33349 ], [ 13.01116, 57.34035 ], [ 13.01207, 57.35763 ], [ 13.00237, 57.36607 ], [ 13.01796, 57.372 ], [ 13.01199, 57.37695 ], [ 13.01495, 57.37932 ], [ 13.04958, 57.39418 ], [ 13.1609, 57.36359 ], [ 13.16066, 57.33697 ], [ 13.18838, 57.30645 ], [ 13.20277, 57.29718 ], [ 13.2046, 57.29757 ], [ 13.21112, 57.29515 ], [ 13.21606, 57.29561 ], [ 13.2351, 57.29506 ], [ 13.24487, 57.2884 ], [ 13.28905, 57.28965 ], [ 13.28913, 57.29355 ], [ 13.28755, 57.2955 ], [ 13.28852, 57.29716 ], [ 13.28607, 57.29972 ], [ 13.2872, 57.30168 ], [ 13.28213, 57.30745 ], [ 13.30008, 57.3117 ], [ 13.3057, 57.31194 ], [ 13.32586, 57.31601 ], [ 13.33166, 57.31665 ], [ 13.3335, 57.31643 ], [ 13.33348, 57.31576 ], [ 13.33843, 57.31761 ], [ 13.34324, 57.31839 ], [ 13.34676, 57.31808 ], [ 13.3499, 57.31913 ], [ 13.35319, 57.31853 ], [ 13.36357, 57.31868 ], [ 13.3685, 57.32069 ], [ 13.3708, 57.32297 ], [ 13.37016, 57.32399 ], [ 13.37723, 57.32788 ], [ 13.38169, 57.3349 ], [ 13.38613, 57.33706 ], [ 13.38618, 57.34024 ], [ 13.38772, 57.34104 ], [ 13.39454, 57.34183 ], [ 13.39692, 57.34027 ], [ 13.40157, 57.3406 ], [ 13.43302, 57.34904 ], [ 13.43627, 57.35273 ], [ 13.43464, 57.35606 ], [ 13.42988, 57.35767 ], [ 13.43316, 57.3618 ], [ 13.43312, 57.36645 ], [ 13.43129, 57.36814 ], [ 13.42453, 57.37036 ], [ 13.41526, 57.37619 ], [ 13.41011, 57.37763 ], [ 13.4051, 57.37757 ], [ 13.39544, 57.37191 ], [ 13.39304, 57.37179 ], [ 13.39572, 57.37039 ], [ 13.39553, 57.36788 ], [ 13.38167, 57.36773 ], [ 13.3774, 57.36833 ], [ 13.36408, 57.3705 ], [ 13.36073, 57.37275 ], [ 13.36148, 57.37732 ], [ 13.35515, 57.37897 ], [ 13.35648, 57.38043 ], [ 13.35521, 57.38332 ], [ 13.35624, 57.3862 ], [ 13.36495, 57.39692 ], [ 13.35774, 57.40133 ], [ 13.35823, 57.40239 ], [ 13.35339, 57.40649 ], [ 13.34602, 57.40626 ], [ 13.32546, 57.42565 ], [ 13.32012, 57.42721 ], [ 13.32308, 57.42972 ], [ 13.30202, 57.44335 ], [ 13.28259, 57.45438 ], [ 13.2658, 57.45057 ], [ 13.25354, 57.45752 ], [ 13.24885, 57.45638 ], [ 13.24737, 57.45769 ], [ 13.24496, 57.45748 ], [ 13.2349, 57.46025 ], [ 13.23241, 57.46286 ], [ 13.22925, 57.46249 ], [ 13.2277, 57.45846 ], [ 13.21076, 57.45768 ], [ 13.19163, 57.46234 ], [ 13.20417, 57.46746 ], [ 13.20804, 57.47175 ], [ 13.21864, 57.47123 ], [ 13.22131, 57.47629 ], [ 13.22038, 57.4807 ] ], [ [ 12.78686, 57.56592 ], [ 12.79042, 57.56516 ], [ 12.78798, 57.56138 ], [ 12.79015, 57.5599 ], [ 12.78825, 57.55602 ], [ 12.78524, 57.55791 ], [ 12.78167, 57.55872 ], [ 12.77716, 57.55813 ], [ 12.77216, 57.55878 ], [ 12.77573, 57.5606 ], [ 12.77636, 57.56509 ], [ 12.77802, 57.56546 ], [ 12.77991, 57.56435 ], [ 12.77973, 57.5649 ], [ 12.78423, 57.56492 ], [ 12.78686, 57.56592 ] ] ] } },
{ "type": "Feature", "properties": { "koncession": "436BQ", "natforetag": "Öresundskraft Elnät AB", "natforetag_kort": "Öresundskraft Elnät", "redovisningsenhet": "REL03045", "spanning_kv": 20.0, "yta_km2": 159.0, "km2_i_halland": 0.0, "i_halland": false }, "geometry": { "type": "Polygon", "coordinates": [ [ [ 12.77636, 56.16467 ], [ 12.77569, 56.17603 ], [ 12.76781, 56.17855 ], [ 12.75956, 56.17894 ], [ 12.74442, 56.16641 ], [ 12.74294, 56.16654 ], [ 12.74269, 56.16563 ], [ 12.7361, 56.1618 ], [ 12.73364, 56.15205 ], [ 12.71789, 56.15506 ], [ 12.71442, 56.14117 ], [ 12.70781, 56.13591 ], [ 12.72963, 56.12807 ], [ 12.73977, 56.12681 ], [ 12.7402, 56.12466 ], [ 12.77561, 56.11431 ], [ 12.7985, 56.10873 ], [ 12.84567, 56.09958 ], [ 12.87583, 56.09534 ], [ 12.88094, 56.10176 ], [ 12.8946, 56.09884 ], [ 12.89314, 56.09486 ], [ 12.89123, 56.09516 ], [ 12.89069, 56.0936 ], [ 12.91648, 56.09105 ], [ 12.95911, 56.0882 ], [ 12.99622, 56.07831 ], [ 13.00316, 56.0816 ], [ 13.00363, 56.08254 ], [ 13.00607, 56.08134 ], [ 13.00814, 56.08251 ], [ 13.00395, 56.09339 ], [ 12.99443, 56.10999 ], [ 12.99006, 56.10865 ], [ 12.98722, 56.11145 ], [ 12.97714, 56.11381 ], [ 12.96872, 56.11432 ], [ 12.92697, 56.11975 ], [ 12.91506, 56.12223 ], [ 12.91697, 56.12578 ], [ 12.91998, 56.12599 ], [ 12.92174, 56.13242 ], [ 12.91772, 56.13702 ], [ 12.90964, 56.13468 ], [ 12.9035, 56.13725 ], [ 12.89605, 56.13651 ], [ 12.89586, 56.1399 ], [ 12.90052, 56.15513 ], [ 12.89354, 56.15807 ], [ 12.8597, 56.15881 ], [ 12.85687, 56.1534 ], [ 12.83335, 56.15255 ], [ 12.82212, 56.14229 ], [ 12.80303, 56.15071 ], [ 12.805, 56.15539 ], [ 12.80456, 56.15772 ], [ 12.80075, 56.16118 ], [ 12.79805, 56.16168 ], [ 12.7972, 56.16382 ], [ 12.79254, 56.16663 ], [ 12.79231, 56.1676 ], [ 12.78896, 56.16878 ], [ 12.77636, 56.16467 ] ] ] } },
{ "type": "Feature", "properties": { "koncession": "446ER", "natforetag": "Göteborg Energi Nät AB", "natforetag_kort": "Göteborg Energi Nät", "redovisningsenhet": "REL00062", "spanning_kv": 20.0, "yta_km2": 470.1, "km2_i_halland": 0.0, "i_halland": false }, "geometry": { "type": "Polygon", "coordinates": [ [ [ 12.0088, 57.83414 ], [ 11.97727, 57.83437 ], [ 11.93216, 57.8329 ], [ 11.90063, 57.83273 ], [ 11.85438, 57.80275 ], [ 11.85007, 57.79866 ], [ 11.84357, 57.79569 ], [ 11.83314, 57.79381 ], [ 11.82821, 57.79189 ], [ 11.82119, 57.79048 ], [ 11.8092, 57.78952 ], [ 11.80415, 57.7875 ], [ 11.73158, 57.77127 ], [ 11.72006, 57.74797 ], [ 11.70665, 57.733 ], [ 11.69834, 57.72173 ], [ 11.69892, 57.7158 ], [ 11.69094, 57.70249 ], [ 11.69587, 57.69045 ], [ 11.69788, 57.67383 ], [ 11.7042, 57.6652 ], [ 11.7319, 57.66492 ], [ 11.75148, 57.6707 ], [ 11.76438, 57.67089 ], [ 11.78236, 57.67424 ], [ 11.7871, 57.67441 ], [ 11.80559, 57.6614 ], [ 11.82787, 57.64269 ], [ 11.85, 57.63061 ], [ 11.85546, 57.62923 ], [ 11.85603, 57.62665 ], [ 11.85454, 57.62488 ], [ 11.84974, 57.62398 ], [ 11.8474, 57.62481 ], [ 11.84029, 57.62418 ], [ 11.8344, 57.60026 ], [ 11.86527, 57.59674 ], [ 11.8806, 57.5876 ], [ 11.89269, 57.5966 ], [ 11.89659, 57.60187 ], [ 11.90924, 57.61085 ], [ 11.91566, 57.61771 ], [ 11.91017, 57.62146 ], [ 11.91153, 57.62444 ], [ 11.90874, 57.62965 ], [ 11.90969, 57.63438 ], [ 11.91282, 57.63717 ], [ 11.91932, 57.63957 ], [ 11.92522, 57.64039 ], [ 11.92866, 57.64182 ], [ 11.9347, 57.64625 ], [ 11.94284, 57.64653 ], [ 11.95034, 57.64406 ], [ 11.95143, 57.64176 ], [ 11.96068, 57.64162 ], [ 11.96045, 57.64873 ], [ 11.95604, 57.64971 ], [ 11.95396, 57.65149 ], [ 11.95393, 57.65257 ], [ 11.95626, 57.65326 ], [ 11.95645, 57.65496 ], [ 11.94922, 57.66354 ], [ 11.96022, 57.66697 ], [ 11.95936, 57.66775 ], [ 11.96924, 57.67097 ], [ 11.96597, 57.67282 ], [ 11.96866, 57.67437 ], [ 11.96742, 57.67509 ], [ 11.96958, 57.67742 ], [ 11.99825, 57.67841 ], [ 12.00011, 57.67708 ], [ 12.00512, 57.67775 ], [ 12.00472, 57.67841 ], [ 12.00873, 57.67948 ], [ 12.01042, 57.67779 ], [ 12.01673, 57.67757 ], [ 12.02247, 57.67319 ], [ 12.02315, 57.6756 ], [ 12.03664, 57.67506 ], [ 12.04192, 57.67625 ], [ 12.04908, 57.67588 ], [ 12.07606, 57.68384 ], [ 12.08879, 57.6822 ], [ 12.05589, 57.72856 ], [ 12.05451, 57.73297 ], [ 12.0544, 57.73394 ], [ 12.06894, 57.73499 ], [ 12.07679, 57.73485 ], [ 12.08081, 57.73592 ], [ 12.07879, 57.74109 ], [ 12.07986, 57.74164 ], [ 12.07954, 57.75379 ], [ 12.08012, 57.75473 ], [ 12.08277, 57.75464 ], [ 12.08286, 57.75617 ], [ 12.0782, 57.76182 ], [ 12.09667, 57.76547 ], [ 12.11399, 57.77235 ], [ 12.17399, 57.77598 ], [ 12.18292, 57.7799 ], [ 12.19448, 57.78318 ], [ 12.19539, 57.78458 ], [ 12.19841, 57.78412 ], [ 12.20385, 57.78605 ], [ 12.2027, 57.78688 ], [ 12.20396, 57.78894 ], [ 12.21116, 57.79011 ], [ 12.20946, 57.79235 ], [ 12.21065, 57.79272 ], [ 12.21266, 57.79068 ], [ 12.21505, 57.7913 ], [ 12.21672, 57.79403 ], [ 12.21953, 57.79305 ], [ 12.22351, 57.79334 ], [ 12.23129, 57.79469 ], [ 12.23322, 57.79565 ], [ 12.23585, 57.79542 ], [ 12.24174, 57.79642 ], [ 12.22393, 57.8115 ], [ 12.21367, 57.81402 ], [ 12.21043, 57.81284 ], [ 12.20452, 57.81621 ], [ 12.20582, 57.81635 ], [ 12.20605, 57.81766 ], [ 12.20508, 57.81985 ], [ 12.20028, 57.82263 ], [ 12.19879, 57.82455 ], [ 12.19373, 57.82574 ], [ 12.19215, 57.83415 ], [ 12.17028, 57.85563 ], [ 12.15875, 57.85927 ], [ 12.11892, 57.85326 ], [ 12.09431, 57.84851 ], [ 12.05115, 57.83816 ], [ 12.04381, 57.835 ], [ 12.04796, 57.82923 ], [ 12.0494, 57.82914 ], [ 12.04852, 57.82857 ], [ 12.05206, 57.82653 ], [ 12.04857, 57.82134 ], [ 12.04701, 57.82074 ], [ 12.04319, 57.82221 ], [ 12.03749, 57.82644 ], [ 12.03262, 57.82121 ], [ 12.02985, 57.82069 ], [ 12.02927, 57.81449 ], [ 12.0274, 57.81376 ], [ 12.02777, 57.81298 ], [ 12.02485, 57.81191 ], [ 12.01892, 57.81184 ], [ 12.01696, 57.81049 ], [ 12.01662, 57.80628 ], [ 12.01392, 57.80623 ], [ 12.01404, 57.81342 ], [ 12.00895, 57.8277 ], [ 12.0088, 57.83414 ] ] ] } },
{ "type": "Feature", "properties": { "koncession": "4791DB", "natforetag": "Ale El Elnät AB", "natforetag_kort": "Ale El Elnät", "redovisningsenhet": "REL03070", "spanning_kv": 22.0, "yta_km2": 236.7, "km2_i_halland": 0.0, "i_halland": false }, "geometry": { "type": "Polygon", "coordinates": [ [ [ 12.05115, 57.83816 ], [ 12.0339, 57.83325 ], [ 12.0088, 57.83414 ], [ 12.00895, 57.8277 ], [ 12.01404, 57.81342 ], [ 12.01392, 57.80623 ], [ 12.01662, 57.80628 ], [ 12.01696, 57.81049 ], [ 12.01892, 57.81184 ], [ 12.02485, 57.81191 ], [ 12.02777, 57.81298 ], [ 12.0274, 57.81376 ], [ 12.02927, 57.81449 ], [ 12.02985, 57.82069 ], [ 12.03262, 57.82121 ], [ 12.03749, 57.82644 ], [ 12.04319, 57.82221 ], [ 12.04701, 57.82074 ], [ 12.04857, 57.82134 ], [ 12.05206, 57.82653 ], [ 12.04852, 57.82857 ], [ 12.0494, 57.82914 ], [ 12.04796, 57.82923 ], [ 12.04381, 57.835 ], [ 12.05115, 57.83816 ] ] ] } },
{ "type": "Feature", "properties": { "koncession": "5076A", "natforetag": "E.ON Energidistribution AB", "natforetag_kort": "E.ON Energidistribution", "redovisningsenhet": "REL03028", "spanning_kv": 20.0, "yta_km2": 253.1, "km2_i_halland": 0.0, "i_halland": false }, "geometry": { "type": "Polygon", "coordinates": [ [ [ 13.7605, 56.58754 ], [ 13.74213, 56.59016 ], [ 13.74436, 56.59897 ], [ 13.69875, 56.60586 ], [ 13.67445, 56.60597 ], [ 13.654, 56.5846 ], [ 13.6547, 56.5777 ], [ 13.66553, 56.56365 ], [ 13.6439, 56.53292 ], [ 13.6438, 56.53106 ], [ 13.64645, 56.52922 ], [ 13.6449, 56.52613 ], [ 13.64851, 56.52378 ], [ 13.64751, 56.52208 ], [ 13.64873, 56.51866 ], [ 13.64138, 56.51296 ], [ 13.63579, 56.49549 ], [ 13.63136, 56.49458 ], [ 13.63062, 56.49684 ], [ 13.61875, 56.49942 ], [ 13.59561, 56.48955 ], [ 13.56968, 56.50427 ], [ 13.56318, 56.50314 ], [ 13.56182, 56.502 ], [ 13.5594, 56.50251 ], [ 13.53777, 56.49329 ], [ 13.51914, 56.49271 ], [ 13.51419, 56.49582 ], [ 13.49534, 56.49236 ], [ 13.49037, 56.49009 ], [ 13.49064, 56.48561 ], [ 13.45332, 56.48472 ], [ 13.44976, 56.47168 ], [ 13.44988, 56.46805 ], [ 13.46302, 56.45116 ], [ 13.46263, 56.45009 ], [ 13.46462, 56.44754 ], [ 13.46292, 56.4455 ], [ 13.46603, 56.43567 ], [ 13.5014, 56.43971 ], [ 13.5237, 56.4226 ], [ 13.52975, 56.42204 ], [ 13.54406, 56.4299 ], [ 13.59683, 56.41575 ], [ 13.60055, 56.41362 ], [ 13.60152, 56.41188 ], [ 13.62733, 56.41807 ], [ 13.63874, 56.41913 ], [ 13.64214, 56.41844 ], [ 13.64797, 56.41853 ], [ 13.64986, 56.42028 ], [ 13.65985, 56.42127 ], [ 13.66108, 56.42029 ], [ 13.68445, 56.42413 ], [ 13.69629, 56.42464 ], [ 13.69965, 56.42751 ], [ 13.73307, 56.43514 ], [ 13.76022, 56.44433 ], [ 13.77819, 56.44626 ], [ 13.76106, 56.47045 ], [ 13.76456, 56.49064 ], [ 13.81195, 56.49184 ], [ 13.8139, 56.49265 ], [ 13.8169, 56.49546 ], [ 13.81778, 56.49867 ], [ 13.81681, 56.49954 ], [ 13.82098, 56.50103 ], [ 13.82192, 56.50217 ], [ 13.82217, 56.50351 ], [ 13.82015, 56.50363 ], [ 13.81848, 56.50528 ], [ 13.82199, 56.50708 ], [ 13.82278, 56.50937 ], [ 13.82153, 56.51144 ], [ 13.81833, 56.51218 ], [ 13.81767, 56.51499 ], [ 13.82617, 56.52654 ], [ 13.81816, 56.53525 ], [ 13.78651, 56.53475 ], [ 13.78525, 56.55249 ], [ 13.81378, 56.55026 ], [ 13.80088, 56.5697 ], [ 13.80464, 56.57939 ], [ 13.77352, 56.59517 ], [ 13.7686, 56.59576 ], [ 13.7605, 56.58754 ] ] ] } },
{ "type": "Feature", "properties": { "koncession": "5255Aa", "natforetag": "Varberg Energi Elnät AB", "natforetag_kort": "Varberg Energi Elnät", "redovisningsenhet": "REL00204", "spanning_kv": 20.0, "yta_km2": 217.5, "km2_i_halland": 217.5, "i_halland": true }, "geometry": { "type": "Polygon", "coordinates": [ [ [ 12.27269, 57.13815 ], [ 12.27481, 57.13904 ], [ 12.27041, 57.14029 ], [ 12.27392, 57.14518 ], [ 12.27369, 57.15016 ], [ 12.26051, 57.14985 ], [ 12.24383, 57.14275 ], [ 12.23545, 57.13067 ], [ 12.22234, 57.12945 ], [ 12.21214, 57.13202 ], [ 12.21059, 57.14228 ], [ 12.18875, 57.14234 ], [ 12.14943, 57.12981 ], [ 12.14062, 57.12878 ], [ 12.26063, 56.98705 ], [ 12.36693, 56.98918 ], [ 12.36718, 56.98541 ], [ 12.37235, 56.98584 ], [ 12.37564, 56.98476 ], [ 12.37843, 56.98504 ], [ 12.38444, 56.98725 ], [ 12.37866, 56.9934 ], [ 12.38801, 56.99926 ], [ 12.40195, 57.00238 ], [ 12.40865, 57.00087 ], [ 12.41022, 57.0019 ], [ 12.41332, 57.01515 ], [ 12.42641, 57.01613 ], [ 12.43559, 57.01929 ], [ 12.45381, 57.01984 ], [ 12.45406, 57.02055 ], [ 12.47581, 57.0205 ], [ 12.48461, 57.03285 ], [ 12.4847, 57.03932 ], [ 12.52574, 57.04777 ], [ 12.5116, 57.07119 ], [ 12.49394, 57.07886 ], [ 12.47191, 57.08617 ], [ 12.46506, 57.08337 ], [ 12.40657, 57.09245 ], [ 12.40647, 57.0894 ], [ 12.40084, 57.08592 ], [ 12.377, 57.09295 ], [ 12.35854, 57.09292 ], [ 12.35891, 57.08892 ], [ 12.35379, 57.0872 ], [ 12.34371, 57.08583 ], [ 12.33958, 57.08081 ], [ 12.31369, 57.07883 ], [ 12.2999, 57.08011 ], [ 12.30555, 57.08941 ], [ 12.3016, 57.11026 ], [ 12.30262, 57.11265 ], [ 12.30728, 57.11426 ], [ 12.30168, 57.11853 ], [ 12.31335, 57.12352 ], [ 12.30853, 57.12703 ], [ 12.30541, 57.12595 ], [ 12.30298, 57.12831 ], [ 12.29673, 57.12808 ], [ 12.29261, 57.13095 ], [ 12.28846, 57.13084 ], [ 12.28718, 57.12961 ], [ 12.28354, 57.13037 ], [ 12.28157, 57.12996 ], [ 12.27928, 57.13183 ], [ 12.2794, 57.13308 ], [ 12.27452, 57.1345 ], [ 12.27269, 57.13815 ] ] ] } },
{ "type": "Feature", "properties": { "koncession": "5742CH", "natforetag": "Bjäre Kraft Elnät AB", "natforetag_kort": "Bjäre Kraft Elnät", "redovisningsenhet": "REL03048", "spanning_kv": 20.0, "yta_km2": 283.7, "km2_i_halland": 0.0, "i_halland": false }, "geometry": { "type": "Polygon", "coordinates": [ [ [ 12.6908, 56.47284 ], [ 12.50139, 56.48026 ], [ 12.50633, 56.42459 ], [ 12.63004, 56.38072 ], [ 12.66566, 56.37108 ], [ 12.72113, 56.35166 ], [ 12.7358, 56.32445 ], [ 12.74455, 56.30181 ], [ 12.77912, 56.29026 ], [ 12.80246, 56.28585 ], [ 12.80711, 56.288 ], [ 12.81279, 56.29231 ], [ 12.82407, 56.2952 ], [ 12.83361, 56.32219 ], [ 12.82631, 56.32214 ], [ 12.81137, 56.32494 ], [ 12.80724, 56.33387 ], [ 12.81265, 56.33383 ], [ 12.8174, 56.3382 ], [ 12.82312, 56.33555 ], [ 12.84208, 56.34239 ], [ 12.85904, 56.33616 ], [ 12.88477, 56.33583 ], [ 12.88168, 56.33842 ], [ 12.89364, 56.34562 ], [ 12.87955, 56.37708 ], [ 12.87251, 56.3794 ], [ 12.87496, 56.38388 ], [ 12.88127, 56.38774 ], [ 12.88178, 56.39339 ], [ 12.87687, 56.3993 ], [ 12.87401, 56.39985 ], [ 12.87281, 56.40344 ], [ 12.86927, 56.40688 ], [ 12.86684, 56.40631 ], [ 12.86539, 56.40848 ], [ 12.86196, 56.40799 ], [ 12.85609, 56.41086 ], [ 12.85422, 56.41097 ], [ 12.85538, 56.41244 ], [ 12.85846, 56.41374 ], [ 12.85498, 56.41538 ], [ 12.85819, 56.41457 ], [ 12.86173, 56.41705 ], [ 12.86273, 56.41676 ], [ 12.86619, 56.41882 ], [ 12.8684, 56.42206 ], [ 12.87301, 56.4243 ], [ 12.87132, 56.43097 ], [ 12.86012, 56.44096 ], [ 12.82864, 56.44425 ], [ 12.73556, 56.47563 ], [ 12.6908, 56.47284 ] ] ] } },
{ "type": "Feature", "properties": { "koncession": "6180Q", "natforetag": "Mölndal Energi Nät AB", "natforetag_kort": "Mölndal Energi Nät", "redovisningsenhet": "REL00128", "spanning_kv": 20.0, "yta_km2": 46.3, "km2_i_halland": 0.0, "i_halland": false }, "geometry": { "type": "Polygon", "coordinates": [ [ [ 12.01673, 57.67757 ], [ 12.01042, 57.67779 ], [ 12.00873, 57.67948 ], [ 12.00472, 57.67841 ], [ 12.00512, 57.67775 ], [ 12.00011, 57.67708 ], [ 11.99825, 57.67841 ], [ 11.96958, 57.67742 ], [ 11.96742, 57.67509 ], [ 11.96866, 57.67437 ], [ 11.96597, 57.67282 ], [ 11.96924, 57.67097 ], [ 11.95936, 57.66775 ], [ 11.96022, 57.66697 ], [ 11.94922, 57.66354 ], [ 11.95645, 57.65496 ], [ 11.95626, 57.65326 ], [ 11.95393, 57.65257 ], [ 11.95396, 57.65149 ], [ 11.95604, 57.64971 ], [ 11.96045, 57.64873 ], [ 11.96068, 57.64162 ], [ 11.9624, 57.64168 ], [ 11.96341, 57.63782 ], [ 11.96132, 57.63735 ], [ 11.9631, 57.63443 ], [ 11.97599, 57.6223 ], [ 11.98926, 57.60605 ], [ 11.9919, 57.60625 ], [ 11.99186, 57.60362 ], [ 12.00174, 57.59946 ], [ 12.01403, 57.61611 ], [ 12.04271, 57.61889 ], [ 12.0599, 57.62372 ], [ 12.06474, 57.62407 ], [ 12.06068, 57.62676 ], [ 12.07846, 57.62738 ], [ 12.08233, 57.63246 ], [ 12.08009, 57.63331 ], [ 12.08257, 57.63483 ], [ 12.07486, 57.63635 ], [ 12.08001, 57.64586 ], [ 12.08217, 57.6457 ], [ 12.08418, 57.64775 ], [ 12.08867, 57.6475 ], [ 12.09291, 57.64864 ], [ 12.09324, 57.65139 ], [ 12.08999, 57.65529 ], [ 12.08826, 57.65501 ], [ 12.08332, 57.65602 ], [ 12.08155, 57.655 ], [ 12.07978, 57.65536 ], [ 12.08214, 57.65755 ], [ 12.08223, 57.65902 ], [ 12.07733, 57.65971 ], [ 12.07251, 57.66341 ], [ 12.07028, 57.67152 ], [ 12.05688, 57.67818 ], [ 12.04908, 57.67588 ], [ 12.04192, 57.67625 ], [ 12.03664, 57.67506 ], [ 12.02315, 57.6756 ], [ 12.02247, 57.67319 ], [ 12.01673, 57.67757 ] ] ] } },
{ "type": "Feature", "properties": { "koncession": "6252x", "natforetag": "Höganäs Energi Elnät AB", "natforetag_kort": "Höganäs Energi Elnät", "redovisningsenhet": "REL00080", "spanning_kv": 20.0, "yta_km2": 236.9, "km2_i_halland": 0.0, "i_halland": false }, "geometry": { "type": "Polygon", "coordinates": [ [ [ 12.76552, 56.21533 ], [ 12.77162, 56.22997 ], [ 12.53492, 56.30015 ], [ 12.44377, 56.30885 ], [ 12.43649, 56.30455 ], [ 12.45131, 56.28612 ], [ 12.48886, 56.28579 ], [ 12.50134, 56.26687 ], [ 12.52287, 56.24172 ], [ 12.54891, 56.21795 ], [ 12.57919, 56.19579 ], [ 12.61337, 56.17548 ], [ 12.63181, 56.16609 ], [ 12.65109, 56.15724 ], [ 12.69192, 56.14127 ], [ 12.71099, 56.14166 ], [ 12.71373, 56.14063 ], [ 12.71789, 56.15506 ], [ 12.73364, 56.15205 ], [ 12.7361, 56.1618 ], [ 12.74269, 56.16563 ], [ 12.74294, 56.16654 ], [ 12.74442, 56.16641 ], [ 12.75956, 56.17894 ], [ 12.76781, 56.17855 ], [ 12.77569, 56.17603 ], [ 12.77636, 56.16467 ], [ 12.78896, 56.16878 ], [ 12.79231, 56.1676 ], [ 12.80344, 56.173 ], [ 12.8081, 56.17228 ], [ 12.81035, 56.17304 ], [ 12.81043, 56.17519 ], [ 12.77376, 56.18403 ], [ 12.77344, 56.1857 ], [ 12.77487, 56.18575 ], [ 12.7751, 56.18717 ], [ 12.7737, 56.18817 ], [ 12.74921, 56.19539 ], [ 12.74718, 56.20428 ], [ 12.7433, 56.20951 ], [ 12.75242, 56.20923 ], [ 12.75566, 56.21399 ], [ 12.75919, 56.21626 ], [ 12.76552, 56.21533 ] ] ] } },
{ "type": "Feature", "properties": { "koncession": "6256AE", "natforetag": "Värnamo Elnät AB", "natforetag_kort": "Värnamo Elnät", "redovisningsenhet": "REL00235", "spanning_kv": 10.0, "yta_km2": 235.2, "km2_i_halland": 0.0, "i_halland": false }, "geometry": { "type": "Polygon", "coordinates": [ [ [ 14.05699, 57.16651 ], [ 14.05829, 57.16646 ], [ 14.047, 57.17985 ], [ 14.02292, 57.20327 ], [ 14.00478, 57.21797 ], [ 13.97169, 57.24097 ], [ 13.95705, 57.24959 ], [ 13.93964, 57.24277 ], [ 13.93545, 57.2408 ], [ 13.93585, 57.22923 ], [ 13.97854, 57.21252 ], [ 13.9832, 57.20684 ], [ 13.97503, 57.19594 ], [ 13.97633, 57.19134 ], [ 13.97492, 57.19123 ], [ 13.97462, 57.18969 ], [ 13.97256, 57.18961 ], [ 13.97601, 57.18543 ], [ 13.97387, 57.18484 ], [ 13.9639, 57.18513 ], [ 13.96131, 57.18023 ], [ 13.96217, 57.17001 ], [ 13.98161, 57.16508 ], [ 13.98407, 57.14863 ], [ 13.99237, 57.11207 ], [ 14.02261, 57.1123 ], [ 14.05699, 57.16651 ] ] ] } },
{ "type": "Feature", "properties": { "koncession": "644t", "natforetag": "Kraftringen Nät AB", "natforetag_kort": "Kraftringen Nät", "redovisningsenhet": "REL00886", "spanning_kv": 24.0, "yta_km2": 40.1, "km2_i_halland": 0.0, "i_halland": false }, "geometry": { "type": "MultiPolygon", "coordinates": [ [ [ [ 13.04087, 56.14244 ], [ 13.03114, 56.13769 ], [ 13.03072, 56.13459 ], [ 13.02756, 56.13426 ], [ 13.03935, 56.13162 ], [ 13.03997, 56.13253 ], [ 13.05966, 56.12842 ], [ 13.06537, 56.13321 ], [ 13.06492, 56.1358 ], [ 13.06211, 56.13783 ], [ 13.05832, 56.13759 ], [ 13.05925, 56.14106 ], [ 13.04087, 56.14244 ] ] ], [ [ [ 13.01248, 56.18734 ], [ 12.99329, 56.17973 ], [ 12.98227, 56.17869 ], [ 12.96285, 56.17848 ], [ 12.96264, 56.17388 ], [ 12.95563, 56.17231 ], [ 12.94125, 56.16347 ], [ 12.94791, 56.15741 ], [ 12.93391, 56.15301 ], [ 12.90052, 56.15513 ], [ 12.89586, 56.1399 ], [ 12.89605, 56.13651 ], [ 12.9035, 56.13725 ], [ 12.90964, 56.13468 ], [ 12.91772, 56.13702 ], [ 12.92174, 56.13242 ], [ 12.91998, 56.12599 ], [ 12.91697, 56.12578 ], [ 12.91506, 56.12223 ], [ 12.92697, 56.11975 ], [ 12.96872, 56.11432 ], [ 12.97714, 56.11381 ], [ 12.98346, 56.11225 ], [ 13.00093, 56.12307 ], [ 13.0037, 56.1269 ], [ 12.99812, 56.14788 ], [ 13.01963, 56.15839 ], [ 13.02429, 56.15874 ], [ 13.03324, 56.1671 ], [ 13.03288, 56.1717 ], [ 13.0188, 56.18018 ], [ 13.01756, 56.1815 ], [ 13.0178, 56.18552 ], [ 13.01248, 56.18734 ] ] ] ] } },
{ "type": "Feature", "properties": { "koncession": "7001CC", "natforetag": "Varbergsortens Elnät AB", "natforetag_kort": "Varbergsortens Elnät", "redovisningsenhet": "REL03069", "spanning_kv": 20.0, "yta_km2": 767.0, "km2_i_halland": 641.2, "i_halland": true }, "geometry": { "type": "Polygon", "coordinates": [ [ [ 12.43366, 57.39354 ], [ 12.41756, 57.3986 ], [ 12.41105, 57.39775 ], [ 12.40857, 57.39609 ], [ 12.40925, 57.39335 ], [ 12.39608, 57.38122 ], [ 12.39105, 57.36066 ], [ 12.38698, 57.35153 ], [ 12.36609, 57.34156 ], [ 12.34883, 57.34221 ], [ 12.3332, 57.33633 ], [ 12.32257, 57.33872 ], [ 12.31653, 57.33744 ], [ 12.31745, 57.33392 ], [ 12.30804, 57.32844 ], [ 12.31161, 57.32376 ], [ 12.30891, 57.32285 ], [ 12.30803, 57.32361 ], [ 12.30798, 57.32234 ], [ 12.30586, 57.32248 ], [ 12.30306, 57.32144 ], [ 12.29829, 57.31448 ], [ 12.29749, 57.30894 ], [ 12.29858, 57.30724 ], [ 12.30197, 57.30606 ], [ 12.29029, 57.30302 ], [ 12.28825, 57.29709 ], [ 12.28533, 57.29381 ], [ 12.281, 57.29385 ], [ 12.25604, 57.26497 ], [ 12.2637, 57.26065 ], [ 12.26173, 57.25428 ], [ 12.24886, 57.25696 ], [ 12.23486, 57.24138 ], [ 12.23085, 57.24244 ], [ 12.21712, 57.23961 ], [ 12.21482, 57.23252 ], [ 12.21405, 57.23207 ], [ 12.21064, 57.23271 ], [ 12.21089, 57.23076 ], [ 12.21258, 57.23032 ], [ 12.21382, 57.22811 ], [ 12.20939, 57.22696 ], [ 12.20418, 57.22419 ], [ 12.20334, 57.21825 ], [ 12.1864, 57.20882 ], [ 12.13721, 57.20385 ], [ 12.13481, 57.17781 ], [ 12.10135, 57.15182 ], [ 12.13623, 57.12827 ], [ 12.14943, 57.12981 ], [ 12.18875, 57.14234 ], [ 12.21059, 57.14228 ], [ 12.21214, 57.13202 ], [ 12.22234, 57.12945 ], [ 12.23545, 57.13067 ], [ 12.24383, 57.14275 ], [ 12.26051, 57.14985 ], [ 12.27369, 57.15016 ], [ 12.27392, 57.14518 ], [ 12.27041, 57.14029 ], [ 12.27481, 57.13904 ], [ 12.27269, 57.13815 ], [ 12.2735, 57.13643 ], [ 12.27505, 57.13639 ], [ 12.27405, 57.13518 ], [ 12.27501, 57.13416 ], [ 12.2794, 57.13308 ], [ 12.27928, 57.13183 ], [ 12.28157, 57.12996 ], [ 12.28354, 57.13037 ], [ 12.28718, 57.12961 ], [ 12.28846, 57.13084 ], [ 12.29261, 57.13095 ], [ 12.29673, 57.12808 ], [ 12.30298, 57.12831 ], [ 12.30541, 57.12595 ], [ 12.30853, 57.12703 ], [ 12.31334, 57.12351 ], [ 12.30168, 57.11853 ], [ 12.30723, 57.11429 ], [ 12.30262, 57.11265 ], [ 12.3016, 57.11026 ], [ 12.30555, 57.08941 ], [ 12.2999, 57.08011 ], [ 12.31369, 57.07883 ], [ 12.33958, 57.08081 ], [ 12.34371, 57.08583 ], [ 12.35379, 57.0872 ], [ 12.35891, 57.08892 ], [ 12.35854, 57.09292 ], [ 12.377, 57.09295 ], [ 12.40084, 57.08592 ], [ 12.40647, 57.0894 ], [ 12.40657, 57.09245 ], [ 12.46506, 57.08337 ], [ 12.47191, 57.08617 ], [ 12.49394, 57.07886 ], [ 12.50576, 57.08816 ], [ 12.51554, 57.09405 ], [ 12.52482, 57.09737 ], [ 12.52619, 57.09697 ], [ 12.52791, 57.09828 ], [ 12.52709, 57.09858 ], [ 12.54095, 57.11681 ], [ 12.55304, 57.11903 ], [ 12.56596, 57.11545 ], [ 12.57103, 57.11174 ], [ 12.57235, 57.10876 ], [ 12.59209, 57.10898 ], [ 12.6144, 57.12522 ], [ 12.61391, 57.13077 ], [ 12.61611, 57.1329 ], [ 12.62954, 57.13682 ], [ 12.63955, 57.14552 ], [ 12.63965, 57.15775 ], [ 12.61693, 57.16424 ], [ 12.61212, 57.18406 ], [ 12.61843, 57.20027 ], [ 12.62367, 57.20509 ], [ 12.62344, 57.20952 ], [ 12.62762, 57.21244 ], [ 12.63379, 57.21427 ], [ 12.63347, 57.21756 ], [ 12.63805, 57.22007 ], [ 12.64149, 57.22346 ], [ 12.64124, 57.22562 ], [ 12.66224, 57.23391 ], [ 12.66704, 57.23344 ], [ 12.66933, 57.22976 ], [ 12.67313, 57.22859 ], [ 12.70958, 57.22477 ], [ 12.7063, 57.22816 ], [ 12.70682, 57.22936 ], [ 12.71355, 57.23254 ], [ 12.71261, 57.23747 ], [ 12.71396, 57.24156 ], [ 12.70686, 57.2462 ], [ 12.71504, 57.25057 ], [ 12.71151, 57.26784 ], [ 12.66711, 57.29934 ], [ 12.65397, 57.29902 ], [ 12.64679, 57.30611 ], [ 12.62191, 57.30525 ], [ 12.61452, 57.31392 ], [ 12.62253, 57.33203 ], [ 12.62215, 57.33453 ], [ 12.62423, 57.33756 ], [ 12.62459, 57.3423 ], [ 12.62313, 57.344 ], [ 12.61981, 57.34378 ], [ 12.60447, 57.34738 ], [ 12.60549, 57.34769 ], [ 12.60521, 57.35097 ], [ 12.60955, 57.35451 ], [ 12.61314, 57.37278 ], [ 12.62419, 57.37987 ], [ 12.56189, 57.40015 ], [ 12.5588, 57.3956 ], [ 12.54533, 57.39849 ], [ 12.54294, 57.39796 ], [ 12.52483, 57.38764 ], [ 12.52212, 57.38952 ], [ 12.51889, 57.39017 ], [ 12.51262, 57.38926 ], [ 12.49039, 57.38964 ], [ 12.48508, 57.38713 ], [ 12.48138, 57.38637 ], [ 12.47182, 57.38742 ], [ 12.46689, 57.38928 ], [ 12.46059, 57.38947 ], [ 12.45853, 57.39239 ], [ 12.44876, 57.39626 ], [ 12.44547, 57.39601 ], [ 12.44139, 57.39333 ], [ 12.43864, 57.39451 ], [ 12.43366, 57.39354 ] ] ] } },
{ "type": "Feature", "properties": { "koncession": "7012AQ", "natforetag": "E.ON Energidistribution AB", "natforetag_kort": "E.ON Energidistribution", "redovisningsenhet": "REL03028", "spanning_kv": 20.0, "yta_km2": 1936.0, "km2_i_halland": 229.8, "i_halland": true }, "geometry": { "type": "MultiPolygon", "coordinates": [ [ [ [ 13.95705, 57.24959 ], [ 13.93967, 57.25898 ], [ 13.93964, 57.24277 ], [ 13.95705, 57.24959 ] ] ], [ [ [ 13.91175, 57.26916 ], [ 13.9246, 57.2664 ], [ 13.90876, 57.27364 ], [ 13.91175, 57.26916 ] ] ], [ [ [ 13.87134, 57.27262 ], [ 13.88793, 57.28223 ], [ 13.8637, 57.29109 ], [ 13.8337, 57.30805 ], [ 13.81453, 57.31752 ], [ 13.77356, 57.33478 ], [ 13.72762, 57.35021 ], [ 13.67937, 57.36276 ], [ 13.62888, 57.37242 ], [ 13.59404, 57.37713 ], [ 13.58783, 57.3435 ], [ 13.59208, 57.31569 ], [ 13.58937, 57.31474 ], [ 13.5879, 57.31058 ], [ 13.58931, 57.30594 ], [ 13.59342, 57.30591 ], [ 13.59258, 57.30156 ], [ 13.59393, 57.29927 ], [ 13.59878, 57.29586 ], [ 13.60098, 57.29075 ], [ 13.59968, 57.28829 ], [ 13.60433, 57.28496 ], [ 13.60258, 57.28348 ], [ 13.58907, 57.28422 ], [ 13.58965, 57.28073 ], [ 13.57758, 57.28041 ], [ 13.57752, 57.27639 ], [ 13.57517, 57.27625 ], [ 13.57494, 57.2626 ], [ 13.55338, 57.26619 ], [ 13.50919, 57.26666 ], [ 13.50134, 57.27182 ], [ 13.50589, 57.27824 ], [ 13.50633, 57.28371 ], [ 13.50864, 57.28523 ], [ 13.50868, 57.29172 ], [ 13.50796, 57.29271 ], [ 13.50477, 57.29304 ], [ 13.5046, 57.2949 ], [ 13.5016, 57.29744 ], [ 13.49544, 57.3003 ], [ 13.48727, 57.30249 ], [ 13.48682, 57.30717 ], [ 13.48972, 57.31158 ], [ 13.46764, 57.31292 ], [ 13.44875, 57.31841 ], [ 13.43968, 57.31823 ], [ 13.4298, 57.31648 ], [ 13.41285, 57.30818 ], [ 13.40764, 57.31092 ], [ 13.41185, 57.31203 ], [ 13.41567, 57.31438 ], [ 13.40596, 57.31844 ], [ 13.39022, 57.31864 ], [ 13.38312, 57.3168 ], [ 13.36878, 57.32155 ], [ 13.3685, 57.32069 ], [ 13.36357, 57.31868 ], [ 13.35319, 57.31853 ], [ 13.3499, 57.31913 ], [ 13.34676, 57.31808 ], [ 13.34324, 57.31839 ], [ 13.33843, 57.31761 ], [ 13.33348, 57.31576 ], [ 13.3335, 57.31643 ], [ 13.33166, 57.31665 ], [ 13.32586, 57.31601 ], [ 13.3057, 57.31194 ], [ 13.30008, 57.3117 ], [ 13.28213, 57.30745 ], [ 13.2872, 57.30168 ], [ 13.28607, 57.29972 ], [ 13.28852, 57.29716 ], [ 13.28755, 57.2955 ], [ 13.28913, 57.29355 ], [ 13.28905, 57.28965 ], [ 13.24704, 57.28846 ], [ 13.24709, 57.26403 ], [ 13.24259, 57.26221 ], [ 13.23958, 57.25925 ], [ 13.23314, 57.25974 ], [ 13.22871, 57.25931 ], [ 13.22714, 57.25688 ], [ 13.22383, 57.25497 ], [ 13.21087, 57.25061 ], [ 13.19928, 57.25037 ], [ 13.19541, 57.24307 ], [ 13.18796, 57.23656 ], [ 13.18933, 57.23533 ], [ 13.1899, 57.22963 ], [ 13.19409, 57.22743 ], [ 13.17515, 57.21117 ], [ 13.17637, 57.20898 ], [ 13.16964, 57.20324 ], [ 13.16905, 57.20087 ], [ 13.16593, 57.19951 ], [ 13.16466, 57.19574 ], [ 13.16558, 57.19398 ], [ 13.15855, 57.19039 ], [ 13.15158, 57.17804 ], [ 13.13826, 57.17345 ], [ 13.13816, 57.17093 ], [ 13.13652, 57.16897 ], [ 13.13837, 57.16762 ], [ 13.13073, 57.16412 ], [ 13.12543, 57.1573 ], [ 13.11998, 57.15479 ], [ 13.11697, 57.14939 ], [ 13.11142, 57.14672 ], [ 13.10021, 57.14553 ], [ 13.08082, 57.13251 ], [ 13.08042, 57.12862 ], [ 13.07714, 57.1276 ], [ 13.0806, 57.12517 ], [ 13.08444, 57.11247 ], [ 13.08788, 57.11074 ], [ 13.08825, 57.10674 ], [ 13.08985, 57.10566 ], [ 13.07904, 57.09889 ], [ 13.08492, 57.09346 ], [ 13.08954, 57.08619 ], [ 13.08501, 57.08532 ], [ 13.08127, 57.08358 ], [ 13.08471, 57.0804 ], [ 13.10425, 57.07856 ], [ 13.11208, 57.07276 ], [ 13.11647, 57.06308 ], [ 13.10973, 57.05636 ], [ 13.10841, 57.0438 ], [ 13.11718, 57.03795 ], [ 13.12122, 57.03645 ], [ 13.12145, 57.03526 ], [ 13.11784, 57.03306 ], [ 13.12186, 57.02753 ], [ 13.12121, 57.02518 ], [ 13.13321, 57.02709 ], [ 13.13366, 57.03176 ], [ 13.13664, 57.03455 ], [ 13.145, 57.03768 ], [ 13.14778, 57.03637 ], [ 13.15657, 57.03743 ], [ 13.16362, 57.04099 ], [ 13.16586, 57.04118 ], [ 13.17785, 57.04764 ], [ 13.20751, 57.04119 ], [ 13.2849, 57.03559 ], [ 13.28521, 57.03109 ], [ 13.34446, 57.03216 ], [ 13.34007, 57.00749 ], [ 13.3324, 57.00208 ], [ 13.33087, 56.99914 ], [ 13.33643, 56.99703 ], [ 13.33813, 56.9945 ], [ 13.33595, 56.98983 ], [ 13.33638, 56.98683 ], [ 13.33259, 56.98513 ], [ 13.33285, 56.98014 ], [ 13.33127, 56.97955 ], [ 13.33285, 56.97487 ], [ 13.32996, 56.97139 ], [ 13.34232, 56.96997 ], [ 13.3728, 56.96967 ], [ 13.37762, 56.97674 ], [ 13.38747, 56.97854 ], [ 13.41225, 56.98782 ], [ 13.4229, 56.98803 ], [ 13.48162, 57.00257 ], [ 13.50546, 57.03916 ], [ 13.52178, 57.03944 ], [ 13.52441, 57.02725 ], [ 13.52962, 57.02543 ], [ 13.53233, 57.0255 ], [ 13.55105, 57.00712 ], [ 13.55876, 57.00369 ], [ 13.57197, 57.00397 ], [ 13.59552, 57.01524 ], [ 13.6024, 57.00848 ], [ 13.6137, 57.00298 ], [ 13.61617, 56.99995 ], [ 13.62913, 56.99388 ], [ 13.62699, 56.99143 ], [ 13.63045, 56.98621 ], [ 13.64473, 56.9874 ], [ 13.64808, 56.98964 ], [ 13.64988, 56.98985 ], [ 13.69378, 56.98963 ], [ 13.70967, 57.00475 ], [ 13.71252, 57.01804 ], [ 13.73308, 57.03598 ], [ 13.69169, 57.07794 ], [ 13.69544, 57.08428 ], [ 13.71563, 57.09255 ], [ 13.71588, 57.09326 ], [ 13.71617, 57.09677 ], [ 13.70745, 57.10238 ], [ 13.70331, 57.10351 ], [ 13.70179, 57.1072 ], [ 13.69888, 57.10978 ], [ 13.69963, 57.11066 ], [ 13.73267, 57.12121 ], [ 13.73789, 57.13391 ], [ 13.74356, 57.14045 ], [ 13.72015, 57.13889 ], [ 13.71112, 57.13932 ], [ 13.70962, 57.14094 ], [ 13.70077, 57.14131 ], [ 13.69841, 57.14303 ], [ 13.70189, 57.14363 ], [ 13.69706, 57.14877 ], [ 13.72211, 57.16039 ], [ 13.70862, 57.16697 ], [ 13.71482, 57.17313 ], [ 13.71213, 57.17888 ], [ 13.65402, 57.1943 ], [ 13.65404, 57.19641 ], [ 13.65834, 57.20082 ], [ 13.65939, 57.2062 ], [ 13.6567, 57.21035 ], [ 13.65753, 57.21736 ], [ 13.66143, 57.22245 ], [ 13.69134, 57.22289 ], [ 13.7026, 57.22788 ], [ 13.70985, 57.24589 ], [ 13.74804, 57.23921 ], [ 13.75475, 57.24003 ], [ 13.79642, 57.23519 ], [ 13.85176, 57.23611 ], [ 13.84942, 57.26537 ], [ 13.87134, 57.27262 ] ] ], [ [ [ 13.44432, 57.37231 ], [ 13.46526, 57.38294 ], [ 13.44857, 57.38235 ], [ 13.38076, 57.38327 ], [ 13.36495, 57.39692 ], [ 13.36384, 57.3965 ], [ 13.35624, 57.3862 ], [ 13.35521, 57.38332 ], [ 13.35648, 57.38043 ], [ 13.35515, 57.37897 ], [ 13.36148, 57.37732 ], [ 13.36073, 57.37275 ], [ 13.36408, 57.3705 ], [ 13.38167, 57.36773 ], [ 13.39553, 57.36788 ], [ 13.39572, 57.37039 ], [ 13.39304, 57.37179 ], [ 13.39544, 57.37191 ], [ 13.4051, 57.37757 ], [ 13.41011, 57.37763 ], [ 13.41526, 57.37619 ], [ 13.42453, 57.37036 ], [ 13.43129, 57.36814 ], [ 13.43312, 57.36645 ], [ 13.43565, 57.36905 ], [ 13.44279, 57.3706 ], [ 13.44432, 57.37231 ] ] ], [ [ [ 13.35774, 57.40133 ], [ 13.36186, 57.39944 ], [ 13.35823, 57.40239 ], [ 13.35774, 57.40133 ] ] ], [ [ [ 13.34602, 57.40626 ], [ 13.35339, 57.40649 ], [ 13.32308, 57.42972 ], [ 13.32012, 57.42721 ], [ 13.32546, 57.42565 ], [ 13.34602, 57.40626 ] ] ] ] } },
{ "type": "Feature", "properties": { "koncession": "7035P", "natforetag": "Kraftringen Nät AB", "natforetag_kort": "Kraftringen Nät", "redovisningsenhet": "REL00886", "spanning_kv": 20.0, "yta_km2": 498.3, "km2_i_halland": 0.0, "i_halland": false }, "geometry": { "type": "Polygon", "coordinates": [ [ [ 13.12667, 56.22599 ], [ 13.11915, 56.23055 ], [ 13.10242, 56.231 ], [ 13.08453, 56.22172 ], [ 13.04301, 56.21214 ], [ 13.04003, 56.21232 ], [ 13.03913, 56.21172 ], [ 13.03827, 56.21239 ], [ 13.03647, 56.21111 ], [ 13.03276, 56.21196 ], [ 13.03309, 56.20757 ], [ 13.02788, 56.20784 ], [ 13.02059, 56.21008 ], [ 13.01789, 56.2095 ], [ 13.01892, 56.20746 ], [ 13.01709, 56.20786 ], [ 13.01874, 56.20607 ], [ 13.01591, 56.20574 ], [ 13.01547, 56.20677 ], [ 13.01465, 56.20621 ], [ 13.01357, 56.20756 ], [ 13.01038, 56.20818 ], [ 13.0093, 56.21004 ], [ 13.00684, 56.21 ], [ 13.00711, 56.20919 ], [ 13.00483, 56.20772 ], [ 13.0029, 56.20797 ], [ 12.99768, 56.21113 ], [ 12.99314, 56.21074 ], [ 12.99162, 56.20864 ], [ 12.98912, 56.20747 ], [ 12.98699, 56.20772 ], [ 12.98415, 56.20473 ], [ 12.98432, 56.20299 ], [ 12.9813, 56.20014 ], [ 12.98301, 56.19791 ], [ 12.98769, 56.19674 ], [ 12.99479, 56.19676 ], [ 12.99796, 56.198 ], [ 13.00572, 56.1969 ], [ 13.00602, 56.19284 ], [ 13.00817, 56.19269 ], [ 13.01158, 56.19036 ], [ 13.01289, 56.19139 ], [ 13.01477, 56.19139 ], [ 13.01541, 56.18957 ], [ 13.01234, 56.18764 ], [ 13.01758, 56.18582 ], [ 13.01774, 56.18118 ], [ 13.03288, 56.1717 ], [ 13.03396, 56.166 ], [ 13.03288, 56.16215 ], [ 13.03607, 56.16191 ], [ 13.04098, 56.1633 ], [ 13.0444, 56.16288 ], [ 13.04919, 56.16506 ], [ 13.05368, 56.16348 ], [ 13.05791, 56.16585 ], [ 13.06279, 56.1668 ], [ 13.06454, 56.16625 ], [ 13.06606, 56.16523 ], [ 13.06633, 56.16314 ], [ 13.06348, 56.16044 ], [ 13.06338, 56.15853 ], [ 13.06978, 56.15677 ], [ 13.07292, 56.15358 ], [ 13.07596, 56.15278 ], [ 13.07365, 56.15119 ], [ 13.07663, 56.14862 ], [ 13.07741, 56.14301 ], [ 13.0804, 56.13856 ], [ 13.08212, 56.13959 ], [ 13.0818, 56.1408 ], [ 13.08415, 56.14049 ], [ 13.08508, 56.14204 ], [ 13.08906, 56.14244 ], [ 13.0909, 56.14407 ], [ 13.09564, 56.14175 ], [ 13.09734, 56.14273 ], [ 13.10361, 56.14361 ], [ 13.10479, 56.13847 ], [ 13.097, 56.13599 ], [ 13.09406, 56.13352 ], [ 13.09609, 56.13165 ], [ 13.09586, 56.13004 ], [ 13.09143, 56.12996 ], [ 13.09055, 56.12933 ], [ 13.0925, 56.12715 ], [ 13.09924, 56.12796 ], [ 13.10746, 56.12604 ], [ 13.11382, 56.12777 ], [ 13.11672, 56.12622 ], [ 13.11426, 56.1218 ], [ 13.1191, 56.12028 ], [ 13.09402, 56.10019 ], [ 13.09913, 56.0981 ], [ 13.10475, 56.09731 ], [ 13.10614, 56.09434 ], [ 13.10289, 56.09367 ], [ 13.10375, 56.09231 ], [ 13.1023, 56.08998 ], [ 13.09785, 56.08844 ], [ 13.09796, 56.08764 ], [ 13.10317, 56.08645 ], [ 13.10697, 56.08428 ], [ 13.11171, 56.08352 ], [ 13.1135, 56.08096 ], [ 13.11527, 56.08018 ], [ 13.12635, 56.07901 ], [ 13.12732, 56.07722 ], [ 13.13761, 56.07372 ], [ 13.1454, 56.07461 ], [ 13.14723, 56.07201 ], [ 13.15432, 56.07138 ], [ 13.15711, 56.07037 ], [ 13.15482, 56.06982 ], [ 13.15562, 56.06899 ], [ 13.16423, 56.06637 ], [ 13.1689, 56.06219 ], [ 13.17106, 56.05824 ], [ 13.17627, 56.05774 ], [ 13.17839, 56.05488 ], [ 13.22176, 56.05502 ], [ 13.24632, 56.0561 ], [ 13.29499, 56.06035 ], [ 13.36496, 56.0707 ], [ 13.39775, 56.07744 ], [ 13.35662, 56.08219 ], [ 13.35749, 56.08397 ], [ 13.3442, 56.08632 ], [ 13.34227, 56.08342 ], [ 13.32394, 56.08472 ], [ 13.29841, 56.10908 ], [ 13.27292, 56.12814 ], [ 13.26135, 56.13078 ], [ 13.22797, 56.12986 ], [ 13.22083, 56.13924 ], [ 13.21891, 56.13909 ], [ 13.21766, 56.14021 ], [ 13.20617, 56.13986 ], [ 13.19369, 56.15222 ], [ 13.26513, 56.18354 ], [ 13.27838, 56.19556 ], [ 13.27184, 56.21548 ], [ 13.25753, 56.21495 ], [ 13.2331, 56.21789 ], [ 13.17726, 56.21085 ], [ 13.17316, 56.20871 ], [ 13.16783, 56.20805 ], [ 13.16433, 56.20904 ], [ 13.15986, 56.20849 ], [ 13.15863, 56.209 ], [ 13.16085, 56.20991 ], [ 13.16189, 56.21292 ], [ 13.1501, 56.22071 ], [ 13.14527, 56.22288 ], [ 13.13345, 56.22633 ], [ 13.12667, 56.22599 ] ] ] } },
{ "type": "Feature", "properties": { "koncession": "713CG", "natforetag": "Öresundskraft Elnät AB", "natforetag_kort": "Öresundskraft Elnät", "redovisningsenhet": "REL03045", "spanning_kv": 20.0, "yta_km2": 197.5, "km2_i_halland": 7.3, "i_halland": true }, "geometry": { "type": "Polygon", "coordinates": [ [ [ 12.89312, 56.38787 ], [ 12.88178, 56.39339 ], [ 12.88127, 56.38774 ], [ 12.87496, 56.38388 ], [ 12.87251, 56.3794 ], [ 12.87955, 56.37708 ], [ 12.89364, 56.34562 ], [ 12.88168, 56.33842 ], [ 12.88477, 56.33583 ], [ 12.85904, 56.33616 ], [ 12.84208, 56.34239 ], [ 12.82312, 56.33555 ], [ 12.8174, 56.3382 ], [ 12.81265, 56.33383 ], [ 12.80724, 56.33387 ], [ 12.81137, 56.32494 ], [ 12.82631, 56.32214 ], [ 12.83361, 56.32219 ], [ 12.82407, 56.2952 ], [ 12.81279, 56.29231 ], [ 12.80711, 56.288 ], [ 12.79339, 56.22933 ], [ 12.77162, 56.22997 ], [ 12.76552, 56.21533 ], [ 12.75919, 56.21626 ], [ 12.75566, 56.21399 ], [ 12.75242, 56.20923 ], [ 12.7433, 56.20951 ], [ 12.74718, 56.20428 ], [ 12.74921, 56.19539 ], [ 12.7737, 56.18817 ], [ 12.7751, 56.18717 ], [ 12.77487, 56.18575 ], [ 12.77344, 56.1857 ], [ 12.77376, 56.18403 ], [ 12.81043, 56.17519 ], [ 12.81174, 56.17635 ], [ 12.82256, 56.17908 ], [ 12.82699, 56.18219 ], [ 12.82839, 56.18599 ], [ 12.8318, 56.18537 ], [ 12.83158, 56.19021 ], [ 12.83678, 56.19739 ], [ 12.84461, 56.19759 ], [ 12.84868, 56.20783 ], [ 12.85617, 56.2063 ], [ 12.86447, 56.20026 ], [ 12.87357, 56.20129 ], [ 12.87964, 56.19844 ], [ 12.88545, 56.20106 ], [ 12.898, 56.21025 ], [ 12.89236, 56.21661 ], [ 12.89842, 56.22294 ], [ 12.8995, 56.23443 ], [ 12.90137, 56.23536 ], [ 12.90177, 56.23735 ], [ 12.90675, 56.23842 ], [ 12.90854, 56.23636 ], [ 12.91545, 56.23505 ], [ 12.92615, 56.23855 ], [ 12.93051, 56.24221 ], [ 12.93863, 56.2409 ], [ 12.94089, 56.24203 ], [ 12.9432, 56.24189 ], [ 12.94654, 56.24047 ], [ 12.94483, 56.23773 ], [ 12.94747, 56.23575 ], [ 12.95581, 56.23529 ], [ 12.96177, 56.23347 ], [ 12.96309, 56.23225 ], [ 12.96238, 56.227 ], [ 12.98173, 56.22684 ], [ 12.98837, 56.22739 ], [ 13.00971, 56.23488 ], [ 13.01341, 56.23681 ], [ 13.00398, 56.24417 ], [ 13.00458, 56.25125 ], [ 12.99967, 56.25076 ], [ 13.00313, 56.25689 ], [ 12.9964, 56.26039 ], [ 12.99353, 56.26594 ], [ 12.99683, 56.27009 ], [ 12.99591, 56.27052 ], [ 12.99827, 56.27135 ], [ 12.99043, 56.27403 ], [ 12.99013, 56.27867 ], [ 12.99354, 56.27951 ], [ 12.99358, 56.28025 ], [ 12.9913, 56.27982 ], [ 12.98963, 56.28053 ], [ 12.9714, 56.27279 ], [ 12.96681, 56.27352 ], [ 12.96575, 56.27625 ], [ 12.96195, 56.27681 ], [ 12.96118, 56.29134 ], [ 12.93507, 56.29039 ], [ 12.93346, 56.29155 ], [ 12.93254, 56.29861 ], [ 12.95625, 56.30678 ], [ 12.96142, 56.33241 ], [ 12.96478, 56.334 ], [ 12.97147, 56.33154 ], [ 12.97471, 56.33201 ], [ 12.97743, 56.33108 ], [ 12.98178, 56.33292 ], [ 12.98135, 56.33625 ], [ 13.01988, 56.34181 ], [ 13.02076, 56.37758 ], [ 13.00749, 56.37955 ], [ 13.00046, 56.37801 ], [ 12.9907, 56.3797 ], [ 12.97446, 56.37154 ], [ 12.97173, 56.37158 ], [ 12.96588, 56.37442 ], [ 12.96396, 56.37803 ], [ 12.96174, 56.37819 ], [ 12.95327, 56.375 ], [ 12.9342, 56.3817 ], [ 12.9271, 56.38544 ], [ 12.92446, 56.38378 ], [ 12.92077, 56.38816 ], [ 12.91301, 56.39149 ], [ 12.91025, 56.38772 ], [ 12.90546, 56.385 ], [ 12.90109, 56.38481 ], [ 12.89401, 56.38832 ], [ 12.89312, 56.38787 ] ] ] } },
{ "type": "Feature", "properties": { "koncession": "7212BS", "natforetag": "Härryda Energi AB", "natforetag_kort": "Härryda Energi", "redovisningsenhet": "REL00078", "spanning_kv": 40.0, "yta_km2": 226.0, "km2_i_halland": 0.0, "i_halland": false }, "geometry": { "type": "Polygon", "coordinates": [ [ [ 12.47902, 57.74613 ], [ 12.47592, 57.76557 ], [ 12.47058, 57.76537 ], [ 12.45756, 57.75506 ], [ 12.4276, 57.75357 ], [ 12.42769, 57.75159 ], [ 12.43306, 57.74742 ], [ 12.3843, 57.74647 ], [ 12.38721, 57.74243 ], [ 12.38476, 57.74193 ], [ 12.37943, 57.73802 ], [ 12.38349, 57.73611 ], [ 12.38264, 57.73415 ], [ 12.34909, 57.73342 ], [ 12.34933, 57.7287 ], [ 12.31578, 57.72655 ], [ 12.30203, 57.72448 ], [ 12.29087, 57.72889 ], [ 12.29194, 57.73092 ], [ 12.28139, 57.73043 ], [ 12.28278, 57.72358 ], [ 12.27555, 57.72468 ], [ 12.27503, 57.72737 ], [ 12.27338, 57.72679 ], [ 12.26741, 57.7269 ], [ 12.26645, 57.72907 ], [ 12.25827, 57.72698 ], [ 12.25722, 57.72928 ], [ 12.22483, 57.72761 ], [ 12.20901, 57.72555 ], [ 12.19929, 57.72526 ], [ 12.18597, 57.72066 ], [ 12.17064, 57.71409 ], [ 12.16075, 57.70426 ], [ 12.16029, 57.70469 ], [ 12.14539, 57.69397 ], [ 12.13931, 57.6921 ], [ 12.13548, 57.68855 ], [ 12.12856, 57.69126 ], [ 12.10489, 57.6831 ], [ 12.08879, 57.6822 ], [ 12.07606, 57.68384 ], [ 12.05688, 57.67818 ], [ 12.07028, 57.67152 ], [ 12.07251, 57.66341 ], [ 12.07733, 57.65971 ], [ 12.08223, 57.65902 ], [ 12.08214, 57.65755 ], [ 12.07978, 57.65536 ], [ 12.08155, 57.655 ], [ 12.08332, 57.65602 ], [ 12.08826, 57.65501 ], [ 12.08999, 57.65529 ], [ 12.09324, 57.65139 ], [ 12.09291, 57.64864 ], [ 12.08867, 57.6475 ], [ 12.08418, 57.64775 ], [ 12.08217, 57.6457 ], [ 12.08001, 57.64586 ], [ 12.07486, 57.63635 ], [ 12.09928, 57.63178 ], [ 12.09685, 57.62597 ], [ 12.10045, 57.62314 ], [ 12.10304, 57.6228 ], [ 12.11244, 57.6227 ], [ 12.11429, 57.62663 ], [ 12.1191, 57.62351 ], [ 12.1358, 57.62999 ], [ 12.13753, 57.63349 ], [ 12.14189, 57.63413 ], [ 12.14458, 57.63389 ], [ 12.14446, 57.63195 ], [ 12.15096, 57.62711 ], [ 12.16979, 57.63266 ], [ 12.17315, 57.62959 ], [ 12.17302, 57.62635 ], [ 12.17826, 57.62658 ], [ 12.18012, 57.62917 ], [ 12.20985, 57.62738 ], [ 12.20517, 57.63351 ], [ 12.22245, 57.64268 ], [ 12.22989, 57.64305 ], [ 12.23608, 57.64125 ], [ 12.2375, 57.64502 ], [ 12.24203, 57.64921 ], [ 12.24091, 57.64985 ], [ 12.24393, 57.64987 ], [ 12.2383, 57.65727 ], [ 12.2408, 57.65715 ], [ 12.24205, 57.6582 ], [ 12.26926, 57.65826 ], [ 12.25777, 57.64568 ], [ 12.25743, 57.63993 ], [ 12.2654, 57.63848 ], [ 12.30286, 57.64421 ], [ 12.30561, 57.64187 ], [ 12.3231, 57.63521 ], [ 12.3274, 57.62961 ], [ 12.34734, 57.62808 ], [ 12.3564, 57.63375 ], [ 12.36157, 57.63556 ], [ 12.3704, 57.64259 ], [ 12.38193, 57.64869 ], [ 12.38182, 57.65089 ], [ 12.38349, 57.65306 ], [ 12.38943, 57.65701 ], [ 12.38716, 57.65803 ], [ 12.39251, 57.65849 ], [ 12.39302, 57.66012 ], [ 12.40337, 57.66672 ], [ 12.41058, 57.66709 ], [ 12.41834, 57.66853 ], [ 12.43841, 57.66087 ], [ 12.50054, 57.68866 ], [ 12.51078, 57.69862 ], [ 12.50126, 57.70283 ], [ 12.5066, 57.71094 ], [ 12.48528, 57.73246 ], [ 12.48278, 57.73776 ], [ 12.48853, 57.74549 ], [ 12.47902, 57.74613 ] ] ] } },
{ "type": "Feature", "properties": { "koncession": "754O", "natforetag": "Kungälv Energi AB", "natforetag_kort": "Kungälv Energi", "redovisningsenhet": "REL00100", "spanning_kv": 20.0, "yta_km2": 501.2, "km2_i_halland": 0.0, "i_halland": false }, "geometry": { "type": "Polygon", "coordinates": [ [ [ 11.90063, 57.83273 ], [ 11.89652, 57.83268 ], [ 11.82447, 57.82926 ], [ 11.78083, 57.82505 ], [ 11.72379, 57.821 ], [ 11.69841, 57.81804 ], [ 11.67336, 57.81439 ], [ 11.63179, 57.80653 ], [ 11.63095, 57.80003 ], [ 11.64815, 57.79144 ], [ 11.68135, 57.78721 ], [ 11.7316, 57.77113 ], [ 11.80415, 57.7875 ], [ 11.8092, 57.78952 ], [ 11.82119, 57.79048 ], [ 11.82821, 57.79189 ], [ 11.83314, 57.79381 ], [ 11.84357, 57.79569 ], [ 11.85007, 57.79866 ], [ 11.85438, 57.80275 ], [ 11.90063, 57.83273 ] ] ] } },
{ "type": "Feature", "properties": { "koncession": "823JI", "natforetag": "Lerum Nät AB", "natforetag_kort": "Lerum Nät", "redovisningsenhet": "REL00106", "spanning_kv": 20.0, "yta_km2": 255.0, "km2_i_halland": 0.0, "i_halland": false }, "geometry": { "type": "Polygon", "coordinates": [ [ [ 12.22487, 57.72761 ], [ 12.25722, 57.72928 ], [ 12.25827, 57.72698 ], [ 12.26645, 57.72907 ], [ 12.26741, 57.7269 ], [ 12.27338, 57.72679 ], [ 12.27503, 57.72737 ], [ 12.27555, 57.72468 ], [ 12.28278, 57.72358 ], [ 12.28139, 57.73043 ], [ 12.29194, 57.73092 ], [ 12.29087, 57.72889 ], [ 12.30203, 57.72448 ], [ 12.31578, 57.72655 ], [ 12.34933, 57.7287 ], [ 12.34909, 57.73342 ], [ 12.38264, 57.73415 ], [ 12.38349, 57.73611 ], [ 12.37943, 57.73802 ], [ 12.38476, 57.74193 ], [ 12.38721, 57.74243 ], [ 12.3843, 57.74647 ], [ 12.43306, 57.74742 ], [ 12.42769, 57.75159 ], [ 12.4276, 57.75357 ], [ 12.43127, 57.75361 ], [ 12.44659, 57.76892 ], [ 12.43227, 57.78956 ], [ 12.43822, 57.79673 ], [ 12.43927, 57.8055 ], [ 12.4357, 57.80798 ], [ 12.4353, 57.81265 ], [ 12.4382, 57.81526 ], [ 12.44196, 57.81597 ], [ 12.42374, 57.82372 ], [ 12.4211, 57.82192 ], [ 12.41903, 57.82159 ], [ 12.41607, 57.8235 ], [ 12.42559, 57.82957 ], [ 12.43106, 57.83899 ], [ 12.4419, 57.84455 ], [ 12.43248, 57.85375 ], [ 12.40286, 57.85841 ], [ 12.37735, 57.86155 ], [ 12.35157, 57.86397 ], [ 12.29946, 57.86666 ], [ 12.2471, 57.86644 ], [ 12.22102, 57.86524 ], [ 12.19508, 57.86331 ], [ 12.15875, 57.85927 ], [ 12.17028, 57.85563 ], [ 12.19215, 57.83415 ], [ 12.19373, 57.82574 ], [ 12.19879, 57.82455 ], [ 12.20028, 57.82263 ], [ 12.20508, 57.81985 ], [ 12.20605, 57.81766 ], [ 12.20582, 57.81635 ], [ 12.20452, 57.81621 ], [ 12.21043, 57.81284 ], [ 12.21367, 57.81402 ], [ 12.22393, 57.8115 ], [ 12.24174, 57.79642 ], [ 12.23585, 57.79542 ], [ 12.23322, 57.79565 ], [ 12.23129, 57.79469 ], [ 12.22351, 57.79334 ], [ 12.21953, 57.79305 ], [ 12.21672, 57.79403 ], [ 12.21505, 57.7913 ], [ 12.21266, 57.79068 ], [ 12.21065, 57.79272 ], [ 12.20946, 57.79235 ], [ 12.21116, 57.79011 ], [ 12.20396, 57.78894 ], [ 12.2027, 57.78688 ], [ 12.20385, 57.78605 ], [ 12.19841, 57.78412 ], [ 12.19539, 57.78458 ], [ 12.19448, 57.78318 ], [ 12.18292, 57.7799 ], [ 12.17399, 57.77598 ], [ 12.18318, 57.7674 ], [ 12.19095, 57.76195 ], [ 12.19819, 57.76225 ], [ 12.19956, 57.75235 ], [ 12.19843, 57.75106 ], [ 12.18184, 57.75051 ], [ 12.18059, 57.74873 ], [ 12.18294, 57.74181 ], [ 12.18615, 57.7416 ], [ 12.18595, 57.74063 ], [ 12.1836, 57.73988 ], [ 12.18507, 57.73547 ], [ 12.19246, 57.73401 ], [ 12.19385, 57.73251 ], [ 12.19503, 57.73258 ], [ 12.19491, 57.73352 ], [ 12.22487, 57.72761 ] ] ] } },
{ "type": "Feature", "properties": { "koncession": "8705BU", "natforetag": "Ellevio AB", "natforetag_kort": "Ellevio", "redovisningsenhet": "REL03035", "spanning_kv": 20.0, "yta_km2": 2264.7, "km2_i_halland": 1459.9, "i_halland": true }, "geometry": { "type": "Polygon", "coordinates": [ [ [ 11.89448, 57.59848 ], [ 11.8805, 57.58753 ], [ 11.86527, 57.59674 ], [ 11.8344, 57.60026 ], [ 11.84029, 57.62418 ], [ 11.8474, 57.62481 ], [ 11.84974, 57.62398 ], [ 11.85454, 57.62488 ], [ 11.85603, 57.62665 ], [ 11.85546, 57.62923 ], [ 11.85, 57.63061 ], [ 11.82787, 57.64269 ], [ 11.80559, 57.6614 ], [ 11.7871, 57.67441 ], [ 11.78236, 57.67424 ], [ 11.76438, 57.67089 ], [ 11.75148, 57.6707 ], [ 11.7319, 57.66492 ], [ 11.7042, 57.6652 ], [ 11.69788, 57.67383 ], [ 11.69587, 57.69045 ], [ 11.69094, 57.70249 ], [ 11.69892, 57.7158 ], [ 11.69834, 57.72173 ], [ 11.70665, 57.733 ], [ 11.72006, 57.74797 ], [ 11.73159, 57.77128 ], [ 11.68135, 57.78721 ], [ 11.64815, 57.79144 ], [ 11.62221, 57.80447 ], [ 11.57773, 57.79301 ], [ 11.55529, 57.78605 ], [ 11.51068, 57.76949 ], [ 11.50199, 57.76949 ], [ 11.51556, 57.65438 ], [ 11.52942, 57.55378 ], [ 11.57898, 57.45356 ], [ 11.64997, 57.36658 ], [ 11.79821, 57.25854 ], [ 11.89754, 57.22249 ], [ 12.00103, 57.19978 ], [ 12.13721, 57.20385 ], [ 12.1864, 57.20882 ], [ 12.20334, 57.21825 ], [ 12.20418, 57.22419 ], [ 12.20939, 57.22696 ], [ 12.21382, 57.22811 ], [ 12.21258, 57.23032 ], [ 12.21089, 57.23076 ], [ 12.21064, 57.23271 ], [ 12.21405, 57.23207 ], [ 12.21482, 57.23252 ], [ 12.21712, 57.23961 ], [ 12.23085, 57.24244 ], [ 12.23486, 57.24138 ], [ 12.24886, 57.25696 ], [ 12.26173, 57.25428 ], [ 12.2637, 57.26065 ], [ 12.25604, 57.26497 ], [ 12.281, 57.29385 ], [ 12.28533, 57.29381 ], [ 12.28825, 57.29709 ], [ 12.29029, 57.30302 ], [ 12.30197, 57.30606 ], [ 12.29858, 57.30724 ], [ 12.29749, 57.30894 ], [ 12.29829, 57.31448 ], [ 12.30306, 57.32144 ], [ 12.30586, 57.32248 ], [ 12.30798, 57.32234 ], [ 12.30803, 57.32361 ], [ 12.30891, 57.32285 ], [ 12.31161, 57.32376 ], [ 12.30804, 57.32844 ], [ 12.31745, 57.33392 ], [ 12.31653, 57.33744 ], [ 12.32257, 57.33872 ], [ 12.3332, 57.33633 ], [ 12.34883, 57.34221 ], [ 12.36609, 57.34156 ], [ 12.38698, 57.35153 ], [ 12.39105, 57.36066 ], [ 12.39608, 57.38122 ], [ 12.40925, 57.39335 ], [ 12.40857, 57.39609 ], [ 12.41105, 57.39775 ], [ 12.41756, 57.3986 ], [ 12.41944, 57.40065 ], [ 12.41745, 57.40633 ], [ 12.41614, 57.40627 ], [ 12.41596, 57.40763 ], [ 12.41235, 57.40769 ], [ 12.41201, 57.40871 ], [ 12.40542, 57.41259 ], [ 12.40512, 57.41406 ], [ 12.40675, 57.41562 ], [ 12.40942, 57.41568 ], [ 12.40953, 57.41686 ], [ 12.41184, 57.4171 ], [ 12.40818, 57.42061 ], [ 12.4068, 57.42902 ], [ 12.40536, 57.4301 ], [ 12.40677, 57.43228 ], [ 12.41589, 57.43571 ], [ 12.41946, 57.43993 ], [ 12.39252, 57.44179 ], [ 12.38025, 57.44562 ], [ 12.37718, 57.44805 ], [ 12.37785, 57.44885 ], [ 12.37162, 57.44891 ], [ 12.36761, 57.44975 ], [ 12.36511, 57.44872 ], [ 12.36435, 57.44734 ], [ 12.36731, 57.44548 ], [ 12.36506, 57.44368 ], [ 12.35663, 57.44062 ], [ 12.34967, 57.45125 ], [ 12.34553, 57.45052 ], [ 12.33766, 57.45106 ], [ 12.33474, 57.45518 ], [ 12.33096, 57.45492 ], [ 12.32542, 57.4604 ], [ 12.3228, 57.46076 ], [ 12.32258, 57.46247 ], [ 12.33407, 57.47483 ], [ 12.37509, 57.48585 ], [ 12.38866, 57.49438 ], [ 12.39791, 57.50426 ], [ 12.40512, 57.50805 ], [ 12.43273, 57.49924 ], [ 12.45392, 57.50144 ], [ 12.4788, 57.51927 ], [ 12.48701, 57.51944 ], [ 12.49029, 57.52064 ], [ 12.49855, 57.52874 ], [ 12.49239, 57.53408 ], [ 12.50866, 57.53909 ], [ 12.49237, 57.54541 ], [ 12.48895, 57.54882 ], [ 12.50068, 57.55197 ], [ 12.49874, 57.55398 ], [ 12.49717, 57.55396 ], [ 12.50989, 57.5638 ], [ 12.50833, 57.56578 ], [ 12.50618, 57.56554 ], [ 12.5048, 57.56626 ], [ 12.50451, 57.56768 ], [ 12.49553, 57.56635 ], [ 12.49249, 57.56504 ], [ 12.49057, 57.5653 ], [ 12.49144, 57.56657 ], [ 12.49008, 57.56763 ], [ 12.49603, 57.57238 ], [ 12.49632, 57.57534 ], [ 12.50534, 57.57538 ], [ 12.51444, 57.57775 ], [ 12.52041, 57.57782 ], [ 12.52535, 57.57923 ], [ 12.52765, 57.5809 ], [ 12.52708, 57.58291 ], [ 12.52248, 57.58762 ], [ 12.52349, 57.59122 ], [ 12.52889, 57.60096 ], [ 12.53868, 57.6007 ], [ 12.53832, 57.60891 ], [ 12.54259, 57.61198 ], [ 12.54204, 57.6185 ], [ 12.5287, 57.62 ], [ 12.5177, 57.6134 ], [ 12.49201, 57.60209 ], [ 12.48538, 57.60373 ], [ 12.4847, 57.6017 ], [ 12.47864, 57.5987 ], [ 12.47589, 57.59899 ], [ 12.47028, 57.59649 ], [ 12.47028, 57.59755 ], [ 12.46632, 57.59913 ], [ 12.46421, 57.59888 ], [ 12.46264, 57.60039 ], [ 12.45584, 57.59956 ], [ 12.45497, 57.60244 ], [ 12.45124, 57.60263 ], [ 12.4466, 57.60713 ], [ 12.44321, 57.60801 ], [ 12.4459, 57.60893 ], [ 12.44635, 57.61169 ], [ 12.44363, 57.61172 ], [ 12.44124, 57.60921 ], [ 12.4372, 57.61139 ], [ 12.43538, 57.6115 ], [ 12.43643, 57.60898 ], [ 12.43316, 57.60881 ], [ 12.43191, 57.6076 ], [ 12.43352, 57.60634 ], [ 12.42977, 57.60557 ], [ 12.41903, 57.59834 ], [ 12.40869, 57.59616 ], [ 12.40498, 57.59894 ], [ 12.39848, 57.5961 ], [ 12.39637, 57.59754 ], [ 12.39498, 57.59452 ], [ 12.38636, 57.58808 ], [ 12.38007, 57.58359 ], [ 12.3791, 57.58424 ], [ 12.37589, 57.58257 ], [ 12.38531, 57.57623 ], [ 12.38202, 57.5737 ], [ 12.3898, 57.56815 ], [ 12.38606, 57.56598 ], [ 12.36909, 57.5674 ], [ 12.36142, 57.5613 ], [ 12.35419, 57.55967 ], [ 12.34992, 57.55766 ], [ 12.34657, 57.55879 ], [ 12.3424, 57.55541 ], [ 12.34078, 57.55608 ], [ 12.3362, 57.55414 ], [ 12.33232, 57.55378 ], [ 12.3315, 57.55439 ], [ 12.32915, 57.55331 ], [ 12.32653, 57.55396 ], [ 12.3184, 57.55049 ], [ 12.3154, 57.55307 ], [ 12.31429, 57.54991 ], [ 12.31068, 57.54788 ], [ 12.308, 57.54753 ], [ 12.30883, 57.54637 ], [ 12.30633, 57.54611 ], [ 12.29547, 57.55163 ], [ 12.29244, 57.54924 ], [ 12.2851, 57.55797 ], [ 12.27822, 57.56015 ], [ 12.28359, 57.56023 ], [ 12.30096, 57.57136 ], [ 12.30794, 57.57422 ], [ 12.31159, 57.5692 ], [ 12.31278, 57.571 ], [ 12.3158, 57.57179 ], [ 12.32532, 57.57694 ], [ 12.32788, 57.57966 ], [ 12.33074, 57.57945 ], [ 12.33342, 57.58352 ], [ 12.31689, 57.59369 ], [ 12.32558, 57.59611 ], [ 12.32725, 57.59753 ], [ 12.33088, 57.59756 ], [ 12.33766, 57.59948 ], [ 12.32915, 57.60807 ], [ 12.30402, 57.60748 ], [ 12.29669, 57.60994 ], [ 12.2778, 57.60662 ], [ 12.27779, 57.61106 ], [ 12.27442, 57.61058 ], [ 12.26019, 57.61341 ], [ 12.27436, 57.629 ], [ 12.27331, 57.63597 ], [ 12.26831, 57.63474 ], [ 12.2654, 57.63848 ], [ 12.25743, 57.63993 ], [ 12.25777, 57.64568 ], [ 12.26926, 57.65826 ], [ 12.24205, 57.6582 ], [ 12.2408, 57.65715 ], [ 12.2383, 57.65727 ], [ 12.24393, 57.64987 ], [ 12.24091, 57.64985 ], [ 12.24203, 57.64921 ], [ 12.2375, 57.64502 ], [ 12.23608, 57.64125 ], [ 12.22989, 57.64305 ], [ 12.22245, 57.64268 ], [ 12.20517, 57.63351 ], [ 12.20985, 57.62738 ], [ 12.18012, 57.62917 ], [ 12.17826, 57.62658 ], [ 12.17302, 57.62635 ], [ 12.17315, 57.62959 ], [ 12.16979, 57.63266 ], [ 12.15096, 57.62711 ], [ 12.14446, 57.63195 ], [ 12.14458, 57.63389 ], [ 12.14189, 57.63413 ], [ 12.13753, 57.63349 ], [ 12.1358, 57.62999 ], [ 12.1191, 57.62351 ], [ 12.11429, 57.62663 ], [ 12.11315, 57.62317 ], [ 12.10949, 57.62242 ], [ 12.10709, 57.62313 ], [ 12.10045, 57.62314 ], [ 12.09685, 57.62597 ], [ 12.09928, 57.63178 ], [ 12.08257, 57.63483 ], [ 12.08009, 57.63331 ], [ 12.08233, 57.63246 ], [ 12.07846, 57.62738 ], [ 12.06068, 57.62676 ], [ 12.06474, 57.62407 ], [ 12.0599, 57.62372 ], [ 12.04271, 57.61889 ], [ 12.01403, 57.61611 ], [ 12.00174, 57.59946 ], [ 11.99186, 57.60362 ], [ 11.9919, 57.60625 ], [ 11.98926, 57.60605 ], [ 11.97599, 57.6223 ], [ 11.9631, 57.63443 ], [ 11.96132, 57.63735 ], [ 11.96341, 57.63782 ], [ 11.9624, 57.64168 ], [ 11.95143, 57.64176 ], [ 11.95034, 57.64406 ], [ 11.94284, 57.64653 ], [ 11.9347, 57.64625 ], [ 11.92866, 57.64182 ], [ 11.91345, 57.63742 ], [ 11.90969, 57.63438 ], [ 11.90874, 57.62965 ], [ 11.91153, 57.62444 ], [ 11.91017, 57.62146 ], [ 11.91566, 57.61771 ], [ 11.90924, 57.61085 ], [ 11.89659, 57.60187 ], [ 11.89448, 57.59848 ] ], [ [ 12.05362, 57.48374 ], [ 12.05177, 57.4856 ], [ 12.0546, 57.49025 ], [ 12.05434, 57.49229 ], [ 12.05586, 57.49299 ], [ 12.05534, 57.49362 ], [ 12.06173, 57.49648 ], [ 12.08213, 57.4961 ], [ 12.08261, 57.49463 ], [ 12.08444, 57.4952 ], [ 12.08268, 57.49446 ], [ 12.08561, 57.49492 ], [ 12.08681, 57.49592 ], [ 12.0908, 57.49497 ], [ 12.09076, 57.49308 ], [ 12.09598, 57.49118 ], [ 12.09911, 57.49441 ], [ 12.10245, 57.49587 ], [ 12.10806, 57.49498 ], [ 12.10478, 57.48967 ], [ 12.10762, 57.48775 ], [ 12.10053, 57.48281 ], [ 12.10599, 57.48099 ], [ 12.10167, 57.4773 ], [ 12.10284, 57.47645 ], [ 12.09773, 57.47291 ], [ 12.0982, 57.47056 ], [ 12.09983, 57.47021 ], [ 12.09915, 57.46957 ], [ 12.10261, 57.46689 ], [ 12.09542, 57.46412 ], [ 12.084, 57.46256 ], [ 12.08219, 57.46308 ], [ 12.07917, 57.46581 ], [ 12.0792, 57.47368 ], [ 12.07391, 57.47325 ], [ 12.07188, 57.47805 ], [ 12.06944, 57.47868 ], [ 12.06933, 57.48164 ], [ 12.06673, 57.4815 ], [ 12.06348, 57.48621 ], [ 12.06083, 57.48471 ], [ 12.05362, 57.48374 ] ] ] } },
{ "type": "Feature", "properties": { "koncession": "89Z", "natforetag": "Ljungby Energinät AB", "natforetag_kort": "Ljungby Energinät", "redovisningsenhet": "REL00112", "spanning_kv": 20.0, "yta_km2": 60.0, "km2_i_halland": 0.0, "i_halland": false }, "geometry": { "type": "Polygon", "coordinates": [ [ [ 14.00402, 56.85057 ], [ 14.01464, 56.86246 ], [ 13.98295, 56.86164 ], [ 13.98304, 56.86374 ], [ 13.98012, 56.86448 ], [ 13.98161, 56.86755 ], [ 13.96049, 56.86723 ], [ 13.95406, 56.86351 ], [ 13.94062, 56.8693 ], [ 13.9236, 56.88035 ], [ 13.90888, 56.86549 ], [ 13.92402, 56.85729 ], [ 13.91087, 56.84729 ], [ 13.8774, 56.83648 ], [ 13.88726, 56.80089 ], [ 13.89521, 56.78813 ], [ 13.89903, 56.78709 ], [ 13.90387, 56.78691 ], [ 13.91349, 56.79222 ], [ 14.00507, 56.78999 ], [ 14.00698, 56.82652 ], [ 14.01012, 56.83194 ], [ 14.01143, 56.83245 ], [ 14.01597, 56.83161 ], [ 14.01902, 56.8365 ], [ 14.01637, 56.83753 ], [ 14.01628, 56.84009 ], [ 14.0095, 56.84062 ], [ 14.01134, 56.84639 ], [ 14.00402, 56.85057 ] ] ] } },
{ "type": "Feature", "properties": { "koncession": "380CPK", "natforetag": "E.ON Energidistribution AB", "natforetag_kort": "E.ON Energidistribution", "redovisningsenhet": "REL03028", "spanning_kv": 20.0, "yta_km2": 2542.5, "km2_i_halland": 2081.7, "i_halland": true }, "geometry": { "type": "Polygon", "coordinates": [ [ [ 13.20277, 57.29718 ], [ 13.18838, 57.30645 ], [ 13.16066, 57.33697 ], [ 13.1609, 57.36359 ], [ 13.04958, 57.39418 ], [ 13.01495, 57.37932 ], [ 13.01199, 57.37695 ], [ 13.01796, 57.372 ], [ 13.00237, 57.36607 ], [ 13.01207, 57.35763 ], [ 13.01116, 57.34035 ], [ 12.99042, 57.33349 ], [ 12.98696, 57.29932 ], [ 12.95982, 57.28912 ], [ 12.95125, 57.28189 ], [ 12.9586, 57.25952 ], [ 12.95719, 57.25571 ], [ 12.95457, 57.25356 ], [ 12.95297, 57.2452 ], [ 12.9542, 57.24114 ], [ 12.95002, 57.23752 ], [ 12.94561, 57.23579 ], [ 12.93908, 57.23147 ], [ 12.93493, 57.22744 ], [ 12.92535, 57.22834 ], [ 12.92097, 57.22396 ], [ 12.86676, 57.21363 ], [ 12.76889, 57.21537 ], [ 12.76248, 57.2183 ], [ 12.75014, 57.23192 ], [ 12.73691, 57.24182 ], [ 12.72822, 57.2588 ], [ 12.72003, 57.25454 ], [ 12.71941, 57.25629 ], [ 12.71778, 57.25561 ], [ 12.71663, 57.25782 ], [ 12.71412, 57.25641 ], [ 12.71495, 57.2504 ], [ 12.70686, 57.2462 ], [ 12.71399, 57.24145 ], [ 12.71261, 57.23747 ], [ 12.71355, 57.23254 ], [ 12.70682, 57.22936 ], [ 12.7063, 57.22816 ], [ 12.70958, 57.22477 ], [ 12.67313, 57.22859 ], [ 12.66933, 57.22976 ], [ 12.66704, 57.23344 ], [ 12.66224, 57.23391 ], [ 12.64124, 57.22562 ], [ 12.64149, 57.22346 ], [ 12.63805, 57.22007 ], [ 12.63347, 57.21756 ], [ 12.63379, 57.21427 ], [ 12.62762, 57.21244 ], [ 12.62344, 57.20952 ], [ 12.62367, 57.20509 ], [ 12.61843, 57.20027 ], [ 12.61212, 57.18406 ], [ 12.61693, 57.16424 ], [ 12.63965, 57.15775 ], [ 12.63955, 57.14552 ], [ 12.62954, 57.13682 ], [ 12.61611, 57.1329 ], [ 12.61391, 57.13077 ], [ 12.6144, 57.12522 ], [ 12.59209, 57.10898 ], [ 12.57235, 57.10876 ], [ 12.57103, 57.11174 ], [ 12.56596, 57.11545 ], [ 12.55304, 57.11903 ], [ 12.54095, 57.11681 ], [ 12.52709, 57.09858 ], [ 12.52791, 57.09828 ], [ 12.52619, 57.09697 ], [ 12.52482, 57.09737 ], [ 12.51554, 57.09405 ], [ 12.50576, 57.08816 ], [ 12.49393, 57.07888 ], [ 12.5116, 57.07119 ], [ 12.52574, 57.04777 ], [ 12.4847, 57.03932 ], [ 12.48461, 57.03285 ], [ 12.47581, 57.0205 ], [ 12.45406, 57.02055 ], [ 12.45381, 57.01984 ], [ 12.43559, 57.01929 ], [ 12.42641, 57.01613 ], [ 12.41332, 57.01515 ], [ 12.41022, 57.0019 ], [ 12.40865, 57.00087 ], [ 12.40195, 57.00238 ], [ 12.38801, 56.99926 ], [ 12.37866, 56.9934 ], [ 12.38444, 56.98725 ], [ 12.37843, 56.98504 ], [ 12.37564, 56.98476 ], [ 12.37235, 56.98584 ], [ 12.36718, 56.98541 ], [ 12.36693, 56.98918 ], [ 12.34924, 56.98859 ], [ 12.34182, 56.96984 ], [ 12.34146, 56.94921 ], [ 12.34657, 56.9288 ], [ 12.35593, 56.91632 ], [ 12.36839, 56.91416 ], [ 12.3779, 56.91484 ], [ 12.39343, 56.90173 ], [ 12.41914, 56.89308 ], [ 12.43082, 56.90024 ], [ 12.43761, 56.90639 ], [ 12.44085, 56.90647 ], [ 12.44509, 56.90505 ], [ 12.45002, 56.90808 ], [ 12.4527, 56.90784 ], [ 12.45423, 56.90976 ], [ 12.45764, 56.90965 ], [ 12.45568, 56.91061 ], [ 12.4574, 56.91197 ], [ 12.45492, 56.91612 ], [ 12.45928, 56.91827 ], [ 12.45771, 56.9188 ], [ 12.45952, 56.92026 ], [ 12.47329, 56.91735 ], [ 12.47965, 56.91971 ], [ 12.48183, 56.9184 ], [ 12.48313, 56.91915 ], [ 12.48683, 56.91773 ], [ 12.48793, 56.91934 ], [ 12.49956, 56.91893 ], [ 12.49663, 56.92153 ], [ 12.49783, 56.92151 ], [ 12.49793, 56.92082 ], [ 12.50439, 56.92034 ], [ 12.50759, 56.92314 ], [ 12.50416, 56.9233 ], [ 12.5053, 56.9282 ], [ 12.50918, 56.9279 ], [ 12.51074, 56.9329 ], [ 12.48264, 56.94299 ], [ 12.48064, 56.94738 ], [ 12.48434, 56.94733 ], [ 12.48805, 56.95619 ], [ 12.49904, 56.95988 ], [ 12.53347, 56.95608 ], [ 12.53404, 56.95523 ], [ 12.54546, 56.95952 ], [ 12.54213, 56.96167 ], [ 12.54692, 56.9636 ], [ 12.55175, 56.96445 ], [ 12.5542, 56.96374 ], [ 12.55609, 56.96453 ], [ 12.5644, 56.96469 ], [ 12.56164, 56.96194 ], [ 12.56289, 56.96023 ], [ 12.56692, 56.96162 ], [ 12.56961, 56.96022 ], [ 12.56473, 56.9584 ], [ 12.56209, 56.95839 ], [ 12.56289, 56.95634 ], [ 12.56466, 56.95601 ], [ 12.56301, 56.95387 ], [ 12.56154, 56.95419 ], [ 12.55989, 56.95291 ], [ 12.55921, 56.95338 ], [ 12.55882, 56.95242 ], [ 12.55755, 56.95284 ], [ 12.55794, 56.95368 ], [ 12.55387, 56.9519 ], [ 12.55257, 56.94535 ], [ 12.57944, 56.94862 ], [ 12.59101, 56.95147 ], [ 12.60632, 56.95114 ], [ 12.61146, 56.94913 ], [ 12.61378, 56.94628 ], [ 12.62544, 56.94347 ], [ 12.62121, 56.93469 ], [ 12.62319, 56.92998 ], [ 12.61962, 56.9227 ], [ 12.61056, 56.91973 ], [ 12.60778, 56.91999 ], [ 12.60716, 56.92126 ], [ 12.60433, 56.92135 ], [ 12.60118, 56.9193 ], [ 12.59685, 56.91828 ], [ 12.58987, 56.91463 ], [ 12.5824, 56.91542 ], [ 12.577, 56.9134 ], [ 12.57133, 56.9078 ], [ 12.57227, 56.90704 ], [ 12.5699, 56.90153 ], [ 12.57088, 56.89958 ], [ 12.57, 56.89768 ], [ 12.56124, 56.89335 ], [ 12.56402, 56.89232 ], [ 12.56001, 56.89035 ], [ 12.56122, 56.88906 ], [ 12.55481, 56.88653 ], [ 12.55215, 56.88458 ], [ 12.55224, 56.88297 ], [ 12.55598, 56.88004 ], [ 12.55349, 56.87813 ], [ 12.55428, 56.87775 ], [ 12.54999, 56.87503 ], [ 12.5509, 56.87372 ], [ 12.54848, 56.87329 ], [ 12.53563, 56.86723 ], [ 12.62006, 56.74134 ], [ 12.68034, 56.67801 ], [ 12.69144, 56.67641 ], [ 12.70849, 56.6894 ], [ 12.71913, 56.6926 ], [ 12.73056, 56.69318 ], [ 12.74267, 56.69883 ], [ 12.74786, 56.70289 ], [ 12.74584, 56.70948 ], [ 12.7496, 56.71374 ], [ 12.76946, 56.72345 ], [ 12.78189, 56.73344 ], [ 12.79108, 56.73612 ], [ 12.72806, 56.78728 ], [ 12.72878, 56.80191 ], [ 12.78137, 56.81901 ], [ 12.8491, 56.86008 ], [ 12.87591, 56.86159 ], [ 12.97063, 56.86031 ], [ 12.99991, 56.86922 ], [ 13.00539, 56.86412 ], [ 13.20902, 56.87616 ], [ 13.25741, 56.88735 ], [ 13.26095, 56.8839 ], [ 13.26568, 56.88168 ], [ 13.26596, 56.87805 ], [ 13.26978, 56.87715 ], [ 13.27007, 56.87555 ], [ 13.2764, 56.87101 ], [ 13.28051, 56.86417 ], [ 13.30147, 56.85145 ], [ 13.3013, 56.84835 ], [ 13.3037, 56.84695 ], [ 13.30461, 56.83657 ], [ 13.28927, 56.83508 ], [ 13.29709, 56.83084 ], [ 13.2982, 56.82361 ], [ 13.30158, 56.81411 ], [ 13.29987, 56.81378 ], [ 13.3015, 56.80926 ], [ 13.30313, 56.80949 ], [ 13.3049, 56.80412 ], [ 13.31507, 56.7938 ], [ 13.31881, 56.78243 ], [ 13.34573, 56.78223 ], [ 13.35681, 56.77167 ], [ 13.43965, 56.7726 ], [ 13.52425, 56.80824 ], [ 13.52853, 56.83539 ], [ 13.53485, 56.85399 ], [ 13.54851, 56.87755 ], [ 13.55709, 56.87777 ], [ 13.56635, 56.89087 ], [ 13.57629, 56.88931 ], [ 13.58225, 56.89004 ], [ 13.58687, 56.89216 ], [ 13.59106, 56.89249 ], [ 13.60328, 56.89706 ], [ 13.61802, 56.9086 ], [ 13.62382, 56.9076 ], [ 13.66203, 56.91353 ], [ 13.666, 56.92091 ], [ 13.68736, 56.92683 ], [ 13.68488, 56.9318 ], [ 13.68891, 56.93709 ], [ 13.68218, 56.93969 ], [ 13.68154, 56.94219 ], [ 13.68405, 56.94494 ], [ 13.68908, 56.94625 ], [ 13.69359, 56.96355 ], [ 13.68071, 56.97208 ], [ 13.69145, 56.97604 ], [ 13.69271, 56.98859 ], [ 13.69378, 56.98963 ], [ 13.64988, 56.98985 ], [ 13.64808, 56.98964 ], [ 13.64473, 56.9874 ], [ 13.63045, 56.98621 ], [ 13.62699, 56.99143 ], [ 13.62913, 56.99388 ], [ 13.61617, 56.99995 ], [ 13.6137, 57.00298 ], [ 13.6024, 57.00848 ], [ 13.59552, 57.01524 ], [ 13.57197, 57.00397 ], [ 13.55876, 57.00369 ], [ 13.55105, 57.00712 ], [ 13.53233, 57.0255 ], [ 13.52962, 57.02543 ], [ 13.52441, 57.02725 ], [ 13.52178, 57.03944 ], [ 13.50546, 57.03916 ], [ 13.48162, 57.00257 ], [ 13.4229, 56.98803 ], [ 13.41225, 56.98782 ], [ 13.38747, 56.97854 ], [ 13.37762, 56.97674 ], [ 13.3728, 56.96967 ], [ 13.34232, 56.96997 ], [ 13.32996, 56.97139 ], [ 13.33285, 56.97487 ], [ 13.33127, 56.97955 ], [ 13.33285, 56.98014 ], [ 13.33259, 56.98513 ], [ 13.33638, 56.98683 ], [ 13.33595, 56.98983 ], [ 13.33813, 56.9945 ], [ 13.33643, 56.99703 ], [ 13.33087, 56.99914 ], [ 13.3324, 57.00208 ], [ 13.34007, 57.00749 ], [ 13.34446, 57.03216 ], [ 13.28521, 57.03109 ], [ 13.2849, 57.03559 ], [ 13.20751, 57.04119 ], [ 13.17785, 57.04764 ], [ 13.16586, 57.04118 ], [ 13.16362, 57.04099 ], [ 13.15657, 57.03743 ], [ 13.14778, 57.03637 ], [ 13.145, 57.03768 ], [ 13.13664, 57.03455 ], [ 13.13366, 57.03176 ], [ 13.13321, 57.02709 ], [ 13.12121, 57.02518 ], [ 13.12186, 57.02753 ], [ 13.11784, 57.03306 ], [ 13.12145, 57.03526 ], [ 13.12122, 57.03645 ], [ 13.11718, 57.03795 ], [ 13.10841, 57.0438 ], [ 13.10973, 57.05636 ], [ 13.11647, 57.06308 ], [ 13.11208, 57.07276 ], [ 13.10425, 57.07856 ], [ 13.08471, 57.0804 ], [ 13.08127, 57.08358 ], [ 13.08501, 57.08532 ], [ 13.08954, 57.08619 ], [ 13.08492, 57.09346 ], [ 13.07904, 57.09889 ], [ 13.08985, 57.10566 ], [ 13.08825, 57.10674 ], [ 13.08788, 57.11074 ], [ 13.08444, 57.11247 ], [ 13.0806, 57.12517 ], [ 13.07714, 57.1276 ], [ 13.08042, 57.12862 ], [ 13.08082, 57.13251 ], [ 13.10021, 57.14553 ], [ 13.11142, 57.14672 ], [ 13.11697, 57.14939 ], [ 13.11998, 57.15479 ], [ 13.12543, 57.1573 ], [ 13.13073, 57.16412 ], [ 13.13837, 57.16762 ], [ 13.13652, 57.16897 ], [ 13.13816, 57.17093 ], [ 13.13826, 57.17345 ], [ 13.15158, 57.17804 ], [ 13.15855, 57.19039 ], [ 13.16558, 57.19398 ], [ 13.16466, 57.19574 ], [ 13.16593, 57.19951 ], [ 13.16905, 57.20087 ], [ 13.16964, 57.20324 ], [ 13.17637, 57.20898 ], [ 13.17515, 57.21117 ], [ 13.19409, 57.22743 ], [ 13.1899, 57.22963 ], [ 13.18933, 57.23533 ], [ 13.18796, 57.23656 ], [ 13.19541, 57.24307 ], [ 13.19928, 57.25037 ], [ 13.21087, 57.25061 ], [ 13.22383, 57.25497 ], [ 13.22714, 57.25688 ], [ 13.22871, 57.25931 ], [ 13.23314, 57.25974 ], [ 13.23958, 57.25925 ], [ 13.24259, 57.26221 ], [ 13.24709, 57.26403 ], [ 13.24704, 57.28846 ], [ 13.24487, 57.2884 ], [ 13.2351, 57.29506 ], [ 13.21606, 57.29561 ], [ 13.21112, 57.29515 ], [ 13.2046, 57.29757 ], [ 13.20277, 57.29718 ] ] ] } },
{ "type": "Feature", "properties": { "koncession": "380CPX", "natforetag": "E.ON Energidistribution AB", "natforetag_kort": "E.ON Energidistribution", "redovisningsenhet": "REL03028", "spanning_kv": 20.0, "yta_km2": 792.5, "km2_i_halland": 0.0, "i_halland": false }, "geometry": { "type": "Polygon", "coordinates": [ [ [ 13.93545, 57.2408 ], [ 13.93964, 57.24277 ], [ 13.93967, 57.25898 ], [ 13.9246, 57.2664 ], [ 13.91175, 57.26916 ], [ 13.90876, 57.27364 ], [ 13.88793, 57.28223 ], [ 13.87134, 57.27262 ], [ 13.84942, 57.26537 ], [ 13.85176, 57.23611 ], [ 13.79642, 57.23519 ], [ 13.75475, 57.24003 ], [ 13.74804, 57.23921 ], [ 13.70985, 57.24589 ], [ 13.7026, 57.22788 ], [ 13.69134, 57.22289 ], [ 13.66143, 57.22245 ], [ 13.65753, 57.21736 ], [ 13.6567, 57.21035 ], [ 13.65939, 57.2062 ], [ 13.65834, 57.20082 ], [ 13.65404, 57.19641 ], [ 13.65402, 57.1943 ], [ 13.71213, 57.17888 ], [ 13.71482, 57.17313 ], [ 13.70862, 57.16697 ], [ 13.72211, 57.16039 ], [ 13.69706, 57.14877 ], [ 13.70189, 57.14363 ], [ 13.69841, 57.14303 ], [ 13.70077, 57.14131 ], [ 13.70962, 57.14094 ], [ 13.71112, 57.13932 ], [ 13.72015, 57.13889 ], [ 13.74356, 57.14045 ], [ 13.73789, 57.13391 ], [ 13.73267, 57.12121 ], [ 13.69963, 57.11066 ], [ 13.69888, 57.10978 ], [ 13.70179, 57.1072 ], [ 13.70331, 57.10351 ], [ 13.70745, 57.10238 ], [ 13.71617, 57.09677 ], [ 13.71588, 57.09326 ], [ 13.71563, 57.09255 ], [ 13.69544, 57.08428 ], [ 13.69169, 57.07794 ], [ 13.73308, 57.03598 ], [ 13.71252, 57.01804 ], [ 13.70967, 57.00475 ], [ 13.69271, 56.98859 ], [ 13.69145, 56.97604 ], [ 13.68071, 56.97208 ], [ 13.69359, 56.96355 ], [ 13.68908, 56.94625 ], [ 13.68405, 56.94494 ], [ 13.68154, 56.94219 ], [ 13.68218, 56.93969 ], [ 13.68891, 56.93709 ], [ 13.68488, 56.9318 ], [ 13.68736, 56.92683 ], [ 13.666, 56.92091 ], [ 13.66203, 56.91353 ], [ 13.66204, 56.89063 ], [ 13.67374, 56.86233 ], [ 13.69511, 56.85654 ], [ 13.71677, 56.86778 ], [ 13.72982, 56.89221 ], [ 13.7445, 56.89611 ], [ 13.74051, 56.89982 ], [ 13.74698, 56.90752 ], [ 13.79334, 56.90365 ], [ 13.80206, 56.90352 ], [ 13.83548, 56.9287 ], [ 13.86725, 56.94054 ], [ 13.9082, 56.94858 ], [ 13.94101, 56.95021 ], [ 13.95286, 56.93965 ], [ 13.9298, 56.91578 ], [ 13.94574, 56.90063 ], [ 13.99073, 56.90655 ], [ 13.98846, 56.89791 ], [ 13.98515, 56.8938 ], [ 14.00412, 56.89366 ], [ 14.01767, 56.88071 ], [ 14.0949, 56.88128 ], [ 14.10988, 56.88981 ], [ 14.07332, 56.91619 ], [ 14.12736, 56.97739 ], [ 14.09161, 56.98113 ], [ 14.10048, 57.03833 ], [ 14.10651, 57.04607 ], [ 14.03456, 57.06002 ], [ 14.0355, 57.0944 ], [ 14.02261, 57.1123 ], [ 13.99237, 57.11207 ], [ 13.98407, 57.14863 ], [ 13.98161, 57.16508 ], [ 13.96217, 57.17001 ], [ 13.96131, 57.18023 ], [ 13.9639, 57.18513 ], [ 13.97387, 57.18484 ], [ 13.97601, 57.18543 ], [ 13.97256, 57.18961 ], [ 13.97462, 57.18969 ], [ 13.97492, 57.19123 ], [ 13.97633, 57.19134 ], [ 13.97503, 57.19594 ], [ 13.9832, 57.20684 ], [ 13.97854, 57.21252 ], [ 13.93585, 57.22923 ], [ 13.93545, 57.2408 ] ] ] } }
]
}
