{
"type": "FeatureCollection",
"xy_coordinate_resolution": 1e-05,
"features": [
{ "type": "Feature", "properties": { "osm_id": "n1427677181", "namn": "Härryda energi", "operator": "Härryda energi", "natverk": null, "laddpunkter": 50, "uttag_ccs": null, "uttag_chademo": null, "uttag_tesla": null, "uttag_typ2": null, "max_kw": null, "snabbladdare": false, "tunga_fordon": false, "atkomst": "yes", "publik": true, "avgift": null, "kommun": "Härryda", "i_halland": false }, "geometry": { "type": "Point", "coordinates": [ 12.09012, 57.66957 ] } },
{ "type": "Feature", "properties": { "osm_id": "n2715488172", "namn": "Göteborgs Stads Parkerings AB", "operator": "Göteborgs Stads Parkerings AB", "natverk": null, "laddpunkter": 4, "uttag_ccs": null, "uttag_chademo": null, "uttag_tesla": null, "uttag_typ2": 4.0, "max_kw": 4.0, "snabbladdare": false, "tunga_fordon": false, "atkomst": "yes", "publik": true, "avgift": null, "kommun": "Göteborg", "i_halland": false }, "geometry": { "type": "Point", "coordinates": [ 11.98112, 57.70066 ] } },
{ "type": "Feature", "properties": { "osm_id": "n2715488173", "namn": "Göteborg Energi", "operator": "Göteborg Energi", "natverk": null, "laddpunkter": 2, "uttag_ccs": null, "uttag_chademo": null, "uttag_tesla": null, "uttag_typ2": 2.0, "max_kw": 11.0, "snabbladdare": false, "tunga_fordon": false, "atkomst": "customers", "publik": false, "avgift": null, "kommun": "Göteborg", "i_halland": false }, "geometry": { "type": "Point", "coordinates": [ 11.95333, 57.72323 ] } },
{ "type": "Feature", "properties": { "osm_id": "n2717412291", "namn": "P-Huset Nordstan", "operator": "P-Huset Nordstan", "natverk": null, "laddpunkter": 31, "uttag_ccs": null, "uttag_chademo": null, "uttag_tesla": null, "uttag_typ2": 31.0, "max_kw": 4.0, "snabbladdare": false, "tunga_fordon": false, "atkomst": "yes", "publik": true, "avgift": null, "kommun": "Göteborg", "i_halland": false }, "geometry": { "type": "Point", "coordinates": [ 11.96755, 57.70978 ] } },
{ "type": "Feature", "properties": { "osm_id": "n2719443316", "namn": null, "operator": null, "natverk": null, "laddpunkter": null, "uttag_ccs": null, "uttag_chademo": 1, "uttag_tesla": null, "uttag_typ2": null, "max_kw": null, "snabbladdare": true, "tunga_fordon": false, "atkomst": "ej angiven", "publik": true, "avgift": null, "kommun": "Mölndal", "i_halland": false }, "geometry": { "type": "Point", "coordinates": [ 12.00556, 57.67812 ] } },
{ "type": "Feature", "properties": { "osm_id": "n2719443337", "namn": "Göteborg Energi", "operator": "Göteborg Energi", "natverk": null, "laddpunkter": 1, "uttag_ccs": null, "uttag_chademo": 1, "uttag_tesla": null, "uttag_typ2": null, "max_kw": 4.0, "snabbladdare": true, "tunga_fordon": false, "atkomst": "yes", "publik": true, "avgift": null, "kommun": "Göteborg", "i_halland": false }, "geometry": { "type": "Point", "coordinates": [ 11.96507, 57.71761 ] } },
{ "type": "Feature", "properties": { "osm_id": "n2724312704", "namn": "Göteborg Energi", "operator": "Göteborgs Stads Parkerings AB", "natverk": "Göteborg Energi", "laddpunkter": 2, "uttag_ccs": null, "uttag_chademo": 1, "uttag_tesla": null, "uttag_typ2": 2.0, "max_kw": 22.0, "snabbladdare": true, "tunga_fordon": false, "atkomst": "yes", "publik": true, "avgift": null, "kommun": "Göteborg", "i_halland": false }, "geometry": { "type": "Point", "coordinates": [ 11.99128, 57.7081 ] } },
{ "type": "Feature", "properties": { "osm_id": "n2725433736", "namn": "Schneider Electric", "operator": "Schneider Electric", "natverk": null, "laddpunkter": 2, "uttag_ccs": null, "uttag_chademo": null, "uttag_tesla": null, "uttag_typ2": 1.0, "max_kw": null, "snabbladdare": false, "tunga_fordon": false, "atkomst": "ej angiven", "publik": true, "avgift": null, "kommun": "Göteborg", "i_halland": false }, "geometry": { "type": "Point", "coordinates": [ 12.00039, 57.68257 ] } },
{ "type": "Feature", "properties": { "osm_id": "n2726361671", "namn": null, "operator": null, "natverk": null, "laddpunkter": null, "uttag_ccs": null, "uttag_chademo": null, "uttag_tesla": null, "uttag_typ2": null, "max_kw": null, "snabbladdare": false, "tunga_fordon": false, "atkomst": "ej angiven", "publik": true, "avgift": null, "kommun": "Göteborg", "i_halland": false }, "geometry": { "type": "Point", "coordinates": [ 11.91396, 57.70021 ] } },
{ "type": "Feature", "properties": { "osm_id": "n2726361675", "namn": "Norra Älvstranden Service AB", "operator": "Norra Älvstranden Service AB", "natverk": null, "laddpunkter": 1, "uttag_ccs": null, "uttag_chademo": null, "uttag_tesla": null, "uttag_typ2": null, "max_kw": 4.0, "snabbladdare": false, "tunga_fordon": false, "atkomst": "yes", "publik": true, "avgift": null, "kommun": "Göteborg", "i_halland": false }, "geometry": { "type": "Point", "coordinates": [ 11.93858, 57.70739 ] } },
{ "type": "Feature", "properties": { "osm_id": "n2726361677", "namn": "ICA", "operator": "ICA", "natverk": null, "laddpunkter": 5, "uttag_ccs": null, "uttag_chademo": null, "uttag_tesla": null, "uttag_typ2": 5.0, "max_kw": 11.0, "snabbladdare": false, "tunga_fordon": false, "atkomst": "customers", "publik": false, "avgift": null, "kommun": "Göteborg", "i_halland": false }, "geometry": { "type": "Point", "coordinates": [ 11.92794, 57.71019 ] } },
{ "type": "Feature", "properties": { "osm_id": "n2729069700", "namn": "Novotel", "operator": "Novotel", "natverk": null, "laddpunkter": 1, "uttag_ccs": null, "uttag_chademo": null, "uttag_tesla": null, "uttag_typ2": null, "max_kw": 4.0, "snabbladdare": false, "tunga_fordon": false, "atkomst": "customers", "publik": false, "avgift": null, "kommun": "Göteborg", "i_halland": false }, "geometry": { "type": "Point", "coordinates": [ 11.90743, 57.69052 ] } },
{ "type": "Feature", "properties": { "osm_id": "n2729069701", "namn": "Sjömagasinet", "operator": "Sjömagasinet", "natverk": null, "laddpunkter": 2, "uttag_ccs": null, "uttag_chademo": null, "uttag_tesla": null, "uttag_typ2": 2.0, "max_kw": 11.0, "snabbladdare": false, "tunga_fordon": false, "atkomst": "customers", "publik": false, "avgift": null, "kommun": "Göteborg", "i_halland": false }, "geometry": { "type": "Point", "coordinates": [ 11.90926, 57.69157 ] } },
{ "type": "Feature", "properties": { "osm_id": "n2729069702", "namn": "Göteborgs Hamn", "operator": "Göteborgs Hamn", "natverk": null, "laddpunkter": 2, "uttag_ccs": null, "uttag_chademo": null, "uttag_tesla": null, "uttag_typ2": null, "max_kw": 4.0, "snabbladdare": false, "tunga_fordon": false, "atkomst": "yes", "publik": true, "avgift": null, "kommun": "Göteborg", "i_halland": false }, "geometry": { "type": "Point", "coordinates": [ 11.92977, 57.70008 ] } },
{ "type": "Feature", "properties": { "osm_id": "n2740168097", "namn": null, "operator": null, "natverk": null, "laddpunkter": 5, "uttag_ccs": null, "uttag_chademo": null, "uttag_tesla": null, "uttag_typ2": null, "max_kw": null, "snabbladdare": false, "tunga_fordon": false, "atkomst": "ej angiven", "publik": true, "avgift": null, "kommun": "Göteborg", "i_halland": false }, "geometry": { "type": "Point", "coordinates": [ 11.93385, 57.6487 ] } },
{ "type": "Feature", "properties": { "osm_id": "n2740168098", "namn": "Diligentia Köpcentrum AB", "operator": "Diligentia Köpcentrum AB", "natverk": null, "laddpunkter": 2, "uttag_ccs": null, "uttag_chademo": null, "uttag_tesla": null, "uttag_typ2": null, "max_kw": 4.0, "snabbladdare": false, "tunga_fordon": false, "atkomst": "customers", "publik": false, "avgift": null, "kommun": "Göteborg", "i_halland": false }, "geometry": { "type": "Point", "coordinates": [ 11.91383, 57.65124 ] } },
{ "type": "Feature", "properties": { "osm_id": "n2740168099", "namn": "Diligentia Köpcentrum AB", "operator": "Diligentia Köpcentrum AB", "natverk": null, "laddpunkter": 3, "uttag_ccs": null, "uttag_chademo": null, "uttag_tesla": null, "uttag_typ2": null, "max_kw": 4.0, "snabbladdare": false, "tunga_fordon": false, "atkomst": "customers", "publik": false, "avgift": null, "kommun": "Göteborg", "i_halland": false }, "geometry": { "type": "Point", "coordinates": [ 11.91481, 57.65308 ] } },
{ "type": "Feature", "properties": { "osm_id": "n2759719887", "namn": "Coop", "operator": "Coop", "natverk": null, "laddpunkter": 2, "uttag_ccs": null, "uttag_chademo": null, "uttag_tesla": null, "uttag_typ2": null, "max_kw": 4.0, "snabbladdare": false, "tunga_fordon": false, "atkomst": "customers", "publik": false, "avgift": null, "kommun": "Göteborg", "i_halland": false }, "geometry": { "type": "Point", "coordinates": [ 11.9989, 57.76966 ] } },
{ "type": "Feature", "properties": { "osm_id": "n2759719889", "namn": null, "operator": null, "natverk": null, "laddpunkter": null, "uttag_ccs": null, "uttag_chademo": null, "uttag_tesla": null, "uttag_typ2": 4.0, "max_kw": null, "snabbladdare": false, "tunga_fordon": false, "atkomst": "ej angiven", "publik": true, "avgift": null, "kommun": "Göteborg", "i_halland": false }, "geometry": { "type": "Point", "coordinates": [ 12.00058, 57.77407 ] } },
{ "type": "Feature", "properties": { "osm_id": "n2787434111", "namn": "Göteborg Energi", "operator": null, "natverk": "Göteborg Energi", "laddpunkter": 10, "uttag_ccs": 1.0, "uttag_chademo": 1, "uttag_tesla": null, "uttag_typ2": 10.0, "max_kw": 4.0, "snabbladdare": true, "tunga_fordon": false, "atkomst": "yes", "publik": true, "avgift": null, "kommun": "Göteborg", "i_halland": false }, "geometry": { "type": "Point", "coordinates": [ 12.05053, 57.79344 ] } },
{ "type": "Feature", "properties": { "osm_id": "n2789330475", "namn": "Maxi ICA Stormarknad", "operator": "Virta", "natverk": "Maxi ICA Stormarknad", "laddpunkter": 22, "uttag_ccs": null, "uttag_chademo": null, "uttag_tesla": null, "uttag_typ2": null, "max_kw": null, "snabbladdare": false, "tunga_fordon": false, "atkomst": "yes", "publik": true, "avgift": "yes", "kommun": "Göteborg", "i_halland": false }, "geometry": { "type": "Point", "coordinates": [ 11.77341, 57.70933 ] } },
{ "type": "Feature", "properties": { "osm_id": "n2789330481", "namn": null, "operator": null, "natverk": null, "laddpunkter": null, "uttag_ccs": null, "uttag_chademo": null, "uttag_tesla": null, "uttag_typ2": null, "max_kw": null, "snabbladdare": false, "tunga_fordon": false, "atkomst": "ej angiven", "publik": true, "avgift": null, "kommun": "Göteborg", "i_halland": false }, "geometry": { "type": "Point", "coordinates": [ 11.85835, 57.72768 ] } },
{ "type": "Feature", "properties": { "osm_id": "n2789330485", "namn": "Volvo Cars", "operator": "Volvo Cars", "natverk": null, "laddpunkter": 5, "uttag_ccs": null, "uttag_chademo": null, "uttag_tesla": null, "uttag_typ2": 5.0, "max_kw": 11.0, "snabbladdare": false, "tunga_fordon": false, "atkomst": "yes", "publik": true, "avgift": null, "kommun": "Göteborg", "i_halland": false }, "geometry": { "type": "Point", "coordinates": [ 11.85497, 57.72952 ] } },
{ "type": "Feature", "properties": { "osm_id": "n2789330489", "namn": "Volvo Cars", "operator": "Volvo Cars", "natverk": null, "laddpunkter": 8, "uttag_ccs": null, "uttag_chademo": null, "uttag_tesla": null, "uttag_typ2": 8.0, "max_kw": 11.0, "snabbladdare": false, "tunga_fordon": false, "atkomst": "yes", "publik": true, "avgift": null, "kommun": "Göteborg", "i_halland": false }, "geometry": { "type": "Point", "coordinates": [ 11.85521, 57.73147 ] } },
{ "type": "Feature", "properties": { "osm_id": "n2837728979", "namn": "Jula Sisjön", "operator": "Jula Sisjön", "natverk": null, "laddpunkter": 2, "uttag_ccs": null, "uttag_chademo": null, "uttag_tesla": null, "uttag_typ2": 1.0, "max_kw": 4.0, "snabbladdare": false, "tunga_fordon": false, "atkomst": "yes", "publik": true, "avgift": null, "kommun": "Göteborg", "i_halland": false }, "geometry": { "type": "Point", "coordinates": [ 11.9499, 57.64185 ] } },
{ "type": "Feature", "properties": { "osm_id": "n2837728980", "namn": "Recharge", "operator": "Fortum", "natverk": "Recharge", "laddpunkter": 2, "uttag_ccs": null, "uttag_chademo": null, "uttag_tesla": null, "uttag_typ2": 2.0, "max_kw": 22.0, "snabbladdare": false, "tunga_fordon": false, "atkomst": "yes", "publik": true, "avgift": null, "kommun": "Mölndal", "i_halland": false }, "geometry": { "type": "Point", "coordinates": [ 12.05057, 57.60143 ] } },
{ "type": "Feature", "properties": { "osm_id": "n2837728981", "namn": "Göteborg Energi", "operator": "Willys Sisjön", "natverk": "Göteborg Energi", "laddpunkter": 10, "uttag_ccs": null, "uttag_chademo": null, "uttag_tesla": null, "uttag_typ2": 10.0, "max_kw": 22.0, "snabbladdare": false, "tunga_fordon": false, "atkomst": "yes", "publik": true, "avgift": null, "kommun": "Göteborg", "i_halland": false }, "geometry": { "type": "Point", "coordinates": [ 11.95298, 57.64042 ] } },
{ "type": "Feature", "properties": { "osm_id": "n2845829911", "namn": "Recharge", "operator": "Fortum Charge & Drive", "natverk": "Recharge", "laddpunkter": 2, "uttag_ccs": 1.0, "uttag_chademo": 1, "uttag_tesla": null, "uttag_typ2": 1.0, "max_kw": 50.0, "snabbladdare": true, "tunga_fordon": false, "atkomst": "yes", "publik": true, "avgift": null, "kommun": "Härryda", "i_halland": false }, "geometry": { "type": "Point", "coordinates": [ 12.31078, 57.67918 ] } },
{ "type": "Feature", "properties": { "osm_id": "n2845829912", "namn": "OKQ8", "operator": "OKQ8 Landvetter", "natverk": "OKQ8", "laddpunkter": 2, "uttag_ccs": 1.0, "uttag_chademo": 1, "uttag_tesla": null, "uttag_typ2": 1.0, "max_kw": 50.0, "snabbladdare": true, "tunga_fordon": false, "atkomst": "yes", "publik": true, "avgift": null, "kommun": "Härryda", "i_halland": false }, "geometry": { "type": "Point", "coordinates": [ 12.31083, 57.67962 ] } },
{ "type": "Feature", "properties": { "osm_id": "n2901020363", "namn": "Recharge", "operator": "Recharge", "natverk": "Recharge", "laddpunkter": 2, "uttag_ccs": 1.0, "uttag_chademo": 1, "uttag_tesla": null, "uttag_typ2": 1.0, "max_kw": 50.0, "snabbladdare": true, "tunga_fordon": false, "atkomst": "yes", "publik": true, "avgift": "yes", "kommun": "Göteborg", "i_halland": false }, "geometry": { "type": "Point", "coordinates": [ 11.993, 57.70786 ] } },
{ "type": "Feature", "properties": { "osm_id": "n3066347788", "namn": "Tesla Supercharger", "operator": "Tesla", "natverk": "Tesla Supercharger", "laddpunkter": 18, "uttag_ccs": 18.0, "uttag_chademo": null, "uttag_tesla": 18, "uttag_typ2": null, "max_kw": 250.0, "snabbladdare": true, "tunga_fordon": false, "atkomst": "yes", "publik": true, "avgift": "yes", "kommun": "Falkenberg", "i_halland": true }, "geometry": { "type": "Point", "coordinates": [ 12.51881, 56.93183 ] } },
{ "type": "Feature", "properties": { "osm_id": "n3102353279", "namn": "Volvo Cars", "operator": "Volvo Cars", "natverk": null, "laddpunkter": 28, "uttag_ccs": null, "uttag_chademo": null, "uttag_tesla": null, "uttag_typ2": 28.0, "max_kw": 11.0, "snabbladdare": false, "tunga_fordon": false, "atkomst": "yes", "publik": true, "avgift": null, "kommun": "Göteborg", "i_halland": false }, "geometry": { "type": "Point", "coordinates": [ 11.86246, 57.72766 ] } },
{ "type": "Feature", "properties": { "osm_id": "n3127472018", "namn": "Toftaholm Supercharger", "operator": "Tesla", "natverk": "Tesla Supercharger", "laddpunkter": 16, "uttag_ccs": 16.0, "uttag_chademo": null, "uttag_tesla": 8, "uttag_typ2": null, "max_kw": 250.0, "snabbladdare": true, "tunga_fordon": false, "atkomst": "yes", "publik": true, "avgift": "yes", "kommun": "Ljungby", "i_halland": false }, "geometry": { "type": "Point", "coordinates": [ 14.01486, 57.02889 ] } },
{ "type": "Feature", "properties": { "osm_id": "n4222947395", "namn": "Ljungby kommun", "operator": "Ljungby kommun", "natverk": null, "laddpunkter": 2, "uttag_ccs": null, "uttag_chademo": null, "uttag_tesla": null, "uttag_typ2": 2.0, "max_kw": 22.0, "snabbladdare": false, "tunga_fordon": false, "atkomst": "yes", "publik": true, "avgift": null, "kommun": "Ljungby", "i_halland": false }, "geometry": { "type": "Point", "coordinates": [ 13.94064, 56.83318 ] } },
{ "type": "Feature", "properties": { "osm_id": "n4282573688", "namn": "Göteborg Energi", "operator": "Göteborgs Stads Parkerings AB", "natverk": "Göteborg Energi", "laddpunkter": 2, "uttag_ccs": 1.0, "uttag_chademo": 1, "uttag_tesla": null, "uttag_typ2": 1.0, "max_kw": 50.0, "snabbladdare": true, "tunga_fordon": false, "atkomst": "yes", "publik": true, "avgift": null, "kommun": "Göteborg", "i_halland": false }, "geometry": { "type": "Point", "coordinates": [ 11.95135, 57.6906 ] } },
{ "type": "Feature", "properties": { "osm_id": "n4620696412", "namn": "Lidl Sverige KB", "operator": "Lidl Sverige KB", "natverk": null, "laddpunkter": 2, "uttag_ccs": 1.0, "uttag_chademo": 1, "uttag_tesla": null, "uttag_typ2": 1.0, "max_kw": 50.0, "snabbladdare": true, "tunga_fordon": false, "atkomst": "yes", "publik": true, "avgift": null, "kommun": "Ljungby", "i_halland": false }, "geometry": { "type": "Point", "coordinates": [ 13.93392, 56.83144 ] } },
{ "type": "Feature", "properties": { "osm_id": "n4868120389", "namn": "Varberg Energi", "operator": "Varberg Energi", "natverk": null, "laddpunkter": null, "uttag_ccs": null, "uttag_chademo": null, "uttag_tesla": null, "uttag_typ2": null, "max_kw": null, "snabbladdare": false, "tunga_fordon": false, "atkomst": "ej angiven", "publik": true, "avgift": null, "kommun": "Varberg", "i_halland": true }, "geometry": { "type": "Point", "coordinates": [ 12.26511, 57.10509 ] } },
{ "type": "Feature", "properties": { "osm_id": "n5150766260", "namn": "Green Charge", "operator": "Green Charge", "natverk": null, "laddpunkter": 4, "uttag_ccs": null, "uttag_chademo": null, "uttag_tesla": null, "uttag_typ2": 4.0, "max_kw": 22.0, "snabbladdare": false, "tunga_fordon": false, "atkomst": "yes", "publik": true, "avgift": null, "kommun": "Ljungby", "i_halland": false }, "geometry": { "type": "Point", "coordinates": [ 13.9346, 56.83206 ] } },
{ "type": "Feature", "properties": { "osm_id": "n5181333008", "namn": "Mer", "operator": "Preem", "natverk": "Mer", "laddpunkter": 2, "uttag_ccs": 1.0, "uttag_chademo": 1, "uttag_tesla": null, "uttag_typ2": 1.0, "max_kw": 50.0, "snabbladdare": true, "tunga_fordon": false, "atkomst": "yes", "publik": true, "avgift": null, "kommun": "Göteborg", "i_halland": false }, "geometry": { "type": "Point", "coordinates": [ 11.99557, 57.74766 ] } },
{ "type": "Feature", "properties": { "osm_id": "n5245067475", "namn": "E.ON", "operator": "Max", "natverk": "E.ON", "laddpunkter": 2, "uttag_ccs": 1.0, "uttag_chademo": 1, "uttag_tesla": null, "uttag_typ2": 1.0, "max_kw": 50.0, "snabbladdare": true, "tunga_fordon": false, "atkomst": "yes", "publik": true, "avgift": null, "kommun": "Ljungby", "i_halland": false }, "geometry": { "type": "Point", "coordinates": [ 13.90891, 56.81214 ] } },
{ "type": "Feature", "properties": { "osm_id": "n5465264432", "namn": "Kungsbacka kommun", "operator": "Kungsbacka kommun", "natverk": null, "laddpunkter": 4, "uttag_ccs": null, "uttag_chademo": null, "uttag_tesla": null, "uttag_typ2": 4.0, "max_kw": 22.0, "snabbladdare": false, "tunga_fordon": false, "atkomst": "yes", "publik": true, "avgift": null, "kommun": "Kungsbacka", "i_halland": true }, "geometry": { "type": "Point", "coordinates": [ 12.07699, 57.48985 ] } },
{ "type": "Feature", "properties": { "osm_id": "n5972725971", "namn": "Mer Klippan järnvägsstation", "operator": null, "natverk": "Mer", "laddpunkter": 4, "uttag_ccs": null, "uttag_chademo": null, "uttag_tesla": null, "uttag_typ2": 4.0, "max_kw": 22.0, "snabbladdare": false, "tunga_fordon": false, "atkomst": "yes", "publik": true, "avgift": null, "kommun": "Klippan", "i_halland": false }, "geometry": { "type": "Point", "coordinates": [ 13.12876, 56.13129 ] } },
{ "type": "Feature", "properties": { "osm_id": "n6003198603", "namn": null, "operator": null, "natverk": null, "laddpunkter": null, "uttag_ccs": null, "uttag_chademo": null, "uttag_tesla": null, "uttag_typ2": null, "max_kw": null, "snabbladdare": false, "tunga_fordon": false, "atkomst": "ej angiven", "publik": true, "avgift": "no", "kommun": "Varberg", "i_halland": true }, "geometry": { "type": "Point", "coordinates": [ 12.24913, 57.08482 ] } },
{ "type": "Feature", "properties": { "osm_id": "n6008225871", "namn": "Kungsbacka kommun", "operator": "Kungsbacka kommun", "natverk": null, "laddpunkter": 4, "uttag_ccs": null, "uttag_chademo": null, "uttag_tesla": null, "uttag_typ2": 4.0, "max_kw": 22.0, "snabbladdare": false, "tunga_fordon": false, "atkomst": "yes", "publik": true, "avgift": null, "kommun": "Kungsbacka", "i_halland": true }, "geometry": { "type": "Point", "coordinates": [ 12.07679, 57.49092 ] } },
{ "type": "Feature", "properties": { "osm_id": "n6051187099", "namn": "Göteborg Energi", "operator": "Göteborgs Stads Parkerings AB", "natverk": "Göteborg Energi", "laddpunkter": 2, "uttag_ccs": 1.0, "uttag_chademo": 1, "uttag_tesla": null, "uttag_typ2": 1.0, "max_kw": 50.0, "snabbladdare": true, "tunga_fordon": false, "atkomst": "yes", "publik": true, "avgift": null, "kommun": "Göteborg", "i_halland": false }, "geometry": { "type": "Point", "coordinates": [ 11.95167, 57.72109 ] } },
{ "type": "Feature", "properties": { "osm_id": "n6055644101", "namn": "Hotell Halland", "operator": "Hotell Halland", "natverk": null, "laddpunkter": 2, "uttag_ccs": null, "uttag_chademo": null, "uttag_tesla": null, "uttag_typ2": 2.0, "max_kw": 11.0, "snabbladdare": false, "tunga_fordon": false, "atkomst": "customers", "publik": false, "avgift": null, "kommun": "Kungsbacka", "i_halland": true }, "geometry": { "type": "Point", "coordinates": [ 12.07719, 57.48908 ] } },
{ "type": "Feature", "properties": { "osm_id": "n6068383323", "namn": null, "operator": null, "natverk": null, "laddpunkter": 2, "uttag_ccs": 1.0, "uttag_chademo": 1, "uttag_tesla": null, "uttag_typ2": 1.0, "max_kw": 50.0, "snabbladdare": true, "tunga_fordon": false, "atkomst": "yes", "publik": true, "avgift": null, "kommun": "Göteborg", "i_halland": false }, "geometry": { "type": "Point", "coordinates": [ 11.99313, 57.75864 ] } },
{ "type": "Feature", "properties": { "osm_id": "n6535513605", "namn": "Lidl", "operator": "Lidl", "natverk": null, "laddpunkter": null, "uttag_ccs": null, "uttag_chademo": null, "uttag_tesla": null, "uttag_typ2": null, "max_kw": null, "snabbladdare": false, "tunga_fordon": false, "atkomst": "ej angiven", "publik": true, "avgift": null, "kommun": "Ljungby", "i_halland": false }, "geometry": { "type": "Point", "coordinates": [ 13.93344, 56.83171 ] } },
{ "type": "Feature", "properties": { "osm_id": "n7183789329", "namn": "ICA Kvantum", "operator": "ICA Kvantum Falkenberg", "natverk": "ICA Kvantum", "laddpunkter": 8, "uttag_ccs": null, "uttag_chademo": null, "uttag_tesla": null, "uttag_typ2": 8.0, "max_kw": 22.0, "snabbladdare": false, "tunga_fordon": false, "atkomst": "yes", "publik": true, "avgift": "yes", "kommun": "Falkenberg", "i_halland": true }, "geometry": { "type": "Point", "coordinates": [ 12.48446, 56.90362 ] } },
{ "type": "Feature", "properties": { "osm_id": "n7441768871", "namn": "Rejmes", "operator": "Rejmes", "natverk": null, "laddpunkter": 5, "uttag_ccs": null, "uttag_chademo": null, "uttag_tesla": null, "uttag_typ2": 5.0, "max_kw": 22.0, "snabbladdare": false, "tunga_fordon": false, "atkomst": "yes", "publik": true, "avgift": null, "kommun": "Falkenberg", "i_halland": true }, "geometry": { "type": "Point", "coordinates": [ 12.50396, 56.91496 ] } },
{ "type": "Feature", "properties": { "osm_id": "n7466408606", "namn": "Tesla Motors Inc.", "operator": "Tesla Motors Inc.", "natverk": null, "laddpunkter": 4, "uttag_ccs": null, "uttag_chademo": null, "uttag_tesla": null, "uttag_typ2": null, "max_kw": null, "snabbladdare": false, "tunga_fordon": false, "atkomst": "ej angiven", "publik": true, "avgift": null, "kommun": "Båstad", "i_halland": false }, "geometry": { "type": "Point", "coordinates": [ 12.7074, 56.46795 ] } },
{ "type": "Feature", "properties": { "osm_id": "n7519579618", "namn": "Recharge", "operator": "Recharge", "natverk": "Recharge", "laddpunkter": 9, "uttag_ccs": 8.0, "uttag_chademo": 1, "uttag_tesla": null, "uttag_typ2": null, "max_kw": 300.0, "snabbladdare": true, "tunga_fordon": false, "atkomst": "yes", "publik": true, "avgift": null, "kommun": "Falkenberg", "i_halland": true }, "geometry": { "type": "Point", "coordinates": [ 12.51735, 56.93158 ] } },
{ "type": "Feature", "properties": { "osm_id": "n7524111493", "namn": "Recharge", "operator": "Fortum Charge & Drive", "natverk": "Recharge", "laddpunkter": 3, "uttag_ccs": 1.0, "uttag_chademo": 1, "uttag_tesla": null, "uttag_typ2": 2.0, "max_kw": 50.0, "snabbladdare": true, "tunga_fordon": false, "atkomst": "yes", "publik": true, "avgift": null, "kommun": "Mölndal", "i_halland": false }, "geometry": { "type": "Point", "coordinates": [ 11.98291, 57.646 ] } },
{ "type": "Feature", "properties": { "osm_id": "n7524285846", "namn": "Recharge", "operator": "Fortum Charge & Drive", "natverk": "Recharge", "laddpunkter": 4, "uttag_ccs": 1.0, "uttag_chademo": 1, "uttag_tesla": null, "uttag_typ2": 3.0, "max_kw": 50.0, "snabbladdare": true, "tunga_fordon": false, "atkomst": "yes", "publik": true, "avgift": null, "kommun": "Göteborg", "i_halland": false }, "geometry": { "type": "Point", "coordinates": [ 11.99141, 57.74702 ] } },
{ "type": "Feature", "properties": { "osm_id": "n7524320388", "namn": "Recharge", "operator": "Recharge", "natverk": "Recharge", "laddpunkter": 3, "uttag_ccs": 1.0, "uttag_chademo": 1, "uttag_tesla": null, "uttag_typ2": 2.0, "max_kw": 50.0, "snabbladdare": true, "tunga_fordon": false, "atkomst": "yes", "publik": true, "avgift": null, "kommun": "Partille", "i_halland": false }, "geometry": { "type": "Point", "coordinates": [ 12.12603, 57.7411 ] } },
{ "type": "Feature", "properties": { "osm_id": "n7589568871", "namn": "E.ON Drive", "operator": "E.ON", "natverk": "E.ON Drive", "laddpunkter": 8, "uttag_ccs": 8.0, "uttag_chademo": null, "uttag_tesla": null, "uttag_typ2": null, "max_kw": 400.0, "snabbladdare": true, "tunga_fordon": false, "atkomst": "yes", "publik": true, "avgift": null, "kommun": "Falkenberg", "i_halland": true }, "geometry": { "type": "Point", "coordinates": [ 12.51773, 56.93137 ] } },
{ "type": "Feature", "properties": { "osm_id": "n7603669930", "namn": "Ljungby kommun", "operator": "Ljungby kommun", "natverk": null, "laddpunkter": 2, "uttag_ccs": null, "uttag_chademo": null, "uttag_tesla": null, "uttag_typ2": 2.0, "max_kw": 22.0, "snabbladdare": false, "tunga_fordon": false, "atkomst": "yes", "publik": true, "avgift": null, "kommun": "Ljungby", "i_halland": false }, "geometry": { "type": "Point", "coordinates": [ 13.93981, 56.82794 ] } },
{ "type": "Feature", "properties": { "osm_id": "n7659608607", "namn": "InCharge", "operator": "InCharge AB", "natverk": "InCharge", "laddpunkter": 4, "uttag_ccs": null, "uttag_chademo": null, "uttag_tesla": null, "uttag_typ2": null, "max_kw": null, "snabbladdare": false, "tunga_fordon": false, "atkomst": "yes", "publik": true, "avgift": "yes", "kommun": "Göteborg", "i_halland": false }, "geometry": { "type": "Point", "coordinates": [ 11.95435, 57.59812 ] } },
{ "type": "Feature", "properties": { "osm_id": "n7659608608", "namn": "Eon / Ica Ladda", "operator": "Eon / Ica Ladda", "natverk": null, "laddpunkter": 6, "uttag_ccs": null, "uttag_chademo": null, "uttag_tesla": null, "uttag_typ2": null, "max_kw": null, "snabbladdare": false, "tunga_fordon": false, "atkomst": "customers", "publik": false, "avgift": "yes", "kommun": "Göteborg", "i_halland": false }, "geometry": { "type": "Point", "coordinates": [ 11.95362, 57.59929 ] } },
{ "type": "Feature", "properties": { "osm_id": "n7674510494", "namn": "Recharge", "operator": "Fortum", "natverk": "Recharge", "laddpunkter": 9, "uttag_ccs": 7.0, "uttag_chademo": 1, "uttag_tesla": null, "uttag_typ2": 2.0, "max_kw": 225.0, "snabbladdare": true, "tunga_fordon": false, "atkomst": "yes", "publik": true, "avgift": null, "kommun": "Kungsbacka", "i_halland": true }, "geometry": { "type": "Point", "coordinates": [ 12.06042, 57.47395 ] } },
{ "type": "Feature", "properties": { "osm_id": "n7782323858", "namn": "Göteborg Energi", "operator": "Göteborgs Stads Parkerings AB", "natverk": "Göteborg Energi", "laddpunkter": 2, "uttag_ccs": 1.0, "uttag_chademo": 1, "uttag_tesla": null, "uttag_typ2": 1.0, "max_kw": 50.0, "snabbladdare": true, "tunga_fordon": false, "atkomst": "yes", "publik": true, "avgift": null, "kommun": "Göteborg", "i_halland": false }, "geometry": { "type": "Point", "coordinates": [ 11.99086, 57.70749 ] } },
{ "type": "Feature", "properties": { "osm_id": "n7824406466", "namn": "Göteborg Energi", "operator": "Göteborg Energi", "natverk": "Göteborg Energi", "laddpunkter": 2, "uttag_ccs": 1.0, "uttag_chademo": 1, "uttag_tesla": null, "uttag_typ2": 1.0, "max_kw": 50.0, "snabbladdare": true, "tunga_fordon": false, "atkomst": "yes", "publik": true, "avgift": null, "kommun": "Göteborg", "i_halland": false }, "geometry": { "type": "Point", "coordinates": [ 12.02711, 57.67711 ] } },
{ "type": "Feature", "properties": { "osm_id": "n8618033127", "namn": "E.ON Pendlarparkering Tyringe station", "operator": "E.ON", "natverk": "E.ON", "laddpunkter": 2, "uttag_ccs": null, "uttag_chademo": null, "uttag_tesla": null, "uttag_typ2": 2.0, "max_kw": 22.0, "snabbladdare": false, "tunga_fordon": false, "atkomst": "yes", "publik": true, "avgift": "yes", "kommun": "Hässleholm", "i_halland": false }, "geometry": { "type": "Point", "coordinates": [ 13.59761, 56.15954 ] } },
{ "type": "Feature", "properties": { "osm_id": "n8651603763", "namn": "InCharge", "operator": "InCharge", "natverk": null, "laddpunkter": 8, "uttag_ccs": null, "uttag_chademo": null, "uttag_tesla": null, "uttag_typ2": null, "max_kw": null, "snabbladdare": false, "tunga_fordon": false, "atkomst": "ej angiven", "publik": true, "avgift": null, "kommun": "Varberg", "i_halland": true }, "geometry": { "type": "Point", "coordinates": [ 12.25859, 57.12078 ] } },
{ "type": "Feature", "properties": { "osm_id": "n8879569341", "namn": "Lidl Sverige KB", "operator": "Lidl Sverige KB", "natverk": null, "laddpunkter": 2, "uttag_ccs": 1.0, "uttag_chademo": 1, "uttag_tesla": null, "uttag_typ2": 1.0, "max_kw": 50.0, "snabbladdare": true, "tunga_fordon": false, "atkomst": "yes", "publik": true, "avgift": null, "kommun": "Halmstad", "i_halland": true }, "geometry": { "type": "Point", "coordinates": [ 12.86862, 56.69416 ] } },
{ "type": "Feature", "properties": { "osm_id": "n8892324324", "namn": "Gekås Ullared AB", "operator": "Gekås Ullared AB", "natverk": null, "laddpunkter": 20, "uttag_ccs": null, "uttag_chademo": null, "uttag_tesla": null, "uttag_typ2": 20.0, "max_kw": 22.0, "snabbladdare": false, "tunga_fordon": false, "atkomst": "yes", "publik": true, "avgift": null, "kommun": "Falkenberg", "i_halland": true }, "geometry": { "type": "Point", "coordinates": [ 12.71004, 57.13423 ] } },
{ "type": "Feature", "properties": { "osm_id": "n8926074787", "namn": "HPC", "operator": "Vattenfall", "natverk": "inCharge", "laddpunkter": 2, "uttag_ccs": 2.0, "uttag_chademo": null, "uttag_tesla": null, "uttag_typ2": null, "max_kw": 60.0, "snabbladdare": true, "tunga_fordon": false, "atkomst": "yes", "publik": true, "avgift": "yes", "kommun": "Halmstad", "i_halland": true }, "geometry": { "type": "Point", "coordinates": [ 12.90823, 56.65838 ] } },
{ "type": "Feature", "properties": { "osm_id": "n8926074788", "namn": "AC Charger", "operator": "inCharge", "natverk": "inCharge", "laddpunkter": 4, "uttag_ccs": 2.0, "uttag_chademo": null, "uttag_tesla": null, "uttag_typ2": 2.0, "max_kw": 135.0, "snabbladdare": true, "tunga_fordon": false, "atkomst": "yes", "publik": true, "avgift": "yes", "kommun": "Halmstad", "i_halland": true }, "geometry": { "type": "Point", "coordinates": [ 12.90814, 56.65833 ] } },
{ "type": "Feature", "properties": { "osm_id": "n8926074789", "namn": "AC Charger", "operator": null, "natverk": "AC Charger", "laddpunkter": null, "uttag_ccs": null, "uttag_chademo": null, "uttag_tesla": null, "uttag_typ2": 8.0, "max_kw": 11.0, "snabbladdare": false, "tunga_fordon": false, "atkomst": "permissive", "publik": true, "avgift": "yes", "kommun": "Halmstad", "i_halland": true }, "geometry": { "type": "Point", "coordinates": [ 12.90908, 56.65775 ] } },
{ "type": "Feature", "properties": { "osm_id": "n8926074790", "namn": null, "operator": null, "natverk": null, "laddpunkter": null, "uttag_ccs": null, "uttag_chademo": null, "uttag_tesla": null, "uttag_typ2": 1.0, "max_kw": 11.0, "snabbladdare": false, "tunga_fordon": false, "atkomst": "permissive", "publik": true, "avgift": "no", "kommun": "Halmstad", "i_halland": true }, "geometry": { "type": "Point", "coordinates": [ 12.909, 56.66435 ] } },
{ "type": "Feature", "properties": { "osm_id": "n8930604451", "namn": "Mölle hamn", "operator": "Höganäs energi", "natverk": "Vattenfall InCharge", "laddpunkter": 2, "uttag_ccs": null, "uttag_chademo": null, "uttag_tesla": null, "uttag_typ2": 2.0, "max_kw": 22.0, "snabbladdare": false, "tunga_fordon": false, "atkomst": "yes", "publik": true, "avgift": null, "kommun": "Höganäs", "i_halland": false }, "geometry": { "type": "Point", "coordinates": [ 12.49459, 56.2832 ] } },
{ "type": "Feature", "properties": { "osm_id": "n8940911321", "namn": null, "operator": null, "natverk": null, "laddpunkter": 6, "uttag_ccs": null, "uttag_chademo": null, "uttag_tesla": null, "uttag_typ2": null, "max_kw": null, "snabbladdare": false, "tunga_fordon": false, "atkomst": "ej angiven", "publik": true, "avgift": null, "kommun": "Halmstad", "i_halland": true }, "geometry": { "type": "Point", "coordinates": [ 12.88965, 56.67365 ] } },
{ "type": "Feature", "properties": { "osm_id": "n8989744349", "namn": null, "operator": null, "natverk": null, "laddpunkter": 5, "uttag_ccs": null, "uttag_chademo": null, "uttag_tesla": null, "uttag_typ2": null, "max_kw": null, "snabbladdare": false, "tunga_fordon": false, "atkomst": "ej angiven", "publik": true, "avgift": null, "kommun": "Falkenberg", "i_halland": true }, "geometry": { "type": "Point", "coordinates": [ 12.68267, 56.85602 ] } },
{ "type": "Feature", "properties": { "osm_id": "n9040045810", "namn": "Tesla Destination Charger", "operator": "Tesla", "natverk": "Tesla Supercharger", "laddpunkter": 20, "uttag_ccs": 20.0, "uttag_chademo": null, "uttag_tesla": 20, "uttag_typ2": null, "max_kw": 150.0, "snabbladdare": true, "tunga_fordon": false, "atkomst": "yes", "publik": true, "avgift": "yes", "kommun": "Laholm", "i_halland": true }, "geometry": { "type": "Point", "coordinates": [ 12.95757, 56.50154 ] } },
{ "type": "Feature", "properties": { "osm_id": "n9076661775", "namn": "Göteborg Energi", "operator": "Göteborgs Stads Parkerings AB", "natverk": "Göteborg Energi", "laddpunkter": 12, "uttag_ccs": null, "uttag_chademo": null, "uttag_tesla": null, "uttag_typ2": 12.0, "max_kw": 11.0, "snabbladdare": false, "tunga_fordon": false, "atkomst": "yes", "publik": true, "avgift": null, "kommun": "Göteborg", "i_halland": false }, "geometry": { "type": "Point", "coordinates": [ 11.92366, 57.685 ] } },
{ "type": "Feature", "properties": { "osm_id": "n9080321315", "namn": "Värnamo kommun", "operator": "Värnamo kommun", "natverk": null, "laddpunkter": 2, "uttag_ccs": null, "uttag_chademo": null, "uttag_tesla": null, "uttag_typ2": 1.0, "max_kw": 22.0, "snabbladdare": false, "tunga_fordon": false, "atkomst": "yes", "publik": true, "avgift": "yes", "kommun": "Värnamo", "i_halland": false }, "geometry": { "type": "Point", "coordinates": [ 14.04197, 57.18371 ] } },
{ "type": "Feature", "properties": { "osm_id": "n9080321317", "namn": "Värnamo kommun", "operator": "Värnamo kommun", "natverk": null, "laddpunkter": 2, "uttag_ccs": null, "uttag_chademo": null, "uttag_tesla": null, "uttag_typ2": 1.0, "max_kw": 22.0, "snabbladdare": false, "tunga_fordon": false, "atkomst": "yes", "publik": true, "avgift": "yes", "kommun": "Värnamo", "i_halland": false }, "geometry": { "type": "Point", "coordinates": [ 14.03277, 57.16749 ] } },
{ "type": "Feature", "properties": { "osm_id": "n9155886087", "namn": "Recharge", "operator": null, "natverk": "Recharge", "laddpunkter": 6, "uttag_ccs": 6.0, "uttag_chademo": null, "uttag_tesla": null, "uttag_typ2": null, "max_kw": 225.0, "snabbladdare": true, "tunga_fordon": false, "atkomst": "yes", "publik": true, "avgift": null, "kommun": "Ljungby", "i_halland": false }, "geometry": { "type": "Point", "coordinates": [ 13.90538, 56.8141 ] } },
{ "type": "Feature", "properties": { "osm_id": "n9331926625", "namn": "Vattenfall InCharge", "operator": "Vattenfall InCharge", "natverk": "Vattenfall InCharge", "laddpunkter": null, "uttag_ccs": null, "uttag_chademo": null, "uttag_tesla": null, "uttag_typ2": 4.0, "max_kw": null, "snabbladdare": false, "tunga_fordon": false, "atkomst": "yes", "publik": true, "avgift": "yes", "kommun": "Göteborg", "i_halland": false }, "geometry": { "type": "Point", "coordinates": [ 11.94344, 57.64135 ] } },
{ "type": "Feature", "properties": { "osm_id": "n9355846412", "namn": "Tesla Supercharger", "operator": "Tesla", "natverk": "Tesla Supercharger", "laddpunkter": 20, "uttag_ccs": 20.0, "uttag_chademo": null, "uttag_tesla": null, "uttag_typ2": null, "max_kw": 250.0, "snabbladdare": true, "tunga_fordon": false, "atkomst": "yes", "publik": true, "avgift": "yes", "kommun": "Varberg", "i_halland": true }, "geometry": { "type": "Point", "coordinates": [ 12.2753, 57.16818 ] } },
{ "type": "Feature", "properties": { "osm_id": "n9737529670", "namn": "Halmstads kommun", "operator": "Halmstads kommun", "natverk": null, "laddpunkter": 4, "uttag_ccs": null, "uttag_chademo": null, "uttag_tesla": null, "uttag_typ2": 4.0, "max_kw": 11.0, "snabbladdare": false, "tunga_fordon": false, "atkomst": "yes", "publik": true, "avgift": null, "kommun": "Halmstad", "i_halland": true }, "geometry": { "type": "Point", "coordinates": [ 12.8646, 56.67122 ] } },
{ "type": "Feature", "properties": { "osm_id": "n9890172910", "namn": "Tesla Supercharger", "operator": "Tesla", "natverk": "Tesla Supercharger", "laddpunkter": 28, "uttag_ccs": 28.0, "uttag_chademo": null, "uttag_tesla": null, "uttag_typ2": null, "max_kw": 250.0, "snabbladdare": true, "tunga_fordon": false, "atkomst": "yes", "publik": true, "avgift": "yes", "kommun": "Halmstad", "i_halland": true }, "geometry": { "type": "Point", "coordinates": [ 12.90729, 56.6574 ] } },
{ "type": "Feature", "properties": { "osm_id": "n9919327013", "namn": "Göteborg Energi", "operator": "Göteborgs Stads Parkerings AB", "natverk": "Göteborg Energi", "laddpunkter": 44, "uttag_ccs": null, "uttag_chademo": null, "uttag_tesla": null, "uttag_typ2": 44.0, "max_kw": 22.0, "snabbladdare": false, "tunga_fordon": false, "atkomst": "yes", "publik": true, "avgift": "yes", "kommun": "Göteborg", "i_halland": false }, "geometry": { "type": "Point", "coordinates": [ 11.95793, 57.69933 ] } },
{ "type": "Feature", "properties": { "osm_id": "n9921946578", "namn": "Circle K", "operator": "Circle K", "natverk": "Circle K", "laddpunkter": 4, "uttag_ccs": 4.0, "uttag_chademo": 2, "uttag_tesla": null, "uttag_typ2": null, "max_kw": 150.0, "snabbladdare": true, "tunga_fordon": false, "atkomst": "yes", "publik": true, "avgift": "yes", "kommun": "Göteborg", "i_halland": false }, "geometry": { "type": "Point", "coordinates": [ 11.87054, 57.70718 ] } },
{ "type": "Feature", "properties": { "osm_id": "n10046780510", "namn": "Lidl Sverige KB", "operator": "Lidl Sverige KB", "natverk": null, "laddpunkter": 4, "uttag_ccs": 2.0, "uttag_chademo": 2, "uttag_tesla": null, "uttag_typ2": 2.0, "max_kw": 50.0, "snabbladdare": true, "tunga_fordon": false, "atkomst": "yes", "publik": true, "avgift": null, "kommun": "Falkenberg", "i_halland": true }, "geometry": { "type": "Point", "coordinates": [ 12.50218, 56.91606 ] } },
{ "type": "Feature", "properties": { "osm_id": "n10049380861", "namn": "Falkenberg Energi AB", "operator": "Falkenberg Energi AB", "natverk": null, "laddpunkter": 5, "uttag_ccs": null, "uttag_chademo": null, "uttag_tesla": null, "uttag_typ2": 5.0, "max_kw": 22.0, "snabbladdare": false, "tunga_fordon": false, "atkomst": "yes", "publik": true, "avgift": null, "kommun": "Falkenberg", "i_halland": true }, "geometry": { "type": "Point", "coordinates": [ 12.49068, 56.9053 ] } },
{ "type": "Feature", "properties": { "osm_id": "n10058898231", "namn": null, "operator": null, "natverk": null, "laddpunkter": null, "uttag_ccs": null, "uttag_chademo": null, "uttag_tesla": null, "uttag_typ2": null, "max_kw": null, "snabbladdare": false, "tunga_fordon": false, "atkomst": "ej angiven", "publik": true, "avgift": null, "kommun": "Göteborg", "i_halland": false }, "geometry": { "type": "Point", "coordinates": [ 12.00496, 57.71663 ] } },
{ "type": "Feature", "properties": { "osm_id": "n10061552702", "namn": null, "operator": null, "natverk": null, "laddpunkter": 2, "uttag_ccs": null, "uttag_chademo": null, "uttag_tesla": null, "uttag_typ2": null, "max_kw": null, "snabbladdare": false, "tunga_fordon": false, "atkomst": "yes", "publik": true, "avgift": null, "kommun": "Göteborg", "i_halland": false }, "geometry": { "type": "Point", "coordinates": [ 11.94589, 57.64076 ] } },
{ "type": "Feature", "properties": { "osm_id": "n10068170057", "namn": "Västtrafik", "operator": "Västtrafik", "natverk": "Västtrafik", "laddpunkter": 2, "uttag_ccs": null, "uttag_chademo": null, "uttag_tesla": null, "uttag_typ2": null, "max_kw": null, "snabbladdare": false, "tunga_fordon": false, "atkomst": "ej angiven", "publik": true, "avgift": null, "kommun": "Göteborg", "i_halland": false }, "geometry": { "type": "Point", "coordinates": [ 11.93626, 57.67404 ] } },
{ "type": "Feature", "properties": { "osm_id": "n10097467242", "namn": "Västtrafik", "operator": "Västtrafik", "natverk": "Västtrafik", "laddpunkter": null, "uttag_ccs": null, "uttag_chademo": null, "uttag_tesla": null, "uttag_typ2": null, "max_kw": null, "snabbladdare": false, "tunga_fordon": false, "atkomst": "ej angiven", "publik": true, "avgift": null, "kommun": "Göteborg", "i_halland": false }, "geometry": { "type": "Point", "coordinates": [ 11.94248, 57.69356 ] } },
{ "type": "Feature", "properties": { "osm_id": "n10567917055", "namn": "Tesla Supercharger", "operator": "Tesla", "natverk": "Tesla Supercharger", "laddpunkter": 28, "uttag_ccs": 28.0, "uttag_chademo": null, "uttag_tesla": null, "uttag_typ2": null, "max_kw": 250.0, "snabbladdare": true, "tunga_fordon": false, "atkomst": "yes", "publik": true, "avgift": "yes", "kommun": "Göteborg", "i_halland": false }, "geometry": { "type": "Point", "coordinates": [ 11.95124, 57.65167 ] } },
{ "type": "Feature", "properties": { "osm_id": "n10568027929", "namn": "Incharge", "operator": "Härryda Energi", "natverk": "Incharge", "laddpunkter": 22, "uttag_ccs": null, "uttag_chademo": null, "uttag_tesla": null, "uttag_typ2": null, "max_kw": null, "snabbladdare": false, "tunga_fordon": false, "atkomst": "ej angiven", "publik": true, "avgift": null, "kommun": "Härryda", "i_halland": false }, "geometry": { "type": "Point", "coordinates": [ 12.20907, 57.68613 ] } },
{ "type": "Feature", "properties": { "osm_id": "n10740032478", "namn": "Region Kronoborg", "operator": "Region Kronoborg", "natverk": null, "laddpunkter": 2, "uttag_ccs": null, "uttag_chademo": null, "uttag_tesla": null, "uttag_typ2": 1.0, "max_kw": 22.0, "snabbladdare": false, "tunga_fordon": false, "atkomst": "customers", "publik": false, "avgift": null, "kommun": "Ljungby", "i_halland": false }, "geometry": { "type": "Point", "coordinates": [ 13.93639, 56.83615 ] } },
{ "type": "Feature", "properties": { "osm_id": "n10740032480", "namn": "Markaryds kommun", "operator": "Markaryds kommun", "natverk": null, "laddpunkter": 2, "uttag_ccs": null, "uttag_chademo": null, "uttag_tesla": null, "uttag_typ2": 2.0, "max_kw": 22.0, "snabbladdare": false, "tunga_fordon": false, "atkomst": "yes", "publik": true, "avgift": null, "kommun": "Markaryd", "i_halland": false }, "geometry": { "type": "Point", "coordinates": [ 13.73236, 56.54975 ] } },
{ "type": "Feature", "properties": { "osm_id": "n10740032483", "namn": "E.ON", "operator": null, "natverk": "E.ON", "laddpunkter": 2, "uttag_ccs": 1.0, "uttag_chademo": 1, "uttag_tesla": null, "uttag_typ2": 1.0, "max_kw": 50.0, "snabbladdare": true, "tunga_fordon": false, "atkomst": "yes", "publik": true, "avgift": null, "kommun": "Markaryd", "i_halland": false }, "geometry": { "type": "Point", "coordinates": [ 13.60312, 56.44521 ] } },
{ "type": "Feature", "properties": { "osm_id": "n10740032488", "namn": "P-air AB", "operator": "P-air AB", "natverk": null, "laddpunkter": 4, "uttag_ccs": null, "uttag_chademo": null, "uttag_tesla": null, "uttag_typ2": 4.0, "max_kw": 22.0, "snabbladdare": false, "tunga_fordon": false, "atkomst": "yes", "publik": true, "avgift": null, "kommun": "Ljungby", "i_halland": false }, "geometry": { "type": "Point", "coordinates": [ 13.97144, 56.91861 ] } },
{ "type": "Feature", "properties": { "osm_id": "n10740032489", "namn": "Allego", "operator": "Allego", "natverk": null, "laddpunkter": 6, "uttag_ccs": 6.0, "uttag_chademo": null, "uttag_tesla": null, "uttag_typ2": null, "max_kw": 300.0, "snabbladdare": true, "tunga_fordon": false, "atkomst": "yes", "publik": true, "avgift": null, "kommun": "Ljungby", "i_halland": false }, "geometry": { "type": "Point", "coordinates": [ 13.91075, 56.81277 ] } },
{ "type": "Feature", "properties": { "osm_id": "n10740076750", "namn": "GARO AB", "operator": "GARO AB", "natverk": null, "laddpunkter": 5, "uttag_ccs": 1.0, "uttag_chademo": 1, "uttag_tesla": null, "uttag_typ2": 2.0, "max_kw": 50.0, "snabbladdare": true, "tunga_fordon": false, "atkomst": "yes", "publik": true, "avgift": null, "kommun": "Gnosjö", "i_halland": false }, "geometry": { "type": "Point", "coordinates": [ 13.73223, 57.34335 ] } },
{ "type": "Feature", "properties": { "osm_id": "n10740076760", "namn": "Gislaved Energi", "operator": "Gislaved Energi", "natverk": null, "laddpunkter": 4, "uttag_ccs": null, "uttag_chademo": null, "uttag_tesla": null, "uttag_typ2": 4.0, "max_kw": 22.0, "snabbladdare": false, "tunga_fordon": false, "atkomst": "yes", "publik": true, "avgift": null, "kommun": "Gislaved", "i_halland": false }, "geometry": { "type": "Point", "coordinates": [ 13.53837, 57.30305 ] } },
{ "type": "Feature", "properties": { "osm_id": "n10740076766", "namn": "Värnamo kommun", "operator": "Värnamo kommun", "natverk": null, "laddpunkter": 2, "uttag_ccs": null, "uttag_chademo": null, "uttag_tesla": null, "uttag_typ2": 1.0, "max_kw": 22.0, "snabbladdare": false, "tunga_fordon": false, "atkomst": "yes", "publik": true, "avgift": null, "kommun": "Värnamo", "i_halland": false }, "geometry": { "type": "Point", "coordinates": [ 13.83465, 57.16631 ] } },
{ "type": "Feature", "properties": { "osm_id": "n10740076771", "namn": "230elit", "operator": "230elit", "natverk": null, "laddpunkter": 2, "uttag_ccs": null, "uttag_chademo": null, "uttag_tesla": null, "uttag_typ2": 2.0, "max_kw": 11.0, "snabbladdare": false, "tunga_fordon": false, "atkomst": "yes", "publik": true, "avgift": null, "kommun": "Gislaved", "i_halland": false }, "geometry": { "type": "Point", "coordinates": [ 13.41576, 57.16125 ] } },
{ "type": "Feature", "properties": { "osm_id": "n10740076778", "namn": "Gislaved Energi", "operator": "Gislaved Energi", "natverk": null, "laddpunkter": 2, "uttag_ccs": null, "uttag_chademo": null, "uttag_tesla": null, "uttag_typ2": 2.0, "max_kw": 22.0, "snabbladdare": false, "tunga_fordon": false, "atkomst": "yes", "publik": true, "avgift": null, "kommun": "Gislaved", "i_halland": false }, "geometry": { "type": "Point", "coordinates": [ 13.63345, 57.2828 ] } },
{ "type": "Feature", "properties": { "osm_id": "n10740076780", "namn": "Värnamo kommun", "operator": "Värnamo kommun", "natverk": null, "laddpunkter": 2, "uttag_ccs": null, "uttag_chademo": null, "uttag_tesla": null, "uttag_typ2": 1.0, "max_kw": 22.0, "snabbladdare": false, "tunga_fordon": false, "atkomst": "yes", "publik": true, "avgift": null, "kommun": "Värnamo", "i_halland": false }, "geometry": { "type": "Point", "coordinates": [ 13.74073, 57.17248 ] } },
{ "type": "Feature", "properties": { "osm_id": "n10740076786", "namn": "Recharge", "operator": null, "natverk": "Recharge", "laddpunkter": 8, "uttag_ccs": 8.0, "uttag_chademo": 1, "uttag_tesla": null, "uttag_typ2": null, "max_kw": 200.0, "snabbladdare": true, "tunga_fordon": false, "atkomst": "yes", "publik": true, "avgift": null, "kommun": "Gislaved", "i_halland": false }, "geometry": { "type": "Point", "coordinates": [ 13.54675, 57.32173 ] } },
{ "type": "Feature", "properties": { "osm_id": "n10740076801", "namn": "Hotell Nissastigen", "operator": "Hotell Nissastigen", "natverk": null, "laddpunkter": 2, "uttag_ccs": null, "uttag_chademo": null, "uttag_tesla": null, "uttag_typ2": 2.0, "max_kw": 22.0, "snabbladdare": false, "tunga_fordon": false, "atkomst": "customers", "publik": false, "avgift": null, "kommun": "Gislaved", "i_halland": false }, "geometry": { "type": "Point", "coordinates": [ 13.5384, 57.30247 ] } },
{ "type": "Feature", "properties": { "osm_id": "n10740076803", "namn": "Gislaved Energi", "operator": "Gislaved Energi", "natverk": null, "laddpunkter": 6, "uttag_ccs": null, "uttag_chademo": null, "uttag_tesla": null, "uttag_typ2": 6.0, "max_kw": 22.0, "snabbladdare": false, "tunga_fordon": false, "atkomst": "yes", "publik": true, "avgift": null, "kommun": "Gislaved", "i_halland": false }, "geometry": { "type": "Point", "coordinates": [ 13.54623, 57.30179 ] } },
{ "type": "Feature", "properties": { "osm_id": "n10740087617", "namn": "Paroy AB", "operator": "Paroy AB", "natverk": null, "laddpunkter": 2, "uttag_ccs": null, "uttag_chademo": null, "uttag_tesla": null, "uttag_typ2": 2.0, "max_kw": 22.0, "snabbladdare": false, "tunga_fordon": false, "atkomst": "yes", "publik": true, "avgift": null, "kommun": "Gislaved", "i_halland": false }, "geometry": { "type": "Point", "coordinates": [ 13.64028, 57.28389 ] } },
{ "type": "Feature", "properties": { "osm_id": "n10740087631", "namn": "Gislaved Energi", "operator": "Gislaved Energi", "natverk": null, "laddpunkter": 2, "uttag_ccs": null, "uttag_chademo": null, "uttag_tesla": null, "uttag_typ2": 2.0, "max_kw": 22.0, "snabbladdare": false, "tunga_fordon": false, "atkomst": "yes", "publik": true, "avgift": null, "kommun": "Gislaved", "i_halland": false }, "geometry": { "type": "Point", "coordinates": [ 13.41174, 57.16292 ] } },
{ "type": "Feature", "properties": { "osm_id": "n10740087632", "namn": "Kortsystem i Gislaved AB", "operator": "Kortsystem i Gislaved AB", "natverk": null, "laddpunkter": 2, "uttag_ccs": null, "uttag_chademo": null, "uttag_tesla": null, "uttag_typ2": 1.0, "max_kw": 22.0, "snabbladdare": false, "tunga_fordon": false, "atkomst": "yes", "publik": true, "avgift": null, "kommun": "Gislaved", "i_halland": false }, "geometry": { "type": "Point", "coordinates": [ 13.57301, 57.29749 ] } },
{ "type": "Feature", "properties": { "osm_id": "n10740087633", "namn": "HS Elmacken AB", "operator": "HS Elmacken AB", "natverk": null, "laddpunkter": 8, "uttag_ccs": 8.0, "uttag_chademo": null, "uttag_tesla": null, "uttag_typ2": null, "max_kw": 150.0, "snabbladdare": true, "tunga_fordon": false, "atkomst": "yes", "publik": true, "avgift": null, "kommun": "Gislaved", "i_halland": false }, "geometry": { "type": "Point", "coordinates": [ 13.545, 57.32141 ] } },
{ "type": "Feature", "properties": { "osm_id": "n10740087634", "namn": "Gislaved Energi", "operator": "Gislaved Energi", "natverk": null, "laddpunkter": 4, "uttag_ccs": 1.0, "uttag_chademo": 1, "uttag_tesla": null, "uttag_typ2": 3.0, "max_kw": 50.0, "snabbladdare": true, "tunga_fordon": false, "atkomst": "yes", "publik": true, "avgift": null, "kommun": "Gislaved", "i_halland": false }, "geometry": { "type": "Point", "coordinates": [ 13.54543, 57.32137 ] } },
{ "type": "Feature", "properties": { "osm_id": "n10740087643", "namn": null, "operator": null, "natverk": null, "laddpunkter": 4, "uttag_ccs": null, "uttag_chademo": null, "uttag_tesla": null, "uttag_typ2": 4.0, "max_kw": 22.0, "snabbladdare": false, "tunga_fordon": false, "atkomst": "yes", "publik": true, "avgift": null, "kommun": "Gislaved", "i_halland": false }, "geometry": { "type": "Point", "coordinates": [ 13.56812, 57.29796 ] } },
{ "type": "Feature", "properties": { "osm_id": "n10740099307", "namn": "Markaryds kommun", "operator": "Markaryds kommun", "natverk": null, "laddpunkter": 2, "uttag_ccs": null, "uttag_chademo": null, "uttag_tesla": null, "uttag_typ2": 2.0, "max_kw": 22.0, "snabbladdare": false, "tunga_fordon": false, "atkomst": "yes", "publik": true, "avgift": null, "kommun": "Markaryd", "i_halland": false }, "geometry": { "type": "Point", "coordinates": [ 13.59653, 56.46298 ] } },
{ "type": "Feature", "properties": { "osm_id": "n10740099309", "namn": "Einride", "operator": "Einride", "natverk": null, "laddpunkter": 2, "uttag_ccs": 2.0, "uttag_chademo": null, "uttag_tesla": null, "uttag_typ2": null, "max_kw": 200.0, "snabbladdare": true, "tunga_fordon": false, "atkomst": "yes", "publik": true, "avgift": null, "kommun": "Markaryd", "i_halland": false }, "geometry": { "type": "Point", "coordinates": [ 13.60842, 56.44656 ] } },
{ "type": "Feature", "properties": { "osm_id": "n10740099313", "namn": "Markaryds kommun", "operator": "Markaryds kommun", "natverk": null, "laddpunkter": 2, "uttag_ccs": null, "uttag_chademo": null, "uttag_tesla": null, "uttag_typ2": 2.0, "max_kw": 22.0, "snabbladdare": false, "tunga_fordon": false, "atkomst": "yes", "publik": true, "avgift": null, "kommun": "Markaryd", "i_halland": false }, "geometry": { "type": "Point", "coordinates": [ 13.59428, 56.45919 ] } },
{ "type": "Feature", "properties": { "osm_id": "n10740099320", "namn": "Ljungbybostäder AB", "operator": "Ljungbybostäder AB", "natverk": null, "laddpunkter": 2, "uttag_ccs": null, "uttag_chademo": null, "uttag_tesla": null, "uttag_typ2": 2.0, "max_kw": 22.0, "snabbladdare": false, "tunga_fordon": false, "atkomst": "yes", "publik": true, "avgift": null, "kommun": "Ljungby", "i_halland": false }, "geometry": { "type": "Point", "coordinates": [ 13.94078, 56.83518 ] } },
{ "type": "Feature", "properties": { "osm_id": "n10740099321", "namn": "Ljungby kommun", "operator": "Ljungby kommun", "natverk": null, "laddpunkter": 4, "uttag_ccs": null, "uttag_chademo": null, "uttag_tesla": null, "uttag_typ2": 4.0, "max_kw": 22.0, "snabbladdare": false, "tunga_fordon": false, "atkomst": "yes", "publik": true, "avgift": null, "kommun": "Ljungby", "i_halland": false }, "geometry": { "type": "Point", "coordinates": [ 13.94921, 56.84181 ] } },
{ "type": "Feature", "properties": { "osm_id": "n10740099324", "namn": "P-air AB", "operator": "P-air AB", "natverk": null, "laddpunkter": 8, "uttag_ccs": null, "uttag_chademo": null, "uttag_tesla": null, "uttag_typ2": 8.0, "max_kw": 22.0, "snabbladdare": false, "tunga_fordon": false, "atkomst": "yes", "publik": true, "avgift": null, "kommun": "Ljungby", "i_halland": false }, "geometry": { "type": "Point", "coordinates": [ 13.90488, 56.81338 ] } },
{ "type": "Feature", "properties": { "osm_id": "n10742002840", "namn": "Ängelholm airport", "operator": "Ängelholms Flygplats AB", "natverk": null, "laddpunkter": 20, "uttag_ccs": null, "uttag_chademo": null, "uttag_tesla": null, "uttag_typ2": 20.0, "max_kw": 22.0, "snabbladdare": false, "tunga_fordon": false, "atkomst": "yes", "publik": true, "avgift": null, "kommun": "Ängelholm", "i_halland": false }, "geometry": { "type": "Point", "coordinates": [ 12.86959, 56.28715 ] } },
{ "type": "Feature", "properties": { "osm_id": "n10742002845", "namn": "Hovs Hallar", "operator": "Hovs Hallar", "natverk": null, "laddpunkter": 2, "uttag_ccs": null, "uttag_chademo": null, "uttag_tesla": null, "uttag_typ2": 2.0, "max_kw": 11.0, "snabbladdare": false, "tunga_fordon": false, "atkomst": "customers", "publik": false, "avgift": null, "kommun": "Båstad", "i_halland": false }, "geometry": { "type": "Point", "coordinates": [ 12.70863, 56.46379 ] } },
{ "type": "Feature", "properties": { "osm_id": "n10742002851", "namn": "Brännborn Center", "operator": "BRÄNNBORN FASTIGHETER", "natverk": null, "laddpunkter": 6, "uttag_ccs": null, "uttag_chademo": null, "uttag_tesla": null, "uttag_typ2": 6.0, "max_kw": 22.0, "snabbladdare": false, "tunga_fordon": false, "atkomst": "yes", "publik": true, "avgift": null, "kommun": "Ängelholm", "i_halland": false }, "geometry": { "type": "Point", "coordinates": [ 12.89008, 56.25493 ] } },
{ "type": "Feature", "properties": { "osm_id": "n10742002854", "namn": "Mer Ängelholmshem", "operator": "Mer", "natverk": "Mer", "laddpunkter": 1, "uttag_ccs": null, "uttag_chademo": null, "uttag_tesla": null, "uttag_typ2": 1.0, "max_kw": 22.0, "snabbladdare": false, "tunga_fordon": false, "atkomst": "yes", "publik": true, "avgift": null, "kommun": "Ängelholm", "i_halland": false }, "geometry": { "type": "Point", "coordinates": [ 12.86524, 56.24311 ] } },
{ "type": "Feature", "properties": { "osm_id": "n10742002857", "namn": "Golfparkering i Kullaberg, Italienska vägen", "operator": "Länsstyrelsen Skåne", "natverk": null, "laddpunkter": 2, "uttag_ccs": null, "uttag_chademo": null, "uttag_tesla": null, "uttag_typ2": 2.0, "max_kw": 22.0, "snabbladdare": false, "tunga_fordon": false, "atkomst": "yes", "publik": true, "avgift": null, "kommun": "Höganäs", "i_halland": false }, "geometry": { "type": "Point", "coordinates": [ 12.46768, 56.29958 ] } },
{ "type": "Feature", "properties": { "osm_id": "n10742002861", "namn": "Fyrens parkeringsplats", "operator": "Länsstyrelsen Skåne", "natverk": null, "laddpunkter": 2, "uttag_ccs": null, "uttag_chademo": null, "uttag_tesla": null, "uttag_typ2": 2.0, "max_kw": 22.0, "snabbladdare": false, "tunga_fordon": false, "atkomst": "yes", "publik": true, "avgift": null, "kommun": "Höganäs", "i_halland": false }, "geometry": { "type": "Point", "coordinates": [ 12.45321, 56.30169 ] } },
{ "type": "Feature", "properties": { "osm_id": "n10742002863", "namn": "Allego Old Mikes Örkelljunga", "operator": "Allego", "natverk": null, "laddpunkter": 4, "uttag_ccs": 4.0, "uttag_chademo": null, "uttag_tesla": null, "uttag_typ2": null, "max_kw": 150.0, "snabbladdare": true, "tunga_fordon": false, "atkomst": "yes", "publik": true, "avgift": null, "kommun": "Örkelljunga", "i_halland": false }, "geometry": { "type": "Point", "coordinates": [ 13.33719, 56.28557 ] } },
{ "type": "Feature", "properties": { "osm_id": "n10742002866", "namn": "Revavägen 3", "operator": "Höganäs Energi", "natverk": null, "laddpunkter": 2, "uttag_ccs": null, "uttag_chademo": null, "uttag_tesla": null, "uttag_typ2": 2.0, "max_kw": 22.0, "snabbladdare": false, "tunga_fordon": false, "atkomst": "yes", "publik": true, "avgift": null, "kommun": "Höganäs", "i_halland": false }, "geometry": { "type": "Point", "coordinates": [ 12.67895, 56.22899 ] } },
{ "type": "Feature", "properties": { "osm_id": "n10742002868", "namn": "E.ON OKQ8 Skånes Fagerhult", "operator": null, "natverk": "E.ON", "laddpunkter": 2, "uttag_ccs": 1.0, "uttag_chademo": 1, "uttag_tesla": null, "uttag_typ2": 1.0, "max_kw": 50.0, "snabbladdare": true, "tunga_fordon": false, "atkomst": "yes", "publik": true, "avgift": null, "kommun": "Örkelljunga", "i_halland": false }, "geometry": { "type": "Point", "coordinates": [ 13.47438, 56.36167 ] } },
{ "type": "Feature", "properties": { "osm_id": "n10742002870", "namn": "Börjessons EVC 4in1", "operator": "Börjessons Bil", "natverk": null, "laddpunkter": 4, "uttag_ccs": 2.0, "uttag_chademo": null, "uttag_tesla": null, "uttag_typ2": 2.0, "max_kw": 50.0, "snabbladdare": true, "tunga_fordon": false, "atkomst": "yes", "publik": true, "avgift": null, "kommun": "Ängelholm", "i_halland": false }, "geometry": { "type": "Point", "coordinates": [ 12.86129, 56.23064 ] } },
{ "type": "Feature", "properties": { "osm_id": "n10742002875", "namn": "Stadshuset, Ängelholm", "operator": "Ängelholms kommun", "natverk": null, "laddpunkter": 6, "uttag_ccs": null, "uttag_chademo": null, "uttag_tesla": null, "uttag_typ2": 6.0, "max_kw": 22.0, "snabbladdare": false, "tunga_fordon": false, "atkomst": "yes", "publik": true, "avgift": null, "kommun": "Ängelholm", "i_halland": false }, "geometry": { "type": "Point", "coordinates": [ 12.86628, 56.2421 ] } },
{ "type": "Feature", "properties": { "osm_id": "n10742002881", "namn": "Vångavägen 2", "operator": "Båstads kommun", "natverk": null, "laddpunkter": 1, "uttag_ccs": null, "uttag_chademo": null, "uttag_tesla": null, "uttag_typ2": 1.0, "max_kw": 22.0, "snabbladdare": false, "tunga_fordon": false, "atkomst": "yes", "publik": true, "avgift": null, "kommun": "Båstad", "i_halland": false }, "geometry": { "type": "Point", "coordinates": [ 12.84635, 56.4268 ] } },
{ "type": "Feature", "properties": { "osm_id": "n10742002883", "namn": "Uggleområdets parkering", "operator": "Perstorps kommun", "natverk": null, "laddpunkter": 4, "uttag_ccs": null, "uttag_chademo": null, "uttag_tesla": null, "uttag_typ2": 4.0, "max_kw": 22.0, "snabbladdare": false, "tunga_fordon": false, "atkomst": "yes", "publik": true, "avgift": null, "kommun": "Perstorp", "i_halland": false }, "geometry": { "type": "Point", "coordinates": [ 13.4027, 56.14212 ] } },
{ "type": "Feature", "properties": { "osm_id": "n10742002889", "namn": "Busstorget Arild", "operator": "Höganäs Energi AB", "natverk": null, "laddpunkter": 2, "uttag_ccs": null, "uttag_chademo": null, "uttag_tesla": null, "uttag_typ2": 2.0, "max_kw": 22.0, "snabbladdare": false, "tunga_fordon": false, "atkomst": "yes", "publik": true, "avgift": null, "kommun": "Höganäs", "i_halland": false }, "geometry": { "type": "Point", "coordinates": [ 12.57669, 56.27329 ] } },
{ "type": "Feature", "properties": { "osm_id": "n10742002893", "namn": "Allègatan 5", "operator": "Perstorps kommun", "natverk": null, "laddpunkter": 4, "uttag_ccs": null, "uttag_chademo": null, "uttag_tesla": null, "uttag_typ2": 4.0, "max_kw": 22.0, "snabbladdare": false, "tunga_fordon": false, "atkomst": "yes", "publik": true, "avgift": null, "kommun": "Perstorp", "i_halland": false }, "geometry": { "type": "Point", "coordinates": [ 13.39511, 56.13859 ] } },
{ "type": "Feature", "properties": { "osm_id": "n10742002900", "namn": "Mer Båstad järnvägsstation", "operator": null, "natverk": "Mer", "laddpunkter": 4, "uttag_ccs": null, "uttag_chademo": null, "uttag_tesla": null, "uttag_typ2": 4.0, "max_kw": 22.0, "snabbladdare": false, "tunga_fordon": false, "atkomst": "yes", "publik": true, "avgift": null, "kommun": "Båstad", "i_halland": false }, "geometry": { "type": "Point", "coordinates": [ 12.90622, 56.43199 ] } },
{ "type": "Feature", "properties": { "osm_id": "n10742011612", "namn": "Mer Ängelholm järnvägsstation", "operator": "Mer", "natverk": "Mer", "laddpunkter": 4, "uttag_ccs": null, "uttag_chademo": null, "uttag_tesla": null, "uttag_typ2": 4.0, "max_kw": 22.0, "snabbladdare": false, "tunga_fordon": false, "atkomst": "yes", "publik": true, "avgift": null, "kommun": "Ängelholm", "i_halland": false }, "geometry": { "type": "Point", "coordinates": [ 12.85368, 56.24683 ] } },
{ "type": "Feature", "properties": { "osm_id": "n10742011617", "namn": "Mer Torggatan Åstorp", "operator": null, "natverk": "Mer", "laddpunkter": 4, "uttag_ccs": null, "uttag_chademo": null, "uttag_tesla": null, "uttag_typ2": 4.0, "max_kw": 22.0, "snabbladdare": false, "tunga_fordon": false, "atkomst": "yes", "publik": true, "avgift": null, "kommun": "Åstorp", "i_halland": false }, "geometry": { "type": "Point", "coordinates": [ 12.94844, 56.13466 ] } },
{ "type": "Feature", "properties": { "osm_id": "n10742011622", "namn": "Idrottsplatsen Nyhamnsläge", "operator": "Höganäs Energi AB", "natverk": null, "laddpunkter": 2, "uttag_ccs": null, "uttag_chademo": null, "uttag_tesla": null, "uttag_typ2": 2.0, "max_kw": 22.0, "snabbladdare": false, "tunga_fordon": false, "atkomst": "yes", "publik": true, "avgift": null, "kommun": "Höganäs", "i_halland": false }, "geometry": { "type": "Point", "coordinates": [ 12.54141, 56.24066 ] } },
{ "type": "Feature", "properties": { "osm_id": "n10742011623", "namn": "Mer Portvakten Fastighets", "operator": null, "natverk": "Mer", "laddpunkter": 2, "uttag_ccs": null, "uttag_chademo": null, "uttag_tesla": null, "uttag_typ2": 2.0, "max_kw": 22.0, "snabbladdare": false, "tunga_fordon": false, "atkomst": "yes", "publik": true, "avgift": null, "kommun": "Ängelholm", "i_halland": false }, "geometry": { "type": "Point", "coordinates": [ 12.86519, 56.23058 ] } },
{ "type": "Feature", "properties": { "osm_id": "n10742011626", "namn": "Brännerigatan 20", "operator": "Höganäs kommun", "natverk": null, "laddpunkter": 2, "uttag_ccs": 2.0, "uttag_chademo": null, "uttag_tesla": null, "uttag_typ2": null, "max_kw": 50.0, "snabbladdare": true, "tunga_fordon": false, "atkomst": "yes", "publik": true, "avgift": null, "kommun": "Höganäs", "i_halland": false }, "geometry": { "type": "Point", "coordinates": [ 12.58676, 56.20099 ] } },
{ "type": "Feature", "properties": { "osm_id": "n10742011630", "namn": "Entré Båstad", "operator": "SHF Hemmeslöv 8:4 AB", "natverk": null, "laddpunkter": 8, "uttag_ccs": null, "uttag_chademo": null, "uttag_tesla": null, "uttag_typ2": 8.0, "max_kw": 11.0, "snabbladdare": false, "tunga_fordon": false, "atkomst": "yes", "publik": true, "avgift": null, "kommun": "Båstad", "i_halland": false }, "geometry": { "type": "Point", "coordinates": [ 12.88739, 56.4263 ] } },
{ "type": "Feature", "properties": { "osm_id": "n10742011631", "namn": "Perstorp Plastens Hus", "operator": "Perstorps kommun", "natverk": null, "laddpunkter": 7, "uttag_ccs": 4.0, "uttag_chademo": 4, "uttag_tesla": null, "uttag_typ2": 3.0, "max_kw": 50.0, "snabbladdare": true, "tunga_fordon": false, "atkomst": "yes", "publik": true, "avgift": null, "kommun": "Perstorp", "i_halland": false }, "geometry": { "type": "Point", "coordinates": [ 13.39801, 56.136 ] } },
{ "type": "Feature", "properties": { "osm_id": "n10742011637", "namn": "Mer Circle K Förslöv", "operator": null, "natverk": "Mer", "laddpunkter": 2, "uttag_ccs": null, "uttag_chademo": null, "uttag_tesla": null, "uttag_typ2": 2.0, "max_kw": 22.0, "snabbladdare": false, "tunga_fordon": false, "atkomst": "yes", "publik": true, "avgift": null, "kommun": "Båstad", "i_halland": false }, "geometry": { "type": "Point", "coordinates": [ 12.81866, 56.35427 ] } },
{ "type": "Feature", "properties": { "osm_id": "n10742011638", "namn": "Jonstorp Skola/ Bibliotek", "operator": "Höganäs Energi AB", "natverk": null, "laddpunkter": 2, "uttag_ccs": null, "uttag_chademo": null, "uttag_tesla": null, "uttag_typ2": 2.0, "max_kw": 22.0, "snabbladdare": false, "tunga_fordon": false, "atkomst": "yes", "publik": true, "avgift": null, "kommun": "Höganäs", "i_halland": false }, "geometry": { "type": "Point", "coordinates": [ 12.67416, 56.22431 ] } },
{ "type": "Feature", "properties": { "osm_id": "n10742011647", "namn": "Mer Ängelholm flygplats", "operator": null, "natverk": "Mer", "laddpunkter": 12, "uttag_ccs": null, "uttag_chademo": null, "uttag_tesla": null, "uttag_typ2": 12.0, "max_kw": 22.0, "snabbladdare": false, "tunga_fordon": false, "atkomst": "yes", "publik": true, "avgift": null, "kommun": "Ängelholm", "i_halland": false }, "geometry": { "type": "Point", "coordinates": [ 12.8694, 56.28721 ] } },
{ "type": "Feature", "properties": { "osm_id": "n10742011650", "namn": "Timmervägen 74", "operator": "N.P. Nilssons Trävaruaktiebolag", "natverk": null, "laddpunkter": 2, "uttag_ccs": null, "uttag_chademo": null, "uttag_tesla": null, "uttag_typ2": 2.0, "max_kw": 11.0, "snabbladdare": false, "tunga_fordon": false, "atkomst": "yes", "publik": true, "avgift": null, "kommun": "Båstad", "i_halland": false }, "geometry": { "type": "Point", "coordinates": [ 12.77949, 56.39212 ] } },
{ "type": "Feature", "properties": { "osm_id": "n10742011652", "namn": "E.ON hotell Erikslund", "operator": null, "natverk": "E.ON", "laddpunkter": 8, "uttag_ccs": null, "uttag_chademo": null, "uttag_tesla": null, "uttag_typ2": 8.0, "max_kw": 22.0, "snabbladdare": false, "tunga_fordon": false, "atkomst": "yes", "publik": true, "avgift": null, "kommun": "Ängelholm", "i_halland": false }, "geometry": { "type": "Point", "coordinates": [ 12.85633, 56.19387 ] } },
{ "type": "Feature", "properties": { "osm_id": "n10742011668", "namn": "Mer Ängelholm airport", "operator": null, "natverk": "Mer", "laddpunkter": 8, "uttag_ccs": null, "uttag_chademo": null, "uttag_tesla": null, "uttag_typ2": 8.0, "max_kw": 22.0, "snabbladdare": false, "tunga_fordon": false, "atkomst": "yes", "publik": true, "avgift": null, "kommun": "Ängelholm", "i_halland": false }, "geometry": { "type": "Point", "coordinates": [ 12.86803, 56.28731 ] } },
{ "type": "Feature", "properties": { "osm_id": "n10742011676", "namn": "Mer Perstorp järnvägsstation", "operator": null, "natverk": "Mer", "laddpunkter": 4, "uttag_ccs": null, "uttag_chademo": null, "uttag_tesla": null, "uttag_typ2": 4.0, "max_kw": 22.0, "snabbladdare": false, "tunga_fordon": false, "atkomst": "yes", "publik": true, "avgift": null, "kommun": "Perstorp", "i_halland": false }, "geometry": { "type": "Point", "coordinates": [ 13.39702, 56.1365 ] } },
{ "type": "Feature", "properties": { "osm_id": "n10742011689", "namn": "Stationsparken Strandbaden", "operator": "Höganäs Energi AB", "natverk": null, "laddpunkter": 2, "uttag_ccs": null, "uttag_chademo": null, "uttag_tesla": null, "uttag_typ2": 2.0, "max_kw": 22.0, "snabbladdare": false, "tunga_fordon": false, "atkomst": "yes", "publik": true, "avgift": null, "kommun": "Höganäs", "i_halland": false }, "geometry": { "type": "Point", "coordinates": [ 12.54298, 56.22517 ] } },
{ "type": "Feature", "properties": { "osm_id": "n10742011696", "namn": "Mer Portvakten Fastighets", "operator": null, "natverk": "Mer", "laddpunkter": 4, "uttag_ccs": null, "uttag_chademo": null, "uttag_tesla": null, "uttag_typ2": 4.0, "max_kw": 22.0, "snabbladdare": false, "tunga_fordon": false, "atkomst": "yes", "publik": true, "avgift": null, "kommun": "Ängelholm", "i_halland": false }, "geometry": { "type": "Point", "coordinates": [ 12.86168, 56.23274 ] } },
{ "type": "Feature", "properties": { "osm_id": "n10742011715", "namn": "P-hus Duvan Ängelholm", "operator": "Aimo Park", "natverk": null, "laddpunkter": 4, "uttag_ccs": null, "uttag_chademo": null, "uttag_tesla": null, "uttag_typ2": 4.0, "max_kw": 22.0, "snabbladdare": false, "tunga_fordon": false, "atkomst": "yes", "publik": true, "avgift": null, "kommun": "Ängelholm", "i_halland": false }, "geometry": { "type": "Point", "coordinates": [ 12.86165, 56.24405 ] } },
{ "type": "Feature", "properties": { "osm_id": "n10742011716", "namn": "P-hus Falken Ängelholm", "operator": "Aimo Park", "natverk": null, "laddpunkter": 4, "uttag_ccs": null, "uttag_chademo": null, "uttag_tesla": null, "uttag_typ2": 4.0, "max_kw": 22.0, "snabbladdare": false, "tunga_fordon": false, "atkomst": "yes", "publik": true, "avgift": null, "kommun": "Ängelholm", "i_halland": false }, "geometry": { "type": "Point", "coordinates": [ 12.86279, 56.24621 ] } },
{ "type": "Feature", "properties": { "osm_id": "n10742011720", "namn": "P-hus Påfågeln Ängelholm", "operator": "Aimo Park", "natverk": null, "laddpunkter": 4, "uttag_ccs": null, "uttag_chademo": null, "uttag_tesla": null, "uttag_typ2": 4.0, "max_kw": 22.0, "snabbladdare": false, "tunga_fordon": false, "atkomst": "yes", "publik": true, "avgift": null, "kommun": "Ängelholm", "i_halland": false }, "geometry": { "type": "Point", "coordinates": [ 12.86342, 56.2437 ] } },
{ "type": "Feature", "properties": { "osm_id": "n10742011733", "namn": "Centrum Storgatan", "operator": "Höganäs Energi AB", "natverk": null, "laddpunkter": 2, "uttag_ccs": null, "uttag_chademo": null, "uttag_tesla": null, "uttag_typ2": 2.0, "max_kw": 22.0, "snabbladdare": false, "tunga_fordon": false, "atkomst": "yes", "publik": true, "avgift": null, "kommun": "Höganäs", "i_halland": false }, "geometry": { "type": "Point", "coordinates": [ 12.58815, 56.19962 ] } },
{ "type": "Feature", "properties": { "osm_id": "n10742011735", "namn": "Mer Circle K Örkelljunga", "operator": null, "natverk": "Mer", "laddpunkter": 2, "uttag_ccs": 1.0, "uttag_chademo": 1, "uttag_tesla": null, "uttag_typ2": 1.0, "max_kw": 50.0, "snabbladdare": true, "tunga_fordon": false, "atkomst": "yes", "publik": true, "avgift": null, "kommun": "Örkelljunga", "i_halland": false }, "geometry": { "type": "Point", "coordinates": [ 13.33974, 56.28474 ] } },
{ "type": "Feature", "properties": { "osm_id": "n10742011742", "namn": "Grusåsvägen 2", "operator": "ICA CPO", "natverk": null, "laddpunkter": 8, "uttag_ccs": null, "uttag_chademo": null, "uttag_tesla": null, "uttag_typ2": 8.0, "max_kw": 22.0, "snabbladdare": false, "tunga_fordon": false, "atkomst": "yes", "publik": true, "avgift": null, "kommun": "Båstad", "i_halland": false }, "geometry": { "type": "Point", "coordinates": [ 12.7826, 56.39231 ] } },
{ "type": "Feature", "properties": { "osm_id": "n10742011757", "namn": "Båstad station", "operator": "Båstads kommun", "natverk": null, "laddpunkter": 4, "uttag_ccs": null, "uttag_chademo": null, "uttag_tesla": null, "uttag_typ2": 4.0, "max_kw": 22.0, "snabbladdare": false, "tunga_fordon": false, "atkomst": "yes", "publik": true, "avgift": null, "kommun": "Ängelholm", "i_halland": false }, "geometry": { "type": "Point", "coordinates": [ 12.9059, 56.34197 ] } },
{ "type": "Feature", "properties": { "osm_id": "n10742011758", "namn": "E.ON OKQ8 Hallandsås", "operator": null, "natverk": "E.ON", "laddpunkter": 2, "uttag_ccs": 1.0, "uttag_chademo": 1, "uttag_tesla": null, "uttag_typ2": 1.0, "max_kw": 50.0, "snabbladdare": true, "tunga_fordon": false, "atkomst": "yes", "publik": true, "avgift": null, "kommun": "Båstad", "i_halland": false }, "geometry": { "type": "Point", "coordinates": [ 12.93729, 56.38896 ] } },
{ "type": "Feature", "properties": { "osm_id": "n10742011767", "namn": "Mer Förslöv järnvägsstation", "operator": null, "natverk": "Mer", "laddpunkter": 4, "uttag_ccs": null, "uttag_chademo": null, "uttag_tesla": null, "uttag_typ2": 4.0, "max_kw": 22.0, "snabbladdare": false, "tunga_fordon": false, "atkomst": "yes", "publik": true, "avgift": null, "kommun": "Båstad", "i_halland": false }, "geometry": { "type": "Point", "coordinates": [ 12.80251, 56.35516 ] } },
{ "type": "Feature", "properties": { "osm_id": "n10742011776", "namn": "Hässleholmsvägen 1", "operator": "Perstorps kommun", "natverk": null, "laddpunkter": 2, "uttag_ccs": 1.0, "uttag_chademo": 1, "uttag_tesla": null, "uttag_typ2": 1.0, "max_kw": 50.0, "snabbladdare": true, "tunga_fordon": false, "atkomst": "yes", "publik": true, "avgift": null, "kommun": "Perstorp", "i_halland": false }, "geometry": { "type": "Point", "coordinates": [ 13.39776, 56.13588 ] } },
{ "type": "Feature", "properties": { "osm_id": "n10742011786", "namn": "Tekniska kontoret i Perstorp", "operator": "Perstorps kommun", "natverk": null, "laddpunkter": 4, "uttag_ccs": null, "uttag_chademo": null, "uttag_tesla": null, "uttag_typ2": 4.0, "max_kw": 22.0, "snabbladdare": false, "tunga_fordon": false, "atkomst": "customers", "publik": false, "avgift": null, "kommun": "Perstorp", "i_halland": false }, "geometry": { "type": "Point", "coordinates": [ 13.3899, 56.13625 ] } },
{ "type": "Feature", "properties": { "osm_id": "n10742011800", "namn": "E.ON Klippan Åbyplan", "operator": null, "natverk": "E.ON", "laddpunkter": 4, "uttag_ccs": null, "uttag_chademo": null, "uttag_tesla": null, "uttag_typ2": 4.0, "max_kw": 22.0, "snabbladdare": false, "tunga_fordon": false, "atkomst": "yes", "publik": true, "avgift": null, "kommun": "Klippan", "i_halland": false }, "geometry": { "type": "Point", "coordinates": [ 13.12926, 56.13625 ] } },
{ "type": "Feature", "properties": { "osm_id": "n10742011810", "namn": "E.ON Klippan kommunhus", "operator": null, "natverk": "E.ON", "laddpunkter": 2, "uttag_ccs": null, "uttag_chademo": null, "uttag_tesla": null, "uttag_typ2": 2.0, "max_kw": 22.0, "snabbladdare": false, "tunga_fordon": false, "atkomst": "yes", "publik": true, "avgift": null, "kommun": "Klippan", "i_halland": false }, "geometry": { "type": "Point", "coordinates": [ 13.12796, 56.13555 ] } },
{ "type": "Feature", "properties": { "osm_id": "n10742011827", "namn": "Kägle väg 9", "operator": "Margretetorps Gästgifvaregård", "natverk": null, "laddpunkter": 4, "uttag_ccs": null, "uttag_chademo": null, "uttag_tesla": null, "uttag_typ2": 4.0, "max_kw": 22.0, "snabbladdare": false, "tunga_fordon": false, "atkomst": "yes", "publik": true, "avgift": null, "kommun": "Ängelholm", "i_halland": false }, "geometry": { "type": "Point", "coordinates": [ 12.88962, 56.33565 ] } },
{ "type": "Feature", "properties": { "osm_id": "n10742011831", "namn": "Timmervägen 29", "operator": "N.P. Nilssons Trävaruaktiebolag", "natverk": null, "laddpunkter": 7, "uttag_ccs": null, "uttag_chademo": null, "uttag_tesla": null, "uttag_typ2": 7.0, "max_kw": 22.0, "snabbladdare": false, "tunga_fordon": false, "atkomst": "yes", "publik": true, "avgift": null, "kommun": "Båstad", "i_halland": false }, "geometry": { "type": "Point", "coordinates": [ 12.78215, 56.39222 ] } },
{ "type": "Feature", "properties": { "osm_id": "n10742011836", "namn": "Bälinge EL", "operator": "Bälinge EL AB", "natverk": null, "laddpunkter": 3, "uttag_ccs": 1.0, "uttag_chademo": null, "uttag_tesla": null, "uttag_typ2": 2.0, "max_kw": 20.0, "snabbladdare": true, "tunga_fordon": false, "atkomst": "yes", "publik": true, "avgift": null, "kommun": "Örkelljunga", "i_halland": false }, "geometry": { "type": "Point", "coordinates": [ 13.28183, 56.28456 ] } },
{ "type": "Feature", "properties": { "osm_id": "n10742015391", "namn": "E.ON", "operator": "E.ON", "natverk": "E.ON", "laddpunkter": 6, "uttag_ccs": 1.0, "uttag_chademo": 1, "uttag_tesla": null, "uttag_typ2": 1.0, "max_kw": 50.0, "snabbladdare": true, "tunga_fordon": false, "atkomst": "yes", "publik": true, "avgift": null, "kommun": "Halmstad", "i_halland": true }, "geometry": { "type": "Point", "coordinates": [ 12.89294, 56.67398 ] } },
{ "type": "Feature", "properties": { "osm_id": "n10742015392", "namn": "Varbergs Bostads AB", "operator": "Varbergs Bostads AB", "natverk": null, "laddpunkter": 2, "uttag_ccs": null, "uttag_chademo": null, "uttag_tesla": null, "uttag_typ2": 2.0, "max_kw": 22.0, "snabbladdare": false, "tunga_fordon": false, "atkomst": "yes", "publik": true, "avgift": null, "kommun": "Varberg", "i_halland": true }, "geometry": { "type": "Point", "coordinates": [ 12.26551, 57.09103 ] } },
{ "type": "Feature", "properties": { "osm_id": "n10742015394", "namn": "Storel Halmstad", "operator": "Storel Halmstad", "natverk": null, "laddpunkter": 2, "uttag_ccs": null, "uttag_chademo": null, "uttag_tesla": null, "uttag_typ2": 2.0, "max_kw": 4.0, "snabbladdare": false, "tunga_fordon": false, "atkomst": "yes", "publik": true, "avgift": null, "kommun": "Halmstad", "i_halland": true }, "geometry": { "type": "Point", "coordinates": [ 12.89067, 56.6599 ] } },
{ "type": "Feature", "properties": { "osm_id": "n10742015395", "namn": "Varbergs Bostad AB", "operator": "Varbergs Bostad AB", "natverk": null, "laddpunkter": 2, "uttag_ccs": null, "uttag_chademo": null, "uttag_tesla": null, "uttag_typ2": 2.0, "max_kw": 22.0, "snabbladdare": false, "tunga_fordon": false, "atkomst": "yes", "publik": true, "avgift": null, "kommun": "Varberg", "i_halland": true }, "geometry": { "type": "Point", "coordinates": [ 12.26226, 57.11506 ] } },
{ "type": "Feature", "properties": { "osm_id": "n10742015396", "namn": "Halmstads kommun", "operator": "Halmstads kommun", "natverk": null, "laddpunkter": 2, "uttag_ccs": null, "uttag_chademo": null, "uttag_tesla": null, "uttag_typ2": 2.0, "max_kw": 22.0, "snabbladdare": false, "tunga_fordon": false, "atkomst": "yes", "publik": true, "avgift": null, "kommun": "Halmstad", "i_halland": true }, "geometry": { "type": "Point", "coordinates": [ 12.86475, 56.67515 ] } },
{ "type": "Feature", "properties": { "osm_id": "n10742015397", "namn": null, "operator": null, "natverk": null, "laddpunkter": 4, "uttag_ccs": null, "uttag_chademo": null, "uttag_tesla": null, "uttag_typ2": 4.0, "max_kw": 22.0, "snabbladdare": false, "tunga_fordon": false, "atkomst": "yes", "publik": true, "avgift": null, "kommun": "Varberg", "i_halland": true }, "geometry": { "type": "Point", "coordinates": [ 12.26349, 57.10037 ] } },
{ "type": "Feature", "properties": { "osm_id": "n10742015398", "namn": "E.ON", "operator": null, "natverk": "E.ON", "laddpunkter": 2, "uttag_ccs": 1.0, "uttag_chademo": 1, "uttag_tesla": null, "uttag_typ2": 1.0, "max_kw": 50.0, "snabbladdare": true, "tunga_fordon": false, "atkomst": "yes", "publik": true, "avgift": null, "kommun": "Varberg", "i_halland": true }, "geometry": { "type": "Point", "coordinates": [ 12.35246, 57.06268 ] } },
{ "type": "Feature", "properties": { "osm_id": "n10742015399", "namn": "Branäsgruppen AB", "operator": "Branäsgruppen AB", "natverk": null, "laddpunkter": 5, "uttag_ccs": null, "uttag_chademo": null, "uttag_tesla": null, "uttag_typ2": 4.0, "max_kw": 11.0, "snabbladdare": false, "tunga_fordon": false, "atkomst": "yes", "publik": true, "avgift": null, "kommun": "Laholm", "i_halland": true }, "geometry": { "type": "Point", "coordinates": [ 13.10952, 56.38569 ] } },
{ "type": "Feature", "properties": { "osm_id": "n10742015400", "namn": null, "operator": null, "natverk": null, "laddpunkter": 2, "uttag_ccs": null, "uttag_chademo": null, "uttag_tesla": null, "uttag_typ2": 2.0, "max_kw": 22.0, "snabbladdare": false, "tunga_fordon": false, "atkomst": "yes", "publik": true, "avgift": null, "kommun": "Varberg", "i_halland": true }, "geometry": { "type": "Point", "coordinates": [ 12.24569, 57.10742 ] } },
{ "type": "Feature", "properties": { "osm_id": "n10742015401", "namn": "Kungsbacka kommun", "operator": "Kungsbacka kommun", "natverk": null, "laddpunkter": 4, "uttag_ccs": null, "uttag_chademo": null, "uttag_tesla": null, "uttag_typ2": 4.0, "max_kw": 22.0, "snabbladdare": false, "tunga_fordon": false, "atkomst": "yes", "publik": true, "avgift": null, "kommun": "Kungsbacka", "i_halland": true }, "geometry": { "type": "Point", "coordinates": [ 12.06938, 57.50117 ] } },
{ "type": "Feature", "properties": { "osm_id": "n10742015402", "namn": "Mer", "operator": "Circle K", "natverk": "Mer", "laddpunkter": 2, "uttag_ccs": 1.0, "uttag_chademo": 1, "uttag_tesla": null, "uttag_typ2": 1.0, "max_kw": 50.0, "snabbladdare": true, "tunga_fordon": false, "atkomst": "yes", "publik": true, "avgift": null, "kommun": "Varberg", "i_halland": true }, "geometry": { "type": "Point", "coordinates": [ 12.27747, 57.16845 ] } },
{ "type": "Feature", "properties": { "osm_id": "n10742015403", "namn": "Recharge", "operator": "Recharge", "natverk": "Recharge", "laddpunkter": 4, "uttag_ccs": 4.0, "uttag_chademo": null, "uttag_tesla": null, "uttag_typ2": null, "max_kw": 225.0, "snabbladdare": true, "tunga_fordon": false, "atkomst": "yes", "publik": true, "avgift": null, "kommun": "Laholm", "i_halland": true }, "geometry": { "type": "Point", "coordinates": [ 12.95678, 56.502 ] } },
{ "type": "Feature", "properties": { "osm_id": "n10742015404", "namn": "Bildepot", "operator": "Bildepot", "natverk": null, "laddpunkter": 3, "uttag_ccs": null, "uttag_chademo": null, "uttag_tesla": null, "uttag_typ2": 3.0, "max_kw": 22.0, "snabbladdare": false, "tunga_fordon": false, "atkomst": "yes", "publik": true, "avgift": null, "kommun": "Varberg", "i_halland": true }, "geometry": { "type": "Point", "coordinates": [ 12.27852, 57.12299 ] } },
{ "type": "Feature", "properties": { "osm_id": "n10742030905", "namn": "Mer", "operator": null, "natverk": "Mer", "laddpunkter": 2, "uttag_ccs": 1.0, "uttag_chademo": 1, "uttag_tesla": null, "uttag_typ2": 1.0, "max_kw": 50.0, "snabbladdare": true, "tunga_fordon": false, "atkomst": "yes", "publik": true, "avgift": null, "kommun": "Laholm", "i_halland": true }, "geometry": { "type": "Point", "coordinates": [ 12.97133, 56.54112 ] } },
{ "type": "Feature", "properties": { "osm_id": "n10742030906", "namn": "Gekås Ullared", "operator": "Gekås Ullared", "natverk": null, "laddpunkter": 4, "uttag_ccs": null, "uttag_chademo": null, "uttag_tesla": null, "uttag_typ2": 4.0, "max_kw": 7.0, "snabbladdare": false, "tunga_fordon": false, "atkomst": "customers", "publik": false, "avgift": null, "kommun": "Falkenberg", "i_halland": true }, "geometry": { "type": "Point", "coordinates": [ 12.71433, 57.13422 ] } },
{ "type": "Feature", "properties": { "osm_id": "n10742030907", "namn": "Lunds Bil AB", "operator": "Lunds Bil AB", "natverk": null, "laddpunkter": 2, "uttag_ccs": 2.0, "uttag_chademo": null, "uttag_tesla": null, "uttag_typ2": null, "max_kw": 150.0, "snabbladdare": true, "tunga_fordon": false, "atkomst": "yes", "publik": true, "avgift": null, "kommun": "Varberg", "i_halland": true }, "geometry": { "type": "Point", "coordinates": [ 12.26538, 57.12392 ] } },
{ "type": "Feature", "properties": { "osm_id": "n10742030908", "namn": "Halmstads kommun", "operator": "Halmstads kommun", "natverk": null, "laddpunkter": 4, "uttag_ccs": null, "uttag_chademo": null, "uttag_tesla": null, "uttag_typ2": 4.0, "max_kw": 11.0, "snabbladdare": false, "tunga_fordon": false, "atkomst": "yes", "publik": true, "avgift": null, "kommun": "Halmstad", "i_halland": true }, "geometry": { "type": "Point", "coordinates": [ 12.85348, 56.67189 ] } },
{ "type": "Feature", "properties": { "osm_id": "n10742030909", "namn": "Varbergs Bostad AB", "operator": "Varbergs Bostad AB", "natverk": null, "laddpunkter": 2, "uttag_ccs": null, "uttag_chademo": null, "uttag_tesla": null, "uttag_typ2": 2.0, "max_kw": 22.0, "snabbladdare": false, "tunga_fordon": false, "atkomst": "yes", "publik": true, "avgift": null, "kommun": "Varberg", "i_halland": true }, "geometry": { "type": "Point", "coordinates": [ 12.33358, 57.26934 ] } },
{ "type": "Feature", "properties": { "osm_id": "n10742030910", "namn": "Halmstads flygplats", "operator": "Halmstads flygplats", "natverk": null, "laddpunkter": 6, "uttag_ccs": null, "uttag_chademo": null, "uttag_tesla": null, "uttag_typ2": 6.0, "max_kw": 11.0, "snabbladdare": false, "tunga_fordon": false, "atkomst": "yes", "publik": true, "avgift": null, "kommun": "Halmstad", "i_halland": true }, "geometry": { "type": "Point", "coordinates": [ 12.81419, 56.68114 ] } },
{ "type": "Feature", "properties": { "osm_id": "n10742030911", "namn": "Mer", "operator": null, "natverk": "Mer", "laddpunkter": 2, "uttag_ccs": 1.0, "uttag_chademo": 1, "uttag_tesla": null, "uttag_typ2": 1.0, "max_kw": 50.0, "snabbladdare": true, "tunga_fordon": false, "atkomst": "yes", "publik": true, "avgift": null, "kommun": "Halmstad", "i_halland": true }, "geometry": { "type": "Point", "coordinates": [ 12.89221, 56.67373 ] } },
{ "type": "Feature", "properties": { "osm_id": "n10742030912", "namn": "Varbergs Bostad AB", "operator": "Varbergs Bostad AB", "natverk": null, "laddpunkter": 2, "uttag_ccs": null, "uttag_chademo": null, "uttag_tesla": null, "uttag_typ2": 2.0, "max_kw": 22.0, "snabbladdare": false, "tunga_fordon": false, "atkomst": "yes", "publik": true, "avgift": null, "kommun": "Varberg", "i_halland": true }, "geometry": { "type": "Point", "coordinates": [ 12.24918, 57.09873 ] } },
{ "type": "Feature", "properties": { "osm_id": "n10742030913", "namn": "Recharge", "operator": null, "natverk": "Recharge", "laddpunkter": 6, "uttag_ccs": 5.0, "uttag_chademo": 1, "uttag_tesla": null, "uttag_typ2": 1.0, "max_kw": 150.0, "snabbladdare": true, "tunga_fordon": false, "atkomst": "yes", "publik": true, "avgift": null, "kommun": "Varberg", "i_halland": true }, "geometry": { "type": "Point", "coordinates": [ 12.27968, 57.081 ] } },
{ "type": "Feature", "properties": { "osm_id": "n10742030914", "namn": "Hede Fashion Outlet AB", "operator": "Hede Fashion Outlet AB", "natverk": null, "laddpunkter": 16, "uttag_ccs": null, "uttag_chademo": null, "uttag_tesla": null, "uttag_typ2": 16.0, "max_kw": 22.0, "snabbladdare": false, "tunga_fordon": false, "atkomst": "yes", "publik": true, "avgift": null, "kommun": "Kungsbacka", "i_halland": true }, "geometry": { "type": "Point", "coordinates": [ 12.07277, 57.51322 ] } },
{ "type": "Feature", "properties": { "osm_id": "n10742030915", "namn": "Mer", "operator": null, "natverk": "Mer", "laddpunkter": 4, "uttag_ccs": null, "uttag_chademo": null, "uttag_tesla": null, "uttag_typ2": 4.0, "max_kw": 11.0, "snabbladdare": false, "tunga_fordon": false, "atkomst": "yes", "publik": true, "avgift": null, "kommun": "Kungsbacka", "i_halland": true }, "geometry": { "type": "Point", "coordinates": [ 12.08078, 57.48016 ] } },
{ "type": "Feature", "properties": { "osm_id": "n10742030916", "namn": "Nio", "operator": "Nio Sverige", "natverk": "Nio", "laddpunkter": 4, "uttag_ccs": 4.0, "uttag_chademo": null, "uttag_tesla": null, "uttag_typ2": null, "max_kw": 150.0, "snabbladdare": true, "tunga_fordon": false, "atkomst": "yes", "publik": true, "avgift": null, "kommun": "Varberg", "i_halland": true }, "geometry": { "type": "Point", "coordinates": [ 12.27516, 57.16829 ] } },
{ "type": "Feature", "properties": { "osm_id": "n10742030917", "namn": "Halmstad Energi och Miljö", "operator": "Halmstad Energi och Miljö", "natverk": null, "laddpunkter": 2, "uttag_ccs": null, "uttag_chademo": null, "uttag_tesla": null, "uttag_typ2": 2.0, "max_kw": 11.0, "snabbladdare": false, "tunga_fordon": false, "atkomst": "yes", "publik": true, "avgift": null, "kommun": "Halmstad", "i_halland": true }, "geometry": { "type": "Point", "coordinates": [ 12.91369, 56.6775 ] } },
{ "type": "Feature", "properties": { "osm_id": "n10742030918", "namn": null, "operator": null, "natverk": null, "laddpunkter": 2, "uttag_ccs": null, "uttag_chademo": null, "uttag_tesla": null, "uttag_typ2": 2.0, "max_kw": 11.0, "snabbladdare": false, "tunga_fordon": false, "atkomst": "yes", "publik": true, "avgift": null, "kommun": "Falkenberg", "i_halland": true }, "geometry": { "type": "Point", "coordinates": [ 12.49417, 56.89843 ] } },
{ "type": "Feature", "properties": { "osm_id": "n10742030919", "namn": "Coop Forum Varberg", "operator": "Coop Forum Varberg", "natverk": null, "laddpunkter": 4, "uttag_ccs": null, "uttag_chademo": null, "uttag_tesla": null, "uttag_typ2": 4.0, "max_kw": 22.0, "snabbladdare": false, "tunga_fordon": false, "atkomst": "yes", "publik": true, "avgift": null, "kommun": "Varberg", "i_halland": true }, "geometry": { "type": "Point", "coordinates": [ 12.27732, 57.08206 ] } },
{ "type": "Feature", "properties": { "osm_id": "n10742030920", "namn": "Rejmes", "operator": "Rejmes", "natverk": null, "laddpunkter": 10, "uttag_ccs": null, "uttag_chademo": null, "uttag_tesla": null, "uttag_typ2": 10.0, "max_kw": 22.0, "snabbladdare": false, "tunga_fordon": false, "atkomst": "yes", "publik": true, "avgift": null, "kommun": "Halmstad", "i_halland": true }, "geometry": { "type": "Point", "coordinates": [ 12.8801, 56.67763 ] } },
{ "type": "Feature", "properties": { "osm_id": "n10742030921", "namn": "Vattenfall InCharge", "operator": "Vattenfall InCharge", "natverk": "Vattenfall InCharge", "laddpunkter": 6, "uttag_ccs": null, "uttag_chademo": null, "uttag_tesla": null, "uttag_typ2": 6.0, "max_kw": 22.0, "snabbladdare": false, "tunga_fordon": false, "atkomst": "yes", "publik": true, "avgift": null, "kommun": "Varberg", "i_halland": true }, "geometry": { "type": "Point", "coordinates": [ 12.25441, 57.10426 ] } },
{ "type": "Feature", "properties": { "osm_id": "n10742030922", "namn": "Kungsbacka kommun", "operator": "Kungsbacka kommun", "natverk": null, "laddpunkter": 4, "uttag_ccs": null, "uttag_chademo": null, "uttag_tesla": null, "uttag_typ2": 4.0, "max_kw": 22.0, "snabbladdare": false, "tunga_fordon": false, "atkomst": "yes", "publik": true, "avgift": null, "kommun": "Kungsbacka", "i_halland": true }, "geometry": { "type": "Point", "coordinates": [ 12.07552, 57.51758 ] } },
{ "type": "Feature", "properties": { "osm_id": "n10742030923", "namn": "Kungsbacka kommun", "operator": "Kungsbacka kommun", "natverk": null, "laddpunkter": 4, "uttag_ccs": null, "uttag_chademo": null, "uttag_tesla": null, "uttag_typ2": 4.0, "max_kw": 22.0, "snabbladdare": false, "tunga_fordon": false, "atkomst": "yes", "publik": true, "avgift": null, "kommun": "Kungsbacka", "i_halland": true }, "geometry": { "type": "Point", "coordinates": [ 12.0795, 57.49498 ] } },
{ "type": "Feature", "properties": { "osm_id": "n10742030924", "namn": null, "operator": null, "natverk": null, "laddpunkter": 4, "uttag_ccs": null, "uttag_chademo": null, "uttag_tesla": null, "uttag_typ2": 4.0, "max_kw": 22.0, "snabbladdare": false, "tunga_fordon": false, "atkomst": "yes", "publik": true, "avgift": null, "kommun": "Varberg", "i_halland": true }, "geometry": { "type": "Point", "coordinates": [ 12.24719, 57.10511 ] } },
{ "type": "Feature", "properties": { "osm_id": "n10742030925", "namn": "Region Halland", "operator": "Region Halland", "natverk": null, "laddpunkter": 12, "uttag_ccs": null, "uttag_chademo": null, "uttag_tesla": null, "uttag_typ2": 12.0, "max_kw": 11.0, "snabbladdare": false, "tunga_fordon": false, "atkomst": "yes", "publik": true, "avgift": null, "kommun": "Halmstad", "i_halland": true }, "geometry": { "type": "Point", "coordinates": [ 12.84305, 56.68141 ] } },
{ "type": "Feature", "properties": { "osm_id": "n10742030927", "namn": "Kungsbacka kommun", "operator": "Kungsbacka kommun", "natverk": null, "laddpunkter": 4, "uttag_ccs": null, "uttag_chademo": null, "uttag_tesla": null, "uttag_typ2": 4.0, "max_kw": 22.0, "snabbladdare": false, "tunga_fordon": false, "atkomst": "yes", "publik": true, "avgift": null, "kommun": "Kungsbacka", "i_halland": true }, "geometry": { "type": "Point", "coordinates": [ 12.07073, 57.49427 ] } },
{ "type": "Feature", "properties": { "osm_id": "n10742030928", "namn": "Varbergs Bostads AB", "operator": "Varbergs Bostads AB", "natverk": null, "laddpunkter": 2, "uttag_ccs": null, "uttag_chademo": null, "uttag_tesla": null, "uttag_typ2": 2.0, "max_kw": 22.0, "snabbladdare": false, "tunga_fordon": false, "atkomst": "yes", "publik": true, "avgift": null, "kommun": "Varberg", "i_halland": true }, "geometry": { "type": "Point", "coordinates": [ 12.25859, 57.09448 ] } },
{ "type": "Feature", "properties": { "osm_id": "n10742030930", "namn": "Halmstads kommun", "operator": "Halmstads kommun", "natverk": null, "laddpunkter": 4, "uttag_ccs": null, "uttag_chademo": null, "uttag_tesla": null, "uttag_typ2": 4.0, "max_kw": 11.0, "snabbladdare": false, "tunga_fordon": false, "atkomst": "yes", "publik": true, "avgift": null, "kommun": "Halmstad", "i_halland": true }, "geometry": { "type": "Point", "coordinates": [ 12.86081, 56.68378 ] } },
{ "type": "Feature", "properties": { "osm_id": "n10742030931", "namn": "Vattenfall InCharge", "operator": "Vattenfall InCharge", "natverk": "Vattenfall InCharge", "laddpunkter": 4, "uttag_ccs": null, "uttag_chademo": null, "uttag_tesla": null, "uttag_typ2": 4.0, "max_kw": 22.0, "snabbladdare": false, "tunga_fordon": false, "atkomst": "yes", "publik": true, "avgift": null, "kommun": "Varberg", "i_halland": true }, "geometry": { "type": "Point", "coordinates": [ 12.25453, 57.10323 ] } },
{ "type": "Feature", "properties": { "osm_id": "n10742030932", "namn": "Mer", "operator": null, "natverk": "Mer", "laddpunkter": 6, "uttag_ccs": null, "uttag_chademo": null, "uttag_tesla": null, "uttag_typ2": 6.0, "max_kw": 22.0, "snabbladdare": false, "tunga_fordon": false, "atkomst": "yes", "publik": true, "avgift": null, "kommun": "Halmstad", "i_halland": true }, "geometry": { "type": "Point", "coordinates": [ 12.85782, 56.67262 ] } },
{ "type": "Feature", "properties": { "osm_id": "n10742030933", "namn": "Mer", "operator": "Mer", "natverk": "Mer", "laddpunkter": 2, "uttag_ccs": 1.0, "uttag_chademo": 1, "uttag_tesla": null, "uttag_typ2": 1.0, "max_kw": 50.0, "snabbladdare": true, "tunga_fordon": false, "atkomst": "yes", "publik": true, "avgift": null, "kommun": "Falkenberg", "i_halland": true }, "geometry": { "type": "Point", "coordinates": [ 12.51709, 56.93236 ] } },
{ "type": "Feature", "properties": { "osm_id": "n10742030934", "namn": "Kungsbacka kommun", "operator": "Kungsbacka kommun", "natverk": null, "laddpunkter": 2, "uttag_ccs": null, "uttag_chademo": null, "uttag_tesla": null, "uttag_typ2": 2.0, "max_kw": 22.0, "snabbladdare": false, "tunga_fordon": false, "atkomst": "yes", "publik": true, "avgift": null, "kommun": "Kungsbacka", "i_halland": true }, "geometry": { "type": "Point", "coordinates": [ 12.07353, 57.48603 ] } },
{ "type": "Feature", "properties": { "osm_id": "n10742030935", "namn": "Prostens Veterinärmottagning", "operator": "Prostens Veterinärmottagning", "natverk": null, "laddpunkter": 3, "uttag_ccs": null, "uttag_chademo": null, "uttag_tesla": null, "uttag_typ2": 1.0, "max_kw": 4.0, "snabbladdare": false, "tunga_fordon": false, "atkomst": "customers", "publik": false, "avgift": null, "kommun": "Halmstad", "i_halland": true }, "geometry": { "type": "Point", "coordinates": [ 12.75621, 56.82142 ] } },
{ "type": "Feature", "properties": { "osm_id": "n10742030936", "namn": "Ionity", "operator": "Ionity", "natverk": "Ionity", "laddpunkter": 6, "uttag_ccs": 6.0, "uttag_chademo": null, "uttag_tesla": null, "uttag_typ2": null, "max_kw": 350.0, "snabbladdare": true, "tunga_fordon": false, "atkomst": "yes", "publik": true, "avgift": null, "kommun": "Varberg", "i_halland": true }, "geometry": { "type": "Point", "coordinates": [ 12.27722, 57.16788 ] } },
{ "type": "Feature", "properties": { "osm_id": "n10742030938", "namn": "Halmstads kommun", "operator": "Halmstads kommun", "natverk": null, "laddpunkter": 2, "uttag_ccs": null, "uttag_chademo": null, "uttag_tesla": null, "uttag_typ2": 2.0, "max_kw": 22.0, "snabbladdare": false, "tunga_fordon": false, "atkomst": "yes", "publik": true, "avgift": null, "kommun": "Halmstad", "i_halland": true }, "geometry": { "type": "Point", "coordinates": [ 12.85825, 56.67246 ] } },
{ "type": "Feature", "properties": { "osm_id": "n10742030939", "namn": "Halmstad kommun/Teknik-fritidsförv.", "operator": "Halmstad kommun/Teknik-fritidsförv.", "natverk": null, "laddpunkter": 4, "uttag_ccs": null, "uttag_chademo": null, "uttag_tesla": null, "uttag_typ2": 4.0, "max_kw": 22.0, "snabbladdare": false, "tunga_fordon": false, "atkomst": "yes", "publik": true, "avgift": null, "kommun": "Halmstad", "i_halland": true }, "geometry": { "type": "Point", "coordinates": [ 12.87681, 56.66461 ] } },
{ "type": "Feature", "properties": { "osm_id": "n10742030940", "namn": "Varbergs Kusthotell Spa", "operator": "Varbergs Kusthotell Spa", "natverk": null, "laddpunkter": 2, "uttag_ccs": null, "uttag_chademo": null, "uttag_tesla": null, "uttag_typ2": 2.0, "max_kw": 11.0, "snabbladdare": false, "tunga_fordon": false, "atkomst": "customers", "publik": false, "avgift": null, "kommun": "Varberg", "i_halland": true }, "geometry": { "type": "Point", "coordinates": [ 12.24335, 57.08868 ] } },
{ "type": "Feature", "properties": { "osm_id": "n10742030941", "namn": "Varbergs Bostads AB", "operator": "Varbergs Bostads AB", "natverk": null, "laddpunkter": 2, "uttag_ccs": null, "uttag_chademo": null, "uttag_tesla": null, "uttag_typ2": 2.0, "max_kw": 22.0, "snabbladdare": false, "tunga_fordon": false, "atkomst": "yes", "publik": true, "avgift": null, "kommun": "Varberg", "i_halland": true }, "geometry": { "type": "Point", "coordinates": [ 12.28378, 57.1117 ] } },
{ "type": "Feature", "properties": { "osm_id": "n10742030942", "namn": null, "operator": null, "natverk": null, "laddpunkter": 2, "uttag_ccs": null, "uttag_chademo": null, "uttag_tesla": null, "uttag_typ2": 2.0, "max_kw": 22.0, "snabbladdare": false, "tunga_fordon": false, "atkomst": "yes", "publik": true, "avgift": null, "kommun": "Varberg", "i_halland": true }, "geometry": { "type": "Point", "coordinates": [ 12.32493, 57.26449 ] } },
{ "type": "Feature", "properties": { "osm_id": "n10742030944", "namn": "Hotel Tylösand", "operator": "Hotel Tylösand", "natverk": null, "laddpunkter": 1, "uttag_ccs": null, "uttag_chademo": null, "uttag_tesla": null, "uttag_typ2": 1.0, "max_kw": 22.0, "snabbladdare": false, "tunga_fordon": false, "atkomst": "customers", "publik": false, "avgift": null, "kommun": "Halmstad", "i_halland": true }, "geometry": { "type": "Point", "coordinates": [ 12.73211, 56.64876 ] } },
{ "type": "Feature", "properties": { "osm_id": "n10742030945", "namn": "Halmstad Energi och Miljö", "operator": "Halmstad Energi och Miljö", "natverk": null, "laddpunkter": 4, "uttag_ccs": null, "uttag_chademo": null, "uttag_tesla": null, "uttag_typ2": 4.0, "max_kw": 22.0, "snabbladdare": false, "tunga_fordon": false, "atkomst": "yes", "publik": true, "avgift": null, "kommun": "Halmstad", "i_halland": true }, "geometry": { "type": "Point", "coordinates": [ 12.74125, 56.65783 ] } },
{ "type": "Feature", "properties": { "osm_id": "n10742030946", "namn": "Halmstads kommun", "operator": "Halmstads kommun", "natverk": null, "laddpunkter": 2, "uttag_ccs": null, "uttag_chademo": null, "uttag_tesla": null, "uttag_typ2": 2.0, "max_kw": 4.0, "snabbladdare": false, "tunga_fordon": false, "atkomst": "yes", "publik": true, "avgift": null, "kommun": "Halmstad", "i_halland": true }, "geometry": { "type": "Point", "coordinates": [ 12.85909, 56.6738 ] } },
{ "type": "Feature", "properties": { "osm_id": "n10742030947", "namn": "Storel Kungsbacka", "operator": "Storel Kungsbacka", "natverk": null, "laddpunkter": 2, "uttag_ccs": null, "uttag_chademo": null, "uttag_tesla": null, "uttag_typ2": 2.0, "max_kw": 11.0, "snabbladdare": false, "tunga_fordon": false, "atkomst": "yes", "publik": true, "avgift": null, "kommun": "Kungsbacka", "i_halland": true }, "geometry": { "type": "Point", "coordinates": [ 12.07301, 57.51093 ] } },
{ "type": "Feature", "properties": { "osm_id": "n10742030948", "namn": "Halmstad Energi och Miljö", "operator": "Halmstad Energi och Miljö", "natverk": null, "laddpunkter": 4, "uttag_ccs": null, "uttag_chademo": null, "uttag_tesla": null, "uttag_typ2": 4.0, "max_kw": 11.0, "snabbladdare": false, "tunga_fordon": false, "atkomst": "yes", "publik": true, "avgift": null, "kommun": "Halmstad", "i_halland": true }, "geometry": { "type": "Point", "coordinates": [ 12.87786, 56.66192 ] } },
{ "type": "Feature", "properties": { "osm_id": "n10742030949", "namn": "Varbergs Fastighets AB", "operator": "Varbergs Fastighets AB", "natverk": null, "laddpunkter": 4, "uttag_ccs": null, "uttag_chademo": null, "uttag_tesla": null, "uttag_typ2": 4.0, "max_kw": 22.0, "snabbladdare": false, "tunga_fordon": false, "atkomst": "yes", "publik": true, "avgift": null, "kommun": "Varberg", "i_halland": true }, "geometry": { "type": "Point", "coordinates": [ 12.25431, 57.10416 ] } },
{ "type": "Feature", "properties": { "osm_id": "n10742030950", "namn": "Halmstad Energi och Miljö AB", "operator": "Halmstad Energi och Miljö AB", "natverk": null, "laddpunkter": 3, "uttag_ccs": null, "uttag_chademo": null, "uttag_tesla": null, "uttag_typ2": 3.0, "max_kw": 4.0, "snabbladdare": false, "tunga_fordon": false, "atkomst": "customers", "publik": false, "avgift": null, "kommun": "Halmstad", "i_halland": true }, "geometry": { "type": "Point", "coordinates": [ 12.8231, 56.67589 ] } },
{ "type": "Feature", "properties": { "osm_id": "n10742030951", "namn": "Intea Fanan 51 AB", "operator": "Intea Fanan 51 AB", "natverk": null, "laddpunkter": 8, "uttag_ccs": null, "uttag_chademo": null, "uttag_tesla": null, "uttag_typ2": 8.0, "max_kw": 22.0, "snabbladdare": false, "tunga_fordon": false, "atkomst": "yes", "publik": true, "avgift": null, "kommun": "Halmstad", "i_halland": true }, "geometry": { "type": "Point", "coordinates": [ 12.88102, 56.66255 ] } },
{ "type": "Feature", "properties": { "osm_id": "n10742030952", "namn": "Varbergs Bostad AB", "operator": "Varbergs Bostad AB", "natverk": null, "laddpunkter": 2, "uttag_ccs": null, "uttag_chademo": null, "uttag_tesla": null, "uttag_typ2": 2.0, "max_kw": 22.0, "snabbladdare": false, "tunga_fordon": false, "atkomst": "yes", "publik": true, "avgift": null, "kommun": "Varberg", "i_halland": true }, "geometry": { "type": "Point", "coordinates": [ 12.28486, 57.05286 ] } },
{ "type": "Feature", "properties": { "osm_id": "n10742030953", "namn": "Circle K", "operator": null, "natverk": "Circle K", "laddpunkter": 3, "uttag_ccs": 3.0, "uttag_chademo": null, "uttag_tesla": null, "uttag_typ2": null, "max_kw": 150.0, "snabbladdare": true, "tunga_fordon": false, "atkomst": "yes", "publik": true, "avgift": null, "kommun": "Kungsbacka", "i_halland": true }, "geometry": { "type": "Point", "coordinates": [ 12.06013, 57.47485 ] } },
{ "type": "Feature", "properties": { "osm_id": "n10742030954", "namn": "Aimo Park", "operator": "Aimo Park", "natverk": null, "laddpunkter": 6, "uttag_ccs": null, "uttag_chademo": null, "uttag_tesla": null, "uttag_typ2": 6.0, "max_kw": 11.0, "snabbladdare": false, "tunga_fordon": false, "atkomst": "yes", "publik": true, "avgift": null, "kommun": "Halmstad", "i_halland": true }, "geometry": { "type": "Point", "coordinates": [ 12.86696, 56.66952 ] } },
{ "type": "Feature", "properties": { "osm_id": "n10742030955", "namn": "Laholms kommun", "operator": "Laholms kommun", "natverk": null, "laddpunkter": 6, "uttag_ccs": null, "uttag_chademo": null, "uttag_tesla": null, "uttag_typ2": 6.0, "max_kw": 22.0, "snabbladdare": false, "tunga_fordon": false, "atkomst": "yes", "publik": true, "avgift": null, "kommun": "Laholm", "i_halland": true }, "geometry": { "type": "Point", "coordinates": [ 13.04522, 56.51046 ] } },
{ "type": "Feature", "properties": { "osm_id": "n10742030956", "namn": "Virta", "operator": "Virta", "natverk": null, "laddpunkter": 4, "uttag_ccs": 1.0, "uttag_chademo": 1, "uttag_tesla": null, "uttag_typ2": 3.0, "max_kw": 50.0, "snabbladdare": true, "tunga_fordon": false, "atkomst": "yes", "publik": true, "avgift": null, "kommun": "Laholm", "i_halland": true }, "geometry": { "type": "Point", "coordinates": [ 13.04204, 56.51385 ] } },
{ "type": "Feature", "properties": { "osm_id": "n10742030958", "namn": "Falkenberg Strandbad", "operator": "Falkenberg Strandbad", "natverk": null, "laddpunkter": 2, "uttag_ccs": null, "uttag_chademo": null, "uttag_tesla": null, "uttag_typ2": 2.0, "max_kw": 11.0, "snabbladdare": false, "tunga_fordon": false, "atkomst": "yes", "publik": true, "avgift": null, "kommun": "Falkenberg", "i_halland": true }, "geometry": { "type": "Point", "coordinates": [ 12.49525, 56.88866 ] } },
{ "type": "Feature", "properties": { "osm_id": "n10742030959", "namn": "Vattenfall InCharge", "operator": "Vattenfall InCharge", "natverk": "Vattenfall InCharge", "laddpunkter": 8, "uttag_ccs": null, "uttag_chademo": null, "uttag_tesla": null, "uttag_typ2": 8.0, "max_kw": 22.0, "snabbladdare": false, "tunga_fordon": false, "atkomst": "yes", "publik": true, "avgift": null, "kommun": "Varberg", "i_halland": true }, "geometry": { "type": "Point", "coordinates": [ 12.2462, 57.10834 ] } },
{ "type": "Feature", "properties": { "osm_id": "n10742030960", "namn": "Mer", "operator": null, "natverk": "Mer", "laddpunkter": 2, "uttag_ccs": 1.0, "uttag_chademo": null, "uttag_tesla": null, "uttag_typ2": 1.0, "max_kw": 50.0, "snabbladdare": true, "tunga_fordon": false, "atkomst": "yes", "publik": true, "avgift": null, "kommun": "Halmstad", "i_halland": true }, "geometry": { "type": "Point", "coordinates": [ 12.79524, 56.6761 ] } },
{ "type": "Feature", "properties": { "osm_id": "n10742030961", "namn": "Varberg Energi", "operator": "Varberg Energi", "natverk": null, "laddpunkter": 2, "uttag_ccs": null, "uttag_chademo": null, "uttag_tesla": null, "uttag_typ2": 2.0, "max_kw": 22.0, "snabbladdare": false, "tunga_fordon": false, "atkomst": "yes", "publik": true, "avgift": null, "kommun": "Varberg", "i_halland": true }, "geometry": { "type": "Point", "coordinates": [ 12.25076, 57.10496 ] } },
{ "type": "Feature", "properties": { "osm_id": "n10742030962", "namn": "Intea Fanborgen AB", "operator": "Intea Fanborgen AB", "natverk": null, "laddpunkter": 12, "uttag_ccs": null, "uttag_chademo": null, "uttag_tesla": null, "uttag_typ2": 12.0, "max_kw": 22.0, "snabbladdare": false, "tunga_fordon": false, "atkomst": "yes", "publik": true, "avgift": null, "kommun": "Halmstad", "i_halland": true }, "geometry": { "type": "Point", "coordinates": [ 12.87632, 56.66359 ] } },
{ "type": "Feature", "properties": { "osm_id": "n10742030963", "namn": "Kungsbacka kommun", "operator": "Kungsbacka kommun", "natverk": null, "laddpunkter": 4, "uttag_ccs": null, "uttag_chademo": null, "uttag_tesla": null, "uttag_typ2": 4.0, "max_kw": 22.0, "snabbladdare": false, "tunga_fordon": false, "atkomst": "yes", "publik": true, "avgift": null, "kommun": "Kungsbacka", "i_halland": true }, "geometry": { "type": "Point", "coordinates": [ 12.06512, 57.49608 ] } },
{ "type": "Feature", "properties": { "osm_id": "n10742030964", "namn": "MotorHalland", "operator": "MotorHalland", "natverk": null, "laddpunkter": 13, "uttag_ccs": 1.0, "uttag_chademo": null, "uttag_tesla": null, "uttag_typ2": 12.0, "max_kw": 50.0, "snabbladdare": true, "tunga_fordon": false, "atkomst": "yes", "publik": true, "avgift": null, "kommun": "Halmstad", "i_halland": true }, "geometry": { "type": "Point", "coordinates": [ 12.79762, 56.67243 ] } },
{ "type": "Feature", "properties": { "osm_id": "n10742030965", "namn": "Storel Falkenberg", "operator": "Storel Falkenberg", "natverk": null, "laddpunkter": 2, "uttag_ccs": null, "uttag_chademo": null, "uttag_tesla": null, "uttag_typ2": 2.0, "max_kw": 11.0, "snabbladdare": false, "tunga_fordon": false, "atkomst": "yes", "publik": true, "avgift": null, "kommun": "Falkenberg", "i_halland": true }, "geometry": { "type": "Point", "coordinates": [ 12.48069, 56.91123 ] } },
{ "type": "Feature", "properties": { "osm_id": "n10742030966", "namn": "Kungsbacka kommun", "operator": "Kungsbacka kommun", "natverk": null, "laddpunkter": 4, "uttag_ccs": null, "uttag_chademo": null, "uttag_tesla": null, "uttag_typ2": 4.0, "max_kw": 4.0, "snabbladdare": false, "tunga_fordon": false, "atkomst": "yes", "publik": true, "avgift": null, "kommun": "Kungsbacka", "i_halland": true }, "geometry": { "type": "Point", "coordinates": [ 12.06552, 57.49118 ] } },
{ "type": "Feature", "properties": { "osm_id": "n10742030967", "namn": "Falkenberg Energi AB", "operator": "Falkenberg Energi AB", "natverk": null, "laddpunkter": 4, "uttag_ccs": null, "uttag_chademo": null, "uttag_tesla": null, "uttag_typ2": 4.0, "max_kw": 22.0, "snabbladdare": false, "tunga_fordon": false, "atkomst": "yes", "publik": true, "avgift": null, "kommun": "Falkenberg", "i_halland": true }, "geometry": { "type": "Point", "coordinates": [ 12.50864, 56.91995 ] } },
{ "type": "Feature", "properties": { "osm_id": "n10742030968", "namn": "Kungsmässan", "operator": "Kungsmässan", "natverk": null, "laddpunkter": 3, "uttag_ccs": null, "uttag_chademo": null, "uttag_tesla": null, "uttag_typ2": 3.0, "max_kw": 11.0, "snabbladdare": false, "tunga_fordon": false, "atkomst": "customers", "publik": false, "avgift": null, "kommun": "Kungsbacka", "i_halland": true }, "geometry": { "type": "Point", "coordinates": [ 12.07315, 57.49272 ] } },
{ "type": "Feature", "properties": { "osm_id": "n10742030969", "namn": "Varbergs Bostad AB", "operator": "Varbergs Bostad AB", "natverk": null, "laddpunkter": 2, "uttag_ccs": null, "uttag_chademo": null, "uttag_tesla": null, "uttag_typ2": 2.0, "max_kw": 22.0, "snabbladdare": false, "tunga_fordon": false, "atkomst": "yes", "publik": true, "avgift": null, "kommun": "Varberg", "i_halland": true }, "geometry": { "type": "Point", "coordinates": [ 12.26298, 57.09069 ] } },
{ "type": "Feature", "properties": { "osm_id": "n10742030970", "namn": "Halmstads kommun", "operator": "Halmstads kommun", "natverk": null, "laddpunkter": 11, "uttag_ccs": null, "uttag_chademo": null, "uttag_tesla": null, "uttag_typ2": 11.0, "max_kw": 11.0, "snabbladdare": false, "tunga_fordon": false, "atkomst": "yes", "publik": true, "avgift": null, "kommun": "Halmstad", "i_halland": true }, "geometry": { "type": "Point", "coordinates": [ 12.86494, 56.67507 ] } },
{ "type": "Feature", "properties": { "osm_id": "n10742030971", "namn": "Falkenbergs Energi", "operator": "Falkenbergs Energi", "natverk": null, "laddpunkter": 10, "uttag_ccs": null, "uttag_chademo": null, "uttag_tesla": null, "uttag_typ2": 10.0, "max_kw": 22.0, "snabbladdare": false, "tunga_fordon": false, "atkomst": "customers", "publik": false, "avgift": null, "kommun": "Falkenberg", "i_halland": true }, "geometry": { "type": "Point", "coordinates": [ 12.4884, 56.88981 ] } },
{ "type": "Feature", "properties": { "osm_id": "n10742030972", "namn": "Varbergsortens Elförsäljning AB", "operator": "Varbergsortens Elförsäljning AB", "natverk": null, "laddpunkter": 4, "uttag_ccs": null, "uttag_chademo": null, "uttag_tesla": null, "uttag_typ2": 4.0, "max_kw": 22.0, "snabbladdare": false, "tunga_fordon": false, "atkomst": "yes", "publik": true, "avgift": null, "kommun": "Varberg", "i_halland": true }, "geometry": { "type": "Point", "coordinates": [ 12.27796, 57.13805 ] } },
{ "type": "Feature", "properties": { "osm_id": "n10742030973", "namn": null, "operator": null, "natverk": null, "laddpunkter": 2, "uttag_ccs": null, "uttag_chademo": null, "uttag_tesla": null, "uttag_typ2": 2.0, "max_kw": 22.0, "snabbladdare": false, "tunga_fordon": false, "atkomst": "yes", "publik": true, "avgift": null, "kommun": "Varberg", "i_halland": true }, "geometry": { "type": "Point", "coordinates": [ 12.56345, 57.12509 ] } },
{ "type": "Feature", "properties": { "osm_id": "n10742030974", "namn": "ICA Supermarket Ullared", "operator": "ICA Supermarket Ullared", "natverk": null, "laddpunkter": 4, "uttag_ccs": null, "uttag_chademo": null, "uttag_tesla": null, "uttag_typ2": 4.0, "max_kw": 22.0, "snabbladdare": false, "tunga_fordon": false, "atkomst": "yes", "publik": true, "avgift": null, "kommun": "Falkenberg", "i_halland": true }, "geometry": { "type": "Point", "coordinates": [ 12.71802, 57.1372 ] } },
{ "type": "Feature", "properties": { "osm_id": "n10742030975", "namn": "Breared samfällighet", "operator": "Breared samfällighet", "natverk": null, "laddpunkter": 1, "uttag_ccs": null, "uttag_chademo": null, "uttag_tesla": null, "uttag_typ2": 1.0, "max_kw": 22.0, "snabbladdare": false, "tunga_fordon": false, "atkomst": "yes", "publik": true, "avgift": null, "kommun": "Varberg", "i_halland": true }, "geometry": { "type": "Point", "coordinates": [ 12.27351, 57.08622 ] } },
{ "type": "Feature", "properties": { "osm_id": "n10742030976", "namn": "Mer", "operator": null, "natverk": "Mer", "laddpunkter": 6, "uttag_ccs": null, "uttag_chademo": null, "uttag_tesla": null, "uttag_typ2": 6.0, "max_kw": 13.0, "snabbladdare": false, "tunga_fordon": false, "atkomst": "customers", "publik": false, "avgift": null, "kommun": "Halmstad", "i_halland": true }, "geometry": { "type": "Point", "coordinates": [ 12.87609, 56.66389 ] } },
{ "type": "Feature", "properties": { "osm_id": "n10742030977", "namn": "Mer", "operator": null, "natverk": "Mer", "laddpunkter": 2, "uttag_ccs": 1.0, "uttag_chademo": null, "uttag_tesla": null, "uttag_typ2": 1.0, "max_kw": 50.0, "snabbladdare": true, "tunga_fordon": false, "atkomst": "no", "publik": false, "avgift": null, "kommun": "Halmstad", "i_halland": true }, "geometry": { "type": "Point", "coordinates": [ 12.86106, 56.66387 ] } },
{ "type": "Feature", "properties": { "osm_id": "n10742030978", "namn": "Allego", "operator": "Allego", "natverk": null, "laddpunkter": 4, "uttag_ccs": 4.0, "uttag_chademo": null, "uttag_tesla": null, "uttag_typ2": null, "max_kw": 150.0, "snabbladdare": true, "tunga_fordon": false, "atkomst": "yes", "publik": true, "avgift": null, "kommun": "Halmstad", "i_halland": true }, "geometry": { "type": "Point", "coordinates": [ 12.90744, 56.66051 ] } },
{ "type": "Feature", "properties": { "osm_id": "n10742030979", "namn": "Varberg Stadshotell & Asia Spa", "operator": "Varberg Stadshotell & Asia Spa", "natverk": null, "laddpunkter": 2, "uttag_ccs": null, "uttag_chademo": null, "uttag_tesla": null, "uttag_typ2": 2.0, "max_kw": 11.0, "snabbladdare": false, "tunga_fordon": false, "atkomst": "customers", "publik": false, "avgift": null, "kommun": "Varberg", "i_halland": true }, "geometry": { "type": "Point", "coordinates": [ 12.24947, 57.10532 ] } },
{ "type": "Feature", "properties": { "osm_id": "n10742030980", "namn": "Kungsbacka kommun", "operator": "Kungsbacka kommun", "natverk": null, "laddpunkter": 4, "uttag_ccs": null, "uttag_chademo": null, "uttag_tesla": null, "uttag_typ2": 4.0, "max_kw": 22.0, "snabbladdare": false, "tunga_fordon": false, "atkomst": "yes", "publik": true, "avgift": null, "kommun": "Kungsbacka", "i_halland": true }, "geometry": { "type": "Point", "coordinates": [ 12.08536, 57.4912 ] } },
{ "type": "Feature", "properties": { "osm_id": "n10742030981", "namn": null, "operator": null, "natverk": null, "laddpunkter": 6, "uttag_ccs": 2.0, "uttag_chademo": null, "uttag_tesla": null, "uttag_typ2": 4.0, "max_kw": 135.0, "snabbladdare": true, "tunga_fordon": false, "atkomst": "yes", "publik": true, "avgift": null, "kommun": "Kungsbacka", "i_halland": true }, "geometry": { "type": "Point", "coordinates": [ 12.07447, 57.51452 ] } },
{ "type": "Feature", "properties": { "osm_id": "n10742030982", "namn": "Halmstad Energi och Miljö", "operator": "Halmstad Energi och Miljö", "natverk": null, "laddpunkter": 14, "uttag_ccs": null, "uttag_chademo": null, "uttag_tesla": null, "uttag_typ2": 14.0, "max_kw": 22.0, "snabbladdare": false, "tunga_fordon": false, "atkomst": "yes", "publik": true, "avgift": null, "kommun": "Halmstad", "i_halland": true }, "geometry": { "type": "Point", "coordinates": [ 12.86493, 56.67502 ] } },
{ "type": "Feature", "properties": { "osm_id": "n10742030983", "namn": "Ica MAXI Högskolan", "operator": "Ica MAXI Högskolan", "natverk": null, "laddpunkter": 4, "uttag_ccs": null, "uttag_chademo": null, "uttag_tesla": null, "uttag_typ2": null, "max_kw": 4.0, "snabbladdare": false, "tunga_fordon": false, "atkomst": "customers", "publik": false, "avgift": null, "kommun": "Halmstad", "i_halland": true }, "geometry": { "type": "Point", "coordinates": [ 12.87667, 56.66334 ] } },
{ "type": "Feature", "properties": { "osm_id": "n10742030984", "namn": "Falkenberg Energi AB", "operator": "Falkenberg Energi AB", "natverk": null, "laddpunkter": 4, "uttag_ccs": null, "uttag_chademo": null, "uttag_tesla": null, "uttag_typ2": 4.0, "max_kw": 22.0, "snabbladdare": false, "tunga_fordon": false, "atkomst": "yes", "publik": true, "avgift": null, "kommun": "Falkenberg", "i_halland": true }, "geometry": { "type": "Point", "coordinates": [ 12.49136, 56.90308 ] } },
{ "type": "Feature", "properties": { "osm_id": "n10742030985", "namn": "E.ON", "operator": null, "natverk": "E.ON", "laddpunkter": 2, "uttag_ccs": 1.0, "uttag_chademo": 1, "uttag_tesla": null, "uttag_typ2": 1.0, "max_kw": 50.0, "snabbladdare": true, "tunga_fordon": false, "atkomst": "yes", "publik": true, "avgift": null, "kommun": "Laholm", "i_halland": true }, "geometry": { "type": "Point", "coordinates": [ 13.04222, 56.51383 ] } },
{ "type": "Feature", "properties": { "osm_id": "n10742030986", "namn": "Halmstad Energi och Miljö", "operator": "Halmstad Energi och Miljö", "natverk": null, "laddpunkter": 6, "uttag_ccs": null, "uttag_chademo": null, "uttag_tesla": null, "uttag_typ2": 6.0, "max_kw": 11.0, "snabbladdare": false, "tunga_fordon": false, "atkomst": "yes", "publik": true, "avgift": null, "kommun": "Halmstad", "i_halland": true }, "geometry": { "type": "Point", "coordinates": [ 12.85903, 56.67383 ] } },
{ "type": "Feature", "properties": { "osm_id": "n10742030987", "namn": "Halmstad kommun/Teknik-fritidsförv.", "operator": "Halmstad kommun/Teknik-fritidsförv.", "natverk": null, "laddpunkter": 20, "uttag_ccs": null, "uttag_chademo": null, "uttag_tesla": null, "uttag_typ2": 20.0, "max_kw": 11.0, "snabbladdare": false, "tunga_fordon": false, "atkomst": "yes", "publik": true, "avgift": null, "kommun": "Halmstad", "i_halland": true }, "geometry": { "type": "Point", "coordinates": [ 12.85664, 56.67786 ] } },
{ "type": "Feature", "properties": { "osm_id": "n10742030988", "namn": "Varbergs Bostad AB", "operator": "Varbergs Bostad AB", "natverk": null, "laddpunkter": 2, "uttag_ccs": null, "uttag_chademo": null, "uttag_tesla": null, "uttag_typ2": 2.0, "max_kw": 22.0, "snabbladdare": false, "tunga_fordon": false, "atkomst": "yes", "publik": true, "avgift": null, "kommun": "Varberg", "i_halland": true }, "geometry": { "type": "Point", "coordinates": [ 12.25859, 57.09325 ] } },
{ "type": "Feature", "properties": { "osm_id": "n10742030989", "namn": "Lillegårdens Fastigheter AB", "operator": "Lillegårdens Fastigheter AB", "natverk": null, "laddpunkter": 4, "uttag_ccs": null, "uttag_chademo": null, "uttag_tesla": null, "uttag_typ2": 4.0, "max_kw": 22.0, "snabbladdare": false, "tunga_fordon": false, "atkomst": "customers", "publik": false, "avgift": null, "kommun": "Falkenberg", "i_halland": true }, "geometry": { "type": "Point", "coordinates": [ 12.52278, 56.93621 ] } },
{ "type": "Feature", "properties": { "osm_id": "n10742030990", "namn": "Hylte kommun", "operator": "Hylte kommun", "natverk": null, "laddpunkter": 2, "uttag_ccs": 1.0, "uttag_chademo": 1, "uttag_tesla": null, "uttag_typ2": 1.0, "max_kw": 50.0, "snabbladdare": true, "tunga_fordon": false, "atkomst": "yes", "publik": true, "avgift": null, "kommun": "Hylte", "i_halland": true }, "geometry": { "type": "Point", "coordinates": [ 13.2392, 56.9986 ] } },
{ "type": "Feature", "properties": { "osm_id": "n10742030991", "namn": "Varbergs Bostad AB", "operator": "Varbergs Bostad AB", "natverk": null, "laddpunkter": 2, "uttag_ccs": null, "uttag_chademo": null, "uttag_tesla": null, "uttag_typ2": 2.0, "max_kw": 22.0, "snabbladdare": false, "tunga_fordon": false, "atkomst": "yes", "publik": true, "avgift": null, "kommun": "Varberg", "i_halland": true }, "geometry": { "type": "Point", "coordinates": [ 12.12808, 57.23797 ] } },
{ "type": "Feature", "properties": { "osm_id": "n10742030992", "namn": "Laholms kommun", "operator": "Laholms kommun", "natverk": null, "laddpunkter": 6, "uttag_ccs": null, "uttag_chademo": null, "uttag_tesla": null, "uttag_typ2": 6.0, "max_kw": 22.0, "snabbladdare": false, "tunga_fordon": false, "atkomst": "yes", "publik": true, "avgift": null, "kommun": "Laholm", "i_halland": true }, "geometry": { "type": "Point", "coordinates": [ 13.04548, 56.51139 ] } },
{ "type": "Feature", "properties": { "osm_id": "n10742030993", "namn": "ICA Hajen", "operator": "ICA Hajen", "natverk": null, "laddpunkter": 2, "uttag_ccs": null, "uttag_chademo": null, "uttag_tesla": null, "uttag_typ2": 2.0, "max_kw": 22.0, "snabbladdare": false, "tunga_fordon": false, "atkomst": "yes", "publik": true, "avgift": null, "kommun": "Varberg", "i_halland": true }, "geometry": { "type": "Point", "coordinates": [ 12.2583, 57.11676 ] } },
{ "type": "Feature", "properties": { "osm_id": "n10742030994", "namn": "Laholms kommun", "operator": "Laholms kommun", "natverk": null, "laddpunkter": 3, "uttag_ccs": null, "uttag_chademo": null, "uttag_tesla": null, "uttag_typ2": 3.0, "max_kw": 11.0, "snabbladdare": false, "tunga_fordon": false, "atkomst": "yes", "publik": true, "avgift": null, "kommun": "Laholm", "i_halland": true }, "geometry": { "type": "Point", "coordinates": [ 13.04212, 56.51384 ] } },
{ "type": "Feature", "properties": { "osm_id": "n10742030996", "namn": "Virta", "operator": "Toveks Bil Falkenberg", "natverk": "Virta", "laddpunkter": 2, "uttag_ccs": 2.0, "uttag_chademo": null, "uttag_tesla": null, "uttag_typ2": null, "max_kw": 100.0, "snabbladdare": true, "tunga_fordon": false, "atkomst": "yes", "publik": true, "avgift": null, "kommun": "Falkenberg", "i_halland": true }, "geometry": { "type": "Point", "coordinates": [ 12.52628, 56.8992 ] } },
{ "type": "Feature", "properties": { "osm_id": "n10742030997", "namn": "Halmstads kommun", "operator": "Halmstads kommun", "natverk": null, "laddpunkter": 4, "uttag_ccs": null, "uttag_chademo": null, "uttag_tesla": null, "uttag_typ2": 4.0, "max_kw": 22.0, "snabbladdare": false, "tunga_fordon": false, "atkomst": "yes", "publik": true, "avgift": null, "kommun": "Halmstad", "i_halland": true }, "geometry": { "type": "Point", "coordinates": [ 12.87671, 56.66466 ] } },
{ "type": "Feature", "properties": { "osm_id": "n10744091521", "namn": "Sjömagasinet AB", "operator": "Sjömagasinet AB", "natverk": null, "laddpunkter": 1, "uttag_ccs": null, "uttag_chademo": null, "uttag_tesla": null, "uttag_typ2": null, "max_kw": 4.0, "snabbladdare": false, "tunga_fordon": false, "atkomst": "customers", "publik": false, "avgift": null, "kommun": "Göteborg", "i_halland": false }, "geometry": { "type": "Point", "coordinates": [ 11.90913, 57.69131 ] } },
{ "type": "Feature", "properties": { "osm_id": "n10744091522", "namn": null, "operator": null, "natverk": null, "laddpunkter": 2, "uttag_ccs": 1.0, "uttag_chademo": 1, "uttag_tesla": null, "uttag_typ2": 1.0, "max_kw": 50.0, "snabbladdare": true, "tunga_fordon": false, "atkomst": "yes", "publik": true, "avgift": null, "kommun": "Göteborg", "i_halland": false }, "geometry": { "type": "Point", "coordinates": [ 12.0297, 57.72395 ] } },
{ "type": "Feature", "properties": { "osm_id": "n10744091523", "namn": "Din Bil sisjön", "operator": "Din Bil sisjön", "natverk": null, "laddpunkter": 3, "uttag_ccs": 1.0, "uttag_chademo": null, "uttag_tesla": null, "uttag_typ2": 2.0, "max_kw": 20.0, "snabbladdare": true, "tunga_fordon": false, "atkomst": "customers", "publik": false, "avgift": null, "kommun": "Göteborg", "i_halland": false }, "geometry": { "type": "Point", "coordinates": [ 11.94389, 57.64379 ] } },
{ "type": "Feature", "properties": { "osm_id": "n10744091524", "namn": "Göteborg Energi", "operator": "Göteborgs Stads Parkerings AB", "natverk": "Göteborg Energi", "laddpunkter": 12, "uttag_ccs": null, "uttag_chademo": null, "uttag_tesla": null, "uttag_typ2": 12.0, "max_kw": 22.0, "snabbladdare": false, "tunga_fordon": false, "atkomst": "yes", "publik": true, "avgift": null, "kommun": "Göteborg", "i_halland": false }, "geometry": { "type": "Point", "coordinates": [ 11.92815, 57.75375 ] } },
{ "type": "Feature", "properties": { "osm_id": "n10744091525", "namn": "RH Property AB", "operator": "RH Property AB", "natverk": null, "laddpunkter": 85, "uttag_ccs": null, "uttag_chademo": null, "uttag_tesla": null, "uttag_typ2": 85.0, "max_kw": 22.0, "snabbladdare": false, "tunga_fordon": false, "atkomst": "yes", "publik": true, "avgift": null, "kommun": "Härryda", "i_halland": false }, "geometry": { "type": "Point", "coordinates": [ 12.30155, 57.67127 ] } },
{ "type": "Feature", "properties": { "osm_id": "n10744091527", "namn": "Göteborg Energi", "operator": "Göteborgs Stads Parkerings AB", "natverk": "Göteborg Energi", "laddpunkter": 16, "uttag_ccs": null, "uttag_chademo": null, "uttag_tesla": null, "uttag_typ2": 16.0, "max_kw": 22.0, "snabbladdare": false, "tunga_fordon": false, "atkomst": "yes", "publik": true, "avgift": null, "kommun": "Göteborg", "i_halland": false }, "geometry": { "type": "Point", "coordinates": [ 11.92, 57.6953 ] } },
{ "type": "Feature", "properties": { "osm_id": "n10744091529", "namn": "Circle K", "operator": null, "natverk": "Circle K", "laddpunkter": 2, "uttag_ccs": 2.0, "uttag_chademo": null, "uttag_tesla": null, "uttag_typ2": null, "max_kw": 150.0, "snabbladdare": true, "tunga_fordon": false, "atkomst": "yes", "publik": true, "avgift": null, "kommun": "Göteborg", "i_halland": false }, "geometry": { "type": "Point", "coordinates": [ 11.98859, 57.74891 ] } },
{ "type": "Feature", "properties": { "osm_id": "n10744091530", "namn": "Göteborg Energi", "operator": "Göteborgs Stads Parkerings AB", "natverk": "Göteborg Energi", "laddpunkter": 6, "uttag_ccs": null, "uttag_chademo": null, "uttag_tesla": null, "uttag_typ2": 6.0, "max_kw": 22.0, "snabbladdare": false, "tunga_fordon": false, "atkomst": "yes", "publik": true, "avgift": null, "kommun": "Göteborg", "i_halland": false }, "geometry": { "type": "Point", "coordinates": [ 12.035, 57.7239 ] } },
{ "type": "Feature", "properties": { "osm_id": "n10744091533", "namn": "Göteborgs Stads Parkerings AB", "operator": "Göteborgs Stads Parkerings AB", "natverk": null, "laddpunkter": 8, "uttag_ccs": null, "uttag_chademo": null, "uttag_tesla": null, "uttag_typ2": null, "max_kw": 4.0, "snabbladdare": false, "tunga_fordon": false, "atkomst": "yes", "publik": true, "avgift": null, "kommun": "Göteborg", "i_halland": false }, "geometry": { "type": "Point", "coordinates": [ 11.97977, 57.7001 ] } },
{ "type": "Feature", "properties": { "osm_id": "n10744091539", "namn": "Göteborg Energi", "operator": "Göteborgs Stads Parkerings AB", "natverk": "Göteborg Energi", "laddpunkter": 26, "uttag_ccs": null, "uttag_chademo": null, "uttag_tesla": null, "uttag_typ2": 26.0, "max_kw": 22.0, "snabbladdare": false, "tunga_fordon": false, "atkomst": "yes", "publik": true, "avgift": "yes", "kommun": "Göteborg", "i_halland": false }, "geometry": { "type": "Point", "coordinates": [ 11.94402, 57.71208 ] } },
{ "type": "Feature", "properties": { "osm_id": "n10744091543", "namn": null, "operator": null, "natverk": null, "laddpunkter": 2, "uttag_ccs": null, "uttag_chademo": null, "uttag_tesla": null, "uttag_typ2": 2.0, "max_kw": 7.0, "snabbladdare": false, "tunga_fordon": false, "atkomst": "yes", "publik": true, "avgift": null, "kommun": "Göteborg", "i_halland": false }, "geometry": { "type": "Point", "coordinates": [ 11.84901, 57.7243 ] } },
{ "type": "Feature", "properties": { "osm_id": "n10744091547", "namn": "Circle K", "operator": "Circle K", "natverk": "Circle K", "laddpunkter": 3, "uttag_ccs": 3.0, "uttag_chademo": null, "uttag_tesla": null, "uttag_typ2": null, "max_kw": 150.0, "snabbladdare": true, "tunga_fordon": false, "atkomst": "yes", "publik": true, "avgift": null, "kommun": "Göteborg", "i_halland": false }, "geometry": { "type": "Point", "coordinates": [ 12.02539, 57.72325 ] } },
{ "type": "Feature", "properties": { "osm_id": "n10744091555", "namn": null, "operator": null, "natverk": null, "laddpunkter": 2, "uttag_ccs": null, "uttag_chademo": null, "uttag_tesla": null, "uttag_typ2": 2.0, "max_kw": 22.0, "snabbladdare": false, "tunga_fordon": false, "atkomst": "yes", "publik": true, "avgift": null, "kommun": "Lerum", "i_halland": false }, "geometry": { "type": "Point", "coordinates": [ 12.26954, 57.77236 ] } },
{ "type": "Feature", "properties": { "osm_id": "n10744091556", "namn": "Avalon Hotel", "operator": "Avalon Hotel", "natverk": null, "laddpunkter": 2, "uttag_ccs": null, "uttag_chademo": null, "uttag_tesla": null, "uttag_typ2": 2.0, "max_kw": 11.0, "snabbladdare": false, "tunga_fordon": false, "atkomst": "customers", "publik": false, "avgift": null, "kommun": "Göteborg", "i_halland": false }, "geometry": { "type": "Point", "coordinates": [ 11.96824, 57.70398 ] } },
{ "type": "Feature", "properties": { "osm_id": "n10744091562", "namn": "Göteborgs Stads Parkerings AB", "operator": "Göteborgs Stads Parkerings AB", "natverk": null, "laddpunkter": 4, "uttag_ccs": null, "uttag_chademo": null, "uttag_tesla": null, "uttag_typ2": 4.0, "max_kw": 4.0, "snabbladdare": false, "tunga_fordon": false, "atkomst": "yes", "publik": true, "avgift": null, "kommun": "Göteborg", "i_halland": false }, "geometry": { "type": "Point", "coordinates": [ 11.9854, 57.71472 ] } },
{ "type": "Feature", "properties": { "osm_id": "n10744091565", "namn": "Castellum Väst AB", "operator": "Castellum Väst AB", "natverk": null, "laddpunkter": 10, "uttag_ccs": null, "uttag_chademo": null, "uttag_tesla": null, "uttag_typ2": 10.0, "max_kw": 4.0, "snabbladdare": false, "tunga_fordon": false, "atkomst": "yes", "publik": true, "avgift": null, "kommun": "Göteborg", "i_halland": false }, "geometry": { "type": "Point", "coordinates": [ 11.94353, 57.70717 ] } },
{ "type": "Feature", "properties": { "osm_id": "n10744091569", "namn": "InCharge", "operator": null, "natverk": "InCharge", "laddpunkter": 2, "uttag_ccs": 1.0, "uttag_chademo": 1, "uttag_tesla": null, "uttag_typ2": 1.0, "max_kw": 50.0, "snabbladdare": true, "tunga_fordon": false, "atkomst": "yes", "publik": true, "avgift": null, "kommun": "Härryda", "i_halland": false }, "geometry": { "type": "Point", "coordinates": [ 12.301, 57.67506 ] } },
{ "type": "Feature", "properties": { "osm_id": "n10744091570", "namn": "ProValeu", "operator": "ProValeu", "natverk": null, "laddpunkter": 11, "uttag_ccs": null, "uttag_chademo": null, "uttag_tesla": null, "uttag_typ2": 11.0, "max_kw": 4.0, "snabbladdare": false, "tunga_fordon": false, "atkomst": "yes", "publik": true, "avgift": null, "kommun": "Göteborg", "i_halland": false }, "geometry": { "type": "Point", "coordinates": [ 11.94486, 57.7241 ] } },
{ "type": "Feature", "properties": { "osm_id": "n10744091572", "namn": "Härberget i Säve AB", "operator": "Härberget i Säve AB", "natverk": null, "laddpunkter": 6, "uttag_ccs": null, "uttag_chademo": null, "uttag_tesla": null, "uttag_typ2": 6.0, "max_kw": 22.0, "snabbladdare": false, "tunga_fordon": false, "atkomst": "yes", "publik": true, "avgift": null, "kommun": "Göteborg", "i_halland": false }, "geometry": { "type": "Point", "coordinates": [ 11.86251, 57.77662 ] } },
{ "type": "Feature", "properties": { "osm_id": "n10744091576", "namn": "Göteborgs Stads Parkerings AB", "operator": "Göteborgs Stads Parkerings AB", "natverk": null, "laddpunkter": 2, "uttag_ccs": null, "uttag_chademo": null, "uttag_tesla": null, "uttag_typ2": 2.0, "max_kw": 4.0, "snabbladdare": false, "tunga_fordon": false, "atkomst": "yes", "publik": true, "avgift": null, "kommun": "Göteborg", "i_halland": false }, "geometry": { "type": "Point", "coordinates": [ 11.98456, 57.70253 ] } },
{ "type": "Feature", "properties": { "osm_id": "n10744091577", "namn": "Göteborg Energi", "operator": "Göteborgs Stads Parkerings AB", "natverk": "Göteborg Energi", "laddpunkter": 14, "uttag_ccs": null, "uttag_chademo": null, "uttag_tesla": null, "uttag_typ2": 14.0, "max_kw": 22.0, "snabbladdare": false, "tunga_fordon": false, "atkomst": "yes", "publik": true, "avgift": null, "kommun": "Göteborg", "i_halland": false }, "geometry": { "type": "Point", "coordinates": [ 11.97928, 57.71323 ] } },
{ "type": "Feature", "properties": { "osm_id": "n10744091578", "namn": "Göteborg Energi", "operator": null, "natverk": "Göteborg Energi", "laddpunkter": 2, "uttag_ccs": 1.0, "uttag_chademo": 1, "uttag_tesla": null, "uttag_typ2": 1.0, "max_kw": 50.0, "snabbladdare": true, "tunga_fordon": false, "atkomst": "yes", "publik": true, "avgift": null, "kommun": "Göteborg", "i_halland": false }, "geometry": { "type": "Point", "coordinates": [ 11.91406, 57.64955 ] } },
{ "type": "Feature", "properties": { "osm_id": "n10744091581", "namn": "Göteborg Energi", "operator": "Göteborgs Stads Parkerings AB", "natverk": "Göteborg Energi", "laddpunkter": 2, "uttag_ccs": 1.0, "uttag_chademo": 1, "uttag_tesla": null, "uttag_typ2": 1.0, "max_kw": 50.0, "snabbladdare": true, "tunga_fordon": false, "atkomst": "yes", "publik": true, "avgift": null, "kommun": "Göteborg", "i_halland": false }, "geometry": { "type": "Point", "coordinates": [ 11.93839, 57.70762 ] } },
{ "type": "Feature", "properties": { "osm_id": "n10744091594", "namn": "Göteborgs Stads Parkerings AB", "operator": "Göteborgs Stads Parkerings AB", "natverk": null, "laddpunkter": 4, "uttag_ccs": null, "uttag_chademo": null, "uttag_tesla": null, "uttag_typ2": 4.0, "max_kw": 4.0, "snabbladdare": false, "tunga_fordon": false, "atkomst": "yes", "publik": true, "avgift": null, "kommun": "Göteborg", "i_halland": false }, "geometry": { "type": "Point", "coordinates": [ 12.0263, 57.77048 ] } },
{ "type": "Feature", "properties": { "osm_id": "n10744091595", "namn": null, "operator": null, "natverk": null, "laddpunkter": 4, "uttag_ccs": null, "uttag_chademo": null, "uttag_tesla": null, "uttag_typ2": 4.0, "max_kw": 22.0, "snabbladdare": false, "tunga_fordon": false, "atkomst": "yes", "publik": true, "avgift": null, "kommun": "Lerum", "i_halland": false }, "geometry": { "type": "Point", "coordinates": [ 12.25633, 57.76538 ] } },
{ "type": "Feature", "properties": { "osm_id": "n10744091596", "namn": "InCharge", "operator": null, "natverk": "InCharge", "laddpunkter": 40, "uttag_ccs": null, "uttag_chademo": null, "uttag_tesla": null, "uttag_typ2": 40.0, "max_kw": 11.0, "snabbladdare": false, "tunga_fordon": false, "atkomst": "yes", "publik": true, "avgift": null, "kommun": "Göteborg", "i_halland": false }, "geometry": { "type": "Point", "coordinates": [ 11.84439, 57.72218 ] } },
{ "type": "Feature", "properties": { "osm_id": "n10744091598", "namn": "Göteborgs Stads Parkerings AB", "operator": "Göteborgs Stads Parkerings AB", "natverk": null, "laddpunkter": 4, "uttag_ccs": null, "uttag_chademo": null, "uttag_tesla": null, "uttag_typ2": 4.0, "max_kw": 4.0, "snabbladdare": false, "tunga_fordon": false, "atkomst": "yes", "publik": true, "avgift": null, "kommun": "Göteborg", "i_halland": false }, "geometry": { "type": "Point", "coordinates": [ 11.94631, 57.70139 ] } },
{ "type": "Feature", "properties": { "osm_id": "n10744091599", "namn": "Göteborg Energi", "operator": null, "natverk": "Göteborg Energi", "laddpunkter": 5, "uttag_ccs": null, "uttag_chademo": null, "uttag_tesla": null, "uttag_typ2": 5.0, "max_kw": 22.0, "snabbladdare": false, "tunga_fordon": false, "atkomst": "yes", "publik": true, "avgift": null, "kommun": "Göteborg", "i_halland": false }, "geometry": { "type": "Point", "coordinates": [ 11.93321, 57.647 ] } },
{ "type": "Feature", "properties": { "osm_id": "n10744091602", "namn": "Göteborg Energi", "operator": "Göteborgs Stads Parkerings AB", "natverk": "Göteborg Energi", "laddpunkter": 35, "uttag_ccs": 1.0, "uttag_chademo": 1, "uttag_tesla": null, "uttag_typ2": 35.0, "max_kw": 50.0, "snabbladdare": true, "tunga_fordon": false, "atkomst": "yes", "publik": true, "avgift": null, "kommun": "Göteborg", "i_halland": false }, "geometry": { "type": "Point", "coordinates": [ 11.97721, 57.70351 ] } },
{ "type": "Feature", "properties": { "osm_id": "n10744091603", "namn": "Skandia Köpcentrum AB", "operator": "Skandia Köpcentrum AB", "natverk": null, "laddpunkter": 20, "uttag_ccs": null, "uttag_chademo": null, "uttag_tesla": null, "uttag_typ2": 20.0, "max_kw": 22.0, "snabbladdare": false, "tunga_fordon": false, "atkomst": "yes", "publik": true, "avgift": null, "kommun": "Göteborg", "i_halland": false }, "geometry": { "type": "Point", "coordinates": [ 11.91086, 57.65139 ] } },
{ "type": "Feature", "properties": { "osm_id": "n10744091604", "namn": "Göteborg Energi", "operator": "Göteborgs Stads Parkerings AB", "natverk": "Göteborg Energi", "laddpunkter": 2, "uttag_ccs": 1.0, "uttag_chademo": 1, "uttag_tesla": null, "uttag_typ2": 1.0, "max_kw": 50.0, "snabbladdare": true, "tunga_fordon": false, "atkomst": "yes", "publik": true, "avgift": null, "kommun": "Göteborg", "i_halland": false }, "geometry": { "type": "Point", "coordinates": [ 11.91292, 57.69081 ] } },
{ "type": "Feature", "properties": { "osm_id": "n10744099605", "namn": "Göteborg Energi", "operator": null, "natverk": "Göteborg Energi", "laddpunkter": 10, "uttag_ccs": null, "uttag_chademo": null, "uttag_tesla": null, "uttag_typ2": 10.0, "max_kw": 22.0, "snabbladdare": false, "tunga_fordon": false, "atkomst": "yes", "publik": true, "avgift": null, "kommun": "Göteborg", "i_halland": false }, "geometry": { "type": "Point", "coordinates": [ 11.91336, 57.64961 ] } },
{ "type": "Feature", "properties": { "osm_id": "n10744099606", "namn": "Aimo Park", "operator": "Aimo Park", "natverk": null, "laddpunkter": 6, "uttag_ccs": null, "uttag_chademo": null, "uttag_tesla": null, "uttag_typ2": 6.0, "max_kw": 11.0, "snabbladdare": false, "tunga_fordon": false, "atkomst": "yes", "publik": true, "avgift": null, "kommun": "Göteborg", "i_halland": false }, "geometry": { "type": "Point", "coordinates": [ 11.94686, 57.70144 ] } },
{ "type": "Feature", "properties": { "osm_id": "n10744099614", "namn": "Göteborgs Stads Parkerings AB", "operator": "Göteborgs Stads Parkerings AB", "natverk": null, "laddpunkter": 2, "uttag_ccs": null, "uttag_chademo": null, "uttag_tesla": null, "uttag_typ2": 2.0, "max_kw": 4.0, "snabbladdare": false, "tunga_fordon": false, "atkomst": "yes", "publik": true, "avgift": null, "kommun": "Göteborg", "i_halland": false }, "geometry": { "type": "Point", "coordinates": [ 11.99629, 57.715 ] } },
{ "type": "Feature", "properties": { "osm_id": "n10744099616", "namn": "Vattenfall InCharge", "operator": "Vattenfall InCharge", "natverk": "Vattenfall InCharge", "laddpunkter": 2, "uttag_ccs": 1.0, "uttag_chademo": 1, "uttag_tesla": null, "uttag_typ2": 1.0, "max_kw": 50.0, "snabbladdare": true, "tunga_fordon": false, "atkomst": "yes", "publik": true, "avgift": null, "kommun": "Göteborg", "i_halland": false }, "geometry": { "type": "Point", "coordinates": [ 11.97561, 57.70894 ] } },
{ "type": "Feature", "properties": { "osm_id": "n10744099619", "namn": "Göteborgs Stads Parkerings AB", "operator": "Göteborgs Stads Parkerings AB", "natverk": null, "laddpunkter": 10, "uttag_ccs": null, "uttag_chademo": null, "uttag_tesla": null, "uttag_typ2": 10.0, "max_kw": 4.0, "snabbladdare": false, "tunga_fordon": false, "atkomst": "yes", "publik": true, "avgift": null, "kommun": "Göteborg", "i_halland": false }, "geometry": { "type": "Point", "coordinates": [ 11.99373, 57.69827 ] } },
{ "type": "Feature", "properties": { "osm_id": "n10744099629", "namn": null, "operator": null, "natverk": null, "laddpunkter": 2, "uttag_ccs": null, "uttag_chademo": null, "uttag_tesla": null, "uttag_typ2": null, "max_kw": 4.0, "snabbladdare": false, "tunga_fordon": false, "atkomst": "yes", "publik": true, "avgift": null, "kommun": "Härryda", "i_halland": false }, "geometry": { "type": "Point", "coordinates": [ 12.11641, 57.66866 ] } },
{ "type": "Feature", "properties": { "osm_id": "n10744099630", "namn": "Göteborg Energi", "operator": null, "natverk": "Göteborg Energi", "laddpunkter": 10, "uttag_ccs": null, "uttag_chademo": null, "uttag_tesla": null, "uttag_typ2": 10.0, "max_kw": 22.0, "snabbladdare": false, "tunga_fordon": false, "atkomst": "yes", "publik": true, "avgift": null, "kommun": "Göteborg", "i_halland": false }, "geometry": { "type": "Point", "coordinates": [ 11.9201, 57.6579 ] } },
{ "type": "Feature", "properties": { "osm_id": "n10744099631", "namn": "Gothia Towers", "operator": "Gothia Towers", "natverk": null, "laddpunkter": 3, "uttag_ccs": null, "uttag_chademo": null, "uttag_tesla": null, "uttag_typ2": 3.0, "max_kw": 11.0, "snabbladdare": false, "tunga_fordon": false, "atkomst": "customers", "publik": false, "avgift": null, "kommun": "Göteborg", "i_halland": false }, "geometry": { "type": "Point", "coordinates": [ 11.98904, 57.69735 ] } },
{ "type": "Feature", "properties": { "osm_id": "n10744099634", "namn": "Göteborg Energi", "operator": "Göteborgs Stads Parkerings AB", "natverk": "Göteborg Energi", "laddpunkter": 12, "uttag_ccs": null, "uttag_chademo": null, "uttag_tesla": null, "uttag_typ2": 12.0, "max_kw": 22.0, "snabbladdare": false, "tunga_fordon": false, "atkomst": "yes", "publik": true, "avgift": null, "kommun": "Göteborg", "i_halland": false }, "geometry": { "type": "Point", "coordinates": [ 11.94745, 57.70789 ] } },
{ "type": "Feature", "properties": { "osm_id": "n10744099635", "namn": "Göteborg Energi", "operator": null, "natverk": "Göteborg Energi", "laddpunkter": 10, "uttag_ccs": null, "uttag_chademo": null, "uttag_tesla": null, "uttag_typ2": 10.0, "max_kw": 22.0, "snabbladdare": false, "tunga_fordon": false, "atkomst": "yes", "publik": true, "avgift": null, "kommun": "Göteborg", "i_halland": false }, "geometry": { "type": "Point", "coordinates": [ 11.92857, 57.7063 ] } },
{ "type": "Feature", "properties": { "osm_id": "n10744099640", "namn": "Liseberg AB", "operator": "Liseberg AB", "natverk": null, "laddpunkter": 2, "uttag_ccs": null, "uttag_chademo": null, "uttag_tesla": null, "uttag_typ2": 2.0, "max_kw": 11.0, "snabbladdare": false, "tunga_fordon": false, "atkomst": "yes", "publik": true, "avgift": null, "kommun": "Göteborg", "i_halland": false }, "geometry": { "type": "Point", "coordinates": [ 12.0291, 57.70523 ] } },
{ "type": "Feature", "properties": { "osm_id": "n10744099642", "namn": "BRF Dr Lindh", "operator": "BRF Dr Lindh", "natverk": null, "laddpunkter": 2, "uttag_ccs": null, "uttag_chademo": null, "uttag_tesla": null, "uttag_typ2": 2.0, "max_kw": 7.0, "snabbladdare": false, "tunga_fordon": false, "atkomst": "yes", "publik": true, "avgift": null, "kommun": "Göteborg", "i_halland": false }, "geometry": { "type": "Point", "coordinates": [ 11.96834, 57.68177 ] } },
{ "type": "Feature", "properties": { "osm_id": "n10744099644", "namn": "Göteborg Energi", "operator": "Göteborgs Stads Parkerings AB", "natverk": "Göteborg Energi", "laddpunkter": 14, "uttag_ccs": null, "uttag_chademo": null, "uttag_tesla": null, "uttag_typ2": 14.0, "max_kw": 22.0, "snabbladdare": false, "tunga_fordon": false, "atkomst": "yes", "publik": true, "avgift": null, "kommun": "Göteborg", "i_halland": false }, "geometry": { "type": "Point", "coordinates": [ 11.9631, 57.7013 ] } },
{ "type": "Feature", "properties": { "osm_id": "n10744099645", "namn": null, "operator": null, "natverk": null, "laddpunkter": 24, "uttag_ccs": null, "uttag_chademo": null, "uttag_tesla": null, "uttag_typ2": 24.0, "max_kw": 7.0, "snabbladdare": false, "tunga_fordon": false, "atkomst": "yes", "publik": true, "avgift": null, "kommun": "Göteborg", "i_halland": false }, "geometry": { "type": "Point", "coordinates": [ 12.05416, 57.71875 ] } },
{ "type": "Feature", "properties": { "osm_id": "n10744099649", "namn": "Härryda Energi", "operator": "Härryda Energi", "natverk": null, "laddpunkter": 2, "uttag_ccs": null, "uttag_chademo": null, "uttag_tesla": null, "uttag_typ2": null, "max_kw": 4.0, "snabbladdare": false, "tunga_fordon": false, "atkomst": "yes", "publik": true, "avgift": null, "kommun": "Härryda", "i_halland": false }, "geometry": { "type": "Point", "coordinates": [ 12.20983, 57.68625 ] } },
{ "type": "Feature", "properties": { "osm_id": "n10744099655", "namn": "Radisson Blu Scandinavia Hotel", "operator": "Radisson Blu Scandinavia Hotel", "natverk": null, "laddpunkter": 2, "uttag_ccs": null, "uttag_chademo": null, "uttag_tesla": null, "uttag_typ2": 2.0, "max_kw": 22.0, "snabbladdare": false, "tunga_fordon": false, "atkomst": "customers", "publik": false, "avgift": null, "kommun": "Göteborg", "i_halland": false }, "geometry": { "type": "Point", "coordinates": [ 11.97277, 57.70711 ] } },
{ "type": "Feature", "properties": { "osm_id": "n10744099658", "namn": "Lisebergs camping Askim Strand", "operator": "Lisebergs camping Askim Strand", "natverk": null, "laddpunkter": 2, "uttag_ccs": null, "uttag_chademo": null, "uttag_tesla": null, "uttag_typ2": 2.0, "max_kw": 11.0, "snabbladdare": false, "tunga_fordon": false, "atkomst": "yes", "publik": true, "avgift": null, "kommun": "Göteborg", "i_halland": false }, "geometry": { "type": "Point", "coordinates": [ 11.9206, 57.62823 ] } },
{ "type": "Feature", "properties": { "osm_id": "n10744099668", "namn": "Göteborgs Stads Parkerings AB", "operator": "Göteborgs Stads Parkerings AB", "natverk": null, "laddpunkter": 2, "uttag_ccs": null, "uttag_chademo": null, "uttag_tesla": null, "uttag_typ2": 2.0, "max_kw": 4.0, "snabbladdare": false, "tunga_fordon": false, "atkomst": "yes", "publik": true, "avgift": null, "kommun": "Göteborg", "i_halland": false }, "geometry": { "type": "Point", "coordinates": [ 11.94656, 57.71978 ] } },
{ "type": "Feature", "properties": { "osm_id": "n10744099669", "namn": "Varbergsortens Elförsäljning", "operator": "Varbergsortens Elförsäljning", "natverk": null, "laddpunkter": 2, "uttag_ccs": null, "uttag_chademo": null, "uttag_tesla": null, "uttag_typ2": 2.0, "max_kw": 22.0, "snabbladdare": false, "tunga_fordon": false, "atkomst": "yes", "publik": true, "avgift": null, "kommun": "Mark", "i_halland": false }, "geometry": { "type": "Point", "coordinates": [ 12.47339, 57.36103 ] } },
{ "type": "Feature", "properties": { "osm_id": "n10744099670", "namn": "Mölndals Parkerings AB", "operator": "Mölndals Parkerings AB", "natverk": null, "laddpunkter": 2, "uttag_ccs": null, "uttag_chademo": null, "uttag_tesla": null, "uttag_typ2": 2.0, "max_kw": 4.0, "snabbladdare": false, "tunga_fordon": false, "atkomst": "yes", "publik": true, "avgift": null, "kommun": "Mölndal", "i_halland": false }, "geometry": { "type": "Point", "coordinates": [ 12.0109, 57.65569 ] } },
{ "type": "Feature", "properties": { "osm_id": "n10744099671", "namn": "Göteborg Energi", "operator": "Göteborgs Stads Parkerings AB", "natverk": "Göteborg Energi", "laddpunkter": 10, "uttag_ccs": null, "uttag_chademo": null, "uttag_tesla": null, "uttag_typ2": 10.0, "max_kw": 22.0, "snabbladdare": false, "tunga_fordon": false, "atkomst": "yes", "publik": true, "avgift": null, "kommun": "Göteborg", "i_halland": false }, "geometry": { "type": "Point", "coordinates": [ 11.9419, 57.6959 ] } },
{ "type": "Feature", "properties": { "osm_id": "n10744099675", "namn": "Kungsleden Gårdskobben KB", "operator": "Kungsleden Gårdskobben KB", "natverk": null, "laddpunkter": 6, "uttag_ccs": null, "uttag_chademo": null, "uttag_tesla": null, "uttag_typ2": 6.0, "max_kw": 4.0, "snabbladdare": false, "tunga_fordon": false, "atkomst": "yes", "publik": true, "avgift": null, "kommun": "Göteborg", "i_halland": false }, "geometry": { "type": "Point", "coordinates": [ 11.95781, 57.64087 ] } },
{ "type": "Feature", "properties": { "osm_id": "n10744099676", "namn": "Göteborg Energi", "operator": "Göteborgs Stads Parkerings AB", "natverk": "Göteborg Energi", "laddpunkter": 10, "uttag_ccs": null, "uttag_chademo": null, "uttag_tesla": null, "uttag_typ2": 10.0, "max_kw": 22.0, "snabbladdare": false, "tunga_fordon": false, "atkomst": "yes", "publik": true, "avgift": null, "kommun": "Göteborg", "i_halland": false }, "geometry": { "type": "Point", "coordinates": [ 11.97116, 57.69228 ] } },
{ "type": "Feature", "properties": { "osm_id": "n10744099678", "namn": "Göteborg Energi", "operator": null, "natverk": "Göteborg Energi", "laddpunkter": 12, "uttag_ccs": null, "uttag_chademo": null, "uttag_tesla": null, "uttag_typ2": 12.0, "max_kw": 22.0, "snabbladdare": false, "tunga_fordon": false, "atkomst": "yes", "publik": true, "avgift": null, "kommun": "Göteborg", "i_halland": false }, "geometry": { "type": "Point", "coordinates": [ 11.9771, 57.6825 ] } },
{ "type": "Feature", "properties": { "osm_id": "n10744099680", "namn": "Göteborg Energi", "operator": "Göteborgs Stads Parkerings AB", "natverk": "Göteborg Energi", "laddpunkter": 20, "uttag_ccs": null, "uttag_chademo": null, "uttag_tesla": null, "uttag_typ2": 20.0, "max_kw": 22.0, "snabbladdare": false, "tunga_fordon": false, "atkomst": "yes", "publik": true, "avgift": null, "kommun": "Göteborg", "i_halland": false }, "geometry": { "type": "Point", "coordinates": [ 11.96306, 57.70138 ] } },
{ "type": "Feature", "properties": { "osm_id": "n10744099685", "namn": "ICA Kvantum Lerum", "operator": "ICA Kvantum Lerum", "natverk": null, "laddpunkter": 2, "uttag_ccs": null, "uttag_chademo": null, "uttag_tesla": null, "uttag_typ2": 2.0, "max_kw": 11.0, "snabbladdare": false, "tunga_fordon": false, "atkomst": "yes", "publik": true, "avgift": null, "kommun": "Lerum", "i_halland": false }, "geometry": { "type": "Point", "coordinates": [ 12.24478, 57.75063 ] } },
{ "type": "Feature", "properties": { "osm_id": "n10744099689", "namn": "Lerum Energi AB", "operator": "Lerum Energi AB", "natverk": null, "laddpunkter": 4, "uttag_ccs": null, "uttag_chademo": null, "uttag_tesla": null, "uttag_typ2": 4.0, "max_kw": 22.0, "snabbladdare": false, "tunga_fordon": false, "atkomst": "yes", "publik": true, "avgift": null, "kommun": "Lerum", "i_halland": false }, "geometry": { "type": "Point", "coordinates": [ 12.36149, 57.80789 ] } },
{ "type": "Feature", "properties": { "osm_id": "n10744099691", "namn": "Göteborg Energi", "operator": "Göteborgs Stads Parkerings AB", "natverk": "Göteborg Energi", "laddpunkter": 42, "uttag_ccs": null, "uttag_chademo": null, "uttag_tesla": null, "uttag_typ2": 42.0, "max_kw": 22.0, "snabbladdare": false, "tunga_fordon": false, "atkomst": "yes", "publik": true, "avgift": null, "kommun": "Göteborg", "i_halland": false }, "geometry": { "type": "Point", "coordinates": [ 11.97092, 57.70222 ] } },
{ "type": "Feature", "properties": { "osm_id": "n10744099694", "namn": "Arken Hotel & Aart Garden Spa", "operator": "Arken Hotel & Aart Garden Spa", "natverk": null, "laddpunkter": 2, "uttag_ccs": null, "uttag_chademo": null, "uttag_tesla": null, "uttag_typ2": 2.0, "max_kw": 22.0, "snabbladdare": false, "tunga_fordon": false, "atkomst": "customers", "publik": false, "avgift": null, "kommun": "Göteborg", "i_halland": false }, "geometry": { "type": "Point", "coordinates": [ 11.82755, 57.69622 ] } },
{ "type": "Feature", "properties": { "osm_id": "n10744099695", "namn": "Göteborgs Stads Parkerings AB", "operator": "Göteborgs Stads Parkerings AB", "natverk": null, "laddpunkter": 4, "uttag_ccs": null, "uttag_chademo": null, "uttag_tesla": null, "uttag_typ2": 4.0, "max_kw": 4.0, "snabbladdare": false, "tunga_fordon": false, "atkomst": "yes", "publik": true, "avgift": null, "kommun": "Göteborg", "i_halland": false }, "geometry": { "type": "Point", "coordinates": [ 11.99139, 57.69272 ] } },
{ "type": "Feature", "properties": { "osm_id": "n10744099696", "namn": null, "operator": null, "natverk": null, "laddpunkter": 6, "uttag_ccs": null, "uttag_chademo": null, "uttag_tesla": null, "uttag_typ2": 6.0, "max_kw": 11.0, "snabbladdare": false, "tunga_fordon": false, "atkomst": "yes", "publik": true, "avgift": null, "kommun": "Mölndal", "i_halland": false }, "geometry": { "type": "Point", "coordinates": [ 11.98554, 57.65234 ] } },
{ "type": "Feature", "properties": { "osm_id": "n10744099697", "namn": "Göteborg Energi", "operator": "Göteborgs Stads Parkerings AB", "natverk": "Göteborg Energi", "laddpunkter": 50, "uttag_ccs": null, "uttag_chademo": null, "uttag_tesla": null, "uttag_typ2": 50.0, "max_kw": 22.0, "snabbladdare": false, "tunga_fordon": false, "atkomst": "yes", "publik": true, "avgift": null, "kommun": "Göteborg", "i_halland": false }, "geometry": { "type": "Point", "coordinates": [ 11.98983, 57.7006 ] } },
{ "type": "Feature", "properties": { "osm_id": "n10744099699", "namn": "Park It Smart", "operator": "Park It Smart", "natverk": null, "laddpunkter": 10, "uttag_ccs": null, "uttag_chademo": null, "uttag_tesla": null, "uttag_typ2": 10.0, "max_kw": 4.0, "snabbladdare": false, "tunga_fordon": false, "atkomst": "yes", "publik": true, "avgift": null, "kommun": "Härryda", "i_halland": false }, "geometry": { "type": "Point", "coordinates": [ 12.30168, 57.6715 ] } },
{ "type": "Feature", "properties": { "osm_id": "n10744099703", "namn": null, "operator": null, "natverk": null, "laddpunkter": 2, "uttag_ccs": null, "uttag_chademo": null, "uttag_tesla": null, "uttag_typ2": 2.0, "max_kw": 4.0, "snabbladdare": false, "tunga_fordon": false, "atkomst": "yes", "publik": true, "avgift": null, "kommun": "Lerum", "i_halland": false }, "geometry": { "type": "Point", "coordinates": [ 12.27022, 57.77017 ] } },
{ "type": "Feature", "properties": { "osm_id": "n10744099705", "namn": "Göteborg Energi", "operator": "Göteborgs Stads Parkerings AB", "natverk": "Göteborg Energi", "laddpunkter": 36, "uttag_ccs": null, "uttag_chademo": null, "uttag_tesla": null, "uttag_typ2": 36.0, "max_kw": 22.0, "snabbladdare": false, "tunga_fordon": false, "atkomst": "yes", "publik": true, "avgift": null, "kommun": "Göteborg", "i_halland": false }, "geometry": { "type": "Point", "coordinates": [ 11.9683, 57.69741 ] } },
{ "type": "Feature", "properties": { "osm_id": "n10744099707", "namn": "Göteborg Energi", "operator": null, "natverk": "Göteborg Energi", "laddpunkter": 10, "uttag_ccs": null, "uttag_chademo": null, "uttag_tesla": null, "uttag_typ2": 10.0, "max_kw": 11.0, "snabbladdare": false, "tunga_fordon": false, "atkomst": "yes", "publik": true, "avgift": null, "kommun": "Göteborg", "i_halland": false }, "geometry": { "type": "Point", "coordinates": [ 12.00881, 57.70564 ] } },
{ "type": "Feature", "properties": { "osm_id": "n10744099708", "namn": "Mer", "operator": null, "natverk": "Mer", "laddpunkter": 16, "uttag_ccs": null, "uttag_chademo": null, "uttag_tesla": null, "uttag_typ2": 16.0, "max_kw": 22.0, "snabbladdare": false, "tunga_fordon": false, "atkomst": "yes", "publik": true, "avgift": null, "kommun": "Göteborg", "i_halland": false }, "geometry": { "type": "Point", "coordinates": [ 11.98913, 57.74925 ] } },
{ "type": "Feature", "properties": { "osm_id": "n10744099709", "namn": "E.ON", "operator": null, "natverk": "E.ON", "laddpunkter": 2, "uttag_ccs": 1.0, "uttag_chademo": 1, "uttag_tesla": null, "uttag_typ2": 1.0, "max_kw": 50.0, "snabbladdare": true, "tunga_fordon": false, "atkomst": "yes", "publik": true, "avgift": null, "kommun": "Mölndal", "i_halland": false }, "geometry": { "type": "Point", "coordinates": [ 12.05163, 57.60182 ] } },
{ "type": "Feature", "properties": { "osm_id": "n10744099710", "namn": "Göteborg Energi", "operator": "Göteborgs Stads Parkerings AB", "natverk": "Göteborg Energi", "laddpunkter": 15, "uttag_ccs": null, "uttag_chademo": null, "uttag_tesla": null, "uttag_typ2": 15.0, "max_kw": 22.0, "snabbladdare": false, "tunga_fordon": false, "atkomst": "yes", "publik": true, "avgift": null, "kommun": "Göteborg", "i_halland": false }, "geometry": { "type": "Point", "coordinates": [ 11.9768, 57.70264 ] } },
{ "type": "Feature", "properties": { "osm_id": "n10744099713", "namn": "Göteborg Energi", "operator": null, "natverk": "Göteborg Energi", "laddpunkter": 12, "uttag_ccs": null, "uttag_chademo": null, "uttag_tesla": null, "uttag_typ2": 12.0, "max_kw": 22.0, "snabbladdare": false, "tunga_fordon": false, "atkomst": "yes", "publik": true, "avgift": null, "kommun": "Göteborg", "i_halland": false }, "geometry": { "type": "Point", "coordinates": [ 11.97625, 57.67872 ] } },
{ "type": "Feature", "properties": { "osm_id": "n10744099714", "namn": "Göteborg Energi", "operator": "Göteborgs Stads Parkerings AB", "natverk": "Göteborg Energi", "laddpunkter": 2, "uttag_ccs": 1.0, "uttag_chademo": 1, "uttag_tesla": null, "uttag_typ2": 1.0, "max_kw": 50.0, "snabbladdare": true, "tunga_fordon": false, "atkomst": "yes", "publik": true, "avgift": null, "kommun": "Göteborg", "i_halland": false }, "geometry": { "type": "Point", "coordinates": [ 12.02292, 57.72273 ] } },
{ "type": "Feature", "properties": { "osm_id": "n10744099718", "namn": "Göteborg Energi", "operator": "Göteborgs Stads Parkerings AB", "natverk": "Göteborg Energi", "laddpunkter": 12, "uttag_ccs": null, "uttag_chademo": null, "uttag_tesla": null, "uttag_typ2": 12.0, "max_kw": 22.0, "snabbladdare": false, "tunga_fordon": false, "atkomst": "yes", "publik": true, "avgift": null, "kommun": "Göteborg", "i_halland": false }, "geometry": { "type": "Point", "coordinates": [ 11.93322, 57.72235 ] } },
{ "type": "Feature", "properties": { "osm_id": "n10744099721", "namn": "Göteborg Energi", "operator": "Göteborgs Stads Parkerings AB", "natverk": "Göteborg Energi", "laddpunkter": 12, "uttag_ccs": null, "uttag_chademo": null, "uttag_tesla": null, "uttag_typ2": 12.0, "max_kw": 22.0, "snabbladdare": false, "tunga_fordon": false, "atkomst": "yes", "publik": true, "avgift": null, "kommun": "Göteborg", "i_halland": false }, "geometry": { "type": "Point", "coordinates": [ 11.9847, 57.7104 ] } },
{ "type": "Feature", "properties": { "osm_id": "n10744099722", "namn": "Lerum Energi AB", "operator": "Lerum Energi AB", "natverk": null, "laddpunkter": 4, "uttag_ccs": null, "uttag_chademo": null, "uttag_tesla": null, "uttag_typ2": 4.0, "max_kw": 11.0, "snabbladdare": false, "tunga_fordon": false, "atkomst": "yes", "publik": true, "avgift": null, "kommun": "Lerum", "i_halland": false }, "geometry": { "type": "Point", "coordinates": [ 12.29743, 57.83541 ] } },
{ "type": "Feature", "properties": { "osm_id": "n10744099727", "namn": "Göteborg Energi", "operator": "Göteborgs Stads Parkerings AB", "natverk": "Göteborg Energi", "laddpunkter": 12, "uttag_ccs": null, "uttag_chademo": null, "uttag_tesla": null, "uttag_typ2": 12.0, "max_kw": 22.0, "snabbladdare": false, "tunga_fordon": false, "atkomst": "yes", "publik": true, "avgift": null, "kommun": "Göteborg", "i_halland": false }, "geometry": { "type": "Point", "coordinates": [ 11.92812, 57.69766 ] } },
{ "type": "Feature", "properties": { "osm_id": "n10744099729", "namn": "Göteborgs Stads Parkerings AB", "operator": "Göteborgs Stads Parkerings AB", "natverk": null, "laddpunkter": 6, "uttag_ccs": null, "uttag_chademo": null, "uttag_tesla": null, "uttag_typ2": 6.0, "max_kw": 4.0, "snabbladdare": false, "tunga_fordon": false, "atkomst": "yes", "publik": true, "avgift": null, "kommun": "Göteborg", "i_halland": false }, "geometry": { "type": "Point", "coordinates": [ 12.03603, 57.73771 ] } },
{ "type": "Feature", "properties": { "osm_id": "n10744099730", "namn": "Kungsleden Kallan", "operator": "Kungsleden Kallan", "natverk": null, "laddpunkter": 10, "uttag_ccs": null, "uttag_chademo": null, "uttag_tesla": null, "uttag_typ2": 10.0, "max_kw": 4.0, "snabbladdare": false, "tunga_fordon": false, "atkomst": "yes", "publik": true, "avgift": null, "kommun": "Göteborg", "i_halland": false }, "geometry": { "type": "Point", "coordinates": [ 12.00303, 57.68303 ] } },
{ "type": "Feature", "properties": { "osm_id": "n10744099733", "namn": "Göteborg Energi", "operator": null, "natverk": "Göteborg Energi", "laddpunkter": 12, "uttag_ccs": null, "uttag_chademo": null, "uttag_tesla": null, "uttag_typ2": 12.0, "max_kw": 22.0, "snabbladdare": false, "tunga_fordon": false, "atkomst": "yes", "publik": true, "avgift": null, "kommun": "Göteborg", "i_halland": false }, "geometry": { "type": "Point", "coordinates": [ 12.03085, 57.75156 ] } },
{ "type": "Feature", "properties": { "osm_id": "n10744099738", "namn": "APCOA Parkering", "operator": "APCOA Parkering", "natverk": null, "laddpunkter": 12, "uttag_ccs": null, "uttag_chademo": null, "uttag_tesla": null, "uttag_typ2": 12.0, "max_kw": 11.0, "snabbladdare": false, "tunga_fordon": false, "atkomst": "yes", "publik": true, "avgift": null, "kommun": "Göteborg", "i_halland": false }, "geometry": { "type": "Point", "coordinates": [ 11.9776, 57.7001 ] } },
{ "type": "Feature", "properties": { "osm_id": "n10744099739", "namn": "Göteborg Energi", "operator": null, "natverk": "Göteborg Energi", "laddpunkter": 34, "uttag_ccs": null, "uttag_chademo": null, "uttag_tesla": null, "uttag_typ2": 34.0, "max_kw": 22.0, "snabbladdare": false, "tunga_fordon": false, "atkomst": "yes", "publik": true, "avgift": null, "kommun": "Göteborg", "i_halland": false }, "geometry": { "type": "Point", "coordinates": [ 11.96268, 57.68457 ] } },
{ "type": "Feature", "properties": { "osm_id": "n10744099746", "namn": "Mer", "operator": null, "natverk": "Mer", "laddpunkter": 6, "uttag_ccs": null, "uttag_chademo": null, "uttag_tesla": null, "uttag_typ2": 6.0, "max_kw": 22.0, "snabbladdare": false, "tunga_fordon": false, "atkomst": "yes", "publik": true, "avgift": null, "kommun": "Göteborg", "i_halland": false }, "geometry": { "type": "Point", "coordinates": [ 11.97798, 57.70818 ] } },
{ "type": "Feature", "properties": { "osm_id": "n10744099749", "namn": "Göteborg Energi", "operator": "Göteborgs Stads Parkerings AB", "natverk": "Göteborg Energi", "laddpunkter": 30, "uttag_ccs": null, "uttag_chademo": null, "uttag_tesla": null, "uttag_typ2": 30.0, "max_kw": 22.0, "snabbladdare": false, "tunga_fordon": false, "atkomst": "yes", "publik": true, "avgift": null, "kommun": "Göteborg", "i_halland": false }, "geometry": { "type": "Point", "coordinates": [ 11.93931, 57.70802 ] } },
{ "type": "Feature", "properties": { "osm_id": "n10744099754", "namn": "Lerum Energi AB", "operator": "Lerum Energi AB", "natverk": null, "laddpunkter": 4, "uttag_ccs": null, "uttag_chademo": null, "uttag_tesla": null, "uttag_typ2": 4.0, "max_kw": 22.0, "snabbladdare": false, "tunga_fordon": false, "atkomst": "yes", "publik": true, "avgift": null, "kommun": "Lerum", "i_halland": false }, "geometry": { "type": "Point", "coordinates": [ 12.30806, 57.79303 ] } },
{ "type": "Feature", "properties": { "osm_id": "n10744099755", "namn": "Göteborgs Stads Parkerings AB", "operator": "Göteborgs Stads Parkerings AB", "natverk": null, "laddpunkter": 4, "uttag_ccs": null, "uttag_chademo": null, "uttag_tesla": null, "uttag_typ2": 4.0, "max_kw": 4.0, "snabbladdare": false, "tunga_fordon": false, "atkomst": "yes", "publik": true, "avgift": null, "kommun": "Göteborg", "i_halland": false }, "geometry": { "type": "Point", "coordinates": [ 11.99689, 57.70048 ] } },
{ "type": "Feature", "properties": { "osm_id": "n10744099761", "namn": "Göteborg Energi", "operator": "Göteborgs Stads Parkerings AB", "natverk": "Göteborg Energi", "laddpunkter": 19, "uttag_ccs": null, "uttag_chademo": null, "uttag_tesla": null, "uttag_typ2": 19.0, "max_kw": 22.0, "snabbladdare": false, "tunga_fordon": false, "atkomst": "yes", "publik": true, "avgift": null, "kommun": "Göteborg", "i_halland": false }, "geometry": { "type": "Point", "coordinates": [ 11.9448, 57.7077 ] } },
{ "type": "Feature", "properties": { "osm_id": "n10744099766", "namn": "Göteborg Energi", "operator": "Göteborgs Stads Parkerings AB", "natverk": "Göteborg Energi", "laddpunkter": 10, "uttag_ccs": null, "uttag_chademo": null, "uttag_tesla": null, "uttag_typ2": 10.0, "max_kw": 22.0, "snabbladdare": false, "tunga_fordon": false, "atkomst": "yes", "publik": true, "avgift": null, "kommun": "Göteborg", "i_halland": false }, "geometry": { "type": "Point", "coordinates": [ 11.96498, 57.69705 ] } },
{ "type": "Feature", "properties": { "osm_id": "n10744099774", "namn": "Göteborg Energi", "operator": "Göteborgs Stads Parkerings AB", "natverk": "Göteborg Energi", "laddpunkter": 4, "uttag_ccs": null, "uttag_chademo": null, "uttag_tesla": null, "uttag_typ2": 4.0, "max_kw": 4.0, "snabbladdare": false, "tunga_fordon": false, "atkomst": "yes", "publik": true, "avgift": null, "kommun": "Göteborg", "i_halland": false }, "geometry": { "type": "Point", "coordinates": [ 11.97931, 57.7132 ] } },
{ "type": "Feature", "properties": { "osm_id": "n10744099775", "namn": "Volvo Cars", "operator": "Volvo Cars", "natverk": null, "laddpunkter": 2, "uttag_ccs": null, "uttag_chademo": null, "uttag_tesla": null, "uttag_typ2": 2.0, "max_kw": 11.0, "snabbladdare": false, "tunga_fordon": false, "atkomst": "yes", "publik": true, "avgift": null, "kommun": "Göteborg", "i_halland": false }, "geometry": { "type": "Point", "coordinates": [ 11.86244, 57.72875 ] } },
{ "type": "Feature", "properties": { "osm_id": "n10744099776", "namn": "Volvo Cars", "operator": "Volvo Cars", "natverk": null, "laddpunkter": 15, "uttag_ccs": null, "uttag_chademo": null, "uttag_tesla": null, "uttag_typ2": 15.0, "max_kw": 11.0, "snabbladdare": false, "tunga_fordon": false, "atkomst": "yes", "publik": true, "avgift": null, "kommun": "Göteborg", "i_halland": false }, "geometry": { "type": "Point", "coordinates": [ 11.8569, 57.7232 ] } },
{ "type": "Feature", "properties": { "osm_id": "n10744099777", "namn": "Ytterbygg AB", "operator": "Ytterbygg AB", "natverk": null, "laddpunkter": 2, "uttag_ccs": null, "uttag_chademo": null, "uttag_tesla": null, "uttag_typ2": 2.0, "max_kw": 22.0, "snabbladdare": false, "tunga_fordon": false, "atkomst": "yes", "publik": true, "avgift": null, "kommun": "Göteborg", "i_halland": false }, "geometry": { "type": "Point", "coordinates": [ 12.00232, 57.74779 ] } },
{ "type": "Feature", "properties": { "osm_id": "n10744099778", "namn": "Kungsleden Muren AB", "operator": "Kungsleden Muren AB", "natverk": null, "laddpunkter": 8, "uttag_ccs": null, "uttag_chademo": null, "uttag_tesla": null, "uttag_typ2": 8.0, "max_kw": 4.0, "snabbladdare": false, "tunga_fordon": false, "atkomst": "yes", "publik": true, "avgift": null, "kommun": "Mölndal", "i_halland": false }, "geometry": { "type": "Point", "coordinates": [ 12.01791, 57.63892 ] } },
{ "type": "Feature", "properties": { "osm_id": "n10744099781", "namn": "OKQ8", "operator": null, "natverk": "OKQ8", "laddpunkter": 4, "uttag_ccs": null, "uttag_chademo": null, "uttag_tesla": null, "uttag_typ2": 4.0, "max_kw": 22.0, "snabbladdare": false, "tunga_fordon": false, "atkomst": "yes", "publik": true, "avgift": null, "kommun": "Göteborg", "i_halland": false }, "geometry": { "type": "Point", "coordinates": [ 11.89115, 57.66055 ] } },
{ "type": "Feature", "properties": { "osm_id": "n10744099782", "namn": "Göteborg Energi", "operator": null, "natverk": "Göteborg Energi", "laddpunkter": 40, "uttag_ccs": null, "uttag_chademo": null, "uttag_tesla": null, "uttag_typ2": 40.0, "max_kw": 22.0, "snabbladdare": false, "tunga_fordon": false, "atkomst": "yes", "publik": true, "avgift": null, "kommun": "Göteborg", "i_halland": false }, "geometry": { "type": "Point", "coordinates": [ 11.98707, 57.70657 ] } },
{ "type": "Feature", "properties": { "osm_id": "n10744099783", "namn": "Göteborgs Stads Parkerings AB", "operator": "Göteborgs Stads Parkerings AB", "natverk": null, "laddpunkter": 4, "uttag_ccs": null, "uttag_chademo": null, "uttag_tesla": null, "uttag_typ2": 4.0, "max_kw": 4.0, "snabbladdare": false, "tunga_fordon": false, "atkomst": "customers", "publik": false, "avgift": null, "kommun": "Göteborg", "i_halland": false }, "geometry": { "type": "Point", "coordinates": [ 11.8511, 57.66852 ] } },
{ "type": "Feature", "properties": { "osm_id": "n10744099786", "namn": "Krokslätts Parkerings AB", "operator": "Krokslätts Parkerings AB", "natverk": null, "laddpunkter": 96, "uttag_ccs": null, "uttag_chademo": null, "uttag_tesla": null, "uttag_typ2": 96.0, "max_kw": 11.0, "snabbladdare": false, "tunga_fordon": false, "atkomst": "yes", "publik": true, "avgift": null, "kommun": "Mölndal", "i_halland": false }, "geometry": { "type": "Point", "coordinates": [ 12.00949, 57.67393 ] } },
{ "type": "Feature", "properties": { "osm_id": "n10744099790", "namn": "Ytterbygg AB", "operator": "Ytterbygg AB", "natverk": null, "laddpunkter": 2, "uttag_ccs": null, "uttag_chademo": null, "uttag_tesla": null, "uttag_typ2": 2.0, "max_kw": 22.0, "snabbladdare": false, "tunga_fordon": false, "atkomst": "yes", "publik": true, "avgift": null, "kommun": "Göteborg", "i_halland": false }, "geometry": { "type": "Point", "coordinates": [ 11.99904, 57.74608 ] } },
{ "type": "Feature", "properties": { "osm_id": "n10744099792", "namn": "InCharge", "operator": null, "natverk": "InCharge", "laddpunkter": 1, "uttag_ccs": null, "uttag_chademo": null, "uttag_tesla": null, "uttag_typ2": 1.0, "max_kw": 11.0, "snabbladdare": false, "tunga_fordon": false, "atkomst": "yes", "publik": true, "avgift": null, "kommun": "Mölndal", "i_halland": false }, "geometry": { "type": "Point", "coordinates": [ 12.02167, 57.63762 ] } },
{ "type": "Feature", "properties": { "osm_id": "n10744099795", "namn": "Göteborg Energi", "operator": "Göteborgs Stads Parkerings AB", "natverk": "Göteborg Energi", "laddpunkter": 16, "uttag_ccs": null, "uttag_chademo": null, "uttag_tesla": null, "uttag_typ2": 16.0, "max_kw": 22.0, "snabbladdare": false, "tunga_fordon": false, "atkomst": "yes", "publik": true, "avgift": null, "kommun": "Göteborg", "i_halland": false }, "geometry": { "type": "Point", "coordinates": [ 11.9303, 57.69759 ] } },
{ "type": "Feature", "properties": { "osm_id": "n10744099798", "namn": "Göteborg Energi", "operator": "Göteborgs Stads Parkerings AB", "natverk": "Göteborg Energi", "laddpunkter": 16, "uttag_ccs": null, "uttag_chademo": null, "uttag_tesla": null, "uttag_typ2": 16.0, "max_kw": 22.0, "snabbladdare": false, "tunga_fordon": false, "atkomst": "yes", "publik": true, "avgift": null, "kommun": "Göteborg", "i_halland": false }, "geometry": { "type": "Point", "coordinates": [ 11.9731, 57.6944 ] } },
{ "type": "Feature", "properties": { "osm_id": "n10744099799", "namn": "InCharge", "operator": null, "natverk": "InCharge", "laddpunkter": 12, "uttag_ccs": null, "uttag_chademo": null, "uttag_tesla": null, "uttag_typ2": 12.0, "max_kw": 22.0, "snabbladdare": false, "tunga_fordon": false, "atkomst": "yes", "publik": true, "avgift": null, "kommun": "Härryda", "i_halland": false }, "geometry": { "type": "Point", "coordinates": [ 12.11588, 57.66062 ] } },
{ "type": "Feature", "properties": { "osm_id": "n10744099802", "namn": "Göteborg Energi", "operator": null, "natverk": "Göteborg Energi", "laddpunkter": 12, "uttag_ccs": null, "uttag_chademo": null, "uttag_tesla": null, "uttag_typ2": 12.0, "max_kw": 22.0, "snabbladdare": false, "tunga_fordon": false, "atkomst": "yes", "publik": true, "avgift": null, "kommun": "Göteborg", "i_halland": false }, "geometry": { "type": "Point", "coordinates": [ 11.89147, 57.73227 ] } },
{ "type": "Feature", "properties": { "osm_id": "n10744099804", "namn": "Härryda Energi", "operator": "Härryda Energi", "natverk": null, "laddpunkter": 2, "uttag_ccs": null, "uttag_chademo": null, "uttag_tesla": null, "uttag_typ2": null, "max_kw": 4.0, "snabbladdare": false, "tunga_fordon": false, "atkomst": "yes", "publik": true, "avgift": null, "kommun": "Härryda", "i_halland": false }, "geometry": { "type": "Point", "coordinates": [ 12.45019, 57.70422 ] } },
{ "type": "Feature", "properties": { "osm_id": "n10744099806", "namn": "Göteborg Energi", "operator": "Göteborgs Stads Parkerings AB", "natverk": "Göteborg Energi", "laddpunkter": 12, "uttag_ccs": null, "uttag_chademo": null, "uttag_tesla": null, "uttag_typ2": 12.0, "max_kw": 22.0, "snabbladdare": false, "tunga_fordon": false, "atkomst": "yes", "publik": true, "avgift": null, "kommun": "Göteborg", "i_halland": false }, "geometry": { "type": "Point", "coordinates": [ 11.9503, 57.6971 ] } },
{ "type": "Feature", "properties": { "osm_id": "n10744099808", "namn": "Hotel and Ristorande Bellora", "operator": "Hotel and Ristorande Bellora", "natverk": null, "laddpunkter": 2, "uttag_ccs": null, "uttag_chademo": null, "uttag_tesla": null, "uttag_typ2": 2.0, "max_kw": 11.0, "snabbladdare": false, "tunga_fordon": false, "atkomst": "customers", "publik": false, "avgift": null, "kommun": "Göteborg", "i_halland": false }, "geometry": { "type": "Point", "coordinates": [ 11.97352, 57.70131 ] } },
{ "type": "Feature", "properties": { "osm_id": "n10744099814", "namn": "Mer", "operator": null, "natverk": "Mer", "laddpunkter": 2, "uttag_ccs": 1.0, "uttag_chademo": 1, "uttag_tesla": null, "uttag_typ2": 1.0, "max_kw": 50.0, "snabbladdare": true, "tunga_fordon": false, "atkomst": "yes", "publik": true, "avgift": null, "kommun": "Mölndal", "i_halland": false }, "geometry": { "type": "Point", "coordinates": [ 11.98444, 57.64619 ] } },
{ "type": "Feature", "properties": { "osm_id": "n10744099816", "namn": "Göteborg Energi", "operator": "Göteborgs Stads Parkerings AB", "natverk": "Göteborg Energi", "laddpunkter": 12, "uttag_ccs": null, "uttag_chademo": null, "uttag_tesla": null, "uttag_typ2": 12.0, "max_kw": 22.0, "snabbladdare": false, "tunga_fordon": false, "atkomst": "yes", "publik": true, "avgift": null, "kommun": "Göteborg", "i_halland": false }, "geometry": { "type": "Point", "coordinates": [ 11.9872, 57.7014 ] } },
{ "type": "Feature", "properties": { "osm_id": "n10744099818", "namn": "Öijared Resort", "operator": "Öijared Resort", "natverk": null, "laddpunkter": 2, "uttag_ccs": null, "uttag_chademo": null, "uttag_tesla": null, "uttag_typ2": 2.0, "max_kw": 11.0, "snabbladdare": false, "tunga_fordon": false, "atkomst": "customers", "publik": false, "avgift": null, "kommun": "Lerum", "i_halland": false }, "geometry": { "type": "Point", "coordinates": [ 12.39478, 57.85415 ] } },
{ "type": "Feature", "properties": { "osm_id": "n10744099821", "namn": "Göteborg Energi", "operator": "Göteborgs Stads Parkerings AB", "natverk": "Göteborg Energi", "laddpunkter": 10, "uttag_ccs": null, "uttag_chademo": null, "uttag_tesla": null, "uttag_typ2": 10.0, "max_kw": 4.0, "snabbladdare": false, "tunga_fordon": false, "atkomst": "yes", "publik": true, "avgift": null, "kommun": "Göteborg", "i_halland": false }, "geometry": { "type": "Point", "coordinates": [ 11.91396, 57.69102 ] } },
{ "type": "Feature", "properties": { "osm_id": "n10744099822", "namn": "Göteborg Energi", "operator": "Göteborgs Stads Parkerings AB", "natverk": "Göteborg Energi", "laddpunkter": 2, "uttag_ccs": 1.0, "uttag_chademo": 1, "uttag_tesla": null, "uttag_typ2": 1.0, "max_kw": 50.0, "snabbladdare": true, "tunga_fordon": false, "atkomst": "yes", "publik": true, "avgift": null, "kommun": "Göteborg", "i_halland": false }, "geometry": { "type": "Point", "coordinates": [ 11.97768, 57.70389 ] } },
{ "type": "Feature", "properties": { "osm_id": "n10744099823", "namn": "Rexel Sverige AB", "operator": "Rexel Sverige AB", "natverk": null, "laddpunkter": 4, "uttag_ccs": null, "uttag_chademo": null, "uttag_tesla": null, "uttag_typ2": 4.0, "max_kw": 22.0, "snabbladdare": false, "tunga_fordon": false, "atkomst": "yes", "publik": true, "avgift": null, "kommun": "Mölndal", "i_halland": false }, "geometry": { "type": "Point", "coordinates": [ 12.00961, 57.67426 ] } },
{ "type": "Feature", "properties": { "osm_id": "n10744099824", "namn": "Kungsleden Sisjön KB", "operator": "Kungsleden Sisjön KB", "natverk": null, "laddpunkter": 16, "uttag_ccs": null, "uttag_chademo": null, "uttag_tesla": null, "uttag_typ2": 16.0, "max_kw": 4.0, "snabbladdare": false, "tunga_fordon": false, "atkomst": "yes", "publik": true, "avgift": null, "kommun": "Göteborg", "i_halland": false }, "geometry": { "type": "Point", "coordinates": [ 11.93581, 57.65492 ] } },
{ "type": "Feature", "properties": { "osm_id": "n10744099825", "namn": "Circle K", "operator": "Circle K", "natverk": "Circle K", "laddpunkter": 2, "uttag_ccs": 2.0, "uttag_chademo": null, "uttag_tesla": null, "uttag_typ2": null, "max_kw": 150.0, "snabbladdare": true, "tunga_fordon": false, "atkomst": "yes", "publik": true, "avgift": null, "kommun": "Mölndal", "i_halland": false }, "geometry": { "type": "Point", "coordinates": [ 11.98452, 57.64619 ] } },
{ "type": "Feature", "properties": { "osm_id": "n10744099826", "namn": "Göteborg Energi", "operator": null, "natverk": "Göteborg Energi", "laddpunkter": 1, "uttag_ccs": 1.0, "uttag_chademo": 1, "uttag_tesla": null, "uttag_typ2": null, "max_kw": 150.0, "snabbladdare": true, "tunga_fordon": false, "atkomst": "yes", "publik": true, "avgift": null, "kommun": "Göteborg", "i_halland": false }, "geometry": { "type": "Point", "coordinates": [ 11.98131, 57.71754 ] } },
{ "type": "Feature", "properties": { "osm_id": "n10744099827", "namn": "Göteborg Energi", "operator": "Göteborgs Stads Parkerings AB", "natverk": "Göteborg Energi", "laddpunkter": 12, "uttag_ccs": null, "uttag_chademo": null, "uttag_tesla": null, "uttag_typ2": 12.0, "max_kw": 22.0, "snabbladdare": false, "tunga_fordon": false, "atkomst": "yes", "publik": true, "avgift": null, "kommun": "Göteborg", "i_halland": false }, "geometry": { "type": "Point", "coordinates": [ 11.9597, 57.697 ] } },
{ "type": "Feature", "properties": { "osm_id": "n10744099829", "namn": "Göteborg Energi", "operator": null, "natverk": "Göteborg Energi", "laddpunkter": 10, "uttag_ccs": null, "uttag_chademo": null, "uttag_tesla": null, "uttag_typ2": 10.0, "max_kw": 22.0, "snabbladdare": false, "tunga_fordon": false, "atkomst": "yes", "publik": true, "avgift": null, "kommun": "Göteborg", "i_halland": false }, "geometry": { "type": "Point", "coordinates": [ 11.97114, 57.72767 ] } },
{ "type": "Feature", "properties": { "osm_id": "n10744099831", "namn": "Gårdstensbostäder", "operator": "Gårdstensbostäder", "natverk": null, "laddpunkter": 2, "uttag_ccs": null, "uttag_chademo": null, "uttag_tesla": null, "uttag_typ2": null, "max_kw": 4.0, "snabbladdare": false, "tunga_fordon": false, "atkomst": "yes", "publik": true, "avgift": null, "kommun": "Göteborg", "i_halland": false }, "geometry": { "type": "Point", "coordinates": [ 12.0254, 57.8031 ] } },
{ "type": "Feature", "properties": { "osm_id": "n10744099835", "namn": "Sjöräddningssällskapet", "operator": "Sjöräddningssällskapet", "natverk": null, "laddpunkter": 1, "uttag_ccs": null, "uttag_chademo": null, "uttag_tesla": null, "uttag_typ2": null, "max_kw": 4.0, "snabbladdare": false, "tunga_fordon": false, "atkomst": "yes", "publik": true, "avgift": null, "kommun": "Göteborg", "i_halland": false }, "geometry": { "type": "Point", "coordinates": [ 11.84954, 57.6694 ] } },
{ "type": "Feature", "properties": { "osm_id": "n10744099836", "namn": "Mer", "operator": "Mer", "natverk": "Mer", "laddpunkter": 6, "uttag_ccs": null, "uttag_chademo": null, "uttag_tesla": null, "uttag_typ2": 6.0, "max_kw": 22.0, "snabbladdare": false, "tunga_fordon": false, "atkomst": "yes", "publik": true, "avgift": null, "kommun": "Mölndal", "i_halland": false }, "geometry": { "type": "Point", "coordinates": [ 12.01526, 57.65387 ] } },
{ "type": "Feature", "properties": { "osm_id": "n10744099838", "namn": "Ytterbygg AB", "operator": "Ytterbygg AB", "natverk": null, "laddpunkter": 2, "uttag_ccs": null, "uttag_chademo": null, "uttag_tesla": null, "uttag_typ2": 2.0, "max_kw": 22.0, "snabbladdare": false, "tunga_fordon": false, "atkomst": "yes", "publik": true, "avgift": null, "kommun": "Göteborg", "i_halland": false }, "geometry": { "type": "Point", "coordinates": [ 11.98504, 57.74785 ] } },
{ "type": "Feature", "properties": { "osm_id": "n10744099840", "namn": "E.ON", "operator": null, "natverk": "E.ON", "laddpunkter": 2, "uttag_ccs": 1.0, "uttag_chademo": 1, "uttag_tesla": null, "uttag_typ2": 1.0, "max_kw": 150.0, "snabbladdare": true, "tunga_fordon": false, "atkomst": "yes", "publik": true, "avgift": null, "kommun": "Göteborg", "i_halland": false }, "geometry": { "type": "Point", "coordinates": [ 11.9978, 57.77157 ] } },
{ "type": "Feature", "properties": { "osm_id": "n10744099844", "namn": "Willys", "operator": "Willys", "natverk": null, "laddpunkter": 1, "uttag_ccs": null, "uttag_chademo": null, "uttag_tesla": null, "uttag_typ2": null, "max_kw": 4.0, "snabbladdare": false, "tunga_fordon": false, "atkomst": "customers", "publik": false, "avgift": null, "kommun": "Göteborg", "i_halland": false }, "geometry": { "type": "Point", "coordinates": [ 11.95174, 57.63949 ] } },
{ "type": "Feature", "properties": { "osm_id": "n10744099847", "namn": "TF Fastigheter i Göteborg AB", "operator": "TF Fastigheter i Göteborg AB", "natverk": null, "laddpunkter": 2, "uttag_ccs": null, "uttag_chademo": null, "uttag_tesla": null, "uttag_typ2": 2.0, "max_kw": 11.0, "snabbladdare": false, "tunga_fordon": false, "atkomst": "yes", "publik": true, "avgift": null, "kommun": "Göteborg", "i_halland": false }, "geometry": { "type": "Point", "coordinates": [ 11.99598, 57.68548 ] } },
{ "type": "Feature", "properties": { "osm_id": "n10744099848", "namn": "Göteborg Energi", "operator": "Göteborgs Stads Parkerings AB", "natverk": "Göteborg Energi", "laddpunkter": 18, "uttag_ccs": null, "uttag_chademo": null, "uttag_tesla": null, "uttag_typ2": 18.0, "max_kw": 22.0, "snabbladdare": false, "tunga_fordon": false, "atkomst": "yes", "publik": true, "avgift": null, "kommun": "Göteborg", "i_halland": false }, "geometry": { "type": "Point", "coordinates": [ 11.9797, 57.69842 ] } },
{ "type": "Feature", "properties": { "osm_id": "n10744099850", "namn": "Comfort Hotel Göteborg", "operator": "Comfort Hotel Göteborg", "natverk": null, "laddpunkter": 2, "uttag_ccs": null, "uttag_chademo": null, "uttag_tesla": null, "uttag_typ2": 2.0, "max_kw": 11.0, "snabbladdare": false, "tunga_fordon": false, "atkomst": "customers", "publik": false, "avgift": null, "kommun": "Göteborg", "i_halland": false }, "geometry": { "type": "Point", "coordinates": [ 11.95888, 57.70599 ] } },
{ "type": "Feature", "properties": { "osm_id": "n10744099851", "namn": "eleqtroPoint", "operator": "eleqtroPoint", "natverk": null, "laddpunkter": 3, "uttag_ccs": null, "uttag_chademo": null, "uttag_tesla": null, "uttag_typ2": 3.0, "max_kw": 4.0, "snabbladdare": false, "tunga_fordon": false, "atkomst": "yes", "publik": true, "avgift": null, "kommun": "Göteborg", "i_halland": false }, "geometry": { "type": "Point", "coordinates": [ 11.9898, 57.73206 ] } },
{ "type": "Feature", "properties": { "osm_id": "n10744099852", "namn": "Stiftelsen Bollebygs Hyresbostäder", "operator": "Stiftelsen Bollebygs Hyresbostäder", "natverk": null, "laddpunkter": 2, "uttag_ccs": null, "uttag_chademo": null, "uttag_tesla": null, "uttag_typ2": 2.0, "max_kw": 11.0, "snabbladdare": false, "tunga_fordon": false, "atkomst": "yes", "publik": true, "avgift": null, "kommun": "Bollebygd", "i_halland": false }, "geometry": { "type": "Point", "coordinates": [ 12.57091, 57.66979 ] } },
{ "type": "Feature", "properties": { "osm_id": "n10744099854", "namn": "Göteborg Energi", "operator": "Göteborgs Stads Parkerings AB", "natverk": "Göteborg Energi", "laddpunkter": 40, "uttag_ccs": null, "uttag_chademo": null, "uttag_tesla": null, "uttag_typ2": 40.0, "max_kw": 22.0, "snabbladdare": false, "tunga_fordon": false, "atkomst": "yes", "publik": true, "avgift": null, "kommun": "Göteborg", "i_halland": false }, "geometry": { "type": "Point", "coordinates": [ 11.9465, 57.7081 ] } },
{ "type": "Feature", "properties": { "osm_id": "n10744099855", "namn": "Sankt Jörgen Park Resort", "operator": "Sankt Jörgen Park Resort", "natverk": null, "laddpunkter": 2, "uttag_ccs": null, "uttag_chademo": null, "uttag_tesla": null, "uttag_typ2": 2.0, "max_kw": 11.0, "snabbladdare": false, "tunga_fordon": false, "atkomst": "customers", "publik": false, "avgift": null, "kommun": "Göteborg", "i_halland": false }, "geometry": { "type": "Point", "coordinates": [ 11.94459, 57.74249 ] } },
{ "type": "Feature", "properties": { "osm_id": "n10744099857", "namn": "Göteborg Energi", "operator": "Göteborgs Stads Parkerings AB", "natverk": "Göteborg Energi", "laddpunkter": 10, "uttag_ccs": null, "uttag_chademo": null, "uttag_tesla": null, "uttag_typ2": 10.0, "max_kw": 22.0, "snabbladdare": false, "tunga_fordon": false, "atkomst": "yes", "publik": true, "avgift": null, "kommun": "Göteborg", "i_halland": false }, "geometry": { "type": "Point", "coordinates": [ 12.0206, 57.7684 ] } },
{ "type": "Feature", "properties": { "osm_id": "n10744099859", "namn": "Hedin Bil", "operator": "Hedin Bil", "natverk": null, "laddpunkter": 2, "uttag_ccs": null, "uttag_chademo": null, "uttag_tesla": null, "uttag_typ2": 2.0, "max_kw": 22.0, "snabbladdare": false, "tunga_fordon": false, "atkomst": "yes", "publik": true, "avgift": null, "kommun": "Mölndal", "i_halland": false }, "geometry": { "type": "Point", "coordinates": [ 12.00433, 57.67755 ] } },
{ "type": "Feature", "properties": { "osm_id": "n10744651272", "namn": "E.On charging station 50KW", "operator": null, "natverk": null, "laddpunkter": null, "uttag_ccs": null, "uttag_chademo": null, "uttag_tesla": null, "uttag_typ2": null, "max_kw": null, "snabbladdare": false, "tunga_fordon": false, "atkomst": "ej angiven", "publik": true, "avgift": null, "kommun": "Ängelholm", "i_halland": false }, "geometry": { "type": "Point", "coordinates": [ 12.89507, 56.25066 ] } },
{ "type": "Feature", "properties": { "osm_id": "n10807076904", "namn": "Easee", "operator": "BRF Norra Guldheden", "natverk": "Easee", "laddpunkter": 2, "uttag_ccs": null, "uttag_chademo": null, "uttag_tesla": null, "uttag_typ2": 2.0, "max_kw": 22.0, "snabbladdare": false, "tunga_fordon": false, "atkomst": "private", "publik": false, "avgift": null, "kommun": "Göteborg", "i_halland": false }, "geometry": { "type": "Point", "coordinates": [ 11.9649, 57.69095 ] } },
{ "type": "Feature", "properties": { "osm_id": "n10807083305", "namn": "BRF Norra Guldheden", "operator": "BRF Norra Guldheden", "natverk": null, "laddpunkter": 2, "uttag_ccs": null, "uttag_chademo": null, "uttag_tesla": null, "uttag_typ2": null, "max_kw": null, "snabbladdare": false, "tunga_fordon": false, "atkomst": "private", "publik": false, "avgift": null, "kommun": "Göteborg", "i_halland": false }, "geometry": { "type": "Point", "coordinates": [ 11.96502, 57.69092 ] } },
{ "type": "Feature", "properties": { "osm_id": "n10807083306", "namn": "BRF Norra Guldheden", "operator": "BRF Norra Guldheden", "natverk": null, "laddpunkter": 2, "uttag_ccs": null, "uttag_chademo": null, "uttag_tesla": null, "uttag_typ2": null, "max_kw": null, "snabbladdare": false, "tunga_fordon": false, "atkomst": "private", "publik": false, "avgift": null, "kommun": "Göteborg", "i_halland": false }, "geometry": { "type": "Point", "coordinates": [ 11.96509, 57.6909 ] } },
{ "type": "Feature", "properties": { "osm_id": "n10807083307", "namn": "BRF Norra Guldheden", "operator": "BRF Norra Guldheden", "natverk": null, "laddpunkter": 2, "uttag_ccs": null, "uttag_chademo": null, "uttag_tesla": null, "uttag_typ2": null, "max_kw": null, "snabbladdare": false, "tunga_fordon": false, "atkomst": "private", "publik": false, "avgift": null, "kommun": "Göteborg", "i_halland": false }, "geometry": { "type": "Point", "coordinates": [ 11.96515, 57.69088 ] } },
{ "type": "Feature", "properties": { "osm_id": "n10807083308", "namn": "Easee", "operator": "BRF Norra Guldheden", "natverk": "Easee", "laddpunkter": 2, "uttag_ccs": null, "uttag_chademo": null, "uttag_tesla": null, "uttag_typ2": 2.0, "max_kw": 22.0, "snabbladdare": false, "tunga_fordon": false, "atkomst": "private", "publik": false, "avgift": null, "kommun": "Göteborg", "i_halland": false }, "geometry": { "type": "Point", "coordinates": [ 11.96503, 57.69108 ] } },
{ "type": "Feature", "properties": { "osm_id": "n10881931524", "namn": "Ionity", "operator": "Ionity", "natverk": "Ionity", "laddpunkter": 6, "uttag_ccs": 6.0, "uttag_chademo": null, "uttag_tesla": null, "uttag_typ2": null, "max_kw": 350.0, "snabbladdare": true, "tunga_fordon": false, "atkomst": "yes", "publik": true, "avgift": "yes", "kommun": "Ljungby", "i_halland": false }, "geometry": { "type": "Point", "coordinates": [ 13.90672, 56.81324 ] } },
{ "type": "Feature", "properties": { "osm_id": "n10892826991", "namn": "Easee", "operator": "BRF Norra Guldheden", "natverk": "Easee", "laddpunkter": 1, "uttag_ccs": null, "uttag_chademo": null, "uttag_tesla": null, "uttag_typ2": 1.0, "max_kw": 22.0, "snabbladdare": false, "tunga_fordon": false, "atkomst": "private", "publik": false, "avgift": null, "kommun": "Göteborg", "i_halland": false }, "geometry": { "type": "Point", "coordinates": [ 11.96497, 57.69092 ] } },
{ "type": "Feature", "properties": { "osm_id": "n10933923690", "namn": "CTEK", "operator": null, "natverk": "CTEK", "laddpunkter": 2, "uttag_ccs": null, "uttag_chademo": null, "uttag_tesla": null, "uttag_typ2": null, "max_kw": null, "snabbladdare": false, "tunga_fordon": false, "atkomst": "ej angiven", "publik": true, "avgift": null, "kommun": "Göteborg", "i_halland": false }, "geometry": { "type": "Point", "coordinates": [ 11.96352, 57.68497 ] } },
{ "type": "Feature", "properties": { "osm_id": "n10933923691", "namn": "CTEK", "operator": null, "natverk": "CTEK", "laddpunkter": 4, "uttag_ccs": null, "uttag_chademo": null, "uttag_tesla": null, "uttag_typ2": null, "max_kw": null, "snabbladdare": false, "tunga_fordon": false, "atkomst": "ej angiven", "publik": true, "avgift": null, "kommun": "Göteborg", "i_halland": false }, "geometry": { "type": "Point", "coordinates": [ 11.96347, 57.68498 ] } },
{ "type": "Feature", "properties": { "osm_id": "n10933923692", "namn": "CTEK", "operator": null, "natverk": "CTEK", "laddpunkter": 4, "uttag_ccs": null, "uttag_chademo": null, "uttag_tesla": null, "uttag_typ2": null, "max_kw": null, "snabbladdare": false, "tunga_fordon": false, "atkomst": "ej angiven", "publik": true, "avgift": null, "kommun": "Göteborg", "i_halland": false }, "geometry": { "type": "Point", "coordinates": [ 11.9634, 57.685 ] } },
{ "type": "Feature", "properties": { "osm_id": "n10933923693", "namn": "CTEK", "operator": null, "natverk": "CTEK", "laddpunkter": 2, "uttag_ccs": null, "uttag_chademo": null, "uttag_tesla": null, "uttag_typ2": null, "max_kw": null, "snabbladdare": false, "tunga_fordon": false, "atkomst": "ej angiven", "publik": true, "avgift": null, "kommun": "Göteborg", "i_halland": false }, "geometry": { "type": "Point", "coordinates": [ 11.96338, 57.68484 ] } },
{ "type": "Feature", "properties": { "osm_id": "n10933923694", "namn": "CTEK", "operator": null, "natverk": "CTEK", "laddpunkter": 2, "uttag_ccs": null, "uttag_chademo": null, "uttag_tesla": null, "uttag_typ2": null, "max_kw": null, "snabbladdare": false, "tunga_fordon": false, "atkomst": "ej angiven", "publik": true, "avgift": null, "kommun": "Göteborg", "i_halland": false }, "geometry": { "type": "Point", "coordinates": [ 11.96327, 57.68487 ] } },
{ "type": "Feature", "properties": { "osm_id": "n10933923695", "namn": "CTEK", "operator": null, "natverk": "CTEK", "laddpunkter": 2, "uttag_ccs": null, "uttag_chademo": null, "uttag_tesla": null, "uttag_typ2": null, "max_kw": null, "snabbladdare": false, "tunga_fordon": false, "atkomst": "ej angiven", "publik": true, "avgift": null, "kommun": "Göteborg", "i_halland": false }, "geometry": { "type": "Point", "coordinates": [ 11.9632, 57.68489 ] } },
{ "type": "Feature", "properties": { "osm_id": "n10948534781", "namn": "Tempo Guldheden", "operator": "Tempo Guldheden", "natverk": null, "laddpunkter": 1, "uttag_ccs": null, "uttag_chademo": null, "uttag_tesla": null, "uttag_typ2": null, "max_kw": null, "snabbladdare": false, "tunga_fordon": false, "atkomst": "private", "publik": false, "avgift": "no", "kommun": "Göteborg", "i_halland": false }, "geometry": { "type": "Point", "coordinates": [ 11.96744, 57.68921 ] } },
{ "type": "Feature", "properties": { "osm_id": "n10963867107", "namn": "CTEK", "operator": "Göteborgs Stads Parkerings AB", "natverk": "CTEK", "laddpunkter": 2, "uttag_ccs": null, "uttag_chademo": null, "uttag_tesla": null, "uttag_typ2": 2.0, "max_kw": null, "snabbladdare": false, "tunga_fordon": false, "atkomst": "yes", "publik": true, "avgift": "yes", "kommun": "Göteborg", "i_halland": false }, "geometry": { "type": "Point", "coordinates": [ 11.97316, 57.69293 ] } },
{ "type": "Feature", "properties": { "osm_id": "n10963867108", "namn": "CTEK", "operator": "Göteborgs Stads Parkerings AB", "natverk": "CTEK", "laddpunkter": 2, "uttag_ccs": null, "uttag_chademo": null, "uttag_tesla": null, "uttag_typ2": 2.0, "max_kw": null, "snabbladdare": false, "tunga_fordon": false, "atkomst": "yes", "publik": true, "avgift": "yes", "kommun": "Göteborg", "i_halland": false }, "geometry": { "type": "Point", "coordinates": [ 11.97314, 57.69297 ] } },
{ "type": "Feature", "properties": { "osm_id": "n10963867109", "namn": "CTEK", "operator": "Göteborgs Stads Parkerings AB", "natverk": "CTEK", "laddpunkter": 2, "uttag_ccs": null, "uttag_chademo": null, "uttag_tesla": null, "uttag_typ2": 2.0, "max_kw": null, "snabbladdare": false, "tunga_fordon": false, "atkomst": "yes", "publik": true, "avgift": "yes", "kommun": "Göteborg", "i_halland": false }, "geometry": { "type": "Point", "coordinates": [ 11.97312, 57.69302 ] } },
{ "type": "Feature", "properties": { "osm_id": "n10963867110", "namn": "CTEK", "operator": "Göteborgs Stads Parkerings AB", "natverk": "CTEK", "laddpunkter": 2, "uttag_ccs": null, "uttag_chademo": null, "uttag_tesla": null, "uttag_typ2": 2.0, "max_kw": null, "snabbladdare": false, "tunga_fordon": false, "atkomst": "yes", "publik": true, "avgift": "yes", "kommun": "Göteborg", "i_halland": false }, "geometry": { "type": "Point", "coordinates": [ 11.9731, 57.69306 ] } },
{ "type": "Feature", "properties": { "osm_id": "n10963867111", "namn": "CTEK", "operator": "Göteborgs Stads Parkerings AB", "natverk": "CTEK", "laddpunkter": 2, "uttag_ccs": null, "uttag_chademo": null, "uttag_tesla": null, "uttag_typ2": 2.0, "max_kw": null, "snabbladdare": false, "tunga_fordon": false, "atkomst": "yes", "publik": true, "avgift": "yes", "kommun": "Göteborg", "i_halland": false }, "geometry": { "type": "Point", "coordinates": [ 11.97307, 57.6931 ] } },
{ "type": "Feature", "properties": { "osm_id": "n10963867112", "namn": "CTEK", "operator": "Göteborgs Stads Parkerings AB", "natverk": "CTEK", "laddpunkter": 2, "uttag_ccs": null, "uttag_chademo": null, "uttag_tesla": null, "uttag_typ2": 2.0, "max_kw": null, "snabbladdare": false, "tunga_fordon": false, "atkomst": "yes", "publik": true, "avgift": "yes", "kommun": "Göteborg", "i_halland": false }, "geometry": { "type": "Point", "coordinates": [ 11.97305, 57.69315 ] } },
{ "type": "Feature", "properties": { "osm_id": "n10963867113", "namn": "CTEK", "operator": "Göteborgs Stads Parkerings AB", "natverk": "CTEK", "laddpunkter": 2, "uttag_ccs": null, "uttag_chademo": null, "uttag_tesla": null, "uttag_typ2": 2.0, "max_kw": null, "snabbladdare": false, "tunga_fordon": false, "atkomst": "yes", "publik": true, "avgift": "yes", "kommun": "Göteborg", "i_halland": false }, "geometry": { "type": "Point", "coordinates": [ 11.97303, 57.69319 ] } },
{ "type": "Feature", "properties": { "osm_id": "n10963867114", "namn": "CTEK", "operator": "Göteborgs Stads Parkerings AB", "natverk": "CTEK", "laddpunkter": 2, "uttag_ccs": null, "uttag_chademo": null, "uttag_tesla": null, "uttag_typ2": 2.0, "max_kw": null, "snabbladdare": false, "tunga_fordon": false, "atkomst": "yes", "publik": true, "avgift": "yes", "kommun": "Göteborg", "i_halland": false }, "geometry": { "type": "Point", "coordinates": [ 11.97301, 57.69324 ] } },
{ "type": "Feature", "properties": { "osm_id": "n10963867115", "namn": "CTEK", "operator": "Göteborgs Stads Parkerings AB", "natverk": "CTEK", "laddpunkter": 2, "uttag_ccs": null, "uttag_chademo": null, "uttag_tesla": null, "uttag_typ2": 2.0, "max_kw": null, "snabbladdare": false, "tunga_fordon": false, "atkomst": "yes", "publik": true, "avgift": "yes", "kommun": "Göteborg", "i_halland": false }, "geometry": { "type": "Point", "coordinates": [ 11.97286, 57.69336 ] } },
{ "type": "Feature", "properties": { "osm_id": "n10963867116", "namn": "CTEK", "operator": "Göteborgs Stads Parkerings AB", "natverk": "CTEK", "laddpunkter": 2, "uttag_ccs": null, "uttag_chademo": null, "uttag_tesla": null, "uttag_typ2": 2.0, "max_kw": null, "snabbladdare": false, "tunga_fordon": false, "atkomst": "yes", "publik": true, "avgift": "yes", "kommun": "Göteborg", "i_halland": false }, "geometry": { "type": "Point", "coordinates": [ 11.9729, 57.69333 ] } },
{ "type": "Feature", "properties": { "osm_id": "n10963867117", "namn": "CTEK", "operator": "Göteborgs Stads Parkerings AB", "natverk": "CTEK", "laddpunkter": 2, "uttag_ccs": null, "uttag_chademo": null, "uttag_tesla": null, "uttag_typ2": 2.0, "max_kw": null, "snabbladdare": false, "tunga_fordon": false, "atkomst": "yes", "publik": true, "avgift": "yes", "kommun": "Göteborg", "i_halland": false }, "geometry": { "type": "Point", "coordinates": [ 11.97296, 57.69329 ] } },
{ "type": "Feature", "properties": { "osm_id": "n10964096626", "namn": "EV core", "operator": null, "natverk": "EV core", "laddpunkter": 2, "uttag_ccs": null, "uttag_chademo": null, "uttag_tesla": null, "uttag_typ2": 2.0, "max_kw": null, "snabbladdare": false, "tunga_fordon": false, "atkomst": "ej angiven", "publik": true, "avgift": null, "kommun": "Göteborg", "i_halland": false }, "geometry": { "type": "Point", "coordinates": [ 11.96283, 57.68862 ] } },
{ "type": "Feature", "properties": { "osm_id": "n10964096627", "namn": "EV core", "operator": null, "natverk": "EV core", "laddpunkter": 2, "uttag_ccs": null, "uttag_chademo": null, "uttag_tesla": null, "uttag_typ2": 2.0, "max_kw": null, "snabbladdare": false, "tunga_fordon": false, "atkomst": "ej angiven", "publik": true, "avgift": null, "kommun": "Göteborg", "i_halland": false }, "geometry": { "type": "Point", "coordinates": [ 11.9629, 57.6886 ] } },
{ "type": "Feature", "properties": { "osm_id": "n11072821529", "namn": null, "operator": null, "natverk": null, "laddpunkter": null, "uttag_ccs": null, "uttag_chademo": null, "uttag_tesla": null, "uttag_typ2": null, "max_kw": null, "snabbladdare": false, "tunga_fordon": false, "atkomst": "ej angiven", "publik": true, "avgift": null, "kommun": "Göteborg", "i_halland": false }, "geometry": { "type": "Point", "coordinates": [ 11.94, 57.66454 ] } },
{ "type": "Feature", "properties": { "osm_id": "n11072821530", "namn": null, "operator": null, "natverk": null, "laddpunkter": null, "uttag_ccs": null, "uttag_chademo": null, "uttag_tesla": null, "uttag_typ2": null, "max_kw": null, "snabbladdare": false, "tunga_fordon": false, "atkomst": "ej angiven", "publik": true, "avgift": null, "kommun": "Göteborg", "i_halland": false }, "geometry": { "type": "Point", "coordinates": [ 11.93999, 57.66459 ] } },
{ "type": "Feature", "properties": { "osm_id": "n11072821531", "namn": null, "operator": null, "natverk": null, "laddpunkter": null, "uttag_ccs": null, "uttag_chademo": null, "uttag_tesla": null, "uttag_typ2": null, "max_kw": null, "snabbladdare": false, "tunga_fordon": false, "atkomst": "ej angiven", "publik": true, "avgift": null, "kommun": "Göteborg", "i_halland": false }, "geometry": { "type": "Point", "coordinates": [ 11.93997, 57.66463 ] } },
{ "type": "Feature", "properties": { "osm_id": "n11072821532", "namn": null, "operator": null, "natverk": null, "laddpunkter": null, "uttag_ccs": null, "uttag_chademo": null, "uttag_tesla": null, "uttag_typ2": null, "max_kw": null, "snabbladdare": false, "tunga_fordon": false, "atkomst": "ej angiven", "publik": true, "avgift": null, "kommun": "Göteborg", "i_halland": false }, "geometry": { "type": "Point", "coordinates": [ 11.93995, 57.66468 ] } },
{ "type": "Feature", "properties": { "osm_id": "n11072821533", "namn": null, "operator": null, "natverk": null, "laddpunkter": null, "uttag_ccs": null, "uttag_chademo": null, "uttag_tesla": null, "uttag_typ2": null, "max_kw": null, "snabbladdare": false, "tunga_fordon": false, "atkomst": "ej angiven", "publik": true, "avgift": null, "kommun": "Göteborg", "i_halland": false }, "geometry": { "type": "Point", "coordinates": [ 11.94002, 57.6645 ] } },
{ "type": "Feature", "properties": { "osm_id": "n11072821540", "namn": null, "operator": null, "natverk": null, "laddpunkter": null, "uttag_ccs": null, "uttag_chademo": null, "uttag_tesla": null, "uttag_typ2": null, "max_kw": null, "snabbladdare": false, "tunga_fordon": false, "atkomst": "ej angiven", "publik": true, "avgift": null, "kommun": "Göteborg", "i_halland": false }, "geometry": { "type": "Point", "coordinates": [ 11.94005, 57.66443 ] } },
{ "type": "Feature", "properties": { "osm_id": "n11072821541", "namn": null, "operator": null, "natverk": null, "laddpunkter": null, "uttag_ccs": null, "uttag_chademo": null, "uttag_tesla": null, "uttag_typ2": null, "max_kw": null, "snabbladdare": false, "tunga_fordon": false, "atkomst": "ej angiven", "publik": true, "avgift": null, "kommun": "Göteborg", "i_halland": false }, "geometry": { "type": "Point", "coordinates": [ 11.94007, 57.66439 ] } },
{ "type": "Feature", "properties": { "osm_id": "n11112553468", "namn": "Allego", "operator": "Allego", "natverk": null, "laddpunkter": 8, "uttag_ccs": 6.0, "uttag_chademo": null, "uttag_tesla": null, "uttag_typ2": null, "max_kw": 300.0, "snabbladdare": true, "tunga_fordon": false, "atkomst": "yes", "publik": true, "avgift": "yes", "kommun": "Markaryd", "i_halland": false }, "geometry": { "type": "Point", "coordinates": [ 13.60326, 56.4448 ] } },
{ "type": "Feature", "properties": { "osm_id": "n11149977135", "namn": null, "operator": null, "natverk": null, "laddpunkter": null, "uttag_ccs": null, "uttag_chademo": null, "uttag_tesla": null, "uttag_typ2": null, "max_kw": null, "snabbladdare": false, "tunga_fordon": false, "atkomst": "ej angiven", "publik": true, "avgift": null, "kommun": "Varberg", "i_halland": true }, "geometry": { "type": "Point", "coordinates": [ 12.2636, 57.08158 ] } },
{ "type": "Feature", "properties": { "osm_id": "n11153357055", "namn": "Eviny", "operator": "Eviny", "natverk": null, "laddpunkter": 8, "uttag_ccs": 8.0, "uttag_chademo": null, "uttag_tesla": null, "uttag_typ2": null, "max_kw": 360.0, "snabbladdare": true, "tunga_fordon": false, "atkomst": "ej angiven", "publik": true, "avgift": null, "kommun": "Ljungby", "i_halland": false }, "geometry": { "type": "Point", "coordinates": [ 13.94403, 56.83395 ] } },
{ "type": "Feature", "properties": { "osm_id": "n11182196736", "namn": "Ionity", "operator": "Ionity", "natverk": "Ionity", "laddpunkter": 6, "uttag_ccs": 6.0, "uttag_chademo": null, "uttag_tesla": null, "uttag_typ2": null, "max_kw": 350.0, "snabbladdare": true, "tunga_fordon": false, "atkomst": "yes", "publik": true, "avgift": "yes", "kommun": "Ljungby", "i_halland": false }, "geometry": { "type": "Point", "coordinates": [ 13.97037, 56.91848 ] } },
{ "type": "Feature", "properties": { "osm_id": "n11380200586", "namn": "Partillebo", "operator": "Partillebo", "natverk": null, "laddpunkter": 6, "uttag_ccs": null, "uttag_chademo": null, "uttag_tesla": null, "uttag_typ2": null, "max_kw": null, "snabbladdare": false, "tunga_fordon": false, "atkomst": "ej angiven", "publik": true, "avgift": null, "kommun": "Partille", "i_halland": false }, "geometry": { "type": "Point", "coordinates": [ 12.09339, 57.73526 ] } },
{ "type": "Feature", "properties": { "osm_id": "n11380442648", "namn": null, "operator": null, "natverk": null, "laddpunkter": null, "uttag_ccs": null, "uttag_chademo": null, "uttag_tesla": null, "uttag_typ2": null, "max_kw": null, "snabbladdare": false, "tunga_fordon": false, "atkomst": "ej angiven", "publik": true, "avgift": null, "kommun": "Mölndal", "i_halland": false }, "geometry": { "type": "Point", "coordinates": [ 12.02211, 57.64192 ] } },
{ "type": "Feature", "properties": { "osm_id": "n11557905069", "namn": null, "operator": null, "natverk": null, "laddpunkter": null, "uttag_ccs": null, "uttag_chademo": null, "uttag_tesla": null, "uttag_typ2": null, "max_kw": null, "snabbladdare": false, "tunga_fordon": false, "atkomst": "ej angiven", "publik": true, "avgift": null, "kommun": "Hylte", "i_halland": true }, "geometry": { "type": "Point", "coordinates": [ 13.23977, 57.00009 ] } },
{ "type": "Feature", "properties": { "osm_id": "n11666863296", "namn": "Circle K", "operator": "Circle K", "natverk": "Circle K", "laddpunkter": 300, "uttag_ccs": null, "uttag_chademo": null, "uttag_tesla": null, "uttag_typ2": null, "max_kw": null, "snabbladdare": false, "tunga_fordon": false, "atkomst": "ej angiven", "publik": true, "avgift": null, "kommun": "Göteborg", "i_halland": false }, "geometry": { "type": "Point", "coordinates": [ 11.91563, 57.64889 ] } },
{ "type": "Feature", "properties": { "osm_id": "n11666863297", "namn": "Circle K", "operator": "Circle K", "natverk": "Circle K", "laddpunkter": 300, "uttag_ccs": null, "uttag_chademo": null, "uttag_tesla": null, "uttag_typ2": null, "max_kw": null, "snabbladdare": false, "tunga_fordon": false, "atkomst": "ej angiven", "publik": true, "avgift": null, "kommun": "Göteborg", "i_halland": false }, "geometry": { "type": "Point", "coordinates": [ 11.91563, 57.64886 ] } },
{ "type": "Feature", "properties": { "osm_id": "n11666863298", "namn": "Circle K", "operator": "Circle K", "natverk": "Circle K", "laddpunkter": 300, "uttag_ccs": null, "uttag_chademo": null, "uttag_tesla": null, "uttag_typ2": null, "max_kw": null, "snabbladdare": false, "tunga_fordon": false, "atkomst": "ej angiven", "publik": true, "avgift": null, "kommun": "Göteborg", "i_halland": false }, "geometry": { "type": "Point", "coordinates": [ 11.91563, 57.64883 ] } },
{ "type": "Feature", "properties": { "osm_id": "n11666863299", "namn": "Circle K", "operator": "Circle K", "natverk": "Circle K", "laddpunkter": 300, "uttag_ccs": null, "uttag_chademo": null, "uttag_tesla": null, "uttag_typ2": null, "max_kw": null, "snabbladdare": false, "tunga_fordon": false, "atkomst": "ej angiven", "publik": true, "avgift": null, "kommun": "Göteborg", "i_halland": false }, "geometry": { "type": "Point", "coordinates": [ 11.91563, 57.64879 ] } },
{ "type": "Feature", "properties": { "osm_id": "n11666863300", "namn": "Circle K", "operator": "Circle K", "natverk": "Circle K", "laddpunkter": 60, "uttag_ccs": null, "uttag_chademo": null, "uttag_tesla": null, "uttag_typ2": null, "max_kw": null, "snabbladdare": false, "tunga_fordon": false, "atkomst": "ej angiven", "publik": true, "avgift": null, "kommun": "Göteborg", "i_halland": false }, "geometry": { "type": "Point", "coordinates": [ 11.91563, 57.64877 ] } },
{ "type": "Feature", "properties": { "osm_id": "n11666863301", "namn": "Circle K", "operator": "Circle K", "natverk": "Circle K", "laddpunkter": 60, "uttag_ccs": null, "uttag_chademo": null, "uttag_tesla": null, "uttag_typ2": null, "max_kw": null, "snabbladdare": false, "tunga_fordon": false, "atkomst": "ej angiven", "publik": true, "avgift": null, "kommun": "Göteborg", "i_halland": false }, "geometry": { "type": "Point", "coordinates": [ 11.91563, 57.64875 ] } },
{ "type": "Feature", "properties": { "osm_id": "n11666941079", "namn": "Circle K", "operator": "Circle K", "natverk": "Circle K", "laddpunkter": null, "uttag_ccs": null, "uttag_chademo": null, "uttag_tesla": null, "uttag_typ2": null, "max_kw": null, "snabbladdare": false, "tunga_fordon": false, "atkomst": "ej angiven", "publik": true, "avgift": null, "kommun": "Mölndal", "i_halland": false }, "geometry": { "type": "Point", "coordinates": [ 11.98458, 57.6462 ] } },
{ "type": "Feature", "properties": { "osm_id": "n11711912242", "namn": "Garo", "operator": "Garo", "natverk": null, "laddpunkter": 2, "uttag_ccs": null, "uttag_chademo": null, "uttag_tesla": null, "uttag_typ2": null, "max_kw": null, "snabbladdare": false, "tunga_fordon": false, "atkomst": "ej angiven", "publik": true, "avgift": null, "kommun": "Halmstad", "i_halland": true }, "geometry": { "type": "Point", "coordinates": [ 12.87139, 56.69072 ] } },
{ "type": "Feature", "properties": { "osm_id": "n11734764569", "namn": null, "operator": null, "natverk": null, "laddpunkter": 4, "uttag_ccs": null, "uttag_chademo": null, "uttag_tesla": null, "uttag_typ2": null, "max_kw": null, "snabbladdare": false, "tunga_fordon": false, "atkomst": "ej angiven", "publik": true, "avgift": null, "kommun": "Halmstad", "i_halland": true }, "geometry": { "type": "Point", "coordinates": [ 13.13664, 56.72541 ] } },
{ "type": "Feature", "properties": { "osm_id": "n11762968258", "namn": null, "operator": null, "natverk": null, "laddpunkter": 4, "uttag_ccs": null, "uttag_chademo": null, "uttag_tesla": null, "uttag_typ2": null, "max_kw": null, "snabbladdare": false, "tunga_fordon": false, "atkomst": "ej angiven", "publik": true, "avgift": "yes", "kommun": "Halmstad", "i_halland": true }, "geometry": { "type": "Point", "coordinates": [ 12.8663, 56.67424 ] } },
{ "type": "Feature", "properties": { "osm_id": "n11850834251", "namn": "Tesla Supercharger", "operator": "Tesla", "natverk": "Tesla Supercharger", "laddpunkter": 12, "uttag_ccs": 12.0, "uttag_chademo": null, "uttag_tesla": null, "uttag_typ2": null, "max_kw": 250.0, "snabbladdare": true, "tunga_fordon": false, "atkomst": "yes", "publik": true, "avgift": "yes", "kommun": "Varberg", "i_halland": true }, "geometry": { "type": "Point", "coordinates": [ 12.35279, 57.06343 ] } },
{ "type": "Feature", "properties": { "osm_id": "n11850878031", "namn": "OKQ8", "operator": "OKQ8", "natverk": null, "laddpunkter": 6, "uttag_ccs": null, "uttag_chademo": null, "uttag_tesla": null, "uttag_typ2": null, "max_kw": null, "snabbladdare": false, "tunga_fordon": false, "atkomst": "ej angiven", "publik": true, "avgift": null, "kommun": "Varberg", "i_halland": true }, "geometry": { "type": "Point", "coordinates": [ 12.35234, 57.06272 ] } },
{ "type": "Feature", "properties": { "osm_id": "n11905042243", "namn": "ICA", "operator": "ICA", "natverk": null, "laddpunkter": 6, "uttag_ccs": null, "uttag_chademo": null, "uttag_tesla": null, "uttag_typ2": null, "max_kw": null, "snabbladdare": false, "tunga_fordon": false, "atkomst": "ej angiven", "publik": true, "avgift": null, "kommun": "Klippan", "i_halland": false }, "geometry": { "type": "Point", "coordinates": [ 13.15799, 56.13327 ] } },
{ "type": "Feature", "properties": { "osm_id": "n11930025608", "namn": "Västtrafik", "operator": "Västtrafik", "natverk": "Västtrafik", "laddpunkter": null, "uttag_ccs": null, "uttag_chademo": null, "uttag_tesla": null, "uttag_typ2": null, "max_kw": null, "snabbladdare": false, "tunga_fordon": false, "atkomst": "ej angiven", "publik": true, "avgift": "no", "kommun": "Göteborg", "i_halland": false }, "geometry": { "type": "Point", "coordinates": [ 12.07039, 57.76199 ] } },
{ "type": "Feature", "properties": { "osm_id": "n11950806159", "namn": "Västtrafik", "operator": "Västtrafik", "natverk": null, "laddpunkter": null, "uttag_ccs": null, "uttag_chademo": null, "uttag_tesla": null, "uttag_typ2": null, "max_kw": null, "snabbladdare": false, "tunga_fordon": false, "atkomst": "ej angiven", "publik": true, "avgift": "yes", "kommun": "Mölndal", "i_halland": false }, "geometry": { "type": "Point", "coordinates": [ 12.02627, 57.60579 ] } },
{ "type": "Feature", "properties": { "osm_id": "n12001894766", "namn": null, "operator": null, "natverk": "Chargenode", "laddpunkter": 36, "uttag_ccs": null, "uttag_chademo": null, "uttag_tesla": null, "uttag_typ2": 36.0, "max_kw": 22.0, "snabbladdare": false, "tunga_fordon": false, "atkomst": "ej angiven", "publik": true, "avgift": "yes", "kommun": "Göteborg", "i_halland": false }, "geometry": { "type": "Point", "coordinates": [ 11.92547, 57.64125 ] } },
{ "type": "Feature", "properties": { "osm_id": "n12071036165", "namn": null, "operator": null, "natverk": null, "laddpunkter": 2, "uttag_ccs": null, "uttag_chademo": null, "uttag_tesla": null, "uttag_typ2": null, "max_kw": null, "snabbladdare": false, "tunga_fordon": false, "atkomst": "ej angiven", "publik": true, "avgift": "yes", "kommun": "Kungsbacka", "i_halland": true }, "geometry": { "type": "Point", "coordinates": [ 12.07962, 57.48907 ] } },
{ "type": "Feature", "properties": { "osm_id": "n12071423385", "namn": null, "operator": null, "natverk": null, "laddpunkter": 4, "uttag_ccs": null, "uttag_chademo": null, "uttag_tesla": null, "uttag_typ2": null, "max_kw": null, "snabbladdare": false, "tunga_fordon": false, "atkomst": "yes", "publik": true, "avgift": "yes", "kommun": "Kungsbacka", "i_halland": true }, "geometry": { "type": "Point", "coordinates": [ 12.08288, 57.49386 ] } },
{ "type": "Feature", "properties": { "osm_id": "n12098698313", "namn": null, "operator": null, "natverk": null, "laddpunkter": 4, "uttag_ccs": null, "uttag_chademo": null, "uttag_tesla": null, "uttag_typ2": null, "max_kw": null, "snabbladdare": false, "tunga_fordon": false, "atkomst": "yes", "publik": true, "avgift": "yes", "kommun": "Kungsbacka", "i_halland": true }, "geometry": { "type": "Point", "coordinates": [ 12.08873, 57.48476 ] } },
{ "type": "Feature", "properties": { "osm_id": "n12098698314", "namn": null, "operator": null, "natverk": null, "laddpunkter": 4, "uttag_ccs": null, "uttag_chademo": null, "uttag_tesla": null, "uttag_typ2": null, "max_kw": null, "snabbladdare": false, "tunga_fordon": false, "atkomst": "yes", "publik": true, "avgift": "yes", "kommun": "Kungsbacka", "i_halland": true }, "geometry": { "type": "Point", "coordinates": [ 12.09165, 57.47174 ] } },
{ "type": "Feature", "properties": { "osm_id": "n12098698315", "namn": null, "operator": null, "natverk": null, "laddpunkter": 4, "uttag_ccs": null, "uttag_chademo": null, "uttag_tesla": null, "uttag_typ2": null, "max_kw": null, "snabbladdare": false, "tunga_fordon": false, "atkomst": "yes", "publik": true, "avgift": "yes", "kommun": "Kungsbacka", "i_halland": true }, "geometry": { "type": "Point", "coordinates": [ 12.09448, 57.48082 ] } },
{ "type": "Feature", "properties": { "osm_id": "n12098698316", "namn": null, "operator": null, "natverk": null, "laddpunkter": 4, "uttag_ccs": null, "uttag_chademo": null, "uttag_tesla": null, "uttag_typ2": null, "max_kw": null, "snabbladdare": false, "tunga_fordon": false, "atkomst": "yes", "publik": true, "avgift": "yes", "kommun": "Kungsbacka", "i_halland": true }, "geometry": { "type": "Point", "coordinates": [ 12.06554, 57.4774 ] } },
{ "type": "Feature", "properties": { "osm_id": "n12098698317", "namn": null, "operator": null, "natverk": null, "laddpunkter": 4, "uttag_ccs": null, "uttag_chademo": null, "uttag_tesla": null, "uttag_typ2": null, "max_kw": null, "snabbladdare": false, "tunga_fordon": false, "atkomst": "yes", "publik": true, "avgift": "yes", "kommun": "Kungsbacka", "i_halland": true }, "geometry": { "type": "Point", "coordinates": [ 12.07845, 57.48012 ] } },
{ "type": "Feature", "properties": { "osm_id": "n12098698318", "namn": null, "operator": null, "natverk": null, "laddpunkter": 20, "uttag_ccs": null, "uttag_chademo": null, "uttag_tesla": null, "uttag_typ2": null, "max_kw": null, "snabbladdare": false, "tunga_fordon": false, "atkomst": "yes", "publik": true, "avgift": "yes", "kommun": "Kungsbacka", "i_halland": true }, "geometry": { "type": "Point", "coordinates": [ 12.07871, 57.48408 ] } },
{ "type": "Feature", "properties": { "osm_id": "n12098698319", "namn": null, "operator": null, "natverk": null, "laddpunkter": 4, "uttag_ccs": null, "uttag_chademo": null, "uttag_tesla": null, "uttag_typ2": null, "max_kw": null, "snabbladdare": false, "tunga_fordon": false, "atkomst": "yes", "publik": true, "avgift": "yes", "kommun": "Kungsbacka", "i_halland": true }, "geometry": { "type": "Point", "coordinates": [ 12.07073, 57.48818 ] } },
{ "type": "Feature", "properties": { "osm_id": "n12098698320", "namn": null, "operator": null, "natverk": null, "laddpunkter": 2, "uttag_ccs": null, "uttag_chademo": null, "uttag_tesla": null, "uttag_typ2": null, "max_kw": null, "snabbladdare": false, "tunga_fordon": false, "atkomst": "yes", "publik": true, "avgift": "yes", "kommun": "Kungsbacka", "i_halland": true }, "geometry": { "type": "Point", "coordinates": [ 12.06247, 57.49031 ] } },
{ "type": "Feature", "properties": { "osm_id": "n12098698321", "namn": null, "operator": null, "natverk": null, "laddpunkter": 4, "uttag_ccs": null, "uttag_chademo": null, "uttag_tesla": null, "uttag_typ2": null, "max_kw": null, "snabbladdare": false, "tunga_fordon": false, "atkomst": "yes", "publik": true, "avgift": "yes", "kommun": "Kungsbacka", "i_halland": true }, "geometry": { "type": "Point", "coordinates": [ 12.062, 57.48849 ] } },
{ "type": "Feature", "properties": { "osm_id": "n12098698322", "namn": null, "operator": null, "natverk": null, "laddpunkter": 4, "uttag_ccs": null, "uttag_chademo": null, "uttag_tesla": null, "uttag_typ2": null, "max_kw": null, "snabbladdare": false, "tunga_fordon": false, "atkomst": "yes", "publik": true, "avgift": "yes", "kommun": "Kungsbacka", "i_halland": true }, "geometry": { "type": "Point", "coordinates": [ 12.06876, 57.49288 ] } },
{ "type": "Feature", "properties": { "osm_id": "n12098698323", "namn": null, "operator": null, "natverk": null, "laddpunkter": 4, "uttag_ccs": null, "uttag_chademo": null, "uttag_tesla": null, "uttag_typ2": null, "max_kw": null, "snabbladdare": false, "tunga_fordon": false, "atkomst": "yes", "publik": true, "avgift": "yes", "kommun": "Kungsbacka", "i_halland": true }, "geometry": { "type": "Point", "coordinates": [ 12.06544, 57.50314 ] } },
{ "type": "Feature", "properties": { "osm_id": "n12098698324", "namn": null, "operator": null, "natverk": null, "laddpunkter": 4, "uttag_ccs": null, "uttag_chademo": null, "uttag_tesla": null, "uttag_typ2": null, "max_kw": null, "snabbladdare": false, "tunga_fordon": false, "atkomst": "yes", "publik": true, "avgift": "yes", "kommun": "Kungsbacka", "i_halland": true }, "geometry": { "type": "Point", "coordinates": [ 12.08826, 57.49428 ] } },
{ "type": "Feature", "properties": { "osm_id": "n12118995480", "namn": "Tesla", "operator": null, "natverk": "Tesla", "laddpunkter": 20, "uttag_ccs": null, "uttag_chademo": null, "uttag_tesla": null, "uttag_typ2": null, "max_kw": null, "snabbladdare": false, "tunga_fordon": false, "atkomst": "yes", "publik": true, "avgift": null, "kommun": "Ljungby", "i_halland": false }, "geometry": { "type": "Point", "coordinates": [ 13.90619, 56.81433 ] } },
{ "type": "Feature", "properties": { "osm_id": "n12131045999", "namn": null, "operator": null, "natverk": null, "laddpunkter": null, "uttag_ccs": null, "uttag_chademo": null, "uttag_tesla": null, "uttag_typ2": null, "max_kw": null, "snabbladdare": false, "tunga_fordon": false, "atkomst": "ej angiven", "publik": true, "avgift": null, "kommun": "Kungsbacka", "i_halland": true }, "geometry": { "type": "Point", "coordinates": [ 12.0758, 57.51504 ] } },
{ "type": "Feature", "properties": { "osm_id": "n12150307819", "namn": "Circle K", "operator": "Circle K", "natverk": "Circle K", "laddpunkter": 12, "uttag_ccs": null, "uttag_chademo": null, "uttag_tesla": null, "uttag_typ2": null, "max_kw": null, "snabbladdare": false, "tunga_fordon": false, "atkomst": "ej angiven", "publik": true, "avgift": null, "kommun": "Varberg", "i_halland": true }, "geometry": { "type": "Point", "coordinates": [ 12.27597, 57.16798 ] } },
{ "type": "Feature", "properties": { "osm_id": "n12192356220", "namn": "Göteborgs Stads Parkerings AB", "operator": "Göteborgs Stads Parkerings AB", "natverk": null, "laddpunkter": 2, "uttag_ccs": null, "uttag_chademo": null, "uttag_tesla": null, "uttag_typ2": null, "max_kw": null, "snabbladdare": false, "tunga_fordon": false, "atkomst": "ej angiven", "publik": true, "avgift": "yes", "kommun": "Göteborg", "i_halland": false }, "geometry": { "type": "Point", "coordinates": [ 11.94831, 57.69072 ] } },
{ "type": "Feature", "properties": { "osm_id": "n12192356221", "namn": "Göteborgs Stads Parkerings AB", "operator": "Göteborgs Stads Parkerings AB", "natverk": null, "laddpunkter": 2, "uttag_ccs": null, "uttag_chademo": null, "uttag_tesla": null, "uttag_typ2": null, "max_kw": null, "snabbladdare": false, "tunga_fordon": false, "atkomst": "ej angiven", "publik": true, "avgift": "yes", "kommun": "Göteborg", "i_halland": false }, "geometry": { "type": "Point", "coordinates": [ 11.94831, 57.69068 ] } },
{ "type": "Feature", "properties": { "osm_id": "n12192356222", "namn": "Göteborgs Stads Parkerings AB", "operator": "Göteborgs Stads Parkerings AB", "natverk": null, "laddpunkter": 2, "uttag_ccs": null, "uttag_chademo": null, "uttag_tesla": null, "uttag_typ2": null, "max_kw": null, "snabbladdare": false, "tunga_fordon": false, "atkomst": "ej angiven", "publik": true, "avgift": "yes", "kommun": "Göteborg", "i_halland": false }, "geometry": { "type": "Point", "coordinates": [ 11.94831, 57.69063 ] } },
{ "type": "Feature", "properties": { "osm_id": "n12192356223", "namn": "Göteborgs Stads Parkerings AB", "operator": "Göteborgs Stads Parkerings AB", "natverk": null, "laddpunkter": 2, "uttag_ccs": null, "uttag_chademo": null, "uttag_tesla": null, "uttag_typ2": null, "max_kw": null, "snabbladdare": false, "tunga_fordon": false, "atkomst": "ej angiven", "publik": true, "avgift": "yes", "kommun": "Göteborg", "i_halland": false }, "geometry": { "type": "Point", "coordinates": [ 11.94831, 57.69059 ] } },
{ "type": "Feature", "properties": { "osm_id": "n12192356224", "namn": "Göteborgs Stads Parkerings AB", "operator": "Göteborgs Stads Parkerings AB", "natverk": null, "laddpunkter": 2, "uttag_ccs": null, "uttag_chademo": null, "uttag_tesla": null, "uttag_typ2": null, "max_kw": null, "snabbladdare": false, "tunga_fordon": false, "atkomst": "ej angiven", "publik": true, "avgift": "yes", "kommun": "Göteborg", "i_halland": false }, "geometry": { "type": "Point", "coordinates": [ 11.94831, 57.69054 ] } },
{ "type": "Feature", "properties": { "osm_id": "n12192356225", "namn": "Göteborgs Stads Parkerings AB", "operator": "Göteborgs Stads Parkerings AB", "natverk": null, "laddpunkter": 2, "uttag_ccs": null, "uttag_chademo": null, "uttag_tesla": null, "uttag_typ2": null, "max_kw": null, "snabbladdare": false, "tunga_fordon": false, "atkomst": "ej angiven", "publik": true, "avgift": "yes", "kommun": "Göteborg", "i_halland": false }, "geometry": { "type": "Point", "coordinates": [ 11.94831, 57.6905 ] } },
{ "type": "Feature", "properties": { "osm_id": "n12192356226", "namn": "Göteborgs Stads Parkerings AB", "operator": "Göteborgs Stads Parkerings AB", "natverk": null, "laddpunkter": 2, "uttag_ccs": null, "uttag_chademo": null, "uttag_tesla": null, "uttag_typ2": null, "max_kw": null, "snabbladdare": false, "tunga_fordon": false, "atkomst": "ej angiven", "publik": true, "avgift": "yes", "kommun": "Göteborg", "i_halland": false }, "geometry": { "type": "Point", "coordinates": [ 11.94832, 57.69045 ] } },
{ "type": "Feature", "properties": { "osm_id": "n12192356227", "namn": "Göteborgs Stads Parkerings AB", "operator": "Göteborgs Stads Parkerings AB", "natverk": null, "laddpunkter": 2, "uttag_ccs": null, "uttag_chademo": null, "uttag_tesla": null, "uttag_typ2": null, "max_kw": null, "snabbladdare": false, "tunga_fordon": false, "atkomst": "ej angiven", "publik": true, "avgift": "yes", "kommun": "Göteborg", "i_halland": false }, "geometry": { "type": "Point", "coordinates": [ 11.94832, 57.69041 ] } },
{ "type": "Feature", "properties": { "osm_id": "n12298980402", "namn": "Forklift charging station", "operator": null, "natverk": null, "laddpunkter": null, "uttag_ccs": null, "uttag_chademo": null, "uttag_tesla": null, "uttag_typ2": null, "max_kw": null, "snabbladdare": false, "tunga_fordon": false, "atkomst": "ej angiven", "publik": true, "avgift": null, "kommun": "Göteborg", "i_halland": false }, "geometry": { "type": "Point", "coordinates": [ 11.84136, 57.72336 ] } },
{ "type": "Feature", "properties": { "osm_id": "n12298980501", "namn": "AGV charging station", "operator": null, "natverk": null, "laddpunkter": null, "uttag_ccs": null, "uttag_chademo": null, "uttag_tesla": null, "uttag_typ2": null, "max_kw": null, "snabbladdare": false, "tunga_fordon": false, "atkomst": "ej angiven", "publik": true, "avgift": null, "kommun": "Göteborg", "i_halland": false }, "geometry": { "type": "Point", "coordinates": [ 11.84183, 57.72339 ] } },
{ "type": "Feature", "properties": { "osm_id": "n12320801962", "namn": null, "operator": null, "natverk": null, "laddpunkter": 8, "uttag_ccs": null, "uttag_chademo": null, "uttag_tesla": null, "uttag_typ2": null, "max_kw": null, "snabbladdare": false, "tunga_fordon": false, "atkomst": "restricted", "publik": true, "avgift": null, "kommun": "Halmstad", "i_halland": true }, "geometry": { "type": "Point", "coordinates": [ 12.86311, 56.67162 ] } },
{ "type": "Feature", "properties": { "osm_id": "n12471132655", "namn": "Circle K", "operator": "Circle K", "natverk": "Circle K", "laddpunkter": 6, "uttag_ccs": null, "uttag_chademo": null, "uttag_tesla": null, "uttag_typ2": null, "max_kw": null, "snabbladdare": false, "tunga_fordon": false, "atkomst": "yes", "publik": true, "avgift": "yes", "kommun": "Halmstad", "i_halland": true }, "geometry": { "type": "Point", "coordinates": [ 12.89137, 56.67377 ] } },
{ "type": "Feature", "properties": { "osm_id": "n12800197361", "namn": "Västtrafik", "operator": "Västtrafik", "natverk": null, "laddpunkter": null, "uttag_ccs": null, "uttag_chademo": null, "uttag_tesla": null, "uttag_typ2": null, "max_kw": null, "snabbladdare": false, "tunga_fordon": false, "atkomst": "ej angiven", "publik": true, "avgift": null, "kommun": "Göteborg", "i_halland": false }, "geometry": { "type": "Point", "coordinates": [ 12.01738, 57.68078 ] } },
{ "type": "Feature", "properties": { "osm_id": "n12800681470", "namn": null, "operator": null, "natverk": null, "laddpunkter": null, "uttag_ccs": null, "uttag_chademo": null, "uttag_tesla": null, "uttag_typ2": null, "max_kw": null, "snabbladdare": false, "tunga_fordon": false, "atkomst": "ej angiven", "publik": true, "avgift": null, "kommun": "Markaryd", "i_halland": false }, "geometry": { "type": "Point", "coordinates": [ 13.58715, 56.45347 ] } },
{ "type": "Feature", "properties": { "osm_id": "n12801881200", "namn": "Västtrafik", "operator": "Västtrafik", "natverk": null, "laddpunkter": null, "uttag_ccs": null, "uttag_chademo": null, "uttag_tesla": null, "uttag_typ2": null, "max_kw": null, "snabbladdare": false, "tunga_fordon": false, "atkomst": "ej angiven", "publik": true, "avgift": null, "kommun": "Göteborg", "i_halland": false }, "geometry": { "type": "Point", "coordinates": [ 12.04731, 57.72239 ] } },
{ "type": "Feature", "properties": { "osm_id": "n12812346444", "namn": "Västtrafik", "operator": "Västtrafik", "natverk": null, "laddpunkter": null, "uttag_ccs": null, "uttag_chademo": null, "uttag_tesla": null, "uttag_typ2": null, "max_kw": null, "snabbladdare": false, "tunga_fordon": false, "atkomst": "ej angiven", "publik": true, "avgift": "no", "kommun": "Göteborg", "i_halland": false }, "geometry": { "type": "Point", "coordinates": [ 11.90897, 57.65212 ] } },
{ "type": "Feature", "properties": { "osm_id": "n12812346445", "namn": "Västtrafik", "operator": "Västtrafik", "natverk": null, "laddpunkter": null, "uttag_ccs": null, "uttag_chademo": null, "uttag_tesla": null, "uttag_typ2": null, "max_kw": null, "snabbladdare": false, "tunga_fordon": false, "atkomst": "ej angiven", "publik": true, "avgift": "no", "kommun": "Göteborg", "i_halland": false }, "geometry": { "type": "Point", "coordinates": [ 11.90865, 57.65223 ] } },
{ "type": "Feature", "properties": { "osm_id": "n12812346446", "namn": "Västtrafik", "operator": "Västtrafik", "natverk": null, "laddpunkter": null, "uttag_ccs": null, "uttag_chademo": null, "uttag_tesla": null, "uttag_typ2": null, "max_kw": null, "snabbladdare": false, "tunga_fordon": false, "atkomst": "ej angiven", "publik": true, "avgift": "no", "kommun": "Göteborg", "i_halland": false }, "geometry": { "type": "Point", "coordinates": [ 11.90852, 57.65223 ] } },
{ "type": "Feature", "properties": { "osm_id": "n12842451083", "namn": "Hedin Supercharge", "operator": "Hedin Supercharge", "natverk": "Hedin Supercharge", "laddpunkter": 2, "uttag_ccs": null, "uttag_chademo": null, "uttag_tesla": null, "uttag_typ2": null, "max_kw": null, "snabbladdare": false, "tunga_fordon": false, "atkomst": "permissive", "publik": true, "avgift": "yes", "kommun": "Mölndal", "i_halland": false }, "geometry": { "type": "Point", "coordinates": [ 11.98521, 57.64725 ] } },
{ "type": "Feature", "properties": { "osm_id": "n12849315125", "namn": null, "operator": null, "natverk": null, "laddpunkter": null, "uttag_ccs": null, "uttag_chademo": null, "uttag_tesla": null, "uttag_typ2": null, "max_kw": null, "snabbladdare": false, "tunga_fordon": false, "atkomst": "ej angiven", "publik": true, "avgift": "no", "kommun": "Mölndal", "i_halland": false }, "geometry": { "type": "Point", "coordinates": [ 12.0166, 57.65674 ] } },
{ "type": "Feature", "properties": { "osm_id": "n12994059148", "namn": "Höganäs Kommuna", "operator": "Höganäs Kommuna", "natverk": null, "laddpunkter": 2, "uttag_ccs": null, "uttag_chademo": null, "uttag_tesla": null, "uttag_typ2": 2.0, "max_kw": null, "snabbladdare": false, "tunga_fordon": false, "atkomst": "ej angiven", "publik": true, "avgift": "no", "kommun": "Höganäs", "i_halland": false }, "geometry": { "type": "Point", "coordinates": [ 12.45306, 56.30156 ] } },
{ "type": "Feature", "properties": { "osm_id": "n12996853203", "namn": "El Macken", "operator": null, "natverk": null, "laddpunkter": null, "uttag_ccs": null, "uttag_chademo": null, "uttag_tesla": null, "uttag_typ2": null, "max_kw": null, "snabbladdare": false, "tunga_fordon": false, "atkomst": "ej angiven", "publik": true, "avgift": null, "kommun": "Gislaved", "i_halland": false }, "geometry": { "type": "Point", "coordinates": [ 13.41119, 57.16149 ] } },
{ "type": "Feature", "properties": { "osm_id": "n13008905601", "namn": "Mer", "operator": "Mer", "natverk": "Mer", "laddpunkter": 6, "uttag_ccs": null, "uttag_chademo": null, "uttag_tesla": null, "uttag_typ2": null, "max_kw": null, "snabbladdare": false, "tunga_fordon": false, "atkomst": "ej angiven", "publik": true, "avgift": null, "kommun": "Varberg", "i_halland": true }, "geometry": { "type": "Point", "coordinates": [ 12.27508, 57.1684 ] } },
{ "type": "Feature", "properties": { "osm_id": "n13008905602", "namn": "Einride", "operator": null, "natverk": "Einride", "laddpunkter": null, "uttag_ccs": null, "uttag_chademo": null, "uttag_tesla": null, "uttag_typ2": null, "max_kw": null, "snabbladdare": false, "tunga_fordon": false, "atkomst": "ej angiven", "publik": true, "avgift": null, "kommun": "Varberg", "i_halland": true }, "geometry": { "type": "Point", "coordinates": [ 12.27446, 57.16814 ] } },
{ "type": "Feature", "properties": { "osm_id": "n13009355172", "namn": "ChargeNode", "operator": "ChargeNode", "natverk": "ChargeNode", "laddpunkter": 36, "uttag_ccs": null, "uttag_chademo": null, "uttag_tesla": null, "uttag_typ2": null, "max_kw": null, "snabbladdare": false, "tunga_fordon": false, "atkomst": "ej angiven", "publik": true, "avgift": null, "kommun": "Lerum", "i_halland": false }, "geometry": { "type": "Point", "coordinates": [ 12.41618, 57.81928 ] } },
{ "type": "Feature", "properties": { "osm_id": "n13032152104", "namn": "Milence Charging Hub Åstorp", "operator": null, "natverk": "Milence", "laddpunkter": 4, "uttag_ccs": 4.0, "uttag_chademo": null, "uttag_tesla": null, "uttag_typ2": null, "max_kw": 400.0, "snabbladdare": true, "tunga_fordon": true, "atkomst": "yes", "publik": true, "avgift": "yes", "kommun": "Åstorp", "i_halland": false }, "geometry": { "type": "Point", "coordinates": [ 12.91068, 56.12346 ] } },
{ "type": "Feature", "properties": { "osm_id": "n13032152105", "namn": "Milence Charging Hub Varberg", "operator": null, "natverk": "Milence", "laddpunkter": 4, "uttag_ccs": 4.0, "uttag_chademo": null, "uttag_tesla": null, "uttag_typ2": null, "max_kw": 400.0, "snabbladdare": true, "tunga_fordon": true, "atkomst": "yes", "publik": true, "avgift": "yes", "kommun": "Varberg", "i_halland": true }, "geometry": { "type": "Point", "coordinates": [ 12.27422, 57.16746 ] } },
{ "type": "Feature", "properties": { "osm_id": "n13032152106", "namn": "Milence Charging Hub Landvetter", "operator": null, "natverk": "Milence", "laddpunkter": 13, "uttag_ccs": 12.0, "uttag_chademo": null, "uttag_tesla": null, "uttag_typ2": null, "max_kw": 400.0, "snabbladdare": true, "tunga_fordon": true, "atkomst": "yes", "publik": true, "avgift": "yes", "kommun": "Härryda", "i_halland": false }, "geometry": { "type": "Point", "coordinates": [ 12.30403, 57.68236 ] } },
{ "type": "Feature", "properties": { "osm_id": "n13032192869", "namn": null, "operator": null, "natverk": null, "laddpunkter": null, "uttag_ccs": null, "uttag_chademo": null, "uttag_tesla": null, "uttag_typ2": null, "max_kw": null, "snabbladdare": false, "tunga_fordon": false, "atkomst": "ej angiven", "publik": true, "avgift": null, "kommun": "Lerum", "i_halland": false }, "geometry": { "type": "Point", "coordinates": [ 12.29311, 57.84165 ] } },
{ "type": "Feature", "properties": { "osm_id": "n13036913501", "namn": "E.ON Drive", "operator": null, "natverk": null, "laddpunkter": null, "uttag_ccs": null, "uttag_chademo": null, "uttag_tesla": null, "uttag_typ2": null, "max_kw": null, "snabbladdare": false, "tunga_fordon": false, "atkomst": "ej angiven", "publik": true, "avgift": null, "kommun": "Ängelholm", "i_halland": false }, "geometry": { "type": "Point", "coordinates": [ 12.87554, 56.23727 ] } },
{ "type": "Feature", "properties": { "osm_id": "n13036915801", "namn": "E.ON Drive", "operator": null, "natverk": null, "laddpunkter": null, "uttag_ccs": null, "uttag_chademo": null, "uttag_tesla": null, "uttag_typ2": null, "max_kw": null, "snabbladdare": false, "tunga_fordon": false, "atkomst": "ej angiven", "publik": true, "avgift": null, "kommun": "Ängelholm", "i_halland": false }, "geometry": { "type": "Point", "coordinates": [ 12.87557, 56.23744 ] } },
{ "type": "Feature", "properties": { "osm_id": "n13131473674", "namn": null, "operator": null, "natverk": null, "laddpunkter": 2, "uttag_ccs": null, "uttag_chademo": null, "uttag_tesla": null, "uttag_typ2": null, "max_kw": null, "snabbladdare": false, "tunga_fordon": false, "atkomst": "ej angiven", "publik": true, "avgift": null, "kommun": "Göteborg", "i_halland": false }, "geometry": { "type": "Point", "coordinates": [ 11.84497, 57.66056 ] } },
{ "type": "Feature", "properties": { "osm_id": "n13136806169", "namn": "Monta", "operator": "Förbo", "natverk": "Monta", "laddpunkter": 2, "uttag_ccs": null, "uttag_chademo": null, "uttag_tesla": null, "uttag_typ2": null, "max_kw": null, "snabbladdare": false, "tunga_fordon": false, "atkomst": "ej angiven", "publik": true, "avgift": "yes", "kommun": "Mölndal", "i_halland": false }, "geometry": { "type": "Point", "coordinates": [ 12.10226, 57.57541 ] } },
{ "type": "Feature", "properties": { "osm_id": "n13177659959", "namn": null, "operator": null, "natverk": null, "laddpunkter": null, "uttag_ccs": null, "uttag_chademo": null, "uttag_tesla": null, "uttag_typ2": null, "max_kw": null, "snabbladdare": false, "tunga_fordon": false, "atkomst": "no", "publik": false, "avgift": null, "kommun": "Göteborg", "i_halland": false }, "geometry": { "type": "Point", "coordinates": [ 11.93885, 57.70493 ] } },
{ "type": "Feature", "properties": { "osm_id": "n13278623485", "namn": null, "operator": null, "natverk": null, "laddpunkter": 2, "uttag_ccs": null, "uttag_chademo": null, "uttag_tesla": null, "uttag_typ2": null, "max_kw": null, "snabbladdare": false, "tunga_fordon": false, "atkomst": "ej angiven", "publik": true, "avgift": null, "kommun": "Markaryd", "i_halland": false }, "geometry": { "type": "Point", "coordinates": [ 13.60375, 56.44543 ] } },
{ "type": "Feature", "properties": { "osm_id": "n13278650604", "namn": "Recharge", "operator": null, "natverk": null, "laddpunkter": 7, "uttag_ccs": null, "uttag_chademo": null, "uttag_tesla": null, "uttag_typ2": null, "max_kw": null, "snabbladdare": false, "tunga_fordon": false, "atkomst": "ej angiven", "publik": true, "avgift": null, "kommun": "Markaryd", "i_halland": false }, "geometry": { "type": "Point", "coordinates": [ 13.60298, 56.44532 ] } },
{ "type": "Feature", "properties": { "osm_id": "n13356899380", "namn": "Monta ApS", "operator": "Monta ApS", "natverk": "Monta ApS", "laddpunkter": 6, "uttag_ccs": null, "uttag_chademo": null, "uttag_tesla": null, "uttag_typ2": null, "max_kw": null, "snabbladdare": false, "tunga_fordon": false, "atkomst": "yes", "publik": true, "avgift": "yes", "kommun": "Mölndal", "i_halland": false }, "geometry": { "type": "Point", "coordinates": [ 12.08768, 57.5767 ] } },
{ "type": "Feature", "properties": { "osm_id": "n13414358449", "namn": null, "operator": null, "natverk": null, "laddpunkter": 2, "uttag_ccs": null, "uttag_chademo": null, "uttag_tesla": null, "uttag_typ2": null, "max_kw": null, "snabbladdare": false, "tunga_fordon": false, "atkomst": "private", "publik": false, "avgift": null, "kommun": "Halmstad", "i_halland": true }, "geometry": { "type": "Point", "coordinates": [ 13.13482, 56.72171 ] } },
{ "type": "Feature", "properties": { "osm_id": "n13577262261", "namn": "Virta", "operator": "Toveks Bil Falkenberg", "natverk": "Virta", "laddpunkter": 4, "uttag_ccs": 2.0, "uttag_chademo": null, "uttag_tesla": null, "uttag_typ2": null, "max_kw": 22.0, "snabbladdare": true, "tunga_fordon": false, "atkomst": "yes", "publik": true, "avgift": null, "kommun": "Falkenberg", "i_halland": true }, "geometry": { "type": "Point", "coordinates": [ 12.52629, 56.89914 ] } },
{ "type": "Feature", "properties": { "osm_id": "n13607923221", "namn": "Recharge", "operator": "Recharge", "natverk": "Recharge", "laddpunkter": 2, "uttag_ccs": 2.0, "uttag_chademo": null, "uttag_tesla": null, "uttag_typ2": null, "max_kw": 400.0, "snabbladdare": true, "tunga_fordon": false, "atkomst": "yes", "publik": true, "avgift": null, "kommun": "Falkenberg", "i_halland": true }, "geometry": { "type": "Point", "coordinates": [ 12.51831, 56.93276 ] } },
{ "type": "Feature", "properties": { "osm_id": "n13607938065", "namn": "Ionity", "operator": "Ionity", "natverk": "Ionity", "laddpunkter": 16, "uttag_ccs": 16.0, "uttag_chademo": null, "uttag_tesla": null, "uttag_typ2": null, "max_kw": 350.0, "snabbladdare": true, "tunga_fordon": false, "atkomst": "yes", "publik": true, "avgift": null, "kommun": "Falkenberg", "i_halland": true }, "geometry": { "type": "Point", "coordinates": [ 12.52084, 56.93173 ] } },
{ "type": "Feature", "properties": { "osm_id": "n13960991897", "namn": "ChargeNode", "operator": "ChargeNode", "natverk": null, "laddpunkter": null, "uttag_ccs": null, "uttag_chademo": null, "uttag_tesla": null, "uttag_typ2": null, "max_kw": null, "snabbladdare": false, "tunga_fordon": false, "atkomst": "ej angiven", "publik": true, "avgift": null, "kommun": "Göteborg", "i_halland": false }, "geometry": { "type": "Point", "coordinates": [ 11.97975, 57.69341 ] } },
{ "type": "Feature", "properties": { "osm_id": "n13997362987", "namn": "OKQ8", "operator": "OKQ8", "natverk": null, "laddpunkter": null, "uttag_ccs": null, "uttag_chademo": null, "uttag_tesla": null, "uttag_typ2": null, "max_kw": null, "snabbladdare": false, "tunga_fordon": false, "atkomst": "ej angiven", "publik": true, "avgift": null, "kommun": "Göteborg", "i_halland": false }, "geometry": { "type": "Point", "coordinates": [ 11.99792, 57.77207 ] } },
{ "type": "Feature", "properties": { "osm_id": "n14017480192", "namn": "Västtrafik", "operator": "Västtrafik", "natverk": "Västtrafik", "laddpunkter": null, "uttag_ccs": null, "uttag_chademo": null, "uttag_tesla": null, "uttag_typ2": null, "max_kw": null, "snabbladdare": false, "tunga_fordon": false, "atkomst": "ej angiven", "publik": true, "avgift": null, "kommun": "Göteborg", "i_halland": false }, "geometry": { "type": "Point", "coordinates": [ 11.85328, 57.64878 ] } },
{ "type": "Feature", "properties": { "osm_id": "n14027114106", "namn": "Mer", "operator": "Mer", "natverk": "Mer", "laddpunkter": null, "uttag_ccs": 8.0, "uttag_chademo": null, "uttag_tesla": null, "uttag_typ2": null, "max_kw": 225.0, "snabbladdare": true, "tunga_fordon": false, "atkomst": "ej angiven", "publik": true, "avgift": null, "kommun": "Ljungby", "i_halland": false }, "geometry": { "type": "Point", "coordinates": [ 13.9065, 56.81321 ] } },
{ "type": "Feature", "properties": { "osm_id": "n14027261604", "namn": "Circle K UFC", "operator": "Circle K", "natverk": "Circle K", "laddpunkter": 4, "uttag_ccs": 4.0, "uttag_chademo": null, "uttag_tesla": null, "uttag_typ2": null, "max_kw": 360.0, "snabbladdare": true, "tunga_fordon": false, "atkomst": "ej angiven", "publik": true, "avgift": "yes", "kommun": "Ljungby", "i_halland": false }, "geometry": { "type": "Point", "coordinates": [ 13.91061, 56.81206 ] } },
{ "type": "Feature", "properties": { "osm_id": "n14032509305", "namn": "Västtrafik", "operator": "Västtrafik", "natverk": "Västtrafik", "laddpunkter": null, "uttag_ccs": null, "uttag_chademo": null, "uttag_tesla": null, "uttag_typ2": null, "max_kw": null, "snabbladdare": false, "tunga_fordon": false, "atkomst": "ej angiven", "publik": true, "avgift": null, "kommun": "Göteborg", "i_halland": false }, "geometry": { "type": "Point", "coordinates": [ 11.96455, 57.6299 ] } },
{ "type": "Feature", "properties": { "osm_id": "n14076571258", "namn": "ChargeNode", "operator": "ChargeNode", "natverk": null, "laddpunkter": null, "uttag_ccs": null, "uttag_chademo": null, "uttag_tesla": null, "uttag_typ2": null, "max_kw": null, "snabbladdare": false, "tunga_fordon": false, "atkomst": "ej angiven", "publik": true, "avgift": null, "kommun": "Båstad", "i_halland": false }, "geometry": { "type": "Point", "coordinates": [ 12.70775, 56.46847 ] } },
{ "type": "Feature", "properties": { "osm_id": "n14081682067", "namn": null, "operator": null, "natverk": null, "laddpunkter": null, "uttag_ccs": null, "uttag_chademo": null, "uttag_tesla": null, "uttag_typ2": null, "max_kw": null, "snabbladdare": false, "tunga_fordon": false, "atkomst": "ej angiven", "publik": true, "avgift": null, "kommun": "Varberg", "i_halland": true }, "geometry": { "type": "Point", "coordinates": [ 12.40671, 57.11341 ] } },
{ "type": "Feature", "properties": { "osm_id": "n14123267267", "namn": null, "operator": null, "natverk": null, "laddpunkter": 2, "uttag_ccs": null, "uttag_chademo": null, "uttag_tesla": null, "uttag_typ2": null, "max_kw": null, "snabbladdare": false, "tunga_fordon": false, "atkomst": "ej angiven", "publik": true, "avgift": null, "kommun": "Värnamo", "i_halland": false }, "geometry": { "type": "Point", "coordinates": [ 14.02771, 57.171 ] } },
{ "type": "Feature", "properties": { "osm_id": "n14145559887", "namn": null, "operator": null, "natverk": null, "laddpunkter": 2, "uttag_ccs": null, "uttag_chademo": null, "uttag_tesla": null, "uttag_typ2": null, "max_kw": null, "snabbladdare": false, "tunga_fordon": false, "atkomst": "ej angiven", "publik": true, "avgift": null, "kommun": "Värnamo", "i_halland": false }, "geometry": { "type": "Point", "coordinates": [ 14.02726, 57.17054 ] } },
{ "type": "Feature", "properties": { "osm_id": "n14152540961", "namn": "Västtrafik", "operator": "Västtrafik", "natverk": "Västtrafik", "laddpunkter": 2, "uttag_ccs": null, "uttag_chademo": null, "uttag_tesla": null, "uttag_typ2": null, "max_kw": null, "snabbladdare": false, "tunga_fordon": false, "atkomst": "ej angiven", "publik": true, "avgift": null, "kommun": "Göteborg", "i_halland": false }, "geometry": { "type": "Point", "coordinates": [ 11.97527, 57.70247 ] } },
{ "type": "Feature", "properties": { "osm_id": "n14152540962", "namn": "Västtrafik", "operator": "Västtrafik", "natverk": "Västtrafik", "laddpunkter": 2, "uttag_ccs": null, "uttag_chademo": null, "uttag_tesla": null, "uttag_typ2": null, "max_kw": null, "snabbladdare": false, "tunga_fordon": false, "atkomst": "ej angiven", "publik": true, "avgift": null, "kommun": "Göteborg", "i_halland": false }, "geometry": { "type": "Point", "coordinates": [ 11.97524, 57.7025 ] } },
{ "type": "Feature", "properties": { "osm_id": "w425639658", "namn": "SKF", "operator": "SKF", "natverk": null, "laddpunkter": null, "uttag_ccs": null, "uttag_chademo": null, "uttag_tesla": null, "uttag_typ2": null, "max_kw": null, "snabbladdare": false, "tunga_fordon": false, "atkomst": "ej angiven", "publik": true, "avgift": null, "kommun": "Göteborg", "i_halland": false }, "geometry": { "type": "Point", "coordinates": [ 12.02058, 57.72614 ] } },
{ "type": "Feature", "properties": { "osm_id": "w501277149", "namn": "Lidl Sverige KB", "operator": "Lidl Sverige KB", "natverk": null, "laddpunkter": 2, "uttag_ccs": 1.0, "uttag_chademo": 1, "uttag_tesla": null, "uttag_typ2": 1.0, "max_kw": 50.0, "snabbladdare": true, "tunga_fordon": false, "atkomst": "yes", "publik": true, "avgift": null, "kommun": "Göteborg", "i_halland": false }, "geometry": { "type": "Point", "coordinates": [ 11.93257, 57.65993 ] } },
{ "type": "Feature", "properties": { "osm_id": "w961283738", "namn": null, "operator": null, "natverk": null, "laddpunkter": null, "uttag_ccs": null, "uttag_chademo": null, "uttag_tesla": null, "uttag_typ2": null, "max_kw": null, "snabbladdare": false, "tunga_fordon": false, "atkomst": "customers", "publik": false, "avgift": "yes", "kommun": "Falkenberg", "i_halland": true }, "geometry": { "type": "Point", "coordinates": [ 12.71005, 57.13423 ] } },
{ "type": "Feature", "properties": { "osm_id": "w1056310040", "namn": "Göteborgs Stads Parkerings AB", "operator": "Göteborgs Stads Parkerings AB", "natverk": null, "laddpunkter": 50, "uttag_ccs": null, "uttag_chademo": null, "uttag_tesla": null, "uttag_typ2": 50.0, "max_kw": 7.0, "snabbladdare": false, "tunga_fordon": false, "atkomst": "yes", "publik": true, "avgift": "yes", "kommun": "Göteborg", "i_halland": false }, "geometry": { "type": "Point", "coordinates": [ 11.99663, 57.69133 ] } },
{ "type": "Feature", "properties": { "osm_id": "w1203139025", "namn": "Ljungby Elservice", "operator": "Ljungby Elservice", "natverk": null, "laddpunkter": 19, "uttag_ccs": 4.0, "uttag_chademo": 2, "uttag_tesla": null, "uttag_typ2": 15.0, "max_kw": 200.0, "snabbladdare": true, "tunga_fordon": false, "atkomst": "yes", "publik": true, "avgift": null, "kommun": "Ljungby", "i_halland": false }, "geometry": { "type": "Point", "coordinates": [ 13.92391, 56.83958 ] } },
{ "type": "Feature", "properties": { "osm_id": "w1209172667", "namn": null, "operator": null, "natverk": null, "laddpunkter": null, "uttag_ccs": null, "uttag_chademo": null, "uttag_tesla": null, "uttag_typ2": null, "max_kw": null, "snabbladdare": false, "tunga_fordon": true, "atkomst": "ej angiven", "publik": true, "avgift": "yes", "kommun": "Göteborg", "i_halland": false }, "geometry": { "type": "Point", "coordinates": [ 11.87138, 57.70687 ] } },
{ "type": "Feature", "properties": { "osm_id": "w1349228879", "namn": null, "operator": null, "natverk": null, "laddpunkter": 2, "uttag_ccs": 2.0, "uttag_chademo": null, "uttag_tesla": null, "uttag_typ2": null, "max_kw": 150.0, "snabbladdare": true, "tunga_fordon": false, "atkomst": "ej angiven", "publik": true, "avgift": null, "kommun": "Göteborg", "i_halland": false }, "geometry": { "type": "Point", "coordinates": [ 12.00007, 57.68104 ] } },
{ "type": "Feature", "properties": { "osm_id": "w1366024586", "namn": "Ljungby Elservice", "operator": "Ljungby Elservice", "natverk": null, "laddpunkter": 19, "uttag_ccs": 4.0, "uttag_chademo": 2, "uttag_tesla": null, "uttag_typ2": 15.0, "max_kw": 200.0, "snabbladdare": true, "tunga_fordon": false, "atkomst": "yes", "publik": true, "avgift": null, "kommun": "Ljungby", "i_halland": false }, "geometry": { "type": "Point", "coordinates": [ 13.92355, 56.83938 ] } },
{ "type": "Feature", "properties": { "osm_id": "w1465733268", "namn": null, "operator": null, "natverk": null, "laddpunkter": null, "uttag_ccs": null, "uttag_chademo": null, "uttag_tesla": null, "uttag_typ2": null, "max_kw": null, "snabbladdare": false, "tunga_fordon": false, "atkomst": "private", "publik": false, "avgift": null, "kommun": "Kungsbacka", "i_halland": true }, "geometry": { "type": "Point", "coordinates": [ 12.06814, 57.51479 ] } },
{ "type": "Feature", "properties": { "osm_id": "w1483414767", "namn": "Kullabergsvägen 65", "operator": "Höganäs Energi", "natverk": null, "laddpunkter": 4, "uttag_ccs": null, "uttag_chademo": null, "uttag_tesla": null, "uttag_typ2": 4.0, "max_kw": 22.0, "snabbladdare": false, "tunga_fordon": false, "atkomst": "yes", "publik": true, "avgift": null, "kommun": "Höganäs", "i_halland": false }, "geometry": { "type": "Point", "coordinates": [ 12.50319, 56.28186 ] } },
{ "type": "Feature", "properties": { "osm_id": "w1497878585", "namn": "Grilleken restaurang Hjärnarp", "operator": "Allego", "natverk": null, "laddpunkter": 4, "uttag_ccs": null, "uttag_chademo": null, "uttag_tesla": null, "uttag_typ2": null, "max_kw": null, "snabbladdare": false, "tunga_fordon": false, "atkomst": "yes", "publik": true, "avgift": "yes", "kommun": "Ängelholm", "i_halland": false }, "geometry": { "type": "Point", "coordinates": [ 12.91681, 56.31599 ] } },
{ "type": "Feature", "properties": { "osm_id": "w1497880953", "namn": "Restaurang Valhall Skälderviken", "operator": "Allego", "natverk": null, "laddpunkter": 2, "uttag_ccs": null, "uttag_chademo": null, "uttag_tesla": null, "uttag_typ2": null, "max_kw": null, "snabbladdare": false, "tunga_fordon": false, "atkomst": "yes", "publik": true, "avgift": "yes", "kommun": "Ängelholm", "i_halland": false }, "geometry": { "type": "Point", "coordinates": [ 12.83966, 56.28486 ] } },
{ "type": "Feature", "properties": { "osm_id": "w1507548701", "namn": "Virta", "operator": null, "natverk": "Virta", "laddpunkter": 4, "uttag_ccs": null, "uttag_chademo": null, "uttag_tesla": null, "uttag_typ2": 4.0, "max_kw": 22.0, "snabbladdare": false, "tunga_fordon": false, "atkomst": "yes", "publik": true, "avgift": null, "kommun": "Båstad", "i_halland": false }, "geometry": { "type": "Point", "coordinates": [ 12.82776, 56.37422 ] } },
{ "type": "Feature", "properties": { "osm_id": "w1537267440", "namn": null, "operator": null, "natverk": null, "laddpunkter": 12, "uttag_ccs": null, "uttag_chademo": null, "uttag_tesla": null, "uttag_typ2": null, "max_kw": null, "snabbladdare": false, "tunga_fordon": false, "atkomst": "ej angiven", "publik": true, "avgift": null, "kommun": "Göteborg", "i_halland": false }, "geometry": { "type": "Point", "coordinates": [ 11.97142, 57.69884 ] } },
{ "type": "Feature", "properties": { "osm_id": "w1544575792", "namn": null, "operator": null, "natverk": null, "laddpunkter": 15, "uttag_ccs": null, "uttag_chademo": null, "uttag_tesla": null, "uttag_typ2": null, "max_kw": null, "snabbladdare": false, "tunga_fordon": false, "atkomst": "ej angiven", "publik": true, "avgift": null, "kommun": "Göteborg", "i_halland": false }, "geometry": { "type": "Point", "coordinates": [ 11.98466, 57.68417 ] } },
{ "type": "Feature", "properties": { "osm_id": "w1545873388", "namn": "Supercharger Markaryd", "operator": "Tesla", "natverk": "Tesla Supercharger", "laddpunkter": 20, "uttag_ccs": 20.0, "uttag_chademo": null, "uttag_tesla": 12, "uttag_typ2": null, "max_kw": 250.0, "snabbladdare": true, "tunga_fordon": false, "atkomst": "yes", "publik": true, "avgift": "yes", "kommun": "Markaryd", "i_halland": false }, "geometry": { "type": "Point", "coordinates": [ 13.60382, 56.44491 ] } }
]
}
