{
"type": "FeatureCollection",
"name": "03-deso-kommuner",
"crs": { "type": "name", "properties": { "name": "urn:ogc:def:crs:OGC:1.3:CRS84" } },
"xy_coordinate_resolution": 1e-05,
"features": [
{ "type": "Feature", "properties": { "kn": "1315", "kom_namn": "Hylte" }, "geometry": { "type": "MultiPolygon", "coordinates": [ [ [ [ 13.43655, 56.87185 ], [ 13.43838, 56.87564 ], [ 13.44369, 56.8798 ], [ 13.44694, 56.87971 ], [ 13.44893, 56.87924 ], [ 13.45279, 56.87939 ], [ 13.45534, 56.88012 ], [ 13.45617, 56.87995 ], [ 13.45985, 56.88053 ], [ 13.46072, 56.87898 ], [ 13.46046, 56.87814 ], [ 13.46698, 56.87656 ], [ 13.46996, 56.87859 ], [ 13.47411, 56.87559 ], [ 13.47155, 56.87558 ], [ 13.46864, 56.87409 ], [ 13.47089, 56.873 ], [ 13.47129, 56.87029 ], [ 13.47345, 56.87109 ], [ 13.48199, 56.87234 ], [ 13.48727, 56.87106 ], [ 13.49441, 56.87428 ], [ 13.50358, 56.87713 ], [ 13.50395, 56.87773 ], [ 13.5048, 56.87758 ], [ 13.50787, 56.87898 ], [ 13.51142, 56.88143 ], [ 13.51403, 56.88217 ], [ 13.51518, 56.88393 ], [ 13.52164, 56.88778 ], [ 13.5229, 56.88808 ], [ 13.52379, 56.88792 ], [ 13.52439, 56.8886 ], [ 13.52766, 56.88923 ], [ 13.52809, 56.89034 ], [ 13.52988, 56.89129 ], [ 13.53646, 56.89131 ], [ 13.53869, 56.88687 ], [ 13.5438, 56.88693 ], [ 13.55517, 56.89283 ], [ 13.55711, 56.89283 ], [ 13.55932, 56.89364 ], [ 13.56146, 56.89291 ], [ 13.56278, 56.89171 ], [ 13.56415, 56.89118 ], [ 13.57661, 56.88928 ], [ 13.58227, 56.89007 ], [ 13.58705, 56.89217 ], [ 13.59024, 56.8922 ], [ 13.60363, 56.89724 ], [ 13.61817, 56.90859 ], [ 13.6234, 56.90756 ], [ 13.66203, 56.91355 ], [ 13.66602, 56.9209 ], [ 13.68742, 56.92681 ], [ 13.68487, 56.93182 ], [ 13.6889, 56.9371 ], [ 13.68218, 56.93967 ], [ 13.68155, 56.9422 ], [ 13.68409, 56.94494 ], [ 13.68917, 56.94624 ], [ 13.69357, 56.96354 ], [ 13.6807, 56.9721 ], [ 13.66704, 56.98008 ], [ 13.66418, 56.9846 ], [ 13.65637, 56.98396 ], [ 13.64787, 56.9858 ], [ 13.64774, 56.98767 ], [ 13.63041, 56.98621 ], [ 13.62686, 56.9914 ], [ 13.62898, 56.99402 ], [ 13.61619, 56.99994 ], [ 13.61347, 57.00304 ], [ 13.60254, 57.00838 ], [ 13.59546, 57.01525 ], [ 13.60262, 57.02404 ], [ 13.59342, 57.03017 ], [ 13.58551, 57.03255 ], [ 13.59894, 57.03693 ], [ 13.60795, 57.04203 ], [ 13.60746, 57.0439 ], [ 13.60232, 57.04608 ], [ 13.60211, 57.0484 ], [ 13.60263, 57.04916 ], [ 13.60572, 57.05064 ], [ 13.60359, 57.05966 ], [ 13.59888, 57.0633 ], [ 13.5956, 57.06393 ], [ 13.59079, 57.06389 ], [ 13.58912, 57.06444 ], [ 13.58241, 57.06516 ], [ 13.58043, 57.06326 ], [ 13.57372, 57.0628 ], [ 13.56878, 57.06554 ], [ 13.57422, 57.07002 ], [ 13.54641, 57.07937 ], [ 13.53693, 57.08093 ], [ 13.5361, 57.0796 ], [ 13.53379, 57.07877 ], [ 13.53289, 57.07901 ], [ 13.53232, 57.07968 ], [ 13.53499, 57.08145 ], [ 13.52725, 57.0874 ], [ 13.5239, 57.08643 ], [ 13.5219, 57.08694 ], [ 13.51788, 57.08651 ], [ 13.51522, 57.08577 ], [ 13.50882, 57.0858 ], [ 13.50541, 57.08508 ], [ 13.50548, 57.08144 ], [ 13.50427, 57.08061 ], [ 13.5058, 57.07817 ], [ 13.50461, 57.07383 ], [ 13.50072, 57.07356 ], [ 13.48968, 57.0855 ], [ 13.49053, 57.08634 ], [ 13.49391, 57.08646 ], [ 13.49682, 57.0889 ], [ 13.50081, 57.08981 ], [ 13.49592, 57.09493 ], [ 13.49658, 57.10004 ], [ 13.49567, 57.10055 ], [ 13.49722, 57.10446 ], [ 13.49929, 57.10654 ], [ 13.49745, 57.10926 ], [ 13.49192, 57.11159 ], [ 13.49015, 57.11346 ], [ 13.48903, 57.11384 ], [ 13.48252, 57.11205 ], [ 13.4789, 57.11064 ], [ 13.47802, 57.11065 ], [ 13.47816, 57.10996 ], [ 13.47632, 57.10871 ], [ 13.47228, 57.10764 ], [ 13.47069, 57.10597 ], [ 13.46902, 57.10261 ], [ 13.46812, 57.1028 ], [ 13.46671, 57.10144 ], [ 13.46104, 57.09948 ], [ 13.45976, 57.09774 ], [ 13.45498, 57.0973 ], [ 13.45335, 57.09649 ], [ 13.45218, 57.09664 ], [ 13.45308, 57.0982 ], [ 13.4518, 57.09955 ], [ 13.45292, 57.10162 ], [ 13.4547, 57.10254 ], [ 13.45401, 57.10379 ], [ 13.45181, 57.10413 ], [ 13.44973, 57.10538 ], [ 13.44754, 57.10552 ], [ 13.44459, 57.10655 ], [ 13.44252, 57.10669 ], [ 13.44037, 57.11028 ], [ 13.42344, 57.11291 ], [ 13.42058, 57.11274 ], [ 13.41233, 57.11361 ], [ 13.38717, 57.1139 ], [ 13.38615, 57.11081 ], [ 13.3792, 57.11125 ], [ 13.36668, 57.11367 ], [ 13.35876, 57.11309 ], [ 13.35415, 57.11355 ], [ 13.35141, 57.11329 ], [ 13.34647, 57.11028 ], [ 13.33766, 57.10769 ], [ 13.33386, 57.10659 ], [ 13.33143, 57.10747 ], [ 13.32967, 57.10557 ], [ 13.32491, 57.10468 ], [ 13.32261, 57.10377 ], [ 13.32071, 57.10236 ], [ 13.3163, 57.10298 ], [ 13.31325, 57.10214 ], [ 13.3082, 57.10201 ], [ 13.30615, 57.10268 ], [ 13.30498, 57.10392 ], [ 13.30251, 57.10375 ], [ 13.30156, 57.10404 ], [ 13.30003, 57.10372 ], [ 13.29821, 57.10234 ], [ 13.29547, 57.10149 ], [ 13.29284, 57.10236 ], [ 13.29269, 57.10335 ], [ 13.28934, 57.10343 ], [ 13.28798, 57.10167 ], [ 13.28567, 57.10063 ], [ 13.28541, 57.09953 ], [ 13.28043, 57.09767 ], [ 13.27909, 57.09671 ], [ 13.27673, 57.09611 ], [ 13.27603, 57.09444 ], [ 13.27457, 57.09345 ], [ 13.27479, 57.0922 ], [ 13.2723, 57.09122 ], [ 13.2716, 57.09267 ], [ 13.25381, 57.08935 ], [ 13.23247, 57.09782 ], [ 13.22698, 57.09688 ], [ 13.2235, 57.09533 ], [ 13.22428, 57.09377 ], [ 13.22661, 57.09476 ], [ 13.23338, 57.0902 ], [ 13.22888, 57.0857 ], [ 13.22775, 57.08612 ], [ 13.22387, 57.08369 ], [ 13.23371, 57.07906 ], [ 13.22938, 57.0768 ], [ 13.22362, 57.07641 ], [ 13.21919, 57.07556 ], [ 13.21756, 57.07587 ], [ 13.21156, 57.07436 ], [ 13.20751, 57.07255 ], [ 13.20642, 57.07099 ], [ 13.20091, 57.07216 ], [ 13.19567, 57.06811 ], [ 13.19114, 57.06598 ], [ 13.1921, 57.06426 ], [ 13.1876, 57.06334 ], [ 13.18671, 57.06417 ], [ 13.17994, 57.06684 ], [ 13.17439, 57.05816 ], [ 13.17527, 57.05776 ], [ 13.17188, 57.05492 ], [ 13.16189, 57.05153 ], [ 13.16814, 57.0485 ], [ 13.17407, 57.05074 ], [ 13.17554, 57.05248 ], [ 13.1903, 57.05836 ], [ 13.18988, 57.05779 ], [ 13.19282, 57.05489 ], [ 13.19742, 57.05425 ], [ 13.19833, 57.05381 ], [ 13.19638, 57.05078 ], [ 13.19472, 57.0507 ], [ 13.19388, 57.0495 ], [ 13.19024, 57.04874 ], [ 13.1884, 57.04925 ], [ 13.18679, 57.0488 ], [ 13.1852, 57.04929 ], [ 13.17866, 57.04808 ], [ 13.17688, 57.04669 ], [ 13.16782, 57.04234 ], [ 13.16645, 57.04208 ], [ 13.1659, 57.04119 ], [ 13.1635, 57.04093 ], [ 13.1563, 57.03741 ], [ 13.15482, 57.03763 ], [ 13.15264, 57.03698 ], [ 13.15063, 57.03712 ], [ 13.14791, 57.03636 ], [ 13.14653, 57.03666 ], [ 13.14496, 57.03765 ], [ 13.13542, 57.03376 ], [ 13.13532, 57.03305 ], [ 13.13375, 57.03183 ], [ 13.13332, 57.02707 ], [ 13.12894, 57.02687 ], [ 13.12773, 57.0266 ], [ 13.12735, 57.02599 ], [ 13.12118, 57.02514 ], [ 13.12207, 57.02681 ], [ 13.12168, 57.028 ], [ 13.11794, 57.03232 ], [ 13.11784, 57.03306 ], [ 13.12075, 57.03466 ], [ 13.12186, 57.03584 ], [ 13.12086, 57.03658 ], [ 13.11729, 57.03786 ], [ 13.11325, 57.04082 ], [ 13.11509, 57.04287 ], [ 13.11441, 57.04462 ], [ 13.11447, 57.04704 ], [ 13.11506, 57.0477 ], [ 13.11666, 57.04794 ], [ 13.11596, 57.04887 ], [ 13.11653, 57.04994 ], [ 13.12175, 57.05354 ], [ 13.12143, 57.05682 ], [ 13.11953, 57.05914 ], [ 13.11821, 57.05965 ], [ 13.11537, 57.05984 ], [ 13.11479, 57.06024 ], [ 13.11472, 57.06137 ], [ 13.11643, 57.06319 ], [ 13.11626, 57.06436 ], [ 13.11318, 57.06425 ], [ 13.107, 57.06561 ], [ 13.10588, 57.06715 ], [ 13.10349, 57.06856 ], [ 13.09913, 57.07014 ], [ 13.10027, 57.07409 ], [ 13.09539, 57.07345 ], [ 13.09446, 57.07566 ], [ 13.09291, 57.07627 ], [ 13.09079, 57.0765 ], [ 13.08744, 57.07797 ], [ 13.08121, 57.08355 ], [ 13.08413, 57.0845 ], [ 13.08518, 57.08538 ], [ 13.08962, 57.0861 ], [ 13.08879, 57.08875 ], [ 13.08479, 57.09371 ], [ 13.07907, 57.0989 ], [ 13.0628, 57.09447 ], [ 13.06407, 57.09398 ], [ 13.06644, 57.09092 ], [ 13.06487, 57.09004 ], [ 13.06219, 57.08966 ], [ 13.05801, 57.08642 ], [ 13.05612, 57.08629 ], [ 13.05399, 57.08739 ], [ 13.05096, 57.08721 ], [ 13.05008, 57.08643 ], [ 13.04863, 57.08646 ], [ 13.04572, 57.08454 ], [ 13.04116, 57.0857 ], [ 13.03927, 57.08759 ], [ 13.03531, 57.08661 ], [ 13.02912, 57.08372 ], [ 13.02676, 57.08373 ], [ 13.02457, 57.08276 ], [ 13.02375, 57.08186 ], [ 13.02522, 57.08033 ], [ 13.02278, 57.07481 ], [ 13.02342, 57.0728 ], [ 13.02059, 57.07118 ], [ 13.01405, 57.05645 ], [ 13.00983, 57.05055 ], [ 13.01681, 57.04707 ], [ 13.0027, 57.04105 ], [ 13.00406, 57.03719 ], [ 13.00061, 57.03615 ], [ 12.99769, 57.0423 ], [ 12.98081, 57.04769 ], [ 12.97448, 57.04746 ], [ 12.97207, 57.047 ], [ 12.97192, 57.05103 ], [ 12.95469, 57.04471 ], [ 12.95238, 57.04546 ], [ 12.94956, 57.04553 ], [ 12.94602, 57.04725 ], [ 12.94262, 57.04707 ], [ 12.94028, 57.04655 ], [ 12.94006, 57.04767 ], [ 12.94057, 57.04826 ], [ 12.94123, 57.04825 ], [ 12.94129, 57.04908 ], [ 12.93799, 57.05131 ], [ 12.94376, 57.05504 ], [ 12.94326, 57.05542 ], [ 12.94387, 57.05737 ], [ 12.9367, 57.05829 ], [ 12.92625, 57.05556 ], [ 12.91865, 57.05416 ], [ 12.92026, 57.0504 ], [ 12.90814, 57.04285 ], [ 12.9134, 57.04102 ], [ 12.91378, 57.04018 ], [ 12.91287, 57.03916 ], [ 12.91442, 57.03753 ], [ 12.91425, 57.03665 ], [ 12.91122, 57.03504 ], [ 12.91131, 57.03463 ], [ 12.90943, 57.03337 ], [ 12.90742, 57.03271 ], [ 12.90691, 57.03214 ], [ 12.90728, 57.03138 ], [ 12.90577, 57.02981 ], [ 12.90359, 57.029 ], [ 12.90281, 57.02927 ], [ 12.90174, 57.02898 ], [ 12.90154, 57.02779 ], [ 12.90029, 57.02701 ], [ 12.90142, 57.02572 ], [ 12.90238, 57.02544 ], [ 12.90261, 57.02409 ], [ 12.9018, 57.02308 ], [ 12.89979, 57.02223 ], [ 12.8995, 57.02081 ], [ 12.89633, 57.02111 ], [ 12.89396, 57.02049 ], [ 12.89235, 57.02065 ], [ 12.88291, 57.01835 ], [ 12.87668, 57.02011 ], [ 12.87049, 57.02336 ], [ 12.85958, 57.02264 ], [ 12.85345, 57.0208 ], [ 12.85295, 57.02017 ], [ 12.85369, 57.01995 ], [ 12.84544, 57.0151 ], [ 12.84668, 57.01383 ], [ 12.84846, 57.00899 ], [ 12.85133, 57.00413 ], [ 12.84822, 57.00311 ], [ 12.84456, 57.00087 ], [ 12.84383, 57.00157 ], [ 12.84129, 57.00242 ], [ 12.83905, 57.00226 ], [ 12.83483, 57.00267 ], [ 12.83263, 57.00115 ], [ 12.83276, 56.9955 ], [ 12.82629, 56.99183 ], [ 12.82467, 56.99145 ], [ 12.82557, 56.98917 ], [ 12.82502, 56.9882 ], [ 12.82601, 56.98748 ], [ 12.82626, 56.98645 ], [ 12.82103, 56.9826 ], [ 12.82274, 56.97492 ], [ 12.83858, 56.96555 ], [ 12.83988, 56.96563 ], [ 12.84502, 56.96731 ], [ 12.84796, 56.96887 ], [ 12.85259, 56.96879 ], [ 12.85485, 56.96746 ], [ 12.8556, 56.96615 ], [ 12.85759, 56.96675 ], [ 12.85881, 56.96924 ], [ 12.86417, 56.97119 ], [ 12.87044, 56.96877 ], [ 12.87045, 56.96802 ], [ 12.87227, 56.96667 ], [ 12.87348, 56.96443 ], [ 12.87202, 56.96343 ], [ 12.87119, 56.96142 ], [ 12.86835, 56.95961 ], [ 12.86892, 56.9559 ], [ 12.87405, 56.9558 ], [ 12.87535, 56.95652 ], [ 12.87821, 56.9567 ], [ 12.87938, 56.95788 ], [ 12.88071, 56.95842 ], [ 12.88305, 56.95793 ], [ 12.88488, 56.95705 ], [ 12.88695, 56.95519 ], [ 12.89133, 56.9546 ], [ 12.89534, 56.95534 ], [ 12.89607, 56.95617 ], [ 12.90001, 56.95757 ], [ 12.90333, 56.95686 ], [ 12.91063, 56.95762 ], [ 12.9116, 56.95782 ], [ 12.91212, 56.95927 ], [ 12.91325, 56.95923 ], [ 12.9145, 56.9553 ], [ 12.91375, 56.95458 ], [ 12.91459, 56.95371 ], [ 12.91428, 56.9515 ], [ 12.91623, 56.94855 ], [ 12.91543, 56.94713 ], [ 12.91303, 56.94617 ], [ 12.91323, 56.94565 ], [ 12.91182, 56.94342 ], [ 12.9196, 56.94104 ], [ 12.92107, 56.9413 ], [ 12.92301, 56.94073 ], [ 12.92444, 56.94117 ], [ 12.92467, 56.94186 ], [ 12.93007, 56.94251 ], [ 12.93276, 56.94429 ], [ 12.93353, 56.94441 ], [ 12.93535, 56.9436 ], [ 12.93658, 56.93806 ], [ 12.93571, 56.93519 ], [ 12.9402, 56.93317 ], [ 12.93864, 56.93352 ], [ 12.9399, 56.93087 ], [ 12.94212, 56.92896 ], [ 12.94286, 56.92686 ], [ 12.94212, 56.92231 ], [ 12.94405, 56.92127 ], [ 12.94866, 56.91975 ], [ 12.9498, 56.92129 ], [ 12.95197, 56.92285 ], [ 12.96087, 56.92309 ], [ 12.96126, 56.92374 ], [ 12.96654, 56.92343 ], [ 12.9727, 56.92385 ], [ 12.97517, 56.92101 ], [ 12.97582, 56.91826 ], [ 12.98201, 56.91602 ], [ 12.98452, 56.91609 ], [ 12.98596, 56.9155 ], [ 12.99001, 56.91618 ], [ 12.99212, 56.91547 ], [ 12.99527, 56.91773 ], [ 12.9964, 56.91777 ], [ 12.99838, 56.91737 ], [ 12.99855, 56.91671 ], [ 12.99967, 56.91653 ], [ 13.00027, 56.91581 ], [ 13.0029, 56.91549 ], [ 13.00371, 56.91349 ], [ 13.00447, 56.91289 ], [ 13.00514, 56.91295 ], [ 13.00553, 56.91189 ], [ 13.00345, 56.90911 ], [ 13.00332, 56.90644 ], [ 13.00276, 56.90519 ], [ 13.00177, 56.90474 ], [ 13.00081, 56.89948 ], [ 12.99992, 56.89847 ], [ 13.00667, 56.89839 ], [ 13.00619, 56.8962 ], [ 13.00551, 56.89599 ], [ 13.00739, 56.89538 ], [ 13.00409, 56.88791 ], [ 12.9997, 56.88784 ], [ 13.00033, 56.88554 ], [ 13.00008, 56.88 ], [ 13.00138, 56.87507 ], [ 12.99879, 56.8727 ], [ 13.00108, 56.86533 ], [ 13.01544, 56.86126 ], [ 13.02481, 56.85679 ], [ 13.03252, 56.85375 ], [ 13.03084, 56.85161 ], [ 13.03296, 56.85083 ], [ 13.03536, 56.85068 ], [ 13.03595, 56.84976 ], [ 13.03502, 56.84816 ], [ 13.03491, 56.84654 ], [ 13.03357, 56.84586 ], [ 13.03453, 56.84351 ], [ 13.0395, 56.84286 ], [ 13.04223, 56.84188 ], [ 13.04314, 56.84109 ], [ 13.04386, 56.84104 ], [ 13.04485, 56.84158 ], [ 13.04635, 56.84155 ], [ 13.0485, 56.84248 ], [ 13.05143, 56.84251 ], [ 13.05373, 56.84168 ], [ 13.05576, 56.8424 ], [ 13.06326, 56.8438 ], [ 13.06743, 56.84419 ], [ 13.07178, 56.84777 ], [ 13.07436, 56.85098 ], [ 13.07613, 56.85813 ], [ 13.08338, 56.86354 ], [ 13.08765, 56.86588 ], [ 13.09607, 56.86797 ], [ 13.09782, 56.86765 ], [ 13.10364, 56.86484 ], [ 13.10635, 56.86537 ], [ 13.1127, 56.86769 ], [ 13.11634, 56.86792 ], [ 13.1163, 56.86934 ], [ 13.11475, 56.87012 ], [ 13.11553, 56.87019 ], [ 13.11499, 56.87087 ], [ 13.11607, 56.87092 ], [ 13.11805, 56.87378 ], [ 13.11705, 56.87458 ], [ 13.11827, 56.87539 ], [ 13.11694, 56.87773 ], [ 13.11736, 56.87893 ], [ 13.12064, 56.88031 ], [ 13.11814, 56.88439 ], [ 13.12134, 56.88765 ], [ 13.12575, 56.88989 ], [ 13.13084, 56.89138 ], [ 13.13716, 56.89213 ], [ 13.1464, 56.88885 ], [ 13.15089, 56.88842 ], [ 13.15036, 56.88647 ], [ 13.15409, 56.88277 ], [ 13.15587, 56.8835 ], [ 13.16391, 56.88307 ], [ 13.17198, 56.88083 ], [ 13.17681, 56.87778 ], [ 13.17523, 56.87598 ], [ 13.17873, 56.87439 ], [ 13.1662, 56.8556 ], [ 13.16173, 56.8499 ], [ 13.16309, 56.84922 ], [ 13.16078, 56.84729 ], [ 13.15608, 56.83982 ], [ 13.16034, 56.8309 ], [ 13.16306, 56.8272 ], [ 13.18073, 56.82605 ], [ 13.17968, 56.82727 ], [ 13.18043, 56.82803 ], [ 13.185, 56.82987 ], [ 13.18869, 56.82934 ], [ 13.19268, 56.83003 ], [ 13.20202, 56.83567 ], [ 13.20683, 56.83502 ], [ 13.20942, 56.83192 ], [ 13.2131, 56.83229 ], [ 13.23999, 56.84105 ], [ 13.24179, 56.8445 ], [ 13.24092, 56.84745 ], [ 13.24328, 56.84802 ], [ 13.24866, 56.84669 ], [ 13.24987, 56.84684 ], [ 13.25065, 56.84623 ], [ 13.25542, 56.84695 ], [ 13.26185, 56.85301 ], [ 13.26672, 56.85284 ], [ 13.2745, 56.84667 ], [ 13.28064, 56.84301 ], [ 13.28641, 56.8373 ], [ 13.28893, 56.83637 ], [ 13.28974, 56.83546 ], [ 13.28932, 56.83508 ], [ 13.29229, 56.83398 ], [ 13.2971, 56.83091 ], [ 13.29816, 56.82365 ], [ 13.30657, 56.82685 ], [ 13.31091, 56.82793 ], [ 13.32308, 56.83228 ], [ 13.33791, 56.83824 ], [ 13.33705, 56.84098 ], [ 13.33462, 56.84421 ], [ 13.33822, 56.84448 ], [ 13.3399, 56.85004 ], [ 13.33411, 56.8516 ], [ 13.3373, 56.85563 ], [ 13.33151, 56.86185 ], [ 13.33259, 56.86413 ], [ 13.33394, 56.86497 ], [ 13.3353, 56.86524 ], [ 13.33447, 56.86652 ], [ 13.33548, 56.87007 ], [ 13.33463, 56.87416 ], [ 13.33853, 56.87243 ], [ 13.34432, 56.87269 ], [ 13.34543, 56.87167 ], [ 13.34484, 56.87003 ], [ 13.34573, 56.86969 ], [ 13.34602, 56.8688 ], [ 13.34721, 56.86882 ], [ 13.3478, 56.86814 ], [ 13.34553, 56.86606 ], [ 13.34569, 56.86399 ], [ 13.34818, 56.86415 ], [ 13.34997, 56.86328 ], [ 13.35252, 56.86341 ], [ 13.35481, 56.86061 ], [ 13.35483, 56.8588 ], [ 13.35896, 56.85729 ], [ 13.36051, 56.85842 ], [ 13.36424, 56.85926 ], [ 13.37278, 56.86273 ], [ 13.3816, 56.86464 ], [ 13.38937, 56.86696 ], [ 13.39631, 56.86712 ], [ 13.40299, 56.8692 ], [ 13.4042, 56.87037 ], [ 13.40507, 56.87059 ], [ 13.40647, 56.87076 ], [ 13.41047, 56.87036 ], [ 13.41365, 56.87121 ], [ 13.4178, 56.86955 ], [ 13.42354, 56.86977 ], [ 13.42697, 56.86913 ], [ 13.43222, 56.86904 ], [ 13.43655, 56.87185 ] ] ] ] } },
{ "type": "Feature", "properties": { "kn": "1380", "kom_namn": "Halmstad" }, "geometry": { "type": "MultiPolygon", "coordinates": [ [ [ [ 12.84987, 56.64629 ], [ 12.84989, 56.64593 ], [ 12.8512, 56.64595 ], [ 12.85122, 56.64559 ], [ 12.85385, 56.64528 ], [ 12.85383, 56.64564 ], [ 12.85706, 56.64605 ], [ 12.85704, 56.64641 ], [ 12.86028, 56.64683 ], [ 12.86026, 56.64718 ], [ 12.86222, 56.64722 ], [ 12.8622, 56.64758 ], [ 12.8635, 56.6476 ], [ 12.86348, 56.64796 ], [ 12.86544, 56.64799 ], [ 12.86542, 56.64835 ], [ 12.86672, 56.64837 ], [ 12.8667, 56.64873 ], [ 12.86866, 56.64877 ], [ 12.86864, 56.64913 ], [ 12.86994, 56.64915 ], [ 12.87055, 56.64988 ], [ 12.87316, 56.64992 ], [ 12.87314, 56.65028 ], [ 12.87444, 56.6503 ], [ 12.87505, 56.65103 ], [ 12.87897, 56.6511 ], [ 12.87966, 56.65039 ], [ 12.88098, 56.65005 ], [ 12.88102, 56.64934 ], [ 12.88167, 56.64935 ], [ 12.88241, 56.64792 ], [ 12.88373, 56.64759 ], [ 12.88446, 56.64616 ], [ 12.88579, 56.64582 ], [ 12.88652, 56.6444 ], [ 12.88784, 56.64406 ], [ 12.88857, 56.64264 ], [ 12.88923, 56.64265 ], [ 12.88927, 56.64193 ], [ 12.88992, 56.64194 ], [ 12.88996, 56.64122 ], [ 12.89061, 56.64123 ], [ 12.89065, 56.64051 ], [ 12.8913, 56.64052 ], [ 12.89134, 56.63981 ], [ 12.89199, 56.63982 ], [ 12.89203, 56.6391 ], [ 12.89268, 56.63911 ], [ 12.89272, 56.63839 ], [ 12.89338, 56.6384 ], [ 12.89342, 56.63769 ], [ 12.89407, 56.6377 ], [ 12.89411, 56.63698 ], [ 12.89476, 56.63699 ], [ 12.8948, 56.63627 ], [ 12.89545, 56.63628 ], [ 12.89551, 56.6352 ], [ 12.89616, 56.63522 ], [ 12.8962, 56.6345 ], [ 12.89685, 56.63451 ], [ 12.89689, 56.63379 ], [ 12.89755, 56.6338 ], [ 12.89759, 56.63308 ], [ 12.89824, 56.63309 ], [ 12.89828, 56.63238 ], [ 12.89893, 56.63239 ], [ 12.89899, 56.63131 ], [ 12.89964, 56.63132 ], [ 12.89968, 56.6306 ], [ 12.90033, 56.63061 ], [ 12.90037, 56.62989 ], [ 12.90102, 56.62991 ], [ 12.90108, 56.62883 ], [ 12.90174, 56.62884 ], [ 12.90178, 56.62812 ], [ 12.90243, 56.62813 ], [ 12.90249, 56.62705 ], [ 12.90314, 56.62707 ], [ 12.9032, 56.62599 ], [ 12.90385, 56.626 ], [ 12.90389, 56.62528 ], [ 12.90454, 56.62529 ], [ 12.90533, 56.62279 ], [ 12.90598, 56.6228 ], [ 12.90602, 56.62208 ], [ 12.90667, 56.62209 ], [ 12.90673, 56.62102 ], [ 12.90739, 56.62103 ], [ 12.90743, 56.62031 ], [ 12.90873, 56.62033 ], [ 12.90877, 56.61961 ], [ 12.90746, 56.61959 ], [ 12.90744, 56.61995 ], [ 12.90612, 56.62029 ], [ 12.90614, 56.61993 ], [ 12.90549, 56.61992 ], [ 12.90555, 56.61884 ], [ 12.9049, 56.61883 ], [ 12.90494, 56.61811 ], [ 12.90624, 56.61813 ], [ 12.90626, 56.61777 ], [ 12.90691, 56.61778 ], [ 12.90695, 56.61707 ], [ 12.9076, 56.61708 ], [ 12.90766, 56.616 ], [ 12.90701, 56.61599 ], [ 12.90707, 56.61491 ], [ 12.90642, 56.6149 ], [ 12.90644, 56.61454 ], [ 12.90709, 56.61455 ], [ 12.90711, 56.61419 ], [ 12.90972, 56.61424 ], [ 12.9097, 56.6146 ], [ 12.911, 56.61462 ], [ 12.91236, 56.61356 ], [ 12.91368, 56.61322 ], [ 12.91443, 56.61144 ], [ 12.91509, 56.61145 ], [ 12.91526, 56.60822 ], [ 12.91461, 56.60821 ], [ 12.91467, 56.60713 ], [ 12.91402, 56.60712 ], [ 12.91412, 56.60532 ], [ 12.91477, 56.60533 ], [ 12.91481, 56.60462 ], [ 12.91416, 56.60461 ], [ 12.91418, 56.60425 ], [ 12.91288, 56.60422 ], [ 12.9129, 56.60387 ], [ 12.91355, 56.60388 ], [ 12.91371, 56.601 ], [ 12.91306, 56.60099 ], [ 12.91309, 56.60027 ], [ 12.91574, 56.5996 ], [ 12.91582, 56.59816 ], [ 12.91647, 56.59817 ], [ 12.91649, 56.59781 ], [ 12.91974, 56.59787 ], [ 12.91972, 56.59823 ], [ 12.92037, 56.59824 ], [ 12.92039, 56.59788 ], [ 12.92172, 56.59754 ], [ 12.92245, 56.59612 ], [ 12.9231, 56.59613 ], [ 12.92316, 56.59505 ], [ 12.92381, 56.59506 ], [ 12.92385, 56.59434 ], [ 12.9245, 56.59435 ], [ 12.92458, 56.59292 ], [ 12.92588, 56.59294 ], [ 12.92584, 56.59366 ], [ 12.92911, 56.59335 ], [ 12.92988, 56.59121 ], [ 12.93053, 56.59122 ], [ 12.93051, 56.59158 ], [ 12.93314, 56.59126 ], [ 12.93318, 56.59054 ], [ 12.93448, 56.59057 ], [ 12.93521, 56.58914 ], [ 12.93586, 56.58915 ], [ 12.93592, 56.58807 ], [ 12.93657, 56.58808 ], [ 12.93665, 56.58665 ], [ 12.9373, 56.58666 ], [ 12.93736, 56.58558 ], [ 12.93801, 56.58559 ], [ 12.9381, 56.5838 ], [ 12.93875, 56.58381 ], [ 12.93889, 56.58129 ], [ 12.93954, 56.5813 ], [ 12.93966, 56.57915 ], [ 12.94031, 56.57916 ], [ 12.94043, 56.57701 ], [ 12.94108, 56.57702 ], [ 12.94289, 56.5677 ], [ 12.94354, 56.56771 ], [ 12.94381, 56.56268 ], [ 12.94446, 56.56269 ], [ 12.94493, 56.55407 ], [ 12.94558, 56.55409 ], [ 12.94561, 56.55346 ], [ 12.96822, 56.54824 ], [ 12.96806, 56.54693 ], [ 12.96875, 56.54581 ], [ 12.97205, 56.5439 ], [ 12.97196, 56.54302 ], [ 12.97344, 56.5429 ], [ 12.97344, 56.54237 ], [ 12.97401, 56.54239 ], [ 12.9876, 56.55679 ], [ 12.99639, 56.5592 ], [ 13.00661, 56.56768 ], [ 13.00666, 56.56851 ], [ 13.00947, 56.57089 ], [ 13.01019, 56.57246 ], [ 13.00926, 56.57305 ], [ 13.00969, 56.57352 ], [ 13.0138, 56.57382 ], [ 13.01556, 56.57316 ], [ 13.01687, 56.57324 ], [ 13.01762, 56.57391 ], [ 13.01928, 56.57368 ], [ 13.02017, 56.57392 ], [ 13.01995, 56.57459 ], [ 13.02147, 56.57522 ], [ 13.02113, 56.5757 ], [ 13.02004, 56.5759 ], [ 13.02021, 56.57633 ], [ 13.01896, 56.57735 ], [ 13.01962, 56.57932 ], [ 13.01905, 56.57931 ], [ 13.01895, 56.58014 ], [ 13.01696, 56.58079 ], [ 13.01728, 56.58117 ], [ 13.01675, 56.58152 ], [ 13.01744, 56.58187 ], [ 13.01605, 56.58229 ], [ 13.01657, 56.58283 ], [ 13.01591, 56.5836 ], [ 13.01735, 56.58384 ], [ 13.01513, 56.58496 ], [ 13.01732, 56.58536 ], [ 13.01703, 56.58575 ], [ 13.01764, 56.58611 ], [ 13.01663, 56.58671 ], [ 13.01738, 56.58691 ], [ 13.01681, 56.58782 ], [ 13.01912, 56.58785 ], [ 13.02145, 56.5894 ], [ 13.02234, 56.5893 ], [ 13.0231, 56.58982 ], [ 13.02317, 56.59022 ], [ 13.02206, 56.59025 ], [ 13.02185, 56.59089 ], [ 13.02238, 56.59099 ], [ 13.02284, 56.59052 ], [ 13.02387, 56.5908 ], [ 13.02435, 56.59041 ], [ 13.02496, 56.59056 ], [ 13.02497, 56.59137 ], [ 13.02688, 56.59272 ], [ 13.02683, 56.59367 ], [ 13.02763, 56.59386 ], [ 13.02717, 56.5946 ], [ 13.02841, 56.59479 ], [ 13.02769, 56.59566 ], [ 13.03297, 56.59636 ], [ 13.03569, 56.59609 ], [ 13.04042, 56.59678 ], [ 13.04571, 56.59897 ], [ 13.04587, 56.59999 ], [ 13.04737, 56.60066 ], [ 13.0506, 56.60039 ], [ 13.05351, 56.6009 ], [ 13.05414, 56.60159 ], [ 13.05599, 56.60211 ], [ 13.05739, 56.6011 ], [ 13.06206, 56.60279 ], [ 13.06102, 56.60379 ], [ 13.06355, 56.60388 ], [ 13.06361, 56.60336 ], [ 13.07491, 56.60754 ], [ 13.09283, 56.61304 ], [ 13.10136, 56.61453 ], [ 13.11281, 56.62158 ], [ 13.12217, 56.6261 ], [ 13.12988, 56.63055 ], [ 13.13086, 56.62934 ], [ 13.13185, 56.62913 ], [ 13.13197, 56.62819 ], [ 13.13334, 56.62761 ], [ 13.13369, 56.62676 ], [ 13.13313, 56.62625 ], [ 13.13419, 56.62583 ], [ 13.13437, 56.62499 ], [ 13.13636, 56.62359 ], [ 13.13938, 56.62446 ], [ 13.14183, 56.62451 ], [ 13.14411, 56.62624 ], [ 13.14426, 56.62711 ], [ 13.14751, 56.62874 ], [ 13.15077, 56.62861 ], [ 13.15223, 56.62946 ], [ 13.15802, 56.63029 ], [ 13.15844, 56.63102 ], [ 13.1601, 56.63147 ], [ 13.16415, 56.63433 ], [ 13.16593, 56.64613 ], [ 13.16409, 56.65026 ], [ 13.18412, 56.65075 ], [ 13.18797, 56.65035 ], [ 13.18777, 56.65066 ], [ 13.19644, 56.65408 ], [ 13.19081, 56.65968 ], [ 13.19107, 56.66116 ], [ 13.18941, 56.66235 ], [ 13.18731, 56.66293 ], [ 13.18087, 56.66367 ], [ 13.17748, 56.66635 ], [ 13.1751, 56.66676 ], [ 13.17445, 56.67062 ], [ 13.17324, 56.67287 ], [ 13.17427, 56.67425 ], [ 13.17881, 56.67443 ], [ 13.18849, 56.67556 ], [ 13.18981, 56.67694 ], [ 13.19597, 56.67656 ], [ 13.19644, 56.67602 ], [ 13.20216, 56.67539 ], [ 13.20288, 56.67581 ], [ 13.20544, 56.67615 ], [ 13.21962, 56.67617 ], [ 13.2227, 56.67383 ], [ 13.22483, 56.6748 ], [ 13.22437, 56.67543 ], [ 13.22517, 56.67623 ], [ 13.2304, 56.67542 ], [ 13.24149, 56.67513 ], [ 13.24926, 56.67533 ], [ 13.25967, 56.67644 ], [ 13.27802, 56.68006 ], [ 13.28384, 56.67889 ], [ 13.28847, 56.6791 ], [ 13.29128, 56.68358 ], [ 13.29571, 56.68537 ], [ 13.29836, 56.68762 ], [ 13.2985, 56.68727 ], [ 13.30294, 56.68571 ], [ 13.30654, 56.68577 ], [ 13.30779, 56.68547 ], [ 13.31588, 56.69227 ], [ 13.31665, 56.70128 ], [ 13.31513, 56.70231 ], [ 13.31717, 56.70356 ], [ 13.32177, 56.70514 ], [ 13.32239, 56.7061 ], [ 13.32511, 56.70757 ], [ 13.32497, 56.70922 ], [ 13.31712, 56.71952 ], [ 13.3165, 56.73029 ], [ 13.31825, 56.74 ], [ 13.3198, 56.75865 ], [ 13.31887, 56.78224 ], [ 13.31502, 56.79392 ], [ 13.30493, 56.80404 ], [ 13.3031, 56.8095 ], [ 13.30149, 56.8092 ], [ 13.29971, 56.81418 ], [ 13.30087, 56.81384 ], [ 13.30154, 56.81414 ], [ 13.29816, 56.82365 ], [ 13.2971, 56.83091 ], [ 13.29229, 56.83398 ], [ 13.28932, 56.83508 ], [ 13.28974, 56.83546 ], [ 13.28893, 56.83637 ], [ 13.28641, 56.8373 ], [ 13.28064, 56.84301 ], [ 13.2745, 56.84667 ], [ 13.26672, 56.85284 ], [ 13.26185, 56.85301 ], [ 13.25542, 56.84695 ], [ 13.25065, 56.84623 ], [ 13.24987, 56.84684 ], [ 13.24866, 56.84669 ], [ 13.24328, 56.84802 ], [ 13.24092, 56.84745 ], [ 13.24179, 56.8445 ], [ 13.23999, 56.84105 ], [ 13.2131, 56.83229 ], [ 13.20942, 56.83192 ], [ 13.20683, 56.83502 ], [ 13.20202, 56.83567 ], [ 13.19268, 56.83003 ], [ 13.18869, 56.82934 ], [ 13.185, 56.82987 ], [ 13.18043, 56.82803 ], [ 13.17968, 56.82727 ], [ 13.18073, 56.82605 ], [ 13.16306, 56.8272 ], [ 13.16034, 56.8309 ], [ 13.15608, 56.83982 ], [ 13.16078, 56.84729 ], [ 13.16309, 56.84922 ], [ 13.16173, 56.8499 ], [ 13.1662, 56.8556 ], [ 13.17873, 56.87439 ], [ 13.17523, 56.87598 ], [ 13.17681, 56.87778 ], [ 13.17198, 56.88083 ], [ 13.16391, 56.88307 ], [ 13.15587, 56.8835 ], [ 13.15409, 56.88277 ], [ 13.15036, 56.88647 ], [ 13.15089, 56.88842 ], [ 13.1464, 56.88885 ], [ 13.13716, 56.89213 ], [ 13.13084, 56.89138 ], [ 13.12575, 56.88989 ], [ 13.12134, 56.88765 ], [ 13.11814, 56.88439 ], [ 13.12064, 56.88031 ], [ 13.11736, 56.87893 ], [ 13.11694, 56.87773 ], [ 13.11827, 56.87539 ], [ 13.11705, 56.87458 ], [ 13.11805, 56.87378 ], [ 13.11607, 56.87092 ], [ 13.11499, 56.87087 ], [ 13.11553, 56.87019 ], [ 13.11475, 56.87012 ], [ 13.1163, 56.86934 ], [ 13.11634, 56.86792 ], [ 13.1127, 56.86769 ], [ 13.10635, 56.86537 ], [ 13.10364, 56.86484 ], [ 13.09782, 56.86765 ], [ 13.09607, 56.86797 ], [ 13.08765, 56.86588 ], [ 13.08338, 56.86354 ], [ 13.07613, 56.85813 ], [ 13.07436, 56.85098 ], [ 13.07178, 56.84777 ], [ 13.06743, 56.84419 ], [ 13.06326, 56.8438 ], [ 13.05576, 56.8424 ], [ 13.05373, 56.84168 ], [ 13.05143, 56.84251 ], [ 13.0485, 56.84248 ], [ 13.04635, 56.84155 ], [ 13.04485, 56.84158 ], [ 13.04386, 56.84104 ], [ 13.04314, 56.84109 ], [ 13.04223, 56.84188 ], [ 13.0395, 56.84286 ], [ 13.03453, 56.84351 ], [ 13.03357, 56.84586 ], [ 13.03491, 56.84654 ], [ 13.03502, 56.84816 ], [ 13.03595, 56.84976 ], [ 13.03536, 56.85068 ], [ 13.03296, 56.85083 ], [ 13.03084, 56.85161 ], [ 13.03252, 56.85375 ], [ 13.02481, 56.85679 ], [ 13.01544, 56.86126 ], [ 13.00108, 56.86533 ], [ 12.99879, 56.8727 ], [ 13.00138, 56.87507 ], [ 13.00008, 56.88 ], [ 13.00033, 56.88554 ], [ 12.9997, 56.88784 ], [ 13.00409, 56.88791 ], [ 13.00739, 56.89538 ], [ 13.00551, 56.89599 ], [ 13.00619, 56.8962 ], [ 13.00667, 56.89839 ], [ 12.99992, 56.89847 ], [ 13.00081, 56.89948 ], [ 13.00177, 56.90474 ], [ 13.00276, 56.90519 ], [ 13.00332, 56.90644 ], [ 13.00345, 56.90911 ], [ 13.00553, 56.91189 ], [ 13.00514, 56.91295 ], [ 13.00447, 56.91289 ], [ 13.00371, 56.91349 ], [ 13.0029, 56.91549 ], [ 13.00027, 56.91581 ], [ 12.99967, 56.91653 ], [ 12.99855, 56.91671 ], [ 12.99838, 56.91737 ], [ 12.9964, 56.91777 ], [ 12.99527, 56.91773 ], [ 12.99212, 56.91547 ], [ 12.99001, 56.91618 ], [ 12.98596, 56.9155 ], [ 12.98452, 56.91609 ], [ 12.98201, 56.91602 ], [ 12.97582, 56.91826 ], [ 12.97517, 56.92101 ], [ 12.9727, 56.92385 ], [ 12.96654, 56.92343 ], [ 12.96126, 56.92374 ], [ 12.96087, 56.92309 ], [ 12.95197, 56.92285 ], [ 12.9498, 56.92129 ], [ 12.94866, 56.91975 ], [ 12.94405, 56.92127 ], [ 12.94212, 56.92231 ], [ 12.94286, 56.92686 ], [ 12.94212, 56.92896 ], [ 12.9399, 56.93087 ], [ 12.93864, 56.93352 ], [ 12.9402, 56.93317 ], [ 12.93571, 56.93519 ], [ 12.93658, 56.93806 ], [ 12.93535, 56.9436 ], [ 12.93353, 56.94441 ], [ 12.93007, 56.94251 ], [ 12.92467, 56.94186 ], [ 12.92444, 56.94117 ], [ 12.92337, 56.94075 ], [ 12.92107, 56.9413 ], [ 12.9196, 56.94104 ], [ 12.91298, 56.943 ], [ 12.91276, 56.94337 ], [ 12.91173, 56.9433 ], [ 12.91061, 56.94232 ], [ 12.90823, 56.9417 ], [ 12.9074, 56.93988 ], [ 12.90637, 56.94002 ], [ 12.90492, 56.9388 ], [ 12.90395, 56.93872 ], [ 12.9017, 56.93658 ], [ 12.89991, 56.93643 ], [ 12.90035, 56.93481 ], [ 12.89901, 56.93536 ], [ 12.89826, 56.93498 ], [ 12.89862, 56.93452 ], [ 12.89736, 56.93431 ], [ 12.89528, 56.93588 ], [ 12.89526, 56.93365 ], [ 12.89348, 56.93241 ], [ 12.89343, 56.9319 ], [ 12.89218, 56.93226 ], [ 12.89192, 56.93205 ], [ 12.89223, 56.92925 ], [ 12.89347, 56.92919 ], [ 12.89431, 56.92847 ], [ 12.89267, 56.92743 ], [ 12.89379, 56.92508 ], [ 12.89252, 56.92427 ], [ 12.89009, 56.92133 ], [ 12.89062, 56.9205 ], [ 12.88864, 56.91871 ], [ 12.88635, 56.91819 ], [ 12.88588, 56.91641 ], [ 12.87944, 56.91427 ], [ 12.88014, 56.91295 ], [ 12.87878, 56.91155 ], [ 12.87885, 56.91062 ], [ 12.87102, 56.90386 ], [ 12.87324, 56.89465 ], [ 12.87082, 56.89482 ], [ 12.86718, 56.89212 ], [ 12.86632, 56.88852 ], [ 12.86819, 56.88462 ], [ 12.87139, 56.88334 ], [ 12.87356, 56.88063 ], [ 12.87278, 56.87837 ], [ 12.87335, 56.87737 ], [ 12.87173, 56.87636 ], [ 12.87189, 56.87394 ], [ 12.86503, 56.87713 ], [ 12.86225, 56.87639 ], [ 12.86013, 56.87395 ], [ 12.8529, 56.87301 ], [ 12.85314, 56.87257 ], [ 12.85219, 56.87244 ], [ 12.8489, 56.87595 ], [ 12.83769, 56.87245 ], [ 12.84246, 56.87152 ], [ 12.84922, 56.87249 ], [ 12.84908, 56.87197 ], [ 12.84746, 56.87148 ], [ 12.85066, 56.87174 ], [ 12.85095, 56.86945 ], [ 12.84215, 56.87027 ], [ 12.82751, 56.87252 ], [ 12.80188, 56.86374 ], [ 12.78213, 56.86037 ], [ 12.78233, 56.85809 ], [ 12.78417, 56.85878 ], [ 12.78495, 56.85841 ], [ 12.81074, 56.86168 ], [ 12.82341, 56.86568 ], [ 12.84074, 56.86734 ], [ 12.84742, 56.86502 ], [ 12.84523, 56.8633 ], [ 12.85056, 56.8622 ], [ 12.84944, 56.86099 ], [ 12.84443, 56.85819 ], [ 12.84165, 56.85579 ], [ 12.83178, 56.85389 ], [ 12.82734, 56.85389 ], [ 12.81951, 56.85316 ], [ 12.81894, 56.8528 ], [ 12.81723, 56.85308 ], [ 12.81319, 56.85287 ], [ 12.80693, 56.85543 ], [ 12.7869, 56.856 ], [ 12.77656, 56.85589 ], [ 12.77452, 56.85531 ], [ 12.77189, 56.85654 ], [ 12.77095, 56.85569 ], [ 12.75813, 56.86025 ], [ 12.75305, 56.85814 ], [ 12.7533, 56.85766 ], [ 12.75103, 56.85579 ], [ 12.74972, 56.85556 ], [ 12.75041, 56.85459 ], [ 12.74757, 56.85395 ], [ 12.74769, 56.85368 ], [ 12.74942, 56.85356 ], [ 12.74649, 56.85272 ], [ 12.74653, 56.85152 ], [ 12.74447, 56.85094 ], [ 12.74323, 56.85155 ], [ 12.74233, 56.85083 ], [ 12.74322, 56.84817 ], [ 12.74421, 56.84787 ], [ 12.74318, 56.84746 ], [ 12.74437, 56.84643 ], [ 12.74373, 56.84513 ], [ 12.74088, 56.84452 ], [ 12.74042, 56.84513 ], [ 12.74024, 56.84455 ], [ 12.74118, 56.84365 ], [ 12.7402, 56.84353 ], [ 12.73916, 56.84538 ], [ 12.73835, 56.84513 ], [ 12.73833, 56.84457 ], [ 12.73603, 56.84459 ], [ 12.73492, 56.84531 ], [ 12.73223, 56.84556 ], [ 12.73165, 56.84662 ], [ 12.73095, 56.84669 ], [ 12.7305, 56.84456 ], [ 12.72875, 56.84461 ], [ 12.72621, 56.84314 ], [ 12.72706, 56.84197 ], [ 12.72687, 56.84129 ], [ 12.7254, 56.84104 ], [ 12.72258, 56.83979 ], [ 12.72051, 56.83756 ], [ 12.71685, 56.83761 ], [ 12.7182, 56.8369 ], [ 12.72025, 56.83401 ], [ 12.71932, 56.83355 ], [ 12.71994, 56.83325 ], [ 12.71873, 56.8318 ], [ 12.71518, 56.8321 ], [ 12.71187, 56.83385 ], [ 12.70334, 56.82938 ], [ 12.69504, 56.82699 ], [ 12.69441, 56.8262 ], [ 12.69482, 56.82504 ], [ 12.69439, 56.82447 ], [ 12.69197, 56.82358 ], [ 12.6912, 56.82367 ], [ 12.68798, 56.82151 ], [ 12.68427, 56.82066 ], [ 12.68607, 56.81949 ], [ 12.68412, 56.81778 ], [ 12.68335, 56.81785 ], [ 12.68098, 56.81563 ], [ 12.6825, 56.81349 ], [ 12.68002, 56.81306 ], [ 12.68005, 56.81392 ], [ 12.67525, 56.8153 ], [ 12.66592, 56.81471 ], [ 12.65978, 56.81102 ], [ 12.65242, 56.80081 ], [ 12.64985, 56.80301 ], [ 12.65197, 56.80461 ], [ 12.64993, 56.80538 ], [ 12.64865, 56.80639 ], [ 12.64542, 56.80557 ], [ 12.64204, 56.80243 ], [ 12.63672, 56.80325 ], [ 12.62986, 56.80311 ], [ 12.63176, 56.79782 ], [ 12.63608, 56.7985 ], [ 12.63694, 56.79467 ], [ 12.64311, 56.79447 ], [ 12.63163, 56.78468 ], [ 12.62655, 56.78539 ], [ 12.62133, 56.78291 ], [ 12.62114, 56.78224 ], [ 12.62051, 56.78224 ], [ 12.61747, 56.78009 ], [ 12.61765, 56.77974 ], [ 12.6183, 56.77975 ], [ 12.61835, 56.77903 ], [ 12.61643, 56.77828 ], [ 12.61591, 56.77611 ], [ 12.61526, 56.7761 ], [ 12.61537, 56.7743 ], [ 12.61472, 56.77429 ], [ 12.6161, 56.77324 ], [ 12.61806, 56.77328 ], [ 12.61808, 56.77292 ], [ 12.61941, 56.77258 ], [ 12.61948, 56.7715 ], [ 12.61883, 56.77149 ], [ 12.61896, 56.76934 ], [ 12.61962, 56.76935 ], [ 12.61964, 56.76899 ], [ 12.62095, 56.76902 ], [ 12.62097, 56.76866 ], [ 12.62293, 56.76869 ], [ 12.62363, 56.76799 ], [ 12.62494, 56.76801 ], [ 12.62498, 56.7673 ], [ 12.62631, 56.76696 ], [ 12.62701, 56.76626 ], [ 12.62767, 56.76627 ], [ 12.62764, 56.76663 ], [ 12.6296, 56.76667 ], [ 12.62967, 56.76559 ], [ 12.631, 56.76525 ], [ 12.63109, 56.76382 ], [ 12.63044, 56.76381 ], [ 12.63051, 56.76273 ], [ 12.62985, 56.76272 ], [ 12.62992, 56.76164 ], [ 12.62927, 56.76163 ], [ 12.62929, 56.76127 ], [ 12.6313, 56.76059 ], [ 12.63134, 56.75987 ], [ 12.63069, 56.75986 ], [ 12.63008, 56.75913 ], [ 12.62877, 56.7591 ], [ 12.62884, 56.75802 ], [ 12.62949, 56.75804 ], [ 12.62952, 56.75768 ], [ 12.63082, 56.7577 ], [ 12.63087, 56.75698 ], [ 12.63022, 56.75697 ], [ 12.62965, 56.75552 ], [ 12.629, 56.75551 ], [ 12.62839, 56.75478 ], [ 12.62708, 56.75475 ], [ 12.62521, 56.75328 ], [ 12.62393, 56.7529 ], [ 12.62402, 56.75146 ], [ 12.62271, 56.75144 ], [ 12.62273, 56.75108 ], [ 12.62404, 56.7511 ], [ 12.62406, 56.75074 ], [ 12.62472, 56.75076 ], [ 12.62476, 56.75004 ], [ 12.62285, 56.74928 ], [ 12.62289, 56.74856 ], [ 12.62485, 56.7486 ], [ 12.62488, 56.74824 ], [ 12.62553, 56.74825 ], [ 12.62558, 56.74754 ], [ 12.62362, 56.7475 ], [ 12.62371, 56.74606 ], [ 12.62436, 56.74608 ], [ 12.6244, 56.74536 ], [ 12.62506, 56.74537 ], [ 12.6251, 56.74465 ], [ 12.6238, 56.74463 ], [ 12.6245, 56.74392 ], [ 12.62384, 56.74391 ], [ 12.62389, 56.74319 ], [ 12.62454, 56.7432 ], [ 12.62456, 56.74284 ], [ 12.62587, 56.74287 ], [ 12.62592, 56.74215 ], [ 12.62722, 56.74218 ], [ 12.62725, 56.74182 ], [ 12.62921, 56.74185 ], [ 12.6299, 56.74115 ], [ 12.63123, 56.74081 ], [ 12.6327, 56.73833 ], [ 12.634, 56.73835 ], [ 12.63403, 56.73799 ], [ 12.63468, 56.738 ], [ 12.63475, 56.73693 ], [ 12.63605, 56.73695 ], [ 12.63675, 56.73625 ], [ 12.63806, 56.73627 ], [ 12.63808, 56.73591 ], [ 12.63941, 56.73558 ], [ 12.63952, 56.73378 ], [ 12.64018, 56.73379 ], [ 12.6402, 56.73343 ], [ 12.64281, 56.73348 ], [ 12.64356, 56.73206 ], [ 12.64421, 56.73207 ], [ 12.64425, 56.73135 ], [ 12.64491, 56.73137 ], [ 12.64511, 56.72814 ], [ 12.64446, 56.72812 ], [ 12.6445, 56.72741 ], [ 12.64385, 56.72739 ], [ 12.64387, 56.72703 ], [ 12.64256, 56.72701 ], [ 12.64265, 56.72557 ], [ 12.642, 56.72556 ], [ 12.64209, 56.72412 ], [ 12.64144, 56.72411 ], [ 12.64146, 56.72375 ], [ 12.64277, 56.72378 ], [ 12.64482, 56.72238 ], [ 12.64614, 56.72204 ], [ 12.64689, 56.72062 ], [ 12.64754, 56.72063 ], [ 12.64752, 56.72099 ], [ 12.64948, 56.72103 ], [ 12.64945, 56.72139 ], [ 12.65141, 56.72142 ], [ 12.65202, 56.72216 ], [ 12.65333, 56.72218 ], [ 12.6533, 56.72254 ], [ 12.65463, 56.7222 ], [ 12.65524, 56.72293 ], [ 12.65655, 56.72296 ], [ 12.65653, 56.72332 ], [ 12.65914, 56.72337 ], [ 12.65916, 56.72301 ], [ 12.66047, 56.72303 ], [ 12.66116, 56.72233 ], [ 12.66247, 56.72235 ], [ 12.66249, 56.72199 ], [ 12.66382, 56.72166 ], [ 12.66391, 56.72022 ], [ 12.66654, 56.71991 ], [ 12.66927, 56.71817 ], [ 12.66992, 56.71818 ], [ 12.66994, 56.71782 ], [ 12.6706, 56.71783 ], [ 12.67062, 56.71747 ], [ 12.67127, 56.71748 ], [ 12.67129, 56.71712 ], [ 12.67195, 56.71714 ], [ 12.67197, 56.71678 ], [ 12.6733, 56.71644 ], [ 12.67334, 56.71572 ], [ 12.67534, 56.71504 ], [ 12.67539, 56.71433 ], [ 12.67672, 56.71399 ], [ 12.67746, 56.71257 ], [ 12.67879, 56.71223 ], [ 12.67885, 56.71115 ], [ 12.6795, 56.71117 ], [ 12.67955, 56.71045 ], [ 12.6802, 56.71046 ], [ 12.68025, 56.70974 ], [ 12.6809, 56.70975 ], [ 12.68166, 56.70797 ], [ 12.68231, 56.70798 ], [ 12.6831, 56.70584 ], [ 12.68375, 56.70585 ], [ 12.68386, 56.70406 ], [ 12.68452, 56.70407 ], [ 12.68552, 56.69834 ], [ 12.68487, 56.69833 ], [ 12.68496, 56.69689 ], [ 12.6843, 56.69688 ], [ 12.68435, 56.69616 ], [ 12.6798, 56.69571 ], [ 12.67982, 56.69536 ], [ 12.67917, 56.69534 ], [ 12.67924, 56.69427 ], [ 12.68054, 56.69429 ], [ 12.68057, 56.69393 ], [ 12.68122, 56.69394 ], [ 12.68124, 56.69358 ], [ 12.67996, 56.6932 ], [ 12.68, 56.69248 ], [ 12.67935, 56.69247 ], [ 12.67948, 56.69032 ], [ 12.68013, 56.69033 ], [ 12.68018, 56.68961 ], [ 12.67953, 56.6896 ], [ 12.67955, 56.68924 ], [ 12.68087, 56.6889 ], [ 12.68092, 56.68819 ], [ 12.68027, 56.68817 ], [ 12.6797, 56.68673 ], [ 12.6784, 56.6867 ], [ 12.67844, 56.68598 ], [ 12.67977, 56.68565 ], [ 12.67979, 56.68529 ], [ 12.67914, 56.68528 ], [ 12.67918, 56.68456 ], [ 12.67983, 56.68457 ], [ 12.6799, 56.68349 ], [ 12.68123, 56.68316 ], [ 12.68127, 56.68244 ], [ 12.68062, 56.68243 ], [ 12.68071, 56.68099 ], [ 12.68203, 56.68066 ], [ 12.68273, 56.67995 ], [ 12.68401, 56.68034 ], [ 12.68471, 56.67963 ], [ 12.68862, 56.6797 ], [ 12.68986, 56.6808 ], [ 12.69897, 56.68133 ], [ 12.69895, 56.68169 ], [ 12.70482, 56.6818 ], [ 12.70552, 56.68109 ], [ 12.71009, 56.68118 ], [ 12.71078, 56.68047 ], [ 12.71209, 56.6805 ], [ 12.71213, 56.67978 ], [ 12.71346, 56.67944 ], [ 12.71348, 56.67908 ], [ 12.7148, 56.67875 ], [ 12.71485, 56.67803 ], [ 12.71617, 56.67769 ], [ 12.71622, 56.67698 ], [ 12.71822, 56.67629 ], [ 12.71896, 56.67487 ], [ 12.71961, 56.67488 ], [ 12.71965, 56.67416 ], [ 12.72031, 56.67418 ], [ 12.72107, 56.67239 ], [ 12.72307, 56.67171 ], [ 12.72381, 56.67029 ], [ 12.72446, 56.6703 ], [ 12.7245, 56.66958 ], [ 12.72515, 56.66959 ], [ 12.72522, 56.66851 ], [ 12.72587, 56.66853 ], [ 12.72591, 56.66781 ], [ 12.72657, 56.66782 ], [ 12.72735, 56.66568 ], [ 12.728, 56.66569 ], [ 12.72882, 56.66283 ], [ 12.72948, 56.66284 ], [ 12.72958, 56.66104 ], [ 12.73024, 56.66106 ], [ 12.73045, 56.65747 ], [ 12.73241, 56.6575 ], [ 12.73243, 56.65714 ], [ 12.73113, 56.65712 ], [ 12.73075, 56.65244 ], [ 12.7301, 56.65243 ], [ 12.73023, 56.65027 ], [ 12.72958, 56.65026 ], [ 12.72906, 56.64809 ], [ 12.72841, 56.64808 ], [ 12.72784, 56.64663 ], [ 12.72526, 56.64623 ], [ 12.72528, 56.64587 ], [ 12.72397, 56.64584 ], [ 12.72399, 56.64549 ], [ 12.72271, 56.6451 ], [ 12.72273, 56.64474 ], [ 12.72406, 56.64441 ], [ 12.7241, 56.64369 ], [ 12.72541, 56.64371 ], [ 12.72543, 56.64335 ], [ 12.72675, 56.64302 ], [ 12.72684, 56.64158 ], [ 12.72816, 56.64125 ], [ 12.72821, 56.64053 ], [ 12.72886, 56.64054 ], [ 12.72888, 56.64018 ], [ 12.73018, 56.64021 ], [ 12.73016, 56.64057 ], [ 12.73212, 56.6406 ], [ 12.73203, 56.64204 ], [ 12.73268, 56.64205 ], [ 12.73266, 56.64241 ], [ 12.73529, 56.6421 ], [ 12.73531, 56.64174 ], [ 12.73661, 56.64176 ], [ 12.73664, 56.6414 ], [ 12.7399, 56.64146 ], [ 12.7405, 56.64219 ], [ 12.74181, 56.64222 ], [ 12.74179, 56.64257 ], [ 12.74244, 56.64259 ], [ 12.74235, 56.64402 ], [ 12.74496, 56.64407 ], [ 12.74489, 56.64515 ], [ 12.74618, 56.64553 ], [ 12.74613, 56.64625 ], [ 12.75202, 56.646 ], [ 12.752, 56.64635 ], [ 12.75461, 56.6464 ], [ 12.75585, 56.6475 ], [ 12.76171, 56.64761 ], [ 12.76173, 56.64725 ], [ 12.76304, 56.64727 ], [ 12.7631, 56.64619 ], [ 12.76375, 56.64621 ], [ 12.76377, 56.64585 ], [ 12.76508, 56.64587 ], [ 12.7651, 56.64551 ], [ 12.76836, 56.64557 ], [ 12.76905, 56.64486 ], [ 12.77036, 56.64489 ], [ 12.77038, 56.64453 ], [ 12.77103, 56.64454 ], [ 12.77107, 56.64382 ], [ 12.77237, 56.64384 ], [ 12.77244, 56.64277 ], [ 12.77374, 56.64279 ], [ 12.77378, 56.64207 ], [ 12.77509, 56.6421 ], [ 12.77511, 56.64174 ], [ 12.77576, 56.64175 ], [ 12.77572, 56.64247 ], [ 12.77507, 56.64246 ], [ 12.77568, 56.64318 ], [ 12.77767, 56.6425 ], [ 12.77774, 56.64142 ], [ 12.77839, 56.64144 ], [ 12.77837, 56.6418 ], [ 12.77967, 56.64182 ], [ 12.77969, 56.64146 ], [ 12.7823, 56.64151 ], [ 12.78232, 56.64115 ], [ 12.78427, 56.64118 ], [ 12.78425, 56.64154 ], [ 12.78684, 56.64195 ], [ 12.78678, 56.64302 ], [ 12.79134, 56.6431 ], [ 12.79136, 56.64275 ], [ 12.79266, 56.64277 ], [ 12.79256, 56.64456 ], [ 12.78989, 56.64559 ], [ 12.7898, 56.64703 ], [ 12.78915, 56.64702 ], [ 12.78911, 56.64774 ], [ 12.79039, 56.64812 ], [ 12.79035, 56.64884 ], [ 12.79231, 56.64887 ], [ 12.79233, 56.64851 ], [ 12.79298, 56.64853 ], [ 12.79296, 56.64888 ], [ 12.79361, 56.6489 ], [ 12.79357, 56.64961 ], [ 12.79487, 56.64964 ], [ 12.79548, 56.65037 ], [ 12.79679, 56.65039 ], [ 12.79676, 56.65075 ], [ 12.79872, 56.65078 ], [ 12.7987, 56.65114 ], [ 12.81111, 56.651 ], [ 12.81104, 56.65208 ], [ 12.81039, 56.65207 ], [ 12.81035, 56.65279 ], [ 12.8097, 56.65277 ], [ 12.80966, 56.65349 ], [ 12.809, 56.65348 ], [ 12.80888, 56.65564 ], [ 12.80823, 56.65562 ], [ 12.8088, 56.65707 ], [ 12.80945, 56.65708 ], [ 12.80943, 56.65744 ], [ 12.81073, 56.65747 ], [ 12.81197, 56.65857 ], [ 12.81328, 56.65859 ], [ 12.81326, 56.65895 ], [ 12.81584, 56.65935 ], [ 12.81582, 56.65971 ], [ 12.82232, 56.66019 ], [ 12.8223, 56.66054 ], [ 12.82361, 56.66057 ], [ 12.82352, 56.662 ], [ 12.8267, 56.6635 ], [ 12.82731, 56.66423 ], [ 12.83448, 56.66435 ], [ 12.83451, 56.66399 ], [ 12.83646, 56.66403 ], [ 12.83648, 56.66367 ], [ 12.83909, 56.66371 ], [ 12.83911, 56.66335 ], [ 12.84042, 56.66338 ], [ 12.84111, 56.66267 ], [ 12.84241, 56.66269 ], [ 12.84512, 56.66094 ], [ 12.84578, 56.66095 ], [ 12.8458, 56.66059 ], [ 12.84712, 56.66026 ], [ 12.84785, 56.65883 ], [ 12.84851, 56.65884 ], [ 12.84847, 56.65956 ], [ 12.84912, 56.65957 ], [ 12.84973, 56.6603 ], [ 12.85103, 56.66033 ], [ 12.85105, 56.65997 ], [ 12.85171, 56.65998 ], [ 12.85179, 56.65854 ], [ 12.85309, 56.65856 ], [ 12.85315, 56.65749 ], [ 12.85187, 56.6571 ], [ 12.8513, 56.65566 ], [ 12.85065, 56.65565 ], [ 12.85069, 56.65493 ], [ 12.85199, 56.65495 ], [ 12.85201, 56.65459 ], [ 12.85519, 56.65608 ], [ 12.85515, 56.6568 ], [ 12.85706, 56.65755 ], [ 12.85768, 56.65828 ], [ 12.85898, 56.65831 ], [ 12.859, 56.65795 ], [ 12.85965, 56.65796 ], [ 12.85967, 56.6576 ], [ 12.85839, 56.65722 ], [ 12.85843, 56.6565 ], [ 12.85778, 56.65649 ], [ 12.85786, 56.65505 ], [ 12.85721, 56.65504 ], [ 12.85723, 56.65468 ], [ 12.85592, 56.65466 ], [ 12.85594, 56.6543 ], [ 12.85277, 56.65281 ], [ 12.85279, 56.65245 ], [ 12.85213, 56.65244 ], [ 12.85152, 56.65171 ], [ 12.85022, 56.65168 ], [ 12.85024, 56.65133 ], [ 12.84502, 56.65123 ], [ 12.84505, 56.65088 ], [ 12.84244, 56.65083 ], [ 12.84246, 56.65047 ], [ 12.84181, 56.65046 ], [ 12.8425, 56.64975 ], [ 12.8438, 56.64978 ], [ 12.84382, 56.64942 ], [ 12.84578, 56.64945 ], [ 12.8459, 56.6473 ], [ 12.84525, 56.64728 ], [ 12.84527, 56.64693 ], [ 12.8479, 56.64661 ], [ 12.84792, 56.64625 ], [ 12.84987, 56.64629 ] ] ], [ [ [ 12.70946, 56.64845 ], [ 12.70881, 56.64844 ], [ 12.7089, 56.64701 ], [ 12.70824, 56.64699 ], [ 12.70827, 56.64663 ], [ 12.70892, 56.64665 ], [ 12.70896, 56.64593 ], [ 12.7122, 56.64635 ], [ 12.71222, 56.64599 ], [ 12.71355, 56.64565 ], [ 12.71352, 56.64601 ], [ 12.71418, 56.64602 ], [ 12.71409, 56.64746 ], [ 12.71474, 56.64747 ], [ 12.71398, 56.64926 ], [ 12.71333, 56.64924 ], [ 12.71331, 56.6496 ], [ 12.71135, 56.64957 ], [ 12.71137, 56.64921 ], [ 12.70877, 56.64916 ], [ 12.70879, 56.6488 ], [ 12.70944, 56.64881 ], [ 12.70946, 56.64845 ] ] ] ] } },
{ "type": "Feature", "properties": { "kn": "1381", "kom_namn": "Laholm" }, "geometry": { "type": "MultiPolygon", "coordinates": [ [ [ [ 13.04885, 56.35538 ], [ 13.05991, 56.35395 ], [ 13.06059, 56.35423 ], [ 13.06351, 56.35399 ], [ 13.06651, 56.35308 ], [ 13.07479, 56.35177 ], [ 13.09876, 56.35292 ], [ 13.09966, 56.35263 ], [ 13.10137, 56.35312 ], [ 13.10932, 56.35379 ], [ 13.11117, 56.35234 ], [ 13.11247, 56.35232 ], [ 13.1186, 56.3546 ], [ 13.13167, 56.35567 ], [ 13.14864, 56.35287 ], [ 13.15257, 56.35178 ], [ 13.17242, 56.34279 ], [ 13.18117, 56.34013 ], [ 13.18594, 56.33289 ], [ 13.18786, 56.32563 ], [ 13.19599, 56.32414 ], [ 13.21638, 56.32716 ], [ 13.22493, 56.33048 ], [ 13.2288, 56.33248 ], [ 13.24819, 56.34636 ], [ 13.24813, 56.34718 ], [ 13.24963, 56.34875 ], [ 13.25257, 56.34936 ], [ 13.25424, 56.35096 ], [ 13.25525, 56.3529 ], [ 13.2515, 56.35767 ], [ 13.29286, 56.38057 ], [ 13.2969, 56.38105 ], [ 13.29871, 56.3818 ], [ 13.30189, 56.38404 ], [ 13.30481, 56.38525 ], [ 13.31184, 56.38693 ], [ 13.31527, 56.38678 ], [ 13.31748, 56.38765 ], [ 13.3284, 56.38782 ], [ 13.33581, 56.38882 ], [ 13.33896, 56.38873 ], [ 13.34667, 56.39051 ], [ 13.36143, 56.40054 ], [ 13.3708, 56.40597 ], [ 13.37511, 56.40922 ], [ 13.38559, 56.41451 ], [ 13.38876, 56.41495 ], [ 13.39599, 56.41448 ], [ 13.40429, 56.41496 ], [ 13.40465, 56.41567 ], [ 13.43932, 56.41911 ], [ 13.44715, 56.4221 ], [ 13.4552, 56.4244 ], [ 13.45999, 56.42691 ], [ 13.46473, 56.43098 ], [ 13.46735, 56.43179 ], [ 13.46315, 56.44463 ], [ 13.46292, 56.44588 ], [ 13.46458, 56.44762 ], [ 13.46295, 56.44944 ], [ 13.46286, 56.45144 ], [ 13.45957, 56.4546 ], [ 13.44988, 56.46787 ], [ 13.44977, 56.47218 ], [ 13.45427, 56.48842 ], [ 13.45461, 56.49709 ], [ 13.4542, 56.49751 ], [ 13.45549, 56.49877 ], [ 13.46479, 56.51396 ], [ 13.46291, 56.51482 ], [ 13.45958, 56.52797 ], [ 13.4523, 56.54089 ], [ 13.43999, 56.55445 ], [ 13.44043, 56.55647 ], [ 13.43961, 56.55788 ], [ 13.44019, 56.55929 ], [ 13.43918, 56.5617 ], [ 13.43998, 56.563 ], [ 13.43938, 56.56437 ], [ 13.43998, 56.56605 ], [ 13.43945, 56.56817 ], [ 13.4382, 56.56976 ], [ 13.43846, 56.57046 ], [ 13.43989, 56.57126 ], [ 13.4309, 56.57401 ], [ 13.4291, 56.57433 ], [ 13.42706, 56.57368 ], [ 13.41781, 56.57764 ], [ 13.41311, 56.58347 ], [ 13.41113, 56.58423 ], [ 13.41124, 56.58562 ], [ 13.40868, 56.58849 ], [ 13.40517, 56.59058 ], [ 13.40412, 56.59207 ], [ 13.40253, 56.59249 ], [ 13.40267, 56.59417 ], [ 13.40426, 56.59489 ], [ 13.39758, 56.60885 ], [ 13.39727, 56.61574 ], [ 13.39566, 56.61761 ], [ 13.39299, 56.61952 ], [ 13.39306, 56.6207 ], [ 13.38055, 56.63561 ], [ 13.37895, 56.63652 ], [ 13.37597, 56.64611 ], [ 13.37122, 56.65182 ], [ 13.36414, 56.6651 ], [ 13.32827, 56.68769 ], [ 13.32376, 56.68625 ], [ 13.31609, 56.68792 ], [ 13.31318, 56.68791 ], [ 13.3108, 56.68718 ], [ 13.30998, 56.68618 ], [ 13.30805, 56.68543 ], [ 13.30654, 56.68577 ], [ 13.30294, 56.68571 ], [ 13.2985, 56.68727 ], [ 13.29836, 56.68762 ], [ 13.29571, 56.68537 ], [ 13.29128, 56.68358 ], [ 13.28847, 56.6791 ], [ 13.28384, 56.67889 ], [ 13.27802, 56.68006 ], [ 13.25967, 56.67644 ], [ 13.24926, 56.67533 ], [ 13.24149, 56.67513 ], [ 13.2304, 56.67542 ], [ 13.22517, 56.67623 ], [ 13.22437, 56.67543 ], [ 13.22483, 56.6748 ], [ 13.2227, 56.67383 ], [ 13.21962, 56.67617 ], [ 13.20544, 56.67615 ], [ 13.20288, 56.67581 ], [ 13.20216, 56.67539 ], [ 13.19644, 56.67602 ], [ 13.19597, 56.67656 ], [ 13.18981, 56.67694 ], [ 13.18849, 56.67556 ], [ 13.17881, 56.67443 ], [ 13.17427, 56.67425 ], [ 13.17324, 56.67287 ], [ 13.17445, 56.67062 ], [ 13.1751, 56.66676 ], [ 13.17748, 56.66635 ], [ 13.18087, 56.66367 ], [ 13.18731, 56.66293 ], [ 13.18941, 56.66235 ], [ 13.19107, 56.66116 ], [ 13.19081, 56.65968 ], [ 13.19644, 56.65408 ], [ 13.18777, 56.65066 ], [ 13.18797, 56.65035 ], [ 13.18412, 56.65075 ], [ 13.16409, 56.65026 ], [ 13.16593, 56.64613 ], [ 13.16415, 56.63433 ], [ 13.1601, 56.63147 ], [ 13.15844, 56.63102 ], [ 13.15802, 56.63029 ], [ 13.15223, 56.62946 ], [ 13.15077, 56.62861 ], [ 13.14767, 56.6288 ], [ 13.14426, 56.62711 ], [ 13.14411, 56.62624 ], [ 13.14183, 56.62451 ], [ 13.13761, 56.62412 ], [ 13.13667, 56.6235 ], [ 13.13437, 56.62499 ], [ 13.13419, 56.62583 ], [ 13.13313, 56.62625 ], [ 13.13369, 56.62676 ], [ 13.13334, 56.62761 ], [ 13.13197, 56.62819 ], [ 13.13185, 56.62913 ], [ 13.13086, 56.62934 ], [ 13.12988, 56.63055 ], [ 13.12217, 56.6261 ], [ 13.11281, 56.62158 ], [ 13.10136, 56.61453 ], [ 13.09283, 56.61304 ], [ 13.07491, 56.60754 ], [ 13.06361, 56.60336 ], [ 13.06355, 56.60388 ], [ 13.06102, 56.60379 ], [ 13.06206, 56.60279 ], [ 13.05739, 56.6011 ], [ 13.05599, 56.60211 ], [ 13.05414, 56.60159 ], [ 13.05351, 56.6009 ], [ 13.0506, 56.60039 ], [ 13.04737, 56.60066 ], [ 13.04587, 56.59999 ], [ 13.04571, 56.59897 ], [ 13.04042, 56.59678 ], [ 13.03569, 56.59609 ], [ 13.03297, 56.59636 ], [ 13.02769, 56.59566 ], [ 13.02841, 56.59479 ], [ 13.02717, 56.5946 ], [ 13.02763, 56.59386 ], [ 13.02683, 56.59367 ], [ 13.02688, 56.59272 ], [ 13.02497, 56.59137 ], [ 13.02496, 56.59056 ], [ 13.02435, 56.59041 ], [ 13.02387, 56.5908 ], [ 13.02284, 56.59052 ], [ 13.02238, 56.59099 ], [ 13.02185, 56.59089 ], [ 13.02206, 56.59025 ], [ 13.02317, 56.59022 ], [ 13.0231, 56.58982 ], [ 13.02234, 56.5893 ], [ 13.02145, 56.5894 ], [ 13.01912, 56.58785 ], [ 13.01681, 56.58782 ], [ 13.01738, 56.58691 ], [ 13.01663, 56.58671 ], [ 13.01764, 56.58611 ], [ 13.01703, 56.58575 ], [ 13.01732, 56.58536 ], [ 13.01513, 56.58496 ], [ 13.01735, 56.58384 ], [ 13.01591, 56.5836 ], [ 13.01657, 56.58283 ], [ 13.01605, 56.58229 ], [ 13.01744, 56.58187 ], [ 13.01675, 56.58152 ], [ 13.01728, 56.58117 ], [ 13.01696, 56.58079 ], [ 13.01895, 56.58014 ], [ 13.01905, 56.57931 ], [ 13.01962, 56.57932 ], [ 13.01896, 56.57735 ], [ 13.02021, 56.57633 ], [ 13.02004, 56.5759 ], [ 13.02113, 56.5757 ], [ 13.02147, 56.57522 ], [ 13.01995, 56.57459 ], [ 13.02017, 56.57392 ], [ 13.01928, 56.57368 ], [ 13.01762, 56.57391 ], [ 13.01687, 56.57324 ], [ 13.01556, 56.57316 ], [ 13.0138, 56.57382 ], [ 13.00969, 56.57352 ], [ 13.00926, 56.57305 ], [ 13.01019, 56.57246 ], [ 13.00947, 56.57089 ], [ 13.00666, 56.56851 ], [ 13.00661, 56.56768 ], [ 12.99639, 56.5592 ], [ 12.9876, 56.55679 ], [ 12.97401, 56.54239 ], [ 12.97344, 56.54237 ], [ 12.97344, 56.5429 ], [ 12.97196, 56.54302 ], [ 12.97205, 56.5439 ], [ 12.96875, 56.54581 ], [ 12.96806, 56.54693 ], [ 12.96822, 56.54824 ], [ 12.94561, 56.55346 ], [ 12.94575, 56.55085 ], [ 12.94839, 56.55018 ], [ 12.94912, 56.54875 ], [ 12.94977, 56.54876 ], [ 12.94981, 56.54804 ], [ 12.94916, 56.54803 ], [ 12.94918, 56.54767 ], [ 12.94723, 56.54764 ], [ 12.94727, 56.54692 ], [ 12.94662, 56.54691 ], [ 12.94675, 56.5444 ], [ 12.9461, 56.54439 ], [ 12.94612, 56.54403 ], [ 12.94677, 56.54404 ], [ 12.94681, 56.54332 ], [ 12.94616, 56.54331 ], [ 12.94651, 56.53685 ], [ 12.94586, 56.53684 ], [ 12.9461, 56.53253 ], [ 12.94545, 56.53252 ], [ 12.94562, 56.52928 ], [ 12.94497, 56.52927 ], [ 12.94516, 56.52568 ], [ 12.94451, 56.52567 ], [ 12.94465, 56.52316 ], [ 12.944, 56.52315 ], [ 12.94416, 56.52027 ], [ 12.94351, 56.52026 ], [ 12.94313, 56.51522 ], [ 12.94248, 56.51521 ], [ 12.9426, 56.51306 ], [ 12.94195, 56.51305 ], [ 12.94206, 56.51089 ], [ 12.94141, 56.51088 ], [ 12.94151, 56.50909 ], [ 12.94086, 56.50908 ], [ 12.94096, 56.50728 ], [ 12.94031, 56.50727 ], [ 12.94041, 56.50547 ], [ 12.93976, 56.50546 ], [ 12.9393, 56.50186 ], [ 12.93865, 56.50185 ], [ 12.93814, 56.49932 ], [ 12.93749, 56.49931 ], [ 12.937, 56.49643 ], [ 12.93635, 56.49642 ], [ 12.93641, 56.49534 ], [ 12.93576, 56.49533 ], [ 12.93584, 56.49389 ], [ 12.93519, 56.49388 ], [ 12.93525, 56.49281 ], [ 12.9346, 56.4928 ], [ 12.93466, 56.49172 ], [ 12.93401, 56.49171 ], [ 12.93408, 56.49027 ], [ 12.93344, 56.49026 ], [ 12.9329, 56.48809 ], [ 12.93225, 56.48808 ], [ 12.93229, 56.48737 ], [ 12.93164, 56.48735 ], [ 12.93172, 56.48592 ], [ 12.93107, 56.48591 ], [ 12.93111, 56.48519 ], [ 12.93046, 56.48518 ], [ 12.93052, 56.4841 ], [ 12.92987, 56.48409 ], [ 12.92932, 56.48228 ], [ 12.92867, 56.48227 ], [ 12.92814, 56.48011 ], [ 12.92749, 56.4801 ], [ 12.92753, 56.47938 ], [ 12.92688, 56.47937 ], [ 12.92692, 56.47865 ], [ 12.92627, 56.47864 ], [ 12.92631, 56.47792 ], [ 12.92566, 56.47791 ], [ 12.92513, 56.47574 ], [ 12.92448, 56.47573 ], [ 12.92452, 56.47501 ], [ 12.92387, 56.475 ], [ 12.92391, 56.47428 ], [ 12.92326, 56.47427 ], [ 12.9233, 56.47356 ], [ 12.92265, 56.47354 ], [ 12.92271, 56.47247 ], [ 12.92206, 56.47246 ], [ 12.9221, 56.47174 ], [ 12.92145, 56.47173 ], [ 12.92149, 56.47101 ], [ 12.92084, 56.471 ], [ 12.92088, 56.47028 ], [ 12.92023, 56.47027 ], [ 12.92027, 56.46955 ], [ 12.91963, 56.46954 ], [ 12.91968, 56.46846 ], [ 12.91904, 56.46845 ], [ 12.91907, 56.46773 ], [ 12.91843, 56.46772 ], [ 12.91847, 56.467 ], [ 12.91782, 56.46699 ], [ 12.91786, 56.46628 ], [ 12.91721, 56.46626 ], [ 12.91664, 56.46482 ], [ 12.91536, 56.46444 ], [ 12.9154, 56.46372 ], [ 12.91475, 56.46371 ], [ 12.91479, 56.46299 ], [ 12.91414, 56.46298 ], [ 12.91357, 56.46153 ], [ 12.91229, 56.46115 ], [ 12.91233, 56.46043 ], [ 12.91168, 56.46042 ], [ 12.91111, 56.45897 ], [ 12.90984, 56.45859 ], [ 12.90927, 56.45714 ], [ 12.90799, 56.45676 ], [ 12.90742, 56.45532 ], [ 12.90614, 56.45493 ], [ 12.90618, 56.45422 ], [ 12.90553, 56.45421 ], [ 12.90555, 56.45385 ], [ 12.90428, 56.45347 ], [ 12.90431, 56.45275 ], [ 12.90304, 56.45237 ], [ 12.90308, 56.45165 ], [ 12.9018, 56.45127 ], [ 12.90184, 56.45055 ], [ 12.89993, 56.4498 ], [ 12.89997, 56.44908 ], [ 12.89862, 56.4487 ], [ 12.94095, 56.43951 ], [ 12.94168, 56.44019 ], [ 12.94462, 56.44025 ], [ 12.94487, 56.43953 ], [ 12.94774, 56.44113 ], [ 12.95037, 56.44177 ], [ 12.9532, 56.44164 ], [ 12.95571, 56.44107 ], [ 12.95774, 56.43996 ], [ 12.95622, 56.43835 ], [ 12.95508, 56.43855 ], [ 12.95323, 56.43565 ], [ 12.9524, 56.43115 ], [ 12.96576, 56.4277 ], [ 12.96471, 56.42436 ], [ 12.96255, 56.42167 ], [ 12.96251, 56.41783 ], [ 12.95831, 56.4146 ], [ 12.95776, 56.4134 ], [ 12.96543, 56.41222 ], [ 12.96715, 56.41259 ], [ 12.96858, 56.41139 ], [ 12.96722, 56.40946 ], [ 12.9605, 56.40526 ], [ 12.96469, 56.40275 ], [ 12.96047, 56.40084 ], [ 12.95285, 56.39212 ], [ 12.95893, 56.39413 ], [ 12.96268, 56.39358 ], [ 12.96621, 56.39037 ], [ 12.96794, 56.3895 ], [ 12.96799, 56.38904 ], [ 12.96432, 56.38551 ], [ 12.96348, 56.38389 ], [ 12.96217, 56.38265 ], [ 12.9605, 56.38229 ], [ 12.95866, 56.37988 ], [ 12.95242, 56.37426 ], [ 12.94981, 56.36932 ], [ 12.96749, 56.36837 ], [ 12.97437, 56.3668 ], [ 12.97843, 56.36292 ], [ 12.98103, 56.3583 ], [ 12.99205, 56.35723 ], [ 13.03701, 56.35492 ], [ 13.04885, 56.35538 ] ] ] ] } },
{ "type": "Feature", "properties": { "kn": "1382", "kom_namn": "Falkenberg" }, "geometry": { "type": "MultiPolygon", "coordinates": [ [ [ [ 12.51793, 56.87162 ], [ 12.51925, 56.87164 ], [ 12.51864, 56.87091 ], [ 12.51929, 56.87093 ], [ 12.51936, 56.86985 ], [ 12.51871, 56.86984 ], [ 12.5181, 56.86911 ], [ 12.51941, 56.86913 ], [ 12.51939, 56.86949 ], [ 12.5207, 56.86952 ], [ 12.52068, 56.86988 ], [ 12.52133, 56.86989 ], [ 12.52124, 56.87132 ], [ 12.52189, 56.87134 ], [ 12.52184, 56.87206 ], [ 12.52774, 56.87217 ], [ 12.52981, 56.87078 ], [ 12.53243, 56.87083 ], [ 12.53245, 56.87047 ], [ 12.53376, 56.87049 ], [ 12.53582, 56.8691 ], [ 12.53716, 56.86876 ], [ 12.53721, 56.86805 ], [ 12.53854, 56.86771 ], [ 12.53929, 56.86629 ], [ 12.54063, 56.86596 ], [ 12.54067, 56.86524 ], [ 12.54133, 56.86525 ], [ 12.5414, 56.86417 ], [ 12.54205, 56.86419 ], [ 12.5428, 56.86276 ], [ 12.54414, 56.86243 ], [ 12.54489, 56.86101 ], [ 12.54554, 56.86102 ], [ 12.54559, 56.8603 ], [ 12.54625, 56.86031 ], [ 12.54632, 56.85924 ], [ 12.54697, 56.85925 ], [ 12.54702, 56.85853 ], [ 12.54767, 56.85855 ], [ 12.54772, 56.85783 ], [ 12.54838, 56.85784 ], [ 12.5492, 56.85534 ], [ 12.54789, 56.85531 ], [ 12.54793, 56.8546 ], [ 12.54665, 56.85421 ], [ 12.54672, 56.85313 ], [ 12.54606, 56.85312 ], [ 12.54623, 56.85061 ], [ 12.54557, 56.8506 ], [ 12.54559, 56.85024 ], [ 12.54428, 56.85021 ], [ 12.54499, 56.84951 ], [ 12.5463, 56.84953 ], [ 12.54632, 56.84917 ], [ 12.54697, 56.84919 ], [ 12.54707, 56.84775 ], [ 12.54515, 56.84699 ], [ 12.54595, 56.84485 ], [ 12.54466, 56.84447 ], [ 12.54468, 56.84411 ], [ 12.54599, 56.84413 ], [ 12.54674, 56.84271 ], [ 12.5474, 56.84272 ], [ 12.54737, 56.84308 ], [ 12.54934, 56.84312 ], [ 12.54939, 56.8424 ], [ 12.55004, 56.84242 ], [ 12.55006, 56.84206 ], [ 12.55072, 56.84207 ], [ 12.5507, 56.84243 ], [ 12.55332, 56.84248 ], [ 12.55334, 56.84212 ], [ 12.554, 56.84213 ], [ 12.55414, 56.83998 ], [ 12.55479, 56.83999 ], [ 12.55481, 56.83963 ], [ 12.55743, 56.83968 ], [ 12.55741, 56.84004 ], [ 12.5587, 56.84043 ], [ 12.55865, 56.84115 ], [ 12.55996, 56.84117 ], [ 12.56057, 56.8419 ], [ 12.56188, 56.84193 ], [ 12.56249, 56.84266 ], [ 12.56579, 56.84236 ], [ 12.56576, 56.84272 ], [ 12.56707, 56.84275 ], [ 12.56705, 56.84311 ], [ 12.57166, 56.84284 ], [ 12.57236, 56.84213 ], [ 12.575, 56.84182 ], [ 12.57503, 56.84147 ], [ 12.57568, 56.84148 ], [ 12.57575, 56.8404 ], [ 12.57704, 56.84079 ], [ 12.57697, 56.84186 ], [ 12.57828, 56.84189 ], [ 12.57844, 56.83938 ], [ 12.57975, 56.8394 ], [ 12.58181, 56.838 ], [ 12.58314, 56.83767 ], [ 12.58317, 56.83731 ], [ 12.58251, 56.8373 ], [ 12.58258, 56.83622 ], [ 12.58324, 56.83623 ], [ 12.58328, 56.83551 ], [ 12.58459, 56.83554 ], [ 12.5852, 56.83627 ], [ 12.58651, 56.8363 ], [ 12.58653, 56.83594 ], [ 12.58784, 56.83596 ], [ 12.58789, 56.83524 ], [ 12.58855, 56.83526 ], [ 12.58861, 56.83418 ], [ 12.58665, 56.83414 ], [ 12.58672, 56.83306 ], [ 12.58737, 56.83308 ], [ 12.58798, 56.83381 ], [ 12.59126, 56.83387 ], [ 12.59128, 56.83351 ], [ 12.59194, 56.83353 ], [ 12.59198, 56.83281 ], [ 12.59329, 56.83283 ], [ 12.59331, 56.83247 ], [ 12.59397, 56.83249 ], [ 12.59402, 56.83177 ], [ 12.59738, 56.83039 ], [ 12.59813, 56.82897 ], [ 12.60014, 56.82829 ], [ 12.60019, 56.82757 ], [ 12.60084, 56.82759 ], [ 12.60093, 56.82615 ], [ 12.60028, 56.82614 ], [ 12.60032, 56.82542 ], [ 12.60166, 56.82508 ], [ 12.60163, 56.82544 ], [ 12.6036, 56.82548 ], [ 12.60364, 56.82476 ], [ 12.60565, 56.82408 ], [ 12.6057, 56.82337 ], [ 12.60703, 56.82303 ], [ 12.60778, 56.82161 ], [ 12.60843, 56.82162 ], [ 12.60848, 56.8209 ], [ 12.60913, 56.82091 ], [ 12.6092, 56.81984 ], [ 12.60724, 56.8198 ], [ 12.60726, 56.81944 ], [ 12.60792, 56.81945 ], [ 12.60794, 56.81909 ], [ 12.60925, 56.81912 ], [ 12.60929, 56.8184 ], [ 12.60995, 56.81841 ], [ 12.61011, 56.8159 ], [ 12.61076, 56.81591 ], [ 12.61081, 56.8152 ], [ 12.61146, 56.81521 ], [ 12.61158, 56.81341 ], [ 12.61223, 56.81342 ], [ 12.61235, 56.81163 ], [ 12.613, 56.81164 ], [ 12.61305, 56.81092 ], [ 12.61113, 56.81017 ], [ 12.61052, 56.80944 ], [ 12.60921, 56.80941 ], [ 12.60822, 56.80436 ], [ 12.60757, 56.80435 ], [ 12.60761, 56.80363 ], [ 12.60633, 56.80325 ], [ 12.60576, 56.8018 ], [ 12.60511, 56.80179 ], [ 12.60513, 56.80143 ], [ 12.60579, 56.80144 ], [ 12.6059, 56.79964 ], [ 12.60525, 56.79963 ], [ 12.60527, 56.79927 ], [ 12.60396, 56.79925 ], [ 12.60399, 56.79889 ], [ 12.60532, 56.79855 ], [ 12.60543, 56.79676 ], [ 12.60609, 56.79677 ], [ 12.60611, 56.79641 ], [ 12.6087, 56.79682 ], [ 12.60886, 56.79431 ], [ 12.61019, 56.79397 ], [ 12.6108, 56.7947 ], [ 12.61211, 56.79473 ], [ 12.61218, 56.79365 ], [ 12.61153, 56.79364 ], [ 12.61155, 56.79328 ], [ 12.6122, 56.79329 ], [ 12.61227, 56.79222 ], [ 12.61293, 56.79223 ], [ 12.61297, 56.79151 ], [ 12.61363, 56.79152 ], [ 12.61367, 56.79081 ], [ 12.61433, 56.79082 ], [ 12.61593, 56.78618 ], [ 12.61528, 56.78616 ], [ 12.61534, 56.78509 ], [ 12.6128, 56.78396 ], [ 12.61284, 56.78324 ], [ 12.61219, 56.78323 ], [ 12.61228, 56.78179 ], [ 12.61361, 56.78146 ], [ 12.61366, 56.78074 ], [ 12.61627, 56.78079 ], [ 12.61632, 56.78007 ], [ 12.61833, 56.78041 ], [ 12.62051, 56.78224 ], [ 12.62114, 56.78224 ], [ 12.62133, 56.78291 ], [ 12.62655, 56.78539 ], [ 12.63163, 56.78468 ], [ 12.64311, 56.79447 ], [ 12.63694, 56.79467 ], [ 12.63608, 56.7985 ], [ 12.63176, 56.79782 ], [ 12.62986, 56.80311 ], [ 12.63672, 56.80325 ], [ 12.64204, 56.80243 ], [ 12.64542, 56.80557 ], [ 12.64865, 56.80639 ], [ 12.64993, 56.80538 ], [ 12.65197, 56.80461 ], [ 12.64985, 56.80301 ], [ 12.65242, 56.80081 ], [ 12.65978, 56.81102 ], [ 12.66592, 56.81471 ], [ 12.67525, 56.8153 ], [ 12.68005, 56.81392 ], [ 12.68002, 56.81306 ], [ 12.6825, 56.81349 ], [ 12.68098, 56.81563 ], [ 12.68335, 56.81785 ], [ 12.68412, 56.81778 ], [ 12.68607, 56.81949 ], [ 12.68427, 56.82066 ], [ 12.68798, 56.82151 ], [ 12.6912, 56.82367 ], [ 12.69197, 56.82358 ], [ 12.69439, 56.82447 ], [ 12.69482, 56.82504 ], [ 12.69441, 56.8262 ], [ 12.69504, 56.82699 ], [ 12.70334, 56.82938 ], [ 12.71187, 56.83385 ], [ 12.71518, 56.8321 ], [ 12.71873, 56.8318 ], [ 12.71994, 56.83325 ], [ 12.71932, 56.83355 ], [ 12.72025, 56.83401 ], [ 12.7182, 56.8369 ], [ 12.71685, 56.83761 ], [ 12.72051, 56.83756 ], [ 12.72258, 56.83979 ], [ 12.7254, 56.84104 ], [ 12.72687, 56.84129 ], [ 12.72706, 56.84197 ], [ 12.72621, 56.84314 ], [ 12.72875, 56.84461 ], [ 12.7305, 56.84456 ], [ 12.73095, 56.84669 ], [ 12.73165, 56.84662 ], [ 12.73223, 56.84556 ], [ 12.73492, 56.84531 ], [ 12.73603, 56.84459 ], [ 12.73833, 56.84457 ], [ 12.73835, 56.84513 ], [ 12.73916, 56.84538 ], [ 12.7402, 56.84353 ], [ 12.74118, 56.84365 ], [ 12.74024, 56.84455 ], [ 12.74042, 56.84513 ], [ 12.74088, 56.84452 ], [ 12.74373, 56.84513 ], [ 12.74437, 56.84643 ], [ 12.74318, 56.84746 ], [ 12.74421, 56.84787 ], [ 12.74322, 56.84817 ], [ 12.74233, 56.85083 ], [ 12.74323, 56.85155 ], [ 12.74447, 56.85094 ], [ 12.74653, 56.85152 ], [ 12.74649, 56.85272 ], [ 12.74942, 56.85356 ], [ 12.74769, 56.85368 ], [ 12.74757, 56.85395 ], [ 12.75041, 56.85459 ], [ 12.74972, 56.85556 ], [ 12.75103, 56.85579 ], [ 12.7533, 56.85766 ], [ 12.75305, 56.85814 ], [ 12.75813, 56.86025 ], [ 12.77095, 56.85569 ], [ 12.77189, 56.85654 ], [ 12.77452, 56.85531 ], [ 12.77656, 56.85589 ], [ 12.7869, 56.856 ], [ 12.80693, 56.85543 ], [ 12.81319, 56.85287 ], [ 12.81723, 56.85308 ], [ 12.81894, 56.8528 ], [ 12.81951, 56.85316 ], [ 12.82734, 56.85389 ], [ 12.83178, 56.85389 ], [ 12.84165, 56.85579 ], [ 12.84443, 56.85819 ], [ 12.84944, 56.86099 ], [ 12.85056, 56.8622 ], [ 12.84523, 56.8633 ], [ 12.84742, 56.86502 ], [ 12.84074, 56.86734 ], [ 12.82341, 56.86568 ], [ 12.81074, 56.86168 ], [ 12.78495, 56.85841 ], [ 12.78417, 56.85878 ], [ 12.78233, 56.85809 ], [ 12.78213, 56.86037 ], [ 12.80188, 56.86374 ], [ 12.82751, 56.87252 ], [ 12.84215, 56.87027 ], [ 12.85095, 56.86945 ], [ 12.85066, 56.87174 ], [ 12.84746, 56.87148 ], [ 12.84908, 56.87197 ], [ 12.84922, 56.87249 ], [ 12.84246, 56.87152 ], [ 12.83769, 56.87245 ], [ 12.8489, 56.87595 ], [ 12.85219, 56.87244 ], [ 12.85314, 56.87257 ], [ 12.8529, 56.87301 ], [ 12.86013, 56.87395 ], [ 12.86225, 56.87639 ], [ 12.86503, 56.87713 ], [ 12.87189, 56.87394 ], [ 12.87173, 56.87636 ], [ 12.87335, 56.87737 ], [ 12.87278, 56.87837 ], [ 12.87356, 56.88063 ], [ 12.87139, 56.88334 ], [ 12.86819, 56.88462 ], [ 12.86632, 56.88852 ], [ 12.86718, 56.89212 ], [ 12.87082, 56.89482 ], [ 12.87324, 56.89465 ], [ 12.87102, 56.90386 ], [ 12.87885, 56.91062 ], [ 12.87878, 56.91155 ], [ 12.88014, 56.91295 ], [ 12.87944, 56.91427 ], [ 12.88588, 56.91641 ], [ 12.88635, 56.91819 ], [ 12.88864, 56.91871 ], [ 12.89062, 56.9205 ], [ 12.89009, 56.92133 ], [ 12.89252, 56.92427 ], [ 12.89379, 56.92508 ], [ 12.89267, 56.92743 ], [ 12.89431, 56.92847 ], [ 12.89347, 56.92919 ], [ 12.89223, 56.92925 ], [ 12.89192, 56.93205 ], [ 12.89218, 56.93226 ], [ 12.89343, 56.9319 ], [ 12.89348, 56.93241 ], [ 12.89526, 56.93365 ], [ 12.89512, 56.93579 ], [ 12.8958, 56.93586 ], [ 12.89736, 56.93431 ], [ 12.89862, 56.93452 ], [ 12.89826, 56.93498 ], [ 12.89901, 56.93536 ], [ 12.90035, 56.93481 ], [ 12.89991, 56.93643 ], [ 12.9017, 56.93658 ], [ 12.90395, 56.93872 ], [ 12.90492, 56.9388 ], [ 12.90637, 56.94002 ], [ 12.9074, 56.93988 ], [ 12.90823, 56.9417 ], [ 12.91061, 56.94232 ], [ 12.91191, 56.94334 ], [ 12.91303, 56.94617 ], [ 12.91543, 56.94713 ], [ 12.91623, 56.94855 ], [ 12.91428, 56.9515 ], [ 12.91459, 56.95371 ], [ 12.91375, 56.95458 ], [ 12.9145, 56.9553 ], [ 12.91325, 56.95923 ], [ 12.91212, 56.95927 ], [ 12.9116, 56.95782 ], [ 12.91063, 56.95762 ], [ 12.90333, 56.95686 ], [ 12.90001, 56.95757 ], [ 12.89607, 56.95617 ], [ 12.89534, 56.95534 ], [ 12.89133, 56.9546 ], [ 12.88695, 56.95519 ], [ 12.88488, 56.95705 ], [ 12.88305, 56.95793 ], [ 12.88071, 56.95842 ], [ 12.8779, 56.95662 ], [ 12.87687, 56.95682 ], [ 12.87535, 56.95652 ], [ 12.87405, 56.9558 ], [ 12.86909, 56.95586 ], [ 12.86835, 56.95961 ], [ 12.87119, 56.96142 ], [ 12.87202, 56.96343 ], [ 12.87347, 56.96424 ], [ 12.87227, 56.96667 ], [ 12.87057, 56.96789 ], [ 12.87075, 56.96852 ], [ 12.86993, 56.96905 ], [ 12.86417, 56.97119 ], [ 12.85881, 56.96924 ], [ 12.85759, 56.96675 ], [ 12.8556, 56.96615 ], [ 12.85485, 56.96746 ], [ 12.85259, 56.96879 ], [ 12.84796, 56.96887 ], [ 12.84502, 56.96731 ], [ 12.83988, 56.96563 ], [ 12.83858, 56.96555 ], [ 12.82274, 56.97492 ], [ 12.82103, 56.9826 ], [ 12.82626, 56.98645 ], [ 12.82601, 56.98748 ], [ 12.82502, 56.9882 ], [ 12.82557, 56.98917 ], [ 12.82467, 56.99145 ], [ 12.82629, 56.99183 ], [ 12.83276, 56.9955 ], [ 12.83263, 57.00115 ], [ 12.83483, 57.00267 ], [ 12.83639, 57.00274 ], [ 12.83881, 57.00227 ], [ 12.84129, 57.00242 ], [ 12.84383, 57.00157 ], [ 12.84456, 57.00087 ], [ 12.84822, 57.00311 ], [ 12.85133, 57.00413 ], [ 12.84846, 57.00899 ], [ 12.84668, 57.01383 ], [ 12.84544, 57.0151 ], [ 12.85369, 57.01995 ], [ 12.85295, 57.02017 ], [ 12.85345, 57.0208 ], [ 12.85958, 57.02264 ], [ 12.87049, 57.02336 ], [ 12.87668, 57.02011 ], [ 12.88291, 57.01835 ], [ 12.89235, 57.02065 ], [ 12.89396, 57.02049 ], [ 12.89633, 57.02111 ], [ 12.8995, 57.02081 ], [ 12.89979, 57.02223 ], [ 12.9018, 57.02308 ], [ 12.90261, 57.02409 ], [ 12.90238, 57.02544 ], [ 12.90142, 57.02572 ], [ 12.90029, 57.02701 ], [ 12.90154, 57.02779 ], [ 12.90174, 57.02898 ], [ 12.90281, 57.02927 ], [ 12.90359, 57.029 ], [ 12.90577, 57.02981 ], [ 12.90728, 57.03138 ], [ 12.90691, 57.03214 ], [ 12.90742, 57.03271 ], [ 12.90943, 57.03337 ], [ 12.91131, 57.03463 ], [ 12.91122, 57.03504 ], [ 12.91425, 57.03665 ], [ 12.91442, 57.03753 ], [ 12.91287, 57.03916 ], [ 12.91378, 57.04018 ], [ 12.9134, 57.04102 ], [ 12.90814, 57.04285 ], [ 12.92026, 57.0504 ], [ 12.91865, 57.05416 ], [ 12.92625, 57.05556 ], [ 12.9367, 57.05829 ], [ 12.94387, 57.05737 ], [ 12.94326, 57.05542 ], [ 12.94376, 57.05504 ], [ 12.93799, 57.05131 ], [ 12.94129, 57.04908 ], [ 12.94123, 57.04825 ], [ 12.94057, 57.04826 ], [ 12.94006, 57.04767 ], [ 12.94028, 57.04655 ], [ 12.94262, 57.04707 ], [ 12.94602, 57.04725 ], [ 12.94956, 57.04553 ], [ 12.95238, 57.04546 ], [ 12.95469, 57.04471 ], [ 12.97192, 57.05103 ], [ 12.97207, 57.047 ], [ 12.97448, 57.04746 ], [ 12.98081, 57.04769 ], [ 12.99769, 57.0423 ], [ 13.00061, 57.03615 ], [ 13.00406, 57.03719 ], [ 13.0027, 57.04105 ], [ 13.01681, 57.04707 ], [ 13.00983, 57.05055 ], [ 13.01405, 57.05645 ], [ 13.02059, 57.07118 ], [ 13.02342, 57.0728 ], [ 13.02278, 57.07481 ], [ 13.02522, 57.08033 ], [ 13.02375, 57.08186 ], [ 13.02457, 57.08276 ], [ 13.02676, 57.08373 ], [ 13.02912, 57.08372 ], [ 13.03531, 57.08661 ], [ 13.03927, 57.08759 ], [ 13.04116, 57.0857 ], [ 13.04572, 57.08454 ], [ 13.04863, 57.08646 ], [ 13.05008, 57.08643 ], [ 13.05096, 57.08721 ], [ 13.05399, 57.08739 ], [ 13.05612, 57.08629 ], [ 13.05801, 57.08642 ], [ 13.06219, 57.08966 ], [ 13.06487, 57.09004 ], [ 13.06644, 57.09092 ], [ 13.06407, 57.09398 ], [ 13.0628, 57.09447 ], [ 13.07907, 57.0989 ], [ 13.08987, 57.10563 ], [ 13.08828, 57.10683 ], [ 13.08785, 57.11065 ], [ 13.08474, 57.11213 ], [ 13.08454, 57.11261 ], [ 13.09334, 57.11973 ], [ 13.09351, 57.12055 ], [ 13.09264, 57.12081 ], [ 13.09211, 57.12176 ], [ 13.09131, 57.12177 ], [ 13.09066, 57.12274 ], [ 13.09075, 57.12378 ], [ 13.09197, 57.12435 ], [ 13.09425, 57.12426 ], [ 13.09352, 57.12542 ], [ 13.09694, 57.12596 ], [ 13.09878, 57.12717 ], [ 13.09908, 57.12848 ], [ 13.0961, 57.12906 ], [ 13.09295, 57.12883 ], [ 13.09111, 57.1291 ], [ 13.08127, 57.12477 ], [ 13.0784, 57.12622 ], [ 13.07707, 57.12759 ], [ 13.08035, 57.12859 ], [ 13.08071, 57.13235 ], [ 13.10028, 57.14556 ], [ 13.09403, 57.1515 ], [ 13.09728, 57.1568 ], [ 13.09676, 57.1571 ], [ 13.09743, 57.15786 ], [ 13.09672, 57.15874 ], [ 13.0953, 57.15916 ], [ 13.09223, 57.15845 ], [ 13.0898, 57.15843 ], [ 13.08522, 57.15628 ], [ 13.07824, 57.1573 ], [ 13.07529, 57.15632 ], [ 13.0718, 57.15124 ], [ 13.07103, 57.15109 ], [ 13.07017, 57.15007 ], [ 13.06817, 57.15002 ], [ 13.06511, 57.14812 ], [ 13.05999, 57.14724 ], [ 13.05946, 57.14681 ], [ 13.05736, 57.14769 ], [ 13.05561, 57.14776 ], [ 13.05239, 57.14644 ], [ 13.05023, 57.14722 ], [ 13.0501, 57.14774 ], [ 13.05126, 57.14885 ], [ 13.04985, 57.14957 ], [ 13.04945, 57.1508 ], [ 13.0475, 57.15236 ], [ 13.04535, 57.15548 ], [ 13.04181, 57.15434 ], [ 13.03752, 57.15413 ], [ 13.03229, 57.15512 ], [ 13.02665, 57.15501 ], [ 13.02386, 57.15654 ], [ 13.02091, 57.15749 ], [ 13.02099, 57.15943 ], [ 13.023, 57.1609 ], [ 13.02211, 57.16339 ], [ 13.02354, 57.16431 ], [ 13.02403, 57.16545 ], [ 13.02252, 57.16662 ], [ 13.02453, 57.16753 ], [ 13.02472, 57.1685 ], [ 13.0277, 57.16986 ], [ 13.02913, 57.17275 ], [ 13.03172, 57.17506 ], [ 13.036, 57.1759 ], [ 13.03905, 57.17789 ], [ 13.03901, 57.18029 ], [ 13.0342, 57.17861 ], [ 13.031, 57.17845 ], [ 13.03026, 57.17941 ], [ 13.02692, 57.17993 ], [ 13.02551, 57.18059 ], [ 13.02263, 57.18026 ], [ 13.02136, 57.18135 ], [ 13.01339, 57.18153 ], [ 13.01307, 57.1824 ], [ 13.01146, 57.18229 ], [ 13.00768, 57.18101 ], [ 13.00538, 57.17896 ], [ 12.99955, 57.17734 ], [ 12.99411, 57.1785 ], [ 12.98865, 57.18129 ], [ 12.98559, 57.17884 ], [ 12.97396, 57.18325 ], [ 12.96983, 57.1809 ], [ 12.96805, 57.17854 ], [ 12.96726, 57.17838 ], [ 12.9673, 57.1789 ], [ 12.96295, 57.17737 ], [ 12.96034, 57.177 ], [ 12.95805, 57.17859 ], [ 12.95547, 57.17801 ], [ 12.95441, 57.17705 ], [ 12.95089, 57.17719 ], [ 12.94774, 57.17825 ], [ 12.94614, 57.17834 ], [ 12.94188, 57.17699 ], [ 12.93962, 57.17669 ], [ 12.9388, 57.17321 ], [ 12.93814, 57.17482 ], [ 12.93475, 57.17423 ], [ 12.92795, 57.17553 ], [ 12.92085, 57.1756 ], [ 12.91216, 57.18062 ], [ 12.91083, 57.18397 ], [ 12.91488, 57.18707 ], [ 12.91602, 57.19351 ], [ 12.91981, 57.19695 ], [ 12.92033, 57.19884 ], [ 12.92026, 57.20229 ], [ 12.91734, 57.21271 ], [ 12.91443, 57.21983 ], [ 12.91599, 57.22025 ], [ 12.9183, 57.22207 ], [ 12.91756, 57.22342 ], [ 12.92118, 57.22402 ], [ 12.92539, 57.22826 ], [ 12.935, 57.2275 ], [ 12.93906, 57.23141 ], [ 12.94589, 57.23597 ], [ 12.94978, 57.23744 ], [ 12.95238, 57.23913 ], [ 12.95416, 57.2412 ], [ 12.95296, 57.24263 ], [ 12.9537, 57.24346 ], [ 12.95204, 57.24631 ], [ 12.95026, 57.24783 ], [ 12.94916, 57.24806 ], [ 12.94599, 57.2483 ], [ 12.94467, 57.24739 ], [ 12.93383, 57.2507 ], [ 12.93215, 57.25011 ], [ 12.93064, 57.25151 ], [ 12.93138, 57.25412 ], [ 12.92737, 57.25641 ], [ 12.92793, 57.25686 ], [ 12.92773, 57.25757 ], [ 12.93024, 57.25878 ], [ 12.93355, 57.26122 ], [ 12.93186, 57.26285 ], [ 12.92952, 57.26385 ], [ 12.92125, 57.26456 ], [ 12.90612, 57.27035 ], [ 12.90395, 57.26917 ], [ 12.9025, 57.26911 ], [ 12.90162, 57.2678 ], [ 12.89384, 57.27028 ], [ 12.88142, 57.27149 ], [ 12.88029, 57.26965 ], [ 12.87004, 57.2678 ], [ 12.86248, 57.26863 ], [ 12.86077, 57.26562 ], [ 12.85079, 57.26801 ], [ 12.83615, 57.26972 ], [ 12.82691, 57.2777 ], [ 12.81696, 57.29344 ], [ 12.80879, 57.30079 ], [ 12.80754, 57.30111 ], [ 12.80749, 57.30034 ], [ 12.8011, 57.29719 ], [ 12.77908, 57.28431 ], [ 12.77954, 57.28051 ], [ 12.77794, 57.27798 ], [ 12.77551, 57.2758 ], [ 12.77261, 57.27678 ], [ 12.77119, 57.27648 ], [ 12.76939, 57.27531 ], [ 12.7628, 57.27341 ], [ 12.7636, 57.27006 ], [ 12.76099, 57.26987 ], [ 12.75419, 57.26804 ], [ 12.74047, 57.26738 ], [ 12.7385, 57.26673 ], [ 12.73668, 57.26502 ], [ 12.73615, 57.26333 ], [ 12.734, 57.26266 ], [ 12.73234, 57.26118 ], [ 12.73008, 57.26037 ], [ 12.72842, 57.25886 ], [ 12.72576, 57.2577 ], [ 12.72327, 57.25574 ], [ 12.7195, 57.25425 ], [ 12.71849, 57.25296 ], [ 12.71525, 57.25155 ], [ 12.71457, 57.25012 ], [ 12.71277, 57.24957 ], [ 12.70781, 57.24661 ], [ 12.69626, 57.24133 ], [ 12.6951, 57.24041 ], [ 12.69381, 57.24019 ], [ 12.69361, 57.23972 ], [ 12.68922, 57.2374 ], [ 12.6874, 57.23686 ], [ 12.6824, 57.23314 ], [ 12.67895, 57.23165 ], [ 12.67435, 57.2289 ], [ 12.67313, 57.22859 ], [ 12.67121, 57.22956 ], [ 12.66933, 57.22976 ], [ 12.66893, 57.23044 ], [ 12.66961, 57.23062 ], [ 12.66838, 57.23083 ], [ 12.66727, 57.23193 ], [ 12.66704, 57.23344 ], [ 12.66441, 57.23172 ], [ 12.6642, 57.23087 ], [ 12.66241, 57.23065 ], [ 12.65857, 57.22757 ], [ 12.65755, 57.22787 ], [ 12.65619, 57.22754 ], [ 12.65637, 57.22666 ], [ 12.65727, 57.22621 ], [ 12.65621, 57.22513 ], [ 12.65435, 57.22482 ], [ 12.65329, 57.22523 ], [ 12.65179, 57.22511 ], [ 12.65111, 57.22601 ], [ 12.64124, 57.22562 ], [ 12.64148, 57.22346 ], [ 12.63806, 57.22007 ], [ 12.63347, 57.21756 ], [ 12.63379, 57.21427 ], [ 12.62766, 57.21247 ], [ 12.62347, 57.20954 ], [ 12.62377, 57.20475 ], [ 12.62471, 57.20273 ], [ 12.62362, 57.20133 ], [ 12.62367, 57.20008 ], [ 12.62271, 57.19926 ], [ 12.62376, 57.19792 ], [ 12.62348, 57.19609 ], [ 12.62409, 57.19469 ], [ 12.62531, 57.19288 ], [ 12.63104, 57.19138 ], [ 12.63229, 57.19055 ], [ 12.63367, 57.19027 ], [ 12.6342, 57.18957 ], [ 12.6327, 57.18828 ], [ 12.63028, 57.18746 ], [ 12.6281, 57.18728 ], [ 12.62841, 57.18625 ], [ 12.62792, 57.18551 ], [ 12.63722, 57.18576 ], [ 12.63882, 57.18324 ], [ 12.6297, 57.18254 ], [ 12.62982, 57.17891 ], [ 12.63374, 57.17639 ], [ 12.63497, 57.17717 ], [ 12.63625, 57.17732 ], [ 12.63805, 57.17686 ], [ 12.63924, 57.17485 ], [ 12.64062, 57.17409 ], [ 12.64083, 57.1728 ], [ 12.64174, 57.17258 ], [ 12.64265, 57.17298 ], [ 12.64439, 57.17175 ], [ 12.64643, 57.17219 ], [ 12.6466, 57.17136 ], [ 12.64509, 57.16994 ], [ 12.64589, 57.16839 ], [ 12.64911, 57.16593 ], [ 12.64698, 57.16549 ], [ 12.64341, 57.16372 ], [ 12.64151, 57.16128 ], [ 12.63752, 57.1593 ], [ 12.63487, 57.15896 ], [ 12.63203, 57.16075 ], [ 12.6301, 57.16124 ], [ 12.62875, 57.16048 ], [ 12.62957, 57.15864 ], [ 12.62666, 57.1586 ], [ 12.6243, 57.15775 ], [ 12.62341, 57.15701 ], [ 12.61716, 57.15578 ], [ 12.61431, 57.15361 ], [ 12.61496, 57.14942 ], [ 12.61387, 57.14894 ], [ 12.61386, 57.14828 ], [ 12.61676, 57.1458 ], [ 12.61695, 57.14229 ], [ 12.61889, 57.1396 ], [ 12.61955, 57.13734 ], [ 12.61816, 57.13596 ], [ 12.61881, 57.13455 ], [ 12.61645, 57.13318 ], [ 12.61313, 57.13011 ], [ 12.60868, 57.12794 ], [ 12.60594, 57.12757 ], [ 12.6049, 57.12617 ], [ 12.60149, 57.12493 ], [ 12.57944, 57.11324 ], [ 12.57643, 57.11002 ], [ 12.57602, 57.10915 ], [ 12.57657, 57.1077 ], [ 12.57533, 57.10552 ], [ 12.57718, 57.10356 ], [ 12.57634, 57.09562 ], [ 12.57667, 57.09194 ], [ 12.57618, 57.0886 ], [ 12.57458, 57.08661 ], [ 12.57713, 57.08487 ], [ 12.57872, 57.08063 ], [ 12.58057, 57.07813 ], [ 12.5827, 57.07645 ], [ 12.5995, 57.06643 ], [ 12.59099, 57.06303 ], [ 12.57331, 57.05374 ], [ 12.57068, 57.05322 ], [ 12.57741, 57.04937 ], [ 12.58771, 57.04535 ], [ 12.58916, 57.04605 ], [ 12.59027, 57.04486 ], [ 12.59404, 57.04418 ], [ 12.59694, 57.04248 ], [ 12.60202, 57.04147 ], [ 12.60154, 57.03965 ], [ 12.60248, 57.03647 ], [ 12.60355, 57.03583 ], [ 12.60296, 57.03256 ], [ 12.60491, 57.03189 ], [ 12.60513, 57.03144 ], [ 12.60661, 57.03115 ], [ 12.60687, 57.03071 ], [ 12.60839, 57.03081 ], [ 12.60844, 57.02983 ], [ 12.60941, 57.02912 ], [ 12.60831, 57.02756 ], [ 12.60884, 57.02695 ], [ 12.60761, 57.02638 ], [ 12.60909, 57.02397 ], [ 12.60795, 57.02295 ], [ 12.60824, 57.0222 ], [ 12.60728, 57.02222 ], [ 12.60727, 57.0213 ], [ 12.60681, 57.02109 ], [ 12.60336, 57.02261 ], [ 12.60194, 57.02225 ], [ 12.59918, 57.02227 ], [ 12.5959, 57.02147 ], [ 12.59453, 57.02139 ], [ 12.5936, 57.02175 ], [ 12.59188, 57.0207 ], [ 12.59021, 57.0207 ], [ 12.58934, 57.02115 ], [ 12.58767, 57.02095 ], [ 12.58606, 57.01986 ], [ 12.58216, 57.01978 ], [ 12.57813, 57.01898 ], [ 12.57724, 57.01781 ], [ 12.57798, 57.01641 ], [ 12.57672, 57.0156 ], [ 12.57388, 57.01514 ], [ 12.56844, 57.01577 ], [ 12.55889, 57.01804 ], [ 12.55228, 57.01845 ], [ 12.5512, 57.01792 ], [ 12.55047, 57.01804 ], [ 12.54982, 57.01255 ], [ 12.54292, 57.00132 ], [ 12.53403, 56.99886 ], [ 12.52697, 56.9934 ], [ 12.51038, 56.99709 ], [ 12.51696, 57.00101 ], [ 12.48667, 57.00581 ], [ 12.48541, 57.00682 ], [ 12.48422, 57.01014 ], [ 12.48468, 57.01133 ], [ 12.48864, 57.01427 ], [ 12.48855, 57.01515 ], [ 12.48299, 57.01614 ], [ 12.47275, 57.0145 ], [ 12.46079, 57.0139 ], [ 12.45823, 57.01291 ], [ 12.45667, 57.013 ], [ 12.4568, 57.01066 ], [ 12.45615, 57.0088 ], [ 12.45562, 57.00897 ], [ 12.45336, 57.00737 ], [ 12.44169, 57.00965 ], [ 12.43961, 57.00938 ], [ 12.43759, 57.00988 ], [ 12.43497, 57.01168 ], [ 12.42727, 57.01215 ], [ 12.42648, 57.00982 ], [ 12.41193, 57.00424 ], [ 12.41007, 57.00177 ], [ 12.40861, 57.00084 ], [ 12.40527, 57.00166 ], [ 12.39622, 56.99792 ], [ 12.38965, 56.99673 ], [ 12.39018, 56.99479 ], [ 12.38146, 56.99581 ], [ 12.37249, 56.99532 ], [ 12.35979, 56.99159 ], [ 12.35984, 56.99096 ], [ 12.36118, 56.99063 ], [ 12.3612, 56.99027 ], [ 12.35992, 56.98989 ], [ 12.35938, 56.98808 ], [ 12.35741, 56.98804 ], [ 12.35749, 56.98696 ], [ 12.35815, 56.98697 ], [ 12.35817, 56.98661 ], [ 12.35686, 56.98659 ], [ 12.35691, 56.98587 ], [ 12.35625, 56.98586 ], [ 12.35628, 56.9855 ], [ 12.35759, 56.98552 ], [ 12.35767, 56.98445 ], [ 12.35638, 56.98406 ], [ 12.35635, 56.98442 ], [ 12.35504, 56.98439 ], [ 12.35519, 56.98224 ], [ 12.35453, 56.98222 ], [ 12.35456, 56.98186 ], [ 12.35587, 56.98189 ], [ 12.3559, 56.98153 ], [ 12.35656, 56.98155 ], [ 12.35661, 56.98083 ], [ 12.35726, 56.98084 ], [ 12.35731, 56.98013 ], [ 12.35797, 56.98014 ], [ 12.358, 56.97978 ], [ 12.35997, 56.97982 ], [ 12.36007, 56.97839 ], [ 12.36073, 56.9784 ], [ 12.36078, 56.97768 ], [ 12.36012, 56.97767 ], [ 12.36083, 56.97696 ], [ 12.35952, 56.97694 ], [ 12.35946, 56.97765 ], [ 12.35812, 56.97799 ], [ 12.35762, 56.97582 ], [ 12.35893, 56.97585 ], [ 12.35954, 56.97658 ], [ 12.3602, 56.97659 ], [ 12.36022, 56.97623 ], [ 12.36151, 56.97662 ], [ 12.36156, 56.9759 ], [ 12.36091, 56.97589 ], [ 12.36093, 56.97553 ], [ 12.35962, 56.9755 ], [ 12.35964, 56.97514 ], [ 12.35441, 56.97467 ], [ 12.35517, 56.97325 ], [ 12.35583, 56.97326 ], [ 12.35585, 56.9729 ], [ 12.35717, 56.97293 ], [ 12.35719, 56.97257 ], [ 12.35785, 56.97259 ], [ 12.3579, 56.97187 ], [ 12.35856, 56.97188 ], [ 12.35868, 56.97009 ], [ 12.35803, 56.97007 ], [ 12.35742, 56.96934 ], [ 12.35676, 56.96933 ], [ 12.35674, 56.96969 ], [ 12.35477, 56.96965 ], [ 12.35479, 56.96929 ], [ 12.35345, 56.96962 ], [ 12.35348, 56.96926 ], [ 12.35216, 56.96923 ], [ 12.35232, 56.96708 ], [ 12.35034, 56.96704 ], [ 12.34974, 56.9663 ], [ 12.34777, 56.96626 ], [ 12.34779, 56.9659 ], [ 12.34845, 56.96592 ], [ 12.34853, 56.96484 ], [ 12.34787, 56.96483 ], [ 12.34789, 56.96447 ], [ 12.34923, 56.96414 ], [ 12.34931, 56.96306 ], [ 12.34865, 56.96305 ], [ 12.34868, 56.96269 ], [ 12.35002, 56.96236 ], [ 12.35009, 56.96128 ], [ 12.35075, 56.96129 ], [ 12.3508, 56.96058 ], [ 12.35146, 56.96059 ], [ 12.35151, 56.95987 ], [ 12.35217, 56.95989 ], [ 12.35295, 56.9581 ], [ 12.35429, 56.95777 ], [ 12.35447, 56.95526 ], [ 12.35381, 56.95525 ], [ 12.35386, 56.95453 ], [ 12.35452, 56.95454 ], [ 12.3546, 56.95347 ], [ 12.35394, 56.95345 ], [ 12.35397, 56.95309 ], [ 12.35265, 56.95306 ], [ 12.35268, 56.95271 ], [ 12.35333, 56.95272 ], [ 12.35344, 56.95128 ], [ 12.35215, 56.9509 ], [ 12.3522, 56.95018 ], [ 12.35286, 56.95019 ], [ 12.35301, 56.94804 ], [ 12.35432, 56.94807 ], [ 12.35437, 56.94735 ], [ 12.35503, 56.94736 ], [ 12.35521, 56.94485 ], [ 12.35455, 56.94484 ], [ 12.35536, 56.9427 ], [ 12.35405, 56.94267 ], [ 12.35407, 56.94231 ], [ 12.35672, 56.94201 ], [ 12.35675, 56.94165 ], [ 12.35809, 56.94132 ], [ 12.35814, 56.9406 ], [ 12.3588, 56.94061 ], [ 12.3589, 56.93918 ], [ 12.35955, 56.93919 ], [ 12.35983, 56.93524 ], [ 12.35918, 56.93523 ], [ 12.35928, 56.93379 ], [ 12.35862, 56.93378 ], [ 12.35867, 56.93306 ], [ 12.35802, 56.93305 ], [ 12.35807, 56.93233 ], [ 12.35741, 56.93231 ], [ 12.3568, 56.93158 ], [ 12.35418, 56.93153 ], [ 12.35415, 56.93189 ], [ 12.35284, 56.93186 ], [ 12.35286, 56.9315 ], [ 12.35024, 56.93144 ], [ 12.35021, 56.9318 ], [ 12.34824, 56.93176 ], [ 12.34827, 56.9314 ], [ 12.34893, 56.93142 ], [ 12.34898, 56.9307 ], [ 12.34963, 56.93071 ], [ 12.34961, 56.93107 ], [ 12.35092, 56.9311 ], [ 12.35095, 56.93074 ], [ 12.35357, 56.9308 ], [ 12.35304, 56.92899 ], [ 12.35173, 56.92896 ], [ 12.35176, 56.9286 ], [ 12.35372, 56.92864 ], [ 12.3537, 56.929 ], [ 12.35436, 56.92901 ], [ 12.35438, 56.92866 ], [ 12.35635, 56.9287 ], [ 12.35633, 56.92906 ], [ 12.35698, 56.92907 ], [ 12.35701, 56.92871 ], [ 12.35832, 56.92874 ], [ 12.35835, 56.92838 ], [ 12.36032, 56.92842 ], [ 12.36034, 56.92806 ], [ 12.361, 56.92808 ], [ 12.36178, 56.9263 ], [ 12.36244, 56.92631 ], [ 12.36246, 56.92595 ], [ 12.36181, 56.92594 ], [ 12.36186, 56.92522 ], [ 12.35923, 56.92516 ], [ 12.35928, 56.92445 ], [ 12.35863, 56.92443 ], [ 12.35865, 56.92407 ], [ 12.356, 56.92438 ], [ 12.3561, 56.92294 ], [ 12.35744, 56.92261 ], [ 12.35749, 56.92189 ], [ 12.3588, 56.92192 ], [ 12.35883, 56.92156 ], [ 12.36017, 56.92123 ], [ 12.36022, 56.92051 ], [ 12.36153, 56.92054 ], [ 12.36166, 56.91874 ], [ 12.36231, 56.91876 ], [ 12.36234, 56.9184 ], [ 12.36365, 56.91843 ], [ 12.36368, 56.91807 ], [ 12.36433, 56.91808 ], [ 12.36438, 56.91736 ], [ 12.36572, 56.91703 ], [ 12.36633, 56.91776 ], [ 12.36501, 56.91774 ], [ 12.36499, 56.91809 ], [ 12.36564, 56.91811 ], [ 12.3662, 56.91956 ], [ 12.36749, 56.91994 ], [ 12.36809, 56.92068 ], [ 12.37135, 56.9211 ], [ 12.37138, 56.92075 ], [ 12.37203, 56.92076 ], [ 12.37208, 56.92004 ], [ 12.37342, 56.91971 ], [ 12.37413, 56.91901 ], [ 12.3761, 56.91905 ], [ 12.37612, 56.91869 ], [ 12.38006, 56.91877 ], [ 12.38008, 56.91841 ], [ 12.3814, 56.91844 ], [ 12.38142, 56.91808 ], [ 12.38539, 56.9178 ], [ 12.38541, 56.91745 ], [ 12.38672, 56.91747 ], [ 12.38675, 56.91711 ], [ 12.3894, 56.91681 ], [ 12.3901, 56.91611 ], [ 12.39142, 56.91613 ], [ 12.39281, 56.91508 ], [ 12.39414, 56.91475 ], [ 12.39492, 56.91297 ], [ 12.39558, 56.91298 ], [ 12.39556, 56.91334 ], [ 12.39752, 56.91338 ], [ 12.3976, 56.91231 ], [ 12.39563, 56.91227 ], [ 12.39566, 56.91191 ], [ 12.39699, 56.91158 ], [ 12.39792, 56.90764 ], [ 12.39858, 56.90765 ], [ 12.39936, 56.90587 ], [ 12.40138, 56.9052 ], [ 12.40214, 56.90377 ], [ 12.40279, 56.90379 ], [ 12.4035, 56.90308 ], [ 12.40478, 56.90347 ], [ 12.40476, 56.90383 ], [ 12.4041, 56.90381 ], [ 12.40405, 56.90453 ], [ 12.40471, 56.90455 ], [ 12.40459, 56.90634 ], [ 12.40524, 56.90635 ], [ 12.40519, 56.90707 ], [ 12.40585, 56.90709 ], [ 12.40582, 56.90745 ], [ 12.40845, 56.9075 ], [ 12.40915, 56.9068 ], [ 12.41112, 56.90684 ], [ 12.41117, 56.90612 ], [ 12.41248, 56.90615 ], [ 12.41251, 56.90579 ], [ 12.41316, 56.9058 ], [ 12.41256, 56.90507 ], [ 12.41584, 56.90514 ], [ 12.41586, 56.90478 ], [ 12.41652, 56.90479 ], [ 12.41528, 56.90369 ], [ 12.41859, 56.9034 ], [ 12.41871, 56.9016 ], [ 12.42265, 56.90168 ], [ 12.42267, 56.90132 ], [ 12.42464, 56.90136 ], [ 12.42466, 56.90101 ], [ 12.426, 56.90067 ], [ 12.42605, 56.89996 ], [ 12.42671, 56.89997 ], [ 12.42731, 56.9007 ], [ 12.43062, 56.90041 ], [ 12.43137, 56.89899 ], [ 12.43203, 56.899 ], [ 12.43205, 56.89864 ], [ 12.43337, 56.89867 ], [ 12.43344, 56.89759 ], [ 12.43475, 56.89762 ], [ 12.43546, 56.89691 ], [ 12.43677, 56.89694 ], [ 12.43679, 56.89658 ], [ 12.43745, 56.89659 ], [ 12.43735, 56.89803 ], [ 12.43801, 56.89804 ], [ 12.43796, 56.89876 ], [ 12.44056, 56.89917 ], [ 12.44058, 56.89882 ], [ 12.44255, 56.89886 ], [ 12.44257, 56.8985 ], [ 12.44389, 56.89852 ], [ 12.44391, 56.89816 ], [ 12.44522, 56.89819 ], [ 12.44525, 56.89783 ], [ 12.44656, 56.89786 ], [ 12.44658, 56.8975 ], [ 12.44984, 56.89793 ], [ 12.44986, 56.89757 ], [ 12.4538, 56.89765 ], [ 12.45519, 56.8966 ], [ 12.46046, 56.89635 ], [ 12.46136, 56.89277 ], [ 12.46201, 56.89278 ], [ 12.46286, 56.88992 ], [ 12.46352, 56.88994 ], [ 12.46432, 56.8878 ], [ 12.46498, 56.88781 ], [ 12.46503, 56.88709 ], [ 12.46568, 56.8871 ], [ 12.46573, 56.88639 ], [ 12.46707, 56.88605 ], [ 12.46712, 56.88534 ], [ 12.46777, 56.88535 ], [ 12.4678, 56.88499 ], [ 12.46908, 56.88538 ], [ 12.46894, 56.88753 ], [ 12.46828, 56.88752 ], [ 12.46736, 56.89145 ], [ 12.4667, 56.89144 ], [ 12.46595, 56.89286 ], [ 12.46792, 56.8929 ], [ 12.46789, 56.89326 ], [ 12.46855, 56.89327 ], [ 12.4686, 56.89256 ], [ 12.46925, 56.89257 ], [ 12.47001, 56.89115 ], [ 12.47134, 56.89081 ], [ 12.47139, 56.8901 ], [ 12.47205, 56.89011 ], [ 12.4728, 56.88869 ], [ 12.47739, 56.88878 ], [ 12.48014, 56.88704 ], [ 12.4821, 56.88708 ], [ 12.48208, 56.88744 ], [ 12.48339, 56.88746 ], [ 12.48337, 56.88782 ], [ 12.48468, 56.88785 ], [ 12.48465, 56.88821 ], [ 12.48597, 56.88823 ], [ 12.48594, 56.88859 ], [ 12.48854, 56.889 ], [ 12.48915, 56.88974 ], [ 12.49112, 56.88978 ], [ 12.49182, 56.88907 ], [ 12.49313, 56.8891 ], [ 12.49384, 56.88839 ], [ 12.49515, 56.88842 ], [ 12.49585, 56.88771 ], [ 12.49716, 56.88774 ], [ 12.49923, 56.88634 ], [ 12.50054, 56.88637 ], [ 12.50056, 56.88601 ], [ 12.50122, 56.88602 ], [ 12.50127, 56.88531 ], [ 12.50396, 56.88428 ], [ 12.50401, 56.88356 ], [ 12.50534, 56.88323 ], [ 12.50542, 56.88215 ], [ 12.50675, 56.88182 ], [ 12.5075, 56.8804 ], [ 12.50952, 56.87972 ], [ 12.50957, 56.879 ], [ 12.51158, 56.87832 ], [ 12.51233, 56.8769 ], [ 12.51367, 56.87657 ], [ 12.51517, 56.87372 ], [ 12.51648, 56.87375 ], [ 12.5165, 56.87339 ], [ 12.51716, 56.8734 ], [ 12.51721, 56.87268 ], [ 12.51786, 56.8727 ], [ 12.51793, 56.87162 ] ] ], [ [ [ 12.35264, 56.97176 ], [ 12.35259, 56.97248 ], [ 12.35128, 56.97245 ], [ 12.35125, 56.97281 ], [ 12.35059, 56.97279 ], [ 12.35062, 56.97243 ], [ 12.3493, 56.97241 ], [ 12.35001, 56.9717 ], [ 12.35264, 56.97176 ] ] ], [ [ [ 12.60923, 56.78856 ], [ 12.60984, 56.78929 ], [ 12.60787, 56.78926 ], [ 12.60792, 56.78854 ], [ 12.60923, 56.78856 ] ] ] ] } },
{ "type": "Feature", "properties": { "kn": "1383", "kom_namn": "Varberg" }, "geometry": { "type": "MultiPolygon", "coordinates": [ [ [ [ 12.18884, 57.12745 ], [ 12.18818, 57.12743 ], [ 12.1882, 57.12707 ], [ 12.18691, 57.12669 ], [ 12.18702, 57.12525 ], [ 12.18834, 57.12528 ], [ 12.18829, 57.126 ], [ 12.18958, 57.12639 ], [ 12.18952, 57.1271 ], [ 12.18886, 57.12709 ], [ 12.18884, 57.12745 ] ] ], [ [ [ 12.1846, 57.13095 ], [ 12.18592, 57.13098 ], [ 12.18653, 57.13171 ], [ 12.18389, 57.13165 ], [ 12.18392, 57.13129 ], [ 12.18262, 57.1309 ], [ 12.18339, 57.12948 ], [ 12.18471, 57.12951 ], [ 12.1846, 57.13095 ] ] ], [ [ [ 12.18516, 57.1324 ], [ 12.18648, 57.13243 ], [ 12.18642, 57.13315 ], [ 12.1851, 57.13312 ], [ 12.18516, 57.1324 ] ] ], [ [ [ 12.13278, 57.15134 ], [ 12.13476, 57.15139 ], [ 12.13405, 57.15209 ], [ 12.13275, 57.1517 ], [ 12.13278, 57.15134 ] ] ], [ [ [ 12.10695, 57.15183 ], [ 12.10761, 57.15184 ], [ 12.10758, 57.1522 ], [ 12.1089, 57.15223 ], [ 12.10887, 57.15259 ], [ 12.10689, 57.15255 ], [ 12.10695, 57.15183 ] ] ], [ [ [ 12.17083, 57.15544 ], [ 12.17023, 57.15471 ], [ 12.17221, 57.15476 ], [ 12.17282, 57.15549 ], [ 12.17083, 57.15544 ] ] ], [ [ [ 12.15102, 57.155 ], [ 12.15108, 57.15428 ], [ 12.15174, 57.15429 ], [ 12.15177, 57.15393 ], [ 12.15243, 57.15395 ], [ 12.15234, 57.15503 ], [ 12.15432, 57.15507 ], [ 12.15416, 57.15722 ], [ 12.15548, 57.15725 ], [ 12.15545, 57.15761 ], [ 12.15413, 57.15758 ], [ 12.1541, 57.15794 ], [ 12.15278, 57.15791 ], [ 12.15275, 57.15827 ], [ 12.15209, 57.15826 ], [ 12.1522, 57.15682 ], [ 12.15091, 57.15643 ], [ 12.15036, 57.15498 ], [ 12.15102, 57.155 ] ] ], [ [ [ 12.16464, 57.15854 ], [ 12.16795, 57.15861 ], [ 12.16866, 57.15791 ], [ 12.16998, 57.15794 ], [ 12.16946, 57.15613 ], [ 12.17078, 57.15616 ], [ 12.17138, 57.15689 ], [ 12.17403, 57.15695 ], [ 12.174, 57.15731 ], [ 12.17667, 57.15701 ], [ 12.17595, 57.15772 ], [ 12.1746, 57.15805 ], [ 12.17502, 57.16129 ], [ 12.17821, 57.1628 ], [ 12.17882, 57.16353 ], [ 12.18014, 57.16356 ], [ 12.18011, 57.16392 ], [ 12.18077, 57.16394 ], [ 12.18072, 57.16465 ], [ 12.18138, 57.16467 ], [ 12.18135, 57.16503 ], [ 12.18267, 57.16506 ], [ 12.18328, 57.16579 ], [ 12.18658, 57.16586 ], [ 12.18661, 57.16551 ], [ 12.18727, 57.16552 ], [ 12.18724, 57.16588 ], [ 12.18856, 57.16591 ], [ 12.18859, 57.16555 ], [ 12.18925, 57.16556 ], [ 12.1892, 57.16628 ], [ 12.18986, 57.1663 ], [ 12.18972, 57.16809 ], [ 12.18906, 57.16808 ], [ 12.18903, 57.16844 ], [ 12.18441, 57.16833 ], [ 12.18438, 57.16869 ], [ 12.18306, 57.16866 ], [ 12.18234, 57.16936 ], [ 12.18036, 57.16932 ], [ 12.18039, 57.16896 ], [ 12.17772, 57.16926 ], [ 12.17777, 57.16854 ], [ 12.17711, 57.16853 ], [ 12.17714, 57.16817 ], [ 12.17516, 57.16812 ], [ 12.17439, 57.16954 ], [ 12.17373, 57.16953 ], [ 12.1737, 57.16989 ], [ 12.17238, 57.16986 ], [ 12.17166, 57.17056 ], [ 12.17034, 57.17053 ], [ 12.17032, 57.17089 ], [ 12.16965, 57.17088 ], [ 12.16968, 57.17052 ], [ 12.16572, 57.17043 ], [ 12.16511, 57.16969 ], [ 12.16379, 57.16966 ], [ 12.16382, 57.16931 ], [ 12.16514, 57.16934 ], [ 12.16453, 57.1686 ], [ 12.16255, 57.16856 ], [ 12.16252, 57.16892 ], [ 12.16118, 57.16925 ], [ 12.16112, 57.16996 ], [ 12.15908, 57.17064 ], [ 12.15919, 57.1692 ], [ 12.16192, 57.16818 ], [ 12.16208, 57.16603 ], [ 12.16274, 57.16605 ], [ 12.1628, 57.16533 ], [ 12.16214, 57.16531 ], [ 12.16217, 57.16495 ], [ 12.16018, 57.16491 ], [ 12.16016, 57.16527 ], [ 12.1595, 57.16525 ], [ 12.15952, 57.16489 ], [ 12.15886, 57.16488 ], [ 12.15892, 57.16416 ], [ 12.15826, 57.16415 ], [ 12.15823, 57.16451 ], [ 12.15691, 57.16448 ], [ 12.15694, 57.16412 ], [ 12.1576, 57.16413 ], [ 12.15771, 57.1627 ], [ 12.15837, 57.16271 ], [ 12.15842, 57.16199 ], [ 12.15776, 57.16198 ], [ 12.15779, 57.16162 ], [ 12.15845, 57.16163 ], [ 12.15851, 57.16092 ], [ 12.15518, 57.1612 ], [ 12.1552, 57.16084 ], [ 12.15652, 57.16087 ], [ 12.15663, 57.15944 ], [ 12.15597, 57.15942 ], [ 12.15603, 57.1587 ], [ 12.1593, 57.15914 ], [ 12.15928, 57.1595 ], [ 12.16258, 57.15957 ], [ 12.16263, 57.15885 ], [ 12.16462, 57.1589 ], [ 12.16464, 57.15854 ] ] ], [ [ [ 12.14495, 57.19081 ], [ 12.14627, 57.19084 ], [ 12.14688, 57.19157 ], [ 12.1449, 57.19153 ], [ 12.14484, 57.19224 ], [ 12.14286, 57.1922 ], [ 12.14289, 57.19184 ], [ 12.14223, 57.19182 ], [ 12.14231, 57.19075 ], [ 12.14492, 57.19117 ], [ 12.14495, 57.19081 ] ] ], [ [ [ 12.12231, 57.19245 ], [ 12.12292, 57.19318 ], [ 12.12157, 57.19351 ], [ 12.12159, 57.19315 ], [ 12.12027, 57.19312 ], [ 12.12033, 57.1924 ], [ 12.12231, 57.19245 ] ] ], [ [ [ 12.15277, 57.19242 ], [ 12.1541, 57.19245 ], [ 12.15407, 57.19281 ], [ 12.15539, 57.19284 ], [ 12.156, 57.19358 ], [ 12.15732, 57.19361 ], [ 12.1574, 57.19253 ], [ 12.15674, 57.19251 ], [ 12.15677, 57.19216 ], [ 12.15743, 57.19217 ], [ 12.15748, 57.19145 ], [ 12.15616, 57.19142 ], [ 12.15619, 57.19106 ], [ 12.15553, 57.19105 ], [ 12.15633, 57.18927 ], [ 12.15371, 57.18885 ], [ 12.15377, 57.18813 ], [ 12.1571, 57.18785 ], [ 12.15713, 57.18749 ], [ 12.15848, 57.18716 ], [ 12.15853, 57.18644 ], [ 12.15919, 57.18646 ], [ 12.15922, 57.1861 ], [ 12.1612, 57.18614 ], [ 12.16123, 57.18579 ], [ 12.16721, 57.18556 ], [ 12.16718, 57.18592 ], [ 12.16784, 57.18593 ], [ 12.16779, 57.18665 ], [ 12.17109, 57.18673 ], [ 12.17115, 57.18601 ], [ 12.17511, 57.1861 ], [ 12.17508, 57.18646 ], [ 12.17641, 57.18649 ], [ 12.17635, 57.1872 ], [ 12.17764, 57.18759 ], [ 12.17756, 57.18867 ], [ 12.17822, 57.18869 ], [ 12.1782, 57.18904 ], [ 12.17754, 57.18903 ], [ 12.17748, 57.18975 ], [ 12.1788, 57.18978 ], [ 12.17875, 57.19049 ], [ 12.17941, 57.19051 ], [ 12.17938, 57.19087 ], [ 12.182, 57.19129 ], [ 12.18208, 57.19021 ], [ 12.18274, 57.19022 ], [ 12.18277, 57.18987 ], [ 12.18343, 57.18988 ], [ 12.1834, 57.19024 ], [ 12.18472, 57.19027 ], [ 12.18475, 57.18991 ], [ 12.18541, 57.18993 ], [ 12.18602, 57.19066 ], [ 12.18734, 57.19069 ], [ 12.18737, 57.19033 ], [ 12.18872, 57.19 ], [ 12.18817, 57.18855 ], [ 12.18751, 57.18853 ], [ 12.18753, 57.18818 ], [ 12.18819, 57.18819 ], [ 12.18825, 57.18747 ], [ 12.18957, 57.1875 ], [ 12.18954, 57.18786 ], [ 12.19219, 57.18792 ], [ 12.19216, 57.18828 ], [ 12.19414, 57.18832 ], [ 12.19486, 57.18762 ], [ 12.19684, 57.18766 ], [ 12.19681, 57.18802 ], [ 12.19748, 57.18804 ], [ 12.19742, 57.18876 ], [ 12.19874, 57.18879 ], [ 12.19872, 57.18914 ], [ 12.19938, 57.18916 ], [ 12.1999, 57.19097 ], [ 12.20255, 57.19103 ], [ 12.20326, 57.19032 ], [ 12.20461, 57.18999 ], [ 12.20549, 57.18714 ], [ 12.20615, 57.18715 ], [ 12.20612, 57.18751 ], [ 12.20811, 57.18756 ], [ 12.20813, 57.1872 ], [ 12.20879, 57.18721 ], [ 12.20887, 57.18614 ], [ 12.21152, 57.18619 ], [ 12.21155, 57.18584 ], [ 12.21221, 57.18585 ], [ 12.21226, 57.18513 ], [ 12.21292, 57.18515 ], [ 12.21306, 57.18335 ], [ 12.21372, 57.18337 ], [ 12.21311, 57.18263 ], [ 12.21377, 57.18265 ], [ 12.21383, 57.18193 ], [ 12.21317, 57.18192 ], [ 12.21393, 57.1805 ], [ 12.21327, 57.18048 ], [ 12.21272, 57.17903 ], [ 12.2114, 57.179 ], [ 12.21143, 57.17864 ], [ 12.20812, 57.17857 ], [ 12.20809, 57.17893 ], [ 12.20675, 57.17926 ], [ 12.20669, 57.17997 ], [ 12.20603, 57.17996 ], [ 12.206, 57.18032 ], [ 12.20534, 57.1803 ], [ 12.20537, 57.17995 ], [ 12.20405, 57.17992 ], [ 12.20408, 57.17956 ], [ 12.20278, 57.17917 ], [ 12.20223, 57.17772 ], [ 12.20358, 57.17739 ], [ 12.20355, 57.17775 ], [ 12.20553, 57.17779 ], [ 12.20493, 57.17706 ], [ 12.20559, 57.17707 ], [ 12.20567, 57.176 ], [ 12.20435, 57.17597 ], [ 12.20443, 57.17489 ], [ 12.20377, 57.17488 ], [ 12.20316, 57.17414 ], [ 12.20184, 57.17411 ], [ 12.20187, 57.17376 ], [ 12.20319, 57.17379 ], [ 12.20321, 57.17343 ], [ 12.20255, 57.17341 ], [ 12.20266, 57.17198 ], [ 12.20607, 57.17061 ], [ 12.20613, 57.1699 ], [ 12.20946, 57.16961 ], [ 12.20949, 57.16925 ], [ 12.21221, 57.16823 ], [ 12.21292, 57.16753 ], [ 12.21626, 57.16725 ], [ 12.21628, 57.16689 ], [ 12.21694, 57.1669 ], [ 12.21639, 57.16545 ], [ 12.21507, 57.16542 ], [ 12.2151, 57.16506 ], [ 12.21444, 57.16505 ], [ 12.21449, 57.16433 ], [ 12.21383, 57.16432 ], [ 12.2146, 57.16289 ], [ 12.21526, 57.16291 ], [ 12.21597, 57.16221 ], [ 12.21663, 57.16222 ], [ 12.21661, 57.16258 ], [ 12.21859, 57.16262 ], [ 12.21856, 57.16298 ], [ 12.22054, 57.16303 ], [ 12.22052, 57.16339 ], [ 12.2258, 57.1635 ], [ 12.22583, 57.16314 ], [ 12.22715, 57.16317 ], [ 12.22717, 57.16281 ], [ 12.22852, 57.16248 ], [ 12.228, 57.16067 ], [ 12.22866, 57.16069 ], [ 12.22874, 57.15961 ], [ 12.22808, 57.1596 ], [ 12.2281, 57.15924 ], [ 12.22876, 57.15925 ], [ 12.22882, 57.15854 ], [ 12.22816, 57.15852 ], [ 12.22835, 57.15601 ], [ 12.22769, 57.15599 ], [ 12.22777, 57.15492 ], [ 12.22647, 57.15453 ], [ 12.22653, 57.15381 ], [ 12.22454, 57.15377 ], [ 12.22394, 57.15304 ], [ 12.22262, 57.15301 ], [ 12.22264, 57.15265 ], [ 12.22, 57.15259 ], [ 12.22003, 57.15223 ], [ 12.21607, 57.15214 ], [ 12.21467, 57.15319 ], [ 12.21334, 57.15316 ], [ 12.21343, 57.15208 ], [ 12.21211, 57.15205 ], [ 12.21208, 57.15241 ], [ 12.21142, 57.1524 ], [ 12.21153, 57.15096 ], [ 12.20995, 57.15107 ], [ 12.20701, 57.14948 ], [ 12.20704, 57.14907 ], [ 12.20638, 57.14905 ], [ 12.20646, 57.14797 ], [ 12.20778, 57.148 ], [ 12.20794, 57.14585 ], [ 12.20926, 57.14588 ], [ 12.21177, 57.14773 ], [ 12.21449, 57.14671 ], [ 12.21397, 57.14491 ], [ 12.21267, 57.14452 ], [ 12.21275, 57.14344 ], [ 12.21479, 57.14277 ], [ 12.21487, 57.14169 ], [ 12.21553, 57.1417 ], [ 12.21558, 57.14099 ], [ 12.21624, 57.141 ], [ 12.21627, 57.14064 ], [ 12.21756, 57.14103 ], [ 12.21759, 57.14067 ], [ 12.21891, 57.1407 ], [ 12.21902, 57.13927 ], [ 12.21968, 57.13928 ], [ 12.21929, 57.13568 ], [ 12.21863, 57.13566 ], [ 12.21865, 57.1353 ], [ 12.21731, 57.13563 ], [ 12.21736, 57.13491 ], [ 12.21604, 57.13489 ], [ 12.21607, 57.13453 ], [ 12.21541, 57.13451 ], [ 12.21546, 57.13379 ], [ 12.21612, 57.13381 ], [ 12.21552, 57.13308 ], [ 12.21816, 57.13313 ], [ 12.21818, 57.13278 ], [ 12.2195, 57.1328 ], [ 12.21953, 57.13245 ], [ 12.22217, 57.1325 ], [ 12.2222, 57.13215 ], [ 12.22814, 57.13228 ], [ 12.22816, 57.13192 ], [ 12.22946, 57.13231 ], [ 12.23017, 57.1316 ], [ 12.23149, 57.13163 ], [ 12.2322, 57.13093 ], [ 12.23287, 57.13094 ], [ 12.23284, 57.1313 ], [ 12.23381, 57.13132 ], [ 12.23851, 57.13502 ], [ 12.23983, 57.13505 ], [ 12.2398, 57.13541 ], [ 12.24046, 57.13543 ], [ 12.24054, 57.13435 ], [ 12.23988, 57.13433 ], [ 12.23991, 57.13397 ], [ 12.24126, 57.13365 ], [ 12.24118, 57.13472 ], [ 12.24184, 57.13474 ], [ 12.24181, 57.1351 ], [ 12.24115, 57.13508 ], [ 12.2411, 57.1358 ], [ 12.24437, 57.13623 ], [ 12.24435, 57.13659 ], [ 12.243, 57.13692 ], [ 12.24284, 57.13907 ], [ 12.2435, 57.13909 ], [ 12.24355, 57.13837 ], [ 12.24421, 57.13838 ], [ 12.24424, 57.13802 ], [ 12.24685, 57.13844 ], [ 12.24757, 57.13774 ], [ 12.24889, 57.13777 ], [ 12.24894, 57.13705 ], [ 12.24696, 57.13701 ], [ 12.24707, 57.13557 ], [ 12.24773, 57.13558 ], [ 12.24775, 57.13523 ], [ 12.24907, 57.13525 ], [ 12.24847, 57.13452 ], [ 12.24981, 57.13419 ], [ 12.24987, 57.13347 ], [ 12.25251, 57.13353 ], [ 12.25256, 57.13281 ], [ 12.25454, 57.13286 ], [ 12.25457, 57.1325 ], [ 12.25325, 57.13247 ], [ 12.2533, 57.13175 ], [ 12.25264, 57.13174 ], [ 12.25285, 57.12887 ], [ 12.25219, 57.12885 ], [ 12.25227, 57.12778 ], [ 12.249, 57.12734 ], [ 12.24839, 57.12661 ], [ 12.24707, 57.12658 ], [ 12.24567, 57.12763 ], [ 12.2424, 57.1272 ], [ 12.24237, 57.12756 ], [ 12.24171, 57.12754 ], [ 12.24177, 57.12683 ], [ 12.24047, 57.12644 ], [ 12.24042, 57.12716 ], [ 12.24108, 57.12717 ], [ 12.24105, 57.12753 ], [ 12.23973, 57.1275 ], [ 12.23971, 57.12786 ], [ 12.23905, 57.12784 ], [ 12.23907, 57.12749 ], [ 12.23379, 57.12737 ], [ 12.2344, 57.1281 ], [ 12.2377, 57.12817 ], [ 12.23767, 57.12853 ], [ 12.23833, 57.12855 ], [ 12.23828, 57.12927 ], [ 12.24026, 57.12931 ], [ 12.24023, 57.12967 ], [ 12.24221, 57.12971 ], [ 12.24227, 57.12899 ], [ 12.24293, 57.12901 ], [ 12.24295, 57.12865 ], [ 12.24427, 57.12868 ], [ 12.24425, 57.12904 ], [ 12.24491, 57.12905 ], [ 12.24411, 57.13083 ], [ 12.24208, 57.13151 ], [ 12.24261, 57.13332 ], [ 12.23732, 57.1332 ], [ 12.23735, 57.13284 ], [ 12.23606, 57.13245 ], [ 12.23617, 57.13102 ], [ 12.23353, 57.13096 ], [ 12.23355, 57.1306 ], [ 12.23751, 57.13069 ], [ 12.23754, 57.13033 ], [ 12.2382, 57.13034 ], [ 12.23759, 57.12961 ], [ 12.23627, 57.12958 ], [ 12.2363, 57.12922 ], [ 12.23498, 57.12919 ], [ 12.23495, 57.12955 ], [ 12.23429, 57.12954 ], [ 12.23432, 57.12918 ], [ 12.23234, 57.12913 ], [ 12.23239, 57.12842 ], [ 12.23173, 57.1284 ], [ 12.23176, 57.12804 ], [ 12.23308, 57.12807 ], [ 12.23311, 57.12771 ], [ 12.23113, 57.12767 ], [ 12.23107, 57.12839 ], [ 12.23041, 57.12837 ], [ 12.23044, 57.12801 ], [ 12.22912, 57.12798 ], [ 12.22917, 57.12727 ], [ 12.22851, 57.12725 ], [ 12.22854, 57.12689 ], [ 12.22524, 57.12682 ], [ 12.22463, 57.12609 ], [ 12.22067, 57.126 ], [ 12.21996, 57.1267 ], [ 12.21864, 57.12667 ], [ 12.21861, 57.12703 ], [ 12.21795, 57.12702 ], [ 12.21724, 57.12772 ], [ 12.21592, 57.12769 ], [ 12.21587, 57.12841 ], [ 12.21521, 57.1284 ], [ 12.21518, 57.12875 ], [ 12.21386, 57.12873 ], [ 12.21315, 57.12943 ], [ 12.21183, 57.1294 ], [ 12.21185, 57.12904 ], [ 12.21251, 57.12905 ], [ 12.21262, 57.12762 ], [ 12.20866, 57.12753 ], [ 12.20869, 57.12717 ], [ 12.20605, 57.12711 ], [ 12.20608, 57.12675 ], [ 12.20275, 57.12704 ], [ 12.20278, 57.12668 ], [ 12.20212, 57.12667 ], [ 12.20299, 57.12381 ], [ 12.20233, 57.12379 ], [ 12.20244, 57.12236 ], [ 12.2031, 57.12237 ], [ 12.20316, 57.12166 ], [ 12.2025, 57.12164 ], [ 12.20252, 57.12128 ], [ 12.19856, 57.12119 ], [ 12.19854, 57.12155 ], [ 12.19587, 57.12185 ], [ 12.19582, 57.12257 ], [ 12.1945, 57.12254 ], [ 12.19447, 57.1229 ], [ 12.19186, 57.12248 ], [ 12.19194, 57.12141 ], [ 12.19065, 57.12102 ], [ 12.1907, 57.1203 ], [ 12.19331, 57.12072 ], [ 12.19339, 57.11964 ], [ 12.19207, 57.11961 ], [ 12.1921, 57.11925 ], [ 12.19276, 57.11927 ], [ 12.19287, 57.11783 ], [ 12.19158, 57.11744 ], [ 12.19097, 57.11671 ], [ 12.18965, 57.11668 ], [ 12.18971, 57.11596 ], [ 12.19037, 57.11598 ], [ 12.19042, 57.11526 ], [ 12.19306, 57.11532 ], [ 12.19311, 57.1146 ], [ 12.19377, 57.11462 ], [ 12.1938, 57.11426 ], [ 12.19512, 57.11429 ], [ 12.19509, 57.11465 ], [ 12.19641, 57.11467 ], [ 12.1963, 57.11611 ], [ 12.19894, 57.11617 ], [ 12.19949, 57.11762 ], [ 12.20081, 57.11765 ], [ 12.20084, 57.11729 ], [ 12.2015, 57.1173 ], [ 12.20145, 57.11802 ], [ 12.20406, 57.11844 ], [ 12.20409, 57.11808 ], [ 12.20541, 57.11811 ], [ 12.20549, 57.11703 ], [ 12.20752, 57.11636 ], [ 12.20757, 57.11564 ], [ 12.20823, 57.11566 ], [ 12.20829, 57.11494 ], [ 12.20895, 57.11495 ], [ 12.20897, 57.1146 ], [ 12.20963, 57.11461 ], [ 12.20961, 57.11497 ], [ 12.21159, 57.11501 ], [ 12.21161, 57.11465 ], [ 12.21227, 57.11467 ], [ 12.21241, 57.11287 ], [ 12.21307, 57.11289 ], [ 12.21317, 57.11145 ], [ 12.21383, 57.11147 ], [ 12.21386, 57.11111 ], [ 12.21257, 57.11072 ], [ 12.21265, 57.10964 ], [ 12.21526, 57.11006 ], [ 12.21433, 57.11364 ], [ 12.21499, 57.11365 ], [ 12.21497, 57.11401 ], [ 12.2176, 57.11407 ], [ 12.21768, 57.11299 ], [ 12.219, 57.11302 ], [ 12.21961, 57.11375 ], [ 12.2209, 57.11414 ], [ 12.22098, 57.11306 ], [ 12.22362, 57.11312 ], [ 12.22365, 57.11276 ], [ 12.225, 57.11243 ], [ 12.22508, 57.11136 ], [ 12.22705, 57.1114 ], [ 12.22689, 57.11356 ], [ 12.22623, 57.11354 ], [ 12.22615, 57.11462 ], [ 12.22549, 57.1146 ], [ 12.22473, 57.11602 ], [ 12.22539, 57.11604 ], [ 12.22599, 57.11677 ], [ 12.22797, 57.11681 ], [ 12.22792, 57.11753 ], [ 12.22726, 57.11752 ], [ 12.22712, 57.11931 ], [ 12.22778, 57.11933 ], [ 12.22776, 57.11969 ], [ 12.22908, 57.11972 ], [ 12.2291, 57.11936 ], [ 12.23108, 57.1194 ], [ 12.23098, 57.12084 ], [ 12.23164, 57.12085 ], [ 12.23158, 57.12157 ], [ 12.23287, 57.12196 ], [ 12.23348, 57.12269 ], [ 12.23612, 57.12275 ], [ 12.23617, 57.12203 ], [ 12.23683, 57.12204 ], [ 12.23694, 57.12061 ], [ 12.23565, 57.12022 ], [ 12.2357, 57.1195 ], [ 12.23504, 57.11949 ], [ 12.23515, 57.11805 ], [ 12.23847, 57.11777 ], [ 12.2385, 57.11741 ], [ 12.23982, 57.11744 ], [ 12.23985, 57.11708 ], [ 12.24051, 57.11709 ], [ 12.23995, 57.11564 ], [ 12.23929, 57.11563 ], [ 12.23882, 57.1131 ], [ 12.24209, 57.11353 ], [ 12.24207, 57.11389 ], [ 12.24273, 57.1139 ], [ 12.24325, 57.11571 ], [ 12.24658, 57.11543 ], [ 12.24674, 57.11327 ], [ 12.24608, 57.11326 ], [ 12.24569, 57.10966 ], [ 12.24376, 57.10889 ], [ 12.24381, 57.10818 ], [ 12.24178, 57.10885 ], [ 12.24183, 57.10813 ], [ 12.24117, 57.10812 ], [ 12.2412, 57.10776 ], [ 12.23922, 57.10772 ], [ 12.23925, 57.10736 ], [ 12.23859, 57.10734 ], [ 12.2388, 57.10447 ], [ 12.24012, 57.1045 ], [ 12.2402, 57.10342 ], [ 12.24086, 57.10344 ], [ 12.24034, 57.10163 ], [ 12.241, 57.10164 ], [ 12.24121, 57.09877 ], [ 12.24324, 57.0981 ], [ 12.24277, 57.09557 ], [ 12.24084, 57.09481 ], [ 12.24029, 57.09336 ], [ 12.23963, 57.09334 ], [ 12.2404, 57.09192 ], [ 12.24106, 57.09194 ], [ 12.24114, 57.09086 ], [ 12.24248, 57.09053 ], [ 12.24256, 57.08945 ], [ 12.2419, 57.08944 ], [ 12.24196, 57.08872 ], [ 12.23602, 57.08859 ], [ 12.23616, 57.0868 ], [ 12.23813, 57.08684 ], [ 12.23816, 57.08648 ], [ 12.23882, 57.0865 ], [ 12.23887, 57.08578 ], [ 12.24019, 57.08581 ], [ 12.24027, 57.08473 ], [ 12.24225, 57.08477 ], [ 12.24236, 57.08334 ], [ 12.24301, 57.08335 ], [ 12.24304, 57.08299 ], [ 12.24436, 57.08302 ], [ 12.24439, 57.08266 ], [ 12.247, 57.08308 ], [ 12.24823, 57.08419 ], [ 12.25021, 57.08423 ], [ 12.25024, 57.08387 ], [ 12.2509, 57.08389 ], [ 12.25085, 57.0846 ], [ 12.2515, 57.08462 ], [ 12.25148, 57.08498 ], [ 12.2548, 57.08469 ], [ 12.2562, 57.08364 ], [ 12.25754, 57.08331 ], [ 12.2576, 57.08259 ], [ 12.25894, 57.08226 ], [ 12.25971, 57.08084 ], [ 12.26037, 57.08086 ], [ 12.26068, 57.07655 ], [ 12.26002, 57.07654 ], [ 12.26005, 57.07618 ], [ 12.25741, 57.07612 ], [ 12.25747, 57.0754 ], [ 12.26079, 57.07512 ], [ 12.26087, 57.07404 ], [ 12.25889, 57.074 ], [ 12.25829, 57.07326 ], [ 12.25697, 57.07323 ], [ 12.25699, 57.07288 ], [ 12.2537, 57.0728 ], [ 12.25378, 57.07173 ], [ 12.25512, 57.0714 ], [ 12.25518, 57.07068 ], [ 12.25388, 57.07029 ], [ 12.25386, 57.07065 ], [ 12.25254, 57.07062 ], [ 12.25265, 57.06918 ], [ 12.25199, 57.06917 ], [ 12.25201, 57.06881 ], [ 12.25267, 57.06883 ], [ 12.25275, 57.06775 ], [ 12.25209, 57.06773 ], [ 12.25215, 57.06702 ], [ 12.25149, 57.067 ], [ 12.25154, 57.06628 ], [ 12.25088, 57.06627 ], [ 12.25093, 57.06555 ], [ 12.25159, 57.06557 ], [ 12.25104, 57.06412 ], [ 12.25302, 57.06416 ], [ 12.25299, 57.06452 ], [ 12.25434, 57.06419 ], [ 12.25431, 57.06455 ], [ 12.25694, 57.06461 ], [ 12.25692, 57.06496 ], [ 12.25758, 57.06498 ], [ 12.25752, 57.0657 ], [ 12.25818, 57.06571 ], [ 12.25813, 57.06643 ], [ 12.26076, 57.06649 ], [ 12.26071, 57.0672 ], [ 12.26515, 57.0673 ], [ 12.26527, 57.06802 ], [ 12.26724, 57.06807 ], [ 12.26722, 57.06843 ], [ 12.27052, 57.0685 ], [ 12.27455, 57.06751 ], [ 12.27531, 57.06608 ], [ 12.27465, 57.06607 ], [ 12.27468, 57.06571 ], [ 12.276, 57.06574 ], [ 12.27602, 57.06538 ], [ 12.27668, 57.0654 ], [ 12.27761, 57.06182 ], [ 12.27695, 57.06181 ], [ 12.277, 57.06109 ], [ 12.27568, 57.06106 ], [ 12.27566, 57.06142 ], [ 12.275, 57.0614 ], [ 12.27505, 57.06069 ], [ 12.27439, 57.06067 ], [ 12.2745, 57.05924 ], [ 12.27515, 57.05925 ], [ 12.27521, 57.05853 ], [ 12.27255, 57.05883 ], [ 12.27257, 57.05848 ], [ 12.27123, 57.05881 ], [ 12.27125, 57.05845 ], [ 12.2706, 57.05843 ], [ 12.27147, 57.05558 ], [ 12.27278, 57.0556 ], [ 12.27284, 57.05489 ], [ 12.27415, 57.05492 ], [ 12.27418, 57.05456 ], [ 12.27484, 57.05457 ], [ 12.27489, 57.05385 ], [ 12.27423, 57.05384 ], [ 12.27428, 57.05312 ], [ 12.27297, 57.05309 ], [ 12.27236, 57.05236 ], [ 12.26909, 57.05193 ], [ 12.26907, 57.05229 ], [ 12.26841, 57.05227 ], [ 12.26854, 57.05048 ], [ 12.27125, 57.04946 ], [ 12.27197, 57.04876 ], [ 12.27528, 57.04847 ], [ 12.27531, 57.04811 ], [ 12.27663, 57.04814 ], [ 12.27665, 57.04778 ], [ 12.27929, 57.04784 ], [ 12.28, 57.04713 ], [ 12.28129, 57.04752 ], [ 12.28124, 57.04824 ], [ 12.28387, 57.0483 ], [ 12.2839, 57.04794 ], [ 12.28524, 57.04761 ], [ 12.28529, 57.04689 ], [ 12.28595, 57.0469 ], [ 12.28606, 57.04547 ], [ 12.28477, 57.04508 ], [ 12.28416, 57.04435 ], [ 12.28153, 57.04429 ], [ 12.28155, 57.04393 ], [ 12.28089, 57.04392 ], [ 12.28095, 57.0432 ], [ 12.28424, 57.04327 ], [ 12.28429, 57.04255 ], [ 12.28563, 57.04222 ], [ 12.28566, 57.04186 ], [ 12.285, 57.04185 ], [ 12.28506, 57.04113 ], [ 12.2844, 57.04112 ], [ 12.28445, 57.0404 ], [ 12.28642, 57.04044 ], [ 12.28645, 57.04008 ], [ 12.28711, 57.0401 ], [ 12.28708, 57.04046 ], [ 12.28906, 57.0405 ], [ 12.28908, 57.04014 ], [ 12.29172, 57.0402 ], [ 12.29177, 57.03948 ], [ 12.29243, 57.03949 ], [ 12.29248, 57.03878 ], [ 12.29314, 57.03879 ], [ 12.2939, 57.03737 ], [ 12.29456, 57.03738 ], [ 12.29664, 57.03599 ], [ 12.29798, 57.03566 ], [ 12.29809, 57.03422 ], [ 12.29875, 57.03424 ], [ 12.29872, 57.0346 ], [ 12.30004, 57.03463 ], [ 12.30001, 57.03498 ], [ 12.30133, 57.03501 ], [ 12.3013, 57.03537 ], [ 12.30459, 57.03544 ], [ 12.3053, 57.03474 ], [ 12.30991, 57.03484 ], [ 12.30996, 57.03412 ], [ 12.31194, 57.03416 ], [ 12.31254, 57.03489 ], [ 12.31452, 57.03494 ], [ 12.31523, 57.03423 ], [ 12.31655, 57.03426 ], [ 12.3166, 57.03354 ], [ 12.31857, 57.03359 ], [ 12.31863, 57.03287 ], [ 12.31994, 57.0329 ], [ 12.31999, 57.03218 ], [ 12.31868, 57.03215 ], [ 12.31865, 57.03251 ], [ 12.31733, 57.03248 ], [ 12.31681, 57.03283 ], [ 12.31675, 57.03139 ], [ 12.3161, 57.03138 ], [ 12.31612, 57.03102 ], [ 12.31286, 57.03059 ], [ 12.31291, 57.02987 ], [ 12.31225, 57.02985 ], [ 12.31164, 57.02912 ], [ 12.30967, 57.02908 ], [ 12.30969, 57.02872 ], [ 12.31101, 57.02875 ], [ 12.31111, 57.02731 ], [ 12.31243, 57.02734 ], [ 12.31261, 57.02483 ], [ 12.31393, 57.02486 ], [ 12.31398, 57.02414 ], [ 12.31464, 57.02415 ], [ 12.31524, 57.02489 ], [ 12.31854, 57.02496 ], [ 12.31856, 57.0246 ], [ 12.32054, 57.02464 ], [ 12.32125, 57.02394 ], [ 12.32256, 57.02396 ], [ 12.32261, 57.02325 ], [ 12.3259, 57.02332 ], [ 12.32593, 57.02296 ], [ 12.32659, 57.02297 ], [ 12.32664, 57.02225 ], [ 12.3273, 57.02227 ], [ 12.32738, 57.02119 ], [ 12.32935, 57.02123 ], [ 12.3295, 57.01908 ], [ 12.33016, 57.01909 ], [ 12.33019, 57.01873 ], [ 12.33085, 57.01875 ], [ 12.3308, 57.01947 ], [ 12.33145, 57.01948 ], [ 12.33138, 57.02056 ], [ 12.33072, 57.02054 ], [ 12.33061, 57.02198 ], [ 12.32859, 57.02266 ], [ 12.32851, 57.02373 ], [ 12.33112, 57.02415 ], [ 12.33125, 57.02235 ], [ 12.33322, 57.02239 ], [ 12.33325, 57.02204 ], [ 12.33391, 57.02205 ], [ 12.33396, 57.02133 ], [ 12.33462, 57.02135 ], [ 12.33467, 57.02063 ], [ 12.33598, 57.02066 ], [ 12.33603, 57.01994 ], [ 12.33538, 57.01992 ], [ 12.3354, 57.01957 ], [ 12.33803, 57.01962 ], [ 12.33943, 57.01857 ], [ 12.34077, 57.01824 ], [ 12.34082, 57.01752 ], [ 12.34216, 57.01719 ], [ 12.34234, 57.01468 ], [ 12.343, 57.01469 ], [ 12.34305, 57.01398 ], [ 12.34371, 57.01399 ], [ 12.34326, 57.0111 ], [ 12.34391, 57.01112 ], [ 12.34396, 57.0104 ], [ 12.34462, 57.01041 ], [ 12.34465, 57.01006 ], [ 12.34599, 57.00972 ], [ 12.34604, 57.00901 ], [ 12.3467, 57.00902 ], [ 12.34675, 57.0083 ], [ 12.34809, 57.00797 ], [ 12.34814, 57.00725 ], [ 12.3488, 57.00727 ], [ 12.34885, 57.00655 ], [ 12.34951, 57.00656 ], [ 12.34956, 57.00585 ], [ 12.35022, 57.00586 ], [ 12.35098, 57.00444 ], [ 12.35232, 57.00411 ], [ 12.3525, 57.00159 ], [ 12.35316, 57.00161 ], [ 12.35326, 57.00017 ], [ 12.3526, 57.00016 ], [ 12.35263, 56.9998 ], [ 12.35328, 56.99981 ], [ 12.35346, 56.9973 ], [ 12.35412, 56.99731 ], [ 12.35422, 56.99588 ], [ 12.35488, 56.99589 ], [ 12.35432, 56.99444 ], [ 12.35498, 56.99446 ], [ 12.35501, 56.9941 ], [ 12.35632, 56.99413 ], [ 12.35609, 56.99736 ], [ 12.35741, 56.99738 ], [ 12.35754, 56.99559 ], [ 12.35819, 56.9956 ], [ 12.35824, 56.99488 ], [ 12.35759, 56.99487 ], [ 12.35769, 56.99343 ], [ 12.35966, 56.99348 ], [ 12.36042, 56.99205 ], [ 12.35976, 56.99204 ], [ 12.35979, 56.99159 ], [ 12.37249, 56.99532 ], [ 12.38146, 56.99581 ], [ 12.39018, 56.99479 ], [ 12.38965, 56.99673 ], [ 12.39622, 56.99792 ], [ 12.40527, 57.00166 ], [ 12.40861, 57.00084 ], [ 12.41007, 57.00177 ], [ 12.41193, 57.00424 ], [ 12.42648, 57.00982 ], [ 12.42727, 57.01215 ], [ 12.43497, 57.01168 ], [ 12.43759, 57.00988 ], [ 12.43961, 57.00938 ], [ 12.44169, 57.00965 ], [ 12.45336, 57.00737 ], [ 12.45562, 57.00897 ], [ 12.45615, 57.0088 ], [ 12.4568, 57.01066 ], [ 12.45667, 57.013 ], [ 12.45823, 57.01291 ], [ 12.46079, 57.0139 ], [ 12.47275, 57.0145 ], [ 12.48299, 57.01614 ], [ 12.48855, 57.01515 ], [ 12.48864, 57.01427 ], [ 12.48468, 57.01133 ], [ 12.48422, 57.01014 ], [ 12.48541, 57.00682 ], [ 12.48667, 57.00581 ], [ 12.51696, 57.00101 ], [ 12.51038, 56.99709 ], [ 12.52697, 56.9934 ], [ 12.53403, 56.99886 ], [ 12.54292, 57.00132 ], [ 12.54982, 57.01255 ], [ 12.55047, 57.01804 ], [ 12.5512, 57.01792 ], [ 12.55228, 57.01845 ], [ 12.55889, 57.01804 ], [ 12.56844, 57.01577 ], [ 12.57388, 57.01514 ], [ 12.57672, 57.0156 ], [ 12.57798, 57.01641 ], [ 12.57724, 57.01781 ], [ 12.57813, 57.01898 ], [ 12.58216, 57.01978 ], [ 12.58606, 57.01986 ], [ 12.58728, 57.02086 ], [ 12.58825, 57.02104 ], [ 12.59188, 57.0207 ], [ 12.5936, 57.02175 ], [ 12.59453, 57.02139 ], [ 12.5959, 57.02147 ], [ 12.59918, 57.02227 ], [ 12.60194, 57.02225 ], [ 12.60336, 57.02261 ], [ 12.60681, 57.02109 ], [ 12.60737, 57.0223 ], [ 12.60824, 57.0222 ], [ 12.60795, 57.02295 ], [ 12.60909, 57.02397 ], [ 12.60761, 57.02638 ], [ 12.60884, 57.02695 ], [ 12.60831, 57.02756 ], [ 12.60936, 57.02844 ], [ 12.60845, 57.03077 ], [ 12.60687, 57.03071 ], [ 12.60661, 57.03115 ], [ 12.60513, 57.03144 ], [ 12.60491, 57.03189 ], [ 12.60296, 57.03256 ], [ 12.60355, 57.03583 ], [ 12.60248, 57.03647 ], [ 12.60154, 57.03965 ], [ 12.60202, 57.04147 ], [ 12.59694, 57.04248 ], [ 12.59404, 57.04418 ], [ 12.59027, 57.04486 ], [ 12.58916, 57.04605 ], [ 12.58771, 57.04535 ], [ 12.57741, 57.04937 ], [ 12.57068, 57.05322 ], [ 12.57331, 57.05374 ], [ 12.59099, 57.06303 ], [ 12.5995, 57.06643 ], [ 12.5827, 57.07645 ], [ 12.58057, 57.07813 ], [ 12.57872, 57.08063 ], [ 12.57713, 57.08487 ], [ 12.57458, 57.08661 ], [ 12.57618, 57.0886 ], [ 12.57667, 57.09194 ], [ 12.57634, 57.09562 ], [ 12.57718, 57.10356 ], [ 12.57533, 57.10552 ], [ 12.57657, 57.1077 ], [ 12.57602, 57.10915 ], [ 12.57643, 57.11002 ], [ 12.57944, 57.11324 ], [ 12.60149, 57.12493 ], [ 12.6049, 57.12617 ], [ 12.60594, 57.12757 ], [ 12.60868, 57.12794 ], [ 12.61313, 57.13011 ], [ 12.61645, 57.13318 ], [ 12.61881, 57.13455 ], [ 12.61816, 57.13596 ], [ 12.61955, 57.13734 ], [ 12.61889, 57.1396 ], [ 12.61695, 57.14229 ], [ 12.61676, 57.1458 ], [ 12.61386, 57.14828 ], [ 12.61387, 57.14894 ], [ 12.61496, 57.14942 ], [ 12.61431, 57.15361 ], [ 12.61716, 57.15578 ], [ 12.62341, 57.15701 ], [ 12.6243, 57.15775 ], [ 12.62666, 57.1586 ], [ 12.62957, 57.15864 ], [ 12.62875, 57.16048 ], [ 12.6301, 57.16124 ], [ 12.63203, 57.16075 ], [ 12.63487, 57.15896 ], [ 12.63752, 57.1593 ], [ 12.64151, 57.16128 ], [ 12.64341, 57.16372 ], [ 12.64698, 57.16549 ], [ 12.64911, 57.16593 ], [ 12.64589, 57.16839 ], [ 12.64509, 57.16994 ], [ 12.6466, 57.17136 ], [ 12.64643, 57.17219 ], [ 12.64439, 57.17175 ], [ 12.64265, 57.17298 ], [ 12.64174, 57.17258 ], [ 12.64083, 57.1728 ], [ 12.64062, 57.17409 ], [ 12.63924, 57.17485 ], [ 12.63805, 57.17686 ], [ 12.63625, 57.17732 ], [ 12.63497, 57.17717 ], [ 12.63374, 57.17639 ], [ 12.62982, 57.17891 ], [ 12.6297, 57.18254 ], [ 12.63882, 57.18324 ], [ 12.63722, 57.18576 ], [ 12.62792, 57.18551 ], [ 12.62841, 57.18625 ], [ 12.6281, 57.18728 ], [ 12.63028, 57.18746 ], [ 12.6327, 57.18828 ], [ 12.6342, 57.18957 ], [ 12.63367, 57.19027 ], [ 12.63229, 57.19055 ], [ 12.63104, 57.19138 ], [ 12.62531, 57.19288 ], [ 12.62409, 57.19469 ], [ 12.62348, 57.19609 ], [ 12.62376, 57.19792 ], [ 12.62271, 57.19926 ], [ 12.62367, 57.20008 ], [ 12.62362, 57.20133 ], [ 12.62471, 57.20273 ], [ 12.62377, 57.20475 ], [ 12.62347, 57.20954 ], [ 12.62766, 57.21247 ], [ 12.63379, 57.21427 ], [ 12.63347, 57.21756 ], [ 12.63806, 57.22007 ], [ 12.64148, 57.22346 ], [ 12.64124, 57.22562 ], [ 12.65111, 57.22601 ], [ 12.65179, 57.22511 ], [ 12.65329, 57.22523 ], [ 12.65435, 57.22482 ], [ 12.65621, 57.22513 ], [ 12.65727, 57.22621 ], [ 12.65637, 57.22666 ], [ 12.65619, 57.22754 ], [ 12.65755, 57.22787 ], [ 12.65857, 57.22757 ], [ 12.66241, 57.23065 ], [ 12.6642, 57.23087 ], [ 12.66441, 57.23172 ], [ 12.66704, 57.23344 ], [ 12.66727, 57.23193 ], [ 12.66838, 57.23083 ], [ 12.66961, 57.23062 ], [ 12.66893, 57.23044 ], [ 12.66933, 57.22976 ], [ 12.67121, 57.22956 ], [ 12.67313, 57.22859 ], [ 12.67435, 57.2289 ], [ 12.67895, 57.23165 ], [ 12.6824, 57.23314 ], [ 12.6874, 57.23686 ], [ 12.68922, 57.2374 ], [ 12.69361, 57.23972 ], [ 12.69381, 57.24019 ], [ 12.6951, 57.24041 ], [ 12.69626, 57.24133 ], [ 12.70781, 57.24661 ], [ 12.71277, 57.24957 ], [ 12.71457, 57.25012 ], [ 12.71525, 57.25155 ], [ 12.71849, 57.25296 ], [ 12.7195, 57.25425 ], [ 12.72327, 57.25574 ], [ 12.72576, 57.2577 ], [ 12.72842, 57.25886 ], [ 12.73008, 57.26037 ], [ 12.73234, 57.26118 ], [ 12.734, 57.26266 ], [ 12.73615, 57.26333 ], [ 12.73668, 57.26502 ], [ 12.7385, 57.26673 ], [ 12.74047, 57.26738 ], [ 12.75419, 57.26804 ], [ 12.76099, 57.26987 ], [ 12.7636, 57.27006 ], [ 12.76297, 57.27209 ], [ 12.76337, 57.27255 ], [ 12.7628, 57.27341 ], [ 12.75868, 57.2734 ], [ 12.75229, 57.27744 ], [ 12.7445, 57.28604 ], [ 12.74143, 57.29157 ], [ 12.74188, 57.29575 ], [ 12.74072, 57.29785 ], [ 12.73942, 57.29882 ], [ 12.74032, 57.30092 ], [ 12.73792, 57.30244 ], [ 12.7327, 57.30253 ], [ 12.73101, 57.30429 ], [ 12.72885, 57.30434 ], [ 12.72366, 57.30644 ], [ 12.72141, 57.30682 ], [ 12.71857, 57.30816 ], [ 12.71542, 57.30874 ], [ 12.71084, 57.31085 ], [ 12.71007, 57.31184 ], [ 12.70673, 57.3128 ], [ 12.70342, 57.31312 ], [ 12.70299, 57.31347 ], [ 12.70644, 57.31863 ], [ 12.7055, 57.32355 ], [ 12.69832, 57.32772 ], [ 12.69485, 57.3285 ], [ 12.69323, 57.32932 ], [ 12.6924, 57.33066 ], [ 12.69238, 57.33461 ], [ 12.69085, 57.33416 ], [ 12.68787, 57.33217 ], [ 12.68389, 57.33068 ], [ 12.6754, 57.32999 ], [ 12.67198, 57.33304 ], [ 12.67035, 57.33511 ], [ 12.66908, 57.33851 ], [ 12.66787, 57.33939 ], [ 12.66448, 57.34006 ], [ 12.66166, 57.34142 ], [ 12.65952, 57.3407 ], [ 12.65526, 57.34138 ], [ 12.65233, 57.33953 ], [ 12.65226, 57.33872 ], [ 12.65395, 57.33814 ], [ 12.6535, 57.33734 ], [ 12.65168, 57.33587 ], [ 12.64961, 57.33561 ], [ 12.6472, 57.33439 ], [ 12.64552, 57.33148 ], [ 12.64357, 57.32986 ], [ 12.63905, 57.33172 ], [ 12.63264, 57.33142 ], [ 12.62449, 57.33209 ], [ 12.62252, 57.33193 ], [ 12.62215, 57.33453 ], [ 12.62423, 57.33756 ], [ 12.62461, 57.34137 ], [ 12.62459, 57.3423 ], [ 12.62316, 57.34314 ], [ 12.62313, 57.344 ], [ 12.61981, 57.34378 ], [ 12.61531, 57.34529 ], [ 12.60922, 57.34667 ], [ 12.60471, 57.34693 ], [ 12.60331, 57.34552 ], [ 12.60334, 57.34356 ], [ 12.59964, 57.34253 ], [ 12.5997, 57.34225 ], [ 12.59749, 57.34283 ], [ 12.59603, 57.34252 ], [ 12.59128, 57.34299 ], [ 12.58976, 57.33888 ], [ 12.58475, 57.33746 ], [ 12.58291, 57.33623 ], [ 12.57978, 57.33504 ], [ 12.57977, 57.33372 ], [ 12.56704, 57.33074 ], [ 12.56005, 57.33031 ], [ 12.55877, 57.32116 ], [ 12.55262, 57.32148 ], [ 12.53723, 57.31949 ], [ 12.53764, 57.31906 ], [ 12.53722, 57.31811 ], [ 12.53352, 57.31376 ], [ 12.53221, 57.31025 ], [ 12.53241, 57.30734 ], [ 12.52953, 57.3027 ], [ 12.51906, 57.29725 ], [ 12.51586, 57.29425 ], [ 12.51187, 57.28818 ], [ 12.50458, 57.28106 ], [ 12.49773, 57.28223 ], [ 12.49703, 57.28479 ], [ 12.49751, 57.2861 ], [ 12.49582, 57.28669 ], [ 12.49283, 57.28679 ], [ 12.4874, 57.28451 ], [ 12.48672, 57.28291 ], [ 12.48802, 57.28294 ], [ 12.48172, 57.27913 ], [ 12.4619, 57.27537 ], [ 12.46053, 57.27824 ], [ 12.45583, 57.27953 ], [ 12.45332, 57.27703 ], [ 12.45164, 57.27629 ], [ 12.45063, 57.27333 ], [ 12.43022, 57.26936 ], [ 12.42914, 57.27745 ], [ 12.42974, 57.28314 ], [ 12.42565, 57.2874 ], [ 12.42518, 57.29001 ], [ 12.42626, 57.29074 ], [ 12.42663, 57.29185 ], [ 12.42597, 57.29242 ], [ 12.42474, 57.29242 ], [ 12.42398, 57.29711 ], [ 12.42556, 57.30538 ], [ 12.42114, 57.30707 ], [ 12.42603, 57.30997 ], [ 12.42929, 57.31389 ], [ 12.43221, 57.31505 ], [ 12.42645, 57.3225 ], [ 12.42457, 57.32346 ], [ 12.42199, 57.32281 ], [ 12.41931, 57.32126 ], [ 12.41977, 57.32071 ], [ 12.41752, 57.31957 ], [ 12.39749, 57.32866 ], [ 12.38962, 57.33701 ], [ 12.39293, 57.33844 ], [ 12.39305, 57.34042 ], [ 12.38926, 57.34148 ], [ 12.38543, 57.34371 ], [ 12.38445, 57.34699 ], [ 12.38698, 57.35153 ], [ 12.35231, 57.33494 ], [ 12.34634, 57.33434 ], [ 12.34613, 57.33456 ], [ 12.34264, 57.33167 ], [ 12.3417, 57.33233 ], [ 12.33958, 57.33267 ], [ 12.33831, 57.33233 ], [ 12.33767, 57.3318 ], [ 12.33748, 57.33019 ], [ 12.33802, 57.32971 ], [ 12.34263, 57.33166 ], [ 12.33526, 57.32551 ], [ 12.33302, 57.32249 ], [ 12.32004, 57.31382 ], [ 12.31443, 57.30927 ], [ 12.28831, 57.30252 ], [ 12.27455, 57.30048 ], [ 12.26075, 57.30477 ], [ 12.23907, 57.3132 ], [ 12.23704, 57.31323 ], [ 12.22659, 57.31623 ], [ 12.2226, 57.31545 ], [ 12.21789, 57.31538 ], [ 12.21848, 57.31664 ], [ 12.21775, 57.3173 ], [ 12.21873, 57.31731 ], [ 12.2177, 57.31734 ], [ 12.21839, 57.31789 ], [ 12.21897, 57.31781 ], [ 12.21928, 57.31846 ], [ 12.21857, 57.31853 ], [ 12.21527, 57.32239 ], [ 12.21298, 57.3219 ], [ 12.20941, 57.32217 ], [ 12.20778, 57.3213 ], [ 12.20569, 57.32155 ], [ 12.20579, 57.31954 ], [ 12.20505, 57.31825 ], [ 12.20081, 57.31808 ], [ 12.19648, 57.31888 ], [ 12.19608, 57.31834 ], [ 12.19769, 57.31732 ], [ 12.19661, 57.3169 ], [ 12.196, 57.31593 ], [ 12.19211, 57.31474 ], [ 12.18895, 57.31455 ], [ 12.18823, 57.31377 ], [ 12.18179, 57.31221 ], [ 12.18054, 57.31121 ], [ 12.17501, 57.31239 ], [ 12.17097, 57.31193 ], [ 12.16885, 57.31107 ], [ 12.16888, 57.31071 ], [ 12.16755, 57.31068 ], [ 12.16758, 57.31032 ], [ 12.16824, 57.31033 ], [ 12.1683, 57.30962 ], [ 12.16763, 57.3096 ], [ 12.16769, 57.30888 ], [ 12.16703, 57.30887 ], [ 12.16705, 57.30851 ], [ 12.16772, 57.30852 ], [ 12.16777, 57.30781 ], [ 12.16843, 57.30782 ], [ 12.16846, 57.30746 ], [ 12.1678, 57.30745 ], [ 12.16785, 57.30673 ], [ 12.16719, 57.30671 ], [ 12.16722, 57.30636 ], [ 12.16788, 57.30637 ], [ 12.16794, 57.30565 ], [ 12.16661, 57.30562 ], [ 12.1668, 57.30311 ], [ 12.16747, 57.30313 ], [ 12.16755, 57.30205 ], [ 12.16689, 57.30203 ], [ 12.16694, 57.30132 ], [ 12.16628, 57.3013 ], [ 12.16636, 57.30022 ], [ 12.16443, 57.29946 ], [ 12.16448, 57.29874 ], [ 12.16382, 57.29873 ], [ 12.1639, 57.29765 ], [ 12.16457, 57.29767 ], [ 12.16481, 57.29444 ], [ 12.16548, 57.29445 ], [ 12.16553, 57.29373 ], [ 12.16423, 57.29335 ], [ 12.16429, 57.29263 ], [ 12.16299, 57.29224 ], [ 12.16324, 57.28901 ], [ 12.16459, 57.28868 ], [ 12.16465, 57.28796 ], [ 12.16531, 57.28798 ], [ 12.16539, 57.2869 ], [ 12.1641, 57.28651 ], [ 12.16426, 57.28436 ], [ 12.1636, 57.28434 ], [ 12.16363, 57.28399 ], [ 12.1623, 57.28396 ], [ 12.16233, 57.2836 ], [ 12.15965, 57.2839 ], [ 12.15968, 57.28354 ], [ 12.15835, 57.28351 ], [ 12.15838, 57.28315 ], [ 12.15706, 57.28312 ], [ 12.15708, 57.28276 ], [ 12.15576, 57.28273 ], [ 12.15579, 57.28237 ], [ 12.15446, 57.28234 ], [ 12.15449, 57.28198 ], [ 12.15316, 57.28195 ], [ 12.15319, 57.28159 ], [ 12.14852, 57.28185 ], [ 12.1485, 57.2822 ], [ 12.14783, 57.28219 ], [ 12.14778, 57.28291 ], [ 12.14712, 57.28289 ], [ 12.14709, 57.28325 ], [ 12.14576, 57.28322 ], [ 12.14573, 57.28358 ], [ 12.1411, 57.28347 ], [ 12.14112, 57.28312 ], [ 12.1398, 57.28309 ], [ 12.13988, 57.28201 ], [ 12.13922, 57.28199 ], [ 12.13925, 57.28163 ], [ 12.13991, 57.28165 ], [ 12.13997, 57.28093 ], [ 12.1393, 57.28092 ], [ 12.13933, 57.28056 ], [ 12.13801, 57.28053 ], [ 12.13795, 57.28125 ], [ 12.13729, 57.28123 ], [ 12.13726, 57.28159 ], [ 12.13395, 57.28151 ], [ 12.1327, 57.28041 ], [ 12.13141, 57.28002 ], [ 12.13146, 57.2793 ], [ 12.1308, 57.27929 ], [ 12.13019, 57.27855 ], [ 12.12691, 57.27812 ], [ 12.1263, 57.27738 ], [ 12.12498, 57.27735 ], [ 12.12426, 57.27806 ], [ 12.12293, 57.27803 ], [ 12.12296, 57.27767 ], [ 12.1223, 57.27765 ], [ 12.12235, 57.27694 ], [ 12.12042, 57.27617 ], [ 12.11982, 57.27544 ], [ 12.11783, 57.27539 ], [ 12.11786, 57.27503 ], [ 12.11656, 57.27464 ], [ 12.11662, 57.27393 ], [ 12.11529, 57.2739 ], [ 12.11523, 57.27461 ], [ 12.11457, 57.2746 ], [ 12.11466, 57.27352 ], [ 12.11399, 57.27351 ], [ 12.11402, 57.27315 ], [ 12.1127, 57.27312 ], [ 12.11273, 57.27276 ], [ 12.11206, 57.27274 ], [ 12.11212, 57.27203 ], [ 12.10953, 57.27125 ], [ 12.10958, 57.27053 ], [ 12.10892, 57.27051 ], [ 12.10903, 57.26908 ], [ 12.10837, 57.26906 ], [ 12.1084, 57.26871 ], [ 12.10906, 57.26872 ], [ 12.10914, 57.26764 ], [ 12.10782, 57.26761 ], [ 12.10776, 57.26833 ], [ 12.10644, 57.2683 ], [ 12.10641, 57.26866 ], [ 12.10575, 57.26864 ], [ 12.1058, 57.26793 ], [ 12.10716, 57.2676 ], [ 12.10721, 57.26688 ], [ 12.10788, 57.2669 ], [ 12.10727, 57.26616 ], [ 12.10862, 57.26583 ], [ 12.10934, 57.26513 ], [ 12.11067, 57.26516 ], [ 12.11069, 57.2648 ], [ 12.11205, 57.26447 ], [ 12.1121, 57.26376 ], [ 12.11078, 57.26373 ], [ 12.10937, 57.26477 ], [ 12.10675, 57.26435 ], [ 12.10531, 57.26576 ], [ 12.10465, 57.26574 ], [ 12.10471, 57.26502 ], [ 12.10404, 57.26501 ], [ 12.10418, 57.26322 ], [ 12.10352, 57.2632 ], [ 12.10355, 57.26284 ], [ 12.10487, 57.26287 ], [ 12.1049, 57.26251 ], [ 12.10623, 57.26254 ], [ 12.10626, 57.26218 ], [ 12.10692, 57.2622 ], [ 12.10769, 57.26078 ], [ 12.10835, 57.26079 ], [ 12.10841, 57.26008 ], [ 12.10907, 57.26009 ], [ 12.10916, 57.25902 ], [ 12.10783, 57.25899 ], [ 12.10775, 57.26006 ], [ 12.1064, 57.26039 ], [ 12.10634, 57.26111 ], [ 12.10499, 57.26144 ], [ 12.10427, 57.26214 ], [ 12.10294, 57.26211 ], [ 12.10107, 57.26063 ], [ 12.09977, 57.26024 ], [ 12.09986, 57.25916 ], [ 12.09856, 57.25877 ], [ 12.09796, 57.25804 ], [ 12.09534, 57.25762 ], [ 12.09346, 57.25614 ], [ 12.09079, 57.25643 ], [ 12.09081, 57.25608 ], [ 12.08753, 57.25564 ], [ 12.0875, 57.256 ], [ 12.08485, 57.25594 ], [ 12.085, 57.25414 ], [ 12.08828, 57.25458 ], [ 12.08825, 57.25494 ], [ 12.08891, 57.25495 ], [ 12.089, 57.25388 ], [ 12.08966, 57.25389 ], [ 12.08972, 57.25317 ], [ 12.09038, 57.25319 ], [ 12.09043, 57.25247 ], [ 12.0911, 57.25249 ], [ 12.09121, 57.25105 ], [ 12.09055, 57.25104 ], [ 12.0906, 57.25032 ], [ 12.09127, 57.25033 ], [ 12.09144, 57.24818 ], [ 12.0921, 57.2482 ], [ 12.09213, 57.24784 ], [ 12.09345, 57.24787 ], [ 12.09417, 57.24717 ], [ 12.09552, 57.24684 ], [ 12.09561, 57.24576 ], [ 12.10024, 57.24587 ], [ 12.10085, 57.2466 ], [ 12.10217, 57.24663 ], [ 12.10278, 57.24736 ], [ 12.10407, 57.24775 ], [ 12.10401, 57.24847 ], [ 12.10468, 57.24849 ], [ 12.10462, 57.2492 ], [ 12.10528, 57.24922 ], [ 12.10523, 57.24994 ], [ 12.10589, 57.24995 ], [ 12.10586, 57.25031 ], [ 12.10854, 57.25001 ], [ 12.10856, 57.24965 ], [ 12.10923, 57.24967 ], [ 12.1092, 57.25003 ], [ 12.11118, 57.25007 ], [ 12.11179, 57.25081 ], [ 12.11311, 57.25084 ], [ 12.11309, 57.2512 ], [ 12.11628, 57.25271 ], [ 12.11689, 57.25344 ], [ 12.11822, 57.25347 ], [ 12.11819, 57.25383 ], [ 12.12084, 57.25389 ], [ 12.12086, 57.25353 ], [ 12.12219, 57.25356 ], [ 12.125, 57.25147 ], [ 12.12633, 57.2515 ], [ 12.12774, 57.25045 ], [ 12.12909, 57.25013 ], [ 12.12986, 57.24871 ], [ 12.13052, 57.24872 ], [ 12.13064, 57.24728 ], [ 12.13262, 57.24733 ], [ 12.13265, 57.24697 ], [ 12.13066, 57.24693 ], [ 12.13069, 57.24657 ], [ 12.13135, 57.24658 ], [ 12.13075, 57.24585 ], [ 12.1281, 57.24579 ], [ 12.12669, 57.24684 ], [ 12.12272, 57.24674 ], [ 12.12269, 57.2471 ], [ 12.12007, 57.24668 ], [ 12.11935, 57.24739 ], [ 12.11803, 57.24736 ], [ 12.11809, 57.24664 ], [ 12.11944, 57.24631 ], [ 12.11975, 57.24236 ], [ 12.11908, 57.24235 ], [ 12.11911, 57.24199 ], [ 12.11779, 57.24196 ], [ 12.11707, 57.24266 ], [ 12.11572, 57.24299 ], [ 12.11658, 57.24049 ], [ 12.11528, 57.2401 ], [ 12.11467, 57.23937 ], [ 12.11269, 57.23932 ], [ 12.11263, 57.24004 ], [ 12.11197, 57.24003 ], [ 12.11194, 57.24039 ], [ 12.11062, 57.24035 ], [ 12.11068, 57.23964 ], [ 12.10869, 57.23959 ], [ 12.10863, 57.24031 ], [ 12.10797, 57.24029 ], [ 12.10806, 57.23922 ], [ 12.10607, 57.23917 ], [ 12.10604, 57.23953 ], [ 12.10469, 57.23986 ], [ 12.10463, 57.24058 ], [ 12.10397, 57.24056 ], [ 12.104, 57.2402 ], [ 12.10069, 57.24013 ], [ 12.10063, 57.24084 ], [ 12.09997, 57.24083 ], [ 12.0992, 57.24225 ], [ 12.09854, 57.24223 ], [ 12.09856, 57.24187 ], [ 12.09724, 57.24184 ], [ 12.0973, 57.24113 ], [ 12.09796, 57.24114 ], [ 12.09807, 57.23971 ], [ 12.09741, 57.23969 ], [ 12.09744, 57.23933 ], [ 12.09545, 57.23929 ], [ 12.09559, 57.23749 ], [ 12.09493, 57.23748 ], [ 12.09565, 57.23677 ], [ 12.09499, 57.23676 ], [ 12.09504, 57.23604 ], [ 12.09438, 57.23603 ], [ 12.09386, 57.23422 ], [ 12.09521, 57.23389 ], [ 12.09527, 57.23317 ], [ 12.09593, 57.23319 ], [ 12.09596, 57.23283 ], [ 12.09731, 57.2325 ], [ 12.09737, 57.23178 ], [ 12.09803, 57.2318 ], [ 12.09806, 57.23144 ], [ 12.09938, 57.23147 ], [ 12.09941, 57.23111 ], [ 12.10073, 57.23114 ], [ 12.10076, 57.23078 ], [ 12.10344, 57.23048 ], [ 12.10487, 57.22908 ], [ 12.10818, 57.22915 ], [ 12.10829, 57.22772 ], [ 12.10896, 57.22773 ], [ 12.10967, 57.22703 ], [ 12.111, 57.22706 ], [ 12.11105, 57.22634 ], [ 12.11238, 57.22637 ], [ 12.11235, 57.22673 ], [ 12.11301, 57.22675 ], [ 12.11293, 57.22782 ], [ 12.1169, 57.22792 ], [ 12.11692, 57.22756 ], [ 12.11825, 57.22759 ], [ 12.11827, 57.22723 ], [ 12.11963, 57.2269 ], [ 12.11968, 57.22618 ], [ 12.12233, 57.22624 ], [ 12.12236, 57.22588 ], [ 12.12368, 57.22591 ], [ 12.12374, 57.2252 ], [ 12.1244, 57.22521 ], [ 12.12512, 57.22451 ], [ 12.12644, 57.22454 ], [ 12.12589, 57.22309 ], [ 12.12655, 57.2231 ], [ 12.12658, 57.22275 ], [ 12.12592, 57.22273 ], [ 12.12597, 57.22201 ], [ 12.1273, 57.22204 ], [ 12.12732, 57.22168 ], [ 12.12798, 57.2217 ], [ 12.12807, 57.22062 ], [ 12.12873, 57.22064 ], [ 12.12945, 57.21993 ], [ 12.13077, 57.21997 ], [ 12.13083, 57.21925 ], [ 12.13215, 57.21928 ], [ 12.13218, 57.21892 ], [ 12.13353, 57.21859 ], [ 12.13356, 57.21823 ], [ 12.13226, 57.21784 ], [ 12.13232, 57.21712 ], [ 12.13298, 57.21714 ], [ 12.13301, 57.21678 ], [ 12.13433, 57.21681 ], [ 12.13642, 57.21542 ], [ 12.13775, 57.21545 ], [ 12.13918, 57.21405 ], [ 12.14183, 57.21411 ], [ 12.14186, 57.21375 ], [ 12.14318, 57.21378 ], [ 12.14321, 57.21342 ], [ 12.14715, 57.21387 ], [ 12.14717, 57.21351 ], [ 12.15114, 57.2136 ], [ 12.15112, 57.21396 ], [ 12.15178, 57.21397 ], [ 12.15169, 57.21505 ], [ 12.15302, 57.21508 ], [ 12.15296, 57.2158 ], [ 12.15561, 57.21586 ], [ 12.15638, 57.21444 ], [ 12.15902, 57.2145 ], [ 12.15905, 57.21414 ], [ 12.16233, 57.21457 ], [ 12.16236, 57.21421 ], [ 12.16302, 57.21423 ], [ 12.16299, 57.21459 ], [ 12.16432, 57.21462 ], [ 12.16429, 57.21497 ], [ 12.16561, 57.215 ], [ 12.16558, 57.21536 ], [ 12.16955, 57.21545 ], [ 12.16961, 57.21474 ], [ 12.17093, 57.21476 ], [ 12.17099, 57.21405 ], [ 12.17559, 57.21451 ], [ 12.17562, 57.21415 ], [ 12.17628, 57.21417 ], [ 12.17625, 57.21453 ], [ 12.18152, 57.215 ], [ 12.18149, 57.21536 ], [ 12.18083, 57.21535 ], [ 12.18077, 57.21606 ], [ 12.18143, 57.21608 ], [ 12.18127, 57.21823 ], [ 12.18193, 57.21825 ], [ 12.1819, 57.21861 ], [ 12.18389, 57.21865 ], [ 12.18386, 57.21901 ], [ 12.18651, 57.21907 ], [ 12.18703, 57.22088 ], [ 12.18902, 57.22092 ], [ 12.19153, 57.22278 ], [ 12.19351, 57.22282 ], [ 12.19346, 57.22354 ], [ 12.19544, 57.22358 ], [ 12.19547, 57.22322 ], [ 12.19613, 57.22324 ], [ 12.1961, 57.2236 ], [ 12.19875, 57.22366 ], [ 12.19872, 57.22402 ], [ 12.20005, 57.22405 ], [ 12.19999, 57.22476 ], [ 12.20261, 57.22518 ], [ 12.20322, 57.22591 ], [ 12.2052, 57.22596 ], [ 12.20523, 57.2256 ], [ 12.20589, 57.22561 ], [ 12.2065, 57.22635 ], [ 12.20782, 57.22638 ], [ 12.2078, 57.22674 ], [ 12.20846, 57.22675 ], [ 12.20906, 57.22748 ], [ 12.21039, 57.22751 ], [ 12.21044, 57.22679 ], [ 12.20978, 57.22678 ], [ 12.20917, 57.22605 ], [ 12.20785, 57.22602 ], [ 12.20724, 57.22528 ], [ 12.20923, 57.22533 ], [ 12.20925, 57.22497 ], [ 12.20992, 57.22498 ], [ 12.21047, 57.22644 ], [ 12.21179, 57.22646 ], [ 12.21182, 57.22611 ], [ 12.21248, 57.22612 ], [ 12.21254, 57.2254 ], [ 12.21124, 57.22501 ], [ 12.21129, 57.2243 ], [ 12.21063, 57.22428 ], [ 12.21071, 57.2232 ], [ 12.21204, 57.22323 ], [ 12.21209, 57.22252 ], [ 12.21344, 57.22219 ], [ 12.21355, 57.22075 ], [ 12.21421, 57.22077 ], [ 12.21427, 57.22005 ], [ 12.21493, 57.22006 ], [ 12.21432, 57.21933 ], [ 12.21498, 57.21935 ], [ 12.21506, 57.21827 ], [ 12.21641, 57.21794 ], [ 12.21647, 57.21722 ], [ 12.21713, 57.21724 ], [ 12.21715, 57.21688 ], [ 12.21583, 57.21685 ], [ 12.21589, 57.21613 ], [ 12.21522, 57.21612 ], [ 12.21525, 57.21576 ], [ 12.21591, 57.21577 ], [ 12.21599, 57.21469 ], [ 12.21533, 57.21468 ], [ 12.21605, 57.21398 ], [ 12.21412, 57.21321 ], [ 12.21483, 57.21251 ], [ 12.21351, 57.21248 ], [ 12.21354, 57.21212 ], [ 12.21224, 57.21173 ], [ 12.2123, 57.21102 ], [ 12.211, 57.21063 ], [ 12.21045, 57.20918 ], [ 12.20912, 57.20915 ], [ 12.20918, 57.20843 ], [ 12.20455, 57.20833 ], [ 12.20331, 57.20722 ], [ 12.19807, 57.20639 ], [ 12.1981, 57.20603 ], [ 12.1949, 57.20452 ], [ 12.19493, 57.20416 ], [ 12.19427, 57.20414 ], [ 12.19429, 57.20379 ], [ 12.19363, 57.20377 ], [ 12.19303, 57.20304 ], [ 12.19038, 57.20298 ], [ 12.19035, 57.20334 ], [ 12.18969, 57.20332 ], [ 12.18909, 57.20259 ], [ 12.18247, 57.20244 ], [ 12.18255, 57.20137 ], [ 12.18189, 57.20135 ], [ 12.18192, 57.20099 ], [ 12.1806, 57.20096 ], [ 12.18057, 57.20132 ], [ 12.17991, 57.20131 ], [ 12.17999, 57.20023 ], [ 12.17801, 57.20018 ], [ 12.17798, 57.20054 ], [ 12.17663, 57.20087 ], [ 12.17671, 57.1998 ], [ 12.17536, 57.20012 ], [ 12.17542, 57.19941 ], [ 12.1741, 57.19938 ], [ 12.17412, 57.19902 ], [ 12.17214, 57.19897 ], [ 12.17142, 57.19968 ], [ 12.1701, 57.19965 ], [ 12.17005, 57.20036 ], [ 12.16674, 57.20029 ], [ 12.16677, 57.19993 ], [ 12.16547, 57.19954 ], [ 12.16553, 57.19882 ], [ 12.1636, 57.19806 ], [ 12.16299, 57.19733 ], [ 12.16167, 57.1973 ], [ 12.16107, 57.19657 ], [ 12.15842, 57.19651 ], [ 12.15837, 57.19722 ], [ 12.1577, 57.19721 ], [ 12.15699, 57.19791 ], [ 12.15513, 57.19787 ], [ 12.15511, 57.19643 ], [ 12.15379, 57.1964 ], [ 12.15388, 57.19533 ], [ 12.15255, 57.1953 ], [ 12.15195, 57.19456 ], [ 12.15065, 57.19417 ], [ 12.1501, 57.19272 ], [ 12.15076, 57.19274 ], [ 12.15074, 57.1931 ], [ 12.15206, 57.19313 ], [ 12.15277, 57.19242 ] ] ], [ [ [ 12.11274, 57.20481 ], [ 12.1134, 57.20483 ], [ 12.11334, 57.20554 ], [ 12.11466, 57.20557 ], [ 12.11469, 57.20522 ], [ 12.11535, 57.20523 ], [ 12.11527, 57.20631 ], [ 12.1172, 57.20707 ], [ 12.11769, 57.20924 ], [ 12.11835, 57.20925 ], [ 12.11832, 57.20961 ], [ 12.11634, 57.20957 ], [ 12.11631, 57.20993 ], [ 12.11433, 57.20988 ], [ 12.11292, 57.21093 ], [ 12.10904, 57.20976 ], [ 12.10909, 57.20904 ], [ 12.11044, 57.20871 ], [ 12.11053, 57.20764 ], [ 12.10788, 57.20758 ], [ 12.10791, 57.20722 ], [ 12.10659, 57.20719 ], [ 12.10667, 57.20611 ], [ 12.10535, 57.20608 ], [ 12.10538, 57.20572 ], [ 12.10802, 57.20578 ], [ 12.10805, 57.20542 ], [ 12.10937, 57.20545 ], [ 12.11009, 57.20475 ], [ 12.11075, 57.20477 ], [ 12.11072, 57.20512 ], [ 12.11271, 57.20517 ], [ 12.11274, 57.20481 ] ] ], [ [ [ 12.14803, 57.21101 ], [ 12.14797, 57.21173 ], [ 12.14731, 57.21171 ], [ 12.14734, 57.21135 ], [ 12.14602, 57.21132 ], [ 12.14607, 57.21061 ], [ 12.14673, 57.21062 ], [ 12.14671, 57.21098 ], [ 12.14803, 57.21101 ] ] ], [ [ [ 12.13665, 57.21255 ], [ 12.13736, 57.21185 ], [ 12.13869, 57.21188 ], [ 12.13871, 57.21152 ], [ 12.13938, 57.21153 ], [ 12.13935, 57.21189 ], [ 12.14067, 57.21192 ], [ 12.14064, 57.21228 ], [ 12.13932, 57.21225 ], [ 12.1386, 57.21295 ], [ 12.13728, 57.21292 ], [ 12.13731, 57.21256 ], [ 12.13665, 57.21255 ] ] ], [ [ [ 12.09033, 57.22011 ], [ 12.09036, 57.21975 ], [ 12.09102, 57.21977 ], [ 12.09105, 57.21941 ], [ 12.09637, 57.21917 ], [ 12.09824, 57.22066 ], [ 12.10089, 57.22072 ], [ 12.10086, 57.22108 ], [ 12.1002, 57.22106 ], [ 12.10014, 57.22178 ], [ 12.09879, 57.22211 ], [ 12.09874, 57.22282 ], [ 12.09675, 57.22278 ], [ 12.09669, 57.2235 ], [ 12.09603, 57.22348 ], [ 12.096, 57.22384 ], [ 12.09333, 57.22414 ], [ 12.0933, 57.2245 ], [ 12.09132, 57.22445 ], [ 12.09135, 57.22409 ], [ 12.09005, 57.2237 ], [ 12.09011, 57.22298 ], [ 12.09077, 57.223 ], [ 12.09022, 57.22155 ], [ 12.09088, 57.22156 ], [ 12.09099, 57.22013 ], [ 12.09033, 57.22011 ] ] ], [ [ [ 12.11394, 57.29112 ], [ 12.11328, 57.29111 ], [ 12.11334, 57.29039 ], [ 12.11204, 57.29 ], [ 12.11143, 57.28927 ], [ 12.11541, 57.28936 ], [ 12.11544, 57.289 ], [ 12.11742, 57.28905 ], [ 12.11731, 57.29048 ], [ 12.11397, 57.29076 ], [ 12.11394, 57.29112 ] ] ], [ [ [ 12.07951, 57.28997 ], [ 12.07953, 57.28961 ], [ 12.08216, 57.29003 ], [ 12.08271, 57.29148 ], [ 12.08533, 57.2919 ], [ 12.08527, 57.29262 ], [ 12.08593, 57.29263 ], [ 12.08591, 57.29299 ], [ 12.08723, 57.29302 ], [ 12.0872, 57.29338 ], [ 12.09118, 57.29347 ], [ 12.09115, 57.29383 ], [ 12.08983, 57.2938 ], [ 12.08963, 57.29631 ], [ 12.09029, 57.29633 ], [ 12.09023, 57.29705 ], [ 12.08957, 57.29703 ], [ 12.08954, 57.29739 ], [ 12.08626, 57.29695 ], [ 12.08623, 57.29731 ], [ 12.0849, 57.29728 ], [ 12.08485, 57.298 ], [ 12.08286, 57.29795 ], [ 12.08225, 57.29722 ], [ 12.08093, 57.29719 ], [ 12.08165, 57.29649 ], [ 12.07971, 57.29572 ], [ 12.07977, 57.29501 ], [ 12.07911, 57.29499 ], [ 12.07922, 57.29356 ], [ 12.07856, 57.29354 ], [ 12.07862, 57.29282 ], [ 12.07795, 57.29281 ], [ 12.07801, 57.29209 ], [ 12.07936, 57.29176 ], [ 12.07884, 57.28995 ], [ 12.07951, 57.28997 ] ] ], [ [ [ 12.1252, 57.30001 ], [ 12.12514, 57.30073 ], [ 12.12448, 57.30071 ], [ 12.12443, 57.30143 ], [ 12.12376, 57.30141 ], [ 12.12368, 57.30249 ], [ 12.12434, 57.30251 ], [ 12.12423, 57.30394 ], [ 12.12489, 57.30396 ], [ 12.12475, 57.30575 ], [ 12.12409, 57.30574 ], [ 12.12412, 57.30538 ], [ 12.12279, 57.30535 ], [ 12.12207, 57.30605 ], [ 12.11939, 57.30635 ], [ 12.11867, 57.30705 ], [ 12.11735, 57.30702 ], [ 12.11787, 57.30883 ], [ 12.11458, 57.30839 ], [ 12.11455, 57.30875 ], [ 12.11389, 57.30874 ], [ 12.11395, 57.30802 ], [ 12.11138, 57.30688 ], [ 12.11083, 57.30543 ], [ 12.10884, 57.30539 ], [ 12.10878, 57.3061 ], [ 12.10613, 57.30604 ], [ 12.10619, 57.30532 ], [ 12.10685, 57.30534 ], [ 12.10739, 57.29852 ], [ 12.10672, 57.29851 ], [ 12.10684, 57.29707 ], [ 12.10617, 57.29706 ], [ 12.1062, 57.2967 ], [ 12.10686, 57.29671 ], [ 12.10695, 57.29564 ], [ 12.11294, 57.29541 ], [ 12.11297, 57.29505 ], [ 12.11562, 57.29512 ], [ 12.11565, 57.29476 ], [ 12.11698, 57.29479 ], [ 12.11695, 57.29515 ], [ 12.11827, 57.29518 ], [ 12.11825, 57.29554 ], [ 12.11891, 57.29555 ], [ 12.11885, 57.29627 ], [ 12.12015, 57.29666 ], [ 12.12009, 57.29738 ], [ 12.12076, 57.29739 ], [ 12.12073, 57.29775 ], [ 12.12205, 57.29778 ], [ 12.12203, 57.29814 ], [ 12.12465, 57.29856 ], [ 12.12454, 57.29999 ], [ 12.1252, 57.30001 ] ] ], [ [ [ 12.09264, 57.30861 ], [ 12.0927, 57.30789 ], [ 12.09204, 57.30787 ], [ 12.09209, 57.30716 ], [ 12.09143, 57.30714 ], [ 12.09151, 57.30606 ], [ 12.09085, 57.30605 ], [ 12.09163, 57.30463 ], [ 12.09229, 57.30464 ], [ 12.09232, 57.30429 ], [ 12.09762, 57.30441 ], [ 12.0976, 57.30477 ], [ 12.09826, 57.30478 ], [ 12.0982, 57.3055 ], [ 12.09886, 57.30552 ], [ 12.09809, 57.30694 ], [ 12.09743, 57.30692 ], [ 12.09734, 57.308 ], [ 12.09466, 57.30829 ], [ 12.0946, 57.30901 ], [ 12.09328, 57.30898 ], [ 12.09331, 57.30862 ], [ 12.09264, 57.30861 ] ] ], [ [ [ 12.12511, 57.30971 ], [ 12.12505, 57.31043 ], [ 12.12834, 57.31087 ], [ 12.12958, 57.31197 ], [ 12.13287, 57.31241 ], [ 12.13284, 57.31277 ], [ 12.13218, 57.31275 ], [ 12.13146, 57.31345 ], [ 12.12947, 57.31341 ], [ 12.12944, 57.31377 ], [ 12.12812, 57.31374 ], [ 12.12809, 57.3141 ], [ 12.12543, 57.31404 ], [ 12.12541, 57.31439 ], [ 12.12278, 57.31397 ], [ 12.12275, 57.31433 ], [ 12.12209, 57.31432 ], [ 12.12212, 57.31396 ], [ 12.12079, 57.31393 ], [ 12.12024, 57.31248 ], [ 12.11958, 57.31246 ], [ 12.11969, 57.31103 ], [ 12.12102, 57.31106 ], [ 12.12182, 57.30928 ], [ 12.12315, 57.30931 ], [ 12.12312, 57.30967 ], [ 12.12511, 57.30971 ] ] ], [ [ [ 12.09017, 57.31466 ], [ 12.09083, 57.31468 ], [ 12.09092, 57.3136 ], [ 12.09297, 57.31293 ], [ 12.09368, 57.31223 ], [ 12.09634, 57.31229 ], [ 12.09694, 57.31302 ], [ 12.09562, 57.31299 ], [ 12.09559, 57.31335 ], [ 12.09493, 57.31333 ], [ 12.09478, 57.31513 ], [ 12.09608, 57.31552 ], [ 12.09603, 57.31624 ], [ 12.09536, 57.31622 ], [ 12.09533, 57.31658 ], [ 12.09334, 57.31653 ], [ 12.09332, 57.31689 ], [ 12.09, 57.31681 ], [ 12.09017, 57.31466 ] ] ], [ [ [ 12.11131, 57.31623 ], [ 12.11134, 57.31587 ], [ 12.11067, 57.31585 ], [ 12.11015, 57.31404 ], [ 12.11344, 57.31448 ], [ 12.11405, 57.31521 ], [ 12.11537, 57.31524 ], [ 12.11529, 57.31632 ], [ 12.11463, 57.3163 ], [ 12.1146, 57.31666 ], [ 12.11327, 57.31663 ], [ 12.1133, 57.31627 ], [ 12.11131, 57.31623 ] ] ], [ [ [ 12.25065, 57.06051 ], [ 12.25197, 57.06054 ], [ 12.25186, 57.06198 ], [ 12.25252, 57.06199 ], [ 12.25246, 57.06271 ], [ 12.24986, 57.06229 ], [ 12.24988, 57.06193 ], [ 12.25123, 57.0616 ], [ 12.25128, 57.06089 ], [ 12.25062, 57.06087 ], [ 12.25065, 57.06051 ] ] ], [ [ [ 12.24632, 57.06545 ], [ 12.24893, 57.06587 ], [ 12.24891, 57.06623 ], [ 12.24363, 57.06611 ], [ 12.24369, 57.06539 ], [ 12.24176, 57.06463 ], [ 12.24182, 57.06391 ], [ 12.24248, 57.06393 ], [ 12.2425, 57.06357 ], [ 12.24448, 57.06361 ], [ 12.24445, 57.06397 ], [ 12.24511, 57.06399 ], [ 12.24506, 57.0647 ], [ 12.24572, 57.06472 ], [ 12.24632, 57.06545 ] ] ], [ [ [ 12.2543, 57.07354 ], [ 12.25425, 57.07425 ], [ 12.25293, 57.07422 ], [ 12.25301, 57.07315 ], [ 12.2543, 57.07354 ] ] ], [ [ [ 12.2202, 57.10586 ], [ 12.22026, 57.10514 ], [ 12.22223, 57.10518 ], [ 12.22279, 57.10663 ], [ 12.22345, 57.10665 ], [ 12.22339, 57.10737 ], [ 12.22405, 57.10738 ], [ 12.224, 57.1081 ], [ 12.22202, 57.10805 ], [ 12.22141, 57.10732 ], [ 12.22009, 57.10729 ], [ 12.22012, 57.10693 ], [ 12.22078, 57.10695 ], [ 12.22086, 57.10587 ], [ 12.2202, 57.10586 ] ] ], [ [ [ 12.20334, 57.13676 ], [ 12.204, 57.13677 ], [ 12.2046, 57.13751 ], [ 12.20658, 57.13755 ], [ 12.20656, 57.13791 ], [ 12.20389, 57.13821 ], [ 12.20386, 57.13857 ], [ 12.20252, 57.1389 ], [ 12.20246, 57.13962 ], [ 12.20048, 57.13957 ], [ 12.20053, 57.13885 ], [ 12.19924, 57.13847 ], [ 12.1993, 57.13775 ], [ 12.19864, 57.13773 ], [ 12.19874, 57.1363 ], [ 12.20006, 57.13633 ], [ 12.20078, 57.13562 ], [ 12.2021, 57.13565 ], [ 12.20138, 57.13636 ], [ 12.20204, 57.13637 ], [ 12.20199, 57.13709 ], [ 12.20331, 57.13712 ], [ 12.20334, 57.13676 ] ] ], [ [ [ 12.21243, 57.16536 ], [ 12.2124, 57.16572 ], [ 12.21108, 57.16569 ], [ 12.21179, 57.16499 ], [ 12.21314, 57.16466 ], [ 12.21309, 57.16538 ], [ 12.21243, 57.16536 ] ] ], [ [ [ 12.20857, 57.16384 ], [ 12.20989, 57.16387 ], [ 12.20984, 57.16459 ], [ 12.2105, 57.1646 ], [ 12.21047, 57.16496 ], [ 12.20981, 57.16495 ], [ 12.20973, 57.16602 ], [ 12.20841, 57.16599 ], [ 12.20838, 57.16635 ], [ 12.20772, 57.16634 ], [ 12.20788, 57.16418 ], [ 12.20854, 57.1642 ], [ 12.20857, 57.16384 ] ] ], [ [ [ 12.21233, 57.21929 ], [ 12.21231, 57.21965 ], [ 12.21165, 57.21963 ], [ 12.21093, 57.22033 ], [ 12.20961, 57.2203 ], [ 12.20963, 57.21995 ], [ 12.20897, 57.21993 ], [ 12.209, 57.21957 ], [ 12.21098, 57.21962 ], [ 12.21101, 57.21926 ], [ 12.21233, 57.21929 ] ] ], [ [ [ 12.33918, 57.01281 ], [ 12.34052, 57.01248 ], [ 12.34057, 57.01177 ], [ 12.3426, 57.01109 ], [ 12.34249, 57.01253 ], [ 12.34115, 57.01286 ], [ 12.3411, 57.01357 ], [ 12.34044, 57.01356 ], [ 12.34024, 57.01643 ], [ 12.33958, 57.01642 ], [ 12.3395, 57.0175 ], [ 12.33748, 57.01817 ], [ 12.33743, 57.01889 ], [ 12.33611, 57.01886 ], [ 12.33616, 57.01814 ], [ 12.33485, 57.01812 ], [ 12.3349, 57.0174 ], [ 12.3375, 57.01781 ], [ 12.3369, 57.01708 ], [ 12.33756, 57.01709 ], [ 12.33761, 57.01638 ], [ 12.33895, 57.01605 ], [ 12.3385, 57.01316 ], [ 12.33915, 57.01317 ], [ 12.33918, 57.01281 ] ] ], [ [ [ 12.31088, 57.03054 ], [ 12.30817, 57.03156 ], [ 12.30746, 57.03227 ], [ 12.30614, 57.03224 ], [ 12.30543, 57.03294 ], [ 12.30477, 57.03293 ], [ 12.3048, 57.03257 ], [ 12.30346, 57.0329 ], [ 12.30348, 57.03254 ], [ 12.30283, 57.03253 ], [ 12.30285, 57.03217 ], [ 12.30351, 57.03218 ], [ 12.30356, 57.03147 ], [ 12.30027, 57.03139 ], [ 12.30045, 57.02888 ], [ 12.30111, 57.0289 ], [ 12.30124, 57.0271 ], [ 12.3019, 57.02712 ], [ 12.30195, 57.0264 ], [ 12.30387, 57.02716 ], [ 12.30448, 57.02789 ], [ 12.3084, 57.02833 ], [ 12.30835, 57.02905 ], [ 12.30901, 57.02907 ], [ 12.31088, 57.03054 ] ] ] ] } },
{ "type": "Feature", "properties": { "kn": "1384", "kom_namn": "Kungsbacka" }, "geometry": { "type": "MultiPolygon", "coordinates": [ [ [ [ 11.90055, 57.30186 ], [ 11.90191, 57.30153 ], [ 11.90245, 57.30298 ], [ 11.90377, 57.30302 ], [ 11.90374, 57.30338 ], [ 11.90573, 57.30343 ], [ 11.9057, 57.30378 ], [ 11.91167, 57.30393 ], [ 11.91164, 57.30429 ], [ 11.89971, 57.304 ], [ 11.8991, 57.30326 ], [ 11.89781, 57.30287 ], [ 11.89787, 57.30215 ], [ 11.90052, 57.30222 ], [ 11.90055, 57.30186 ] ] ], [ [ [ 11.91297, 57.37551 ], [ 11.91433, 57.37518 ], [ 11.91493, 57.37592 ], [ 11.91357, 57.37624 ], [ 11.91297, 57.37551 ] ] ], [ [ [ 11.91258, 57.38018 ], [ 11.91382, 57.38128 ], [ 11.91119, 57.38086 ], [ 11.91122, 57.3805 ], [ 11.91258, 57.38018 ] ] ], [ [ [ 11.91309, 57.38199 ], [ 11.91176, 57.38195 ], [ 11.91179, 57.38159 ], [ 11.91445, 57.38166 ], [ 11.91373, 57.38236 ], [ 11.91306, 57.38234 ], [ 11.91309, 57.38199 ] ] ], [ [ [ 11.91092, 57.392 ], [ 11.91098, 57.39128 ], [ 11.91031, 57.39127 ], [ 11.91034, 57.39091 ], [ 11.91234, 57.39096 ], [ 11.91231, 57.39131 ], [ 11.91164, 57.3913 ], [ 11.91158, 57.39202 ], [ 11.91092, 57.392 ] ] ], [ [ [ 11.91279, 57.40139 ], [ 11.91273, 57.40211 ], [ 11.9114, 57.40208 ], [ 11.9108, 57.40134 ], [ 11.91279, 57.40139 ] ] ], [ [ [ 11.8274, 57.41833 ], [ 11.82737, 57.41868 ], [ 11.8287, 57.41872 ], [ 11.82867, 57.41908 ], [ 11.82668, 57.41903 ], [ 11.82674, 57.41831 ], [ 11.8274, 57.41833 ] ] ], [ [ [ 11.83187, 57.4206 ], [ 11.83121, 57.42058 ], [ 11.83136, 57.41878 ], [ 11.83269, 57.41882 ], [ 11.8326, 57.41989 ], [ 11.83193, 57.41988 ], [ 11.83187, 57.4206 ] ] ], [ [ [ 11.90551, 57.42458 ], [ 11.90018, 57.42445 ], [ 11.90022, 57.42409 ], [ 11.90088, 57.42411 ], [ 11.90094, 57.42339 ], [ 11.90161, 57.42341 ], [ 11.90233, 57.42271 ], [ 11.90433, 57.42276 ], [ 11.9043, 57.42312 ], [ 11.90496, 57.42313 ], [ 11.9049, 57.42385 ], [ 11.90557, 57.42387 ], [ 11.90551, 57.42458 ] ] ], [ [ [ 11.90608, 57.42568 ], [ 11.90674, 57.42569 ], [ 11.90668, 57.42641 ], [ 11.90735, 57.42643 ], [ 11.90662, 57.42713 ], [ 11.90596, 57.42711 ], [ 11.90602, 57.42639 ], [ 11.90472, 57.426 ], [ 11.90478, 57.42529 ], [ 11.90611, 57.42532 ], [ 11.90608, 57.42568 ] ] ], [ [ [ 11.89876, 57.43341 ], [ 11.8981, 57.43339 ], [ 11.89816, 57.43267 ], [ 11.89683, 57.43264 ], [ 11.89676, 57.43336 ], [ 11.89543, 57.43332 ], [ 11.89546, 57.43297 ], [ 11.8948, 57.43295 ], [ 11.89489, 57.43187 ], [ 11.89819, 57.43231 ], [ 11.89825, 57.4316 ], [ 11.89891, 57.43161 ], [ 11.89894, 57.43125 ], [ 11.90027, 57.43129 ], [ 11.90024, 57.43165 ], [ 11.90091, 57.43166 ], [ 11.90082, 57.43274 ], [ 11.90015, 57.43272 ], [ 11.90012, 57.43308 ], [ 11.89879, 57.43305 ], [ 11.89876, 57.43341 ] ] ], [ [ [ 11.88618, 57.43238 ], [ 11.88615, 57.43274 ], [ 11.88682, 57.43275 ], [ 11.88609, 57.43345 ], [ 11.88676, 57.43347 ], [ 11.88669, 57.43419 ], [ 11.88603, 57.43417 ], [ 11.88597, 57.43489 ], [ 11.88461, 57.43521 ], [ 11.88476, 57.43342 ], [ 11.88409, 57.4334 ], [ 11.88419, 57.43233 ], [ 11.88618, 57.43238 ] ] ], [ [ [ 11.90438, 57.43786 ], [ 11.90305, 57.43783 ], [ 11.90311, 57.43711 ], [ 11.90444, 57.43714 ], [ 11.90438, 57.43786 ] ] ], [ [ [ 11.90577, 57.44508 ], [ 11.90511, 57.44507 ], [ 11.90517, 57.44435 ], [ 11.9065, 57.44438 ], [ 11.90641, 57.44546 ], [ 11.90574, 57.44544 ], [ 11.90577, 57.44508 ] ] ], [ [ [ 11.90375, 57.44539 ], [ 11.90574, 57.44544 ], [ 11.90559, 57.44724 ], [ 11.90353, 57.44791 ], [ 11.9036, 57.44719 ], [ 11.90293, 57.44717 ], [ 11.90305, 57.44574 ], [ 11.90372, 57.44575 ], [ 11.90375, 57.44539 ] ] ], [ [ [ 11.9075, 57.45627 ], [ 11.90744, 57.45699 ], [ 11.90544, 57.45694 ], [ 11.9055, 57.45622 ], [ 11.9075, 57.45627 ] ] ], [ [ [ 11.89099, 57.48571 ], [ 11.89165, 57.48572 ], [ 11.89168, 57.48536 ], [ 11.89302, 57.4854 ], [ 11.89299, 57.48576 ], [ 11.89429, 57.48615 ], [ 11.89423, 57.48687 ], [ 11.8909, 57.48678 ], [ 11.89099, 57.48571 ] ] ], [ [ [ 11.89265, 57.4897 ], [ 11.89465, 57.48975 ], [ 11.89456, 57.49083 ], [ 11.89322, 57.4908 ], [ 11.8925, 57.4915 ], [ 11.8905, 57.49145 ], [ 11.89053, 57.49109 ], [ 11.8912, 57.49111 ], [ 11.89129, 57.49003 ], [ 11.89262, 57.49006 ], [ 11.89265, 57.4897 ] ] ], [ [ [ 11.88786, 57.49102 ], [ 11.88986, 57.49107 ], [ 11.8898, 57.49179 ], [ 11.88714, 57.49172 ], [ 11.88717, 57.49137 ], [ 11.88583, 57.49133 ], [ 11.88665, 57.48956 ], [ 11.88865, 57.4896 ], [ 11.88862, 57.48996 ], [ 11.88796, 57.48995 ], [ 11.88786, 57.49102 ] ] ], [ [ [ 11.88898, 57.50148 ], [ 11.88764, 57.50144 ], [ 11.88777, 57.50001 ], [ 11.88843, 57.50003 ], [ 11.88846, 57.49967 ], [ 11.8898, 57.4997 ], [ 11.8904, 57.50043 ], [ 11.88974, 57.50042 ], [ 11.88967, 57.50113 ], [ 11.88901, 57.50112 ], [ 11.88898, 57.50148 ] ] ], [ [ [ 11.87289, 57.50216 ], [ 11.87156, 57.50212 ], [ 11.87159, 57.50177 ], [ 11.87092, 57.50175 ], [ 11.87098, 57.50103 ], [ 11.87165, 57.50105 ], [ 11.87162, 57.50141 ], [ 11.87295, 57.50144 ], [ 11.87289, 57.50216 ] ] ], [ [ [ 11.89485, 57.51097 ], [ 11.89618, 57.511 ], [ 11.89609, 57.51208 ], [ 11.89542, 57.51206 ], [ 11.8947, 57.51276 ], [ 11.89336, 57.51273 ], [ 11.89339, 57.51237 ], [ 11.89406, 57.51239 ], [ 11.89412, 57.51167 ], [ 11.89479, 57.51169 ], [ 11.89485, 57.51097 ] ] ], [ [ [ 11.90121, 57.51472 ], [ 11.90127, 57.514 ], [ 11.90264, 57.51368 ], [ 11.90258, 57.5144 ], [ 11.90191, 57.51438 ], [ 11.90188, 57.51474 ], [ 11.90121, 57.51472 ] ] ], [ [ [ 11.88457, 57.51395 ], [ 11.88518, 57.51469 ], [ 11.88385, 57.51465 ], [ 11.88324, 57.51392 ], [ 11.88457, 57.51395 ] ] ], [ [ [ 11.9017, 57.51689 ], [ 11.90036, 57.51686 ], [ 11.90033, 57.51722 ], [ 11.89903, 57.51683 ], [ 11.89976, 57.51612 ], [ 11.90042, 57.51614 ], [ 11.90039, 57.5165 ], [ 11.90173, 57.51653 ], [ 11.9017, 57.51689 ] ] ], [ [ [ 11.87724, 57.51377 ], [ 11.87791, 57.51379 ], [ 11.87785, 57.5145 ], [ 11.88048, 57.51493 ], [ 11.88045, 57.51529 ], [ 11.88245, 57.51534 ], [ 11.88242, 57.5157 ], [ 11.88175, 57.51568 ], [ 11.8823, 57.51713 ], [ 11.8796, 57.51742 ], [ 11.87948, 57.51886 ], [ 11.87748, 57.51881 ], [ 11.87745, 57.51917 ], [ 11.87878, 57.5192 ], [ 11.87875, 57.51956 ], [ 11.87669, 57.52023 ], [ 11.87666, 57.52059 ], [ 11.87599, 57.52057 ], [ 11.87602, 57.52021 ], [ 11.87466, 57.52054 ], [ 11.87472, 57.51982 ], [ 11.87405, 57.5198 ], [ 11.87408, 57.51945 ], [ 11.87608, 57.51949 ], [ 11.87617, 57.51842 ], [ 11.87751, 57.51845 ], [ 11.87754, 57.51809 ], [ 11.87554, 57.51804 ], [ 11.87551, 57.5184 ], [ 11.87484, 57.51839 ], [ 11.87487, 57.51803 ], [ 11.87287, 57.51798 ], [ 11.87296, 57.5169 ], [ 11.8723, 57.51688 ], [ 11.87227, 57.51724 ], [ 11.87093, 57.51721 ], [ 11.87099, 57.51649 ], [ 11.87033, 57.51648 ], [ 11.87036, 57.51612 ], [ 11.87169, 57.51615 ], [ 11.87172, 57.51579 ], [ 11.86972, 57.51574 ], [ 11.87121, 57.51398 ], [ 11.87457, 57.5137 ], [ 11.8753, 57.513 ], [ 11.87597, 57.51302 ], [ 11.87594, 57.51338 ], [ 11.87727, 57.51341 ], [ 11.87724, 57.51377 ] ] ], [ [ [ 11.90085, 57.51903 ], [ 11.90091, 57.51831 ], [ 11.90291, 57.51836 ], [ 11.90351, 57.51909 ], [ 11.90218, 57.51906 ], [ 11.90215, 57.51942 ], [ 11.90085, 57.51903 ] ] ], [ [ [ 11.89784, 57.52291 ], [ 11.89781, 57.52327 ], [ 11.89915, 57.5233 ], [ 11.89912, 57.52366 ], [ 11.89978, 57.52367 ], [ 11.89969, 57.52475 ], [ 11.89705, 57.52433 ], [ 11.89702, 57.52469 ], [ 11.89636, 57.52467 ], [ 11.89648, 57.52323 ], [ 11.89784, 57.52291 ] ] ], [ [ [ 11.90035, 57.54059 ], [ 11.90029, 57.5413 ], [ 11.89896, 57.54127 ], [ 11.89902, 57.54055 ], [ 11.90035, 57.54059 ] ] ], [ [ [ 11.89798, 57.55275 ], [ 11.89795, 57.55311 ], [ 11.89728, 57.55309 ], [ 11.89734, 57.55238 ], [ 11.90001, 57.55244 ], [ 11.89998, 57.5528 ], [ 11.89798, 57.55275 ] ] ], [ [ [ 11.89583, 57.5545 ], [ 11.89576, 57.55521 ], [ 11.89309, 57.55515 ], [ 11.89316, 57.55443 ], [ 11.89382, 57.55445 ], [ 11.89385, 57.55409 ], [ 11.89519, 57.55412 ], [ 11.89516, 57.55448 ], [ 11.89583, 57.5545 ] ] ], [ [ [ 11.88238, 57.55524 ], [ 11.88235, 57.5556 ], [ 11.88369, 57.55564 ], [ 11.88366, 57.55599 ], [ 11.88232, 57.55596 ], [ 11.88229, 57.55632 ], [ 11.87895, 57.55624 ], [ 11.87905, 57.55516 ], [ 11.88238, 57.55524 ] ] ], [ [ [ 11.88963, 57.5565 ], [ 11.89097, 57.55653 ], [ 11.89158, 57.55727 ], [ 11.88891, 57.5572 ], [ 11.88963, 57.5565 ] ] ], [ [ [ 11.88863, 57.56043 ], [ 11.88866, 57.56007 ], [ 11.88799, 57.56006 ], [ 11.88805, 57.55934 ], [ 11.89072, 57.55941 ], [ 11.89069, 57.55976 ], [ 11.89203, 57.5598 ], [ 11.8913, 57.5605 ], [ 11.88863, 57.56043 ] ] ], [ [ [ 11.94887, 57.34403 ], [ 11.95019, 57.34406 ], [ 11.95022, 57.3437 ], [ 11.95155, 57.34373 ], [ 11.95158, 57.34338 ], [ 11.95294, 57.34305 ], [ 11.95303, 57.34197 ], [ 11.95502, 57.34202 ], [ 11.95508, 57.3413 ], [ 11.95441, 57.34129 ], [ 11.95444, 57.34093 ], [ 11.95245, 57.34088 ], [ 11.95254, 57.3398 ], [ 11.95652, 57.3399 ], [ 11.95655, 57.33954 ], [ 11.95854, 57.33959 ], [ 11.95857, 57.33923 ], [ 11.95924, 57.33925 ], [ 11.95927, 57.33889 ], [ 11.9586, 57.33887 ], [ 11.95869, 57.3378 ], [ 11.96002, 57.33783 ], [ 11.96011, 57.33675 ], [ 11.96077, 57.33677 ], [ 11.96083, 57.33605 ], [ 11.9595, 57.33602 ], [ 11.96023, 57.33532 ], [ 11.96351, 57.33575 ], [ 11.96354, 57.3354 ], [ 11.96553, 57.33544 ], [ 11.9655, 57.3358 ], [ 11.9668, 57.33619 ], [ 11.96602, 57.33761 ], [ 11.96668, 57.33763 ], [ 11.96659, 57.33871 ], [ 11.96795, 57.33838 ], [ 11.96789, 57.3391 ], [ 11.96922, 57.33913 ], [ 11.96994, 57.33843 ], [ 11.97193, 57.33847 ], [ 11.97187, 57.33919 ], [ 11.97254, 57.33921 ], [ 11.97242, 57.34064 ], [ 11.96971, 57.3413 ], [ 11.96953, 57.34345 ], [ 11.96621, 57.34337 ], [ 11.96549, 57.34407 ], [ 11.96021, 57.34358 ], [ 11.95948, 57.34429 ], [ 11.95614, 57.34456 ], [ 11.95541, 57.34527 ], [ 11.95409, 57.34523 ], [ 11.95406, 57.34559 ], [ 11.95074, 57.34551 ], [ 11.95077, 57.34515 ], [ 11.94944, 57.34512 ], [ 11.94947, 57.34476 ], [ 11.94748, 57.34471 ], [ 11.94736, 57.34615 ], [ 11.9467, 57.34613 ], [ 11.94673, 57.34577 ], [ 11.94473, 57.34573 ], [ 11.94479, 57.34501 ], [ 11.94413, 57.34499 ], [ 11.94416, 57.34463 ], [ 11.94283, 57.3446 ], [ 11.94289, 57.34388 ], [ 11.94223, 57.34387 ], [ 11.94163, 57.34313 ], [ 11.93957, 57.3438 ], [ 11.9396, 57.34344 ], [ 11.93831, 57.34305 ], [ 11.9384, 57.34198 ], [ 11.93906, 57.34199 ], [ 11.93909, 57.34163 ], [ 11.94042, 57.34167 ], [ 11.94102, 57.3424 ], [ 11.94368, 57.34246 ], [ 11.94374, 57.34175 ], [ 11.94509, 57.34142 ], [ 11.945, 57.3425 ], [ 11.9463, 57.34289 ], [ 11.9469, 57.34362 ], [ 11.9489, 57.34367 ], [ 11.94887, 57.34403 ] ] ], [ [ [ 11.96448, 57.35627 ], [ 11.96312, 57.3566 ], [ 11.96306, 57.35732 ], [ 11.9624, 57.3573 ], [ 11.96243, 57.35694 ], [ 11.96176, 57.35692 ], [ 11.96182, 57.35621 ], [ 11.96116, 57.35619 ], [ 11.96128, 57.35476 ], [ 11.96061, 57.35474 ], [ 11.96082, 57.35223 ], [ 11.96218, 57.3519 ], [ 11.96224, 57.35118 ], [ 11.96484, 57.35197 ], [ 11.96481, 57.35232 ], [ 11.96414, 57.35231 ], [ 11.96402, 57.35374 ], [ 11.96532, 57.35413 ], [ 11.9652, 57.35557 ], [ 11.96454, 57.35555 ], [ 11.96448, 57.35627 ] ] ], [ [ [ 11.92613, 57.36936 ], [ 11.9248, 57.36933 ], [ 11.92483, 57.36897 ], [ 11.92417, 57.36895 ], [ 11.92423, 57.36824 ], [ 11.92556, 57.36827 ], [ 11.92553, 57.36863 ], [ 11.92619, 57.36864 ], [ 11.92613, 57.36936 ] ] ], [ [ [ 11.92067, 57.37103 ], [ 11.92731, 57.37119 ], [ 11.92803, 57.37049 ], [ 11.9287, 57.3705 ], [ 11.92864, 57.37122 ], [ 11.92728, 57.37155 ], [ 11.92656, 57.37225 ], [ 11.92589, 57.37223 ], [ 11.92592, 57.37187 ], [ 11.92064, 57.37138 ], [ 11.92067, 57.37103 ] ] ], [ [ [ 11.9367, 57.37034 ], [ 11.93667, 57.3707 ], [ 11.93929, 57.37112 ], [ 11.93926, 57.37148 ], [ 11.93993, 57.3715 ], [ 11.93978, 57.37329 ], [ 11.9431, 57.37337 ], [ 11.94307, 57.37373 ], [ 11.9444, 57.37376 ], [ 11.94437, 57.37412 ], [ 11.94503, 57.37414 ], [ 11.94497, 57.37485 ], [ 11.94564, 57.37487 ], [ 11.94558, 57.37559 ], [ 11.94688, 57.37598 ], [ 11.94682, 57.3767 ], [ 11.94549, 57.37666 ], [ 11.94546, 57.37702 ], [ 11.94479, 57.37701 ], [ 11.94473, 57.37772 ], [ 11.94407, 57.37771 ], [ 11.94404, 57.37807 ], [ 11.94271, 57.37803 ], [ 11.94199, 57.37874 ], [ 11.93933, 57.37867 ], [ 11.93936, 57.37831 ], [ 11.93471, 57.3782 ], [ 11.93411, 57.37747 ], [ 11.93211, 57.37742 ], [ 11.93217, 57.3767 ], [ 11.92955, 57.37628 ], [ 11.92961, 57.37556 ], [ 11.92831, 57.37517 ], [ 11.92843, 57.37373 ], [ 11.92909, 57.37375 ], [ 11.92915, 57.37303 ], [ 11.92982, 57.37305 ], [ 11.92985, 57.37269 ], [ 11.93051, 57.3727 ], [ 11.93048, 57.37306 ], [ 11.93314, 57.37313 ], [ 11.93317, 57.37277 ], [ 11.93516, 57.37282 ], [ 11.93522, 57.3721 ], [ 11.93187, 57.37238 ], [ 11.9319, 57.37202 ], [ 11.93123, 57.372 ], [ 11.93132, 57.37093 ], [ 11.93, 57.37089 ], [ 11.93006, 57.37018 ], [ 11.93072, 57.37019 ], [ 11.93069, 57.37055 ], [ 11.93202, 57.37058 ], [ 11.93205, 57.37023 ], [ 11.9367, 57.37034 ] ] ], [ [ [ 11.92544, 57.37761 ], [ 11.92209, 57.37789 ], [ 11.92212, 57.37753 ], [ 11.92146, 57.37752 ], [ 11.92143, 57.37788 ], [ 11.9201, 57.37784 ], [ 11.92013, 57.37748 ], [ 11.92079, 57.3775 ], [ 11.92088, 57.37642 ], [ 11.92022, 57.37641 ], [ 11.91961, 57.37567 ], [ 11.9249, 57.37616 ], [ 11.92544, 57.37761 ] ] ], [ [ [ 11.9326, 57.37959 ], [ 11.92795, 57.37947 ], [ 11.92801, 57.37876 ], [ 11.92734, 57.37874 ], [ 11.92737, 57.37838 ], [ 11.92804, 57.3784 ], [ 11.9281, 57.37768 ], [ 11.93075, 57.37774 ], [ 11.93072, 57.3781 ], [ 11.93205, 57.37814 ], [ 11.93202, 57.37849 ], [ 11.93269, 57.37851 ], [ 11.9326, 57.37959 ] ] ], [ [ [ 11.92396, 57.38729 ], [ 11.92662, 57.38735 ], [ 11.92656, 57.38807 ], [ 11.92457, 57.38802 ], [ 11.92396, 57.38729 ] ] ], [ [ [ 11.94031, 57.39092 ], [ 11.94028, 57.39128 ], [ 11.93895, 57.39125 ], [ 11.93898, 57.39089 ], [ 11.93768, 57.3905 ], [ 11.93777, 57.38942 ], [ 11.93907, 57.38981 ], [ 11.93913, 57.38909 ], [ 11.93979, 57.38911 ], [ 11.94052, 57.38841 ], [ 11.94317, 57.38847 ], [ 11.94314, 57.38883 ], [ 11.94447, 57.38886 ], [ 11.94508, 57.3896 ], [ 11.94641, 57.38963 ], [ 11.94828, 57.39111 ], [ 11.94961, 57.39115 ], [ 11.94958, 57.3915 ], [ 11.95024, 57.39152 ], [ 11.95018, 57.39224 ], [ 11.94952, 57.39222 ], [ 11.94949, 57.39258 ], [ 11.94816, 57.39255 ], [ 11.94819, 57.39219 ], [ 11.94553, 57.39213 ], [ 11.94556, 57.39177 ], [ 11.94423, 57.39173 ], [ 11.94363, 57.391 ], [ 11.94031, 57.39092 ] ] ], [ [ [ 11.9388, 57.39304 ], [ 11.93883, 57.39268 ], [ 11.94215, 57.39276 ], [ 11.94212, 57.39312 ], [ 11.94345, 57.39315 ], [ 11.94273, 57.39385 ], [ 11.9414, 57.39382 ], [ 11.94137, 57.39418 ], [ 11.9407, 57.39417 ], [ 11.94073, 57.39381 ], [ 11.9388, 57.39304 ] ] ], [ [ [ 11.91769, 57.40655 ], [ 11.91775, 57.40583 ], [ 11.91968, 57.4066 ], [ 11.91962, 57.40731 ], [ 11.91896, 57.4073 ], [ 11.91899, 57.40694 ], [ 11.91769, 57.40655 ] ] ], [ [ [ 11.9078, 57.41314 ], [ 11.90793, 57.4117 ], [ 11.91394, 57.41149 ], [ 11.91391, 57.41185 ], [ 11.9179, 57.41194 ], [ 11.91784, 57.41266 ], [ 11.91983, 57.41271 ], [ 11.9198, 57.41307 ], [ 11.9211, 57.41346 ], [ 11.92095, 57.41526 ], [ 11.92162, 57.41527 ], [ 11.92159, 57.41563 ], [ 11.92092, 57.41561 ], [ 11.92083, 57.41669 ], [ 11.91947, 57.41702 ], [ 11.91859, 57.41951 ], [ 11.91723, 57.41984 ], [ 11.91651, 57.42054 ], [ 11.91318, 57.42046 ], [ 11.91321, 57.4201 ], [ 11.91188, 57.42007 ], [ 11.91191, 57.41971 ], [ 11.91061, 57.41932 ], [ 11.91068, 57.4186 ], [ 11.91001, 57.41858 ], [ 11.91007, 57.41787 ], [ 11.90941, 57.41785 ], [ 11.91083, 57.41681 ], [ 11.91219, 57.41648 ], [ 11.91228, 57.4154 ], [ 11.91294, 57.41542 ], [ 11.91373, 57.414 ], [ 11.9124, 57.41397 ], [ 11.91252, 57.41253 ], [ 11.91185, 57.41252 ], [ 11.91188, 57.41216 ], [ 11.91055, 57.41212 ], [ 11.91052, 57.41248 ], [ 11.90986, 57.41247 ], [ 11.90977, 57.41354 ], [ 11.90844, 57.41351 ], [ 11.90847, 57.41315 ], [ 11.9078, 57.41314 ] ] ], [ [ [ 11.92382, 57.42072 ], [ 11.92648, 57.42078 ], [ 11.92645, 57.42114 ], [ 11.92446, 57.42109 ], [ 11.92373, 57.4218 ], [ 11.9224, 57.42176 ], [ 11.92246, 57.42104 ], [ 11.92379, 57.42108 ], [ 11.92382, 57.42072 ] ] ], [ [ [ 11.91772, 57.42992 ], [ 11.91642, 57.42953 ], [ 11.91645, 57.42917 ], [ 11.91712, 57.42918 ], [ 11.91718, 57.42847 ], [ 11.91451, 57.4284 ], [ 11.91458, 57.42768 ], [ 11.9179, 57.42776 ], [ 11.91787, 57.42812 ], [ 11.91854, 57.42814 ], [ 11.91902, 57.43031 ], [ 11.91769, 57.43028 ], [ 11.91772, 57.42992 ] ] ], [ [ [ 11.92504, 57.4301 ], [ 11.9251, 57.42938 ], [ 11.92576, 57.42939 ], [ 11.92525, 57.42758 ], [ 11.92325, 57.42754 ], [ 11.92328, 57.42718 ], [ 11.92262, 57.42716 ], [ 11.92259, 57.42752 ], [ 11.92059, 57.42747 ], [ 11.92065, 57.42675 ], [ 11.92401, 57.42648 ], [ 11.92398, 57.42683 ], [ 11.92464, 57.42685 ], [ 11.92416, 57.42468 ], [ 11.92349, 57.42467 ], [ 11.92352, 57.42431 ], [ 11.92219, 57.42427 ], [ 11.92222, 57.42392 ], [ 11.92289, 57.42393 ], [ 11.92295, 57.42321 ], [ 11.92494, 57.42326 ], [ 11.92497, 57.4229 ], [ 11.92633, 57.42258 ], [ 11.92645, 57.42114 ], [ 11.92845, 57.42119 ], [ 11.92848, 57.42083 ], [ 11.92915, 57.42085 ], [ 11.92927, 57.41941 ], [ 11.9286, 57.4194 ], [ 11.92863, 57.41904 ], [ 11.9273, 57.41901 ], [ 11.92736, 57.41829 ], [ 11.92537, 57.41824 ], [ 11.9254, 57.41788 ], [ 11.9234, 57.41783 ], [ 11.92343, 57.41747 ], [ 11.92277, 57.41746 ], [ 11.92373, 57.41389 ], [ 11.92307, 57.41387 ], [ 11.92313, 57.41315 ], [ 11.92579, 57.41322 ], [ 11.92588, 57.41214 ], [ 11.92521, 57.41212 ], [ 11.92461, 57.41139 ], [ 11.92594, 57.41142 ], [ 11.92597, 57.41106 ], [ 11.92663, 57.41108 ], [ 11.9266, 57.41144 ], [ 11.92727, 57.41145 ], [ 11.9273, 57.4111 ], [ 11.92863, 57.41113 ], [ 11.92739, 57.41002 ], [ 11.92875, 57.40969 ], [ 11.92881, 57.40898 ], [ 11.92947, 57.40899 ], [ 11.92956, 57.40792 ], [ 11.93092, 57.40759 ], [ 11.93104, 57.40615 ], [ 11.92971, 57.40612 ], [ 11.92899, 57.40682 ], [ 11.92766, 57.40679 ], [ 11.92769, 57.40643 ], [ 11.92636, 57.4064 ], [ 11.92575, 57.40567 ], [ 11.92509, 57.40565 ], [ 11.92448, 57.40492 ], [ 11.92249, 57.40487 ], [ 11.92255, 57.40415 ], [ 11.92322, 57.40417 ], [ 11.92325, 57.40381 ], [ 11.9272, 57.40426 ], [ 11.92723, 57.4039 ], [ 11.9279, 57.40392 ], [ 11.92802, 57.40248 ], [ 11.92868, 57.4025 ], [ 11.92874, 57.40178 ], [ 11.92611, 57.40136 ], [ 11.92608, 57.40172 ], [ 11.92476, 57.40169 ], [ 11.92473, 57.40204 ], [ 11.92337, 57.40237 ], [ 11.92343, 57.40165 ], [ 11.92276, 57.40164 ], [ 11.92273, 57.402 ], [ 11.92074, 57.40195 ], [ 11.92013, 57.40121 ], [ 11.9188, 57.40118 ], [ 11.9182, 57.40045 ], [ 11.91687, 57.40041 ], [ 11.91614, 57.40112 ], [ 11.91548, 57.4011 ], [ 11.91551, 57.40074 ], [ 11.91418, 57.40071 ], [ 11.91415, 57.40107 ], [ 11.91285, 57.40068 ], [ 11.91288, 57.40032 ], [ 11.91355, 57.40033 ], [ 11.91361, 57.39962 ], [ 11.91231, 57.39922 ], [ 11.9124, 57.39815 ], [ 11.91173, 57.39813 ], [ 11.91258, 57.39599 ], [ 11.91059, 57.39595 ], [ 11.91062, 57.39559 ], [ 11.90995, 57.39557 ], [ 11.91007, 57.39414 ], [ 11.90941, 57.39412 ], [ 11.90953, 57.39268 ], [ 11.90886, 57.39267 ], [ 11.90892, 57.39195 ], [ 11.91025, 57.39198 ], [ 11.91019, 57.3927 ], [ 11.91086, 57.39272 ], [ 11.91083, 57.39308 ], [ 11.91349, 57.39314 ], [ 11.91409, 57.39387 ], [ 11.91542, 57.39391 ], [ 11.91539, 57.39427 ], [ 11.91672, 57.3943 ], [ 11.91681, 57.39322 ], [ 11.91614, 57.39321 ], [ 11.9162, 57.39249 ], [ 11.91554, 57.39247 ], [ 11.91626, 57.39177 ], [ 11.91693, 57.39179 ], [ 11.9169, 57.39215 ], [ 11.91889, 57.39219 ], [ 11.9195, 57.39293 ], [ 11.92083, 57.39296 ], [ 11.92143, 57.39369 ], [ 11.92406, 57.39412 ], [ 11.92415, 57.39304 ], [ 11.92348, 57.39303 ], [ 11.92354, 57.39231 ], [ 11.92288, 57.39229 ], [ 11.92291, 57.39193 ], [ 11.92161, 57.39154 ], [ 11.9217, 57.39047 ], [ 11.92104, 57.39045 ], [ 11.92107, 57.39009 ], [ 11.92372, 57.39016 ], [ 11.92375, 57.3898 ], [ 11.92508, 57.38983 ], [ 11.92511, 57.38947 ], [ 11.92777, 57.38954 ], [ 11.92774, 57.38989 ], [ 11.92904, 57.39029 ], [ 11.92898, 57.391 ], [ 11.92964, 57.39102 ], [ 11.92961, 57.39138 ], [ 11.93161, 57.39143 ], [ 11.93158, 57.39179 ], [ 11.93424, 57.39185 ], [ 11.93421, 57.39221 ], [ 11.93553, 57.39224 ], [ 11.93545, 57.39332 ], [ 11.93801, 57.39446 ], [ 11.93795, 57.39518 ], [ 11.94258, 57.39565 ], [ 11.94264, 57.39493 ], [ 11.9433, 57.39495 ], [ 11.94336, 57.39423 ], [ 11.94402, 57.39425 ], [ 11.94405, 57.39389 ], [ 11.94472, 57.3939 ], [ 11.94469, 57.39426 ], [ 11.94668, 57.39431 ], [ 11.94665, 57.39467 ], [ 11.94798, 57.3947 ], [ 11.94871, 57.394 ], [ 11.952, 57.39444 ], [ 11.95197, 57.3948 ], [ 11.95333, 57.39447 ], [ 11.95336, 57.39411 ], [ 11.95269, 57.3941 ], [ 11.95348, 57.39268 ], [ 11.95218, 57.39229 ], [ 11.95224, 57.39157 ], [ 11.95157, 57.39155 ], [ 11.95169, 57.39012 ], [ 11.95103, 57.3901 ], [ 11.95051, 57.38829 ], [ 11.95118, 57.38831 ], [ 11.95115, 57.38867 ], [ 11.95248, 57.3887 ], [ 11.95308, 57.38943 ], [ 11.95441, 57.38946 ], [ 11.95438, 57.38982 ], [ 11.95504, 57.38984 ], [ 11.95507, 57.38948 ], [ 11.95773, 57.38954 ], [ 11.9577, 57.3899 ], [ 11.96033, 57.39033 ], [ 11.96039, 57.38961 ], [ 11.95909, 57.38922 ], [ 11.95921, 57.38778 ], [ 11.9632, 57.38788 ], [ 11.96323, 57.38752 ], [ 11.96389, 57.38754 ], [ 11.96404, 57.38574 ], [ 11.95872, 57.38561 ], [ 11.95869, 57.38597 ], [ 11.95737, 57.38594 ], [ 11.95734, 57.3863 ], [ 11.95534, 57.38625 ], [ 11.95537, 57.38589 ], [ 11.95271, 57.38583 ], [ 11.95274, 57.38547 ], [ 11.94942, 57.38539 ], [ 11.94945, 57.38503 ], [ 11.94815, 57.38464 ], [ 11.94818, 57.38428 ], [ 11.95084, 57.38434 ], [ 11.9509, 57.38363 ], [ 11.95156, 57.38364 ], [ 11.95229, 57.38294 ], [ 11.95362, 57.38297 ], [ 11.95371, 57.3819 ], [ 11.95304, 57.38188 ], [ 11.95307, 57.38152 ], [ 11.95174, 57.38149 ], [ 11.9518, 57.38077 ], [ 11.9538, 57.38082 ], [ 11.95383, 57.38046 ], [ 11.95449, 57.38048 ], [ 11.95455, 57.37976 ], [ 11.95787, 57.37984 ], [ 11.95877, 57.37699 ], [ 11.96083, 57.37632 ], [ 11.96094, 57.37488 ], [ 11.96028, 57.37487 ], [ 11.95968, 57.37413 ], [ 11.95901, 57.37412 ], [ 11.95898, 57.37447 ], [ 11.955, 57.37438 ], [ 11.95503, 57.37402 ], [ 11.95436, 57.374 ], [ 11.95439, 57.37364 ], [ 11.95506, 57.37366 ], [ 11.95511, 57.37294 ], [ 11.95312, 57.37289 ], [ 11.95252, 57.37216 ], [ 11.95122, 57.37177 ], [ 11.95128, 57.37105 ], [ 11.94998, 57.37066 ], [ 11.95004, 57.36994 ], [ 11.94938, 57.36993 ], [ 11.94944, 57.36921 ], [ 11.95079, 57.36888 ], [ 11.95019, 57.36815 ], [ 11.9482, 57.3681 ], [ 11.94814, 57.36882 ], [ 11.94614, 57.36877 ], [ 11.94609, 57.36949 ], [ 11.94473, 57.36981 ], [ 11.94349, 57.36871 ], [ 11.94083, 57.36864 ], [ 11.94089, 57.36792 ], [ 11.94023, 57.36791 ], [ 11.94026, 57.36755 ], [ 11.94092, 57.36756 ], [ 11.9411, 57.36541 ], [ 11.94044, 57.3654 ], [ 11.9405, 57.36468 ], [ 11.94182, 57.36471 ], [ 11.94188, 57.36399 ], [ 11.9446, 57.36334 ], [ 11.94409, 57.36153 ], [ 11.94342, 57.36151 ], [ 11.94345, 57.36115 ], [ 11.94481, 57.36083 ], [ 11.94487, 57.36011 ], [ 11.94553, 57.36013 ], [ 11.94626, 57.35943 ], [ 11.94758, 57.35946 ], [ 11.94761, 57.3591 ], [ 11.95495, 57.35892 ], [ 11.95501, 57.3582 ], [ 11.95368, 57.35817 ], [ 11.95371, 57.35781 ], [ 11.95304, 57.35779 ], [ 11.9531, 57.35707 ], [ 11.95244, 57.35706 ], [ 11.95204, 57.35381 ], [ 11.95271, 57.35383 ], [ 11.95274, 57.35347 ], [ 11.95407, 57.3535 ], [ 11.9541, 57.35314 ], [ 11.95675, 57.35321 ], [ 11.95678, 57.35285 ], [ 11.95877, 57.3529 ], [ 11.95926, 57.35507 ], [ 11.95992, 57.35508 ], [ 11.95986, 57.3558 ], [ 11.9592, 57.35578 ], [ 11.95905, 57.35758 ], [ 11.95971, 57.35759 ], [ 11.95893, 57.35901 ], [ 11.96291, 57.35911 ], [ 11.96415, 57.36022 ], [ 11.96548, 57.36025 ], [ 11.96554, 57.35953 ], [ 11.9669, 57.35921 ], [ 11.96814, 57.36031 ], [ 11.96944, 57.3607 ], [ 11.96929, 57.3625 ], [ 11.97122, 57.36326 ], [ 11.97116, 57.36398 ], [ 11.97246, 57.36437 ], [ 11.97234, 57.36581 ], [ 11.97367, 57.36584 ], [ 11.97355, 57.36728 ], [ 11.97219, 57.3676 ], [ 11.97274, 57.36905 ], [ 11.9734, 57.36907 ], [ 11.97337, 57.36943 ], [ 11.97271, 57.36941 ], [ 11.97262, 57.37049 ], [ 11.97395, 57.37052 ], [ 11.97419, 57.36765 ], [ 11.97681, 57.36807 ], [ 11.97684, 57.36771 ], [ 11.97751, 57.36773 ], [ 11.97811, 57.36846 ], [ 11.97941, 57.36885 ], [ 11.97935, 57.36957 ], [ 11.98195, 57.37035 ], [ 11.98186, 57.37143 ], [ 11.98252, 57.37145 ], [ 11.98247, 57.37216 ], [ 11.98313, 57.37218 ], [ 11.9831, 57.37254 ], [ 11.98576, 57.3726 ], [ 11.98579, 57.37224 ], [ 11.98645, 57.37226 ], [ 11.98605, 57.36901 ], [ 11.98539, 57.369 ], [ 11.98611, 57.3683 ], [ 11.98877, 57.36836 ], [ 11.98874, 57.36872 ], [ 11.99194, 57.37023 ], [ 11.99255, 57.37097 ], [ 11.99454, 57.37101 ], [ 11.9946, 57.3703 ], [ 11.99266, 57.36953 ], [ 11.99272, 57.36881 ], [ 11.99206, 57.3688 ], [ 11.99215, 57.36772 ], [ 11.99148, 57.36771 ], [ 11.99151, 57.36735 ], [ 11.99018, 57.36731 ], [ 11.98964, 57.36586 ], [ 11.98897, 57.36585 ], [ 11.989, 57.36549 ], [ 11.98767, 57.36546 ], [ 11.98764, 57.36582 ], [ 11.98635, 57.36543 ], [ 11.98643, 57.36435 ], [ 11.98975, 57.36443 ], [ 11.99048, 57.36373 ], [ 11.98788, 57.36295 ], [ 11.98794, 57.36223 ], [ 11.98595, 57.36218 ], [ 11.98598, 57.36182 ], [ 11.98531, 57.36181 ], [ 11.98534, 57.36145 ], [ 11.98601, 57.36146 ], [ 11.98609, 57.36039 ], [ 11.98477, 57.36035 ], [ 11.98482, 57.35964 ], [ 11.98416, 57.35962 ], [ 11.98419, 57.35926 ], [ 11.98552, 57.35929 ], [ 11.98558, 57.35858 ], [ 11.98428, 57.35819 ], [ 11.98434, 57.35747 ], [ 11.98367, 57.35745 ], [ 11.9837, 57.35709 ], [ 11.98437, 57.35711 ], [ 11.98443, 57.35639 ], [ 11.98509, 57.35641 ], [ 11.98515, 57.35569 ], [ 11.98844, 57.35613 ], [ 11.98841, 57.35649 ], [ 11.98907, 57.3565 ], [ 11.98901, 57.35722 ], [ 11.98968, 57.35724 ], [ 11.98953, 57.35903 ], [ 11.98887, 57.35901 ], [ 11.98881, 57.35973 ], [ 11.99141, 57.36051 ], [ 11.99129, 57.36195 ], [ 11.99259, 57.36234 ], [ 11.99181, 57.36376 ], [ 11.99247, 57.36377 ], [ 11.99244, 57.36413 ], [ 11.99775, 57.36426 ], [ 11.99772, 57.36462 ], [ 11.99905, 57.36465 ], [ 11.99966, 57.36538 ], [ 12.00098, 57.36542 ], [ 12.00159, 57.36615 ], [ 12.00289, 57.36654 ], [ 12.00283, 57.36726 ], [ 12.00349, 57.36727 ], [ 12.00361, 57.36584 ], [ 12.00104, 57.3647 ], [ 12.00053, 57.36289 ], [ 11.99986, 57.36287 ], [ 11.99931, 57.36142 ], [ 11.99865, 57.36141 ], [ 11.99868, 57.36105 ], [ 11.99669, 57.361 ], [ 11.99681, 57.35956 ], [ 11.99614, 57.35955 ], [ 11.9962, 57.35883 ], [ 11.99554, 57.35881 ], [ 11.99557, 57.35846 ], [ 11.9949, 57.35844 ], [ 11.99496, 57.35772 ], [ 11.9943, 57.35771 ], [ 11.99444, 57.35591 ], [ 11.99378, 57.3559 ], [ 11.99375, 57.35625 ], [ 11.99245, 57.35586 ], [ 11.99332, 57.35337 ], [ 11.99398, 57.35338 ], [ 11.99404, 57.35267 ], [ 11.9954, 57.35234 ], [ 11.99549, 57.35126 ], [ 11.99419, 57.35087 ], [ 11.99425, 57.35015 ], [ 11.99359, 57.35014 ], [ 11.9937, 57.3487 ], [ 11.99437, 57.34872 ], [ 11.99445, 57.34764 ], [ 11.99512, 57.34766 ], [ 11.99524, 57.34622 ], [ 11.99457, 57.34621 ], [ 11.99495, 57.34154 ], [ 11.99761, 57.34161 ], [ 11.99767, 57.34089 ], [ 11.99833, 57.3409 ], [ 11.9983, 57.34126 ], [ 11.99966, 57.34094 ], [ 11.9996, 57.34165 ], [ 12.0009, 57.34204 ], [ 12.00098, 57.34097 ], [ 12.00165, 57.34098 ], [ 12.0015, 57.34278 ], [ 12.00283, 57.34281 ], [ 12.0028, 57.34317 ], [ 12.00214, 57.34315 ], [ 12.00208, 57.34387 ], [ 12.00274, 57.34389 ], [ 12.00268, 57.3446 ], [ 12.00335, 57.34462 ], [ 12.0032, 57.34641 ], [ 12.00386, 57.34643 ], [ 12.00375, 57.34786 ], [ 12.00441, 57.34788 ], [ 12.00432, 57.34896 ], [ 12.00366, 57.34894 ], [ 12.00363, 57.3493 ], [ 12.00429, 57.34932 ], [ 12.00421, 57.35039 ], [ 12.00487, 57.35041 ], [ 12.00527, 57.35365 ], [ 12.0072, 57.35442 ], [ 12.00715, 57.35514 ], [ 12.00781, 57.35515 ], [ 12.00778, 57.35551 ], [ 12.00911, 57.35554 ], [ 12.00908, 57.3559 ], [ 12.01038, 57.35629 ], [ 12.01032, 57.35701 ], [ 12.00899, 57.35698 ], [ 12.00896, 57.35734 ], [ 12.0083, 57.35732 ], [ 12.00821, 57.3584 ], [ 12.00887, 57.35841 ], [ 12.00882, 57.35913 ], [ 12.00948, 57.35915 ], [ 12.00936, 57.36058 ], [ 12.01003, 57.3606 ], [ 12.01, 57.36096 ], [ 12.01133, 57.36099 ], [ 12.01124, 57.36206 ], [ 12.01384, 57.36285 ], [ 12.01297, 57.36534 ], [ 12.01557, 57.36612 ], [ 12.01551, 57.36684 ], [ 12.01684, 57.36687 ], [ 12.01681, 57.36723 ], [ 12.01813, 57.36726 ], [ 12.01811, 57.36762 ], [ 12.01877, 57.36764 ], [ 12.01865, 57.36907 ], [ 12.01998, 57.3691 ], [ 12.01995, 57.36946 ], [ 12.01929, 57.36945 ], [ 12.01911, 57.3716 ], [ 12.02044, 57.37163 ], [ 12.02105, 57.37236 ], [ 12.02304, 57.37241 ], [ 12.02289, 57.37421 ], [ 12.02616, 57.375 ], [ 12.02532, 57.37714 ], [ 12.02327, 57.37781 ], [ 12.02315, 57.37924 ], [ 12.02249, 57.37923 ], [ 12.02246, 57.37959 ], [ 12.02312, 57.3796 ], [ 12.02306, 57.38032 ], [ 12.02373, 57.38034 ], [ 12.02367, 57.38105 ], [ 12.02101, 57.38099 ], [ 12.02098, 57.38135 ], [ 12.0183, 57.38165 ], [ 12.01827, 57.38201 ], [ 12.0176, 57.38199 ], [ 12.01755, 57.38271 ], [ 12.01688, 57.38269 ], [ 12.01676, 57.38413 ], [ 12.01936, 57.38491 ], [ 12.01774, 57.38846 ], [ 12.01841, 57.38848 ], [ 12.01838, 57.38884 ], [ 12.02037, 57.38889 ], [ 12.0204, 57.38853 ], [ 12.02107, 57.38854 ], [ 12.02115, 57.38747 ], [ 12.02182, 57.38748 ], [ 12.0217, 57.38892 ], [ 12.02237, 57.38893 ], [ 12.02231, 57.38965 ], [ 12.02297, 57.38967 ], [ 12.02291, 57.39038 ], [ 12.02358, 57.3904 ], [ 12.02349, 57.39148 ], [ 12.02283, 57.39146 ], [ 12.02277, 57.39218 ], [ 12.0221, 57.39216 ], [ 12.02202, 57.39324 ], [ 12.02135, 57.39322 ], [ 12.02138, 57.39286 ], [ 12.02005, 57.39283 ], [ 12.01999, 57.39355 ], [ 12.01933, 57.39353 ], [ 12.01921, 57.39497 ], [ 12.01785, 57.3953 ], [ 12.01777, 57.39637 ], [ 12.01843, 57.39639 ], [ 12.01826, 57.39854 ], [ 12.01959, 57.39857 ], [ 12.02083, 57.39968 ], [ 12.02216, 57.39971 ], [ 12.02213, 57.40007 ], [ 12.02476, 57.40049 ], [ 12.02473, 57.40085 ], [ 12.02603, 57.40124 ], [ 12.02597, 57.40196 ], [ 12.02727, 57.40235 ], [ 12.02721, 57.40307 ], [ 12.02788, 57.40308 ], [ 12.02785, 57.40344 ], [ 12.02918, 57.40347 ], [ 12.02915, 57.40383 ], [ 12.02782, 57.4038 ], [ 12.02767, 57.4056 ], [ 12.02834, 57.40561 ], [ 12.03022, 57.40709 ], [ 12.03152, 57.40748 ], [ 12.03207, 57.40894 ], [ 12.03467, 57.40972 ], [ 12.03464, 57.41007 ], [ 12.03397, 57.41006 ], [ 12.03392, 57.41078 ], [ 12.03458, 57.41079 ], [ 12.03519, 57.41153 ], [ 12.03652, 57.41156 ], [ 12.03637, 57.41335 ], [ 12.03767, 57.41374 ], [ 12.03762, 57.41446 ], [ 12.03828, 57.41447 ], [ 12.03822, 57.41519 ], [ 12.03756, 57.41518 ], [ 12.03741, 57.41697 ], [ 12.03871, 57.41736 ], [ 12.03932, 57.41809 ], [ 12.04065, 57.41813 ], [ 12.04062, 57.41848 ], [ 12.04192, 57.41887 ], [ 12.04187, 57.41959 ], [ 12.0412, 57.41958 ], [ 12.04108, 57.42101 ], [ 12.04042, 57.421 ], [ 12.04033, 57.42207 ], [ 12.03967, 57.42206 ], [ 12.03964, 57.42242 ], [ 12.0403, 57.42243 ], [ 12.04013, 57.42458 ], [ 12.04143, 57.42497 ], [ 12.04137, 57.42569 ], [ 12.0427, 57.42572 ], [ 12.04262, 57.4268 ], [ 12.04328, 57.42682 ], [ 12.04383, 57.42827 ], [ 12.04513, 57.42866 ], [ 12.04424, 57.43151 ], [ 12.04357, 57.4315 ], [ 12.04354, 57.43186 ], [ 12.04421, 57.43187 ], [ 12.04415, 57.43259 ], [ 12.04481, 57.4326 ], [ 12.04476, 57.43332 ], [ 12.04409, 57.43331 ], [ 12.04406, 57.43367 ], [ 12.04473, 57.43368 ], [ 12.04528, 57.43513 ], [ 12.04658, 57.43552 ], [ 12.04713, 57.43697 ], [ 12.05034, 57.43849 ], [ 12.05025, 57.43956 ], [ 12.05092, 57.43958 ], [ 12.05077, 57.44137 ], [ 12.05144, 57.44139 ], [ 12.05101, 57.44677 ], [ 12.05167, 57.44679 ], [ 12.05161, 57.4475 ], [ 12.05228, 57.44752 ], [ 12.05156, 57.44822 ], [ 12.05222, 57.44824 ], [ 12.05213, 57.44931 ], [ 12.0528, 57.44933 ], [ 12.05266, 57.45112 ], [ 12.05199, 57.45111 ], [ 12.0526, 57.45184 ], [ 12.05193, 57.45183 ], [ 12.05185, 57.4529 ], [ 12.05315, 57.45329 ], [ 12.05243, 57.45399 ], [ 12.05512, 57.4537 ], [ 12.0548, 57.45764 ], [ 12.05546, 57.45766 ], [ 12.05535, 57.4591 ], [ 12.05602, 57.45911 ], [ 12.05596, 57.45983 ], [ 12.05662, 57.45984 ], [ 12.05717, 57.4613 ], [ 12.05851, 57.46133 ], [ 12.05906, 57.46278 ], [ 12.05972, 57.46279 ], [ 12.05978, 57.46207 ], [ 12.06045, 57.46209 ], [ 12.06039, 57.46281 ], [ 12.06105, 57.46282 ], [ 12.06102, 57.46318 ], [ 12.06435, 57.46326 ], [ 12.06433, 57.46362 ], [ 12.06499, 57.46363 ], [ 12.06502, 57.46328 ], [ 12.06635, 57.46331 ], [ 12.06632, 57.46367 ], [ 12.06699, 57.46368 ], [ 12.06705, 57.46296 ], [ 12.06838, 57.46299 ], [ 12.06841, 57.46264 ], [ 12.06971, 57.46303 ], [ 12.06974, 57.46267 ], [ 12.0704, 57.46268 ], [ 12.07035, 57.4634 ], [ 12.07165, 57.46379 ], [ 12.07156, 57.46487 ], [ 12.0729, 57.4649 ], [ 12.07237, 57.46309 ], [ 12.07043, 57.46232 ], [ 12.07061, 57.46017 ], [ 12.07197, 57.45984 ], [ 12.07208, 57.45841 ], [ 12.07142, 57.45839 ], [ 12.07144, 57.45803 ], [ 12.07011, 57.458 ], [ 12.07014, 57.45764 ], [ 12.07147, 57.45767 ], [ 12.07225, 57.45625 ], [ 12.07292, 57.45627 ], [ 12.07364, 57.45557 ], [ 12.07497, 57.4556 ], [ 12.07495, 57.45596 ], [ 12.07561, 57.45597 ], [ 12.07633, 57.45527 ], [ 12.07503, 57.45488 ], [ 12.07509, 57.45416 ], [ 12.07379, 57.45377 ], [ 12.0726, 57.45195 ], [ 12.0706, 57.4519 ], [ 12.07063, 57.45154 ], [ 12.06996, 57.45153 ], [ 12.06944, 57.44972 ], [ 12.06684, 57.44894 ], [ 12.06692, 57.44786 ], [ 12.06959, 57.44792 ], [ 12.06956, 57.44828 ], [ 12.07022, 57.4483 ], [ 12.07016, 57.44902 ], [ 12.0715, 57.44905 ], [ 12.07152, 57.44869 ], [ 12.07219, 57.4487 ], [ 12.07222, 57.44834 ], [ 12.07155, 57.44833 ], [ 12.07164, 57.44725 ], [ 12.07369, 57.44658 ], [ 12.0745, 57.4448 ], [ 12.07517, 57.44482 ], [ 12.07523, 57.4441 ], [ 12.07456, 57.44408 ], [ 12.07459, 57.44373 ], [ 12.07664, 57.44305 ], [ 12.0767, 57.44234 ], [ 12.07737, 57.44235 ], [ 12.07739, 57.44199 ], [ 12.08341, 57.44177 ], [ 12.08344, 57.44141 ], [ 12.08477, 57.44144 ], [ 12.08474, 57.4418 ], [ 12.08874, 57.4419 ], [ 12.08876, 57.44154 ], [ 12.09273, 57.44199 ], [ 12.09279, 57.44127 ], [ 12.09415, 57.44094 ], [ 12.09423, 57.43987 ], [ 12.0949, 57.43988 ], [ 12.09515, 57.43665 ], [ 12.09715, 57.4367 ], [ 12.09721, 57.43598 ], [ 12.0992, 57.43603 ], [ 12.09992, 57.43532 ], [ 12.10126, 57.43535 ], [ 12.10128, 57.435 ], [ 12.10195, 57.43501 ], [ 12.10267, 57.43431 ], [ 12.1053, 57.43473 ], [ 12.10525, 57.43545 ], [ 12.1086, 57.43516 ], [ 12.10863, 57.4348 ], [ 12.10999, 57.43448 ], [ 12.11008, 57.4334 ], [ 12.11074, 57.43341 ], [ 12.1108, 57.4327 ], [ 12.11013, 57.43268 ], [ 12.11016, 57.43232 ], [ 12.11083, 57.43234 ], [ 12.11085, 57.43198 ], [ 12.10955, 57.43159 ], [ 12.10961, 57.43087 ], [ 12.11097, 57.43054 ], [ 12.11094, 57.4309 ], [ 12.11227, 57.43093 ], [ 12.11238, 57.4295 ], [ 12.11172, 57.42948 ], [ 12.11177, 57.42876 ], [ 12.11244, 57.42878 ], [ 12.11247, 57.42842 ], [ 12.1118, 57.42841 ], [ 12.11186, 57.42769 ], [ 12.11252, 57.4277 ], [ 12.11269, 57.42555 ], [ 12.11139, 57.42516 ], [ 12.11078, 57.42443 ], [ 12.10945, 57.4244 ], [ 12.10951, 57.42368 ], [ 12.10821, 57.42329 ], [ 12.10766, 57.42184 ], [ 12.10699, 57.42182 ], [ 12.10705, 57.42111 ], [ 12.10638, 57.42109 ], [ 12.10733, 57.41752 ], [ 12.10666, 57.4175 ], [ 12.10683, 57.41535 ], [ 12.10617, 57.41533 ], [ 12.10623, 57.41462 ], [ 12.10689, 57.41463 ], [ 12.107, 57.4132 ], [ 12.10767, 57.41321 ], [ 12.10784, 57.41106 ], [ 12.10717, 57.41104 ], [ 12.10726, 57.40997 ], [ 12.10792, 57.40998 ], [ 12.10801, 57.40891 ], [ 12.11075, 57.40789 ], [ 12.11084, 57.40681 ], [ 12.10549, 57.40705 ], [ 12.10546, 57.40741 ], [ 12.10347, 57.40736 ], [ 12.10344, 57.40772 ], [ 12.10211, 57.40769 ], [ 12.10214, 57.40733 ], [ 12.09748, 57.40723 ], [ 12.09676, 57.40793 ], [ 12.09477, 57.40788 ], [ 12.09474, 57.40824 ], [ 12.09341, 57.40821 ], [ 12.09349, 57.40713 ], [ 12.08751, 57.40699 ], [ 12.08748, 57.40735 ], [ 12.0828, 57.4076 ], [ 12.08283, 57.40725 ], [ 12.08153, 57.40686 ], [ 12.08167, 57.40506 ], [ 12.081, 57.40505 ], [ 12.08109, 57.40397 ], [ 12.08043, 57.40395 ], [ 12.08063, 57.40144 ], [ 12.07996, 57.40143 ], [ 12.08002, 57.40071 ], [ 12.08068, 57.40073 ], [ 12.08091, 57.39785 ], [ 12.08025, 57.39784 ], [ 12.08042, 57.39569 ], [ 12.08108, 57.3957 ], [ 12.08189, 57.39392 ], [ 12.08463, 57.39291 ], [ 12.08461, 57.39327 ], [ 12.08527, 57.39328 ], [ 12.08516, 57.39472 ], [ 12.08582, 57.39473 ], [ 12.08574, 57.39581 ], [ 12.0864, 57.39582 ], [ 12.08623, 57.39798 ], [ 12.08955, 57.39805 ], [ 12.08958, 57.3977 ], [ 12.09094, 57.39737 ], [ 12.09172, 57.39595 ], [ 12.09371, 57.39599 ], [ 12.09368, 57.39635 ], [ 12.09501, 57.39638 ], [ 12.09498, 57.39674 ], [ 12.09565, 57.39676 ], [ 12.09484, 57.39854 ], [ 12.09617, 57.39857 ], [ 12.09614, 57.39893 ], [ 12.0988, 57.39899 ], [ 12.09883, 57.39863 ], [ 12.0995, 57.39864 ], [ 12.09955, 57.39793 ], [ 12.10227, 57.39727 ], [ 12.10235, 57.39619 ], [ 12.10368, 57.39622 ], [ 12.10374, 57.39551 ], [ 12.1044, 57.39552 ], [ 12.10512, 57.39482 ], [ 12.10645, 57.39485 ], [ 12.10648, 57.39449 ], [ 12.10715, 57.39451 ], [ 12.10767, 57.39632 ], [ 12.10897, 57.3967 ], [ 12.10958, 57.39744 ], [ 12.11091, 57.39747 ], [ 12.11088, 57.39783 ], [ 12.11155, 57.39784 ], [ 12.11149, 57.39856 ], [ 12.11282, 57.39859 ], [ 12.11343, 57.39932 ], [ 12.11609, 57.39938 ], [ 12.11611, 57.39903 ], [ 12.11678, 57.39904 ], [ 12.11675, 57.3994 ], [ 12.11941, 57.39946 ], [ 12.11944, 57.3991 ], [ 12.12212, 57.3988 ], [ 12.12293, 57.39702 ], [ 12.12426, 57.39705 ], [ 12.12432, 57.39634 ], [ 12.12166, 57.39628 ], [ 12.12163, 57.39663 ], [ 12.12096, 57.39662 ], [ 12.12102, 57.3959 ], [ 12.12169, 57.39592 ], [ 12.12174, 57.39521 ], [ 12.12379, 57.39453 ], [ 12.1233, 57.39236 ], [ 12.12396, 57.39237 ], [ 12.12402, 57.39166 ], [ 12.12213, 57.39161 ], [ 12.12277, 57.39055 ], [ 12.12211, 57.39053 ], [ 12.12214, 57.39018 ], [ 12.12082, 57.39049 ], [ 12.12086, 57.38943 ], [ 12.1202, 57.38941 ], [ 12.12023, 57.38905 ], [ 12.1189, 57.38902 ], [ 12.11838, 57.38839 ], [ 12.12177, 57.38729 ], [ 12.12303, 57.38732 ], [ 12.12333, 57.38697 ], [ 12.12837, 57.38708 ], [ 12.1284, 57.38672 ], [ 12.12707, 57.38669 ], [ 12.1271, 57.38633 ], [ 12.1238, 57.38626 ], [ 12.1238, 57.3859 ], [ 12.12516, 57.38557 ], [ 12.12594, 57.38415 ], [ 12.12799, 57.38348 ], [ 12.12807, 57.3824 ], [ 12.12873, 57.38242 ], [ 12.12876, 57.38206 ], [ 12.1281, 57.38204 ], [ 12.12815, 57.38133 ], [ 12.12882, 57.38134 ], [ 12.12896, 57.37955 ], [ 12.12763, 57.37951 ], [ 12.12766, 57.37916 ], [ 12.12832, 57.37917 ], [ 12.12841, 57.3781 ], [ 12.12575, 57.37803 ], [ 12.12514, 57.3773 ], [ 12.12381, 57.37727 ], [ 12.12384, 57.37691 ], [ 12.12318, 57.3769 ], [ 12.12315, 57.37726 ], [ 12.12116, 57.37721 ], [ 12.12113, 57.37757 ], [ 12.1198, 57.37754 ], [ 12.11988, 57.37646 ], [ 12.11659, 57.37603 ], [ 12.11648, 57.37746 ], [ 12.11515, 57.37743 ], [ 12.1152, 57.37671 ], [ 12.11454, 57.3767 ], [ 12.11451, 57.37706 ], [ 12.10986, 57.37695 ], [ 12.10989, 57.37659 ], [ 12.10856, 57.37656 ], [ 12.10859, 57.3762 ], [ 12.10792, 57.37619 ], [ 12.10804, 57.37475 ], [ 12.10737, 57.37474 ], [ 12.1074, 57.37438 ], [ 12.10674, 57.37436 ], [ 12.10602, 57.37507 ], [ 12.10402, 57.37502 ], [ 12.104, 57.37538 ], [ 12.10333, 57.37536 ], [ 12.10272, 57.37463 ], [ 12.10142, 57.37424 ], [ 12.10154, 57.37281 ], [ 12.09619, 57.37304 ], [ 12.09625, 57.37232 ], [ 12.09426, 57.37228 ], [ 12.09429, 57.37192 ], [ 12.09362, 57.3719 ], [ 12.0931, 57.37009 ], [ 12.09244, 57.37008 ], [ 12.09183, 57.36935 ], [ 12.08848, 57.36963 ], [ 12.08787, 57.3689 ], [ 12.08521, 57.36883 ], [ 12.08541, 57.36632 ], [ 12.08475, 57.36631 ], [ 12.08481, 57.36559 ], [ 12.08348, 57.36556 ], [ 12.08365, 57.3634 ], [ 12.08033, 57.36333 ], [ 12.08039, 57.36261 ], [ 12.08174, 57.36228 ], [ 12.08189, 57.36049 ], [ 12.08122, 57.36047 ], [ 12.08125, 57.36011 ], [ 12.07992, 57.36008 ], [ 12.07995, 57.35972 ], [ 12.07862, 57.35969 ], [ 12.07865, 57.35933 ], [ 12.07666, 57.35929 ], [ 12.07672, 57.35857 ], [ 12.07542, 57.35818 ], [ 12.0755, 57.3571 ], [ 12.0742, 57.35671 ], [ 12.07426, 57.356 ], [ 12.0736, 57.35598 ], [ 12.07313, 57.35345 ], [ 12.07247, 57.35344 ], [ 12.07252, 57.35272 ], [ 12.07186, 57.3527 ], [ 12.07209, 57.34983 ], [ 12.07143, 57.34982 ], [ 12.07148, 57.3491 ], [ 12.06886, 57.34868 ], [ 12.06831, 57.34723 ], [ 12.06764, 57.34721 ], [ 12.0677, 57.3465 ], [ 12.06704, 57.34648 ], [ 12.06709, 57.34576 ], [ 12.06776, 57.34578 ], [ 12.06779, 57.34542 ], [ 12.06911, 57.34545 ], [ 12.06929, 57.3433 ], [ 12.06669, 57.34252 ], [ 12.06675, 57.3418 ], [ 12.06608, 57.34178 ], [ 12.06565, 57.3389 ], [ 12.06429, 57.33923 ], [ 12.06443, 57.33743 ], [ 12.0651, 57.33745 ], [ 12.06516, 57.33673 ], [ 12.0672, 57.33606 ], [ 12.06792, 57.33536 ], [ 12.06859, 57.33537 ], [ 12.06919, 57.33611 ], [ 12.07251, 57.33618 ], [ 12.07245, 57.3369 ], [ 12.07445, 57.33695 ], [ 12.07442, 57.33731 ], [ 12.07574, 57.33734 ], [ 12.07577, 57.33698 ], [ 12.07846, 57.33668 ], [ 12.07843, 57.33704 ], [ 12.07975, 57.33707 ], [ 12.08036, 57.3378 ], [ 12.08302, 57.33786 ], [ 12.08304, 57.33751 ], [ 12.08437, 57.33754 ], [ 12.08443, 57.33682 ], [ 12.08509, 57.33683 ], [ 12.08506, 57.33719 ], [ 12.08639, 57.33722 ], [ 12.08636, 57.33758 ], [ 12.08703, 57.3376 ], [ 12.08694, 57.33867 ], [ 12.08957, 57.33909 ], [ 12.0896, 57.33874 ], [ 12.09026, 57.33875 ], [ 12.0902, 57.33947 ], [ 12.09349, 57.3399 ], [ 12.0941, 57.34064 ], [ 12.09609, 57.34068 ], [ 12.09606, 57.34104 ], [ 12.0954, 57.34103 ], [ 12.09534, 57.34174 ], [ 12.09733, 57.34179 ], [ 12.09794, 57.34252 ], [ 12.0986, 57.34254 ], [ 12.09863, 57.34218 ], [ 12.09996, 57.34221 ], [ 12.09999, 57.34185 ], [ 12.10131, 57.34188 ], [ 12.10129, 57.34224 ], [ 12.10195, 57.34226 ], [ 12.10198, 57.3419 ], [ 12.10331, 57.34193 ], [ 12.10339, 57.34085 ], [ 12.10273, 57.34084 ], [ 12.10345, 57.34013 ], [ 12.10544, 57.34018 ], [ 12.10541, 57.34054 ], [ 12.10674, 57.34057 ], [ 12.10671, 57.34093 ], [ 12.10737, 57.34094 ], [ 12.10732, 57.34166 ], [ 12.10864, 57.34169 ], [ 12.10859, 57.34241 ], [ 12.10792, 57.34239 ], [ 12.10773, 57.34491 ], [ 12.10839, 57.34492 ], [ 12.10836, 57.34528 ], [ 12.10969, 57.34531 ], [ 12.10966, 57.34567 ], [ 12.11298, 57.34575 ], [ 12.11295, 57.34611 ], [ 12.11627, 57.34618 ], [ 12.11624, 57.34654 ], [ 12.11956, 57.34662 ], [ 12.11959, 57.34626 ], [ 12.12092, 57.34629 ], [ 12.12095, 57.34593 ], [ 12.1223, 57.3456 ], [ 12.12316, 57.3431 ], [ 12.12659, 57.34174 ], [ 12.12731, 57.34104 ], [ 12.13127, 57.34149 ], [ 12.13129, 57.34113 ], [ 12.13196, 57.34115 ], [ 12.13279, 57.33901 ], [ 12.13146, 57.33898 ], [ 12.13155, 57.3379 ], [ 12.12823, 57.33783 ], [ 12.12762, 57.33709 ], [ 12.12629, 57.33706 ], [ 12.12641, 57.33563 ], [ 12.12707, 57.33564 ], [ 12.12713, 57.33493 ], [ 12.12779, 57.33494 ], [ 12.12782, 57.33458 ], [ 12.12917, 57.33425 ], [ 12.12923, 57.33354 ], [ 12.13128, 57.33286 ], [ 12.13208, 57.33108 ], [ 12.13274, 57.3311 ], [ 12.13408, 57.33013 ], [ 12.13614, 57.3301 ], [ 12.13631, 57.32974 ], [ 12.13883, 57.3298 ], [ 12.13805, 57.33086 ], [ 12.13741, 57.33085 ], [ 12.13736, 57.33156 ], [ 12.13866, 57.33195 ], [ 12.13857, 57.33303 ], [ 12.13921, 57.3334 ], [ 12.14314, 57.33313 ], [ 12.14316, 57.33385 ], [ 12.14446, 57.3343 ], [ 12.14441, 57.33496 ], [ 12.14773, 57.33503 ], [ 12.14795, 57.33438 ], [ 12.14977, 57.33436 ], [ 12.15049, 57.33366 ], [ 12.15182, 57.33369 ], [ 12.15187, 57.33297 ], [ 12.15254, 57.33299 ], [ 12.15193, 57.33225 ], [ 12.15326, 57.33228 ], [ 12.15331, 57.33157 ], [ 12.15398, 57.33158 ], [ 12.15409, 57.33015 ], [ 12.15677, 57.32985 ], [ 12.15674, 57.33021 ], [ 12.1574, 57.33022 ], [ 12.15743, 57.32986 ], [ 12.15876, 57.32989 ], [ 12.16086, 57.3285 ], [ 12.16222, 57.32817 ], [ 12.16233, 57.32674 ], [ 12.16166, 57.32672 ], [ 12.16105, 57.32599 ], [ 12.15841, 57.32586 ], [ 12.15846, 57.32521 ], [ 12.15583, 57.32479 ], [ 12.156, 57.32264 ], [ 12.15533, 57.32262 ], [ 12.15536, 57.32227 ], [ 12.15669, 57.3223 ], [ 12.15674, 57.32158 ], [ 12.15608, 57.32156 ], [ 12.15622, 57.31977 ], [ 12.15356, 57.31971 ], [ 12.15368, 57.31827 ], [ 12.15434, 57.31829 ], [ 12.15437, 57.31793 ], [ 12.15307, 57.31754 ], [ 12.15246, 57.31681 ], [ 12.15047, 57.31676 ], [ 12.14906, 57.31781 ], [ 12.14773, 57.31778 ], [ 12.14787, 57.31598 ], [ 12.14652, 57.31631 ], [ 12.14597, 57.31486 ], [ 12.14732, 57.31453 ], [ 12.14804, 57.31383 ], [ 12.15205, 57.31356 ], [ 12.15277, 57.31286 ], [ 12.15675, 57.31295 ], [ 12.15755, 57.31117 ], [ 12.15821, 57.31119 ], [ 12.15893, 57.31048 ], [ 12.16161, 57.31018 ], [ 12.16164, 57.30982 ], [ 12.16429, 57.30988 ], [ 12.16434, 57.30917 ], [ 12.16501, 57.30918 ], [ 12.16498, 57.30954 ], [ 12.16628, 57.30993 ], [ 12.16622, 57.31065 ], [ 12.16689, 57.31066 ], [ 12.16686, 57.31102 ], [ 12.16819, 57.31105 ], [ 12.16816, 57.31141 ], [ 12.16973, 57.31134 ], [ 12.17205, 57.31227 ], [ 12.17501, 57.31239 ], [ 12.18054, 57.31121 ], [ 12.18179, 57.31221 ], [ 12.18823, 57.31377 ], [ 12.18895, 57.31455 ], [ 12.19211, 57.31474 ], [ 12.196, 57.31593 ], [ 12.19661, 57.3169 ], [ 12.19769, 57.31732 ], [ 12.19608, 57.31834 ], [ 12.19648, 57.31888 ], [ 12.20081, 57.31808 ], [ 12.20505, 57.31825 ], [ 12.20579, 57.31954 ], [ 12.20569, 57.32155 ], [ 12.20778, 57.3213 ], [ 12.20941, 57.32217 ], [ 12.21298, 57.3219 ], [ 12.21527, 57.32239 ], [ 12.21857, 57.31853 ], [ 12.21928, 57.31846 ], [ 12.21897, 57.31781 ], [ 12.21839, 57.31789 ], [ 12.2177, 57.31734 ], [ 12.21873, 57.31731 ], [ 12.21775, 57.3173 ], [ 12.21848, 57.31664 ], [ 12.21789, 57.31538 ], [ 12.2226, 57.31545 ], [ 12.22659, 57.31623 ], [ 12.23704, 57.31323 ], [ 12.23907, 57.3132 ], [ 12.26075, 57.30477 ], [ 12.27455, 57.30048 ], [ 12.28831, 57.30252 ], [ 12.31443, 57.30927 ], [ 12.32004, 57.31382 ], [ 12.33302, 57.32249 ], [ 12.33526, 57.32551 ], [ 12.34263, 57.33166 ], [ 12.33802, 57.32971 ], [ 12.33748, 57.33019 ], [ 12.33767, 57.3318 ], [ 12.33831, 57.33233 ], [ 12.33958, 57.33267 ], [ 12.3417, 57.33233 ], [ 12.34264, 57.33167 ], [ 12.34613, 57.33456 ], [ 12.34634, 57.33434 ], [ 12.35231, 57.33494 ], [ 12.38698, 57.35153 ], [ 12.39105, 57.36066 ], [ 12.39308, 57.37094 ], [ 12.39605, 57.38116 ], [ 12.40921, 57.39336 ], [ 12.40946, 57.39553 ], [ 12.40857, 57.39609 ], [ 12.41105, 57.39775 ], [ 12.41779, 57.39863 ], [ 12.4195, 57.40066 ], [ 12.41745, 57.40633 ], [ 12.41614, 57.40627 ], [ 12.41596, 57.40763 ], [ 12.41235, 57.40769 ], [ 12.41201, 57.40871 ], [ 12.41056, 57.40901 ], [ 12.40515, 57.41288 ], [ 12.40546, 57.41471 ], [ 12.40675, 57.41562 ], [ 12.40942, 57.41568 ], [ 12.40953, 57.41686 ], [ 12.41183, 57.4171 ], [ 12.40818, 57.42061 ], [ 12.4068, 57.42902 ], [ 12.40542, 57.42983 ], [ 12.4061, 57.43077 ], [ 12.40451, 57.43419 ], [ 12.40352, 57.43392 ], [ 12.4041, 57.43445 ], [ 12.40187, 57.4356 ], [ 12.40228, 57.43624 ], [ 12.38996, 57.44003 ], [ 12.39004, 57.44076 ], [ 12.38912, 57.44155 ], [ 12.39058, 57.44222 ], [ 12.38953, 57.44302 ], [ 12.38884, 57.44278 ], [ 12.3884, 57.44327 ], [ 12.38663, 57.44327 ], [ 12.3841, 57.44485 ], [ 12.38024, 57.44563 ], [ 12.37813, 57.44779 ], [ 12.37718, 57.44805 ], [ 12.37785, 57.44885 ], [ 12.37648, 57.44928 ], [ 12.37162, 57.44891 ], [ 12.36761, 57.44975 ], [ 12.36646, 57.44933 ], [ 12.35829, 57.45276 ], [ 12.34561, 57.45054 ], [ 12.33766, 57.45106 ], [ 12.33474, 57.45518 ], [ 12.33276, 57.45528 ], [ 12.33169, 57.45457 ], [ 12.33106, 57.45479 ], [ 12.3305, 57.45605 ], [ 12.32857, 57.45723 ], [ 12.32718, 57.45914 ], [ 12.32542, 57.4604 ], [ 12.32439, 57.46023 ], [ 12.3228, 57.46076 ], [ 12.32322, 57.46106 ], [ 12.32258, 57.46247 ], [ 12.32397, 57.46313 ], [ 12.34439, 57.48644 ], [ 12.34452, 57.48878 ], [ 12.34365, 57.48953 ], [ 12.34408, 57.48988 ], [ 12.34293, 57.48957 ], [ 12.34093, 57.49345 ], [ 12.32536, 57.50764 ], [ 12.31879, 57.51196 ], [ 12.31431, 57.5161 ], [ 12.31305, 57.51629 ], [ 12.31307, 57.51697 ], [ 12.31503, 57.51868 ], [ 12.31293, 57.52076 ], [ 12.31157, 57.52098 ], [ 12.31402, 57.52204 ], [ 12.31331, 57.52382 ], [ 12.32599, 57.54778 ], [ 12.34095, 57.56172 ], [ 12.33247, 57.56648 ], [ 12.32992, 57.56655 ], [ 12.32764, 57.56897 ], [ 12.32544, 57.56987 ], [ 12.31954, 57.57432 ], [ 12.30291, 57.58354 ], [ 12.30249, 57.58309 ], [ 12.30095, 57.58347 ], [ 12.29533, 57.58643 ], [ 12.28309, 57.59143 ], [ 12.27723, 57.59754 ], [ 12.26944, 57.5945 ], [ 12.25068, 57.58814 ], [ 12.22731, 57.58113 ], [ 12.20793, 57.57409 ], [ 12.18574, 57.56912 ], [ 12.182, 57.56907 ], [ 12.17919, 57.56832 ], [ 12.17626, 57.5668 ], [ 12.17543, 57.56483 ], [ 12.17053, 57.56532 ], [ 12.16976, 57.56639 ], [ 12.10327, 57.5597 ], [ 12.10174, 57.55976 ], [ 12.10054, 57.56175 ], [ 12.09465, 57.56013 ], [ 12.08707, 57.55883 ], [ 12.08808, 57.55814 ], [ 12.09385, 57.55675 ], [ 12.09485, 57.55554 ], [ 12.0899, 57.55393 ], [ 12.08743, 57.55396 ], [ 12.08465, 57.55258 ], [ 12.0778, 57.55245 ], [ 12.07506, 57.5509 ], [ 12.0738, 57.55085 ], [ 12.071, 57.55155 ], [ 12.06657, 57.55149 ], [ 12.06385, 57.55085 ], [ 12.0605, 57.55105 ], [ 12.0503, 57.5498 ], [ 12.04971, 57.55058 ], [ 12.04858, 57.55089 ], [ 12.04884, 57.55199 ], [ 12.04723, 57.55273 ], [ 12.0458, 57.55164 ], [ 12.04251, 57.55177 ], [ 12.04152, 57.55119 ], [ 12.03842, 57.55048 ], [ 12.03418, 57.5503 ], [ 12.03221, 57.55097 ], [ 12.01267, 57.54567 ], [ 12.00714, 57.55216 ], [ 11.99853, 57.55897 ], [ 11.99671, 57.55936 ], [ 11.99631, 57.56012 ], [ 11.99292, 57.56103 ], [ 11.99192, 57.56098 ], [ 11.99089, 57.56202 ], [ 11.98836, 57.56199 ], [ 11.98666, 57.56263 ], [ 11.98785, 57.56506 ], [ 11.97912, 57.56401 ], [ 11.97942, 57.56363 ], [ 11.97745, 57.56184 ], [ 11.97622, 57.56165 ], [ 11.97466, 57.56302 ], [ 11.96977, 57.56385 ], [ 11.96825, 57.56379 ], [ 11.9673, 57.56262 ], [ 11.96481, 57.56212 ], [ 11.96292, 57.56237 ], [ 11.95788, 57.56399 ], [ 11.95602, 57.56305 ], [ 11.95303, 57.56334 ], [ 11.95089, 57.56275 ], [ 11.94828, 57.5626 ], [ 11.94704, 57.56195 ], [ 11.94389, 57.5614 ], [ 11.93168, 57.56212 ], [ 11.9296, 57.56172 ], [ 11.92913, 57.56215 ], [ 11.92525, 57.56244 ], [ 11.92262, 57.56198 ], [ 11.92334, 57.56128 ], [ 11.93005, 57.56109 ], [ 11.93014, 57.56001 ], [ 11.92947, 57.55999 ], [ 11.9295, 57.55964 ], [ 11.92416, 57.55951 ], [ 11.92413, 57.55986 ], [ 11.92347, 57.55985 ], [ 11.92286, 57.55911 ], [ 11.92152, 57.55908 ], [ 11.92158, 57.55836 ], [ 11.92025, 57.55833 ], [ 11.92028, 57.55797 ], [ 11.91961, 57.55796 ], [ 11.9204, 57.55654 ], [ 11.91973, 57.55652 ], [ 11.91979, 57.5558 ], [ 11.91913, 57.55579 ], [ 11.91922, 57.55471 ], [ 11.91988, 57.55473 ], [ 11.91991, 57.55437 ], [ 11.92395, 57.55411 ], [ 11.92398, 57.55375 ], [ 11.92331, 57.55373 ], [ 11.92337, 57.55301 ], [ 11.92404, 57.55303 ], [ 11.92401, 57.55339 ], [ 11.92534, 57.55342 ], [ 11.92541, 57.5527 ], [ 11.92474, 57.55269 ], [ 11.92547, 57.55199 ], [ 11.92346, 57.55194 ], [ 11.92349, 57.55158 ], [ 11.92625, 57.55057 ], [ 11.92634, 57.54953 ], [ 11.92907, 57.54884 ], [ 11.92914, 57.54812 ], [ 11.92847, 57.54811 ], [ 11.92856, 57.54703 ], [ 11.92662, 57.54626 ], [ 11.92668, 57.54555 ], [ 11.92534, 57.54551 ], [ 11.92525, 57.54659 ], [ 11.92389, 57.54692 ], [ 11.92383, 57.54763 ], [ 11.92182, 57.54758 ], [ 11.92176, 57.5483 ], [ 11.92243, 57.54832 ], [ 11.9217, 57.54902 ], [ 11.9204, 57.54863 ], [ 11.92037, 57.54899 ], [ 11.91837, 57.54894 ], [ 11.9184, 57.54858 ], [ 11.91706, 57.54855 ], [ 11.91709, 57.54819 ], [ 11.91643, 57.54817 ], [ 11.916, 57.54528 ], [ 11.91667, 57.5453 ], [ 11.91673, 57.54458 ], [ 11.91539, 57.54455 ], [ 11.91549, 57.54347 ], [ 11.91615, 57.54349 ], [ 11.91618, 57.54313 ], [ 11.91552, 57.54312 ], [ 11.91579, 57.53989 ], [ 11.91646, 57.5399 ], [ 11.91652, 57.53919 ], [ 11.91788, 57.53886 ], [ 11.91952, 57.5353 ], [ 11.91818, 57.53527 ], [ 11.91815, 57.53563 ], [ 11.91749, 57.53561 ], [ 11.91743, 57.53633 ], [ 11.91676, 57.53631 ], [ 11.91679, 57.53596 ], [ 11.91479, 57.53591 ], [ 11.91488, 57.53483 ], [ 11.91555, 57.53485 ], [ 11.91564, 57.53377 ], [ 11.9163, 57.53379 ], [ 11.91709, 57.53237 ], [ 11.91915, 57.5317 ], [ 11.91925, 57.53062 ], [ 11.91724, 57.53057 ], [ 11.91652, 57.53128 ], [ 11.91518, 57.53124 ], [ 11.91521, 57.53088 ], [ 11.91254, 57.53082 ], [ 11.91261, 57.5301 ], [ 11.91527, 57.53017 ], [ 11.9153, 57.52981 ], [ 11.91597, 57.52982 ], [ 11.91345, 57.52797 ], [ 11.91482, 57.52764 ], [ 11.91555, 57.52694 ], [ 11.91688, 57.52697 ], [ 11.91691, 57.52661 ], [ 11.92155, 57.52708 ], [ 11.92279, 57.52819 ], [ 11.92479, 57.52824 ], [ 11.92476, 57.5286 ], [ 11.9261, 57.52863 ], [ 11.92607, 57.52899 ], [ 11.92673, 57.52901 ], [ 11.92664, 57.53008 ], [ 11.92731, 57.5301 ], [ 11.92786, 57.53155 ], [ 11.92916, 57.53194 ], [ 11.9291, 57.53266 ], [ 11.92977, 57.53268 ], [ 11.92974, 57.53304 ], [ 11.93174, 57.53308 ], [ 11.9318, 57.53237 ], [ 11.93313, 57.5324 ], [ 11.93307, 57.53312 ], [ 11.93507, 57.53317 ], [ 11.9351, 57.53281 ], [ 11.93577, 57.53282 ], [ 11.93598, 57.53031 ], [ 11.93465, 57.53028 ], [ 11.93468, 57.52992 ], [ 11.93534, 57.52994 ], [ 11.93537, 57.52958 ], [ 11.93804, 57.52964 ], [ 11.9381, 57.52893 ], [ 11.93877, 57.52894 ], [ 11.93956, 57.52752 ], [ 11.93889, 57.52751 ], [ 11.93892, 57.52715 ], [ 11.93225, 57.52699 ], [ 11.93101, 57.52588 ], [ 11.92837, 57.52545 ], [ 11.9284, 57.52509 ], [ 11.92573, 57.52503 ], [ 11.92579, 57.52431 ], [ 11.92379, 57.52426 ], [ 11.92382, 57.5239 ], [ 11.92252, 57.52351 ], [ 11.92264, 57.52208 ], [ 11.92864, 57.52222 ], [ 11.92861, 57.52258 ], [ 11.93192, 57.52302 ], [ 11.93195, 57.52266 ], [ 11.93328, 57.5227 ], [ 11.9341, 57.52092 ], [ 11.93476, 57.52093 ], [ 11.93479, 57.52058 ], [ 11.93546, 57.52059 ], [ 11.93543, 57.52095 ], [ 11.93676, 57.52098 ], [ 11.93679, 57.52062 ], [ 11.9388, 57.52067 ], [ 11.93883, 57.52031 ], [ 11.94019, 57.51999 ], [ 11.94031, 57.51855 ], [ 11.93964, 57.51854 ], [ 11.93904, 57.5178 ], [ 11.9364, 57.51738 ], [ 11.93579, 57.51665 ], [ 11.93446, 57.51661 ], [ 11.93443, 57.51697 ], [ 11.93376, 57.51696 ], [ 11.93385, 57.51588 ], [ 11.93452, 57.5159 ], [ 11.93449, 57.51625 ], [ 11.93649, 57.5163 ], [ 11.93652, 57.51594 ], [ 11.93782, 57.51633 ], [ 11.93785, 57.51598 ], [ 11.93852, 57.51599 ], [ 11.93858, 57.51527 ], [ 11.94058, 57.51532 ], [ 11.94061, 57.51496 ], [ 11.94464, 57.5147 ], [ 11.94476, 57.51327 ], [ 11.94409, 57.51325 ], [ 11.94415, 57.51253 ], [ 11.94282, 57.5125 ], [ 11.94288, 57.51178 ], [ 11.94424, 57.51146 ], [ 11.94497, 57.51076 ], [ 11.94697, 57.5108 ], [ 11.947, 57.51045 ], [ 11.94767, 57.51046 ], [ 11.94779, 57.50903 ], [ 11.94448, 57.50859 ], [ 11.94306, 57.50963 ], [ 11.93973, 57.50955 ], [ 11.9397, 57.50991 ], [ 11.937, 57.5102 ], [ 11.93627, 57.5109 ], [ 11.93494, 57.51087 ], [ 11.93491, 57.51123 ], [ 11.93358, 57.5112 ], [ 11.93361, 57.51084 ], [ 11.93027, 57.51076 ], [ 11.92839, 57.50927 ], [ 11.92573, 57.50921 ], [ 11.92567, 57.50993 ], [ 11.92294, 57.51058 ], [ 11.92297, 57.51022 ], [ 11.9223, 57.5102 ], [ 11.92245, 57.50841 ], [ 11.91982, 57.50799 ], [ 11.91988, 57.50727 ], [ 11.91921, 57.50725 ], [ 11.91939, 57.5051 ], [ 11.92076, 57.50477 ], [ 11.92082, 57.50406 ], [ 11.92215, 57.50409 ], [ 11.92218, 57.50373 ], [ 11.92285, 57.50375 ], [ 11.92357, 57.50305 ], [ 11.92291, 57.50303 ], [ 11.92294, 57.50267 ], [ 11.91827, 57.50256 ], [ 11.91824, 57.50291 ], [ 11.91701, 57.50288 ], [ 11.91699, 57.50252 ], [ 11.91761, 57.50254 ], [ 11.91764, 57.50218 ], [ 11.9203, 57.50225 ], [ 11.92039, 57.50117 ], [ 11.91973, 57.50115 ], [ 11.91976, 57.50079 ], [ 11.92309, 57.50088 ], [ 11.92312, 57.50052 ], [ 11.92445, 57.50055 ], [ 11.92439, 57.50127 ], [ 11.92506, 57.50128 ], [ 11.92503, 57.50164 ], [ 11.92636, 57.50168 ], [ 11.92633, 57.50203 ], [ 11.92766, 57.50207 ], [ 11.92769, 57.50171 ], [ 11.92903, 57.50174 ], [ 11.92906, 57.50138 ], [ 11.92972, 57.5014 ], [ 11.92969, 57.50176 ], [ 11.93169, 57.5018 ], [ 11.93166, 57.50216 ], [ 11.93366, 57.50221 ], [ 11.93312, 57.50076 ], [ 11.93642, 57.5012 ], [ 11.93639, 57.50156 ], [ 11.93906, 57.50162 ], [ 11.9403, 57.50273 ], [ 11.94096, 57.50275 ], [ 11.94099, 57.50239 ], [ 11.94299, 57.50244 ], [ 11.94372, 57.50174 ], [ 11.94639, 57.5018 ], [ 11.94636, 57.50216 ], [ 11.94902, 57.50223 ], [ 11.94899, 57.50258 ], [ 11.94966, 57.5026 ], [ 11.95075, 57.5055 ], [ 11.95209, 57.50554 ], [ 11.95206, 57.50589 ], [ 11.95272, 57.50591 ], [ 11.9523, 57.50302 ], [ 11.95099, 57.50263 ], [ 11.95105, 57.50192 ], [ 11.95172, 57.50193 ], [ 11.95175, 57.50157 ], [ 11.95375, 57.50162 ], [ 11.95378, 57.50126 ], [ 11.95514, 57.50094 ], [ 11.95602, 57.49844 ], [ 11.95402, 57.49839 ], [ 11.95411, 57.49732 ], [ 11.95547, 57.49699 ], [ 11.9562, 57.49629 ], [ 11.95753, 57.49632 ], [ 11.95895, 57.49527 ], [ 11.96292, 57.49573 ], [ 11.96365, 57.49503 ], [ 11.96698, 57.49511 ], [ 11.96695, 57.49547 ], [ 11.96762, 57.49548 ], [ 11.9675, 57.49692 ], [ 11.96816, 57.49693 ], [ 11.96831, 57.49514 ], [ 11.96765, 57.49512 ], [ 11.96776, 57.49369 ], [ 11.9671, 57.49367 ], [ 11.96649, 57.49294 ], [ 11.96449, 57.49289 ], [ 11.96446, 57.49325 ], [ 11.9638, 57.49323 ], [ 11.96383, 57.49288 ], [ 11.96183, 57.49283 ], [ 11.9618, 57.49319 ], [ 11.95447, 57.49301 ], [ 11.9545, 57.49265 ], [ 11.9525, 57.4926 ], [ 11.95262, 57.49117 ], [ 11.95128, 57.49113 ], [ 11.95134, 57.49042 ], [ 11.95201, 57.49043 ], [ 11.95289, 57.48794 ], [ 11.95089, 57.48789 ], [ 11.95098, 57.48681 ], [ 11.94967, 57.48642 ], [ 11.94916, 57.48461 ], [ 11.94849, 57.4846 ], [ 11.94789, 57.48386 ], [ 11.94452, 57.48414 ], [ 11.94392, 57.48341 ], [ 11.94259, 57.48337 ], [ 11.94256, 57.48373 ], [ 11.94122, 57.4837 ], [ 11.94119, 57.48406 ], [ 11.9385, 57.48435 ], [ 11.93777, 57.48505 ], [ 11.93644, 57.48502 ], [ 11.93638, 57.48574 ], [ 11.93505, 57.48571 ], [ 11.93363, 57.48675 ], [ 11.93226, 57.48708 ], [ 11.93148, 57.4885 ], [ 11.93081, 57.48848 ], [ 11.93142, 57.48921 ], [ 11.93075, 57.4892 ], [ 11.93072, 57.48956 ], [ 11.92939, 57.48952 ], [ 11.92796, 57.49057 ], [ 11.9273, 57.49055 ], [ 11.92739, 57.48948 ], [ 11.92672, 57.48946 ], [ 11.92684, 57.48802 ], [ 11.92148, 57.48825 ], [ 11.92145, 57.48861 ], [ 11.92012, 57.48858 ], [ 11.92009, 57.48894 ], [ 11.91942, 57.48892 ], [ 11.91945, 57.48856 ], [ 11.91812, 57.48853 ], [ 11.91739, 57.48923 ], [ 11.91206, 57.4891 ], [ 11.91209, 57.48874 ], [ 11.91276, 57.48876 ], [ 11.91285, 57.48768 ], [ 11.91491, 57.48701 ], [ 11.91497, 57.4863 ], [ 11.91564, 57.48631 ], [ 11.91567, 57.48595 ], [ 11.917, 57.48599 ], [ 11.91779, 57.48457 ], [ 11.91845, 57.48458 ], [ 11.91785, 57.48385 ], [ 11.91515, 57.48414 ], [ 11.91512, 57.4845 ], [ 11.91446, 57.48449 ], [ 11.9144, 57.4852 ], [ 11.91373, 57.48519 ], [ 11.9137, 57.48555 ], [ 11.91237, 57.48551 ], [ 11.91164, 57.48621 ], [ 11.90698, 57.4861 ], [ 11.90695, 57.48646 ], [ 11.90561, 57.48643 ], [ 11.90573, 57.48499 ], [ 11.9064, 57.48501 ], [ 11.90646, 57.48429 ], [ 11.90713, 57.48431 ], [ 11.90716, 57.48395 ], [ 11.90782, 57.48396 ], [ 11.90779, 57.48432 ], [ 11.90916, 57.484 ], [ 11.90928, 57.48256 ], [ 11.90994, 57.48258 ], [ 11.90997, 57.48222 ], [ 11.91264, 57.48228 ], [ 11.91267, 57.48193 ], [ 11.91467, 57.48197 ], [ 11.9147, 57.48162 ], [ 11.91603, 57.48165 ], [ 11.91606, 57.48129 ], [ 11.91673, 57.48131 ], [ 11.91664, 57.48238 ], [ 11.9173, 57.4824 ], [ 11.91727, 57.48276 ], [ 11.9186, 57.48279 ], [ 11.91933, 57.48209 ], [ 11.92069, 57.48176 ], [ 11.92075, 57.48104 ], [ 11.92142, 57.48106 ], [ 11.92145, 57.4807 ], [ 11.92012, 57.48067 ], [ 11.92015, 57.48031 ], [ 11.91948, 57.48029 ], [ 11.91954, 57.47958 ], [ 11.92021, 57.47959 ], [ 11.921, 57.47817 ], [ 11.91763, 57.47845 ], [ 11.91757, 57.47917 ], [ 11.91691, 57.47915 ], [ 11.91567, 57.47804 ], [ 11.91367, 57.478 ], [ 11.9137, 57.47764 ], [ 11.91503, 57.47767 ], [ 11.91506, 57.47731 ], [ 11.91306, 57.47726 ], [ 11.91312, 57.47654 ], [ 11.91582, 57.47625 ], [ 11.91727, 57.47485 ], [ 11.9219, 57.47532 ], [ 11.92193, 57.47496 ], [ 11.9226, 57.47498 ], [ 11.92257, 57.47534 ], [ 11.92324, 57.47535 ], [ 11.92317, 57.47607 ], [ 11.92581, 57.47649 ], [ 11.92575, 57.47721 ], [ 11.92641, 57.47723 ], [ 11.92638, 57.47759 ], [ 11.92772, 57.47762 ], [ 11.92769, 57.47798 ], [ 11.93035, 57.47804 ], [ 11.93032, 57.4784 ], [ 11.93498, 57.47852 ], [ 11.93577, 57.4771 ], [ 11.93849, 57.47644 ], [ 11.93852, 57.47608 ], [ 11.93786, 57.47607 ], [ 11.93795, 57.47499 ], [ 11.93662, 57.47496 ], [ 11.93665, 57.4746 ], [ 11.93598, 57.47458 ], [ 11.93604, 57.47387 ], [ 11.93876, 57.47321 ], [ 11.93888, 57.47178 ], [ 11.93752, 57.47211 ], [ 11.93776, 57.46924 ], [ 11.9371, 57.46922 ], [ 11.93713, 57.46886 ], [ 11.93513, 57.46881 ], [ 11.93507, 57.46953 ], [ 11.93107, 57.46943 ], [ 11.93104, 57.46979 ], [ 11.93038, 57.46977 ], [ 11.93032, 57.47049 ], [ 11.92826, 57.47116 ], [ 11.9282, 57.47188 ], [ 11.9255, 57.47217 ], [ 11.92553, 57.47181 ], [ 11.92487, 57.4718 ], [ 11.92414, 57.4725 ], [ 11.92281, 57.47247 ], [ 11.92284, 57.47211 ], [ 11.92217, 57.47209 ], [ 11.92227, 57.47101 ], [ 11.92293, 57.47103 ], [ 11.92305, 57.4696 ], [ 11.92172, 57.46956 ], [ 11.92169, 57.46992 ], [ 11.92102, 57.46991 ], [ 11.92096, 57.47062 ], [ 11.9203, 57.47061 ], [ 11.92039, 57.46953 ], [ 11.91839, 57.46948 ], [ 11.91785, 57.46803 ], [ 11.91651, 57.468 ], [ 11.91648, 57.46836 ], [ 11.91512, 57.46868 ], [ 11.91506, 57.4694 ], [ 11.9124, 57.46934 ], [ 11.91243, 57.46898 ], [ 11.91176, 57.46896 ], [ 11.91191, 57.46717 ], [ 11.91125, 57.46715 ], [ 11.91137, 57.46571 ], [ 11.9107, 57.4657 ], [ 11.91076, 57.46498 ], [ 11.90943, 57.46495 ], [ 11.90946, 57.46459 ], [ 11.9088, 57.46457 ], [ 11.90952, 57.46387 ], [ 11.91085, 57.4639 ], [ 11.91088, 57.46355 ], [ 11.91155, 57.46356 ], [ 11.91161, 57.46284 ], [ 11.91228, 57.46286 ], [ 11.913, 57.46216 ], [ 11.91433, 57.46219 ], [ 11.91452, 57.46004 ], [ 11.91518, 57.46006 ], [ 11.91521, 57.4597 ], [ 11.91654, 57.45973 ], [ 11.91648, 57.46045 ], [ 11.91784, 57.46012 ], [ 11.91791, 57.4594 ], [ 11.91857, 57.45942 ], [ 11.9186, 57.45906 ], [ 11.91794, 57.45904 ], [ 11.91806, 57.45761 ], [ 11.91872, 57.45763 ], [ 11.91875, 57.45727 ], [ 11.92008, 57.4573 ], [ 11.92017, 57.45622 ], [ 11.91818, 57.45617 ], [ 11.91745, 57.45688 ], [ 11.91612, 57.45684 ], [ 11.91539, 57.45754 ], [ 11.91406, 57.45751 ], [ 11.91488, 57.45573 ], [ 11.91621, 57.45577 ], [ 11.91624, 57.45541 ], [ 11.91691, 57.45542 ], [ 11.91769, 57.45401 ], [ 11.91703, 57.45399 ], [ 11.91712, 57.45291 ], [ 11.91645, 57.4529 ], [ 11.91585, 57.45216 ], [ 11.91452, 57.45213 ], [ 11.91449, 57.45249 ], [ 11.91249, 57.45244 ], [ 11.91243, 57.45316 ], [ 11.91176, 57.45314 ], [ 11.91164, 57.45458 ], [ 11.91231, 57.45459 ], [ 11.91225, 57.45531 ], [ 11.91158, 57.45529 ], [ 11.91152, 57.45601 ], [ 11.90952, 57.45596 ], [ 11.90955, 57.4556 ], [ 11.91022, 57.45562 ], [ 11.91028, 57.4549 ], [ 11.90961, 57.45489 ], [ 11.90986, 57.45202 ], [ 11.91052, 57.45203 ], [ 11.91061, 57.45096 ], [ 11.90995, 57.45094 ], [ 11.9101, 57.44915 ], [ 11.91146, 57.44882 ], [ 11.91152, 57.4481 ], [ 11.91219, 57.44812 ], [ 11.91222, 57.44776 ], [ 11.91155, 57.44774 ], [ 11.91161, 57.44703 ], [ 11.91228, 57.44704 ], [ 11.91237, 57.44597 ], [ 11.91303, 57.44598 ], [ 11.91318, 57.44419 ], [ 11.91385, 57.4442 ], [ 11.91391, 57.44349 ], [ 11.91261, 57.44309 ], [ 11.91273, 57.44166 ], [ 11.9114, 57.44163 ], [ 11.91143, 57.44127 ], [ 11.90877, 57.4412 ], [ 11.90874, 57.44156 ], [ 11.90741, 57.44153 ], [ 11.90735, 57.44225 ], [ 11.90668, 57.44223 ], [ 11.90662, 57.44295 ], [ 11.90596, 57.44293 ], [ 11.90593, 57.44329 ], [ 11.90323, 57.44358 ], [ 11.90329, 57.44287 ], [ 11.90396, 57.44288 ], [ 11.90469, 57.44218 ], [ 11.90602, 57.44221 ], [ 11.90608, 57.4415 ], [ 11.90408, 57.44145 ], [ 11.90411, 57.44109 ], [ 11.90345, 57.44107 ], [ 11.90351, 57.44035 ], [ 11.90417, 57.44037 ], [ 11.90423, 57.43965 ], [ 11.9049, 57.43967 ], [ 11.90493, 57.43931 ], [ 11.90762, 57.43902 ], [ 11.90771, 57.43794 ], [ 11.90571, 57.43789 ], [ 11.90605, 57.43395 ], [ 11.90671, 57.43396 ], [ 11.90674, 57.4336 ], [ 11.90874, 57.43365 ], [ 11.90877, 57.43329 ], [ 11.90614, 57.43287 ], [ 11.90617, 57.43251 ], [ 11.90883, 57.43258 ], [ 11.90956, 57.43187 ], [ 11.91022, 57.43189 ], [ 11.91019, 57.43225 ], [ 11.91285, 57.43231 ], [ 11.91282, 57.43267 ], [ 11.91418, 57.43235 ], [ 11.91479, 57.43308 ], [ 11.91412, 57.43306 ], [ 11.91406, 57.43378 ], [ 11.91672, 57.43385 ], [ 11.91684, 57.43241 ], [ 11.91751, 57.43243 ], [ 11.91811, 57.43316 ], [ 11.91947, 57.43284 ], [ 11.91962, 57.43104 ], [ 11.91896, 57.43103 ], [ 11.91902, 57.43031 ], [ 11.91969, 57.43032 ], [ 11.91966, 57.43068 ], [ 11.92165, 57.43073 ], [ 11.92238, 57.43003 ], [ 11.923, 57.43005 ], [ 11.92368, 57.43042 ], [ 11.92504, 57.4301 ] ] ], [ [ [ 11.91488, 57.47155 ], [ 11.91555, 57.47157 ], [ 11.91561, 57.47085 ], [ 11.91697, 57.47053 ], [ 11.91703, 57.46981 ], [ 11.91769, 57.46982 ], [ 11.9183, 57.47056 ], [ 11.91624, 57.47123 ], [ 11.91618, 57.47194 ], [ 11.91485, 57.47191 ], [ 11.91488, 57.47155 ] ] ], [ [ [ 11.90822, 57.47139 ], [ 11.90889, 57.47141 ], [ 11.90898, 57.47033 ], [ 11.91031, 57.47036 ], [ 11.91155, 57.47147 ], [ 11.91088, 57.47146 ], [ 11.91016, 57.47216 ], [ 11.90883, 57.47212 ], [ 11.90822, 57.47139 ] ] ], [ [ [ 11.90976, 57.47682 ], [ 11.9111, 57.47685 ], [ 11.91116, 57.47614 ], [ 11.91249, 57.47617 ], [ 11.91243, 57.47689 ], [ 11.91176, 57.47687 ], [ 11.91103, 57.47757 ], [ 11.9097, 57.47754 ], [ 11.90976, 57.47682 ] ] ], [ [ [ 11.93941, 57.48941 ], [ 11.94008, 57.48943 ], [ 11.94005, 57.48978 ], [ 11.93938, 57.48977 ], [ 11.93932, 57.49049 ], [ 11.93532, 57.49039 ], [ 11.93529, 57.49075 ], [ 11.93399, 57.49036 ], [ 11.93478, 57.48894 ], [ 11.93544, 57.48895 ], [ 11.93617, 57.48825 ], [ 11.93817, 57.4883 ], [ 11.93941, 57.48941 ] ] ], [ [ [ 11.94392, 57.49132 ], [ 11.94459, 57.49133 ], [ 11.94462, 57.49097 ], [ 11.94595, 57.49101 ], [ 11.94656, 57.49174 ], [ 11.94589, 57.49172 ], [ 11.94586, 57.49208 ], [ 11.94386, 57.49203 ], [ 11.94392, 57.49132 ] ] ], [ [ [ 11.92775, 57.49308 ], [ 11.92642, 57.49305 ], [ 11.92651, 57.49197 ], [ 11.92784, 57.492 ], [ 11.92775, 57.49308 ] ] ], [ [ [ 11.91446, 57.50822 ], [ 11.91512, 57.50823 ], [ 11.91518, 57.50751 ], [ 11.91785, 57.50758 ], [ 11.91846, 57.50831 ], [ 11.91509, 57.50859 ], [ 11.91436, 57.50929 ], [ 11.91303, 57.50926 ], [ 11.91315, 57.50782 ], [ 11.91449, 57.50786 ], [ 11.91446, 57.50822 ] ] ], [ [ [ 11.90555, 57.51087 ], [ 11.90421, 57.51084 ], [ 11.90424, 57.51048 ], [ 11.90224, 57.51043 ], [ 11.90227, 57.51007 ], [ 11.90294, 57.51009 ], [ 11.903, 57.50937 ], [ 11.90437, 57.50905 ], [ 11.90443, 57.50833 ], [ 11.90773, 57.50877 ], [ 11.9077, 57.50913 ], [ 11.909, 57.50952 ], [ 11.90894, 57.51024 ], [ 11.90961, 57.51025 ], [ 11.90949, 57.51169 ], [ 11.91015, 57.51171 ], [ 11.90942, 57.51241 ], [ 11.90876, 57.51239 ], [ 11.9093, 57.51384 ], [ 11.90794, 57.51417 ], [ 11.9067, 57.51306 ], [ 11.90539, 57.51267 ], [ 11.90618, 57.51125 ], [ 11.90552, 57.51123 ], [ 11.90555, 57.51087 ] ] ], [ [ [ 11.92333, 57.51383 ], [ 11.924, 57.51384 ], [ 11.92403, 57.51348 ], [ 11.9267, 57.51355 ], [ 11.92667, 57.51391 ], [ 11.92734, 57.51392 ], [ 11.92724, 57.515 ], [ 11.92658, 57.51498 ], [ 11.92585, 57.51568 ], [ 11.92452, 57.51565 ], [ 11.92455, 57.51529 ], [ 11.92324, 57.5149 ], [ 11.92333, 57.51383 ] ] ], [ [ [ 11.93091, 57.51904 ], [ 11.93094, 57.51868 ], [ 11.93425, 57.51912 ], [ 11.93422, 57.51948 ], [ 11.93488, 57.5195 ], [ 11.93482, 57.52022 ], [ 11.93091, 57.51904 ] ] ], [ [ [ 11.93079, 57.52048 ], [ 11.93013, 57.52046 ], [ 11.92952, 57.51973 ], [ 11.92752, 57.51968 ], [ 11.92755, 57.51932 ], [ 11.92891, 57.51899 ], [ 11.92888, 57.51935 ], [ 11.93022, 57.51939 ], [ 11.93019, 57.51974 ], [ 11.93085, 57.51976 ], [ 11.93079, 57.52048 ] ] ], [ [ [ 11.92137, 57.52133 ], [ 11.92003, 57.52129 ], [ 11.92006, 57.52094 ], [ 11.92143, 57.52061 ], [ 11.92149, 57.51989 ], [ 11.92349, 57.51994 ], [ 11.9227, 57.52136 ], [ 11.92134, 57.52169 ], [ 11.92137, 57.52133 ] ] ], [ [ [ 11.9103, 57.54155 ], [ 11.91033, 57.54119 ], [ 11.911, 57.54121 ], [ 11.91097, 57.54157 ], [ 11.91227, 57.54196 ], [ 11.91215, 57.54339 ], [ 11.91081, 57.54336 ], [ 11.91084, 57.543 ], [ 11.90818, 57.54294 ], [ 11.90821, 57.54258 ], [ 11.90887, 57.54259 ], [ 11.909, 57.54116 ], [ 11.9103, 57.54155 ] ] ], [ [ [ 11.91297, 57.55743 ], [ 11.91294, 57.55779 ], [ 11.9116, 57.55776 ], [ 11.91166, 57.55704 ], [ 11.91099, 57.55703 ], [ 11.91102, 57.55667 ], [ 11.91369, 57.55673 ], [ 11.91363, 57.55745 ], [ 11.91297, 57.55743 ] ] ], [ [ [ 11.90629, 57.55727 ], [ 11.90763, 57.5573 ], [ 11.90823, 57.55804 ], [ 11.90757, 57.55802 ], [ 11.9075, 57.55874 ], [ 11.90684, 57.55872 ], [ 11.90744, 57.55946 ], [ 11.90544, 57.55941 ], [ 11.90547, 57.55905 ], [ 11.9048, 57.55903 ], [ 11.90483, 57.55867 ], [ 11.9055, 57.55869 ], [ 11.90559, 57.55761 ], [ 11.90626, 57.55763 ], [ 11.90629, 57.55727 ] ] ], [ [ [ 11.91394, 57.56177 ], [ 11.91486, 57.56288 ], [ 11.91253, 57.56261 ], [ 11.9126, 57.56174 ], [ 11.91394, 57.56177 ] ] ], [ [ [ 12.00422, 57.34212 ], [ 12.00286, 57.34245 ], [ 12.00298, 57.34102 ], [ 12.0043, 57.34105 ], [ 12.00422, 57.34212 ] ] ], [ [ [ 11.96718, 57.34771 ], [ 11.96715, 57.34807 ], [ 11.96845, 57.34846 ], [ 11.96839, 57.34917 ], [ 11.96706, 57.34914 ], [ 11.96709, 57.34878 ], [ 11.9658, 57.34839 ], [ 11.96585, 57.34768 ], [ 11.96718, 57.34771 ] ] ], [ [ [ 11.97335, 57.35361 ], [ 11.97534, 57.35366 ], [ 11.97531, 57.35402 ], [ 11.97597, 57.35403 ], [ 11.97591, 57.35475 ], [ 11.97525, 57.35473 ], [ 11.97522, 57.35509 ], [ 11.97456, 57.35508 ], [ 11.97459, 57.35472 ], [ 11.97326, 57.35468 ], [ 11.97335, 57.35361 ] ] ], [ [ [ 12.03771, 57.3555 ], [ 12.03766, 57.35622 ], [ 12.03832, 57.35623 ], [ 12.03893, 57.35697 ], [ 12.03826, 57.35695 ], [ 12.03887, 57.35768 ], [ 12.0382, 57.35767 ], [ 12.03815, 57.35839 ], [ 12.03682, 57.35836 ], [ 12.03642, 57.35511 ], [ 12.03771, 57.3555 ] ] ], [ [ [ 12.04083, 57.35809 ], [ 12.04086, 57.35773 ], [ 12.04152, 57.35775 ], [ 12.04158, 57.35703 ], [ 12.04357, 57.35708 ], [ 12.04355, 57.35744 ], [ 12.04421, 57.35745 ], [ 12.04412, 57.35853 ], [ 12.04346, 57.35851 ], [ 12.04274, 57.35921 ], [ 12.04141, 57.35918 ], [ 12.0415, 57.35811 ], [ 12.04083, 57.35809 ] ] ], [ [ [ 12.05521, 57.3613 ], [ 12.05651, 57.36169 ], [ 12.05645, 57.36241 ], [ 12.05711, 57.36243 ], [ 12.05706, 57.36314 ], [ 12.05772, 57.36316 ], [ 12.05769, 57.36352 ], [ 12.05836, 57.36353 ], [ 12.05841, 57.36282 ], [ 12.05908, 57.36283 ], [ 12.05911, 57.36247 ], [ 12.06044, 57.3625 ], [ 12.06038, 57.36322 ], [ 12.06168, 57.36361 ], [ 12.06142, 57.36684 ], [ 12.06272, 57.36723 ], [ 12.06269, 57.36759 ], [ 12.06064, 57.36826 ], [ 12.06055, 57.36934 ], [ 12.0592, 57.36967 ], [ 12.05914, 57.37038 ], [ 12.05847, 57.37037 ], [ 12.05853, 57.36965 ], [ 12.05787, 57.36964 ], [ 12.0579, 57.36928 ], [ 12.0559, 57.36923 ], [ 12.05544, 57.3667 ], [ 12.05478, 57.36669 ], [ 12.05481, 57.36633 ], [ 12.05348, 57.3663 ], [ 12.05362, 57.3645 ], [ 12.05296, 57.36449 ], [ 12.05304, 57.36341 ], [ 12.05238, 57.36339 ], [ 12.05247, 57.36232 ], [ 12.0518, 57.3623 ], [ 12.05203, 57.35943 ], [ 12.0553, 57.36023 ], [ 12.05521, 57.3613 ] ] ], [ [ [ 12.06927, 57.36846 ], [ 12.06797, 57.36807 ], [ 12.06809, 57.36664 ], [ 12.06942, 57.36667 ], [ 12.06997, 57.36812 ], [ 12.0693, 57.3681 ], [ 12.06927, 57.36846 ] ] ], [ [ [ 12.04242, 57.36316 ], [ 12.04308, 57.36318 ], [ 12.04311, 57.36282 ], [ 12.04378, 57.36283 ], [ 12.04375, 57.36319 ], [ 12.04643, 57.3629 ], [ 12.04635, 57.36397 ], [ 12.04701, 57.36399 ], [ 12.04695, 57.36471 ], [ 12.04762, 57.36472 ], [ 12.04756, 57.36544 ], [ 12.04822, 57.36545 ], [ 12.04817, 57.36617 ], [ 12.04883, 57.36619 ], [ 12.04874, 57.36726 ], [ 12.04941, 57.36728 ], [ 12.04909, 57.37123 ], [ 12.04975, 57.37124 ], [ 12.04973, 57.3716 ], [ 12.04837, 57.37193 ], [ 12.04831, 57.37265 ], [ 12.04698, 57.37262 ], [ 12.04695, 57.37297 ], [ 12.04565, 57.37258 ], [ 12.04571, 57.37187 ], [ 12.04505, 57.37185 ], [ 12.04508, 57.37149 ], [ 12.04378, 57.3711 ], [ 12.04383, 57.37038 ], [ 12.04251, 57.37035 ], [ 12.04265, 57.36856 ], [ 12.04199, 57.36854 ], [ 12.04204, 57.36783 ], [ 12.04271, 57.36784 ], [ 12.04279, 57.36677 ], [ 12.04149, 57.36637 ], [ 12.04161, 57.36494 ], [ 12.04095, 57.36492 ], [ 12.04098, 57.36457 ], [ 12.0423, 57.3646 ], [ 12.04242, 57.36316 ] ] ], [ [ [ 12.03988, 57.36993 ], [ 12.04002, 57.36814 ], [ 12.04132, 57.36853 ], [ 12.04118, 57.37032 ], [ 12.04051, 57.37031 ], [ 12.04054, 57.36995 ], [ 12.03988, 57.36993 ] ] ], [ [ [ 12.07153, 57.37355 ], [ 12.07147, 57.37427 ], [ 12.07081, 57.37425 ], [ 12.07078, 57.37461 ], [ 12.06948, 57.37422 ], [ 12.06951, 57.37386 ], [ 12.07017, 57.37388 ], [ 12.07026, 57.3728 ], [ 12.07092, 57.37282 ], [ 12.07087, 57.37353 ], [ 12.07153, 57.37355 ] ] ], [ [ [ 12.06004, 57.38407 ], [ 12.05949, 57.38262 ], [ 12.05819, 57.38223 ], [ 12.05822, 57.38187 ], [ 12.05888, 57.38188 ], [ 12.05914, 57.37865 ], [ 12.05981, 57.37867 ], [ 12.05986, 57.37795 ], [ 12.06053, 57.37797 ], [ 12.06076, 57.3751 ], [ 12.06275, 57.37514 ], [ 12.06266, 57.37622 ], [ 12.06333, 57.37623 ], [ 12.0633, 57.37659 ], [ 12.06264, 57.37658 ], [ 12.06258, 57.37729 ], [ 12.06324, 57.37731 ], [ 12.06287, 57.38198 ], [ 12.06353, 57.38199 ], [ 12.06333, 57.3845 ], [ 12.06267, 57.38449 ], [ 12.06258, 57.38556 ], [ 12.06192, 57.38555 ], [ 12.06189, 57.38591 ], [ 12.06056, 57.38588 ], [ 12.0607, 57.38408 ], [ 12.06004, 57.38407 ] ] ], [ [ [ 12.07139, 57.38361 ], [ 12.07073, 57.3836 ], [ 12.0707, 57.38396 ], [ 12.06937, 57.38392 ], [ 12.06946, 57.38285 ], [ 12.07012, 57.38286 ], [ 12.07029, 57.38071 ], [ 12.07096, 57.38073 ], [ 12.07139, 57.38361 ] ] ], [ [ [ 12.04999, 57.38491 ], [ 12.04799, 57.38486 ], [ 12.04811, 57.38343 ], [ 12.04947, 57.3831 ], [ 12.049, 57.38057 ], [ 12.05172, 57.37992 ], [ 12.05111, 57.37918 ], [ 12.05316, 57.37851 ], [ 12.05371, 57.37996 ], [ 12.05501, 57.38035 ], [ 12.05487, 57.38215 ], [ 12.05553, 57.38216 ], [ 12.0555, 57.38252 ], [ 12.05345, 57.38319 ], [ 12.05337, 57.38427 ], [ 12.05137, 57.38422 ], [ 12.05132, 57.38494 ], [ 12.04996, 57.38527 ], [ 12.04999, 57.38491 ] ] ], [ [ [ 12.02485, 57.39115 ], [ 12.02497, 57.38971 ], [ 12.02696, 57.38976 ], [ 12.02693, 57.39012 ], [ 12.02627, 57.3901 ], [ 12.02615, 57.39154 ], [ 12.02485, 57.39115 ] ] ], [ [ [ 12.07166, 57.39692 ], [ 12.07158, 57.398 ], [ 12.07224, 57.39801 ], [ 12.07221, 57.39837 ], [ 12.07155, 57.39836 ], [ 12.07149, 57.39907 ], [ 12.06886, 57.39865 ], [ 12.06903, 57.3965 ], [ 12.07103, 57.39655 ], [ 12.071, 57.39691 ], [ 12.07166, 57.39692 ] ] ], [ [ [ 12.06697, 57.42234 ], [ 12.0683, 57.42237 ], [ 12.06824, 57.42309 ], [ 12.0689, 57.4231 ], [ 12.0694, 57.42527 ], [ 12.07006, 57.42528 ], [ 12.06992, 57.42708 ], [ 12.07122, 57.42747 ], [ 12.07119, 57.42783 ], [ 12.06986, 57.4278 ], [ 12.06983, 57.42816 ], [ 12.06784, 57.42811 ], [ 12.06659, 57.427 ], [ 12.06263, 57.42655 ], [ 12.06266, 57.42619 ], [ 12.06136, 57.4258 ], [ 12.06142, 57.42508 ], [ 12.06075, 57.42507 ], [ 12.06084, 57.42399 ], [ 12.05953, 57.4236 ], [ 12.05968, 57.42181 ], [ 12.06098, 57.4222 ], [ 12.06101, 57.42184 ], [ 12.06234, 57.42187 ], [ 12.06182, 57.42006 ], [ 12.06248, 57.42008 ], [ 12.06243, 57.42079 ], [ 12.06373, 57.42118 ], [ 12.06433, 57.42192 ], [ 12.067, 57.42198 ], [ 12.06697, 57.42234 ] ] ], [ [ [ 12.14474, 57.33065 ], [ 12.1448, 57.32994 ], [ 12.14546, 57.32995 ], [ 12.14549, 57.32959 ], [ 12.14679, 57.32998 ], [ 12.14607, 57.33068 ], [ 12.14474, 57.33065 ] ] ], [ [ [ 12.09452, 57.37732 ], [ 12.09458, 57.3766 ], [ 12.09591, 57.37663 ], [ 12.09713, 57.3781 ], [ 12.0958, 57.37807 ], [ 12.09582, 57.37771 ], [ 12.09452, 57.37732 ] ] ], [ [ [ 12.09294, 57.38052 ], [ 12.09285, 57.38159 ], [ 12.09219, 57.38158 ], [ 12.09158, 57.38084 ], [ 12.09294, 57.38052 ] ] ], [ [ [ 12.08405, 57.38355 ], [ 12.08269, 57.38387 ], [ 12.08275, 57.38316 ], [ 12.08208, 57.38314 ], [ 12.08286, 57.38172 ], [ 12.08352, 57.38174 ], [ 12.08358, 57.38102 ], [ 12.08425, 57.38103 ], [ 12.08427, 57.38068 ], [ 12.08361, 57.38066 ], [ 12.0837, 57.37958 ], [ 12.085, 57.37997 ], [ 12.08407, 57.38319 ], [ 12.08543, 57.38286 ], [ 12.08538, 57.38358 ], [ 12.08402, 57.38391 ], [ 12.08405, 57.38355 ] ] ], [ [ [ 12.07434, 57.38835 ], [ 12.07567, 57.38839 ], [ 12.07628, 57.38912 ], [ 12.07694, 57.38913 ], [ 12.07689, 57.38985 ], [ 12.07622, 57.38984 ], [ 12.07605, 57.39199 ], [ 12.07539, 57.39197 ], [ 12.07536, 57.39233 ], [ 12.07403, 57.3923 ], [ 12.07426, 57.38943 ], [ 12.07359, 57.38942 ], [ 12.07362, 57.38906 ], [ 12.07429, 57.38907 ], [ 12.07434, 57.38835 ] ] ], [ [ [ 12.07568, 57.39665 ], [ 12.07577, 57.39558 ], [ 12.07446, 57.39519 ], [ 12.07458, 57.39375 ], [ 12.07594, 57.39342 ], [ 12.07591, 57.39378 ], [ 12.07657, 57.3938 ], [ 12.07646, 57.39523 ], [ 12.07712, 57.39525 ], [ 12.07707, 57.39597 ], [ 12.07773, 57.39598 ], [ 12.07762, 57.39742 ], [ 12.07695, 57.3974 ], [ 12.07701, 57.39669 ], [ 12.07568, 57.39665 ] ] ], [ [ [ 12.0773, 57.40137 ], [ 12.07597, 57.40133 ], [ 12.07606, 57.40026 ], [ 12.07539, 57.40024 ], [ 12.07484, 57.39879 ], [ 12.07684, 57.39884 ], [ 12.0773, 57.40137 ] ] ], [ [ [ 12.07395, 57.40165 ], [ 12.07328, 57.40163 ], [ 12.07331, 57.40127 ], [ 12.07597, 57.40133 ], [ 12.07591, 57.40205 ], [ 12.07386, 57.40272 ], [ 12.07395, 57.40165 ] ] ] ] } }
]
}
