{
"type": "FeatureCollection",
"name": "04-kommun-valdistrikt-halland-2018",
"xy_coordinate_resolution": 1e-05,
"features": [
{ "type": "Feature", "properties": { "valdistrikt_kod": "13800101", "valdistrikt_namn": "Kärleken - Sofieberg", "valdeltagande_riksdag": 88.4, "valdeltagande_region": 88.3, "valdeltagande_kommun": 87.9, "rostberattigade_riksdag": 1623.0, "rostberattigade_region": 1641.0, "rostberattigade_kommun": 1641.0, "kommun_kod": "1380", "kommun_namn": "Halmstad", "ar": 2018 }, "geometry": { "type": "Polygon", "coordinates": [ [ [ 12.84358, 56.70334 ], [ 12.85476, 56.70365 ], [ 12.85421, 56.69648 ], [ 12.86449, 56.69613 ], [ 12.86359, 56.69533 ], [ 12.86728, 56.6937 ], [ 12.86804, 56.69448 ], [ 12.8674, 56.69466 ], [ 12.86794, 56.6965 ], [ 12.87049, 56.69924 ], [ 12.86999, 56.69999 ], [ 12.87642, 56.70388 ], [ 12.86931, 56.7041 ], [ 12.86877, 56.70347 ], [ 12.86641, 56.70339 ], [ 12.86481, 56.70402 ], [ 12.86539, 56.71148 ], [ 12.86991, 56.71752 ], [ 12.87074, 56.71974 ], [ 12.86163, 56.71898 ], [ 12.8545, 56.71554 ], [ 12.85038, 56.71408 ], [ 12.84358, 56.70334 ] ] ] } },
{ "type": "Feature", "properties": { "valdistrikt_kod": "13800102", "valdistrikt_namn": "Centrum", "valdeltagande_riksdag": 79.7, "valdeltagande_region": 80.6, "valdeltagande_kommun": 80.9, "rostberattigade_riksdag": 1531.0, "rostberattigade_region": 1520.0, "rostberattigade_kommun": 1520.0, "kommun_kod": "1380", "kommun_namn": "Halmstad", "ar": 2018 }, "geometry": { "type": "Polygon", "coordinates": [ [ [ 12.86278, 56.67958 ], [ 12.86002, 56.6796 ], [ 12.85955, 56.68037 ], [ 12.85787, 56.68002 ], [ 12.8577, 56.68029 ], [ 12.85611, 56.67999 ], [ 12.85664, 56.67895 ], [ 12.85418, 56.67845 ], [ 12.85505, 56.67697 ], [ 12.85265, 56.67392 ], [ 12.85391, 56.67241 ], [ 12.85956, 56.67242 ], [ 12.86176, 56.67832 ], [ 12.86278, 56.67958 ] ] ] } },
{ "type": "Feature", "properties": { "valdistrikt_kod": "13800103", "valdistrikt_namn": "Slottsjorden", "valdeltagande_riksdag": 87.2, "valdeltagande_region": 84.7, "valdeltagande_kommun": 84.9, "rostberattigade_riksdag": 1853.0, "rostberattigade_region": 1922.0, "rostberattigade_kommun": 1922.0, "kommun_kod": "1380", "kommun_namn": "Halmstad", "ar": 2018 }, "geometry": { "type": "Polygon", "coordinates": [ [ [ 12.84905, 56.67227 ], [ 12.84917, 56.67162 ], [ 12.84486, 56.67161 ], [ 12.84422, 56.67087 ], [ 12.84372, 56.67017 ], [ 12.84664, 56.66998 ], [ 12.84693, 56.66913 ], [ 12.84963, 56.66948 ], [ 12.85022, 56.66515 ], [ 12.84827, 56.66392 ], [ 12.84902, 56.66353 ], [ 12.84865, 56.66326 ], [ 12.84768, 56.66342 ], [ 12.83748, 56.65876 ], [ 12.83582, 56.65196 ], [ 12.83589, 56.6478 ], [ 12.84176, 56.6536 ], [ 12.84708, 56.65308 ], [ 12.8576, 56.66377 ], [ 12.85956, 56.67242 ], [ 12.84905, 56.67227 ] ] ] } },
{ "type": "Feature", "properties": { "valdistrikt_kod": "13800104", "valdistrikt_namn": "Galgberget", "valdeltagande_riksdag": 86.4, "valdeltagande_region": 85.0, "valdeltagande_kommun": 84.9, "rostberattigade_riksdag": 1738.0, "rostberattigade_region": 1786.0, "rostberattigade_kommun": 1786.0, "kommun_kod": "1380", "kommun_namn": "Halmstad", "ar": 2018 }, "geometry": { "type": "Polygon", "coordinates": [ [ [ 12.86426, 56.68805 ], [ 12.86341, 56.68913 ], [ 12.86146, 56.6879 ], [ 12.84962, 56.68694 ], [ 12.84256, 56.68843 ], [ 12.8421, 56.68348 ], [ 12.84114, 56.68203 ], [ 12.84197, 56.68179 ], [ 12.84177, 56.68069 ], [ 12.84457, 56.67955 ], [ 12.8487, 56.67575 ], [ 12.84975, 56.67634 ], [ 12.85202, 56.67457 ], [ 12.8531, 56.67465 ], [ 12.85505, 56.67697 ], [ 12.85418, 56.67845 ], [ 12.85664, 56.67895 ], [ 12.85611, 56.67999 ], [ 12.8577, 56.68029 ], [ 12.85721, 56.68113 ], [ 12.85972, 56.68369 ], [ 12.86319, 56.68612 ], [ 12.86426, 56.68805 ] ] ] } },
{ "type": "Feature", "properties": { "valdistrikt_kod": "13800105", "valdistrikt_namn": "Mickedala", "valdeltagande_riksdag": 87.6, "valdeltagande_region": 86.8, "valdeltagande_kommun": 87.1, "rostberattigade_riksdag": 1279.0, "rostberattigade_region": 1291.0, "rostberattigade_kommun": 1291.0, "kommun_kod": "1380", "kommun_namn": "Halmstad", "ar": 2018 }, "geometry": { "type": "Polygon", "coordinates": [ [ [ 12.84256, 56.68843 ], [ 12.83287, 56.6893 ], [ 12.82928, 56.69226 ], [ 12.8261, 56.69265 ], [ 12.82031, 56.69439 ], [ 12.81794, 56.69212 ], [ 12.81895, 56.69183 ], [ 12.81235, 56.68702 ], [ 12.80219, 56.68595 ], [ 12.80056, 56.68373 ], [ 12.84554, 56.67397 ], [ 12.8487, 56.67575 ], [ 12.84457, 56.67955 ], [ 12.84177, 56.68069 ], [ 12.84197, 56.68179 ], [ 12.84114, 56.68203 ], [ 12.8421, 56.68348 ], [ 12.84256, 56.68843 ] ] ] } },
{ "type": "Feature", "properties": { "valdistrikt_kod": "13800106", "valdistrikt_namn": "Rotorp", "valdeltagande_riksdag": 84.3, "valdeltagande_region": 84.4, "valdeltagande_kommun": 84.5, "rostberattigade_riksdag": 1500.0, "rostberattigade_region": 1521.0, "rostberattigade_kommun": 1521.0, "kommun_kod": "1380", "kommun_namn": "Halmstad", "ar": 2018 }, "geometry": { "type": "Polygon", "coordinates": [ [ [ 12.84554, 56.67397 ], [ 12.83238, 56.67682 ], [ 12.82802, 56.67039 ], [ 12.83069, 56.67004 ], [ 12.83236, 56.66796 ], [ 12.83881, 56.6684 ], [ 12.83971, 56.67069 ], [ 12.84554, 56.67397 ] ] ] } },
{ "type": "Feature", "properties": { "valdistrikt_kod": "13800107", "valdistrikt_namn": "Alet", "valdeltagande_riksdag": 88.1, "valdeltagande_region": 86.5, "valdeltagande_kommun": 86.3, "rostberattigade_riksdag": 1592.0, "rostberattigade_region": 1614.0, "rostberattigade_kommun": 1614.0, "kommun_kod": "1380", "kommun_namn": "Halmstad", "ar": 2018 }, "geometry": { "type": "Polygon", "coordinates": [ [ [ 12.83238, 56.67682 ], [ 12.8073, 56.6823 ], [ 12.80602, 56.68124 ], [ 12.81159, 56.67837 ], [ 12.8113, 56.67733 ], [ 12.81222, 56.67494 ], [ 12.82135, 56.67222 ], [ 12.82093, 56.6686 ], [ 12.81946, 56.66653 ], [ 12.8198, 56.66617 ], [ 12.81604, 56.66437 ], [ 12.82366, 56.65519 ], [ 12.82621, 56.63825 ], [ 12.83589, 56.6478 ], [ 12.83582, 56.65196 ], [ 12.83748, 56.65876 ], [ 12.84768, 56.66342 ], [ 12.84865, 56.66326 ], [ 12.84902, 56.66353 ], [ 12.84827, 56.66392 ], [ 12.85022, 56.66515 ], [ 12.84963, 56.66948 ], [ 12.84693, 56.66913 ], [ 12.84664, 56.66998 ], [ 12.84372, 56.67017 ], [ 12.84422, 56.67087 ], [ 12.84486, 56.67161 ], [ 12.84917, 56.67162 ], [ 12.84905, 56.67227 ], [ 12.85304, 56.67238 ], [ 12.85135, 56.67278 ], [ 12.8502, 56.67409 ], [ 12.84874, 56.67358 ], [ 12.84554, 56.67397 ], [ 12.83971, 56.67069 ], [ 12.83881, 56.6684 ], [ 12.83236, 56.66796 ], [ 12.83069, 56.67004 ], [ 12.82802, 56.67039 ], [ 12.83238, 56.67682 ] ] ] } },
{ "type": "Feature", "properties": { "valdistrikt_kod": "13800108", "valdistrikt_namn": "Slottsmöllan - Övraby", "valdeltagande_riksdag": 87.0, "valdeltagande_region": 86.4, "valdeltagande_kommun": 86.4, "rostberattigade_riksdag": 1123.0, "rostberattigade_region": 1130.0, "rostberattigade_kommun": 1130.0, "kommun_kod": "1380", "kommun_namn": "Halmstad", "ar": 2018 }, "geometry": { "type": "Polygon", "coordinates": [ [ [ 12.9152, 56.73573 ], [ 12.90206, 56.74525 ], [ 12.89305, 56.74312 ], [ 12.89562, 56.74075 ], [ 12.89274, 56.73209 ], [ 12.88873, 56.7309 ], [ 12.88633, 56.72967 ], [ 12.88219, 56.72484 ], [ 12.87245, 56.71983 ], [ 12.87074, 56.71974 ], [ 12.86991, 56.71752 ], [ 12.86539, 56.71148 ], [ 12.86481, 56.70402 ], [ 12.86552, 56.70349 ], [ 12.86877, 56.70347 ], [ 12.86931, 56.7041 ], [ 12.87642, 56.70388 ], [ 12.86999, 56.69999 ], [ 12.87049, 56.69924 ], [ 12.86794, 56.6965 ], [ 12.8674, 56.69466 ], [ 12.86804, 56.69448 ], [ 12.86728, 56.6937 ], [ 12.86359, 56.69533 ], [ 12.86449, 56.69613 ], [ 12.85421, 56.69648 ], [ 12.85476, 56.70365 ], [ 12.84358, 56.70334 ], [ 12.84252, 56.70168 ], [ 12.84284, 56.70024 ], [ 12.84576, 56.69707 ], [ 12.845, 56.69318 ], [ 12.84697, 56.69186 ], [ 12.84457, 56.68997 ], [ 12.84329, 56.69018 ], [ 12.84262, 56.68843 ], [ 12.84962, 56.68694 ], [ 12.86146, 56.6879 ], [ 12.86341, 56.68913 ], [ 12.86426, 56.68805 ], [ 12.86319, 56.68612 ], [ 12.85972, 56.68369 ], [ 12.85721, 56.68113 ], [ 12.85787, 56.68002 ], [ 12.85955, 56.68037 ], [ 12.86002, 56.6796 ], [ 12.86278, 56.67958 ], [ 12.87006, 56.68418 ], [ 12.8723, 56.68672 ], [ 12.87289, 56.68877 ], [ 12.87187, 56.69081 ], [ 12.87337, 56.69207 ], [ 12.88328, 56.6949 ], [ 12.88546, 56.6949 ], [ 12.88899, 56.69426 ], [ 12.8912, 56.69442 ], [ 12.89247, 56.69371 ], [ 12.89184, 56.69142 ], [ 12.89229, 56.69065 ], [ 12.89304, 56.69005 ], [ 12.89549, 56.69006 ], [ 12.89802, 56.69104 ], [ 12.90112, 56.69343 ], [ 12.90318, 56.69403 ], [ 12.90609, 56.69396 ], [ 12.90887, 56.6959 ], [ 12.91359, 56.69582 ], [ 12.91663, 56.69702 ], [ 12.91835, 56.69729 ], [ 12.92299, 56.69687 ], [ 12.92488, 56.69857 ], [ 12.92695, 56.69877 ], [ 12.9293, 56.69957 ], [ 12.93252, 56.70245 ], [ 12.93343, 56.70418 ], [ 12.93284, 56.70651 ], [ 12.935, 56.70931 ], [ 12.93757, 56.71091 ], [ 12.94061, 56.71743 ], [ 12.93722, 56.72137 ], [ 12.93709, 56.72624 ], [ 12.93832, 56.72792 ], [ 12.94162, 56.72875 ], [ 12.94204, 56.73106 ], [ 12.94414, 56.733 ], [ 12.94816, 56.73443 ], [ 12.94329, 56.73532 ], [ 12.94271, 56.73446 ], [ 12.94006, 56.7353 ], [ 12.92759, 56.72979 ], [ 12.9152, 56.73573 ] ] ] } },
{ "type": "Feature", "properties": { "valdistrikt_kod": "13800109", "valdistrikt_namn": "Centrum Väster", "valdeltagande_riksdag": 80.2, "valdeltagande_region": 82.7, "valdeltagande_kommun": 83.2, "rostberattigade_riksdag": 1513.0, "rostberattigade_region": 1455.0, "rostberattigade_kommun": 1455.0, "kommun_kod": "1380", "kommun_namn": "Halmstad", "ar": 2018 }, "geometry": { "type": "Polygon", "coordinates": [ [ [ 12.8531, 56.67465 ], [ 12.85202, 56.67457 ], [ 12.84975, 56.67634 ], [ 12.84554, 56.67397 ], [ 12.84874, 56.67358 ], [ 12.8502, 56.67409 ], [ 12.85135, 56.67278 ], [ 12.85391, 56.67241 ], [ 12.85265, 56.67392 ], [ 12.8531, 56.67465 ] ] ] } },
{ "type": "Feature", "properties": { "valdistrikt_kod": "13800201", "valdistrikt_namn": "Östra Förstaden - Tullkammarkajen", "valdeltagande_riksdag": 85.0, "valdeltagande_region": 82.3, "valdeltagande_kommun": 82.2, "rostberattigade_riksdag": 1360.0, "rostberattigade_region": 1391.0, "rostberattigade_kommun": 1391.0, "kommun_kod": "1380", "kommun_namn": "Halmstad", "ar": 2018 }, "geometry": { "type": "Polygon", "coordinates": [ [ [ 12.86553, 56.67171 ], [ 12.86275, 56.6723 ], [ 12.85956, 56.67242 ], [ 12.8576, 56.66377 ], [ 12.85639, 56.66233 ], [ 12.84708, 56.65308 ], [ 12.84176, 56.6536 ], [ 12.83712, 56.64901 ], [ 12.85361, 56.64548 ], [ 12.86992, 56.64983 ], [ 12.87685, 56.65124 ], [ 12.87268, 56.65497 ], [ 12.87751, 56.65822 ], [ 12.86557, 56.66475 ], [ 12.86629, 56.66655 ], [ 12.86956, 56.66614 ], [ 12.87041, 56.66572 ], [ 12.87145, 56.66636 ], [ 12.87083, 56.66742 ], [ 12.87133, 56.66931 ], [ 12.86553, 56.67171 ] ] ] } },
{ "type": "Feature", "properties": { "valdistrikt_kod": "13800202", "valdistrikt_namn": "Engelbrekt", "valdeltagande_riksdag": 83.8, "valdeltagande_region": 79.4, "valdeltagande_kommun": 79.5, "rostberattigade_riksdag": 1160.0, "rostberattigade_region": 1220.0, "rostberattigade_kommun": 1220.0, "kommun_kod": "1380", "kommun_namn": "Halmstad", "ar": 2018 }, "geometry": { "type": "Polygon", "coordinates": [ [ [ 12.87133, 56.66931 ], [ 12.87083, 56.66742 ], [ 12.87145, 56.66636 ], [ 12.87041, 56.66572 ], [ 12.86956, 56.66614 ], [ 12.86629, 56.66655 ], [ 12.86557, 56.66475 ], [ 12.86935, 56.66271 ], [ 12.8794, 56.66572 ], [ 12.87133, 56.66931 ] ] ] } },
{ "type": "Feature", "properties": { "valdistrikt_kod": "13800203", "valdistrikt_namn": "Nyhem Centrum", "valdeltagande_riksdag": 81.1, "valdeltagande_region": 77.1, "valdeltagande_kommun": 77.4, "rostberattigade_riksdag": 1051.0, "rostberattigade_region": 1105.0, "rostberattigade_kommun": 1105.0, "kommun_kod": "1380", "kommun_namn": "Halmstad", "ar": 2018 }, "geometry": { "type": "Polygon", "coordinates": [ [ [ 12.88323, 56.66827 ], [ 12.87704, 56.67128 ], [ 12.87571, 56.67111 ], [ 12.87252, 56.66882 ], [ 12.8794, 56.66572 ], [ 12.88323, 56.66827 ] ] ] } },
{ "type": "Feature", "properties": { "valdistrikt_kod": "13800204", "valdistrikt_namn": "Nyhem Västra", "valdeltagande_riksdag": 78.1, "valdeltagande_region": 75.1, "valdeltagande_kommun": 75.3, "rostberattigade_riksdag": 1354.0, "rostberattigade_region": 1426.0, "rostberattigade_kommun": 1426.0, "kommun_kod": "1380", "kommun_namn": "Halmstad", "ar": 2018 }, "geometry": { "type": "Polygon", "coordinates": [ [ [ 12.87704, 56.67128 ], [ 12.87618, 56.67309 ], [ 12.86738, 56.67094 ], [ 12.87252, 56.66882 ], [ 12.87571, 56.67111 ], [ 12.87704, 56.67128 ] ] ] } },
{ "type": "Feature", "properties": { "valdistrikt_kod": "13800205", "valdistrikt_namn": "Nyatorp", "valdeltagande_riksdag": 82.8, "valdeltagande_region": 80.2, "valdeltagande_kommun": 80.7, "rostberattigade_riksdag": 1456.0, "rostberattigade_region": 1510.0, "rostberattigade_kommun": 1510.0, "kommun_kod": "1380", "kommun_namn": "Halmstad", "ar": 2018 }, "geometry": { "type": "Polygon", "coordinates": [ [ [ 12.87618, 56.67309 ], [ 12.87712, 56.67401 ], [ 12.87615, 56.67434 ], [ 12.87741, 56.67554 ], [ 12.87279, 56.67709 ], [ 12.87417, 56.678 ], [ 12.87269, 56.67847 ], [ 12.86954, 56.67686 ], [ 12.86742, 56.67513 ], [ 12.86553, 56.67171 ], [ 12.86738, 56.67094 ], [ 12.87618, 56.67309 ] ] ] } },
{ "type": "Feature", "properties": { "valdistrikt_kod": "13800206", "valdistrikt_namn": "Gamletull", "valdeltagande_riksdag": 91.9, "valdeltagande_region": 90.4, "valdeltagande_kommun": 91.5, "rostberattigade_riksdag": 1427.0, "rostberattigade_region": 1453.0, "rostberattigade_kommun": 1453.0, "kommun_kod": "1380", "kommun_namn": "Halmstad", "ar": 2018 }, "geometry": { "type": "Polygon", "coordinates": [ [ [ 12.86635, 56.67868 ], [ 12.86278, 56.67958 ], [ 12.86025, 56.67466 ], [ 12.86192, 56.67445 ], [ 12.86623, 56.67865 ], [ 12.86762, 56.67682 ], [ 12.86848, 56.67648 ], [ 12.868, 56.67616 ], [ 12.86838, 56.67596 ], [ 12.87051, 56.6774 ], [ 12.86635, 56.67868 ] ] ] } },
{ "type": "Feature", "properties": { "valdistrikt_kod": "13800207", "valdistrikt_namn": "Frennarp", "valdeltagande_riksdag": 91.9, "valdeltagande_region": 91.3, "valdeltagande_kommun": 91.6, "rostberattigade_riksdag": 1504.0, "rostberattigade_region": 1518.0, "rostberattigade_kommun": 1518.0, "kommun_kod": "1380", "kommun_namn": "Halmstad", "ar": 2018 }, "geometry": { "type": "Polygon", "coordinates": [ [ [ 12.88467, 56.69495 ], [ 12.88278, 56.69479 ], [ 12.87337, 56.69207 ], [ 12.872, 56.69109 ], [ 12.87289, 56.68877 ], [ 12.87239, 56.68701 ], [ 12.87564, 56.68654 ], [ 12.87536, 56.68578 ], [ 12.87693, 56.6857 ], [ 12.88043, 56.68733 ], [ 12.88277, 56.68637 ], [ 12.87897, 56.68466 ], [ 12.88218, 56.68247 ], [ 12.87389, 56.67907 ], [ 12.88015, 56.67679 ], [ 12.8822, 56.67339 ], [ 12.89257, 56.67331 ], [ 12.89831, 56.67384 ], [ 12.89612, 56.67671 ], [ 12.89473, 56.67988 ], [ 12.89407, 56.68995 ], [ 12.89291, 56.6901 ], [ 12.89199, 56.69105 ], [ 12.89236, 56.69389 ], [ 12.89157, 56.69437 ], [ 12.88899, 56.69426 ], [ 12.88467, 56.69495 ] ] ] } },
{ "type": "Feature", "properties": { "valdistrikt_kod": "13800208", "valdistrikt_namn": "Östra stranden - Larsfrid", "valdeltagande_riksdag": 72.5, "valdeltagande_region": 68.9, "valdeltagande_kommun": 69.8, "rostberattigade_riksdag": 1080.0, "rostberattigade_region": 1175.0, "rostberattigade_kommun": 1175.0, "kommun_kod": "1380", "kommun_namn": "Halmstad", "ar": 2018 }, "geometry": { "type": "Polygon", "coordinates": [ [ [ 12.89488, 56.66468 ], [ 12.89346, 56.66463 ], [ 12.89168, 56.66612 ], [ 12.88516, 56.6631 ], [ 12.8794, 56.66572 ], [ 12.86935, 56.66271 ], [ 12.87751, 56.65822 ], [ 12.87268, 56.65497 ], [ 12.87685, 56.65124 ], [ 12.86992, 56.64983 ], [ 12.85361, 56.64548 ], [ 12.83712, 56.64901 ], [ 12.82621, 56.63825 ], [ 12.865, 56.60752 ], [ 12.8818, 56.61436 ], [ 12.89799, 56.62175 ], [ 12.90548, 56.621 ], [ 12.90819, 56.61995 ], [ 12.91171, 56.62356 ], [ 12.91247, 56.62873 ], [ 12.91191, 56.62954 ], [ 12.90525, 56.63348 ], [ 12.90484, 56.63454 ], [ 12.90561, 56.6362 ], [ 12.90318, 56.6402 ], [ 12.90269, 56.64464 ], [ 12.90489, 56.65412 ], [ 12.89952, 56.6566 ], [ 12.90025, 56.65708 ], [ 12.896, 56.6593 ], [ 12.89621, 56.66119 ], [ 12.89682, 56.66173 ], [ 12.89377, 56.66253 ], [ 12.89488, 56.66468 ] ] ] } },
{ "type": "Feature", "properties": { "valdistrikt_kod": "13800209", "valdistrikt_namn": "Linehed", "valdeltagande_riksdag": 77.5, "valdeltagande_region": 74.5, "valdeltagande_kommun": 74.9, "rostberattigade_riksdag": 1648.0, "rostberattigade_region": 1752.0, "rostberattigade_kommun": 1752.0, "kommun_kod": "1380", "kommun_namn": "Halmstad", "ar": 2018 }, "geometry": { "type": "Polygon", "coordinates": [ [ [ 12.88918, 56.66491 ], [ 12.88817, 56.66912 ], [ 12.88323, 56.66827 ], [ 12.8794, 56.66572 ], [ 12.88516, 56.6631 ], [ 12.88918, 56.66491 ] ] ] } },
{ "type": "Feature", "properties": { "valdistrikt_kod": "13800210", "valdistrikt_namn": "Gustavsfält", "valdeltagande_riksdag": 78.4, "valdeltagande_region": 75.1, "valdeltagande_kommun": 75.8, "rostberattigade_riksdag": 1413.0, "rostberattigade_region": 1503.0, "rostberattigade_kommun": 1503.0, "kommun_kod": "1380", "kommun_namn": "Halmstad", "ar": 2018 }, "geometry": { "type": "Polygon", "coordinates": [ [ [ 12.89915, 56.67132 ], [ 12.8925, 56.67224 ], [ 12.88989, 56.66934 ], [ 12.88817, 56.66912 ], [ 12.88918, 56.66491 ], [ 12.89168, 56.66612 ], [ 12.89346, 56.66463 ], [ 12.89932, 56.66567 ], [ 12.90089, 56.66481 ], [ 12.9025, 56.66574 ], [ 12.9022, 56.66599 ], [ 12.90396, 56.66709 ], [ 12.90107, 56.67054 ], [ 12.89915, 56.67132 ] ] ] } },
{ "type": "Feature", "properties": { "valdistrikt_kod": "13800211", "valdistrikt_namn": "Östergård", "valdeltagande_riksdag": 78.0, "valdeltagande_region": 75.7, "valdeltagande_kommun": 76.1, "rostberattigade_riksdag": 1116.0, "rostberattigade_region": 1160.0, "rostberattigade_kommun": 1160.0, "kommun_kod": "1380", "kommun_namn": "Halmstad", "ar": 2018 }, "geometry": { "type": "Polygon", "coordinates": [ [ [ 12.90107, 56.67054 ], [ 12.89831, 56.67384 ], [ 12.89257, 56.67331 ], [ 12.8822, 56.67339 ], [ 12.88401, 56.66846 ], [ 12.88989, 56.66934 ], [ 12.8925, 56.67224 ], [ 12.89915, 56.67132 ], [ 12.90107, 56.67054 ] ] ] } },
{ "type": "Feature", "properties": { "valdistrikt_kod": "13800212", "valdistrikt_namn": "Andersberg Norra", "valdeltagande_riksdag": 61.9, "valdeltagande_region": 57.3, "valdeltagande_kommun": 57.5, "rostberattigade_riksdag": 846.0, "rostberattigade_region": 1162.0, "rostberattigade_kommun": 1162.0, "kommun_kod": "1380", "kommun_namn": "Halmstad", "ar": 2018 }, "geometry": { "type": "Polygon", "coordinates": [ [ [ 12.90396, 56.66709 ], [ 12.90089, 56.66481 ], [ 12.89932, 56.66567 ], [ 12.89488, 56.66468 ], [ 12.89377, 56.66253 ], [ 12.89486, 56.66202 ], [ 12.89682, 56.66173 ], [ 12.89721, 56.66202 ], [ 12.90496, 56.65878 ], [ 12.90488, 56.65834 ], [ 12.90595, 56.65785 ], [ 12.90634, 56.66099 ], [ 12.90396, 56.66709 ] ] ] } },
{ "type": "Feature", "properties": { "valdistrikt_kod": "13800213", "valdistrikt_namn": "Andersberg Södra", "valdeltagande_riksdag": 63.7, "valdeltagande_region": 60.7, "valdeltagande_kommun": 60.4, "rostberattigade_riksdag": 1545.0, "rostberattigade_region": 1760.0, "rostberattigade_kommun": 1760.0, "kommun_kod": "1380", "kommun_namn": "Halmstad", "ar": 2018 }, "geometry": { "type": "Polygon", "coordinates": [ [ [ 12.90595, 56.65785 ], [ 12.90488, 56.65834 ], [ 12.90496, 56.65878 ], [ 12.89721, 56.66202 ], [ 12.89621, 56.66119 ], [ 12.896, 56.6593 ], [ 12.90025, 56.65708 ], [ 12.89952, 56.6566 ], [ 12.90489, 56.65412 ], [ 12.90595, 56.65785 ] ] ] } },
{ "type": "Feature", "properties": { "valdistrikt_kod": "13800214", "valdistrikt_namn": "Furet", "valdeltagande_riksdag": 87.5, "valdeltagande_region": 87.1, "valdeltagande_kommun": 87.1, "rostberattigade_riksdag": 1289.0, "rostberattigade_region": 1306.0, "rostberattigade_kommun": 1306.0, "kommun_kod": "1380", "kommun_namn": "Halmstad", "ar": 2018 }, "geometry": { "type": "Polygon", "coordinates": [ [ [ 12.88277, 56.68637 ], [ 12.88043, 56.68733 ], [ 12.87693, 56.6857 ], [ 12.87536, 56.68578 ], [ 12.87564, 56.68654 ], [ 12.87239, 56.68701 ], [ 12.87006, 56.68418 ], [ 12.86278, 56.67958 ], [ 12.86446, 56.67936 ], [ 12.87051, 56.6774 ], [ 12.88218, 56.68247 ], [ 12.87897, 56.68466 ], [ 12.88277, 56.68637 ] ] ] } },
{ "type": "Feature", "properties": { "valdistrikt_kod": "13800215", "valdistrikt_namn": "Centrum Östra", "valdeltagande_riksdag": 77.3, "valdeltagande_region": 78.3, "valdeltagande_kommun": 78.6, "rostberattigade_riksdag": 1783.0, "rostberattigade_region": 1759.0, "rostberattigade_kommun": 1759.0, "kommun_kod": "1380", "kommun_namn": "Halmstad", "ar": 2018 }, "geometry": { "type": "Polygon", "coordinates": [ [ [ 12.86623, 56.67865 ], [ 12.86192, 56.67445 ], [ 12.86025, 56.67466 ], [ 12.85956, 56.67242 ], [ 12.86275, 56.6723 ], [ 12.86553, 56.67171 ], [ 12.86639, 56.67388 ], [ 12.86838, 56.67596 ], [ 12.868, 56.67616 ], [ 12.86848, 56.67648 ], [ 12.86623, 56.67865 ] ] ] } },
{ "type": "Feature", "properties": { "valdistrikt_kod": "13800216", "valdistrikt_namn": "Nyhem Norra", "valdeltagande_riksdag": 76.3, "valdeltagande_region": 71.0, "valdeltagande_kommun": 71.4, "rostberattigade_riksdag": 1074.0, "rostberattigade_region": 1166.0, "rostberattigade_kommun": 1166.0, "kommun_kod": "1380", "kommun_namn": "Halmstad", "ar": 2018 }, "geometry": { "type": "Polygon", "coordinates": [ [ [ 12.8822, 56.67339 ], [ 12.88015, 56.67679 ], [ 12.87389, 56.67907 ], [ 12.87269, 56.67847 ], [ 12.87417, 56.678 ], [ 12.87279, 56.67709 ], [ 12.87741, 56.67554 ], [ 12.87615, 56.67434 ], [ 12.87712, 56.67401 ], [ 12.87618, 56.67309 ], [ 12.87704, 56.67128 ], [ 12.88323, 56.66827 ], [ 12.88401, 56.66846 ], [ 12.8822, 56.67339 ] ] ] } },
{ "type": "Feature", "properties": { "valdistrikt_kod": "13800301", "valdistrikt_namn": "Vallås Västra", "valdeltagande_riksdag": 73.6, "valdeltagande_region": 70.3, "valdeltagande_kommun": 70.3, "rostberattigade_riksdag": 1629.0, "rostberattigade_region": 1799.0, "rostberattigade_kommun": 1799.0, "kommun_kod": "1380", "kommun_namn": "Halmstad", "ar": 2018 }, "geometry": { "type": "Polygon", "coordinates": [ [ [ 12.9056, 56.68139 ], [ 12.9075, 56.68291 ], [ 12.90238, 56.68676 ], [ 12.8998, 56.68596 ], [ 12.89441, 56.68585 ], [ 12.89473, 56.67988 ], [ 12.89725, 56.67507 ], [ 12.91356, 56.67685 ], [ 12.91476, 56.67741 ], [ 12.91594, 56.67883 ], [ 12.91107, 56.67829 ], [ 12.91041, 56.67916 ], [ 12.90832, 56.67965 ], [ 12.90595, 56.6794 ], [ 12.9056, 56.68139 ] ] ] } },
{ "type": "Feature", "properties": { "valdistrikt_kod": "13800302", "valdistrikt_namn": "Vallås Norra", "valdeltagande_riksdag": 81.4, "valdeltagande_region": 79.6, "valdeltagande_kommun": 79.8, "rostberattigade_riksdag": 1643.0, "rostberattigade_region": 1680.0, "rostberattigade_kommun": 1680.0, "kommun_kod": "1380", "kommun_namn": "Halmstad", "ar": 2018 }, "geometry": { "type": "Polygon", "coordinates": [ [ [ 12.9109, 56.69597 ], [ 12.90847, 56.69578 ], [ 12.90609, 56.69396 ], [ 12.90318, 56.69403 ], [ 12.90144, 56.69354 ], [ 12.89691, 56.69049 ], [ 12.89407, 56.68995 ], [ 12.89441, 56.68585 ], [ 12.8998, 56.68596 ], [ 12.90238, 56.68676 ], [ 12.9075, 56.68291 ], [ 12.9056, 56.68139 ], [ 12.90595, 56.6794 ], [ 12.90832, 56.67965 ], [ 12.91041, 56.67916 ], [ 12.91107, 56.67829 ], [ 12.91594, 56.67883 ], [ 12.91622, 56.68088 ], [ 12.9139, 56.68409 ], [ 12.91664, 56.68504 ], [ 12.91577, 56.68615 ], [ 12.91625, 56.68647 ], [ 12.91475, 56.68815 ], [ 12.92058, 56.68954 ], [ 12.91915, 56.69267 ], [ 12.91764, 56.69183 ], [ 12.9153, 56.69142 ], [ 12.9109, 56.69597 ] ] ] } },
{ "type": "Feature", "properties": { "valdistrikt_kod": "13800303", "valdistrikt_namn": "Vallås Östra", "valdeltagande_riksdag": 85.9, "valdeltagande_region": 84.4, "valdeltagande_kommun": 84.4, "rostberattigade_riksdag": 1589.0, "rostberattigade_region": 1620.0, "rostberattigade_kommun": 1620.0, "kommun_kod": "1380", "kommun_namn": "Halmstad", "ar": 2018 }, "geometry": { "type": "Polygon", "coordinates": [ [ [ 12.93773, 56.69413 ], [ 12.92902, 56.69948 ], [ 12.92695, 56.69877 ], [ 12.92488, 56.69857 ], [ 12.92299, 56.69687 ], [ 12.91809, 56.69727 ], [ 12.91359, 56.69582 ], [ 12.9109, 56.69597 ], [ 12.9153, 56.69142 ], [ 12.91764, 56.69183 ], [ 12.91915, 56.69267 ], [ 12.92023, 56.69079 ], [ 12.92058, 56.68954 ], [ 12.91475, 56.68815 ], [ 12.91625, 56.68647 ], [ 12.91577, 56.68615 ], [ 12.91664, 56.68504 ], [ 12.9139, 56.68409 ], [ 12.91622, 56.68088 ], [ 12.91594, 56.67883 ], [ 12.91476, 56.67741 ], [ 12.91356, 56.67685 ], [ 12.89725, 56.67507 ], [ 12.89831, 56.67384 ], [ 12.91896, 56.6766 ], [ 12.9271, 56.67867 ], [ 12.93424, 56.68106 ], [ 12.93291, 56.68209 ], [ 12.9293, 56.68343 ], [ 12.93113, 56.68423 ], [ 12.93359, 56.68629 ], [ 12.92757, 56.69001 ], [ 12.93773, 56.69413 ] ] ] } },
{ "type": "Feature", "properties": { "valdistrikt_kod": "13800304", "valdistrikt_namn": "Fyllinge Västra", "valdeltagande_riksdag": 84.4, "valdeltagande_region": 83.0, "valdeltagande_kommun": 83.9, "rostberattigade_riksdag": 1108.0, "rostberattigade_region": 1129.0, "rostberattigade_kommun": 1129.0, "kommun_kod": "1380", "kommun_namn": "Halmstad", "ar": 2018 }, "geometry": { "type": "Polygon", "coordinates": [ [ [ 12.92255, 56.6579 ], [ 12.91154, 56.65862 ], [ 12.9119, 56.65795 ], [ 12.91437, 56.65709 ], [ 12.91533, 56.65601 ], [ 12.91599, 56.65462 ], [ 12.91522, 56.65383 ], [ 12.91285, 56.65304 ], [ 12.91073, 56.65283 ], [ 12.90921, 56.65204 ], [ 12.90489, 56.65412 ], [ 12.90269, 56.64464 ], [ 12.90278, 56.64222 ], [ 12.904, 56.63837 ], [ 12.90561, 56.6362 ], [ 12.90582, 56.63656 ], [ 12.92081, 56.63529 ], [ 12.92041, 56.6352 ], [ 12.93354, 56.62844 ], [ 12.93325, 56.62827 ], [ 12.93584, 56.62682 ], [ 12.9581, 56.631 ], [ 12.94978, 56.6427 ], [ 12.9459, 56.64195 ], [ 12.94927, 56.64461 ], [ 12.94413, 56.64765 ], [ 12.93275, 56.64385 ], [ 12.9321, 56.64449 ], [ 12.93124, 56.64441 ], [ 12.93144, 56.6451 ], [ 12.92662, 56.6503 ], [ 12.91877, 56.64892 ], [ 12.91639, 56.65076 ], [ 12.91806, 56.6516 ], [ 12.92442, 56.65364 ], [ 12.92985, 56.6543 ], [ 12.92915, 56.6576 ], [ 12.92718, 56.65843 ], [ 12.92343, 56.65836 ], [ 12.92255, 56.6579 ] ] ] } },
{ "type": "Feature", "properties": { "valdistrikt_kod": "13800305", "valdistrikt_namn": "Skedala - Marbäck", "valdeltagande_riksdag": 90.1, "valdeltagande_region": 89.3, "valdeltagande_kommun": 89.9, "rostberattigade_riksdag": 1234.0, "rostberattigade_region": 1240.0, "rostberattigade_kommun": 1240.0, "kommun_kod": "1380", "kommun_namn": "Halmstad", "ar": 2018 }, "geometry": { "type": "Polygon", "coordinates": [ [ [ 13.05521, 56.71672 ], [ 13.04666, 56.71775 ], [ 13.04625, 56.72301 ], [ 13.04023, 56.72717 ], [ 13.03801, 56.7307 ], [ 12.97248, 56.70769 ], [ 12.97034, 56.70638 ], [ 12.96827, 56.70595 ], [ 12.96047, 56.70258 ], [ 12.95824, 56.70393 ], [ 12.95546, 56.70295 ], [ 12.9557, 56.70154 ], [ 12.92757, 56.69001 ], [ 12.93359, 56.68629 ], [ 12.93113, 56.68423 ], [ 12.9293, 56.68343 ], [ 12.93291, 56.68209 ], [ 12.93424, 56.68106 ], [ 12.95514, 56.68757 ], [ 12.95939, 56.68253 ], [ 12.95779, 56.68187 ], [ 12.95595, 56.68237 ], [ 12.9547, 56.68172 ], [ 12.95506, 56.68119 ], [ 12.95752, 56.68105 ], [ 12.95757, 56.68015 ], [ 12.95611, 56.67986 ], [ 12.95234, 56.68006 ], [ 12.95121, 56.67968 ], [ 12.95061, 56.6786 ], [ 12.94903, 56.67852 ], [ 12.94777, 56.67916 ], [ 12.94673, 56.67896 ], [ 12.94608, 56.67765 ], [ 12.94382, 56.67788 ], [ 12.94261, 56.67644 ], [ 12.94007, 56.67547 ], [ 12.93781, 56.67519 ], [ 12.9346, 56.6732 ], [ 12.92875, 56.67352 ], [ 12.92837, 56.67169 ], [ 12.92705, 56.67266 ], [ 12.92552, 56.67256 ], [ 12.92648, 56.67022 ], [ 12.92845, 56.6697 ], [ 12.92861, 56.66919 ], [ 12.92434, 56.66809 ], [ 12.92203, 56.66799 ], [ 12.92284, 56.66604 ], [ 12.92032, 56.66528 ], [ 12.91983, 56.66384 ], [ 12.91194, 56.66091 ], [ 12.91154, 56.65862 ], [ 12.92294, 56.65787 ], [ 12.92343, 56.65836 ], [ 12.92718, 56.65843 ], [ 12.92915, 56.6576 ], [ 12.92986, 56.65425 ], [ 12.93369, 56.65438 ], [ 12.93387, 56.65357 ], [ 12.94927, 56.64461 ], [ 12.95407, 56.64834 ], [ 12.98366, 56.65579 ], [ 13.01194, 56.66354 ], [ 13.02233, 56.66486 ], [ 13.02541, 56.66446 ], [ 13.02825, 56.66097 ], [ 13.03071, 56.66078 ], [ 13.03403, 56.66281 ], [ 13.03543, 56.66444 ], [ 13.03775, 56.66486 ], [ 13.0421, 56.66808 ], [ 13.04756, 56.67043 ], [ 13.05572, 56.67236 ], [ 13.06645, 56.68244 ], [ 13.06694, 56.68865 ], [ 13.06515, 56.69915 ], [ 13.06856, 56.69878 ], [ 13.06869, 56.70213 ], [ 13.07129, 56.70294 ], [ 13.07128, 56.70376 ], [ 13.06967, 56.70455 ], [ 13.0693, 56.70668 ], [ 13.07083, 56.70835 ], [ 13.0698, 56.70956 ], [ 13.0734, 56.71186 ], [ 13.07847, 56.71773 ], [ 13.08091, 56.71851 ], [ 13.08213, 56.71989 ], [ 13.08459, 56.72069 ], [ 13.08773, 56.72047 ], [ 13.09195, 56.72158 ], [ 13.09109, 56.72243 ], [ 13.08202, 56.7219 ], [ 13.07753, 56.72553 ], [ 13.05521, 56.71672 ] ] ] } },
{ "type": "Feature", "properties": { "valdistrikt_kod": "13800306", "valdistrikt_namn": "Brogård", "valdeltagande_riksdag": 91.8, "valdeltagande_region": 90.4, "valdeltagande_kommun": 90.5, "rostberattigade_riksdag": 1365.0, "rostberattigade_region": 1383.0, "rostberattigade_kommun": 1383.0, "kommun_kod": "1380", "kommun_namn": "Halmstad", "ar": 2018 }, "geometry": { "type": "Polygon", "coordinates": [ [ [ 12.95939, 56.68253 ], [ 12.95514, 56.68757 ], [ 12.94421, 56.68437 ], [ 12.9271, 56.67867 ], [ 12.91816, 56.6765 ], [ 12.91594, 56.67499 ], [ 12.92074, 56.67243 ], [ 12.92114, 56.67267 ], [ 12.9222, 56.67211 ], [ 12.92218, 56.66829 ], [ 12.92434, 56.66809 ], [ 12.92872, 56.66936 ], [ 12.92648, 56.67022 ], [ 12.92552, 56.67256 ], [ 12.92705, 56.67266 ], [ 12.9281, 56.67166 ], [ 12.92868, 56.67188 ], [ 12.92904, 56.67359 ], [ 12.9344, 56.67315 ], [ 12.93781, 56.67519 ], [ 12.94007, 56.67547 ], [ 12.94261, 56.67644 ], [ 12.94382, 56.67788 ], [ 12.94608, 56.67765 ], [ 12.94673, 56.67896 ], [ 12.94777, 56.67916 ], [ 12.94903, 56.67852 ], [ 12.95061, 56.6786 ], [ 12.95121, 56.67968 ], [ 12.95234, 56.68006 ], [ 12.95611, 56.67986 ], [ 12.95757, 56.68015 ], [ 12.95752, 56.68105 ], [ 12.95506, 56.68119 ], [ 12.9547, 56.68172 ], [ 12.95595, 56.68237 ], [ 12.95779, 56.68187 ], [ 12.95939, 56.68253 ] ] ] } },
{ "type": "Feature", "properties": { "valdistrikt_kod": "13800307", "valdistrikt_namn": "Fyllinge Östra", "valdeltagande_riksdag": 87.3, "valdeltagande_region": 85.0, "valdeltagande_kommun": 85.3, "rostberattigade_riksdag": 1060.0, "rostberattigade_region": 1090.0, "rostberattigade_kommun": 1090.0, "kommun_kod": "1380", "kommun_namn": "Halmstad", "ar": 2018 }, "geometry": { "type": "Polygon", "coordinates": [ [ [ 12.94413, 56.64765 ], [ 12.93387, 56.65357 ], [ 12.93369, 56.65438 ], [ 12.92442, 56.65364 ], [ 12.91639, 56.65076 ], [ 12.91877, 56.64892 ], [ 12.92662, 56.6503 ], [ 12.93144, 56.6451 ], [ 12.93124, 56.64441 ], [ 12.9321, 56.64449 ], [ 12.93275, 56.64385 ], [ 12.94413, 56.64765 ] ] ] } },
{ "type": "Feature", "properties": { "valdistrikt_kod": "13800308", "valdistrikt_namn": "Snöstorp", "valdeltagande_riksdag": 89.2, "valdeltagande_region": 88.4, "valdeltagande_kommun": 88.2, "rostberattigade_riksdag": 1002.0, "rostberattigade_region": 1007.0, "rostberattigade_kommun": 1007.0, "kommun_kod": "1380", "kommun_namn": "Halmstad", "ar": 2018 }, "geometry": { "type": "Polygon", "coordinates": [ [ [ 12.91594, 56.67499 ], [ 12.91816, 56.6765 ], [ 12.89831, 56.67384 ], [ 12.90396, 56.66709 ], [ 12.90557, 56.66428 ], [ 12.90638, 56.66046 ], [ 12.90489, 56.65412 ], [ 12.90921, 56.65204 ], [ 12.91073, 56.65283 ], [ 12.91285, 56.65304 ], [ 12.91509, 56.65378 ], [ 12.91597, 56.65437 ], [ 12.91437, 56.65709 ], [ 12.91165, 56.65821 ], [ 12.91194, 56.66091 ], [ 12.91983, 56.66384 ], [ 12.92032, 56.66528 ], [ 12.92227, 56.66574 ], [ 12.92295, 56.66631 ], [ 12.92187, 56.66773 ], [ 12.92245, 56.66815 ], [ 12.9222, 56.67211 ], [ 12.92114, 56.67267 ], [ 12.92074, 56.67243 ], [ 12.91594, 56.67499 ] ] ] } },
{ "type": "Feature", "properties": { "valdistrikt_kod": "13800401", "valdistrikt_namn": "Simlångsdalen", "valdeltagande_riksdag": 88.8, "valdeltagande_region": 86.8, "valdeltagande_kommun": 87.1, "rostberattigade_riksdag": 1086.0, "rostberattigade_region": 1108.0, "rostberattigade_kommun": 1108.0, "kommun_kod": "1380", "kommun_namn": "Halmstad", "ar": 2018 }, "geometry": { "type": "Polygon", "coordinates": [ [ [ 13.2745, 56.84667 ], [ 13.26662, 56.8529 ], [ 13.26195, 56.85302 ], [ 13.25552, 56.84697 ], [ 13.25033, 56.84629 ], [ 13.24976, 56.84688 ], [ 13.24875, 56.84666 ], [ 13.24328, 56.84802 ], [ 13.24092, 56.84745 ], [ 13.24179, 56.8445 ], [ 13.23999, 56.84105 ], [ 13.2131, 56.83229 ], [ 13.20942, 56.83192 ], [ 13.20683, 56.83502 ], [ 13.20202, 56.83567 ], [ 13.19268, 56.83003 ], [ 13.18869, 56.82933 ], [ 13.185, 56.82987 ], [ 13.17996, 56.82766 ], [ 13.17968, 56.82727 ], [ 13.18132, 56.82547 ], [ 13.18509, 56.82449 ], [ 13.18435, 56.82291 ], [ 13.18205, 56.8209 ], [ 13.18142, 56.81888 ], [ 13.17751, 56.81855 ], [ 13.17394, 56.81742 ], [ 13.17089, 56.81749 ], [ 13.16806, 56.81618 ], [ 13.1606, 56.81395 ], [ 13.15681, 56.81431 ], [ 13.14797, 56.8103 ], [ 13.15233, 56.80615 ], [ 13.15856, 56.7988 ], [ 13.15075, 56.79139 ], [ 13.14751, 56.78995 ], [ 13.14575, 56.78862 ], [ 13.14511, 56.78746 ], [ 13.1408, 56.78543 ], [ 13.13983, 56.7842 ], [ 13.13858, 56.78418 ], [ 13.13776, 56.78238 ], [ 13.1361, 56.78125 ], [ 13.13541, 56.77601 ], [ 13.13274, 56.77464 ], [ 13.13226, 56.77218 ], [ 13.12812, 56.76711 ], [ 13.12876, 56.76244 ], [ 13.12974, 56.76042 ], [ 13.12728, 56.7574 ], [ 13.11758, 56.75364 ], [ 13.11485, 56.75073 ], [ 13.10459, 56.74609 ], [ 13.10537, 56.7443 ], [ 13.10285, 56.74298 ], [ 13.10556, 56.73936 ], [ 13.1015, 56.73174 ], [ 13.08263, 56.72774 ], [ 13.07692, 56.72535 ], [ 13.07753, 56.72553 ], [ 13.08202, 56.7219 ], [ 13.09109, 56.72243 ], [ 13.09195, 56.72158 ], [ 13.08773, 56.72047 ], [ 13.08459, 56.72069 ], [ 13.08213, 56.71989 ], [ 13.08091, 56.71851 ], [ 13.07847, 56.71773 ], [ 13.0734, 56.71186 ], [ 13.0698, 56.70956 ], [ 13.07083, 56.70835 ], [ 13.0693, 56.70668 ], [ 13.06967, 56.70455 ], [ 13.07128, 56.70376 ], [ 13.07129, 56.70294 ], [ 13.06869, 56.70213 ], [ 13.06856, 56.69878 ], [ 13.07094, 56.69954 ], [ 13.07169, 56.70027 ], [ 13.07288, 56.70038 ], [ 13.07606, 56.69954 ], [ 13.08176, 56.70041 ], [ 13.08153, 56.70185 ], [ 13.08375, 56.70317 ], [ 13.09303, 56.70381 ], [ 13.09096, 56.69951 ], [ 13.08283, 56.69517 ], [ 13.08023, 56.69138 ], [ 13.09475, 56.68587 ], [ 13.10931, 56.68935 ], [ 13.11187, 56.69048 ], [ 13.11356, 56.69315 ], [ 13.11789, 56.69576 ], [ 13.12359, 56.70425 ], [ 13.12726, 56.71216 ], [ 13.12938, 56.71526 ], [ 13.13413, 56.71546 ], [ 13.13501, 56.713 ], [ 13.13684, 56.71107 ], [ 13.13624, 56.70963 ], [ 13.13761, 56.70676 ], [ 13.14473, 56.70585 ], [ 13.14334, 56.70305 ], [ 13.14655, 56.69687 ], [ 13.14989, 56.69523 ], [ 13.15474, 56.69375 ], [ 13.15413, 56.69163 ], [ 13.15702, 56.69221 ], [ 13.15745, 56.69325 ], [ 13.17052, 56.69954 ], [ 13.17269, 56.7017 ], [ 13.17633, 56.70237 ], [ 13.1763, 56.69619 ], [ 13.17734, 56.6928 ], [ 13.18765, 56.67547 ], [ 13.18849, 56.67556 ], [ 13.18981, 56.67694 ], [ 13.19597, 56.67656 ], [ 13.19647, 56.67598 ], [ 13.2021, 56.67536 ], [ 13.20459, 56.67607 ], [ 13.21962, 56.67617 ], [ 13.2227, 56.67383 ], [ 13.22483, 56.6748 ], [ 13.22438, 56.67543 ], [ 13.22517, 56.67623 ], [ 13.2304, 56.67542 ], [ 13.24149, 56.67513 ], [ 13.24926, 56.67533 ], [ 13.25967, 56.67644 ], [ 13.27802, 56.68006 ], [ 13.28384, 56.67889 ], [ 13.28847, 56.6791 ], [ 13.29128, 56.68358 ], [ 13.29571, 56.68537 ], [ 13.29836, 56.68762 ], [ 13.2985, 56.68727 ], [ 13.30294, 56.68571 ], [ 13.30654, 56.68577 ], [ 13.30779, 56.68547 ], [ 13.31588, 56.69227 ], [ 13.31665, 56.70128 ], [ 13.31513, 56.70231 ], [ 13.31717, 56.70356 ], [ 13.32177, 56.70514 ], [ 13.32239, 56.7061 ], [ 13.32511, 56.70757 ], [ 13.32498, 56.70922 ], [ 13.31712, 56.71952 ], [ 13.3165, 56.73029 ], [ 13.31825, 56.74 ], [ 13.3198, 56.75865 ], [ 13.31887, 56.78224 ], [ 13.31502, 56.79392 ], [ 13.30493, 56.80404 ], [ 13.3031, 56.8095 ], [ 13.30149, 56.8092 ], [ 13.29971, 56.81418 ], [ 13.30087, 56.81384 ], [ 13.30154, 56.81414 ], [ 13.29816, 56.82365 ], [ 13.2971, 56.83091 ], [ 13.29229, 56.83398 ], [ 13.28932, 56.83508 ], [ 13.28974, 56.83546 ], [ 13.28893, 56.83637 ], [ 13.28641, 56.8373 ], [ 13.28064, 56.84301 ], [ 13.2745, 56.84667 ] ] ] } },
{ "type": "Feature", "properties": { "valdistrikt_kod": "13800501", "valdistrikt_namn": "Oskarström Västra", "valdeltagande_riksdag": 79.7, "valdeltagande_region": 75.2, "valdeltagande_kommun": 75.7, "rostberattigade_riksdag": 1692.0, "rostberattigade_region": 1767.0, "rostberattigade_kommun": 1767.0, "kommun_kod": "1380", "kommun_namn": "Halmstad", "ar": 2018 }, "geometry": { "type": "Polygon", "coordinates": [ [ [ 12.97493, 56.82402 ], [ 12.95958, 56.82448 ], [ 12.95929, 56.8223 ], [ 12.95206, 56.80232 ], [ 12.95046, 56.79323 ], [ 12.97051, 56.79143 ], [ 12.97432, 56.78611 ], [ 12.97605, 56.7845 ], [ 12.97625, 56.78509 ], [ 12.97497, 56.786 ], [ 12.97572, 56.79017 ], [ 12.97071, 56.79406 ], [ 12.97092, 56.79525 ], [ 12.97449, 56.79831 ], [ 12.97464, 56.7991 ], [ 12.97316, 56.80094 ], [ 12.9735, 56.80181 ], [ 12.97816, 56.80508 ], [ 12.97757, 56.80625 ], [ 12.97403, 56.80764 ], [ 12.97257, 56.81205 ], [ 12.97085, 56.814 ], [ 12.97303, 56.81652 ], [ 12.97351, 56.82164 ], [ 12.97493, 56.82402 ] ] ] } },
{ "type": "Feature", "properties": { "valdistrikt_kod": "13800502", "valdistrikt_namn": "Oskarström Östra", "valdeltagande_riksdag": 86.6, "valdeltagande_region": 81.6, "valdeltagande_kommun": 81.1, "rostberattigade_riksdag": 1205.0, "rostberattigade_region": 1291.0, "rostberattigade_kommun": 1291.0, "kommun_kod": "1380", "kommun_namn": "Halmstad", "ar": 2018 }, "geometry": { "type": "Polygon", "coordinates": [ [ [ 12.97631, 56.78458 ], [ 12.98775, 56.78937 ], [ 12.99928, 56.79695 ], [ 13.01074, 56.80038 ], [ 12.99169, 56.81304 ], [ 12.97263, 56.81616 ], [ 12.97085, 56.814 ], [ 12.97308, 56.81103 ], [ 12.97349, 56.8084 ], [ 12.97497, 56.80713 ], [ 12.97757, 56.80625 ], [ 12.97818, 56.80536 ], [ 12.9735, 56.80181 ], [ 12.97316, 56.80094 ], [ 12.97464, 56.7991 ], [ 12.97449, 56.79831 ], [ 12.97092, 56.79525 ], [ 12.97071, 56.79406 ], [ 12.97572, 56.79017 ], [ 12.97497, 56.786 ], [ 12.97631, 56.78458 ] ] ] } },
{ "type": "Feature", "properties": { "valdistrikt_kod": "13800701", "valdistrikt_namn": "Eldsberga - Tönnersjö", "valdeltagande_riksdag": 89.3, "valdeltagande_region": 85.6, "valdeltagande_kommun": 86.3, "rostberattigade_riksdag": 1777.0, "rostberattigade_region": 1837.0, "rostberattigade_kommun": 1837.0, "kommun_kod": "1380", "kommun_namn": "Halmstad", "ar": 2018 }, "geometry": { "type": "Polygon", "coordinates": [ [ [ 13.18765, 56.67547 ], [ 13.17734, 56.6928 ], [ 13.1763, 56.69619 ], [ 13.17633, 56.70237 ], [ 13.17269, 56.7017 ], [ 13.17052, 56.69954 ], [ 13.15745, 56.69325 ], [ 13.15702, 56.69221 ], [ 13.15413, 56.69163 ], [ 13.15474, 56.69375 ], [ 13.14989, 56.69523 ], [ 13.14655, 56.69687 ], [ 13.14334, 56.70305 ], [ 13.14473, 56.70585 ], [ 13.13761, 56.70676 ], [ 13.13624, 56.70963 ], [ 13.13684, 56.71107 ], [ 13.13501, 56.713 ], [ 13.13413, 56.71546 ], [ 13.12938, 56.71526 ], [ 13.12726, 56.71216 ], [ 13.12359, 56.70425 ], [ 13.11789, 56.69576 ], [ 13.11356, 56.69315 ], [ 13.11187, 56.69048 ], [ 13.10931, 56.68935 ], [ 13.09475, 56.68587 ], [ 13.08023, 56.69138 ], [ 13.08283, 56.69517 ], [ 13.09096, 56.69951 ], [ 13.09303, 56.70381 ], [ 13.08375, 56.70317 ], [ 13.08153, 56.70185 ], [ 13.08176, 56.70041 ], [ 13.07606, 56.69954 ], [ 13.07288, 56.70038 ], [ 13.07154, 56.70025 ], [ 13.07094, 56.69954 ], [ 13.06856, 56.69878 ], [ 13.06515, 56.69915 ], [ 13.06694, 56.68865 ], [ 13.06645, 56.68244 ], [ 13.05572, 56.67236 ], [ 13.04756, 56.67043 ], [ 13.0421, 56.66808 ], [ 13.03775, 56.66486 ], [ 13.03543, 56.66444 ], [ 13.03403, 56.66281 ], [ 13.03071, 56.66078 ], [ 13.02825, 56.66097 ], [ 13.02541, 56.66446 ], [ 13.02233, 56.66486 ], [ 13.01194, 56.66354 ], [ 12.98366, 56.65579 ], [ 12.95407, 56.64834 ], [ 12.9459, 56.64195 ], [ 12.94978, 56.6427 ], [ 12.95727, 56.63274 ], [ 12.96107, 56.62502 ], [ 12.96247, 56.62514 ], [ 12.96363, 56.62469 ], [ 12.9647, 56.62148 ], [ 12.9658, 56.62059 ], [ 12.96877, 56.61966 ], [ 12.97016, 56.61714 ], [ 12.97051, 56.61619 ], [ 12.96731, 56.61628 ], [ 12.9655, 56.61481 ], [ 12.96421, 56.615 ], [ 12.96317, 56.6128 ], [ 12.96324, 56.61078 ], [ 12.9653, 56.60598 ], [ 12.95315, 56.60288 ], [ 12.95358, 56.60061 ], [ 12.94487, 56.59862 ], [ 12.92558, 56.59 ], [ 12.89423, 56.58373 ], [ 12.93199, 56.5531 ], [ 12.94483, 56.55364 ], [ 12.96592, 56.54877 ], [ 12.96907, 56.54447 ], [ 12.96937, 56.5448 ], [ 12.97167, 56.54414 ], [ 12.97199, 56.54302 ], [ 12.97341, 56.54289 ], [ 12.97341, 56.54234 ], [ 12.97396, 56.54235 ], [ 12.98791, 56.55695 ], [ 12.99639, 56.5592 ], [ 13.0066, 56.56768 ], [ 13.00666, 56.56851 ], [ 13.00947, 56.57089 ], [ 13.01019, 56.57246 ], [ 13.00925, 56.57305 ], [ 13.00969, 56.57352 ], [ 13.01378, 56.57381 ], [ 13.01556, 56.57316 ], [ 13.01687, 56.57324 ], [ 13.01762, 56.57391 ], [ 13.01928, 56.57368 ], [ 13.02017, 56.57392 ], [ 13.01995, 56.57459 ], [ 13.02146, 56.57522 ], [ 13.02113, 56.5757 ], [ 13.02004, 56.57589 ], [ 13.02021, 56.57633 ], [ 13.01896, 56.57735 ], [ 13.01962, 56.57932 ], [ 13.01905, 56.57931 ], [ 13.01895, 56.58014 ], [ 13.01696, 56.58079 ], [ 13.01728, 56.58117 ], [ 13.01675, 56.58152 ], [ 13.01744, 56.58187 ], [ 13.01605, 56.58229 ], [ 13.01657, 56.58283 ], [ 13.01591, 56.5836 ], [ 13.01735, 56.58384 ], [ 13.01513, 56.58496 ], [ 13.01734, 56.58547 ], [ 13.01703, 56.58575 ], [ 13.01764, 56.58611 ], [ 13.01663, 56.58671 ], [ 13.01738, 56.58691 ], [ 13.01681, 56.58782 ], [ 13.01912, 56.58785 ], [ 13.02145, 56.5894 ], [ 13.02234, 56.5893 ], [ 13.0231, 56.58981 ], [ 13.02317, 56.59022 ], [ 13.02206, 56.59024 ], [ 13.02185, 56.59089 ], [ 13.02238, 56.59099 ], [ 13.02284, 56.59051 ], [ 13.02387, 56.5908 ], [ 13.02435, 56.59041 ], [ 13.02496, 56.59056 ], [ 13.02497, 56.59137 ], [ 13.02688, 56.59272 ], [ 13.02683, 56.59367 ], [ 13.02763, 56.59386 ], [ 13.02717, 56.5946 ], [ 13.02841, 56.59479 ], [ 13.02769, 56.59565 ], [ 13.03297, 56.59636 ], [ 13.03569, 56.59609 ], [ 13.04042, 56.59678 ], [ 13.04571, 56.59897 ], [ 13.04587, 56.59999 ], [ 13.04737, 56.60066 ], [ 13.0506, 56.60039 ], [ 13.05351, 56.60089 ], [ 13.05414, 56.60159 ], [ 13.05599, 56.60211 ], [ 13.05739, 56.6011 ], [ 13.06206, 56.60279 ], [ 13.06102, 56.60379 ], [ 13.06355, 56.60388 ], [ 13.06361, 56.60336 ], [ 13.07497, 56.60755 ], [ 13.09283, 56.61304 ], [ 13.10136, 56.61453 ], [ 13.11283, 56.62158 ], [ 13.12217, 56.6261 ], [ 13.12996, 56.63055 ], [ 13.13086, 56.62934 ], [ 13.13185, 56.62912 ], [ 13.13198, 56.62819 ], [ 13.13319, 56.62759 ], [ 13.13369, 56.62676 ], [ 13.13314, 56.62625 ], [ 13.13419, 56.62583 ], [ 13.13437, 56.62499 ], [ 13.13667, 56.6235 ], [ 13.13761, 56.62412 ], [ 13.14183, 56.62451 ], [ 13.14411, 56.62624 ], [ 13.14426, 56.62711 ], [ 13.14767, 56.6288 ], [ 13.15077, 56.62861 ], [ 13.15223, 56.62946 ], [ 13.15802, 56.63029 ], [ 13.15844, 56.63102 ], [ 13.1601, 56.63147 ], [ 13.16415, 56.63433 ], [ 13.16593, 56.64613 ], [ 13.16409, 56.65026 ], [ 13.18412, 56.65075 ], [ 13.18797, 56.65035 ], [ 13.18777, 56.65066 ], [ 13.19644, 56.65408 ], [ 13.19185, 56.65904 ], [ 13.19067, 56.6597 ], [ 13.19107, 56.66116 ], [ 13.18941, 56.66235 ], [ 13.18731, 56.66293 ], [ 13.18087, 56.66366 ], [ 13.17748, 56.66635 ], [ 13.1751, 56.66676 ], [ 13.17445, 56.67062 ], [ 13.17324, 56.67287 ], [ 13.17427, 56.67425 ], [ 13.17881, 56.67443 ], [ 13.18765, 56.67547 ] ] ] } },
{ "type": "Feature", "properties": { "valdistrikt_kod": "13800801", "valdistrikt_namn": "Trönninge", "valdeltagande_riksdag": 91.7, "valdeltagande_region": 89.2, "valdeltagande_kommun": 89.2, "rostberattigade_riksdag": 1639.0, "rostberattigade_region": 1665.0, "rostberattigade_kommun": 1665.0, "kommun_kod": "1380", "kommun_namn": "Halmstad", "ar": 2018 }, "geometry": { "type": "Polygon", "coordinates": [ [ [ 12.92041, 56.6352 ], [ 12.92081, 56.63529 ], [ 12.90582, 56.63656 ], [ 12.90484, 56.63454 ], [ 12.90525, 56.63348 ], [ 12.91191, 56.62954 ], [ 12.9125, 56.62862 ], [ 12.91171, 56.62356 ], [ 12.90819, 56.61995 ], [ 12.90548, 56.621 ], [ 12.89799, 56.62175 ], [ 12.8818, 56.61436 ], [ 12.865, 56.60752 ], [ 12.89423, 56.58373 ], [ 12.92558, 56.59 ], [ 12.94487, 56.59862 ], [ 12.95358, 56.60061 ], [ 12.95315, 56.60288 ], [ 12.9653, 56.60598 ], [ 12.96324, 56.61078 ], [ 12.96317, 56.6128 ], [ 12.96408, 56.6148 ], [ 12.9655, 56.61481 ], [ 12.96731, 56.61628 ], [ 12.97051, 56.61619 ], [ 12.96877, 56.61966 ], [ 12.9658, 56.62059 ], [ 12.9647, 56.62148 ], [ 12.96363, 56.62469 ], [ 12.96247, 56.62514 ], [ 12.96107, 56.62502 ], [ 12.9581, 56.631 ], [ 12.93584, 56.62682 ], [ 12.93325, 56.62827 ], [ 12.93354, 56.62844 ], [ 12.92041, 56.6352 ] ] ] } },
{ "type": "Feature", "properties": { "valdistrikt_kod": "13800901", "valdistrikt_namn": "Eketånga Södra", "valdeltagande_riksdag": 90.9, "valdeltagande_region": 90.8, "valdeltagande_kommun": 91.1, "rostberattigade_riksdag": 1350.0, "rostberattigade_region": 1354.0, "rostberattigade_kommun": 1354.0, "kommun_kod": "1380", "kommun_namn": "Halmstad", "ar": 2018 }, "geometry": { "type": "Polygon", "coordinates": [ [ [ 12.82621, 56.63825 ], [ 12.82366, 56.65519 ], [ 12.81604, 56.66437 ], [ 12.8124, 56.66254 ], [ 12.81054, 56.66278 ], [ 12.8064, 56.66151 ], [ 12.8062, 56.66039 ], [ 12.80694, 56.65986 ], [ 12.80226, 56.65777 ], [ 12.79838, 56.66016 ], [ 12.7955, 56.65758 ], [ 12.79636, 56.65589 ], [ 12.78849, 56.6551 ], [ 12.7893, 56.65064 ], [ 12.79097, 56.64963 ], [ 12.7904, 56.64931 ], [ 12.79835, 56.64338 ], [ 12.8021, 56.63742 ], [ 12.82621, 56.63825 ] ] ] } },
{ "type": "Feature", "properties": { "valdistrikt_kod": "13800902", "valdistrikt_namn": "Eketånga Norra", "valdeltagande_riksdag": 92.7, "valdeltagande_region": 92.0, "valdeltagande_kommun": 92.3, "rostberattigade_riksdag": 1470.0, "rostberattigade_region": 1460.0, "rostberattigade_kommun": 1460.0, "kommun_kod": "1380", "kommun_namn": "Halmstad", "ar": 2018 }, "geometry": { "type": "Polygon", "coordinates": [ [ [ 12.8073, 56.6823 ], [ 12.80056, 56.68373 ], [ 12.79648, 56.68204 ], [ 12.79749, 56.67682 ], [ 12.79395, 56.67632 ], [ 12.79376, 56.66955 ], [ 12.79492, 56.6664 ], [ 12.79774, 56.66709 ], [ 12.80568, 56.66683 ], [ 12.80541, 56.66477 ], [ 12.80286, 56.66464 ], [ 12.80051, 56.6635 ], [ 12.80108, 56.66337 ], [ 12.79838, 56.66016 ], [ 12.80226, 56.65777 ], [ 12.80694, 56.65986 ], [ 12.8062, 56.66039 ], [ 12.8064, 56.66151 ], [ 12.81054, 56.66278 ], [ 12.8124, 56.66254 ], [ 12.8198, 56.66617 ], [ 12.81946, 56.66653 ], [ 12.82093, 56.6686 ], [ 12.82135, 56.67222 ], [ 12.81222, 56.67494 ], [ 12.8113, 56.67733 ], [ 12.81159, 56.67837 ], [ 12.80602, 56.68124 ], [ 12.8073, 56.6823 ] ] ] } },
{ "type": "Feature", "properties": { "valdistrikt_kod": "13800903", "valdistrikt_namn": "Söndrum Södra", "valdeltagande_riksdag": 89.0, "valdeltagande_region": 90.0, "valdeltagande_kommun": 90.3, "rostberattigade_riksdag": 1464.0, "rostberattigade_region": 1447.0, "rostberattigade_kommun": 1447.0, "kommun_kod": "1380", "kommun_namn": "Halmstad", "ar": 2018 }, "geometry": { "type": "Polygon", "coordinates": [ [ [ 12.79103, 56.65843 ], [ 12.78261, 56.65806 ], [ 12.77633, 56.65842 ], [ 12.77392, 56.65518 ], [ 12.7788, 56.6505 ], [ 12.77373, 56.64699 ], [ 12.77122, 56.64801 ], [ 12.77079, 56.64723 ], [ 12.768, 56.64526 ], [ 12.76535, 56.63615 ], [ 12.8021, 56.63742 ], [ 12.79835, 56.64338 ], [ 12.7904, 56.64931 ], [ 12.79097, 56.64963 ], [ 12.78912, 56.65096 ], [ 12.78849, 56.6551 ], [ 12.79264, 56.65541 ], [ 12.79103, 56.65843 ] ] ] } },
{ "type": "Feature", "properties": { "valdistrikt_kod": "13800904", "valdistrikt_namn": "Bäckagård", "valdeltagande_riksdag": 87.2, "valdeltagande_region": 86.1, "valdeltagande_kommun": 86.5, "rostberattigade_riksdag": 1410.0, "rostberattigade_region": 1434.0, "rostberattigade_kommun": 1434.0, "kommun_kod": "1380", "kommun_namn": "Halmstad", "ar": 2018 }, "geometry": { "type": "Polygon", "coordinates": [ [ [ 12.79246, 56.66156 ], [ 12.78122, 56.66178 ], [ 12.77528, 56.66258 ], [ 12.77279, 56.66086 ], [ 12.7685, 56.66006 ], [ 12.76883, 56.65738 ], [ 12.76707, 56.65577 ], [ 12.77392, 56.65518 ], [ 12.77633, 56.65842 ], [ 12.78261, 56.65806 ], [ 12.79103, 56.65843 ], [ 12.79246, 56.66156 ] ] ] } },
{ "type": "Feature", "properties": { "valdistrikt_kod": "13800905", "valdistrikt_namn": "Söndrum Norra", "valdeltagande_riksdag": 90.8, "valdeltagande_region": 90.5, "valdeltagande_kommun": 89.8, "rostberattigade_riksdag": 1839.0, "rostberattigade_region": 1855.0, "rostberattigade_kommun": 1855.0, "kommun_kod": "1380", "kommun_namn": "Halmstad", "ar": 2018 }, "geometry": { "type": "Polygon", "coordinates": [ [ [ 12.79395, 56.67632 ], [ 12.77556, 56.67375 ], [ 12.7739, 56.67548 ], [ 12.76151, 56.6687 ], [ 12.76173, 56.66813 ], [ 12.75901, 56.66783 ], [ 12.75852, 56.66726 ], [ 12.7593, 56.6669 ], [ 12.75768, 56.66481 ], [ 12.75658, 56.66179 ], [ 12.76189, 56.66024 ], [ 12.76692, 56.6598 ], [ 12.77279, 56.66086 ], [ 12.77447, 56.66229 ], [ 12.77593, 56.66265 ], [ 12.78122, 56.66178 ], [ 12.79246, 56.66156 ], [ 12.79086, 56.65808 ], [ 12.79264, 56.65541 ], [ 12.79636, 56.65589 ], [ 12.7955, 56.65758 ], [ 12.79933, 56.66092 ], [ 12.80108, 56.66337 ], [ 12.80051, 56.6635 ], [ 12.80286, 56.66464 ], [ 12.80541, 56.66477 ], [ 12.80568, 56.66683 ], [ 12.79774, 56.66709 ], [ 12.79492, 56.6664 ], [ 12.79376, 56.66955 ], [ 12.79395, 56.67632 ] ] ] } },
{ "type": "Feature", "properties": { "valdistrikt_kod": "13800906", "valdistrikt_namn": "Tylösand - Frösakull", "valdeltagande_riksdag": 90.6, "valdeltagande_region": 92.1, "valdeltagande_kommun": 92.6, "rostberattigade_riksdag": 1658.0, "rostberattigade_region": 1621.0, "rostberattigade_kommun": 1621.0, "kommun_kod": "1380", "kommun_namn": "Halmstad", "ar": 2018 }, "geometry": { "type": "Polygon", "coordinates": [ [ [ 12.73771, 56.67032 ], [ 12.73311, 56.67428 ], [ 12.72829, 56.67732 ], [ 12.7203, 56.68382 ], [ 12.71756, 56.68401 ], [ 12.71227, 56.68506 ], [ 12.70826, 56.68257 ], [ 12.70806, 56.68122 ], [ 12.69506, 56.67491 ], [ 12.67088, 56.66945 ], [ 12.71255, 56.6343 ], [ 12.76535, 56.63615 ], [ 12.768, 56.64526 ], [ 12.77079, 56.64723 ], [ 12.77122, 56.64801 ], [ 12.77373, 56.64699 ], [ 12.7788, 56.6505 ], [ 12.77392, 56.65518 ], [ 12.76707, 56.65577 ], [ 12.76883, 56.65738 ], [ 12.7685, 56.66006 ], [ 12.76692, 56.6598 ], [ 12.76189, 56.66024 ], [ 12.75745, 56.66151 ], [ 12.7426, 56.66823 ], [ 12.73869, 56.66591 ], [ 12.73771, 56.67032 ] ] ] } },
{ "type": "Feature", "properties": { "valdistrikt_kod": "13800907", "valdistrikt_namn": "Onsjö - Fammarp", "valdeltagande_riksdag": 90.0, "valdeltagande_region": 89.5, "valdeltagande_kommun": 90.0, "rostberattigade_riksdag": 1253.0, "rostberattigade_region": 1255.0, "rostberattigade_kommun": 1255.0, "kommun_kod": "1380", "kommun_namn": "Halmstad", "ar": 2018 }, "geometry": { "type": "Polygon", "coordinates": [ [ [ 12.76343, 56.70299 ], [ 12.76521, 56.70454 ], [ 12.74315, 56.70722 ], [ 12.7457, 56.70516 ], [ 12.74636, 56.703 ], [ 12.74603, 56.70217 ], [ 12.74116, 56.70303 ], [ 12.73956, 56.69932 ], [ 12.72758, 56.69902 ], [ 12.72697, 56.70083 ], [ 12.72094, 56.7045 ], [ 12.71683, 56.70461 ], [ 12.71641, 56.70279 ], [ 12.715, 56.70128 ], [ 12.7139, 56.70081 ], [ 12.71387, 56.6995 ], [ 12.70994, 56.69883 ], [ 12.7102, 56.69606 ], [ 12.70344, 56.69398 ], [ 12.70474, 56.693 ], [ 12.69808, 56.69007 ], [ 12.69752, 56.69059 ], [ 12.69137, 56.68862 ], [ 12.69103, 56.68883 ], [ 12.68417, 56.68802 ], [ 12.65368, 56.68368 ], [ 12.67088, 56.66945 ], [ 12.69506, 56.67491 ], [ 12.70806, 56.68122 ], [ 12.70826, 56.68257 ], [ 12.71227, 56.68506 ], [ 12.71756, 56.68401 ], [ 12.7203, 56.68382 ], [ 12.72829, 56.67732 ], [ 12.73311, 56.67428 ], [ 12.73771, 56.67032 ], [ 12.73869, 56.66591 ], [ 12.7426, 56.66823 ], [ 12.75658, 56.66179 ], [ 12.75768, 56.66481 ], [ 12.7593, 56.6669 ], [ 12.75852, 56.66726 ], [ 12.75901, 56.66783 ], [ 12.76173, 56.66813 ], [ 12.76151, 56.6687 ], [ 12.7739, 56.67548 ], [ 12.77556, 56.67375 ], [ 12.79749, 56.67682 ], [ 12.79648, 56.68204 ], [ 12.8, 56.68331 ], [ 12.80125, 56.68518 ], [ 12.79758, 56.68806 ], [ 12.78782, 56.69434 ], [ 12.7821, 56.69742 ], [ 12.76741, 56.70292 ], [ 12.76486, 56.70236 ], [ 12.76343, 56.70299 ] ] ] } },
{ "type": "Feature", "properties": { "valdistrikt_kod": "13801001", "valdistrikt_namn": "Holm - Vapnö", "valdeltagande_riksdag": 88.5, "valdeltagande_region": 84.5, "valdeltagande_kommun": 84.7, "rostberattigade_riksdag": 847.0, "rostberattigade_region": 895.0, "rostberattigade_kommun": 895.0, "kommun_kod": "1380", "kommun_namn": "Halmstad", "ar": 2018 }, "geometry": { "type": "Polygon", "coordinates": [ [ [ 12.90206, 56.74525 ], [ 12.90756, 56.74707 ], [ 12.91579, 56.75182 ], [ 12.91503, 56.75305 ], [ 12.91327, 56.75385 ], [ 12.91263, 56.75516 ], [ 12.91712, 56.77796 ], [ 12.92172, 56.77962 ], [ 12.92836, 56.79762 ], [ 12.91764, 56.80065 ], [ 12.91706, 56.79961 ], [ 12.9143, 56.79792 ], [ 12.91165, 56.79533 ], [ 12.91179, 56.79129 ], [ 12.91034, 56.7899 ], [ 12.91002, 56.78649 ], [ 12.90544, 56.78237 ], [ 12.90468, 56.77963 ], [ 12.90088, 56.77766 ], [ 12.90066, 56.77476 ], [ 12.90436, 56.77572 ], [ 12.90101, 56.76645 ], [ 12.87999, 56.76324 ], [ 12.88015, 56.762 ], [ 12.8695, 56.75826 ], [ 12.87036, 56.75709 ], [ 12.87264, 56.75577 ], [ 12.87226, 56.75476 ], [ 12.86801, 56.75079 ], [ 12.86877, 56.74942 ], [ 12.86656, 56.74655 ], [ 12.86241, 56.74751 ], [ 12.86288, 56.74876 ], [ 12.85266, 56.75123 ], [ 12.84599, 56.75335 ], [ 12.84972, 56.75706 ], [ 12.84647, 56.75966 ], [ 12.84215, 56.76016 ], [ 12.83733, 56.76528 ], [ 12.83853, 56.76551 ], [ 12.83769, 56.76644 ], [ 12.83353, 56.76462 ], [ 12.82849, 56.76311 ], [ 12.82097, 56.75681 ], [ 12.81214, 56.7506 ], [ 12.80496, 56.74209 ], [ 12.78847, 56.73477 ], [ 12.78194, 56.73317 ], [ 12.7692, 56.7233 ], [ 12.74973, 56.71379 ], [ 12.74315, 56.70722 ], [ 12.76521, 56.70454 ], [ 12.76343, 56.70299 ], [ 12.76486, 56.70236 ], [ 12.76741, 56.70292 ], [ 12.7821, 56.69742 ], [ 12.78782, 56.69434 ], [ 12.79758, 56.68806 ], [ 12.80125, 56.68518 ], [ 12.80219, 56.68595 ], [ 12.81235, 56.68702 ], [ 12.81895, 56.69183 ], [ 12.81794, 56.69212 ], [ 12.82031, 56.69439 ], [ 12.8261, 56.69265 ], [ 12.82928, 56.69226 ], [ 12.83287, 56.6893 ], [ 12.84262, 56.68843 ], [ 12.84329, 56.69018 ], [ 12.84457, 56.68997 ], [ 12.84697, 56.69186 ], [ 12.845, 56.69318 ], [ 12.8458, 56.69692 ], [ 12.8432, 56.69948 ], [ 12.84252, 56.70168 ], [ 12.85038, 56.71408 ], [ 12.8545, 56.71554 ], [ 12.86163, 56.71898 ], [ 12.87245, 56.71983 ], [ 12.88219, 56.72484 ], [ 12.88633, 56.72967 ], [ 12.88873, 56.7309 ], [ 12.89274, 56.73209 ], [ 12.89562, 56.74075 ], [ 12.89305, 56.74312 ], [ 12.90206, 56.74525 ] ] ] } },
{ "type": "Feature", "properties": { "valdistrikt_kod": "13801101", "valdistrikt_namn": "Harplinge", "valdeltagande_riksdag": 90.3, "valdeltagande_region": 89.6, "valdeltagande_kommun": 89.6, "rostberattigade_riksdag": 1248.0, "rostberattigade_region": 1254.0, "rostberattigade_kommun": 1254.0, "kommun_kod": "1380", "kommun_namn": "Halmstad", "ar": 2018 }, "geometry": { "type": "Polygon", "coordinates": [ [ [ 12.74151, 56.76974 ], [ 12.73978, 56.77134 ], [ 12.72451, 56.77401 ], [ 12.72098, 56.76991 ], [ 12.72525, 56.76869 ], [ 12.72924, 56.76676 ], [ 12.72419, 56.76378 ], [ 12.71912, 56.76367 ], [ 12.70891, 56.74833 ], [ 12.71025, 56.74737 ], [ 12.70396, 56.74667 ], [ 12.70861, 56.74305 ], [ 12.71453, 56.73941 ], [ 12.71514, 56.7387 ], [ 12.71474, 56.7386 ], [ 12.72271, 56.73447 ], [ 12.7211, 56.73013 ], [ 12.72677, 56.73011 ], [ 12.72505, 56.7254 ], [ 12.73043, 56.72493 ], [ 12.72443, 56.72027 ], [ 12.72938, 56.7189 ], [ 12.73895, 56.71808 ], [ 12.74023, 56.71727 ], [ 12.74973, 56.71379 ], [ 12.7692, 56.7233 ], [ 12.78194, 56.73317 ], [ 12.78847, 56.73477 ], [ 12.79122, 56.74357 ], [ 12.78839, 56.74848 ], [ 12.78412, 56.75156 ], [ 12.78105, 56.75487 ], [ 12.7784, 56.7561 ], [ 12.77774, 56.75841 ], [ 12.77157, 56.76297 ], [ 12.76748, 56.76536 ], [ 12.76819, 56.76648 ], [ 12.75964, 56.77248 ], [ 12.7573, 56.7728 ], [ 12.75469, 56.77096 ], [ 12.74151, 56.76974 ] ] ] } },
{ "type": "Feature", "properties": { "valdistrikt_kod": "13801102", "valdistrikt_namn": "Haverdal", "valdeltagande_riksdag": 90.7, "valdeltagande_region": 90.3, "valdeltagande_kommun": 90.8, "rostberattigade_riksdag": 1752.0, "rostberattigade_region": 1743.0, "rostberattigade_kommun": 1743.0, "kommun_kod": "1380", "kommun_namn": "Halmstad", "ar": 2018 }, "geometry": { "type": "Polygon", "coordinates": [ [ [ 12.69996, 56.77714 ], [ 12.69242, 56.77628 ], [ 12.68799, 56.77303 ], [ 12.68467, 56.77335 ], [ 12.67952, 56.76942 ], [ 12.67624, 56.77072 ], [ 12.6778, 56.77237 ], [ 12.67509, 56.77347 ], [ 12.6664, 56.77272 ], [ 12.66191, 56.7716 ], [ 12.64721, 56.76431 ], [ 12.64171, 56.7635 ], [ 12.64202, 56.76142 ], [ 12.65084, 56.76055 ], [ 12.64746, 56.75697 ], [ 12.64506, 56.75249 ], [ 12.64576, 56.75077 ], [ 12.64569, 56.74617 ], [ 12.64847, 56.7471 ], [ 12.65446, 56.74181 ], [ 12.64233, 56.73627 ], [ 12.64325, 56.73371 ], [ 12.64058, 56.73451 ], [ 12.63906, 56.73401 ], [ 12.62196, 56.72622 ], [ 12.6296, 56.70338 ], [ 12.63621, 56.69798 ], [ 12.64385, 56.70083 ], [ 12.66552, 56.70591 ], [ 12.66964, 56.70632 ], [ 12.68433, 56.69628 ], [ 12.68991, 56.69716 ], [ 12.69841, 56.69762 ], [ 12.69945, 56.69836 ], [ 12.70131, 56.69872 ], [ 12.70496, 56.70082 ], [ 12.71429, 56.70079 ], [ 12.71641, 56.70279 ], [ 12.71683, 56.70461 ], [ 12.72132, 56.70432 ], [ 12.71646, 56.70743 ], [ 12.71709, 56.71042 ], [ 12.71899, 56.71062 ], [ 12.72048, 56.71395 ], [ 12.71544, 56.71373 ], [ 12.71608, 56.71655 ], [ 12.73288, 56.71371 ], [ 12.73451, 56.71423 ], [ 12.73594, 56.71816 ], [ 12.72938, 56.7189 ], [ 12.72443, 56.72027 ], [ 12.73043, 56.72493 ], [ 12.72505, 56.7254 ], [ 12.72677, 56.73011 ], [ 12.7211, 56.73013 ], [ 12.72271, 56.73447 ], [ 12.71474, 56.7386 ], [ 12.71514, 56.7387 ], [ 12.71453, 56.73941 ], [ 12.70861, 56.74305 ], [ 12.70396, 56.74667 ], [ 12.71025, 56.74737 ], [ 12.70891, 56.74833 ], [ 12.71912, 56.76367 ], [ 12.72419, 56.76378 ], [ 12.72924, 56.76676 ], [ 12.72525, 56.76869 ], [ 12.72098, 56.76991 ], [ 12.72334, 56.77281 ], [ 12.71234, 56.77601 ], [ 12.70949, 56.77565 ], [ 12.69996, 56.77714 ] ] ] } },
{ "type": "Feature", "properties": { "valdistrikt_kod": "13801103", "valdistrikt_namn": "Gullbrandstorp", "valdeltagande_riksdag": 92.2, "valdeltagande_region": 92.2, "valdeltagande_kommun": 92.6, "rostberattigade_riksdag": 1825.0, "rostberattigade_region": 1828.0, "rostberattigade_kommun": 1828.0, "kommun_kod": "1380", "kommun_namn": "Halmstad", "ar": 2018 }, "geometry": { "type": "MultiPolygon", "coordinates": [ [ [ [ 12.68433, 56.69628 ], [ 12.66964, 56.70632 ], [ 12.66552, 56.70591 ], [ 12.64385, 56.70083 ], [ 12.63621, 56.69798 ], [ 12.65368, 56.68368 ], [ 12.68417, 56.68802 ], [ 12.69103, 56.68883 ], [ 12.69137, 56.68862 ], [ 12.69752, 56.69059 ], [ 12.69808, 56.69007 ], [ 12.70474, 56.693 ], [ 12.70344, 56.69398 ], [ 12.7102, 56.69606 ], [ 12.70994, 56.69883 ], [ 12.71387, 56.6995 ], [ 12.7139, 56.70081 ], [ 12.70496, 56.70082 ], [ 12.70131, 56.69872 ], [ 12.69945, 56.69836 ], [ 12.69841, 56.69762 ], [ 12.68991, 56.69716 ], [ 12.68433, 56.69628 ] ] ], [ [ [ 12.74973, 56.71379 ], [ 12.74023, 56.71727 ], [ 12.73895, 56.71808 ], [ 12.73719, 56.71842 ], [ 12.73586, 56.7185 ], [ 12.73451, 56.71423 ], [ 12.73288, 56.71371 ], [ 12.71608, 56.71655 ], [ 12.71544, 56.71373 ], [ 12.72048, 56.71395 ], [ 12.71899, 56.71062 ], [ 12.71709, 56.71042 ], [ 12.71646, 56.70743 ], [ 12.72697, 56.70083 ], [ 12.72758, 56.69902 ], [ 12.73956, 56.69932 ], [ 12.74116, 56.70303 ], [ 12.74603, 56.70217 ], [ 12.74636, 56.703 ], [ 12.7457, 56.70516 ], [ 12.74301, 56.70697 ], [ 12.74973, 56.71379 ] ] ] ] } },
{ "type": "Feature", "properties": { "valdistrikt_kod": "13801201", "valdistrikt_namn": "Steninge - Rävinge", "valdeltagande_riksdag": 89.9, "valdeltagande_region": 88.9, "valdeltagande_kommun": 89.3, "rostberattigade_riksdag": 1211.0, "rostberattigade_region": 1212.0, "rostberattigade_kommun": 1212.0, "kommun_kod": "1380", "kommun_namn": "Halmstad", "ar": 2018 }, "geometry": { "type": "Polygon", "coordinates": [ [ [ 12.68257, 56.81685 ], [ 12.68098, 56.81563 ], [ 12.6825, 56.81349 ], [ 12.68002, 56.81306 ], [ 12.68044, 56.81364 ], [ 12.67764, 56.81487 ], [ 12.67363, 56.81533 ], [ 12.66592, 56.81471 ], [ 12.66321, 56.81332 ], [ 12.65978, 56.81102 ], [ 12.65242, 56.80081 ], [ 12.64985, 56.80301 ], [ 12.65197, 56.80461 ], [ 12.64993, 56.80538 ], [ 12.64865, 56.80639 ], [ 12.64542, 56.80557 ], [ 12.64204, 56.80243 ], [ 12.63672, 56.80325 ], [ 12.62986, 56.80311 ], [ 12.63176, 56.79782 ], [ 12.63608, 56.7985 ], [ 12.63694, 56.79467 ], [ 12.64311, 56.79447 ], [ 12.63163, 56.78469 ], [ 12.62655, 56.78539 ], [ 12.62133, 56.78291 ], [ 12.62115, 56.78224 ], [ 12.6205, 56.78224 ], [ 12.61469, 56.77805 ], [ 12.61178, 56.77726 ], [ 12.60504, 56.77748 ], [ 12.62196, 56.72622 ], [ 12.63906, 56.73401 ], [ 12.64058, 56.73451 ], [ 12.64325, 56.73371 ], [ 12.64233, 56.73627 ], [ 12.65446, 56.74181 ], [ 12.64847, 56.7471 ], [ 12.64569, 56.74617 ], [ 12.64576, 56.75077 ], [ 12.64506, 56.75249 ], [ 12.64746, 56.75697 ], [ 12.65084, 56.76055 ], [ 12.64202, 56.76142 ], [ 12.64171, 56.7635 ], [ 12.64721, 56.76431 ], [ 12.66191, 56.7716 ], [ 12.6664, 56.77272 ], [ 12.67509, 56.77347 ], [ 12.6778, 56.77237 ], [ 12.67624, 56.77072 ], [ 12.67952, 56.76942 ], [ 12.68467, 56.77335 ], [ 12.68799, 56.77303 ], [ 12.69242, 56.77628 ], [ 12.69996, 56.77714 ], [ 12.70949, 56.77565 ], [ 12.71234, 56.77601 ], [ 12.72334, 56.77281 ], [ 12.72583, 56.77602 ], [ 12.72888, 56.77706 ], [ 12.73174, 56.7773 ], [ 12.73806, 56.77508 ], [ 12.74303, 56.77136 ], [ 12.75381, 56.77459 ], [ 12.75775, 56.77428 ], [ 12.76013, 56.77446 ], [ 12.76114, 56.77589 ], [ 12.76718, 56.7759 ], [ 12.76924, 56.77542 ], [ 12.77551, 56.77687 ], [ 12.78066, 56.77704 ], [ 12.78403, 56.77603 ], [ 12.78936, 56.78136 ], [ 12.78844, 56.78247 ], [ 12.78674, 56.78245 ], [ 12.78383, 56.78152 ], [ 12.77817, 56.78261 ], [ 12.77707, 56.78512 ], [ 12.77842, 56.78687 ], [ 12.77935, 56.78955 ], [ 12.77099, 56.79132 ], [ 12.76741, 56.79836 ], [ 12.76501, 56.79723 ], [ 12.76034, 56.79687 ], [ 12.75682, 56.79783 ], [ 12.75693, 56.79972 ], [ 12.75247, 56.8042 ], [ 12.75124, 56.80388 ], [ 12.74818, 56.80433 ], [ 12.7322, 56.8073 ], [ 12.72942, 56.80812 ], [ 12.72864, 56.808 ], [ 12.72155, 56.81093 ], [ 12.71949, 56.80912 ], [ 12.71481, 56.81008 ], [ 12.71142, 56.81276 ], [ 12.70487, 56.81298 ], [ 12.69769, 56.81169 ], [ 12.69073, 56.81184 ], [ 12.68257, 56.81685 ] ] ] } },
{ "type": "Feature", "properties": { "valdistrikt_kod": "13801401", "valdistrikt_namn": "Getinge", "valdeltagande_riksdag": 87.7, "valdeltagande_region": 85.3, "valdeltagande_kommun": 85.3, "rostberattigade_riksdag": 1635.0, "rostberattigade_region": 1695.0, "rostberattigade_kommun": 1695.0, "kommun_kod": "1380", "kommun_namn": "Halmstad", "ar": 2018 }, "geometry": { "type": "Polygon", "coordinates": [ [ [ 12.84164, 56.85579 ], [ 12.8318, 56.8539 ], [ 12.82734, 56.85389 ], [ 12.8195, 56.85316 ], [ 12.81894, 56.8528 ], [ 12.81723, 56.85308 ], [ 12.81319, 56.85287 ], [ 12.80693, 56.85543 ], [ 12.7869, 56.856 ], [ 12.77656, 56.85589 ], [ 12.77451, 56.8553 ], [ 12.77192, 56.85658 ], [ 12.77095, 56.85569 ], [ 12.75832, 56.86026 ], [ 12.75311, 56.85812 ], [ 12.7533, 56.85766 ], [ 12.75103, 56.85579 ], [ 12.74972, 56.85556 ], [ 12.75041, 56.85459 ], [ 12.74757, 56.85395 ], [ 12.74769, 56.85368 ], [ 12.74942, 56.85356 ], [ 12.74649, 56.85272 ], [ 12.74653, 56.85152 ], [ 12.74447, 56.85094 ], [ 12.74323, 56.85155 ], [ 12.74233, 56.85083 ], [ 12.74322, 56.84817 ], [ 12.74421, 56.84787 ], [ 12.74319, 56.84736 ], [ 12.74437, 56.84643 ], [ 12.74356, 56.84505 ], [ 12.74087, 56.84452 ], [ 12.74078, 56.84513 ], [ 12.74029, 56.84505 ], [ 12.74108, 56.84353 ], [ 12.74007, 56.84357 ], [ 12.73916, 56.84538 ], [ 12.73835, 56.84513 ], [ 12.73835, 56.84458 ], [ 12.73603, 56.84458 ], [ 12.73492, 56.84531 ], [ 12.73223, 56.84556 ], [ 12.73165, 56.84662 ], [ 12.73095, 56.84669 ], [ 12.7305, 56.84456 ], [ 12.72875, 56.84461 ], [ 12.72621, 56.84314 ], [ 12.72706, 56.84197 ], [ 12.72687, 56.84129 ], [ 12.7254, 56.84104 ], [ 12.72258, 56.83979 ], [ 12.72052, 56.83756 ], [ 12.71685, 56.83761 ], [ 12.7182, 56.8369 ], [ 12.72015, 56.83394 ], [ 12.71856, 56.83174 ], [ 12.71518, 56.8321 ], [ 12.71187, 56.83385 ], [ 12.70334, 56.82938 ], [ 12.69546, 56.82717 ], [ 12.69441, 56.8262 ], [ 12.69482, 56.82504 ], [ 12.69439, 56.82447 ], [ 12.69197, 56.82358 ], [ 12.6912, 56.82367 ], [ 12.68798, 56.82151 ], [ 12.68426, 56.82066 ], [ 12.68607, 56.81948 ], [ 12.68412, 56.81778 ], [ 12.68335, 56.81785 ], [ 12.68257, 56.81685 ], [ 12.69073, 56.81184 ], [ 12.69769, 56.81169 ], [ 12.70487, 56.81298 ], [ 12.71142, 56.81276 ], [ 12.71481, 56.81008 ], [ 12.71949, 56.80912 ], [ 12.72155, 56.81093 ], [ 12.72864, 56.808 ], [ 12.72942, 56.80812 ], [ 12.7322, 56.8073 ], [ 12.74818, 56.80433 ], [ 12.75124, 56.80388 ], [ 12.75247, 56.8042 ], [ 12.75693, 56.79972 ], [ 12.75682, 56.79783 ], [ 12.76034, 56.79687 ], [ 12.76501, 56.79723 ], [ 12.76741, 56.79836 ], [ 12.77099, 56.79132 ], [ 12.77935, 56.78955 ], [ 12.77842, 56.78687 ], [ 12.77707, 56.78512 ], [ 12.77817, 56.78261 ], [ 12.78158, 56.78187 ], [ 12.78879, 56.78987 ], [ 12.78591, 56.79205 ], [ 12.79115, 56.79349 ], [ 12.80268, 56.80483 ], [ 12.8051, 56.80459 ], [ 12.80759, 56.81058 ], [ 12.81086, 56.81308 ], [ 12.81331, 56.81756 ], [ 12.81584, 56.81831 ], [ 12.81961, 56.81867 ], [ 12.82448, 56.82248 ], [ 12.82672, 56.82321 ], [ 12.83481, 56.83057 ], [ 12.83565, 56.83359 ], [ 12.83695, 56.83495 ], [ 12.83336, 56.8375 ], [ 12.83592, 56.84252 ], [ 12.83587, 56.84661 ], [ 12.84164, 56.85579 ] ] ] } },
{ "type": "Feature", "properties": { "valdistrikt_kod": "13801701", "valdistrikt_namn": "Kvibille - Slättåkra", "valdeltagande_riksdag": 90.1, "valdeltagande_region": 88.4, "valdeltagande_kommun": 89.1, "rostberattigade_riksdag": 1583.0, "rostberattigade_region": 1617.0, "rostberattigade_kommun": 1617.0, "kommun_kod": "1380", "kommun_namn": "Halmstad", "ar": 2018 }, "geometry": { "type": "Polygon", "coordinates": [ [ [ 13.03171, 56.8513 ], [ 13.03086, 56.85163 ], [ 13.03252, 56.85375 ], [ 13.02481, 56.85679 ], [ 13.01544, 56.86126 ], [ 13.00108, 56.86533 ], [ 12.99879, 56.87269 ], [ 13.00138, 56.87507 ], [ 13.00008, 56.88 ], [ 13.00033, 56.88554 ], [ 12.9997, 56.88784 ], [ 13.00408, 56.88791 ], [ 13.00739, 56.89538 ], [ 13.00551, 56.89599 ], [ 13.00619, 56.8962 ], [ 13.00667, 56.89839 ], [ 12.99992, 56.89847 ], [ 13.00081, 56.89947 ], [ 13.00177, 56.90473 ], [ 13.00276, 56.90519 ], [ 13.00332, 56.90643 ], [ 13.00345, 56.90911 ], [ 13.00553, 56.91189 ], [ 13.00514, 56.91295 ], [ 13.00446, 56.91289 ], [ 13.00371, 56.91349 ], [ 13.0029, 56.91549 ], [ 13.00027, 56.91581 ], [ 12.99967, 56.91653 ], [ 12.99855, 56.91671 ], [ 12.99838, 56.91737 ], [ 12.99639, 56.91777 ], [ 12.99527, 56.91773 ], [ 12.99212, 56.91547 ], [ 12.99001, 56.91618 ], [ 12.98595, 56.9155 ], [ 12.98452, 56.91609 ], [ 12.98201, 56.91602 ], [ 12.97582, 56.91826 ], [ 12.97517, 56.92101 ], [ 12.97269, 56.92384 ], [ 12.96653, 56.92343 ], [ 12.96126, 56.92374 ], [ 12.96087, 56.92309 ], [ 12.95197, 56.92285 ], [ 12.9498, 56.92129 ], [ 12.94865, 56.91975 ], [ 12.94405, 56.92127 ], [ 12.94212, 56.92231 ], [ 12.94285, 56.92686 ], [ 12.94212, 56.92896 ], [ 12.9399, 56.93087 ], [ 12.93864, 56.93352 ], [ 12.9402, 56.93317 ], [ 12.93571, 56.93519 ], [ 12.93658, 56.93806 ], [ 12.93535, 56.9436 ], [ 12.93352, 56.94441 ], [ 12.93276, 56.94429 ], [ 12.93007, 56.94251 ], [ 12.92467, 56.94186 ], [ 12.92444, 56.94117 ], [ 12.92301, 56.94073 ], [ 12.92107, 56.9413 ], [ 12.9196, 56.94104 ], [ 12.91298, 56.943 ], [ 12.91276, 56.94337 ], [ 12.91173, 56.9433 ], [ 12.91061, 56.94232 ], [ 12.90823, 56.9417 ], [ 12.9074, 56.93988 ], [ 12.90637, 56.94002 ], [ 12.90492, 56.9388 ], [ 12.90395, 56.93872 ], [ 12.9017, 56.93658 ], [ 12.89991, 56.93643 ], [ 12.90035, 56.93481 ], [ 12.89901, 56.93536 ], [ 12.89826, 56.93498 ], [ 12.89862, 56.93452 ], [ 12.89736, 56.93431 ], [ 12.8958, 56.93586 ], [ 12.89512, 56.93579 ], [ 12.89526, 56.93365 ], [ 12.89348, 56.93241 ], [ 12.89343, 56.9319 ], [ 12.89218, 56.93226 ], [ 12.89192, 56.93205 ], [ 12.89223, 56.92925 ], [ 12.89347, 56.92919 ], [ 12.89431, 56.92846 ], [ 12.89267, 56.92743 ], [ 12.89379, 56.92508 ], [ 12.89252, 56.92427 ], [ 12.89009, 56.92133 ], [ 12.89062, 56.9205 ], [ 12.88864, 56.91871 ], [ 12.88635, 56.91819 ], [ 12.88588, 56.91641 ], [ 12.87944, 56.91427 ], [ 12.88014, 56.91295 ], [ 12.87877, 56.91154 ], [ 12.87885, 56.91062 ], [ 12.87102, 56.90386 ], [ 12.87324, 56.89465 ], [ 12.87082, 56.89482 ], [ 12.86718, 56.89212 ], [ 12.86632, 56.88852 ], [ 12.86819, 56.88462 ], [ 12.87139, 56.88334 ], [ 12.87356, 56.88063 ], [ 12.87277, 56.87837 ], [ 12.87335, 56.87737 ], [ 12.87173, 56.87636 ], [ 12.87189, 56.87394 ], [ 12.86502, 56.87713 ], [ 12.86225, 56.87639 ], [ 12.86013, 56.87395 ], [ 12.8529, 56.87301 ], [ 12.85314, 56.87257 ], [ 12.85219, 56.87244 ], [ 12.8489, 56.87595 ], [ 12.83769, 56.87245 ], [ 12.84246, 56.87152 ], [ 12.84922, 56.87249 ], [ 12.84908, 56.87197 ], [ 12.84746, 56.87148 ], [ 12.85066, 56.87173 ], [ 12.85094, 56.86946 ], [ 12.84215, 56.87027 ], [ 12.82769, 56.87259 ], [ 12.80186, 56.86373 ], [ 12.78214, 56.86037 ], [ 12.78234, 56.85809 ], [ 12.7834, 56.85821 ], [ 12.78323, 56.85854 ], [ 12.78418, 56.85877 ], [ 12.78494, 56.8584 ], [ 12.81066, 56.86165 ], [ 12.82344, 56.86568 ], [ 12.84073, 56.86733 ], [ 12.8474, 56.86501 ], [ 12.84525, 56.8633 ], [ 12.85056, 56.8622 ], [ 12.84944, 56.861 ], [ 12.84443, 56.85819 ], [ 12.84164, 56.85579 ], [ 12.83587, 56.84661 ], [ 12.83592, 56.84252 ], [ 12.83336, 56.8375 ], [ 12.83695, 56.83495 ], [ 12.83565, 56.83359 ], [ 12.83447, 56.8302 ], [ 12.83018, 56.82678 ], [ 12.82672, 56.82321 ], [ 12.82448, 56.82248 ], [ 12.81961, 56.81867 ], [ 12.81584, 56.81831 ], [ 12.81331, 56.81756 ], [ 12.81086, 56.81308 ], [ 12.80759, 56.81058 ], [ 12.8051, 56.80459 ], [ 12.80268, 56.80483 ], [ 12.79115, 56.79349 ], [ 12.78591, 56.79205 ], [ 12.78879, 56.78987 ], [ 12.78158, 56.78187 ], [ 12.78383, 56.78152 ], [ 12.78674, 56.78245 ], [ 12.78844, 56.78247 ], [ 12.78936, 56.78136 ], [ 12.78403, 56.77603 ], [ 12.78066, 56.77704 ], [ 12.77551, 56.77687 ], [ 12.76924, 56.77542 ], [ 12.76718, 56.7759 ], [ 12.76114, 56.77589 ], [ 12.76013, 56.77446 ], [ 12.75775, 56.77428 ], [ 12.75381, 56.77459 ], [ 12.74303, 56.77136 ], [ 12.73806, 56.77508 ], [ 12.73174, 56.7773 ], [ 12.72888, 56.77706 ], [ 12.72583, 56.77602 ], [ 12.72451, 56.77401 ], [ 12.73978, 56.77134 ], [ 12.74151, 56.76974 ], [ 12.75469, 56.77096 ], [ 12.7573, 56.7728 ], [ 12.75964, 56.77248 ], [ 12.76819, 56.76648 ], [ 12.76748, 56.76536 ], [ 12.77157, 56.76297 ], [ 12.77774, 56.75841 ], [ 12.7784, 56.7561 ], [ 12.78105, 56.75487 ], [ 12.78412, 56.75156 ], [ 12.78839, 56.74848 ], [ 12.79122, 56.74357 ], [ 12.78847, 56.73477 ], [ 12.80496, 56.74209 ], [ 12.81214, 56.7506 ], [ 12.82097, 56.75681 ], [ 12.82849, 56.76311 ], [ 12.83353, 56.76462 ], [ 12.83769, 56.76644 ], [ 12.83853, 56.76551 ], [ 12.83733, 56.76528 ], [ 12.84215, 56.76016 ], [ 12.84647, 56.75966 ], [ 12.84972, 56.75706 ], [ 12.84599, 56.75335 ], [ 12.85266, 56.75123 ], [ 12.86288, 56.74876 ], [ 12.86241, 56.74751 ], [ 12.86656, 56.74655 ], [ 12.86877, 56.74942 ], [ 12.86801, 56.75079 ], [ 12.87226, 56.75476 ], [ 12.87264, 56.75577 ], [ 12.87036, 56.75709 ], [ 12.8695, 56.75826 ], [ 12.88015, 56.762 ], [ 12.87999, 56.76324 ], [ 12.90101, 56.76645 ], [ 12.90436, 56.77572 ], [ 12.90066, 56.77476 ], [ 12.90088, 56.77766 ], [ 12.90468, 56.77963 ], [ 12.90544, 56.78237 ], [ 12.91002, 56.78649 ], [ 12.91034, 56.7899 ], [ 12.91179, 56.79129 ], [ 12.91165, 56.79533 ], [ 12.9143, 56.79792 ], [ 12.91706, 56.79961 ], [ 12.9175, 56.80063 ], [ 12.92099, 56.80352 ], [ 12.9209, 56.80458 ], [ 12.92005, 56.80542 ], [ 12.92182, 56.80833 ], [ 12.92037, 56.80935 ], [ 12.92118, 56.81259 ], [ 12.92283, 56.81474 ], [ 12.92365, 56.81503 ], [ 12.928, 56.81432 ], [ 12.93051, 56.81448 ], [ 12.93267, 56.81367 ], [ 12.93526, 56.81139 ], [ 12.9393, 56.81026 ], [ 12.94474, 56.80751 ], [ 12.95321, 56.80554 ], [ 12.95929, 56.8223 ], [ 12.95958, 56.82448 ], [ 12.97493, 56.82402 ], [ 12.97158, 56.82792 ], [ 12.97275, 56.83054 ], [ 12.97248, 56.8313 ], [ 12.97901, 56.83189 ], [ 12.98016, 56.83317 ], [ 12.98155, 56.83365 ], [ 12.98096, 56.83464 ], [ 12.98221, 56.83619 ], [ 12.98897, 56.83716 ], [ 12.99019, 56.83788 ], [ 12.99475, 56.83867 ], [ 12.99928, 56.8402 ], [ 13.00308, 56.83989 ], [ 13.00488, 56.84062 ], [ 13.00794, 56.84106 ], [ 13.01035, 56.84056 ], [ 13.01127, 56.84164 ], [ 13.02668, 56.84767 ], [ 13.03171, 56.8513 ] ] ] } },
{ "type": "Feature", "properties": { "valdistrikt_kod": "13801901", "valdistrikt_namn": "Enslöv", "valdeltagande_riksdag": 92.0, "valdeltagande_region": 89.5, "valdeltagande_kommun": 89.8, "rostberattigade_riksdag": 1594.0, "rostberattigade_region": 1627.0, "rostberattigade_kommun": 1627.0, "kommun_kod": "1380", "kommun_namn": "Halmstad", "ar": 2018 }, "geometry": { "type": "Polygon", "coordinates": [ [ [ 12.92554, 56.8146 ], [ 12.92365, 56.81503 ], [ 12.923, 56.81484 ], [ 12.92118, 56.81259 ], [ 12.92037, 56.80935 ], [ 12.92182, 56.80799 ], [ 12.92005, 56.80542 ], [ 12.92103, 56.80364 ], [ 12.91764, 56.80065 ], [ 12.92836, 56.79762 ], [ 12.92172, 56.77962 ], [ 12.91712, 56.77796 ], [ 12.91263, 56.75516 ], [ 12.91327, 56.75385 ], [ 12.91503, 56.75305 ], [ 12.91579, 56.75182 ], [ 12.90756, 56.74707 ], [ 12.90206, 56.74525 ], [ 12.9152, 56.73573 ], [ 12.92759, 56.72979 ], [ 12.94006, 56.7353 ], [ 12.94271, 56.73446 ], [ 12.94329, 56.73532 ], [ 12.94816, 56.73443 ], [ 12.94414, 56.733 ], [ 12.94204, 56.73106 ], [ 12.94162, 56.72875 ], [ 12.93832, 56.72792 ], [ 12.93709, 56.72624 ], [ 12.93722, 56.72137 ], [ 12.94061, 56.71743 ], [ 12.93757, 56.71091 ], [ 12.935, 56.70931 ], [ 12.93284, 56.70651 ], [ 12.93329, 56.70324 ], [ 12.92902, 56.69948 ], [ 12.93773, 56.69413 ], [ 12.9557, 56.70154 ], [ 12.95546, 56.70295 ], [ 12.95824, 56.70393 ], [ 12.96047, 56.70258 ], [ 12.96827, 56.70595 ], [ 12.97034, 56.70638 ], [ 12.97248, 56.70769 ], [ 13.03801, 56.7307 ], [ 13.04023, 56.72717 ], [ 13.04625, 56.72301 ], [ 13.04666, 56.71775 ], [ 13.05521, 56.71672 ], [ 13.08263, 56.72774 ], [ 13.1015, 56.73174 ], [ 13.10556, 56.73936 ], [ 13.10285, 56.74298 ], [ 13.10537, 56.7443 ], [ 13.10459, 56.74609 ], [ 13.11485, 56.75073 ], [ 13.11758, 56.75364 ], [ 13.12728, 56.7574 ], [ 13.12974, 56.76042 ], [ 13.12876, 56.76244 ], [ 13.12812, 56.76711 ], [ 13.13226, 56.77218 ], [ 13.13274, 56.77464 ], [ 13.13541, 56.77601 ], [ 13.13562, 56.78047 ], [ 13.13776, 56.78238 ], [ 13.13851, 56.78414 ], [ 13.1365, 56.78473 ], [ 13.13617, 56.78566 ], [ 13.13198, 56.78901 ], [ 13.12097, 56.79282 ], [ 13.11551, 56.79362 ], [ 13.11265, 56.79283 ], [ 13.09418, 56.78134 ], [ 13.06869, 56.7862 ], [ 13.04322, 56.78209 ], [ 13.04021, 56.78562 ], [ 13.0375, 56.78552 ], [ 13.03478, 56.78656 ], [ 13.03317, 56.78947 ], [ 13.03387, 56.79486 ], [ 13.03102, 56.79801 ], [ 13.02672, 56.79988 ], [ 13.02242, 56.79938 ], [ 13.01801, 56.79806 ], [ 13.01437, 56.7977 ], [ 13.0137, 56.79609 ], [ 13.01391, 56.79426 ], [ 13.01261, 56.79277 ], [ 13.01013, 56.79192 ], [ 13.00949, 56.79048 ], [ 13.0061, 56.78875 ], [ 13.00773, 56.78643 ], [ 13.00547, 56.78448 ], [ 13.00164, 56.78351 ], [ 12.9994, 56.78198 ], [ 12.99767, 56.78262 ], [ 12.99606, 56.78221 ], [ 12.99605, 56.78102 ], [ 12.99466, 56.78126 ], [ 12.99544, 56.78063 ], [ 12.9952, 56.78014 ], [ 12.99464, 56.7802 ], [ 12.99498, 56.78 ], [ 12.99373, 56.77954 ], [ 12.99501, 56.77829 ], [ 12.99384, 56.77801 ], [ 12.99422, 56.77745 ], [ 12.99345, 56.77705 ], [ 12.99393, 56.77658 ], [ 12.99349, 56.7754 ], [ 12.99054, 56.77398 ], [ 12.99002, 56.7731 ], [ 12.98949, 56.77317 ], [ 12.98857, 56.77228 ], [ 12.99116, 56.76807 ], [ 12.98767, 56.76758 ], [ 12.98518, 56.77075 ], [ 12.98266, 56.77062 ], [ 12.98448, 56.76827 ], [ 12.98155, 56.76802 ], [ 12.98235, 56.76683 ], [ 12.98429, 56.7673 ], [ 12.98402, 56.76587 ], [ 12.9835, 56.7657 ], [ 12.98448, 56.76491 ], [ 12.98121, 56.76424 ], [ 12.98097, 56.7616 ], [ 12.98052, 56.76195 ], [ 12.9788, 56.76142 ], [ 12.97815, 56.76176 ], [ 12.97796, 56.76129 ], [ 12.9769, 56.76171 ], [ 12.97604, 56.76138 ], [ 12.97583, 56.76216 ], [ 12.97435, 56.76204 ], [ 12.97408, 56.7626 ], [ 12.97336, 56.76269 ], [ 12.9739, 56.76438 ], [ 12.97631, 56.76742 ], [ 12.97366, 56.77188 ], [ 12.97434, 56.77297 ], [ 12.9773, 56.77531 ], [ 12.97774, 56.77795 ], [ 12.97487, 56.77971 ], [ 12.97462, 56.78051 ], [ 12.9757, 56.78214 ], [ 12.97546, 56.78384 ], [ 12.97605, 56.7845 ], [ 12.97432, 56.78611 ], [ 12.97154, 56.79045 ], [ 12.97051, 56.79143 ], [ 12.95046, 56.79323 ], [ 12.95206, 56.80232 ], [ 12.95321, 56.80554 ], [ 12.94474, 56.80751 ], [ 12.9393, 56.81026 ], [ 12.93526, 56.81139 ], [ 12.93267, 56.81367 ], [ 12.93056, 56.81446 ], [ 12.92554, 56.8146 ] ] ] } },
{ "type": "Feature", "properties": { "valdistrikt_kod": "13801902", "valdistrikt_namn": "Sennan - Skavböke", "valdeltagande_riksdag": 89.1, "valdeltagande_region": 86.1, "valdeltagande_kommun": 86.5, "rostberattigade_riksdag": 667.0, "rostberattigade_region": 696.0, "rostberattigade_kommun": 696.0, "kommun_kod": "1380", "kommun_namn": "Halmstad", "ar": 2018 }, "geometry": { "type": "Polygon", "coordinates": [ [ [ 13.15088, 56.88842 ], [ 13.1464, 56.88885 ], [ 13.13716, 56.89213 ], [ 13.13063, 56.89133 ], [ 13.12575, 56.88989 ], [ 13.12189, 56.88795 ], [ 13.11814, 56.88439 ], [ 13.12064, 56.88031 ], [ 13.11736, 56.87893 ], [ 13.11694, 56.87773 ], [ 13.11827, 56.87539 ], [ 13.11705, 56.87458 ], [ 13.11805, 56.87378 ], [ 13.11607, 56.87092 ], [ 13.11499, 56.87087 ], [ 13.11553, 56.87019 ], [ 13.11474, 56.87012 ], [ 13.1163, 56.86934 ], [ 13.11634, 56.86792 ], [ 13.1127, 56.86769 ], [ 13.10635, 56.86537 ], [ 13.10364, 56.86484 ], [ 13.09782, 56.86765 ], [ 13.09607, 56.86797 ], [ 13.08765, 56.86588 ], [ 13.08338, 56.86354 ], [ 13.07613, 56.85813 ], [ 13.07436, 56.85098 ], [ 13.07178, 56.84777 ], [ 13.06743, 56.84419 ], [ 13.06326, 56.8438 ], [ 13.05576, 56.8424 ], [ 13.05373, 56.84168 ], [ 13.05143, 56.84251 ], [ 13.0485, 56.84248 ], [ 13.04635, 56.84155 ], [ 13.04485, 56.84158 ], [ 13.04386, 56.84104 ], [ 13.04314, 56.84109 ], [ 13.04223, 56.84188 ], [ 13.0395, 56.84286 ], [ 13.03454, 56.84351 ], [ 13.03357, 56.84586 ], [ 13.03496, 56.84663 ], [ 13.03591, 56.84993 ], [ 13.03536, 56.85068 ], [ 13.03171, 56.8513 ], [ 13.02668, 56.84767 ], [ 13.01127, 56.84164 ], [ 13.01035, 56.84056 ], [ 13.00794, 56.84106 ], [ 13.00488, 56.84062 ], [ 13.00308, 56.83989 ], [ 12.99928, 56.8402 ], [ 12.99475, 56.83867 ], [ 12.99019, 56.83788 ], [ 12.98897, 56.83716 ], [ 12.98221, 56.83619 ], [ 12.98096, 56.83464 ], [ 12.98155, 56.83365 ], [ 12.98016, 56.83317 ], [ 12.97901, 56.83189 ], [ 12.97257, 56.83141 ], [ 12.97275, 56.83054 ], [ 12.97158, 56.82792 ], [ 12.97271, 56.82621 ], [ 12.97443, 56.82505 ], [ 12.97494, 56.82376 ], [ 12.97355, 56.82176 ], [ 12.97263, 56.81616 ], [ 12.99169, 56.81304 ], [ 13.01074, 56.80038 ], [ 12.99928, 56.79695 ], [ 12.98775, 56.78937 ], [ 12.97653, 56.78486 ], [ 12.97553, 56.78401 ], [ 12.9757, 56.78214 ], [ 12.97462, 56.78051 ], [ 12.97487, 56.77971 ], [ 12.97774, 56.77795 ], [ 12.9773, 56.77531 ], [ 12.97434, 56.77297 ], [ 12.97366, 56.77188 ], [ 12.97631, 56.76742 ], [ 12.97381, 56.76418 ], [ 12.97336, 56.76269 ], [ 12.97408, 56.7626 ], [ 12.97435, 56.76204 ], [ 12.97583, 56.76216 ], [ 12.97604, 56.76138 ], [ 12.9769, 56.76171 ], [ 12.97796, 56.76129 ], [ 12.97815, 56.76176 ], [ 12.9788, 56.76142 ], [ 12.98052, 56.76195 ], [ 12.98097, 56.7616 ], [ 12.98121, 56.76424 ], [ 12.98448, 56.76491 ], [ 12.9835, 56.7657 ], [ 12.98402, 56.76587 ], [ 12.98429, 56.7673 ], [ 12.98235, 56.76683 ], [ 12.98155, 56.76802 ], [ 12.98448, 56.76827 ], [ 12.98266, 56.77062 ], [ 12.98518, 56.77075 ], [ 12.98767, 56.76758 ], [ 12.99116, 56.76807 ], [ 12.98857, 56.77228 ], [ 12.98949, 56.77317 ], [ 12.99002, 56.7731 ], [ 12.99054, 56.77398 ], [ 12.99349, 56.7754 ], [ 12.99393, 56.77658 ], [ 12.99345, 56.77705 ], [ 12.99422, 56.77745 ], [ 12.99384, 56.77801 ], [ 12.99501, 56.77829 ], [ 12.99373, 56.77954 ], [ 12.99498, 56.78 ], [ 12.99464, 56.7802 ], [ 12.9952, 56.78014 ], [ 12.99544, 56.78063 ], [ 12.99466, 56.78126 ], [ 12.99605, 56.78102 ], [ 12.99606, 56.78221 ], [ 12.99767, 56.78262 ], [ 12.9994, 56.78198 ], [ 13.00164, 56.78351 ], [ 13.00547, 56.78448 ], [ 13.00773, 56.78643 ], [ 13.0061, 56.78875 ], [ 13.00949, 56.79048 ], [ 13.01013, 56.79192 ], [ 13.01261, 56.79277 ], [ 13.01391, 56.79426 ], [ 13.0137, 56.79609 ], [ 13.01437, 56.7977 ], [ 13.01801, 56.79806 ], [ 13.02242, 56.79938 ], [ 13.02672, 56.79988 ], [ 13.03102, 56.79801 ], [ 13.03387, 56.79486 ], [ 13.03317, 56.78947 ], [ 13.03478, 56.78656 ], [ 13.0375, 56.78552 ], [ 13.04021, 56.78562 ], [ 13.04322, 56.78209 ], [ 13.06869, 56.7862 ], [ 13.09418, 56.78134 ], [ 13.11265, 56.79283 ], [ 13.11551, 56.79362 ], [ 13.12097, 56.79282 ], [ 13.13198, 56.78901 ], [ 13.13617, 56.78566 ], [ 13.13691, 56.78443 ], [ 13.13955, 56.7841 ], [ 13.1408, 56.78543 ], [ 13.14511, 56.78746 ], [ 13.14575, 56.78862 ], [ 13.14751, 56.78995 ], [ 13.15075, 56.79139 ], [ 13.15856, 56.7988 ], [ 13.15233, 56.80615 ], [ 13.14797, 56.8103 ], [ 13.15681, 56.81431 ], [ 13.1606, 56.81395 ], [ 13.16806, 56.81618 ], [ 13.17089, 56.81749 ], [ 13.17394, 56.81742 ], [ 13.17751, 56.81855 ], [ 13.18142, 56.81888 ], [ 13.18205, 56.8209 ], [ 13.18435, 56.82291 ], [ 13.18509, 56.82449 ], [ 13.18156, 56.82534 ], [ 13.18073, 56.82605 ], [ 13.16306, 56.8272 ], [ 13.16034, 56.8309 ], [ 13.15608, 56.83982 ], [ 13.16078, 56.84729 ], [ 13.16309, 56.84922 ], [ 13.16173, 56.8499 ], [ 13.16619, 56.8556 ], [ 13.17873, 56.87439 ], [ 13.17523, 56.87598 ], [ 13.17681, 56.87778 ], [ 13.17198, 56.88083 ], [ 13.16391, 56.88307 ], [ 13.15587, 56.8835 ], [ 13.15409, 56.88277 ], [ 13.15036, 56.88647 ], [ 13.15088, 56.88842 ] ] ] } },
{ "type": "Feature", "properties": { "valdistrikt_kod": "13810101", "valdistrikt_namn": "Laholm Centrum", "valdeltagande_riksdag": 80.7, "valdeltagande_region": 80.1, "valdeltagande_kommun": 81.3, "rostberattigade_riksdag": 1882.0, "rostberattigade_region": 1930.0, "rostberattigade_kommun": 1930.0, "kommun_kod": "1381", "kommun_namn": "Laholm", "ar": 2018 }, "geometry": { "type": "Polygon", "coordinates": [ [ [ 13.06437, 56.51018 ], [ 13.06183, 56.51199 ], [ 13.05898, 56.51299 ], [ 13.05781, 56.51451 ], [ 13.05468, 56.51508 ], [ 13.05327, 56.51587 ], [ 13.0492, 56.51453 ], [ 13.04897, 56.51506 ], [ 13.0406, 56.51471 ], [ 13.03883, 56.51429 ], [ 13.03799, 56.51347 ], [ 13.03776, 56.51096 ], [ 13.03651, 56.50775 ], [ 13.03865, 56.50635 ], [ 13.04271, 56.50554 ], [ 13.04588, 56.50919 ], [ 13.04688, 56.50893 ], [ 13.04933, 56.50748 ], [ 13.04871, 56.5033 ], [ 13.05114, 56.50319 ], [ 13.05556, 56.50539 ], [ 13.05861, 56.50773 ], [ 13.06437, 56.51018 ] ] ] } },
{ "type": "Feature", "properties": { "valdistrikt_kod": "13810102", "valdistrikt_namn": "Laholm Ö", "valdeltagande_riksdag": 82.7, "valdeltagande_region": 77.2, "valdeltagande_kommun": 78.0, "rostberattigade_riksdag": 1724.0, "rostberattigade_region": 1890.0, "rostberattigade_kommun": 1890.0, "kommun_kod": "1381", "kommun_namn": "Laholm", "ar": 2018 }, "geometry": { "type": "Polygon", "coordinates": [ [ [ 13.07378, 56.49308 ], [ 13.07111, 56.49392 ], [ 13.06892, 56.49602 ], [ 13.06976, 56.49779 ], [ 13.06876, 56.4992 ], [ 13.07088, 56.50077 ], [ 13.072, 56.50369 ], [ 13.07326, 56.50524 ], [ 13.07221, 56.50673 ], [ 13.06887, 56.50882 ], [ 13.06642, 56.50956 ], [ 13.06579, 56.50924 ], [ 13.06437, 56.51018 ], [ 13.05861, 56.50773 ], [ 13.05556, 56.50539 ], [ 13.05114, 56.50319 ], [ 13.04871, 56.5033 ], [ 13.04933, 56.50748 ], [ 13.04688, 56.50893 ], [ 13.04588, 56.50919 ], [ 13.04271, 56.50554 ], [ 13.03865, 56.50635 ], [ 13.03651, 56.50775 ], [ 13.03371, 56.50397 ], [ 13.03334, 56.50117 ], [ 13.03578, 56.49387 ], [ 13.03846, 56.48881 ], [ 13.06894, 56.49016 ], [ 13.07157, 56.48995 ], [ 13.07376, 56.49195 ], [ 13.07378, 56.49308 ] ] ] } },
{ "type": "Feature", "properties": { "valdistrikt_kod": "13810103", "valdistrikt_namn": "Laholm V", "valdeltagande_riksdag": 89.1, "valdeltagande_region": 86.6, "valdeltagande_kommun": 86.8, "rostberattigade_riksdag": 1677.0, "rostberattigade_region": 1719.0, "rostberattigade_kommun": 1719.0, "kommun_kod": "1381", "kommun_namn": "Laholm", "ar": 2018 }, "geometry": { "type": "Polygon", "coordinates": [ [ [ 12.96934, 56.53231 ], [ 12.96757, 56.53227 ], [ 12.9663, 56.52921 ], [ 12.96489, 56.51668 ], [ 12.95651, 56.4962 ], [ 12.94814, 56.48302 ], [ 12.95945, 56.48145 ], [ 12.95823, 56.47782 ], [ 12.96291, 56.47769 ], [ 12.96351, 56.48098 ], [ 12.97985, 56.48015 ], [ 12.97886, 56.47918 ], [ 12.97903, 56.47817 ], [ 12.98097, 56.47793 ], [ 12.98262, 56.47914 ], [ 12.98546, 56.47897 ], [ 12.98584, 56.47838 ], [ 12.98774, 56.47831 ], [ 12.98723, 56.47796 ], [ 12.98762, 56.47773 ], [ 12.98821, 56.47798 ], [ 12.98848, 56.47772 ], [ 12.99082, 56.47764 ], [ 12.99172, 56.47671 ], [ 12.99275, 56.47679 ], [ 12.99253, 56.47753 ], [ 12.99366, 56.47742 ], [ 12.99341, 56.47827 ], [ 12.99435, 56.47995 ], [ 12.99716, 56.48096 ], [ 13.00989, 56.47823 ], [ 13.01101, 56.48292 ], [ 13.00928, 56.48283 ], [ 13.01072, 56.48527 ], [ 13.03859, 56.4888 ], [ 13.03555, 56.49451 ], [ 13.03334, 56.50117 ], [ 13.03343, 56.50323 ], [ 13.03643, 56.50756 ], [ 13.03845, 56.51405 ], [ 13.0406, 56.51471 ], [ 13.04897, 56.51506 ], [ 13.04877, 56.51552 ], [ 13.04534, 56.51501 ], [ 13.04058, 56.51512 ], [ 13.03798, 56.51457 ], [ 13.03724, 56.51395 ], [ 13.03652, 56.51073 ], [ 13.03422, 56.50977 ], [ 13.03203, 56.51002 ], [ 13.02614, 56.51217 ], [ 13.02407, 56.51224 ], [ 13.02013, 56.51147 ], [ 13.01649, 56.51008 ], [ 13.01347, 56.50973 ], [ 13.01137, 56.50874 ], [ 13.00912, 56.50824 ], [ 13.00702, 56.50883 ], [ 13.00564, 56.51115 ], [ 13.00333, 56.51201 ], [ 12.99985, 56.51137 ], [ 12.99038, 56.51201 ], [ 12.9831, 56.51614 ], [ 12.97975, 56.5171 ], [ 12.97222, 56.51844 ], [ 12.96971, 56.51951 ], [ 12.96838, 56.52145 ], [ 12.96793, 56.52365 ], [ 12.96898, 56.52538 ], [ 12.97202, 56.52776 ], [ 12.97312, 56.52929 ], [ 12.97165, 56.53169 ], [ 12.96934, 56.53231 ] ] ] } },
{ "type": "Feature", "properties": { "valdistrikt_kod": "13810104", "valdistrikt_namn": "Laholm N", "valdeltagande_riksdag": 85.8, "valdeltagande_region": 82.2, "valdeltagande_kommun": 82.7, "rostberattigade_riksdag": 1321.0, "rostberattigade_region": 1365.0, "rostberattigade_kommun": 1365.0, "kommun_kod": "1381", "kommun_namn": "Laholm", "ar": 2018 }, "geometry": { "type": "Polygon", "coordinates": [ [ [ 12.92083, 56.5528 ], [ 12.79727, 56.55296 ], [ 12.81583, 56.53328 ], [ 12.91978, 56.5462 ], [ 12.94176, 56.54834 ], [ 12.94839, 56.54719 ], [ 12.95294, 56.54679 ], [ 12.96475, 56.54363 ], [ 12.96602, 56.54309 ], [ 12.96696, 56.54198 ], [ 12.9674, 56.53841 ], [ 12.96533, 56.53497 ], [ 12.96522, 56.53369 ], [ 12.96611, 56.53263 ], [ 12.96702, 56.53235 ], [ 12.96899, 56.53239 ], [ 12.97143, 56.5318 ], [ 12.97309, 56.52962 ], [ 12.97294, 56.52882 ], [ 12.96898, 56.52538 ], [ 12.96793, 56.52365 ], [ 12.96838, 56.52145 ], [ 12.9706, 56.51895 ], [ 12.98227, 56.51644 ], [ 12.98502, 56.51533 ], [ 12.98876, 56.51263 ], [ 12.99038, 56.51201 ], [ 12.99985, 56.51137 ], [ 13.00229, 56.51203 ], [ 13.00428, 56.51179 ], [ 13.00602, 56.51079 ], [ 13.00702, 56.50883 ], [ 13.00861, 56.50824 ], [ 13.01125, 56.5087 ], [ 13.01361, 56.50976 ], [ 13.01649, 56.51008 ], [ 13.02013, 56.51147 ], [ 13.02407, 56.51224 ], [ 13.02614, 56.51217 ], [ 13.03203, 56.51002 ], [ 13.03422, 56.50977 ], [ 13.03652, 56.51073 ], [ 13.03724, 56.51395 ], [ 13.03823, 56.51466 ], [ 13.04152, 56.51519 ], [ 13.04534, 56.51501 ], [ 13.04836, 56.51557 ], [ 13.0492, 56.51453 ], [ 13.05327, 56.51587 ], [ 13.05468, 56.51508 ], [ 13.05781, 56.51451 ], [ 13.05898, 56.51299 ], [ 13.06183, 56.51199 ], [ 13.06579, 56.50924 ], [ 13.06642, 56.50956 ], [ 13.06887, 56.50882 ], [ 13.07291, 56.50604 ], [ 13.07324, 56.50503 ], [ 13.072, 56.50369 ], [ 13.07102, 56.50098 ], [ 13.06874, 56.49913 ], [ 13.06976, 56.49779 ], [ 13.06892, 56.49602 ], [ 13.07111, 56.49392 ], [ 13.07378, 56.49308 ], [ 13.07767, 56.49387 ], [ 13.07972, 56.49567 ], [ 13.08112, 56.49617 ], [ 13.08352, 56.49603 ], [ 13.08575, 56.49515 ], [ 13.08885, 56.49789 ], [ 13.09154, 56.49887 ], [ 13.0922, 56.49834 ], [ 13.09557, 56.49888 ], [ 13.09698, 56.49713 ], [ 13.09842, 56.49632 ], [ 13.10345, 56.49552 ], [ 13.10559, 56.49562 ], [ 13.10824, 56.49489 ], [ 13.10919, 56.49517 ], [ 13.11213, 56.49474 ], [ 13.11714, 56.49679 ], [ 13.11902, 56.49886 ], [ 13.12095, 56.4996 ], [ 13.12226, 56.50084 ], [ 13.12577, 56.50145 ], [ 13.12801, 56.50251 ], [ 13.12825, 56.50474 ], [ 13.12912, 56.50445 ], [ 13.1326, 56.50627 ], [ 13.13398, 56.50639 ], [ 13.14021, 56.50862 ], [ 13.14443, 56.50752 ], [ 13.15128, 56.50978 ], [ 13.15362, 56.51011 ], [ 13.15455, 56.50898 ], [ 13.16372, 56.51353 ], [ 13.16071, 56.5153 ], [ 13.16918, 56.51862 ], [ 13.17084, 56.51985 ], [ 13.17194, 56.52177 ], [ 13.17497, 56.52294 ], [ 13.18358, 56.5232 ], [ 13.18647, 56.52235 ], [ 13.19196, 56.51416 ], [ 13.19373, 56.51273 ], [ 13.19594, 56.51206 ], [ 13.2046, 56.51355 ], [ 13.21175, 56.51563 ], [ 13.21976, 56.52026 ], [ 13.22203, 56.52224 ], [ 13.22413, 56.52335 ], [ 13.2268, 56.52337 ], [ 13.22942, 56.52276 ], [ 13.2314, 56.52209 ], [ 13.2345, 56.52003 ], [ 13.23765, 56.5194 ], [ 13.24285, 56.52137 ], [ 13.2441, 56.52235 ], [ 13.24842, 56.52269 ], [ 13.24892, 56.52413 ], [ 13.24506, 56.5249 ], [ 13.24238, 56.52713 ], [ 13.2327, 56.52972 ], [ 13.22665, 56.52938 ], [ 13.22508, 56.52872 ], [ 13.22265, 56.52838 ], [ 13.22236, 56.52875 ], [ 13.22063, 56.52906 ], [ 13.22069, 56.5295 ], [ 13.2269, 56.52966 ], [ 13.22798, 56.5307 ], [ 13.22532, 56.53067 ], [ 13.2258, 56.53127 ], [ 13.23892, 56.53855 ], [ 13.24091, 56.53908 ], [ 13.24234, 56.54006 ], [ 13.24374, 56.54014 ], [ 13.24391, 56.54062 ], [ 13.24497, 56.54051 ], [ 13.24587, 56.54091 ], [ 13.24652, 56.54146 ], [ 13.24633, 56.5425 ], [ 13.24782, 56.5429 ], [ 13.24792, 56.54352 ], [ 13.24174, 56.54317 ], [ 13.2381, 56.54229 ], [ 13.22751, 56.54251 ], [ 13.21639, 56.54199 ], [ 13.19057, 56.53772 ], [ 13.18953, 56.53787 ], [ 13.17383, 56.53464 ], [ 13.17265, 56.53408 ], [ 13.16797, 56.5351 ], [ 13.16461, 56.53524 ], [ 13.16376, 56.53391 ], [ 13.15725, 56.5316 ], [ 13.1478, 56.53109 ], [ 13.14054, 56.53472 ], [ 13.13506, 56.53803 ], [ 13.12832, 56.53827 ], [ 13.12145, 56.54 ], [ 13.11895, 56.53947 ], [ 13.11886, 56.54005 ], [ 13.11802, 56.53996 ], [ 13.11855, 56.5394 ], [ 13.11398, 56.53845 ], [ 13.10698, 56.54261 ], [ 13.08164, 56.54319 ], [ 13.07967, 56.54309 ], [ 13.07462, 56.5418 ], [ 13.06567, 56.54297 ], [ 13.06518, 56.54155 ], [ 13.05148, 56.54164 ], [ 13.05146, 56.54132 ], [ 13.05067, 56.54133 ], [ 13.05061, 56.54166 ], [ 13.04344, 56.54169 ], [ 13.04323, 56.53949 ], [ 13.03814, 56.53958 ], [ 13.02804, 56.54163 ], [ 13.01996, 56.54124 ], [ 13.01992, 56.5463 ], [ 13.00986, 56.54174 ], [ 12.9986, 56.53921 ], [ 12.98537, 56.53985 ], [ 12.97338, 56.5401 ], [ 12.9733, 56.53976 ], [ 12.97226, 56.53977 ], [ 12.97278, 56.54068 ], [ 12.97222, 56.54198 ], [ 12.97334, 56.54174 ], [ 12.97396, 56.54235 ], [ 12.97341, 56.54234 ], [ 12.97341, 56.54289 ], [ 12.97199, 56.54302 ], [ 12.97167, 56.54414 ], [ 12.96937, 56.5448 ], [ 12.96907, 56.54447 ], [ 12.96592, 56.54877 ], [ 12.94483, 56.55364 ], [ 12.92083, 56.5528 ] ] ] } },
{ "type": "Feature", "properties": { "valdistrikt_kod": "13810105", "valdistrikt_namn": "Mellbystrand", "valdeltagande_riksdag": 91.8, "valdeltagande_region": 89.2, "valdeltagande_kommun": 90.4, "rostberattigade_riksdag": 1918.0, "rostberattigade_region": 1933.0, "rostberattigade_kommun": 1933.0, "kommun_kod": "1381", "kommun_namn": "Laholm", "ar": 2018 }, "geometry": { "type": "Polygon", "coordinates": [ [ [ 12.96757, 56.53227 ], [ 12.96611, 56.53263 ], [ 12.96511, 56.53405 ], [ 12.96746, 56.53881 ], [ 12.96696, 56.54198 ], [ 12.96602, 56.54309 ], [ 12.95294, 56.54679 ], [ 12.94839, 56.54719 ], [ 12.94176, 56.54834 ], [ 12.91978, 56.5462 ], [ 12.81583, 56.53328 ], [ 12.85093, 56.496 ], [ 12.92621, 56.48645 ], [ 12.94814, 56.48302 ], [ 12.95554, 56.49426 ], [ 12.96388, 56.51351 ], [ 12.9653, 56.51872 ], [ 12.96592, 56.52767 ], [ 12.96757, 56.53227 ] ] ] } },
{ "type": "Feature", "properties": { "valdistrikt_kod": "13810301", "valdistrikt_namn": "Våxtorp", "valdeltagande_riksdag": 85.0, "valdeltagande_region": 81.5, "valdeltagande_kommun": 81.7, "rostberattigade_riksdag": 1751.0, "rostberattigade_region": 1839.0, "rostberattigade_kommun": 1839.0, "kommun_kod": "1381", "kommun_namn": "Laholm", "ar": 2018 }, "geometry": { "type": "Polygon", "coordinates": [ [ [ 13.11507, 56.45043 ], [ 13.10491, 56.44523 ], [ 13.1005, 56.44503 ], [ 13.09899, 56.44424 ], [ 13.09742, 56.44465 ], [ 13.09587, 56.44333 ], [ 13.09473, 56.44324 ], [ 13.0914, 56.44534 ], [ 13.09086, 56.44512 ], [ 13.0902, 56.44389 ], [ 13.09973, 56.43571 ], [ 13.09944, 56.43378 ], [ 13.09502, 56.43107 ], [ 13.08702, 56.43162 ], [ 13.0825, 56.43012 ], [ 13.07836, 56.43016 ], [ 13.07452, 56.42965 ], [ 13.07031, 56.43008 ], [ 13.06936, 56.43079 ], [ 13.06471, 56.43236 ], [ 13.0617, 56.43245 ], [ 13.05973, 56.43093 ], [ 13.05764, 56.43088 ], [ 13.05658, 56.43124 ], [ 13.0551, 56.43083 ], [ 13.05319, 56.43131 ], [ 13.05415, 56.43222 ], [ 13.03749, 56.43208 ], [ 13.03453, 56.4327 ], [ 13.03053, 56.43639 ], [ 13.02865, 56.436 ], [ 13.03728, 56.42288 ], [ 13.03387, 56.4215 ], [ 13.03813, 56.42147 ], [ 13.03873, 56.42092 ], [ 13.04111, 56.4216 ], [ 13.04264, 56.42165 ], [ 13.04175, 56.42033 ], [ 13.03381, 56.41755 ], [ 13.03764, 56.41555 ], [ 13.03863, 56.41554 ], [ 13.03925, 56.41406 ], [ 13.04129, 56.41449 ], [ 13.04324, 56.4136 ], [ 13.04331, 56.41279 ], [ 13.04516, 56.41257 ], [ 13.04458, 56.41131 ], [ 13.04617, 56.41184 ], [ 13.04649, 56.41159 ], [ 13.04499, 56.41065 ], [ 13.04819, 56.41066 ], [ 13.04965, 56.40914 ], [ 13.05101, 56.40919 ], [ 13.05184, 56.40757 ], [ 13.04051, 56.4003 ], [ 13.03129, 56.38738 ], [ 13.02205, 56.37722 ], [ 13.03889, 56.37585 ], [ 13.03959, 56.36745 ], [ 13.04885, 56.35538 ], [ 13.05994, 56.35398 ], [ 13.06058, 56.35428 ], [ 13.06361, 56.35402 ], [ 13.06651, 56.35308 ], [ 13.07402, 56.35176 ], [ 13.09876, 56.35292 ], [ 13.09966, 56.35263 ], [ 13.10137, 56.35311 ], [ 13.10932, 56.35379 ], [ 13.11117, 56.35234 ], [ 13.11246, 56.35232 ], [ 13.1186, 56.3546 ], [ 13.1309, 56.35578 ], [ 13.14864, 56.35287 ], [ 13.15257, 56.35178 ], [ 13.1724, 56.34291 ], [ 13.18117, 56.34013 ], [ 13.18594, 56.33289 ], [ 13.18803, 56.3255 ], [ 13.19599, 56.32414 ], [ 13.21638, 56.32716 ], [ 13.22493, 56.33048 ], [ 13.2288, 56.33248 ], [ 13.24822, 56.34636 ], [ 13.24813, 56.34718 ], [ 13.24963, 56.34875 ], [ 13.25257, 56.34935 ], [ 13.25424, 56.35096 ], [ 13.25525, 56.3529 ], [ 13.2515, 56.35767 ], [ 13.29266, 56.38041 ], [ 13.24292, 56.40421 ], [ 13.2533, 56.41314 ], [ 13.25466, 56.41342 ], [ 13.25448, 56.41497 ], [ 13.25768, 56.41625 ], [ 13.25839, 56.4176 ], [ 13.25714, 56.42038 ], [ 13.26119, 56.42347 ], [ 13.2654, 56.42801 ], [ 13.26454, 56.43049 ], [ 13.26171, 56.43094 ], [ 13.24347, 56.42457 ], [ 13.23997, 56.42457 ], [ 13.23523, 56.42737 ], [ 13.23331, 56.42797 ], [ 13.23025, 56.42819 ], [ 13.23085, 56.42913 ], [ 13.22953, 56.43365 ], [ 13.22027, 56.43746 ], [ 13.22006, 56.43815 ], [ 13.21904, 56.43845 ], [ 13.21758, 56.43796 ], [ 13.21795, 56.43721 ], [ 13.21731, 56.43635 ], [ 13.21557, 56.43633 ], [ 13.21584, 56.4355 ], [ 13.2133, 56.43444 ], [ 13.21346, 56.4329 ], [ 13.21229, 56.43189 ], [ 13.21035, 56.43156 ], [ 13.21101, 56.43015 ], [ 13.20968, 56.42966 ], [ 13.20699, 56.43021 ], [ 13.20504, 56.43188 ], [ 13.19808, 56.43286 ], [ 13.19388, 56.43605 ], [ 13.18698, 56.43441 ], [ 13.17413, 56.43649 ], [ 13.13349, 56.44 ], [ 13.1324, 56.44744 ], [ 13.11507, 56.45043 ] ] ] } },
{ "type": "Feature", "properties": { "valdistrikt_kod": "13810501", "valdistrikt_namn": "Hasslöv-Skottorp", "valdeltagande_riksdag": 85.9, "valdeltagande_region": 81.2, "valdeltagande_kommun": 81.5, "rostberattigade_riksdag": 966.0, "rostberattigade_region": 1025.0, "rostberattigade_kommun": 1025.0, "kommun_kod": "1381", "kommun_namn": "Laholm", "ar": 2018 }, "geometry": { "type": "Polygon", "coordinates": [ [ [ 12.99253, 56.47753 ], [ 12.99275, 56.47679 ], [ 12.99172, 56.47671 ], [ 12.99082, 56.47764 ], [ 12.98848, 56.47772 ], [ 12.98821, 56.47798 ], [ 12.98762, 56.47773 ], [ 12.98761, 56.47838 ], [ 12.98596, 56.47836 ], [ 12.98546, 56.47897 ], [ 12.98467, 56.47882 ], [ 12.9834, 56.4792 ], [ 12.9811, 56.47837 ], [ 12.98097, 56.47793 ], [ 12.97913, 56.47815 ], [ 12.97886, 56.47918 ], [ 12.97985, 56.48015 ], [ 12.96351, 56.48098 ], [ 12.96291, 56.47769 ], [ 12.95823, 56.47782 ], [ 12.95945, 56.48145 ], [ 12.94814, 56.48302 ], [ 12.9424, 56.47254 ], [ 12.94138, 56.4659 ], [ 12.94299, 56.46002 ], [ 12.94469, 56.45711 ], [ 12.95264, 56.44719 ], [ 12.95397, 56.44408 ], [ 12.9543, 56.44142 ], [ 12.95609, 56.44094 ], [ 12.95774, 56.43996 ], [ 12.95622, 56.43835 ], [ 12.95509, 56.43855 ], [ 12.95323, 56.43565 ], [ 12.9524, 56.43115 ], [ 12.96576, 56.4277 ], [ 12.96471, 56.42436 ], [ 12.96255, 56.42167 ], [ 12.96248, 56.41791 ], [ 12.95948, 56.41506 ], [ 12.95831, 56.4146 ], [ 12.95783, 56.41347 ], [ 12.96517, 56.41229 ], [ 12.96721, 56.41259 ], [ 12.96846, 56.41147 ], [ 12.96722, 56.40946 ], [ 12.96297, 56.40721 ], [ 12.96284, 56.40652 ], [ 12.96052, 56.40529 ], [ 12.96469, 56.40275 ], [ 12.96047, 56.40084 ], [ 12.95285, 56.39212 ], [ 12.95893, 56.39413 ], [ 12.96268, 56.39358 ], [ 12.9662, 56.39037 ], [ 12.96794, 56.3895 ], [ 12.96799, 56.38904 ], [ 12.96432, 56.38551 ], [ 12.96348, 56.38389 ], [ 12.96216, 56.38265 ], [ 12.9605, 56.38229 ], [ 12.95866, 56.37988 ], [ 12.95242, 56.37426 ], [ 12.94981, 56.36932 ], [ 12.96749, 56.36837 ], [ 12.97437, 56.3668 ], [ 12.97843, 56.36291 ], [ 12.98102, 56.3583 ], [ 12.99215, 56.3572 ], [ 13.02499, 56.35534 ], [ 13.037, 56.35492 ], [ 13.04885, 56.35538 ], [ 13.03959, 56.36745 ], [ 13.03889, 56.37585 ], [ 13.02205, 56.37722 ], [ 13.03129, 56.38738 ], [ 13.04051, 56.4003 ], [ 13.05184, 56.40757 ], [ 13.05101, 56.40919 ], [ 13.04965, 56.40914 ], [ 13.04819, 56.41066 ], [ 13.04499, 56.41065 ], [ 13.04649, 56.41159 ], [ 13.04617, 56.41184 ], [ 13.04458, 56.41131 ], [ 13.04516, 56.41257 ], [ 13.04331, 56.41279 ], [ 13.04324, 56.4136 ], [ 13.04129, 56.41449 ], [ 13.03925, 56.41406 ], [ 13.03863, 56.41554 ], [ 13.03764, 56.41555 ], [ 13.03381, 56.41755 ], [ 13.04175, 56.42033 ], [ 13.04264, 56.42165 ], [ 13.04111, 56.4216 ], [ 13.03873, 56.42092 ], [ 13.03813, 56.42147 ], [ 13.03387, 56.4215 ], [ 13.03728, 56.42288 ], [ 13.02544, 56.4408 ], [ 13.01853, 56.44971 ], [ 13.01568, 56.44884 ], [ 13.01112, 56.44897 ], [ 13.01233, 56.45207 ], [ 13.01495, 56.45527 ], [ 13.00588, 56.45997 ], [ 12.98985, 56.46395 ], [ 12.99409, 56.4706 ], [ 12.99198, 56.47076 ], [ 12.99295, 56.47325 ], [ 12.9957, 56.47568 ], [ 12.99539, 56.47596 ], [ 12.9945, 56.47566 ], [ 12.99473, 56.47622 ], [ 12.99401, 56.47652 ], [ 12.9945, 56.47684 ], [ 12.99253, 56.47753 ] ] ] } },
{ "type": "Feature", "properties": { "valdistrikt_kod": "13810502", "valdistrikt_namn": "Skummeslöv", "valdeltagande_riksdag": 91.4, "valdeltagande_region": 89.9, "valdeltagande_kommun": 90.5, "rostberattigade_riksdag": 1191.0, "rostberattigade_region": 1203.0, "rostberattigade_kommun": 1203.0, "kommun_kod": "1381", "kommun_namn": "Laholm", "ar": 2018 }, "geometry": { "type": "Polygon", "coordinates": [ [ [ 12.94814, 56.48302 ], [ 12.92621, 56.48645 ], [ 12.85093, 56.496 ], [ 12.88893, 56.45554 ], [ 12.89555, 56.4495 ], [ 12.94095, 56.43951 ], [ 12.94167, 56.44019 ], [ 12.94462, 56.44025 ], [ 12.94487, 56.43953 ], [ 12.94774, 56.44113 ], [ 12.95, 56.44172 ], [ 12.9543, 56.44142 ], [ 12.95397, 56.44408 ], [ 12.95264, 56.44719 ], [ 12.94404, 56.45806 ], [ 12.94166, 56.46374 ], [ 12.94139, 56.46801 ], [ 12.9424, 56.47254 ], [ 12.94814, 56.48302 ] ] ] } },
{ "type": "Feature", "properties": { "valdistrikt_kod": "13810601", "valdistrikt_namn": "Hishult", "valdeltagande_riksdag": 83.7, "valdeltagande_region": 78.4, "valdeltagande_kommun": 78.6, "rostberattigade_riksdag": 734.0, "rostberattigade_region": 793.0, "rostberattigade_kommun": 793.0, "kommun_kod": "1381", "kommun_namn": "Laholm", "ar": 2018 }, "geometry": { "type": "Polygon", "coordinates": [ [ [ 13.44988, 56.46796 ], [ 13.44064, 56.46776 ], [ 13.42874, 56.46858 ], [ 13.42098, 56.46764 ], [ 13.40872, 56.46514 ], [ 13.3988, 56.46562 ], [ 13.3821, 56.46344 ], [ 13.38109, 56.46418 ], [ 13.37982, 56.46292 ], [ 13.37862, 56.46267 ], [ 13.36611, 56.46195 ], [ 13.3486, 56.45949 ], [ 13.33855, 56.4526 ], [ 13.33818, 56.45169 ], [ 13.32377, 56.45127 ], [ 13.30407, 56.44936 ], [ 13.29906, 56.4516 ], [ 13.28905, 56.46082 ], [ 13.2847, 56.46554 ], [ 13.26166, 56.46666 ], [ 13.24119, 56.45567 ], [ 13.23804, 56.45551 ], [ 13.23389, 56.45384 ], [ 13.22409, 56.44524 ], [ 13.21774, 56.44359 ], [ 13.21349, 56.44032 ], [ 13.21513, 56.43975 ], [ 13.21665, 56.43824 ], [ 13.21758, 56.43796 ], [ 13.21853, 56.43849 ], [ 13.21985, 56.43824 ], [ 13.22027, 56.43746 ], [ 13.22953, 56.43365 ], [ 13.23085, 56.42913 ], [ 13.23025, 56.42819 ], [ 13.23331, 56.42797 ], [ 13.23523, 56.42737 ], [ 13.23997, 56.42457 ], [ 13.24347, 56.42457 ], [ 13.26171, 56.43094 ], [ 13.26454, 56.43049 ], [ 13.2654, 56.42801 ], [ 13.26119, 56.42347 ], [ 13.25714, 56.42038 ], [ 13.25839, 56.4176 ], [ 13.25768, 56.41625 ], [ 13.25448, 56.41497 ], [ 13.25466, 56.41342 ], [ 13.2533, 56.41314 ], [ 13.24292, 56.40421 ], [ 13.29266, 56.38041 ], [ 13.2969, 56.38105 ], [ 13.29871, 56.3818 ], [ 13.30189, 56.38404 ], [ 13.30481, 56.38525 ], [ 13.31184, 56.38693 ], [ 13.31527, 56.38678 ], [ 13.31748, 56.38765 ], [ 13.3284, 56.38782 ], [ 13.33581, 56.38882 ], [ 13.33896, 56.38873 ], [ 13.34667, 56.39051 ], [ 13.36178, 56.40064 ], [ 13.37088, 56.40594 ], [ 13.37511, 56.40921 ], [ 13.38559, 56.41451 ], [ 13.38876, 56.41495 ], [ 13.39198, 56.41502 ], [ 13.39597, 56.4145 ], [ 13.40439, 56.41501 ], [ 13.40477, 56.4157 ], [ 13.43932, 56.41911 ], [ 13.44715, 56.4221 ], [ 13.4552, 56.4244 ], [ 13.46176, 56.42784 ], [ 13.4646, 56.43099 ], [ 13.46749, 56.43183 ], [ 13.4629, 56.44552 ], [ 13.46458, 56.44762 ], [ 13.46295, 56.44944 ], [ 13.46286, 56.45144 ], [ 13.45957, 56.4546 ], [ 13.44988, 56.46796 ] ] ] } },
{ "type": "Feature", "properties": { "valdistrikt_kod": "13810701", "valdistrikt_namn": "Ränneslöv", "valdeltagande_riksdag": 87.6, "valdeltagande_region": 84.2, "valdeltagande_kommun": 85.3, "rostberattigade_riksdag": 1026.0, "rostberattigade_region": 1065.0, "rostberattigade_kommun": 1065.0, "kommun_kod": "1381", "kommun_namn": "Laholm", "ar": 2018 }, "geometry": { "type": "Polygon", "coordinates": [ [ [ 13.24235, 56.50076 ], [ 13.23682, 56.50209 ], [ 13.23546, 56.50314 ], [ 13.23137, 56.50269 ], [ 13.22704, 56.50351 ], [ 13.22651, 56.50411 ], [ 13.22215, 56.50383 ], [ 13.21909, 56.50451 ], [ 13.21724, 56.50418 ], [ 13.21552, 56.50502 ], [ 13.21404, 56.50513 ], [ 13.21374, 56.50449 ], [ 13.2098, 56.50364 ], [ 13.20896, 56.50314 ], [ 13.20798, 56.50441 ], [ 13.20136, 56.50204 ], [ 13.20209, 56.50076 ], [ 13.20152, 56.49943 ], [ 13.20206, 56.49937 ], [ 13.20156, 56.49841 ], [ 13.20194, 56.49801 ], [ 13.20072, 56.4979 ], [ 13.19841, 56.4958 ], [ 13.1969, 56.49527 ], [ 13.19677, 56.4946 ], [ 13.19557, 56.49385 ], [ 13.19479, 56.49388 ], [ 13.19159, 56.49163 ], [ 13.19027, 56.49146 ], [ 13.18447, 56.48926 ], [ 13.18059, 56.49056 ], [ 13.182, 56.48779 ], [ 13.14268, 56.47875 ], [ 13.14233, 56.47951 ], [ 13.14071, 56.47873 ], [ 13.14024, 56.48123 ], [ 13.13937, 56.48111 ], [ 13.13933, 56.48055 ], [ 13.13736, 56.48017 ], [ 13.13688, 56.4805 ], [ 13.13276, 56.47853 ], [ 13.13568, 56.4771 ], [ 13.13353, 56.47658 ], [ 13.13306, 56.47769 ], [ 13.13158, 56.47756 ], [ 13.12808, 56.47405 ], [ 13.12543, 56.47473 ], [ 13.12749, 56.47722 ], [ 13.12082, 56.47665 ], [ 13.11703, 56.4784 ], [ 13.11311, 56.47922 ], [ 13.10518, 56.47708 ], [ 13.10302, 56.47952 ], [ 13.10442, 56.48022 ], [ 13.1048, 56.48167 ], [ 13.09974, 56.4805 ], [ 13.09422, 56.47794 ], [ 13.09245, 56.47656 ], [ 13.08976, 56.47581 ], [ 13.08425, 56.4761 ], [ 13.08138, 56.47547 ], [ 13.08031, 56.47729 ], [ 13.07417, 56.47709 ], [ 13.06931, 56.4759 ], [ 13.06826, 56.47384 ], [ 13.06337, 56.47331 ], [ 13.06335, 56.47476 ], [ 13.05417, 56.4748 ], [ 13.05421, 56.4714 ], [ 13.05373, 56.47159 ], [ 13.05293, 56.4711 ], [ 13.05267, 56.47138 ], [ 13.0498, 56.47133 ], [ 13.04728, 56.4708 ], [ 13.04666, 56.47119 ], [ 13.04623, 56.471 ], [ 13.04595, 56.47149 ], [ 13.04428, 56.47146 ], [ 13.04424, 56.47174 ], [ 13.04131, 56.47082 ], [ 13.04168, 56.47016 ], [ 13.0415, 56.46879 ], [ 13.04105, 56.46877 ], [ 13.04419, 56.46882 ], [ 13.04756, 56.46741 ], [ 13.05002, 56.46695 ], [ 13.04841, 56.46429 ], [ 13.05136, 56.46393 ], [ 13.04824, 56.46065 ], [ 13.04397, 56.46224 ], [ 13.0407, 56.46062 ], [ 13.03468, 56.45865 ], [ 13.03074, 56.45629 ], [ 13.0287, 56.45922 ], [ 13.0246, 56.45499 ], [ 13.01511, 56.4554 ], [ 13.01233, 56.45207 ], [ 13.01112, 56.44897 ], [ 13.01568, 56.44884 ], [ 13.01853, 56.44971 ], [ 13.02865, 56.436 ], [ 13.03053, 56.43639 ], [ 13.03453, 56.4327 ], [ 13.03749, 56.43208 ], [ 13.05415, 56.43222 ], [ 13.05319, 56.43131 ], [ 13.0551, 56.43083 ], [ 13.05658, 56.43124 ], [ 13.05764, 56.43088 ], [ 13.05973, 56.43093 ], [ 13.0617, 56.43245 ], [ 13.06471, 56.43236 ], [ 13.06936, 56.43079 ], [ 13.07031, 56.43008 ], [ 13.07452, 56.42965 ], [ 13.07836, 56.43016 ], [ 13.0825, 56.43012 ], [ 13.08702, 56.43162 ], [ 13.09502, 56.43107 ], [ 13.09944, 56.43378 ], [ 13.09973, 56.43571 ], [ 13.0902, 56.44389 ], [ 13.09086, 56.44512 ], [ 13.0914, 56.44534 ], [ 13.09508, 56.44321 ], [ 13.09632, 56.44352 ], [ 13.09742, 56.44465 ], [ 13.09899, 56.44424 ], [ 13.1005, 56.44503 ], [ 13.10419, 56.44505 ], [ 13.10716, 56.44613 ], [ 13.11507, 56.45043 ], [ 13.1324, 56.44744 ], [ 13.13349, 56.44 ], [ 13.17413, 56.43649 ], [ 13.18698, 56.43441 ], [ 13.19388, 56.43605 ], [ 13.19808, 56.43286 ], [ 13.20504, 56.43188 ], [ 13.20699, 56.43021 ], [ 13.20968, 56.42966 ], [ 13.21101, 56.43015 ], [ 13.21035, 56.43156 ], [ 13.21229, 56.43189 ], [ 13.21346, 56.4329 ], [ 13.2133, 56.43444 ], [ 13.21584, 56.4355 ], [ 13.21548, 56.43628 ], [ 13.21721, 56.43631 ], [ 13.21795, 56.43721 ], [ 13.21758, 56.43796 ], [ 13.21551, 56.43902 ], [ 13.21513, 56.43975 ], [ 13.21349, 56.44032 ], [ 13.21368, 56.44056 ], [ 13.21774, 56.44359 ], [ 13.22409, 56.44524 ], [ 13.2308, 56.45114 ], [ 13.22874, 56.45198 ], [ 13.22641, 56.466 ], [ 13.22673, 56.46741 ], [ 13.22912, 56.46846 ], [ 13.22637, 56.47053 ], [ 13.22439, 56.47389 ], [ 13.21883, 56.47145 ], [ 13.22163, 56.4739 ], [ 13.22306, 56.4774 ], [ 13.22717, 56.48003 ], [ 13.22761, 56.48094 ], [ 13.23423, 56.48395 ], [ 13.23655, 56.48537 ], [ 13.23741, 56.48656 ], [ 13.24018, 56.48797 ], [ 13.24389, 56.49395 ], [ 13.2434, 56.49592 ], [ 13.24189, 56.49821 ], [ 13.24312, 56.49919 ], [ 13.24235, 56.50076 ] ] ] } },
{ "type": "Feature", "properties": { "valdistrikt_kod": "13810801", "valdistrikt_namn": "Vallberga-Ysby", "valdeltagande_riksdag": 85.2, "valdeltagande_region": 80.0, "valdeltagande_kommun": 81.0, "rostberattigade_riksdag": 1070.0, "rostberattigade_region": 1127.0, "rostberattigade_kommun": 1127.0, "kommun_kod": "1381", "kommun_namn": "Laholm", "ar": 2018 }, "geometry": { "type": "Polygon", "coordinates": [ [ [ 13.24842, 56.52269 ], [ 13.2441, 56.52235 ], [ 13.24285, 56.52137 ], [ 13.23765, 56.5194 ], [ 13.2345, 56.52003 ], [ 13.2314, 56.52209 ], [ 13.22942, 56.52276 ], [ 13.2268, 56.52337 ], [ 13.22413, 56.52335 ], [ 13.22203, 56.52224 ], [ 13.21976, 56.52026 ], [ 13.21175, 56.51563 ], [ 13.2046, 56.51355 ], [ 13.19594, 56.51206 ], [ 13.19373, 56.51273 ], [ 13.19196, 56.51416 ], [ 13.18647, 56.52235 ], [ 13.18358, 56.5232 ], [ 13.17465, 56.52288 ], [ 13.17174, 56.52161 ], [ 13.17084, 56.51985 ], [ 13.16918, 56.51862 ], [ 13.16071, 56.5153 ], [ 13.16372, 56.51353 ], [ 13.15455, 56.50898 ], [ 13.15362, 56.51011 ], [ 13.15128, 56.50978 ], [ 13.14443, 56.50752 ], [ 13.14021, 56.50862 ], [ 13.13398, 56.50639 ], [ 13.1326, 56.50627 ], [ 13.12912, 56.50445 ], [ 13.12825, 56.50474 ], [ 13.12801, 56.50251 ], [ 13.12577, 56.50145 ], [ 13.12226, 56.50084 ], [ 13.12095, 56.4996 ], [ 13.11902, 56.49886 ], [ 13.11714, 56.49679 ], [ 13.11213, 56.49474 ], [ 13.10919, 56.49517 ], [ 13.10824, 56.49489 ], [ 13.10559, 56.49562 ], [ 13.10345, 56.49552 ], [ 13.09842, 56.49632 ], [ 13.09698, 56.49713 ], [ 13.09557, 56.49888 ], [ 13.0922, 56.49834 ], [ 13.09154, 56.49887 ], [ 13.08885, 56.49789 ], [ 13.08575, 56.49515 ], [ 13.08352, 56.49603 ], [ 13.08112, 56.49617 ], [ 13.07972, 56.49567 ], [ 13.07767, 56.49387 ], [ 13.07378, 56.49308 ], [ 13.07376, 56.49195 ], [ 13.07157, 56.48995 ], [ 13.06894, 56.49016 ], [ 13.03859, 56.4888 ], [ 13.01072, 56.48527 ], [ 13.00928, 56.48283 ], [ 13.01101, 56.48292 ], [ 13.00989, 56.47823 ], [ 12.99716, 56.48096 ], [ 12.9964, 56.48072 ], [ 12.99445, 56.48002 ], [ 12.99356, 56.47871 ], [ 12.99343, 56.47768 ], [ 12.9945, 56.47684 ], [ 12.99401, 56.47652 ], [ 12.99473, 56.47622 ], [ 12.99447, 56.4757 ], [ 12.99539, 56.47596 ], [ 12.9957, 56.47568 ], [ 12.99295, 56.47325 ], [ 12.99198, 56.47076 ], [ 12.99409, 56.4706 ], [ 12.98985, 56.46395 ], [ 13.00588, 56.45997 ], [ 13.01495, 56.45527 ], [ 13.0246, 56.45499 ], [ 13.0287, 56.45922 ], [ 13.03074, 56.45629 ], [ 13.03468, 56.45865 ], [ 13.0407, 56.46062 ], [ 13.04397, 56.46224 ], [ 13.04824, 56.46065 ], [ 13.05136, 56.46393 ], [ 13.04841, 56.46429 ], [ 13.05002, 56.46695 ], [ 13.04756, 56.46741 ], [ 13.04419, 56.46882 ], [ 13.04105, 56.46877 ], [ 13.0415, 56.46879 ], [ 13.04168, 56.47016 ], [ 13.04131, 56.47082 ], [ 13.04424, 56.47174 ], [ 13.04428, 56.47146 ], [ 13.04595, 56.47149 ], [ 13.04623, 56.471 ], [ 13.04666, 56.47119 ], [ 13.04728, 56.4708 ], [ 13.0498, 56.47133 ], [ 13.05267, 56.47138 ], [ 13.05293, 56.4711 ], [ 13.05373, 56.47159 ], [ 13.05421, 56.4714 ], [ 13.05417, 56.4748 ], [ 13.06335, 56.47476 ], [ 13.06337, 56.47331 ], [ 13.06826, 56.47384 ], [ 13.06931, 56.4759 ], [ 13.07417, 56.47709 ], [ 13.08031, 56.47729 ], [ 13.08138, 56.47547 ], [ 13.08425, 56.4761 ], [ 13.08976, 56.47581 ], [ 13.09245, 56.47656 ], [ 13.09422, 56.47794 ], [ 13.09974, 56.4805 ], [ 13.1048, 56.48167 ], [ 13.10442, 56.48022 ], [ 13.10302, 56.47952 ], [ 13.10518, 56.47708 ], [ 13.11311, 56.47922 ], [ 13.11703, 56.4784 ], [ 13.12082, 56.47665 ], [ 13.12749, 56.47722 ], [ 13.12543, 56.47473 ], [ 13.12808, 56.47405 ], [ 13.13158, 56.47756 ], [ 13.13306, 56.47769 ], [ 13.13353, 56.47658 ], [ 13.13568, 56.4771 ], [ 13.13276, 56.47853 ], [ 13.13688, 56.4805 ], [ 13.13736, 56.48017 ], [ 13.13933, 56.48055 ], [ 13.13937, 56.48111 ], [ 13.14024, 56.48123 ], [ 13.14071, 56.47873 ], [ 13.14233, 56.47951 ], [ 13.14268, 56.47875 ], [ 13.182, 56.48779 ], [ 13.18059, 56.49056 ], [ 13.18447, 56.48926 ], [ 13.19027, 56.49146 ], [ 13.19159, 56.49163 ], [ 13.19479, 56.49388 ], [ 13.19557, 56.49385 ], [ 13.19677, 56.4946 ], [ 13.1969, 56.49527 ], [ 13.19841, 56.4958 ], [ 13.20072, 56.4979 ], [ 13.20194, 56.49801 ], [ 13.20156, 56.49841 ], [ 13.20206, 56.49937 ], [ 13.20152, 56.49943 ], [ 13.20209, 56.50076 ], [ 13.20136, 56.50204 ], [ 13.20798, 56.50441 ], [ 13.20896, 56.50314 ], [ 13.2098, 56.50364 ], [ 13.21374, 56.50449 ], [ 13.21377, 56.50502 ], [ 13.2147, 56.50516 ], [ 13.21724, 56.50418 ], [ 13.21909, 56.50451 ], [ 13.22215, 56.50383 ], [ 13.22651, 56.50411 ], [ 13.22704, 56.50351 ], [ 13.23137, 56.50269 ], [ 13.23546, 56.50314 ], [ 13.23682, 56.50209 ], [ 13.24137, 56.50089 ], [ 13.24553, 56.50084 ], [ 13.24877, 56.50009 ], [ 13.25004, 56.49779 ], [ 13.25094, 56.49734 ], [ 13.2549, 56.49729 ], [ 13.25642, 56.49816 ], [ 13.25584, 56.50095 ], [ 13.25646, 56.50639 ], [ 13.25982, 56.50727 ], [ 13.26109, 56.51006 ], [ 13.26055, 56.51016 ], [ 13.26421, 56.51197 ], [ 13.25945, 56.52131 ], [ 13.25788, 56.52125 ], [ 13.24842, 56.52269 ] ] ] } },
{ "type": "Feature", "properties": { "valdistrikt_kod": "13810901", "valdistrikt_namn": "Knäred", "valdeltagande_riksdag": 82.5, "valdeltagande_region": 77.8, "valdeltagande_kommun": 78.1, "rostberattigade_riksdag": 1280.0, "rostberattigade_region": 1393.0, "rostberattigade_kommun": 1393.0, "kommun_kod": "1381", "kommun_namn": "Laholm", "ar": 2018 }, "geometry": { "type": "Polygon", "coordinates": [ [ [ 13.37672, 56.64371 ], [ 13.3753, 56.64366 ], [ 13.37367, 56.64275 ], [ 13.37043, 56.64218 ], [ 13.36575, 56.64316 ], [ 13.36272, 56.64218 ], [ 13.3621, 56.63918 ], [ 13.35866, 56.63679 ], [ 13.35832, 56.63607 ], [ 13.3588, 56.63559 ], [ 13.36037, 56.63591 ], [ 13.36222, 56.6355 ], [ 13.36466, 56.63278 ], [ 13.36243, 56.63144 ], [ 13.36266, 56.63073 ], [ 13.36131, 56.62971 ], [ 13.35792, 56.62892 ], [ 13.35708, 56.62752 ], [ 13.3572, 56.62573 ], [ 13.35601, 56.62491 ], [ 13.34892, 56.62771 ], [ 13.34117, 56.63284 ], [ 13.33435, 56.6302 ], [ 13.32155, 56.62998 ], [ 13.31233, 56.62931 ], [ 13.3056, 56.62798 ], [ 13.30567, 56.62274 ], [ 13.30023, 56.6181 ], [ 13.3029, 56.6128 ], [ 13.29998, 56.60852 ], [ 13.29531, 56.60762 ], [ 13.29611, 56.6062 ], [ 13.29547, 56.60525 ], [ 13.29822, 56.60436 ], [ 13.29917, 56.60354 ], [ 13.29885, 56.60298 ], [ 13.29761, 56.60258 ], [ 13.29531, 56.59769 ], [ 13.29907, 56.59638 ], [ 13.2978, 56.59533 ], [ 13.29748, 56.59429 ], [ 13.29817, 56.59147 ], [ 13.29364, 56.58814 ], [ 13.29317, 56.58671 ], [ 13.27841, 56.58449 ], [ 13.27789, 56.58289 ], [ 13.27606, 56.58203 ], [ 13.27404, 56.58015 ], [ 13.27038, 56.58017 ], [ 13.26687, 56.57906 ], [ 13.25952, 56.57226 ], [ 13.26107, 56.57053 ], [ 13.26302, 56.56656 ], [ 13.26676, 56.56727 ], [ 13.26758, 56.5646 ], [ 13.26561, 56.56121 ], [ 13.26359, 56.55941 ], [ 13.26094, 56.55814 ], [ 13.26036, 56.55721 ], [ 13.25749, 56.55586 ], [ 13.24827, 56.54964 ], [ 13.24954, 56.54573 ], [ 13.24782, 56.5429 ], [ 13.24633, 56.5425 ], [ 13.24652, 56.54146 ], [ 13.24587, 56.54091 ], [ 13.24497, 56.54051 ], [ 13.24391, 56.54062 ], [ 13.24374, 56.54014 ], [ 13.24234, 56.54006 ], [ 13.24091, 56.53908 ], [ 13.23892, 56.53855 ], [ 13.2258, 56.53127 ], [ 13.22532, 56.53067 ], [ 13.22798, 56.5307 ], [ 13.2269, 56.52966 ], [ 13.22069, 56.5295 ], [ 13.22065, 56.52901 ], [ 13.22236, 56.52875 ], [ 13.22265, 56.52838 ], [ 13.22508, 56.52872 ], [ 13.22665, 56.52938 ], [ 13.23179, 56.52983 ], [ 13.23336, 56.5296 ], [ 13.24238, 56.52713 ], [ 13.24506, 56.5249 ], [ 13.24892, 56.52413 ], [ 13.24842, 56.52269 ], [ 13.25788, 56.52125 ], [ 13.25945, 56.52131 ], [ 13.26421, 56.51197 ], [ 13.26055, 56.51016 ], [ 13.26109, 56.51006 ], [ 13.25982, 56.50727 ], [ 13.25646, 56.50639 ], [ 13.25584, 56.50095 ], [ 13.25642, 56.49816 ], [ 13.25581, 56.49762 ], [ 13.2549, 56.49729 ], [ 13.25107, 56.49731 ], [ 13.25004, 56.49779 ], [ 13.24877, 56.50009 ], [ 13.24553, 56.50084 ], [ 13.24274, 56.50105 ], [ 13.24235, 56.50076 ], [ 13.24312, 56.49919 ], [ 13.24189, 56.49821 ], [ 13.2434, 56.49592 ], [ 13.24389, 56.49395 ], [ 13.24018, 56.48797 ], [ 13.23741, 56.48656 ], [ 13.23655, 56.48537 ], [ 13.23423, 56.48395 ], [ 13.22761, 56.48094 ], [ 13.22717, 56.48003 ], [ 13.22306, 56.4774 ], [ 13.22163, 56.4739 ], [ 13.21883, 56.47145 ], [ 13.22439, 56.47389 ], [ 13.22637, 56.47053 ], [ 13.22912, 56.46846 ], [ 13.22673, 56.46741 ], [ 13.22641, 56.466 ], [ 13.22874, 56.45198 ], [ 13.2308, 56.45114 ], [ 13.23389, 56.45384 ], [ 13.23804, 56.45551 ], [ 13.24119, 56.45567 ], [ 13.26166, 56.46666 ], [ 13.2847, 56.46554 ], [ 13.28905, 56.46082 ], [ 13.29906, 56.4516 ], [ 13.30407, 56.44936 ], [ 13.32377, 56.45127 ], [ 13.33818, 56.45169 ], [ 13.33855, 56.4526 ], [ 13.3486, 56.45949 ], [ 13.36611, 56.46195 ], [ 13.37862, 56.46267 ], [ 13.37982, 56.46292 ], [ 13.38109, 56.46418 ], [ 13.3821, 56.46344 ], [ 13.3988, 56.46562 ], [ 13.40872, 56.46514 ], [ 13.42098, 56.46764 ], [ 13.42874, 56.46858 ], [ 13.44064, 56.46776 ], [ 13.44988, 56.46796 ], [ 13.44977, 56.47218 ], [ 13.45427, 56.48842 ], [ 13.4542, 56.49752 ], [ 13.45577, 56.4992 ], [ 13.46479, 56.51396 ], [ 13.46291, 56.51481 ], [ 13.45958, 56.52797 ], [ 13.4523, 56.54089 ], [ 13.43999, 56.55445 ], [ 13.44019, 56.55929 ], [ 13.43918, 56.5617 ], [ 13.43998, 56.563 ], [ 13.43938, 56.56437 ], [ 13.43998, 56.56605 ], [ 13.43945, 56.56817 ], [ 13.4382, 56.56976 ], [ 13.43846, 56.57046 ], [ 13.43989, 56.57126 ], [ 13.4309, 56.57401 ], [ 13.4291, 56.57433 ], [ 13.42706, 56.57368 ], [ 13.41781, 56.57764 ], [ 13.41311, 56.58347 ], [ 13.41113, 56.58423 ], [ 13.41124, 56.58562 ], [ 13.40868, 56.58849 ], [ 13.40517, 56.59058 ], [ 13.40412, 56.59207 ], [ 13.40253, 56.59249 ], [ 13.40267, 56.59417 ], [ 13.40426, 56.59489 ], [ 13.39759, 56.60885 ], [ 13.39731, 56.61577 ], [ 13.39299, 56.61952 ], [ 13.39307, 56.6207 ], [ 13.38055, 56.63561 ], [ 13.37896, 56.63652 ], [ 13.37672, 56.64371 ] ] ] } },
{ "type": "Feature", "properties": { "valdistrikt_kod": "13811101", "valdistrikt_namn": "Veinge", "valdeltagande_riksdag": 85.9, "valdeltagande_region": 81.0, "valdeltagande_kommun": 81.3, "rostberattigade_riksdag": 1316.0, "rostberattigade_region": 1411.0, "rostberattigade_kommun": 1411.0, "kommun_kod": "1381", "kommun_namn": "Laholm", "ar": 2018 }, "geometry": { "type": "Polygon", "coordinates": [ [ [ 13.37672, 56.64371 ], [ 13.37597, 56.64611 ], [ 13.37122, 56.65182 ], [ 13.36414, 56.6651 ], [ 13.32827, 56.68769 ], [ 13.32376, 56.68625 ], [ 13.31609, 56.68792 ], [ 13.31318, 56.68791 ], [ 13.3108, 56.68718 ], [ 13.30998, 56.68618 ], [ 13.30805, 56.68543 ], [ 13.30654, 56.68577 ], [ 13.30294, 56.68571 ], [ 13.2985, 56.68727 ], [ 13.29836, 56.68762 ], [ 13.29571, 56.68537 ], [ 13.29128, 56.68358 ], [ 13.28847, 56.6791 ], [ 13.28384, 56.67889 ], [ 13.27802, 56.68006 ], [ 13.25967, 56.67644 ], [ 13.24926, 56.67533 ], [ 13.24149, 56.67513 ], [ 13.2304, 56.67542 ], [ 13.22517, 56.67623 ], [ 13.22438, 56.67543 ], [ 13.22483, 56.6748 ], [ 13.2227, 56.67383 ], [ 13.21962, 56.67617 ], [ 13.20459, 56.67607 ], [ 13.2021, 56.67536 ], [ 13.19647, 56.67598 ], [ 13.19597, 56.67656 ], [ 13.18981, 56.67694 ], [ 13.18849, 56.67556 ], [ 13.17881, 56.67443 ], [ 13.17471, 56.67435 ], [ 13.17324, 56.67287 ], [ 13.17445, 56.67062 ], [ 13.1751, 56.66676 ], [ 13.17748, 56.66635 ], [ 13.18087, 56.66366 ], [ 13.18731, 56.66293 ], [ 13.18941, 56.66235 ], [ 13.19107, 56.66116 ], [ 13.19067, 56.6597 ], [ 13.19185, 56.65904 ], [ 13.19644, 56.65408 ], [ 13.18777, 56.65066 ], [ 13.18797, 56.65035 ], [ 13.18412, 56.65075 ], [ 13.16409, 56.65026 ], [ 13.16593, 56.64613 ], [ 13.16415, 56.63433 ], [ 13.16164, 56.63238 ], [ 13.15844, 56.63102 ], [ 13.15802, 56.63029 ], [ 13.15223, 56.62946 ], [ 13.15077, 56.62861 ], [ 13.14767, 56.6288 ], [ 13.14426, 56.62711 ], [ 13.14411, 56.62624 ], [ 13.14183, 56.62451 ], [ 13.13761, 56.62412 ], [ 13.13667, 56.6235 ], [ 13.13437, 56.62499 ], [ 13.13419, 56.62583 ], [ 13.13314, 56.62625 ], [ 13.13369, 56.62676 ], [ 13.13319, 56.62759 ], [ 13.13198, 56.62819 ], [ 13.13185, 56.62912 ], [ 13.13086, 56.62934 ], [ 13.12996, 56.63055 ], [ 13.12217, 56.6261 ], [ 13.11283, 56.62158 ], [ 13.10136, 56.61453 ], [ 13.09283, 56.61304 ], [ 13.07497, 56.60755 ], [ 13.06361, 56.60336 ], [ 13.06355, 56.60388 ], [ 13.06102, 56.60379 ], [ 13.06206, 56.60279 ], [ 13.05739, 56.6011 ], [ 13.05599, 56.60211 ], [ 13.05414, 56.60159 ], [ 13.05351, 56.60089 ], [ 13.0506, 56.60039 ], [ 13.04737, 56.60066 ], [ 13.04587, 56.59999 ], [ 13.04571, 56.59897 ], [ 13.04042, 56.59678 ], [ 13.03569, 56.59609 ], [ 13.03297, 56.59636 ], [ 13.02769, 56.59565 ], [ 13.02841, 56.59479 ], [ 13.02717, 56.5946 ], [ 13.02763, 56.59386 ], [ 13.02683, 56.59367 ], [ 13.02688, 56.59272 ], [ 13.02497, 56.59137 ], [ 13.02496, 56.59056 ], [ 13.02435, 56.59041 ], [ 13.02387, 56.5908 ], [ 13.02284, 56.59051 ], [ 13.02238, 56.59099 ], [ 13.02185, 56.59089 ], [ 13.02206, 56.59024 ], [ 13.02317, 56.59022 ], [ 13.0231, 56.58981 ], [ 13.02234, 56.5893 ], [ 13.02145, 56.5894 ], [ 13.01912, 56.58785 ], [ 13.01681, 56.58782 ], [ 13.01738, 56.58691 ], [ 13.01663, 56.58671 ], [ 13.01764, 56.58611 ], [ 13.01703, 56.58575 ], [ 13.01734, 56.58547 ], [ 13.01513, 56.58496 ], [ 13.01735, 56.58384 ], [ 13.01591, 56.5836 ], [ 13.01657, 56.58283 ], [ 13.01605, 56.58229 ], [ 13.01737, 56.58199 ], [ 13.01675, 56.58152 ], [ 13.01728, 56.58117 ], [ 13.01696, 56.58079 ], [ 13.01895, 56.58014 ], [ 13.01905, 56.57931 ], [ 13.01962, 56.57932 ], [ 13.01896, 56.57735 ], [ 13.02021, 56.57633 ], [ 13.02004, 56.57589 ], [ 13.02168, 56.57518 ], [ 13.02381, 56.57605 ], [ 13.0254, 56.57534 ], [ 13.02776, 56.57499 ], [ 13.02782, 56.57468 ], [ 13.02884, 56.57484 ], [ 13.03193, 56.57361 ], [ 13.03253, 56.57359 ], [ 13.03314, 56.57429 ], [ 13.03405, 56.57346 ], [ 13.03471, 56.57436 ], [ 13.03587, 56.57375 ], [ 13.03996, 56.57352 ], [ 13.04087, 56.57285 ], [ 13.04348, 56.5735 ], [ 13.04373, 56.57308 ], [ 13.04638, 56.57281 ], [ 13.04646, 56.57235 ], [ 13.04874, 56.57242 ], [ 13.04952, 56.57194 ], [ 13.05004, 56.5724 ], [ 13.05172, 56.57194 ], [ 13.05229, 56.57271 ], [ 13.05384, 56.57181 ], [ 13.05429, 56.57269 ], [ 13.05483, 56.5725 ], [ 13.05457, 56.57189 ], [ 13.05549, 56.57183 ], [ 13.05593, 56.57117 ], [ 13.05645, 56.57133 ], [ 13.05801, 56.57073 ], [ 13.05836, 56.57118 ], [ 13.05934, 56.57055 ], [ 13.05992, 56.57114 ], [ 13.06033, 56.57055 ], [ 13.06139, 56.57064 ], [ 13.06101, 56.57101 ], [ 13.0619, 56.57131 ], [ 13.06371, 56.57085 ], [ 13.06401, 56.5704 ], [ 13.06476, 56.5705 ], [ 13.06529, 56.56975 ], [ 13.06662, 56.5702 ], [ 13.06608, 56.56934 ], [ 13.0681, 56.56962 ], [ 13.06713, 56.56901 ], [ 13.07558, 56.55961 ], [ 13.07443, 56.55692 ], [ 13.07192, 56.55581 ], [ 13.07352, 56.55486 ], [ 13.06812, 56.54263 ], [ 13.07462, 56.5418 ], [ 13.07967, 56.54309 ], [ 13.08164, 56.54319 ], [ 13.10698, 56.54261 ], [ 13.11398, 56.53845 ], [ 13.11855, 56.5394 ], [ 13.11802, 56.53996 ], [ 13.11886, 56.54005 ], [ 13.11895, 56.53947 ], [ 13.12145, 56.54 ], [ 13.12832, 56.53827 ], [ 13.13506, 56.53803 ], [ 13.14054, 56.53472 ], [ 13.1478, 56.53109 ], [ 13.15725, 56.5316 ], [ 13.16376, 56.53391 ], [ 13.16461, 56.53524 ], [ 13.16797, 56.5351 ], [ 13.17265, 56.53408 ], [ 13.17383, 56.53464 ], [ 13.18953, 56.53787 ], [ 13.19057, 56.53772 ], [ 13.21639, 56.54199 ], [ 13.22751, 56.54251 ], [ 13.2381, 56.54229 ], [ 13.24174, 56.54317 ], [ 13.24792, 56.54352 ], [ 13.24954, 56.54573 ], [ 13.24827, 56.54964 ], [ 13.25749, 56.55586 ], [ 13.26036, 56.55721 ], [ 13.26121, 56.55833 ], [ 13.26359, 56.55941 ], [ 13.26561, 56.56121 ], [ 13.26758, 56.5646 ], [ 13.26676, 56.56727 ], [ 13.26302, 56.56656 ], [ 13.26107, 56.57053 ], [ 13.25952, 56.57226 ], [ 13.26687, 56.57906 ], [ 13.27038, 56.58017 ], [ 13.27404, 56.58015 ], [ 13.27606, 56.58203 ], [ 13.27789, 56.58289 ], [ 13.27841, 56.58449 ], [ 13.29317, 56.58671 ], [ 13.29364, 56.58814 ], [ 13.29817, 56.59147 ], [ 13.29748, 56.59429 ], [ 13.2978, 56.59533 ], [ 13.29907, 56.59638 ], [ 13.29531, 56.59769 ], [ 13.29761, 56.60258 ], [ 13.29885, 56.60298 ], [ 13.29917, 56.60354 ], [ 13.29822, 56.60436 ], [ 13.29547, 56.60525 ], [ 13.29611, 56.6062 ], [ 13.29531, 56.60762 ], [ 13.29998, 56.60852 ], [ 13.3029, 56.6128 ], [ 13.30023, 56.6181 ], [ 13.30567, 56.62274 ], [ 13.3056, 56.62798 ], [ 13.31233, 56.62931 ], [ 13.32155, 56.62998 ], [ 13.33435, 56.6302 ], [ 13.34117, 56.63284 ], [ 13.34892, 56.62771 ], [ 13.35601, 56.62491 ], [ 13.3572, 56.62573 ], [ 13.35708, 56.62752 ], [ 13.35792, 56.62892 ], [ 13.36131, 56.62971 ], [ 13.36266, 56.63073 ], [ 13.36243, 56.63144 ], [ 13.36466, 56.63278 ], [ 13.36222, 56.6355 ], [ 13.36037, 56.63591 ], [ 13.3588, 56.63559 ], [ 13.35832, 56.63607 ], [ 13.35866, 56.63679 ], [ 13.3621, 56.63918 ], [ 13.36272, 56.64218 ], [ 13.36575, 56.64316 ], [ 13.37043, 56.64218 ], [ 13.37367, 56.64275 ], [ 13.3753, 56.64366 ], [ 13.37672, 56.64371 ] ] ] } },
{ "type": "Feature", "properties": { "valdistrikt_kod": "13811102", "valdistrikt_namn": "Tjärby", "valdeltagande_riksdag": 86.5, "valdeltagande_region": 82.7, "valdeltagande_kommun": 83.5, "rostberattigade_riksdag": 1040.0, "rostberattigade_region": 1114.0, "rostberattigade_kommun": 1114.0, "kommun_kod": "1381", "kommun_namn": "Laholm", "ar": 2018 }, "geometry": { "type": "Polygon", "coordinates": [ [ [ 13.06795, 56.54273 ], [ 13.07352, 56.55486 ], [ 13.07192, 56.55581 ], [ 13.07443, 56.55692 ], [ 13.07558, 56.55961 ], [ 13.06713, 56.56901 ], [ 13.0681, 56.56962 ], [ 13.06608, 56.56934 ], [ 13.06662, 56.5702 ], [ 13.06529, 56.56975 ], [ 13.06476, 56.5705 ], [ 13.06401, 56.5704 ], [ 13.06371, 56.57085 ], [ 13.0619, 56.57131 ], [ 13.06101, 56.57101 ], [ 13.06139, 56.57064 ], [ 13.06033, 56.57055 ], [ 13.05992, 56.57114 ], [ 13.05934, 56.57055 ], [ 13.05836, 56.57118 ], [ 13.05801, 56.57073 ], [ 13.05645, 56.57133 ], [ 13.05593, 56.57117 ], [ 13.05549, 56.57183 ], [ 13.05457, 56.57189 ], [ 13.05483, 56.5725 ], [ 13.05429, 56.57269 ], [ 13.05384, 56.57181 ], [ 13.05229, 56.57271 ], [ 13.05117, 56.57185 ], [ 13.05004, 56.5724 ], [ 13.04973, 56.57194 ], [ 13.04874, 56.57242 ], [ 13.04675, 56.57228 ], [ 13.04638, 56.57281 ], [ 13.04373, 56.57308 ], [ 13.04348, 56.5735 ], [ 13.04087, 56.57285 ], [ 13.03996, 56.57352 ], [ 13.03587, 56.57375 ], [ 13.03471, 56.57436 ], [ 13.03405, 56.57346 ], [ 13.03314, 56.57429 ], [ 13.03253, 56.57359 ], [ 13.03193, 56.57361 ], [ 13.02884, 56.57484 ], [ 13.02782, 56.57468 ], [ 13.02776, 56.57499 ], [ 13.0254, 56.57534 ], [ 13.02373, 56.57606 ], [ 13.02191, 56.57516 ], [ 13.02041, 56.57494 ], [ 13.01979, 56.57373 ], [ 13.01762, 56.57391 ], [ 13.01687, 56.57324 ], [ 13.01556, 56.57316 ], [ 13.01378, 56.57381 ], [ 13.00969, 56.57352 ], [ 13.00925, 56.57305 ], [ 13.01019, 56.57246 ], [ 13.00947, 56.57089 ], [ 13.00666, 56.56851 ], [ 13.0066, 56.56768 ], [ 12.99639, 56.5592 ], [ 12.98791, 56.55695 ], [ 12.97478, 56.54309 ], [ 12.97334, 56.54174 ], [ 12.97222, 56.54198 ], [ 12.97278, 56.54068 ], [ 12.97226, 56.53977 ], [ 12.9733, 56.53976 ], [ 12.97338, 56.5401 ], [ 12.98537, 56.53985 ], [ 12.9986, 56.53921 ], [ 13.00986, 56.54174 ], [ 13.01992, 56.5463 ], [ 13.01996, 56.54124 ], [ 13.02804, 56.54163 ], [ 13.03814, 56.53958 ], [ 13.04323, 56.53949 ], [ 13.04344, 56.54169 ], [ 13.05061, 56.54166 ], [ 13.05067, 56.54133 ], [ 13.05146, 56.54132 ], [ 13.05148, 56.54164 ], [ 13.06518, 56.54155 ], [ 13.06567, 56.54297 ], [ 13.06795, 56.54273 ] ] ] } },
{ "type": "Feature", "properties": { "valdistrikt_kod": "13150101", "valdistrikt_namn": "Torup", "valdeltagande_riksdag": 83.4, "valdeltagande_region": 80.0, "valdeltagande_kommun": 80.7, "rostberattigade_riksdag": 1202.0, "rostberattigade_region": 1293.0, "rostberattigade_kommun": 1293.0, "kommun_kod": "1315", "kommun_namn": "Hylte", "ar": 2018 }, "geometry": { "type": "Polygon", "coordinates": [ [ [ 13.03612, 57.00625 ], [ 13.03947, 57.00969 ], [ 13.03257, 57.0096 ], [ 13.03118, 57.0073 ], [ 13.02348, 57.00334 ], [ 13.01594, 57.00273 ], [ 13.01481, 57.00334 ], [ 13.00912, 57.00169 ], [ 13.0082, 57.00184 ], [ 13.00609, 57.00119 ], [ 13.00461, 57.00196 ], [ 12.99942, 56.99718 ], [ 12.99227, 56.99615 ], [ 12.99306, 56.99147 ], [ 12.99057, 56.98846 ], [ 12.98861, 56.98321 ], [ 12.98848, 56.98079 ], [ 12.98497, 56.97678 ], [ 12.97924, 56.97397 ], [ 12.9727, 56.96753 ], [ 12.96395, 56.96158 ], [ 12.959, 56.95552 ], [ 12.95815, 56.95343 ], [ 12.95623, 56.95289 ], [ 12.95277, 56.95052 ], [ 12.95139, 56.9505 ], [ 12.94918, 56.94965 ], [ 12.94887, 56.9485 ], [ 12.94551, 56.94839 ], [ 12.94332, 56.94604 ], [ 12.94081, 56.94647 ], [ 12.94069, 56.94725 ], [ 12.93938, 56.9474 ], [ 12.9376, 56.94663 ], [ 12.93746, 56.94546 ], [ 12.93612, 56.94549 ], [ 12.93352, 56.94441 ], [ 12.93535, 56.9436 ], [ 12.93658, 56.93806 ], [ 12.93571, 56.93519 ], [ 12.9402, 56.93317 ], [ 12.93864, 56.93352 ], [ 12.9399, 56.93087 ], [ 12.94212, 56.92896 ], [ 12.94285, 56.92686 ], [ 12.94212, 56.92231 ], [ 12.94405, 56.92127 ], [ 12.94865, 56.91975 ], [ 12.9498, 56.92129 ], [ 12.95197, 56.92285 ], [ 12.96087, 56.92309 ], [ 12.96126, 56.92374 ], [ 12.96653, 56.92343 ], [ 12.97269, 56.92384 ], [ 12.97517, 56.92101 ], [ 12.97582, 56.91826 ], [ 12.98201, 56.91602 ], [ 12.98452, 56.91609 ], [ 12.98595, 56.9155 ], [ 12.99001, 56.91618 ], [ 12.99212, 56.91547 ], [ 12.99527, 56.91773 ], [ 12.99639, 56.91777 ], [ 12.99838, 56.91737 ], [ 12.99855, 56.91671 ], [ 12.99967, 56.91653 ], [ 13.00027, 56.91581 ], [ 13.0029, 56.91549 ], [ 13.00371, 56.91349 ], [ 13.00446, 56.91289 ], [ 13.00514, 56.91295 ], [ 13.00553, 56.91189 ], [ 13.00345, 56.90911 ], [ 13.00332, 56.90643 ], [ 13.00276, 56.90519 ], [ 13.00177, 56.90473 ], [ 13.00081, 56.89947 ], [ 12.99992, 56.89847 ], [ 13.00667, 56.89839 ], [ 13.00619, 56.8962 ], [ 13.00551, 56.89599 ], [ 13.00739, 56.89538 ], [ 13.00408, 56.88791 ], [ 12.9997, 56.88784 ], [ 13.00033, 56.88554 ], [ 13.00008, 56.88 ], [ 13.00138, 56.87507 ], [ 12.99879, 56.87269 ], [ 13.00108, 56.86533 ], [ 13.01544, 56.86126 ], [ 13.02481, 56.85679 ], [ 13.03252, 56.85375 ], [ 13.03086, 56.85163 ], [ 13.03319, 56.85082 ], [ 13.03536, 56.85068 ], [ 13.03595, 56.84976 ], [ 13.03502, 56.84816 ], [ 13.03491, 56.84654 ], [ 13.03357, 56.84586 ], [ 13.03454, 56.84351 ], [ 13.0395, 56.84286 ], [ 13.04386, 56.84104 ], [ 13.04485, 56.84158 ], [ 13.0465, 56.8416 ], [ 13.0485, 56.84248 ], [ 13.05143, 56.84251 ], [ 13.05373, 56.84168 ], [ 13.05576, 56.8424 ], [ 13.06326, 56.8438 ], [ 13.06743, 56.84419 ], [ 13.07178, 56.84777 ], [ 13.07436, 56.85098 ], [ 13.07613, 56.85813 ], [ 13.08338, 56.86354 ], [ 13.08765, 56.86588 ], [ 13.09607, 56.86797 ], [ 13.09782, 56.86765 ], [ 13.10364, 56.86484 ], [ 13.10635, 56.86537 ], [ 13.1127, 56.86769 ], [ 13.11634, 56.86792 ], [ 13.1163, 56.86934 ], [ 13.11474, 56.87012 ], [ 13.11553, 56.87019 ], [ 13.11499, 56.87087 ], [ 13.11607, 56.87092 ], [ 13.11805, 56.87378 ], [ 13.11705, 56.87458 ], [ 13.11827, 56.87539 ], [ 13.11686, 56.87735 ], [ 13.11736, 56.87893 ], [ 13.11927, 56.87997 ], [ 13.12062, 56.88022 ], [ 13.11814, 56.88439 ], [ 13.12096, 56.88736 ], [ 13.12575, 56.88989 ], [ 13.13084, 56.89138 ], [ 13.13716, 56.89213 ], [ 13.1464, 56.88885 ], [ 13.15088, 56.88842 ], [ 13.15134, 56.89249 ], [ 13.15364, 56.89402 ], [ 13.15339, 56.89461 ], [ 13.15457, 56.89592 ], [ 13.15634, 56.89649 ], [ 13.15763, 56.89828 ], [ 13.15897, 56.89905 ], [ 13.15888, 56.90046 ], [ 13.16187, 56.90079 ], [ 13.16111, 56.90177 ], [ 13.16588, 56.90735 ], [ 13.15583, 56.91259 ], [ 13.15048, 56.91815 ], [ 13.14518, 56.91976 ], [ 13.14627, 56.9177 ], [ 13.1437, 56.91704 ], [ 13.1416, 56.91702 ], [ 13.13787, 56.91935 ], [ 13.13864, 56.92076 ], [ 13.13995, 56.92068 ], [ 13.1409, 56.92115 ], [ 13.13862, 56.92211 ], [ 13.13552, 56.92231 ], [ 13.13475, 56.9231 ], [ 13.13316, 56.92348 ], [ 13.13242, 56.92451 ], [ 13.13422, 56.92615 ], [ 13.13403, 56.9266 ], [ 13.13631, 56.92767 ], [ 13.1383, 56.9296 ], [ 13.1371, 56.93005 ], [ 13.13711, 56.93045 ], [ 13.1354, 56.93045 ], [ 13.13399, 56.93096 ], [ 13.13313, 56.93313 ], [ 13.13456, 56.93434 ], [ 13.13376, 56.93568 ], [ 13.13824, 56.93677 ], [ 13.14188, 56.93496 ], [ 13.14751, 56.93965 ], [ 13.1479, 56.93894 ], [ 13.15038, 56.93765 ], [ 13.15407, 56.93665 ], [ 13.15234, 56.93991 ], [ 13.15591, 56.94057 ], [ 13.15686, 56.94124 ], [ 13.1557, 56.94306 ], [ 13.15856, 56.94452 ], [ 13.15573, 56.94662 ], [ 13.15508, 56.94498 ], [ 13.15621, 56.94465 ], [ 13.15499, 56.94411 ], [ 13.13447, 56.94385 ], [ 13.13222, 56.9453 ], [ 13.12845, 56.9455 ], [ 13.12517, 56.94682 ], [ 13.12306, 56.9462 ], [ 13.12234, 56.94713 ], [ 13.12047, 56.94801 ], [ 13.12078, 56.94938 ], [ 13.11752, 56.95018 ], [ 13.11375, 56.95178 ], [ 13.11011, 56.95103 ], [ 13.1069, 56.95128 ], [ 13.10256, 56.95247 ], [ 13.10408, 56.95556 ], [ 13.10297, 56.95612 ], [ 13.11055, 56.95694 ], [ 13.11258, 56.95779 ], [ 13.11326, 56.96498 ], [ 13.1101, 56.96438 ], [ 13.103, 56.97106 ], [ 13.12628, 56.97503 ], [ 13.13035, 56.98628 ], [ 13.10472, 56.98428 ], [ 13.10248, 56.98315 ], [ 13.0936, 56.98342 ], [ 13.09032, 56.979 ], [ 13.09103, 56.97862 ], [ 13.08795, 56.97802 ], [ 13.08042, 56.98319 ], [ 13.07433, 56.98502 ], [ 13.07329, 56.99726 ], [ 13.04643, 57.00236 ], [ 13.03612, 57.00625 ] ] ] } },
{ "type": "Feature", "properties": { "valdistrikt_kod": "13150102", "valdistrikt_namn": "Rydöbruk-Femsjö", "valdeltagande_riksdag": 81.6, "valdeltagande_region": 77.3, "valdeltagande_kommun": 77.8, "rostberattigade_riksdag": 599.0, "rostberattigade_region": 649.0, "rostberattigade_kommun": 649.0, "kommun_kod": "1315", "kommun_namn": "Hylte", "ar": 2018 }, "geometry": { "type": "Polygon", "coordinates": [ [ [ 13.17797, 57.00682 ], [ 13.17822, 57.00756 ], [ 13.17668, 57.00817 ], [ 13.17662, 57.00871 ], [ 13.1621, 56.9954 ], [ 13.15893, 56.99609 ], [ 13.1576, 56.99466 ], [ 13.15635, 56.99415 ], [ 13.15601, 56.99318 ], [ 13.15464, 56.99288 ], [ 13.15513, 56.99236 ], [ 13.15447, 56.99184 ], [ 13.15515, 56.99142 ], [ 13.15363, 56.99086 ], [ 13.15499, 56.98922 ], [ 13.15456, 56.98913 ], [ 13.15326, 56.99008 ], [ 13.15216, 56.98945 ], [ 13.15318, 56.98717 ], [ 13.14743, 56.98819 ], [ 13.14133, 56.98697 ], [ 13.1306, 56.98704 ], [ 13.12628, 56.97503 ], [ 13.103, 56.97106 ], [ 13.1101, 56.96438 ], [ 13.11326, 56.96498 ], [ 13.11258, 56.95779 ], [ 13.11055, 56.95694 ], [ 13.10297, 56.95612 ], [ 13.10408, 56.95556 ], [ 13.10256, 56.95247 ], [ 13.1069, 56.95128 ], [ 13.11011, 56.95103 ], [ 13.11375, 56.95178 ], [ 13.11752, 56.95018 ], [ 13.12078, 56.94938 ], [ 13.12047, 56.94801 ], [ 13.12234, 56.94713 ], [ 13.12306, 56.9462 ], [ 13.12517, 56.94682 ], [ 13.12845, 56.9455 ], [ 13.13222, 56.9453 ], [ 13.13447, 56.94385 ], [ 13.15499, 56.94411 ], [ 13.15621, 56.94465 ], [ 13.15508, 56.94498 ], [ 13.15573, 56.94662 ], [ 13.15856, 56.94452 ], [ 13.1557, 56.94306 ], [ 13.15686, 56.94124 ], [ 13.15591, 56.94057 ], [ 13.15234, 56.93991 ], [ 13.15407, 56.93665 ], [ 13.15038, 56.93765 ], [ 13.1479, 56.93894 ], [ 13.14751, 56.93965 ], [ 13.14188, 56.93496 ], [ 13.13824, 56.93677 ], [ 13.13376, 56.93568 ], [ 13.13456, 56.93434 ], [ 13.13313, 56.93313 ], [ 13.13399, 56.93096 ], [ 13.1354, 56.93045 ], [ 13.13711, 56.93045 ], [ 13.1371, 56.93005 ], [ 13.1383, 56.9296 ], [ 13.13631, 56.92767 ], [ 13.13403, 56.9266 ], [ 13.13422, 56.92615 ], [ 13.13242, 56.92451 ], [ 13.13316, 56.92348 ], [ 13.13475, 56.9231 ], [ 13.13552, 56.92231 ], [ 13.13862, 56.92211 ], [ 13.1409, 56.92115 ], [ 13.13995, 56.92068 ], [ 13.13864, 56.92076 ], [ 13.13787, 56.91935 ], [ 13.1416, 56.91702 ], [ 13.1437, 56.91704 ], [ 13.14627, 56.9177 ], [ 13.14518, 56.91976 ], [ 13.15048, 56.91815 ], [ 13.15583, 56.91259 ], [ 13.16588, 56.90735 ], [ 13.16111, 56.90177 ], [ 13.16187, 56.90079 ], [ 13.15888, 56.90046 ], [ 13.15897, 56.89905 ], [ 13.15763, 56.89828 ], [ 13.15634, 56.89649 ], [ 13.15457, 56.89592 ], [ 13.15339, 56.89461 ], [ 13.15364, 56.89402 ], [ 13.15134, 56.89249 ], [ 13.15036, 56.88647 ], [ 13.15409, 56.88277 ], [ 13.15587, 56.8835 ], [ 13.16391, 56.88307 ], [ 13.17198, 56.88083 ], [ 13.17681, 56.87778 ], [ 13.17523, 56.87598 ], [ 13.17873, 56.87439 ], [ 13.16619, 56.8556 ], [ 13.16173, 56.8499 ], [ 13.16309, 56.84922 ], [ 13.16078, 56.84729 ], [ 13.15608, 56.83982 ], [ 13.16034, 56.8309 ], [ 13.16306, 56.8272 ], [ 13.18073, 56.82605 ], [ 13.17968, 56.82727 ], [ 13.18043, 56.82803 ], [ 13.185, 56.82987 ], [ 13.18869, 56.82933 ], [ 13.19268, 56.83003 ], [ 13.20202, 56.83567 ], [ 13.20683, 56.83502 ], [ 13.20942, 56.83192 ], [ 13.2131, 56.83229 ], [ 13.23999, 56.84105 ], [ 13.24179, 56.8445 ], [ 13.24092, 56.84745 ], [ 13.24328, 56.84802 ], [ 13.24875, 56.84666 ], [ 13.24976, 56.84688 ], [ 13.25033, 56.84629 ], [ 13.25552, 56.84697 ], [ 13.26195, 56.85302 ], [ 13.26662, 56.8529 ], [ 13.2745, 56.84667 ], [ 13.28064, 56.84301 ], [ 13.28641, 56.8373 ], [ 13.28893, 56.83637 ], [ 13.28974, 56.83546 ], [ 13.28932, 56.83508 ], [ 13.29229, 56.83398 ], [ 13.2971, 56.83091 ], [ 13.29816, 56.82365 ], [ 13.30657, 56.82685 ], [ 13.31091, 56.82793 ], [ 13.32308, 56.83228 ], [ 13.33791, 56.83824 ], [ 13.33705, 56.84098 ], [ 13.33462, 56.84421 ], [ 13.33822, 56.84448 ], [ 13.3399, 56.85004 ], [ 13.33411, 56.8516 ], [ 13.3373, 56.85563 ], [ 13.33151, 56.86185 ], [ 13.33259, 56.86413 ], [ 13.33394, 56.86497 ], [ 13.3353, 56.86524 ], [ 13.33447, 56.86652 ], [ 13.33548, 56.87007 ], [ 13.33463, 56.87416 ], [ 13.33853, 56.87243 ], [ 13.34432, 56.87269 ], [ 13.34543, 56.87167 ], [ 13.34484, 56.87003 ], [ 13.34573, 56.86969 ], [ 13.34602, 56.8688 ], [ 13.34721, 56.86882 ], [ 13.3478, 56.86814 ], [ 13.34553, 56.86606 ], [ 13.34569, 56.86399 ], [ 13.34818, 56.86415 ], [ 13.34997, 56.86328 ], [ 13.35252, 56.86341 ], [ 13.35481, 56.86061 ], [ 13.35483, 56.8588 ], [ 13.35896, 56.85729 ], [ 13.36051, 56.85842 ], [ 13.36424, 56.85926 ], [ 13.37278, 56.86273 ], [ 13.38161, 56.86464 ], [ 13.38937, 56.86696 ], [ 13.39631, 56.86712 ], [ 13.40299, 56.8692 ], [ 13.4042, 56.87037 ], [ 13.40507, 56.87059 ], [ 13.40647, 56.87076 ], [ 13.41047, 56.87036 ], [ 13.41365, 56.87121 ], [ 13.4178, 56.86955 ], [ 13.42354, 56.86977 ], [ 13.42697, 56.86913 ], [ 13.43222, 56.86904 ], [ 13.43655, 56.87185 ], [ 13.43191, 56.87295 ], [ 13.41668, 56.87295 ], [ 13.41873, 56.88411 ], [ 13.41176, 56.88573 ], [ 13.41021, 56.88564 ], [ 13.40538, 56.8842 ], [ 13.40189, 56.8852 ], [ 13.40404, 56.88854 ], [ 13.40733, 56.89089 ], [ 13.42487, 56.89608 ], [ 13.42607, 56.89742 ], [ 13.41722, 56.89891 ], [ 13.41694, 56.90399 ], [ 13.41617, 56.9055 ], [ 13.41726, 56.9066 ], [ 13.41901, 56.90734 ], [ 13.41932, 56.90807 ], [ 13.42644, 56.91087 ], [ 13.42136, 56.9139 ], [ 13.41872, 56.91297 ], [ 13.41714, 56.91289 ], [ 13.41368, 56.91418 ], [ 13.40769, 56.9146 ], [ 13.40767, 56.91519 ], [ 13.40402, 56.91654 ], [ 13.40287, 56.91933 ], [ 13.40343, 56.9203 ], [ 13.4082, 56.92356 ], [ 13.40845, 56.92564 ], [ 13.40913, 56.92627 ], [ 13.40848, 56.92771 ], [ 13.40334, 56.92768 ], [ 13.40063, 56.92887 ], [ 13.40098, 56.93053 ], [ 13.39988, 56.9314 ], [ 13.39996, 56.93197 ], [ 13.3976, 56.93262 ], [ 13.39702, 56.9331 ], [ 13.3972, 56.93407 ], [ 13.39355, 56.93518 ], [ 13.39231, 56.94114 ], [ 13.3948, 56.94723 ], [ 13.39162, 56.94927 ], [ 13.39108, 56.95133 ], [ 13.38531, 56.95194 ], [ 13.38375, 56.95452 ], [ 13.37655, 56.95737 ], [ 13.3704, 56.9539 ], [ 13.37205, 56.95226 ], [ 13.36985, 56.94507 ], [ 13.3689, 56.94379 ], [ 13.359, 56.93619 ], [ 13.3546, 56.93472 ], [ 13.35247, 56.93486 ], [ 13.34954, 56.93282 ], [ 13.34734, 56.93192 ], [ 13.34414, 56.9308 ], [ 13.33913, 56.93311 ], [ 13.32896, 56.93394 ], [ 13.32959, 56.92984 ], [ 13.32441, 56.92959 ], [ 13.31905, 56.92817 ], [ 13.31698, 56.92645 ], [ 13.31118, 56.92489 ], [ 13.30903, 56.92348 ], [ 13.3065, 56.92392 ], [ 13.29948, 56.92628 ], [ 13.29402, 56.92626 ], [ 13.2786, 56.92919 ], [ 13.26138, 56.92233 ], [ 13.24954, 56.90303 ], [ 13.24863, 56.9043 ], [ 13.24318, 56.90649 ], [ 13.23811, 56.90674 ], [ 13.23547, 56.90724 ], [ 13.23355, 56.90929 ], [ 13.23104, 56.91022 ], [ 13.2239, 56.91451 ], [ 13.22363, 56.91433 ], [ 13.22146, 56.916 ], [ 13.21978, 56.91954 ], [ 13.2176, 56.92197 ], [ 13.21879, 56.92393 ], [ 13.22072, 56.92532 ], [ 13.21939, 56.92742 ], [ 13.21804, 56.92809 ], [ 13.21637, 56.93002 ], [ 13.217, 56.9332 ], [ 13.20876, 56.93381 ], [ 13.18371, 56.94659 ], [ 13.183, 56.94907 ], [ 13.18474, 56.95048 ], [ 13.18057, 56.95278 ], [ 13.17891, 56.95427 ], [ 13.17809, 56.95921 ], [ 13.17209, 56.96111 ], [ 13.17529, 56.96462 ], [ 13.16628, 56.96726 ], [ 13.16896, 56.96795 ], [ 13.17207, 56.96948 ], [ 13.177, 56.97011 ], [ 13.18056, 56.97248 ], [ 13.17787, 56.9735 ], [ 13.18049, 56.97545 ], [ 13.16768, 56.97769 ], [ 13.1654, 56.9772 ], [ 13.16421, 56.97648 ], [ 13.16352, 56.97762 ], [ 13.16862, 56.98025 ], [ 13.17002, 56.98279 ], [ 13.17233, 56.98368 ], [ 13.17284, 56.98652 ], [ 13.1751, 56.98962 ], [ 13.17864, 56.99211 ], [ 13.18023, 56.99243 ], [ 13.18268, 56.99418 ], [ 13.18406, 56.99404 ], [ 13.18726, 57.00025 ], [ 13.17968, 57.00163 ], [ 13.18238, 57.00699 ], [ 13.18113, 57.00738 ], [ 13.17797, 57.00682 ] ] ] } },
{ "type": "Feature", "properties": { "valdistrikt_kod": "13150201", "valdistrikt_namn": "Kinnared-Drängsered", "valdeltagande_riksdag": 81.4, "valdeltagande_region": 74.9, "valdeltagande_kommun": 75.1, "rostberattigade_riksdag": 695.0, "rostberattigade_region": 768.0, "rostberattigade_kommun": 768.0, "kommun_kod": "1315", "kommun_namn": "Hylte", "ar": 2018 }, "geometry": { "type": "Polygon", "coordinates": [ [ [ 13.08487, 57.09361 ], [ 13.07907, 57.0989 ], [ 13.0628, 57.09447 ], [ 13.06407, 57.09398 ], [ 13.06644, 57.09092 ], [ 13.06487, 57.09004 ], [ 13.06219, 57.08966 ], [ 13.05801, 57.08642 ], [ 13.05612, 57.08629 ], [ 13.05399, 57.08739 ], [ 13.05096, 57.08721 ], [ 13.05008, 57.08643 ], [ 13.04862, 57.08645 ], [ 13.04572, 57.08454 ], [ 13.04116, 57.0857 ], [ 13.03927, 57.08759 ], [ 13.03531, 57.08661 ], [ 13.02912, 57.08372 ], [ 13.02676, 57.08373 ], [ 13.02466, 57.08283 ], [ 13.02375, 57.08186 ], [ 13.02522, 57.08033 ], [ 13.02278, 57.07481 ], [ 13.02342, 57.0728 ], [ 13.02059, 57.07118 ], [ 13.01405, 57.05645 ], [ 13.00983, 57.05055 ], [ 13.01681, 57.04707 ], [ 13.0027, 57.04105 ], [ 13.00406, 57.03719 ], [ 13.00061, 57.03615 ], [ 12.99768, 57.0423 ], [ 12.9808, 57.04769 ], [ 12.97448, 57.04746 ], [ 12.97207, 57.047 ], [ 12.97192, 57.05103 ], [ 12.95469, 57.04471 ], [ 12.95238, 57.04546 ], [ 12.94956, 57.04553 ], [ 12.94602, 57.04725 ], [ 12.94262, 57.04707 ], [ 12.94028, 57.04655 ], [ 12.94006, 57.04767 ], [ 12.94057, 57.04826 ], [ 12.94123, 57.04825 ], [ 12.94129, 57.04908 ], [ 12.93799, 57.05131 ], [ 12.94376, 57.05504 ], [ 12.94326, 57.05542 ], [ 12.94387, 57.05737 ], [ 12.9367, 57.05829 ], [ 12.92625, 57.05556 ], [ 12.91865, 57.05416 ], [ 12.92026, 57.0504 ], [ 12.90814, 57.04285 ], [ 12.9134, 57.04102 ], [ 12.91378, 57.04018 ], [ 12.91287, 57.03916 ], [ 12.91442, 57.03753 ], [ 12.91425, 57.03665 ], [ 12.91122, 57.03504 ], [ 12.91131, 57.03463 ], [ 12.90943, 57.03337 ], [ 12.90742, 57.03271 ], [ 12.90691, 57.03214 ], [ 12.90728, 57.03138 ], [ 12.90577, 57.02981 ], [ 12.90359, 57.029 ], [ 12.90281, 57.02927 ], [ 12.90174, 57.02898 ], [ 12.90154, 57.02779 ], [ 12.90029, 57.02701 ], [ 12.90142, 57.02572 ], [ 12.90238, 57.02544 ], [ 12.90261, 57.02409 ], [ 12.9018, 57.02308 ], [ 12.89978, 57.02223 ], [ 12.8995, 57.02081 ], [ 12.89633, 57.02111 ], [ 12.89396, 57.02049 ], [ 12.89235, 57.02065 ], [ 12.88291, 57.01835 ], [ 12.87668, 57.02011 ], [ 12.87049, 57.02336 ], [ 12.85969, 57.02261 ], [ 12.85345, 57.0208 ], [ 12.85295, 57.02017 ], [ 12.85369, 57.01995 ], [ 12.84544, 57.0151 ], [ 12.84668, 57.01383 ], [ 12.84846, 57.00899 ], [ 12.85133, 57.00413 ], [ 12.84822, 57.00311 ], [ 12.84456, 57.00087 ], [ 12.84383, 57.00157 ], [ 12.84129, 57.00242 ], [ 12.83905, 57.00226 ], [ 12.83483, 57.00267 ], [ 12.83264, 57.00116 ], [ 12.83276, 56.9955 ], [ 12.82629, 56.99183 ], [ 12.82467, 56.99145 ], [ 12.82557, 56.98917 ], [ 12.82502, 56.9882 ], [ 12.82601, 56.98748 ], [ 12.82626, 56.98645 ], [ 12.82103, 56.9826 ], [ 12.82274, 56.97492 ], [ 12.82604, 56.97278 ], [ 12.83858, 56.96555 ], [ 12.83988, 56.96563 ], [ 12.84502, 56.96731 ], [ 12.84796, 56.96887 ], [ 12.85259, 56.96879 ], [ 12.85485, 56.96746 ], [ 12.8556, 56.96615 ], [ 12.85759, 56.96675 ], [ 12.85881, 56.96924 ], [ 12.86417, 56.97119 ], [ 12.86993, 56.96905 ], [ 12.87075, 56.96852 ], [ 12.87057, 56.96789 ], [ 12.87227, 56.96667 ], [ 12.87347, 56.96424 ], [ 12.87202, 56.96343 ], [ 12.87119, 56.96142 ], [ 12.86835, 56.95961 ], [ 12.86909, 56.95586 ], [ 12.87405, 56.9558 ], [ 12.87535, 56.95652 ], [ 12.87687, 56.95682 ], [ 12.8779, 56.95662 ], [ 12.88071, 56.95842 ], [ 12.88305, 56.95793 ], [ 12.88488, 56.95705 ], [ 12.88695, 56.95519 ], [ 12.89133, 56.9546 ], [ 12.89534, 56.95534 ], [ 12.89607, 56.95617 ], [ 12.90001, 56.95757 ], [ 12.90333, 56.95686 ], [ 12.91063, 56.95762 ], [ 12.9116, 56.95782 ], [ 12.91212, 56.95927 ], [ 12.91323, 56.95923 ], [ 12.9145, 56.9553 ], [ 12.91375, 56.95458 ], [ 12.91459, 56.95371 ], [ 12.91428, 56.9515 ], [ 12.91623, 56.94855 ], [ 12.91543, 56.94712 ], [ 12.91303, 56.94617 ], [ 12.91182, 56.94342 ], [ 12.9196, 56.94104 ], [ 12.92107, 56.9413 ], [ 12.92337, 56.94075 ], [ 12.92444, 56.94117 ], [ 12.92467, 56.94186 ], [ 12.93007, 56.94251 ], [ 12.93276, 56.94429 ], [ 12.93612, 56.94549 ], [ 12.93746, 56.94546 ], [ 12.9376, 56.94663 ], [ 12.93938, 56.9474 ], [ 12.94069, 56.94725 ], [ 12.94081, 56.94647 ], [ 12.94332, 56.94604 ], [ 12.94551, 56.94839 ], [ 12.94887, 56.9485 ], [ 12.94918, 56.94965 ], [ 12.95139, 56.9505 ], [ 12.95277, 56.95052 ], [ 12.95623, 56.95289 ], [ 12.95815, 56.95343 ], [ 12.959, 56.95552 ], [ 12.96395, 56.96158 ], [ 12.9727, 56.96753 ], [ 12.97924, 56.97397 ], [ 12.98497, 56.97678 ], [ 12.98848, 56.98079 ], [ 12.98861, 56.98321 ], [ 12.99057, 56.98846 ], [ 12.99306, 56.99147 ], [ 12.99227, 56.99615 ], [ 12.99942, 56.99718 ], [ 13.00461, 57.00196 ], [ 13.00609, 57.00119 ], [ 13.0082, 57.00184 ], [ 13.00912, 57.00169 ], [ 13.01481, 57.00334 ], [ 13.01594, 57.00273 ], [ 13.02348, 57.00334 ], [ 13.03118, 57.0073 ], [ 13.03257, 57.0096 ], [ 13.03947, 57.00969 ], [ 13.03612, 57.00625 ], [ 13.04643, 57.00236 ], [ 13.07329, 56.99726 ], [ 13.07433, 56.98502 ], [ 13.08042, 56.98319 ], [ 13.08795, 56.97802 ], [ 13.09103, 56.97862 ], [ 13.09032, 56.979 ], [ 13.0936, 56.98342 ], [ 13.10248, 56.98315 ], [ 13.10472, 56.98428 ], [ 13.13035, 56.98628 ], [ 13.1306, 56.98704 ], [ 13.14133, 56.98697 ], [ 13.14743, 56.98819 ], [ 13.15318, 56.98717 ], [ 13.15216, 56.98945 ], [ 13.15326, 56.99008 ], [ 13.15456, 56.98913 ], [ 13.15499, 56.98922 ], [ 13.15363, 56.99086 ], [ 13.15515, 56.99142 ], [ 13.15447, 56.99184 ], [ 13.15513, 56.99236 ], [ 13.15464, 56.99288 ], [ 13.15601, 56.99318 ], [ 13.15635, 56.99415 ], [ 13.1576, 56.99466 ], [ 13.15893, 56.99609 ], [ 13.1621, 56.9954 ], [ 13.17662, 57.00871 ], [ 13.17481, 57.00936 ], [ 13.17512, 57.00973 ], [ 13.17458, 57.01007 ], [ 13.18054, 57.01361 ], [ 13.17194, 57.01522 ], [ 13.17334, 57.01627 ], [ 13.17363, 57.01854 ], [ 13.17568, 57.02021 ], [ 13.17496, 57.02654 ], [ 13.17657, 57.02799 ], [ 13.17437, 57.02976 ], [ 13.17782, 57.03189 ], [ 13.17865, 57.0335 ], [ 13.18086, 57.03505 ], [ 13.18366, 57.03588 ], [ 13.18811, 57.03546 ], [ 13.18189, 57.03765 ], [ 13.17376, 57.03975 ], [ 13.16555, 57.04111 ], [ 13.16364, 57.04097 ], [ 13.1563, 57.03741 ], [ 13.15482, 57.03763 ], [ 13.15264, 57.03698 ], [ 13.15063, 57.03712 ], [ 13.14791, 57.03636 ], [ 13.14653, 57.03666 ], [ 13.14496, 57.03765 ], [ 13.1408, 57.03618 ], [ 13.13653, 57.03446 ], [ 13.13405, 57.03224 ], [ 13.13332, 57.02707 ], [ 13.12894, 57.02687 ], [ 13.12773, 57.0266 ], [ 13.12735, 57.02599 ], [ 13.12118, 57.02514 ], [ 13.12207, 57.02681 ], [ 13.12168, 57.028 ], [ 13.11794, 57.03232 ], [ 13.11784, 57.03306 ], [ 13.12075, 57.03466 ], [ 13.12185, 57.03584 ], [ 13.12086, 57.03658 ], [ 13.11729, 57.03786 ], [ 13.11329, 57.04083 ], [ 13.11509, 57.04287 ], [ 13.11441, 57.04462 ], [ 13.11447, 57.04704 ], [ 13.11506, 57.0477 ], [ 13.11666, 57.04794 ], [ 13.11596, 57.04887 ], [ 13.11653, 57.04994 ], [ 13.12175, 57.05354 ], [ 13.12143, 57.05682 ], [ 13.11953, 57.05914 ], [ 13.11821, 57.05965 ], [ 13.11537, 57.05984 ], [ 13.11479, 57.06024 ], [ 13.11472, 57.06137 ], [ 13.11643, 57.06319 ], [ 13.11626, 57.06436 ], [ 13.11318, 57.06425 ], [ 13.107, 57.06561 ], [ 13.10588, 57.06715 ], [ 13.10349, 57.06856 ], [ 13.09914, 57.07014 ], [ 13.10026, 57.07409 ], [ 13.09539, 57.07345 ], [ 13.09446, 57.07566 ], [ 13.09291, 57.07627 ], [ 13.09078, 57.07651 ], [ 13.08744, 57.07797 ], [ 13.08121, 57.08355 ], [ 13.08413, 57.0845 ], [ 13.08518, 57.08538 ], [ 13.08961, 57.0861 ], [ 13.08879, 57.08875 ], [ 13.08487, 57.09361 ] ] ] } },
{ "type": "Feature", "properties": { "valdistrikt_kod": "13150401", "valdistrikt_namn": "Landeryd-Långaryd", "valdeltagande_riksdag": 85.9, "valdeltagande_region": 82.5, "valdeltagande_kommun": 83.2, "rostberattigade_riksdag": 945.0, "rostberattigade_region": 995.0, "rostberattigade_kommun": 995.0, "kommun_kod": "1315", "kommun_namn": "Hylte", "ar": 2018 }, "geometry": { "type": "Polygon", "coordinates": [ [ [ 13.48968, 57.0855 ], [ 13.49053, 57.08634 ], [ 13.49391, 57.08646 ], [ 13.49682, 57.0889 ], [ 13.50081, 57.08981 ], [ 13.49592, 57.09493 ], [ 13.49658, 57.10004 ], [ 13.49567, 57.10055 ], [ 13.49722, 57.10446 ], [ 13.49929, 57.10654 ], [ 13.49745, 57.10926 ], [ 13.49201, 57.11158 ], [ 13.49015, 57.11346 ], [ 13.48908, 57.11382 ], [ 13.48235, 57.11198 ], [ 13.47901, 57.11066 ], [ 13.47802, 57.11065 ], [ 13.47816, 57.10996 ], [ 13.47632, 57.10871 ], [ 13.47228, 57.10764 ], [ 13.47069, 57.10597 ], [ 13.46902, 57.10261 ], [ 13.46812, 57.1028 ], [ 13.46671, 57.10144 ], [ 13.46104, 57.09948 ], [ 13.45975, 57.09775 ], [ 13.45465, 57.09723 ], [ 13.45338, 57.09647 ], [ 13.4522, 57.09666 ], [ 13.45308, 57.0982 ], [ 13.4518, 57.09955 ], [ 13.45292, 57.10162 ], [ 13.4547, 57.10254 ], [ 13.45388, 57.10395 ], [ 13.45184, 57.10411 ], [ 13.44973, 57.10538 ], [ 13.44754, 57.10552 ], [ 13.4446, 57.10655 ], [ 13.44252, 57.10669 ], [ 13.44037, 57.11028 ], [ 13.42344, 57.11291 ], [ 13.42058, 57.11274 ], [ 13.41233, 57.11361 ], [ 13.38717, 57.11393 ], [ 13.38615, 57.11081 ], [ 13.3792, 57.11125 ], [ 13.36668, 57.11367 ], [ 13.35876, 57.11309 ], [ 13.35415, 57.11355 ], [ 13.35141, 57.11329 ], [ 13.34647, 57.11028 ], [ 13.33766, 57.10769 ], [ 13.33386, 57.10659 ], [ 13.33143, 57.10747 ], [ 13.32967, 57.10557 ], [ 13.32491, 57.10468 ], [ 13.32261, 57.10377 ], [ 13.32071, 57.10236 ], [ 13.3163, 57.10298 ], [ 13.31325, 57.10214 ], [ 13.3082, 57.10201 ], [ 13.30615, 57.10268 ], [ 13.30498, 57.10392 ], [ 13.30251, 57.10375 ], [ 13.30156, 57.10404 ], [ 13.30003, 57.10372 ], [ 13.29821, 57.10234 ], [ 13.29547, 57.10149 ], [ 13.29284, 57.10236 ], [ 13.29269, 57.10335 ], [ 13.28934, 57.10343 ], [ 13.28798, 57.10167 ], [ 13.28567, 57.10063 ], [ 13.28541, 57.09953 ], [ 13.28043, 57.09767 ], [ 13.27909, 57.09671 ], [ 13.27673, 57.09611 ], [ 13.27603, 57.09444 ], [ 13.27457, 57.09345 ], [ 13.27479, 57.0922 ], [ 13.2723, 57.09122 ], [ 13.2716, 57.09267 ], [ 13.25381, 57.08935 ], [ 13.23247, 57.09782 ], [ 13.22698, 57.09688 ], [ 13.2235, 57.09533 ], [ 13.22428, 57.09377 ], [ 13.22661, 57.09476 ], [ 13.23338, 57.0902 ], [ 13.22888, 57.0857 ], [ 13.22775, 57.08612 ], [ 13.22387, 57.08369 ], [ 13.23371, 57.07906 ], [ 13.22938, 57.0768 ], [ 13.22362, 57.07641 ], [ 13.21919, 57.07556 ], [ 13.21754, 57.07586 ], [ 13.21156, 57.07436 ], [ 13.20751, 57.07255 ], [ 13.20642, 57.07099 ], [ 13.20091, 57.07216 ], [ 13.19567, 57.06811 ], [ 13.19114, 57.06598 ], [ 13.1921, 57.06426 ], [ 13.1876, 57.06334 ], [ 13.18671, 57.06418 ], [ 13.17994, 57.06684 ], [ 13.17439, 57.05816 ], [ 13.17527, 57.05777 ], [ 13.17188, 57.05492 ], [ 13.16189, 57.05153 ], [ 13.16814, 57.0485 ], [ 13.17407, 57.05074 ], [ 13.17554, 57.05248 ], [ 13.19031, 57.05836 ], [ 13.18988, 57.05779 ], [ 13.19282, 57.05489 ], [ 13.19742, 57.05425 ], [ 13.19845, 57.05364 ], [ 13.19638, 57.05078 ], [ 13.19472, 57.0507 ], [ 13.19388, 57.0495 ], [ 13.18995, 57.04871 ], [ 13.1884, 57.04925 ], [ 13.18679, 57.0488 ], [ 13.18506, 57.04928 ], [ 13.17866, 57.04808 ], [ 13.17688, 57.04669 ], [ 13.16782, 57.04234 ], [ 13.16645, 57.04208 ], [ 13.16555, 57.04111 ], [ 13.17376, 57.03975 ], [ 13.18189, 57.03765 ], [ 13.18811, 57.03546 ], [ 13.18366, 57.03588 ], [ 13.18086, 57.03505 ], [ 13.17865, 57.0335 ], [ 13.17782, 57.03189 ], [ 13.17437, 57.02976 ], [ 13.17657, 57.02799 ], [ 13.17496, 57.02654 ], [ 13.17568, 57.02021 ], [ 13.17363, 57.01854 ], [ 13.17334, 57.01627 ], [ 13.17194, 57.01522 ], [ 13.18054, 57.01361 ], [ 13.17458, 57.01007 ], [ 13.17512, 57.00973 ], [ 13.17481, 57.00936 ], [ 13.1764, 57.00887 ], [ 13.17701, 57.00843 ], [ 13.17668, 57.00817 ], [ 13.1782, 57.00759 ], [ 13.17785, 57.00686 ], [ 13.18113, 57.00738 ], [ 13.18238, 57.00699 ], [ 13.17968, 57.00163 ], [ 13.1909, 56.99965 ], [ 13.19285, 57.00044 ], [ 13.1946, 56.99996 ], [ 13.19766, 57.00019 ], [ 13.19925, 57.00223 ], [ 13.20311, 57.00331 ], [ 13.20196, 57.0062 ], [ 13.20296, 57.01649 ], [ 13.20549, 57.01897 ], [ 13.2066, 57.01881 ], [ 13.2125, 57.01607 ], [ 13.21473, 57.01615 ], [ 13.21668, 57.0158 ], [ 13.21699, 57.01472 ], [ 13.21808, 57.01484 ], [ 13.22369, 57.01326 ], [ 13.22428, 57.01414 ], [ 13.2236, 57.01421 ], [ 13.22161, 57.01975 ], [ 13.22747, 57.01963 ], [ 13.22969, 57.02127 ], [ 13.23122, 57.0232 ], [ 13.24649, 57.02689 ], [ 13.24914, 57.02542 ], [ 13.25097, 57.0237 ], [ 13.25059, 57.02193 ], [ 13.25154, 57.02162 ], [ 13.25491, 57.0218 ], [ 13.26001, 57.02129 ], [ 13.26657, 57.02326 ], [ 13.27745, 57.02404 ], [ 13.27878, 57.02282 ], [ 13.27564, 57.02085 ], [ 13.27306, 57.02035 ], [ 13.27328, 57.01957 ], [ 13.27665, 57.01928 ], [ 13.27496, 57.01523 ], [ 13.26572, 57.00377 ], [ 13.26426, 57.00404 ], [ 13.263, 57.00305 ], [ 13.26263, 57.00248 ], [ 13.26386, 57.00222 ], [ 13.26315, 57.0016 ], [ 13.26382, 57.00108 ], [ 13.26629, 57.00084 ], [ 13.27282, 57.00145 ], [ 13.28005, 57.00249 ], [ 13.27943, 57.00267 ], [ 13.28394, 57.00228 ], [ 13.28722, 57.00451 ], [ 13.28742, 57.0055 ], [ 13.29037, 57.00621 ], [ 13.2958, 57.00429 ], [ 13.29756, 57.0021 ], [ 13.30085, 57.00145 ], [ 13.30451, 57.00154 ], [ 13.30703, 57.00056 ], [ 13.3177, 57.00253 ], [ 13.31757, 57.00366 ], [ 13.32003, 57.00365 ], [ 13.31861, 57.005 ], [ 13.32022, 57.00595 ], [ 13.32175, 57.00532 ], [ 13.32293, 57.00379 ], [ 13.32424, 57.00372 ], [ 13.32467, 57.00409 ], [ 13.32419, 57.0049 ], [ 13.32601, 57.00556 ], [ 13.32643, 57.00618 ], [ 13.32564, 57.00653 ], [ 13.32444, 57.00636 ], [ 13.32338, 57.00498 ], [ 13.32262, 57.00576 ], [ 13.32613, 57.0084 ], [ 13.3277, 57.0084 ], [ 13.32836, 57.00703 ], [ 13.33131, 57.00789 ], [ 13.33661, 57.00522 ], [ 13.33227, 57.00207 ], [ 13.33278, 57.00186 ], [ 13.33144, 57.00092 ], [ 13.3323, 57.00068 ], [ 13.33091, 56.99904 ], [ 13.332, 56.99916 ], [ 13.33191, 56.99861 ], [ 13.33272, 56.99835 ], [ 13.33321, 56.99881 ], [ 13.33407, 56.99874 ], [ 13.33446, 56.99771 ], [ 13.33559, 56.99796 ], [ 13.33526, 56.9974 ], [ 13.33677, 56.99684 ], [ 13.33673, 56.99628 ], [ 13.33786, 56.99632 ], [ 13.3372, 56.99584 ], [ 13.33804, 56.99562 ], [ 13.33811, 56.99484 ], [ 13.33776, 56.99386 ], [ 13.3364, 56.99364 ], [ 13.33775, 56.99289 ], [ 13.33663, 56.99252 ], [ 13.33634, 56.99143 ], [ 13.33747, 56.99112 ], [ 13.33549, 56.98965 ], [ 13.33609, 56.98687 ], [ 13.33255, 56.98512 ], [ 13.33201, 56.98399 ], [ 13.3328, 56.98038 ], [ 13.33106, 56.97916 ], [ 13.33288, 56.97495 ], [ 13.32998, 56.97136 ], [ 13.34236, 56.97005 ], [ 13.34324, 56.96652 ], [ 13.34241, 56.95467 ], [ 13.35709, 56.95292 ], [ 13.36655, 56.95706 ], [ 13.36849, 56.95687 ], [ 13.37083, 56.95721 ], [ 13.37394, 56.95848 ], [ 13.38375, 56.95452 ], [ 13.38531, 56.95194 ], [ 13.39108, 56.95133 ], [ 13.39162, 56.94927 ], [ 13.3948, 56.94723 ], [ 13.40214, 56.95096 ], [ 13.40997, 56.95585 ], [ 13.40893, 56.95837 ], [ 13.42478, 56.97154 ], [ 13.43364, 56.97297 ], [ 13.43778, 56.97889 ], [ 13.44954, 56.99123 ], [ 13.44873, 56.99394 ], [ 13.44245, 56.99404 ], [ 13.43966, 56.99457 ], [ 13.42992, 57.00195 ], [ 13.44819, 57.01391 ], [ 13.451, 57.01385 ], [ 13.45308, 57.01417 ], [ 13.45405, 57.01477 ], [ 13.45601, 57.01481 ], [ 13.4571, 57.0152 ], [ 13.45716, 57.01575 ], [ 13.45551, 57.01659 ], [ 13.45628, 57.01813 ], [ 13.45752, 57.01849 ], [ 13.46644, 57.02538 ], [ 13.46915, 57.02461 ], [ 13.47166, 57.0295 ], [ 13.47089, 57.0304 ], [ 13.46858, 57.0314 ], [ 13.47044, 57.03283 ], [ 13.4738, 57.03277 ], [ 13.47473, 57.03433 ], [ 13.46634, 57.03575 ], [ 13.4539, 57.03857 ], [ 13.45152, 57.04535 ], [ 13.44025, 57.04499 ], [ 13.4407, 57.04765 ], [ 13.44192, 57.04867 ], [ 13.44203, 57.0589 ], [ 13.45633, 57.05869 ], [ 13.4692, 57.06361 ], [ 13.48228, 57.07142 ], [ 13.49804, 57.07316 ], [ 13.49816, 57.07254 ], [ 13.49673, 57.07194 ], [ 13.49575, 57.0705 ], [ 13.49628, 57.06952 ], [ 13.49737, 57.06998 ], [ 13.49807, 57.07114 ], [ 13.49884, 57.07042 ], [ 13.50031, 57.07031 ], [ 13.50046, 57.06987 ], [ 13.50101, 57.0708 ], [ 13.50266, 57.0718 ], [ 13.50213, 57.07263 ], [ 13.5025, 57.07313 ], [ 13.50132, 57.07304 ], [ 13.48968, 57.0855 ] ] ] } },
{ "type": "Feature", "properties": { "valdistrikt_kod": "13150501", "valdistrikt_namn": "Hyltebruk", "valdeltagande_riksdag": 73.6, "valdeltagande_region": 69.3, "valdeltagande_kommun": 69.8, "rostberattigade_riksdag": 829.0, "rostberattigade_region": 966.0, "rostberattigade_kommun": 966.0, "kommun_kod": "1315", "kommun_namn": "Hylte", "ar": 2018 }, "geometry": { "type": "Polygon", "coordinates": [ [ [ 13.32998, 56.97136 ], [ 13.33288, 56.97495 ], [ 13.33106, 56.97916 ], [ 13.3328, 56.98038 ], [ 13.33201, 56.98399 ], [ 13.33255, 56.98512 ], [ 13.33609, 56.98687 ], [ 13.33549, 56.98965 ], [ 13.33747, 56.99112 ], [ 13.33634, 56.99143 ], [ 13.33663, 56.99252 ], [ 13.33775, 56.99289 ], [ 13.3364, 56.99364 ], [ 13.33776, 56.99386 ], [ 13.33811, 56.99484 ], [ 13.33804, 56.99562 ], [ 13.3372, 56.99584 ], [ 13.33786, 56.99632 ], [ 13.33673, 56.99628 ], [ 13.33677, 56.99684 ], [ 13.33526, 56.9974 ], [ 13.33559, 56.99796 ], [ 13.33446, 56.99771 ], [ 13.33407, 56.99874 ], [ 13.33321, 56.99881 ], [ 13.33272, 56.99835 ], [ 13.33191, 56.99861 ], [ 13.332, 56.99916 ], [ 13.33091, 56.99904 ], [ 13.3323, 57.00068 ], [ 13.33144, 57.00092 ], [ 13.33278, 57.00186 ], [ 13.33227, 57.00207 ], [ 13.33661, 57.00522 ], [ 13.33131, 57.00789 ], [ 13.32836, 57.00703 ], [ 13.3277, 57.0084 ], [ 13.32613, 57.0084 ], [ 13.32262, 57.00576 ], [ 13.32338, 57.00498 ], [ 13.32444, 57.00636 ], [ 13.32564, 57.00653 ], [ 13.32643, 57.00618 ], [ 13.32601, 57.00556 ], [ 13.32419, 57.0049 ], [ 13.32467, 57.00409 ], [ 13.32424, 57.00372 ], [ 13.32293, 57.00379 ], [ 13.32175, 57.00532 ], [ 13.32022, 57.00595 ], [ 13.31861, 57.005 ], [ 13.32003, 57.00365 ], [ 13.31757, 57.00366 ], [ 13.3177, 57.00253 ], [ 13.30703, 57.00056 ], [ 13.30451, 57.00154 ], [ 13.30085, 57.00145 ], [ 13.29756, 57.0021 ], [ 13.2958, 57.00429 ], [ 13.29037, 57.00621 ], [ 13.28742, 57.0055 ], [ 13.28722, 57.00451 ], [ 13.28394, 57.00228 ], [ 13.27943, 57.00267 ], [ 13.28005, 57.00249 ], [ 13.26629, 57.00084 ], [ 13.26382, 57.00108 ], [ 13.26315, 57.0016 ], [ 13.26386, 57.00222 ], [ 13.26263, 57.00248 ], [ 13.26234, 57.00199 ], [ 13.25522, 57.00294 ], [ 13.24801, 57.00249 ], [ 13.24582, 57.00421 ], [ 13.2421, 57.00512 ], [ 13.24091, 57.00511 ], [ 13.23624, 57.00308 ], [ 13.23556, 57.00357 ], [ 13.2324, 57.00155 ], [ 13.2303, 56.99807 ], [ 13.22678, 56.99474 ], [ 13.22904, 56.99448 ], [ 13.22948, 56.9947 ], [ 13.23141, 56.99385 ], [ 13.23342, 56.99531 ], [ 13.23557, 56.99566 ], [ 13.2412, 56.99461 ], [ 13.24145, 56.99482 ], [ 13.24386, 56.99393 ], [ 13.24416, 56.99325 ], [ 13.24727, 56.99292 ], [ 13.2479, 56.99239 ], [ 13.24852, 56.99269 ], [ 13.25027, 56.98934 ], [ 13.25115, 56.98912 ], [ 13.25045, 56.98892 ], [ 13.25191, 56.98653 ], [ 13.25639, 56.98784 ], [ 13.26152, 56.98646 ], [ 13.26079, 56.98758 ], [ 13.26086, 56.98931 ], [ 13.26328, 56.98938 ], [ 13.26438, 56.98857 ], [ 13.26556, 56.98851 ], [ 13.27326, 56.98897 ], [ 13.27347, 56.99116 ], [ 13.27984, 56.99102 ], [ 13.2803, 56.99035 ], [ 13.28165, 56.99061 ], [ 13.28585, 56.98855 ], [ 13.28674, 56.98556 ], [ 13.29737, 56.98794 ], [ 13.29836, 56.98681 ], [ 13.30174, 56.98591 ], [ 13.31135, 56.98438 ], [ 13.31227, 56.97876 ], [ 13.31405, 56.97783 ], [ 13.31618, 56.97545 ], [ 13.31943, 56.97482 ], [ 13.32102, 56.97497 ], [ 13.32297, 56.9741 ], [ 13.32714, 56.97349 ], [ 13.32998, 56.97136 ] ] ] } },
{ "type": "Feature", "properties": { "valdistrikt_kod": "13150502", "valdistrikt_namn": "Örnabäckshult", "valdeltagande_riksdag": 73.4, "valdeltagande_region": 70.4, "valdeltagande_kommun": 70.2, "rostberattigade_riksdag": 1015.0, "rostberattigade_region": 1147.0, "rostberattigade_kommun": 1147.0, "kommun_kod": "1315", "kommun_namn": "Hylte", "ar": 2018 }, "geometry": { "type": "Polygon", "coordinates": [ [ [ 13.27496, 57.01523 ], [ 13.27665, 57.01928 ], [ 13.27328, 57.01957 ], [ 13.27306, 57.02035 ], [ 13.27564, 57.02085 ], [ 13.27878, 57.02282 ], [ 13.27745, 57.02404 ], [ 13.26657, 57.02326 ], [ 13.26001, 57.02129 ], [ 13.25491, 57.0218 ], [ 13.25154, 57.02162 ], [ 13.25059, 57.02193 ], [ 13.25097, 57.0237 ], [ 13.24914, 57.02542 ], [ 13.24649, 57.02689 ], [ 13.23122, 57.0232 ], [ 13.22969, 57.02127 ], [ 13.22747, 57.01963 ], [ 13.22161, 57.01975 ], [ 13.2236, 57.01421 ], [ 13.22428, 57.01414 ], [ 13.22369, 57.01326 ], [ 13.21808, 57.01484 ], [ 13.21699, 57.01472 ], [ 13.21668, 57.0158 ], [ 13.21473, 57.01615 ], [ 13.2125, 57.01607 ], [ 13.2066, 57.01881 ], [ 13.20549, 57.01897 ], [ 13.20296, 57.01649 ], [ 13.20196, 57.0062 ], [ 13.20311, 57.00331 ], [ 13.19925, 57.00223 ], [ 13.1975, 57.00016 ], [ 13.1946, 56.99996 ], [ 13.19285, 57.00044 ], [ 13.1909, 56.99965 ], [ 13.18726, 57.00025 ], [ 13.18406, 56.99404 ], [ 13.18268, 56.99418 ], [ 13.18023, 56.99243 ], [ 13.17864, 56.99211 ], [ 13.1751, 56.98962 ], [ 13.17284, 56.98652 ], [ 13.17233, 56.98368 ], [ 13.17002, 56.98279 ], [ 13.16862, 56.98025 ], [ 13.16352, 56.97768 ], [ 13.16421, 56.97648 ], [ 13.1654, 56.9772 ], [ 13.16768, 56.97769 ], [ 13.18049, 56.97545 ], [ 13.17787, 56.9735 ], [ 13.1805, 56.97252 ], [ 13.18181, 56.97498 ], [ 13.18481, 56.97649 ], [ 13.18783, 56.97664 ], [ 13.19052, 56.97595 ], [ 13.19187, 56.97633 ], [ 13.19397, 56.97603 ], [ 13.19692, 56.97645 ], [ 13.20317, 56.97864 ], [ 13.2036, 56.97828 ], [ 13.20659, 56.97919 ], [ 13.21052, 56.981 ], [ 13.21298, 56.98406 ], [ 13.21475, 56.98501 ], [ 13.21629, 56.98527 ], [ 13.21719, 56.9869 ], [ 13.2176, 56.98679 ], [ 13.22061, 56.9897 ], [ 13.2189, 56.99048 ], [ 13.2197, 56.99142 ], [ 13.223, 56.99211 ], [ 13.22614, 56.99408 ], [ 13.2303, 56.99807 ], [ 13.2324, 57.00155 ], [ 13.23422, 57.00293 ], [ 13.23556, 57.00357 ], [ 13.23624, 57.00308 ], [ 13.24091, 57.00511 ], [ 13.2421, 57.00512 ], [ 13.24582, 57.00421 ], [ 13.24801, 57.00249 ], [ 13.25522, 57.00294 ], [ 13.26234, 57.00199 ], [ 13.26426, 57.00404 ], [ 13.26572, 57.00377 ], [ 13.27496, 57.01523 ] ] ] } },
{ "type": "Feature", "properties": { "valdistrikt_kod": "13150503", "valdistrikt_namn": "Staffansbo", "valdeltagande_riksdag": 79.4, "valdeltagande_region": 75.5, "valdeltagande_kommun": 76.5, "rostberattigade_riksdag": 1048.0, "rostberattigade_region": 1152.0, "rostberattigade_kommun": 1152.0, "kommun_kod": "1315", "kommun_namn": "Hylte", "ar": 2018 }, "geometry": { "type": "Polygon", "coordinates": [ [ [ 13.23557, 56.99566 ], [ 13.23342, 56.99531 ], [ 13.23141, 56.99385 ], [ 13.22948, 56.9947 ], [ 13.22904, 56.99448 ], [ 13.22681, 56.99472 ], [ 13.223, 56.99211 ], [ 13.21983, 56.99155 ], [ 13.2189, 56.99048 ], [ 13.22061, 56.9897 ], [ 13.22011, 56.98909 ], [ 13.21797, 56.98757 ], [ 13.2176, 56.98679 ], [ 13.21719, 56.9869 ], [ 13.21629, 56.98527 ], [ 13.21475, 56.98501 ], [ 13.21298, 56.98406 ], [ 13.21107, 56.98149 ], [ 13.20942, 56.98028 ], [ 13.20896, 56.98052 ], [ 13.20659, 56.97919 ], [ 13.2036, 56.97828 ], [ 13.20317, 56.97864 ], [ 13.19642, 56.97635 ], [ 13.19354, 56.97599 ], [ 13.19289, 56.97613 ], [ 13.19333, 56.97635 ], [ 13.19187, 56.97633 ], [ 13.19052, 56.97595 ], [ 13.18783, 56.97664 ], [ 13.18481, 56.97649 ], [ 13.18215, 56.97529 ], [ 13.18032, 56.97209 ], [ 13.17772, 56.97042 ], [ 13.17207, 56.96948 ], [ 13.16896, 56.96795 ], [ 13.16628, 56.96726 ], [ 13.17529, 56.96462 ], [ 13.17209, 56.96111 ], [ 13.17809, 56.95921 ], [ 13.17891, 56.95427 ], [ 13.18057, 56.95278 ], [ 13.18474, 56.95048 ], [ 13.183, 56.94907 ], [ 13.18371, 56.94659 ], [ 13.20876, 56.93381 ], [ 13.217, 56.9332 ], [ 13.21637, 56.93002 ], [ 13.21804, 56.92809 ], [ 13.21939, 56.92742 ], [ 13.22072, 56.92532 ], [ 13.21879, 56.92393 ], [ 13.2176, 56.92197 ], [ 13.21978, 56.91954 ], [ 13.22146, 56.916 ], [ 13.22363, 56.91433 ], [ 13.2239, 56.91451 ], [ 13.23104, 56.91022 ], [ 13.23355, 56.90929 ], [ 13.23567, 56.90714 ], [ 13.24318, 56.90649 ], [ 13.24863, 56.9043 ], [ 13.24954, 56.90303 ], [ 13.26138, 56.92233 ], [ 13.2786, 56.92919 ], [ 13.29402, 56.92626 ], [ 13.29948, 56.92628 ], [ 13.3065, 56.92392 ], [ 13.30903, 56.92348 ], [ 13.31118, 56.92489 ], [ 13.31698, 56.92645 ], [ 13.31905, 56.92817 ], [ 13.32441, 56.92959 ], [ 13.32959, 56.92984 ], [ 13.32896, 56.93394 ], [ 13.33913, 56.93311 ], [ 13.34414, 56.9308 ], [ 13.34924, 56.93267 ], [ 13.35247, 56.93486 ], [ 13.3546, 56.93472 ], [ 13.359, 56.93619 ], [ 13.3689, 56.94379 ], [ 13.36985, 56.94507 ], [ 13.37205, 56.95226 ], [ 13.3704, 56.9539 ], [ 13.37655, 56.95737 ], [ 13.37394, 56.95848 ], [ 13.37083, 56.95721 ], [ 13.36849, 56.95687 ], [ 13.36655, 56.95706 ], [ 13.35709, 56.95292 ], [ 13.34241, 56.95467 ], [ 13.34324, 56.96652 ], [ 13.34236, 56.97005 ], [ 13.32998, 56.97136 ], [ 13.32714, 56.97349 ], [ 13.32297, 56.9741 ], [ 13.32102, 56.97497 ], [ 13.31943, 56.97482 ], [ 13.31618, 56.97545 ], [ 13.31405, 56.97783 ], [ 13.31227, 56.97876 ], [ 13.31135, 56.98438 ], [ 13.30174, 56.98591 ], [ 13.29836, 56.98681 ], [ 13.29737, 56.98794 ], [ 13.28674, 56.98556 ], [ 13.28585, 56.98855 ], [ 13.28165, 56.99061 ], [ 13.2803, 56.99035 ], [ 13.27984, 56.99102 ], [ 13.27347, 56.99116 ], [ 13.27326, 56.98897 ], [ 13.27153, 56.9887 ], [ 13.26438, 56.98857 ], [ 13.26328, 56.98938 ], [ 13.26086, 56.98931 ], [ 13.26079, 56.98758 ], [ 13.26152, 56.98646 ], [ 13.25639, 56.98784 ], [ 13.25191, 56.98653 ], [ 13.25045, 56.98892 ], [ 13.25115, 56.98912 ], [ 13.25027, 56.98934 ], [ 13.24852, 56.99269 ], [ 13.2479, 56.99239 ], [ 13.24727, 56.99292 ], [ 13.24416, 56.99325 ], [ 13.24386, 56.99393 ], [ 13.24169, 56.99475 ], [ 13.23557, 56.99566 ] ] ] } },
{ "type": "Feature", "properties": { "valdistrikt_kod": "13150701", "valdistrikt_namn": "Unnaryd-Jälluntofta", "valdeltagande_riksdag": 85.1, "valdeltagande_region": 75.7, "valdeltagande_kommun": 76.3, "rostberattigade_riksdag": 877.0, "rostberattigade_region": 1036.0, "rostberattigade_kommun": 1036.0, "kommun_kod": "1315", "kommun_namn": "Hylte", "ar": 2018 }, "geometry": { "type": "Polygon", "coordinates": [ [ [ 13.43655, 56.87185 ], [ 13.43838, 56.87564 ], [ 13.44369, 56.8798 ], [ 13.44693, 56.87971 ], [ 13.44893, 56.87924 ], [ 13.45279, 56.87939 ], [ 13.45534, 56.88012 ], [ 13.45617, 56.87995 ], [ 13.45985, 56.88053 ], [ 13.46072, 56.87898 ], [ 13.46046, 56.87814 ], [ 13.46698, 56.87656 ], [ 13.46996, 56.87859 ], [ 13.47411, 56.87559 ], [ 13.47155, 56.87558 ], [ 13.46864, 56.87409 ], [ 13.47089, 56.873 ], [ 13.47129, 56.87029 ], [ 13.47345, 56.87109 ], [ 13.48199, 56.87234 ], [ 13.48727, 56.87106 ], [ 13.49441, 56.87428 ], [ 13.50027, 56.87597 ], [ 13.50203, 56.87687 ], [ 13.50368, 56.87717 ], [ 13.50395, 56.87773 ], [ 13.5048, 56.87758 ], [ 13.50777, 56.87892 ], [ 13.51142, 56.88143 ], [ 13.51403, 56.88217 ], [ 13.51518, 56.88393 ], [ 13.52164, 56.88778 ], [ 13.5229, 56.88808 ], [ 13.52379, 56.88792 ], [ 13.52439, 56.8886 ], [ 13.52766, 56.88923 ], [ 13.52808, 56.89034 ], [ 13.52988, 56.89129 ], [ 13.53646, 56.89131 ], [ 13.53869, 56.88687 ], [ 13.5438, 56.88693 ], [ 13.55517, 56.89283 ], [ 13.55711, 56.89283 ], [ 13.55932, 56.89364 ], [ 13.56144, 56.89292 ], [ 13.56278, 56.89171 ], [ 13.56417, 56.89118 ], [ 13.57661, 56.88928 ], [ 13.58227, 56.89007 ], [ 13.58705, 56.89217 ], [ 13.59024, 56.8922 ], [ 13.60363, 56.89724 ], [ 13.61817, 56.90859 ], [ 13.6234, 56.90756 ], [ 13.66204, 56.91355 ], [ 13.66604, 56.92091 ], [ 13.68742, 56.92681 ], [ 13.68487, 56.93182 ], [ 13.6889, 56.9371 ], [ 13.68218, 56.93967 ], [ 13.68155, 56.9422 ], [ 13.68409, 56.94494 ], [ 13.68917, 56.94624 ], [ 13.69357, 56.96354 ], [ 13.6807, 56.9721 ], [ 13.66704, 56.98008 ], [ 13.66418, 56.9846 ], [ 13.65637, 56.98396 ], [ 13.64787, 56.9858 ], [ 13.64774, 56.98767 ], [ 13.63041, 56.98621 ], [ 13.62686, 56.9914 ], [ 13.62897, 56.99402 ], [ 13.61619, 56.99994 ], [ 13.61347, 57.00304 ], [ 13.60254, 57.00838 ], [ 13.59546, 57.01525 ], [ 13.60262, 57.02405 ], [ 13.59342, 57.03017 ], [ 13.58553, 57.03255 ], [ 13.59894, 57.03693 ], [ 13.60795, 57.04203 ], [ 13.60746, 57.0439 ], [ 13.60238, 57.04612 ], [ 13.60211, 57.0484 ], [ 13.60263, 57.04916 ], [ 13.60572, 57.05064 ], [ 13.60359, 57.05966 ], [ 13.59888, 57.0633 ], [ 13.5956, 57.06393 ], [ 13.59079, 57.06389 ], [ 13.58912, 57.06444 ], [ 13.58242, 57.06516 ], [ 13.58043, 57.06326 ], [ 13.57372, 57.0628 ], [ 13.56878, 57.06554 ], [ 13.57422, 57.07002 ], [ 13.54641, 57.07937 ], [ 13.53693, 57.08093 ], [ 13.5361, 57.0796 ], [ 13.53379, 57.07877 ], [ 13.53289, 57.07902 ], [ 13.53232, 57.07968 ], [ 13.53499, 57.08145 ], [ 13.52725, 57.0874 ], [ 13.5239, 57.08643 ], [ 13.52191, 57.08694 ], [ 13.51788, 57.08651 ], [ 13.51522, 57.08577 ], [ 13.50882, 57.0858 ], [ 13.50541, 57.08508 ], [ 13.50548, 57.08144 ], [ 13.50427, 57.08061 ], [ 13.5058, 57.07817 ], [ 13.50562, 57.07659 ], [ 13.50456, 57.07511 ], [ 13.50461, 57.07383 ], [ 13.50066, 57.07333 ], [ 13.5025, 57.07313 ], [ 13.50213, 57.07263 ], [ 13.50266, 57.0718 ], [ 13.50101, 57.0708 ], [ 13.50046, 57.06987 ], [ 13.50031, 57.07031 ], [ 13.49884, 57.07042 ], [ 13.49807, 57.07114 ], [ 13.49737, 57.06998 ], [ 13.49628, 57.06952 ], [ 13.49575, 57.0705 ], [ 13.49673, 57.07194 ], [ 13.49816, 57.07254 ], [ 13.49804, 57.07316 ], [ 13.48228, 57.07142 ], [ 13.4692, 57.06361 ], [ 13.45633, 57.05869 ], [ 13.44203, 57.0589 ], [ 13.44192, 57.04867 ], [ 13.4407, 57.04765 ], [ 13.44025, 57.04499 ], [ 13.45152, 57.04535 ], [ 13.4539, 57.03857 ], [ 13.46634, 57.03575 ], [ 13.47473, 57.03433 ], [ 13.4738, 57.03277 ], [ 13.47044, 57.03283 ], [ 13.46858, 57.0314 ], [ 13.47089, 57.0304 ], [ 13.47166, 57.0295 ], [ 13.46915, 57.02461 ], [ 13.46644, 57.02538 ], [ 13.45752, 57.01849 ], [ 13.45628, 57.01813 ], [ 13.45551, 57.01659 ], [ 13.45716, 57.01575 ], [ 13.4571, 57.0152 ], [ 13.45601, 57.01481 ], [ 13.45405, 57.01477 ], [ 13.45308, 57.01417 ], [ 13.451, 57.01385 ], [ 13.44819, 57.01391 ], [ 13.42992, 57.00195 ], [ 13.43966, 56.99457 ], [ 13.44245, 56.99404 ], [ 13.44873, 56.99394 ], [ 13.44954, 56.99123 ], [ 13.43778, 56.97889 ], [ 13.43364, 56.97297 ], [ 13.42478, 56.97154 ], [ 13.40893, 56.95837 ], [ 13.40997, 56.95585 ], [ 13.40214, 56.95096 ], [ 13.3948, 56.94723 ], [ 13.39231, 56.94114 ], [ 13.39355, 56.93518 ], [ 13.3972, 56.93407 ], [ 13.39702, 56.9331 ], [ 13.3976, 56.93262 ], [ 13.39996, 56.93197 ], [ 13.39988, 56.9314 ], [ 13.40098, 56.93053 ], [ 13.40063, 56.92887 ], [ 13.40334, 56.92768 ], [ 13.40848, 56.92771 ], [ 13.40913, 56.92627 ], [ 13.40845, 56.92564 ], [ 13.4082, 56.92356 ], [ 13.40343, 56.9203 ], [ 13.40292, 56.91943 ], [ 13.40389, 56.91667 ], [ 13.40767, 56.91519 ], [ 13.40769, 56.9146 ], [ 13.41368, 56.91418 ], [ 13.41714, 56.91289 ], [ 13.41872, 56.91297 ], [ 13.42136, 56.9139 ], [ 13.4265, 56.9107 ], [ 13.41932, 56.90807 ], [ 13.41901, 56.90734 ], [ 13.41726, 56.9066 ], [ 13.41617, 56.9055 ], [ 13.41694, 56.90399 ], [ 13.41722, 56.89891 ], [ 13.42607, 56.89742 ], [ 13.42487, 56.89608 ], [ 13.40733, 56.89089 ], [ 13.40404, 56.88854 ], [ 13.40189, 56.8852 ], [ 13.40538, 56.8842 ], [ 13.41021, 56.88564 ], [ 13.41176, 56.88573 ], [ 13.41873, 56.88411 ], [ 13.41668, 56.87295 ], [ 13.43191, 56.87295 ], [ 13.43655, 56.87185 ] ] ] } },
{ "type": "Feature", "properties": { "valdistrikt_kod": "13820101", "valdistrikt_namn": "FBG 1 V Gärdet-Hamnen-Gamla stan", "valdeltagande_riksdag": 84.4, "valdeltagande_region": 80.3, "valdeltagande_kommun": 81.4, "rostberattigade_riksdag": 1395.0, "rostberattigade_region": 1438.0, "rostberattigade_kommun": 1438.0, "kommun_kod": "1382", "kommun_namn": "Falkenberg", "ar": 2018 }, "geometry": { "type": "Polygon", "coordinates": [ [ [ 12.49417, 56.903 ], [ 12.49168, 56.90256 ], [ 12.49021, 56.90291 ], [ 12.49058, 56.90081 ], [ 12.48847, 56.90107 ], [ 12.48755, 56.90082 ], [ 12.48385, 56.90137 ], [ 12.48245, 56.89531 ], [ 12.47684, 56.89578 ], [ 12.47134, 56.89545 ], [ 12.46473, 56.89751 ], [ 12.45978, 56.89826 ], [ 12.45787, 56.89639 ], [ 12.45892, 56.89602 ], [ 12.45878, 56.89541 ], [ 12.45945, 56.89593 ], [ 12.45996, 56.89579 ], [ 12.46294, 56.88966 ], [ 12.46528, 56.88676 ], [ 12.46929, 56.88397 ], [ 12.47394, 56.88723 ], [ 12.486, 56.891 ], [ 12.48989, 56.89296 ], [ 12.49277, 56.89509 ], [ 12.49478, 56.89758 ], [ 12.49773, 56.9 ], [ 12.49759, 56.90188 ], [ 12.49417, 56.903 ] ] ] } },
{ "type": "Feature", "properties": { "valdistrikt_kod": "13820102", "valdistrikt_namn": "FBG 2 Arvidstorp", "valdeltagande_riksdag": 84.4, "valdeltagande_region": 82.3, "valdeltagande_kommun": 83.2, "rostberattigade_riksdag": 1408.0, "rostberattigade_region": 1431.0, "rostberattigade_kommun": 1431.0, "kommun_kod": "1382", "kommun_namn": "Falkenberg", "ar": 2018 }, "geometry": { "type": "Polygon", "coordinates": [ [ [ 12.49303, 56.91226 ], [ 12.49091, 56.91367 ], [ 12.48261, 56.91104 ], [ 12.47797, 56.90883 ], [ 12.47389, 56.90796 ], [ 12.47681, 56.90618 ], [ 12.48699, 56.90732 ], [ 12.49014, 56.9096 ], [ 12.4949, 56.90888 ], [ 12.49648, 56.91155 ], [ 12.49303, 56.91226 ] ] ] } },
{ "type": "Feature", "properties": { "valdistrikt_kod": "13820103", "valdistrikt_namn": "FBG 3 Herting", "valdeltagande_riksdag": 83.6, "valdeltagande_region": 79.4, "valdeltagande_kommun": 86.1, "rostberattigade_riksdag": 1387.0, "rostberattigade_region": 1450.0, "rostberattigade_kommun": 1450.0, "kommun_kod": "1382", "kommun_namn": "Falkenberg", "ar": 2018 }, "geometry": { "type": "Polygon", "coordinates": [ [ [ 12.5165, 56.90041 ], [ 12.51456, 56.9007 ], [ 12.50938, 56.90404 ], [ 12.5058, 56.90532 ], [ 12.50398, 56.90651 ], [ 12.50035, 56.90672 ], [ 12.49634, 56.90506 ], [ 12.49417, 56.903 ], [ 12.49723, 56.90213 ], [ 12.49784, 56.90128 ], [ 12.49773, 56.9 ], [ 12.49585, 56.89854 ], [ 12.49824, 56.89794 ], [ 12.4987, 56.89744 ], [ 12.49844, 56.89466 ], [ 12.49738, 56.89337 ], [ 12.49887, 56.89287 ], [ 12.50451, 56.89222 ], [ 12.50642, 56.89304 ], [ 12.52977, 56.89872 ], [ 12.5263, 56.9011 ], [ 12.52347, 56.90092 ], [ 12.5208, 56.90195 ], [ 12.51998, 56.90183 ], [ 12.51845, 56.90062 ], [ 12.5165, 56.90041 ] ] ] } },
{ "type": "Feature", "properties": { "valdistrikt_kod": "13820104", "valdistrikt_namn": "FBG 4 V Gärdet-Smedjeholm", "valdeltagande_riksdag": 79.6, "valdeltagande_region": 77.8, "valdeltagande_kommun": 78.1, "rostberattigade_riksdag": 1630.0, "rostberattigade_region": 1664.0, "rostberattigade_kommun": 1664.0, "kommun_kod": "1382", "kommun_namn": "Falkenberg", "ar": 2018 }, "geometry": { "type": "Polygon", "coordinates": [ [ [ 12.45908, 56.90931 ], [ 12.45573, 56.91064 ], [ 12.4532, 56.90879 ], [ 12.45308, 56.90852 ], [ 12.45749, 56.90752 ], [ 12.45587, 56.90766 ], [ 12.45421, 56.90656 ], [ 12.46304, 56.90555 ], [ 12.46382, 56.9061 ], [ 12.46417, 56.90532 ], [ 12.46649, 56.90499 ], [ 12.45978, 56.89826 ], [ 12.46473, 56.89751 ], [ 12.47134, 56.89545 ], [ 12.47684, 56.89578 ], [ 12.48245, 56.89531 ], [ 12.48385, 56.90137 ], [ 12.48817, 56.90078 ], [ 12.48847, 56.90107 ], [ 12.48395, 56.90232 ], [ 12.48679, 56.90615 ], [ 12.48783, 56.90665 ], [ 12.48738, 56.90708 ], [ 12.4863, 56.90728 ], [ 12.47681, 56.90618 ], [ 12.47389, 56.90796 ], [ 12.46954, 56.90789 ], [ 12.46914, 56.90746 ], [ 12.45908, 56.90931 ] ] ] } },
{ "type": "Feature", "properties": { "valdistrikt_kod": "13820105", "valdistrikt_namn": "FBG 5 Centrum", "valdeltagande_riksdag": 74.0, "valdeltagande_region": 72.2, "valdeltagande_kommun": 73.1, "rostberattigade_riksdag": 1643.0, "rostberattigade_region": 1659.0, "rostberattigade_kommun": 1659.0, "kommun_kod": "1382", "kommun_namn": "Falkenberg", "ar": 2018 }, "geometry": { "type": "Polygon", "coordinates": [ [ [ 12.50307, 56.9078 ], [ 12.49831, 56.90816 ], [ 12.4969, 56.90726 ], [ 12.49236, 56.90675 ], [ 12.4901, 56.90529 ], [ 12.48783, 56.90665 ], [ 12.48679, 56.90615 ], [ 12.48395, 56.90232 ], [ 12.49058, 56.90081 ], [ 12.49021, 56.90291 ], [ 12.49168, 56.90256 ], [ 12.49417, 56.903 ], [ 12.49702, 56.90542 ], [ 12.50056, 56.90679 ], [ 12.50299, 56.90674 ], [ 12.50307, 56.9078 ] ] ] } },
{ "type": "Feature", "properties": { "valdistrikt_kod": "13820106", "valdistrikt_namn": "FBG 6 Ö Gärdet-Vindilen-Fajans", "valdeltagande_riksdag": 84.2, "valdeltagande_region": 84.5, "valdeltagande_kommun": 84.9, "rostberattigade_riksdag": 1654.0, "rostberattigade_region": 1641.0, "rostberattigade_kommun": 1641.0, "kommun_kod": "1382", "kommun_namn": "Falkenberg", "ar": 2018 }, "geometry": { "type": "Polygon", "coordinates": [ [ [ 12.50968, 56.91485 ], [ 12.50634, 56.91393 ], [ 12.50548, 56.91298 ], [ 12.50593, 56.91118 ], [ 12.50325, 56.90958 ], [ 12.5037, 56.90941 ], [ 12.50291, 56.90836 ], [ 12.5021, 56.90844 ], [ 12.50131, 56.90792 ], [ 12.50307, 56.9078 ], [ 12.50299, 56.90674 ], [ 12.5092, 56.90413 ], [ 12.51508, 56.90052 ], [ 12.51845, 56.90062 ], [ 12.52029, 56.90193 ], [ 12.52347, 56.90092 ], [ 12.5263, 56.9011 ], [ 12.5259, 56.90135 ], [ 12.50968, 56.91485 ] ] ] } },
{ "type": "Feature", "properties": { "valdistrikt_kod": "13820107", "valdistrikt_namn": "FBG 7 N Skrea Strand", "valdeltagande_riksdag": 89.6, "valdeltagande_region": 88.1, "valdeltagande_kommun": 89.6, "rostberattigade_riksdag": 945.0, "rostberattigade_region": 943.0, "rostberattigade_kommun": 943.0, "kommun_kod": "1382", "kommun_namn": "Falkenberg", "ar": 2018 }, "geometry": { "type": "Polygon", "coordinates": [ [ [ 12.49887, 56.89287 ], [ 12.49738, 56.89337 ], [ 12.49844, 56.89466 ], [ 12.4987, 56.89744 ], [ 12.49824, 56.89794 ], [ 12.49585, 56.89854 ], [ 12.49277, 56.89509 ], [ 12.48927, 56.89255 ], [ 12.486, 56.891 ], [ 12.47394, 56.88723 ], [ 12.46929, 56.88397 ], [ 12.47033, 56.88332 ], [ 12.47807, 56.88781 ], [ 12.48068, 56.88659 ], [ 12.4905, 56.88962 ], [ 12.49898, 56.88654 ], [ 12.50369, 56.88375 ], [ 12.51043, 56.88643 ], [ 12.50795, 56.8883 ], [ 12.51235, 56.89046 ], [ 12.51552, 56.88829 ], [ 12.51913, 56.88971 ], [ 12.51443, 56.89497 ], [ 12.50642, 56.89304 ], [ 12.50451, 56.89222 ], [ 12.49887, 56.89287 ] ] ] } },
{ "type": "Feature", "properties": { "valdistrikt_kod": "13820108", "valdistrikt_namn": "FBG 8 Hjortsberg", "valdeltagande_riksdag": 85.9, "valdeltagande_region": 84.1, "valdeltagande_kommun": 84.5, "rostberattigade_riksdag": 1677.0, "rostberattigade_region": 1701.0, "rostberattigade_kommun": 1701.0, "kommun_kod": "1382", "kommun_namn": "Falkenberg", "ar": 2018 }, "geometry": { "type": "Polygon", "coordinates": [ [ [ 12.52483, 56.89201 ], [ 12.51552, 56.88829 ], [ 12.51235, 56.89046 ], [ 12.50795, 56.8883 ], [ 12.51747, 56.88195 ], [ 12.52097, 56.88056 ], [ 12.52699, 56.88437 ], [ 12.53111, 56.8853 ], [ 12.53427, 56.88684 ], [ 12.52483, 56.89201 ] ] ] } },
{ "type": "Feature", "properties": { "valdistrikt_kod": "13820109", "valdistrikt_namn": "FBG 9 Tånga-Sloalyckan-V Tröinge", "valdeltagande_riksdag": 77.5, "valdeltagande_region": 73.5, "valdeltagande_kommun": 73.8, "rostberattigade_riksdag": 1429.0, "rostberattigade_region": 1509.0, "rostberattigade_kommun": 1509.0, "kommun_kod": "1382", "kommun_namn": "Falkenberg", "ar": 2018 }, "geometry": { "type": "Polygon", "coordinates": [ [ [ 12.52147, 56.9294 ], [ 12.51953, 56.93013 ], [ 12.51815, 56.92895 ], [ 12.51717, 56.92941 ], [ 12.51528, 56.92778 ], [ 12.5163, 56.92739 ], [ 12.51463, 56.92666 ], [ 12.51519, 56.92647 ], [ 12.51493, 56.92619 ], [ 12.50925, 56.92797 ], [ 12.50755, 56.92335 ], [ 12.50804, 56.92323 ], [ 12.50649, 56.92099 ], [ 12.50581, 56.91841 ], [ 12.50623, 56.91772 ], [ 12.50328, 56.91632 ], [ 12.50378, 56.91566 ], [ 12.49818, 56.91495 ], [ 12.49895, 56.91593 ], [ 12.49556, 56.9158 ], [ 12.49203, 56.915 ], [ 12.49269, 56.91419 ], [ 12.49091, 56.91367 ], [ 12.49163, 56.91307 ], [ 12.49333, 56.91214 ], [ 12.49648, 56.91155 ], [ 12.4949, 56.90888 ], [ 12.49014, 56.9096 ], [ 12.48699, 56.90732 ], [ 12.4901, 56.90529 ], [ 12.49236, 56.90675 ], [ 12.4969, 56.90726 ], [ 12.49831, 56.90816 ], [ 12.50131, 56.90792 ], [ 12.5021, 56.90844 ], [ 12.50291, 56.90836 ], [ 12.5037, 56.90941 ], [ 12.50325, 56.90958 ], [ 12.50593, 56.91118 ], [ 12.50548, 56.91298 ], [ 12.50634, 56.91393 ], [ 12.50968, 56.91485 ], [ 12.5115, 56.91339 ], [ 12.51364, 56.91416 ], [ 12.51487, 56.91567 ], [ 12.5182, 56.91696 ], [ 12.52103, 56.91947 ], [ 12.52296, 56.92218 ], [ 12.52511, 56.92258 ], [ 12.52468, 56.92292 ], [ 12.52626, 56.92299 ], [ 12.52761, 56.92386 ], [ 12.53177, 56.92467 ], [ 12.52808, 56.92668 ], [ 12.51976, 56.92803 ], [ 12.52147, 56.9294 ] ] ] } },
{ "type": "Feature", "properties": { "valdistrikt_kod": "13820110", "valdistrikt_namn": "FBG 10 Falkagård-Stafsinge-Olofsbo", "valdeltagande_riksdag": 76.3, "valdeltagande_region": 73.4, "valdeltagande_kommun": 73.7, "rostberattigade_riksdag": 1419.0, "rostberattigade_region": 1480.0, "rostberattigade_kommun": 1480.0, "kommun_kod": "1382", "kommun_namn": "Falkenberg", "ar": 2018 }, "geometry": { "type": "Polygon", "coordinates": [ [ [ 12.47606, 56.99585 ], [ 12.47457, 56.99588 ], [ 12.46111, 56.98782 ], [ 12.45908, 56.98693 ], [ 12.44999, 56.98465 ], [ 12.45372, 56.9811 ], [ 12.45559, 56.97594 ], [ 12.45669, 56.97471 ], [ 12.45623, 56.9743 ], [ 12.45901, 56.96686 ], [ 12.45972, 56.96247 ], [ 12.45902, 56.96236 ], [ 12.45832, 56.96493 ], [ 12.45204, 56.96419 ], [ 12.4526, 56.9611 ], [ 12.45413, 56.96047 ], [ 12.45352, 56.96032 ], [ 12.44778, 56.96377 ], [ 12.44727, 56.96355 ], [ 12.45023, 56.96061 ], [ 12.4529, 56.95613 ], [ 12.45051, 56.95582 ], [ 12.45042, 56.95658 ], [ 12.44754, 56.95662 ], [ 12.44835, 56.95487 ], [ 12.44313, 56.95383 ], [ 12.44354, 56.95331 ], [ 12.44114, 56.95282 ], [ 12.44053, 56.95393 ], [ 12.43892, 56.95381 ], [ 12.43282, 56.9489 ], [ 12.42532, 56.94576 ], [ 12.42656, 56.94244 ], [ 12.42301, 56.94133 ], [ 12.42026, 56.94282 ], [ 12.41831, 56.94132 ], [ 12.41674, 56.94188 ], [ 12.41543, 56.94098 ], [ 12.41352, 56.94204 ], [ 12.40561, 56.93884 ], [ 12.40727, 56.93591 ], [ 12.40426, 56.93442 ], [ 12.40224, 56.93246 ], [ 12.40079, 56.9307 ], [ 12.40089, 56.92934 ], [ 12.39388, 56.92547 ], [ 12.39072, 56.92747 ], [ 12.38839, 56.9262 ], [ 12.3889, 56.92584 ], [ 12.38559, 56.92418 ], [ 12.38507, 56.92445 ], [ 12.38452, 56.92415 ], [ 12.3852, 56.92374 ], [ 12.3794, 56.92053 ], [ 12.381, 56.91963 ], [ 12.37953, 56.91866 ], [ 12.38713, 56.91742 ], [ 12.3936, 56.91464 ], [ 12.39481, 56.9131 ], [ 12.39455, 56.91244 ], [ 12.39549, 56.91284 ], [ 12.39604, 56.91231 ], [ 12.39448, 56.91205 ], [ 12.3957, 56.912 ], [ 12.39694, 56.91093 ], [ 12.39846, 56.90664 ], [ 12.40287, 56.90332 ], [ 12.40447, 56.90306 ], [ 12.40466, 56.90539 ], [ 12.40601, 56.90697 ], [ 12.40775, 56.90737 ], [ 12.40879, 56.90672 ], [ 12.41009, 56.90678 ], [ 12.41173, 56.90631 ], [ 12.41283, 56.90805 ], [ 12.41423, 56.91042 ], [ 12.40921, 56.91404 ], [ 12.42045, 56.91643 ], [ 12.42513, 56.91652 ], [ 12.42537, 56.91745 ], [ 12.43241, 56.91972 ], [ 12.43075, 56.92126 ], [ 12.43809, 56.92165 ], [ 12.43829, 56.92122 ], [ 12.43889, 56.9213 ], [ 12.43979, 56.9197 ], [ 12.44033, 56.91992 ], [ 12.4407, 56.91967 ], [ 12.44026, 56.91943 ], [ 12.44068, 56.91908 ], [ 12.43801, 56.91761 ], [ 12.43858, 56.91723 ], [ 12.4398, 56.91799 ], [ 12.44163, 56.91716 ], [ 12.44415, 56.91575 ], [ 12.4454, 56.91482 ], [ 12.44507, 56.91464 ], [ 12.45036, 56.91172 ], [ 12.45419, 56.91103 ], [ 12.45432, 56.91132 ], [ 12.45908, 56.90931 ], [ 12.46914, 56.90746 ], [ 12.46954, 56.90789 ], [ 12.47293, 56.90781 ], [ 12.47797, 56.90883 ], [ 12.48389, 56.91151 ], [ 12.49269, 56.91419 ], [ 12.49182, 56.9148 ], [ 12.49332, 56.9154 ], [ 12.49895, 56.91593 ], [ 12.49795, 56.9152 ], [ 12.49848, 56.91495 ], [ 12.50378, 56.91566 ], [ 12.50328, 56.91632 ], [ 12.50623, 56.91772 ], [ 12.50581, 56.91841 ], [ 12.50649, 56.92099 ], [ 12.50804, 56.92323 ], [ 12.50755, 56.92335 ], [ 12.50925, 56.92797 ], [ 12.51493, 56.92619 ], [ 12.51519, 56.92647 ], [ 12.51463, 56.92666 ], [ 12.5163, 56.92739 ], [ 12.50981, 56.92977 ], [ 12.51074, 56.93323 ], [ 12.50977, 56.9333 ], [ 12.50928, 56.9316 ], [ 12.50613, 56.93181 ], [ 12.50623, 56.93224 ], [ 12.50165, 56.93145 ], [ 12.50232, 56.93501 ], [ 12.50054, 56.93486 ], [ 12.50213, 56.93596 ], [ 12.5021, 56.93861 ], [ 12.50284, 56.93858 ], [ 12.50539, 56.94055 ], [ 12.50357, 56.94201 ], [ 12.49689, 56.94522 ], [ 12.49167, 56.9443 ], [ 12.48526, 56.94732 ], [ 12.48434, 56.94733 ], [ 12.48795, 56.95611 ], [ 12.5056, 56.96211 ], [ 12.5062, 56.96483 ], [ 12.50348, 56.96542 ], [ 12.50319, 56.96686 ], [ 12.50705, 56.96633 ], [ 12.50871, 56.97981 ], [ 12.48305, 56.98662 ], [ 12.48354, 56.98725 ], [ 12.4863, 56.98609 ], [ 12.4858, 56.98651 ], [ 12.48667, 56.98686 ], [ 12.48466, 56.98781 ], [ 12.48082, 56.99324 ], [ 12.47795, 56.99253 ], [ 12.47606, 56.99585 ] ] ] } },
{ "type": "Feature", "properties": { "valdistrikt_kod": "13820112", "valdistrikt_namn": "FBG 12 S Skrea Strand-Ringsegård", "valdeltagande_riksdag": 89.8, "valdeltagande_region": 87.6, "valdeltagande_kommun": 88.6, "rostberattigade_riksdag": 1210.0, "rostberattigade_region": 1230.0, "rostberattigade_kommun": 1230.0, "kommun_kod": "1382", "kommun_namn": "Falkenberg", "ar": 2018 }, "geometry": { "type": "Polygon", "coordinates": [ [ [ 12.54004, 56.88611 ], [ 12.53444, 56.88694 ], [ 12.53111, 56.8853 ], [ 12.52699, 56.88437 ], [ 12.52097, 56.88056 ], [ 12.51777, 56.88177 ], [ 12.51043, 56.88643 ], [ 12.50369, 56.88375 ], [ 12.51377, 56.87574 ], [ 12.5147, 56.87411 ], [ 12.51442, 56.87383 ], [ 12.51395, 56.87407 ], [ 12.51436, 56.87346 ], [ 12.51529, 56.87319 ], [ 12.51612, 56.87341 ], [ 12.51713, 56.87267 ], [ 12.51631, 56.872 ], [ 12.51727, 56.87196 ], [ 12.51631, 56.87078 ], [ 12.51855, 56.87155 ], [ 12.51933, 56.87018 ], [ 12.51796, 56.86936 ], [ 12.51856, 56.86884 ], [ 12.51934, 56.86873 ], [ 12.51965, 56.86939 ], [ 12.52069, 56.86889 ], [ 12.52116, 56.86913 ], [ 12.52144, 56.87112 ], [ 12.52455, 56.87224 ], [ 12.52753, 56.87208 ], [ 12.53004, 56.87074 ], [ 12.53292, 56.87046 ], [ 12.53559, 56.86922 ], [ 12.53827, 56.86728 ], [ 12.54063, 56.8644 ], [ 12.54302, 56.86302 ], [ 12.54581, 56.86021 ], [ 12.54973, 56.86198 ], [ 12.54882, 56.8626 ], [ 12.55221, 56.86409 ], [ 12.56078, 56.86574 ], [ 12.55779, 56.86831 ], [ 12.56094, 56.87049 ], [ 12.56699, 56.86727 ], [ 12.56902, 56.86856 ], [ 12.5667, 56.86984 ], [ 12.57083, 56.873 ], [ 12.56847, 56.87408 ], [ 12.56593, 56.87356 ], [ 12.56463, 56.87278 ], [ 12.55349, 56.87813 ], [ 12.55198, 56.87741 ], [ 12.5438, 56.88486 ], [ 12.54722, 56.88653 ], [ 12.54004, 56.88611 ] ] ] } },
{ "type": "Feature", "properties": { "valdistrikt_kod": "13820201", "valdistrikt_namn": "Skrea Samhälle-Ringsegård", "valdeltagande_riksdag": 91.1, "valdeltagande_region": 88.5, "valdeltagande_kommun": 89.4, "rostberattigade_riksdag": 1365.0, "rostberattigade_region": 1385.0, "rostberattigade_kommun": 1385.0, "kommun_kod": "1382", "kommun_namn": "Falkenberg", "ar": 2018 }, "geometry": { "type": "Polygon", "coordinates": [ [ [ 12.60996, 56.91972 ], [ 12.60782, 56.92001 ], [ 12.60724, 56.92124 ], [ 12.605, 56.92147 ], [ 12.60268, 56.9207 ], [ 12.60112, 56.91928 ], [ 12.59545, 56.91769 ], [ 12.58987, 56.91462 ], [ 12.58803, 56.91437 ], [ 12.58493, 56.91523 ], [ 12.5824, 56.91541 ], [ 12.57833, 56.91408 ], [ 12.57606, 56.91277 ], [ 12.57374, 56.90953 ], [ 12.57109, 56.90772 ], [ 12.56585, 56.90702 ], [ 12.55835, 56.90697 ], [ 12.55628, 56.90724 ], [ 12.55467, 56.90838 ], [ 12.55051, 56.90838 ], [ 12.53528, 56.90166 ], [ 12.53392, 56.90134 ], [ 12.5263, 56.9011 ], [ 12.52977, 56.89872 ], [ 12.52946, 56.89848 ], [ 12.53526, 56.89562 ], [ 12.54252, 56.89269 ], [ 12.54411, 56.89366 ], [ 12.54478, 56.89337 ], [ 12.54534, 56.89377 ], [ 12.54604, 56.89359 ], [ 12.54439, 56.89261 ], [ 12.54572, 56.89175 ], [ 12.54522, 56.89128 ], [ 12.55309, 56.8894 ], [ 12.5438, 56.88486 ], [ 12.55198, 56.87741 ], [ 12.55349, 56.87813 ], [ 12.56463, 56.87278 ], [ 12.56593, 56.87356 ], [ 12.56847, 56.87408 ], [ 12.57083, 56.873 ], [ 12.5667, 56.86984 ], [ 12.56902, 56.86856 ], [ 12.56699, 56.86727 ], [ 12.56094, 56.87049 ], [ 12.55779, 56.86831 ], [ 12.56078, 56.86574 ], [ 12.55221, 56.86409 ], [ 12.54882, 56.8626 ], [ 12.54973, 56.86198 ], [ 12.54581, 56.86021 ], [ 12.54873, 56.8559 ], [ 12.54615, 56.85337 ], [ 12.54568, 56.85068 ], [ 12.54387, 56.85023 ], [ 12.54638, 56.84912 ], [ 12.54668, 56.84845 ], [ 12.545, 56.84707 ], [ 12.54489, 56.84621 ], [ 12.54573, 56.84548 ], [ 12.54458, 56.84409 ], [ 12.54562, 56.84403 ], [ 12.54674, 56.8427 ], [ 12.54848, 56.84284 ], [ 12.55025, 56.84199 ], [ 12.55298, 56.84239 ], [ 12.55399, 56.84134 ], [ 12.55387, 56.83985 ], [ 12.55595, 56.83911 ], [ 12.55679, 56.84019 ], [ 12.55755, 56.84038 ], [ 12.55791, 56.83988 ], [ 12.55856, 56.84015 ], [ 12.55932, 56.84152 ], [ 12.56081, 56.84214 ], [ 12.56314, 56.84226 ], [ 12.56298, 56.8426 ], [ 12.56547, 56.84183 ], [ 12.56812, 56.84247 ], [ 12.57169, 56.84223 ], [ 12.57769, 56.84061 ], [ 12.57831, 56.84294 ], [ 12.58242, 56.84621 ], [ 12.58377, 56.8483 ], [ 12.58709, 56.84983 ], [ 12.59019, 56.84958 ], [ 12.59178, 56.8504 ], [ 12.59159, 56.85132 ], [ 12.59053, 56.85204 ], [ 12.58969, 56.85193 ], [ 12.58837, 56.85088 ], [ 12.58709, 56.85078 ], [ 12.58517, 56.85129 ], [ 12.58176, 56.85323 ], [ 12.58266, 56.85527 ], [ 12.58198, 56.8562 ], [ 12.58246, 56.85723 ], [ 12.58867, 56.85766 ], [ 12.59023, 56.85878 ], [ 12.58921, 56.8599 ], [ 12.58654, 56.86128 ], [ 12.58624, 56.86275 ], [ 12.58811, 56.86316 ], [ 12.58997, 56.86284 ], [ 12.59115, 56.86306 ], [ 12.59217, 56.86468 ], [ 12.59173, 56.86571 ], [ 12.59453, 56.86632 ], [ 12.59552, 56.86599 ], [ 12.59568, 56.86459 ], [ 12.59757, 56.86441 ], [ 12.59766, 56.86337 ], [ 12.59649, 56.86252 ], [ 12.59699, 56.86194 ], [ 12.5999, 56.86201 ], [ 12.60175, 56.86145 ], [ 12.60526, 56.86133 ], [ 12.60954, 56.86449 ], [ 12.60917, 56.86501 ], [ 12.60812, 56.86525 ], [ 12.60897, 56.86775 ], [ 12.60825, 56.86891 ], [ 12.61398, 56.8685 ], [ 12.6169, 56.86931 ], [ 12.61786, 56.87022 ], [ 12.61899, 56.87041 ], [ 12.61887, 56.87154 ], [ 12.61964, 56.87228 ], [ 12.62403, 56.87193 ], [ 12.62491, 56.87436 ], [ 12.62852, 56.87637 ], [ 12.62764, 56.87774 ], [ 12.62831, 56.87817 ], [ 12.62709, 56.87922 ], [ 12.62398, 56.88021 ], [ 12.62059, 56.88249 ], [ 12.61365, 56.88301 ], [ 12.60086, 56.88924 ], [ 12.60218, 56.89133 ], [ 12.60159, 56.89143 ], [ 12.60174, 56.89286 ], [ 12.60359, 56.89463 ], [ 12.60285, 56.89672 ], [ 12.60454, 56.89884 ], [ 12.60891, 56.90063 ], [ 12.61135, 56.90417 ], [ 12.61146, 56.90601 ], [ 12.61662, 56.90768 ], [ 12.61788, 56.90855 ], [ 12.62233, 56.90847 ], [ 12.62326, 56.90785 ], [ 12.62495, 56.90912 ], [ 12.62531, 56.91112 ], [ 12.62823, 56.91246 ], [ 12.62785, 56.91327 ], [ 12.62307, 56.91123 ], [ 12.61773, 56.91688 ], [ 12.61814, 56.91697 ], [ 12.61522, 56.92094 ], [ 12.60996, 56.91972 ] ] ] } },
{ "type": "Feature", "properties": { "valdistrikt_kod": "13820202", "valdistrikt_namn": "FBG 11 Slätten", "valdeltagande_riksdag": 90.5, "valdeltagande_region": 88.5, "valdeltagande_kommun": 89.7, "rostberattigade_riksdag": 1309.0, "rostberattigade_region": 1309.0, "rostberattigade_kommun": 1309.0, "kommun_kod": "1382", "kommun_namn": "Falkenberg", "ar": 2018 }, "geometry": { "type": "Polygon", "coordinates": [ [ [ 12.53389, 56.89623 ], [ 12.52927, 56.89861 ], [ 12.51443, 56.89497 ], [ 12.51913, 56.88971 ], [ 12.52483, 56.89201 ], [ 12.53427, 56.88684 ], [ 12.53681, 56.88638 ], [ 12.54055, 56.88611 ], [ 12.54722, 56.88653 ], [ 12.55309, 56.8894 ], [ 12.54522, 56.89128 ], [ 12.54572, 56.89175 ], [ 12.54439, 56.89261 ], [ 12.54604, 56.89359 ], [ 12.54534, 56.89377 ], [ 12.54478, 56.89337 ], [ 12.54411, 56.89366 ], [ 12.54252, 56.89269 ], [ 12.53389, 56.89623 ] ] ] } },
{ "type": "Feature", "properties": { "valdistrikt_kod": "13820301", "valdistrikt_namn": "Årstad", "valdeltagande_riksdag": 83.2, "valdeltagande_region": 78.8, "valdeltagande_kommun": 80.0, "rostberattigade_riksdag": 1243.0, "rostberattigade_region": 1286.0, "rostberattigade_kommun": 1286.0, "kommun_kod": "1382", "kommun_namn": "Falkenberg", "ar": 2018 }, "geometry": { "type": "Polygon", "coordinates": [ [ [ 12.91191, 56.94334 ], [ 12.91303, 56.94617 ], [ 12.91543, 56.94712 ], [ 12.91623, 56.94855 ], [ 12.91428, 56.9515 ], [ 12.91459, 56.95371 ], [ 12.91375, 56.95458 ], [ 12.9145, 56.9553 ], [ 12.91323, 56.95923 ], [ 12.91212, 56.95927 ], [ 12.9116, 56.95782 ], [ 12.91063, 56.95762 ], [ 12.90333, 56.95686 ], [ 12.90001, 56.95757 ], [ 12.89607, 56.95617 ], [ 12.89534, 56.95534 ], [ 12.89133, 56.9546 ], [ 12.88695, 56.95519 ], [ 12.88488, 56.95705 ], [ 12.88305, 56.95793 ], [ 12.88071, 56.95842 ], [ 12.87938, 56.95788 ], [ 12.87821, 56.9567 ], [ 12.87535, 56.95652 ], [ 12.87405, 56.9558 ], [ 12.86892, 56.9559 ], [ 12.86835, 56.95961 ], [ 12.87119, 56.96142 ], [ 12.87202, 56.96343 ], [ 12.87347, 56.96424 ], [ 12.87227, 56.96667 ], [ 12.87057, 56.96789 ], [ 12.87075, 56.96852 ], [ 12.86993, 56.96905 ], [ 12.86417, 56.97119 ], [ 12.85881, 56.96924 ], [ 12.85759, 56.96675 ], [ 12.8556, 56.96615 ], [ 12.85485, 56.96746 ], [ 12.85259, 56.96879 ], [ 12.84796, 56.96887 ], [ 12.84502, 56.96731 ], [ 12.83988, 56.96563 ], [ 12.83858, 56.96555 ], [ 12.82274, 56.97492 ], [ 12.82103, 56.9826 ], [ 12.82583, 56.98589 ], [ 12.82625, 56.98683 ], [ 12.82562, 56.98783 ], [ 12.82502, 56.9882 ], [ 12.82401, 56.98708 ], [ 12.8225, 56.98692 ], [ 12.82009, 56.98675 ], [ 12.81911, 56.98708 ], [ 12.8166, 56.98692 ], [ 12.81429, 56.98624 ], [ 12.80977, 56.98627 ], [ 12.80802, 56.98536 ], [ 12.80896, 56.98416 ], [ 12.80713, 56.98246 ], [ 12.80534, 56.98215 ], [ 12.8037, 56.98042 ], [ 12.8049, 56.97911 ], [ 12.80069, 56.97783 ], [ 12.79939, 56.97542 ], [ 12.79519, 56.97412 ], [ 12.79227, 56.97451 ], [ 12.77445, 56.97485 ], [ 12.77138, 56.97007 ], [ 12.77136, 56.96761 ], [ 12.75963, 56.96341 ], [ 12.74506, 56.96149 ], [ 12.74087, 56.96141 ], [ 12.73267, 56.96036 ], [ 12.73415, 56.96414 ], [ 12.73189, 56.96498 ], [ 12.73041, 56.96393 ], [ 12.72963, 56.96012 ], [ 12.72743, 56.95993 ], [ 12.72458, 56.96004 ], [ 12.72285, 56.96073 ], [ 12.71461, 56.96035 ], [ 12.69873, 56.96108 ], [ 12.69796, 56.96119 ], [ 12.69844, 56.96203 ], [ 12.69575, 56.96192 ], [ 12.69255, 56.96126 ], [ 12.69127, 56.96433 ], [ 12.68991, 56.96469 ], [ 12.68781, 56.96335 ], [ 12.68819, 56.96169 ], [ 12.68764, 56.96078 ], [ 12.69087, 56.95898 ], [ 12.68891, 56.95764 ], [ 12.68993, 56.95658 ], [ 12.6876, 56.95592 ], [ 12.68704, 56.95511 ], [ 12.688, 56.95306 ], [ 12.6893, 56.95232 ], [ 12.69024, 56.95076 ], [ 12.69098, 56.94809 ], [ 12.69022, 56.94548 ], [ 12.68817, 56.94511 ], [ 12.68217, 56.94022 ], [ 12.67908, 56.93868 ], [ 12.67691, 56.93864 ], [ 12.67659, 56.93905 ], [ 12.67496, 56.93764 ], [ 12.67355, 56.93804 ], [ 12.67253, 56.9377 ], [ 12.67161, 56.93808 ], [ 12.67055, 56.93772 ], [ 12.66916, 56.93793 ], [ 12.66793, 56.93917 ], [ 12.66656, 56.93863 ], [ 12.66663, 56.93903 ], [ 12.66481, 56.93893 ], [ 12.66288, 56.93974 ], [ 12.66193, 56.9393 ], [ 12.66097, 56.93976 ], [ 12.66103, 56.93922 ], [ 12.66, 56.93913 ], [ 12.65951, 56.93992 ], [ 12.6583, 56.93994 ], [ 12.65785, 56.9403 ], [ 12.65622, 56.94008 ], [ 12.65619, 56.93975 ], [ 12.65489, 56.94017 ], [ 12.65356, 56.93998 ], [ 12.6538, 56.94038 ], [ 12.65252, 56.93985 ], [ 12.65155, 56.94043 ], [ 12.65054, 56.94015 ], [ 12.64949, 56.94075 ], [ 12.64862, 56.94074 ], [ 12.64803, 56.94178 ], [ 12.64676, 56.94133 ], [ 12.64656, 56.94196 ], [ 12.64446, 56.94214 ], [ 12.64342, 56.94294 ], [ 12.64313, 56.94361 ], [ 12.64403, 56.94424 ], [ 12.64354, 56.94468 ], [ 12.64492, 56.94474 ], [ 12.6443, 56.94536 ], [ 12.64325, 56.94547 ], [ 12.64391, 56.94599 ], [ 12.64217, 56.94712 ], [ 12.64207, 56.94819 ], [ 12.64098, 56.94787 ], [ 12.64025, 56.94821 ], [ 12.63886, 56.94815 ], [ 12.63821, 56.9496 ], [ 12.63657, 56.94934 ], [ 12.63495, 56.94957 ], [ 12.63266, 56.94728 ], [ 12.62768, 56.94531 ], [ 12.62499, 56.94298 ], [ 12.62122, 56.93469 ], [ 12.623, 56.93187 ], [ 12.62319, 56.93001 ], [ 12.62139, 56.92472 ], [ 12.6187, 56.92208 ], [ 12.61522, 56.92094 ], [ 12.61814, 56.91697 ], [ 12.61773, 56.91688 ], [ 12.62307, 56.91123 ], [ 12.62785, 56.91327 ], [ 12.62823, 56.91246 ], [ 12.62531, 56.91112 ], [ 12.62495, 56.90912 ], [ 12.62326, 56.90785 ], [ 12.62233, 56.90847 ], [ 12.61788, 56.90855 ], [ 12.61662, 56.90768 ], [ 12.61146, 56.90601 ], [ 12.61135, 56.90417 ], [ 12.60891, 56.90063 ], [ 12.60454, 56.89884 ], [ 12.60285, 56.89672 ], [ 12.60359, 56.89463 ], [ 12.60174, 56.89286 ], [ 12.60159, 56.89143 ], [ 12.60218, 56.89133 ], [ 12.60086, 56.88924 ], [ 12.61365, 56.88301 ], [ 12.62059, 56.88249 ], [ 12.62289, 56.88095 ], [ 12.63164, 56.87825 ], [ 12.63248, 56.87898 ], [ 12.63203, 56.87919 ], [ 12.63285, 56.88027 ], [ 12.63249, 56.88046 ], [ 12.63581, 56.88297 ], [ 12.63516, 56.88458 ], [ 12.63671, 56.88484 ], [ 12.63818, 56.88218 ], [ 12.64525, 56.87918 ], [ 12.64837, 56.8811 ], [ 12.64964, 56.88323 ], [ 12.64908, 56.8814 ], [ 12.65324, 56.88374 ], [ 12.66628, 56.88784 ], [ 12.66808, 56.89107 ], [ 12.66998, 56.89292 ], [ 12.67267, 56.89373 ], [ 12.68192, 56.89266 ], [ 12.68557, 56.8907 ], [ 12.69271, 56.88323 ], [ 12.69326, 56.88051 ], [ 12.6997, 56.87881 ], [ 12.70407, 56.877 ], [ 12.70251, 56.87403 ], [ 12.70669, 56.8715 ], [ 12.70973, 56.86373 ], [ 12.71253, 56.8623 ], [ 12.72015, 56.86011 ], [ 12.72574, 56.85569 ], [ 12.72104, 56.85429 ], [ 12.72359, 56.85078 ], [ 12.73024, 56.85213 ], [ 12.73087, 56.85165 ], [ 12.73072, 56.84903 ], [ 12.73293, 56.84934 ], [ 12.73741, 56.84455 ], [ 12.73835, 56.84458 ], [ 12.73835, 56.84513 ], [ 12.73916, 56.84538 ], [ 12.7402, 56.84353 ], [ 12.74118, 56.84364 ], [ 12.74029, 56.84505 ], [ 12.74078, 56.84513 ], [ 12.74087, 56.84452 ], [ 12.74324, 56.84496 ], [ 12.74427, 56.84588 ], [ 12.74431, 56.84652 ], [ 12.74318, 56.84746 ], [ 12.74421, 56.84787 ], [ 12.74322, 56.84817 ], [ 12.74329, 56.84905 ], [ 12.74213, 56.85023 ], [ 12.74288, 56.85134 ], [ 12.74341, 56.85154 ], [ 12.74471, 56.85094 ], [ 12.74653, 56.85152 ], [ 12.74649, 56.85272 ], [ 12.74942, 56.85356 ], [ 12.74769, 56.85368 ], [ 12.74757, 56.85395 ], [ 12.75041, 56.85459 ], [ 12.74972, 56.85556 ], [ 12.75103, 56.85579 ], [ 12.7533, 56.85766 ], [ 12.75311, 56.85812 ], [ 12.75832, 56.86026 ], [ 12.77095, 56.85569 ], [ 12.77192, 56.85658 ], [ 12.77451, 56.8553 ], [ 12.77656, 56.85589 ], [ 12.7869, 56.856 ], [ 12.80693, 56.85543 ], [ 12.81319, 56.85287 ], [ 12.81723, 56.85308 ], [ 12.81894, 56.8528 ], [ 12.8195, 56.85316 ], [ 12.82734, 56.85389 ], [ 12.8318, 56.8539 ], [ 12.84164, 56.85579 ], [ 12.84443, 56.85819 ], [ 12.84944, 56.861 ], [ 12.85045, 56.86203 ], [ 12.84525, 56.8633 ], [ 12.8474, 56.86501 ], [ 12.84073, 56.86733 ], [ 12.82344, 56.86568 ], [ 12.81066, 56.86165 ], [ 12.78494, 56.8584 ], [ 12.78418, 56.85877 ], [ 12.78323, 56.85854 ], [ 12.7834, 56.85821 ], [ 12.78234, 56.85809 ], [ 12.78214, 56.86037 ], [ 12.80186, 56.86373 ], [ 12.82769, 56.87259 ], [ 12.84215, 56.87027 ], [ 12.85094, 56.86946 ], [ 12.85066, 56.87173 ], [ 12.84746, 56.87148 ], [ 12.84908, 56.87197 ], [ 12.84922, 56.87249 ], [ 12.84246, 56.87152 ], [ 12.83769, 56.87245 ], [ 12.8489, 56.87595 ], [ 12.85219, 56.87244 ], [ 12.85314, 56.87257 ], [ 12.8529, 56.87301 ], [ 12.86013, 56.87395 ], [ 12.86225, 56.87639 ], [ 12.86502, 56.87713 ], [ 12.87189, 56.87394 ], [ 12.87173, 56.87636 ], [ 12.87335, 56.87737 ], [ 12.87277, 56.87837 ], [ 12.87356, 56.88063 ], [ 12.87139, 56.88334 ], [ 12.86819, 56.88462 ], [ 12.86632, 56.88852 ], [ 12.86718, 56.89212 ], [ 12.87082, 56.89482 ], [ 12.87324, 56.89465 ], [ 12.87102, 56.90386 ], [ 12.87885, 56.91062 ], [ 12.87877, 56.91154 ], [ 12.88014, 56.91295 ], [ 12.87944, 56.91427 ], [ 12.88588, 56.91641 ], [ 12.88635, 56.91819 ], [ 12.88864, 56.91871 ], [ 12.89062, 56.9205 ], [ 12.89009, 56.92133 ], [ 12.89252, 56.92427 ], [ 12.89379, 56.92508 ], [ 12.89267, 56.92743 ], [ 12.89431, 56.92846 ], [ 12.89347, 56.92919 ], [ 12.89223, 56.92925 ], [ 12.89192, 56.93205 ], [ 12.89218, 56.93226 ], [ 12.89343, 56.9319 ], [ 12.89348, 56.93241 ], [ 12.89526, 56.93365 ], [ 12.89512, 56.93579 ], [ 12.8958, 56.93586 ], [ 12.89736, 56.93431 ], [ 12.89862, 56.93452 ], [ 12.89826, 56.93498 ], [ 12.89901, 56.93536 ], [ 12.90035, 56.93481 ], [ 12.89991, 56.93643 ], [ 12.9017, 56.93658 ], [ 12.90395, 56.93872 ], [ 12.90492, 56.9388 ], [ 12.90637, 56.94002 ], [ 12.9074, 56.93988 ], [ 12.90823, 56.9417 ], [ 12.91061, 56.94232 ], [ 12.91191, 56.94334 ] ] ] } },
{ "type": "Feature", "properties": { "valdistrikt_kod": "13820601", "valdistrikt_namn": "Slöinge", "valdeltagande_riksdag": 83.0, "valdeltagande_region": 80.4, "valdeltagande_kommun": 80.6, "rostberattigade_riksdag": 922.0, "rostberattigade_region": 962.0, "rostberattigade_kommun": 962.0, "kommun_kod": "1382", "kommun_namn": "Falkenberg", "ar": 2018 }, "geometry": { "type": "Polygon", "coordinates": [ [ [ 12.7113, 56.86292 ], [ 12.70973, 56.86373 ], [ 12.70669, 56.8715 ], [ 12.70251, 56.87403 ], [ 12.70407, 56.877 ], [ 12.6997, 56.87881 ], [ 12.69326, 56.88051 ], [ 12.69271, 56.88323 ], [ 12.68557, 56.8907 ], [ 12.68192, 56.89266 ], [ 12.67267, 56.89373 ], [ 12.66998, 56.89292 ], [ 12.66654, 56.8886 ], [ 12.66297, 56.87592 ], [ 12.65814, 56.87327 ], [ 12.65832, 56.87245 ], [ 12.65996, 56.87195 ], [ 12.65939, 56.87115 ], [ 12.66743, 56.86456 ], [ 12.66295, 56.8623 ], [ 12.66329, 56.86169 ], [ 12.66434, 56.86175 ], [ 12.66363, 56.86079 ], [ 12.6613, 56.8603 ], [ 12.66215, 56.85924 ], [ 12.66126, 56.85799 ], [ 12.66151, 56.85511 ], [ 12.66093, 56.85325 ], [ 12.65904, 56.85168 ], [ 12.65987, 56.84904 ], [ 12.66117, 56.84896 ], [ 12.6623, 56.84998 ], [ 12.66347, 56.84993 ], [ 12.66679, 56.84713 ], [ 12.6726, 56.84513 ], [ 12.67131, 56.84306 ], [ 12.67174, 56.84219 ], [ 12.67458, 56.84188 ], [ 12.6766, 56.8412 ], [ 12.67807, 56.84122 ], [ 12.67969, 56.83475 ], [ 12.67861, 56.83113 ], [ 12.67926, 56.82102 ], [ 12.68103, 56.82102 ], [ 12.68187, 56.82011 ], [ 12.68822, 56.82161 ], [ 12.6912, 56.82367 ], [ 12.69289, 56.82384 ], [ 12.69463, 56.82462 ], [ 12.69441, 56.8262 ], [ 12.69504, 56.82699 ], [ 12.70334, 56.82938 ], [ 12.71187, 56.83385 ], [ 12.71518, 56.8321 ], [ 12.71856, 56.83174 ], [ 12.72015, 56.83394 ], [ 12.7182, 56.8369 ], [ 12.71685, 56.83761 ], [ 12.72052, 56.83756 ], [ 12.72258, 56.83979 ], [ 12.7254, 56.84104 ], [ 12.72687, 56.84129 ], [ 12.72706, 56.84197 ], [ 12.72621, 56.84314 ], [ 12.72875, 56.84461 ], [ 12.7305, 56.84456 ], [ 12.73095, 56.84669 ], [ 12.73165, 56.84662 ], [ 12.73245, 56.84548 ], [ 12.73472, 56.84535 ], [ 12.73591, 56.84461 ], [ 12.73741, 56.84455 ], [ 12.73293, 56.84934 ], [ 12.73072, 56.84903 ], [ 12.73087, 56.85165 ], [ 12.73024, 56.85213 ], [ 12.72359, 56.85078 ], [ 12.72104, 56.85429 ], [ 12.72574, 56.85569 ], [ 12.72015, 56.86011 ], [ 12.7113, 56.86292 ] ] ] } },
{ "type": "Feature", "properties": { "valdistrikt_kod": "13820701", "valdistrikt_namn": "Ugglarp-Långasand", "valdeltagande_riksdag": 90.4, "valdeltagande_region": 89.5, "valdeltagande_kommun": 89.9, "rostberattigade_riksdag": 854.0, "rostberattigade_region": 870.0, "rostberattigade_kommun": 870.0, "kommun_kod": "1382", "kommun_namn": "Falkenberg", "ar": 2018 }, "geometry": { "type": "Polygon", "coordinates": [ [ [ 12.60949, 56.81655 ], [ 12.61149, 56.81413 ], [ 12.6126, 56.81134 ], [ 12.61034, 56.80975 ], [ 12.60952, 56.80942 ], [ 12.60873, 56.80956 ], [ 12.60778, 56.8053 ], [ 12.60813, 56.80469 ], [ 12.60536, 56.80235 ], [ 12.60495, 56.80157 ], [ 12.60556, 56.80006 ], [ 12.6037, 56.7991 ], [ 12.60506, 56.79795 ], [ 12.60484, 56.79695 ], [ 12.60536, 56.79654 ], [ 12.60577, 56.79677 ], [ 12.6067, 56.79608 ], [ 12.60811, 56.79655 ], [ 12.6088, 56.796 ], [ 12.60863, 56.79412 ], [ 12.61097, 56.79329 ], [ 12.61048, 56.79395 ], [ 12.61201, 56.7946 ], [ 12.61148, 56.79327 ], [ 12.61209, 56.79307 ], [ 12.61236, 56.79152 ], [ 12.61322, 56.79122 ], [ 12.61492, 56.78851 ], [ 12.61463, 56.78816 ], [ 12.613, 56.78801 ], [ 12.61571, 56.78724 ], [ 12.61454, 56.78514 ], [ 12.61173, 56.78272 ], [ 12.61204, 56.7819 ], [ 12.61307, 56.78141 ], [ 12.61279, 56.78009 ], [ 12.61501, 56.78074 ], [ 12.61564, 56.7805 ], [ 12.61529, 56.77979 ], [ 12.61342, 56.77973 ], [ 12.61374, 56.77916 ], [ 12.61509, 56.77917 ], [ 12.61594, 56.77959 ], [ 12.6158, 56.78004 ], [ 12.61707, 56.7799 ], [ 12.61833, 56.78041 ], [ 12.6205, 56.78224 ], [ 12.62115, 56.78224 ], [ 12.62133, 56.78291 ], [ 12.62655, 56.78539 ], [ 12.63163, 56.78469 ], [ 12.64311, 56.79447 ], [ 12.63694, 56.79467 ], [ 12.63608, 56.7985 ], [ 12.63176, 56.79782 ], [ 12.62986, 56.80311 ], [ 12.63672, 56.80325 ], [ 12.64204, 56.80243 ], [ 12.64542, 56.80557 ], [ 12.64865, 56.80639 ], [ 12.64993, 56.80538 ], [ 12.65197, 56.80461 ], [ 12.64985, 56.80301 ], [ 12.65242, 56.80081 ], [ 12.65978, 56.81102 ], [ 12.66592, 56.81471 ], [ 12.67525, 56.8153 ], [ 12.68005, 56.81392 ], [ 12.68002, 56.81306 ], [ 12.6825, 56.81349 ], [ 12.68098, 56.81563 ], [ 12.68335, 56.81785 ], [ 12.68412, 56.81778 ], [ 12.68607, 56.81948 ], [ 12.68426, 56.82066 ], [ 12.68187, 56.82011 ], [ 12.68103, 56.82102 ], [ 12.67926, 56.82102 ], [ 12.67861, 56.83113 ], [ 12.67969, 56.83475 ], [ 12.67807, 56.84122 ], [ 12.6766, 56.8412 ], [ 12.67458, 56.84188 ], [ 12.67174, 56.84219 ], [ 12.67131, 56.84306 ], [ 12.67273, 56.84502 ], [ 12.66943, 56.84647 ], [ 12.66679, 56.84713 ], [ 12.6637, 56.84985 ], [ 12.6623, 56.84998 ], [ 12.66117, 56.84896 ], [ 12.66011, 56.84897 ], [ 12.65952, 56.84938 ], [ 12.65903, 56.85188 ], [ 12.66074, 56.85299 ], [ 12.66151, 56.85511 ], [ 12.66126, 56.85799 ], [ 12.66215, 56.85924 ], [ 12.6613, 56.8603 ], [ 12.66363, 56.86079 ], [ 12.66434, 56.86175 ], [ 12.66329, 56.86169 ], [ 12.66295, 56.8623 ], [ 12.66743, 56.86456 ], [ 12.65939, 56.87115 ], [ 12.65996, 56.87195 ], [ 12.65832, 56.87245 ], [ 12.65814, 56.87327 ], [ 12.66297, 56.87592 ], [ 12.66628, 56.88784 ], [ 12.65324, 56.88374 ], [ 12.64908, 56.8814 ], [ 12.64964, 56.88323 ], [ 12.64837, 56.8811 ], [ 12.64525, 56.87918 ], [ 12.63818, 56.88218 ], [ 12.63671, 56.88484 ], [ 12.63516, 56.88458 ], [ 12.63581, 56.88297 ], [ 12.63249, 56.88046 ], [ 12.63285, 56.88027 ], [ 12.63203, 56.87919 ], [ 12.63248, 56.87898 ], [ 12.63164, 56.87825 ], [ 12.62289, 56.88095 ], [ 12.62464, 56.87987 ], [ 12.62709, 56.87922 ], [ 12.62831, 56.87817 ], [ 12.62764, 56.87774 ], [ 12.62832, 56.8773 ], [ 12.62838, 56.8762 ], [ 12.62491, 56.87436 ], [ 12.62404, 56.87307 ], [ 12.62429, 56.87205 ], [ 12.62337, 56.87184 ], [ 12.61964, 56.87228 ], [ 12.61887, 56.87154 ], [ 12.61899, 56.87041 ], [ 12.61786, 56.87022 ], [ 12.6169, 56.86931 ], [ 12.61337, 56.86843 ], [ 12.60825, 56.86891 ], [ 12.60897, 56.86775 ], [ 12.60812, 56.86525 ], [ 12.60917, 56.86501 ], [ 12.60954, 56.86449 ], [ 12.60526, 56.86133 ], [ 12.60175, 56.86145 ], [ 12.5999, 56.86201 ], [ 12.59699, 56.86194 ], [ 12.59649, 56.86252 ], [ 12.59766, 56.86337 ], [ 12.59757, 56.86441 ], [ 12.59568, 56.86459 ], [ 12.59552, 56.86599 ], [ 12.59453, 56.86632 ], [ 12.59173, 56.86571 ], [ 12.59217, 56.86468 ], [ 12.59115, 56.86306 ], [ 12.58997, 56.86284 ], [ 12.58811, 56.86316 ], [ 12.58604, 56.86255 ], [ 12.58654, 56.86128 ], [ 12.58921, 56.8599 ], [ 12.59023, 56.85878 ], [ 12.58867, 56.85766 ], [ 12.58246, 56.85723 ], [ 12.58198, 56.8562 ], [ 12.58266, 56.85527 ], [ 12.58176, 56.85323 ], [ 12.58517, 56.85129 ], [ 12.58709, 56.85078 ], [ 12.58837, 56.85088 ], [ 12.58969, 56.85193 ], [ 12.59053, 56.85204 ], [ 12.59159, 56.85132 ], [ 12.59178, 56.8504 ], [ 12.59019, 56.84958 ], [ 12.58709, 56.84983 ], [ 12.58377, 56.8483 ], [ 12.58242, 56.84621 ], [ 12.57831, 56.84294 ], [ 12.57855, 56.83991 ], [ 12.57916, 56.83912 ], [ 12.58232, 56.83747 ], [ 12.5821, 56.83655 ], [ 12.58312, 56.83559 ], [ 12.58453, 56.83533 ], [ 12.58609, 56.83597 ], [ 12.58799, 56.83524 ], [ 12.58831, 56.83465 ], [ 12.58687, 56.83439 ], [ 12.58663, 56.83383 ], [ 12.58676, 56.83315 ], [ 12.58785, 56.83276 ], [ 12.58942, 56.83356 ], [ 12.58819, 56.82964 ], [ 12.59365, 56.8324 ], [ 12.59719, 56.82987 ], [ 12.59771, 56.82992 ], [ 12.5974, 56.82949 ], [ 12.60071, 56.82717 ], [ 12.60043, 56.82508 ], [ 12.60309, 56.8253 ], [ 12.60673, 56.8227 ], [ 12.60839, 56.82044 ], [ 12.60637, 56.81933 ], [ 12.60917, 56.81892 ], [ 12.6094, 56.81833 ], [ 12.60895, 56.81722 ], [ 12.6082, 56.81688 ], [ 12.60861, 56.8156 ], [ 12.60949, 56.81655 ] ], [ [ 12.60949, 56.81655 ], [ 12.60976, 56.81715 ], [ 12.60987, 56.81801 ], [ 12.61002, 56.81719 ], [ 12.60949, 56.81655 ] ] ] } },
{ "type": "Feature", "properties": { "valdistrikt_kod": "13820801", "valdistrikt_namn": "Skogstorp", "valdeltagande_riksdag": 87.7, "valdeltagande_region": 85.7, "valdeltagande_kommun": 86.4, "rostberattigade_riksdag": 1614.0, "rostberattigade_region": 1675.0, "rostberattigade_kommun": 1675.0, "kommun_kod": "1382", "kommun_namn": "Falkenberg", "ar": 2018 }, "geometry": { "type": "MultiPolygon", "coordinates": [ [ [ [ 12.4482, 56.89723 ], [ 12.44821, 56.89738 ], [ 12.448, 56.89707 ], [ 12.4482, 56.89723 ] ] ], [ [ [ 12.44823, 56.89762 ], [ 12.44821, 56.89738 ], [ 12.4492, 56.89774 ], [ 12.44964, 56.89728 ], [ 12.45266, 56.89743 ], [ 12.45404, 56.89722 ], [ 12.45467, 56.89672 ], [ 12.45787, 56.89639 ], [ 12.46649, 56.90499 ], [ 12.46417, 56.90532 ], [ 12.46382, 56.9061 ], [ 12.46304, 56.90555 ], [ 12.45421, 56.90656 ], [ 12.45587, 56.90766 ], [ 12.45749, 56.90752 ], [ 12.45308, 56.90852 ], [ 12.45573, 56.91064 ], [ 12.45432, 56.91132 ], [ 12.45419, 56.91103 ], [ 12.45036, 56.91172 ], [ 12.44507, 56.91464 ], [ 12.4454, 56.91482 ], [ 12.44415, 56.91575 ], [ 12.4398, 56.91799 ], [ 12.43858, 56.91723 ], [ 12.43801, 56.91761 ], [ 12.44068, 56.91908 ], [ 12.44026, 56.91943 ], [ 12.4407, 56.91967 ], [ 12.44033, 56.91992 ], [ 12.43979, 56.9197 ], [ 12.43889, 56.9213 ], [ 12.43829, 56.92122 ], [ 12.43809, 56.92165 ], [ 12.43075, 56.92126 ], [ 12.43241, 56.91972 ], [ 12.42537, 56.91745 ], [ 12.42513, 56.91652 ], [ 12.42045, 56.91643 ], [ 12.40921, 56.91404 ], [ 12.41423, 56.91042 ], [ 12.41125, 56.90534 ], [ 12.41264, 56.90586 ], [ 12.41174, 56.905 ], [ 12.41295, 56.90506 ], [ 12.41308, 56.90477 ], [ 12.41526, 56.90499 ], [ 12.41596, 56.90467 ], [ 12.41434, 56.90393 ], [ 12.41494, 56.90319 ], [ 12.41378, 56.90299 ], [ 12.41466, 56.90239 ], [ 12.41579, 56.90203 ], [ 12.41595, 56.90343 ], [ 12.41679, 56.90374 ], [ 12.41727, 56.90313 ], [ 12.41832, 56.9029 ], [ 12.41787, 56.90257 ], [ 12.41873, 56.90131 ], [ 12.42006, 56.90159 ], [ 12.42341, 56.90142 ], [ 12.42632, 56.89996 ], [ 12.42869, 56.90057 ], [ 12.42957, 56.90036 ], [ 12.43115, 56.89915 ], [ 12.43295, 56.89847 ], [ 12.43345, 56.8972 ], [ 12.43539, 56.89701 ], [ 12.43507, 56.89617 ], [ 12.43605, 56.89681 ], [ 12.43784, 56.89694 ], [ 12.43817, 56.89827 ], [ 12.43944, 56.89883 ], [ 12.44119, 56.89879 ], [ 12.44475, 56.89767 ], [ 12.44547, 56.89793 ], [ 12.44823, 56.89762 ] ] ] ] } },
{ "type": "Feature", "properties": { "valdistrikt_kod": "13820901", "valdistrikt_namn": "Glommen", "valdeltagande_riksdag": 90.6, "valdeltagande_region": 88.8, "valdeltagande_kommun": 89.8, "rostberattigade_riksdag": 1270.0, "rostberattigade_region": 1269.0, "rostberattigade_kommun": 1269.0, "kommun_kod": "1382", "kommun_namn": "Falkenberg", "ar": 2018 }, "geometry": { "type": "MultiPolygon", "coordinates": [ [ [ [ 12.37389, 56.91842 ], [ 12.37399, 56.91831 ], [ 12.37411, 56.91849 ], [ 12.37389, 56.91842 ] ] ], [ [ [ 12.35176, 56.94995 ], [ 12.35081, 56.94972 ], [ 12.3507, 56.94927 ], [ 12.35181, 56.94951 ], [ 12.35176, 56.94995 ] ] ], [ [ [ 12.35176, 56.94995 ], [ 12.35266, 56.95015 ], [ 12.35316, 56.94989 ], [ 12.35303, 56.94908 ], [ 12.35215, 56.94861 ], [ 12.35307, 56.94782 ], [ 12.35353, 56.94809 ], [ 12.35453, 56.94776 ], [ 12.35449, 56.94672 ], [ 12.35518, 56.94614 ], [ 12.35431, 56.94409 ], [ 12.35377, 56.9441 ], [ 12.3549, 56.94344 ], [ 12.35474, 56.9428 ], [ 12.35345, 56.94204 ], [ 12.35601, 56.94186 ], [ 12.35837, 56.94041 ], [ 12.35943, 56.93771 ], [ 12.35889, 56.93697 ], [ 12.35922, 56.93588 ], [ 12.35835, 56.93357 ], [ 12.3564, 56.932 ], [ 12.35484, 56.9317 ], [ 12.35318, 56.93235 ], [ 12.35154, 56.93143 ], [ 12.34826, 56.93175 ], [ 12.34891, 56.93071 ], [ 12.34865, 56.92964 ], [ 12.34982, 56.93085 ], [ 12.35091, 56.93071 ], [ 12.35101, 56.93021 ], [ 12.35132, 56.93074 ], [ 12.35281, 56.93077 ], [ 12.35355, 56.9303 ], [ 12.35284, 56.92911 ], [ 12.35094, 56.92893 ], [ 12.35402, 56.92871 ], [ 12.35431, 56.92843 ], [ 12.35615, 56.92879 ], [ 12.35742, 56.92862 ], [ 12.36043, 56.92772 ], [ 12.36079, 56.92703 ], [ 12.36142, 56.92709 ], [ 12.36113, 56.92662 ], [ 12.36193, 56.92605 ], [ 12.36111, 56.92608 ], [ 12.36143, 56.92539 ], [ 12.35736, 56.92443 ], [ 12.35655, 56.92465 ], [ 12.35602, 56.92418 ], [ 12.3562, 56.92322 ], [ 12.3576, 56.92184 ], [ 12.35881, 56.92174 ], [ 12.36099, 56.92025 ], [ 12.36159, 56.91884 ], [ 12.36433, 56.91806 ], [ 12.36627, 56.91635 ], [ 12.36707, 56.91662 ], [ 12.3661, 56.91822 ], [ 12.3667, 56.91905 ], [ 12.36805, 56.9202 ], [ 12.37014, 56.92073 ], [ 12.37124, 56.92071 ], [ 12.37432, 56.91865 ], [ 12.37953, 56.91866 ], [ 12.381, 56.91963 ], [ 12.3794, 56.92053 ], [ 12.3852, 56.92374 ], [ 12.38452, 56.92415 ], [ 12.38507, 56.92445 ], [ 12.38559, 56.92418 ], [ 12.3889, 56.92584 ], [ 12.38839, 56.9262 ], [ 12.39072, 56.92747 ], [ 12.39388, 56.92547 ], [ 12.40089, 56.92934 ], [ 12.40079, 56.9307 ], [ 12.40224, 56.93246 ], [ 12.40426, 56.93442 ], [ 12.40727, 56.93591 ], [ 12.4059, 56.93827 ], [ 12.40084, 56.93628 ], [ 12.40203, 56.93474 ], [ 12.39783, 56.93304 ], [ 12.3959, 56.93427 ], [ 12.39917, 56.93563 ], [ 12.39692, 56.93808 ], [ 12.40449, 56.94001 ], [ 12.40147, 56.9433 ], [ 12.39931, 56.9428 ], [ 12.39829, 56.9446 ], [ 12.39989, 56.94507 ], [ 12.39865, 56.94697 ], [ 12.39656, 56.94828 ], [ 12.39675, 56.94911 ], [ 12.39572, 56.94876 ], [ 12.39436, 56.94956 ], [ 12.39643, 56.95035 ], [ 12.3958, 56.95334 ], [ 12.39805, 56.95377 ], [ 12.3983, 56.95493 ], [ 12.39493, 56.95427 ], [ 12.39447, 56.96039 ], [ 12.39604, 56.97004 ], [ 12.39181, 56.96991 ], [ 12.39259, 56.97221 ], [ 12.39642, 56.97226 ], [ 12.39654, 56.97422 ], [ 12.39244, 56.97345 ], [ 12.38965, 56.98039 ], [ 12.38778, 56.98011 ], [ 12.38793, 56.9781 ], [ 12.38695, 56.97794 ], [ 12.3858, 56.97936 ], [ 12.38776, 56.98051 ], [ 12.3877, 56.98095 ], [ 12.38659, 56.98099 ], [ 12.38642, 56.98165 ], [ 12.38728, 56.98169 ], [ 12.3865, 56.9826 ], [ 12.38741, 56.98358 ], [ 12.38761, 56.98698 ], [ 12.38246, 56.98994 ], [ 12.38147, 56.99584 ], [ 12.37258, 56.99539 ], [ 12.35844, 56.99118 ], [ 12.35941, 56.99047 ], [ 12.35865, 56.98845 ], [ 12.35563, 56.98807 ], [ 12.35723, 56.98706 ], [ 12.35557, 56.98584 ], [ 12.35738, 56.9848 ], [ 12.35565, 56.98428 ], [ 12.35455, 56.98173 ], [ 12.35669, 56.98128 ], [ 12.35765, 56.97988 ], [ 12.35904, 56.97987 ], [ 12.35954, 56.97861 ], [ 12.36115, 56.97822 ], [ 12.36026, 56.97817 ], [ 12.3609, 56.97773 ], [ 12.35999, 56.97782 ], [ 12.35991, 56.97747 ], [ 12.36087, 56.97713 ], [ 12.36033, 56.97694 ], [ 12.35913, 56.97802 ], [ 12.35817, 56.97811 ], [ 12.35917, 56.97715 ], [ 12.35748, 56.97599 ], [ 12.35974, 56.97531 ], [ 12.35988, 56.97494 ], [ 12.35727, 56.9751 ], [ 12.35627, 56.97481 ], [ 12.35314, 56.97526 ], [ 12.35389, 56.97397 ], [ 12.35821, 56.97167 ], [ 12.35861, 56.97037 ], [ 12.35742, 56.97007 ], [ 12.35686, 56.96938 ], [ 12.35604, 56.96979 ], [ 12.35232, 56.96959 ], [ 12.35192, 56.96737 ], [ 12.35083, 56.96697 ], [ 12.35002, 56.9676 ], [ 12.34938, 56.96639 ], [ 12.34715, 56.96639 ], [ 12.3488, 56.96506 ], [ 12.34777, 56.96475 ], [ 12.34887, 56.96379 ], [ 12.34853, 56.96268 ], [ 12.34982, 56.96205 ], [ 12.35029, 56.96082 ], [ 12.35411, 56.95745 ], [ 12.35357, 56.95502 ], [ 12.3541, 56.95391 ], [ 12.35308, 56.9531 ], [ 12.35342, 56.95172 ], [ 12.3518, 56.95055 ], [ 12.35176, 56.94995 ] ] ], [ [ [ 12.35602, 56.97283 ], [ 12.35317, 56.97246 ], [ 12.34908, 56.97281 ], [ 12.347, 56.9725 ], [ 12.34794, 56.97201 ], [ 12.35003, 56.97203 ], [ 12.35004, 56.97174 ], [ 12.35252, 56.97138 ], [ 12.35366, 56.97238 ], [ 12.35602, 56.97283 ] ] ] ] } },
{ "type": "Feature", "properties": { "valdistrikt_kod": "13820902", "valdistrikt_namn": "Långås-Morup", "valdeltagande_riksdag": 87.8, "valdeltagande_region": 84.1, "valdeltagande_kommun": 85.1, "rostberattigade_riksdag": 896.0, "rostberattigade_region": 938.0, "rostberattigade_kommun": 938.0, "kommun_kod": "1382", "kommun_namn": "Falkenberg", "ar": 2018 }, "geometry": { "type": "Polygon", "coordinates": [ [ [ 12.43945, 57.00944 ], [ 12.43759, 57.00988 ], [ 12.43497, 57.01168 ], [ 12.42727, 57.01215 ], [ 12.42648, 57.00981 ], [ 12.41192, 57.00424 ], [ 12.41003, 57.00178 ], [ 12.40863, 57.00086 ], [ 12.40527, 57.00166 ], [ 12.39624, 56.99791 ], [ 12.38965, 56.99673 ], [ 12.39017, 56.9948 ], [ 12.38147, 56.99584 ], [ 12.38246, 56.98994 ], [ 12.38761, 56.98698 ], [ 12.38741, 56.98358 ], [ 12.3865, 56.9826 ], [ 12.38728, 56.98169 ], [ 12.38642, 56.98165 ], [ 12.38659, 56.98099 ], [ 12.3877, 56.98095 ], [ 12.38776, 56.98051 ], [ 12.3858, 56.97936 ], [ 12.38695, 56.97794 ], [ 12.38793, 56.9781 ], [ 12.38778, 56.98011 ], [ 12.38965, 56.98039 ], [ 12.39244, 56.97345 ], [ 12.39654, 56.97422 ], [ 12.39642, 56.97226 ], [ 12.39259, 56.97221 ], [ 12.39181, 56.96991 ], [ 12.39604, 56.97004 ], [ 12.39447, 56.96039 ], [ 12.39493, 56.95427 ], [ 12.3983, 56.95493 ], [ 12.39805, 56.95377 ], [ 12.3958, 56.95334 ], [ 12.39643, 56.95035 ], [ 12.39436, 56.94956 ], [ 12.39572, 56.94876 ], [ 12.39675, 56.94911 ], [ 12.39656, 56.94828 ], [ 12.39865, 56.94697 ], [ 12.39989, 56.94507 ], [ 12.39829, 56.9446 ], [ 12.39931, 56.9428 ], [ 12.40147, 56.9433 ], [ 12.40449, 56.94001 ], [ 12.39692, 56.93808 ], [ 12.39917, 56.93563 ], [ 12.3959, 56.93427 ], [ 12.39783, 56.93304 ], [ 12.40203, 56.93474 ], [ 12.40084, 56.93628 ], [ 12.4059, 56.93827 ], [ 12.40561, 56.93884 ], [ 12.41352, 56.94204 ], [ 12.41543, 56.94098 ], [ 12.41674, 56.94188 ], [ 12.41831, 56.94132 ], [ 12.42026, 56.94282 ], [ 12.42301, 56.94133 ], [ 12.42656, 56.94244 ], [ 12.42532, 56.94576 ], [ 12.43282, 56.9489 ], [ 12.43892, 56.95381 ], [ 12.44053, 56.95393 ], [ 12.44114, 56.95282 ], [ 12.44354, 56.95331 ], [ 12.44313, 56.95383 ], [ 12.44835, 56.95487 ], [ 12.44754, 56.95662 ], [ 12.45042, 56.95658 ], [ 12.45051, 56.95582 ], [ 12.4529, 56.95613 ], [ 12.45023, 56.96061 ], [ 12.44727, 56.96355 ], [ 12.44778, 56.96377 ], [ 12.45352, 56.96032 ], [ 12.45413, 56.96047 ], [ 12.4526, 56.9611 ], [ 12.45204, 56.96419 ], [ 12.45832, 56.96493 ], [ 12.45902, 56.96236 ], [ 12.45972, 56.96247 ], [ 12.45901, 56.96686 ], [ 12.45623, 56.9743 ], [ 12.45669, 56.97471 ], [ 12.45559, 56.97594 ], [ 12.45372, 56.9811 ], [ 12.44999, 56.98465 ], [ 12.45908, 56.98693 ], [ 12.46111, 56.98782 ], [ 12.47457, 56.99588 ], [ 12.4628, 57.00203 ], [ 12.45873, 57.00262 ], [ 12.4604, 57.00316 ], [ 12.45814, 57.00418 ], [ 12.45431, 57.00706 ], [ 12.44169, 57.00965 ], [ 12.43945, 57.00944 ] ] ] } },
{ "type": "Feature", "properties": { "valdistrikt_kod": "13821001", "valdistrikt_namn": "Ljungby", "valdeltagande_riksdag": 89.7, "valdeltagande_region": 87.0, "valdeltagande_kommun": 87.2, "rostberattigade_riksdag": 817.0, "rostberattigade_region": 845.0, "rostberattigade_kommun": 845.0, "kommun_kod": "1382", "kommun_namn": "Falkenberg", "ar": 2018 }, "geometry": { "type": "Polygon", "coordinates": [ [ [ 12.61779, 57.03726 ], [ 12.60213, 57.04145 ], [ 12.6018, 57.03876 ], [ 12.60248, 57.03647 ], [ 12.60355, 57.03583 ], [ 12.60297, 57.03257 ], [ 12.60492, 57.03189 ], [ 12.60514, 57.03144 ], [ 12.60662, 57.03115 ], [ 12.60687, 57.03071 ], [ 12.6084, 57.03081 ], [ 12.60844, 57.02983 ], [ 12.60941, 57.02912 ], [ 12.60832, 57.02756 ], [ 12.60885, 57.02695 ], [ 12.60761, 57.02638 ], [ 12.6091, 57.02397 ], [ 12.60795, 57.02295 ], [ 12.60824, 57.0222 ], [ 12.60737, 57.0223 ], [ 12.60681, 57.02109 ], [ 12.60336, 57.02261 ], [ 12.60194, 57.02225 ], [ 12.59918, 57.02228 ], [ 12.5959, 57.02147 ], [ 12.59453, 57.0214 ], [ 12.5936, 57.02175 ], [ 12.59189, 57.0207 ], [ 12.59043, 57.02066 ], [ 12.58935, 57.02115 ], [ 12.58767, 57.02095 ], [ 12.58606, 57.01986 ], [ 12.58217, 57.01979 ], [ 12.57814, 57.01898 ], [ 12.57725, 57.01781 ], [ 12.57799, 57.01641 ], [ 12.57672, 57.0156 ], [ 12.57389, 57.01514 ], [ 12.56844, 57.01577 ], [ 12.5589, 57.01805 ], [ 12.55229, 57.01845 ], [ 12.5512, 57.01792 ], [ 12.55047, 57.01804 ], [ 12.54983, 57.01256 ], [ 12.54292, 57.00132 ], [ 12.53403, 56.99886 ], [ 12.52703, 56.99337 ], [ 12.51038, 56.99709 ], [ 12.51696, 57.00101 ], [ 12.51096, 57.00218 ], [ 12.48717, 57.0056 ], [ 12.48585, 57.00625 ], [ 12.48422, 57.01014 ], [ 12.48468, 57.01134 ], [ 12.48864, 57.01427 ], [ 12.48856, 57.01515 ], [ 12.483, 57.01615 ], [ 12.47275, 57.0145 ], [ 12.46079, 57.0139 ], [ 12.45823, 57.01291 ], [ 12.45667, 57.013 ], [ 12.4568, 57.01066 ], [ 12.45615, 57.0088 ], [ 12.45562, 57.00897 ], [ 12.45336, 57.00737 ], [ 12.45544, 57.0065 ], [ 12.45814, 57.00418 ], [ 12.4604, 57.00316 ], [ 12.45873, 57.00262 ], [ 12.4628, 57.00203 ], [ 12.47457, 56.99588 ], [ 12.47606, 56.99585 ], [ 12.47795, 56.99253 ], [ 12.48082, 56.99324 ], [ 12.48466, 56.98781 ], [ 12.48667, 56.98686 ], [ 12.4858, 56.98651 ], [ 12.4863, 56.98609 ], [ 12.48354, 56.98725 ], [ 12.48305, 56.98662 ], [ 12.50871, 56.97981 ], [ 12.50705, 56.96633 ], [ 12.50319, 56.96686 ], [ 12.50348, 56.96542 ], [ 12.5062, 56.96483 ], [ 12.50583, 56.96254 ], [ 12.50544, 56.96201 ], [ 12.49906, 56.95988 ], [ 12.53347, 56.95608 ], [ 12.53185, 56.96002 ], [ 12.53216, 56.96266 ], [ 12.53599, 56.96268 ], [ 12.53895, 56.96375 ], [ 12.54213, 56.96167 ], [ 12.54395, 56.9619 ], [ 12.54692, 56.9636 ], [ 12.55175, 56.96445 ], [ 12.56669, 56.96473 ], [ 12.56814, 56.96551 ], [ 12.57138, 56.96456 ], [ 12.57187, 56.96359 ], [ 12.57039, 56.96358 ], [ 12.56993, 56.96287 ], [ 12.56892, 56.963 ], [ 12.56874, 56.96227 ], [ 12.56811, 56.96227 ], [ 12.56872, 56.96195 ], [ 12.5681, 56.9614 ], [ 12.56696, 56.96153 ], [ 12.56368, 56.96041 ], [ 12.56361, 56.9592 ], [ 12.56261, 56.95892 ], [ 12.56342, 56.95861 ], [ 12.56214, 56.95835 ], [ 12.56285, 56.95767 ], [ 12.56198, 56.95743 ], [ 12.56278, 56.95707 ], [ 12.56287, 56.95637 ], [ 12.56465, 56.95601 ], [ 12.563, 56.95388 ], [ 12.56155, 56.9542 ], [ 12.55989, 56.95291 ], [ 12.55931, 56.95339 ], [ 12.55916, 56.95244 ], [ 12.5583, 56.953 ], [ 12.55756, 56.95284 ], [ 12.55761, 56.9536 ], [ 12.55661, 56.95303 ], [ 12.5555, 56.95311 ], [ 12.55494, 56.9519 ], [ 12.55388, 56.95191 ], [ 12.55292, 56.95042 ], [ 12.55313, 56.94901 ], [ 12.5526, 56.94838 ], [ 12.55381, 56.94812 ], [ 12.5524, 56.9465 ], [ 12.55334, 56.94603 ], [ 12.55206, 56.94555 ], [ 12.56016, 56.94605 ], [ 12.57946, 56.94863 ], [ 12.58531, 56.95007 ], [ 12.58735, 56.95018 ], [ 12.59101, 56.95147 ], [ 12.59492, 56.96722 ], [ 12.59893, 56.96872 ], [ 12.60341, 56.96982 ], [ 12.60776, 56.97703 ], [ 12.60763, 56.97827 ], [ 12.60926, 56.98075 ], [ 12.61879, 56.98646 ], [ 12.6145, 56.99717 ], [ 12.63707, 56.99909 ], [ 12.64465, 57.00189 ], [ 12.64827, 57.00178 ], [ 12.64811, 57.00356 ], [ 12.64544, 57.00562 ], [ 12.64535, 57.0063 ], [ 12.64583, 57.00681 ], [ 12.65025, 57.00679 ], [ 12.65198, 57.00823 ], [ 12.64982, 57.01174 ], [ 12.64922, 57.01558 ], [ 12.6501, 57.01638 ], [ 12.65334, 57.01592 ], [ 12.65479, 57.01642 ], [ 12.65352, 57.01963 ], [ 12.65359, 57.02224 ], [ 12.65487, 57.02406 ], [ 12.65918, 57.02655 ], [ 12.65741, 57.0299 ], [ 12.65458, 57.03226 ], [ 12.65352, 57.03175 ], [ 12.65259, 57.03198 ], [ 12.64413, 57.03132 ], [ 12.64349, 57.03272 ], [ 12.64278, 57.03262 ], [ 12.64246, 57.03314 ], [ 12.63564, 57.03361 ], [ 12.63026, 57.03467 ], [ 12.62814, 57.03281 ], [ 12.61779, 57.03726 ] ] ] } },
{ "type": "Feature", "properties": { "valdistrikt_kod": "13821101", "valdistrikt_namn": "Tröingeberg", "valdeltagande_riksdag": 89.8, "valdeltagande_region": 89.2, "valdeltagande_kommun": 89.7, "rostberattigade_riksdag": 1720.0, "rostberattigade_region": 1725.0, "rostberattigade_kommun": 1725.0, "kommun_kod": "1382", "kommun_namn": "Falkenberg", "ar": 2018 }, "geometry": { "type": "Polygon", "coordinates": [ [ [ 12.54276, 56.92451 ], [ 12.53887, 56.92536 ], [ 12.53484, 56.92427 ], [ 12.53177, 56.92467 ], [ 12.53058, 56.9245 ], [ 12.52761, 56.92386 ], [ 12.52626, 56.92299 ], [ 12.52468, 56.92292 ], [ 12.52511, 56.92258 ], [ 12.52296, 56.92218 ], [ 12.52103, 56.91947 ], [ 12.51771, 56.91657 ], [ 12.51487, 56.91567 ], [ 12.51364, 56.91416 ], [ 12.5115, 56.91339 ], [ 12.5263, 56.9011 ], [ 12.53392, 56.90134 ], [ 12.53528, 56.90166 ], [ 12.55051, 56.90838 ], [ 12.55467, 56.90838 ], [ 12.55628, 56.90724 ], [ 12.55835, 56.90697 ], [ 12.56585, 56.90702 ], [ 12.57109, 56.90772 ], [ 12.56674, 56.90994 ], [ 12.56578, 56.90945 ], [ 12.56016, 56.91223 ], [ 12.55498, 56.91414 ], [ 12.55762, 56.91925 ], [ 12.54894, 56.92137 ], [ 12.54276, 56.92451 ] ] ] } },
{ "type": "Feature", "properties": { "valdistrikt_kod": "13821102", "valdistrikt_namn": "Vinbergs Samhälle och kyrkby", "valdeltagande_riksdag": 88.0, "valdeltagande_region": 83.5, "valdeltagande_kommun": 84.1, "rostberattigade_riksdag": 976.0, "rostberattigade_region": 1013.0, "rostberattigade_kommun": 1013.0, "kommun_kod": "1382", "kommun_namn": "Falkenberg", "ar": 2018 }, "geometry": { "type": "Polygon", "coordinates": [ [ [ 12.56814, 56.96551 ], [ 12.56669, 56.96473 ], [ 12.55175, 56.96445 ], [ 12.54692, 56.9636 ], [ 12.54395, 56.9619 ], [ 12.54213, 56.96167 ], [ 12.53895, 56.96375 ], [ 12.53599, 56.96268 ], [ 12.53216, 56.96266 ], [ 12.53185, 56.96002 ], [ 12.53347, 56.95608 ], [ 12.49906, 56.95988 ], [ 12.48795, 56.95611 ], [ 12.48434, 56.94733 ], [ 12.48526, 56.94732 ], [ 12.49167, 56.9443 ], [ 12.49689, 56.94522 ], [ 12.50357, 56.94201 ], [ 12.50539, 56.94055 ], [ 12.50284, 56.93858 ], [ 12.5021, 56.93861 ], [ 12.50213, 56.93596 ], [ 12.50054, 56.93486 ], [ 12.50232, 56.93501 ], [ 12.50165, 56.93145 ], [ 12.50623, 56.93224 ], [ 12.50613, 56.93181 ], [ 12.50928, 56.9316 ], [ 12.50977, 56.9333 ], [ 12.51074, 56.93323 ], [ 12.50981, 56.92977 ], [ 12.51528, 56.92778 ], [ 12.51717, 56.92941 ], [ 12.51815, 56.92895 ], [ 12.51953, 56.93013 ], [ 12.52147, 56.9294 ], [ 12.51976, 56.92803 ], [ 12.52808, 56.92668 ], [ 12.53177, 56.92467 ], [ 12.53484, 56.92427 ], [ 12.53887, 56.92536 ], [ 12.54356, 56.92433 ], [ 12.54894, 56.92137 ], [ 12.55762, 56.91925 ], [ 12.55498, 56.91414 ], [ 12.56016, 56.91223 ], [ 12.56578, 56.90945 ], [ 12.56674, 56.90994 ], [ 12.57109, 56.90772 ], [ 12.57374, 56.90953 ], [ 12.57606, 56.91277 ], [ 12.57833, 56.91408 ], [ 12.5824, 56.91541 ], [ 12.58408, 56.91538 ], [ 12.5887, 56.91437 ], [ 12.58987, 56.91462 ], [ 12.59668, 56.91822 ], [ 12.60112, 56.91928 ], [ 12.60403, 56.92128 ], [ 12.60687, 56.92134 ], [ 12.60752, 56.9211 ], [ 12.60807, 56.91988 ], [ 12.61025, 56.91972 ], [ 12.6187, 56.92208 ], [ 12.62115, 56.92424 ], [ 12.62296, 56.92881 ], [ 12.623, 56.93187 ], [ 12.62122, 56.93469 ], [ 12.62545, 56.94347 ], [ 12.61384, 56.94627 ], [ 12.61146, 56.94913 ], [ 12.60632, 56.95114 ], [ 12.59101, 56.95147 ], [ 12.58735, 56.95018 ], [ 12.58531, 56.95007 ], [ 12.57946, 56.94863 ], [ 12.56016, 56.94605 ], [ 12.55206, 56.94555 ], [ 12.55334, 56.94603 ], [ 12.5524, 56.9465 ], [ 12.55381, 56.94812 ], [ 12.5526, 56.94838 ], [ 12.55313, 56.94901 ], [ 12.55292, 56.95042 ], [ 12.55388, 56.95191 ], [ 12.55494, 56.9519 ], [ 12.55571, 56.95319 ], [ 12.55661, 56.95303 ], [ 12.55799, 56.95364 ], [ 12.55756, 56.95284 ], [ 12.5583, 56.953 ], [ 12.55916, 56.95244 ], [ 12.55931, 56.95339 ], [ 12.55989, 56.95291 ], [ 12.56155, 56.9542 ], [ 12.56261, 56.95383 ], [ 12.56315, 56.954 ], [ 12.56465, 56.95601 ], [ 12.56287, 56.95637 ], [ 12.56278, 56.95707 ], [ 12.56198, 56.95743 ], [ 12.56285, 56.95767 ], [ 12.56203, 56.95824 ], [ 12.56342, 56.95861 ], [ 12.56261, 56.95892 ], [ 12.56361, 56.9592 ], [ 12.56368, 56.96041 ], [ 12.56696, 56.96153 ], [ 12.5681, 56.9614 ], [ 12.56872, 56.96195 ], [ 12.56811, 56.96227 ], [ 12.56874, 56.96227 ], [ 12.56892, 56.963 ], [ 12.56993, 56.96287 ], [ 12.57039, 56.96358 ], [ 12.57187, 56.96359 ], [ 12.57181, 56.96433 ], [ 12.56814, 56.96551 ] ] ] } },
{ "type": "Feature", "properties": { "valdistrikt_kod": "13821201", "valdistrikt_namn": "Vessigebro", "valdeltagande_riksdag": 84.3, "valdeltagande_region": 82.1, "valdeltagande_kommun": 82.5, "rostberattigade_riksdag": 1215.0, "rostberattigade_region": 1254.0, "rostberattigade_kommun": 1254.0, "kommun_kod": "1382", "kommun_namn": "Falkenberg", "ar": 2018 }, "geometry": { "type": "Polygon", "coordinates": [ [ [ 12.81806, 57.06168 ], [ 12.81151, 57.06186 ], [ 12.79655, 57.06113 ], [ 12.79469, 57.05943 ], [ 12.78907, 57.05849 ], [ 12.78753, 57.05779 ], [ 12.78321, 57.05358 ], [ 12.77903, 57.05208 ], [ 12.77771, 57.05079 ], [ 12.77487, 57.04985 ], [ 12.77118, 57.04676 ], [ 12.76815, 57.04361 ], [ 12.76783, 57.042 ], [ 12.76659, 57.04101 ], [ 12.76564, 57.03848 ], [ 12.76233, 57.03645 ], [ 12.7611, 57.0331 ], [ 12.75881, 57.0315 ], [ 12.7545, 57.02671 ], [ 12.74857, 57.02271 ], [ 12.74531, 57.02178 ], [ 12.74121, 57.02178 ], [ 12.73782, 57.02227 ], [ 12.73686, 57.02308 ], [ 12.73669, 57.02494 ], [ 12.73489, 57.02561 ], [ 12.73318, 57.02554 ], [ 12.73072, 57.02612 ], [ 12.72759, 57.02553 ], [ 12.72501, 57.02576 ], [ 12.72032, 57.02689 ], [ 12.71291, 57.02982 ], [ 12.70877, 57.02951 ], [ 12.70269, 57.03151 ], [ 12.70145, 57.03137 ], [ 12.70011, 57.02977 ], [ 12.69431, 57.03045 ], [ 12.6917, 57.02965 ], [ 12.68872, 57.02777 ], [ 12.68652, 57.02725 ], [ 12.68379, 57.02718 ], [ 12.68218, 57.02792 ], [ 12.68107, 57.02989 ], [ 12.67744, 57.0313 ], [ 12.67617, 57.03311 ], [ 12.67144, 57.03386 ], [ 12.66797, 57.03498 ], [ 12.66837, 57.03562 ], [ 12.66674, 57.03648 ], [ 12.66561, 57.03651 ], [ 12.6613, 57.03412 ], [ 12.65733, 57.03355 ], [ 12.65609, 57.03112 ], [ 12.65754, 57.02973 ], [ 12.65918, 57.02655 ], [ 12.65487, 57.02406 ], [ 12.65359, 57.02224 ], [ 12.65352, 57.01963 ], [ 12.65479, 57.01642 ], [ 12.65334, 57.01592 ], [ 12.6501, 57.01638 ], [ 12.64922, 57.01558 ], [ 12.64982, 57.01174 ], [ 12.65177, 57.00924 ], [ 12.6518, 57.00782 ], [ 12.64994, 57.00671 ], [ 12.64583, 57.00681 ], [ 12.64535, 57.0063 ], [ 12.64544, 57.00562 ], [ 12.64811, 57.00356 ], [ 12.64827, 57.00178 ], [ 12.64465, 57.00189 ], [ 12.63707, 56.99909 ], [ 12.6145, 56.99717 ], [ 12.61879, 56.98646 ], [ 12.60926, 56.98075 ], [ 12.60763, 56.97827 ], [ 12.60776, 56.97703 ], [ 12.60341, 56.96982 ], [ 12.59893, 56.96872 ], [ 12.59492, 56.96722 ], [ 12.59101, 56.95147 ], [ 12.60632, 56.95114 ], [ 12.61146, 56.94913 ], [ 12.61384, 56.94627 ], [ 12.62545, 56.94347 ], [ 12.62768, 56.94531 ], [ 12.63266, 56.94728 ], [ 12.63495, 56.94957 ], [ 12.63657, 56.94934 ], [ 12.63821, 56.9496 ], [ 12.63886, 56.94815 ], [ 12.64025, 56.94821 ], [ 12.64098, 56.94787 ], [ 12.64167, 56.94828 ], [ 12.64233, 56.94803 ], [ 12.64217, 56.94712 ], [ 12.64391, 56.94599 ], [ 12.64325, 56.94547 ], [ 12.6443, 56.94536 ], [ 12.64492, 56.94474 ], [ 12.64354, 56.94468 ], [ 12.64403, 56.94424 ], [ 12.64313, 56.94361 ], [ 12.64342, 56.94294 ], [ 12.64446, 56.94214 ], [ 12.64656, 56.94196 ], [ 12.64676, 56.94133 ], [ 12.64803, 56.94178 ], [ 12.64862, 56.94074 ], [ 12.64949, 56.94075 ], [ 12.65054, 56.94015 ], [ 12.65183, 56.94037 ], [ 12.65252, 56.93985 ], [ 12.65351, 56.9404 ], [ 12.65356, 56.93998 ], [ 12.65489, 56.94017 ], [ 12.65619, 56.93975 ], [ 12.65622, 56.94008 ], [ 12.65785, 56.9403 ], [ 12.6583, 56.93994 ], [ 12.65951, 56.93992 ], [ 12.66, 56.93913 ], [ 12.66103, 56.93922 ], [ 12.66097, 56.93976 ], [ 12.66193, 56.9393 ], [ 12.66288, 56.93974 ], [ 12.66481, 56.93893 ], [ 12.66663, 56.93903 ], [ 12.66656, 56.93863 ], [ 12.66793, 56.93917 ], [ 12.66916, 56.93793 ], [ 12.67055, 56.93772 ], [ 12.67161, 56.93808 ], [ 12.67253, 56.9377 ], [ 12.67355, 56.93804 ], [ 12.67496, 56.93764 ], [ 12.67659, 56.93905 ], [ 12.67691, 56.93864 ], [ 12.67908, 56.93868 ], [ 12.68217, 56.94022 ], [ 12.68817, 56.94511 ], [ 12.69022, 56.94548 ], [ 12.69098, 56.94809 ], [ 12.69024, 56.95076 ], [ 12.6893, 56.95232 ], [ 12.688, 56.95306 ], [ 12.68704, 56.95511 ], [ 12.6876, 56.95592 ], [ 12.68993, 56.95658 ], [ 12.68891, 56.95764 ], [ 12.69087, 56.95898 ], [ 12.68764, 56.96078 ], [ 12.68819, 56.96169 ], [ 12.68781, 56.96335 ], [ 12.68991, 56.96469 ], [ 12.69127, 56.96433 ], [ 12.69255, 56.96126 ], [ 12.69575, 56.96192 ], [ 12.69844, 56.96203 ], [ 12.69796, 56.96119 ], [ 12.69873, 56.96108 ], [ 12.71461, 56.96035 ], [ 12.72285, 56.96073 ], [ 12.72458, 56.96004 ], [ 12.72743, 56.95993 ], [ 12.72963, 56.96012 ], [ 12.73041, 56.96393 ], [ 12.73189, 56.96498 ], [ 12.73415, 56.96414 ], [ 12.73267, 56.96036 ], [ 12.74087, 56.96141 ], [ 12.74506, 56.96149 ], [ 12.75963, 56.96341 ], [ 12.77136, 56.96761 ], [ 12.77138, 56.97007 ], [ 12.77445, 56.97485 ], [ 12.79227, 56.97451 ], [ 12.79519, 56.97412 ], [ 12.79939, 56.97542 ], [ 12.801, 56.978 ], [ 12.8049, 56.97911 ], [ 12.8037, 56.98042 ], [ 12.80534, 56.98215 ], [ 12.80713, 56.98246 ], [ 12.80896, 56.98416 ], [ 12.80802, 56.98536 ], [ 12.80977, 56.98627 ], [ 12.81429, 56.98624 ], [ 12.8166, 56.98692 ], [ 12.81911, 56.98708 ], [ 12.82009, 56.98675 ], [ 12.82401, 56.98708 ], [ 12.82557, 56.98917 ], [ 12.82467, 56.99145 ], [ 12.82629, 56.99183 ], [ 12.83276, 56.9955 ], [ 12.83264, 57.00116 ], [ 12.83424, 57.00233 ], [ 12.83548, 57.00275 ], [ 12.83905, 57.00226 ], [ 12.84076, 57.0025 ], [ 12.84366, 57.00164 ], [ 12.84456, 57.00087 ], [ 12.84822, 57.00311 ], [ 12.85133, 57.00413 ], [ 12.84846, 57.00899 ], [ 12.84668, 57.01383 ], [ 12.84307, 57.01732 ], [ 12.83008, 57.0193 ], [ 12.82925, 57.01873 ], [ 12.82869, 57.01881 ], [ 12.82826, 57.02088 ], [ 12.82509, 57.02133 ], [ 12.82294, 57.02213 ], [ 12.82324, 57.0231 ], [ 12.82174, 57.02514 ], [ 12.81911, 57.02531 ], [ 12.82222, 57.02887 ], [ 12.82159, 57.03211 ], [ 12.81502, 57.03562 ], [ 12.83116, 57.0471 ], [ 12.83302, 57.04679 ], [ 12.8331, 57.04745 ], [ 12.83168, 57.0485 ], [ 12.82631, 57.0594 ], [ 12.81806, 57.06168 ] ] ] } },
{ "type": "Feature", "properties": { "valdistrikt_kod": "13821501", "valdistrikt_namn": "Köinge-Okome", "valdeltagande_riksdag": 85.3, "valdeltagande_region": 82.7, "valdeltagande_kommun": 83.1, "rostberattigade_riksdag": 811.0, "rostberattigade_region": 852.0, "rostberattigade_kommun": 852.0, "kommun_kod": "1382", "kommun_namn": "Falkenberg", "ar": 2018 }, "geometry": { "type": "Polygon", "coordinates": [ [ [ 12.63515, 57.15893 ], [ 12.63203, 57.16075 ], [ 12.6301, 57.16124 ], [ 12.62875, 57.16048 ], [ 12.62957, 57.15864 ], [ 12.62666, 57.1586 ], [ 12.6243, 57.15775 ], [ 12.62341, 57.15701 ], [ 12.61716, 57.15577 ], [ 12.61431, 57.15361 ], [ 12.61496, 57.14942 ], [ 12.61387, 57.14894 ], [ 12.61386, 57.14828 ], [ 12.61676, 57.1458 ], [ 12.61695, 57.14229 ], [ 12.61889, 57.1396 ], [ 12.61955, 57.13734 ], [ 12.61816, 57.13596 ], [ 12.61881, 57.13454 ], [ 12.61645, 57.13318 ], [ 12.61313, 57.13011 ], [ 12.60868, 57.12794 ], [ 12.60594, 57.12757 ], [ 12.6049, 57.12617 ], [ 12.60149, 57.12492 ], [ 12.57936, 57.11317 ], [ 12.57607, 57.10937 ], [ 12.57657, 57.1077 ], [ 12.57536, 57.10542 ], [ 12.57717, 57.10355 ], [ 12.57634, 57.09562 ], [ 12.57667, 57.09193 ], [ 12.57627, 57.08863 ], [ 12.57458, 57.08661 ], [ 12.57713, 57.08486 ], [ 12.57872, 57.08063 ], [ 12.58057, 57.07812 ], [ 12.5827, 57.07645 ], [ 12.5995, 57.06643 ], [ 12.591, 57.06303 ], [ 12.57332, 57.05374 ], [ 12.57069, 57.05323 ], [ 12.57742, 57.04937 ], [ 12.58771, 57.04535 ], [ 12.58916, 57.04605 ], [ 12.59008, 57.04494 ], [ 12.59405, 57.04418 ], [ 12.59684, 57.04254 ], [ 12.60328, 57.04128 ], [ 12.61779, 57.03726 ], [ 12.62814, 57.03281 ], [ 12.63026, 57.03467 ], [ 12.63564, 57.03361 ], [ 12.64246, 57.03314 ], [ 12.64278, 57.03262 ], [ 12.64349, 57.03272 ], [ 12.64413, 57.03132 ], [ 12.65259, 57.03198 ], [ 12.65352, 57.03175 ], [ 12.65458, 57.03226 ], [ 12.65609, 57.03112 ], [ 12.65733, 57.03355 ], [ 12.6613, 57.03412 ], [ 12.66561, 57.03651 ], [ 12.66674, 57.03648 ], [ 12.66837, 57.03562 ], [ 12.66797, 57.03498 ], [ 12.67144, 57.03386 ], [ 12.67617, 57.03311 ], [ 12.67744, 57.0313 ], [ 12.68107, 57.02989 ], [ 12.68218, 57.02792 ], [ 12.68379, 57.02718 ], [ 12.68652, 57.02725 ], [ 12.68872, 57.02777 ], [ 12.6917, 57.02965 ], [ 12.69431, 57.03045 ], [ 12.70011, 57.02977 ], [ 12.70145, 57.03137 ], [ 12.70269, 57.03151 ], [ 12.70877, 57.02951 ], [ 12.71291, 57.02982 ], [ 12.72032, 57.02689 ], [ 12.72501, 57.02576 ], [ 12.72759, 57.02553 ], [ 12.73072, 57.02612 ], [ 12.73318, 57.02554 ], [ 12.73489, 57.02561 ], [ 12.73669, 57.02494 ], [ 12.73694, 57.02292 ], [ 12.73845, 57.0221 ], [ 12.74121, 57.02178 ], [ 12.74606, 57.02194 ], [ 12.74857, 57.02271 ], [ 12.75469, 57.02688 ], [ 12.75881, 57.0315 ], [ 12.7611, 57.0331 ], [ 12.76233, 57.03645 ], [ 12.76564, 57.03848 ], [ 12.76659, 57.04101 ], [ 12.76783, 57.042 ], [ 12.76815, 57.04361 ], [ 12.7708, 57.04639 ], [ 12.77487, 57.04985 ], [ 12.77745, 57.05067 ], [ 12.77903, 57.05208 ], [ 12.78347, 57.05376 ], [ 12.78498, 57.0564 ], [ 12.79088, 57.06171 ], [ 12.79259, 57.06491 ], [ 12.79138, 57.06543 ], [ 12.78929, 57.06561 ], [ 12.78751, 57.06475 ], [ 12.78527, 57.06438 ], [ 12.78167, 57.06559 ], [ 12.76886, 57.06412 ], [ 12.76132, 57.06546 ], [ 12.76622, 57.06848 ], [ 12.75804, 57.07481 ], [ 12.7636, 57.09066 ], [ 12.75417, 57.09205 ], [ 12.75296, 57.09286 ], [ 12.75348, 57.09288 ], [ 12.7535, 57.09394 ], [ 12.75539, 57.09457 ], [ 12.75597, 57.09517 ], [ 12.75902, 57.09611 ], [ 12.76133, 57.09634 ], [ 12.76069, 57.09738 ], [ 12.76128, 57.09914 ], [ 12.75909, 57.09948 ], [ 12.75766, 57.09902 ], [ 12.75605, 57.09921 ], [ 12.75234, 57.10256 ], [ 12.75123, 57.10457 ], [ 12.7455, 57.10599 ], [ 12.73475, 57.11119 ], [ 12.73495, 57.1127 ], [ 12.73371, 57.11362 ], [ 12.73231, 57.11363 ], [ 12.72253, 57.10474 ], [ 12.71805, 57.10626 ], [ 12.72581, 57.11331 ], [ 12.72332, 57.1138 ], [ 12.72098, 57.11377 ], [ 12.71799, 57.11216 ], [ 12.71692, 57.1123 ], [ 12.71559, 57.11189 ], [ 12.71468, 57.11188 ], [ 12.71324, 57.11271 ], [ 12.71117, 57.11091 ], [ 12.70603, 57.11282 ], [ 12.70727, 57.11391 ], [ 12.71239, 57.11357 ], [ 12.71177, 57.11494 ], [ 12.71107, 57.11534 ], [ 12.70576, 57.11464 ], [ 12.70445, 57.11483 ], [ 12.70224, 57.11242 ], [ 12.7008, 57.11162 ], [ 12.69584, 57.11037 ], [ 12.6928, 57.11054 ], [ 12.69139, 57.10958 ], [ 12.69009, 57.10948 ], [ 12.6899, 57.10998 ], [ 12.68871, 57.11034 ], [ 12.68724, 57.11268 ], [ 12.68865, 57.11273 ], [ 12.69393, 57.11511 ], [ 12.69448, 57.11558 ], [ 12.69409, 57.11644 ], [ 12.6964, 57.11706 ], [ 12.69654, 57.11775 ], [ 12.69587, 57.11836 ], [ 12.69247, 57.11818 ], [ 12.69179, 57.11863 ], [ 12.69108, 57.1182 ], [ 12.68015, 57.12375 ], [ 12.69656, 57.12467 ], [ 12.69777, 57.12635 ], [ 12.69426, 57.12594 ], [ 12.69041, 57.1287 ], [ 12.68774, 57.12687 ], [ 12.68689, 57.12691 ], [ 12.68542, 57.12619 ], [ 12.68438, 57.12655 ], [ 12.68295, 57.12795 ], [ 12.68331, 57.13303 ], [ 12.68375, 57.13278 ], [ 12.68403, 57.1333 ], [ 12.6871, 57.13317 ], [ 12.68684, 57.134 ], [ 12.68798, 57.13396 ], [ 12.68784, 57.13494 ], [ 12.68637, 57.13478 ], [ 12.68488, 57.13526 ], [ 12.68349, 57.13513 ], [ 12.68379, 57.14086 ], [ 12.67737, 57.14486 ], [ 12.67722, 57.14732 ], [ 12.67069, 57.14718 ], [ 12.66964, 57.14819 ], [ 12.66789, 57.1472 ], [ 12.66628, 57.14697 ], [ 12.66513, 57.14582 ], [ 12.64581, 57.1465 ], [ 12.64919, 57.14829 ], [ 12.64772, 57.14912 ], [ 12.64564, 57.15266 ], [ 12.64438, 57.15372 ], [ 12.64351, 57.15652 ], [ 12.63616, 57.1591 ], [ 12.63515, 57.15893 ] ] ] } },
{ "type": "Feature", "properties": { "valdistrikt_kod": "13821901", "valdistrikt_namn": "Ätran- Fegen", "valdeltagande_riksdag": 86.5, "valdeltagande_region": 83.4, "valdeltagande_kommun": 83.5, "rostberattigade_riksdag": 965.0, "rostberattigade_region": 1016.0, "rostberattigade_kommun": 1016.0, "kommun_kod": "1382", "kommun_namn": "Falkenberg", "ar": 2018 }, "geometry": { "type": "Polygon", "coordinates": [ [ [ 12.90138, 57.18929 ], [ 12.89928, 57.19106 ], [ 12.89609, 57.19269 ], [ 12.89471, 57.19414 ], [ 12.89303, 57.19458 ], [ 12.88917, 57.19705 ], [ 12.88481, 57.19916 ], [ 12.88278, 57.20198 ], [ 12.87902, 57.20498 ], [ 12.87374, 57.2079 ], [ 12.87233, 57.20741 ], [ 12.87039, 57.20553 ], [ 12.8705, 57.20342 ], [ 12.86975, 57.2012 ], [ 12.86858, 57.20055 ], [ 12.86781, 57.19862 ], [ 12.86548, 57.19687 ], [ 12.86408, 57.19215 ], [ 12.86035, 57.18872 ], [ 12.85325, 57.18869 ], [ 12.85226, 57.18766 ], [ 12.85313, 57.18691 ], [ 12.84912, 57.18788 ], [ 12.84603, 57.18925 ], [ 12.84593, 57.19116 ], [ 12.84333, 57.19255 ], [ 12.83473, 57.19346 ], [ 12.82544, 57.19081 ], [ 12.82228, 57.18566 ], [ 12.81388, 57.18611 ], [ 12.80924, 57.18155 ], [ 12.80948, 57.17329 ], [ 12.81501, 57.17421 ], [ 12.81913, 57.17304 ], [ 12.8206, 57.17422 ], [ 12.82245, 57.17495 ], [ 12.82347, 57.17482 ], [ 12.82543, 57.17578 ], [ 12.82861, 57.17408 ], [ 12.82999, 57.17216 ], [ 12.8395, 57.17226 ], [ 12.83944, 57.1716 ], [ 12.84415, 57.16785 ], [ 12.84551, 57.16868 ], [ 12.84604, 57.16969 ], [ 12.84888, 57.17103 ], [ 12.8538, 57.16959 ], [ 12.85799, 57.16929 ], [ 12.85752, 57.16663 ], [ 12.85421, 57.16409 ], [ 12.85473, 57.16292 ], [ 12.85417, 57.16146 ], [ 12.85916, 57.15782 ], [ 12.86382, 57.15558 ], [ 12.86522, 57.15331 ], [ 12.87196, 57.153 ], [ 12.89354, 57.14237 ], [ 12.90418, 57.128 ], [ 12.90523, 57.12752 ], [ 12.90761, 57.12738 ], [ 12.9089, 57.12645 ], [ 12.90728, 57.12426 ], [ 12.90716, 57.12213 ], [ 12.90581, 57.12103 ], [ 12.90588, 57.12021 ], [ 12.90059, 57.11581 ], [ 12.90117, 57.11462 ], [ 12.90284, 57.11335 ], [ 12.9032, 57.11207 ], [ 12.90097, 57.11068 ], [ 12.9002, 57.10865 ], [ 12.89771, 57.10746 ], [ 12.90667, 57.09857 ], [ 12.89927, 57.09701 ], [ 12.89561, 57.09738 ], [ 12.89256, 57.09674 ], [ 12.89365, 57.09272 ], [ 12.88099, 57.08945 ], [ 12.87843, 57.08999 ], [ 12.8768, 57.08981 ], [ 12.87683, 57.0894 ], [ 12.87438, 57.08957 ], [ 12.87021, 57.08742 ], [ 12.86853, 57.08555 ], [ 12.86831, 57.08437 ], [ 12.85895, 57.08557 ], [ 12.85765, 57.08764 ], [ 12.85506, 57.08914 ], [ 12.84763, 57.08285 ], [ 12.84768, 57.08131 ], [ 12.84583, 57.08154 ], [ 12.84602, 57.06658 ], [ 12.84778, 57.06704 ], [ 12.84785, 57.06237 ], [ 12.82737, 57.05727 ], [ 12.83188, 57.04817 ], [ 12.8331, 57.04745 ], [ 12.83302, 57.04679 ], [ 12.83116, 57.0471 ], [ 12.81502, 57.03562 ], [ 12.82159, 57.03211 ], [ 12.82222, 57.02887 ], [ 12.81909, 57.02545 ], [ 12.82174, 57.02514 ], [ 12.82324, 57.0231 ], [ 12.82294, 57.02213 ], [ 12.82509, 57.02133 ], [ 12.82826, 57.02088 ], [ 12.82869, 57.01881 ], [ 12.82925, 57.01873 ], [ 12.83008, 57.0193 ], [ 12.84307, 57.01732 ], [ 12.84544, 57.0151 ], [ 12.85369, 57.01995 ], [ 12.85295, 57.02017 ], [ 12.85345, 57.0208 ], [ 12.85969, 57.02261 ], [ 12.87049, 57.02336 ], [ 12.87668, 57.02011 ], [ 12.88291, 57.01835 ], [ 12.89235, 57.02065 ], [ 12.89396, 57.02049 ], [ 12.89633, 57.02111 ], [ 12.8995, 57.02081 ], [ 12.89978, 57.02223 ], [ 12.9018, 57.02308 ], [ 12.90261, 57.02409 ], [ 12.90238, 57.02544 ], [ 12.90142, 57.02572 ], [ 12.90029, 57.02701 ], [ 12.90154, 57.02779 ], [ 12.90174, 57.02898 ], [ 12.90281, 57.02927 ], [ 12.90359, 57.029 ], [ 12.90577, 57.02981 ], [ 12.90728, 57.03138 ], [ 12.90691, 57.03214 ], [ 12.90742, 57.03271 ], [ 12.90943, 57.03337 ], [ 12.91131, 57.03463 ], [ 12.91122, 57.03504 ], [ 12.91425, 57.03665 ], [ 12.91442, 57.03753 ], [ 12.91287, 57.03916 ], [ 12.91378, 57.04018 ], [ 12.9134, 57.04102 ], [ 12.90814, 57.04285 ], [ 12.92026, 57.0504 ], [ 12.91865, 57.05416 ], [ 12.92625, 57.05556 ], [ 12.9367, 57.05829 ], [ 12.94387, 57.05737 ], [ 12.94326, 57.05542 ], [ 12.94376, 57.05504 ], [ 12.93799, 57.05131 ], [ 12.94129, 57.04908 ], [ 12.94123, 57.04825 ], [ 12.94057, 57.04826 ], [ 12.94006, 57.04767 ], [ 12.94028, 57.04655 ], [ 12.94262, 57.04707 ], [ 12.94602, 57.04725 ], [ 12.94956, 57.04553 ], [ 12.95238, 57.04546 ], [ 12.95469, 57.04471 ], [ 12.97192, 57.05103 ], [ 12.97207, 57.047 ], [ 12.97448, 57.04746 ], [ 12.9808, 57.04769 ], [ 12.99768, 57.0423 ], [ 13.00061, 57.03615 ], [ 13.00406, 57.03719 ], [ 13.0027, 57.04105 ], [ 13.01681, 57.04707 ], [ 13.00983, 57.05055 ], [ 13.01405, 57.05645 ], [ 13.02059, 57.07118 ], [ 13.02342, 57.0728 ], [ 13.02278, 57.07481 ], [ 13.02522, 57.08033 ], [ 13.02375, 57.08186 ], [ 13.02457, 57.08276 ], [ 13.02676, 57.08373 ], [ 13.02912, 57.08372 ], [ 13.03531, 57.08661 ], [ 13.03927, 57.08759 ], [ 13.04116, 57.0857 ], [ 13.04572, 57.08454 ], [ 13.04862, 57.08645 ], [ 13.05008, 57.08643 ], [ 13.05096, 57.08721 ], [ 13.05399, 57.08739 ], [ 13.05612, 57.08629 ], [ 13.05801, 57.08642 ], [ 13.06219, 57.08966 ], [ 13.06577, 57.09038 ], [ 13.06644, 57.09092 ], [ 13.06407, 57.09398 ], [ 13.0628, 57.09447 ], [ 13.07907, 57.0989 ], [ 13.08987, 57.10563 ], [ 13.08829, 57.10682 ], [ 13.08785, 57.11065 ], [ 13.08474, 57.11213 ], [ 13.08454, 57.11261 ], [ 13.09334, 57.11973 ], [ 13.09351, 57.12055 ], [ 13.09264, 57.12081 ], [ 13.09211, 57.12176 ], [ 13.09131, 57.12177 ], [ 13.09066, 57.12274 ], [ 13.09075, 57.12378 ], [ 13.09197, 57.12435 ], [ 13.09425, 57.12426 ], [ 13.09352, 57.12542 ], [ 13.09694, 57.12596 ], [ 13.09891, 57.12752 ], [ 13.09908, 57.12848 ], [ 13.09647, 57.12902 ], [ 13.09295, 57.12883 ], [ 13.09111, 57.1291 ], [ 13.08127, 57.12477 ], [ 13.0784, 57.12622 ], [ 13.07707, 57.12759 ], [ 13.08035, 57.12859 ], [ 13.08071, 57.13235 ], [ 13.10028, 57.14556 ], [ 13.09403, 57.1515 ], [ 13.09728, 57.1568 ], [ 13.09676, 57.1571 ], [ 13.09743, 57.15786 ], [ 13.09625, 57.15905 ], [ 13.0898, 57.15843 ], [ 13.08522, 57.15628 ], [ 13.07824, 57.1573 ], [ 13.07529, 57.15633 ], [ 13.0718, 57.15124 ], [ 13.07103, 57.15109 ], [ 13.07017, 57.15007 ], [ 13.06817, 57.15002 ], [ 13.06511, 57.14812 ], [ 13.05999, 57.14724 ], [ 13.05946, 57.14681 ], [ 13.05736, 57.14769 ], [ 13.05561, 57.14776 ], [ 13.05239, 57.14644 ], [ 13.05023, 57.14722 ], [ 13.0501, 57.14774 ], [ 13.05126, 57.14885 ], [ 13.04985, 57.14957 ], [ 13.04945, 57.1508 ], [ 13.0475, 57.15236 ], [ 13.04535, 57.15548 ], [ 13.04181, 57.15434 ], [ 13.03752, 57.15413 ], [ 13.03229, 57.15512 ], [ 13.02665, 57.15501 ], [ 13.02386, 57.15654 ], [ 13.02091, 57.15749 ], [ 13.02099, 57.15943 ], [ 13.023, 57.1609 ], [ 13.02211, 57.16339 ], [ 13.02354, 57.16431 ], [ 13.02403, 57.16545 ], [ 13.02252, 57.16662 ], [ 13.02453, 57.16753 ], [ 13.02472, 57.1685 ], [ 13.0277, 57.16987 ], [ 13.02913, 57.17275 ], [ 13.03172, 57.17506 ], [ 13.036, 57.1759 ], [ 13.03905, 57.17789 ], [ 13.03901, 57.18029 ], [ 13.0342, 57.17861 ], [ 13.031, 57.17845 ], [ 13.03026, 57.17941 ], [ 13.02692, 57.17993 ], [ 13.02551, 57.18059 ], [ 13.02263, 57.18026 ], [ 13.02136, 57.18135 ], [ 13.01339, 57.18153 ], [ 13.01307, 57.1824 ], [ 13.01146, 57.18229 ], [ 13.00768, 57.18101 ], [ 13.00538, 57.17896 ], [ 12.99955, 57.17734 ], [ 12.99411, 57.1785 ], [ 12.98865, 57.18129 ], [ 12.98559, 57.17884 ], [ 12.97396, 57.18325 ], [ 12.96983, 57.1809 ], [ 12.96805, 57.17854 ], [ 12.96726, 57.17838 ], [ 12.9673, 57.1789 ], [ 12.96295, 57.17737 ], [ 12.96034, 57.177 ], [ 12.95805, 57.17859 ], [ 12.95547, 57.17801 ], [ 12.95441, 57.17705 ], [ 12.95089, 57.17719 ], [ 12.94774, 57.17825 ], [ 12.94614, 57.17834 ], [ 12.94188, 57.17699 ], [ 12.93962, 57.17669 ], [ 12.9388, 57.17321 ], [ 12.93814, 57.17482 ], [ 12.93475, 57.17423 ], [ 12.92795, 57.17553 ], [ 12.92085, 57.1756 ], [ 12.91216, 57.18062 ], [ 12.91083, 57.18397 ], [ 12.9044, 57.18696 ], [ 12.90368, 57.18775 ], [ 12.90155, 57.18832 ], [ 12.90138, 57.18929 ] ] ] } },
{ "type": "Feature", "properties": { "valdistrikt_kod": "13822301", "valdistrikt_namn": "Ullared", "valdeltagande_riksdag": 82.5, "valdeltagande_region": 78.6, "valdeltagande_kommun": 79.5, "rostberattigade_riksdag": 1134.0, "rostberattigade_region": 1180.0, "rostberattigade_kommun": 1180.0, "kommun_kod": "1382", "kommun_namn": "Falkenberg", "ar": 2018 }, "geometry": { "type": "Polygon", "coordinates": [ [ [ 12.66799, 57.19608 ], [ 12.66286, 57.19589 ], [ 12.65895, 57.19056 ], [ 12.64806, 57.18606 ], [ 12.63723, 57.18575 ], [ 12.63882, 57.18324 ], [ 12.62969, 57.18254 ], [ 12.62982, 57.17891 ], [ 12.63374, 57.17639 ], [ 12.63497, 57.17717 ], [ 12.63625, 57.17731 ], [ 12.63805, 57.17686 ], [ 12.63924, 57.17485 ], [ 12.64062, 57.17408 ], [ 12.64083, 57.1728 ], [ 12.64172, 57.17259 ], [ 12.64264, 57.17297 ], [ 12.64439, 57.17175 ], [ 12.64643, 57.17219 ], [ 12.64672, 57.17194 ], [ 12.64509, 57.16994 ], [ 12.64589, 57.16838 ], [ 12.64909, 57.16593 ], [ 12.64698, 57.16549 ], [ 12.64341, 57.16372 ], [ 12.64151, 57.16127 ], [ 12.63787, 57.15943 ], [ 12.63616, 57.1591 ], [ 12.64351, 57.15652 ], [ 12.64438, 57.15372 ], [ 12.64564, 57.15266 ], [ 12.64772, 57.14912 ], [ 12.64919, 57.14829 ], [ 12.64581, 57.1465 ], [ 12.66513, 57.14582 ], [ 12.66628, 57.14697 ], [ 12.66789, 57.1472 ], [ 12.66964, 57.14819 ], [ 12.67069, 57.14718 ], [ 12.67722, 57.14732 ], [ 12.67737, 57.14486 ], [ 12.68379, 57.14086 ], [ 12.68349, 57.13513 ], [ 12.68488, 57.13526 ], [ 12.68637, 57.13478 ], [ 12.68784, 57.13494 ], [ 12.68798, 57.13396 ], [ 12.68684, 57.134 ], [ 12.6871, 57.13317 ], [ 12.68403, 57.1333 ], [ 12.68375, 57.13278 ], [ 12.68331, 57.13303 ], [ 12.68295, 57.12795 ], [ 12.68438, 57.12655 ], [ 12.68542, 57.12619 ], [ 12.68689, 57.12691 ], [ 12.68774, 57.12687 ], [ 12.69041, 57.1287 ], [ 12.69426, 57.12594 ], [ 12.69777, 57.12635 ], [ 12.69656, 57.12467 ], [ 12.68015, 57.12375 ], [ 12.69108, 57.1182 ], [ 12.69179, 57.11863 ], [ 12.69247, 57.11818 ], [ 12.69587, 57.11836 ], [ 12.69668, 57.11754 ], [ 12.6962, 57.11696 ], [ 12.69431, 57.11665 ], [ 12.69448, 57.11558 ], [ 12.69393, 57.11511 ], [ 12.68865, 57.11273 ], [ 12.68724, 57.11268 ], [ 12.68902, 57.11008 ], [ 12.6899, 57.10998 ], [ 12.6904, 57.10938 ], [ 12.6928, 57.11054 ], [ 12.69555, 57.11034 ], [ 12.69848, 57.11088 ], [ 12.70188, 57.11216 ], [ 12.70445, 57.11483 ], [ 12.70576, 57.11464 ], [ 12.71107, 57.11534 ], [ 12.71177, 57.11494 ], [ 12.71239, 57.11357 ], [ 12.70727, 57.11391 ], [ 12.70603, 57.11282 ], [ 12.71117, 57.11091 ], [ 12.71324, 57.11271 ], [ 12.71468, 57.11188 ], [ 12.71559, 57.11189 ], [ 12.71692, 57.1123 ], [ 12.71799, 57.11216 ], [ 12.72098, 57.11377 ], [ 12.72332, 57.1138 ], [ 12.72581, 57.11331 ], [ 12.71805, 57.10626 ], [ 12.72253, 57.10474 ], [ 12.73231, 57.11363 ], [ 12.73371, 57.11362 ], [ 12.73495, 57.1127 ], [ 12.73475, 57.11119 ], [ 12.7455, 57.10599 ], [ 12.75123, 57.10457 ], [ 12.75234, 57.10256 ], [ 12.75605, 57.09921 ], [ 12.75766, 57.09902 ], [ 12.75909, 57.09948 ], [ 12.76128, 57.09914 ], [ 12.76069, 57.09738 ], [ 12.76133, 57.09634 ], [ 12.75902, 57.09611 ], [ 12.75597, 57.09517 ], [ 12.75539, 57.09457 ], [ 12.7535, 57.09394 ], [ 12.75348, 57.09288 ], [ 12.75296, 57.09286 ], [ 12.75417, 57.09205 ], [ 12.7636, 57.09066 ], [ 12.75804, 57.07481 ], [ 12.76622, 57.06848 ], [ 12.76132, 57.06546 ], [ 12.76886, 57.06412 ], [ 12.78167, 57.06559 ], [ 12.78527, 57.06438 ], [ 12.78751, 57.06475 ], [ 12.78929, 57.06561 ], [ 12.79138, 57.06543 ], [ 12.79259, 57.06491 ], [ 12.79088, 57.06171 ], [ 12.78498, 57.0564 ], [ 12.78422, 57.05477 ], [ 12.78498, 57.05487 ], [ 12.78753, 57.05779 ], [ 12.78907, 57.05849 ], [ 12.79469, 57.05943 ], [ 12.79655, 57.06113 ], [ 12.81151, 57.06186 ], [ 12.81806, 57.06168 ], [ 12.82631, 57.0594 ], [ 12.82737, 57.05727 ], [ 12.84785, 57.06237 ], [ 12.84778, 57.06704 ], [ 12.84602, 57.06658 ], [ 12.84583, 57.08154 ], [ 12.84768, 57.08131 ], [ 12.84763, 57.08285 ], [ 12.85506, 57.08914 ], [ 12.85765, 57.08764 ], [ 12.85895, 57.08557 ], [ 12.86831, 57.08437 ], [ 12.86853, 57.08555 ], [ 12.87021, 57.08742 ], [ 12.87438, 57.08957 ], [ 12.87683, 57.0894 ], [ 12.8768, 57.08981 ], [ 12.87843, 57.08999 ], [ 12.88099, 57.08945 ], [ 12.89365, 57.09272 ], [ 12.89256, 57.09674 ], [ 12.89561, 57.09738 ], [ 12.89927, 57.09701 ], [ 12.90667, 57.09857 ], [ 12.89771, 57.10746 ], [ 12.9002, 57.10865 ], [ 12.90097, 57.11068 ], [ 12.9032, 57.11207 ], [ 12.90284, 57.11335 ], [ 12.90117, 57.11462 ], [ 12.90059, 57.11581 ], [ 12.90588, 57.12021 ], [ 12.90581, 57.12103 ], [ 12.90716, 57.12213 ], [ 12.90728, 57.12426 ], [ 12.90864, 57.12558 ], [ 12.90882, 57.12663 ], [ 12.90761, 57.12738 ], [ 12.90523, 57.12752 ], [ 12.90418, 57.128 ], [ 12.89354, 57.14237 ], [ 12.87196, 57.153 ], [ 12.86522, 57.15331 ], [ 12.86382, 57.15558 ], [ 12.85916, 57.15782 ], [ 12.85417, 57.16146 ], [ 12.85473, 57.16292 ], [ 12.85421, 57.16409 ], [ 12.85752, 57.16663 ], [ 12.85799, 57.16929 ], [ 12.8538, 57.16959 ], [ 12.84888, 57.17103 ], [ 12.84604, 57.16969 ], [ 12.84551, 57.16868 ], [ 12.84415, 57.16785 ], [ 12.83944, 57.1716 ], [ 12.8395, 57.17226 ], [ 12.82999, 57.17216 ], [ 12.82861, 57.17408 ], [ 12.82543, 57.17578 ], [ 12.82347, 57.17482 ], [ 12.82245, 57.17495 ], [ 12.8206, 57.17422 ], [ 12.81913, 57.17304 ], [ 12.81501, 57.17421 ], [ 12.80948, 57.17329 ], [ 12.80924, 57.18155 ], [ 12.81388, 57.18611 ], [ 12.80775, 57.18692 ], [ 12.80238, 57.18716 ], [ 12.7978, 57.18955 ], [ 12.79614, 57.18876 ], [ 12.79377, 57.18858 ], [ 12.7891, 57.18561 ], [ 12.7866, 57.18526 ], [ 12.78497, 57.18371 ], [ 12.78119, 57.18232 ], [ 12.77934, 57.1805 ], [ 12.77586, 57.17909 ], [ 12.77437, 57.17777 ], [ 12.77333, 57.17761 ], [ 12.77171, 57.17636 ], [ 12.77059, 57.17464 ], [ 12.76626, 57.17314 ], [ 12.76426, 57.17172 ], [ 12.76249, 57.1718 ], [ 12.7632, 57.17139 ], [ 12.76228, 57.1708 ], [ 12.76107, 57.17033 ], [ 12.76013, 57.17095 ], [ 12.76145, 57.17152 ], [ 12.76086, 57.17188 ], [ 12.75636, 57.17004 ], [ 12.75601, 57.1694 ], [ 12.75467, 57.16882 ], [ 12.74952, 57.16758 ], [ 12.747, 57.16889 ], [ 12.74507, 57.1691 ], [ 12.7445, 57.17038 ], [ 12.74186, 57.17164 ], [ 12.73909, 57.16996 ], [ 12.73616, 57.17225 ], [ 12.73177, 57.17156 ], [ 12.73028, 57.17202 ], [ 12.72824, 57.17343 ], [ 12.72601, 57.17358 ], [ 12.72408, 57.17894 ], [ 12.72432, 57.18351 ], [ 12.72375, 57.1848 ], [ 12.72156, 57.18633 ], [ 12.72113, 57.1876 ], [ 12.72313, 57.1881 ], [ 12.72856, 57.19078 ], [ 12.72736, 57.19546 ], [ 12.72492, 57.19427 ], [ 12.72425, 57.19315 ], [ 12.72088, 57.19309 ], [ 12.71609, 57.19427 ], [ 12.70751, 57.19426 ], [ 12.70681, 57.19456 ], [ 12.68321, 57.19213 ], [ 12.68222, 57.19109 ], [ 12.68168, 57.18811 ], [ 12.67664, 57.18762 ], [ 12.67651, 57.18886 ], [ 12.67513, 57.1893 ], [ 12.67334, 57.18906 ], [ 12.67205, 57.18983 ], [ 12.67246, 57.19058 ], [ 12.67191, 57.19207 ], [ 12.67063, 57.19285 ], [ 12.67041, 57.19416 ], [ 12.66799, 57.19608 ] ] ] } },
{ "type": "Feature", "properties": { "valdistrikt_kod": "13822401", "valdistrikt_namn": "Älvsered", "valdeltagande_riksdag": 85.2, "valdeltagande_region": 80.7, "valdeltagande_kommun": 81.1, "rostberattigade_riksdag": 1016.0, "rostberattigade_region": 1083.0, "rostberattigade_kommun": 1083.0, "kommun_kod": "1382", "kommun_namn": "Falkenberg", "ar": 2018 }, "geometry": { "type": "Polygon", "coordinates": [ [ [ 12.82691, 57.2777 ], [ 12.81696, 57.29344 ], [ 12.80879, 57.30079 ], [ 12.80754, 57.30111 ], [ 12.80749, 57.30034 ], [ 12.8011, 57.29719 ], [ 12.77909, 57.2843 ], [ 12.77954, 57.28051 ], [ 12.77794, 57.27798 ], [ 12.77551, 57.2758 ], [ 12.77261, 57.27678 ], [ 12.77119, 57.27648 ], [ 12.76939, 57.27531 ], [ 12.76281, 57.27341 ], [ 12.7636, 57.27006 ], [ 12.76099, 57.26987 ], [ 12.75417, 57.26801 ], [ 12.74047, 57.26738 ], [ 12.7385, 57.26672 ], [ 12.73668, 57.26502 ], [ 12.73615, 57.26333 ], [ 12.734, 57.26266 ], [ 12.73235, 57.26118 ], [ 12.73008, 57.26037 ], [ 12.72842, 57.25886 ], [ 12.72576, 57.2577 ], [ 12.72327, 57.25573 ], [ 12.7195, 57.25425 ], [ 12.71849, 57.25296 ], [ 12.71525, 57.25155 ], [ 12.71457, 57.25012 ], [ 12.71277, 57.24957 ], [ 12.70781, 57.2466 ], [ 12.69626, 57.24133 ], [ 12.6951, 57.24041 ], [ 12.69381, 57.24019 ], [ 12.69361, 57.23972 ], [ 12.68922, 57.2374 ], [ 12.6874, 57.23685 ], [ 12.6824, 57.23314 ], [ 12.67895, 57.23164 ], [ 12.67435, 57.2289 ], [ 12.67313, 57.22859 ], [ 12.67121, 57.22956 ], [ 12.66933, 57.22976 ], [ 12.66893, 57.23044 ], [ 12.66961, 57.23062 ], [ 12.66838, 57.23083 ], [ 12.66727, 57.23193 ], [ 12.66704, 57.23343 ], [ 12.66441, 57.23171 ], [ 12.6642, 57.23087 ], [ 12.66241, 57.23065 ], [ 12.65857, 57.22756 ], [ 12.65755, 57.22786 ], [ 12.65619, 57.22754 ], [ 12.65637, 57.22666 ], [ 12.65727, 57.2262 ], [ 12.65621, 57.22513 ], [ 12.65435, 57.22481 ], [ 12.65329, 57.22523 ], [ 12.6518, 57.22511 ], [ 12.65111, 57.226 ], [ 12.64125, 57.22562 ], [ 12.64148, 57.22345 ], [ 12.63806, 57.22007 ], [ 12.63347, 57.21756 ], [ 12.63379, 57.21428 ], [ 12.62765, 57.21246 ], [ 12.62347, 57.20954 ], [ 12.62377, 57.20475 ], [ 12.62471, 57.20274 ], [ 12.62362, 57.20133 ], [ 12.62367, 57.20008 ], [ 12.62271, 57.19926 ], [ 12.62377, 57.19792 ], [ 12.62348, 57.19609 ], [ 12.62409, 57.19469 ], [ 12.62531, 57.19288 ], [ 12.63282, 57.19084 ], [ 12.63311, 57.1906 ], [ 12.63229, 57.19055 ], [ 12.63367, 57.19027 ], [ 12.6342, 57.18957 ], [ 12.63343, 57.18864 ], [ 12.63107, 57.18767 ], [ 12.6281, 57.18727 ], [ 12.62841, 57.18625 ], [ 12.62792, 57.18551 ], [ 12.64806, 57.18606 ], [ 12.65895, 57.19056 ], [ 12.66286, 57.19589 ], [ 12.6686, 57.19595 ], [ 12.67041, 57.19416 ], [ 12.67063, 57.19285 ], [ 12.67191, 57.19207 ], [ 12.67246, 57.19058 ], [ 12.67205, 57.18983 ], [ 12.67334, 57.18906 ], [ 12.67513, 57.1893 ], [ 12.67651, 57.18886 ], [ 12.67664, 57.18762 ], [ 12.68168, 57.18811 ], [ 12.68222, 57.19109 ], [ 12.68321, 57.19213 ], [ 12.70681, 57.19456 ], [ 12.70751, 57.19426 ], [ 12.71609, 57.19427 ], [ 12.72088, 57.19309 ], [ 12.72425, 57.19315 ], [ 12.72492, 57.19427 ], [ 12.72736, 57.19546 ], [ 12.72856, 57.19078 ], [ 12.72313, 57.1881 ], [ 12.72113, 57.1876 ], [ 12.72156, 57.18633 ], [ 12.72375, 57.1848 ], [ 12.72432, 57.18351 ], [ 12.72408, 57.17894 ], [ 12.72601, 57.17358 ], [ 12.72824, 57.17343 ], [ 12.73028, 57.17202 ], [ 12.73177, 57.17156 ], [ 12.73616, 57.17225 ], [ 12.73909, 57.16996 ], [ 12.74186, 57.17164 ], [ 12.7445, 57.17038 ], [ 12.74507, 57.1691 ], [ 12.747, 57.16889 ], [ 12.74993, 57.1676 ], [ 12.7536, 57.16879 ], [ 12.75467, 57.16882 ], [ 12.75601, 57.1694 ], [ 12.75636, 57.17004 ], [ 12.76086, 57.17188 ], [ 12.76145, 57.17152 ], [ 12.76013, 57.17095 ], [ 12.76107, 57.17033 ], [ 12.76228, 57.1708 ], [ 12.7632, 57.17139 ], [ 12.76249, 57.1718 ], [ 12.76426, 57.17172 ], [ 12.76626, 57.17314 ], [ 12.77059, 57.17464 ], [ 12.77171, 57.17636 ], [ 12.77333, 57.17761 ], [ 12.77437, 57.17777 ], [ 12.77586, 57.17909 ], [ 12.77934, 57.1805 ], [ 12.78119, 57.18232 ], [ 12.78497, 57.18371 ], [ 12.7866, 57.18526 ], [ 12.7891, 57.18561 ], [ 12.79377, 57.18858 ], [ 12.79614, 57.18876 ], [ 12.7978, 57.18955 ], [ 12.80238, 57.18716 ], [ 12.82228, 57.18566 ], [ 12.82544, 57.19081 ], [ 12.83473, 57.19346 ], [ 12.84333, 57.19255 ], [ 12.84593, 57.19116 ], [ 12.84603, 57.18925 ], [ 12.84912, 57.18788 ], [ 12.85313, 57.18691 ], [ 12.85226, 57.18766 ], [ 12.85325, 57.18869 ], [ 12.85601, 57.18853 ], [ 12.85762, 57.18889 ], [ 12.85977, 57.18851 ], [ 12.86181, 57.18964 ], [ 12.86278, 57.19126 ], [ 12.86408, 57.19215 ], [ 12.86548, 57.19687 ], [ 12.86781, 57.19862 ], [ 12.86858, 57.20055 ], [ 12.86993, 57.20155 ], [ 12.87039, 57.20553 ], [ 12.87233, 57.20741 ], [ 12.87374, 57.2079 ], [ 12.87902, 57.20498 ], [ 12.88278, 57.20198 ], [ 12.88481, 57.19916 ], [ 12.88917, 57.19705 ], [ 12.89303, 57.19458 ], [ 12.89471, 57.19414 ], [ 12.89653, 57.19238 ], [ 12.89928, 57.19106 ], [ 12.90138, 57.18929 ], [ 12.90132, 57.18845 ], [ 12.90368, 57.18775 ], [ 12.9044, 57.18696 ], [ 12.91083, 57.18397 ], [ 12.91488, 57.18707 ], [ 12.91602, 57.19351 ], [ 12.91981, 57.19695 ], [ 12.92033, 57.19884 ], [ 12.92026, 57.20229 ], [ 12.91734, 57.21271 ], [ 12.91443, 57.21983 ], [ 12.91599, 57.22025 ], [ 12.9183, 57.22207 ], [ 12.91756, 57.22342 ], [ 12.92118, 57.22402 ], [ 12.92539, 57.22826 ], [ 12.935, 57.2275 ], [ 12.93906, 57.23141 ], [ 12.94589, 57.23597 ], [ 12.94978, 57.23744 ], [ 12.95238, 57.23914 ], [ 12.95416, 57.2412 ], [ 12.95296, 57.24263 ], [ 12.9537, 57.24346 ], [ 12.95204, 57.24631 ], [ 12.95026, 57.24783 ], [ 12.94916, 57.24806 ], [ 12.94599, 57.2483 ], [ 12.94467, 57.24739 ], [ 12.93383, 57.2507 ], [ 12.93215, 57.25011 ], [ 12.93064, 57.25151 ], [ 12.93138, 57.25412 ], [ 12.92737, 57.25641 ], [ 12.92793, 57.25686 ], [ 12.92773, 57.25757 ], [ 12.93024, 57.25878 ], [ 12.93355, 57.26122 ], [ 12.93186, 57.26285 ], [ 12.92952, 57.26385 ], [ 12.92125, 57.26456 ], [ 12.90612, 57.27035 ], [ 12.90395, 57.26917 ], [ 12.9025, 57.26911 ], [ 12.90162, 57.2678 ], [ 12.89384, 57.27028 ], [ 12.88142, 57.27149 ], [ 12.88029, 57.26965 ], [ 12.87004, 57.2678 ], [ 12.86248, 57.26863 ], [ 12.86077, 57.26562 ], [ 12.85079, 57.26801 ], [ 12.83615, 57.26972 ], [ 12.82691, 57.2777 ] ] ] } },
{ "type": "Feature", "properties": { "valdistrikt_kod": "13830101", "valdistrikt_namn": "Getterön-Norrdal", "valdeltagande_riksdag": 88.7, "valdeltagande_region": 86.8, "valdeltagande_kommun": 87.7, "rostberattigade_riksdag": 2073.0, "rostberattigade_region": 2099.0, "rostberattigade_kommun": 2099.0, "kommun_kod": "1383", "kommun_namn": "Varberg", "ar": 2018 }, "geometry": { "type": "Polygon", "coordinates": [ [ [ 12.26103, 57.1282 ], [ 12.25994, 57.12828 ], [ 12.25909, 57.12903 ], [ 12.25904, 57.13004 ], [ 12.25807, 57.13024 ], [ 12.25634, 57.12996 ], [ 12.25481, 57.1303 ], [ 12.25608, 57.13318 ], [ 12.25491, 57.13382 ], [ 12.25546, 57.13542 ], [ 12.25404, 57.13668 ], [ 12.25023, 57.13661 ], [ 12.24768, 57.13541 ], [ 12.24502, 57.13519 ], [ 12.24346, 57.13354 ], [ 12.24394, 57.13157 ], [ 12.22248, 57.12904 ], [ 12.21211, 57.13196 ], [ 12.21058, 57.14227 ], [ 12.18893, 57.14231 ], [ 12.14997, 57.1299 ], [ 12.14082, 57.12877 ], [ 12.18176, 57.07977 ], [ 12.22393, 57.09423 ], [ 12.23067, 57.10163 ], [ 12.23069, 57.10534 ], [ 12.23273, 57.11056 ], [ 12.23669, 57.11486 ], [ 12.23594, 57.11233 ], [ 12.2385, 57.11153 ], [ 12.24567, 57.1066 ], [ 12.24867, 57.10636 ], [ 12.2492, 57.10849 ], [ 12.26249, 57.10755 ], [ 12.26078, 57.11119 ], [ 12.25559, 57.11257 ], [ 12.25846, 57.11369 ], [ 12.25758, 57.11433 ], [ 12.25961, 57.11528 ], [ 12.26058, 57.11481 ], [ 12.26199, 57.12155 ], [ 12.26103, 57.1282 ] ] ] } },
{ "type": "Feature", "properties": { "valdistrikt_kod": "13830103", "valdistrikt_namn": "Brunnsberg-Lugnet", "valdeltagande_riksdag": 82.4, "valdeltagande_region": 80.5, "valdeltagande_kommun": 80.7, "rostberattigade_riksdag": 1513.0, "rostberattigade_region": 1555.0, "rostberattigade_kommun": 1555.0, "kommun_kod": "1383", "kommun_namn": "Varberg", "ar": 2018 }, "geometry": { "type": "Polygon", "coordinates": [ [ [ 12.29517, 57.12916 ], [ 12.29345, 57.1306 ], [ 12.29148, 57.13088 ], [ 12.29084, 57.13133 ], [ 12.28998, 57.13049 ], [ 12.28834, 57.13085 ], [ 12.28781, 57.12968 ], [ 12.28522, 57.12968 ], [ 12.2839, 57.13036 ], [ 12.2817, 57.12986 ], [ 12.28027, 57.13145 ], [ 12.27912, 57.13187 ], [ 12.27921, 57.13228 ], [ 12.27784, 57.13093 ], [ 12.27497, 57.13036 ], [ 12.2735, 57.12887 ], [ 12.27442, 57.12811 ], [ 12.27499, 57.12816 ], [ 12.27607, 57.12666 ], [ 12.27682, 57.12696 ], [ 12.27718, 57.12667 ], [ 12.27642, 57.12633 ], [ 12.27688, 57.12593 ], [ 12.27533, 57.12514 ], [ 12.26487, 57.12789 ], [ 12.26126, 57.12746 ], [ 12.26199, 57.12155 ], [ 12.26058, 57.11481 ], [ 12.25961, 57.11528 ], [ 12.25758, 57.11433 ], [ 12.25846, 57.11369 ], [ 12.25559, 57.11257 ], [ 12.26078, 57.11119 ], [ 12.26022, 57.11261 ], [ 12.2614, 57.11276 ], [ 12.26571, 57.11482 ], [ 12.264, 57.11496 ], [ 12.26404, 57.11664 ], [ 12.26336, 57.11656 ], [ 12.26299, 57.11745 ], [ 12.26394, 57.11877 ], [ 12.26176, 57.11937 ], [ 12.26208, 57.12074 ], [ 12.26591, 57.12185 ], [ 12.26608, 57.12151 ], [ 12.26804, 57.12168 ], [ 12.27642, 57.12083 ], [ 12.27711, 57.12361 ], [ 12.28806, 57.1232 ], [ 12.28716, 57.12493 ], [ 12.28599, 57.12503 ], [ 12.28586, 57.12546 ], [ 12.28677, 57.12561 ], [ 12.28517, 57.12828 ], [ 12.28733, 57.12797 ], [ 12.29517, 57.12916 ] ] ] } },
{ "type": "Feature", "properties": { "valdistrikt_kod": "13830104", "valdistrikt_namn": "Trädlyckan", "valdeltagande_riksdag": 90.2, "valdeltagande_region": 87.5, "valdeltagande_kommun": 87.7, "rostberattigade_riksdag": 1485.0, "rostberattigade_region": 1518.0, "rostberattigade_kommun": 1518.0, "kommun_kod": "1383", "kommun_namn": "Varberg", "ar": 2018 }, "geometry": { "type": "Polygon", "coordinates": [ [ [ 12.27593, 57.11135 ], [ 12.27089, 57.11133 ], [ 12.26576, 57.11085 ], [ 12.26078, 57.11119 ], [ 12.26249, 57.10755 ], [ 12.26707, 57.10739 ], [ 12.27297, 57.10652 ], [ 12.27593, 57.11135 ] ] ] } },
{ "type": "Feature", "properties": { "valdistrikt_kod": "13830109", "valdistrikt_namn": "Karlberg-Lilla Träslöv", "valdeltagande_riksdag": 91.3, "valdeltagande_region": 90.6, "valdeltagande_kommun": 90.8, "rostberattigade_riksdag": 1643.0, "rostberattigade_region": 1647.0, "rostberattigade_kommun": 1647.0, "kommun_kod": "1383", "kommun_namn": "Varberg", "ar": 2018 }, "geometry": { "type": "Polygon", "coordinates": [ [ [ 12.28145, 57.11131 ], [ 12.27593, 57.11135 ], [ 12.27297, 57.10652 ], [ 12.26707, 57.10739 ], [ 12.26249, 57.10755 ], [ 12.26903, 57.10256 ], [ 12.27717, 57.10086 ], [ 12.28628, 57.10066 ], [ 12.28432, 57.10146 ], [ 12.28438, 57.10193 ], [ 12.28229, 57.10374 ], [ 12.28615, 57.10474 ], [ 12.28716, 57.10871 ], [ 12.28128, 57.10851 ], [ 12.28145, 57.11131 ] ] ] } },
{ "type": "Feature", "properties": { "valdistrikt_kod": "13830110", "valdistrikt_namn": "Håsten", "valdeltagande_riksdag": 81.5, "valdeltagande_region": 79.2, "valdeltagande_kommun": 80.1, "rostberattigade_riksdag": 1619.0, "rostberattigade_region": 1666.0, "rostberattigade_kommun": 1666.0, "kommun_kod": "1383", "kommun_namn": "Varberg", "ar": 2018 }, "geometry": { "type": "Polygon", "coordinates": [ [ [ 12.3165, 57.12969 ], [ 12.31296, 57.13025 ], [ 12.30989, 57.12993 ], [ 12.30904, 57.12964 ], [ 12.30851, 57.12844 ], [ 12.30428, 57.1287 ], [ 12.3033, 57.12834 ], [ 12.30011, 57.12821 ], [ 12.2995, 57.12762 ], [ 12.29796, 57.12813 ], [ 12.29724, 57.12764 ], [ 12.29517, 57.12916 ], [ 12.28733, 57.12797 ], [ 12.28517, 57.12828 ], [ 12.28677, 57.12561 ], [ 12.28586, 57.12546 ], [ 12.28599, 57.12503 ], [ 12.28716, 57.12493 ], [ 12.28806, 57.1232 ], [ 12.27711, 57.12361 ], [ 12.27642, 57.12083 ], [ 12.28251, 57.12004 ], [ 12.28162, 57.11777 ], [ 12.2758, 57.11829 ], [ 12.27635, 57.11485 ], [ 12.2816, 57.11482 ], [ 12.28128, 57.10851 ], [ 12.29296, 57.10897 ], [ 12.2897, 57.11858 ], [ 12.29253, 57.11805 ], [ 12.2963, 57.12014 ], [ 12.30381, 57.12219 ], [ 12.30597, 57.12089 ], [ 12.30853, 57.12093 ], [ 12.30837, 57.12068 ], [ 12.31124, 57.11935 ], [ 12.31348, 57.1188 ], [ 12.31728, 57.12102 ], [ 12.31533, 57.12246 ], [ 12.31474, 57.1223 ], [ 12.31381, 57.12336 ], [ 12.31705, 57.12417 ], [ 12.31858, 57.12514 ], [ 12.32498, 57.12639 ], [ 12.3165, 57.12969 ] ] ] } },
{ "type": "Feature", "properties": { "valdistrikt_kod": "13830111", "valdistrikt_namn": "Stenåsa-Äckregården", "valdeltagande_riksdag": 88.5, "valdeltagande_region": 87.0, "valdeltagande_kommun": 87.1, "rostberattigade_riksdag": 1662.0, "rostberattigade_region": 1688.0, "rostberattigade_kommun": 1688.0, "kommun_kod": "1383", "kommun_namn": "Varberg", "ar": 2018 }, "geometry": { "type": "Polygon", "coordinates": [ [ [ 12.26804, 57.12168 ], [ 12.26608, 57.12151 ], [ 12.26591, 57.12185 ], [ 12.26208, 57.12074 ], [ 12.26176, 57.11937 ], [ 12.26394, 57.11877 ], [ 12.26299, 57.11745 ], [ 12.26336, 57.11656 ], [ 12.26404, 57.11664 ], [ 12.264, 57.11496 ], [ 12.26571, 57.11482 ], [ 12.2614, 57.11276 ], [ 12.26022, 57.11261 ], [ 12.26078, 57.11119 ], [ 12.26576, 57.11085 ], [ 12.27163, 57.11136 ], [ 12.28145, 57.11131 ], [ 12.2816, 57.11482 ], [ 12.27635, 57.11485 ], [ 12.2758, 57.11829 ], [ 12.28162, 57.11777 ], [ 12.28251, 57.12004 ], [ 12.26804, 57.12168 ] ] ] } },
{ "type": "Feature", "properties": { "valdistrikt_kod": "13831301", "valdistrikt_namn": "Trönninge-Trönningenäs-Barnabro", "valdeltagande_riksdag": 90.9, "valdeltagande_region": 90.1, "valdeltagande_kommun": 90.8, "rostberattigade_riksdag": 2219.0, "rostberattigade_region": 2232.0, "rostberattigade_kommun": 2232.0, "kommun_kod": "1383", "kommun_namn": "Varberg", "ar": 2018 }, "geometry": { "type": "Polygon", "coordinates": [ [ [ 12.18923, 57.17273 ], [ 12.13641, 57.17793 ], [ 12.10944, 57.1721 ], [ 12.14082, 57.12877 ], [ 12.14997, 57.1299 ], [ 12.18893, 57.14231 ], [ 12.21058, 57.14227 ], [ 12.21211, 57.13196 ], [ 12.22248, 57.12904 ], [ 12.24394, 57.13157 ], [ 12.24346, 57.13354 ], [ 12.24502, 57.13519 ], [ 12.24768, 57.13541 ], [ 12.25023, 57.13661 ], [ 12.25188, 57.13676 ], [ 12.25202, 57.13651 ], [ 12.25404, 57.13668 ], [ 12.25546, 57.13542 ], [ 12.25491, 57.13382 ], [ 12.25608, 57.13318 ], [ 12.25481, 57.1303 ], [ 12.25634, 57.12996 ], [ 12.25807, 57.13024 ], [ 12.25904, 57.13004 ], [ 12.25909, 57.12903 ], [ 12.25994, 57.12828 ], [ 12.26103, 57.1282 ], [ 12.2612, 57.12745 ], [ 12.26487, 57.12789 ], [ 12.27533, 57.12514 ], [ 12.27688, 57.12593 ], [ 12.27642, 57.12633 ], [ 12.27718, 57.12667 ], [ 12.27682, 57.12696 ], [ 12.27607, 57.12666 ], [ 12.27499, 57.12816 ], [ 12.27442, 57.12811 ], [ 12.2735, 57.12887 ], [ 12.27497, 57.13036 ], [ 12.27784, 57.13093 ], [ 12.27921, 57.13228 ], [ 12.27912, 57.13187 ], [ 12.28027, 57.13145 ], [ 12.2821, 57.12981 ], [ 12.2829, 57.13032 ], [ 12.2839, 57.13036 ], [ 12.28522, 57.12968 ], [ 12.28781, 57.12968 ], [ 12.28834, 57.13085 ], [ 12.28998, 57.13049 ], [ 12.29084, 57.13133 ], [ 12.29157, 57.13086 ], [ 12.29258, 57.13094 ], [ 12.29724, 57.12764 ], [ 12.29782, 57.12812 ], [ 12.2995, 57.12762 ], [ 12.30011, 57.12821 ], [ 12.3033, 57.12834 ], [ 12.30428, 57.1287 ], [ 12.30851, 57.12844 ], [ 12.30368, 57.13569 ], [ 12.31352, 57.13494 ], [ 12.31253, 57.13675 ], [ 12.31145, 57.13694 ], [ 12.31232, 57.13716 ], [ 12.31104, 57.13913 ], [ 12.3064, 57.1382 ], [ 12.29595, 57.14165 ], [ 12.29966, 57.14282 ], [ 12.2979, 57.14423 ], [ 12.29621, 57.14378 ], [ 12.29399, 57.14534 ], [ 12.29953, 57.1452 ], [ 12.29999, 57.14612 ], [ 12.29199, 57.14657 ], [ 12.29347, 57.14765 ], [ 12.29523, 57.15074 ], [ 12.29074, 57.1555 ], [ 12.29315, 57.15684 ], [ 12.29453, 57.15828 ], [ 12.29566, 57.16014 ], [ 12.29596, 57.16269 ], [ 12.29527, 57.15987 ], [ 12.29385, 57.15806 ], [ 12.29035, 57.16162 ], [ 12.28891, 57.16048 ], [ 12.28661, 57.15993 ], [ 12.28524, 57.16155 ], [ 12.2833, 57.16065 ], [ 12.28482, 57.15956 ], [ 12.2825, 57.15827 ], [ 12.28041, 57.15959 ], [ 12.27862, 57.15891 ], [ 12.28056, 57.15756 ], [ 12.27916, 57.15579 ], [ 12.28313, 57.15313 ], [ 12.27951, 57.151 ], [ 12.27621, 57.14782 ], [ 12.26941, 57.13947 ], [ 12.26735, 57.1397 ], [ 12.26688, 57.13837 ], [ 12.26777, 57.13704 ], [ 12.26218, 57.1294 ], [ 12.26145, 57.1295 ], [ 12.26115, 57.12819 ], [ 12.26149, 57.13115 ], [ 12.2609, 57.13125 ], [ 12.25977, 57.13802 ], [ 12.25843, 57.14148 ], [ 12.24755, 57.15488 ], [ 12.24453, 57.15396 ], [ 12.24097, 57.15716 ], [ 12.24314, 57.15846 ], [ 12.24111, 57.16006 ], [ 12.24344, 57.15857 ], [ 12.24507, 57.15933 ], [ 12.24309, 57.16098 ], [ 12.23972, 57.16279 ], [ 12.23889, 57.16392 ], [ 12.23813, 57.16423 ], [ 12.23685, 57.16381 ], [ 12.23189, 57.16798 ], [ 12.23236, 57.16812 ], [ 12.23523, 57.16544 ], [ 12.23353, 57.16718 ], [ 12.23607, 57.16799 ], [ 12.23542, 57.16865 ], [ 12.23286, 57.16782 ], [ 12.2311, 57.1695 ], [ 12.21671, 57.16516 ], [ 12.21375, 57.16367 ], [ 12.20998, 57.15884 ], [ 12.19489, 57.15665 ], [ 12.199, 57.16892 ], [ 12.18923, 57.17273 ] ] ] } },
{ "type": "Feature", "properties": { "valdistrikt_kod": "13831302", "valdistrikt_namn": "Lindberg-Tofta-Bläshammar", "valdeltagande_riksdag": 91.3, "valdeltagande_region": 88.3, "valdeltagande_kommun": 88.9, "rostberattigade_riksdag": 1059.0, "rostberattigade_region": 1081.0, "rostberattigade_kommun": 1081.0, "kommun_kod": "1383", "kommun_namn": "Varberg", "ar": 2018 }, "geometry": { "type": "Polygon", "coordinates": [ [ [ 12.32094, 57.15184 ], [ 12.31996, 57.15187 ], [ 12.31826, 57.15319 ], [ 12.31997, 57.15428 ], [ 12.32222, 57.15264 ], [ 12.32572, 57.15515 ], [ 12.32679, 57.15985 ], [ 12.32276, 57.16135 ], [ 12.32792, 57.16232 ], [ 12.33134, 57.16338 ], [ 12.33716, 57.16325 ], [ 12.34204, 57.16376 ], [ 12.35212, 57.16629 ], [ 12.35141, 57.16707 ], [ 12.35256, 57.16759 ], [ 12.3541, 57.16693 ], [ 12.35505, 57.16705 ], [ 12.35584, 57.1675 ], [ 12.35694, 57.17292 ], [ 12.35606, 57.17443 ], [ 12.35821, 57.17486 ], [ 12.35771, 57.1753 ], [ 12.35593, 57.17476 ], [ 12.35609, 57.17559 ], [ 12.35501, 57.17617 ], [ 12.34868, 57.18393 ], [ 12.34661, 57.18999 ], [ 12.3472, 57.19116 ], [ 12.3446, 57.1925 ], [ 12.3425, 57.19256 ], [ 12.34038, 57.19356 ], [ 12.34057, 57.19445 ], [ 12.33738, 57.19709 ], [ 12.33752, 57.19758 ], [ 12.3324, 57.20148 ], [ 12.31356, 57.19713 ], [ 12.3109, 57.19729 ], [ 12.31001, 57.19697 ], [ 12.30705, 57.1975 ], [ 12.30723, 57.19435 ], [ 12.30649, 57.19355 ], [ 12.30704, 57.19022 ], [ 12.30762, 57.18769 ], [ 12.30948, 57.18621 ], [ 12.28955, 57.1813 ], [ 12.28915, 57.1807 ], [ 12.28234, 57.17902 ], [ 12.28182, 57.17941 ], [ 12.28061, 57.17911 ], [ 12.26079, 57.17854 ], [ 12.23945, 57.1721 ], [ 12.23776, 57.17096 ], [ 12.2311, 57.1695 ], [ 12.23286, 57.16782 ], [ 12.23542, 57.16865 ], [ 12.23607, 57.16799 ], [ 12.23353, 57.16718 ], [ 12.23523, 57.16544 ], [ 12.23236, 57.16812 ], [ 12.23189, 57.16798 ], [ 12.23685, 57.16381 ], [ 12.23813, 57.16423 ], [ 12.23889, 57.16392 ], [ 12.23972, 57.16279 ], [ 12.24473, 57.15986 ], [ 12.24507, 57.15933 ], [ 12.24344, 57.15857 ], [ 12.24111, 57.16006 ], [ 12.24314, 57.15846 ], [ 12.24097, 57.15716 ], [ 12.24453, 57.15396 ], [ 12.24755, 57.15488 ], [ 12.25823, 57.14177 ], [ 12.25977, 57.13802 ], [ 12.2609, 57.13125 ], [ 12.26149, 57.13115 ], [ 12.26115, 57.12819 ], [ 12.26145, 57.1295 ], [ 12.26218, 57.1294 ], [ 12.26777, 57.13704 ], [ 12.26688, 57.13837 ], [ 12.26735, 57.1397 ], [ 12.26941, 57.13947 ], [ 12.27621, 57.14782 ], [ 12.27951, 57.151 ], [ 12.28313, 57.15313 ], [ 12.27916, 57.15579 ], [ 12.28056, 57.15756 ], [ 12.27862, 57.15891 ], [ 12.28041, 57.15959 ], [ 12.2825, 57.15827 ], [ 12.28482, 57.15956 ], [ 12.2833, 57.16065 ], [ 12.28524, 57.16155 ], [ 12.28661, 57.15993 ], [ 12.28891, 57.16048 ], [ 12.29035, 57.16162 ], [ 12.29385, 57.15806 ], [ 12.29527, 57.15987 ], [ 12.29596, 57.16269 ], [ 12.29566, 57.16014 ], [ 12.29453, 57.15828 ], [ 12.29315, 57.15684 ], [ 12.29074, 57.1555 ], [ 12.29523, 57.15074 ], [ 12.29347, 57.14765 ], [ 12.29199, 57.14657 ], [ 12.29999, 57.14612 ], [ 12.29953, 57.1452 ], [ 12.29399, 57.14534 ], [ 12.29621, 57.14378 ], [ 12.2979, 57.14423 ], [ 12.29966, 57.14282 ], [ 12.29595, 57.14165 ], [ 12.3064, 57.1382 ], [ 12.31104, 57.13913 ], [ 12.31232, 57.13716 ], [ 12.31145, 57.13694 ], [ 12.31253, 57.13675 ], [ 12.31352, 57.13494 ], [ 12.30368, 57.13569 ], [ 12.30851, 57.12844 ], [ 12.30904, 57.12964 ], [ 12.30989, 57.12993 ], [ 12.31296, 57.13025 ], [ 12.3165, 57.12969 ], [ 12.32146, 57.13497 ], [ 12.31667, 57.14197 ], [ 12.32164, 57.14493 ], [ 12.32292, 57.14529 ], [ 12.32143, 57.14673 ], [ 12.32138, 57.14873 ], [ 12.31775, 57.14789 ], [ 12.3171, 57.1489 ], [ 12.31782, 57.14958 ], [ 12.32013, 57.1502 ], [ 12.31962, 57.15063 ], [ 12.32094, 57.15184 ] ] ] } },
{ "type": "Feature", "properties": { "valdistrikt_kod": "13831401", "valdistrikt_namn": "Tångaberg-Kärra-Torpa", "valdeltagande_riksdag": 90.9, "valdeltagande_region": 89.8, "valdeltagande_kommun": 90.3, "rostberattigade_riksdag": 1127.0, "rostberattigade_region": 1134.0, "rostberattigade_kommun": 1134.0, "kommun_kod": "1383", "kommun_namn": "Varberg", "ar": 2018 }, "geometry": { "type": "Polygon", "coordinates": [ [ [ 12.30705, 57.1975 ], [ 12.30408, 57.19807 ], [ 12.30402, 57.19856 ], [ 12.29827, 57.19999 ], [ 12.2966, 57.20083 ], [ 12.29085, 57.20214 ], [ 12.23521, 57.20142 ], [ 12.23329, 57.20193 ], [ 12.22836, 57.20128 ], [ 12.22204, 57.20179 ], [ 12.22111, 57.2005 ], [ 12.21666, 57.20181 ], [ 12.21207, 57.19762 ], [ 12.21085, 57.1972 ], [ 12.20938, 57.19585 ], [ 12.2071, 57.19192 ], [ 12.20207, 57.18912 ], [ 12.18923, 57.17273 ], [ 12.199, 57.16892 ], [ 12.19489, 57.15665 ], [ 12.20998, 57.15884 ], [ 12.21375, 57.16367 ], [ 12.21671, 57.16516 ], [ 12.23186, 57.16978 ], [ 12.23776, 57.17096 ], [ 12.23945, 57.1721 ], [ 12.26079, 57.17854 ], [ 12.28061, 57.17911 ], [ 12.28182, 57.17941 ], [ 12.28234, 57.17902 ], [ 12.28915, 57.1807 ], [ 12.28955, 57.1813 ], [ 12.30948, 57.18621 ], [ 12.30762, 57.18769 ], [ 12.30704, 57.19022 ], [ 12.30649, 57.19355 ], [ 12.30723, 57.19435 ], [ 12.30705, 57.1975 ] ] ] } },
{ "type": "Feature", "properties": { "valdistrikt_kod": "13831501", "valdistrikt_namn": "Valinge-Stamnared", "valdeltagande_riksdag": 92.5, "valdeltagande_region": 91.1, "valdeltagande_kommun": 91.8, "rostberattigade_riksdag": 763.0, "rostberattigade_region": 768.0, "rostberattigade_kommun": 768.0, "kommun_kod": "1383", "kommun_namn": "Varberg", "ar": 2018 }, "geometry": { "type": "Polygon", "coordinates": [ [ [ 12.45754, 57.21799 ], [ 12.45567, 57.21911 ], [ 12.45409, 57.21933 ], [ 12.45119, 57.22153 ], [ 12.44744, 57.22131 ], [ 12.4457, 57.22171 ], [ 12.44296, 57.2234 ], [ 12.44134, 57.22359 ], [ 12.43918, 57.22563 ], [ 12.43915, 57.22698 ], [ 12.4369, 57.2283 ], [ 12.4345, 57.22691 ], [ 12.43368, 57.22696 ], [ 12.42922, 57.2301 ], [ 12.42809, 57.23152 ], [ 12.42589, 57.23125 ], [ 12.42519, 57.23081 ], [ 12.42574, 57.23021 ], [ 12.42464, 57.23032 ], [ 12.42615, 57.22841 ], [ 12.42338, 57.22789 ], [ 12.42398, 57.22657 ], [ 12.41912, 57.22465 ], [ 12.41305, 57.22443 ], [ 12.39824, 57.22691 ], [ 12.38553, 57.22472 ], [ 12.38584, 57.224 ], [ 12.38461, 57.22456 ], [ 12.36337, 57.22087 ], [ 12.36173, 57.22054 ], [ 12.36184, 57.22016 ], [ 12.36124, 57.22045 ], [ 12.35639, 57.21957 ], [ 12.3639, 57.21376 ], [ 12.36111, 57.21239 ], [ 12.35903, 57.21191 ], [ 12.3585, 57.21108 ], [ 12.35492, 57.21042 ], [ 12.35135, 57.20904 ], [ 12.34991, 57.20699 ], [ 12.3324, 57.20148 ], [ 12.33752, 57.19758 ], [ 12.33738, 57.19709 ], [ 12.34057, 57.19445 ], [ 12.34038, 57.19356 ], [ 12.3425, 57.19256 ], [ 12.3446, 57.1925 ], [ 12.3472, 57.19116 ], [ 12.34661, 57.18999 ], [ 12.34868, 57.18393 ], [ 12.35501, 57.17617 ], [ 12.35609, 57.17559 ], [ 12.35593, 57.17476 ], [ 12.35771, 57.1753 ], [ 12.35821, 57.17486 ], [ 12.35606, 57.17443 ], [ 12.35694, 57.17292 ], [ 12.35584, 57.1675 ], [ 12.3541, 57.16693 ], [ 12.35256, 57.16759 ], [ 12.35141, 57.16707 ], [ 12.35212, 57.16629 ], [ 12.34204, 57.16376 ], [ 12.33716, 57.16325 ], [ 12.33134, 57.16338 ], [ 12.32792, 57.16232 ], [ 12.32276, 57.16135 ], [ 12.32679, 57.15985 ], [ 12.32572, 57.15515 ], [ 12.32222, 57.15264 ], [ 12.31997, 57.15428 ], [ 12.31931, 57.154 ], [ 12.31826, 57.15319 ], [ 12.31996, 57.15187 ], [ 12.32094, 57.15184 ], [ 12.3206, 57.15148 ], [ 12.3421, 57.14883 ], [ 12.35211, 57.1464 ], [ 12.35618, 57.14407 ], [ 12.36854, 57.14783 ], [ 12.37337, 57.14852 ], [ 12.3792, 57.14508 ], [ 12.38159, 57.14651 ], [ 12.38921, 57.14536 ], [ 12.39955, 57.14441 ], [ 12.4086, 57.14644 ], [ 12.41452, 57.14864 ], [ 12.4158, 57.14652 ], [ 12.41505, 57.14365 ], [ 12.41728, 57.14392 ], [ 12.41721, 57.14609 ], [ 12.41665, 57.1463 ], [ 12.41718, 57.1469 ], [ 12.4158, 57.1491 ], [ 12.41704, 57.14956 ], [ 12.41828, 57.14879 ], [ 12.42944, 57.15388 ], [ 12.43298, 57.16277 ], [ 12.42712, 57.17066 ], [ 12.42404, 57.17235 ], [ 12.42342, 57.17388 ], [ 12.41299, 57.17952 ], [ 12.40866, 57.18105 ], [ 12.40739, 57.18236 ], [ 12.40657, 57.18569 ], [ 12.40727, 57.1871 ], [ 12.40632, 57.18951 ], [ 12.40869, 57.19017 ], [ 12.40829, 57.19265 ], [ 12.40997, 57.19375 ], [ 12.40972, 57.19549 ], [ 12.41028, 57.19684 ], [ 12.40986, 57.19781 ], [ 12.40737, 57.19942 ], [ 12.40904, 57.19986 ], [ 12.40964, 57.19822 ], [ 12.41116, 57.1981 ], [ 12.41363, 57.19933 ], [ 12.41233, 57.20074 ], [ 12.43768, 57.20781 ], [ 12.43611, 57.20853 ], [ 12.43829, 57.21019 ], [ 12.44032, 57.21055 ], [ 12.44122, 57.21033 ], [ 12.45338, 57.21781 ], [ 12.45754, 57.21799 ] ] ] } },
{ "type": "Feature", "properties": { "valdistrikt_kod": "13831701", "valdistrikt_namn": "Årnäs-Derome-Sällstorp", "valdeltagande_riksdag": 90.3, "valdeltagande_region": 87.2, "valdeltagande_kommun": 87.7, "rostberattigade_riksdag": 1673.0, "rostberattigade_region": 1706.0, "rostberattigade_kommun": 1706.0, "kommun_kod": "1383", "kommun_namn": "Varberg", "ar": 2018 }, "geometry": { "type": "Polygon", "coordinates": [ [ [ 12.43022, 57.26936 ], [ 12.42914, 57.27744 ], [ 12.38696, 57.26409 ], [ 12.38268, 57.26418 ], [ 12.38133, 57.26479 ], [ 12.37993, 57.26425 ], [ 12.37241, 57.2644 ], [ 12.36247, 57.25815 ], [ 12.35473, 57.25083 ], [ 12.35612, 57.2422 ], [ 12.35522, 57.24267 ], [ 12.35497, 57.24222 ], [ 12.35425, 57.24234 ], [ 12.35402, 57.24159 ], [ 12.35313, 57.242 ], [ 12.35295, 57.24122 ], [ 12.35097, 57.24204 ], [ 12.34924, 57.24103 ], [ 12.34632, 57.24177 ], [ 12.34557, 57.24145 ], [ 12.34562, 57.24053 ], [ 12.34476, 57.24046 ], [ 12.34302, 57.24067 ], [ 12.34315, 57.24122 ], [ 12.34198, 57.24087 ], [ 12.34083, 57.24108 ], [ 12.34065, 57.24136 ], [ 12.3418, 57.24136 ], [ 12.34192, 57.24172 ], [ 12.34105, 57.24245 ], [ 12.34078, 57.2418 ], [ 12.33976, 57.24195 ], [ 12.3402, 57.24134 ], [ 12.33947, 57.24083 ], [ 12.33772, 57.24131 ], [ 12.33727, 57.24046 ], [ 12.33469, 57.24167 ], [ 12.33342, 57.24178 ], [ 12.33355, 57.24128 ], [ 12.33086, 57.23978 ], [ 12.33035, 57.23868 ], [ 12.32902, 57.23927 ], [ 12.32907, 57.23858 ], [ 12.32708, 57.23892 ], [ 12.32537, 57.23754 ], [ 12.32321, 57.23791 ], [ 12.32124, 57.23753 ], [ 12.31999, 57.23817 ], [ 12.31822, 57.2377 ], [ 12.31466, 57.23865 ], [ 12.31408, 57.23914 ], [ 12.30728, 57.23951 ], [ 12.30206, 57.24025 ], [ 12.29332, 57.23874 ], [ 12.28504, 57.23813 ], [ 12.28252, 57.23747 ], [ 12.28018, 57.23621 ], [ 12.27703, 57.23551 ], [ 12.27223, 57.23526 ], [ 12.26341, 57.23388 ], [ 12.25768, 57.23389 ], [ 12.25097, 57.23488 ], [ 12.24758, 57.23397 ], [ 12.24325, 57.23139 ], [ 12.24077, 57.23047 ], [ 12.2356, 57.2299 ], [ 12.22619, 57.22971 ], [ 12.2208, 57.22898 ], [ 12.22029, 57.22838 ], [ 12.21484, 57.22661 ], [ 12.2135, 57.22716 ], [ 12.21598, 57.22818 ], [ 12.21291, 57.228 ], [ 12.20931, 57.22692 ], [ 12.20419, 57.22419 ], [ 12.20337, 57.21828 ], [ 12.19034, 57.2113 ], [ 12.16397, 57.20644 ], [ 12.09935, 57.21318 ], [ 12.08303, 57.20694 ], [ 12.10944, 57.1721 ], [ 12.13641, 57.17793 ], [ 12.18923, 57.17273 ], [ 12.20207, 57.18912 ], [ 12.2071, 57.19192 ], [ 12.20938, 57.19585 ], [ 12.21085, 57.1972 ], [ 12.21207, 57.19762 ], [ 12.21666, 57.20181 ], [ 12.22111, 57.2005 ], [ 12.22204, 57.20179 ], [ 12.22836, 57.20128 ], [ 12.23329, 57.20193 ], [ 12.23521, 57.20142 ], [ 12.29085, 57.20214 ], [ 12.29345, 57.20173 ], [ 12.29827, 57.19999 ], [ 12.30402, 57.19856 ], [ 12.30455, 57.19796 ], [ 12.31001, 57.19697 ], [ 12.3109, 57.19729 ], [ 12.31356, 57.19713 ], [ 12.33694, 57.20278 ], [ 12.34991, 57.20699 ], [ 12.35135, 57.20904 ], [ 12.35492, 57.21042 ], [ 12.3585, 57.21108 ], [ 12.35903, 57.21191 ], [ 12.36244, 57.21295 ], [ 12.3639, 57.21376 ], [ 12.35639, 57.21957 ], [ 12.36124, 57.22045 ], [ 12.36184, 57.22016 ], [ 12.36173, 57.22054 ], [ 12.36337, 57.22087 ], [ 12.38461, 57.22456 ], [ 12.38584, 57.224 ], [ 12.38553, 57.22472 ], [ 12.39824, 57.22691 ], [ 12.41305, 57.22443 ], [ 12.41925, 57.22468 ], [ 12.42398, 57.22657 ], [ 12.42338, 57.22789 ], [ 12.42615, 57.22841 ], [ 12.42447, 57.23006 ], [ 12.42483, 57.23052 ], [ 12.42574, 57.23021 ], [ 12.4257, 57.23057 ], [ 12.42328, 57.23199 ], [ 12.42483, 57.23321 ], [ 12.42503, 57.2345 ], [ 12.42328, 57.23598 ], [ 12.41808, 57.2344 ], [ 12.41554, 57.23522 ], [ 12.41363, 57.23507 ], [ 12.41258, 57.23568 ], [ 12.4127, 57.23624 ], [ 12.41152, 57.2373 ], [ 12.41011, 57.23778 ], [ 12.41022, 57.23832 ], [ 12.41301, 57.23982 ], [ 12.40996, 57.24155 ], [ 12.41394, 57.24552 ], [ 12.41498, 57.24558 ], [ 12.41686, 57.24474 ], [ 12.41897, 57.24487 ], [ 12.41976, 57.24541 ], [ 12.42185, 57.24496 ], [ 12.42529, 57.2535 ], [ 12.42527, 57.25715 ], [ 12.42712, 57.26466 ], [ 12.43022, 57.26936 ] ] ] } },
{ "type": "Feature", "properties": { "valdistrikt_kod": "13831901", "valdistrikt_namn": "Veddige V", "valdeltagande_riksdag": 86.1, "valdeltagande_region": 84.6, "valdeltagande_kommun": 85.0, "rostberattigade_riksdag": 1376.0, "rostberattigade_region": 1390.0, "rostberattigade_kommun": 1390.0, "kommun_kod": "1383", "kommun_namn": "Varberg", "ar": 2018 }, "geometry": { "type": "MultiPolygon", "coordinates": [ [ [ [ 12.34263, 57.33167 ], [ 12.341, 57.33029 ], [ 12.33526, 57.32551 ], [ 12.33302, 57.32249 ], [ 12.32004, 57.31382 ], [ 12.31443, 57.30927 ], [ 12.28831, 57.30252 ], [ 12.26577, 57.27578 ], [ 12.23094, 57.23699 ], [ 12.23475, 57.22988 ], [ 12.2396, 57.23024 ], [ 12.24196, 57.23078 ], [ 12.24758, 57.23397 ], [ 12.25097, 57.23488 ], [ 12.25768, 57.23389 ], [ 12.26341, 57.23388 ], [ 12.27223, 57.23526 ], [ 12.27703, 57.23551 ], [ 12.28018, 57.23621 ], [ 12.28252, 57.23747 ], [ 12.28504, 57.23813 ], [ 12.29332, 57.23874 ], [ 12.30206, 57.24025 ], [ 12.30728, 57.23951 ], [ 12.31408, 57.23914 ], [ 12.31466, 57.23865 ], [ 12.31822, 57.2377 ], [ 12.31918, 57.23773 ], [ 12.31999, 57.23817 ], [ 12.32124, 57.23753 ], [ 12.32247, 57.23788 ], [ 12.32537, 57.23754 ], [ 12.32606, 57.23776 ], [ 12.3263, 57.23823 ], [ 12.32486, 57.23958 ], [ 12.32282, 57.23889 ], [ 12.32206, 57.23901 ], [ 12.32127, 57.23758 ], [ 12.32034, 57.23822 ], [ 12.31989, 57.23825 ], [ 12.31905, 57.23775 ], [ 12.31827, 57.23775 ], [ 12.31744, 57.23823 ], [ 12.31445, 57.23891 ], [ 12.31699, 57.2396 ], [ 12.32248, 57.24215 ], [ 12.32727, 57.24309 ], [ 12.32876, 57.24375 ], [ 12.32932, 57.24499 ], [ 12.32866, 57.24886 ], [ 12.3314, 57.25244 ], [ 12.33418, 57.25452 ], [ 12.33444, 57.25527 ], [ 12.3359, 57.25507 ], [ 12.33646, 57.2565 ], [ 12.33215, 57.2592 ], [ 12.33161, 57.26021 ], [ 12.33248, 57.26125 ], [ 12.33065, 57.26241 ], [ 12.32965, 57.26257 ], [ 12.33043, 57.26376 ], [ 12.32974, 57.26415 ], [ 12.32791, 57.26359 ], [ 12.32686, 57.26469 ], [ 12.3213, 57.26318 ], [ 12.31937, 57.26522 ], [ 12.32111, 57.26543 ], [ 12.32189, 57.26479 ], [ 12.3257, 57.26563 ], [ 12.32406, 57.26667 ], [ 12.32461, 57.26702 ], [ 12.3241, 57.2677 ], [ 12.32316, 57.26774 ], [ 12.32377, 57.26861 ], [ 12.33066, 57.2706 ], [ 12.33037, 57.27204 ], [ 12.33092, 57.27214 ], [ 12.33217, 57.27097 ], [ 12.33495, 57.27127 ], [ 12.33728, 57.27121 ], [ 12.33762, 57.27331 ], [ 12.33921, 57.27331 ], [ 12.33929, 57.27206 ], [ 12.33833, 57.27104 ], [ 12.33652, 57.27122 ], [ 12.33698, 57.2698 ], [ 12.3381, 57.26844 ], [ 12.33996, 57.26885 ], [ 12.34084, 57.2667 ], [ 12.34791, 57.26859 ], [ 12.35036, 57.26837 ], [ 12.35187, 57.26941 ], [ 12.34943, 57.27148 ], [ 12.34098, 57.26822 ], [ 12.34403, 57.26957 ], [ 12.34348, 57.27021 ], [ 12.3442, 57.27057 ], [ 12.34357, 57.27116 ], [ 12.34288, 57.271 ], [ 12.34257, 57.27158 ], [ 12.34353, 57.27159 ], [ 12.34437, 57.27068 ], [ 12.34742, 57.27145 ], [ 12.34792, 57.27105 ], [ 12.34921, 57.27154 ], [ 12.34902, 57.27182 ], [ 12.3469, 57.27378 ], [ 12.34596, 57.2735 ], [ 12.34517, 57.27422 ], [ 12.34599, 57.27468 ], [ 12.34388, 57.27416 ], [ 12.34393, 57.27367 ], [ 12.34102, 57.27336 ], [ 12.34153, 57.27556 ], [ 12.34027, 57.27533 ], [ 12.33957, 57.27565 ], [ 12.34067, 57.27622 ], [ 12.33993, 57.27682 ], [ 12.34185, 57.27702 ], [ 12.34037, 57.27932 ], [ 12.33548, 57.27844 ], [ 12.33286, 57.27951 ], [ 12.32552, 57.2852 ], [ 12.32581, 57.28672 ], [ 12.3242, 57.28674 ], [ 12.3245, 57.28784 ], [ 12.32503, 57.28858 ], [ 12.33577, 57.29107 ], [ 12.33597, 57.29051 ], [ 12.3374, 57.29026 ], [ 12.33786, 57.28956 ], [ 12.33717, 57.28941 ], [ 12.33747, 57.28873 ], [ 12.3347, 57.28848 ], [ 12.33633, 57.28811 ], [ 12.33532, 57.28747 ], [ 12.3385, 57.28241 ], [ 12.33927, 57.28233 ], [ 12.33884, 57.28185 ], [ 12.33961, 57.28057 ], [ 12.34053, 57.28072 ], [ 12.34186, 57.28018 ], [ 12.33989, 57.28012 ], [ 12.34026, 57.27948 ], [ 12.34245, 57.27983 ], [ 12.34266, 57.27938 ], [ 12.34512, 57.27841 ], [ 12.34622, 57.27837 ], [ 12.34296, 57.28144 ], [ 12.34376, 57.2815 ], [ 12.34317, 57.28238 ], [ 12.34519, 57.29044 ], [ 12.34412, 57.29167 ], [ 12.34507, 57.29258 ], [ 12.33942, 57.29572 ], [ 12.34092, 57.29628 ], [ 12.34611, 57.29347 ], [ 12.34752, 57.29472 ], [ 12.34155, 57.29809 ], [ 12.34442, 57.29933 ], [ 12.35011, 57.29612 ], [ 12.35679, 57.29979 ], [ 12.35441, 57.30134 ], [ 12.35269, 57.30079 ], [ 12.35166, 57.30178 ], [ 12.3502, 57.30186 ], [ 12.34918, 57.3012 ], [ 12.34971, 57.30092 ], [ 12.35063, 57.30123 ], [ 12.35084, 57.30043 ], [ 12.3486, 57.29963 ], [ 12.34851, 57.30026 ], [ 12.3464, 57.30019 ], [ 12.34514, 57.30053 ], [ 12.34366, 57.30016 ], [ 12.3438, 57.30076 ], [ 12.34734, 57.30109 ], [ 12.34458, 57.30126 ], [ 12.34647, 57.3022 ], [ 12.34667, 57.3031 ], [ 12.3472, 57.30332 ], [ 12.3472, 57.30248 ], [ 12.34814, 57.30317 ], [ 12.3495, 57.30192 ], [ 12.35125, 57.30209 ], [ 12.35202, 57.30273 ], [ 12.3488, 57.30472 ], [ 12.35128, 57.30616 ], [ 12.35466, 57.30398 ], [ 12.35574, 57.30433 ], [ 12.35689, 57.30373 ], [ 12.3558, 57.30332 ], [ 12.3562, 57.30302 ], [ 12.35717, 57.30355 ], [ 12.35844, 57.3029 ], [ 12.35694, 57.30256 ], [ 12.35915, 57.30112 ], [ 12.36336, 57.3034 ], [ 12.36361, 57.3048 ], [ 12.3682, 57.30489 ], [ 12.37088, 57.30614 ], [ 12.37226, 57.30636 ], [ 12.37101, 57.31172 ], [ 12.37185, 57.31282 ], [ 12.38793, 57.31025 ], [ 12.38823, 57.31208 ], [ 12.37448, 57.31443 ], [ 12.37702, 57.31588 ], [ 12.3771, 57.31919 ], [ 12.3975, 57.32866 ], [ 12.38962, 57.33701 ], [ 12.39293, 57.33844 ], [ 12.39302, 57.34039 ], [ 12.38926, 57.34147 ], [ 12.38543, 57.34371 ], [ 12.38445, 57.34699 ], [ 12.38698, 57.35153 ], [ 12.35231, 57.33494 ], [ 12.34634, 57.33434 ], [ 12.34613, 57.33456 ], [ 12.34263, 57.33167 ] ] ], [ [ [ 12.34263, 57.33167 ], [ 12.34169, 57.33233 ], [ 12.33959, 57.33267 ], [ 12.33831, 57.33233 ], [ 12.33767, 57.3318 ], [ 12.33747, 57.33018 ], [ 12.33802, 57.3297 ], [ 12.33891, 57.32989 ], [ 12.33914, 57.33034 ], [ 12.34263, 57.33167 ] ] ] ] } },
{ "type": "Feature", "properties": { "valdistrikt_kod": "13831902", "valdistrikt_namn": "Veddige Ö", "valdeltagande_riksdag": 83.5, "valdeltagande_region": 78.8, "valdeltagande_kommun": 79.2, "rostberattigade_riksdag": 1119.0, "rostberattigade_region": 1186.0, "rostberattigade_kommun": 1186.0, "kommun_kod": "1383", "kommun_namn": "Varberg", "ar": 2018 }, "geometry": { "type": "Polygon", "coordinates": [ [ [ 12.42914, 57.27744 ], [ 12.42975, 57.28314 ], [ 12.42565, 57.28739 ], [ 12.42518, 57.29001 ], [ 12.42626, 57.29073 ], [ 12.42663, 57.29185 ], [ 12.42597, 57.29242 ], [ 12.42477, 57.2924 ], [ 12.42398, 57.29711 ], [ 12.42557, 57.30537 ], [ 12.42114, 57.30707 ], [ 12.42603, 57.30997 ], [ 12.42929, 57.31389 ], [ 12.43221, 57.31505 ], [ 12.42645, 57.3225 ], [ 12.42457, 57.32346 ], [ 12.42199, 57.32281 ], [ 12.41931, 57.32126 ], [ 12.41977, 57.32071 ], [ 12.41752, 57.31957 ], [ 12.3975, 57.32866 ], [ 12.3771, 57.31919 ], [ 12.37702, 57.31588 ], [ 12.37448, 57.31443 ], [ 12.38823, 57.31208 ], [ 12.38793, 57.31025 ], [ 12.37185, 57.31282 ], [ 12.37101, 57.31172 ], [ 12.37226, 57.30636 ], [ 12.37088, 57.30614 ], [ 12.3682, 57.30489 ], [ 12.36361, 57.3048 ], [ 12.36336, 57.3034 ], [ 12.35915, 57.30112 ], [ 12.35694, 57.30256 ], [ 12.35844, 57.3029 ], [ 12.35717, 57.30355 ], [ 12.3562, 57.30302 ], [ 12.3558, 57.30332 ], [ 12.35689, 57.30373 ], [ 12.35574, 57.30433 ], [ 12.35466, 57.30398 ], [ 12.3512, 57.30614 ], [ 12.3488, 57.30472 ], [ 12.35202, 57.30273 ], [ 12.35125, 57.30209 ], [ 12.3495, 57.30192 ], [ 12.34814, 57.30317 ], [ 12.3472, 57.30248 ], [ 12.3472, 57.30332 ], [ 12.34558, 57.30145 ], [ 12.34458, 57.30126 ], [ 12.34728, 57.30104 ], [ 12.3438, 57.30076 ], [ 12.34366, 57.30016 ], [ 12.34514, 57.30053 ], [ 12.3464, 57.30019 ], [ 12.34863, 57.30024 ], [ 12.34852, 57.29962 ], [ 12.35084, 57.30043 ], [ 12.35063, 57.30123 ], [ 12.34971, 57.30092 ], [ 12.34918, 57.3012 ], [ 12.3497, 57.30182 ], [ 12.35158, 57.30179 ], [ 12.35225, 57.30089 ], [ 12.35308, 57.30077 ], [ 12.35441, 57.30134 ], [ 12.35679, 57.29979 ], [ 12.35011, 57.29612 ], [ 12.34442, 57.29933 ], [ 12.34155, 57.29809 ], [ 12.34752, 57.29472 ], [ 12.34611, 57.29347 ], [ 12.34092, 57.29628 ], [ 12.33942, 57.29572 ], [ 12.34507, 57.29258 ], [ 12.34412, 57.29167 ], [ 12.34519, 57.29044 ], [ 12.34317, 57.28238 ], [ 12.34376, 57.2815 ], [ 12.34296, 57.28144 ], [ 12.34622, 57.27837 ], [ 12.34512, 57.27841 ], [ 12.34266, 57.27938 ], [ 12.34245, 57.27983 ], [ 12.34026, 57.27948 ], [ 12.33989, 57.28012 ], [ 12.34186, 57.28018 ], [ 12.34053, 57.28072 ], [ 12.33961, 57.28057 ], [ 12.33884, 57.28185 ], [ 12.33927, 57.28233 ], [ 12.3385, 57.28241 ], [ 12.33532, 57.28747 ], [ 12.33633, 57.28811 ], [ 12.3347, 57.28848 ], [ 12.33747, 57.28873 ], [ 12.33717, 57.28941 ], [ 12.33786, 57.28956 ], [ 12.3374, 57.29026 ], [ 12.33597, 57.29051 ], [ 12.33577, 57.29107 ], [ 12.32503, 57.28858 ], [ 12.3242, 57.28674 ], [ 12.32581, 57.28672 ], [ 12.32552, 57.2852 ], [ 12.33286, 57.27951 ], [ 12.33548, 57.27844 ], [ 12.34037, 57.27932 ], [ 12.34185, 57.27702 ], [ 12.33993, 57.27682 ], [ 12.34067, 57.27622 ], [ 12.33957, 57.27565 ], [ 12.34027, 57.27533 ], [ 12.34153, 57.27556 ], [ 12.34102, 57.27336 ], [ 12.34393, 57.27367 ], [ 12.34388, 57.27416 ], [ 12.34599, 57.27468 ], [ 12.34517, 57.27422 ], [ 12.34596, 57.2735 ], [ 12.3469, 57.27378 ], [ 12.34902, 57.27182 ], [ 12.34921, 57.27154 ], [ 12.34792, 57.27105 ], [ 12.34742, 57.27145 ], [ 12.34437, 57.27068 ], [ 12.34353, 57.27159 ], [ 12.34257, 57.27158 ], [ 12.34288, 57.271 ], [ 12.34357, 57.27116 ], [ 12.3442, 57.27057 ], [ 12.34348, 57.27021 ], [ 12.34403, 57.26957 ], [ 12.34098, 57.26822 ], [ 12.34943, 57.27148 ], [ 12.35187, 57.26941 ], [ 12.35036, 57.26837 ], [ 12.34791, 57.26859 ], [ 12.34084, 57.2667 ], [ 12.33996, 57.26885 ], [ 12.3381, 57.26844 ], [ 12.33698, 57.2698 ], [ 12.33652, 57.27122 ], [ 12.33833, 57.27104 ], [ 12.33929, 57.27206 ], [ 12.33921, 57.27331 ], [ 12.33762, 57.27331 ], [ 12.33728, 57.27121 ], [ 12.33495, 57.27127 ], [ 12.33217, 57.27097 ], [ 12.33092, 57.27214 ], [ 12.33037, 57.27204 ], [ 12.33066, 57.2706 ], [ 12.32377, 57.26861 ], [ 12.32316, 57.26774 ], [ 12.3241, 57.2677 ], [ 12.32461, 57.26702 ], [ 12.32406, 57.26667 ], [ 12.3257, 57.26563 ], [ 12.32189, 57.26479 ], [ 12.32111, 57.26543 ], [ 12.31937, 57.26522 ], [ 12.3213, 57.26318 ], [ 12.32686, 57.26469 ], [ 12.32791, 57.26359 ], [ 12.32974, 57.26415 ], [ 12.33043, 57.26376 ], [ 12.32965, 57.26257 ], [ 12.33065, 57.26241 ], [ 12.33248, 57.26125 ], [ 12.33161, 57.26021 ], [ 12.33215, 57.2592 ], [ 12.33316, 57.2583 ], [ 12.33599, 57.25708 ], [ 12.33645, 57.25607 ], [ 12.3359, 57.25507 ], [ 12.33444, 57.25527 ], [ 12.33418, 57.25452 ], [ 12.33113, 57.25216 ], [ 12.32866, 57.24886 ], [ 12.32932, 57.24499 ], [ 12.32876, 57.24375 ], [ 12.32727, 57.24309 ], [ 12.32248, 57.24215 ], [ 12.31447, 57.23884 ], [ 12.31827, 57.23775 ], [ 12.32034, 57.23822 ], [ 12.32127, 57.23758 ], [ 12.32206, 57.23901 ], [ 12.32282, 57.23889 ], [ 12.32486, 57.23958 ], [ 12.3263, 57.23823 ], [ 12.32708, 57.23892 ], [ 12.32907, 57.23858 ], [ 12.32878, 57.23926 ], [ 12.33028, 57.23865 ], [ 12.33086, 57.23978 ], [ 12.33355, 57.24128 ], [ 12.33342, 57.24178 ], [ 12.33469, 57.24167 ], [ 12.33727, 57.24046 ], [ 12.33772, 57.24131 ], [ 12.33947, 57.24083 ], [ 12.3402, 57.24134 ], [ 12.33976, 57.24195 ], [ 12.34078, 57.2418 ], [ 12.34119, 57.24245 ], [ 12.34192, 57.24172 ], [ 12.3418, 57.24136 ], [ 12.34065, 57.24136 ], [ 12.34083, 57.24108 ], [ 12.34198, 57.24087 ], [ 12.34315, 57.24122 ], [ 12.34302, 57.24067 ], [ 12.34514, 57.24042 ], [ 12.34575, 57.24065 ], [ 12.34563, 57.24152 ], [ 12.34632, 57.24177 ], [ 12.34924, 57.24103 ], [ 12.35097, 57.24204 ], [ 12.35295, 57.24122 ], [ 12.35313, 57.242 ], [ 12.35402, 57.24159 ], [ 12.35425, 57.24234 ], [ 12.35497, 57.24222 ], [ 12.35522, 57.24267 ], [ 12.35612, 57.2422 ], [ 12.35473, 57.25083 ], [ 12.36247, 57.25815 ], [ 12.37241, 57.2644 ], [ 12.37993, 57.26425 ], [ 12.38133, 57.26479 ], [ 12.38268, 57.26418 ], [ 12.38696, 57.26409 ], [ 12.42914, 57.27744 ] ] ] } },
{ "type": "Feature", "properties": { "valdistrikt_kod": "13832001", "valdistrikt_namn": "Värö", "valdeltagande_riksdag": 87.3, "valdeltagande_region": 84.0, "valdeltagande_kommun": 84.7, "rostberattigade_riksdag": 1805.0, "rostberattigade_region": 1845.0, "rostberattigade_kommun": 1845.0, "kommun_kod": "1383", "kommun_namn": "Varberg", "ar": 2018 }, "geometry": { "type": "Polygon", "coordinates": [ [ [ 12.12135, 57.3244 ], [ 12.10633, 57.32872 ], [ 12.08714, 57.32683 ], [ 12.06565, 57.32563 ], [ 12.039, 57.31801 ], [ 12.02448, 57.31268 ], [ 12.0653, 57.23895 ], [ 12.09261, 57.2436 ], [ 12.10979, 57.24493 ], [ 12.11252, 57.2474 ], [ 12.11775, 57.25066 ], [ 12.11887, 57.25066 ], [ 12.1266, 57.24851 ], [ 12.13212, 57.24792 ], [ 12.13735, 57.24666 ], [ 12.13529, 57.24095 ], [ 12.14287, 57.24244 ], [ 12.14712, 57.24276 ], [ 12.15544, 57.24174 ], [ 12.15534, 57.23625 ], [ 12.1594, 57.23705 ], [ 12.15906, 57.24099 ], [ 12.16039, 57.24064 ], [ 12.1608, 57.23728 ], [ 12.16173, 57.23728 ], [ 12.15879, 57.22943 ], [ 12.15908, 57.22832 ], [ 12.15958, 57.22652 ], [ 12.16515, 57.2229 ], [ 12.16374, 57.22204 ], [ 12.16427, 57.22172 ], [ 12.162, 57.22029 ], [ 12.1644, 57.21891 ], [ 12.16076, 57.21379 ], [ 12.16011, 57.2112 ], [ 12.16406, 57.20647 ], [ 12.19034, 57.2113 ], [ 12.20337, 57.21828 ], [ 12.20419, 57.22419 ], [ 12.20988, 57.22715 ], [ 12.21291, 57.228 ], [ 12.21581, 57.22825 ], [ 12.21568, 57.22782 ], [ 12.2135, 57.22716 ], [ 12.21484, 57.22661 ], [ 12.22029, 57.22838 ], [ 12.2208, 57.22898 ], [ 12.22619, 57.22971 ], [ 12.23475, 57.22988 ], [ 12.23094, 57.23699 ], [ 12.26577, 57.27578 ], [ 12.28831, 57.30252 ], [ 12.27455, 57.30047 ], [ 12.26851, 57.30237 ], [ 12.26209, 57.29885 ], [ 12.26051, 57.29909 ], [ 12.26005, 57.2977 ], [ 12.24694, 57.29052 ], [ 12.19773, 57.28506 ], [ 12.18098, 57.29075 ], [ 12.1826, 57.29174 ], [ 12.18199, 57.29221 ], [ 12.18113, 57.29187 ], [ 12.18042, 57.2931 ], [ 12.17767, 57.29184 ], [ 12.17874, 57.29146 ], [ 12.17824, 57.29062 ], [ 12.17613, 57.2906 ], [ 12.17458, 57.29016 ], [ 12.17385, 57.29035 ], [ 12.17371, 57.29097 ], [ 12.17631, 57.29229 ], [ 12.16459, 57.29621 ], [ 12.1444, 57.29588 ], [ 12.14531, 57.30307 ], [ 12.14126, 57.31224 ], [ 12.13502, 57.32135 ], [ 12.12135, 57.3244 ] ] ] } },
{ "type": "Feature", "properties": { "valdistrikt_kod": "13832002", "valdistrikt_namn": "Bua", "valdeltagande_riksdag": 88.3, "valdeltagande_region": 87.3, "valdeltagande_kommun": 88.2, "rostberattigade_riksdag": 1706.0, "rostberattigade_region": 1690.0, "rostberattigade_kommun": 1690.0, "kommun_kod": "1383", "kommun_namn": "Varberg", "ar": 2018 }, "geometry": { "type": "Polygon", "coordinates": [ [ [ 12.16406, 57.20647 ], [ 12.16011, 57.2112 ], [ 12.16076, 57.21379 ], [ 12.1644, 57.21891 ], [ 12.162, 57.22029 ], [ 12.16427, 57.22172 ], [ 12.16374, 57.22204 ], [ 12.16515, 57.2229 ], [ 12.15958, 57.22652 ], [ 12.15908, 57.22832 ], [ 12.15879, 57.22943 ], [ 12.16173, 57.23728 ], [ 12.1608, 57.23728 ], [ 12.16039, 57.24064 ], [ 12.15906, 57.24099 ], [ 12.1594, 57.23705 ], [ 12.15534, 57.23625 ], [ 12.15544, 57.24174 ], [ 12.14712, 57.24276 ], [ 12.14287, 57.24244 ], [ 12.13529, 57.24095 ], [ 12.13735, 57.24666 ], [ 12.13212, 57.24792 ], [ 12.1266, 57.24851 ], [ 12.11887, 57.25066 ], [ 12.11775, 57.25066 ], [ 12.11252, 57.2474 ], [ 12.10979, 57.24493 ], [ 12.09261, 57.2436 ], [ 12.0653, 57.23895 ], [ 12.08303, 57.20694 ], [ 12.09935, 57.21318 ], [ 12.16406, 57.20647 ] ] ] } },
{ "type": "Feature", "properties": { "valdistrikt_kod": "13832101", "valdistrikt_namn": "Stråvalla", "valdeltagande_riksdag": 91.7, "valdeltagande_region": 88.7, "valdeltagande_kommun": 89.6, "rostberattigade_riksdag": 758.0, "rostberattigade_region": 776.0, "rostberattigade_kommun": 776.0, "kommun_kod": "1383", "kommun_namn": "Varberg", "ar": 2018 }, "geometry": { "type": "Polygon", "coordinates": [ [ [ 12.26851, 57.30237 ], [ 12.26075, 57.30477 ], [ 12.23943, 57.31319 ], [ 12.23711, 57.31322 ], [ 12.22654, 57.31623 ], [ 12.2226, 57.31545 ], [ 12.2179, 57.31538 ], [ 12.21848, 57.31663 ], [ 12.21778, 57.31737 ], [ 12.21848, 57.3179 ], [ 12.21903, 57.3178 ], [ 12.21934, 57.31845 ], [ 12.21857, 57.31852 ], [ 12.21718, 57.31994 ], [ 12.21561, 57.32231 ], [ 12.21298, 57.3219 ], [ 12.20941, 57.32217 ], [ 12.20847, 57.32139 ], [ 12.20551, 57.32143 ], [ 12.20579, 57.31954 ], [ 12.20505, 57.31825 ], [ 12.20081, 57.31808 ], [ 12.19648, 57.31888 ], [ 12.19608, 57.31834 ], [ 12.19765, 57.31721 ], [ 12.19661, 57.3169 ], [ 12.19618, 57.31602 ], [ 12.19353, 57.31509 ], [ 12.18895, 57.31455 ], [ 12.18775, 57.31363 ], [ 12.1818, 57.31221 ], [ 12.18054, 57.31121 ], [ 12.17501, 57.31239 ], [ 12.17205, 57.31226 ], [ 12.16758, 57.31071 ], [ 12.16185, 57.30672 ], [ 12.15436, 57.30362 ], [ 12.14531, 57.30307 ], [ 12.1444, 57.29588 ], [ 12.16459, 57.29621 ], [ 12.17631, 57.29229 ], [ 12.17371, 57.29097 ], [ 12.17385, 57.29035 ], [ 12.17458, 57.29016 ], [ 12.17613, 57.2906 ], [ 12.17824, 57.29062 ], [ 12.17874, 57.29146 ], [ 12.17767, 57.29184 ], [ 12.18042, 57.2931 ], [ 12.18113, 57.29187 ], [ 12.18199, 57.29221 ], [ 12.1826, 57.29174 ], [ 12.18098, 57.29075 ], [ 12.19773, 57.28506 ], [ 12.24694, 57.29052 ], [ 12.26005, 57.2977 ], [ 12.26051, 57.29909 ], [ 12.26209, 57.29885 ], [ 12.26851, 57.30237 ] ] ] } },
{ "type": "Feature", "properties": { "valdistrikt_kod": "13832201", "valdistrikt_namn": "Karl Gustav-Grimmared", "valdeltagande_riksdag": 84.4, "valdeltagande_region": 83.5, "valdeltagande_kommun": 83.8, "rostberattigade_riksdag": 539.0, "rostberattigade_region": 557.0, "rostberattigade_kommun": 557.0, "kommun_kod": "1383", "kommun_namn": "Varberg", "ar": 2018 }, "geometry": { "type": "Polygon", "coordinates": [ [ [ 12.52525, 57.28211 ], [ 12.52019, 57.28403 ], [ 12.51187, 57.28817 ], [ 12.50458, 57.28105 ], [ 12.49773, 57.28223 ], [ 12.49703, 57.28479 ], [ 12.49751, 57.2861 ], [ 12.49582, 57.28669 ], [ 12.49283, 57.28679 ], [ 12.4874, 57.28451 ], [ 12.48672, 57.28291 ], [ 12.48802, 57.28294 ], [ 12.48172, 57.27913 ], [ 12.4619, 57.27537 ], [ 12.46053, 57.27824 ], [ 12.45583, 57.27953 ], [ 12.45332, 57.27703 ], [ 12.45164, 57.27629 ], [ 12.45064, 57.27333 ], [ 12.43022, 57.26936 ], [ 12.42712, 57.26466 ], [ 12.42527, 57.25715 ], [ 12.42529, 57.2535 ], [ 12.42185, 57.24496 ], [ 12.41976, 57.24541 ], [ 12.41897, 57.24487 ], [ 12.41686, 57.24474 ], [ 12.41498, 57.24558 ], [ 12.41394, 57.24552 ], [ 12.40996, 57.24155 ], [ 12.41301, 57.23982 ], [ 12.41022, 57.23832 ], [ 12.41011, 57.23778 ], [ 12.41152, 57.2373 ], [ 12.4127, 57.23624 ], [ 12.41258, 57.23568 ], [ 12.41363, 57.23507 ], [ 12.41554, 57.23522 ], [ 12.41808, 57.2344 ], [ 12.42328, 57.23598 ], [ 12.42503, 57.2345 ], [ 12.42483, 57.23321 ], [ 12.42328, 57.23199 ], [ 12.4244, 57.23105 ], [ 12.42519, 57.23081 ], [ 12.42589, 57.23125 ], [ 12.42809, 57.23152 ], [ 12.42922, 57.2301 ], [ 12.43368, 57.22696 ], [ 12.4345, 57.22691 ], [ 12.4369, 57.2283 ], [ 12.43915, 57.22698 ], [ 12.43918, 57.22563 ], [ 12.44134, 57.22359 ], [ 12.44296, 57.2234 ], [ 12.4457, 57.22171 ], [ 12.44744, 57.22131 ], [ 12.45119, 57.22153 ], [ 12.45409, 57.21933 ], [ 12.45567, 57.21911 ], [ 12.45754, 57.21799 ], [ 12.46292, 57.21769 ], [ 12.46407, 57.21813 ], [ 12.46728, 57.21821 ], [ 12.46973, 57.21602 ], [ 12.47204, 57.21679 ], [ 12.47392, 57.21655 ], [ 12.47521, 57.21746 ], [ 12.47603, 57.21948 ], [ 12.4774, 57.22008 ], [ 12.47599, 57.22135 ], [ 12.4757, 57.22237 ], [ 12.47836, 57.22506 ], [ 12.48156, 57.22659 ], [ 12.48682, 57.22829 ], [ 12.48822, 57.22799 ], [ 12.48881, 57.22629 ], [ 12.49081, 57.2264 ], [ 12.50358, 57.22913 ], [ 12.50519, 57.22997 ], [ 12.51329, 57.23058 ], [ 12.51565, 57.23118 ], [ 12.52103, 57.23131 ], [ 12.52996, 57.22856 ], [ 12.53804, 57.23478 ], [ 12.54291, 57.23697 ], [ 12.55107, 57.23794 ], [ 12.55469, 57.24014 ], [ 12.56219, 57.23895 ], [ 12.5659, 57.23964 ], [ 12.56841, 57.23889 ], [ 12.56763, 57.23527 ], [ 12.56836, 57.23444 ], [ 12.56924, 57.23469 ], [ 12.56913, 57.23441 ], [ 12.57058, 57.23411 ], [ 12.57147, 57.2334 ], [ 12.57339, 57.23402 ], [ 12.57333, 57.23368 ], [ 12.57436, 57.23386 ], [ 12.57575, 57.2335 ], [ 12.57788, 57.23397 ], [ 12.57992, 57.23373 ], [ 12.58117, 57.23407 ], [ 12.58107, 57.23472 ], [ 12.58196, 57.23476 ], [ 12.58351, 57.23557 ], [ 12.58606, 57.23544 ], [ 12.5906, 57.23436 ], [ 12.59117, 57.23715 ], [ 12.594, 57.23834 ], [ 12.59841, 57.23706 ], [ 12.599, 57.23638 ], [ 12.60054, 57.2373 ], [ 12.60176, 57.23746 ], [ 12.60456, 57.23589 ], [ 12.60766, 57.23592 ], [ 12.61259, 57.23507 ], [ 12.61361, 57.23433 ], [ 12.61871, 57.23312 ], [ 12.62061, 57.23343 ], [ 12.62986, 57.23176 ], [ 12.63545, 57.22888 ], [ 12.63899, 57.2283 ], [ 12.64125, 57.22562 ], [ 12.65111, 57.226 ], [ 12.6518, 57.22511 ], [ 12.65329, 57.22523 ], [ 12.65435, 57.22481 ], [ 12.65631, 57.22517 ], [ 12.65724, 57.22612 ], [ 12.65637, 57.22666 ], [ 12.65619, 57.22754 ], [ 12.65755, 57.22786 ], [ 12.65857, 57.22756 ], [ 12.66241, 57.23065 ], [ 12.6642, 57.23087 ], [ 12.66441, 57.23171 ], [ 12.66704, 57.23343 ], [ 12.66727, 57.23193 ], [ 12.66838, 57.23083 ], [ 12.66961, 57.23062 ], [ 12.66893, 57.23044 ], [ 12.66933, 57.22976 ], [ 12.67121, 57.22956 ], [ 12.67313, 57.22859 ], [ 12.67435, 57.2289 ], [ 12.67895, 57.23164 ], [ 12.6824, 57.23314 ], [ 12.6874, 57.23685 ], [ 12.68922, 57.2374 ], [ 12.69361, 57.23972 ], [ 12.69381, 57.24019 ], [ 12.6951, 57.24041 ], [ 12.69626, 57.24133 ], [ 12.70059, 57.24309 ], [ 12.71495, 57.2504 ], [ 12.71525, 57.25155 ], [ 12.7115, 57.26774 ], [ 12.70821, 57.27091 ], [ 12.71023, 57.27217 ], [ 12.70499, 57.27412 ], [ 12.70318, 57.27682 ], [ 12.70235, 57.27713 ], [ 12.69935, 57.27501 ], [ 12.69604, 57.27353 ], [ 12.68958, 57.26958 ], [ 12.68656, 57.26698 ], [ 12.6839, 57.26599 ], [ 12.68126, 57.26646 ], [ 12.67764, 57.26939 ], [ 12.67629, 57.27126 ], [ 12.67499, 57.27188 ], [ 12.66929, 57.27287 ], [ 12.6678, 57.27249 ], [ 12.66456, 57.27307 ], [ 12.66342, 57.27342 ], [ 12.66198, 57.27477 ], [ 12.6597, 57.27419 ], [ 12.65833, 57.27579 ], [ 12.65629, 57.27495 ], [ 12.65441, 57.27576 ], [ 12.64841, 57.27438 ], [ 12.64045, 57.27467 ], [ 12.63737, 57.2738 ], [ 12.63719, 57.27523 ], [ 12.63529, 57.27745 ], [ 12.63065, 57.27917 ], [ 12.62226, 57.28002 ], [ 12.62158, 57.28186 ], [ 12.62191, 57.28261 ], [ 12.62134, 57.28355 ], [ 12.62006, 57.28382 ], [ 12.61659, 57.28055 ], [ 12.61407, 57.27971 ], [ 12.59745, 57.28211 ], [ 12.5963, 57.28244 ], [ 12.59545, 57.28374 ], [ 12.58136, 57.2865 ], [ 12.57354, 57.27812 ], [ 12.54793, 57.28268 ], [ 12.53957, 57.28372 ], [ 12.53213, 57.28116 ], [ 12.52936, 57.28228 ], [ 12.52525, 57.28211 ] ] ] } },
{ "type": "Feature", "properties": { "valdistrikt_kod": "13832401", "valdistrikt_namn": "Kungsäter-Gunnarsjö", "valdeltagande_riksdag": 84.2, "valdeltagande_region": 81.9, "valdeltagande_kommun": 81.9, "rostberattigade_riksdag": 664.0, "rostberattigade_region": 685.0, "rostberattigade_kommun": 685.0, "kommun_kod": "1383", "kommun_namn": "Varberg", "ar": 2018 }, "geometry": { "type": "Polygon", "coordinates": [ [ [ 12.60922, 57.34667 ], [ 12.60471, 57.34692 ], [ 12.60331, 57.34552 ], [ 12.60334, 57.34356 ], [ 12.59964, 57.34252 ], [ 12.59971, 57.34224 ], [ 12.59749, 57.34283 ], [ 12.59603, 57.34252 ], [ 12.59128, 57.34299 ], [ 12.58976, 57.33887 ], [ 12.58537, 57.33772 ], [ 12.58292, 57.33623 ], [ 12.57979, 57.33503 ], [ 12.57977, 57.33372 ], [ 12.56704, 57.33074 ], [ 12.56005, 57.3303 ], [ 12.55877, 57.32116 ], [ 12.55262, 57.32148 ], [ 12.53723, 57.31949 ], [ 12.53764, 57.31906 ], [ 12.53722, 57.31811 ], [ 12.53352, 57.31376 ], [ 12.53221, 57.31024 ], [ 12.53241, 57.30734 ], [ 12.52953, 57.3027 ], [ 12.51906, 57.29725 ], [ 12.51586, 57.29425 ], [ 12.51187, 57.28817 ], [ 12.52019, 57.28403 ], [ 12.52525, 57.28211 ], [ 12.52936, 57.28228 ], [ 12.53213, 57.28116 ], [ 12.53957, 57.28372 ], [ 12.54793, 57.28268 ], [ 12.57354, 57.27812 ], [ 12.58136, 57.2865 ], [ 12.59545, 57.28374 ], [ 12.5963, 57.28244 ], [ 12.59745, 57.28211 ], [ 12.61407, 57.27971 ], [ 12.61659, 57.28055 ], [ 12.62006, 57.28382 ], [ 12.62134, 57.28355 ], [ 12.62191, 57.28261 ], [ 12.62158, 57.28186 ], [ 12.62226, 57.28002 ], [ 12.63065, 57.27917 ], [ 12.63529, 57.27745 ], [ 12.63719, 57.27523 ], [ 12.63737, 57.2738 ], [ 12.64045, 57.27467 ], [ 12.64841, 57.27438 ], [ 12.65441, 57.27576 ], [ 12.65629, 57.27495 ], [ 12.65833, 57.27579 ], [ 12.6597, 57.27419 ], [ 12.66198, 57.27477 ], [ 12.66342, 57.27342 ], [ 12.66456, 57.27307 ], [ 12.6678, 57.27249 ], [ 12.66929, 57.27287 ], [ 12.67499, 57.27188 ], [ 12.67629, 57.27126 ], [ 12.67764, 57.26939 ], [ 12.68126, 57.26646 ], [ 12.6839, 57.26599 ], [ 12.68656, 57.26698 ], [ 12.68958, 57.26958 ], [ 12.69604, 57.27353 ], [ 12.69935, 57.27501 ], [ 12.70235, 57.27713 ], [ 12.70318, 57.27682 ], [ 12.70499, 57.27412 ], [ 12.71023, 57.27217 ], [ 12.70821, 57.27091 ], [ 12.7115, 57.26774 ], [ 12.71525, 57.25155 ], [ 12.71849, 57.25296 ], [ 12.72002, 57.25454 ], [ 12.72327, 57.25573 ], [ 12.72576, 57.2577 ], [ 12.72842, 57.25886 ], [ 12.73008, 57.26037 ], [ 12.73235, 57.26118 ], [ 12.734, 57.26266 ], [ 12.73615, 57.26333 ], [ 12.73668, 57.26502 ], [ 12.7385, 57.26672 ], [ 12.74047, 57.26738 ], [ 12.75417, 57.26801 ], [ 12.76099, 57.26987 ], [ 12.7636, 57.27006 ], [ 12.76281, 57.27341 ], [ 12.75868, 57.2734 ], [ 12.75229, 57.27744 ], [ 12.7445, 57.28604 ], [ 12.74143, 57.29156 ], [ 12.74188, 57.29574 ], [ 12.74072, 57.29785 ], [ 12.73942, 57.29882 ], [ 12.74033, 57.30092 ], [ 12.73792, 57.30244 ], [ 12.7327, 57.30252 ], [ 12.73101, 57.30429 ], [ 12.72885, 57.30434 ], [ 12.72366, 57.30643 ], [ 12.72141, 57.30682 ], [ 12.71857, 57.30815 ], [ 12.71542, 57.30874 ], [ 12.71084, 57.31085 ], [ 12.71007, 57.31184 ], [ 12.70673, 57.3128 ], [ 12.70342, 57.31312 ], [ 12.70299, 57.31347 ], [ 12.70644, 57.31871 ], [ 12.7055, 57.32355 ], [ 12.69832, 57.32772 ], [ 12.69485, 57.32849 ], [ 12.69323, 57.32931 ], [ 12.6924, 57.33066 ], [ 12.69239, 57.3346 ], [ 12.69085, 57.33415 ], [ 12.68787, 57.33217 ], [ 12.68389, 57.33068 ], [ 12.67541, 57.32999 ], [ 12.67198, 57.33304 ], [ 12.67035, 57.33511 ], [ 12.66908, 57.33851 ], [ 12.66787, 57.33939 ], [ 12.66448, 57.34006 ], [ 12.66166, 57.34141 ], [ 12.65952, 57.3407 ], [ 12.65526, 57.34138 ], [ 12.65233, 57.33952 ], [ 12.65226, 57.33872 ], [ 12.65396, 57.33814 ], [ 12.6535, 57.33734 ], [ 12.65169, 57.33587 ], [ 12.64961, 57.33561 ], [ 12.6472, 57.33439 ], [ 12.64552, 57.33148 ], [ 12.64357, 57.32986 ], [ 12.63905, 57.33172 ], [ 12.63264, 57.33142 ], [ 12.6245, 57.33209 ], [ 12.62252, 57.33193 ], [ 12.62215, 57.33453 ], [ 12.62423, 57.33756 ], [ 12.62459, 57.3423 ], [ 12.62316, 57.34314 ], [ 12.62313, 57.34399 ], [ 12.61981, 57.34378 ], [ 12.60922, 57.34667 ] ] ] } },
{ "type": "Feature", "properties": { "valdistrikt_kod": "13830102", "valdistrikt_namn": "Varbergs centrum N", "valdeltagande_riksdag": 86.3, "valdeltagande_region": 84.7, "valdeltagande_kommun": 85.3, "rostberattigade_riksdag": 1779.0, "rostberattigade_region": 1792.0, "rostberattigade_kommun": 1792.0, "kommun_kod": "1383", "kommun_namn": "Varberg", "ar": 2018 }, "geometry": { "type": "Polygon", "coordinates": [ [ [ 12.26249, 57.10755 ], [ 12.2492, 57.10849 ], [ 12.2485, 57.10569 ], [ 12.25444, 57.10527 ], [ 12.26116, 57.10327 ], [ 12.26217, 57.10445 ], [ 12.26469, 57.1058 ], [ 12.26249, 57.10755 ] ] ] } },
{ "type": "Feature", "properties": { "valdistrikt_kod": "13830105", "valdistrikt_namn": "Mariedal-Tranelyckan", "valdeltagande_riksdag": 84.2, "valdeltagande_region": 81.8, "valdeltagande_kommun": 82.1, "rostberattigade_riksdag": 1651.0, "rostberattigade_region": 1686.0, "rostberattigade_kommun": 1686.0, "kommun_kod": "1383", "kommun_namn": "Varberg", "ar": 2018 }, "geometry": { "type": "Polygon", "coordinates": [ [ [ 12.26923, 57.10253 ], [ 12.26469, 57.1058 ], [ 12.26217, 57.10445 ], [ 12.26116, 57.10327 ], [ 12.26034, 57.10345 ], [ 12.25985, 57.10289 ], [ 12.25683, 57.10167 ], [ 12.25066, 57.10031 ], [ 12.25205, 57.09939 ], [ 12.2531, 57.09721 ], [ 12.25744, 57.09448 ], [ 12.26103, 57.09626 ], [ 12.26462, 57.0941 ], [ 12.26648, 57.095 ], [ 12.26927, 57.09359 ], [ 12.2719, 57.09605 ], [ 12.27254, 57.09806 ], [ 12.27181, 57.09998 ], [ 12.26923, 57.10253 ] ] ] } },
{ "type": "Feature", "properties": { "valdistrikt_kod": "13830106", "valdistrikt_namn": "Varbergs centrum S", "valdeltagande_riksdag": 88.3, "valdeltagande_region": 89.1, "valdeltagande_kommun": 89.3, "rostberattigade_riksdag": 2104.0, "rostberattigade_region": 2101.0, "rostberattigade_kommun": 2101.0, "kommun_kod": "1383", "kommun_namn": "Varberg", "ar": 2018 }, "geometry": { "type": "Polygon", "coordinates": [ [ [ 12.24867, 57.10636 ], [ 12.24567, 57.1066 ], [ 12.2385, 57.11153 ], [ 12.23594, 57.11233 ], [ 12.23669, 57.11486 ], [ 12.23273, 57.11056 ], [ 12.23069, 57.10534 ], [ 12.23067, 57.10163 ], [ 12.226, 57.09612 ], [ 12.24282, 57.0971 ], [ 12.24355, 57.09764 ], [ 12.24273, 57.0988 ], [ 12.25538, 57.10125 ], [ 12.25985, 57.10289 ], [ 12.26034, 57.10345 ], [ 12.25444, 57.10527 ], [ 12.2485, 57.10569 ], [ 12.24867, 57.10636 ] ] ] } },
{ "type": "Feature", "properties": { "valdistrikt_kod": "13830107", "valdistrikt_namn": "Hästhaga-Rosenfred", "valdeltagande_riksdag": 90.1, "valdeltagande_region": 88.9, "valdeltagande_kommun": 89.5, "rostberattigade_riksdag": 1685.0, "rostberattigade_region": 1690.0, "rostberattigade_kommun": 1690.0, "kommun_kod": "1383", "kommun_namn": "Varberg", "ar": 2018 }, "geometry": { "type": "Polygon", "coordinates": [ [ [ 12.25744, 57.09448 ], [ 12.2531, 57.09721 ], [ 12.25205, 57.09939 ], [ 12.25066, 57.10031 ], [ 12.24535, 57.09917 ], [ 12.24411, 57.09803 ], [ 12.24441, 57.09781 ], [ 12.24502, 57.09811 ], [ 12.24358, 57.09449 ], [ 12.24681, 57.09335 ], [ 12.25277, 57.09285 ], [ 12.25363, 57.09462 ], [ 12.25744, 57.09448 ] ] ] } },
{ "type": "Feature", "properties": { "valdistrikt_kod": "13830108", "valdistrikt_namn": "Sörse", "valdeltagande_riksdag": 77.6, "valdeltagande_region": 73.8, "valdeltagande_kommun": 74.4, "rostberattigade_riksdag": 1359.0, "rostberattigade_region": 1441.0, "rostberattigade_kommun": 1441.0, "kommun_kod": "1383", "kommun_namn": "Varberg", "ar": 2018 }, "geometry": { "type": "Polygon", "coordinates": [ [ [ 12.26927, 57.09359 ], [ 12.26648, 57.095 ], [ 12.26462, 57.0941 ], [ 12.26103, 57.09626 ], [ 12.25744, 57.09448 ], [ 12.26478, 57.09008 ], [ 12.26927, 57.09359 ] ] ] } },
{ "type": "Feature", "properties": { "valdistrikt_kod": "13830112", "valdistrikt_namn": "Apelvikshöjd", "valdeltagande_riksdag": 88.8, "valdeltagande_region": 87.7, "valdeltagande_kommun": 88.2, "rostberattigade_riksdag": 1368.0, "rostberattigade_region": 1381.0, "rostberattigade_kommun": 1381.0, "kommun_kod": "1383", "kommun_namn": "Varberg", "ar": 2018 }, "geometry": { "type": "Polygon", "coordinates": [ [ [ 12.24535, 57.09917 ], [ 12.24441, 57.09932 ], [ 12.24314, 57.09867 ], [ 12.24273, 57.0988 ], [ 12.24355, 57.09764 ], [ 12.24282, 57.0971 ], [ 12.226, 57.09612 ], [ 12.22393, 57.09423 ], [ 12.18176, 57.07977 ], [ 12.19959, 57.0584 ], [ 12.26039, 57.08309 ], [ 12.26468, 57.07752 ], [ 12.2777, 57.08039 ], [ 12.27362, 57.08464 ], [ 12.25744, 57.09448 ], [ 12.25363, 57.09462 ], [ 12.25321, 57.09291 ], [ 12.2513, 57.09278 ], [ 12.24732, 57.09322 ], [ 12.24358, 57.09449 ], [ 12.24502, 57.09811 ], [ 12.24441, 57.09781 ], [ 12.24411, 57.09803 ], [ 12.24535, 57.09917 ] ] ] } },
{ "type": "Feature", "properties": { "valdistrikt_kod": "13830113", "valdistrikt_namn": "Breared", "valdeltagande_riksdag": 86.5, "valdeltagande_region": 84.6, "valdeltagande_kommun": 84.9, "rostberattigade_riksdag": 1620.0, "rostberattigade_region": 1652.0, "rostberattigade_kommun": 1652.0, "kommun_kod": "1383", "kommun_namn": "Varberg", "ar": 2018 }, "geometry": { "type": "Polygon", "coordinates": [ [ [ 12.27717, 57.10086 ], [ 12.26923, 57.10253 ], [ 12.27203, 57.09965 ], [ 12.27233, 57.09685 ], [ 12.27106, 57.09512 ], [ 12.26478, 57.09008 ], [ 12.2744, 57.08404 ], [ 12.27946, 57.07863 ], [ 12.28809, 57.08997 ], [ 12.28696, 57.09068 ], [ 12.28939, 57.09588 ], [ 12.28452, 57.0994 ], [ 12.28446, 57.10019 ], [ 12.28665, 57.10044 ], [ 12.27717, 57.10086 ] ] ] } },
{ "type": "Feature", "properties": { "valdistrikt_kod": "13830201", "valdistrikt_namn": "Träslöv N", "valdeltagande_riksdag": 93.0, "valdeltagande_region": 92.6, "valdeltagande_kommun": 92.6, "rostberattigade_riksdag": 1148.0, "rostberattigade_region": 1160.0, "rostberattigade_kommun": 1160.0, "kommun_kod": "1383", "kommun_namn": "Varberg", "ar": 2018 }, "geometry": { "type": "Polygon", "coordinates": [ [ [ 12.3421, 57.14883 ], [ 12.3206, 57.15148 ], [ 12.31962, 57.15063 ], [ 12.32013, 57.1502 ], [ 12.31782, 57.14958 ], [ 12.3171, 57.1489 ], [ 12.31775, 57.14789 ], [ 12.32138, 57.14873 ], [ 12.32143, 57.14673 ], [ 12.32292, 57.14529 ], [ 12.32164, 57.14493 ], [ 12.31667, 57.14197 ], [ 12.32146, 57.13497 ], [ 12.3165, 57.12969 ], [ 12.32498, 57.12639 ], [ 12.31858, 57.12514 ], [ 12.31705, 57.12417 ], [ 12.31381, 57.12336 ], [ 12.31474, 57.1223 ], [ 12.31533, 57.12246 ], [ 12.31728, 57.12102 ], [ 12.31348, 57.1188 ], [ 12.31124, 57.11935 ], [ 12.30837, 57.12068 ], [ 12.30853, 57.12093 ], [ 12.30597, 57.12089 ], [ 12.30381, 57.12219 ], [ 12.2963, 57.12014 ], [ 12.29253, 57.11805 ], [ 12.2897, 57.11858 ], [ 12.294, 57.10642 ], [ 12.29489, 57.10054 ], [ 12.29809, 57.10045 ], [ 12.29807, 57.10118 ], [ 12.30058, 57.10164 ], [ 12.29917, 57.10092 ], [ 12.29949, 57.10038 ], [ 12.30534, 57.10249 ], [ 12.30508, 57.10274 ], [ 12.30514, 57.10328 ], [ 12.3052, 57.1027 ], [ 12.31356, 57.09546 ], [ 12.32136, 57.09999 ], [ 12.33335, 57.10582 ], [ 12.33298, 57.10701 ], [ 12.33134, 57.10802 ], [ 12.33239, 57.10895 ], [ 12.3322, 57.10966 ], [ 12.33917, 57.11315 ], [ 12.34082, 57.11255 ], [ 12.34335, 57.1159 ], [ 12.34482, 57.11544 ], [ 12.34657, 57.11676 ], [ 12.3498, 57.11606 ], [ 12.3517, 57.11917 ], [ 12.35957, 57.12898 ], [ 12.35927, 57.12941 ], [ 12.3553, 57.13012 ], [ 12.35383, 57.13145 ], [ 12.35525, 57.13244 ], [ 12.35618, 57.13304 ], [ 12.36032, 57.13173 ], [ 12.36154, 57.13239 ], [ 12.36878, 57.13355 ], [ 12.36722, 57.13538 ], [ 12.35635, 57.13729 ], [ 12.34365, 57.14608 ], [ 12.3421, 57.14883 ] ] ] } },
{ "type": "Feature", "properties": { "valdistrikt_kod": "13830202", "valdistrikt_namn": "Träslöv S", "valdeltagande_riksdag": 93.9, "valdeltagande_region": 92.5, "valdeltagande_kommun": 92.9, "rostberattigade_riksdag": 1602.0, "rostberattigade_region": 1624.0, "rostberattigade_kommun": 1624.0, "kommun_kod": "1383", "kommun_namn": "Varberg", "ar": 2018 }, "geometry": { "type": "Polygon", "coordinates": [ [ [ 12.29296, 57.10897 ], [ 12.28717, 57.10875 ], [ 12.28615, 57.10474 ], [ 12.28229, 57.10374 ], [ 12.28438, 57.10193 ], [ 12.28432, 57.10146 ], [ 12.28665, 57.10044 ], [ 12.28446, 57.10019 ], [ 12.28452, 57.0994 ], [ 12.28939, 57.09588 ], [ 12.28696, 57.09068 ], [ 12.28809, 57.08997 ], [ 12.27946, 57.07863 ], [ 12.27762, 57.08039 ], [ 12.26468, 57.07752 ], [ 12.26039, 57.08309 ], [ 12.19959, 57.0584 ], [ 12.21195, 57.04338 ], [ 12.25667, 57.05983 ], [ 12.26436, 57.06709 ], [ 12.26691, 57.068 ], [ 12.27, 57.06838 ], [ 12.27723, 57.06718 ], [ 12.27708, 57.06783 ], [ 12.27521, 57.06915 ], [ 12.27488, 57.07078 ], [ 12.27774, 57.07047 ], [ 12.27736, 57.07168 ], [ 12.28063, 57.0706 ], [ 12.28535, 57.07006 ], [ 12.28634, 57.06937 ], [ 12.28772, 57.07241 ], [ 12.29601, 57.06564 ], [ 12.29677, 57.06594 ], [ 12.29628, 57.06636 ], [ 12.3006, 57.06812 ], [ 12.30131, 57.06767 ], [ 12.3103, 57.0711 ], [ 12.30416, 57.07683 ], [ 12.30657, 57.07843 ], [ 12.30653, 57.07953 ], [ 12.31071, 57.07938 ], [ 12.31068, 57.07913 ], [ 12.31342, 57.0788 ], [ 12.31559, 57.07931 ], [ 12.30471, 57.09041 ], [ 12.31356, 57.09546 ], [ 12.3052, 57.1027 ], [ 12.30514, 57.10328 ], [ 12.30508, 57.10274 ], [ 12.30534, 57.10249 ], [ 12.29949, 57.10038 ], [ 12.29917, 57.10092 ], [ 12.30058, 57.10164 ], [ 12.29807, 57.10118 ], [ 12.29809, 57.10045 ], [ 12.29489, 57.10054 ], [ 12.29296, 57.10897 ] ] ] } },
{ "type": "Feature", "properties": { "valdistrikt_kod": "13830203", "valdistrikt_namn": "Träslövsläge NV", "valdeltagande_riksdag": 92.3, "valdeltagande_region": 91.1, "valdeltagande_kommun": 92.2, "rostberattigade_riksdag": 1412.0, "rostberattigade_region": 1412.0, "rostberattigade_kommun": 1412.0, "kommun_kod": "1383", "kommun_namn": "Varberg", "ar": 2018 }, "geometry": { "type": "Polygon", "coordinates": [ [ [ 12.28772, 57.07241 ], [ 12.28634, 57.06937 ], [ 12.28535, 57.07006 ], [ 12.28063, 57.0706 ], [ 12.27736, 57.07168 ], [ 12.27774, 57.07047 ], [ 12.27488, 57.07078 ], [ 12.27521, 57.06915 ], [ 12.27708, 57.06783 ], [ 12.27723, 57.06718 ], [ 12.27, 57.06838 ], [ 12.26691, 57.068 ], [ 12.26436, 57.06709 ], [ 12.25667, 57.05983 ], [ 12.21195, 57.04338 ], [ 12.21988, 57.03374 ], [ 12.2249, 57.03516 ], [ 12.24147, 57.03682 ], [ 12.26414, 57.04115 ], [ 12.28491, 57.04798 ], [ 12.28303, 57.04882 ], [ 12.2812, 57.04838 ], [ 12.28126, 57.04865 ], [ 12.28061, 57.04845 ], [ 12.27942, 57.04898 ], [ 12.28083, 57.05133 ], [ 12.28524, 57.05468 ], [ 12.28161, 57.05568 ], [ 12.28249, 57.05702 ], [ 12.2795, 57.05738 ], [ 12.28258, 57.06131 ], [ 12.28974, 57.05926 ], [ 12.2971, 57.05778 ], [ 12.29879, 57.06109 ], [ 12.29896, 57.0621 ], [ 12.29759, 57.06428 ], [ 12.28772, 57.07241 ] ] ] } },
{ "type": "Feature", "properties": { "valdistrikt_kod": "13830204", "valdistrikt_namn": "Träslövsläge SÖ", "valdeltagande_riksdag": 91.1, "valdeltagande_region": 90.7, "valdeltagande_kommun": 91.2, "rostberattigade_riksdag": 1022.0, "rostberattigade_region": 1018.0, "rostberattigade_kommun": 1018.0, "kommun_kod": "1383", "kommun_namn": "Varberg", "ar": 2018 }, "geometry": { "type": "Polygon", "coordinates": [ [ [ 12.3068, 57.07936 ], [ 12.30649, 57.07835 ], [ 12.30416, 57.07683 ], [ 12.3103, 57.0711 ], [ 12.30131, 57.06767 ], [ 12.3006, 57.06812 ], [ 12.29628, 57.06636 ], [ 12.29677, 57.06594 ], [ 12.29601, 57.06564 ], [ 12.29772, 57.06412 ], [ 12.29899, 57.06182 ], [ 12.2971, 57.05778 ], [ 12.28974, 57.05926 ], [ 12.28258, 57.06131 ], [ 12.2795, 57.05789 ], [ 12.2795, 57.05738 ], [ 12.28249, 57.05702 ], [ 12.28161, 57.05568 ], [ 12.28524, 57.05468 ], [ 12.28083, 57.05133 ], [ 12.27942, 57.04898 ], [ 12.28061, 57.04845 ], [ 12.28126, 57.04865 ], [ 12.2812, 57.04838 ], [ 12.28303, 57.04882 ], [ 12.28491, 57.04798 ], [ 12.26414, 57.04115 ], [ 12.24147, 57.03682 ], [ 12.2249, 57.03516 ], [ 12.21988, 57.03374 ], [ 12.23443, 57.01603 ], [ 12.3033, 57.03428 ], [ 12.30428, 57.03574 ], [ 12.30692, 57.03609 ], [ 12.31026, 57.03798 ], [ 12.30455, 57.04043 ], [ 12.30477, 57.04597 ], [ 12.30534, 57.04703 ], [ 12.30748, 57.04883 ], [ 12.31034, 57.04855 ], [ 12.30907, 57.04928 ], [ 12.30921, 57.04974 ], [ 12.30757, 57.05039 ], [ 12.30898, 57.05051 ], [ 12.30702, 57.05371 ], [ 12.30958, 57.05362 ], [ 12.31067, 57.05225 ], [ 12.31275, 57.05255 ], [ 12.31355, 57.05384 ], [ 12.31629, 57.05549 ], [ 12.31943, 57.05441 ], [ 12.32052, 57.05507 ], [ 12.3211, 57.05451 ], [ 12.32073, 57.05425 ], [ 12.32214, 57.05354 ], [ 12.3249, 57.05785 ], [ 12.32221, 57.0589 ], [ 12.3237, 57.0593 ], [ 12.32762, 57.06195 ], [ 12.32682, 57.06408 ], [ 12.32746, 57.06568 ], [ 12.32097, 57.07401 ], [ 12.31761, 57.0773 ], [ 12.31931, 57.0779 ], [ 12.3068, 57.07936 ] ] ] } },
{ "type": "Feature", "properties": { "valdistrikt_kod": "13830301", "valdistrikt_namn": "Skällinge-Nösslinge", "valdeltagande_riksdag": 90.4, "valdeltagande_region": 88.9, "valdeltagande_kommun": 89.7, "rostberattigade_riksdag": 812.0, "rostberattigade_region": 831.0, "rostberattigade_kommun": 831.0, "kommun_kod": "1383", "kommun_namn": "Varberg", "ar": 2018 }, "geometry": { "type": "Polygon", "coordinates": [ [ [ 12.64125, 57.22562 ], [ 12.63899, 57.2283 ], [ 12.63545, 57.22888 ], [ 12.62986, 57.23176 ], [ 12.62061, 57.23343 ], [ 12.61871, 57.23312 ], [ 12.61361, 57.23433 ], [ 12.61259, 57.23507 ], [ 12.60766, 57.23592 ], [ 12.60456, 57.23589 ], [ 12.60192, 57.23743 ], [ 12.60054, 57.2373 ], [ 12.599, 57.23638 ], [ 12.59841, 57.23706 ], [ 12.594, 57.23834 ], [ 12.59117, 57.23715 ], [ 12.5906, 57.23436 ], [ 12.58606, 57.23544 ], [ 12.58351, 57.23557 ], [ 12.58196, 57.23476 ], [ 12.58107, 57.23472 ], [ 12.58117, 57.23407 ], [ 12.57992, 57.23373 ], [ 12.57788, 57.23397 ], [ 12.57575, 57.2335 ], [ 12.57436, 57.23386 ], [ 12.57333, 57.23368 ], [ 12.57339, 57.23402 ], [ 12.57147, 57.2334 ], [ 12.57058, 57.23411 ], [ 12.56913, 57.23441 ], [ 12.56924, 57.23469 ], [ 12.56836, 57.23444 ], [ 12.56763, 57.23527 ], [ 12.56841, 57.23889 ], [ 12.5659, 57.23964 ], [ 12.56219, 57.23895 ], [ 12.55469, 57.24014 ], [ 12.55107, 57.23794 ], [ 12.54291, 57.23697 ], [ 12.53804, 57.23478 ], [ 12.52996, 57.22856 ], [ 12.52103, 57.23131 ], [ 12.51565, 57.23118 ], [ 12.51329, 57.23058 ], [ 12.50519, 57.22997 ], [ 12.50358, 57.22913 ], [ 12.49081, 57.2264 ], [ 12.48881, 57.22629 ], [ 12.48822, 57.22799 ], [ 12.48682, 57.22829 ], [ 12.48156, 57.22659 ], [ 12.47836, 57.22506 ], [ 12.47702, 57.22394 ], [ 12.47561, 57.22211 ], [ 12.4774, 57.22008 ], [ 12.47603, 57.21948 ], [ 12.47521, 57.21746 ], [ 12.47392, 57.21655 ], [ 12.47204, 57.21679 ], [ 12.46973, 57.21602 ], [ 12.46819, 57.21779 ], [ 12.46713, 57.21823 ], [ 12.46407, 57.21813 ], [ 12.46292, 57.21769 ], [ 12.45754, 57.21799 ], [ 12.45338, 57.21781 ], [ 12.44122, 57.21033 ], [ 12.44032, 57.21055 ], [ 12.43829, 57.21019 ], [ 12.43611, 57.20853 ], [ 12.43768, 57.20781 ], [ 12.41233, 57.20074 ], [ 12.41363, 57.19933 ], [ 12.41116, 57.1981 ], [ 12.40964, 57.19822 ], [ 12.40904, 57.19986 ], [ 12.40737, 57.19942 ], [ 12.40986, 57.19781 ], [ 12.41028, 57.19684 ], [ 12.40972, 57.19549 ], [ 12.40997, 57.19375 ], [ 12.40829, 57.19265 ], [ 12.40869, 57.19017 ], [ 12.40632, 57.18951 ], [ 12.40727, 57.1871 ], [ 12.40657, 57.18569 ], [ 12.40739, 57.18236 ], [ 12.40866, 57.18105 ], [ 12.41299, 57.17952 ], [ 12.42342, 57.17388 ], [ 12.42384, 57.17254 ], [ 12.4341, 57.17667 ], [ 12.45186, 57.16657 ], [ 12.45423, 57.16378 ], [ 12.46338, 57.1641 ], [ 12.46457, 57.16332 ], [ 12.46911, 57.16347 ], [ 12.47135, 57.1645 ], [ 12.47284, 57.16464 ], [ 12.47239, 57.1649 ], [ 12.47111, 57.16464 ], [ 12.47123, 57.1652 ], [ 12.47362, 57.16766 ], [ 12.47412, 57.16908 ], [ 12.47674, 57.17025 ], [ 12.48471, 57.16744 ], [ 12.48611, 57.16633 ], [ 12.48687, 57.16681 ], [ 12.4895, 57.16668 ], [ 12.49078, 57.16622 ], [ 12.4906, 57.16582 ], [ 12.49358, 57.16489 ], [ 12.51396, 57.16219 ], [ 12.52759, 57.16157 ], [ 12.53835, 57.15963 ], [ 12.54503, 57.16159 ], [ 12.55634, 57.15599 ], [ 12.55891, 57.15542 ], [ 12.56086, 57.15281 ], [ 12.57199, 57.15516 ], [ 12.57683, 57.15555 ], [ 12.57765, 57.1562 ], [ 12.58026, 57.15691 ], [ 12.58956, 57.15621 ], [ 12.59049, 57.15448 ], [ 12.59136, 57.15407 ], [ 12.5991, 57.15748 ], [ 12.60237, 57.15638 ], [ 12.60719, 57.15723 ], [ 12.6093, 57.15708 ], [ 12.61224, 57.1539 ], [ 12.61431, 57.15361 ], [ 12.61716, 57.15577 ], [ 12.62341, 57.15701 ], [ 12.6243, 57.15775 ], [ 12.62666, 57.1586 ], [ 12.62957, 57.15864 ], [ 12.62875, 57.16048 ], [ 12.6301, 57.16124 ], [ 12.63203, 57.16075 ], [ 12.63487, 57.15896 ], [ 12.63771, 57.15937 ], [ 12.64151, 57.16127 ], [ 12.64341, 57.16372 ], [ 12.64698, 57.16549 ], [ 12.64909, 57.16593 ], [ 12.64589, 57.16838 ], [ 12.64509, 57.16994 ], [ 12.6466, 57.17136 ], [ 12.64643, 57.17219 ], [ 12.64439, 57.17175 ], [ 12.64264, 57.17297 ], [ 12.64172, 57.17259 ], [ 12.64083, 57.1728 ], [ 12.64062, 57.17408 ], [ 12.63924, 57.17485 ], [ 12.63805, 57.17686 ], [ 12.63625, 57.17731 ], [ 12.63497, 57.17717 ], [ 12.63374, 57.17639 ], [ 12.62998, 57.17868 ], [ 12.62969, 57.18254 ], [ 12.63882, 57.18324 ], [ 12.63723, 57.18575 ], [ 12.62792, 57.18551 ], [ 12.62841, 57.18625 ], [ 12.6281, 57.18727 ], [ 12.63107, 57.18767 ], [ 12.63343, 57.18864 ], [ 12.6342, 57.18957 ], [ 12.63367, 57.19027 ], [ 12.63229, 57.19055 ], [ 12.63311, 57.1906 ], [ 12.63282, 57.19084 ], [ 12.62517, 57.19296 ], [ 12.62353, 57.1959 ], [ 12.62377, 57.19792 ], [ 12.62271, 57.19926 ], [ 12.62367, 57.20008 ], [ 12.62362, 57.20133 ], [ 12.62471, 57.20274 ], [ 12.62377, 57.20475 ], [ 12.62347, 57.20954 ], [ 12.62765, 57.21246 ], [ 12.63379, 57.21428 ], [ 12.63347, 57.21756 ], [ 12.63806, 57.22007 ], [ 12.64148, 57.22345 ], [ 12.64125, 57.22562 ] ] ] } },
{ "type": "Feature", "properties": { "valdistrikt_kod": "13830501", "valdistrikt_namn": "Rolfstorp", "valdeltagande_riksdag": 88.4, "valdeltagande_region": 86.0, "valdeltagande_kommun": 86.4, "rostberattigade_riksdag": 821.0, "rostberattigade_region": 840.0, "rostberattigade_kommun": 840.0, "kommun_kod": "1383", "kommun_namn": "Varberg", "ar": 2018 }, "geometry": { "type": "Polygon", "coordinates": [ [ [ 12.61336, 57.1303 ], [ 12.61645, 57.13318 ], [ 12.61881, 57.13454 ], [ 12.61816, 57.13596 ], [ 12.61955, 57.13734 ], [ 12.61889, 57.1396 ], [ 12.61695, 57.14229 ], [ 12.61676, 57.1458 ], [ 12.61389, 57.1482 ], [ 12.61387, 57.14894 ], [ 12.61496, 57.14942 ], [ 12.61431, 57.15361 ], [ 12.61224, 57.1539 ], [ 12.6093, 57.15708 ], [ 12.60719, 57.15723 ], [ 12.60237, 57.15638 ], [ 12.5991, 57.15748 ], [ 12.59136, 57.15407 ], [ 12.59049, 57.15448 ], [ 12.58956, 57.15621 ], [ 12.58026, 57.15691 ], [ 12.57765, 57.1562 ], [ 12.57683, 57.15555 ], [ 12.57199, 57.15516 ], [ 12.56086, 57.15281 ], [ 12.55891, 57.15542 ], [ 12.55634, 57.15599 ], [ 12.54503, 57.16159 ], [ 12.53835, 57.15963 ], [ 12.52759, 57.16157 ], [ 12.51396, 57.16219 ], [ 12.49358, 57.16489 ], [ 12.4906, 57.16582 ], [ 12.49078, 57.16622 ], [ 12.4895, 57.16668 ], [ 12.48687, 57.16681 ], [ 12.48611, 57.16633 ], [ 12.48471, 57.16744 ], [ 12.47674, 57.17025 ], [ 12.47412, 57.16908 ], [ 12.47362, 57.16766 ], [ 12.47123, 57.1652 ], [ 12.47111, 57.16464 ], [ 12.47239, 57.1649 ], [ 12.47284, 57.16464 ], [ 12.47135, 57.1645 ], [ 12.46911, 57.16347 ], [ 12.46457, 57.16332 ], [ 12.46338, 57.1641 ], [ 12.45423, 57.16378 ], [ 12.45186, 57.16657 ], [ 12.4341, 57.17667 ], [ 12.42384, 57.17254 ], [ 12.42712, 57.17066 ], [ 12.43298, 57.16277 ], [ 12.42944, 57.15388 ], [ 12.41828, 57.14879 ], [ 12.41704, 57.14956 ], [ 12.4158, 57.1491 ], [ 12.41718, 57.1469 ], [ 12.41665, 57.1463 ], [ 12.41721, 57.14609 ], [ 12.41728, 57.14392 ], [ 12.41505, 57.14365 ], [ 12.4158, 57.14652 ], [ 12.41452, 57.14864 ], [ 12.4086, 57.14644 ], [ 12.39988, 57.14448 ], [ 12.40252, 57.14284 ], [ 12.40556, 57.14218 ], [ 12.4088, 57.13523 ], [ 12.41178, 57.13306 ], [ 12.41184, 57.13124 ], [ 12.41383, 57.13177 ], [ 12.44986, 57.13436 ], [ 12.45045, 57.13338 ], [ 12.45302, 57.13324 ], [ 12.4575, 57.1343 ], [ 12.47033, 57.13129 ], [ 12.47978, 57.13008 ], [ 12.47661, 57.13021 ], [ 12.47533, 57.12749 ], [ 12.48032, 57.12699 ], [ 12.47958, 57.1243 ], [ 12.48031, 57.12428 ], [ 12.48541, 57.12082 ], [ 12.49918, 57.11467 ], [ 12.50039, 57.11461 ], [ 12.50016, 57.11402 ], [ 12.50734, 57.10888 ], [ 12.51507, 57.11298 ], [ 12.51716, 57.11239 ], [ 12.5301, 57.11127 ], [ 12.54438, 57.10747 ], [ 12.55026, 57.10942 ], [ 12.55692, 57.11223 ], [ 12.56099, 57.1129 ], [ 12.56427, 57.11517 ], [ 12.56684, 57.11627 ], [ 12.57141, 57.116 ], [ 12.57483, 57.11537 ], [ 12.57519, 57.11463 ], [ 12.58475, 57.11606 ], [ 12.60149, 57.12492 ], [ 12.6049, 57.12617 ], [ 12.60594, 57.12757 ], [ 12.60868, 57.12794 ], [ 12.61336, 57.1303 ] ] ] } },
{ "type": "Feature", "properties": { "valdistrikt_kod": "13830601", "valdistrikt_namn": "Grimeton-Gödestad-Hunnestad", "valdeltagande_riksdag": 91.9, "valdeltagande_region": 88.8, "valdeltagande_kommun": 88.9, "rostberattigade_riksdag": 1269.0, "rostberattigade_region": 1312.0, "rostberattigade_kommun": 1312.0, "kommun_kod": "1383", "kommun_namn": "Varberg", "ar": 2018 }, "geometry": { "type": "Polygon", "coordinates": [ [ [ 12.35211, 57.1464 ], [ 12.3421, 57.14883 ], [ 12.34365, 57.14608 ], [ 12.35635, 57.13729 ], [ 12.36722, 57.13538 ], [ 12.36878, 57.13355 ], [ 12.36154, 57.13239 ], [ 12.36032, 57.13173 ], [ 12.35618, 57.13304 ], [ 12.35525, 57.13244 ], [ 12.35383, 57.13145 ], [ 12.3553, 57.13012 ], [ 12.35927, 57.12941 ], [ 12.35957, 57.12898 ], [ 12.3517, 57.11917 ], [ 12.3498, 57.11606 ], [ 12.34657, 57.11676 ], [ 12.34482, 57.11544 ], [ 12.34335, 57.1159 ], [ 12.34082, 57.11255 ], [ 12.33917, 57.11315 ], [ 12.3322, 57.10966 ], [ 12.33239, 57.10895 ], [ 12.33134, 57.10802 ], [ 12.33298, 57.10701 ], [ 12.33335, 57.10582 ], [ 12.32136, 57.09999 ], [ 12.30471, 57.09041 ], [ 12.31559, 57.07931 ], [ 12.31342, 57.0788 ], [ 12.31068, 57.07913 ], [ 12.31071, 57.07938 ], [ 12.30653, 57.07935 ], [ 12.31931, 57.0779 ], [ 12.31761, 57.0773 ], [ 12.32097, 57.07401 ], [ 12.3246, 57.07524 ], [ 12.3222, 57.07758 ], [ 12.32869, 57.07663 ], [ 12.34869, 57.08335 ], [ 12.34969, 57.08027 ], [ 12.35181, 57.07937 ], [ 12.35383, 57.08041 ], [ 12.35326, 57.08067 ], [ 12.35406, 57.08129 ], [ 12.35486, 57.08098 ], [ 12.35596, 57.08159 ], [ 12.35016, 57.08386 ], [ 12.377, 57.09294 ], [ 12.40161, 57.08567 ], [ 12.40531, 57.08502 ], [ 12.41119, 57.0826 ], [ 12.41349, 57.08205 ], [ 12.41465, 57.08258 ], [ 12.41716, 57.08214 ], [ 12.4261, 57.07915 ], [ 12.43819, 57.07833 ], [ 12.45521, 57.09371 ], [ 12.45851, 57.09039 ], [ 12.4771, 57.08449 ], [ 12.48356, 57.08045 ], [ 12.49393, 57.07888 ], [ 12.50573, 57.08814 ], [ 12.5104, 57.09045 ], [ 12.51528, 57.09388 ], [ 12.51848, 57.09535 ], [ 12.52482, 57.09737 ], [ 12.52619, 57.09697 ], [ 12.52792, 57.09828 ], [ 12.5271, 57.09858 ], [ 12.52961, 57.10211 ], [ 12.54438, 57.10747 ], [ 12.5301, 57.11127 ], [ 12.51716, 57.11239 ], [ 12.51507, 57.11298 ], [ 12.50734, 57.10888 ], [ 12.50016, 57.11402 ], [ 12.50039, 57.11461 ], [ 12.49918, 57.11467 ], [ 12.48541, 57.12082 ], [ 12.48031, 57.12428 ], [ 12.47958, 57.1243 ], [ 12.48032, 57.12699 ], [ 12.47533, 57.12749 ], [ 12.47661, 57.13021 ], [ 12.47919, 57.12991 ], [ 12.47955, 57.13012 ], [ 12.47033, 57.13129 ], [ 12.4575, 57.1343 ], [ 12.45302, 57.13324 ], [ 12.45045, 57.13338 ], [ 12.44986, 57.13436 ], [ 12.41383, 57.13177 ], [ 12.41184, 57.13124 ], [ 12.41178, 57.13306 ], [ 12.4088, 57.13523 ], [ 12.40556, 57.14218 ], [ 12.40252, 57.14284 ], [ 12.39988, 57.14448 ], [ 12.38921, 57.14536 ], [ 12.38159, 57.14651 ], [ 12.3792, 57.14508 ], [ 12.37337, 57.14852 ], [ 12.36854, 57.14783 ], [ 12.35618, 57.14407 ], [ 12.35211, 57.1464 ] ] ] } },
{ "type": "Feature", "properties": { "valdistrikt_kod": "13830901", "valdistrikt_namn": "Sibbarp-Dagsås", "valdeltagande_riksdag": 89.7, "valdeltagande_region": 85.5, "valdeltagande_kommun": 85.9, "rostberattigade_riksdag": 631.0, "rostberattigade_region": 668.0, "rostberattigade_kommun": 668.0, "kommun_kod": "1383", "kommun_namn": "Varberg", "ar": 2018 }, "geometry": { "type": "Polygon", "coordinates": [ [ [ 12.57483, 57.11537 ], [ 12.57141, 57.116 ], [ 12.56684, 57.11627 ], [ 12.56427, 57.11517 ], [ 12.56099, 57.1129 ], [ 12.55692, 57.11223 ], [ 12.55026, 57.10942 ], [ 12.52961, 57.10211 ], [ 12.5271, 57.09858 ], [ 12.52792, 57.09828 ], [ 12.52619, 57.09697 ], [ 12.52482, 57.09737 ], [ 12.51848, 57.09535 ], [ 12.51528, 57.09388 ], [ 12.5104, 57.09045 ], [ 12.50573, 57.08814 ], [ 12.49393, 57.07888 ], [ 12.48356, 57.08045 ], [ 12.4771, 57.08449 ], [ 12.45851, 57.09039 ], [ 12.45521, 57.09371 ], [ 12.43819, 57.07833 ], [ 12.44965, 57.07749 ], [ 12.44495, 57.07351 ], [ 12.4354, 57.06354 ], [ 12.43572, 57.05837 ], [ 12.43995, 57.05712 ], [ 12.44081, 57.05759 ], [ 12.44229, 57.05617 ], [ 12.44468, 57.05761 ], [ 12.44594, 57.05759 ], [ 12.4461, 57.058 ], [ 12.44909, 57.05797 ], [ 12.45316, 57.05923 ], [ 12.45345, 57.05873 ], [ 12.44851, 57.05672 ], [ 12.44482, 57.05575 ], [ 12.44939, 57.03842 ], [ 12.45463, 57.03467 ], [ 12.45456, 57.03376 ], [ 12.45529, 57.03373 ], [ 12.45884, 57.0291 ], [ 12.45778, 57.02896 ], [ 12.45638, 57.02738 ], [ 12.45606, 57.02573 ], [ 12.45662, 57.02457 ], [ 12.45514, 57.02398 ], [ 12.45287, 57.01729 ], [ 12.45418, 57.01655 ], [ 12.4514, 57.0149 ], [ 12.45336, 57.01352 ], [ 12.45639, 57.01529 ], [ 12.45631, 57.01333 ], [ 12.45667, 57.013 ], [ 12.45823, 57.01291 ], [ 12.46079, 57.0139 ], [ 12.47275, 57.0145 ], [ 12.483, 57.01615 ], [ 12.48856, 57.01515 ], [ 12.48864, 57.01427 ], [ 12.48468, 57.01134 ], [ 12.48422, 57.01014 ], [ 12.48585, 57.00625 ], [ 12.48717, 57.0056 ], [ 12.51096, 57.00218 ], [ 12.51696, 57.00101 ], [ 12.51038, 56.99709 ], [ 12.52703, 56.99337 ], [ 12.53403, 56.99886 ], [ 12.54292, 57.00132 ], [ 12.54983, 57.01256 ], [ 12.55047, 57.01804 ], [ 12.5512, 57.01792 ], [ 12.55229, 57.01845 ], [ 12.5589, 57.01805 ], [ 12.56844, 57.01577 ], [ 12.57389, 57.01514 ], [ 12.57672, 57.0156 ], [ 12.57799, 57.01641 ], [ 12.57725, 57.01781 ], [ 12.57814, 57.01898 ], [ 12.58217, 57.01979 ], [ 12.58606, 57.01986 ], [ 12.58729, 57.02086 ], [ 12.58826, 57.02104 ], [ 12.59189, 57.0207 ], [ 12.5936, 57.02175 ], [ 12.59453, 57.0214 ], [ 12.5959, 57.02147 ], [ 12.59918, 57.02228 ], [ 12.60194, 57.02225 ], [ 12.60336, 57.02261 ], [ 12.60681, 57.02109 ], [ 12.60737, 57.0223 ], [ 12.60824, 57.0222 ], [ 12.60795, 57.02295 ], [ 12.6091, 57.02397 ], [ 12.60761, 57.02638 ], [ 12.60885, 57.02695 ], [ 12.60832, 57.02756 ], [ 12.60936, 57.02844 ], [ 12.60845, 57.03077 ], [ 12.60687, 57.03071 ], [ 12.60662, 57.03115 ], [ 12.60514, 57.03144 ], [ 12.60492, 57.03189 ], [ 12.60297, 57.03257 ], [ 12.60355, 57.03583 ], [ 12.60248, 57.03647 ], [ 12.6018, 57.03876 ], [ 12.60213, 57.04145 ], [ 12.59684, 57.04254 ], [ 12.59405, 57.04418 ], [ 12.59028, 57.04486 ], [ 12.58916, 57.04605 ], [ 12.58771, 57.04535 ], [ 12.57742, 57.04937 ], [ 12.57069, 57.05323 ], [ 12.57332, 57.05374 ], [ 12.591, 57.06303 ], [ 12.5995, 57.06643 ], [ 12.5827, 57.07645 ], [ 12.58057, 57.07812 ], [ 12.57872, 57.08063 ], [ 12.57713, 57.08486 ], [ 12.57458, 57.08661 ], [ 12.57627, 57.08863 ], [ 12.57667, 57.09193 ], [ 12.57634, 57.09562 ], [ 12.57717, 57.10355 ], [ 12.57536, 57.10542 ], [ 12.57657, 57.1077 ], [ 12.57607, 57.10937 ], [ 12.57936, 57.11317 ], [ 12.58475, 57.11606 ], [ 12.57668, 57.11466 ], [ 12.57519, 57.11463 ], [ 12.57483, 57.11537 ] ] ] } },
{ "type": "Feature", "properties": { "valdistrikt_kod": "13831101", "valdistrikt_namn": "Tvååker tätort", "valdeltagande_riksdag": 89.7, "valdeltagande_region": 86.5, "valdeltagande_kommun": 87.3, "rostberattigade_riksdag": 1325.0, "rostberattigade_region": 1358.0, "rostberattigade_kommun": 1358.0, "kommun_kod": "1383", "kommun_namn": "Varberg", "ar": 2018 }, "geometry": { "type": "Polygon", "coordinates": [ [ [ 12.39483, 57.04787 ], [ 12.38878, 57.04956 ], [ 12.38858, 57.04855 ], [ 12.39384, 57.04696 ], [ 12.39312, 57.04631 ], [ 12.39366, 57.04614 ], [ 12.39188, 57.04626 ], [ 12.3909, 57.04681 ], [ 12.38937, 57.04474 ], [ 12.38888, 57.04563 ], [ 12.38923, 57.04714 ], [ 12.38377, 57.04764 ], [ 12.38353, 57.04673 ], [ 12.38458, 57.04664 ], [ 12.38463, 57.0451 ], [ 12.38334, 57.04532 ], [ 12.38142, 57.04453 ], [ 12.37769, 57.04461 ], [ 12.38168, 57.04448 ], [ 12.38259, 57.04472 ], [ 12.38337, 57.04523 ], [ 12.38464, 57.04502 ], [ 12.38454, 57.04474 ], [ 12.3881, 57.04475 ], [ 12.38905, 57.04443 ], [ 12.38766, 57.04273 ], [ 12.38447, 57.04094 ], [ 12.386, 57.04104 ], [ 12.39288, 57.03991 ], [ 12.3959, 57.03676 ], [ 12.39496, 57.03604 ], [ 12.39595, 57.0367 ], [ 12.39782, 57.03473 ], [ 12.39553, 57.03365 ], [ 12.39525, 57.03292 ], [ 12.39569, 57.03363 ], [ 12.39786, 57.03467 ], [ 12.40017, 57.03226 ], [ 12.40598, 57.03256 ], [ 12.40634, 57.03213 ], [ 12.40613, 57.03255 ], [ 12.40751, 57.03265 ], [ 12.42607, 57.01588 ], [ 12.41737, 57.02437 ], [ 12.4077, 57.03267 ], [ 12.41158, 57.033 ], [ 12.40741, 57.03293 ], [ 12.40538, 57.03479 ], [ 12.40604, 57.03473 ], [ 12.40589, 57.0352 ], [ 12.40511, 57.03482 ], [ 12.40282, 57.0376 ], [ 12.40374, 57.03766 ], [ 12.40394, 57.03826 ], [ 12.40272, 57.03782 ], [ 12.40083, 57.03996 ], [ 12.40142, 57.04008 ], [ 12.40251, 57.03878 ], [ 12.40157, 57.04012 ], [ 12.40275, 57.04044 ], [ 12.40076, 57.04002 ], [ 12.39932, 57.04226 ], [ 12.40418, 57.04225 ], [ 12.41267, 57.04467 ], [ 12.42017, 57.04456 ], [ 12.42516, 57.04358 ], [ 12.42336, 57.04415 ], [ 12.42093, 57.04456 ], [ 12.41564, 57.04484 ], [ 12.41569, 57.04532 ], [ 12.41431, 57.04531 ], [ 12.41446, 57.04475 ], [ 12.41352, 57.04575 ], [ 12.4128, 57.04559 ], [ 12.4278, 57.04934 ], [ 12.4276, 57.05116 ], [ 12.42442, 57.05089 ], [ 12.41204, 57.04726 ], [ 12.4133, 57.0477 ], [ 12.41144, 57.04964 ], [ 12.41065, 57.04915 ], [ 12.41002, 57.04933 ], [ 12.41007, 57.04886 ], [ 12.40677, 57.0475 ], [ 12.40498, 57.04751 ], [ 12.40258, 57.04686 ], [ 12.40231, 57.04761 ], [ 12.40091, 57.04724 ], [ 12.39951, 57.04961 ], [ 12.39657, 57.04848 ], [ 12.39549, 57.04981 ], [ 12.39657, 57.04832 ], [ 12.39561, 57.04899 ], [ 12.39483, 57.04787 ] ], [ [ 12.39667, 57.04837 ], [ 12.39787, 57.04748 ], [ 12.39666, 57.04834 ], [ 12.39667, 57.04837 ] ], [ [ 12.40119, 57.04665 ], [ 12.39941, 57.04638 ], [ 12.39937, 57.04641 ], [ 12.40119, 57.04665 ] ] ] } },
{ "type": "Feature", "properties": { "valdistrikt_kod": "13831102", "valdistrikt_namn": "Tvååker landsbygd", "valdeltagande_riksdag": 87.7, "valdeltagande_region": 84.7, "valdeltagande_kommun": 85.6, "rostberattigade_riksdag": 1798.0, "rostberattigade_region": 1862.0, "rostberattigade_kommun": 1862.0, "kommun_kod": "1383", "kommun_namn": "Varberg", "ar": 2018 }, "geometry": { "type": "MultiPolygon", "coordinates": [ [ [ [ 12.37082, 57.0553 ], [ 12.35532, 57.05932 ], [ 12.35489, 57.06059 ], [ 12.32561, 57.06764 ], [ 12.32746, 57.06568 ], [ 12.32682, 57.06408 ], [ 12.32762, 57.06195 ], [ 12.3237, 57.0593 ], [ 12.32221, 57.0589 ], [ 12.3249, 57.05785 ], [ 12.32214, 57.05354 ], [ 12.32073, 57.05425 ], [ 12.3211, 57.05451 ], [ 12.32052, 57.05507 ], [ 12.31943, 57.05441 ], [ 12.31629, 57.05549 ], [ 12.31355, 57.05384 ], [ 12.31275, 57.05255 ], [ 12.31067, 57.05225 ], [ 12.30958, 57.05362 ], [ 12.30702, 57.05371 ], [ 12.30898, 57.05051 ], [ 12.30757, 57.05039 ], [ 12.30921, 57.04974 ], [ 12.30907, 57.04928 ], [ 12.31034, 57.04855 ], [ 12.30748, 57.04883 ], [ 12.30534, 57.04703 ], [ 12.30477, 57.04597 ], [ 12.30455, 57.04043 ], [ 12.31026, 57.03798 ], [ 12.30851, 57.03683 ], [ 12.30624, 57.03589 ], [ 12.30428, 57.03574 ], [ 12.3033, 57.03428 ], [ 12.23443, 57.01603 ], [ 12.25836, 56.98733 ], [ 12.35621, 56.9905 ], [ 12.37258, 56.99539 ], [ 12.38147, 56.99584 ], [ 12.39017, 56.9948 ], [ 12.38965, 56.99673 ], [ 12.39624, 56.99791 ], [ 12.40527, 57.00166 ], [ 12.40863, 57.00086 ], [ 12.41003, 57.00178 ], [ 12.41192, 57.00424 ], [ 12.42648, 57.00981 ], [ 12.42727, 57.01215 ], [ 12.43497, 57.01168 ], [ 12.43759, 57.00988 ], [ 12.43961, 57.00938 ], [ 12.44169, 57.00965 ], [ 12.45336, 57.00737 ], [ 12.45562, 57.00897 ], [ 12.45615, 57.0088 ], [ 12.45687, 57.01133 ], [ 12.45629, 57.01352 ], [ 12.45659, 57.01508 ], [ 12.45639, 57.01529 ], [ 12.45336, 57.01352 ], [ 12.4514, 57.0149 ], [ 12.45418, 57.01655 ], [ 12.45287, 57.01729 ], [ 12.45514, 57.02398 ], [ 12.45662, 57.02457 ], [ 12.45606, 57.02573 ], [ 12.45638, 57.02738 ], [ 12.45778, 57.02896 ], [ 12.45884, 57.0291 ], [ 12.45529, 57.03373 ], [ 12.45456, 57.03376 ], [ 12.45463, 57.03467 ], [ 12.44939, 57.03842 ], [ 12.44482, 57.05575 ], [ 12.45106, 57.05766 ], [ 12.45345, 57.05873 ], [ 12.45316, 57.05923 ], [ 12.44909, 57.05797 ], [ 12.44758, 57.05807 ], [ 12.44711, 57.05779 ], [ 12.44641, 57.05804 ], [ 12.44555, 57.05744 ], [ 12.44468, 57.05761 ], [ 12.44229, 57.05617 ], [ 12.4422, 57.0565 ], [ 12.44101, 57.05606 ], [ 12.43752, 57.05575 ], [ 12.43546, 57.0569 ], [ 12.43563, 57.05783 ], [ 12.43467, 57.05903 ], [ 12.43159, 57.05918 ], [ 12.43179, 57.0597 ], [ 12.42969, 57.06033 ], [ 12.43059, 57.06113 ], [ 12.42866, 57.06176 ], [ 12.43021, 57.06324 ], [ 12.42709, 57.06431 ], [ 12.4253, 57.06285 ], [ 12.42849, 57.06181 ], [ 12.42802, 57.06096 ], [ 12.42722, 57.0612 ], [ 12.427, 57.06086 ], [ 12.42626, 57.0615 ], [ 12.42597, 57.06019 ], [ 12.42357, 57.06137 ], [ 12.42251, 57.06051 ], [ 12.42488, 57.05741 ], [ 12.42155, 57.05927 ], [ 12.41995, 57.05959 ], [ 12.41196, 57.05732 ], [ 12.40747, 57.06034 ], [ 12.39999, 57.05751 ], [ 12.39208, 57.0534 ], [ 12.38683, 57.05563 ], [ 12.38597, 57.05552 ], [ 12.38435, 57.0566 ], [ 12.38253, 57.05671 ], [ 12.38087, 57.05539 ], [ 12.37082, 57.0553 ] ], [ [ 12.3956, 57.04981 ], [ 12.39657, 57.04848 ], [ 12.39951, 57.04961 ], [ 12.40091, 57.04724 ], [ 12.40231, 57.04761 ], [ 12.40258, 57.04686 ], [ 12.40498, 57.04751 ], [ 12.40677, 57.0475 ], [ 12.41007, 57.04886 ], [ 12.41002, 57.04933 ], [ 12.41065, 57.04915 ], [ 12.41144, 57.04964 ], [ 12.4133, 57.0477 ], [ 12.41204, 57.04726 ], [ 12.42442, 57.05089 ], [ 12.4276, 57.05116 ], [ 12.42797, 57.05076 ], [ 12.42736, 57.05085 ], [ 12.4278, 57.04934 ], [ 12.4128, 57.04559 ], [ 12.41352, 57.04575 ], [ 12.41446, 57.04475 ], [ 12.41431, 57.04531 ], [ 12.41569, 57.04532 ], [ 12.41564, 57.04484 ], [ 12.42093, 57.04456 ], [ 12.42516, 57.04358 ], [ 12.42017, 57.04456 ], [ 12.41267, 57.04467 ], [ 12.40418, 57.04225 ], [ 12.39932, 57.04226 ], [ 12.40076, 57.04002 ], [ 12.40275, 57.04044 ], [ 12.40157, 57.04012 ], [ 12.40251, 57.03878 ], [ 12.40142, 57.04008 ], [ 12.40083, 57.03996 ], [ 12.40272, 57.03782 ], [ 12.40394, 57.03826 ], [ 12.40374, 57.03766 ], [ 12.40282, 57.0376 ], [ 12.40511, 57.03482 ], [ 12.40589, 57.0352 ], [ 12.40604, 57.03473 ], [ 12.40538, 57.03479 ], [ 12.40741, 57.03293 ], [ 12.41158, 57.033 ], [ 12.4077, 57.03267 ], [ 12.41737, 57.02437 ], [ 12.42607, 57.01588 ], [ 12.40751, 57.03265 ], [ 12.40613, 57.03255 ], [ 12.40634, 57.03213 ], [ 12.40598, 57.03256 ], [ 12.40017, 57.03226 ], [ 12.39786, 57.03467 ], [ 12.39569, 57.03363 ], [ 12.39525, 57.03292 ], [ 12.3952, 57.03335 ], [ 12.39553, 57.03365 ], [ 12.39782, 57.03473 ], [ 12.39595, 57.0367 ], [ 12.39496, 57.03604 ], [ 12.3959, 57.03676 ], [ 12.39288, 57.03991 ], [ 12.386, 57.04104 ], [ 12.38447, 57.04094 ], [ 12.38766, 57.04273 ], [ 12.38905, 57.04443 ], [ 12.3881, 57.04475 ], [ 12.38454, 57.04474 ], [ 12.38464, 57.04502 ], [ 12.38337, 57.04523 ], [ 12.38168, 57.04448 ], [ 12.37769, 57.04461 ], [ 12.38142, 57.04453 ], [ 12.38334, 57.04532 ], [ 12.38463, 57.0451 ], [ 12.38458, 57.04664 ], [ 12.38353, 57.04673 ], [ 12.38377, 57.04764 ], [ 12.38923, 57.04714 ], [ 12.38888, 57.04563 ], [ 12.38937, 57.04474 ], [ 12.3909, 57.04681 ], [ 12.393, 57.04614 ], [ 12.3937, 57.04619 ], [ 12.39312, 57.04631 ], [ 12.39343, 57.04682 ], [ 12.39396, 57.04667 ], [ 12.38858, 57.04855 ], [ 12.38878, 57.04956 ], [ 12.39483, 57.04787 ], [ 12.39561, 57.04899 ], [ 12.39657, 57.04832 ], [ 12.3956, 57.04981 ] ] ], [ [ [ 12.39937, 57.04641 ], [ 12.39941, 57.04638 ], [ 12.40119, 57.04665 ], [ 12.39937, 57.04641 ] ] ], [ [ [ 12.39667, 57.04837 ], [ 12.39787, 57.04748 ], [ 12.39657, 57.04848 ], [ 12.39667, 57.04837 ] ] ] ] } },
{ "type": "Feature", "properties": { "valdistrikt_kod": "13831201", "valdistrikt_namn": "Spannarp", "valdeltagande_riksdag": 88.1, "valdeltagande_region": 86.0, "valdeltagande_kommun": 86.1, "rostberattigade_riksdag": 521.0, "rostberattigade_region": 534.0, "rostberattigade_kommun": 534.0, "kommun_kod": "1383", "kommun_namn": "Varberg", "ar": 2018 }, "geometry": { "type": "Polygon", "coordinates": [ [ [ 12.40531, 57.08502 ], [ 12.40161, 57.08567 ], [ 12.377, 57.09294 ], [ 12.35016, 57.08386 ], [ 12.35596, 57.08159 ], [ 12.35486, 57.08098 ], [ 12.35406, 57.08129 ], [ 12.35326, 57.08067 ], [ 12.35383, 57.08041 ], [ 12.35181, 57.07937 ], [ 12.34969, 57.08027 ], [ 12.34869, 57.08335 ], [ 12.32869, 57.07663 ], [ 12.3222, 57.07758 ], [ 12.3246, 57.07524 ], [ 12.32097, 57.07401 ], [ 12.32561, 57.06764 ], [ 12.35489, 57.06059 ], [ 12.35532, 57.05932 ], [ 12.37082, 57.0553 ], [ 12.38087, 57.05539 ], [ 12.38253, 57.05671 ], [ 12.38435, 57.0566 ], [ 12.38597, 57.05552 ], [ 12.38683, 57.05563 ], [ 12.39208, 57.0534 ], [ 12.39999, 57.05751 ], [ 12.40747, 57.06034 ], [ 12.41196, 57.05732 ], [ 12.41995, 57.05959 ], [ 12.42155, 57.05927 ], [ 12.42488, 57.05741 ], [ 12.42251, 57.06051 ], [ 12.42357, 57.06137 ], [ 12.42597, 57.06019 ], [ 12.42626, 57.0615 ], [ 12.427, 57.06086 ], [ 12.42722, 57.0612 ], [ 12.42802, 57.06096 ], [ 12.42849, 57.06181 ], [ 12.4253, 57.06285 ], [ 12.42709, 57.06431 ], [ 12.43021, 57.06324 ], [ 12.42866, 57.06176 ], [ 12.43059, 57.06113 ], [ 12.42969, 57.06033 ], [ 12.43179, 57.0597 ], [ 12.43159, 57.05918 ], [ 12.43467, 57.05903 ], [ 12.4358, 57.05663 ], [ 12.43765, 57.05574 ], [ 12.44159, 57.0562 ], [ 12.4422, 57.0565 ], [ 12.44081, 57.05759 ], [ 12.43995, 57.05712 ], [ 12.43572, 57.05837 ], [ 12.4354, 57.06354 ], [ 12.44495, 57.07351 ], [ 12.44965, 57.07749 ], [ 12.4261, 57.07915 ], [ 12.41716, 57.08214 ], [ 12.41465, 57.08258 ], [ 12.41349, 57.08205 ], [ 12.40531, 57.08502 ] ] ] } },
{ "type": "Feature", "properties": { "valdistrikt_kod": "13840101", "valdistrikt_namn": "Innerstaden", "valdeltagande_riksdag": 80.9, "valdeltagande_region": 80.4, "valdeltagande_kommun": 81.5, "rostberattigade_riksdag": 1137.0, "rostberattigade_region": 1135.0, "rostberattigade_kommun": 1135.0, "kommun_kod": "1384", "kommun_namn": "Kungsbacka", "ar": 2018 }, "geometry": { "type": "Polygon", "coordinates": [ [ [ 12.07967, 57.48764 ], [ 12.07513, 57.48915 ], [ 12.07271, 57.48632 ], [ 12.07374, 57.48525 ], [ 12.07356, 57.48375 ], [ 12.07952, 57.48366 ], [ 12.07967, 57.48764 ] ] ] } },
{ "type": "Feature", "properties": { "valdistrikt_kod": "13840102", "valdistrikt_namn": "Västra Villastaden", "valdeltagande_riksdag": 87.1, "valdeltagande_region": 86.0, "valdeltagande_kommun": 86.8, "rostberattigade_riksdag": 1243.0, "rostberattigade_region": 1255.0, "rostberattigade_kommun": 1255.0, "kommun_kod": "1384", "kommun_namn": "Kungsbacka", "ar": 2018 }, "geometry": { "type": "Polygon", "coordinates": [ [ [ 12.07513, 57.48915 ], [ 12.06264, 57.4891 ], [ 12.06198, 57.48691 ], [ 12.06533, 57.48667 ], [ 12.06703, 57.48541 ], [ 12.06636, 57.4842 ], [ 12.06827, 57.48385 ], [ 12.06846, 57.48255 ], [ 12.07005, 57.48259 ], [ 12.06882, 57.48058 ], [ 12.06724, 57.48018 ], [ 12.06788, 57.47924 ], [ 12.07212, 57.47801 ], [ 12.07236, 57.47598 ], [ 12.07399, 57.47274 ], [ 12.07351, 57.47146 ], [ 12.07889, 57.47206 ], [ 12.07939, 57.48366 ], [ 12.07356, 57.48375 ], [ 12.07374, 57.48525 ], [ 12.07271, 57.48632 ], [ 12.07513, 57.48915 ] ] ] } },
{ "type": "Feature", "properties": { "valdistrikt_kod": "13840103", "valdistrikt_namn": "Ö Villastaden/Signeskulle/Gårdskulla", "valdeltagande_riksdag": 87.3, "valdeltagande_region": 86.7, "valdeltagande_kommun": 86.5, "rostberattigade_riksdag": 1569.0, "rostberattigade_region": 1575.0, "rostberattigade_kommun": 1575.0, "kommun_kod": "1384", "kommun_namn": "Kungsbacka", "ar": 2018 }, "geometry": { "type": "Polygon", "coordinates": [ [ [ 12.09142, 57.49196 ], [ 12.08571, 57.49389 ], [ 12.08684, 57.49454 ], [ 12.08829, 57.49399 ], [ 12.08993, 57.49513 ], [ 12.08797, 57.49531 ], [ 12.08681, 57.49592 ], [ 12.08561, 57.49492 ], [ 12.08255, 57.49445 ], [ 12.08195, 57.49609 ], [ 12.07489, 57.49588 ], [ 12.07648, 57.49139 ], [ 12.07636, 57.49017 ], [ 12.07513, 57.48915 ], [ 12.07967, 57.48764 ], [ 12.07963, 57.48649 ], [ 12.08645, 57.48803 ], [ 12.09142, 57.49196 ] ] ] } },
{ "type": "Feature", "properties": { "valdistrikt_kod": "13840104", "valdistrikt_namn": "Hålabäck", "valdeltagande_riksdag": 86.7, "valdeltagande_region": 84.1, "valdeltagande_kommun": 84.6, "rostberattigade_riksdag": 1518.0, "rostberattigade_region": 1540.0, "rostberattigade_kommun": 1540.0, "kommun_kod": "1384", "kommun_namn": "Kungsbacka", "ar": 2018 }, "geometry": { "type": "Polygon", "coordinates": [ [ [ 12.09261, 57.48872 ], [ 12.09052, 57.48984 ], [ 12.09004, 57.49067 ], [ 12.08645, 57.48803 ], [ 12.07963, 57.48649 ], [ 12.07899, 57.47647 ], [ 12.08344, 57.4774 ], [ 12.08671, 57.47928 ], [ 12.0901, 57.48056 ], [ 12.09166, 57.48248 ], [ 12.09654, 57.484 ], [ 12.10023, 57.48593 ], [ 12.09424, 57.48869 ], [ 12.09261, 57.48872 ] ] ] } },
{ "type": "Feature", "properties": { "valdistrikt_kod": "13840105", "valdistrikt_namn": "Hammerö", "valdeltagande_riksdag": 83.6, "valdeltagande_region": 81.5, "valdeltagande_kommun": 81.9, "rostberattigade_riksdag": 1075.0, "rostberattigade_region": 1106.0, "rostberattigade_kommun": 1106.0, "kommun_kod": "1384", "kommun_namn": "Kungsbacka", "ar": 2018 }, "geometry": { "type": "Polygon", "coordinates": [ [ [ 12.10023, 57.48593 ], [ 12.09654, 57.484 ], [ 12.09133, 57.48229 ], [ 12.09022, 57.48065 ], [ 12.08859, 57.48016 ], [ 12.08938, 57.47936 ], [ 12.0901, 57.47943 ], [ 12.09074, 57.47827 ], [ 12.09441, 57.47911 ], [ 12.09389, 57.47981 ], [ 12.09434, 57.47991 ], [ 12.09609, 57.47792 ], [ 12.09912, 57.47908 ], [ 12.10167, 57.4773 ], [ 12.1041, 57.47892 ], [ 12.10333, 57.47934 ], [ 12.10599, 57.48099 ], [ 12.10053, 57.48281 ], [ 12.10291, 57.48471 ], [ 12.10023, 57.48593 ] ] ] } },
{ "type": "Feature", "properties": { "valdistrikt_kod": "13840106", "valdistrikt_namn": "Hammerö Södra/Västra", "valdeltagande_riksdag": 85.6, "valdeltagande_region": 83.6, "valdeltagande_kommun": 84.7, "rostberattigade_riksdag": 1192.0, "rostberattigade_region": 1203.0, "rostberattigade_kommun": 1203.0, "kommun_kod": "1384", "kommun_namn": "Kungsbacka", "ar": 2018 }, "geometry": { "type": "Polygon", "coordinates": [ [ [ 12.09912, 57.47908 ], [ 12.09609, 57.47792 ], [ 12.09434, 57.47991 ], [ 12.09389, 57.47981 ], [ 12.09441, 57.47911 ], [ 12.09074, 57.47827 ], [ 12.0901, 57.47943 ], [ 12.08938, 57.47936 ], [ 12.08859, 57.48016 ], [ 12.08344, 57.4774 ], [ 12.07899, 57.47647 ], [ 12.07889, 57.47206 ], [ 12.08453, 57.47244 ], [ 12.08402, 57.47312 ], [ 12.08756, 57.47367 ], [ 12.08883, 57.47101 ], [ 12.09153, 57.47146 ], [ 12.09175, 57.47114 ], [ 12.09683, 57.47282 ], [ 12.09741, 57.47269 ], [ 12.10284, 57.47645 ], [ 12.09912, 57.47908 ] ] ] } },
{ "type": "Feature", "properties": { "valdistrikt_kod": "13840107", "valdistrikt_namn": "Tingberget", "valdeltagande_riksdag": 86.7, "valdeltagande_region": 84.2, "valdeltagande_kommun": 84.9, "rostberattigade_riksdag": 1016.0, "rostberattigade_region": 1027.0, "rostberattigade_kommun": 1027.0, "kommun_kod": "1384", "kommun_namn": "Kungsbacka", "ar": 2018 }, "geometry": { "type": "Polygon", "coordinates": [ [ [ 12.06582, 57.49413 ], [ 12.06523, 57.49364 ], [ 12.06262, 57.49349 ], [ 12.05651, 57.49176 ], [ 12.05594, 57.49246 ], [ 12.05376, 57.49203 ], [ 12.05445, 57.48962 ], [ 12.06526, 57.48902 ], [ 12.07513, 57.48915 ], [ 12.07636, 57.49017 ], [ 12.07648, 57.49139 ], [ 12.07509, 57.49393 ], [ 12.0699, 57.49385 ], [ 12.06964, 57.49314 ], [ 12.06727, 57.49316 ], [ 12.06729, 57.49404 ], [ 12.06582, 57.49413 ] ] ] } },
{ "type": "Feature", "properties": { "valdistrikt_kod": "13840108", "valdistrikt_namn": "Kolla", "valdeltagande_riksdag": 90.2, "valdeltagande_region": 88.6, "valdeltagande_kommun": 89.0, "rostberattigade_riksdag": 1572.0, "rostberattigade_region": 1599.0, "rostberattigade_kommun": 1599.0, "kommun_kod": "1384", "kommun_namn": "Kungsbacka", "ar": 2018 }, "geometry": { "type": "Polygon", "coordinates": [ [ [ 12.06264, 57.4891 ], [ 12.05445, 57.48962 ], [ 12.05401, 57.49116 ], [ 12.05374, 57.49075 ], [ 12.0503, 57.49044 ], [ 12.0466, 57.48938 ], [ 12.04827, 57.4888 ], [ 12.0496, 57.48887 ], [ 12.04988, 57.48817 ], [ 12.04938, 57.48787 ], [ 12.05023, 57.48707 ], [ 12.04964, 57.48644 ], [ 12.05178, 57.4856 ], [ 12.05409, 57.48327 ], [ 12.05764, 57.47454 ], [ 12.05417, 57.45805 ], [ 12.0632, 57.4556 ], [ 12.07048, 57.46255 ], [ 12.07284, 57.46388 ], [ 12.07424, 57.46542 ], [ 12.07372, 57.46644 ], [ 12.07067, 57.46782 ], [ 12.06968, 57.46902 ], [ 12.07015, 57.47029 ], [ 12.07315, 57.47141 ], [ 12.07399, 57.47274 ], [ 12.07236, 57.47598 ], [ 12.07212, 57.47801 ], [ 12.06788, 57.47924 ], [ 12.06724, 57.48018 ], [ 12.06882, 57.48058 ], [ 12.07005, 57.48259 ], [ 12.06846, 57.48255 ], [ 12.06827, 57.48385 ], [ 12.06636, 57.4842 ], [ 12.06703, 57.48541 ], [ 12.06533, 57.48667 ], [ 12.06198, 57.48691 ], [ 12.06264, 57.4891 ] ] ] } },
{ "type": "Feature", "properties": { "valdistrikt_kod": "13840201", "valdistrikt_namn": "Varla Södra", "valdeltagande_riksdag": 81.7, "valdeltagande_region": 79.0, "valdeltagande_kommun": 80.3, "rostberattigade_riksdag": 1596.0, "rostberattigade_region": 1636.0, "rostberattigade_kommun": 1636.0, "kommun_kod": "1384", "kommun_namn": "Kungsbacka", "ar": 2018 }, "geometry": { "type": "Polygon", "coordinates": [ [ [ 12.06824, 57.50057 ], [ 12.06436, 57.49875 ], [ 12.0637, 57.49824 ], [ 12.06409, 57.49797 ], [ 12.06315, 57.49594 ], [ 12.06052, 57.49427 ], [ 12.05943, 57.4942 ], [ 12.05594, 57.49246 ], [ 12.05651, 57.49176 ], [ 12.06262, 57.49349 ], [ 12.06523, 57.49364 ], [ 12.06561, 57.49414 ], [ 12.06729, 57.49404 ], [ 12.06727, 57.49316 ], [ 12.06964, 57.49314 ], [ 12.0699, 57.49385 ], [ 12.07191, 57.49368 ], [ 12.0721, 57.49406 ], [ 12.07509, 57.49393 ], [ 12.07563, 57.4934 ], [ 12.07488, 57.49504 ], [ 12.07505, 57.50008 ], [ 12.07289, 57.50079 ], [ 12.06824, 57.50057 ] ] ] } },
{ "type": "Feature", "properties": { "valdistrikt_kod": "13840202", "valdistrikt_namn": "Varla Norra", "valdeltagande_riksdag": 84.8, "valdeltagande_region": 83.3, "valdeltagande_kommun": 83.7, "rostberattigade_riksdag": 1689.0, "rostberattigade_region": 1704.0, "rostberattigade_kommun": 1704.0, "kommun_kod": "1384", "kommun_namn": "Kungsbacka", "ar": 2018 }, "geometry": { "type": "Polygon", "coordinates": [ [ [ 12.0719, 57.51616 ], [ 12.06935, 57.51475 ], [ 12.0636, 57.51539 ], [ 12.06309, 57.51481 ], [ 12.05919, 57.51576 ], [ 12.05461, 57.51155 ], [ 12.05204, 57.5101 ], [ 12.05263, 57.50493 ], [ 12.0521, 57.50091 ], [ 12.0466, 57.48938 ], [ 12.0503, 57.49044 ], [ 12.05374, 57.49075 ], [ 12.05376, 57.49203 ], [ 12.05594, 57.49246 ], [ 12.0615, 57.49479 ], [ 12.06315, 57.49594 ], [ 12.06409, 57.49797 ], [ 12.0637, 57.49824 ], [ 12.06527, 57.4993 ], [ 12.06901, 57.50081 ], [ 12.07289, 57.50079 ], [ 12.07505, 57.50008 ], [ 12.07489, 57.49588 ], [ 12.08029, 57.49601 ], [ 12.08106, 57.50482 ], [ 12.08367, 57.51249 ], [ 12.07779, 57.51248 ], [ 12.07841, 57.51378 ], [ 12.07641, 57.51408 ], [ 12.0719, 57.51616 ] ] ] } },
{ "type": "Feature", "properties": { "valdistrikt_kod": "13840203", "valdistrikt_namn": "Tölö", "valdeltagande_riksdag": 91.7, "valdeltagande_region": 87.7, "valdeltagande_kommun": 88.7, "rostberattigade_riksdag": 1205.0, "rostberattigade_region": 1248.0, "rostberattigade_kommun": 1248.0, "kommun_kod": "1384", "kommun_namn": "Kungsbacka", "ar": 2018 }, "geometry": { "type": "Polygon", "coordinates": [ [ [ 12.27739, 57.56041 ], [ 12.23573, 57.55184 ], [ 12.21656, 57.54856 ], [ 12.21613, 57.54806 ], [ 12.21355, 57.54733 ], [ 12.21246, 57.54776 ], [ 12.16891, 57.53042 ], [ 12.17066, 57.52897 ], [ 12.17296, 57.52811 ], [ 12.17345, 57.5264 ], [ 12.1758, 57.52679 ], [ 12.17717, 57.52649 ], [ 12.17793, 57.52459 ], [ 12.17649, 57.5243 ], [ 12.17521, 57.52298 ], [ 12.17292, 57.5232 ], [ 12.17178, 57.52135 ], [ 12.17093, 57.52095 ], [ 12.16946, 57.52091 ], [ 12.16819, 57.52221 ], [ 12.16747, 57.52389 ], [ 12.16797, 57.52411 ], [ 12.16786, 57.52607 ], [ 12.16703, 57.52658 ], [ 12.16596, 57.52678 ], [ 12.1576, 57.52501 ], [ 12.15772, 57.52558 ], [ 12.15655, 57.52644 ], [ 12.15734, 57.5282 ], [ 12.1396, 57.52495 ], [ 12.13148, 57.52487 ], [ 12.12788, 57.52377 ], [ 12.12651, 57.52403 ], [ 12.12501, 57.52357 ], [ 12.12208, 57.52464 ], [ 12.12096, 57.52411 ], [ 12.12099, 57.525 ], [ 12.11268, 57.52806 ], [ 12.11211, 57.52793 ], [ 12.11216, 57.52736 ], [ 12.111, 57.52742 ], [ 12.11176, 57.52687 ], [ 12.11135, 57.52614 ], [ 12.11008, 57.52624 ], [ 12.11096, 57.52576 ], [ 12.10986, 57.52535 ], [ 12.11076, 57.52509 ], [ 12.11108, 57.52438 ], [ 12.10898, 57.52493 ], [ 12.10888, 57.52574 ], [ 12.10807, 57.52554 ], [ 12.1075, 57.52582 ], [ 12.10759, 57.52542 ], [ 12.10682, 57.52537 ], [ 12.10602, 57.52552 ], [ 12.10599, 57.52604 ], [ 12.10493, 57.52526 ], [ 12.10402, 57.52597 ], [ 12.10454, 57.52626 ], [ 12.10355, 57.52747 ], [ 12.10226, 57.52706 ], [ 12.10282, 57.52687 ], [ 12.10246, 57.5265 ], [ 12.10162, 57.52674 ], [ 12.10213, 57.5275 ], [ 12.10017, 57.5275 ], [ 12.09864, 57.52366 ], [ 12.09081, 57.52171 ], [ 12.08906, 57.52186 ], [ 12.08814, 57.51997 ], [ 12.0869, 57.51973 ], [ 12.08548, 57.52024 ], [ 12.08489, 57.52008 ], [ 12.08423, 57.51823 ], [ 12.08506, 57.51729 ], [ 12.08157, 57.51592 ], [ 12.08012, 57.51579 ], [ 12.07837, 57.51455 ], [ 12.07779, 57.51248 ], [ 12.08409, 57.51246 ], [ 12.08901, 57.51109 ], [ 12.09178, 57.50724 ], [ 12.09136, 57.50663 ], [ 12.09237, 57.50483 ], [ 12.08977, 57.50317 ], [ 12.09008, 57.50172 ], [ 12.09107, 57.50111 ], [ 12.09075, 57.50018 ], [ 12.08948, 57.49948 ], [ 12.09058, 57.49881 ], [ 12.09363, 57.49929 ], [ 12.09468, 57.49733 ], [ 12.09712, 57.49701 ], [ 12.09832, 57.49771 ], [ 12.09842, 57.49842 ], [ 12.10066, 57.49849 ], [ 12.10278, 57.49957 ], [ 12.10726, 57.49879 ], [ 12.10898, 57.49703 ], [ 12.10808, 57.49295 ], [ 12.10281, 57.48801 ], [ 12.106, 57.48644 ], [ 12.10291, 57.48471 ], [ 12.11158, 57.48073 ], [ 12.1169, 57.4799 ], [ 12.11861, 57.48268 ], [ 12.11754, 57.48534 ], [ 12.11999, 57.48915 ], [ 12.12023, 57.49136 ], [ 12.12173, 57.4926 ], [ 12.12656, 57.49375 ], [ 12.13039, 57.494 ], [ 12.13442, 57.49291 ], [ 12.13578, 57.49301 ], [ 12.13921, 57.49466 ], [ 12.14263, 57.49797 ], [ 12.14379, 57.49842 ], [ 12.14724, 57.49862 ], [ 12.15143, 57.49814 ], [ 12.15375, 57.49723 ], [ 12.15694, 57.49671 ], [ 12.15878, 57.49509 ], [ 12.16191, 57.49476 ], [ 12.16279, 57.49482 ], [ 12.16236, 57.49594 ], [ 12.16373, 57.49609 ], [ 12.1639, 57.49567 ], [ 12.16599, 57.49581 ], [ 12.16619, 57.49549 ], [ 12.16762, 57.49565 ], [ 12.16816, 57.4958 ], [ 12.1679, 57.4961 ], [ 12.16986, 57.4966 ], [ 12.17005, 57.49751 ], [ 12.17191, 57.49824 ], [ 12.17255, 57.49784 ], [ 12.17369, 57.49795 ], [ 12.174, 57.49751 ], [ 12.18129, 57.50007 ], [ 12.19177, 57.50777 ], [ 12.19225, 57.5091 ], [ 12.19172, 57.51292 ], [ 12.1925, 57.51378 ], [ 12.19159, 57.51412 ], [ 12.18909, 57.52966 ], [ 12.20983, 57.53427 ], [ 12.21935, 57.52207 ], [ 12.22222, 57.52309 ], [ 12.22461, 57.5212 ], [ 12.23066, 57.52229 ], [ 12.23437, 57.52432 ], [ 12.23219, 57.52541 ], [ 12.23335, 57.52671 ], [ 12.23997, 57.52998 ], [ 12.23247, 57.53934 ], [ 12.25952, 57.54524 ], [ 12.26222, 57.54281 ], [ 12.26317, 57.54347 ], [ 12.26691, 57.54007 ], [ 12.27167, 57.54175 ], [ 12.27517, 57.53827 ], [ 12.28139, 57.54058 ], [ 12.28805, 57.54578 ], [ 12.2834, 57.55047 ], [ 12.28601, 57.55109 ], [ 12.28994, 57.54726 ], [ 12.29808, 57.55378 ], [ 12.27739, 57.56041 ] ] ] } },
{ "type": "Feature", "properties": { "valdistrikt_kod": "13840204", "valdistrikt_namn": "Fors", "valdeltagande_riksdag": 92.1, "valdeltagande_region": 90.7, "valdeltagande_kommun": 91.4, "rostberattigade_riksdag": 1190.0, "rostberattigade_region": 1204.0, "rostberattigade_kommun": 1204.0, "kommun_kod": "1384", "kommun_namn": "Kungsbacka", "ar": 2018 }, "geometry": { "type": "Polygon", "coordinates": [ [ [ 12.08549, 57.50114 ], [ 12.08501, 57.49997 ], [ 12.08423, 57.49995 ], [ 12.08418, 57.5003 ], [ 12.0817, 57.50034 ], [ 12.08189, 57.50072 ], [ 12.08054, 57.50069 ], [ 12.08029, 57.49605 ], [ 12.08195, 57.49609 ], [ 12.08255, 57.49445 ], [ 12.08561, 57.49492 ], [ 12.08681, 57.49592 ], [ 12.08797, 57.49531 ], [ 12.08993, 57.49513 ], [ 12.08829, 57.49399 ], [ 12.08684, 57.49454 ], [ 12.08571, 57.49389 ], [ 12.09142, 57.49196 ], [ 12.09004, 57.49067 ], [ 12.09052, 57.48984 ], [ 12.09226, 57.48878 ], [ 12.09424, 57.48869 ], [ 12.10291, 57.48471 ], [ 12.106, 57.48644 ], [ 12.10281, 57.48801 ], [ 12.10794, 57.49277 ], [ 12.10916, 57.49612 ], [ 12.10898, 57.49703 ], [ 12.10726, 57.49879 ], [ 12.10591, 57.49926 ], [ 12.10234, 57.4995 ], [ 12.10066, 57.49849 ], [ 12.09842, 57.49842 ], [ 12.09832, 57.49771 ], [ 12.09712, 57.49701 ], [ 12.09468, 57.49733 ], [ 12.09363, 57.49929 ], [ 12.09058, 57.49881 ], [ 12.08948, 57.49948 ], [ 12.0876, 57.49964 ], [ 12.08549, 57.50114 ] ] ] } },
{ "type": "Feature", "properties": { "valdistrikt_kod": "13840205", "valdistrikt_namn": "Hede", "valdeltagande_riksdag": 90.1, "valdeltagande_region": 89.5, "valdeltagande_kommun": 89.9, "rostberattigade_riksdag": 1211.0, "rostberattigade_region": 1215.0, "rostberattigade_kommun": 1215.0, "kommun_kod": "1384", "kommun_namn": "Kungsbacka", "ar": 2018 }, "geometry": { "type": "Polygon", "coordinates": [ [ [ 12.08903, 57.51106 ], [ 12.08367, 57.51249 ], [ 12.08127, 57.50568 ], [ 12.08054, 57.50069 ], [ 12.08189, 57.50072 ], [ 12.0817, 57.50034 ], [ 12.08418, 57.5003 ], [ 12.08423, 57.49995 ], [ 12.08501, 57.49997 ], [ 12.08549, 57.50114 ], [ 12.08721, 57.50034 ], [ 12.0876, 57.49964 ], [ 12.08948, 57.49948 ], [ 12.09075, 57.50018 ], [ 12.09107, 57.50111 ], [ 12.09008, 57.50172 ], [ 12.08977, 57.50317 ], [ 12.09237, 57.50483 ], [ 12.09136, 57.50663 ], [ 12.09178, 57.50724 ], [ 12.08903, 57.51106 ] ] ] } },
{ "type": "Feature", "properties": { "valdistrikt_kod": "13840206", "valdistrikt_namn": "Björkris", "valdeltagande_riksdag": 89.9, "valdeltagande_region": 86.1, "valdeltagande_kommun": 86.6, "rostberattigade_riksdag": 1278.0, "rostberattigade_region": 1328.0, "rostberattigade_kommun": 1328.0, "kommun_kod": "1384", "kommun_namn": "Kungsbacka", "ar": 2018 }, "geometry": { "type": "Polygon", "coordinates": [ [ [ 12.09031, 57.55408 ], [ 12.08744, 57.55396 ], [ 12.08506, 57.55271 ], [ 12.08257, 57.55227 ], [ 12.08041, 57.55256 ], [ 12.0779, 57.55231 ], [ 12.07774, 57.55255 ], [ 12.07658, 57.55145 ], [ 12.07468, 57.55089 ], [ 12.07169, 57.55156 ], [ 12.06642, 57.55153 ], [ 12.06395, 57.55086 ], [ 12.06029, 57.55108 ], [ 12.05028, 57.54991 ], [ 12.05017, 57.55049 ], [ 12.04879, 57.55097 ], [ 12.04857, 57.55242 ], [ 12.04715, 57.55277 ], [ 12.04579, 57.5517 ], [ 12.04275, 57.55184 ], [ 12.03856, 57.55058 ], [ 12.03425, 57.55029 ], [ 12.03226, 57.55107 ], [ 12.0127, 57.54582 ], [ 12.01553, 57.53939 ], [ 12.01605, 57.54047 ], [ 12.02093, 57.54075 ], [ 12.01721, 57.53687 ], [ 12.01694, 57.53592 ], [ 12.01775, 57.53493 ], [ 12.01736, 57.53403 ], [ 12.01578, 57.53345 ], [ 12.01752, 57.53359 ], [ 12.01779, 57.53334 ], [ 12.01981, 57.52722 ], [ 12.01963, 57.52365 ], [ 12.02368, 57.49805 ], [ 12.01539, 57.49579 ], [ 12.01599, 57.49527 ], [ 12.01257, 57.49531 ], [ 12.01273, 57.49396 ], [ 12.01817, 57.49323 ], [ 12.02659, 57.49301 ], [ 12.02853, 57.49448 ], [ 12.03084, 57.49544 ], [ 12.04624, 57.4895 ], [ 12.0504, 57.49674 ], [ 12.0521, 57.50091 ], [ 12.05263, 57.50493 ], [ 12.05204, 57.5101 ], [ 12.05461, 57.51155 ], [ 12.05919, 57.51576 ], [ 12.06309, 57.51481 ], [ 12.0636, 57.51539 ], [ 12.06551, 57.51503 ], [ 12.06806, 57.51512 ], [ 12.06907, 57.51472 ], [ 12.0719, 57.51616 ], [ 12.07595, 57.51423 ], [ 12.07841, 57.51378 ], [ 12.07837, 57.51455 ], [ 12.08012, 57.51579 ], [ 12.08157, 57.51592 ], [ 12.08506, 57.51729 ], [ 12.08423, 57.51823 ], [ 12.08511, 57.52022 ], [ 12.0869, 57.51973 ], [ 12.08814, 57.51997 ], [ 12.08906, 57.52186 ], [ 12.09081, 57.52171 ], [ 12.09864, 57.52366 ], [ 12.09943, 57.52462 ], [ 12.0999, 57.52735 ], [ 12.10107, 57.52766 ], [ 12.10172, 57.52981 ], [ 12.1042, 57.53234 ], [ 12.10407, 57.53342 ], [ 12.1055, 57.5345 ], [ 12.1053, 57.53565 ], [ 12.10676, 57.53634 ], [ 12.10612, 57.53655 ], [ 12.10663, 57.53679 ], [ 12.10621, 57.53787 ], [ 12.10684, 57.53835 ], [ 12.10535, 57.5384 ], [ 12.10496, 57.53747 ], [ 12.10352, 57.5376 ], [ 12.1039, 57.53825 ], [ 12.09871, 57.53917 ], [ 12.09952, 57.54129 ], [ 12.0985, 57.54319 ], [ 12.09332, 57.55129 ], [ 12.09196, 57.55075 ], [ 12.0901, 57.55282 ], [ 12.09139, 57.55326 ], [ 12.09031, 57.55408 ] ] ] } },
{ "type": "Feature", "properties": { "valdistrikt_kod": "13840301", "valdistrikt_namn": "Anneberg", "valdeltagande_riksdag": 92.3, "valdeltagande_region": 90.5, "valdeltagande_kommun": 91.3, "rostberattigade_riksdag": 1370.0, "rostberattigade_region": 1394.0, "rostberattigade_kommun": 1394.0, "kommun_kod": "1384", "kommun_namn": "Kungsbacka", "ar": 2018 }, "geometry": { "type": "Polygon", "coordinates": [ [ [ 12.10053, 57.56181 ], [ 12.0948, 57.56021 ], [ 12.08715, 57.55882 ], [ 12.08809, 57.55812 ], [ 12.09372, 57.5568 ], [ 12.09464, 57.55588 ], [ 12.09479, 57.55557 ], [ 12.09031, 57.55408 ], [ 12.09139, 57.55326 ], [ 12.0901, 57.55282 ], [ 12.09196, 57.55075 ], [ 12.09332, 57.55129 ], [ 12.09767, 57.54464 ], [ 12.09952, 57.54129 ], [ 12.09871, 57.53917 ], [ 12.1039, 57.53825 ], [ 12.10352, 57.5376 ], [ 12.10496, 57.53747 ], [ 12.10535, 57.5384 ], [ 12.10684, 57.53835 ], [ 12.10621, 57.53787 ], [ 12.10663, 57.53679 ], [ 12.10612, 57.53655 ], [ 12.10676, 57.53634 ], [ 12.1053, 57.53565 ], [ 12.1055, 57.5345 ], [ 12.10407, 57.53342 ], [ 12.1042, 57.53234 ], [ 12.10127, 57.52906 ], [ 12.10107, 57.52766 ], [ 12.10224, 57.52738 ], [ 12.10165, 57.52671 ], [ 12.10254, 57.52652 ], [ 12.10281, 57.52691 ], [ 12.10226, 57.52706 ], [ 12.10355, 57.52747 ], [ 12.10454, 57.52626 ], [ 12.10402, 57.52597 ], [ 12.10493, 57.52526 ], [ 12.10599, 57.52604 ], [ 12.10602, 57.52552 ], [ 12.10682, 57.52537 ], [ 12.10759, 57.52542 ], [ 12.1075, 57.52582 ], [ 12.10807, 57.52554 ], [ 12.10888, 57.52574 ], [ 12.10898, 57.52493 ], [ 12.11108, 57.52438 ], [ 12.11076, 57.52509 ], [ 12.10986, 57.52535 ], [ 12.11096, 57.52576 ], [ 12.11008, 57.52624 ], [ 12.11135, 57.52614 ], [ 12.11176, 57.52687 ], [ 12.111, 57.52742 ], [ 12.11216, 57.52736 ], [ 12.11211, 57.52793 ], [ 12.11268, 57.52806 ], [ 12.12099, 57.525 ], [ 12.12096, 57.52411 ], [ 12.12208, 57.52464 ], [ 12.12501, 57.52357 ], [ 12.12651, 57.52403 ], [ 12.12788, 57.52377 ], [ 12.13148, 57.52487 ], [ 12.1396, 57.52495 ], [ 12.15561, 57.52788 ], [ 12.15539, 57.53014 ], [ 12.15255, 57.52981 ], [ 12.1514, 57.53 ], [ 12.1433, 57.53584 ], [ 12.14027, 57.53572 ], [ 12.13923, 57.53531 ], [ 12.13669, 57.53632 ], [ 12.13269, 57.53935 ], [ 12.13188, 57.53938 ], [ 12.1323, 57.54037 ], [ 12.1318, 57.54087 ], [ 12.13054, 57.54068 ], [ 12.12966, 57.5412 ], [ 12.12924, 57.54104 ], [ 12.12928, 57.54517 ], [ 12.12658, 57.5482 ], [ 12.12781, 57.5492 ], [ 12.12234, 57.5538 ], [ 12.12475, 57.55553 ], [ 12.12232, 57.56172 ], [ 12.1019, 57.55975 ], [ 12.10053, 57.56181 ] ] ] } },
{ "type": "Feature", "properties": { "valdistrikt_kod": "13840302", "valdistrikt_namn": "Älvsåker", "valdeltagande_riksdag": 89.1, "valdeltagande_region": 86.6, "valdeltagande_kommun": 87.0, "rostberattigade_riksdag": 1278.0, "rostberattigade_region": 1322.0, "rostberattigade_kommun": 1322.0, "kommun_kod": "1384", "kommun_namn": "Kungsbacka", "ar": 2018 }, "geometry": { "type": "Polygon", "coordinates": [ [ [ 12.29533, 57.58643 ], [ 12.28309, 57.59143 ], [ 12.2772, 57.59745 ], [ 12.27007, 57.59451 ], [ 12.25139, 57.58834 ], [ 12.22639, 57.58092 ], [ 12.20794, 57.57419 ], [ 12.18622, 57.56929 ], [ 12.18199, 57.56915 ], [ 12.17915, 57.56841 ], [ 12.17627, 57.5669 ], [ 12.1754, 57.56493 ], [ 12.17051, 57.56543 ], [ 12.16975, 57.56647 ], [ 12.12232, 57.56172 ], [ 12.12475, 57.55553 ], [ 12.12234, 57.5538 ], [ 12.12781, 57.5492 ], [ 12.12658, 57.5482 ], [ 12.12928, 57.54517 ], [ 12.12924, 57.54104 ], [ 12.12966, 57.5412 ], [ 12.13054, 57.54068 ], [ 12.1318, 57.54087 ], [ 12.1323, 57.54037 ], [ 12.13188, 57.53938 ], [ 12.13269, 57.53935 ], [ 12.13669, 57.53632 ], [ 12.13923, 57.53531 ], [ 12.14027, 57.53572 ], [ 12.1433, 57.53584 ], [ 12.1514, 57.53 ], [ 12.15255, 57.52981 ], [ 12.15539, 57.53014 ], [ 12.15561, 57.52788 ], [ 12.15734, 57.5282 ], [ 12.15655, 57.52644 ], [ 12.15772, 57.52558 ], [ 12.1576, 57.52501 ], [ 12.16596, 57.52678 ], [ 12.16703, 57.52658 ], [ 12.16786, 57.52607 ], [ 12.16797, 57.52411 ], [ 12.16747, 57.52389 ], [ 12.16819, 57.52221 ], [ 12.16946, 57.52091 ], [ 12.1711, 57.52099 ], [ 12.17292, 57.5232 ], [ 12.17521, 57.52298 ], [ 12.17649, 57.5243 ], [ 12.17793, 57.52459 ], [ 12.17717, 57.52649 ], [ 12.1758, 57.52679 ], [ 12.17345, 57.5264 ], [ 12.17296, 57.52811 ], [ 12.17066, 57.52897 ], [ 12.16891, 57.53042 ], [ 12.21246, 57.54776 ], [ 12.21355, 57.54733 ], [ 12.21613, 57.54806 ], [ 12.21656, 57.54856 ], [ 12.23573, 57.55184 ], [ 12.27739, 57.56041 ], [ 12.27823, 57.56014 ], [ 12.28365, 57.56032 ], [ 12.28576, 57.56088 ], [ 12.2865, 57.56164 ], [ 12.28754, 57.56189 ], [ 12.29021, 57.56155 ], [ 12.29232, 57.56193 ], [ 12.29303, 57.56228 ], [ 12.29204, 57.56339 ], [ 12.29196, 57.56507 ], [ 12.29723, 57.5671 ], [ 12.30286, 57.57175 ], [ 12.30771, 57.574 ], [ 12.30849, 57.57475 ], [ 12.30851, 57.5762 ], [ 12.31053, 57.57632 ], [ 12.31268, 57.57722 ], [ 12.31174, 57.5773 ], [ 12.30815, 57.57638 ], [ 12.30405, 57.57687 ], [ 12.30279, 57.57801 ], [ 12.3038, 57.58003 ], [ 12.3059, 57.58012 ], [ 12.30738, 57.5811 ], [ 12.30301, 57.58351 ], [ 12.30258, 57.58303 ], [ 12.29533, 57.58643 ] ] ] } },
{ "type": "Feature", "properties": { "valdistrikt_kod": "13840401", "valdistrikt_namn": "Vallda Sandö", "valdeltagande_riksdag": 91.5, "valdeltagande_region": 90.1, "valdeltagande_kommun": 91.3, "rostberattigade_riksdag": 1370.0, "rostberattigade_region": 1370.0, "rostberattigade_kommun": 1370.0, "kommun_kod": "1384", "kommun_namn": "Kungsbacka", "ar": 2018 }, "geometry": { "type": "Polygon", "coordinates": [ [ [ 11.95583, 57.49469 ], [ 11.94501, 57.49696 ], [ 11.92569, 57.49659 ], [ 11.91976, 57.49242 ], [ 11.91382, 57.49148 ], [ 11.90256, 57.49098 ], [ 11.8873, 57.47167 ], [ 11.90319, 57.47515 ], [ 11.91901, 57.47309 ], [ 11.92468, 57.47379 ], [ 11.92804, 57.47495 ], [ 11.93476, 57.4704 ], [ 11.95974, 57.4704 ], [ 11.97056, 57.46958 ], [ 11.97172, 57.47426 ], [ 11.97654, 57.47448 ], [ 11.97831, 57.47497 ], [ 11.97888, 57.47688 ], [ 11.98136, 57.48055 ], [ 11.98268, 57.4805 ], [ 11.98288, 57.48015 ], [ 11.98359, 57.48059 ], [ 11.98684, 57.48071 ], [ 11.98711, 57.48378 ], [ 11.98619, 57.48406 ], [ 11.98714, 57.48572 ], [ 11.99344, 57.48564 ], [ 11.99743, 57.48725 ], [ 11.99679, 57.48796 ], [ 11.99854, 57.48829 ], [ 11.98616, 57.49563 ], [ 11.98272, 57.49527 ], [ 11.98248, 57.49591 ], [ 11.98067, 57.49669 ], [ 11.97227, 57.49666 ], [ 11.97108, 57.49621 ], [ 11.96786, 57.49663 ], [ 11.9678, 57.49544 ], [ 11.9649, 57.4941 ], [ 11.95583, 57.49469 ] ] ] } },
{ "type": "Feature", "properties": { "valdistrikt_kod": "13840402", "valdistrikt_namn": "Vallda Lerkil", "valdeltagande_riksdag": 91.3, "valdeltagande_region": 89.3, "valdeltagande_kommun": 90.0, "rostberattigade_riksdag": 1414.0, "rostberattigade_region": 1436.0, "rostberattigade_kommun": 1436.0, "kommun_kod": "1384", "kommun_namn": "Kungsbacka", "ar": 2018 }, "geometry": { "type": "Polygon", "coordinates": [ [ [ 11.88722, 57.47175 ], [ 11.84583, 57.47808 ], [ 11.78425, 57.50006 ], [ 11.82154, 57.40011 ], [ 11.83918, 57.40832 ], [ 11.89198, 57.42857 ], [ 11.90644, 57.42745 ], [ 11.91596, 57.42538 ], [ 11.92247, 57.42984 ], [ 11.92392, 57.4304 ], [ 11.92683, 57.43097 ], [ 11.93785, 57.43127 ], [ 11.93569, 57.43723 ], [ 11.93657, 57.43913 ], [ 11.93887, 57.4409 ], [ 11.94355, 57.44163 ], [ 11.94461, 57.44302 ], [ 11.95065, 57.44321 ], [ 11.95609, 57.4429 ], [ 11.95516, 57.44554 ], [ 11.95922, 57.44675 ], [ 11.96748, 57.44525 ], [ 11.97132, 57.45044 ], [ 11.96766, 57.45097 ], [ 11.9682, 57.45318 ], [ 11.96893, 57.45378 ], [ 11.97496, 57.45583 ], [ 11.97711, 57.45803 ], [ 11.97087, 57.45952 ], [ 11.96324, 57.46048 ], [ 11.96279, 57.4601 ], [ 11.95863, 57.461 ], [ 11.96504, 57.46742 ], [ 11.96446, 57.4677 ], [ 11.96555, 57.46789 ], [ 11.96762, 57.46978 ], [ 11.95974, 57.4704 ], [ 11.93476, 57.4704 ], [ 11.92804, 57.47495 ], [ 11.92468, 57.47379 ], [ 11.91901, 57.47309 ], [ 11.90319, 57.47515 ], [ 11.88722, 57.47175 ] ] ] } },
{ "type": "Feature", "properties": { "valdistrikt_kod": "13840403", "valdistrikt_namn": "Vallda Bröndome", "valdeltagande_riksdag": 90.4, "valdeltagande_region": 86.6, "valdeltagande_kommun": 87.6, "rostberattigade_riksdag": 1130.0, "rostberattigade_region": 1171.0, "rostberattigade_kommun": 1171.0, "kommun_kod": "1384", "kommun_namn": "Kungsbacka", "ar": 2018 }, "geometry": { "type": "Polygon", "coordinates": [ [ [ 12.00074, 57.49672 ], [ 11.99824, 57.497 ], [ 11.99827, 57.49636 ], [ 11.99589, 57.49632 ], [ 11.99475, 57.4959 ], [ 11.99273, 57.49614 ], [ 11.99027, 57.49551 ], [ 11.98809, 57.4959 ], [ 11.98616, 57.49563 ], [ 12.00176, 57.48639 ], [ 12.00466, 57.48528 ], [ 12.00878, 57.48437 ], [ 12.0086, 57.48296 ], [ 12.00733, 57.48175 ], [ 12.00352, 57.47985 ], [ 12.00038, 57.47748 ], [ 12.00121, 57.47275 ], [ 11.99919, 57.46872 ], [ 11.99142, 57.46307 ], [ 11.98664, 57.46143 ], [ 11.97862, 57.45937 ], [ 11.97515, 57.45594 ], [ 11.96855, 57.45354 ], [ 11.96766, 57.45097 ], [ 11.97132, 57.45044 ], [ 11.96748, 57.44525 ], [ 11.95922, 57.44675 ], [ 11.95516, 57.44554 ], [ 11.95609, 57.4429 ], [ 11.95065, 57.44321 ], [ 11.94461, 57.44302 ], [ 11.94355, 57.44163 ], [ 11.93887, 57.4409 ], [ 11.93657, 57.43913 ], [ 11.93569, 57.43723 ], [ 11.93785, 57.43127 ], [ 11.95383, 57.43182 ], [ 11.95651, 57.43114 ], [ 11.95886, 57.43003 ], [ 11.96142, 57.43002 ], [ 11.9628, 57.4289 ], [ 11.96368, 57.42883 ], [ 11.96668, 57.42952 ], [ 11.97107, 57.43153 ], [ 11.9734, 57.43071 ], [ 11.97486, 57.43084 ], [ 11.9777, 57.43244 ], [ 11.97936, 57.43287 ], [ 11.97862, 57.43374 ], [ 11.98225, 57.43488 ], [ 11.98241, 57.43372 ], [ 11.98355, 57.43348 ], [ 12.01403, 57.43818 ], [ 12.03065, 57.4443 ], [ 12.03494, 57.44517 ], [ 12.03306, 57.4473 ], [ 12.03853, 57.44864 ], [ 12.03569, 57.45212 ], [ 12.03586, 57.45304 ], [ 12.03715, 57.45409 ], [ 12.03542, 57.45574 ], [ 12.03746, 57.45628 ], [ 12.03583, 57.45822 ], [ 12.03925, 57.45903 ], [ 12.03535, 57.46311 ], [ 12.048, 57.46565 ], [ 12.04805, 57.46701 ], [ 12.0534, 57.4711 ], [ 12.05521, 57.47032 ], [ 12.05532, 57.47095 ], [ 12.05602, 57.47069 ], [ 12.05567, 57.47041 ], [ 12.05674, 57.47016 ], [ 12.05764, 57.47454 ], [ 12.05409, 57.48327 ], [ 12.05178, 57.4856 ], [ 12.04964, 57.48644 ], [ 12.05023, 57.48707 ], [ 12.04938, 57.48787 ], [ 12.04988, 57.48817 ], [ 12.0496, 57.48887 ], [ 12.04827, 57.4888 ], [ 12.04599, 57.48959 ], [ 12.03084, 57.49544 ], [ 12.02853, 57.49448 ], [ 12.02659, 57.49301 ], [ 12.01902, 57.49319 ], [ 12.01273, 57.49396 ], [ 12.00511, 57.49372 ], [ 12.00155, 57.49484 ], [ 12.00075, 57.49547 ], [ 12.00074, 57.49672 ] ] ] } },
{ "type": "Feature", "properties": { "valdistrikt_kod": "13840404", "valdistrikt_namn": "Vallda Backa", "valdeltagande_riksdag": 90.0, "valdeltagande_region": 88.0, "valdeltagande_kommun": 88.8, "rostberattigade_riksdag": 1440.0, "rostberattigade_region": 1455.0, "rostberattigade_kommun": 1455.0, "kommun_kod": "1384", "kommun_namn": "Kungsbacka", "ar": 2018 }, "geometry": { "type": "Polygon", "coordinates": [ [ [ 11.97711, 57.45803 ], [ 11.97878, 57.45944 ], [ 11.98664, 57.46143 ], [ 11.99142, 57.46307 ], [ 11.99658, 57.46645 ], [ 11.99978, 57.4694 ], [ 12.00123, 57.4729 ], [ 12.00038, 57.47748 ], [ 12.00352, 57.47985 ], [ 12.00722, 57.48166 ], [ 12.0086, 57.48296 ], [ 12.00889, 57.48404 ], [ 12.00878, 57.48437 ], [ 12.00266, 57.48598 ], [ 11.99854, 57.48829 ], [ 11.99679, 57.48796 ], [ 11.99743, 57.48725 ], [ 11.99344, 57.48564 ], [ 11.98714, 57.48572 ], [ 11.98619, 57.48406 ], [ 11.98711, 57.48378 ], [ 11.98684, 57.48071 ], [ 11.98359, 57.48059 ], [ 11.98288, 57.48015 ], [ 11.98268, 57.4805 ], [ 11.98136, 57.48055 ], [ 11.97888, 57.47688 ], [ 11.97831, 57.47497 ], [ 11.97654, 57.47448 ], [ 11.97172, 57.47426 ], [ 11.97056, 57.46958 ], [ 11.96762, 57.46978 ], [ 11.96555, 57.46789 ], [ 11.96446, 57.4677 ], [ 11.96504, 57.46742 ], [ 11.95863, 57.461 ], [ 11.96279, 57.4601 ], [ 11.96324, 57.46048 ], [ 11.97087, 57.45952 ], [ 11.97711, 57.45803 ] ] ] } },
{ "type": "Feature", "properties": { "valdistrikt_kod": "13840501", "valdistrikt_namn": "Kyvik", "valdeltagande_riksdag": 92.3, "valdeltagande_region": 92.3, "valdeltagande_kommun": 93.0, "rostberattigade_riksdag": 1540.0, "rostberattigade_region": 1536.0, "rostberattigade_kommun": 1536.0, "kommun_kod": "1384", "kommun_namn": "Kungsbacka", "ar": 2018 }, "geometry": { "type": "Polygon", "coordinates": [ [ [ 11.92434, 57.5633 ], [ 11.92236, 57.56367 ], [ 11.92108, 57.56308 ], [ 11.91908, 57.56338 ], [ 11.91202, 57.56255 ], [ 11.90873, 57.56263 ], [ 11.89789, 57.56121 ], [ 11.88986, 57.56219 ], [ 11.88134, 57.55999 ], [ 11.91747, 57.55109 ], [ 11.91964, 57.55107 ], [ 11.92344, 57.54982 ], [ 11.92845, 57.54913 ], [ 11.92987, 57.54835 ], [ 11.93607, 57.54908 ], [ 11.93748, 57.54823 ], [ 11.94325, 57.5474 ], [ 11.94514, 57.54776 ], [ 11.94704, 57.54925 ], [ 11.95083, 57.54945 ], [ 11.95411, 57.55095 ], [ 11.95045, 57.55557 ], [ 11.95009, 57.55728 ], [ 11.94775, 57.55934 ], [ 11.94696, 57.56203 ], [ 11.94313, 57.56137 ], [ 11.93163, 57.56213 ], [ 11.92956, 57.56171 ], [ 11.92903, 57.56217 ], [ 11.92477, 57.56251 ], [ 11.92434, 57.5633 ] ] ] } },
{ "type": "Feature", "properties": { "valdistrikt_kod": "13840502", "valdistrikt_namn": "Kullavik Centrum", "valdeltagande_riksdag": 90.6, "valdeltagande_region": 90.6, "valdeltagande_kommun": 91.8, "rostberattigade_riksdag": 1275.0, "rostberattigade_region": 1271.0, "rostberattigade_kommun": 1271.0, "kommun_kod": "1384", "kommun_namn": "Kungsbacka", "ar": 2018 }, "geometry": { "type": "Polygon", "coordinates": [ [ [ 11.96341, 57.56226 ], [ 11.95788, 57.56398 ], [ 11.95599, 57.56307 ], [ 11.95409, 57.56302 ], [ 11.95305, 57.56334 ], [ 11.94801, 57.56253 ], [ 11.947, 57.56176 ], [ 11.94775, 57.55934 ], [ 11.95009, 57.55728 ], [ 11.95045, 57.55557 ], [ 11.95411, 57.55095 ], [ 11.95083, 57.54945 ], [ 11.94704, 57.54925 ], [ 11.94514, 57.54776 ], [ 11.94325, 57.5474 ], [ 11.93748, 57.54823 ], [ 11.93586, 57.54907 ], [ 11.93564, 57.54653 ], [ 11.93833, 57.54629 ], [ 11.9382, 57.54586 ], [ 11.93978, 57.54496 ], [ 11.94132, 57.5456 ], [ 11.94468, 57.54404 ], [ 11.94784, 57.54327 ], [ 11.9496, 57.54181 ], [ 11.95192, 57.54197 ], [ 11.95316, 57.54244 ], [ 11.95555, 57.54229 ], [ 11.95757, 57.54193 ], [ 11.95778, 57.54107 ], [ 11.96842, 57.54212 ], [ 11.96854, 57.54775 ], [ 11.96383, 57.55794 ], [ 11.96341, 57.56226 ] ] ] } },
{ "type": "Feature", "properties": { "valdistrikt_kod": "13840503", "valdistrikt_namn": "Släps Kullen", "valdeltagande_riksdag": 91.0, "valdeltagande_region": 92.2, "valdeltagande_kommun": 92.3, "rostberattigade_riksdag": 1722.0, "rostberattigade_region": 1690.0, "rostberattigade_kommun": 1690.0, "kommun_kod": "1384", "kommun_namn": "Kungsbacka", "ar": 2018 }, "geometry": { "type": "Polygon", "coordinates": [ [ [ 11.93586, 57.54907 ], [ 11.92964, 57.54838 ], [ 11.92845, 57.54913 ], [ 11.92344, 57.54982 ], [ 11.91964, 57.55107 ], [ 11.91747, 57.55109 ], [ 11.88134, 57.55999 ], [ 11.87803, 57.55913 ], [ 11.81733, 57.55567 ], [ 11.80555, 57.53872 ], [ 11.83655, 57.53461 ], [ 11.86478, 57.53002 ], [ 11.90322, 57.52108 ], [ 11.91089, 57.52047 ], [ 11.91695, 57.5237 ], [ 11.92876, 57.52771 ], [ 11.93072, 57.52912 ], [ 11.93499, 57.52849 ], [ 11.93943, 57.52917 ], [ 11.94079, 57.52977 ], [ 11.94534, 57.52776 ], [ 11.94375, 57.53223 ], [ 11.93841, 57.53673 ], [ 11.93851, 57.54339 ], [ 11.93978, 57.54496 ], [ 11.9382, 57.54586 ], [ 11.93833, 57.54629 ], [ 11.93564, 57.54653 ], [ 11.93586, 57.54907 ] ] ] } },
{ "type": "Feature", "properties": { "valdistrikt_kod": "13840504", "valdistrikt_namn": "Malevik/Släps Inland", "valdeltagande_riksdag": 91.0, "valdeltagande_region": 89.4, "valdeltagande_kommun": 89.7, "rostberattigade_riksdag": 1509.0, "rostberattigade_region": 1530.0, "rostberattigade_kommun": 1530.0, "kommun_kod": "1384", "kommun_namn": "Kungsbacka", "ar": 2018 }, "geometry": { "type": "Polygon", "coordinates": [ [ [ 11.98673, 57.56256 ], [ 11.98796, 57.56504 ], [ 11.97912, 57.56401 ], [ 11.97951, 57.56367 ], [ 11.97747, 57.56185 ], [ 11.97624, 57.56165 ], [ 11.97499, 57.56291 ], [ 11.96977, 57.56386 ], [ 11.96826, 57.5638 ], [ 11.96651, 57.56225 ], [ 11.96341, 57.56226 ], [ 11.96383, 57.55794 ], [ 11.96854, 57.54775 ], [ 11.96842, 57.54212 ], [ 11.95778, 57.54107 ], [ 11.95757, 57.54193 ], [ 11.95555, 57.54229 ], [ 11.95316, 57.54244 ], [ 11.95192, 57.54197 ], [ 11.9496, 57.54181 ], [ 11.94784, 57.54327 ], [ 11.94468, 57.54404 ], [ 11.94125, 57.54562 ], [ 11.93949, 57.54477 ], [ 11.93864, 57.54378 ], [ 11.93841, 57.53673 ], [ 11.94375, 57.53223 ], [ 11.94604, 57.52712 ], [ 11.94715, 57.52744 ], [ 11.95631, 57.52789 ], [ 11.95803, 57.52906 ], [ 11.9652, 57.53015 ], [ 11.96465, 57.53134 ], [ 11.96726, 57.53147 ], [ 11.96824, 57.52496 ], [ 11.96717, 57.52292 ], [ 11.96748, 57.52125 ], [ 11.96815, 57.52115 ], [ 11.96809, 57.51992 ], [ 11.96905, 57.51958 ], [ 11.96879, 57.5189 ], [ 11.97141, 57.51372 ], [ 11.97793, 57.5147 ], [ 11.97771, 57.51527 ], [ 11.97639, 57.51481 ], [ 11.97538, 57.51551 ], [ 11.97704, 57.51628 ], [ 11.97895, 57.51517 ], [ 11.98058, 57.51554 ], [ 11.98332, 57.51529 ], [ 11.98449, 57.51602 ], [ 11.98436, 57.51793 ], [ 11.98669, 57.51798 ], [ 11.9869, 57.51486 ], [ 11.99146, 57.51324 ], [ 11.99235, 57.51469 ], [ 11.99655, 57.51436 ], [ 11.99619, 57.51364 ], [ 11.99706, 57.51362 ], [ 11.99831, 57.51616 ], [ 12.00204, 57.51587 ], [ 12.00315, 57.51532 ], [ 12.00205, 57.51435 ], [ 12.00266, 57.51392 ], [ 12.00143, 57.51207 ], [ 12.00267, 57.51038 ], [ 12.00081, 57.50952 ], [ 11.99915, 57.51007 ], [ 11.99275, 57.50436 ], [ 11.9932, 57.50334 ], [ 11.99971, 57.50114 ], [ 12.00216, 57.50102 ], [ 12.00518, 57.49998 ], [ 12.00704, 57.50023 ], [ 12.00729, 57.49968 ], [ 12.00823, 57.49953 ], [ 12.01042, 57.49957 ], [ 12.01186, 57.50119 ], [ 12.01541, 57.50035 ], [ 12.01587, 57.49795 ], [ 12.01376, 57.49746 ], [ 12.01539, 57.49579 ], [ 12.02368, 57.49805 ], [ 12.01963, 57.52365 ], [ 12.01981, 57.52722 ], [ 12.01779, 57.53334 ], [ 12.01752, 57.53359 ], [ 12.01578, 57.53345 ], [ 12.01736, 57.53403 ], [ 12.01775, 57.53493 ], [ 12.01694, 57.53592 ], [ 12.01721, 57.53687 ], [ 12.02093, 57.54075 ], [ 12.01605, 57.54047 ], [ 12.01553, 57.53939 ], [ 12.0127, 57.54582 ], [ 12.00719, 57.5522 ], [ 11.999, 57.55823 ], [ 11.99868, 57.55902 ], [ 11.99659, 57.55941 ], [ 11.99636, 57.56017 ], [ 11.99185, 57.56098 ], [ 11.99091, 57.56204 ], [ 11.98819, 57.56197 ], [ 11.98673, 57.56256 ] ] ] } },
{ "type": "Feature", "properties": { "valdistrikt_kod": "13840505", "valdistrikt_namn": "Bukärrs Centrum", "valdeltagande_riksdag": 90.2, "valdeltagande_region": 88.9, "valdeltagande_kommun": 89.5, "rostberattigade_riksdag": 1560.0, "rostberattigade_region": 1565.0, "rostberattigade_kommun": 1565.0, "kommun_kod": "1384", "kommun_namn": "Kungsbacka", "ar": 2018 }, "geometry": { "type": "Polygon", "coordinates": [ [ [ 11.97115, 57.51462 ], [ 11.96879, 57.5189 ], [ 11.96905, 57.51958 ], [ 11.96809, 57.51992 ], [ 11.96815, 57.52115 ], [ 11.96748, 57.52125 ], [ 11.96717, 57.52292 ], [ 11.96824, 57.52496 ], [ 11.96726, 57.53147 ], [ 11.96465, 57.53134 ], [ 11.9652, 57.53015 ], [ 11.95803, 57.52906 ], [ 11.95631, 57.52789 ], [ 11.94715, 57.52744 ], [ 11.94604, 57.52712 ], [ 11.94513, 57.52792 ], [ 11.94079, 57.52977 ], [ 11.93943, 57.52917 ], [ 11.93499, 57.52849 ], [ 11.93072, 57.52912 ], [ 11.92876, 57.52771 ], [ 11.91695, 57.5237 ], [ 11.91089, 57.52047 ], [ 11.92356, 57.51722 ], [ 11.93101, 57.5143 ], [ 11.93782, 57.51274 ], [ 11.94031, 57.51122 ], [ 11.94778, 57.50905 ], [ 11.94963, 57.51046 ], [ 11.95029, 57.5118 ], [ 11.9566, 57.51134 ], [ 11.95705, 57.51173 ], [ 11.96003, 57.51205 ], [ 11.96026, 57.51093 ], [ 11.96107, 57.51122 ], [ 11.96087, 57.51168 ], [ 11.96264, 57.51189 ], [ 11.96289, 57.51251 ], [ 11.9673, 57.51264 ], [ 11.96842, 57.5118 ], [ 11.97045, 57.51211 ], [ 11.97133, 57.51282 ], [ 11.97016, 57.51465 ], [ 11.97115, 57.51462 ] ] ] } },
{ "type": "Feature", "properties": { "valdistrikt_kod": "13840506", "valdistrikt_namn": "Särö", "valdeltagande_riksdag": 89.7, "valdeltagande_region": 89.6, "valdeltagande_kommun": 90.2, "rostberattigade_riksdag": 1401.0, "rostberattigade_region": 1410.0, "rostberattigade_kommun": 1410.0, "kommun_kod": "1384", "kommun_namn": "Kungsbacka", "ar": 2018 }, "geometry": { "type": "Polygon", "coordinates": [ [ [ 11.90973, 57.52057 ], [ 11.90322, 57.52108 ], [ 11.86478, 57.53002 ], [ 11.83655, 57.53461 ], [ 11.80555, 57.53872 ], [ 11.79703, 57.52643 ], [ 11.78425, 57.50006 ], [ 11.84583, 57.47808 ], [ 11.88737, 57.47173 ], [ 11.90256, 57.49098 ], [ 11.91382, 57.49148 ], [ 11.91976, 57.49242 ], [ 11.92569, 57.49659 ], [ 11.94501, 57.49696 ], [ 11.95583, 57.49469 ], [ 11.96416, 57.49407 ], [ 11.96577, 57.49429 ], [ 11.96748, 57.49522 ], [ 11.96792, 57.49663 ], [ 11.97108, 57.49621 ], [ 11.97227, 57.49666 ], [ 11.9794, 57.49682 ], [ 11.98248, 57.49591 ], [ 11.98272, 57.49527 ], [ 11.98809, 57.4959 ], [ 11.99027, 57.49551 ], [ 11.99273, 57.49614 ], [ 11.99475, 57.4959 ], [ 11.99589, 57.49632 ], [ 11.99827, 57.49636 ], [ 11.99824, 57.497 ], [ 12.00074, 57.49672 ], [ 12.00075, 57.49547 ], [ 12.00155, 57.49484 ], [ 12.0062, 57.49365 ], [ 12.01273, 57.49396 ], [ 12.01257, 57.49531 ], [ 12.01599, 57.49527 ], [ 12.01376, 57.49746 ], [ 12.01587, 57.49795 ], [ 12.01541, 57.50035 ], [ 12.01186, 57.50119 ], [ 12.01042, 57.49957 ], [ 12.00823, 57.49953 ], [ 12.00729, 57.49968 ], [ 12.00704, 57.50023 ], [ 12.00518, 57.49998 ], [ 12.00216, 57.50102 ], [ 11.99971, 57.50114 ], [ 11.9932, 57.50334 ], [ 11.99275, 57.50436 ], [ 11.99915, 57.51007 ], [ 12.00081, 57.50952 ], [ 12.00267, 57.51038 ], [ 12.00143, 57.51207 ], [ 12.00266, 57.51392 ], [ 12.00205, 57.51435 ], [ 12.00315, 57.51532 ], [ 12.00204, 57.51587 ], [ 11.99831, 57.51616 ], [ 11.99706, 57.51362 ], [ 11.99619, 57.51364 ], [ 11.99655, 57.51436 ], [ 11.99235, 57.51469 ], [ 11.99146, 57.51324 ], [ 11.9869, 57.51486 ], [ 11.98669, 57.51798 ], [ 11.98436, 57.51793 ], [ 11.98449, 57.51602 ], [ 11.98332, 57.51529 ], [ 11.98058, 57.51554 ], [ 11.97895, 57.51517 ], [ 11.97704, 57.51628 ], [ 11.97538, 57.51551 ], [ 11.97639, 57.51481 ], [ 11.97771, 57.51527 ], [ 11.97793, 57.5147 ], [ 11.97141, 57.51372 ], [ 11.97115, 57.51462 ], [ 11.97016, 57.51465 ], [ 11.97133, 57.51282 ], [ 11.97045, 57.51211 ], [ 11.96842, 57.5118 ], [ 11.9673, 57.51264 ], [ 11.96289, 57.51251 ], [ 11.96264, 57.51189 ], [ 11.96087, 57.51168 ], [ 11.96107, 57.51122 ], [ 11.96026, 57.51093 ], [ 11.96003, 57.51205 ], [ 11.95705, 57.51173 ], [ 11.9566, 57.51134 ], [ 11.95029, 57.5118 ], [ 11.94963, 57.51046 ], [ 11.94778, 57.50905 ], [ 11.94031, 57.51122 ], [ 11.93782, 57.51274 ], [ 11.93101, 57.5143 ], [ 11.92356, 57.51722 ], [ 11.90973, 57.52057 ] ] ] } },
{ "type": "Feature", "properties": { "valdistrikt_kod": "13840601", "valdistrikt_namn": "Frillesås Landsbygd", "valdeltagande_riksdag": 90.0, "valdeltagande_region": 87.6, "valdeltagande_kommun": 88.0, "rostberattigade_riksdag": 1386.0, "rostberattigade_region": 1424.0, "rostberattigade_kommun": 1424.0, "kommun_kod": "1384", "kommun_namn": "Kungsbacka", "ar": 2018 }, "geometry": { "type": "Polygon", "coordinates": [ [ [ 12.2289, 57.36199 ], [ 12.21648, 57.37747 ], [ 12.20054, 57.37509 ], [ 12.16863, 57.35564 ], [ 12.14816, 57.34011 ], [ 12.15206, 57.33818 ], [ 12.14999, 57.33741 ], [ 12.15234, 57.33565 ], [ 12.14967, 57.33415 ], [ 12.14571, 57.33503 ], [ 12.14451, 57.33453 ], [ 12.14312, 57.33312 ], [ 12.13905, 57.33303 ], [ 12.13912, 57.33163 ], [ 12.13823, 57.33165 ], [ 12.13797, 57.33119 ], [ 12.1383, 57.33046 ], [ 12.13946, 57.32997 ], [ 12.13886, 57.32959 ], [ 12.13348, 57.33015 ], [ 12.13168, 57.331 ], [ 12.12135, 57.3244 ], [ 12.13502, 57.32135 ], [ 12.14427, 57.32404 ], [ 12.15503, 57.3198 ], [ 12.15601, 57.32055 ], [ 12.15548, 57.32173 ], [ 12.1561, 57.32171 ], [ 12.15633, 57.32212 ], [ 12.15523, 57.32232 ], [ 12.15593, 57.32336 ], [ 12.15433, 57.32499 ], [ 12.15551, 57.32439 ], [ 12.15466, 57.32506 ], [ 12.15548, 57.32485 ], [ 12.1586, 57.3253 ], [ 12.15786, 57.32583 ], [ 12.15982, 57.32579 ], [ 12.16093, 57.32621 ], [ 12.16107, 57.32676 ], [ 12.16352, 57.32698 ], [ 12.16651, 57.32797 ], [ 12.17102, 57.32838 ], [ 12.17164, 57.32881 ], [ 12.17213, 57.32845 ], [ 12.17362, 57.32891 ], [ 12.17328, 57.32918 ], [ 12.17406, 57.3296 ], [ 12.17435, 57.32916 ], [ 12.17544, 57.329 ], [ 12.17438, 57.32832 ], [ 12.18072, 57.32337 ], [ 12.17491, 57.32136 ], [ 12.17647, 57.31703 ], [ 12.1847, 57.31874 ], [ 12.18374, 57.31853 ], [ 12.18856, 57.31424 ], [ 12.18943, 57.31464 ], [ 12.19291, 57.31491 ], [ 12.19618, 57.31602 ], [ 12.19661, 57.3169 ], [ 12.19769, 57.31732 ], [ 12.19608, 57.31834 ], [ 12.19648, 57.31888 ], [ 12.20081, 57.31808 ], [ 12.20505, 57.31825 ], [ 12.20579, 57.31954 ], [ 12.20569, 57.32155 ], [ 12.20778, 57.3213 ], [ 12.20941, 57.32217 ], [ 12.21298, 57.3219 ], [ 12.21527, 57.32239 ], [ 12.21857, 57.31852 ], [ 12.21934, 57.31845 ], [ 12.21903, 57.3178 ], [ 12.21848, 57.3179 ], [ 12.21778, 57.31737 ], [ 12.21848, 57.31663 ], [ 12.2179, 57.31538 ], [ 12.2226, 57.31545 ], [ 12.22654, 57.31623 ], [ 12.23711, 57.31322 ], [ 12.23943, 57.31319 ], [ 12.26075, 57.30477 ], [ 12.27455, 57.30047 ], [ 12.27544, 57.30056 ], [ 12.28831, 57.30252 ], [ 12.31443, 57.30927 ], [ 12.32004, 57.31382 ], [ 12.33302, 57.32249 ], [ 12.33526, 57.32551 ], [ 12.34613, 57.33456 ], [ 12.34634, 57.33434 ], [ 12.35231, 57.33494 ], [ 12.38698, 57.35153 ], [ 12.35059, 57.34812 ], [ 12.34114, 57.34679 ], [ 12.31445, 57.35226 ], [ 12.30988, 57.35418 ], [ 12.31058, 57.35523 ], [ 12.30799, 57.35629 ], [ 12.30746, 57.35606 ], [ 12.29008, 57.35729 ], [ 12.25905, 57.35883 ], [ 12.24946, 57.35876 ], [ 12.24169, 57.35845 ], [ 12.24208, 57.35786 ], [ 12.24007, 57.35767 ], [ 12.23929, 57.35704 ], [ 12.23623, 57.35711 ], [ 12.23615, 57.35569 ], [ 12.23509, 57.35539 ], [ 12.23442, 57.35461 ], [ 12.2319, 57.35486 ], [ 12.23046, 57.35573 ], [ 12.22829, 57.35583 ], [ 12.22511, 57.35782 ], [ 12.22449, 57.36035 ], [ 12.22717, 57.36188 ], [ 12.2289, 57.36199 ] ], [ [ 12.34263, 57.33167 ], [ 12.33802, 57.3297 ], [ 12.33747, 57.33018 ], [ 12.33767, 57.3318 ], [ 12.33831, 57.33233 ], [ 12.33959, 57.33267 ], [ 12.34169, 57.33233 ], [ 12.34263, 57.33167 ] ] ] } },
{ "type": "Feature", "properties": { "valdistrikt_kod": "13840602", "valdistrikt_namn": "Frillesås Kust", "valdeltagande_riksdag": 90.1, "valdeltagande_region": 88.9, "valdeltagande_kommun": 89.2, "rostberattigade_riksdag": 1357.0, "rostberattigade_region": 1364.0, "rostberattigade_kommun": 1364.0, "kommun_kod": "1384", "kommun_namn": "Kungsbacka", "ar": 2018 }, "geometry": { "type": "Polygon", "coordinates": [ [ [ 12.17406, 57.3296 ], [ 12.17328, 57.32918 ], [ 12.17362, 57.32891 ], [ 12.17213, 57.32845 ], [ 12.17164, 57.32881 ], [ 12.17102, 57.32838 ], [ 12.16651, 57.32797 ], [ 12.16352, 57.32698 ], [ 12.16107, 57.32676 ], [ 12.16093, 57.32621 ], [ 12.15982, 57.32579 ], [ 12.15786, 57.32583 ], [ 12.1586, 57.3253 ], [ 12.15548, 57.32485 ], [ 12.15466, 57.32506 ], [ 12.15551, 57.32439 ], [ 12.15433, 57.32499 ], [ 12.15412, 57.32474 ], [ 12.15593, 57.32336 ], [ 12.15523, 57.32232 ], [ 12.15633, 57.32212 ], [ 12.1561, 57.32171 ], [ 12.15548, 57.32173 ], [ 12.15601, 57.32055 ], [ 12.15503, 57.3198 ], [ 12.14427, 57.32404 ], [ 12.13502, 57.32135 ], [ 12.14126, 57.31224 ], [ 12.14531, 57.30307 ], [ 12.15436, 57.30362 ], [ 12.16185, 57.30672 ], [ 12.16758, 57.31071 ], [ 12.17205, 57.31226 ], [ 12.17501, 57.31239 ], [ 12.18054, 57.31121 ], [ 12.18211, 57.31232 ], [ 12.18437, 57.31259 ], [ 12.18831, 57.31389 ], [ 12.18856, 57.31424 ], [ 12.18374, 57.31853 ], [ 12.1847, 57.31874 ], [ 12.17647, 57.31703 ], [ 12.17491, 57.32136 ], [ 12.18072, 57.32337 ], [ 12.17438, 57.32832 ], [ 12.17544, 57.329 ], [ 12.17406, 57.3296 ] ] ] } },
{ "type": "Feature", "properties": { "valdistrikt_kod": "13840801", "valdistrikt_namn": "Ölmevalla Östra", "valdeltagande_riksdag": 88.5, "valdeltagande_region": 86.9, "valdeltagande_kommun": 87.3, "rostberattigade_riksdag": 1798.0, "rostberattigade_region": 1825.0, "rostberattigade_kommun": 1825.0, "kommun_kod": "1384", "kommun_namn": "Kungsbacka", "ar": 2018 }, "geometry": { "type": "Polygon", "coordinates": [ [ [ 12.14115, 57.39696 ], [ 12.13841, 57.39921 ], [ 12.13031, 57.39642 ], [ 12.13127, 57.39481 ], [ 12.12986, 57.39389 ], [ 12.12849, 57.39367 ], [ 12.1272, 57.39478 ], [ 12.1242, 57.39551 ], [ 12.12121, 57.39547 ], [ 12.12351, 57.39421 ], [ 12.12359, 57.39363 ], [ 12.12267, 57.39367 ], [ 12.12263, 57.39339 ], [ 12.12354, 57.39188 ], [ 12.12255, 57.39199 ], [ 12.12163, 57.39128 ], [ 12.12254, 57.39105 ], [ 12.12209, 57.39042 ], [ 12.12125, 57.39113 ], [ 12.12039, 57.39018 ], [ 12.12058, 57.38959 ], [ 12.11906, 57.38927 ], [ 12.11833, 57.38851 ], [ 12.11842, 57.38797 ], [ 12.12061, 57.38773 ], [ 12.12402, 57.38671 ], [ 12.12594, 57.3868 ], [ 12.12399, 57.3864 ], [ 12.12382, 57.38583 ], [ 12.12502, 57.38521 ], [ 12.12576, 57.38408 ], [ 12.12676, 57.38391 ], [ 12.12646, 57.38327 ], [ 12.12793, 57.38306 ], [ 12.12723, 57.38276 ], [ 12.12795, 57.38233 ], [ 12.12775, 57.38157 ], [ 12.12879, 57.38093 ], [ 12.12838, 57.37962 ], [ 12.12718, 57.37935 ], [ 12.12806, 57.37872 ], [ 12.12955, 57.37857 ], [ 12.12973, 57.37742 ], [ 12.12877, 57.37595 ], [ 12.12347, 57.37337 ], [ 12.11974, 57.37017 ], [ 12.1175, 57.36638 ], [ 12.11708, 57.36311 ], [ 12.12608, 57.36349 ], [ 12.12353, 57.35951 ], [ 12.12642, 57.35786 ], [ 12.12861, 57.35503 ], [ 12.12737, 57.35476 ], [ 12.13153, 57.34735 ], [ 12.1286, 57.34696 ], [ 12.12395, 57.34981 ], [ 12.12055, 57.34873 ], [ 12.12097, 57.34835 ], [ 12.11929, 57.34701 ], [ 12.11996, 57.34622 ], [ 12.11584, 57.34257 ], [ 12.11673, 57.33961 ], [ 12.10618, 57.3287 ], [ 12.12135, 57.3244 ], [ 12.13168, 57.331 ], [ 12.13348, 57.33015 ], [ 12.13886, 57.32959 ], [ 12.13946, 57.32997 ], [ 12.1383, 57.33046 ], [ 12.13797, 57.33119 ], [ 12.13823, 57.33165 ], [ 12.13912, 57.33163 ], [ 12.13905, 57.33303 ], [ 12.14312, 57.33312 ], [ 12.14451, 57.33453 ], [ 12.14571, 57.33503 ], [ 12.14967, 57.33415 ], [ 12.15234, 57.33565 ], [ 12.14999, 57.33741 ], [ 12.15206, 57.33818 ], [ 12.14816, 57.34011 ], [ 12.16863, 57.35564 ], [ 12.20054, 57.37509 ], [ 12.21648, 57.37747 ], [ 12.21427, 57.39346 ], [ 12.2081, 57.39099 ], [ 12.20408, 57.3889 ], [ 12.19843, 57.391 ], [ 12.20036, 57.39344 ], [ 12.19054, 57.39351 ], [ 12.16353, 57.39739 ], [ 12.16062, 57.3969 ], [ 12.15952, 57.39611 ], [ 12.15278, 57.39605 ], [ 12.14904, 57.39519 ], [ 12.14115, 57.39696 ] ] ] } },
{ "type": "Feature", "properties": { "valdistrikt_kod": "13840802", "valdistrikt_namn": "Ölmanäs", "valdeltagande_riksdag": 92.0, "valdeltagande_region": 90.8, "valdeltagande_kommun": 91.3, "rostberattigade_riksdag": 1560.0, "rostberattigade_region": 1582.0, "rostberattigade_kommun": 1582.0, "kommun_kod": "1384", "kommun_namn": "Kungsbacka", "ar": 2018 }, "geometry": { "type": "Polygon", "coordinates": [ [ [ 12.12121, 57.39547 ], [ 12.11645, 57.39541 ], [ 12.10239, 57.39137 ], [ 12.07575, 57.38528 ], [ 12.06793, 57.38735 ], [ 12.06573, 57.37174 ], [ 12.05521, 57.37362 ], [ 12.05, 57.36378 ], [ 12.0469, 57.36261 ], [ 12.04458, 57.36054 ], [ 12.02753, 57.36305 ], [ 12.02166, 57.35363 ], [ 12.03376, 57.33727 ], [ 12.02448, 57.31268 ], [ 12.039, 57.31801 ], [ 12.06565, 57.32563 ], [ 12.08714, 57.32683 ], [ 12.10621, 57.32873 ], [ 12.11673, 57.33961 ], [ 12.11584, 57.34257 ], [ 12.10803, 57.34438 ], [ 12.10601, 57.34671 ], [ 12.10575, 57.34744 ], [ 12.10677, 57.34831 ], [ 12.10514, 57.34881 ], [ 12.10765, 57.35598 ], [ 12.10843, 57.35663 ], [ 12.11744, 57.35759 ], [ 12.11676, 57.36016 ], [ 12.11713, 57.3651 ], [ 12.11936, 57.36969 ], [ 12.12322, 57.37319 ], [ 12.12856, 57.37581 ], [ 12.12972, 57.37729 ], [ 12.12955, 57.37857 ], [ 12.12806, 57.37872 ], [ 12.12718, 57.37935 ], [ 12.12838, 57.37962 ], [ 12.12879, 57.38093 ], [ 12.12775, 57.38157 ], [ 12.12795, 57.38233 ], [ 12.12723, 57.38276 ], [ 12.12793, 57.38306 ], [ 12.12646, 57.38327 ], [ 12.12676, 57.38391 ], [ 12.12576, 57.38408 ], [ 12.12502, 57.38521 ], [ 12.12382, 57.38583 ], [ 12.12399, 57.3864 ], [ 12.12594, 57.3868 ], [ 12.12402, 57.38671 ], [ 12.11839, 57.38799 ], [ 12.11882, 57.3891 ], [ 12.12073, 57.38975 ], [ 12.12039, 57.39018 ], [ 12.12125, 57.39113 ], [ 12.12209, 57.39042 ], [ 12.12254, 57.39105 ], [ 12.12163, 57.39128 ], [ 12.12255, 57.39199 ], [ 12.12354, 57.39188 ], [ 12.12263, 57.39339 ], [ 12.12267, 57.39367 ], [ 12.12359, 57.39363 ], [ 12.12351, 57.39421 ], [ 12.12121, 57.39547 ] ] ] } },
{ "type": "Feature", "properties": { "valdistrikt_kod": "13840803", "valdistrikt_namn": "Åsa Centrum", "valdeltagande_riksdag": 82.9, "valdeltagande_region": 85.1, "valdeltagande_kommun": 85.0, "rostberattigade_riksdag": 1789.0, "rostberattigade_region": 1748.0, "rostberattigade_kommun": 1748.0, "kommun_kod": "1384", "kommun_namn": "Kungsbacka", "ar": 2018 }, "geometry": { "type": "Polygon", "coordinates": [ [ [ 12.11584, 57.34257 ], [ 12.11996, 57.34622 ], [ 12.11929, 57.34701 ], [ 12.12097, 57.34835 ], [ 12.12055, 57.34873 ], [ 12.12395, 57.34981 ], [ 12.1286, 57.34696 ], [ 12.13153, 57.34735 ], [ 12.12737, 57.35476 ], [ 12.12861, 57.35503 ], [ 12.12642, 57.35786 ], [ 12.12353, 57.35951 ], [ 12.12608, 57.36349 ], [ 12.11708, 57.36311 ], [ 12.11676, 57.36016 ], [ 12.11744, 57.35759 ], [ 12.10843, 57.35663 ], [ 12.10765, 57.35598 ], [ 12.10514, 57.34881 ], [ 12.10677, 57.34831 ], [ 12.10575, 57.34744 ], [ 12.10601, 57.34671 ], [ 12.10803, 57.34438 ], [ 12.11584, 57.34257 ] ] ] } },
{ "type": "Feature", "properties": { "valdistrikt_kod": "13840901", "valdistrikt_namn": "Gällinge/Idala/Förlanda", "valdeltagande_riksdag": 88.3, "valdeltagande_region": 86.3, "valdeltagande_kommun": 86.5, "rostberattigade_riksdag": 1381.0, "rostberattigade_region": 1409.0, "rostberattigade_kommun": 1409.0, "kommun_kod": "1384", "kommun_namn": "Kungsbacka", "ar": 2018 }, "geometry": { "type": "Polygon", "coordinates": [ [ [ 12.39605, 57.38116 ], [ 12.40921, 57.39336 ], [ 12.40946, 57.39553 ], [ 12.40857, 57.39609 ], [ 12.41105, 57.39775 ], [ 12.41756, 57.3986 ], [ 12.41944, 57.40065 ], [ 12.41745, 57.40633 ], [ 12.41614, 57.40627 ], [ 12.41596, 57.40763 ], [ 12.41235, 57.40769 ], [ 12.41201, 57.40871 ], [ 12.41056, 57.40901 ], [ 12.40515, 57.41288 ], [ 12.40546, 57.41471 ], [ 12.40675, 57.41562 ], [ 12.40942, 57.41568 ], [ 12.40953, 57.41686 ], [ 12.41183, 57.4171 ], [ 12.40824, 57.42053 ], [ 12.4068, 57.42902 ], [ 12.40542, 57.42983 ], [ 12.40609, 57.4308 ], [ 12.40451, 57.43419 ], [ 12.40352, 57.43392 ], [ 12.4041, 57.43445 ], [ 12.40187, 57.4356 ], [ 12.40228, 57.43624 ], [ 12.38996, 57.44003 ], [ 12.39004, 57.44076 ], [ 12.38912, 57.44155 ], [ 12.39058, 57.44222 ], [ 12.38953, 57.44302 ], [ 12.38884, 57.44278 ], [ 12.3884, 57.44327 ], [ 12.38663, 57.44327 ], [ 12.3841, 57.44485 ], [ 12.38024, 57.44563 ], [ 12.37813, 57.44779 ], [ 12.37718, 57.44805 ], [ 12.37783, 57.44885 ], [ 12.37648, 57.44928 ], [ 12.37162, 57.44891 ], [ 12.36761, 57.44975 ], [ 12.36646, 57.44933 ], [ 12.35824, 57.45278 ], [ 12.34553, 57.45052 ], [ 12.33766, 57.45106 ], [ 12.33474, 57.45518 ], [ 12.33297, 57.45528 ], [ 12.33215, 57.45456 ], [ 12.33096, 57.45492 ], [ 12.33013, 57.45643 ], [ 12.32884, 57.457 ], [ 12.32718, 57.45914 ], [ 12.32542, 57.4604 ], [ 12.32436, 57.46029 ], [ 12.3228, 57.46076 ], [ 12.32322, 57.46106 ], [ 12.32254, 57.46204 ], [ 12.33407, 57.47483 ], [ 12.30447, 57.47091 ], [ 12.2892, 57.46924 ], [ 12.27981, 57.46677 ], [ 12.26586, 57.46639 ], [ 12.27127, 57.45772 ], [ 12.28628, 57.4492 ], [ 12.29225, 57.44954 ], [ 12.29317, 57.44713 ], [ 12.29183, 57.446 ], [ 12.29008, 57.44577 ], [ 12.28991, 57.44468 ], [ 12.28882, 57.44377 ], [ 12.28545, 57.44265 ], [ 12.28359, 57.44128 ], [ 12.27739, 57.43826 ], [ 12.27612, 57.43813 ], [ 12.26882, 57.43542 ], [ 12.26636, 57.43405 ], [ 12.26147, 57.43241 ], [ 12.25969, 57.43112 ], [ 12.2563, 57.43064 ], [ 12.25056, 57.42825 ], [ 12.2525, 57.42539 ], [ 12.21427, 57.39346 ], [ 12.21648, 57.37747 ], [ 12.2289, 57.36199 ], [ 12.22717, 57.36188 ], [ 12.22449, 57.36035 ], [ 12.22511, 57.35782 ], [ 12.22844, 57.35577 ], [ 12.23046, 57.35573 ], [ 12.2319, 57.35486 ], [ 12.2343, 57.35457 ], [ 12.23509, 57.35539 ], [ 12.23615, 57.35569 ], [ 12.23623, 57.35711 ], [ 12.23929, 57.35704 ], [ 12.24007, 57.35767 ], [ 12.24208, 57.35786 ], [ 12.24169, 57.35845 ], [ 12.24622, 57.3587 ], [ 12.25905, 57.35883 ], [ 12.29008, 57.35729 ], [ 12.30746, 57.35606 ], [ 12.30799, 57.35629 ], [ 12.31058, 57.35523 ], [ 12.30988, 57.35418 ], [ 12.31445, 57.35226 ], [ 12.34114, 57.34679 ], [ 12.35059, 57.34812 ], [ 12.38698, 57.35153 ], [ 12.39097, 57.36083 ], [ 12.39605, 57.38116 ] ] ] } },
{ "type": "Feature", "properties": { "valdistrikt_kod": "13841201", "valdistrikt_namn": "Fjärås Norra", "valdeltagande_riksdag": 89.2, "valdeltagande_region": 83.7, "valdeltagande_kommun": 84.2, "rostberattigade_riksdag": 1603.0, "rostberattigade_region": 1687.0, "rostberattigade_kommun": 1687.0, "kommun_kod": "1384", "kommun_namn": "Kungsbacka", "ar": 2018 }, "geometry": { "type": "Polygon", "coordinates": [ [ [ 12.30738, 57.5811 ], [ 12.3059, 57.58012 ], [ 12.3038, 57.58003 ], [ 12.30279, 57.57801 ], [ 12.30405, 57.57687 ], [ 12.30815, 57.57638 ], [ 12.31174, 57.5773 ], [ 12.31268, 57.57722 ], [ 12.31053, 57.57632 ], [ 12.30851, 57.5762 ], [ 12.30849, 57.57475 ], [ 12.30771, 57.574 ], [ 12.30286, 57.57175 ], [ 12.29723, 57.5671 ], [ 12.29196, 57.56507 ], [ 12.29204, 57.56339 ], [ 12.29303, 57.56228 ], [ 12.29021, 57.56155 ], [ 12.28754, 57.56189 ], [ 12.2865, 57.56164 ], [ 12.28576, 57.56088 ], [ 12.28365, 57.56032 ], [ 12.27823, 57.56014 ], [ 12.29808, 57.55378 ], [ 12.28994, 57.54726 ], [ 12.28601, 57.55109 ], [ 12.2834, 57.55047 ], [ 12.28805, 57.54578 ], [ 12.28139, 57.54058 ], [ 12.27517, 57.53827 ], [ 12.27167, 57.54175 ], [ 12.26691, 57.54007 ], [ 12.26317, 57.54347 ], [ 12.26222, 57.54281 ], [ 12.25952, 57.54524 ], [ 12.23247, 57.53934 ], [ 12.23997, 57.52998 ], [ 12.23335, 57.52671 ], [ 12.23219, 57.52541 ], [ 12.23437, 57.52432 ], [ 12.23066, 57.52229 ], [ 12.22461, 57.5212 ], [ 12.22222, 57.52309 ], [ 12.21935, 57.52207 ], [ 12.20983, 57.53427 ], [ 12.18909, 57.52966 ], [ 12.19159, 57.51412 ], [ 12.1925, 57.51378 ], [ 12.19172, 57.51292 ], [ 12.19225, 57.5091 ], [ 12.19177, 57.50777 ], [ 12.18129, 57.50007 ], [ 12.174, 57.49751 ], [ 12.17369, 57.49795 ], [ 12.17255, 57.49784 ], [ 12.17191, 57.49824 ], [ 12.17005, 57.49751 ], [ 12.16986, 57.4966 ], [ 12.1679, 57.4961 ], [ 12.16816, 57.4958 ], [ 12.16762, 57.49565 ], [ 12.16619, 57.49549 ], [ 12.16599, 57.49581 ], [ 12.1639, 57.49567 ], [ 12.16373, 57.49609 ], [ 12.16236, 57.49594 ], [ 12.16279, 57.49482 ], [ 12.16191, 57.49476 ], [ 12.15878, 57.49509 ], [ 12.15694, 57.49671 ], [ 12.15375, 57.49723 ], [ 12.15143, 57.49814 ], [ 12.14724, 57.49862 ], [ 12.14379, 57.49842 ], [ 12.14263, 57.49797 ], [ 12.13921, 57.49466 ], [ 12.13578, 57.49301 ], [ 12.13442, 57.49291 ], [ 12.13069, 57.494 ], [ 12.128, 57.4939 ], [ 12.12138, 57.49238 ], [ 12.12023, 57.49136 ], [ 12.11999, 57.48915 ], [ 12.11754, 57.48534 ], [ 12.11861, 57.48268 ], [ 12.11564, 57.47849 ], [ 12.11557, 57.47706 ], [ 12.1162, 57.47652 ], [ 12.11437, 57.47441 ], [ 12.11328, 57.47395 ], [ 12.11364, 57.47318 ], [ 12.11529, 57.47307 ], [ 12.11573, 57.47272 ], [ 12.11444, 57.47252 ], [ 12.11425, 57.47143 ], [ 12.11151, 57.47117 ], [ 12.10968, 57.46969 ], [ 12.11511, 57.46792 ], [ 12.11445, 57.46727 ], [ 12.11879, 57.46455 ], [ 12.12873, 57.46316 ], [ 12.13646, 57.46057 ], [ 12.14006, 57.45443 ], [ 12.13809, 57.45311 ], [ 12.13966, 57.45232 ], [ 12.14819, 57.45237 ], [ 12.16306, 57.45334 ], [ 12.15948, 57.46022 ], [ 12.16029, 57.46305 ], [ 12.16486, 57.46151 ], [ 12.1682, 57.46326 ], [ 12.17296, 57.46472 ], [ 12.17786, 57.46808 ], [ 12.17994, 57.46743 ], [ 12.17979, 57.46649 ], [ 12.18059, 57.46558 ], [ 12.18005, 57.46547 ], [ 12.18296, 57.46184 ], [ 12.18438, 57.46149 ], [ 12.18424, 57.45883 ], [ 12.18184, 57.45818 ], [ 12.18479, 57.45632 ], [ 12.18494, 57.45506 ], [ 12.18729, 57.45442 ], [ 12.18469, 57.45402 ], [ 12.18646, 57.45384 ], [ 12.18636, 57.45344 ], [ 12.18764, 57.45355 ], [ 12.19073, 57.45236 ], [ 12.1907, 57.44916 ], [ 12.19405, 57.44864 ], [ 12.21504, 57.45369 ], [ 12.22904, 57.45179 ], [ 12.25766, 57.46613 ], [ 12.27981, 57.46677 ], [ 12.2892, 57.46924 ], [ 12.30447, 57.47091 ], [ 12.33407, 57.47483 ], [ 12.34438, 57.48643 ], [ 12.34452, 57.48878 ], [ 12.34365, 57.48953 ], [ 12.34408, 57.48988 ], [ 12.34293, 57.48957 ], [ 12.34093, 57.49345 ], [ 12.32536, 57.50764 ], [ 12.31879, 57.51196 ], [ 12.31431, 57.5161 ], [ 12.31305, 57.51629 ], [ 12.31307, 57.51697 ], [ 12.31503, 57.51868 ], [ 12.31293, 57.52076 ], [ 12.31157, 57.52098 ], [ 12.31402, 57.52204 ], [ 12.31331, 57.52382 ], [ 12.32599, 57.54778 ], [ 12.34095, 57.56172 ], [ 12.33247, 57.56648 ], [ 12.32992, 57.56655 ], [ 12.32764, 57.56897 ], [ 12.32544, 57.56987 ], [ 12.31954, 57.57432 ], [ 12.30738, 57.5811 ] ] ] } },
{ "type": "Feature", "properties": { "valdistrikt_kod": "13841202", "valdistrikt_namn": "Fjärås/Må", "valdeltagande_riksdag": 87.1, "valdeltagande_region": 84.2, "valdeltagande_kommun": 84.6, "rostberattigade_riksdag": 1562.0, "rostberattigade_region": 1591.0, "rostberattigade_kommun": 1591.0, "kommun_kod": "1384", "kommun_namn": "Kungsbacka", "ar": 2018 }, "geometry": { "type": "Polygon", "coordinates": [ [ [ 12.18729, 57.45442 ], [ 12.18494, 57.45506 ], [ 12.18479, 57.45632 ], [ 12.18184, 57.45818 ], [ 12.18424, 57.45883 ], [ 12.18438, 57.46149 ], [ 12.18296, 57.46184 ], [ 12.18005, 57.46547 ], [ 12.18059, 57.46558 ], [ 12.17979, 57.46649 ], [ 12.17994, 57.46743 ], [ 12.1785, 57.4681 ], [ 12.17786, 57.46808 ], [ 12.17296, 57.46472 ], [ 12.1682, 57.46326 ], [ 12.16486, 57.46151 ], [ 12.16029, 57.46305 ], [ 12.15948, 57.46022 ], [ 12.16306, 57.45334 ], [ 12.17085, 57.45235 ], [ 12.18729, 57.45442 ] ] ] } },
{ "type": "Feature", "properties": { "valdistrikt_kod": "13841203", "valdistrikt_namn": "Fjärås Södra", "valdeltagande_riksdag": 87.6, "valdeltagande_region": 82.8, "valdeltagande_kommun": 83.5, "rostberattigade_riksdag": 1189.0, "rostberattigade_region": 1235.0, "rostberattigade_kommun": 1235.0, "kommun_kod": "1384", "kommun_namn": "Kungsbacka", "ar": 2018 }, "geometry": { "type": "Polygon", "coordinates": [ [ [ 12.27127, 57.45772 ], [ 12.26586, 57.46639 ], [ 12.25766, 57.46613 ], [ 12.22904, 57.45179 ], [ 12.21504, 57.45369 ], [ 12.19405, 57.44864 ], [ 12.1907, 57.44916 ], [ 12.19073, 57.45236 ], [ 12.18764, 57.45355 ], [ 12.18636, 57.45344 ], [ 12.18646, 57.45384 ], [ 12.18461, 57.45419 ], [ 12.17085, 57.45235 ], [ 12.16181, 57.45346 ], [ 12.14819, 57.45237 ], [ 12.13966, 57.45232 ], [ 12.13819, 57.45137 ], [ 12.13824, 57.45025 ], [ 12.13952, 57.44995 ], [ 12.14679, 57.4451 ], [ 12.15161, 57.43928 ], [ 12.15045, 57.43881 ], [ 12.15068, 57.43852 ], [ 12.14515, 57.43728 ], [ 12.13959, 57.4375 ], [ 12.13779, 57.43699 ], [ 12.13325, 57.4373 ], [ 12.12885, 57.43543 ], [ 12.12506, 57.43532 ], [ 12.12162, 57.43265 ], [ 12.11431, 57.43164 ], [ 12.11811, 57.42885 ], [ 12.11648, 57.42826 ], [ 12.11933, 57.42522 ], [ 12.11866, 57.42412 ], [ 12.11677, 57.42282 ], [ 12.10615, 57.41977 ], [ 12.08643, 57.41851 ], [ 12.05657, 57.40887 ], [ 12.04888, 57.39937 ], [ 12.06231, 57.39228 ], [ 12.06793, 57.38735 ], [ 12.07575, 57.38528 ], [ 12.10239, 57.39137 ], [ 12.11645, 57.39541 ], [ 12.1242, 57.39551 ], [ 12.1272, 57.39478 ], [ 12.12849, 57.39367 ], [ 12.12986, 57.39389 ], [ 12.13127, 57.39481 ], [ 12.13031, 57.39642 ], [ 12.13841, 57.39921 ], [ 12.14115, 57.39696 ], [ 12.14904, 57.39519 ], [ 12.15278, 57.39605 ], [ 12.15952, 57.39611 ], [ 12.16062, 57.3969 ], [ 12.16353, 57.39739 ], [ 12.19054, 57.39351 ], [ 12.20036, 57.39344 ], [ 12.19843, 57.391 ], [ 12.20408, 57.3889 ], [ 12.2081, 57.39099 ], [ 12.21427, 57.39346 ], [ 12.2525, 57.42539 ], [ 12.25056, 57.42825 ], [ 12.2563, 57.43064 ], [ 12.25969, 57.43112 ], [ 12.26147, 57.43241 ], [ 12.26636, 57.43405 ], [ 12.26882, 57.43542 ], [ 12.27612, 57.43813 ], [ 12.27739, 57.43826 ], [ 12.28359, 57.44128 ], [ 12.28545, 57.44265 ], [ 12.28882, 57.44377 ], [ 12.28991, 57.44468 ], [ 12.29008, 57.44577 ], [ 12.29183, 57.446 ], [ 12.29305, 57.44697 ], [ 12.29225, 57.44954 ], [ 12.28628, 57.4492 ], [ 12.27127, 57.45772 ] ] ] } },
{ "type": "Feature", "properties": { "valdistrikt_kod": "13841301", "valdistrikt_namn": "Hanhals", "valdeltagande_riksdag": 88.7, "valdeltagande_region": 86.6, "valdeltagande_kommun": 86.8, "rostberattigade_riksdag": 961.0, "rostberattigade_region": 989.0, "rostberattigade_kommun": 989.0, "kommun_kod": "1384", "kommun_namn": "Kungsbacka", "ar": 2018 }, "geometry": { "type": "Polygon", "coordinates": [ [ [ 12.1169, 57.4799 ], [ 12.11158, 57.48073 ], [ 12.10291, 57.48471 ], [ 12.10053, 57.48281 ], [ 12.10599, 57.48099 ], [ 12.10333, 57.47934 ], [ 12.1041, 57.47892 ], [ 12.10167, 57.4773 ], [ 12.10284, 57.47645 ], [ 12.09741, 57.47269 ], [ 12.09683, 57.47282 ], [ 12.09175, 57.47114 ], [ 12.09153, 57.47146 ], [ 12.08883, 57.47101 ], [ 12.08756, 57.47367 ], [ 12.08402, 57.47312 ], [ 12.08453, 57.47244 ], [ 12.07332, 57.47154 ], [ 12.06993, 57.47008 ], [ 12.07008, 57.46832 ], [ 12.07372, 57.46644 ], [ 12.07424, 57.46542 ], [ 12.07284, 57.46388 ], [ 12.07048, 57.46255 ], [ 12.06023, 57.45276 ], [ 12.06574, 57.43674 ], [ 12.05517, 57.43099 ], [ 12.05015, 57.42141 ], [ 12.05657, 57.40887 ], [ 12.08643, 57.41851 ], [ 12.10615, 57.41977 ], [ 12.11677, 57.42282 ], [ 12.11866, 57.42412 ], [ 12.11933, 57.42522 ], [ 12.11648, 57.42826 ], [ 12.11811, 57.42885 ], [ 12.11431, 57.43164 ], [ 12.12162, 57.43265 ], [ 12.12506, 57.43532 ], [ 12.12885, 57.43543 ], [ 12.13325, 57.4373 ], [ 12.13779, 57.43699 ], [ 12.13959, 57.4375 ], [ 12.14515, 57.43728 ], [ 12.15047, 57.43841 ], [ 12.15045, 57.43881 ], [ 12.15161, 57.43928 ], [ 12.14572, 57.44601 ], [ 12.13952, 57.44995 ], [ 12.13824, 57.45025 ], [ 12.13819, 57.45137 ], [ 12.13966, 57.45232 ], [ 12.13809, 57.45311 ], [ 12.14006, 57.45443 ], [ 12.13646, 57.46057 ], [ 12.12873, 57.46316 ], [ 12.11879, 57.46455 ], [ 12.11445, 57.46727 ], [ 12.11511, 57.46792 ], [ 12.10968, 57.46969 ], [ 12.11151, 57.47117 ], [ 12.11425, 57.47143 ], [ 12.11444, 57.47252 ], [ 12.11567, 57.47262 ], [ 12.11529, 57.47307 ], [ 12.11364, 57.47318 ], [ 12.11325, 57.4738 ], [ 12.11606, 57.47624 ], [ 12.11557, 57.47831 ], [ 12.1169, 57.4799 ] ] ] } },
{ "type": "Feature", "properties": { "valdistrikt_kod": "13841401", "valdistrikt_namn": "Forsbäck/Oskarsberg", "valdeltagande_riksdag": 90.4, "valdeltagande_region": 89.4, "valdeltagande_kommun": 90.5, "rostberattigade_riksdag": 1825.0, "rostberattigade_region": 1842.0, "rostberattigade_kommun": 1842.0, "kommun_kod": "1384", "kommun_namn": "Kungsbacka", "ar": 2018 }, "geometry": { "type": "Polygon", "coordinates": [ [ [ 12.05502, 57.4704 ], [ 12.0534, 57.4711 ], [ 12.04805, 57.46701 ], [ 12.048, 57.46565 ], [ 12.03535, 57.46311 ], [ 12.03925, 57.45903 ], [ 12.03583, 57.45822 ], [ 12.03746, 57.45628 ], [ 12.03542, 57.45574 ], [ 12.03715, 57.45409 ], [ 12.03586, 57.45304 ], [ 12.03569, 57.45212 ], [ 12.03853, 57.44864 ], [ 12.03306, 57.4473 ], [ 12.03494, 57.44517 ], [ 12.04706, 57.44788 ], [ 12.04501, 57.44579 ], [ 12.0446, 57.43968 ], [ 12.04375, 57.43772 ], [ 12.03749, 57.43409 ], [ 12.03528, 57.43111 ], [ 12.0316, 57.42971 ], [ 12.04079, 57.42457 ], [ 12.05115, 57.42333 ], [ 12.05517, 57.43099 ], [ 12.06574, 57.43674 ], [ 12.06023, 57.45276 ], [ 12.0632, 57.4556 ], [ 12.05417, 57.45805 ], [ 12.05674, 57.47016 ], [ 12.05567, 57.47041 ], [ 12.05602, 57.47069 ], [ 12.05532, 57.47095 ], [ 12.05502, 57.4704 ] ] ] } },
{ "type": "Feature", "properties": { "valdistrikt_kod": "13841402", "valdistrikt_namn": "Presse/Skällared", "valdeltagande_riksdag": 91.4, "valdeltagande_region": 90.6, "valdeltagande_kommun": 91.3, "rostberattigade_riksdag": 1538.0, "rostberattigade_region": 1546.0, "rostberattigade_kommun": 1546.0, "kommun_kod": "1384", "kommun_namn": "Kungsbacka", "ar": 2018 }, "geometry": { "type": "Polygon", "coordinates": [ [ [ 12.04541, 57.44664 ], [ 12.04706, 57.44788 ], [ 12.03065, 57.4443 ], [ 12.01296, 57.43795 ], [ 12.01536, 57.43318 ], [ 12.0172, 57.43153 ], [ 12.02084, 57.43254 ], [ 12.02178, 57.43198 ], [ 12.02226, 57.43106 ], [ 12.02176, 57.43075 ], [ 12.02314, 57.4306 ], [ 12.02353, 57.42914 ], [ 12.02172, 57.42918 ], [ 12.02197, 57.42877 ], [ 12.02106, 57.42841 ], [ 12.0241, 57.42691 ], [ 12.02495, 57.42597 ], [ 12.02502, 57.4254 ], [ 12.02432, 57.42525 ], [ 12.02226, 57.42628 ], [ 12.02133, 57.42573 ], [ 12.02229, 57.42472 ], [ 12.02284, 57.42211 ], [ 12.02115, 57.42126 ], [ 12.01958, 57.41891 ], [ 12.02371, 57.41891 ], [ 12.03056, 57.42739 ], [ 12.03148, 57.42961 ], [ 12.03528, 57.43111 ], [ 12.03749, 57.43409 ], [ 12.04364, 57.43759 ], [ 12.0446, 57.43968 ], [ 12.04541, 57.44664 ] ] ] } },
{ "type": "Feature", "properties": { "valdistrikt_kod": "13841403", "valdistrikt_namn": "Onsala Kyrka", "valdeltagande_riksdag": 89.3, "valdeltagande_region": 88.4, "valdeltagande_kommun": 89.1, "rostberattigade_riksdag": 1516.0, "rostberattigade_region": 1528.0, "rostberattigade_kommun": 1528.0, "kommun_kod": "1384", "kommun_namn": "Kungsbacka", "ar": 2018 }, "geometry": { "type": "Polygon", "coordinates": [ [ [ 12.04079, 57.42457 ], [ 12.0316, 57.42971 ], [ 12.03056, 57.42739 ], [ 12.02371, 57.41891 ], [ 12.01958, 57.41891 ], [ 12.01975, 57.41794 ], [ 12.01467, 57.41842 ], [ 12.01454, 57.41477 ], [ 12.013, 57.41518 ], [ 12.01078, 57.41502 ], [ 12.00877, 57.41326 ], [ 12.00745, 57.41325 ], [ 12.00872, 57.41172 ], [ 12.00679, 57.40915 ], [ 12.00477, 57.40899 ], [ 12.00485, 57.40846 ], [ 12.00557, 57.40788 ], [ 12.00636, 57.40818 ], [ 12.00897, 57.40732 ], [ 12.01263, 57.40867 ], [ 12.0154, 57.40735 ], [ 12.02038, 57.41261 ], [ 12.02637, 57.4107 ], [ 12.02416, 57.40902 ], [ 12.03628, 57.40694 ], [ 12.04888, 57.39937 ], [ 12.05657, 57.40887 ], [ 12.05015, 57.42141 ], [ 12.05115, 57.42333 ], [ 12.04079, 57.42457 ] ] ] } },
{ "type": "Feature", "properties": { "valdistrikt_kod": "13841404", "valdistrikt_namn": "Onsala Rydet", "valdeltagande_riksdag": 91.8, "valdeltagande_region": 90.6, "valdeltagande_kommun": 91.3, "rostberattigade_riksdag": 1422.0, "rostberattigade_region": 1441.0, "rostberattigade_kommun": 1441.0, "kommun_kod": "1384", "kommun_namn": "Kungsbacka", "ar": 2018 }, "geometry": { "type": "Polygon", "coordinates": [ [ [ 12.00745, 57.41325 ], [ 12.00567, 57.41411 ], [ 12.00387, 57.41402 ], [ 11.9979, 57.41164 ], [ 11.99743, 57.41277 ], [ 11.99448, 57.41167 ], [ 11.99175, 57.41238 ], [ 11.99128, 57.41105 ], [ 11.9909, 57.41087 ], [ 11.98993, 57.4113 ], [ 11.98886, 57.41083 ], [ 11.99115, 57.40971 ], [ 11.98843, 57.40864 ], [ 11.9883, 57.4096 ], [ 11.98542, 57.4097 ], [ 11.98687, 57.40869 ], [ 11.98538, 57.40748 ], [ 11.98103, 57.407 ], [ 11.98579, 57.40531 ], [ 11.99136, 57.40161 ], [ 11.99446, 57.39781 ], [ 11.99971, 57.39687 ], [ 12.00756, 57.39346 ], [ 12.01057, 57.39369 ], [ 12.01092, 57.39534 ], [ 12.01486, 57.40271 ], [ 12.0154, 57.40735 ], [ 12.01263, 57.40867 ], [ 12.00897, 57.40732 ], [ 12.00636, 57.40818 ], [ 12.00557, 57.40788 ], [ 12.00477, 57.40899 ], [ 12.00679, 57.40915 ], [ 12.00872, 57.41172 ], [ 12.00745, 57.41325 ] ] ] } },
{ "type": "Feature", "properties": { "valdistrikt_kod": "13841405", "valdistrikt_namn": "Gottskär", "valdeltagande_riksdag": 89.8, "valdeltagande_region": 90.4, "valdeltagande_kommun": 90.6, "rostberattigade_riksdag": 1794.0, "rostberattigade_region": 1816.0, "rostberattigade_kommun": 1816.0, "kommun_kod": "1384", "kommun_namn": "Kungsbacka", "ar": 2018 }, "geometry": { "type": "Polygon", "coordinates": [ [ [ 12.02058, 57.41254 ], [ 12.01544, 57.40747 ], [ 12.01486, 57.40271 ], [ 12.01092, 57.39534 ], [ 12.01057, 57.39369 ], [ 12.00756, 57.39346 ], [ 12.00248, 57.38741 ], [ 12.00072, 57.38797 ], [ 11.99975, 57.38233 ], [ 12.00904, 57.37912 ], [ 12.0047, 57.37687 ], [ 12.02883, 57.37134 ], [ 12.02753, 57.36305 ], [ 12.04458, 57.36054 ], [ 12.0469, 57.36261 ], [ 12.05, 57.36378 ], [ 12.05521, 57.37362 ], [ 12.06573, 57.37174 ], [ 12.06793, 57.38735 ], [ 12.06231, 57.39228 ], [ 12.04888, 57.39937 ], [ 12.03628, 57.40694 ], [ 12.02416, 57.40902 ], [ 12.02637, 57.4107 ], [ 12.02058, 57.41254 ] ] ] } },
{ "type": "Feature", "properties": { "valdistrikt_kod": "13841406", "valdistrikt_namn": "Vässingö/Röda Holme", "valdeltagande_riksdag": 91.1, "valdeltagande_region": 89.8, "valdeltagande_kommun": 90.3, "rostberattigade_riksdag": 1636.0, "rostberattigade_region": 1662.0, "rostberattigade_kommun": 1662.0, "kommun_kod": "1384", "kommun_namn": "Kungsbacka", "ar": 2018 }, "geometry": { "type": "Polygon", "coordinates": [ [ [ 12.00756, 57.39346 ], [ 11.99971, 57.39687 ], [ 11.99446, 57.39781 ], [ 11.99183, 57.40127 ], [ 11.98579, 57.40531 ], [ 11.97996, 57.40256 ], [ 11.97905, 57.40107 ], [ 11.97701, 57.40151 ], [ 11.97361, 57.39895 ], [ 11.966, 57.39584 ], [ 11.95718, 57.39419 ], [ 11.94472, 57.39275 ], [ 11.9421, 57.39184 ], [ 11.93731, 57.39189 ], [ 11.9323, 57.38824 ], [ 11.92527, 57.38876 ], [ 11.92159, 57.38827 ], [ 11.91873, 57.38991 ], [ 11.90994, 57.3888 ], [ 11.90756, 57.39127 ], [ 11.90091, 57.39311 ], [ 11.84565, 57.36514 ], [ 11.91799, 57.25978 ], [ 11.92144, 57.26069 ], [ 11.98938, 57.29332 ], [ 12.02018, 57.30864 ], [ 12.02448, 57.31268 ], [ 12.03376, 57.33727 ], [ 12.02166, 57.35363 ], [ 12.02753, 57.36305 ], [ 12.02883, 57.37134 ], [ 12.0047, 57.37687 ], [ 12.00904, 57.37912 ], [ 11.99975, 57.38233 ], [ 12.00018, 57.38488 ], [ 12.00072, 57.38797 ], [ 12.00248, 57.38741 ], [ 12.00756, 57.39346 ] ] ] } },
{ "type": "Feature", "properties": { "valdistrikt_kod": "13841407", "valdistrikt_namn": "Västra Onsala", "valdeltagande_riksdag": 90.5, "valdeltagande_region": 87.7, "valdeltagande_kommun": 88.4, "rostberattigade_riksdag": 1721.0, "rostberattigade_region": 1754.0, "rostberattigade_kommun": 1754.0, "kommun_kod": "1384", "kommun_namn": "Kungsbacka", "ar": 2018 }, "geometry": { "type": "Polygon", "coordinates": [ [ [ 12.01296, 57.43795 ], [ 11.98355, 57.43348 ], [ 11.98241, 57.43372 ], [ 11.98225, 57.43488 ], [ 11.97862, 57.43374 ], [ 11.97936, 57.43287 ], [ 11.9777, 57.43244 ], [ 11.97486, 57.43084 ], [ 11.9734, 57.43071 ], [ 11.97107, 57.43153 ], [ 11.96668, 57.42952 ], [ 11.96368, 57.42883 ], [ 11.9628, 57.4289 ], [ 11.96142, 57.43002 ], [ 11.95886, 57.43003 ], [ 11.95651, 57.43114 ], [ 11.95383, 57.43182 ], [ 11.9422, 57.43122 ], [ 11.93541, 57.43139 ], [ 11.93064, 57.43087 ], [ 11.9266, 57.43096 ], [ 11.92247, 57.42984 ], [ 11.91596, 57.42538 ], [ 11.90644, 57.42745 ], [ 11.89198, 57.42857 ], [ 11.83918, 57.40832 ], [ 11.82154, 57.40011 ], [ 11.84565, 57.36514 ], [ 11.90091, 57.39311 ], [ 11.90756, 57.39127 ], [ 11.90994, 57.3888 ], [ 11.91873, 57.38991 ], [ 11.92159, 57.38827 ], [ 11.92527, 57.38876 ], [ 11.9323, 57.38824 ], [ 11.93731, 57.39189 ], [ 11.9421, 57.39184 ], [ 11.94472, 57.39275 ], [ 11.95718, 57.39419 ], [ 11.966, 57.39584 ], [ 11.96966, 57.39717 ], [ 11.97361, 57.39895 ], [ 11.97701, 57.40151 ], [ 11.97905, 57.40107 ], [ 11.97996, 57.40256 ], [ 11.98579, 57.40531 ], [ 11.98103, 57.407 ], [ 11.98538, 57.40748 ], [ 11.98687, 57.40869 ], [ 11.98542, 57.4097 ], [ 11.9883, 57.4096 ], [ 11.98843, 57.40864 ], [ 11.99115, 57.40971 ], [ 11.98886, 57.41083 ], [ 11.98993, 57.4113 ], [ 11.9909, 57.41087 ], [ 11.99128, 57.41105 ], [ 11.99175, 57.41238 ], [ 11.99448, 57.41167 ], [ 11.99743, 57.41277 ], [ 11.9979, 57.41164 ], [ 12.00387, 57.41402 ], [ 12.00567, 57.41411 ], [ 12.00715, 57.41325 ], [ 12.00877, 57.41326 ], [ 12.01078, 57.41502 ], [ 12.013, 57.41518 ], [ 12.01454, 57.41477 ], [ 12.01467, 57.41842 ], [ 12.01975, 57.41794 ], [ 12.01952, 57.41885 ], [ 12.02032, 57.4202 ], [ 12.02115, 57.42126 ], [ 12.02284, 57.42211 ], [ 12.02229, 57.42472 ], [ 12.02133, 57.42573 ], [ 12.02226, 57.42628 ], [ 12.02432, 57.42525 ], [ 12.02502, 57.4254 ], [ 12.0241, 57.42691 ], [ 12.02106, 57.42841 ], [ 12.02197, 57.42877 ], [ 12.02172, 57.42918 ], [ 12.02353, 57.42914 ], [ 12.02314, 57.4306 ], [ 12.02176, 57.43075 ], [ 12.02226, 57.43106 ], [ 12.02178, 57.43198 ], [ 12.02084, 57.43254 ], [ 12.0172, 57.43153 ], [ 12.01536, 57.43318 ], [ 12.01296, 57.43795 ] ] ] } }
]
}
