{
"type": "FeatureCollection",
"name": "04-trygghet-utsatta-omraden",
"xy_coordinate_resolution": 1e-05,
"features": [
{ "type": "Feature", "properties": { "lagesbild_ar": 2023, "namn": "Araby", "kategori": "Riskområde", "ort": "Växjö", "lokalpolisomrade": "Växjö", "polisregion": "Syd", "halland": false, "yta_km2": 0.891 }, "geometry": { "type": "Polygon", "coordinates": [ [ [ 14.7863, 56.89775 ], [ 14.78665, 56.89567 ], [ 14.78734, 56.89358 ], [ 14.79012, 56.88909 ], [ 14.79462, 56.88958 ], [ 14.79589, 56.88711 ], [ 14.79635, 56.88696 ], [ 14.79685, 56.88709 ], [ 14.79976, 56.88649 ], [ 14.80034, 56.88651 ], [ 14.79887, 56.89124 ], [ 14.79883, 56.89233 ], [ 14.7995, 56.89642 ], [ 14.79841, 56.90111 ], [ 14.79554, 56.90063 ], [ 14.79533, 56.89979 ], [ 14.79333, 56.89974 ], [ 14.78762, 56.89854 ], [ 14.78667, 56.8982 ], [ 14.7863, 56.89775 ] ] ] } },
{ "type": "Feature", "properties": { "lagesbild_ar": 2023, "namn": "Rosengård", "kategori": "Särskilt utsatt område", "ort": "Malmö", "lokalpolisomrade": "Malmö söder", "polisregion": "Syd", "halland": false, "yta_km2": 1.097 }, "geometry": { "type": "Polygon", "coordinates": [ [ [ 13.03134, 55.58991 ], [ 13.03021, 55.5874 ], [ 13.02942, 55.58439 ], [ 13.03079, 55.58414 ], [ 13.03595, 55.58236 ], [ 13.03614, 55.58246 ], [ 13.03776, 55.58198 ], [ 13.04631, 55.57913 ], [ 13.04694, 55.57868 ], [ 13.04674, 55.57771 ], [ 13.04708, 55.57727 ], [ 13.04775, 55.57702 ], [ 13.04768, 55.57689 ], [ 13.04939, 55.57657 ], [ 13.05017, 55.57623 ], [ 13.05116, 55.57755 ], [ 13.05447, 55.58075 ], [ 13.05576, 55.58227 ], [ 13.05486, 55.5825 ], [ 13.05339, 55.5833 ], [ 13.0502, 55.58445 ], [ 13.04373, 55.5866 ], [ 13.03893, 55.58806 ], [ 13.03134, 55.58991 ] ] ] } },
{ "type": "Feature", "properties": { "lagesbild_ar": 2023, "namn": "Gottsunda", "kategori": "Riskområde", "ort": "Uppsala", "lokalpolisomrade": "Uppsala-Knivsta", "polisregion": "Mitt", "halland": false, "yta_km2": 0.915 }, "geometry": { "type": "Polygon", "coordinates": [ [ [ 17.6165, 59.81452 ], [ 17.61506, 59.81432 ], [ 17.61471, 59.81406 ], [ 17.6127, 59.81348 ], [ 17.61287, 59.81315 ], [ 17.61239, 59.81284 ], [ 17.61302, 59.81224 ], [ 17.61417, 59.81194 ], [ 17.6172, 59.80965 ], [ 17.61859, 59.80888 ], [ 17.61974, 59.80727 ], [ 17.62135, 59.80583 ], [ 17.62128, 59.8047 ], [ 17.62213, 59.804 ], [ 17.62326, 59.80354 ], [ 17.62415, 59.80349 ], [ 17.62523, 59.80285 ], [ 17.62926, 59.80423 ], [ 17.63019, 59.80527 ], [ 17.63162, 59.80578 ], [ 17.63186, 59.80608 ], [ 17.633, 59.80643 ], [ 17.63393, 59.80771 ], [ 17.63546, 59.80876 ], [ 17.63533, 59.80963 ], [ 17.6347, 59.81048 ], [ 17.63515, 59.81082 ], [ 17.63344, 59.81195 ], [ 17.63295, 59.81203 ], [ 17.63296, 59.81268 ], [ 17.63083, 59.81261 ], [ 17.62634, 59.81171 ], [ 17.62272, 59.81325 ], [ 17.61988, 59.81525 ], [ 17.61789, 59.81446 ], [ 17.61706, 59.81436 ], [ 17.6165, 59.81452 ] ] ] } },
{ "type": "Feature", "properties": { "lagesbild_ar": 2023, "namn": "Bergsjön", "kategori": "Särskilt utsatt område", "ort": "Göteborg", "lokalpolisomrade": "Storgöteborg nordost", "polisregion": "Väst", "halland": false, "yta_km2": 3.089 }, "geometry": { "type": "Polygon", "coordinates": [ [ [ 12.0748, 57.74737 ], [ 12.07802, 57.74814 ], [ 12.07877, 57.75163 ], [ 12.07872, 57.75305 ], [ 12.0781, 57.75453 ], [ 12.07674, 57.75619 ], [ 12.07605, 57.75673 ], [ 12.07493, 57.75693 ], [ 12.07501, 57.75891 ], [ 12.07476, 57.76009 ], [ 12.07323, 57.76273 ], [ 12.07061, 57.76242 ], [ 12.06804, 57.76251 ], [ 12.06523, 57.76305 ], [ 12.06184, 57.76425 ], [ 12.05958, 57.76451 ], [ 12.05732, 57.76446 ], [ 12.05325, 57.76408 ], [ 12.05167, 57.76371 ], [ 12.05014, 57.76313 ], [ 12.04824, 57.762 ], [ 12.04718, 57.76091 ], [ 12.04675, 57.76004 ], [ 12.04613, 57.75732 ], [ 12.04468, 57.75578 ], [ 12.04516, 57.75171 ], [ 12.0472, 57.75005 ], [ 12.06309, 57.74734 ], [ 12.07121, 57.74724 ], [ 12.0748, 57.74737 ] ] ] } },
{ "type": "Feature", "properties": { "lagesbild_ar": 2023, "namn": "Skäggetorp", "kategori": "Särskilt utsatt område", "ort": "Linköping", "lokalpolisomrade": "Linköping", "polisregion": "Öst", "halland": false, "yta_km2": 1.279 }, "geometry": { "type": "Polygon", "coordinates": [ [ [ 15.56745, 58.43068 ], [ 15.56908, 58.42508 ], [ 15.57003, 58.42409 ], [ 15.57163, 58.42347 ], [ 15.57701, 58.42196 ], [ 15.58102, 58.42136 ], [ 15.58541, 58.42134 ], [ 15.59001, 58.42198 ], [ 15.59125, 58.42259 ], [ 15.59152, 58.42326 ], [ 15.59103, 58.42409 ], [ 15.59006, 58.42491 ], [ 15.5871, 58.42672 ], [ 15.58443, 58.43033 ], [ 15.583, 58.43154 ], [ 15.58152, 58.43236 ], [ 15.57833, 58.43279 ], [ 15.57502, 58.43295 ], [ 15.57146, 58.43273 ], [ 15.56946, 58.43235 ], [ 15.56814, 58.43167 ], [ 15.56745, 58.43068 ] ] ] } },
{ "type": "Feature", "properties": { "lagesbild_ar": 2023, "namn": "Biskopsgården", "kategori": "Riskområde", "ort": "Göteborg", "lokalpolisomrade": "Storgöteborg Hisingen", "polisregion": "Väst", "halland": false, "yta_km2": 3.288 }, "geometry": { "type": "Polygon", "coordinates": [ [ [ 11.87885, 57.70686 ], [ 11.87921, 57.70588 ], [ 11.87838, 57.7052 ], [ 11.88048, 57.70461 ], [ 11.88208, 57.70437 ], [ 11.884, 57.70432 ], [ 11.8855, 57.70443 ], [ 11.88765, 57.70486 ], [ 11.88891, 57.70552 ], [ 11.88966, 57.70655 ], [ 11.8896, 57.70729 ], [ 11.89077, 57.70796 ], [ 11.89131, 57.70881 ], [ 11.89431, 57.71039 ], [ 11.8955, 57.71136 ], [ 11.89644, 57.71238 ], [ 11.89646, 57.71302 ], [ 11.89867, 57.71335 ], [ 11.89883, 57.71519 ], [ 11.89756, 57.71719 ], [ 11.89693, 57.72521 ], [ 11.89878, 57.72711 ], [ 11.90076, 57.72811 ], [ 11.90149, 57.72784 ], [ 11.90194, 57.72991 ], [ 11.90055, 57.73044 ], [ 11.90195, 57.73433 ], [ 11.89992, 57.73837 ], [ 11.90326, 57.74011 ], [ 11.90023, 57.74133 ], [ 11.8979, 57.74197 ], [ 11.89388, 57.73951 ], [ 11.8881, 57.73784 ], [ 11.8839, 57.73399 ], [ 11.88403, 57.72939 ], [ 11.88475, 57.72348 ], [ 11.88481, 57.72129 ], [ 11.88443, 57.72064 ], [ 11.8845, 57.7198 ], [ 11.88497, 57.71881 ], [ 11.88527, 57.71687 ], [ 11.88489, 57.71467 ], [ 11.88436, 57.7136 ], [ 11.88285, 57.71238 ], [ 11.88258, 57.71191 ], [ 11.87834, 57.71071 ], [ 11.87825, 57.70808 ], [ 11.87841, 57.70707 ], [ 11.87885, 57.70686 ] ] ] } },
{ "type": "Feature", "properties": { "lagesbild_ar": 2023, "namn": "Husby", "kategori": "Särskilt utsatt område", "ort": "Stockholm", "lokalpolisomrade": "Järva", "polisregion": "Stockholm", "halland": false, "yta_km2": 0.926 }, "geometry": { "type": "Polygon", "coordinates": [ [ [ 17.93038, 59.41441 ], [ 17.92931, 59.41396 ], [ 17.92863, 59.41392 ], [ 17.92461, 59.41503 ], [ 17.92249, 59.41264 ], [ 17.92267, 59.41232 ], [ 17.92378, 59.41185 ], [ 17.92263, 59.41128 ], [ 17.92235, 59.41143 ], [ 17.92139, 59.41094 ], [ 17.92138, 59.41057 ], [ 17.92109, 59.41038 ], [ 17.91936, 59.40964 ], [ 17.91734, 59.40906 ], [ 17.91675, 59.40865 ], [ 17.91669, 59.408 ], [ 17.91789, 59.4074 ], [ 17.91619, 59.40697 ], [ 17.91539, 59.40625 ], [ 17.92042, 59.40429 ], [ 17.92356, 59.40339 ], [ 17.92474, 59.40442 ], [ 17.92473, 59.40471 ], [ 17.92746, 59.40387 ], [ 17.92782, 59.40467 ], [ 17.92937, 59.40475 ], [ 17.93112, 59.40461 ], [ 17.93192, 59.40492 ], [ 17.93296, 59.40456 ], [ 17.93497, 59.40602 ], [ 17.93596, 59.40638 ], [ 17.9378, 59.40753 ], [ 17.93603, 59.40857 ], [ 17.93455, 59.40977 ], [ 17.93203, 59.41338 ], [ 17.93038, 59.41441 ] ] ] } },
{ "type": "Feature", "properties": { "lagesbild_ar": 2023, "namn": "Karlslund", "kategori": "Utsatt område", "ort": "Landskrona", "lokalpolisomrade": "Landskrona", "polisregion": "Syd", "halland": false, "yta_km2": 0.463 }, "geometry": { "type": "Polygon", "coordinates": [ [ [ 12.84621, 55.89408 ], [ 12.84038, 55.88785 ], [ 12.83994, 55.88767 ], [ 12.83934, 55.88768 ], [ 12.83921, 55.8874 ], [ 12.84107, 55.88695 ], [ 12.83973, 55.88536 ], [ 12.84478, 55.88432 ], [ 12.853, 55.89184 ], [ 12.852, 55.89238 ], [ 12.84705, 55.89408 ], [ 12.84651, 55.89419 ], [ 12.84621, 55.89408 ] ] ] } },
{ "type": "Feature", "properties": { "lagesbild_ar": 2023, "namn": "Rinkeby / Tensta", "kategori": "Särskilt utsatt område", "ort": "Stockholm", "lokalpolisomrade": "Järva", "polisregion": "Stockholm", "halland": false, "yta_km2": 2.93 }, "geometry": { "type": "Polygon", "coordinates": [ [ [ 17.9186, 59.38675 ], [ 17.92351, 59.38529 ], [ 17.92572, 59.38495 ], [ 17.93054, 59.38386 ], [ 17.93075, 59.3841 ], [ 17.93195, 59.38383 ], [ 17.93316, 59.38336 ], [ 17.9341, 59.38264 ], [ 17.9354, 59.38235 ], [ 17.93629, 59.38373 ], [ 17.93879, 59.38578 ], [ 17.93934, 59.38659 ], [ 17.93977, 59.38842 ], [ 17.93947, 59.38893 ], [ 17.93651, 59.3907 ], [ 17.93369, 59.39178 ], [ 17.92973, 59.39274 ], [ 17.9238, 59.39384 ], [ 17.91988, 59.39473 ], [ 17.9124, 59.3971 ], [ 17.90946, 59.39784 ], [ 17.90278, 59.3988 ], [ 17.89488, 59.39961 ], [ 17.88444, 59.4 ], [ 17.88388, 59.39966 ], [ 17.88477, 59.39879 ], [ 17.88343, 59.39809 ], [ 17.88147, 59.39749 ], [ 17.88179, 59.39722 ], [ 17.88727, 59.39421 ], [ 17.889, 59.39365 ], [ 17.88985, 59.39316 ], [ 17.89139, 59.39282 ], [ 17.89337, 59.39208 ], [ 17.89395, 59.39128 ], [ 17.8949, 59.39074 ], [ 17.89537, 59.3902 ], [ 17.89629, 59.39 ], [ 17.897, 59.39016 ], [ 17.89827, 59.38979 ], [ 17.9002, 59.39011 ], [ 17.90207, 59.38972 ], [ 17.90718, 59.38802 ], [ 17.90853, 59.38784 ], [ 17.9105, 59.38726 ], [ 17.9134, 59.38709 ], [ 17.91583, 59.38751 ], [ 17.91699, 59.38703 ], [ 17.9186, 59.38675 ] ] ] } },
{ "type": "Feature", "properties": { "lagesbild_ar": 2023, "namn": "Södra Sofielund (Seved)", "kategori": "Riskområde", "ort": "Malmö", "lokalpolisomrade": "Malmö norr", "polisregion": "Syd", "halland": false, "yta_km2": 0.325 }, "geometry": { "type": "Polygon", "coordinates": [ [ [ 13.00983, 55.58585 ], [ 13.00685, 55.58429 ], [ 13.00699, 55.58422 ], [ 13.0199, 55.57925 ], [ 13.01892, 55.58424 ], [ 13.01141, 55.58706 ], [ 13.00983, 55.58585 ] ] ] } },
{ "type": "Feature", "properties": { "lagesbild_ar": 2023, "namn": "Tynnered / Grevgården / Opaltorget", "kategori": "Riskområde", "ort": "Västra Frölunda", "lokalpolisomrade": "Storgöteborg syd", "polisregion": "Väst", "halland": false, "yta_km2": 1.217 }, "geometry": { "type": "Polygon", "coordinates": [ [ [ 11.91723, 57.64494 ], [ 11.91743, 57.6478 ], [ 11.91149, 57.64961 ], [ 11.90457, 57.65249 ], [ 11.90355, 57.65189 ], [ 11.90208, 57.65136 ], [ 11.89226, 57.64858 ], [ 11.89464, 57.64516 ], [ 11.89462, 57.64407 ], [ 11.89403, 57.64391 ], [ 11.89432, 57.64333 ], [ 11.89457, 57.64295 ], [ 11.89511, 57.64287 ], [ 11.89725, 57.63976 ], [ 11.89958, 57.64021 ], [ 11.9004, 57.64023 ], [ 11.90142, 57.63997 ], [ 11.90376, 57.6388 ], [ 11.90436, 57.6388 ], [ 11.90551, 57.63927 ], [ 11.90602, 57.63922 ], [ 11.90612, 57.64055 ], [ 11.90478, 57.64354 ], [ 11.90483, 57.64396 ], [ 11.90893, 57.6444 ], [ 11.91035, 57.64436 ], [ 11.91426, 57.6449 ], [ 11.91723, 57.64494 ] ] ] } },
{ "type": "Feature", "properties": { "lagesbild_ar": 2023, "namn": "Lövgärdet", "kategori": "Särskilt utsatt område", "ort": "Göteborg", "lokalpolisomrade": "Storgöteborg nordost", "polisregion": "Väst", "halland": false, "yta_km2": 1.113 }, "geometry": { "type": "Polygon", "coordinates": [ [ [ 12.0549, 57.81162 ], [ 12.05166, 57.81406 ], [ 12.04754, 57.81394 ], [ 12.04448, 57.81346 ], [ 12.04432, 57.81468 ], [ 12.04345, 57.81578 ], [ 12.04358, 57.81634 ], [ 12.0432, 57.81689 ], [ 12.0425, 57.8177 ], [ 12.04108, 57.81878 ], [ 12.04096, 57.8196 ], [ 12.03942, 57.82051 ], [ 12.03916, 57.82086 ], [ 12.03799, 57.82108 ], [ 12.03796, 57.8215 ], [ 12.0365, 57.82174 ], [ 12.03496, 57.82167 ], [ 12.03144, 57.82055 ], [ 12.03092, 57.82025 ], [ 12.03056, 57.81956 ], [ 12.03086, 57.81707 ], [ 12.03185, 57.81642 ], [ 12.03322, 57.81614 ], [ 12.03439, 57.81516 ], [ 12.03416, 57.81473 ], [ 12.03286, 57.81439 ], [ 12.03242, 57.81326 ], [ 12.03347, 57.81313 ], [ 12.03499, 57.81226 ], [ 12.03952, 57.81173 ], [ 12.03921, 57.81104 ], [ 12.03802, 57.80998 ], [ 12.03806, 57.80973 ], [ 12.04132, 57.80793 ], [ 12.04248, 57.80845 ], [ 12.04404, 57.80871 ], [ 12.04847, 57.80853 ], [ 12.05249, 57.80882 ], [ 12.05421, 57.80874 ], [ 12.0549, 57.81162 ] ] ] } },
{ "type": "Feature", "properties": { "lagesbild_ar": 2023, "namn": "Norrby", "kategori": "Särskilt utsatt område", "ort": "Borås", "lokalpolisomrade": "Borås", "polisregion": "Väst", "halland": false, "yta_km2": 0.257 }, "geometry": { "type": "Polygon", "coordinates": [ [ [ 12.92842, 57.72716 ], [ 12.92309, 57.72549 ], [ 12.92565, 57.72419 ], [ 12.92948, 57.72125 ], [ 12.93012, 57.72161 ], [ 12.9316, 57.72315 ], [ 12.9342, 57.72468 ], [ 12.93528, 57.72567 ], [ 12.93459, 57.72631 ], [ 12.9334, 57.72691 ], [ 12.93205, 57.72726 ], [ 12.93045, 57.7274 ], [ 12.92842, 57.72716 ] ] ] } },
{ "type": "Feature", "properties": { "lagesbild_ar": 2023, "namn": "Hässleholmen/  Hulta", "kategori": "Särskilt utsatt område", "ort": "Borås", "lokalpolisomrade": "Borås", "polisregion": "Väst", "halland": false, "yta_km2": 3.348 }, "geometry": { "type": "Polygon", "coordinates": [ [ [ 12.97176, 57.73782 ], [ 12.96785, 57.73064 ], [ 12.96747, 57.73039 ], [ 12.96718, 57.72776 ], [ 12.96821, 57.72554 ], [ 12.96718, 57.72455 ], [ 12.96781, 57.72391 ], [ 12.97073, 57.72321 ], [ 12.97161, 57.72314 ], [ 12.97118, 57.72152 ], [ 12.97194, 57.72077 ], [ 12.96578, 57.71862 ], [ 12.9684, 57.7141 ], [ 12.97087, 57.71313 ], [ 12.97182, 57.71378 ], [ 12.97329, 57.71279 ], [ 12.97757, 57.71158 ], [ 12.98536, 57.71155 ], [ 12.98985, 57.71467 ], [ 12.99053, 57.71459 ], [ 12.99172, 57.71563 ], [ 12.98886, 57.71667 ], [ 12.98836, 57.71724 ], [ 12.98595, 57.71771 ], [ 12.98439, 57.71848 ], [ 12.98593, 57.71949 ], [ 12.98698, 57.72066 ], [ 12.98923, 57.72544 ], [ 12.98949, 57.72674 ], [ 12.98943, 57.72824 ], [ 12.98836, 57.73139 ], [ 12.98894, 57.73206 ], [ 12.98977, 57.73382 ], [ 12.98712, 57.73766 ], [ 12.97176, 57.73782 ] ] ] } },
{ "type": "Feature", "properties": { "lagesbild_ar": 2023, "namn": "Hallunda / Norsborg", "kategori": "Särskilt utsatt område", "ort": "Botkyrka", "lokalpolisomrade": "Botkyrka", "polisregion": "Stockholm", "halland": false, "yta_km2": 3.086 }, "geometry": { "type": "Polygon", "coordinates": [ [ [ 17.81051, 59.23955 ], [ 17.81631, 59.2397 ], [ 17.81868, 59.23945 ], [ 17.82109, 59.23949 ], [ 17.82755, 59.24063 ], [ 17.83044, 59.24043 ], [ 17.83385, 59.24043 ], [ 17.83452, 59.2403 ], [ 17.83623, 59.24115 ], [ 17.83729, 59.24204 ], [ 17.83864, 59.24406 ], [ 17.83986, 59.24536 ], [ 17.84103, 59.24622 ], [ 17.84265, 59.24705 ], [ 17.84207, 59.24731 ], [ 17.8427, 59.24753 ], [ 17.84305, 59.24826 ], [ 17.8427, 59.24944 ], [ 17.84237, 59.24958 ], [ 17.84155, 59.24952 ], [ 17.83749, 59.24988 ], [ 17.83108, 59.25015 ], [ 17.83086, 59.25067 ], [ 17.83106, 59.25172 ], [ 17.82982, 59.2514 ], [ 17.82907, 59.25142 ], [ 17.82641, 59.25208 ], [ 17.82471, 59.25222 ], [ 17.82502, 59.25401 ], [ 17.82565, 59.25483 ], [ 17.82542, 59.25565 ], [ 17.82386, 59.25575 ], [ 17.82286, 59.25506 ], [ 17.82211, 59.25479 ], [ 17.82026, 59.25466 ], [ 17.81961, 59.25432 ], [ 17.81614, 59.25451 ], [ 17.81273, 59.25542 ], [ 17.81074, 59.25566 ], [ 17.80608, 59.25544 ], [ 17.80552, 59.2536 ], [ 17.80619, 59.25262 ], [ 17.80625, 59.25212 ], [ 17.80592, 59.25164 ], [ 17.80449, 59.25123 ], [ 17.80571, 59.25083 ], [ 17.80535, 59.24788 ], [ 17.80592, 59.2476 ], [ 17.80558, 59.24447 ], [ 17.80009, 59.24483 ], [ 17.79908, 59.24476 ], [ 17.79846, 59.24454 ], [ 17.79808, 59.24411 ], [ 17.79761, 59.24025 ], [ 17.80148, 59.2397 ], [ 17.80694, 59.24017 ], [ 17.81051, 59.23955 ] ] ] } },
{ "type": "Feature", "properties": { "lagesbild_ar": 2023, "namn": "Vivalla", "kategori": "Särskilt utsatt område", "ort": "Örebro", "lokalpolisomrade": "Örebro", "polisregion": "Bergslagen", "halland": false, "yta_km2": 1.046 }, "geometry": { "type": "Polygon", "coordinates": [ [ [ 15.17514, 59.30142 ], [ 15.18013, 59.29638 ], [ 15.18093, 59.29583 ], [ 15.19472, 59.29404 ], [ 15.19584, 59.2941 ], [ 15.19682, 59.29453 ], [ 15.19714, 59.29511 ], [ 15.19393, 59.30477 ], [ 15.1817, 59.30394 ], [ 15.18028, 59.30373 ], [ 15.17883, 59.30325 ], [ 15.17514, 59.30142 ] ] ] } },
{ "type": "Feature", "properties": { "lagesbild_ar": 2023, "namn": "Alby", "kategori": "Särskilt utsatt område", "ort": "Botkyrka", "lokalpolisomrade": "Botkyrka", "polisregion": "Stockholm", "halland": false, "yta_km2": 2.347 }, "geometry": { "type": "Polygon", "coordinates": [ [ [ 17.86904, 59.24257 ], [ 17.84164, 59.24381 ], [ 17.8411, 59.24399 ], [ 17.83982, 59.24339 ], [ 17.83801, 59.24302 ], [ 17.8366, 59.24143 ], [ 17.83452, 59.2403 ], [ 17.83688, 59.23898 ], [ 17.8371, 59.23682 ], [ 17.83774, 59.23587 ], [ 17.83882, 59.2353 ], [ 17.8415, 59.2345 ], [ 17.8428, 59.23351 ], [ 17.84294, 59.23251 ], [ 17.842, 59.23086 ], [ 17.8471, 59.23058 ], [ 17.86934, 59.23174 ], [ 17.87009, 59.23246 ], [ 17.86874, 59.23696 ], [ 17.86862, 59.23998 ], [ 17.86904, 59.24257 ] ] ] } },
{ "type": "Feature", "properties": { "lagesbild_ar": 2023, "namn": "Hjällbo", "kategori": "Särskilt utsatt område", "ort": "Göteborg", "lokalpolisomrade": "Storgöteborg nordost", "polisregion": "Väst", "halland": false, "yta_km2": 1.185 }, "geometry": { "type": "Polygon", "coordinates": [ [ [ 12.01921, 57.77719 ], [ 12.01932, 57.77508 ], [ 12.018, 57.77234 ], [ 12.01434, 57.77189 ], [ 12.01225, 57.77005 ], [ 12.01128, 57.76668 ], [ 12.01139, 57.76581 ], [ 12.01284, 57.76467 ], [ 12.01349, 57.76448 ], [ 12.01876, 57.76468 ], [ 12.0205, 57.7651 ], [ 12.02489, 57.76555 ], [ 12.02861, 57.76626 ], [ 12.03366, 57.76788 ], [ 12.03356, 57.76903 ], [ 12.03409, 57.76941 ], [ 12.03454, 57.76936 ], [ 12.03319, 57.77208 ], [ 12.03103, 57.7718 ], [ 12.03005, 57.77321 ], [ 12.02638, 57.77453 ], [ 12.02503, 57.77571 ], [ 12.02109, 57.777 ], [ 12.01921, 57.77719 ] ] ] } },
{ "type": "Feature", "properties": { "lagesbild_ar": 2023, "namn": "Ronna / Geneta / Lina", "kategori": "Särskilt utsatt område", "ort": "Södertälje", "lokalpolisomrade": "Södertälje", "polisregion": "Stockholm", "halland": false, "yta_km2": 3.274 }, "geometry": { "type": "Polygon", "coordinates": [ [ [ 17.58238, 59.21166 ], [ 17.5838, 59.20944 ], [ 17.58223, 59.2085 ], [ 17.583, 59.2064 ], [ 17.5823, 59.20393 ], [ 17.57525, 59.20276 ], [ 17.57466, 59.20212 ], [ 17.5766, 59.19936 ], [ 17.57609, 59.19679 ], [ 17.57438, 59.19624 ], [ 17.57322, 59.19539 ], [ 17.57039, 59.19143 ], [ 17.57134, 59.19153 ], [ 17.57135, 59.19049 ], [ 17.57219, 59.18922 ], [ 17.57354, 59.18851 ], [ 17.57996, 59.18807 ], [ 17.58428, 59.18707 ], [ 17.58697, 59.18707 ], [ 17.58763, 59.18694 ], [ 17.58871, 59.18757 ], [ 17.59188, 59.18862 ], [ 17.59316, 59.18932 ], [ 17.59387, 59.19002 ], [ 17.59577, 59.19302 ], [ 17.59756, 59.19435 ], [ 17.6, 59.19514 ], [ 17.60542, 59.19595 ], [ 17.60492, 59.19658 ], [ 17.59536, 59.19732 ], [ 17.59472, 59.19855 ], [ 17.5964, 59.19919 ], [ 17.60064, 59.20193 ], [ 17.60253, 59.20267 ], [ 17.60113, 59.2043 ], [ 17.59986, 59.20728 ], [ 17.59971, 59.20855 ], [ 17.5991, 59.20939 ], [ 17.59795, 59.20994 ], [ 17.59663, 59.21015 ], [ 17.5956, 59.21014 ], [ 17.59356, 59.2098 ], [ 17.59259, 59.21078 ], [ 17.59241, 59.21174 ], [ 17.59133, 59.21196 ], [ 17.58804, 59.2141 ], [ 17.58541, 59.21364 ], [ 17.58194, 59.21393 ], [ 17.58238, 59.21166 ] ] ] } },
{ "type": "Feature", "properties": { "lagesbild_ar": 2023, "namn": "Hammarkullen", "kategori": "Särskilt utsatt område", "ort": "Göteborg", "lokalpolisomrade": "Storgöteborg nordost", "polisregion": "Väst", "halland": false, "yta_km2": 2.248 }, "geometry": { "type": "Polygon", "coordinates": [ [ [ 12.03092, 57.78655 ], [ 12.02794, 57.78662 ], [ 12.02752, 57.78371 ], [ 12.02346, 57.78057 ], [ 12.0248, 57.77994 ], [ 12.02503, 57.77623 ], [ 12.02616, 57.77484 ], [ 12.03486, 57.77493 ], [ 12.0377, 57.77458 ], [ 12.04662, 57.77543 ], [ 12.05072, 57.77554 ], [ 12.05308, 57.77582 ], [ 12.05272, 57.7865 ], [ 12.04868, 57.78664 ], [ 12.04832, 57.78726 ], [ 12.04292, 57.78876 ], [ 12.0412, 57.78969 ], [ 12.04033, 57.78931 ], [ 12.03729, 57.78855 ], [ 12.03289, 57.78688 ], [ 12.03092, 57.78655 ] ] ] } },
{ "type": "Feature", "properties": { "lagesbild_ar": 2023, "namn": "Fittja", "kategori": "Särskilt utsatt område", "ort": "Botkyrka", "lokalpolisomrade": "Botkyrka", "polisregion": "Stockholm", "halland": false, "yta_km2": 2.27 }, "geometry": { "type": "Polygon", "coordinates": [ [ [ 17.8411, 59.24399 ], [ 17.84164, 59.24381 ], [ 17.86904, 59.24257 ], [ 17.86943, 59.24321 ], [ 17.86873, 59.24595 ], [ 17.87031, 59.24793 ], [ 17.87267, 59.24817 ], [ 17.87325, 59.24905 ], [ 17.87175, 59.2502 ], [ 17.87036, 59.25027 ], [ 17.86978, 59.25415 ], [ 17.87249, 59.25414 ], [ 17.87269, 59.25494 ], [ 17.87169, 59.25762 ], [ 17.86368, 59.2602 ], [ 17.85486, 59.26062 ], [ 17.85383, 59.25835 ], [ 17.85417, 59.25822 ], [ 17.85408, 59.25751 ], [ 17.85497, 59.25613 ], [ 17.85379, 59.25432 ], [ 17.85385, 59.25347 ], [ 17.85336, 59.25327 ], [ 17.85293, 59.25267 ], [ 17.85327, 59.25185 ], [ 17.85304, 59.25136 ], [ 17.85058, 59.25003 ], [ 17.84343, 59.24738 ], [ 17.8417, 59.24659 ], [ 17.83959, 59.24513 ], [ 17.83801, 59.24302 ], [ 17.83982, 59.24339 ], [ 17.8411, 59.24399 ] ] ] } },
{ "type": "Feature", "properties": { "lagesbild_ar": 2023, "namn": "Nydala / Hermodsdal / Lindängen", "kategori": "Särskilt utsatt område", "ort": "Malmö", "lokalpolisomrade": "Malmö söder", "polisregion": "Syd", "halland": false, "yta_km2": 1.239 }, "geometry": { "type": "Polygon", "coordinates": [ [ [ 13.01569, 55.57579 ], [ 13.01337, 55.57184 ], [ 13.01289, 55.57023 ], [ 13.00856, 55.562 ], [ 13.00817, 55.55957 ], [ 13.00875, 55.55909 ], [ 13.01066, 55.55881 ], [ 13.01738, 55.55835 ], [ 13.02001, 55.55835 ], [ 13.02073, 55.55863 ], [ 13.02108, 55.56024 ], [ 13.02201, 55.56893 ], [ 13.02269, 55.57044 ], [ 13.02395, 55.57213 ], [ 13.02408, 55.57279 ], [ 13.02383, 55.5733 ], [ 13.02333, 55.57358 ], [ 13.01955, 55.57447 ], [ 13.01569, 55.57579 ] ] ] } },
{ "type": "Feature", "properties": { "lagesbild_ar": 2023, "namn": "Finnsta", "kategori": "Utsatt område", "ort": "Upplands Bro", "lokalpolisomrade": "Järfälla", "polisregion": "Stockholm", "halland": false, "yta_km2": 0.492 }, "geometry": { "type": "Polygon", "coordinates": [ [ [ 17.63333, 59.52179 ], [ 17.63296, 59.52176 ], [ 17.63289, 59.52137 ], [ 17.63112, 59.51913 ], [ 17.63524, 59.5178 ], [ 17.63533, 59.51743 ], [ 17.63411, 59.51597 ], [ 17.6362, 59.51579 ], [ 17.64459, 59.51385 ], [ 17.65375, 59.51014 ], [ 17.65566, 59.51142 ], [ 17.65616, 59.51361 ], [ 17.65104, 59.51382 ], [ 17.65015, 59.51321 ], [ 17.64562, 59.51499 ], [ 17.64565, 59.51535 ], [ 17.6463, 59.51571 ], [ 17.64665, 59.51644 ], [ 17.6449, 59.51676 ], [ 17.64246, 59.51794 ], [ 17.6406, 59.51909 ], [ 17.63978, 59.51919 ], [ 17.63846, 59.51987 ], [ 17.6382, 59.52019 ], [ 17.63333, 59.52179 ] ] ] } },
{ "type": "Feature", "properties": { "lagesbild_ar": 2023, "namn": "Gamlegården", "kategori": "Utsatt område", "ort": "Kristianstad", "lokalpolisomrade": "Kristianstad", "polisregion": "Syd", "halland": false, "yta_km2": 1.092 }, "geometry": { "type": "Polygon", "coordinates": [ [ [ 14.1606, 56.05222 ], [ 14.16277, 56.05509 ], [ 14.16984, 56.0615 ], [ 14.16393, 56.06602 ], [ 14.15156, 56.06105 ], [ 14.14914, 56.05713 ], [ 14.15266, 56.05441 ], [ 14.1551, 56.05354 ], [ 14.1606, 56.05222 ] ] ] } },
{ "type": "Feature", "properties": { "lagesbild_ar": 2023, "namn": "Kronogården / Lextorp / Sylte", "kategori": "Riskområde", "ort": "Trollhättan", "lokalpolisomrade": "Östra Fyrbodal", "polisregion": "Väst", "halland": false, "yta_km2": 1.308 }, "geometry": { "type": "Polygon", "coordinates": [ [ [ 12.29459, 58.26684 ], [ 12.30397, 58.26163 ], [ 12.31465, 58.26479 ], [ 12.31521, 58.26741 ], [ 12.31524, 58.26911 ], [ 12.31494, 58.27131 ], [ 12.31427, 58.27342 ], [ 12.31294, 58.27392 ], [ 12.31166, 58.27505 ], [ 12.30927, 58.27517 ], [ 12.30553, 58.27367 ], [ 12.2994, 58.27488 ], [ 12.29459, 58.26684 ] ] ] } },
{ "type": "Feature", "properties": { "lagesbild_ar": 2023, "namn": "Vårby", "kategori": "Utsatt område", "ort": "Huddinge", "lokalpolisomrade": "Huddinge", "polisregion": "Stockholm", "halland": false, "yta_km2": 2.143 }, "geometry": { "type": "Polygon", "coordinates": [ [ [ 17.87722, 59.24574 ], [ 17.87947, 59.24496 ], [ 17.8838, 59.24472 ], [ 17.8895, 59.24493 ], [ 17.88187, 59.25011 ], [ 17.88211, 59.25508 ], [ 17.8848, 59.25608 ], [ 17.88718, 59.25754 ], [ 17.89073, 59.26106 ], [ 17.89184, 59.2619 ], [ 17.89355, 59.26285 ], [ 17.89677, 59.26409 ], [ 17.8963, 59.26572 ], [ 17.89359, 59.26633 ], [ 17.89122, 59.26655 ], [ 17.8912, 59.2674 ], [ 17.88964, 59.26755 ], [ 17.88967, 59.26825 ], [ 17.89045, 59.269 ], [ 17.8922, 59.26935 ], [ 17.89221, 59.27015 ], [ 17.88825, 59.27015 ], [ 17.88978, 59.27203 ], [ 17.88374, 59.27277 ], [ 17.88405, 59.27069 ], [ 17.88212, 59.27041 ], [ 17.87261, 59.26545 ], [ 17.87134, 59.26387 ], [ 17.87729, 59.26043 ], [ 17.87804, 59.25832 ], [ 17.87426, 59.2583 ], [ 17.87326, 59.2568 ], [ 17.87219, 59.25327 ], [ 17.87465, 59.2514 ], [ 17.87566, 59.25014 ], [ 17.87626, 59.24689 ], [ 17.87722, 59.24574 ] ] ] } },
{ "type": "Feature", "properties": { "lagesbild_ar": 2023, "namn": "Fröslunda", "kategori": "Utsatt område", "ort": "Eskilstuna", "lokalpolisomrade": "Eskilstuna", "polisregion": "Öst", "halland": false, "yta_km2": 0.529 }, "geometry": { "type": "Polygon", "coordinates": [ [ [ 16.49749, 59.35155 ], [ 16.5015, 59.35579 ], [ 16.49798, 59.35733 ], [ 16.49808, 59.35773 ], [ 16.49315, 59.35886 ], [ 16.4822, 59.3534 ], [ 16.48402, 59.35252 ], [ 16.48637, 59.35198 ], [ 16.48811, 59.35184 ], [ 16.49421, 59.35197 ], [ 16.49582, 59.35187 ], [ 16.49749, 59.35155 ] ] ] } },
{ "type": "Feature", "properties": { "lagesbild_ar": 2023, "namn": "Vårberg", "kategori": "Utsatt område", "ort": "Stockholm", "lokalpolisomrade": "Skärholmen", "polisregion": "Stockholm", "halland": false, "yta_km2": 0.605 }, "geometry": { "type": "Polygon", "coordinates": [ [ [ 17.88304, 59.27932 ], [ 17.88328, 59.27816 ], [ 17.87923, 59.27766 ], [ 17.87894, 59.27749 ], [ 17.87919, 59.27478 ], [ 17.88124, 59.27317 ], [ 17.88967, 59.27202 ], [ 17.89066, 59.27215 ], [ 17.89407, 59.27326 ], [ 17.89385, 59.2735 ], [ 17.89544, 59.27514 ], [ 17.8955, 59.27582 ], [ 17.8942, 59.27635 ], [ 17.89383, 59.27923 ], [ 17.89362, 59.27937 ], [ 17.88304, 59.27932 ] ] ] } },
{ "type": "Feature", "properties": { "lagesbild_ar": 2023, "namn": "Andersberg", "kategori": "Utsatt område", "ort": "Halmstad", "lokalpolisomrade": "Halmstad", "polisregion": "Väst", "halland": true, "yta_km2": 0.612 }, "geometry": { "type": "Polygon", "coordinates": [ [ [ 12.89188, 56.66002 ], [ 12.89952, 56.65654 ], [ 12.90518, 56.65403 ], [ 12.90634, 56.65782 ], [ 12.90669, 56.66112 ], [ 12.9011, 56.66339 ], [ 12.89998, 56.66352 ], [ 12.90013, 56.66423 ], [ 12.90076, 56.66475 ], [ 12.89928, 56.66556 ], [ 12.89869, 56.66517 ], [ 12.89743, 56.66512 ], [ 12.89452, 56.66341 ], [ 12.89476, 56.66321 ], [ 12.89471, 56.66198 ], [ 12.89188, 56.66002 ] ] ] } },
{ "type": "Feature", "properties": { "lagesbild_ar": 2023, "namn": "Sångvägen", "kategori": "Utsatt område", "ort": "Järfälla", "lokalpolisomrade": "Järfälla", "polisregion": "Stockholm", "halland": false, "yta_km2": 0.091 }, "geometry": { "type": "Polygon", "coordinates": [ [ [ 17.83551, 59.4276 ], [ 17.83394, 59.42721 ], [ 17.83456, 59.42659 ], [ 17.83452, 59.42614 ], [ 17.83523, 59.42604 ], [ 17.83597, 59.42556 ], [ 17.84036, 59.42536 ], [ 17.84228, 59.42544 ], [ 17.84193, 59.42723 ], [ 17.83551, 59.4276 ] ] ] } },
{ "type": "Feature", "properties": { "lagesbild_ar": 2023, "namn": "Bäckby", "kategori": "Utsatt område", "ort": "Västerås", "lokalpolisomrade": "Västerås", "polisregion": "Mitt", "halland": false, "yta_km2": 0.593 }, "geometry": { "type": "Polygon", "coordinates": [ [ [ 16.47879, 59.59749 ], [ 16.4871, 59.59942 ], [ 16.48399, 59.60283 ], [ 16.48031, 59.60607 ], [ 16.47998, 59.60667 ], [ 16.48036, 59.6072 ], [ 16.47959, 59.60746 ], [ 16.47678, 59.60678 ], [ 16.47691, 59.60666 ], [ 16.47636, 59.60657 ], [ 16.47568, 59.60596 ], [ 16.47442, 59.60468 ], [ 16.47471, 59.60337 ], [ 16.47231, 59.6027 ], [ 16.47261, 59.6018 ], [ 16.47353, 59.60053 ], [ 16.4728, 59.60036 ], [ 16.47264, 59.60009 ], [ 16.47104, 59.59968 ], [ 16.47311, 59.59759 ], [ 16.47465, 59.59792 ], [ 16.47586, 59.59662 ], [ 16.47893, 59.59734 ], [ 16.47879, 59.59749 ] ] ] } },
{ "type": "Feature", "properties": { "lagesbild_ar": 2023, "namn": "Bredäng", "kategori": "Utsatt område", "ort": "Stockholm", "lokalpolisomrade": "Skärholmen", "polisregion": "Stockholm", "halland": false, "yta_km2": 1.327 }, "geometry": { "type": "Polygon", "coordinates": [ [ [ 17.92293, 59.29053 ], [ 17.92373, 59.29041 ], [ 17.92886, 59.28873 ], [ 17.93024, 59.28916 ], [ 17.93178, 59.28925 ], [ 17.93305, 59.28906 ], [ 17.93583, 59.28825 ], [ 17.93795, 59.28798 ], [ 17.94078, 59.28816 ], [ 17.94261, 59.28847 ], [ 17.94575, 59.28955 ], [ 17.94684, 59.28968 ], [ 17.94593, 59.29382 ], [ 17.94527, 59.29439 ], [ 17.94363, 59.29527 ], [ 17.94323, 59.29618 ], [ 17.94195, 59.29646 ], [ 17.94238, 59.2972 ], [ 17.94217, 59.29843 ], [ 17.94147, 59.29942 ], [ 17.94023, 59.30017 ], [ 17.9394, 59.30048 ], [ 17.9379, 59.30065 ], [ 17.93692, 59.30048 ], [ 17.93491, 59.29956 ], [ 17.93184, 59.29956 ], [ 17.93084, 59.2998 ], [ 17.92962, 59.29945 ], [ 17.92858, 59.29938 ], [ 17.9252, 59.29358 ], [ 17.92393, 59.29241 ], [ 17.92293, 59.29053 ] ] ] } },
{ "type": "Feature", "properties": { "lagesbild_ar": 2023, "namn": "Hisings Backa", "kategori": "Utsatt område", "ort": "Göteborg", "lokalpolisomrade": "Storgöteborg Hisingen", "polisregion": "Väst", "halland": false, "yta_km2": 4.187 }, "geometry": { "type": "Polygon", "coordinates": [ [ [ 11.98265, 57.73096 ], [ 11.98341, 57.73245 ], [ 11.98434, 57.73318 ], [ 11.98518, 57.73488 ], [ 11.98866, 57.74466 ], [ 11.98915, 57.7467 ], [ 11.98913, 57.74776 ], [ 11.98987, 57.74866 ], [ 11.99107, 57.75172 ], [ 11.99098, 57.75667 ], [ 11.99069, 57.75752 ], [ 11.9902, 57.75782 ], [ 11.98896, 57.75808 ], [ 11.98387, 57.75757 ], [ 11.97736, 57.75575 ], [ 11.9746, 57.75537 ], [ 11.97181, 57.75518 ], [ 11.97199, 57.75429 ], [ 11.97176, 57.75398 ], [ 11.96805, 57.75277 ], [ 11.96752, 57.75184 ], [ 11.96701, 57.75198 ], [ 11.96097, 57.7491 ], [ 11.96239, 57.74795 ], [ 11.96296, 57.74606 ], [ 11.96182, 57.74469 ], [ 11.9603, 57.74199 ], [ 11.95998, 57.74095 ], [ 11.96137, 57.74055 ], [ 11.96238, 57.73988 ], [ 11.96255, 57.73919 ], [ 11.96668, 57.73738 ], [ 11.96691, 57.73457 ], [ 11.96291, 57.72784 ], [ 11.96466, 57.72731 ], [ 11.9667, 57.72694 ], [ 11.96787, 57.7269 ], [ 11.96939, 57.72706 ], [ 11.97226, 57.72773 ], [ 11.97337, 57.72828 ], [ 11.97412, 57.72896 ], [ 11.97547, 57.73144 ], [ 11.97924, 57.7314 ], [ 11.98265, 57.73096 ] ] ] } },
{ "type": "Feature", "properties": { "lagesbild_ar": 2023, "namn": "Navestad", "kategori": "Utsatt område", "ort": "Norrköping", "lokalpolisomrade": "Norrköping", "polisregion": "Öst", "halland": false, "yta_km2": 0.806 }, "geometry": { "type": "Polygon", "coordinates": [ [ [ 16.21657, 58.56511 ], [ 16.20912, 58.56267 ], [ 16.21846, 58.55697 ], [ 16.22426, 58.55434 ], [ 16.22623, 58.55405 ], [ 16.23221, 58.55742 ], [ 16.2284, 58.55921 ], [ 16.22622, 58.56054 ], [ 16.22187, 58.56429 ], [ 16.21973, 58.56582 ], [ 16.21735, 58.56499 ], [ 16.21657, 58.56511 ] ] ] } },
{ "type": "Feature", "properties": { "lagesbild_ar": 2023, "namn": "Skogås", "kategori": "Utsatt område", "ort": "Huddinge", "lokalpolisomrade": "Huddinge", "polisregion": "Stockholm", "halland": false, "yta_km2": 0.895 }, "geometry": { "type": "Polygon", "coordinates": [ [ [ 18.14106, 59.22389 ], [ 18.13856, 59.22059 ], [ 18.1467, 59.21345 ], [ 18.14807, 59.21314 ], [ 18.14798, 59.213 ], [ 18.14842, 59.21283 ], [ 18.14864, 59.21289 ], [ 18.14975, 59.21213 ], [ 18.1512, 59.21166 ], [ 18.15337, 59.21193 ], [ 18.15841, 59.21114 ], [ 18.15783, 59.21401 ], [ 18.15562, 59.21678 ], [ 18.15694, 59.21692 ], [ 18.15697, 59.2171 ], [ 18.15653, 59.21736 ], [ 18.1566, 59.21761 ], [ 18.15559, 59.2188 ], [ 18.15563, 59.21917 ], [ 18.15509, 59.21997 ], [ 18.15413, 59.22044 ], [ 18.1528, 59.22066 ], [ 18.15178, 59.22165 ], [ 18.1516, 59.22169 ], [ 18.15078, 59.22115 ], [ 18.14715, 59.22248 ], [ 18.14106, 59.22389 ] ] ] } },
{ "type": "Feature", "properties": { "lagesbild_ar": 2023, "namn": "Råslätt", "kategori": "Utsatt område", "ort": "Jönköping", "lokalpolisomrade": "Södra Vätterbygden", "polisregion": "Öst", "halland": false, "yta_km2": 0.501 }, "geometry": { "type": "Polygon", "coordinates": [ [ [ 14.14439, 57.74189 ], [ 14.14397, 57.74052 ], [ 14.14357, 57.74043 ], [ 14.14295, 57.73989 ], [ 14.14271, 57.73796 ], [ 14.1441, 57.73626 ], [ 14.14544, 57.73616 ], [ 14.14598, 57.73651 ], [ 14.15025, 57.73618 ], [ 14.1511, 57.73593 ], [ 14.15338, 57.73703 ], [ 14.15649, 57.73953 ], [ 14.1572, 57.74113 ], [ 14.15718, 57.74258 ], [ 14.15596, 57.74256 ], [ 14.14886, 57.74313 ], [ 14.14861, 57.74221 ], [ 14.14673, 57.74164 ], [ 14.14596, 57.74157 ], [ 14.14439, 57.74189 ] ] ] } },
{ "type": "Feature", "properties": { "lagesbild_ar": 2023, "namn": "Brandbergen", "kategori": "Utsatt område", "ort": "Haninge", "lokalpolisomrade": "Haninge-Nynäshamn", "polisregion": "Stockholm", "halland": false, "yta_km2": 0.976 }, "geometry": { "type": "Polygon", "coordinates": [ [ [ 18.16164, 59.17324 ], [ 18.16123, 59.17034 ], [ 18.16283, 59.16712 ], [ 18.16249, 59.16333 ], [ 18.16322, 59.16296 ], [ 18.16398, 59.16285 ], [ 18.16752, 59.16317 ], [ 18.17168, 59.16435 ], [ 18.17332, 59.16503 ], [ 18.17477, 59.16536 ], [ 18.17479, 59.16671 ], [ 18.17594, 59.16691 ], [ 18.17683, 59.16729 ], [ 18.17845, 59.16874 ], [ 18.17932, 59.17057 ], [ 18.18027, 59.17395 ], [ 18.17713, 59.17423 ], [ 18.17481, 59.17414 ], [ 18.16935, 59.17299 ], [ 18.16443, 59.17334 ], [ 18.16164, 59.17324 ] ] ] } },
{ "type": "Feature", "properties": { "lagesbild_ar": 2023, "namn": "Hagsätra / Rågsved", "kategori": "Utsatt område", "ort": "Stockholm", "lokalpolisomrade": "Farsta", "polisregion": "Stockholm", "halland": false, "yta_km2": 2.712 }, "geometry": { "type": "Polygon", "coordinates": [ [ [ 18.01431, 59.27136 ], [ 18.01139, 59.2723 ], [ 18.00943, 59.27017 ], [ 18.00605, 59.26773 ], [ 18.00547, 59.26683 ], [ 18.00544, 59.26607 ], [ 18.01086, 59.26024 ], [ 18.01347, 59.25788 ], [ 18.01405, 59.25682 ], [ 18.01588, 59.25672 ], [ 18.01851, 59.25591 ], [ 18.01821, 59.25549 ], [ 18.01941, 59.25437 ], [ 18.02119, 59.25372 ], [ 18.02259, 59.25267 ], [ 18.02482, 59.25183 ], [ 18.02606, 59.25157 ], [ 18.03093, 59.25107 ], [ 18.03487, 59.25028 ], [ 18.0395, 59.25223 ], [ 18.04042, 59.25333 ], [ 18.04119, 59.25372 ], [ 18.04462, 59.25413 ], [ 18.04553, 59.25327 ], [ 18.04625, 59.25314 ], [ 18.04746, 59.25392 ], [ 18.04837, 59.25414 ], [ 18.04767, 59.25573 ], [ 18.04539, 59.25749 ], [ 18.04524, 59.25884 ], [ 18.04447, 59.25953 ], [ 18.04245, 59.25989 ], [ 18.03968, 59.2596 ], [ 18.03775, 59.25982 ], [ 18.03603, 59.26043 ], [ 18.0327, 59.26207 ], [ 18.02852, 59.26302 ], [ 18.02674, 59.26364 ], [ 18.02415, 59.26523 ], [ 18.01545, 59.27159 ], [ 18.01431, 59.27136 ] ] ] } },
{ "type": "Feature", "properties": { "lagesbild_ar": 2023, "namn": "Storvreten", "kategori": "Utsatt område", "ort": "Botkyrka", "lokalpolisomrade": "Botkyrka", "polisregion": "Stockholm", "halland": false, "yta_km2": 0.567 }, "geometry": { "type": "Polygon", "coordinates": [ [ [ 17.84274, 59.18948 ], [ 17.84997, 59.19176 ], [ 17.84999, 59.19282 ], [ 17.84848, 59.19395 ], [ 17.84611, 59.19372 ], [ 17.84514, 59.19396 ], [ 17.84354, 59.19385 ], [ 17.84202, 59.19488 ], [ 17.84238, 59.19568 ], [ 17.83896, 59.19696 ], [ 17.83754, 59.19691 ], [ 17.83526, 59.19659 ], [ 17.83419, 59.19592 ], [ 17.8316, 59.19507 ], [ 17.82986, 59.1939 ], [ 17.82991, 59.19324 ], [ 17.83035, 59.1927 ], [ 17.83176, 59.19182 ], [ 17.83359, 59.19138 ], [ 17.8343, 59.19165 ], [ 17.83493, 59.19117 ], [ 17.83661, 59.19046 ], [ 17.84274, 59.18948 ] ] ] } },
{ "type": "Feature", "properties": { "lagesbild_ar": 2023, "namn": "Jordbro", "kategori": "Utsatt område", "ort": "Haninge", "lokalpolisomrade": "Haninge-Nynäshamn", "polisregion": "Stockholm", "halland": false, "yta_km2": 2.549 }, "geometry": { "type": "Polygon", "coordinates": [ [ [ 18.12519, 59.1412 ], [ 18.12418, 59.1391 ], [ 18.12288, 59.13755 ], [ 18.1346, 59.13184 ], [ 18.14408, 59.13252 ], [ 18.1488, 59.13942 ], [ 18.14929, 59.14972 ], [ 18.14887, 59.15205 ], [ 18.13606, 59.15274 ], [ 18.13392, 59.15186 ], [ 18.13309, 59.15138 ], [ 18.13243, 59.15069 ], [ 18.13031, 59.14618 ], [ 18.12951, 59.14563 ], [ 18.12645, 59.14449 ], [ 18.12542, 59.14352 ], [ 18.12519, 59.1412 ] ] ] } },
{ "type": "Feature", "properties": { "lagesbild_ar": 2023, "namn": "Hässelby / Vällingby", "kategori": "Utsatt område", "ort": "Stockholm", "lokalpolisomrade": "Vällingby", "polisregion": "Stockholm", "halland": false, "yta_km2": 3.169 }, "geometry": { "type": "Polygon", "coordinates": [ [ [ 17.86667, 59.35727 ], [ 17.87015, 59.35607 ], [ 17.87182, 59.35637 ], [ 17.8721, 59.35671 ], [ 17.87295, 59.3569 ], [ 17.87451, 59.3576 ], [ 17.86862, 59.36085 ], [ 17.86305, 59.36356 ], [ 17.85925, 59.36649 ], [ 17.84488, 59.37217 ], [ 17.83644, 59.37517 ], [ 17.83358, 59.376 ], [ 17.82854, 59.377 ], [ 17.8292, 59.37834 ], [ 17.82734, 59.38099 ], [ 17.82253, 59.38167 ], [ 17.82094, 59.38112 ], [ 17.81892, 59.38012 ], [ 17.81765, 59.37933 ], [ 17.81723, 59.37881 ], [ 17.82767, 59.37716 ], [ 17.82679, 59.37624 ], [ 17.83234, 59.37413 ], [ 17.83259, 59.37345 ], [ 17.83236, 59.3729 ], [ 17.83286, 59.37196 ], [ 17.83286, 59.37177 ], [ 17.8321, 59.37138 ], [ 17.83125, 59.37162 ], [ 17.82959, 59.37032 ], [ 17.82882, 59.36918 ], [ 17.82821, 59.36917 ], [ 17.82801, 59.36782 ], [ 17.82571, 59.36753 ], [ 17.8254, 59.36625 ], [ 17.8204, 59.36142 ], [ 17.83148, 59.3568 ], [ 17.83923, 59.35558 ], [ 17.83997, 59.35664 ], [ 17.84048, 59.35815 ], [ 17.84035, 59.35902 ], [ 17.8432, 59.36055 ], [ 17.84446, 59.36089 ], [ 17.84612, 59.36177 ], [ 17.84689, 59.36179 ], [ 17.84882, 59.36252 ], [ 17.85073, 59.36293 ], [ 17.85251, 59.36305 ], [ 17.85567, 59.36284 ], [ 17.85901, 59.36203 ], [ 17.86162, 59.36043 ], [ 17.86472, 59.35889 ], [ 17.86691, 59.35813 ], [ 17.86705, 59.35776 ], [ 17.86667, 59.35727 ] ] ] } },
{ "type": "Feature", "properties": { "lagesbild_ar": 2023, "namn": "Skiftinge", "kategori": "Utsatt område", "ort": "Eskilstuna", "lokalpolisomrade": "Eskilstuna", "polisregion": "Öst", "halland": false, "yta_km2": 0.569 }, "geometry": { "type": "Polygon", "coordinates": [ [ [ 16.53454, 59.39585 ], [ 16.52706, 59.39545 ], [ 16.52857, 59.39267 ], [ 16.53067, 59.39078 ], [ 16.53199, 59.39015 ], [ 16.53766, 59.38832 ], [ 16.54045, 59.38759 ], [ 16.54506, 59.38671 ], [ 16.54653, 59.38887 ], [ 16.54686, 59.39036 ], [ 16.5476, 59.39084 ], [ 16.54441, 59.39073 ], [ 16.54328, 59.39088 ], [ 16.54099, 59.39158 ], [ 16.53773, 59.39232 ], [ 16.53616, 59.39301 ], [ 16.53984, 59.39469 ], [ 16.53809, 59.39565 ], [ 16.53454, 59.39585 ] ] ] } },
{ "type": "Feature", "properties": { "lagesbild_ar": 2023, "namn": "Holma / Kroksbäck / Bellevuegården", "kategori": "Riskområde", "ort": "Malmö", "lokalpolisomrade": "Malmö söder", "polisregion": "Syd", "halland": false, "yta_km2": 1.091 }, "geometry": { "type": "Polygon", "coordinates": [ [ [ 12.97543, 55.58461 ], [ 12.9735, 55.58291 ], [ 12.97291, 55.58279 ], [ 12.97189, 55.58311 ], [ 12.97067, 55.58177 ], [ 12.97453, 55.58051 ], [ 12.97414, 55.58013 ], [ 12.97596, 55.57955 ], [ 12.97295, 55.57651 ], [ 12.97043, 55.57306 ], [ 12.97396, 55.57218 ], [ 12.97411, 55.5723 ], [ 12.9751, 55.57211 ], [ 12.97465, 55.57148 ], [ 12.97536, 55.57145 ], [ 12.98327, 55.56958 ], [ 12.98334, 55.56934 ], [ 12.98516, 55.56918 ], [ 12.98618, 55.56993 ], [ 12.98918, 55.57449 ], [ 12.98945, 55.57561 ], [ 12.98643, 55.57594 ], [ 12.98395, 55.57642 ], [ 12.98016, 55.57779 ], [ 12.98054, 55.57818 ], [ 12.98052, 55.57874 ], [ 12.98173, 55.57998 ], [ 12.98247, 55.58013 ], [ 12.98422, 55.58201 ], [ 12.97543, 55.58461 ] ] ] } },
{ "type": "Feature", "properties": { "lagesbild_ar": 2023, "namn": "Dalhem / Drottninghög / Fredriksdal", "kategori": "Riskområde", "ort": "Helsingborg", "lokalpolisomrade": "Helsingborg", "polisregion": "Syd", "halland": false, "yta_km2": 2.3 }, "geometry": { "type": "Polygon", "coordinates": [ [ [ 12.73478, 56.07713 ], [ 12.72102, 56.06763 ], [ 12.723, 56.06702 ], [ 12.72276, 56.06643 ], [ 12.71853, 56.06399 ], [ 12.71624, 56.063 ], [ 12.71603, 56.06259 ], [ 12.71357, 56.06253 ], [ 12.71139, 56.06181 ], [ 12.71363, 56.06014 ], [ 12.71775, 56.05837 ], [ 12.71825, 56.05789 ], [ 12.71903, 56.05587 ], [ 12.72129, 56.05614 ], [ 12.72442, 56.05713 ], [ 12.72512, 56.05751 ], [ 12.72553, 56.05818 ], [ 12.72923, 56.05814 ], [ 12.73008, 56.05953 ], [ 12.73261, 56.05904 ], [ 12.73333, 56.06029 ], [ 12.73254, 56.06157 ], [ 12.74116, 56.06256 ], [ 12.74581, 56.06384 ], [ 12.74289, 56.06776 ], [ 12.73944, 56.07387 ], [ 12.7374, 56.0757 ], [ 12.73478, 56.07713 ] ] ] } },
{ "type": "Feature", "properties": { "lagesbild_ar": 2023, "namn": "Rissne / Hallonbergen", "kategori": "Riskområde", "ort": "Sundbyberg", "lokalpolisomrade": "Solna", "polisregion": "Stockholm", "halland": false, "yta_km2": 1.857 }, "geometry": { "type": "Polygon", "coordinates": [ [ [ 17.92954, 59.3787 ], [ 17.9282, 59.37778 ], [ 17.92725, 59.37642 ], [ 17.9271, 59.37532 ], [ 17.9278, 59.37402 ], [ 17.92914, 59.37321 ], [ 17.93077, 59.37261 ], [ 17.93241, 59.37224 ], [ 17.93831, 59.37137 ], [ 17.94062, 59.3731 ], [ 17.94238, 59.37306 ], [ 17.94752, 59.37374 ], [ 17.95265, 59.37645 ], [ 17.95441, 59.37639 ], [ 17.95549, 59.37668 ], [ 17.9594, 59.37518 ], [ 17.96749, 59.37295 ], [ 17.9691, 59.37278 ], [ 17.97038, 59.37293 ], [ 17.97132, 59.3733 ], [ 17.97196, 59.37394 ], [ 17.97212, 59.37651 ], [ 17.97288, 59.37841 ], [ 17.97245, 59.37936 ], [ 17.97027, 59.38022 ], [ 17.96986, 59.38059 ], [ 17.96799, 59.38013 ], [ 17.96492, 59.37965 ], [ 17.96164, 59.37945 ], [ 17.95841, 59.37952 ], [ 17.95333, 59.38003 ], [ 17.945, 59.38129 ], [ 17.93892, 59.38176 ], [ 17.9354, 59.38235 ], [ 17.93454, 59.38107 ], [ 17.93367, 59.38042 ], [ 17.92954, 59.3787 ] ] ] } },
{ "type": "Feature", "properties": { "lagesbild_ar": 2023, "namn": "Oxhagen / Varberga", "kategori": "Riskområde", "ort": "Örebro", "lokalpolisomrade": "Örebro", "polisregion": "Bergslagen", "halland": false, "yta_km2": 0.86 }, "geometry": { "type": "Polygon", "coordinates": [ [ [ 15.16528, 59.29104 ], [ 15.16436, 59.2896 ], [ 15.16513, 59.288 ], [ 15.17058, 59.28742 ], [ 15.17358, 59.28641 ], [ 15.17349, 59.28469 ], [ 15.17259, 59.28321 ], [ 15.17206, 59.28103 ], [ 15.1708, 59.27972 ], [ 15.16852, 59.27938 ], [ 15.16935, 59.27745 ], [ 15.1721, 59.27751 ], [ 15.17654, 59.27709 ], [ 15.17881, 59.27799 ], [ 15.17923, 59.27795 ], [ 15.17963, 59.27848 ], [ 15.18267, 59.28454 ], [ 15.18266, 59.28552 ], [ 15.18225, 59.28619 ], [ 15.18027, 59.28753 ], [ 15.17375, 59.29034 ], [ 15.17241, 59.29126 ], [ 15.17014, 59.29108 ], [ 15.16528, 59.29104 ] ] ] } },
{ "type": "Feature", "properties": { "lagesbild_ar": 2023, "namn": "Hovsjö", "kategori": "Särskilt utsatt område", "ort": "Södertälje", "lokalpolisomrade": "Södertälje", "polisregion": "Stockholm", "halland": false, "yta_km2": 0.675 }, "geometry": { "type": "Polygon", "coordinates": [ [ [ 17.59493, 59.17841 ], [ 17.59447, 59.17687 ], [ 17.59464, 59.17526 ], [ 17.5963, 59.17255 ], [ 17.59871, 59.1707 ], [ 17.59998, 59.1712 ], [ 17.60152, 59.17146 ], [ 17.6057, 59.17171 ], [ 17.60711, 59.172 ], [ 17.60774, 59.17339 ], [ 17.61133, 59.17522 ], [ 17.61232, 59.17631 ], [ 17.61094, 59.17672 ], [ 17.60845, 59.17841 ], [ 17.60703, 59.17879 ], [ 17.60531, 59.17879 ], [ 17.60426, 59.17962 ], [ 17.59493, 59.17841 ] ] ] } },
{ "type": "Feature", "properties": { "lagesbild_ar": 2023, "namn": "Tjärna Ängar", "kategori": "Riskområde", "ort": "Borlänge", "lokalpolisomrade": "Borlänge", "polisregion": "Bergslagen", "halland": false, "yta_km2": 0.339 }, "geometry": { "type": "Polygon", "coordinates": [ [ [ 15.39602, 60.49618 ], [ 15.39166, 60.49415 ], [ 15.39373, 60.49371 ], [ 15.39578, 60.49262 ], [ 15.40272, 60.49002 ], [ 15.40341, 60.49053 ], [ 15.40559, 60.49149 ], [ 15.40786, 60.4919 ], [ 15.40606, 60.4938 ], [ 15.40108, 60.49597 ], [ 15.39939, 60.49711 ], [ 15.39602, 60.49618 ] ] ] } },
{ "type": "Feature", "properties": { "lagesbild_ar": 2023, "namn": "Tureberg", "kategori": "Riskområde", "ort": "Sollentuna", "lokalpolisomrade": "Sollentuna", "polisregion": "Stockholm", "halland": false, "yta_km2": 0.107 }, "geometry": { "type": "Polygon", "coordinates": [ [ [ 17.94258, 59.42903 ], [ 17.94689, 59.42469 ], [ 17.94689, 59.42437 ], [ 17.94774, 59.42408 ], [ 17.95021, 59.42484 ], [ 17.94837, 59.42632 ], [ 17.94771, 59.42647 ], [ 17.94706, 59.42708 ], [ 17.94625, 59.42815 ], [ 17.94631, 59.42839 ], [ 17.94506, 59.42966 ], [ 17.94484, 59.43017 ], [ 17.94268, 59.43008 ], [ 17.94258, 59.42903 ] ] ] } },
{ "type": "Feature", "properties": { "lagesbild_ar": 2023, "namn": "Gårdsten", "kategori": "Utsatt område", "ort": "Göteborg", "lokalpolisomrade": "Storgöteborg nordost", "polisregion": "Väst", "halland": false, "yta_km2": 1.094 }, "geometry": { "type": "Polygon", "coordinates": [ [ [ 12.03078, 57.79772 ], [ 12.0312, 57.7981 ], [ 12.03277, 57.79811 ], [ 12.03341, 57.79869 ], [ 12.03528, 57.7993 ], [ 12.03579, 57.79993 ], [ 12.03697, 57.80019 ], [ 12.03815, 57.80173 ], [ 12.03775, 57.80596 ], [ 12.03559, 57.80859 ], [ 12.0351, 57.80957 ], [ 12.03318, 57.80928 ], [ 12.03155, 57.81036 ], [ 12.03028, 57.81072 ], [ 12.02534, 57.81079 ], [ 12.0242, 57.81048 ], [ 12.0233, 57.81 ], [ 12.02258, 57.8087 ], [ 12.02251, 57.806 ], [ 12.02474, 57.80346 ], [ 12.02484, 57.80233 ], [ 12.02397, 57.80058 ], [ 12.02367, 57.79908 ], [ 12.02412, 57.79851 ], [ 12.02495, 57.798 ], [ 12.02788, 57.79723 ], [ 12.02944, 57.79719 ], [ 12.0306, 57.79742 ], [ 12.03192, 57.79724 ], [ 12.03228, 57.79743 ], [ 12.03222, 57.79762 ], [ 12.03078, 57.79772 ] ] ] } },
{ "type": "Feature", "properties": { "lagesbild_ar": 2023, "namn": "Söder", "kategori": "Riskområde", "ort": "Helsingborg", "lokalpolisomrade": "Helsingborg", "polisregion": "Syd", "halland": false, "yta_km2": 2.109 }, "geometry": { "type": "Polygon", "coordinates": [ [ [ 12.70284, 56.03605 ], [ 12.70379, 56.03553 ], [ 12.70012, 56.0335 ], [ 12.69997, 56.03308 ], [ 12.70021, 56.0323 ], [ 12.69997, 56.03188 ], [ 12.7025, 56.02893 ], [ 12.70541, 56.02357 ], [ 12.71419, 56.0251 ], [ 12.70766, 56.033 ], [ 12.71502, 56.02964 ], [ 12.7168, 56.02902 ], [ 12.71884, 56.02846 ], [ 12.72045, 56.02937 ], [ 12.71857, 56.03078 ], [ 12.71492, 56.03493 ], [ 12.71389, 56.03533 ], [ 12.7141, 56.03795 ], [ 12.71512, 56.0379 ], [ 12.71992, 56.03711 ], [ 12.71979, 56.03791 ], [ 12.71747, 56.04039 ], [ 12.71963, 56.04093 ], [ 12.71818, 56.04244 ], [ 12.71894, 56.04271 ], [ 12.71767, 56.04367 ], [ 12.71505, 56.04449 ], [ 12.7132, 56.04612 ], [ 12.70846, 56.04462 ], [ 12.70487, 56.045 ], [ 12.70375, 56.04464 ], [ 12.70242, 56.04507 ], [ 12.70149, 56.045 ], [ 12.70105, 56.04412 ], [ 12.70059, 56.04389 ], [ 12.69742, 56.04322 ], [ 12.69644, 56.04284 ], [ 12.70005, 56.03879 ], [ 12.70284, 56.03605 ] ] ] } },
{ "type": "Feature", "properties": { "lagesbild_ar": 2023, "namn": "Fornhöjden", "kategori": "Riskområde", "ort": "Södertälje", "lokalpolisomrade": "Södertälje", "polisregion": "Stockholm", "halland": false, "yta_km2": 0.27 }, "geometry": { "type": "Polygon", "coordinates": [ [ [ 17.66079, 59.19247 ], [ 17.66115, 59.19187 ], [ 17.66347, 59.1905 ], [ 17.66476, 59.18935 ], [ 17.66759, 59.18957 ], [ 17.66912, 59.19041 ], [ 17.66939, 59.19102 ], [ 17.66902, 59.19178 ], [ 17.66913, 59.19233 ], [ 17.66733, 59.19528 ], [ 17.66661, 59.19537 ], [ 17.66503, 59.19637 ], [ 17.66272, 59.1961 ], [ 17.66171, 59.1956 ], [ 17.66079, 59.19247 ] ] ] } },
{ "type": "Feature", "properties": { "lagesbild_ar": 2023, "namn": "Fisksätra", "kategori": "Utsatt område", "ort": "Nacka", "lokalpolisomrade": "Nacka", "polisregion": "Stockholm", "halland": false, "yta_km2": 0.362 }, "geometry": { "type": "MultiPolygon", "coordinates": [ [ [ [ 18.24969, 59.29338 ], [ 18.24779, 59.29128 ], [ 18.24781, 59.29071 ], [ 18.24894, 59.29015 ], [ 18.25001, 59.29007 ], [ 18.25405, 59.29041 ], [ 18.25662, 59.29047 ], [ 18.26017, 59.29037 ], [ 18.26181, 59.29069 ], [ 18.26434, 59.29189 ], [ 18.26489, 59.29248 ], [ 18.26493, 59.29294 ], [ 18.2648, 59.29337 ], [ 18.26377, 59.29379 ], [ 18.26363, 59.29417 ], [ 18.26265, 59.29449 ], [ 18.26161, 59.2945 ], [ 18.25496, 59.29398 ], [ 18.25258, 59.29396 ], [ 18.25057, 59.29363 ], [ 18.24969, 59.29338 ] ] ], [ [ [ 18.24836, 59.29207 ], [ 18.24837, 59.29208 ], [ 18.24833, 59.2921 ], [ 18.24836, 59.29207 ] ] ] ] } },
{ "type": "Feature", "properties": { "lagesbild_ar": 2023, "namn": "Grantorp / Visättra", "kategori": "Utsatt område", "ort": "Huddinge", "lokalpolisomrade": "Huddinge", "polisregion": "Stockholm", "halland": false, "yta_km2": 1.173 }, "geometry": { "type": "Polygon", "coordinates": [ [ [ 17.93478, 59.22522 ], [ 17.93345, 59.22433 ], [ 17.93944, 59.2222 ], [ 17.94335, 59.22063 ], [ 17.94537, 59.2201 ], [ 17.94611, 59.21956 ], [ 17.94402, 59.21785 ], [ 17.94537, 59.21738 ], [ 17.9435, 59.21595 ], [ 17.94353, 59.21525 ], [ 17.9439, 59.2148 ], [ 17.94482, 59.21458 ], [ 17.94507, 59.21374 ], [ 17.94596, 59.21302 ], [ 17.94537, 59.21224 ], [ 17.94685, 59.21198 ], [ 17.95072, 59.21332 ], [ 17.96491, 59.2158 ], [ 17.96872, 59.21631 ], [ 17.96746, 59.21774 ], [ 17.96602, 59.21846 ], [ 17.96497, 59.21994 ], [ 17.95966, 59.22005 ], [ 17.95591, 59.21923 ], [ 17.95428, 59.22025 ], [ 17.95103, 59.21981 ], [ 17.94955, 59.21988 ], [ 17.94728, 59.22065 ], [ 17.95167, 59.22341 ], [ 17.94743, 59.22489 ], [ 17.94338, 59.22528 ], [ 17.93819, 59.22536 ], [ 17.93588, 59.22566 ], [ 17.93478, 59.22522 ] ] ] } },
{ "type": "Feature", "properties": { "lagesbild_ar": 2023, "namn": "Sigtuna / Valsta", "kategori": "Riskområde", "ort": "Sigtuna", "lokalpolisomrade": "Sollentuna", "polisregion": "Stockholm", "halland": false, "yta_km2": 1.168 }, "geometry": { "type": "Polygon", "coordinates": [ [ [ 17.83866, 59.61976 ], [ 17.82545, 59.62312 ], [ 17.8201, 59.62227 ], [ 17.81796, 59.62146 ], [ 17.81771, 59.62052 ], [ 17.82, 59.61873 ], [ 17.82069, 59.61804 ], [ 17.82096, 59.61728 ], [ 17.81875, 59.6172 ], [ 17.81848, 59.61676 ], [ 17.82572, 59.61492 ], [ 17.82567, 59.61462 ], [ 17.82925, 59.61385 ], [ 17.82819, 59.61225 ], [ 17.83132, 59.61204 ], [ 17.8361, 59.61263 ], [ 17.84179, 59.61367 ], [ 17.84537, 59.61514 ], [ 17.84532, 59.61695 ], [ 17.83866, 59.61976 ] ] ] } },
{ "type": "Feature", "properties": { "lagesbild_ar": 2023, "namn": "Hagalund", "kategori": "Utsatt område", "ort": "Solna", "lokalpolisomrade": "Solna", "polisregion": "Stockholm", "halland": false, "yta_km2": 0.256 }, "geometry": { "type": "Polygon", "coordinates": [ [ [ 18.00865, 59.36414 ], [ 18.00449, 59.36185 ], [ 18.00751, 59.36057 ], [ 18.00794, 59.36097 ], [ 18.01178, 59.36042 ], [ 18.01207, 59.35948 ], [ 18.01558, 59.35889 ], [ 18.01555, 59.35984 ], [ 18.01746, 59.35995 ], [ 18.01726, 59.36219 ], [ 18.01557, 59.36211 ], [ 18.01497, 59.36268 ], [ 18.01506, 59.36361 ], [ 18.01111, 59.36438 ], [ 18.00982, 59.36444 ], [ 18.00865, 59.36414 ] ] ] } },
{ "type": "Feature", "properties": { "lagesbild_ar": 2023, "namn": "Saltskog", "kategori": "Utsatt område", "ort": "Södertälje", "lokalpolisomrade": "Södertälje", "polisregion": "Stockholm", "halland": false, "yta_km2": 0.554 }, "geometry": { "type": "Polygon", "coordinates": [ [ [ 17.61493, 59.17915 ], [ 17.61797, 59.17789 ], [ 17.62215, 59.17714 ], [ 17.6273, 59.17666 ], [ 17.63324, 59.17655 ], [ 17.63363, 59.17678 ], [ 17.63121, 59.18237 ], [ 17.6289, 59.18307 ], [ 17.62657, 59.18313 ], [ 17.62279, 59.18184 ], [ 17.62176, 59.18172 ], [ 17.62092, 59.1817 ], [ 17.61726, 59.18224 ], [ 17.6168, 59.18204 ], [ 17.61493, 59.17915 ] ] ] } },
{ "type": "Feature", "properties": { "lagesbild_ar": 2023, "namn": "Hageby", "kategori": "Utsatt område", "ort": "Norrköping", "lokalpolisomrade": "Norrköping", "polisregion": "Öst", "halland": false, "yta_km2": 1.539 }, "geometry": { "type": "Polygon", "coordinates": [ [ [ 16.2112, 58.57999 ], [ 16.18947, 58.57406 ], [ 16.19638, 58.56974 ], [ 16.19981, 58.57031 ], [ 16.21038, 58.56279 ], [ 16.21892, 58.56656 ], [ 16.21554, 58.57006 ], [ 16.2112, 58.57999 ] ] ] } },
{ "type": "Feature", "properties": { "lagesbild_ar": 2023, "namn": "Årby", "kategori": "Utsatt område", "ort": "Eskilstuna", "lokalpolisomrade": "Eskilstuna", "polisregion": "Öst", "halland": false, "yta_km2": 0.211 }, "geometry": { "type": "Polygon", "coordinates": [ [ [ 16.514, 59.38254 ], [ 16.52146, 59.3802 ], [ 16.52369, 59.38042 ], [ 16.52486, 59.38246 ], [ 16.52488, 59.38374 ], [ 16.52031, 59.3846 ], [ 16.5159, 59.38458 ], [ 16.514, 59.38254 ] ] ] } },
{ "type": "Feature", "properties": { "lagesbild_ar": 2025, "namn": "Södra Sofielund / Seved", "kategori": "Utsatt område", "ort": "Malmö", "lokalpolisomrade": "Malmö city", "polisregion": "Syd", "halland": false, "yta_km2": 0.325 }, "geometry": { "type": "Polygon", "coordinates": [ [ [ 13.00983, 55.58585 ], [ 13.00685, 55.58429 ], [ 13.00699, 55.58422 ], [ 13.0199, 55.57925 ], [ 13.01892, 55.58424 ], [ 13.01141, 55.58706 ], [ 13.00983, 55.58585 ] ] ] } },
{ "type": "Feature", "properties": { "lagesbild_ar": 2025, "namn": "Nydala / Hermodsdal / Lindängen", "kategori": "Särskilt utsatt område", "ort": "Malmö", "lokalpolisomrade": "Fosie", "polisregion": "Syd", "halland": false, "yta_km2": 3.439 }, "geometry": { "type": "Polygon", "coordinates": [ [ [ 13.00604, 55.55455 ], [ 13.00656, 55.55356 ], [ 13.00862, 55.55294 ], [ 13.01722, 55.55173 ], [ 13.0229, 55.5517 ], [ 13.02643, 55.55222 ], [ 13.02908, 55.55512 ], [ 13.02709, 55.55962 ], [ 13.02977, 55.56642 ], [ 13.02966, 55.57536 ], [ 13.01991, 55.57896 ], [ 13.01562, 55.5758 ], [ 13.01354, 55.57153 ], [ 13.01648, 55.57093 ], [ 13.01524, 55.56715 ], [ 13.0136, 55.56428 ], [ 13.0098, 55.56458 ], [ 13.00258, 55.56338 ], [ 13.00085, 55.55932 ], [ 13.00108, 55.55757 ], [ 13.00469, 55.55504 ], [ 13.00604, 55.55455 ] ] ] } },
{ "type": "Feature", "properties": { "lagesbild_ar": 2025, "namn": "Holma / Kroksbäck", "kategori": "Utsatt område", "ort": "Malmö", "lokalpolisomrade": "Hyllie", "polisregion": "Syd", "halland": false, "yta_km2": 0.774 }, "geometry": { "type": "Polygon", "coordinates": [ [ [ 12.97589, 55.57942 ], [ 12.97303, 55.57647 ], [ 12.97077, 55.57239 ], [ 12.98463, 55.56889 ], [ 12.98975, 55.57546 ], [ 12.98628, 55.57586 ], [ 12.98216, 55.57689 ], [ 12.9772, 55.57914 ], [ 12.97589, 55.57942 ] ] ] } },
{ "type": "Feature", "properties": { "lagesbild_ar": 2025, "namn": "Rosengård", "kategori": "Särskilt utsatt område", "ort": "Malmö", "lokalpolisomrade": "Rosengård", "polisregion": "Syd", "halland": false, "yta_km2": 0.969 }, "geometry": { "type": "Polygon", "coordinates": [ [ [ 13.05108, 55.57825 ], [ 13.0546, 55.5819 ], [ 13.05365, 55.58317 ], [ 13.04336, 55.58678 ], [ 13.0314, 55.58985 ], [ 13.02941, 55.58447 ], [ 13.03386, 55.58308 ], [ 13.05108, 55.57825 ] ] ] } },
{ "type": "Feature", "properties": { "lagesbild_ar": 2025, "namn": "Dalhem / Drottninghög / Fredriksdal", "kategori": "Utsatt område", "ort": "Helsingborg", "lokalpolisomrade": "Helsingborg", "polisregion": "Syd", "halland": false, "yta_km2": 2.3 }, "geometry": { "type": "Polygon", "coordinates": [ [ [ 12.73478, 56.07713 ], [ 12.72102, 56.06763 ], [ 12.723, 56.06702 ], [ 12.72276, 56.06643 ], [ 12.71853, 56.06399 ], [ 12.71624, 56.063 ], [ 12.71603, 56.06259 ], [ 12.71357, 56.06253 ], [ 12.71139, 56.06181 ], [ 12.71363, 56.06014 ], [ 12.71775, 56.05837 ], [ 12.71825, 56.05789 ], [ 12.71903, 56.05587 ], [ 12.72129, 56.05614 ], [ 12.72442, 56.05713 ], [ 12.72512, 56.05751 ], [ 12.72553, 56.05818 ], [ 12.72923, 56.05814 ], [ 12.73008, 56.05953 ], [ 12.73261, 56.05904 ], [ 12.73333, 56.06029 ], [ 12.73254, 56.06157 ], [ 12.74116, 56.06256 ], [ 12.74581, 56.06384 ], [ 12.74289, 56.06776 ], [ 12.73944, 56.07387 ], [ 12.7374, 56.0757 ], [ 12.73478, 56.07713 ] ] ] } },
{ "type": "Feature", "properties": { "lagesbild_ar": 2025, "namn": "Söder", "kategori": "Utsatt område", "ort": "Helsingborg", "lokalpolisomrade": "Helsingborg", "polisregion": "Syd", "halland": false, "yta_km2": 2.109 }, "geometry": { "type": "Polygon", "coordinates": [ [ [ 12.70284, 56.03605 ], [ 12.70379, 56.03553 ], [ 12.70012, 56.0335 ], [ 12.69997, 56.03308 ], [ 12.70021, 56.0323 ], [ 12.69997, 56.03188 ], [ 12.7025, 56.02893 ], [ 12.70541, 56.02357 ], [ 12.71419, 56.0251 ], [ 12.70766, 56.033 ], [ 12.71502, 56.02964 ], [ 12.7168, 56.02902 ], [ 12.71884, 56.02846 ], [ 12.72045, 56.02937 ], [ 12.71857, 56.03078 ], [ 12.71492, 56.03493 ], [ 12.71389, 56.03533 ], [ 12.7141, 56.03795 ], [ 12.71512, 56.0379 ], [ 12.71992, 56.03711 ], [ 12.71979, 56.03791 ], [ 12.71747, 56.04039 ], [ 12.71963, 56.04093 ], [ 12.71818, 56.04244 ], [ 12.71894, 56.04271 ], [ 12.71767, 56.04367 ], [ 12.71505, 56.04449 ], [ 12.7132, 56.04612 ], [ 12.70846, 56.04462 ], [ 12.70487, 56.045 ], [ 12.70375, 56.04464 ], [ 12.70242, 56.04507 ], [ 12.70149, 56.045 ], [ 12.70105, 56.04412 ], [ 12.70059, 56.04389 ], [ 12.69742, 56.04322 ], [ 12.69644, 56.04284 ], [ 12.70005, 56.03879 ], [ 12.70284, 56.03605 ] ] ] } },
{ "type": "Feature", "properties": { "lagesbild_ar": 2025, "namn": "Gamlegården", "kategori": "Utsatt område", "ort": "Kristianstad", "lokalpolisomrade": "Kristianstad", "polisregion": "Syd", "halland": false, "yta_km2": 1.249 }, "geometry": { "type": "Polygon", "coordinates": [ [ [ 14.16373, 56.06591 ], [ 14.1518, 56.06154 ], [ 14.14931, 56.05738 ], [ 14.14717, 56.0556 ], [ 14.14236, 56.05512 ], [ 14.14305, 56.05311 ], [ 14.14845, 56.05397 ], [ 14.14923, 56.05551 ], [ 14.16073, 56.0521 ], [ 14.17, 56.06164 ], [ 14.16373, 56.06591 ] ] ] } },
{ "type": "Feature", "properties": { "lagesbild_ar": 2025, "namn": "Araby", "kategori": "Utsatt område", "ort": "Växjö", "lokalpolisomrade": "Växjö", "polisregion": "Syd", "halland": false, "yta_km2": 1.028 }, "geometry": { "type": "Polygon", "coordinates": [ [ [ 14.7861, 56.89876 ], [ 14.78672, 56.89547 ], [ 14.78738, 56.89343 ], [ 14.79, 56.8889 ], [ 14.79395, 56.88917 ], [ 14.79461, 56.88745 ], [ 14.79554, 56.88719 ], [ 14.80036, 56.88634 ], [ 14.80052, 56.88658 ], [ 14.80326, 56.88678 ], [ 14.80189, 56.89 ], [ 14.80361, 56.89026 ], [ 14.80276, 56.89182 ], [ 14.79949, 56.8908 ], [ 14.79909, 56.89132 ], [ 14.79955, 56.8963 ], [ 14.79943, 56.89781 ], [ 14.79883, 56.89905 ], [ 14.79584, 56.90023 ], [ 14.79059, 56.89966 ], [ 14.7861, 56.89876 ] ] ] } },
{ "type": "Feature", "properties": { "lagesbild_ar": 2025, "namn": "Hässleholmen", "kategori": "Särskilt utsatt område", "ort": "Borås", "lokalpolisomrade": "Borås", "polisregion": "Väst", "halland": false, "yta_km2": 1.098 }, "geometry": { "type": "Polygon", "coordinates": [ [ [ 12.96793, 57.72398 ], [ 12.97162, 57.72316 ], [ 12.97315, 57.72327 ], [ 12.97685, 57.7231 ], [ 12.97861, 57.72406 ], [ 12.98098, 57.72471 ], [ 12.98343, 57.72501 ], [ 12.98564, 57.7255 ], [ 12.98554, 57.72646 ], [ 12.98966, 57.72772 ], [ 12.98928, 57.72941 ], [ 12.98834, 57.73111 ], [ 12.98433, 57.73123 ], [ 12.9817, 57.73355 ], [ 12.97464, 57.73377 ], [ 12.97393, 57.73273 ], [ 12.97399, 57.73161 ], [ 12.97124, 57.73196 ], [ 12.96924, 57.73164 ], [ 12.96861, 57.73083 ], [ 12.96831, 57.72982 ], [ 12.96793, 57.72398 ] ] ] } },
{ "type": "Feature", "properties": { "lagesbild_ar": 2025, "namn": "Norrby", "kategori": "Särskilt utsatt område", "ort": "Borås", "lokalpolisomrade": "Borås", "polisregion": "Väst", "halland": false, "yta_km2": 0.34 }, "geometry": { "type": "Polygon", "coordinates": [ [ [ 12.93522, 57.72574 ], [ 12.93403, 57.72668 ], [ 12.93297, 57.72702 ], [ 12.93108, 57.7273 ], [ 12.9287, 57.72709 ], [ 12.92791, 57.72687 ], [ 12.92723, 57.72638 ], [ 12.92342, 57.72528 ], [ 12.9239, 57.72438 ], [ 12.92506, 57.72347 ], [ 12.92452, 57.72241 ], [ 12.9251, 57.72233 ], [ 12.9248, 57.72184 ], [ 12.92451, 57.72189 ], [ 12.92471, 57.72034 ], [ 12.92543, 57.71965 ], [ 12.92636, 57.72023 ], [ 12.92952, 57.72122 ], [ 12.93042, 57.7207 ], [ 12.93163, 57.72131 ], [ 12.93051, 57.72216 ], [ 12.93197, 57.72348 ], [ 12.93419, 57.72463 ], [ 12.93522, 57.72574 ] ] ] } },
{ "type": "Feature", "properties": { "lagesbild_ar": 2025, "namn": "Biskopsgården", "kategori": "Utsatt område", "ort": "Göteborg", "lokalpolisomrade": "Storgöteborg Hisingen", "polisregion": "Väst", "halland": false, "yta_km2": 2.644 }, "geometry": { "type": "Polygon", "coordinates": [ [ [ 11.88509, 57.70972 ], [ 11.88931, 57.70821 ], [ 11.89324, 57.70882 ], [ 11.89704, 57.71226 ], [ 11.89768, 57.71493 ], [ 11.89671, 57.71865 ], [ 11.89771, 57.72202 ], [ 11.89756, 57.72386 ], [ 11.90147, 57.72978 ], [ 11.90138, 57.73462 ], [ 11.89992, 57.73775 ], [ 11.89953, 57.73982 ], [ 11.89824, 57.741 ], [ 11.89566, 57.74093 ], [ 11.89249, 57.73895 ], [ 11.88842, 57.73741 ], [ 11.88655, 57.73535 ], [ 11.88522, 57.72823 ], [ 11.88486, 57.72487 ], [ 11.88579, 57.72161 ], [ 11.88496, 57.71877 ], [ 11.88611, 57.71539 ], [ 11.88362, 57.71182 ], [ 11.88509, 57.70972 ] ] ] } },
{ "type": "Feature", "properties": { "lagesbild_ar": 2025, "namn": "Hisings Backa", "kategori": "Utsatt område", "ort": "Göteborg", "lokalpolisomrade": "Storgöteborg Hisingen", "polisregion": "Väst", "halland": false, "yta_km2": 1.782 }, "geometry": { "type": "Polygon", "coordinates": [ [ [ 11.96234, 57.72774 ], [ 11.9668, 57.72675 ], [ 11.97073, 57.72724 ], [ 11.97381, 57.72827 ], [ 11.97559, 57.73133 ], [ 11.97317, 57.73526 ], [ 11.97282, 57.73681 ], [ 11.97379, 57.73823 ], [ 11.97399, 57.7415 ], [ 11.97521, 57.74358 ], [ 11.98069, 57.74904 ], [ 11.99136, 57.7473 ], [ 11.99231, 57.75709 ], [ 11.99021, 57.75845 ], [ 11.98389, 57.75781 ], [ 11.97719, 57.75593 ], [ 11.97209, 57.75506 ], [ 11.97013, 57.7535 ], [ 11.97547, 57.7522 ], [ 11.98081, 57.75049 ], [ 11.97937, 57.74814 ], [ 11.97635, 57.74857 ], [ 11.97314, 57.74583 ], [ 11.96575, 57.74736 ], [ 11.96371, 57.74523 ], [ 11.96405, 57.7439 ], [ 11.96467, 57.74344 ], [ 11.96649, 57.74293 ], [ 11.96943, 57.74074 ], [ 11.97324, 57.74031 ], [ 11.97349, 57.73873 ], [ 11.97329, 57.73785 ], [ 11.97225, 57.73633 ], [ 11.97316, 57.73437 ], [ 11.97101, 57.7345 ], [ 11.97026, 57.73409 ], [ 11.96862, 57.73128 ], [ 11.96792, 57.73052 ], [ 11.96681, 57.72969 ], [ 11.96458, 57.72903 ], [ 11.96276, 57.72824 ], [ 11.96234, 57.72774 ] ] ] } },
{ "type": "Feature", "properties": { "lagesbild_ar": 2025, "namn": "Tynnered / Grevegården / Opaltorget", "kategori": "Utsatt område", "ort": "Västra Frölunda", "lokalpolisomrade": "Storgöteborg syd", "polisregion": "Väst", "halland": false, "yta_km2": 1.678 }, "geometry": { "type": "Polygon", "coordinates": [ [ [ 11.89237, 57.64848 ], [ 11.89492, 57.64478 ], [ 11.89464, 57.644 ], [ 11.89719, 57.63961 ], [ 11.90037, 57.64034 ], [ 11.90108, 57.64025 ], [ 11.90226, 57.63946 ], [ 11.90396, 57.63872 ], [ 11.90605, 57.63927 ], [ 11.9062, 57.64056 ], [ 11.90661, 57.6408 ], [ 11.90556, 57.64151 ], [ 11.905, 57.64394 ], [ 11.90901, 57.64442 ], [ 11.91721, 57.64439 ], [ 11.91739, 57.64775 ], [ 11.91248, 57.64926 ], [ 11.90602, 57.65154 ], [ 11.90247, 57.65349 ], [ 11.89755, 57.65656 ], [ 11.89328, 57.65519 ], [ 11.89095, 57.6572 ], [ 11.88613, 57.65563 ], [ 11.88683, 57.65525 ], [ 11.8874, 57.65535 ], [ 11.891, 57.65412 ], [ 11.89281, 57.65379 ], [ 11.89064, 57.65198 ], [ 11.89419, 57.64921 ], [ 11.89237, 57.64848 ] ] ] } },
{ "type": "Feature", "properties": { "lagesbild_ar": 2025, "namn": "Kronogården / Lextorp Norra", "kategori": "Utsatt område", "ort": "Trollhättan", "lokalpolisomrade": "Östra Fyrbodal", "polisregion": "Väst", "halland": false, "yta_km2": 1.255 }, "geometry": { "type": "Polygon", "coordinates": [ [ [ 12.30021, 58.26466 ], [ 12.29553, 58.26193 ], [ 12.29581, 58.26116 ], [ 12.29534, 58.2606 ], [ 12.29385, 58.26019 ], [ 12.29208, 58.26046 ], [ 12.29296, 58.25942 ], [ 12.29511, 58.25886 ], [ 12.2966, 58.25885 ], [ 12.29783, 58.25933 ], [ 12.29944, 58.25945 ], [ 12.30106, 58.25979 ], [ 12.30886, 58.26325 ], [ 12.3129, 58.26735 ], [ 12.31444, 58.26929 ], [ 12.31364, 58.27301 ], [ 12.31204, 58.27459 ], [ 12.31124, 58.27509 ], [ 12.31043, 58.2746 ], [ 12.30934, 58.27487 ], [ 12.3062, 58.27227 ], [ 12.30414, 58.27291 ], [ 12.3032, 58.272 ], [ 12.29894, 58.2736 ], [ 12.2952, 58.26717 ], [ 12.30021, 58.26466 ] ] ] } },
{ "type": "Feature", "properties": { "lagesbild_ar": 2025, "namn": "Lövgärdet", "kategori": "Särskilt utsatt område", "ort": "Göteborg", "lokalpolisomrade": "Storgöteborg nordost", "polisregion": "Väst", "halland": false, "yta_km2": 1.113 }, "geometry": { "type": "Polygon", "coordinates": [ [ [ 12.0549, 57.81162 ], [ 12.05166, 57.81406 ], [ 12.04754, 57.81394 ], [ 12.04448, 57.81346 ], [ 12.04432, 57.81468 ], [ 12.04345, 57.81578 ], [ 12.04358, 57.81634 ], [ 12.0432, 57.81689 ], [ 12.0425, 57.8177 ], [ 12.04108, 57.81878 ], [ 12.04096, 57.8196 ], [ 12.03942, 57.82051 ], [ 12.03916, 57.82086 ], [ 12.03799, 57.82108 ], [ 12.03796, 57.8215 ], [ 12.0365, 57.82174 ], [ 12.03496, 57.82167 ], [ 12.03144, 57.82055 ], [ 12.03092, 57.82025 ], [ 12.03056, 57.81956 ], [ 12.03086, 57.81707 ], [ 12.03185, 57.81642 ], [ 12.03322, 57.81614 ], [ 12.03439, 57.81516 ], [ 12.03416, 57.81473 ], [ 12.03286, 57.81439 ], [ 12.03242, 57.81326 ], [ 12.03347, 57.81313 ], [ 12.03499, 57.81226 ], [ 12.03952, 57.81173 ], [ 12.03921, 57.81104 ], [ 12.03802, 57.80998 ], [ 12.03806, 57.80973 ], [ 12.04132, 57.80793 ], [ 12.04248, 57.80845 ], [ 12.04404, 57.80871 ], [ 12.04847, 57.80853 ], [ 12.05249, 57.80882 ], [ 12.05421, 57.80874 ], [ 12.0549, 57.81162 ] ] ] } },
{ "type": "Feature", "properties": { "lagesbild_ar": 2025, "namn": "Gårdsten", "kategori": "Utsatt område", "ort": "Göteborg", "lokalpolisomrade": "Storgöteborg nordost", "polisregion": "Väst", "halland": false, "yta_km2": 1.505 }, "geometry": { "type": "Polygon", "coordinates": [ [ [ 12.02342, 57.81095 ], [ 12.01911, 57.8078 ], [ 12.01942, 57.80074 ], [ 12.02405, 57.79704 ], [ 12.03209, 57.7968 ], [ 12.03709, 57.79937 ], [ 12.03822, 57.80294 ], [ 12.03723, 57.80798 ], [ 12.03216, 57.8111 ], [ 12.02342, 57.81095 ] ] ] } },
{ "type": "Feature", "properties": { "lagesbild_ar": 2025, "namn": "Bergsjön", "kategori": "Särskilt utsatt område", "ort": "Göteborg", "lokalpolisomrade": "Storgöteborg nordost", "polisregion": "Väst", "halland": false, "yta_km2": 2.68 }, "geometry": { "type": "Polygon", "coordinates": [ [ [ 12.06582, 57.74973 ], [ 12.06718, 57.74864 ], [ 12.06895, 57.74784 ], [ 12.07108, 57.74767 ], [ 12.0714, 57.74545 ], [ 12.07224, 57.74537 ], [ 12.07236, 57.74486 ], [ 12.0758, 57.74455 ], [ 12.07645, 57.74468 ], [ 12.0752, 57.74606 ], [ 12.07467, 57.74834 ], [ 12.07565, 57.74905 ], [ 12.07598, 57.74972 ], [ 12.07624, 57.75163 ], [ 12.07583, 57.75259 ], [ 12.07745, 57.75333 ], [ 12.0778, 57.75489 ], [ 12.07654, 57.75635 ], [ 12.075, 57.75702 ], [ 12.0749, 57.75955 ], [ 12.07454, 57.76079 ], [ 12.07313, 57.76279 ], [ 12.07076, 57.76253 ], [ 12.06842, 57.76262 ], [ 12.06686, 57.76449 ], [ 12.06608, 57.76495 ], [ 12.06567, 57.76494 ], [ 12.06456, 57.7634 ], [ 12.06029, 57.76454 ], [ 12.05677, 57.7645 ], [ 12.05337, 57.76415 ], [ 12.05128, 57.76366 ], [ 12.04886, 57.76261 ], [ 12.04707, 57.76076 ], [ 12.04645, 57.7571 ], [ 12.04508, 57.7554 ], [ 12.04709, 57.75501 ], [ 12.04795, 57.75507 ], [ 12.04704, 57.75397 ], [ 12.04623, 57.75181 ], [ 12.04943, 57.75219 ], [ 12.04972, 57.75017 ], [ 12.05238, 57.74989 ], [ 12.05253, 57.75098 ], [ 12.05406, 57.75091 ], [ 12.0548, 57.75102 ], [ 12.05553, 57.75283 ], [ 12.05929, 57.75084 ], [ 12.06419, 57.75038 ], [ 12.06582, 57.74973 ] ] ] } },
{ "type": "Feature", "properties": { "lagesbild_ar": 2025, "namn": "Hammarkullen", "kategori": "Särskilt utsatt område", "ort": "Göteborg", "lokalpolisomrade": "Storgöteborg nordost", "polisregion": "Väst", "halland": false, "yta_km2": 1.646 }, "geometry": { "type": "Polygon", "coordinates": [ [ [ 12.02299, 57.78442 ], [ 12.02328, 57.77713 ], [ 12.02661, 57.77445 ], [ 12.04404, 57.77481 ], [ 12.04767, 57.77884 ], [ 12.04671, 57.78462 ], [ 12.04341, 57.78633 ], [ 12.02299, 57.78442 ] ] ] } },
{ "type": "Feature", "properties": { "lagesbild_ar": 2025, "namn": "Hjällbo", "kategori": "Särskilt utsatt område", "ort": "Göteborg", "lokalpolisomrade": "Storgöteborg nordost", "polisregion": "Väst", "halland": false, "yta_km2": 1.194 }, "geometry": { "type": "Polygon", "coordinates": [ [ [ 12.01428, 57.77188 ], [ 12.01225, 57.76998 ], [ 12.01124, 57.76665 ], [ 12.01131, 57.76582 ], [ 12.01243, 57.76515 ], [ 12.01301, 57.76457 ], [ 12.01463, 57.76435 ], [ 12.01888, 57.76461 ], [ 12.0226, 57.76539 ], [ 12.02666, 57.76587 ], [ 12.03036, 57.76681 ], [ 12.03374, 57.76794 ], [ 12.03379, 57.76894 ], [ 12.03359, 57.76919 ], [ 12.03406, 57.76944 ], [ 12.03465, 57.76936 ], [ 12.03317, 57.77213 ], [ 12.0311, 57.77185 ], [ 12.0301, 57.7732 ], [ 12.0273, 57.77432 ], [ 12.02661, 57.77445 ], [ 12.02495, 57.77579 ], [ 12.02225, 57.7767 ], [ 12.02066, 57.77707 ], [ 12.019, 57.77717 ], [ 12.0194, 57.77504 ], [ 12.01781, 57.77225 ], [ 12.01428, 57.77188 ] ] ] } },
{ "type": "Feature", "properties": { "lagesbild_ar": 2025, "namn": "Råslätt", "kategori": "Utsatt område", "ort": "Jönköping", "lokalpolisomrade": "Södra Vätterbygden", "polisregion": "Öst", "halland": false, "yta_km2": 0.501 }, "geometry": { "type": "Polygon", "coordinates": [ [ [ 14.14439, 57.74189 ], [ 14.14397, 57.74052 ], [ 14.14357, 57.74043 ], [ 14.14295, 57.73989 ], [ 14.14271, 57.73796 ], [ 14.1441, 57.73626 ], [ 14.14544, 57.73616 ], [ 14.14598, 57.73651 ], [ 14.15025, 57.73618 ], [ 14.1511, 57.73593 ], [ 14.15338, 57.73703 ], [ 14.15649, 57.73953 ], [ 14.1572, 57.74113 ], [ 14.15718, 57.74258 ], [ 14.15596, 57.74256 ], [ 14.14886, 57.74313 ], [ 14.14861, 57.74221 ], [ 14.14673, 57.74164 ], [ 14.14596, 57.74157 ], [ 14.14439, 57.74189 ] ] ] } },
{ "type": "Feature", "properties": { "lagesbild_ar": 2025, "namn": "Skäggetorp", "kategori": "Särskilt utsatt område", "ort": "Linköping", "lokalpolisomrade": "Linköping", "polisregion": "Öst", "halland": false, "yta_km2": 1.602 }, "geometry": { "type": "Polygon", "coordinates": [ [ [ 15.56924, 58.42454 ], [ 15.57031, 58.42381 ], [ 15.57575, 58.42211 ], [ 15.57906, 58.42146 ], [ 15.5814, 58.42118 ], [ 15.58466, 58.42113 ], [ 15.5877, 58.42135 ], [ 15.59026, 58.42183 ], [ 15.59148, 58.42241 ], [ 15.59175, 58.42311 ], [ 15.59164, 58.42367 ], [ 15.58775, 58.42786 ], [ 15.58588, 58.43021 ], [ 15.58132, 58.43488 ], [ 15.5792, 58.4365 ], [ 15.57847, 58.43678 ], [ 15.5755, 58.4368 ], [ 15.57421, 58.43496 ], [ 15.57179, 58.43328 ], [ 15.56872, 58.43233 ], [ 15.56776, 58.43171 ], [ 15.56722, 58.43096 ], [ 15.56733, 58.42912 ], [ 15.56813, 58.42674 ], [ 15.56924, 58.42454 ] ] ] } },
{ "type": "Feature", "properties": { "lagesbild_ar": 2025, "namn": "Navestad", "kategori": "Utsatt område", "ort": "Norrköping", "lokalpolisomrade": "Norrköping", "polisregion": "Öst", "halland": false, "yta_km2": 0.806 }, "geometry": { "type": "Polygon", "coordinates": [ [ [ 16.21657, 58.56511 ], [ 16.20912, 58.56267 ], [ 16.21846, 58.55697 ], [ 16.22426, 58.55434 ], [ 16.22623, 58.55405 ], [ 16.23221, 58.55742 ], [ 16.2284, 58.55921 ], [ 16.22622, 58.56054 ], [ 16.22187, 58.56429 ], [ 16.21973, 58.56582 ], [ 16.21735, 58.56499 ], [ 16.21657, 58.56511 ] ] ] } },
{ "type": "Feature", "properties": { "lagesbild_ar": 2025, "namn": "Hageby", "kategori": "Utsatt område", "ort": "Norrköping", "lokalpolisomrade": "Norrköping", "polisregion": "Öst", "halland": false, "yta_km2": 1.562 }, "geometry": { "type": "Polygon", "coordinates": [ [ [ 16.2112, 58.57999 ], [ 16.18947, 58.57406 ], [ 16.19638, 58.56974 ], [ 16.19981, 58.57031 ], [ 16.209, 58.56286 ], [ 16.21654, 58.56529 ], [ 16.21892, 58.56656 ], [ 16.21554, 58.57006 ], [ 16.2112, 58.57999 ] ] ] } },
{ "type": "Feature", "properties": { "lagesbild_ar": 2025, "namn": "Oxhagen", "kategori": "Utsatt område", "ort": "Örebro", "lokalpolisomrade": "Örebro", "polisregion": "Bergslagen", "halland": false, "yta_km2": 0.359 }, "geometry": { "type": "Polygon", "coordinates": [ [ [ 15.17324, 59.2819 ], [ 15.17249, 59.28226 ], [ 15.16988, 59.28268 ], [ 15.1683, 59.28276 ], [ 15.16863, 59.27951 ], [ 15.16928, 59.27726 ], [ 15.17313, 59.27723 ], [ 15.17702, 59.27686 ], [ 15.17919, 59.27797 ], [ 15.18084, 59.28138 ], [ 15.17909, 59.28161 ], [ 15.17795, 59.28196 ], [ 15.17724, 59.28245 ], [ 15.17495, 59.2823 ], [ 15.17376, 59.28213 ], [ 15.17324, 59.2819 ] ] ] } },
{ "type": "Feature", "properties": { "lagesbild_ar": 2025, "namn": "Varberga", "kategori": "Utsatt område", "ort": "Örebro", "lokalpolisomrade": "Örebro", "polisregion": "Bergslagen", "halland": false, "yta_km2": 0.855 }, "geometry": { "type": "Polygon", "coordinates": [ [ [ 15.18084, 59.28138 ], [ 15.18259, 59.28485 ], [ 15.1825, 59.2857 ], [ 15.18192, 59.2864 ], [ 15.17905, 59.28807 ], [ 15.17398, 59.29028 ], [ 15.17245, 59.29113 ], [ 15.16778, 59.2913 ], [ 15.16644, 59.2908 ], [ 15.16541, 59.29079 ], [ 15.16306, 59.28284 ], [ 15.16988, 59.28268 ], [ 15.17249, 59.28226 ], [ 15.17324, 59.2819 ], [ 15.17376, 59.28213 ], [ 15.17495, 59.2823 ], [ 15.17724, 59.28245 ], [ 15.17795, 59.28196 ], [ 15.17909, 59.28161 ], [ 15.18084, 59.28138 ] ] ] } },
{ "type": "Feature", "properties": { "lagesbild_ar": 2025, "namn": "Skiftinge", "kategori": "Utsatt område", "ort": "Eskilstuna", "lokalpolisomrade": "Eskilstuna", "polisregion": "Öst", "halland": false, "yta_km2": 0.542 }, "geometry": { "type": "Polygon", "coordinates": [ [ [ 16.54508, 59.38671 ], [ 16.5464, 59.38861 ], [ 16.54693, 59.38987 ], [ 16.54687, 59.39038 ], [ 16.54757, 59.39082 ], [ 16.54443, 59.39073 ], [ 16.54307, 59.39092 ], [ 16.53706, 59.3926 ], [ 16.5361, 59.39303 ], [ 16.53927, 59.39447 ], [ 16.53708, 59.39542 ], [ 16.53292, 59.39543 ], [ 16.52697, 59.39504 ], [ 16.52862, 59.39255 ], [ 16.53006, 59.39123 ], [ 16.53142, 59.39038 ], [ 16.53782, 59.38826 ], [ 16.54056, 59.38757 ], [ 16.54508, 59.38671 ] ] ] } },
{ "type": "Feature", "properties": { "lagesbild_ar": 2025, "namn": "Fröslunda", "kategori": "Utsatt område", "ort": "Eskilstuna", "lokalpolisomrade": "Eskilstuna", "polisregion": "Öst", "halland": false, "yta_km2": 0.529 }, "geometry": { "type": "Polygon", "coordinates": [ [ [ 16.49749, 59.35155 ], [ 16.5015, 59.35579 ], [ 16.49798, 59.35733 ], [ 16.49808, 59.35773 ], [ 16.49315, 59.35886 ], [ 16.4822, 59.3534 ], [ 16.48402, 59.35252 ], [ 16.48637, 59.35198 ], [ 16.48811, 59.35184 ], [ 16.49421, 59.35197 ], [ 16.49582, 59.35187 ], [ 16.49749, 59.35155 ] ] ] } },
{ "type": "Feature", "properties": { "lagesbild_ar": 2025, "namn": "Årby", "kategori": "Utsatt område", "ort": "Eskilstuna", "lokalpolisomrade": "Eskilstuna", "polisregion": "Öst", "halland": false, "yta_km2": 0.211 }, "geometry": { "type": "Polygon", "coordinates": [ [ [ 16.514, 59.38254 ], [ 16.52146, 59.3802 ], [ 16.52369, 59.38042 ], [ 16.52486, 59.38246 ], [ 16.52488, 59.38374 ], [ 16.52031, 59.3846 ], [ 16.5159, 59.38458 ], [ 16.514, 59.38254 ] ] ] } },
{ "type": "Feature", "properties": { "lagesbild_ar": 2025, "namn": "Fittja", "kategori": "Särskilt utsatt område", "ort": "Botkyrka", "lokalpolisomrade": "Botkyrka", "polisregion": "Stockholm", "halland": false, "yta_km2": 2.27 }, "geometry": { "type": "Polygon", "coordinates": [ [ [ 17.8411, 59.24399 ], [ 17.84164, 59.24381 ], [ 17.86904, 59.24257 ], [ 17.86943, 59.24321 ], [ 17.86873, 59.24595 ], [ 17.87031, 59.24793 ], [ 17.87267, 59.24817 ], [ 17.87325, 59.24905 ], [ 17.87175, 59.2502 ], [ 17.87036, 59.25027 ], [ 17.86978, 59.25415 ], [ 17.87249, 59.25414 ], [ 17.87269, 59.25494 ], [ 17.87169, 59.25762 ], [ 17.86368, 59.2602 ], [ 17.85486, 59.26062 ], [ 17.85383, 59.25835 ], [ 17.85417, 59.25822 ], [ 17.85408, 59.25751 ], [ 17.85497, 59.25613 ], [ 17.85379, 59.25432 ], [ 17.85385, 59.25347 ], [ 17.85336, 59.25327 ], [ 17.85293, 59.25267 ], [ 17.85327, 59.25185 ], [ 17.85304, 59.25136 ], [ 17.85058, 59.25003 ], [ 17.84343, 59.24738 ], [ 17.8417, 59.24659 ], [ 17.83959, 59.24513 ], [ 17.83801, 59.24302 ], [ 17.83982, 59.24339 ], [ 17.8411, 59.24399 ] ] ] } },
{ "type": "Feature", "properties": { "lagesbild_ar": 2025, "namn": "Hallunda / Norsborg", "kategori": "Särskilt utsatt område", "ort": "Botkyrka", "lokalpolisomrade": "Botkyrka", "polisregion": "Stockholm", "halland": false, "yta_km2": 3.086 }, "geometry": { "type": "Polygon", "coordinates": [ [ [ 17.81051, 59.23955 ], [ 17.81631, 59.2397 ], [ 17.81868, 59.23945 ], [ 17.82109, 59.23949 ], [ 17.82755, 59.24063 ], [ 17.83044, 59.24043 ], [ 17.83385, 59.24043 ], [ 17.83452, 59.2403 ], [ 17.83623, 59.24115 ], [ 17.83729, 59.24204 ], [ 17.83864, 59.24406 ], [ 17.83986, 59.24536 ], [ 17.84103, 59.24622 ], [ 17.84265, 59.24705 ], [ 17.84207, 59.24731 ], [ 17.8427, 59.24753 ], [ 17.84305, 59.24826 ], [ 17.8427, 59.24944 ], [ 17.84237, 59.24958 ], [ 17.84155, 59.24952 ], [ 17.83749, 59.24988 ], [ 17.83108, 59.25015 ], [ 17.83086, 59.25067 ], [ 17.83106, 59.25172 ], [ 17.82982, 59.2514 ], [ 17.82907, 59.25142 ], [ 17.82641, 59.25208 ], [ 17.82471, 59.25222 ], [ 17.82502, 59.25401 ], [ 17.82565, 59.25483 ], [ 17.82542, 59.25565 ], [ 17.82386, 59.25575 ], [ 17.82286, 59.25506 ], [ 17.82211, 59.25479 ], [ 17.82026, 59.25466 ], [ 17.81961, 59.25432 ], [ 17.81614, 59.25451 ], [ 17.81273, 59.25542 ], [ 17.81074, 59.25566 ], [ 17.80608, 59.25544 ], [ 17.80552, 59.2536 ], [ 17.80619, 59.25262 ], [ 17.80625, 59.25212 ], [ 17.80592, 59.25164 ], [ 17.80449, 59.25123 ], [ 17.80571, 59.25083 ], [ 17.80535, 59.24788 ], [ 17.80592, 59.2476 ], [ 17.80558, 59.24447 ], [ 17.80009, 59.24483 ], [ 17.79908, 59.24476 ], [ 17.79846, 59.24454 ], [ 17.79808, 59.24411 ], [ 17.79761, 59.24025 ], [ 17.80148, 59.2397 ], [ 17.80694, 59.24017 ], [ 17.81051, 59.23955 ] ] ] } },
{ "type": "Feature", "properties": { "lagesbild_ar": 2025, "namn": "Alby", "kategori": "Särskilt utsatt område", "ort": "Botkyrka", "lokalpolisomrade": "Botkyrka", "polisregion": "Stockholm", "halland": false, "yta_km2": 2.347 }, "geometry": { "type": "Polygon", "coordinates": [ [ [ 17.86904, 59.24257 ], [ 17.84164, 59.24381 ], [ 17.8411, 59.24399 ], [ 17.83982, 59.24339 ], [ 17.83801, 59.24302 ], [ 17.8366, 59.24143 ], [ 17.83452, 59.2403 ], [ 17.83688, 59.23898 ], [ 17.8371, 59.23682 ], [ 17.83774, 59.23587 ], [ 17.83882, 59.2353 ], [ 17.8415, 59.2345 ], [ 17.8428, 59.23351 ], [ 17.84294, 59.23251 ], [ 17.842, 59.23086 ], [ 17.8471, 59.23058 ], [ 17.86934, 59.23174 ], [ 17.87009, 59.23246 ], [ 17.86874, 59.23696 ], [ 17.86862, 59.23998 ], [ 17.86904, 59.24257 ] ] ] } },
{ "type": "Feature", "properties": { "lagesbild_ar": 2025, "namn": "Storvreten", "kategori": "Utsatt område", "ort": "Botkyrka", "lokalpolisomrade": "Botkyrka", "polisregion": "Stockholm", "halland": false, "yta_km2": 0.567 }, "geometry": { "type": "Polygon", "coordinates": [ [ [ 17.84274, 59.18948 ], [ 17.84997, 59.19176 ], [ 17.84999, 59.19282 ], [ 17.84848, 59.19395 ], [ 17.84611, 59.19372 ], [ 17.84514, 59.19396 ], [ 17.84354, 59.19385 ], [ 17.84202, 59.19488 ], [ 17.84238, 59.19568 ], [ 17.83896, 59.19696 ], [ 17.83754, 59.19691 ], [ 17.83526, 59.19659 ], [ 17.83419, 59.19592 ], [ 17.8316, 59.19507 ], [ 17.82986, 59.1939 ], [ 17.82991, 59.19324 ], [ 17.83035, 59.1927 ], [ 17.83176, 59.19182 ], [ 17.83359, 59.19138 ], [ 17.8343, 59.19165 ], [ 17.83493, 59.19117 ], [ 17.83661, 59.19046 ], [ 17.84274, 59.18948 ] ] ] } },
{ "type": "Feature", "properties": { "lagesbild_ar": 2025, "namn": "Husby", "kategori": "Särskilt utsatt område", "ort": "Stockholm", "lokalpolisomrade": "Järva", "polisregion": "Stockholm", "halland": false, "yta_km2": 0.926 }, "geometry": { "type": "Polygon", "coordinates": [ [ [ 17.93038, 59.41441 ], [ 17.92931, 59.41396 ], [ 17.92863, 59.41392 ], [ 17.92461, 59.41503 ], [ 17.92249, 59.41264 ], [ 17.92267, 59.41232 ], [ 17.92378, 59.41185 ], [ 17.92263, 59.41128 ], [ 17.92235, 59.41143 ], [ 17.92139, 59.41094 ], [ 17.92138, 59.41057 ], [ 17.92109, 59.41038 ], [ 17.91936, 59.40964 ], [ 17.91734, 59.40906 ], [ 17.91675, 59.40865 ], [ 17.91669, 59.408 ], [ 17.91789, 59.4074 ], [ 17.91619, 59.40697 ], [ 17.91539, 59.40625 ], [ 17.92042, 59.40429 ], [ 17.92356, 59.40339 ], [ 17.92474, 59.40442 ], [ 17.92473, 59.40471 ], [ 17.92746, 59.40387 ], [ 17.92782, 59.40467 ], [ 17.92937, 59.40475 ], [ 17.93112, 59.40461 ], [ 17.93192, 59.40492 ], [ 17.93296, 59.40456 ], [ 17.93497, 59.40602 ], [ 17.93596, 59.40638 ], [ 17.9378, 59.40753 ], [ 17.93603, 59.40857 ], [ 17.93455, 59.40977 ], [ 17.93203, 59.41338 ], [ 17.93038, 59.41441 ] ] ] } },
{ "type": "Feature", "properties": { "lagesbild_ar": 2025, "namn": "Tensta", "kategori": "Särskilt utsatt område", "ort": "Stockholm", "lokalpolisomrade": "Järva", "polisregion": "Stockholm", "halland": false, "yta_km2": 1.114 }, "geometry": { "type": "Polygon", "coordinates": [ [ [ 17.89414, 59.39943 ], [ 17.89351, 59.3959 ], [ 17.891, 59.39325 ], [ 17.89806, 59.39076 ], [ 17.90356, 59.38964 ], [ 17.90943, 59.38804 ], [ 17.91536, 59.39147 ], [ 17.91523, 59.39259 ], [ 17.91386, 59.39343 ], [ 17.91373, 59.39419 ], [ 17.91576, 59.39496 ], [ 17.9164, 59.39539 ], [ 17.90929, 59.39729 ], [ 17.90425, 59.39831 ], [ 17.89414, 59.39943 ] ] ] } },
{ "type": "Feature", "properties": { "lagesbild_ar": 2025, "namn": "Rinkeby", "kategori": "Särskilt utsatt område", "ort": "Stockholm", "lokalpolisomrade": "Järva", "polisregion": "Stockholm", "halland": false, "yta_km2": 1.009 }, "geometry": { "type": "Polygon", "coordinates": [ [ [ 17.92375, 59.39385 ], [ 17.91646, 59.38921 ], [ 17.91669, 59.38706 ], [ 17.93369, 59.38314 ], [ 17.93694, 59.38411 ], [ 17.94011, 59.38789 ], [ 17.93932, 59.39 ], [ 17.93852, 59.39047 ], [ 17.92375, 59.39385 ] ] ] } },
{ "type": "Feature", "properties": { "lagesbild_ar": 2025, "namn": "Hjulsta", "kategori": "Utsatt område", "ort": "Stockholm", "lokalpolisomrade": "Järva", "polisregion": "Stockholm", "halland": false, "yta_km2": 0.307 }, "geometry": { "type": "Polygon", "coordinates": [ [ [ 17.891, 59.39325 ], [ 17.89351, 59.3959 ], [ 17.89414, 59.39943 ], [ 17.88935, 59.39947 ], [ 17.88554, 59.39896 ], [ 17.88179, 59.39751 ], [ 17.88607, 59.3949 ], [ 17.891, 59.39325 ] ] ] } },
{ "type": "Feature", "properties": { "lagesbild_ar": 2025, "namn": "Rissne", "kategori": "Utsatt område", "ort": "Sundbyberg", "lokalpolisomrade": "Solna", "polisregion": "Stockholm", "halland": false, "yta_km2": 0.502 }, "geometry": { "type": "Polygon", "coordinates": [ [ [ 17.94591, 59.37585 ], [ 17.9478, 59.37587 ], [ 17.94837, 59.37683 ], [ 17.94641, 59.37771 ], [ 17.94539, 59.37801 ], [ 17.94323, 59.37827 ], [ 17.94275, 59.37873 ], [ 17.94025, 59.37924 ], [ 17.93999, 59.37737 ], [ 17.93697, 59.37726 ], [ 17.93935, 59.37812 ], [ 17.93809, 59.37983 ], [ 17.93517, 59.3794 ], [ 17.93353, 59.3784 ], [ 17.92969, 59.37732 ], [ 17.93087, 59.37619 ], [ 17.93226, 59.37644 ], [ 17.93192, 59.37604 ], [ 17.93198, 59.37566 ], [ 17.93455, 59.37534 ], [ 17.93495, 59.37508 ], [ 17.93485, 59.37465 ], [ 17.9344, 59.37448 ], [ 17.93491, 59.37406 ], [ 17.9349, 59.37375 ], [ 17.93336, 59.37319 ], [ 17.93259, 59.37258 ], [ 17.93773, 59.37186 ], [ 17.93803, 59.37241 ], [ 17.9396, 59.37202 ], [ 17.94016, 59.37242 ], [ 17.9397, 59.3733 ], [ 17.94088, 59.37312 ], [ 17.94212, 59.37338 ], [ 17.94325, 59.37327 ], [ 17.94479, 59.37366 ], [ 17.94558, 59.37485 ], [ 17.94475, 59.37543 ], [ 17.94281, 59.37566 ], [ 17.94342, 59.37637 ], [ 17.94591, 59.37585 ] ] ] } },
{ "type": "Feature", "properties": { "lagesbild_ar": 2025, "namn": "Hallonbergen", "kategori": "Utsatt område", "ort": "Solna", "lokalpolisomrade": "Solna", "polisregion": "Stockholm", "halland": false, "yta_km2": 0.216 }, "geometry": { "type": "Polygon", "coordinates": [ [ [ 17.95306, 59.37841 ], [ 17.95246, 59.37732 ], [ 17.95518, 59.37671 ], [ 17.95561, 59.37754 ], [ 17.95788, 59.37725 ], [ 17.95727, 59.37611 ], [ 17.96019, 59.37564 ], [ 17.96096, 59.37691 ], [ 17.96382, 59.37651 ], [ 17.96305, 59.37492 ], [ 17.96499, 59.37463 ], [ 17.9648, 59.37413 ], [ 17.96692, 59.37384 ], [ 17.96679, 59.37361 ], [ 17.96971, 59.37317 ], [ 17.97053, 59.37468 ], [ 17.96998, 59.37474 ], [ 17.9706, 59.37579 ], [ 17.9706, 59.3764 ], [ 17.95848, 59.37819 ], [ 17.95801, 59.37741 ], [ 17.95575, 59.37769 ], [ 17.9558, 59.37787 ], [ 17.95306, 59.37841 ] ] ] } },
{ "type": "Feature", "properties": { "lagesbild_ar": 2025, "namn": "Tureberg", "kategori": "Utsatt område", "ort": "Sollentuna", "lokalpolisomrade": "Sollentuna", "polisregion": "Stockholm", "halland": false, "yta_km2": 0.107 }, "geometry": { "type": "Polygon", "coordinates": [ [ [ 17.94258, 59.42903 ], [ 17.94689, 59.42469 ], [ 17.94689, 59.42437 ], [ 17.94774, 59.42408 ], [ 17.95021, 59.42484 ], [ 17.94837, 59.42632 ], [ 17.94771, 59.42647 ], [ 17.94706, 59.42708 ], [ 17.94625, 59.42815 ], [ 17.94631, 59.42839 ], [ 17.94506, 59.42966 ], [ 17.94484, 59.43017 ], [ 17.94268, 59.43008 ], [ 17.94258, 59.42903 ] ] ] } },
{ "type": "Feature", "properties": { "lagesbild_ar": 2025, "namn": "Grantorp / Visättra", "kategori": "Utsatt område", "ort": "Huddinge", "lokalpolisomrade": "Huddinge", "polisregion": "Stockholm", "halland": false, "yta_km2": 1.173 }, "geometry": { "type": "Polygon", "coordinates": [ [ [ 17.93478, 59.22522 ], [ 17.93345, 59.22433 ], [ 17.93944, 59.2222 ], [ 17.94335, 59.22063 ], [ 17.94537, 59.2201 ], [ 17.94611, 59.21956 ], [ 17.94402, 59.21785 ], [ 17.94537, 59.21738 ], [ 17.9435, 59.21595 ], [ 17.94353, 59.21525 ], [ 17.9439, 59.2148 ], [ 17.94482, 59.21458 ], [ 17.94507, 59.21374 ], [ 17.94596, 59.21302 ], [ 17.94537, 59.21224 ], [ 17.94685, 59.21198 ], [ 17.95072, 59.21332 ], [ 17.96491, 59.2158 ], [ 17.96872, 59.21631 ], [ 17.96746, 59.21774 ], [ 17.96602, 59.21846 ], [ 17.96497, 59.21994 ], [ 17.95966, 59.22005 ], [ 17.95591, 59.21923 ], [ 17.95428, 59.22025 ], [ 17.95103, 59.21981 ], [ 17.94955, 59.21988 ], [ 17.94728, 59.22065 ], [ 17.95167, 59.22341 ], [ 17.94743, 59.22489 ], [ 17.94338, 59.22528 ], [ 17.93819, 59.22536 ], [ 17.93588, 59.22566 ], [ 17.93478, 59.22522 ] ] ] } },
{ "type": "Feature", "properties": { "lagesbild_ar": 2025, "namn": "Vårby", "kategori": "Utsatt område", "ort": "Huddinge", "lokalpolisomrade": "Huddinge", "polisregion": "Stockholm", "halland": false, "yta_km2": 2.09 }, "geometry": { "type": "Polygon", "coordinates": [ [ [ 17.87852, 59.26944 ], [ 17.87464, 59.26925 ], [ 17.87186, 59.26783 ], [ 17.87087, 59.26615 ], [ 17.87149, 59.26474 ], [ 17.87382, 59.26365 ], [ 17.87779, 59.26087 ], [ 17.87858, 59.25906 ], [ 17.87964, 59.25837 ], [ 17.88106, 59.25591 ], [ 17.87991, 59.25535 ], [ 17.87706, 59.25558 ], [ 17.87551, 59.25545 ], [ 17.87379, 59.25502 ], [ 17.87333, 59.25475 ], [ 17.87314, 59.2539 ], [ 17.87658, 59.2492 ], [ 17.8761, 59.24576 ], [ 17.879, 59.24222 ], [ 17.88452, 59.2418 ], [ 17.89296, 59.24353 ], [ 17.88415, 59.24743 ], [ 17.882, 59.24911 ], [ 17.88228, 59.25099 ], [ 17.88211, 59.25479 ], [ 17.8847, 59.25588 ], [ 17.89108, 59.2624 ], [ 17.89494, 59.26379 ], [ 17.89508, 59.26416 ], [ 17.89425, 59.26562 ], [ 17.89183, 59.2669 ], [ 17.89029, 59.26794 ], [ 17.89017, 59.26875 ], [ 17.88794, 59.26907 ], [ 17.88823, 59.27028 ], [ 17.88233, 59.27037 ], [ 17.88083, 59.26982 ], [ 17.87852, 59.26944 ] ] ] } },
{ "type": "Feature", "properties": { "lagesbild_ar": 2025, "namn": "Skogås", "kategori": "Utsatt område", "ort": "Huddinge", "lokalpolisomrade": "Huddinge", "polisregion": "Stockholm", "halland": false, "yta_km2": 0.841 }, "geometry": { "type": "Polygon", "coordinates": [ [ [ 18.14815, 59.21308 ], [ 18.14955, 59.21225 ], [ 18.15084, 59.21171 ], [ 18.15176, 59.2116 ], [ 18.15358, 59.21191 ], [ 18.15573, 59.21172 ], [ 18.15713, 59.21184 ], [ 18.15823, 59.2125 ], [ 18.15807, 59.21366 ], [ 18.15732, 59.21499 ], [ 18.1549, 59.21779 ], [ 18.155, 59.21807 ], [ 18.15373, 59.2199 ], [ 18.15296, 59.2201 ], [ 18.15308, 59.22044 ], [ 18.15215, 59.22109 ], [ 18.1412, 59.22372 ], [ 18.14054, 59.2236 ], [ 18.14019, 59.22315 ], [ 18.1397, 59.22143 ], [ 18.13866, 59.22075 ], [ 18.13881, 59.22036 ], [ 18.14593, 59.21418 ], [ 18.14683, 59.21349 ], [ 18.14815, 59.21308 ] ] ] } },
{ "type": "Feature", "properties": { "lagesbild_ar": 2025, "namn": "Bredäng", "kategori": "Utsatt område", "ort": "Stockholm", "lokalpolisomrade": "Skärholmen", "polisregion": "Stockholm", "halland": false, "yta_km2": 1.337 }, "geometry": { "type": "Polygon", "coordinates": [ [ [ 17.92295, 59.29054 ], [ 17.92391, 59.29036 ], [ 17.92889, 59.28873 ], [ 17.92999, 59.28913 ], [ 17.93243, 59.28919 ], [ 17.93579, 59.28826 ], [ 17.93747, 59.28801 ], [ 17.93889, 59.28801 ], [ 17.94255, 59.28846 ], [ 17.9459, 59.28957 ], [ 17.94681, 59.28967 ], [ 17.94602, 59.29365 ], [ 17.94538, 59.29432 ], [ 17.94369, 59.29521 ], [ 17.94333, 59.29609 ], [ 17.94201, 59.2965 ], [ 17.94273, 59.29781 ], [ 17.94242, 59.29903 ], [ 17.9404, 59.30036 ], [ 17.93822, 59.30078 ], [ 17.93662, 59.30053 ], [ 17.93489, 59.2996 ], [ 17.93177, 59.29956 ], [ 17.93075, 59.2998 ], [ 17.92923, 59.29939 ], [ 17.92855, 59.29939 ], [ 17.927, 59.29702 ], [ 17.92519, 59.29354 ], [ 17.92401, 59.29247 ], [ 17.92295, 59.29054 ] ] ] } },
{ "type": "Feature", "properties": { "lagesbild_ar": 2025, "namn": "Sångvägen", "kategori": "Utsatt område", "ort": "Järfälla", "lokalpolisomrade": "Järfälla", "polisregion": "Stockholm", "halland": false, "yta_km2": 0.088 }, "geometry": { "type": "Polygon", "coordinates": [ [ [ 17.84061, 59.42547 ], [ 17.84078, 59.42727 ], [ 17.84196, 59.42724 ], [ 17.8417, 59.42839 ], [ 17.83809, 59.42811 ], [ 17.83797, 59.42739 ], [ 17.83523, 59.42744 ], [ 17.83443, 59.42721 ], [ 17.83489, 59.42612 ], [ 17.83625, 59.42565 ], [ 17.84061, 59.42547 ] ] ] } },
{ "type": "Feature", "properties": { "lagesbild_ar": 2025, "namn": "Finnsta", "kategori": "Utsatt område", "ort": "Upplands Bro", "lokalpolisomrade": "Järfälla", "polisregion": "Stockholm", "halland": false, "yta_km2": 0.565 }, "geometry": { "type": "Polygon", "coordinates": [ [ [ 17.63333, 59.52179 ], [ 17.63296, 59.52176 ], [ 17.63289, 59.52137 ], [ 17.63112, 59.51913 ], [ 17.63524, 59.5178 ], [ 17.63533, 59.51743 ], [ 17.63411, 59.51597 ], [ 17.6362, 59.51579 ], [ 17.64459, 59.51385 ], [ 17.65375, 59.51014 ], [ 17.65566, 59.51142 ], [ 17.65616, 59.51361 ], [ 17.65104, 59.51382 ], [ 17.65129, 59.515 ], [ 17.6509, 59.51563 ], [ 17.65, 59.51607 ], [ 17.64796, 59.51652 ], [ 17.64665, 59.51644 ], [ 17.64512, 59.51669 ], [ 17.6427, 59.51781 ], [ 17.6406, 59.51909 ], [ 17.63978, 59.51919 ], [ 17.63846, 59.51987 ], [ 17.6382, 59.52019 ], [ 17.63333, 59.52179 ] ] ] } },
{ "type": "Feature", "properties": { "lagesbild_ar": 2025, "namn": "Hagalund", "kategori": "Utsatt område", "ort": "Solna", "lokalpolisomrade": "Solna", "polisregion": "Stockholm", "halland": false, "yta_km2": 0.284 }, "geometry": { "type": "Polygon", "coordinates": [ [ [ 18.00865, 59.36414 ], [ 18.00449, 59.36185 ], [ 18.00537, 59.36112 ], [ 18.0051, 59.36049 ], [ 18.0066, 59.3598 ], [ 18.00794, 59.36097 ], [ 18.01178, 59.36042 ], [ 18.01207, 59.35948 ], [ 18.01558, 59.35889 ], [ 18.01555, 59.35984 ], [ 18.01746, 59.35995 ], [ 18.01726, 59.36219 ], [ 18.01648, 59.36271 ], [ 18.01637, 59.36341 ], [ 18.01608, 59.36363 ], [ 18.01506, 59.36361 ], [ 18.01111, 59.36438 ], [ 18.00982, 59.36444 ], [ 18.00865, 59.36414 ] ] ] } },
{ "type": "Feature", "properties": { "lagesbild_ar": 2025, "namn": "Hagsätra / Rågsved", "kategori": "Utsatt område", "ort": "Stockholm", "lokalpolisomrade": "Farsta", "polisregion": "Stockholm", "halland": false, "yta_km2": 2.777 }, "geometry": { "type": "Polygon", "coordinates": [ [ [ 18.01416, 59.25687 ], [ 18.02378, 59.25227 ], [ 18.02671, 59.25144 ], [ 18.03351, 59.2507 ], [ 18.03519, 59.24996 ], [ 18.0345, 59.24897 ], [ 18.03528, 59.24862 ], [ 18.03854, 59.2491 ], [ 18.03927, 59.24867 ], [ 18.04783, 59.24632 ], [ 18.04805, 59.24751 ], [ 18.0468, 59.24824 ], [ 18.04714, 59.24954 ], [ 18.04287, 59.25118 ], [ 18.04284, 59.25204 ], [ 18.0438, 59.2525 ], [ 18.04104, 59.25507 ], [ 18.04149, 59.2571 ], [ 18.04014, 59.25786 ], [ 18.04161, 59.25844 ], [ 18.04122, 59.25892 ], [ 18.0415, 59.25964 ], [ 18.0387, 59.25948 ], [ 18.03405, 59.26174 ], [ 18.02658, 59.26351 ], [ 18.01576, 59.27127 ], [ 18.01429, 59.27127 ], [ 18.01153, 59.27212 ], [ 18.00978, 59.27023 ], [ 18.00752, 59.26869 ], [ 18.00559, 59.26667 ], [ 18.00575, 59.26597 ], [ 18.01282, 59.25894 ], [ 18.01416, 59.25687 ] ] ] } },
{ "type": "Feature", "properties": { "lagesbild_ar": 2025, "namn": "Brandbergen", "kategori": "Utsatt område", "ort": "Haninge", "lokalpolisomrade": "Haninge-Nynäshamn", "polisregion": "Stockholm", "halland": false, "yta_km2": 0.868 }, "geometry": { "type": "Polygon", "coordinates": [ [ [ 18.16935, 59.16699 ], [ 18.17154, 59.16656 ], [ 18.17302, 59.16646 ], [ 18.17576, 59.16657 ], [ 18.17936, 59.16935 ], [ 18.1797, 59.17217 ], [ 18.18127, 59.17409 ], [ 18.17456, 59.175 ], [ 18.1689, 59.17334 ], [ 18.16294, 59.17345 ], [ 18.16141, 59.17437 ], [ 18.16227, 59.17869 ], [ 18.15939, 59.17784 ], [ 18.16109, 59.17642 ], [ 18.16101, 59.17411 ], [ 18.16012, 59.17162 ], [ 18.16145, 59.1697 ], [ 18.16293, 59.1668 ], [ 18.16506, 59.16641 ], [ 18.16935, 59.16699 ] ] ] } },
{ "type": "Feature", "properties": { "lagesbild_ar": 2025, "namn": "Jordbro", "kategori": "Utsatt område", "ort": "Haninge", "lokalpolisomrade": "Haninge-Nynäshamn", "polisregion": "Stockholm", "halland": false, "yta_km2": 2.549 }, "geometry": { "type": "Polygon", "coordinates": [ [ [ 18.12519, 59.1412 ], [ 18.12418, 59.1391 ], [ 18.12288, 59.13755 ], [ 18.1346, 59.13184 ], [ 18.14408, 59.13252 ], [ 18.1488, 59.13942 ], [ 18.14929, 59.14972 ], [ 18.14887, 59.15205 ], [ 18.13606, 59.15274 ], [ 18.13392, 59.15186 ], [ 18.13309, 59.15138 ], [ 18.13243, 59.15069 ], [ 18.13031, 59.14618 ], [ 18.12951, 59.14563 ], [ 18.12645, 59.14449 ], [ 18.12542, 59.14352 ], [ 18.12519, 59.1412 ] ] ] } },
{ "type": "Feature", "properties": { "lagesbild_ar": 2025, "namn": "Fisksätra", "kategori": "Utsatt område", "ort": "Nacka", "lokalpolisomrade": "Nacka", "polisregion": "Stockholm", "halland": false, "yta_km2": 0.362 }, "geometry": { "type": "MultiPolygon", "coordinates": [ [ [ [ 18.24969, 59.29338 ], [ 18.24779, 59.29128 ], [ 18.24781, 59.29071 ], [ 18.24894, 59.29015 ], [ 18.25001, 59.29007 ], [ 18.25405, 59.29041 ], [ 18.25662, 59.29047 ], [ 18.26017, 59.29037 ], [ 18.26181, 59.29069 ], [ 18.26434, 59.29189 ], [ 18.26489, 59.29248 ], [ 18.26493, 59.29294 ], [ 18.2648, 59.29337 ], [ 18.26377, 59.29379 ], [ 18.26363, 59.29417 ], [ 18.26265, 59.29449 ], [ 18.26161, 59.2945 ], [ 18.25496, 59.29398 ], [ 18.25258, 59.29396 ], [ 18.25057, 59.29363 ], [ 18.24969, 59.29338 ] ] ], [ [ [ 18.24836, 59.29207 ], [ 18.24837, 59.29208 ], [ 18.24833, 59.2921 ], [ 18.24836, 59.29207 ] ] ] ] } },
{ "type": "Feature", "properties": { "lagesbild_ar": 2025, "namn": "Granängsringen", "kategori": "Utsatt område", "ort": "Nacka", "lokalpolisomrade": "Nacka", "polisregion": "Stockholm", "halland": false, "yta_km2": 0.548 }, "geometry": { "type": "Polygon", "coordinates": [ [ [ 18.21998, 59.23881 ], [ 18.22333, 59.23623 ], [ 18.22535, 59.23697 ], [ 18.22597, 59.23699 ], [ 18.22612, 59.23579 ], [ 18.22677, 59.23531 ], [ 18.22837, 59.23461 ], [ 18.23136, 59.23453 ], [ 18.23424, 59.23465 ], [ 18.23491, 59.23347 ], [ 18.2348, 59.23264 ], [ 18.23753, 59.23245 ], [ 18.23803, 59.23307 ], [ 18.23803, 59.23343 ], [ 18.24048, 59.23418 ], [ 18.23692, 59.23735 ], [ 18.23527, 59.23836 ], [ 18.23247, 59.24095 ], [ 18.23041, 59.24045 ], [ 18.22874, 59.24112 ], [ 18.22547, 59.23985 ], [ 18.22416, 59.23961 ], [ 18.22397, 59.24009 ], [ 18.22189, 59.23996 ], [ 18.21998, 59.23881 ] ] ] } },
{ "type": "Feature", "properties": { "lagesbild_ar": 2025, "namn": "Hässelby gård", "kategori": "Utsatt område", "ort": "Stockholm", "lokalpolisomrade": "Vällingby", "polisregion": "Stockholm", "halland": false, "yta_km2": 1.102 }, "geometry": { "type": "Polygon", "coordinates": [ [ [ 17.83354, 59.37569 ], [ 17.83406, 59.37504 ], [ 17.83732, 59.37377 ], [ 17.83734, 59.37341 ], [ 17.83835, 59.37275 ], [ 17.83748, 59.37252 ], [ 17.83715, 59.37159 ], [ 17.83623, 59.37131 ], [ 17.83332, 59.36798 ], [ 17.83181, 59.36666 ], [ 17.83724, 59.36509 ], [ 17.84037, 59.36327 ], [ 17.84494, 59.36132 ], [ 17.85904, 59.3664 ], [ 17.84361, 59.37243 ], [ 17.83617, 59.3751 ], [ 17.8349, 59.37551 ], [ 17.83354, 59.37569 ] ] ] } },
{ "type": "Feature", "properties": { "lagesbild_ar": 2025, "namn": "Tjärna Ängar", "kategori": "Utsatt område", "ort": "Borlänge", "lokalpolisomrade": "Borlänge", "polisregion": "Bergslagen", "halland": false, "yta_km2": 0.392 }, "geometry": { "type": "Polygon", "coordinates": [ [ [ 15.40206, 60.48946 ], [ 15.4037, 60.49058 ], [ 15.40587, 60.49159 ], [ 15.4076, 60.4919 ], [ 15.40676, 60.49317 ], [ 15.40558, 60.49415 ], [ 15.40118, 60.4957 ], [ 15.3992, 60.49711 ], [ 15.39605, 60.49624 ], [ 15.3951, 60.49549 ], [ 15.394, 60.4952 ], [ 15.39295, 60.49554 ], [ 15.39115, 60.49433 ], [ 15.39115, 60.49415 ], [ 15.39514, 60.4923 ], [ 15.3951, 60.49206 ], [ 15.40206, 60.48946 ] ] ] } },
{ "type": "Feature", "properties": { "lagesbild_ar": 2025, "namn": "Vivalla", "kategori": "Särskilt utsatt område", "ort": "Örebro", "lokalpolisomrade": "Örebro", "polisregion": "Bergslagen", "halland": false, "yta_km2": 1.331 }, "geometry": { "type": "Polygon", "coordinates": [ [ [ 15.19391, 59.30472 ], [ 15.18127, 59.30391 ], [ 15.17833, 59.30301 ], [ 15.17512, 59.30137 ], [ 15.17715, 59.29954 ], [ 15.17469, 59.29914 ], [ 15.17458, 59.29859 ], [ 15.17386, 59.29766 ], [ 15.17455, 59.29682 ], [ 15.17808, 59.29517 ], [ 15.18018, 59.29378 ], [ 15.18304, 59.29445 ], [ 15.185, 59.2947 ], [ 15.1859, 59.29346 ], [ 15.18847, 59.29242 ], [ 15.19032, 59.29219 ], [ 15.19218, 59.29222 ], [ 15.19664, 59.29326 ], [ 15.19616, 59.29399 ], [ 15.19687, 59.29447 ], [ 15.19724, 59.29509 ], [ 15.19391, 59.30472 ] ] ] } },
{ "type": "Feature", "properties": { "lagesbild_ar": 2025, "namn": "Bäckby", "kategori": "Utsatt område", "ort": "Västerås", "lokalpolisomrade": "Västerås", "polisregion": "Mitt", "halland": false, "yta_km2": 3.073 }, "geometry": { "type": "Polygon", "coordinates": [ [ [ 16.47023, 59.59114 ], [ 16.50008, 59.59468 ], [ 16.49769, 59.59839 ], [ 16.49379, 59.60143 ], [ 16.48118, 59.6079 ], [ 16.47541, 59.6111 ], [ 16.46089, 59.60786 ], [ 16.45985, 59.60249 ], [ 16.46616, 59.59636 ], [ 16.47023, 59.59114 ] ] ] } },
{ "type": "Feature", "properties": { "lagesbild_ar": 2025, "namn": "Gottsunda", "kategori": "Utsatt område", "ort": "Uppsala", "lokalpolisomrade": "Uppsala-Knivsta", "polisregion": "Mitt", "halland": false, "yta_km2": 2.579 }, "geometry": { "type": "Polygon", "coordinates": [ [ [ 17.62616, 59.81667 ], [ 17.62127, 59.81848 ], [ 17.61998, 59.81735 ], [ 17.61823, 59.81683 ], [ 17.61438, 59.81839 ], [ 17.61245, 59.81721 ], [ 17.6106, 59.81486 ], [ 17.61081, 59.81307 ], [ 17.61257, 59.81176 ], [ 17.61204, 59.8114 ], [ 17.61919, 59.80594 ], [ 17.61849, 59.80555 ], [ 17.62166, 59.80383 ], [ 17.62265, 59.80307 ], [ 17.62348, 59.80196 ], [ 17.62368, 59.80104 ], [ 17.62584, 59.7999 ], [ 17.62646, 59.79901 ], [ 17.6276, 59.79841 ], [ 17.62911, 59.7982 ], [ 17.63101, 59.79825 ], [ 17.6337, 59.79935 ], [ 17.63603, 59.80109 ], [ 17.6426, 59.80435 ], [ 17.63797, 59.80629 ], [ 17.63572, 59.8106 ], [ 17.63301, 59.81219 ], [ 17.64063, 59.81004 ], [ 17.65043, 59.81062 ], [ 17.64921, 59.81449 ], [ 17.64256, 59.81406 ], [ 17.63548, 59.81408 ], [ 17.62726, 59.81754 ], [ 17.62616, 59.81667 ] ] ] } },
{ "type": "Feature", "properties": { "lagesbild_ar": 2025, "namn": "Saltskog", "kategori": "Utsatt område", "ort": "Södertälje", "lokalpolisomrade": "Södertälje", "polisregion": "Stockholm", "halland": false, "yta_km2": 0.554 }, "geometry": { "type": "Polygon", "coordinates": [ [ [ 17.61493, 59.17915 ], [ 17.61797, 59.17789 ], [ 17.62215, 59.17714 ], [ 17.6273, 59.17666 ], [ 17.63324, 59.17655 ], [ 17.63363, 59.17678 ], [ 17.63121, 59.18237 ], [ 17.6289, 59.18307 ], [ 17.62657, 59.18313 ], [ 17.62279, 59.18184 ], [ 17.62176, 59.18172 ], [ 17.62092, 59.1817 ], [ 17.61726, 59.18224 ], [ 17.6168, 59.18204 ], [ 17.61493, 59.17915 ] ] ] } },
{ "type": "Feature", "properties": { "lagesbild_ar": 2025, "namn": "Geneta", "kategori": "Särskilt utsatt område", "ort": "Södertälje", "lokalpolisomrade": "Södertälje", "polisregion": "Stockholm", "halland": false, "yta_km2": 2.431 }, "geometry": { "type": "Polygon", "coordinates": [ [ [ 17.5701, 59.19122 ], [ 17.57055, 59.19066 ], [ 17.56877, 59.18979 ], [ 17.56841, 59.18745 ], [ 17.57134, 59.18639 ], [ 17.58085, 59.18599 ], [ 17.5838, 59.18512 ], [ 17.5896, 59.18465 ], [ 17.59369, 59.1841 ], [ 17.59466, 59.1856 ], [ 17.59874, 59.1877 ], [ 17.60212, 59.18804 ], [ 17.60357, 59.19055 ], [ 17.60108, 59.19188 ], [ 17.60158, 59.19361 ], [ 17.60051, 59.19528 ], [ 17.60843, 59.19638 ], [ 17.60162, 59.19835 ], [ 17.60253, 59.20235 ], [ 17.60254, 59.20256 ], [ 17.60232, 59.20258 ], [ 17.60074, 59.20195 ], [ 17.59626, 59.19909 ], [ 17.59249, 59.19789 ], [ 17.58872, 59.19712 ], [ 17.58696, 59.19693 ], [ 17.577, 59.19691 ], [ 17.57342, 59.19552 ], [ 17.5701, 59.19122 ] ] ] } },
{ "type": "Feature", "properties": { "lagesbild_ar": 2025, "namn": "Fornhöjden", "kategori": "Utsatt område", "ort": "Södertälje", "lokalpolisomrade": "Södertälje", "polisregion": "Stockholm", "halland": false, "yta_km2": 0.411 }, "geometry": { "type": "Polygon", "coordinates": [ [ [ 17.66557, 59.1858 ], [ 17.66833, 59.18642 ], [ 17.66702, 59.18887 ], [ 17.67034, 59.19021 ], [ 17.668, 59.1952 ], [ 17.6654, 59.19633 ], [ 17.6626, 59.19607 ], [ 17.66157, 59.19544 ], [ 17.6607, 59.19229 ], [ 17.66275, 59.18847 ], [ 17.66557, 59.1858 ] ] ] } },
{ "type": "Feature", "properties": { "lagesbild_ar": 2025, "namn": "Hovsjö", "kategori": "Särskilt utsatt område", "ort": "Södertälje", "lokalpolisomrade": "Södertälje", "polisregion": "Stockholm", "halland": false, "yta_km2": 1.531 }, "geometry": { "type": "Polygon", "coordinates": [ [ [ 17.60873, 59.17399 ], [ 17.61333, 59.17598 ], [ 17.614, 59.17816 ], [ 17.57266, 59.18559 ], [ 17.57223, 59.1847 ], [ 17.57283, 59.18398 ], [ 17.57476, 59.18256 ], [ 17.57854, 59.1807 ], [ 17.58882, 59.17829 ], [ 17.58944, 59.17597 ], [ 17.59593, 59.17235 ], [ 17.59837, 59.17078 ], [ 17.60205, 59.17157 ], [ 17.60457, 59.17158 ], [ 17.607, 59.1721 ], [ 17.60758, 59.17304 ], [ 17.60873, 59.17399 ] ] ] } },
{ "type": "Feature", "properties": { "lagesbild_ar": 2025, "namn": "Ronna", "kategori": "Särskilt utsatt område", "ort": "Södertälje", "lokalpolisomrade": "Södertälje", "polisregion": "Stockholm", "halland": false, "yta_km2": 1.146 }, "geometry": { "type": "Polygon", "coordinates": [ [ [ 17.58228, 59.19862 ], [ 17.58155, 59.19761 ], [ 17.58159, 59.1972 ], [ 17.582, 59.19706 ], [ 17.587, 59.19709 ], [ 17.58926, 59.19731 ], [ 17.59181, 59.19779 ], [ 17.59609, 59.19907 ], [ 17.60072, 59.20201 ], [ 17.60272, 59.20282 ], [ 17.60146, 59.20447 ], [ 17.59976, 59.20845 ], [ 17.59861, 59.20913 ], [ 17.59356, 59.20851 ], [ 17.58715, 59.20717 ], [ 17.58454, 59.20564 ], [ 17.58216, 59.2046 ], [ 17.58176, 59.20099 ], [ 17.58061, 59.1998 ], [ 17.58034, 59.19915 ], [ 17.58228, 59.19862 ] ] ] } },
{ "type": "Feature", "properties": { "lagesbild_ar": 2025, "namn": "Lina", "kategori": "Utsatt område", "ort": "Södertälje", "lokalpolisomrade": "Södertälje", "polisregion": "Stockholm", "halland": false, "yta_km2": 1.189 }, "geometry": { "type": "Polygon", "coordinates": [ [ [ 17.58196, 59.21389 ], [ 17.58272, 59.21094 ], [ 17.58408, 59.20921 ], [ 17.58548, 59.20859 ], [ 17.58215, 59.2081 ], [ 17.58294, 59.20651 ], [ 17.58657, 59.20699 ], [ 17.59356, 59.20851 ], [ 17.59861, 59.20913 ], [ 17.59976, 59.20845 ], [ 17.60309, 59.20868 ], [ 17.61072, 59.20868 ], [ 17.61196, 59.20911 ], [ 17.61191, 59.20974 ], [ 17.60204, 59.21536 ], [ 17.59871, 59.21629 ], [ 17.59229, 59.21534 ], [ 17.59053, 59.2148 ], [ 17.58831, 59.21629 ], [ 17.58617, 59.21686 ], [ 17.58466, 59.21681 ], [ 17.58408, 59.2162 ], [ 17.5837, 59.21378 ], [ 17.58196, 59.21389 ] ] ] } },
{ "type": "Feature", "properties": { "lagesbild_ar": 2025, "namn": "Sigtuna / Valsta", "kategori": "Utsatt område", "ort": "Sigtuna", "lokalpolisomrade": "Sollentuna", "polisregion": "Stockholm", "halland": false, "yta_km2": 1.168 }, "geometry": { "type": "Polygon", "coordinates": [ [ [ 17.83866, 59.61976 ], [ 17.82545, 59.62312 ], [ 17.8201, 59.62227 ], [ 17.81796, 59.62146 ], [ 17.81771, 59.62052 ], [ 17.82, 59.61873 ], [ 17.82069, 59.61804 ], [ 17.82096, 59.61728 ], [ 17.81875, 59.6172 ], [ 17.81848, 59.61676 ], [ 17.82572, 59.61492 ], [ 17.82567, 59.61462 ], [ 17.82925, 59.61385 ], [ 17.82819, 59.61225 ], [ 17.83132, 59.61204 ], [ 17.8361, 59.61263 ], [ 17.84179, 59.61367 ], [ 17.84537, 59.61514 ], [ 17.84532, 59.61695 ], [ 17.83866, 59.61976 ] ] ] } },
{ "type": "Feature", "properties": { "lagesbild_ar": 2025, "namn": "Vårberg", "kategori": "Utsatt område", "ort": "Stockholm", "lokalpolisomrade": "Skärholmen", "polisregion": "Stockholm", "halland": false, "yta_km2": 0.605 }, "geometry": { "type": "Polygon", "coordinates": [ [ [ 17.88304, 59.27932 ], [ 17.88328, 59.27816 ], [ 17.87923, 59.27766 ], [ 17.87894, 59.27749 ], [ 17.87919, 59.27478 ], [ 17.88124, 59.27317 ], [ 17.88967, 59.27202 ], [ 17.89066, 59.27215 ], [ 17.89407, 59.27326 ], [ 17.89385, 59.2735 ], [ 17.89544, 59.27514 ], [ 17.8955, 59.27582 ], [ 17.8942, 59.27635 ], [ 17.89383, 59.27923 ], [ 17.89362, 59.27937 ], [ 17.88304, 59.27932 ] ] ] } },
{ "type": "Feature", "properties": { "lagesbild_ar": 2025, "namn": "Karlslund", "kategori": "Utsatt område", "ort": "Landskrona", "lokalpolisomrade": "Landskrona", "polisregion": "Syd", "halland": false, "yta_km2": 0.463 }, "geometry": { "type": "Polygon", "coordinates": [ [ [ 12.84621, 55.89408 ], [ 12.84038, 55.88785 ], [ 12.83994, 55.88767 ], [ 12.83934, 55.88768 ], [ 12.83921, 55.8874 ], [ 12.84107, 55.88695 ], [ 12.83973, 55.88536 ], [ 12.84478, 55.88432 ], [ 12.853, 55.89184 ], [ 12.852, 55.89238 ], [ 12.84705, 55.89408 ], [ 12.84651, 55.89419 ], [ 12.84621, 55.89408 ] ] ] } }
]
}
