{
"type": "FeatureCollection",
"name": "05-regso-service",
"crs": { "type": "name", "properties": { "name": "urn:ogc:def:crs:OGC:1.3:CRS84" } },
"xy_coordinate_resolution": 1e-05,
"features": [
{ "type": "Feature", "properties": { "regsokod": "1315R001", "regso": "Hylte (Drängsered-Kinnared-Brännögård)", "kn": "1315", "kommun": "Hylte", "pop": 1296.0, "akutsjukhus_BICYCLE": null, "akutsjukhus_CAR": 43.0, "akutsjukhus_TRANSIT": 55.0, "akutsjukhus_TRANSIT50": null, "akutsjukhus_WALK": null, "apotek_BICYCLE": 32.0, "apotek_CAR": 11.0, "apotek_TRANSIT": 28.0, "apotek_TRANSIT50": 50.0, "apotek_WALK": 40.0, "bibliotek_BICYCLE": 31.0, "bibliotek_CAR": 10.0, "bibliotek_TRANSIT": 26.0, "bibliotek_TRANSIT50": 49.0, "bibliotek_WALK": 42.0, "dagligvaror_BICYCLE": 21.0, "dagligvaror_CAR": 7.0, "dagligvaror_TRANSIT": 22.0, "dagligvaror_TRANSIT50": 30.0, "dagligvaror_WALK": 28.0, "drivmedel_BICYCLE": 31.0, "drivmedel_CAR": 10.0, "drivmedel_TRANSIT": 27.0, "drivmedel_TRANSIT50": 49.0, "drivmedel_WALK": 38.0, "forskola_BICYCLE": 27.0, "forskola_CAR": 10.0, "forskola_TRANSIT": 24.0, "forskola_TRANSIT50": 29.0, "forskola_WALK": 23.0, "grundskola_79_BICYCLE": 48.0, "grundskola_79_CAR": 17.0, "grundskola_79_TRANSIT": 34.0, "grundskola_79_TRANSIT50": 57.0, "grundskola_79_WALK": null, "grundskola_f6_BICYCLE": 21.0, "grundskola_f6_CAR": 7.0, "grundskola_f6_TRANSIT": 21.0, "grundskola_f6_TRANSIT50": 29.0, "grundskola_f6_WALK": 28.0, "gymnasium_BICYCLE": 49.0, "gymnasium_CAR": 19.0, "gymnasium_TRANSIT": 35.0, "gymnasium_TRANSIT50": 56.0, "gymnasium_WALK": null, "hallplats_BICYCLE": 14.0, "hallplats_CAR": 4.0, "hallplats_TRANSIT": 15.0, "hallplats_TRANSIT50": 15.0, "hallplats_WALK": 15.0, "narakut_BICYCLE": null, "narakut_CAR": null, "narakut_TRANSIT": null, "narakut_TRANSIT50": null, "narakut_WALK": null, "tandvard_BICYCLE": 49.0, "tandvard_CAR": 18.0, "tandvard_TRANSIT": 36.0, "tandvard_TRANSIT50": 55.0, "tandvard_WALK": null, "vardcentral_BICYCLE": 49.0, "vardcentral_CAR": 17.0, "vardcentral_TRANSIT": 35.0, "vardcentral_TRANSIT50": 54.0, "vardcentral_WALK": null, "v15_BICYCLE": 1.8, "v15_WALK": 0.9, "namn": "Hylte (Drängsered-Kinnared-Brännögård)" }, "geometry": { "type": "Polygon", "coordinates": [ [ [ 13.08879, 57.08875 ], [ 13.08962, 57.0861 ], [ 13.08518, 57.08538 ], [ 13.08121, 57.08355 ], [ 13.08744, 57.07797 ], [ 13.09446, 57.07566 ], [ 13.09539, 57.07345 ], [ 13.10027, 57.07409 ], [ 13.09913, 57.07014 ], [ 13.10349, 57.06856 ], [ 13.107, 57.06561 ], [ 13.11626, 57.06436 ], [ 13.11479, 57.06024 ], [ 13.11953, 57.05914 ], [ 13.12143, 57.05682 ], [ 13.12175, 57.05354 ], [ 13.11653, 57.04994 ], [ 13.11666, 57.04794 ], [ 13.11447, 57.04704 ], [ 13.11509, 57.04287 ], [ 13.11325, 57.04082 ], [ 13.12186, 57.03584 ], [ 13.11784, 57.03306 ], [ 13.12207, 57.02681 ], [ 13.11882, 57.02417 ], [ 13.12606, 57.01991 ], [ 13.13554, 57.00133 ], [ 13.12628, 56.97503 ], [ 13.103, 56.97106 ], [ 13.1101, 56.96438 ], [ 13.11326, 56.96498 ], [ 13.11258, 56.95779 ], [ 13.10297, 56.95612 ], [ 13.10408, 56.95556 ], [ 13.10255, 56.95247 ], [ 13.1101, 56.95103 ], [ 13.11375, 56.95178 ], [ 13.12079, 56.94938 ], [ 13.12047, 56.94801 ], [ 13.12306, 56.9462 ], [ 13.12517, 56.94682 ], [ 13.12845, 56.9455 ], [ 13.13222, 56.9453 ], [ 13.13447, 56.94385 ], [ 13.15499, 56.94411 ], [ 13.15621, 56.94465 ], [ 13.15508, 56.94498 ], [ 13.15573, 56.94662 ], [ 13.15856, 56.94452 ], [ 13.1557, 56.94306 ], [ 13.15686, 56.94124 ], [ 13.15234, 56.93991 ], [ 13.15409, 56.93664 ], [ 13.14751, 56.93965 ], [ 13.14188, 56.93496 ], [ 13.13824, 56.93677 ], [ 13.13376, 56.93568 ], [ 13.13399, 56.93096 ], [ 13.1383, 56.9296 ], [ 13.13242, 56.92451 ], [ 13.13552, 56.92231 ], [ 13.14089, 56.92115 ], [ 13.13864, 56.92076 ], [ 13.13787, 56.91935 ], [ 13.1416, 56.91702 ], [ 13.14627, 56.9177 ], [ 13.14518, 56.91976 ], [ 13.15049, 56.91814 ], [ 13.15583, 56.91259 ], [ 13.16588, 56.90735 ], [ 13.16111, 56.90177 ], [ 13.16189, 56.90079 ], [ 13.15888, 56.90047 ], [ 13.15897, 56.89905 ], [ 13.15134, 56.89249 ], [ 13.15088, 56.88842 ], [ 13.1464, 56.88885 ], [ 13.13716, 56.89213 ], [ 13.12575, 56.88989 ], [ 13.12096, 56.88736 ], [ 13.11814, 56.88439 ], [ 13.12062, 56.88022 ], [ 13.11736, 56.87893 ], [ 13.11805, 56.87378 ], [ 13.11475, 56.87012 ], [ 13.11634, 56.86792 ], [ 13.1127, 56.86769 ], [ 13.10364, 56.86484 ], [ 13.09607, 56.86797 ], [ 13.08765, 56.86588 ], [ 13.07613, 56.85813 ], [ 13.07436, 56.85098 ], [ 13.06743, 56.84419 ], [ 13.05373, 56.84168 ], [ 13.0485, 56.84248 ], [ 13.04386, 56.84104 ], [ 13.0395, 56.84286 ], [ 13.03453, 56.84351 ], [ 13.03357, 56.84586 ], [ 13.03595, 56.84976 ], [ 13.03536, 56.85068 ], [ 13.03084, 56.85161 ], [ 13.03252, 56.85375 ], [ 13.01544, 56.86126 ], [ 13.00108, 56.86533 ], [ 12.99879, 56.8727 ], [ 13.00138, 56.87507 ], [ 12.9997, 56.88784 ], [ 13.00409, 56.88791 ], [ 13.00739, 56.89538 ], [ 13.00551, 56.89599 ], [ 13.00667, 56.89839 ], [ 12.99992, 56.89847 ], [ 13.00553, 56.91189 ], [ 13.0029, 56.91549 ], [ 12.9964, 56.91777 ], [ 12.99212, 56.91547 ], [ 12.99001, 56.91618 ], [ 12.98596, 56.9155 ], [ 12.98201, 56.91602 ], [ 12.97582, 56.91826 ], [ 12.9727, 56.92385 ], [ 12.95197, 56.92285 ], [ 12.94866, 56.91975 ], [ 12.94405, 56.92127 ], [ 12.94212, 56.92231 ], [ 12.94286, 56.92686 ], [ 12.93864, 56.93352 ], [ 12.9402, 56.93317 ], [ 12.93571, 56.93519 ], [ 12.93658, 56.93806 ], [ 12.93535, 56.9436 ], [ 12.93276, 56.94429 ], [ 12.93007, 56.94251 ], [ 12.92467, 56.94186 ], [ 12.92301, 56.94073 ], [ 12.91182, 56.94342 ], [ 12.91303, 56.94617 ], [ 12.91623, 56.94855 ], [ 12.91428, 56.9515 ], [ 12.91325, 56.95923 ], [ 12.91063, 56.95762 ], [ 12.90333, 56.95686 ], [ 12.90001, 56.95757 ], [ 12.89133, 56.9546 ], [ 12.88695, 56.95519 ], [ 12.88488, 56.95705 ], [ 12.88071, 56.95842 ], [ 12.87821, 56.9567 ], [ 12.87405, 56.9558 ], [ 12.86892, 56.9559 ], [ 12.86835, 56.95961 ], [ 12.87347, 56.96424 ], [ 12.87044, 56.96877 ], [ 12.86417, 56.97119 ], [ 12.85881, 56.96924 ], [ 12.85759, 56.96675 ], [ 12.8556, 56.96615 ], [ 12.85259, 56.96879 ], [ 12.84796, 56.96887 ], [ 12.83858, 56.96555 ], [ 12.82274, 56.97492 ], [ 12.82103, 56.9826 ], [ 12.82626, 56.98645 ], [ 12.82467, 56.99145 ], [ 12.83276, 56.9955 ], [ 12.83263, 57.00115 ], [ 12.83424, 57.00233 ], [ 12.84076, 57.0025 ], [ 12.84456, 57.00087 ], [ 12.85133, 57.00413 ], [ 12.84544, 57.0151 ], [ 12.85369, 57.01995 ], [ 12.85345, 57.0208 ], [ 12.85958, 57.02264 ], [ 12.87049, 57.02336 ], [ 12.87668, 57.02011 ], [ 12.88291, 57.01835 ], [ 12.89235, 57.02065 ], [ 12.8995, 57.02081 ], [ 12.90261, 57.02409 ], [ 12.90029, 57.02701 ], [ 12.90174, 57.02898 ], [ 12.90577, 57.02981 ], [ 12.90742, 57.03271 ], [ 12.91425, 57.03665 ], [ 12.9134, 57.04102 ], [ 12.90814, 57.04285 ], [ 12.92026, 57.0504 ], [ 12.91865, 57.05416 ], [ 12.9367, 57.05829 ], [ 12.94387, 57.05737 ], [ 12.94376, 57.05504 ], [ 12.93799, 57.05131 ], [ 12.94129, 57.04908 ], [ 12.94028, 57.04655 ], [ 12.94602, 57.04725 ], [ 12.94956, 57.04553 ], [ 12.95469, 57.04471 ], [ 12.97192, 57.05103 ], [ 12.97207, 57.047 ], [ 12.98081, 57.04769 ], [ 12.99769, 57.0423 ], [ 13.00061, 57.03615 ], [ 13.00406, 57.03719 ], [ 13.0027, 57.04105 ], [ 13.01681, 57.04707 ], [ 13.00983, 57.05055 ], [ 13.01405, 57.05645 ], [ 13.02059, 57.07118 ], [ 13.02342, 57.0728 ], [ 13.02278, 57.07481 ], [ 13.02522, 57.08033 ], [ 13.02375, 57.08186 ], [ 13.02571, 57.08347 ], [ 13.02912, 57.08372 ], [ 13.03927, 57.08759 ], [ 13.04116, 57.0857 ], [ 13.04572, 57.08454 ], [ 13.05096, 57.08721 ], [ 13.05801, 57.08642 ], [ 13.06219, 57.08966 ], [ 13.06644, 57.09092 ], [ 13.0628, 57.09447 ], [ 13.07907, 57.0989 ], [ 13.08879, 57.08875 ] ], [ [ 13.07009, 56.97037 ], [ 13.06455, 56.97079 ], [ 13.0599, 56.96974 ], [ 13.05276, 56.96527 ], [ 13.05116, 56.96236 ], [ 13.05603, 56.95177 ], [ 13.05603, 56.94724 ], [ 13.06027, 56.94453 ], [ 13.06446, 56.93883 ], [ 13.06819, 56.93736 ], [ 13.07288, 56.93691 ], [ 13.07795, 56.93757 ], [ 13.08179, 56.93949 ], [ 13.08567, 56.94374 ], [ 13.08882, 56.95018 ], [ 13.09555, 56.95384 ], [ 13.09726, 56.95703 ], [ 13.09563, 56.96208 ], [ 13.08899, 56.96504 ], [ 13.08588, 56.96847 ], [ 13.07651, 56.97107 ], [ 13.07009, 56.97037 ] ] ] } },
{ "type": "Feature", "properties": { "regsokod": "1315R002", "regso": "Hylte (Hyltebruk norra)", "kn": "1315", "kommun": "Hylte", "pop": 1631.0, "akutsjukhus_BICYCLE": null, "akutsjukhus_CAR": 46.0, "akutsjukhus_TRANSIT": null, "akutsjukhus_TRANSIT50": null, "akutsjukhus_WALK": null, "apotek_BICYCLE": 6.0, "apotek_CAR": 3.0, "apotek_TRANSIT": 12.0, "apotek_TRANSIT50": 18.0, "apotek_WALK": 18.0, "bibliotek_BICYCLE": 6.0, "bibliotek_CAR": 3.0, "bibliotek_TRANSIT": 11.0, "bibliotek_TRANSIT50": 18.0, "bibliotek_WALK": 18.0, "dagligvaror_BICYCLE": 7.0, "dagligvaror_CAR": 4.0, "dagligvaror_TRANSIT": 12.0, "dagligvaror_TRANSIT50": 19.0, "dagligvaror_WALK": 20.0, "drivmedel_BICYCLE": 3.0, "drivmedel_CAR": 1.0, "drivmedel_TRANSIT": 8.0, "drivmedel_TRANSIT50": 9.0, "drivmedel_WALK": 9.0, "forskola_BICYCLE": 40.0, "forskola_CAR": 12.0, "forskola_TRANSIT": 22.0, "forskola_TRANSIT50": 59.0, "forskola_WALK": null, "grundskola_79_BICYCLE": 3.0, "grundskola_79_CAR": 2.0, "grundskola_79_TRANSIT": 9.0, "grundskola_79_TRANSIT50": 10.0, "grundskola_79_WALK": 10.0, "grundskola_f6_BICYCLE": 3.0, "grundskola_f6_CAR": 2.0, "grundskola_f6_TRANSIT": 9.0, "grundskola_f6_TRANSIT50": 9.0, "grundskola_f6_WALK": 9.0, "gymnasium_BICYCLE": 6.0, "gymnasium_CAR": 4.0, "gymnasium_TRANSIT": 14.0, "gymnasium_TRANSIT50": 18.0, "gymnasium_WALK": 18.0, "hallplats_BICYCLE": 2.0, "hallplats_CAR": 1.0, "hallplats_TRANSIT": 6.0, "hallplats_TRANSIT50": 6.0, "hallplats_WALK": 6.0, "narakut_BICYCLE": null, "narakut_CAR": null, "narakut_TRANSIT": null, "narakut_TRANSIT50": null, "narakut_WALK": null, "tandvard_BICYCLE": 9.0, "tandvard_CAR": 5.0, "tandvard_TRANSIT": 14.0, "tandvard_TRANSIT50": 25.0, "tandvard_WALK": 27.0, "vardcentral_BICYCLE": 9.0, "vardcentral_CAR": 5.0, "vardcentral_TRANSIT": 14.0, "vardcentral_TRANSIT50": 25.0, "vardcentral_WALK": 27.0, "v15_BICYCLE": 6.0, "v15_WALK": 2.7, "namn": "Hylte (Hyltebruk norra)" }, "geometry": { "type": "Polygon", "coordinates": [ [ [ 13.23059, 57.02798 ], [ 13.23726, 57.02755 ], [ 13.24207, 57.02609 ], [ 13.24589, 57.02346 ], [ 13.25231, 57.02125 ], [ 13.25628, 57.01514 ], [ 13.27116, 57.00733 ], [ 13.27271, 57.00145 ], [ 13.26493, 57.00087 ], [ 13.26263, 57.00248 ], [ 13.26036, 57.00203 ], [ 13.24685, 57.00321 ], [ 13.2421, 57.00512 ], [ 13.23624, 57.00308 ], [ 13.23557, 57.00358 ], [ 13.2324, 57.00155 ], [ 13.22615, 56.99409 ], [ 13.223, 56.99211 ], [ 13.21983, 56.99155 ], [ 13.21682, 56.98826 ], [ 13.21913, 56.99035 ], [ 13.21977, 56.98918 ], [ 13.21762, 56.98888 ], [ 13.21863, 56.98833 ], [ 13.21629, 56.98527 ], [ 13.21235, 56.98311 ], [ 13.20542, 56.98605 ], [ 13.20428, 56.99009 ], [ 13.20656, 56.99272 ], [ 13.21407, 56.99729 ], [ 13.21428, 57.0055 ], [ 13.22282, 57.01116 ], [ 13.22453, 57.01345 ], [ 13.22171, 57.01883 ], [ 13.22207, 57.02412 ], [ 13.2246, 57.02611 ], [ 13.23059, 57.02798 ] ] ] } },
{ "type": "Feature", "properties": { "regsokod": "1315R003", "regso": "Hylte (Hyltebruk södra)", "kn": "1315", "kommun": "Hylte", "pop": 2220.0, "akutsjukhus_BICYCLE": null, "akutsjukhus_CAR": 45.0, "akutsjukhus_TRANSIT": null, "akutsjukhus_TRANSIT50": null, "akutsjukhus_WALK": null, "apotek_BICYCLE": 4.0, "apotek_CAR": 2.0, "apotek_TRANSIT": 10.0, "apotek_TRANSIT50": 11.0, "apotek_WALK": 11.0, "bibliotek_BICYCLE": 4.0, "bibliotek_CAR": 3.0, "bibliotek_TRANSIT": 10.0, "bibliotek_TRANSIT50": 12.0, "bibliotek_WALK": 12.0, "dagligvaror_BICYCLE": 4.0, "dagligvaror_CAR": 3.0, "dagligvaror_TRANSIT": 10.0, "dagligvaror_TRANSIT50": 12.0, "dagligvaror_WALK": 12.0, "drivmedel_BICYCLE": 3.0, "drivmedel_CAR": 2.0, "drivmedel_TRANSIT": 8.0, "drivmedel_TRANSIT50": 8.0, "drivmedel_WALK": 8.0, "forskola_BICYCLE": 47.0, "forskola_CAR": 15.0, "forskola_TRANSIT": 28.0, "forskola_TRANSIT50": 57.0, "forskola_WALK": null, "grundskola_79_BICYCLE": 8.0, "grundskola_79_CAR": 5.0, "grundskola_79_TRANSIT": 16.0, "grundskola_79_TRANSIT50": 24.0, "grundskola_79_WALK": 26.0, "grundskola_f6_BICYCLE": 3.0, "grundskola_f6_CAR": 2.0, "grundskola_f6_TRANSIT": 9.0, "grundskola_f6_TRANSIT50": 10.0, "grundskola_f6_WALK": 10.0, "gymnasium_BICYCLE": 5.0, "gymnasium_CAR": 3.0, "gymnasium_TRANSIT": 11.0, "gymnasium_TRANSIT50": 14.0, "gymnasium_WALK": 14.0, "hallplats_BICYCLE": 1.0, "hallplats_CAR": 0.0, "hallplats_TRANSIT": 4.0, "hallplats_TRANSIT50": 4.0, "hallplats_WALK": 4.0, "narakut_BICYCLE": null, "narakut_CAR": null, "narakut_TRANSIT": null, "narakut_TRANSIT50": null, "narakut_WALK": null, "tandvard_BICYCLE": 3.0, "tandvard_CAR": 2.0, "tandvard_TRANSIT": 9.0, "tandvard_TRANSIT50": 10.0, "tandvard_WALK": 10.0, "vardcentral_BICYCLE": 3.0, "vardcentral_CAR": 2.0, "vardcentral_TRANSIT": 9.0, "vardcentral_TRANSIT50": 10.0, "vardcentral_WALK": 10.0, "v15_BICYCLE": 6.0, "v15_WALK": 4.8, "namn": "Hylte (Hyltebruk södra)" }, "geometry": { "type": "Polygon", "coordinates": [ [ [ 13.24091, 57.00511 ], [ 13.24582, 57.00422 ], [ 13.24685, 57.00321 ], [ 13.26036, 57.00203 ], [ 13.26263, 57.00248 ], [ 13.26493, 57.00087 ], [ 13.27271, 57.00145 ], [ 13.26316, 56.98722 ], [ 13.25588, 56.98502 ], [ 13.25152, 56.98089 ], [ 13.24249, 56.97893 ], [ 13.23322, 56.97892 ], [ 13.22135, 56.98322 ], [ 13.21235, 56.98311 ], [ 13.21629, 56.98527 ], [ 13.21863, 56.98833 ], [ 13.21762, 56.98888 ], [ 13.21977, 56.98918 ], [ 13.21913, 56.99035 ], [ 13.21682, 56.98826 ], [ 13.21983, 56.99155 ], [ 13.223, 56.99211 ], [ 13.22844, 56.99609 ], [ 13.23309, 57.00221 ], [ 13.24091, 57.00511 ] ] ] } },
{ "type": "Feature", "properties": { "regsokod": "1315R004", "regso": "Hylte (Långaryd-Landeryd)", "kn": "1315", "kommun": "Hylte", "pop": 1279.0, "akutsjukhus_BICYCLE": null, "akutsjukhus_CAR": 51.0, "akutsjukhus_TRANSIT": null, "akutsjukhus_TRANSIT50": null, "akutsjukhus_WALK": null, "apotek_BICYCLE": 38.0, "apotek_CAR": 13.0, "apotek_TRANSIT": 35.0, "apotek_TRANSIT50": 51.0, "apotek_WALK": 52.0, "bibliotek_BICYCLE": 34.0, "bibliotek_CAR": 12.0, "bibliotek_TRANSIT": 33.0, "bibliotek_TRANSIT50": 51.0, "bibliotek_WALK": 52.0, "dagligvaror_BICYCLE": 37.0, "dagligvaror_CAR": 13.0, "dagligvaror_TRANSIT": 34.0, "dagligvaror_TRANSIT50": 48.0, "dagligvaror_WALK": 48.0, "drivmedel_BICYCLE": 30.0, "drivmedel_CAR": 9.0, "drivmedel_TRANSIT": 34.0, "drivmedel_TRANSIT50": 48.0, "drivmedel_WALK": 47.0, "forskola_BICYCLE": 46.0, "forskola_CAR": 15.0, "forskola_TRANSIT": 37.0, "forskola_TRANSIT50": 47.0, "forskola_WALK": 42.0, "grundskola_79_BICYCLE": 26.0, "grundskola_79_CAR": 8.0, "grundskola_79_TRANSIT": 33.0, "grundskola_79_TRANSIT50": 36.0, "grundskola_79_WALK": 34.0, "grundskola_f6_BICYCLE": 15.0, "grundskola_f6_CAR": 6.0, "grundskola_f6_TRANSIT": 26.0, "grundskola_f6_TRANSIT50": 28.0, "grundskola_f6_WALK": 26.0, "gymnasium_BICYCLE": 25.0, "gymnasium_CAR": 8.0, "gymnasium_TRANSIT": 36.0, "gymnasium_TRANSIT50": 37.0, "gymnasium_WALK": 35.0, "hallplats_BICYCLE": 22.0, "hallplats_CAR": 7.0, "hallplats_TRANSIT": 28.0, "hallplats_TRANSIT50": 28.0, "hallplats_WALK": 28.0, "narakut_BICYCLE": null, "narakut_CAR": null, "narakut_TRANSIT": null, "narakut_TRANSIT50": null, "narakut_WALK": null, "tandvard_BICYCLE": 39.0, "tandvard_CAR": 14.0, "tandvard_TRANSIT": 35.0, "tandvard_TRANSIT50": 53.0, "tandvard_WALK": 56.0, "vardcentral_BICYCLE": 39.0, "vardcentral_CAR": 15.0, "vardcentral_TRANSIT": 36.0, "vardcentral_TRANSIT50": 53.0, "vardcentral_WALK": 56.0, "v15_BICYCLE": 1.0, "v15_WALK": 0.4, "namn": "Hylte (Långaryd-Landeryd)" }, "geometry": { "type": "Polygon", "coordinates": [ [ [ 13.35141, 57.11329 ], [ 13.36748, 57.11361 ], [ 13.3792, 57.11125 ], [ 13.38615, 57.11081 ], [ 13.38704, 57.1139 ], [ 13.41233, 57.11361 ], [ 13.42367, 57.11289 ], [ 13.43999, 57.11037 ], [ 13.44252, 57.10669 ], [ 13.45401, 57.10379 ], [ 13.4547, 57.10254 ], [ 13.4518, 57.09955 ], [ 13.45327, 57.09649 ], [ 13.45976, 57.09774 ], [ 13.46104, 57.09948 ], [ 13.46902, 57.10261 ], [ 13.47228, 57.10764 ], [ 13.47632, 57.10871 ], [ 13.47802, 57.11065 ], [ 13.48903, 57.11384 ], [ 13.49745, 57.10926 ], [ 13.49929, 57.10654 ], [ 13.49567, 57.10055 ], [ 13.49592, 57.09493 ], [ 13.50081, 57.08981 ], [ 13.49682, 57.0889 ], [ 13.49391, 57.08646 ], [ 13.49053, 57.08634 ], [ 13.48968, 57.0855 ], [ 13.50068, 57.07329 ], [ 13.5025, 57.07313 ], [ 13.50069, 57.07001 ], [ 13.49807, 57.07114 ], [ 13.49628, 57.06952 ], [ 13.49804, 57.07316 ], [ 13.48228, 57.07142 ], [ 13.4692, 57.06361 ], [ 13.45633, 57.05869 ], [ 13.44203, 57.0589 ], [ 13.44192, 57.04867 ], [ 13.44025, 57.04498 ], [ 13.45152, 57.04535 ], [ 13.4539, 57.03857 ], [ 13.47473, 57.03433 ], [ 13.4738, 57.03277 ], [ 13.47044, 57.03283 ], [ 13.46858, 57.0314 ], [ 13.47166, 57.0295 ], [ 13.46915, 57.02461 ], [ 13.46644, 57.02538 ], [ 13.45628, 57.01813 ], [ 13.45551, 57.01659 ], [ 13.4571, 57.0152 ], [ 13.44819, 57.01391 ], [ 13.42992, 57.00195 ], [ 13.43966, 56.99457 ], [ 13.44873, 56.99394 ], [ 13.44954, 56.99123 ], [ 13.43364, 56.97297 ], [ 13.42478, 56.97154 ], [ 13.40893, 56.95837 ], [ 13.40997, 56.95585 ], [ 13.40214, 56.95096 ], [ 13.3948, 56.94723 ], [ 13.39162, 56.94927 ], [ 13.39108, 56.95133 ], [ 13.38531, 56.95194 ], [ 13.38375, 56.95452 ], [ 13.37394, 56.95848 ], [ 13.37083, 56.95721 ], [ 13.36655, 56.95706 ], [ 13.35709, 56.95292 ], [ 13.34241, 56.95467 ], [ 13.34236, 56.97005 ], [ 13.32998, 56.97136 ], [ 13.33288, 56.97495 ], [ 13.33106, 56.97916 ], [ 13.3328, 56.98038 ], [ 13.33201, 56.98399 ], [ 13.33609, 56.98687 ], [ 13.33549, 56.98965 ], [ 13.33775, 56.99289 ], [ 13.3364, 56.99364 ], [ 13.33811, 56.99484 ], [ 13.33559, 56.99796 ], [ 13.33091, 56.99904 ], [ 13.33227, 57.00207 ], [ 13.33661, 57.00522 ], [ 13.33131, 57.00789 ], [ 13.32836, 57.00703 ], [ 13.3277, 57.0084 ], [ 13.32613, 57.0084 ], [ 13.32262, 57.00576 ], [ 13.32338, 57.00498 ], [ 13.32444, 57.00636 ], [ 13.32643, 57.00619 ], [ 13.32424, 57.00372 ], [ 13.32022, 57.00595 ], [ 13.31861, 57.005 ], [ 13.32003, 57.00365 ], [ 13.31757, 57.00366 ], [ 13.3177, 57.00253 ], [ 13.30705, 57.00056 ], [ 13.30451, 57.00155 ], [ 13.29756, 57.0021 ], [ 13.2958, 57.00429 ], [ 13.29037, 57.00621 ], [ 13.28742, 57.0055 ], [ 13.28394, 57.00228 ], [ 13.27943, 57.00267 ], [ 13.27271, 57.00145 ], [ 13.27116, 57.00733 ], [ 13.25628, 57.01514 ], [ 13.25269, 57.02098 ], [ 13.24589, 57.02346 ], [ 13.24207, 57.02609 ], [ 13.23531, 57.02792 ], [ 13.22789, 57.02747 ], [ 13.22207, 57.02412 ], [ 13.22119, 57.02126 ], [ 13.22369, 57.01325 ], [ 13.20512, 57.01878 ], [ 13.20296, 57.01649 ], [ 13.20196, 57.0062 ], [ 13.20311, 57.00331 ], [ 13.19925, 57.00223 ], [ 13.1975, 57.00016 ], [ 13.19285, 57.00044 ], [ 13.1909, 56.99965 ], [ 13.18726, 57.00024 ], [ 13.18406, 56.99404 ], [ 13.18268, 56.99418 ], [ 13.1751, 56.98962 ], [ 13.17233, 56.98368 ], [ 13.17002, 56.98279 ], [ 13.16862, 56.98025 ], [ 13.16352, 56.97768 ], [ 13.16421, 56.97648 ], [ 13.16229, 56.97554 ], [ 13.15618, 56.97567 ], [ 13.15346, 56.97659 ], [ 13.15582, 56.98003 ], [ 13.14839, 56.98009 ], [ 13.14965, 56.9831 ], [ 13.15371, 56.98569 ], [ 13.15318, 56.98716 ], [ 13.14743, 56.98819 ], [ 13.14133, 56.98697 ], [ 13.1306, 56.98704 ], [ 13.13554, 57.00133 ], [ 13.12606, 57.01991 ], [ 13.11875, 57.02478 ], [ 13.13332, 57.02707 ], [ 13.13375, 57.03183 ], [ 13.13542, 57.03376 ], [ 13.14496, 57.03765 ], [ 13.14791, 57.03636 ], [ 13.1563, 57.03741 ], [ 13.1635, 57.04093 ], [ 13.1659, 57.04119 ], [ 13.17866, 57.04808 ], [ 13.1852, 57.04929 ], [ 13.19024, 57.04874 ], [ 13.19638, 57.05078 ], [ 13.19833, 57.05381 ], [ 13.19282, 57.05489 ], [ 13.1903, 57.05836 ], [ 13.16814, 57.0485 ], [ 13.16189, 57.05153 ], [ 13.17188, 57.05492 ], [ 13.17527, 57.05776 ], [ 13.17439, 57.05816 ], [ 13.17994, 57.06684 ], [ 13.1876, 57.06334 ], [ 13.1921, 57.06426 ], [ 13.19114, 57.06598 ], [ 13.20091, 57.07216 ], [ 13.20642, 57.07099 ], [ 13.20751, 57.07255 ], [ 13.21156, 57.07436 ], [ 13.21756, 57.07587 ], [ 13.22938, 57.0768 ], [ 13.23371, 57.07906 ], [ 13.22387, 57.08369 ], [ 13.22775, 57.08612 ], [ 13.22888, 57.0857 ], [ 13.23338, 57.0902 ], [ 13.22661, 57.09476 ], [ 13.22428, 57.09377 ], [ 13.2235, 57.09533 ], [ 13.23247, 57.09782 ], [ 13.25381, 57.08935 ], [ 13.2716, 57.09267 ], [ 13.2723, 57.09122 ], [ 13.27479, 57.0922 ], [ 13.27673, 57.09611 ], [ 13.28541, 57.09953 ], [ 13.28911, 57.10338 ], [ 13.29269, 57.10335 ], [ 13.29284, 57.10236 ], [ 13.29547, 57.10149 ], [ 13.30156, 57.10404 ], [ 13.30498, 57.10392 ], [ 13.3082, 57.10201 ], [ 13.3163, 57.10298 ], [ 13.32071, 57.10236 ], [ 13.32491, 57.10468 ], [ 13.32967, 57.10557 ], [ 13.33143, 57.10747 ], [ 13.33386, 57.10659 ], [ 13.33766, 57.10769 ], [ 13.34647, 57.11028 ], [ 13.35141, 57.11329 ] ] ] } },
{ "type": "Feature", "properties": { "regsokod": "1315R005", "regso": "Hylte (Rydöbruk-Femsjö)", "kn": "1315", "kommun": "Hylte", "pop": 1110.0, "akutsjukhus_BICYCLE": null, "akutsjukhus_CAR": 46.0, "akutsjukhus_TRANSIT": 57.0, "akutsjukhus_TRANSIT50": null, "akutsjukhus_WALK": null, "apotek_BICYCLE": 32.0, "apotek_CAR": 12.0, "apotek_TRANSIT": 25.0, "apotek_TRANSIT50": 41.0, "apotek_WALK": 48.0, "bibliotek_BICYCLE": 32.0, "bibliotek_CAR": 10.0, "bibliotek_TRANSIT": 23.0, "bibliotek_TRANSIT50": 38.0, "bibliotek_WALK": 43.0, "dagligvaror_BICYCLE": 32.0, "dagligvaror_CAR": 11.0, "dagligvaror_TRANSIT": 24.0, "dagligvaror_TRANSIT50": 40.0, "dagligvaror_WALK": 45.0, "drivmedel_BICYCLE": 30.0, "drivmedel_CAR": 9.0, "drivmedel_TRANSIT": 20.0, "drivmedel_TRANSIT50": 35.0, "drivmedel_WALK": 38.0, "forskola_BICYCLE": 46.0, "forskola_CAR": 18.0, "forskola_TRANSIT": 39.0, "forskola_TRANSIT50": 56.0, "forskola_WALK": null, "grundskola_79_BICYCLE": 38.0, "grundskola_79_CAR": 16.0, "grundskola_79_TRANSIT": 32.0, "grundskola_79_TRANSIT50": 54.0, "grundskola_79_WALK": 48.0, "grundskola_f6_BICYCLE": 31.0, "grundskola_f6_CAR": 10.0, "grundskola_f6_TRANSIT": 25.0, "grundskola_f6_TRANSIT50": 42.0, "grundskola_f6_WALK": 44.0, "gymnasium_BICYCLE": 36.0, "gymnasium_CAR": 15.0, "gymnasium_TRANSIT": 30.0, "gymnasium_TRANSIT50": 51.0, "gymnasium_WALK": 46.0, "hallplats_BICYCLE": 22.0, "hallplats_CAR": 8.0, "hallplats_TRANSIT": 19.0, "hallplats_TRANSIT50": 19.0, "hallplats_WALK": 19.0, "narakut_BICYCLE": null, "narakut_CAR": null, "narakut_TRANSIT": null, "narakut_TRANSIT50": null, "narakut_WALK": null, "tandvard_BICYCLE": 34.0, "tandvard_CAR": 13.0, "tandvard_TRANSIT": 26.0, "tandvard_TRANSIT50": 47.0, "tandvard_WALK": 45.0, "vardcentral_BICYCLE": 34.0, "vardcentral_CAR": 13.0, "vardcentral_TRANSIT": 26.0, "vardcentral_TRANSIT50": 47.0, "vardcentral_WALK": 45.0, "v15_BICYCLE": 0.7, "v15_WALK": 0.3, "namn": "Hylte (Rydöbruk-Femsjö)" }, "geometry": { "type": "Polygon", "coordinates": [ [ [ 13.20512, 57.01878 ], [ 13.2125, 57.01607 ], [ 13.21668, 57.0158 ], [ 13.21699, 57.01472 ], [ 13.22453, 57.01345 ], [ 13.22282, 57.01116 ], [ 13.21434, 57.00559 ], [ 13.21407, 56.99729 ], [ 13.20489, 56.99108 ], [ 13.20483, 56.98668 ], [ 13.21185, 56.98324 ], [ 13.21643, 56.98263 ], [ 13.22135, 56.98322 ], [ 13.23521, 56.97864 ], [ 13.24315, 56.979 ], [ 13.25037, 56.98051 ], [ 13.25422, 56.98242 ], [ 13.25588, 56.98502 ], [ 13.26277, 56.98695 ], [ 13.27271, 57.00145 ], [ 13.27943, 57.00267 ], [ 13.28394, 57.00228 ], [ 13.28742, 57.0055 ], [ 13.29037, 57.00621 ], [ 13.2958, 57.00429 ], [ 13.29756, 57.0021 ], [ 13.30451, 57.00155 ], [ 13.30705, 57.00056 ], [ 13.3177, 57.00253 ], [ 13.31757, 57.00366 ], [ 13.32003, 57.00365 ], [ 13.31861, 57.005 ], [ 13.32022, 57.00595 ], [ 13.32424, 57.00372 ], [ 13.32643, 57.00619 ], [ 13.32444, 57.00636 ], [ 13.32338, 57.00498 ], [ 13.32262, 57.00576 ], [ 13.32613, 57.0084 ], [ 13.3277, 57.0084 ], [ 13.32836, 57.00703 ], [ 13.33131, 57.00789 ], [ 13.33661, 57.00522 ], [ 13.33227, 57.00207 ], [ 13.33091, 56.99904 ], [ 13.33559, 56.99796 ], [ 13.33811, 56.99484 ], [ 13.3364, 56.99364 ], [ 13.33775, 56.99289 ], [ 13.33549, 56.98965 ], [ 13.33609, 56.98687 ], [ 13.33201, 56.98399 ], [ 13.3328, 56.98038 ], [ 13.33106, 56.97916 ], [ 13.33288, 56.97495 ], [ 13.32998, 56.97136 ], [ 13.34236, 56.97005 ], [ 13.34241, 56.95467 ], [ 13.35709, 56.95292 ], [ 13.36655, 56.95706 ], [ 13.37083, 56.95721 ], [ 13.37394, 56.95848 ], [ 13.38208, 56.95502 ], [ 13.37762, 56.94771 ], [ 13.37606, 56.94622 ], [ 13.3738, 56.94596 ], [ 13.3722, 56.94137 ], [ 13.36684, 56.93824 ], [ 13.37733, 56.93713 ], [ 13.37855, 56.93818 ], [ 13.38431, 56.93892 ], [ 13.38687, 56.94049 ], [ 13.39231, 56.94114 ], [ 13.39355, 56.93518 ], [ 13.39996, 56.93197 ], [ 13.40063, 56.92887 ], [ 13.40334, 56.92768 ], [ 13.40848, 56.92771 ], [ 13.4082, 56.92356 ], [ 13.40287, 56.91933 ], [ 13.40402, 56.91654 ], [ 13.40769, 56.9146 ], [ 13.4117, 56.91454 ], [ 13.41714, 56.91289 ], [ 13.42137, 56.9139 ], [ 13.42648, 56.91078 ], [ 13.41932, 56.90807 ], [ 13.41617, 56.9055 ], [ 13.41722, 56.89891 ], [ 13.42607, 56.89742 ], [ 13.42487, 56.89608 ], [ 13.40733, 56.89089 ], [ 13.40189, 56.8852 ], [ 13.40538, 56.8842 ], [ 13.41176, 56.88573 ], [ 13.41873, 56.88411 ], [ 13.41668, 56.87295 ], [ 13.43191, 56.87295 ], [ 13.4317, 56.86908 ], [ 13.4178, 56.86955 ], [ 13.41365, 56.87121 ], [ 13.41047, 56.87036 ], [ 13.40507, 56.87059 ], [ 13.39631, 56.86712 ], [ 13.38937, 56.86696 ], [ 13.37278, 56.86273 ], [ 13.35896, 56.85729 ], [ 13.35483, 56.8588 ], [ 13.35252, 56.86341 ], [ 13.34569, 56.86399 ], [ 13.34553, 56.86606 ], [ 13.3478, 56.86814 ], [ 13.34484, 56.87003 ], [ 13.34432, 56.87269 ], [ 13.33853, 56.87243 ], [ 13.33463, 56.87416 ], [ 13.3353, 56.86524 ], [ 13.33259, 56.86413 ], [ 13.33151, 56.86185 ], [ 13.3373, 56.85563 ], [ 13.33411, 56.8516 ], [ 13.3399, 56.85004 ], [ 13.33822, 56.84448 ], [ 13.33462, 56.84421 ], [ 13.33791, 56.83824 ], [ 13.29816, 56.82365 ], [ 13.2971, 56.83091 ], [ 13.28932, 56.83508 ], [ 13.28064, 56.84301 ], [ 13.26672, 56.85284 ], [ 13.26185, 56.85301 ], [ 13.25542, 56.84695 ], [ 13.25065, 56.84623 ], [ 13.24328, 56.84802 ], [ 13.24092, 56.84745 ], [ 13.24179, 56.8445 ], [ 13.23999, 56.84105 ], [ 13.2131, 56.83229 ], [ 13.20942, 56.83192 ], [ 13.20683, 56.83502 ], [ 13.20202, 56.83567 ], [ 13.19268, 56.83003 ], [ 13.18869, 56.82934 ], [ 13.185, 56.82987 ], [ 13.18043, 56.82803 ], [ 13.18073, 56.82605 ], [ 13.16306, 56.8272 ], [ 13.16034, 56.8309 ], [ 13.15608, 56.83982 ], [ 13.17873, 56.87439 ], [ 13.17523, 56.87598 ], [ 13.17681, 56.87778 ], [ 13.17198, 56.88083 ], [ 13.16391, 56.88307 ], [ 13.15587, 56.8835 ], [ 13.15409, 56.88277 ], [ 13.15036, 56.88647 ], [ 13.15134, 56.89249 ], [ 13.15897, 56.89905 ], [ 13.15888, 56.90047 ], [ 13.16189, 56.90079 ], [ 13.16111, 56.90177 ], [ 13.16588, 56.90735 ], [ 13.15583, 56.91259 ], [ 13.15049, 56.91814 ], [ 13.14518, 56.91976 ], [ 13.14627, 56.9177 ], [ 13.1416, 56.91702 ], [ 13.13787, 56.91935 ], [ 13.13864, 56.92076 ], [ 13.14089, 56.92115 ], [ 13.13552, 56.92231 ], [ 13.13242, 56.92451 ], [ 13.1383, 56.9296 ], [ 13.13399, 56.93096 ], [ 13.13376, 56.93568 ], [ 13.13824, 56.93677 ], [ 13.14188, 56.93496 ], [ 13.14751, 56.93965 ], [ 13.15409, 56.93664 ], [ 13.15234, 56.93991 ], [ 13.15686, 56.94124 ], [ 13.1557, 56.94306 ], [ 13.15856, 56.94452 ], [ 13.15573, 56.94662 ], [ 13.15508, 56.94498 ], [ 13.15621, 56.94465 ], [ 13.15499, 56.94411 ], [ 13.13447, 56.94385 ], [ 13.13222, 56.9453 ], [ 13.12845, 56.9455 ], [ 13.12517, 56.94682 ], [ 13.12306, 56.9462 ], [ 13.12047, 56.94801 ], [ 13.12079, 56.94938 ], [ 13.11375, 56.95178 ], [ 13.1101, 56.95103 ], [ 13.10255, 56.95247 ], [ 13.10408, 56.95556 ], [ 13.10297, 56.95612 ], [ 13.11258, 56.95779 ], [ 13.11326, 56.96498 ], [ 13.1101, 56.96438 ], [ 13.103, 56.97106 ], [ 13.12628, 56.97503 ], [ 13.1306, 56.98704 ], [ 13.14133, 56.98697 ], [ 13.14743, 56.98819 ], [ 13.15318, 56.98716 ], [ 13.15371, 56.98569 ], [ 13.14965, 56.9831 ], [ 13.14839, 56.98009 ], [ 13.15582, 56.98003 ], [ 13.15346, 56.97659 ], [ 13.15618, 56.97567 ], [ 13.16229, 56.97554 ], [ 13.16421, 56.97648 ], [ 13.16352, 56.97768 ], [ 13.16862, 56.98025 ], [ 13.17002, 56.98279 ], [ 13.17233, 56.98368 ], [ 13.1751, 56.98962 ], [ 13.18268, 56.99418 ], [ 13.18406, 56.99404 ], [ 13.18726, 57.00024 ], [ 13.1909, 56.99965 ], [ 13.19285, 57.00044 ], [ 13.1975, 57.00016 ], [ 13.19925, 57.00223 ], [ 13.20311, 57.00331 ], [ 13.20196, 57.0062 ], [ 13.20296, 57.01649 ], [ 13.20512, 57.01878 ] ] ] } },
{ "type": "Feature", "properties": { "regsokod": "1315R006", "regso": "Hylte (Torup)", "kn": "1315", "kommun": "Hylte", "pop": 1304.0, "akutsjukhus_BICYCLE": null, "akutsjukhus_CAR": 37.0, "akutsjukhus_TRANSIT": 52.0, "akutsjukhus_TRANSIT50": null, "akutsjukhus_WALK": null, "apotek_BICYCLE": 4.0, "apotek_CAR": 2.0, "apotek_TRANSIT": 10.0, "apotek_TRANSIT50": 12.0, "apotek_WALK": 12.0, "bibliotek_BICYCLE": 4.0, "bibliotek_CAR": 2.0, "bibliotek_TRANSIT": 10.0, "bibliotek_TRANSIT50": 12.0, "bibliotek_WALK": 12.0, "dagligvaror_BICYCLE": 3.0, "dagligvaror_CAR": 2.0, "dagligvaror_TRANSIT": 10.0, "dagligvaror_TRANSIT50": 10.0, "dagligvaror_WALK": 10.0, "drivmedel_BICYCLE": 4.0, "drivmedel_CAR": 3.0, "drivmedel_TRANSIT": 10.0, "drivmedel_TRANSIT50": 13.0, "drivmedel_WALK": 13.0, "forskola_BICYCLE": 35.0, "forskola_CAR": 11.0, "forskola_TRANSIT": 21.0, "forskola_TRANSIT50": 43.0, "forskola_WALK": null, "grundskola_79_BICYCLE": 50.0, "grundskola_79_CAR": 15.0, "grundskola_79_TRANSIT": 33.0, "grundskola_79_TRANSIT50": 49.0, "grundskola_79_WALK": null, "grundskola_f6_BICYCLE": 4.0, "grundskola_f6_CAR": 2.0, "grundskola_f6_TRANSIT": 11.0, "grundskola_f6_TRANSIT50": 12.0, "grundskola_f6_WALK": 12.0, "gymnasium_BICYCLE": 48.0, "gymnasium_CAR": 15.0, "gymnasium_TRANSIT": 30.0, "gymnasium_TRANSIT50": 46.0, "gymnasium_WALK": null, "hallplats_BICYCLE": 2.0, "hallplats_CAR": 1.0, "hallplats_TRANSIT": 6.0, "hallplats_TRANSIT50": 6.0, "hallplats_WALK": 6.0, "narakut_BICYCLE": null, "narakut_CAR": null, "narakut_TRANSIT": null, "narakut_TRANSIT50": null, "narakut_WALK": null, "tandvard_BICYCLE": 45.0, "tandvard_CAR": 13.0, "tandvard_TRANSIT": 24.0, "tandvard_TRANSIT50": 40.0, "tandvard_WALK": null, "vardcentral_BICYCLE": 45.0, "vardcentral_CAR": 13.0, "vardcentral_TRANSIT": 24.0, "vardcentral_TRANSIT50": 38.0, "vardcentral_WALK": null, "v15_BICYCLE": 5.0, "v15_WALK": 3.9, "namn": "Hylte (Torup)" }, "geometry": { "type": "Polygon", "coordinates": [ [ [ 13.06041, 56.96994 ], [ 13.07853, 56.97084 ], [ 13.08489, 56.96897 ], [ 13.08899, 56.96504 ], [ 13.09594, 56.96175 ], [ 13.09723, 56.95659 ], [ 13.09508, 56.95347 ], [ 13.08882, 56.95018 ], [ 13.08567, 56.94374 ], [ 13.08143, 56.93921 ], [ 13.07676, 56.93728 ], [ 13.07137, 56.93694 ], [ 13.06406, 56.93909 ], [ 13.06027, 56.94453 ], [ 13.05603, 56.94724 ], [ 13.05603, 56.95177 ], [ 13.05287, 56.95654 ], [ 13.0512, 56.96273 ], [ 13.0531, 56.96556 ], [ 13.06041, 56.96994 ] ] ] } },
{ "type": "Feature", "properties": { "regsokod": "1315R007", "regso": "Hylte (Unnaryd-Jälluntofta)", "kn": "1315", "kommun": "Hylte", "pop": 1249.0, "akutsjukhus_BICYCLE": null, "akutsjukhus_CAR": 50.0, "akutsjukhus_TRANSIT": null, "akutsjukhus_TRANSIT50": null, "akutsjukhus_WALK": null, "apotek_BICYCLE": 54.0, "apotek_CAR": 22.0, "apotek_TRANSIT": 34.0, "apotek_TRANSIT50": 58.0, "apotek_WALK": null, "bibliotek_BICYCLE": 13.0, "bibliotek_CAR": 5.0, "bibliotek_TRANSIT": 14.0, "bibliotek_TRANSIT50": 15.0, "bibliotek_WALK": 14.0, "dagligvaror_BICYCLE": 12.0, "dagligvaror_CAR": 4.0, "dagligvaror_TRANSIT": 14.0, "dagligvaror_TRANSIT50": 15.0, "dagligvaror_WALK": 13.0, "drivmedel_BICYCLE": 13.0, "drivmedel_CAR": 5.0, "drivmedel_TRANSIT": 15.0, "drivmedel_TRANSIT50": 16.0, "drivmedel_WALK": 15.0, "forskola_BICYCLE": 14.0, "forskola_CAR": 6.0, "forskola_TRANSIT": 16.0, "forskola_TRANSIT50": 17.0, "forskola_WALK": 16.0, "grundskola_79_BICYCLE": 52.0, "grundskola_79_CAR": 20.0, "grundskola_79_TRANSIT": 37.0, "grundskola_79_TRANSIT50": 57.0, "grundskola_79_WALK": null, "grundskola_f6_BICYCLE": 13.0, "grundskola_f6_CAR": 5.0, "grundskola_f6_TRANSIT": 15.0, "grundskola_f6_TRANSIT50": 17.0, "grundskola_f6_WALK": 15.0, "gymnasium_BICYCLE": 45.0, "gymnasium_CAR": 19.0, "gymnasium_TRANSIT": 33.0, "gymnasium_TRANSIT50": 57.0, "gymnasium_WALK": 58.0, "hallplats_BICYCLE": 10.0, "hallplats_CAR": 4.0, "hallplats_TRANSIT": 12.0, "hallplats_TRANSIT50": 12.0, "hallplats_WALK": 12.0, "narakut_BICYCLE": null, "narakut_CAR": null, "narakut_TRANSIT": null, "narakut_TRANSIT50": null, "narakut_WALK": null, "tandvard_BICYCLE": 53.0, "tandvard_CAR": 23.0, "tandvard_TRANSIT": 40.0, "tandvard_TRANSIT50": 58.0, "tandvard_WALK": null, "vardcentral_BICYCLE": 54.0, "vardcentral_CAR": 23.0, "vardcentral_TRANSIT": 40.0, "vardcentral_TRANSIT50": 58.0, "vardcentral_WALK": null, "v15_BICYCLE": 2.8, "v15_WALK": 2.2, "namn": "Hylte (Unnaryd-Jälluntofta)" }, "geometry": { "type": "Polygon", "coordinates": [ [ [ 13.53499, 57.08145 ], [ 13.53225, 57.07955 ], [ 13.53347, 57.07883 ], [ 13.53655, 57.07986 ], [ 13.53693, 57.08093 ], [ 13.54641, 57.07937 ], [ 13.57422, 57.07002 ], [ 13.56878, 57.06554 ], [ 13.57372, 57.0628 ], [ 13.58043, 57.06326 ], [ 13.58241, 57.06516 ], [ 13.5956, 57.06393 ], [ 13.59888, 57.0633 ], [ 13.60359, 57.05966 ], [ 13.60572, 57.05064 ], [ 13.60263, 57.04916 ], [ 13.60232, 57.04608 ], [ 13.60746, 57.0439 ], [ 13.60795, 57.04203 ], [ 13.59894, 57.03693 ], [ 13.58551, 57.03255 ], [ 13.59342, 57.03017 ], [ 13.60262, 57.02404 ], [ 13.59546, 57.01525 ], [ 13.60254, 57.00838 ], [ 13.61347, 57.00304 ], [ 13.61619, 56.99994 ], [ 13.62898, 56.99402 ], [ 13.62686, 56.9914 ], [ 13.63041, 56.98621 ], [ 13.64774, 56.98767 ], [ 13.64787, 56.9858 ], [ 13.65637, 56.98396 ], [ 13.66418, 56.9846 ], [ 13.66704, 56.98008 ], [ 13.69357, 56.96354 ], [ 13.68917, 56.94624 ], [ 13.68409, 56.94494 ], [ 13.68155, 56.9422 ], [ 13.68218, 56.93967 ], [ 13.6889, 56.9371 ], [ 13.68487, 56.93182 ], [ 13.68742, 56.92681 ], [ 13.66602, 56.9209 ], [ 13.66203, 56.91355 ], [ 13.6234, 56.90756 ], [ 13.61817, 56.90859 ], [ 13.60363, 56.89724 ], [ 13.58227, 56.89007 ], [ 13.57661, 56.88928 ], [ 13.56415, 56.89118 ], [ 13.55932, 56.89364 ], [ 13.55517, 56.89283 ], [ 13.5438, 56.88693 ], [ 13.53869, 56.88687 ], [ 13.53646, 56.89131 ], [ 13.52988, 56.89129 ], [ 13.52766, 56.88923 ], [ 13.52164, 56.88778 ], [ 13.50787, 56.87898 ], [ 13.48727, 56.87106 ], [ 13.48199, 56.87234 ], [ 13.47129, 56.87029 ], [ 13.47089, 56.873 ], [ 13.46864, 56.87409 ], [ 13.47155, 56.87558 ], [ 13.47411, 56.87559 ], [ 13.46996, 56.87859 ], [ 13.46698, 56.87656 ], [ 13.46046, 56.87814 ], [ 13.45985, 56.88053 ], [ 13.45279, 56.87939 ], [ 13.44369, 56.8798 ], [ 13.43838, 56.87564 ], [ 13.43655, 56.87185 ], [ 13.4317, 56.86908 ], [ 13.43191, 56.87295 ], [ 13.41668, 56.87295 ], [ 13.41873, 56.88411 ], [ 13.41176, 56.88573 ], [ 13.40538, 56.8842 ], [ 13.40189, 56.8852 ], [ 13.40733, 56.89089 ], [ 13.42487, 56.89608 ], [ 13.42607, 56.89742 ], [ 13.41722, 56.89891 ], [ 13.41617, 56.9055 ], [ 13.41932, 56.90807 ], [ 13.42631, 56.91103 ], [ 13.42137, 56.9139 ], [ 13.41714, 56.91289 ], [ 13.4117, 56.91454 ], [ 13.40769, 56.9146 ], [ 13.40402, 56.91654 ], [ 13.40287, 56.91933 ], [ 13.4082, 56.92356 ], [ 13.40848, 56.92771 ], [ 13.40334, 56.92768 ], [ 13.40063, 56.92887 ], [ 13.39996, 56.93197 ], [ 13.39355, 56.93518 ], [ 13.39231, 56.94114 ], [ 13.38687, 56.94049 ], [ 13.38431, 56.93892 ], [ 13.37855, 56.93818 ], [ 13.37733, 56.93713 ], [ 13.36684, 56.93824 ], [ 13.3722, 56.94137 ], [ 13.3738, 56.94596 ], [ 13.37606, 56.94622 ], [ 13.37762, 56.94771 ], [ 13.38208, 56.95502 ], [ 13.38375, 56.95452 ], [ 13.38531, 56.95194 ], [ 13.39108, 56.95133 ], [ 13.39162, 56.94927 ], [ 13.3948, 56.94723 ], [ 13.40746, 56.9541 ], [ 13.40997, 56.95585 ], [ 13.40893, 56.95837 ], [ 13.42478, 56.97154 ], [ 13.43364, 56.97297 ], [ 13.44954, 56.99123 ], [ 13.44873, 56.99394 ], [ 13.43966, 56.99457 ], [ 13.42992, 57.00195 ], [ 13.44819, 57.01391 ], [ 13.4571, 57.0152 ], [ 13.45551, 57.01659 ], [ 13.45628, 57.01813 ], [ 13.46644, 57.02538 ], [ 13.46915, 57.02461 ], [ 13.47166, 57.0295 ], [ 13.46858, 57.0314 ], [ 13.47044, 57.03283 ], [ 13.4738, 57.03277 ], [ 13.47473, 57.03433 ], [ 13.4539, 57.03857 ], [ 13.45152, 57.04535 ], [ 13.44025, 57.04498 ], [ 13.44192, 57.04867 ], [ 13.44203, 57.0589 ], [ 13.45633, 57.05869 ], [ 13.4692, 57.06361 ], [ 13.48228, 57.07142 ], [ 13.49804, 57.07316 ], [ 13.49628, 57.06952 ], [ 13.49807, 57.07114 ], [ 13.50046, 57.06987 ], [ 13.50266, 57.0718 ], [ 13.5025, 57.07313 ], [ 13.50066, 57.07333 ], [ 13.50461, 57.07383 ], [ 13.50562, 57.07659 ], [ 13.50427, 57.08061 ], [ 13.50541, 57.08508 ], [ 13.5219, 57.08694 ], [ 13.5239, 57.08643 ], [ 13.52725, 57.0874 ], [ 13.53499, 57.08145 ] ] ] } },
{ "type": "Feature", "properties": { "regsokod": "1380R001", "regso": "Halmstad (Alet-Mickedala-Rotorp)", "kn": "1380", "kommun": "Halmstad", "pop": 6434.0, "akutsjukhus_BICYCLE": 7.0, "akutsjukhus_CAR": 5.0, "akutsjukhus_TRANSIT": 18.0, "akutsjukhus_TRANSIT50": 20.0, "akutsjukhus_WALK": 21.0, "apotek_BICYCLE": 4.0, "apotek_CAR": 3.0, "apotek_TRANSIT": 9.0, "apotek_TRANSIT50": 12.0, "apotek_WALK": 13.0, "bibliotek_BICYCLE": 7.0, "bibliotek_CAR": 6.0, "bibliotek_TRANSIT": 14.0, "bibliotek_TRANSIT50": 18.0, "bibliotek_WALK": 20.0, "dagligvaror_BICYCLE": 3.0, "dagligvaror_CAR": 3.0, "dagligvaror_TRANSIT": 8.0, "dagligvaror_TRANSIT50": 8.0, "dagligvaror_WALK": 8.0, "drivmedel_BICYCLE": 2.0, "drivmedel_CAR": 2.0, "drivmedel_TRANSIT": 6.0, "drivmedel_TRANSIT50": 7.0, "drivmedel_WALK": 7.0, "forskola_BICYCLE": 3.0, "forskola_CAR": 3.0, "forskola_TRANSIT": 7.0, "forskola_TRANSIT50": 8.0, "forskola_WALK": 8.0, "grundskola_79_BICYCLE": 3.0, "grundskola_79_CAR": 3.0, "grundskola_79_TRANSIT": 6.0, "grundskola_79_TRANSIT50": 7.0, "grundskola_79_WALK": 8.0, "grundskola_f6_BICYCLE": 3.0, "grundskola_f6_CAR": 3.0, "grundskola_f6_TRANSIT": 6.0, "grundskola_f6_TRANSIT50": 7.0, "grundskola_f6_WALK": 8.0, "gymnasium_BICYCLE": 3.0, "gymnasium_CAR": 5.0, "gymnasium_TRANSIT": 9.0, "gymnasium_TRANSIT50": 9.0, "gymnasium_WALK": 10.0, "hallplats_BICYCLE": 1.0, "hallplats_CAR": 0.0, "hallplats_TRANSIT": 3.0, "hallplats_TRANSIT50": 3.0, "hallplats_WALK": 3.0, "narakut_BICYCLE": null, "narakut_CAR": 45.0, "narakut_TRANSIT": 59.0, "narakut_TRANSIT50": null, "narakut_WALK": null, "tandvard_BICYCLE": 4.0, "tandvard_CAR": 3.0, "tandvard_TRANSIT": 8.0, "tandvard_TRANSIT50": 11.0, "tandvard_WALK": 12.0, "vardcentral_BICYCLE": 3.0, "vardcentral_CAR": 4.0, "vardcentral_TRANSIT": 8.0, "vardcentral_TRANSIT50": 10.0, "vardcentral_WALK": 10.0, "v15_BICYCLE": 6.0, "v15_WALK": 4.5, "namn": "Halmstad (Alet-Mickedala-Rotorp)" }, "geometry": { "type": "Polygon", "coordinates": [ [ [ 12.80055, 56.68373 ], [ 12.80125, 56.68518 ], [ 12.79595, 56.6891 ], [ 12.80278, 56.68968 ], [ 12.8157, 56.6874 ], [ 12.81357, 56.69192 ], [ 12.81594, 56.69577 ], [ 12.82636, 56.69922 ], [ 12.83487, 56.6989 ], [ 12.83628, 56.70232 ], [ 12.83931, 56.70406 ], [ 12.84484, 56.70535 ], [ 12.84774, 56.70992 ], [ 12.84252, 56.70168 ], [ 12.8458, 56.69692 ], [ 12.845, 56.69318 ], [ 12.84697, 56.69186 ], [ 12.8453, 56.69032 ], [ 12.84305, 56.68994 ], [ 12.84114, 56.68203 ], [ 12.8487, 56.67575 ], [ 12.84554, 56.67397 ], [ 12.8502, 56.67409 ], [ 12.85304, 56.67238 ], [ 12.84486, 56.67161 ], [ 12.84372, 56.67017 ], [ 12.84664, 56.66998 ], [ 12.84693, 56.66913 ], [ 12.84963, 56.66948 ], [ 12.85022, 56.66515 ], [ 12.84865, 56.66326 ], [ 12.84378, 56.66164 ], [ 12.83909, 56.66371 ], [ 12.82731, 56.66423 ], [ 12.82352, 56.662 ], [ 12.82361, 56.66057 ], [ 12.81946, 56.66014 ], [ 12.81604, 56.66438 ], [ 12.8198, 56.66617 ], [ 12.82135, 56.67223 ], [ 12.8122, 56.67494 ], [ 12.81159, 56.67837 ], [ 12.80602, 56.68124 ], [ 12.8073, 56.6823 ], [ 12.80055, 56.68373 ] ], [ [ 12.81885, 56.67984 ], [ 12.80812, 56.68212 ], [ 12.82364, 56.67873 ], [ 12.81885, 56.67984 ] ] ] } },
{ "type": "Feature", "properties": { "regsokod": "1380R002", "regso": "Halmstad (Andersberg)", "kn": "1380", "kommun": "Halmstad", "pop": 4738.0, "akutsjukhus_BICYCLE": 19.0, "akutsjukhus_CAR": 12.0, "akutsjukhus_TRANSIT": 31.0, "akutsjukhus_TRANSIT50": 35.0, "akutsjukhus_WALK": 57.0, "apotek_BICYCLE": 5.0, "apotek_CAR": 7.0, "apotek_TRANSIT": 11.0, "apotek_TRANSIT50": 13.0, "apotek_WALK": 13.0, "bibliotek_BICYCLE": 2.0, "bibliotek_CAR": 3.0, "bibliotek_TRANSIT": 6.0, "bibliotek_TRANSIT50": 7.0, "bibliotek_WALK": 7.0, "dagligvaror_BICYCLE": 2.0, "dagligvaror_CAR": 3.0, "dagligvaror_TRANSIT": 6.0, "dagligvaror_TRANSIT50": 6.0, "dagligvaror_WALK": 6.0, "drivmedel_BICYCLE": 2.0, "drivmedel_CAR": 3.0, "drivmedel_TRANSIT": 7.0, "drivmedel_TRANSIT50": 7.0, "drivmedel_WALK": 7.0, "forskola_BICYCLE": 1.0, "forskola_CAR": 4.0, "forskola_TRANSIT": 4.0, "forskola_TRANSIT50": 4.0, "forskola_WALK": 4.0, "grundskola_79_BICYCLE": 5.0, "grundskola_79_CAR": 6.0, "grundskola_79_TRANSIT": 10.0, "grundskola_79_TRANSIT50": 15.0, "grundskola_79_WALK": 17.0, "grundskola_f6_BICYCLE": 1.0, "grundskola_f6_CAR": 3.0, "grundskola_f6_TRANSIT": 5.0, "grundskola_f6_TRANSIT50": 5.0, "grundskola_f6_WALK": 5.0, "gymnasium_BICYCLE": 6.0, "gymnasium_CAR": 7.0, "gymnasium_TRANSIT": 13.0, "gymnasium_TRANSIT50": 16.0, "gymnasium_WALK": 18.0, "hallplats_BICYCLE": 1.0, "hallplats_CAR": 3.0, "hallplats_TRANSIT": 2.0, "hallplats_TRANSIT50": 2.0, "hallplats_WALK": 2.0, "narakut_BICYCLE": null, "narakut_CAR": 41.0, "narakut_TRANSIT": null, "narakut_TRANSIT50": null, "narakut_WALK": null, "tandvard_BICYCLE": 7.0, "tandvard_CAR": 6.0, "tandvard_TRANSIT": 12.0, "tandvard_TRANSIT50": 15.0, "tandvard_WALK": 22.0, "vardcentral_BICYCLE": 2.0, "vardcentral_CAR": 4.0, "vardcentral_TRANSIT": 5.0, "vardcentral_TRANSIT50": 5.0, "vardcentral_WALK": 5.0, "v15_BICYCLE": 6.0, "v15_WALK": 5.8, "namn": "Halmstad (Andersberg)" }, "geometry": { "type": "Polygon", "coordinates": [ [ [ 12.90489, 56.65412 ], [ 12.896, 56.6593 ], [ 12.89721, 56.66202 ], [ 12.89377, 56.66253 ], [ 12.89488, 56.66468 ], [ 12.89932, 56.66567 ], [ 12.90089, 56.66481 ], [ 12.90396, 56.66709 ], [ 12.90638, 56.66046 ], [ 12.90489, 56.65412 ] ] ] } },
{ "type": "Feature", "properties": { "regsokod": "1380R003", "regso": "Halmstad (Snöstorp-Brogård)", "kn": "1380", "kommun": "Halmstad", "pop": 3533.0, "akutsjukhus_BICYCLE": 23.0, "akutsjukhus_CAR": 13.0, "akutsjukhus_TRANSIT": 38.0, "akutsjukhus_TRANSIT50": 45.0, "akutsjukhus_WALK": 57.0, "apotek_BICYCLE": 7.0, "apotek_CAR": 5.0, "apotek_TRANSIT": 15.0, "apotek_TRANSIT50": 20.0, "apotek_WALK": 21.0, "bibliotek_BICYCLE": 12.0, "bibliotek_CAR": 7.0, "bibliotek_TRANSIT": 22.0, "bibliotek_TRANSIT50": 29.0, "bibliotek_WALK": 37.0, "dagligvaror_BICYCLE": 6.0, "dagligvaror_CAR": 4.0, "dagligvaror_TRANSIT": 12.0, "dagligvaror_TRANSIT50": 17.0, "dagligvaror_WALK": 18.0, "drivmedel_BICYCLE": 6.0, "drivmedel_CAR": 5.0, "drivmedel_TRANSIT": 14.0, "drivmedel_TRANSIT50": 19.0, "drivmedel_WALK": 20.0, "forskola_BICYCLE": 5.0, "forskola_CAR": 4.0, "forskola_TRANSIT": 11.0, "forskola_TRANSIT50": 14.0, "forskola_WALK": 14.0, "grundskola_79_BICYCLE": 11.0, "grundskola_79_CAR": 8.0, "grundskola_79_TRANSIT": 18.0, "grundskola_79_TRANSIT50": 26.0, "grundskola_79_WALK": 35.0, "grundskola_f6_BICYCLE": 5.0, "grundskola_f6_CAR": 5.0, "grundskola_f6_TRANSIT": 11.0, "grundskola_f6_TRANSIT50": 15.0, "grundskola_f6_WALK": 16.0, "gymnasium_BICYCLE": 10.0, "gymnasium_CAR": 7.0, "gymnasium_TRANSIT": 19.0, "gymnasium_TRANSIT50": 26.0, "gymnasium_WALK": 32.0, "hallplats_BICYCLE": 1.0, "hallplats_CAR": 1.0, "hallplats_TRANSIT": 4.0, "hallplats_TRANSIT50": 5.0, "hallplats_WALK": 5.0, "narakut_BICYCLE": null, "narakut_CAR": 43.0, "narakut_TRANSIT": null, "narakut_TRANSIT50": null, "narakut_WALK": null, "tandvard_BICYCLE": 6.0, "tandvard_CAR": 6.0, "tandvard_TRANSIT": 15.0, "tandvard_TRANSIT50": 19.0, "tandvard_WALK": 19.0, "vardcentral_BICYCLE": 7.0, "vardcentral_CAR": 5.0, "vardcentral_TRANSIT": 15.0, "vardcentral_TRANSIT50": 20.0, "vardcentral_WALK": 21.0, "v15_BICYCLE": 5.8, "v15_WALK": 2.8, "namn": "Halmstad (Snöstorp-Brogård)" }, "geometry": { "type": "Polygon", "coordinates": [ [ [ 12.91159, 56.65861 ], [ 12.91437, 56.65709 ], [ 12.91596, 56.65437 ], [ 12.9092, 56.65204 ], [ 12.90489, 56.65412 ], [ 12.90638, 56.66046 ], [ 12.90557, 56.66428 ], [ 12.89831, 56.67384 ], [ 12.91816, 56.6765 ], [ 12.93424, 56.68106 ], [ 12.9293, 56.68343 ], [ 12.93359, 56.68629 ], [ 12.92757, 56.69001 ], [ 12.93018, 56.69107 ], [ 12.94076, 56.69334 ], [ 12.95094, 56.69178 ], [ 12.95583, 56.6892 ], [ 12.95846, 56.68638 ], [ 12.95812, 56.67934 ], [ 12.95138, 56.67507 ], [ 12.9316, 56.66889 ], [ 12.93218, 56.66472 ], [ 12.92533, 56.65946 ], [ 12.92685, 56.65843 ], [ 12.92294, 56.65787 ], [ 12.91159, 56.65861 ] ], [ [ 12.91157, 56.65876 ], [ 12.91194, 56.66091 ], [ 12.91153, 56.65901 ], [ 12.91157, 56.65876 ] ] ] } },
{ "type": "Feature", "properties": { "regsokod": "1380R004", "regso": "Halmstad (Bäckagård centrum)", "kn": "1380", "kommun": "Halmstad", "pop": 2115.0, "akutsjukhus_BICYCLE": 24.0, "akutsjukhus_CAR": 15.0, "akutsjukhus_TRANSIT": 30.0, "akutsjukhus_TRANSIT50": 38.0, "akutsjukhus_WALK": null, "apotek_BICYCLE": 7.0, "apotek_CAR": 5.0, "apotek_TRANSIT": 14.0, "apotek_TRANSIT50": 20.0, "apotek_WALK": 22.0, "bibliotek_BICYCLE": 4.0, "bibliotek_CAR": 7.0, "bibliotek_TRANSIT": 11.0, "bibliotek_TRANSIT50": 12.0, "bibliotek_WALK": 13.0, "dagligvaror_BICYCLE": 4.0, "dagligvaror_CAR": 5.0, "dagligvaror_TRANSIT": 10.0, "dagligvaror_TRANSIT50": 10.0, "dagligvaror_WALK": 10.0, "drivmedel_BICYCLE": 8.0, "drivmedel_CAR": 7.0, "drivmedel_TRANSIT": 12.0, "drivmedel_TRANSIT50": 19.0, "drivmedel_WALK": 26.0, "forskola_BICYCLE": 4.0, "forskola_CAR": 7.0, "forskola_TRANSIT": 10.0, "forskola_TRANSIT50": 12.0, "forskola_WALK": 12.0, "grundskola_79_BICYCLE": 3.0, "grundskola_79_CAR": 5.0, "grundskola_79_TRANSIT": 10.0, "grundskola_79_TRANSIT50": 11.0, "grundskola_79_WALK": 11.0, "grundskola_f6_BICYCLE": 3.0, "grundskola_f6_CAR": 5.0, "grundskola_f6_TRANSIT": 8.0, "grundskola_f6_TRANSIT50": 8.0, "grundskola_f6_WALK": 8.0, "gymnasium_BICYCLE": 18.0, "gymnasium_CAR": 13.0, "gymnasium_TRANSIT": 21.0, "gymnasium_TRANSIT50": 26.0, "gymnasium_WALK": 54.0, "hallplats_BICYCLE": 1.0, "hallplats_CAR": 2.0, "hallplats_TRANSIT": 4.0, "hallplats_TRANSIT50": 4.0, "hallplats_WALK": 4.0, "narakut_BICYCLE": null, "narakut_CAR": 53.0, "narakut_TRANSIT": null, "narakut_TRANSIT50": null, "narakut_WALK": null, "tandvard_BICYCLE": 4.0, "tandvard_CAR": 7.0, "tandvard_TRANSIT": 10.0, "tandvard_TRANSIT50": 12.0, "tandvard_WALK": 12.0, "vardcentral_BICYCLE": 4.0, "vardcentral_CAR": 7.0, "vardcentral_TRANSIT": 10.0, "vardcentral_TRANSIT50": 11.0, "vardcentral_WALK": 11.0, "v15_BICYCLE": 6.0, "v15_WALK": 4.4, "namn": "Halmstad (Bäckagård centrum)" }, "geometry": { "type": "Polygon", "coordinates": [ [ [ 12.77485, 56.66248 ], [ 12.78228, 56.6616 ], [ 12.79265, 56.66183 ], [ 12.79103, 56.65843 ], [ 12.77633, 56.65842 ], [ 12.77392, 56.65518 ], [ 12.76707, 56.65577 ], [ 12.76883, 56.65738 ], [ 12.7685, 56.66006 ], [ 12.77279, 56.66086 ], [ 12.77485, 56.66248 ] ] ] } },
{ "type": "Feature", "properties": { "regsokod": "1380R005", "regso": "Halmstad (Söndrum-Eketånga)", "kn": "1380", "kommun": "Halmstad", "pop": 3677.0, "akutsjukhus_BICYCLE": 17.0, "akutsjukhus_CAR": 10.0, "akutsjukhus_TRANSIT": 26.0, "akutsjukhus_TRANSIT50": 33.0, "akutsjukhus_WALK": 50.0, "apotek_BICYCLE": 3.0, "apotek_CAR": 3.0, "apotek_TRANSIT": 9.0, "apotek_TRANSIT50": 10.0, "apotek_WALK": 10.0, "bibliotek_BICYCLE": 3.0, "bibliotek_CAR": 3.0, "bibliotek_TRANSIT": 9.0, "bibliotek_TRANSIT50": 11.0, "bibliotek_WALK": 11.0, "dagligvaror_BICYCLE": 3.0, "dagligvaror_CAR": 2.0, "dagligvaror_TRANSIT": 8.0, "dagligvaror_TRANSIT50": 9.0, "dagligvaror_WALK": 9.0, "drivmedel_BICYCLE": 3.0, "drivmedel_CAR": 2.0, "drivmedel_TRANSIT": 7.0, "drivmedel_TRANSIT50": 9.0, "drivmedel_WALK": 9.0, "forskola_BICYCLE": 3.0, "forskola_CAR": 3.0, "forskola_TRANSIT": 8.0, "forskola_TRANSIT50": 9.0, "forskola_WALK": 9.0, "grundskola_79_BICYCLE": 5.0, "grundskola_79_CAR": 3.0, "grundskola_79_TRANSIT": 10.0, "grundskola_79_TRANSIT50": 13.0, "grundskola_79_WALK": 14.0, "grundskola_f6_BICYCLE": 3.0, "grundskola_f6_CAR": 2.0, "grundskola_f6_TRANSIT": 8.0, "grundskola_f6_TRANSIT50": 9.0, "grundskola_f6_WALK": 9.0, "gymnasium_BICYCLE": 11.0, "gymnasium_CAR": 8.0, "gymnasium_TRANSIT": 15.0, "gymnasium_TRANSIT50": 20.0, "gymnasium_WALK": 35.0, "hallplats_BICYCLE": 1.0, "hallplats_CAR": 1.0, "hallplats_TRANSIT": 4.0, "hallplats_TRANSIT50": 4.0, "hallplats_WALK": 4.0, "narakut_BICYCLE": null, "narakut_CAR": 48.0, "narakut_TRANSIT": null, "narakut_TRANSIT50": null, "narakut_WALK": null, "tandvard_BICYCLE": 8.0, "tandvard_CAR": 6.0, "tandvard_TRANSIT": 15.0, "tandvard_TRANSIT50": 21.0, "tandvard_WALK": 24.0, "vardcentral_BICYCLE": 4.0, "vardcentral_CAR": 3.0, "vardcentral_TRANSIT": 9.0, "vardcentral_TRANSIT50": 11.0, "vardcentral_WALK": 11.0, "v15_BICYCLE": 6.0, "v15_WALK": 5.6, "namn": "Halmstad (Söndrum-Eketånga)" }, "geometry": { "type": "Polygon", "coordinates": [ [ [ 12.81946, 56.66014 ], [ 12.81582, 56.65971 ], [ 12.8088, 56.65707 ], [ 12.809, 56.65348 ], [ 12.81111, 56.651 ], [ 12.7987, 56.65114 ], [ 12.79357, 56.64961 ], [ 12.79298, 56.64853 ], [ 12.7904, 56.64931 ], [ 12.78849, 56.6551 ], [ 12.79636, 56.65589 ], [ 12.7955, 56.65758 ], [ 12.8005, 56.6635 ], [ 12.80541, 56.66477 ], [ 12.80568, 56.66683 ], [ 12.79774, 56.66709 ], [ 12.79492, 56.6664 ], [ 12.79395, 56.67639 ], [ 12.78405, 56.67497 ], [ 12.78465, 56.67854 ], [ 12.79133, 56.68653 ], [ 12.79595, 56.6891 ], [ 12.80125, 56.68518 ], [ 12.80055, 56.68373 ], [ 12.8073, 56.6823 ], [ 12.80602, 56.68124 ], [ 12.81159, 56.67837 ], [ 12.8122, 56.67494 ], [ 12.82135, 56.67223 ], [ 12.8198, 56.66617 ], [ 12.81607, 56.66434 ], [ 12.81946, 56.66014 ] ] ] } },
{ "type": "Feature", "properties": { "regsokod": "1380R006", "regso": "Halmstad (Eldsberga-Simlångsdalen-Skedala)", "kn": "1380", "kommun": "Halmstad", "pop": 5038.0, "akutsjukhus_BICYCLE": 48.0, "akutsjukhus_CAR": 23.0, "akutsjukhus_TRANSIT": 49.0, "akutsjukhus_TRANSIT50": 59.0, "akutsjukhus_WALK": null, "apotek_BICYCLE": 38.0, "apotek_CAR": 14.0, "apotek_TRANSIT": 30.0, "apotek_TRANSIT50": 47.0, "apotek_WALK": 52.0, "bibliotek_BICYCLE": 27.0, "bibliotek_CAR": 9.0, "bibliotek_TRANSIT": 27.0, "bibliotek_TRANSIT50": 37.0, "bibliotek_WALK": 25.0, "dagligvaror_BICYCLE": 18.0, "dagligvaror_CAR": 6.0, "dagligvaror_TRANSIT": 19.0, "dagligvaror_TRANSIT50": 29.0, "dagligvaror_WALK": 28.0, "drivmedel_BICYCLE": 21.0, "drivmedel_CAR": 7.0, "drivmedel_TRANSIT": 22.0, "drivmedel_TRANSIT50": 34.0, "drivmedel_WALK": 37.0, "forskola_BICYCLE": 21.0, "forskola_CAR": 8.0, "forskola_TRANSIT": 23.0, "forskola_TRANSIT50": 34.0, "forskola_WALK": 37.0, "grundskola_79_BICYCLE": 31.0, "grundskola_79_CAR": 14.0, "grundskola_79_TRANSIT": 28.0, "grundskola_79_TRANSIT50": 45.0, "grundskola_79_WALK": 52.0, "grundskola_f6_BICYCLE": 19.0, "grundskola_f6_CAR": 7.0, "grundskola_f6_TRANSIT": 22.0, "grundskola_f6_TRANSIT50": 29.0, "grundskola_f6_WALK": 29.0, "gymnasium_BICYCLE": 40.0, "gymnasium_CAR": 17.0, "gymnasium_TRANSIT": 32.0, "gymnasium_TRANSIT50": 48.0, "gymnasium_WALK": 49.0, "hallplats_BICYCLE": 11.0, "hallplats_CAR": 4.0, "hallplats_TRANSIT": 14.0, "hallplats_TRANSIT50": 17.0, "hallplats_WALK": 17.0, "narakut_BICYCLE": null, "narakut_CAR": 46.0, "narakut_TRANSIT": null, "narakut_TRANSIT50": null, "narakut_WALK": null, "tandvard_BICYCLE": 40.0, "tandvard_CAR": 14.0, "tandvard_TRANSIT": 30.0, "tandvard_TRANSIT50": 47.0, "tandvard_WALK": 51.0, "vardcentral_BICYCLE": 38.0, "vardcentral_CAR": 13.0, "vardcentral_TRANSIT": 30.0, "vardcentral_TRANSIT50": 46.0, "vardcentral_WALK": 51.0, "v15_BICYCLE": 1.8, "v15_WALK": 1.1, "namn": "Halmstad (Eldsberga-Simlångsdalen-Skedala)" }, "geometry": { "type": "Polygon", "coordinates": [ [ [ 12.93963, 56.5797 ], [ 12.94584, 56.57568 ], [ 12.95338, 56.575 ], [ 12.95903, 56.57666 ], [ 12.96464, 56.57999 ], [ 12.96655, 56.58263 ], [ 12.96565, 56.58576 ], [ 12.95545, 56.59553 ], [ 12.94926, 56.59788 ], [ 12.94468, 56.59838 ], [ 12.94049, 56.60322 ], [ 12.93677, 56.60477 ], [ 12.93242, 56.60529 ], [ 12.93055, 56.60762 ], [ 12.93649, 56.60756 ], [ 12.94109, 56.60892 ], [ 12.95108, 56.60678 ], [ 12.95919, 56.60856 ], [ 12.96308, 56.61093 ], [ 12.96639, 56.617 ], [ 12.9655, 56.62044 ], [ 12.96354, 56.62315 ], [ 12.95713, 56.62726 ], [ 12.9508, 56.62855 ], [ 12.95502, 56.6322 ], [ 12.96131, 56.63453 ], [ 12.963, 56.63935 ], [ 12.95949, 56.64329 ], [ 12.95146, 56.64728 ], [ 12.95238, 56.65216 ], [ 12.94828, 56.65546 ], [ 12.94229, 56.65672 ], [ 12.93095, 56.65622 ], [ 12.92533, 56.65946 ], [ 12.932, 56.66439 ], [ 12.9316, 56.66889 ], [ 12.95298, 56.67584 ], [ 12.95883, 56.68039 ], [ 12.95925, 56.68469 ], [ 12.95467, 56.69014 ], [ 12.9498, 56.69212 ], [ 12.94138, 56.69338 ], [ 12.93018, 56.69107 ], [ 12.92534, 56.69497 ], [ 12.91614, 56.69683 ], [ 12.92299, 56.69687 ], [ 12.92488, 56.69857 ], [ 12.9293, 56.69957 ], [ 12.93329, 56.70324 ], [ 12.93284, 56.70651 ], [ 12.93757, 56.71091 ], [ 12.94061, 56.71743 ], [ 12.93722, 56.72137 ], [ 12.93832, 56.72792 ], [ 12.94162, 56.72875 ], [ 12.94178, 56.72964 ], [ 12.94726, 56.72935 ], [ 12.95169, 56.73019 ], [ 12.95699, 56.73448 ], [ 12.97217, 56.73573 ], [ 12.97833, 56.73849 ], [ 12.97972, 56.74106 ], [ 12.97894, 56.74364 ], [ 12.97549, 56.74613 ], [ 12.97383, 56.74951 ], [ 12.96948, 56.75167 ], [ 12.97269, 56.75544 ], [ 12.97755, 56.75577 ], [ 12.98177, 56.75742 ], [ 12.98807, 56.76271 ], [ 12.98936, 56.76546 ], [ 12.99498, 56.76805 ], [ 12.99636, 56.77258 ], [ 12.99895, 56.77542 ], [ 12.99998, 56.78237 ], [ 13.00547, 56.78448 ], [ 13.00773, 56.78643 ], [ 13.0061, 56.78875 ], [ 13.01261, 56.79277 ], [ 13.01437, 56.7977 ], [ 13.02672, 56.79988 ], [ 13.03102, 56.79801 ], [ 13.03387, 56.79486 ], [ 13.03317, 56.78947 ], [ 13.03478, 56.78656 ], [ 13.0375, 56.78552 ], [ 13.04021, 56.78562 ], [ 13.04322, 56.78209 ], [ 13.06869, 56.7862 ], [ 13.09418, 56.78134 ], [ 13.11265, 56.79283 ], [ 13.11551, 56.79362 ], [ 13.12097, 56.79282 ], [ 13.13198, 56.78901 ], [ 13.13851, 56.78414 ], [ 13.13811, 56.78322 ], [ 13.15075, 56.79139 ], [ 13.15856, 56.79881 ], [ 13.14797, 56.8103 ], [ 13.15681, 56.81431 ], [ 13.1606, 56.81395 ], [ 13.17089, 56.81749 ], [ 13.18142, 56.81888 ], [ 13.18509, 56.82449 ], [ 13.18156, 56.82534 ], [ 13.17968, 56.82727 ], [ 13.18043, 56.82803 ], [ 13.185, 56.82987 ], [ 13.18869, 56.82934 ], [ 13.19268, 56.83003 ], [ 13.20202, 56.83567 ], [ 13.20683, 56.83502 ], [ 13.20942, 56.83192 ], [ 13.2131, 56.83229 ], [ 13.23999, 56.84105 ], [ 13.24179, 56.8445 ], [ 13.24092, 56.84745 ], [ 13.24328, 56.84802 ], [ 13.25065, 56.84623 ], [ 13.25542, 56.84695 ], [ 13.26185, 56.85301 ], [ 13.26672, 56.85284 ], [ 13.28064, 56.84301 ], [ 13.28932, 56.83508 ], [ 13.2971, 56.83091 ], [ 13.30154, 56.81414 ], [ 13.29971, 56.81418 ], [ 13.30149, 56.8092 ], [ 13.3031, 56.8095 ], [ 13.30493, 56.80404 ], [ 13.31502, 56.79392 ], [ 13.31887, 56.78224 ], [ 13.3198, 56.75865 ], [ 13.3165, 56.73029 ], [ 13.31712, 56.71952 ], [ 13.32511, 56.70757 ], [ 13.31513, 56.70231 ], [ 13.31665, 56.70128 ], [ 13.31588, 56.69227 ], [ 13.30779, 56.68547 ], [ 13.30294, 56.68571 ], [ 13.29836, 56.68762 ], [ 13.29128, 56.68358 ], [ 13.28847, 56.6791 ], [ 13.28384, 56.67889 ], [ 13.27802, 56.68006 ], [ 13.25967, 56.67644 ], [ 13.24926, 56.67533 ], [ 13.2304, 56.67542 ], [ 13.22517, 56.67623 ], [ 13.22483, 56.6748 ], [ 13.2227, 56.67383 ], [ 13.21962, 56.67617 ], [ 13.20544, 56.67615 ], [ 13.20216, 56.67539 ], [ 13.18981, 56.67694 ], [ 13.18849, 56.67556 ], [ 13.17427, 56.67425 ], [ 13.17324, 56.67287 ], [ 13.1751, 56.66676 ], [ 13.17748, 56.66635 ], [ 13.18087, 56.66367 ], [ 13.18941, 56.66235 ], [ 13.19644, 56.65408 ], [ 13.18797, 56.65035 ], [ 13.16409, 56.65026 ], [ 13.16593, 56.64613 ], [ 13.16415, 56.63433 ], [ 13.15802, 56.63029 ], [ 13.15077, 56.62861 ], [ 13.14767, 56.6288 ], [ 13.14183, 56.62451 ], [ 13.13667, 56.6235 ], [ 13.13548, 56.62406 ], [ 13.12988, 56.63055 ], [ 13.10136, 56.61453 ], [ 13.09283, 56.61304 ], [ 13.06361, 56.60336 ], [ 13.06102, 56.60379 ], [ 13.06206, 56.60279 ], [ 13.05739, 56.6011 ], [ 13.05599, 56.60211 ], [ 13.0506, 56.60039 ], [ 13.04737, 56.60066 ], [ 13.04042, 56.59678 ], [ 13.02769, 56.59566 ], [ 13.02841, 56.59479 ], [ 13.02717, 56.5946 ], [ 13.02496, 56.59056 ], [ 13.02185, 56.59089 ], [ 13.0231, 56.58982 ], [ 13.01912, 56.58785 ], [ 13.01681, 56.58782 ], [ 13.01732, 56.58536 ], [ 13.01513, 56.58496 ], [ 13.01735, 56.58384 ], [ 13.01591, 56.5836 ], [ 13.01696, 56.58079 ], [ 13.01962, 56.57932 ], [ 13.01896, 56.57735 ], [ 13.02147, 56.57522 ], [ 13.02017, 56.57392 ], [ 13.01556, 56.57316 ], [ 13.0138, 56.57382 ], [ 13.00969, 56.57352 ], [ 13.00947, 56.57089 ], [ 13.00661, 56.56768 ], [ 12.99639, 56.5592 ], [ 12.9876, 56.55679 ], [ 12.97401, 56.54239 ], [ 12.96875, 56.54581 ], [ 12.96822, 56.54824 ], [ 12.94493, 56.55407 ], [ 12.94354, 56.56771 ], [ 12.93963, 56.5797 ] ], [ [ 13.07169, 56.70027 ], [ 13.07166, 56.70024 ], [ 13.0724, 56.70016 ], [ 13.07169, 56.70027 ] ] ] } },
{ "type": "Feature", "properties": { "regsokod": "1380R007", "regso": "Halmstad (Engelbrekt-Östra Förstaden)", "kn": "1380", "kommun": "Halmstad", "pop": 3378.0, "akutsjukhus_BICYCLE": 10.0, "akutsjukhus_CAR": 8.0, "akutsjukhus_TRANSIT": 22.0, "akutsjukhus_TRANSIT50": 25.0, "akutsjukhus_WALK": 29.0, "apotek_BICYCLE": 2.0, "apotek_CAR": 2.0, "apotek_TRANSIT": 6.0, "apotek_TRANSIT50": 7.0, "apotek_WALK": 7.0, "bibliotek_BICYCLE": 3.0, "bibliotek_CAR": 4.0, "bibliotek_TRANSIT": 7.0, "bibliotek_TRANSIT50": 8.0, "bibliotek_WALK": 8.0, "dagligvaror_BICYCLE": 2.0, "dagligvaror_CAR": 1.0, "dagligvaror_TRANSIT": 5.0, "dagligvaror_TRANSIT50": 6.0, "dagligvaror_WALK": 6.0, "drivmedel_BICYCLE": 5.0, "drivmedel_CAR": 4.0, "drivmedel_TRANSIT": 9.0, "drivmedel_TRANSIT50": 12.0, "drivmedel_WALK": 14.0, "forskola_BICYCLE": 6.0, "forskola_CAR": 5.0, "forskola_TRANSIT": 10.0, "forskola_TRANSIT50": 15.0, "forskola_WALK": 17.0, "grundskola_79_BICYCLE": 3.0, "grundskola_79_CAR": 3.0, "grundskola_79_TRANSIT": 8.0, "grundskola_79_TRANSIT50": 9.0, "grundskola_79_WALK": 10.0, "grundskola_f6_BICYCLE": 2.0, "grundskola_f6_CAR": 3.0, "grundskola_f6_TRANSIT": 6.0, "grundskola_f6_TRANSIT50": 7.0, "grundskola_f6_WALK": 7.0, "gymnasium_BICYCLE": 1.0, "gymnasium_CAR": 2.0, "gymnasium_TRANSIT": 3.0, "gymnasium_TRANSIT50": 3.0, "gymnasium_WALK": 3.0, "hallplats_BICYCLE": 1.0, "hallplats_CAR": 0.0, "hallplats_TRANSIT": 3.0, "hallplats_TRANSIT50": 3.0, "hallplats_WALK": 3.0, "narakut_BICYCLE": null, "narakut_CAR": 41.0, "narakut_TRANSIT": 52.0, "narakut_TRANSIT50": null, "narakut_WALK": null, "tandvard_BICYCLE": 2.0, "tandvard_CAR": 3.0, "tandvard_TRANSIT": 7.0, "tandvard_TRANSIT50": 7.0, "tandvard_WALK": 7.0, "vardcentral_BICYCLE": 2.0, "vardcentral_CAR": 2.0, "vardcentral_TRANSIT": 6.0, "vardcentral_TRANSIT50": 6.0, "vardcentral_WALK": 6.0, "v15_BICYCLE": 6.0, "v15_WALK": 6.0, "namn": "Halmstad (Engelbrekt-Östra Förstaden)" }, "geometry": { "type": "Polygon", "coordinates": [ [ [ 12.86275, 56.6723 ], [ 12.8794, 56.66572 ], [ 12.86935, 56.66271 ], [ 12.86557, 56.66475 ], [ 12.87751, 56.65822 ], [ 12.87268, 56.65497 ], [ 12.87685, 56.65124 ], [ 12.85361, 56.64548 ], [ 12.84528, 56.64729 ], [ 12.84578, 56.64945 ], [ 12.84181, 56.65046 ], [ 12.85024, 56.65133 ], [ 12.85786, 56.65505 ], [ 12.85898, 56.65831 ], [ 12.85266, 56.6546 ], [ 12.85065, 56.65565 ], [ 12.8576, 56.66377 ], [ 12.85956, 56.67242 ], [ 12.86275, 56.6723 ] ] ] } },
{ "type": "Feature", "properties": { "regsokod": "1380R008", "regso": "Halmstad (Frennarp-Kärleken-Galgberget östra)", "kn": "1380", "kommun": "Halmstad", "pop": 5583.0, "akutsjukhus_BICYCLE": 11.0, "akutsjukhus_CAR": 8.0, "akutsjukhus_TRANSIT": 22.0, "akutsjukhus_TRANSIT50": 28.0, "akutsjukhus_WALK": 33.0, "apotek_BICYCLE": 10.0, "apotek_CAR": 6.0, "apotek_TRANSIT": 15.0, "apotek_TRANSIT50": 23.0, "apotek_WALK": 31.0, "bibliotek_BICYCLE": 11.0, "bibliotek_CAR": 8.0, "bibliotek_TRANSIT": 16.0, "bibliotek_TRANSIT50": 24.0, "bibliotek_WALK": 33.0, "dagligvaror_BICYCLE": 3.0, "dagligvaror_CAR": 4.0, "dagligvaror_TRANSIT": 7.0, "dagligvaror_TRANSIT50": 10.0, "dagligvaror_WALK": 10.0, "drivmedel_BICYCLE": 5.0, "drivmedel_CAR": 5.0, "drivmedel_TRANSIT": 11.0, "drivmedel_TRANSIT50": 14.0, "drivmedel_WALK": 14.0, "forskola_BICYCLE": 4.0, "forskola_CAR": 2.0, "forskola_TRANSIT": 8.0, "forskola_TRANSIT50": 10.0, "forskola_WALK": 10.0, "grundskola_79_BICYCLE": 4.0, "grundskola_79_CAR": 3.0, "grundskola_79_TRANSIT": 9.0, "grundskola_79_TRANSIT50": 11.0, "grundskola_79_WALK": 11.0, "grundskola_f6_BICYCLE": 4.0, "grundskola_f6_CAR": 2.0, "grundskola_f6_TRANSIT": 7.0, "grundskola_f6_TRANSIT50": 9.0, "grundskola_f6_WALK": 9.0, "gymnasium_BICYCLE": 10.0, "gymnasium_CAR": 7.0, "gymnasium_TRANSIT": 19.0, "gymnasium_TRANSIT50": 25.0, "gymnasium_WALK": 31.0, "hallplats_BICYCLE": 1.0, "hallplats_CAR": 1.0, "hallplats_TRANSIT": 3.0, "hallplats_TRANSIT50": 3.0, "hallplats_WALK": 3.0, "narakut_BICYCLE": null, "narakut_CAR": 46.0, "narakut_TRANSIT": null, "narakut_TRANSIT50": null, "narakut_WALK": null, "tandvard_BICYCLE": 6.0, "tandvard_CAR": 6.0, "tandvard_TRANSIT": 13.0, "tandvard_TRANSIT50": 18.0, "tandvard_WALK": 18.0, "vardcentral_BICYCLE": 11.0, "vardcentral_CAR": 7.0, "vardcentral_TRANSIT": 14.0, "vardcentral_TRANSIT50": 23.0, "vardcentral_WALK": 32.0, "v15_BICYCLE": 6.0, "v15_WALK": 3.0, "namn": "Halmstad (Frennarp-Kärleken-Galgberget östra)" }, "geometry": { "type": "Polygon", "coordinates": [ [ [ 12.89473, 56.67988 ], [ 12.89831, 56.67384 ], [ 12.88219, 56.6734 ], [ 12.88015, 56.67679 ], [ 12.87389, 56.67907 ], [ 12.88218, 56.68247 ], [ 12.87897, 56.68466 ], [ 12.88277, 56.68637 ], [ 12.88043, 56.68733 ], [ 12.87536, 56.68578 ], [ 12.87564, 56.68654 ], [ 12.87239, 56.68701 ], [ 12.87289, 56.68877 ], [ 12.87006, 56.68418 ], [ 12.86278, 56.67958 ], [ 12.86002, 56.6796 ], [ 12.85721, 56.68113 ], [ 12.86319, 56.68612 ], [ 12.86341, 56.68913 ], [ 12.86146, 56.6879 ], [ 12.84962, 56.68694 ], [ 12.84262, 56.68843 ], [ 12.84329, 56.69018 ], [ 12.84457, 56.68997 ], [ 12.84697, 56.69186 ], [ 12.845, 56.69318 ], [ 12.8458, 56.69692 ], [ 12.84252, 56.70168 ], [ 12.84774, 56.70992 ], [ 12.85353, 56.71185 ], [ 12.85207, 56.71704 ], [ 12.85757, 56.72088 ], [ 12.86405, 56.72156 ], [ 12.86948, 56.72109 ], [ 12.87571, 56.71834 ], [ 12.87754, 56.71578 ], [ 12.87734, 56.70918 ], [ 12.88265, 56.7076 ], [ 12.88544, 56.70521 ], [ 12.88442, 56.6998 ], [ 12.89349, 56.69898 ], [ 12.89874, 56.6972 ], [ 12.90459, 56.69891 ], [ 12.9096, 56.69913 ], [ 12.91614, 56.69683 ], [ 12.91359, 56.69582 ], [ 12.90928, 56.69599 ], [ 12.90609, 56.69396 ], [ 12.90037, 56.69303 ], [ 12.89645, 56.6903 ], [ 12.89344, 56.69004 ], [ 12.89473, 56.67988 ] ], [ [ 12.89298, 56.6901 ], [ 12.89276, 56.69028 ], [ 12.8929, 56.69011 ], [ 12.89298, 56.6901 ] ], [ [ 12.87187, 56.69081 ], [ 12.87196, 56.69063 ], [ 12.87199, 56.69098 ], [ 12.87187, 56.69081 ] ], [ [ 12.87236, 56.69152 ], [ 12.87212, 56.69118 ], [ 12.87337, 56.69207 ], [ 12.87236, 56.69152 ] ], [ [ 12.89252, 56.69352 ], [ 12.89248, 56.69359 ], [ 12.89249, 56.69342 ], [ 12.89252, 56.69352 ] ], [ [ 12.89218, 56.69409 ], [ 12.89176, 56.69423 ], [ 12.89236, 56.69379 ], [ 12.89218, 56.69409 ] ], [ [ 12.89137, 56.69436 ], [ 12.8912, 56.69442 ], [ 12.88899, 56.69426 ], [ 12.89137, 56.69436 ] ], [ [ 12.88546, 56.6949 ], [ 12.88525, 56.6949 ], [ 12.88899, 56.69426 ], [ 12.88546, 56.6949 ] ], [ [ 12.88328, 56.6949 ], [ 12.88293, 56.6948 ], [ 12.88458, 56.6949 ], [ 12.88328, 56.6949 ] ] ] } },
{ "type": "Feature", "properties": { "regsokod": "1380R009", "regso": "Halmstad (Frösakull-Tylösand-Villshärad)", "kn": "1380", "kommun": "Halmstad", "pop": 4088.0, "akutsjukhus_BICYCLE": 38.0, "akutsjukhus_CAR": 18.0, "akutsjukhus_TRANSIT": 44.0, "akutsjukhus_TRANSIT50": 53.0, "akutsjukhus_WALK": null, "apotek_BICYCLE": 11.0, "apotek_CAR": 5.0, "apotek_TRANSIT": 16.0, "apotek_TRANSIT50": 25.0, "apotek_WALK": 26.0, "bibliotek_BICYCLE": 14.0, "bibliotek_CAR": 9.0, "bibliotek_TRANSIT": 20.0, "bibliotek_TRANSIT50": 32.0, "bibliotek_WALK": 36.0, "dagligvaror_BICYCLE": 7.0, "dagligvaror_CAR": 4.0, "dagligvaror_TRANSIT": 14.0, "dagligvaror_TRANSIT50": 20.0, "dagligvaror_WALK": 23.0, "drivmedel_BICYCLE": 16.0, "drivmedel_CAR": 8.0, "drivmedel_TRANSIT": 19.0, "drivmedel_TRANSIT50": 30.0, "drivmedel_WALK": 45.0, "forskola_BICYCLE": 17.0, "forskola_CAR": 11.0, "forskola_TRANSIT": 25.0, "forskola_TRANSIT50": 36.0, "forskola_WALK": 47.0, "grundskola_79_BICYCLE": 11.0, "grundskola_79_CAR": 7.0, "grundskola_79_TRANSIT": 17.0, "grundskola_79_TRANSIT50": 27.0, "grundskola_79_WALK": 36.0, "grundskola_f6_BICYCLE": 7.0, "grundskola_f6_CAR": 5.0, "grundskola_f6_TRANSIT": 13.0, "grundskola_f6_TRANSIT50": 19.0, "grundskola_f6_WALK": 22.0, "gymnasium_BICYCLE": 33.0, "gymnasium_CAR": 17.0, "gymnasium_TRANSIT": 32.0, "gymnasium_TRANSIT50": 42.0, "gymnasium_WALK": null, "hallplats_BICYCLE": 2.0, "hallplats_CAR": 1.0, "hallplats_TRANSIT": 6.0, "hallplats_TRANSIT50": 6.0, "hallplats_WALK": 6.0, "narakut_BICYCLE": null, "narakut_CAR": 57.0, "narakut_TRANSIT": null, "narakut_TRANSIT50": null, "narakut_WALK": null, "tandvard_BICYCLE": 20.0, "tandvard_CAR": 11.0, "tandvard_TRANSIT": 25.0, "tandvard_TRANSIT50": 38.0, "tandvard_WALK": 48.0, "vardcentral_BICYCLE": 19.0, "vardcentral_CAR": 11.0, "vardcentral_TRANSIT": 22.0, "vardcentral_TRANSIT50": 33.0, "vardcentral_WALK": 47.0, "v15_BICYCLE": 4.7, "v15_WALK": 1.9, "namn": "Halmstad (Frösakull-Tylösand-Villshärad)" }, "geometry": { "type": "MultiPolygon", "coordinates": [ [ [ [ 12.70896, 56.64593 ], [ 12.70877, 56.64916 ], [ 12.71398, 56.64926 ], [ 12.71355, 56.64565 ], [ 12.7122, 56.64635 ], [ 12.70896, 56.64593 ] ] ], [ [ [ 12.7685, 56.66006 ], [ 12.76883, 56.65738 ], [ 12.76707, 56.65577 ], [ 12.77392, 56.65518 ], [ 12.7788, 56.6505 ], [ 12.77373, 56.64699 ], [ 12.77122, 56.64801 ], [ 12.76839, 56.64554 ], [ 12.76377, 56.64585 ], [ 12.76171, 56.64761 ], [ 12.75585, 56.6475 ], [ 12.75202, 56.646 ], [ 12.74613, 56.64625 ], [ 12.74496, 56.64407 ], [ 12.74235, 56.64402 ], [ 12.74244, 56.64259 ], [ 12.7399, 56.64146 ], [ 12.73266, 56.64241 ], [ 12.73212, 56.6406 ], [ 12.72888, 56.64018 ], [ 12.72675, 56.64302 ], [ 12.72271, 56.6451 ], [ 12.72784, 56.64663 ], [ 12.72906, 56.64809 ], [ 12.73113, 56.65712 ], [ 12.73241, 56.6575 ], [ 12.73045, 56.65747 ], [ 12.728, 56.66569 ], [ 12.71822, 56.67629 ], [ 12.71009, 56.68118 ], [ 12.69895, 56.68169 ], [ 12.68471, 56.67963 ], [ 12.68071, 56.68099 ], [ 12.68123, 56.68316 ], [ 12.6784, 56.6867 ], [ 12.68092, 56.68819 ], [ 12.67935, 56.69247 ], [ 12.68122, 56.69394 ], [ 12.67924, 56.69427 ], [ 12.67917, 56.69534 ], [ 12.68496, 56.69689 ], [ 12.68461, 56.70258 ], [ 12.69446, 56.703 ], [ 12.7003, 56.70584 ], [ 12.7119, 56.70805 ], [ 12.71646, 56.70745 ], [ 12.72697, 56.70083 ], [ 12.72758, 56.69902 ], [ 12.73956, 56.69932 ], [ 12.74116, 56.70303 ], [ 12.74603, 56.70217 ], [ 12.7457, 56.70516 ], [ 12.74315, 56.70722 ], [ 12.75563, 56.7057 ], [ 12.75466, 56.70296 ], [ 12.74786, 56.69628 ], [ 12.74185, 56.69387 ], [ 12.73854, 56.69057 ], [ 12.7433, 56.68656 ], [ 12.74829, 56.68432 ], [ 12.75081, 56.67932 ], [ 12.75583, 56.67752 ], [ 12.75996, 56.67305 ], [ 12.7594, 56.66882 ], [ 12.75661, 56.66615 ], [ 12.75757, 56.66558 ], [ 12.75265, 56.6636 ], [ 12.76189, 56.66024 ], [ 12.7685, 56.66006 ] ], [ [ 12.73808, 56.66926 ], [ 12.73798, 56.66954 ], [ 12.73807, 56.66726 ], [ 12.73808, 56.66926 ] ], [ [ 12.73771, 56.67032 ], [ 12.7371, 56.67084 ], [ 12.73779, 56.6701 ], [ 12.73771, 56.67032 ] ], [ [ 12.73311, 56.67428 ], [ 12.73254, 56.67464 ], [ 12.735, 56.67266 ], [ 12.73311, 56.67428 ] ], [ [ 12.71227, 56.68506 ], [ 12.7149, 56.68443 ], [ 12.71616, 56.68429 ], [ 12.71227, 56.68506 ] ] ] ] } },
{ "type": "Feature", "properties": { "regsokod": "1380R010", "regso": "Halmstad (Furet-Gamletull)", "kn": "1380", "kommun": "Halmstad", "pop": 2952.0, "akutsjukhus_BICYCLE": 7.0, "akutsjukhus_CAR": 6.0, "akutsjukhus_TRANSIT": 20.0, "akutsjukhus_TRANSIT50": 22.0, "akutsjukhus_WALK": 22.0, "apotek_BICYCLE": 4.0, "apotek_CAR": 4.0, "apotek_TRANSIT": 10.0, "apotek_TRANSIT50": 13.0, "apotek_WALK": 13.0, "bibliotek_BICYCLE": 3.0, "bibliotek_CAR": 4.0, "bibliotek_TRANSIT": 7.0, "bibliotek_TRANSIT50": 11.0, "bibliotek_WALK": 11.0, "dagligvaror_BICYCLE": 2.0, "dagligvaror_CAR": 2.0, "dagligvaror_TRANSIT": 5.0, "dagligvaror_TRANSIT50": 6.0, "dagligvaror_WALK": 6.0, "drivmedel_BICYCLE": 5.0, "drivmedel_CAR": 3.0, "drivmedel_TRANSIT": 14.0, "drivmedel_TRANSIT50": 15.0, "drivmedel_WALK": 15.0, "forskola_BICYCLE": 2.0, "forskola_CAR": 3.0, "forskola_TRANSIT": 7.0, "forskola_TRANSIT50": 7.0, "forskola_WALK": 7.0, "grundskola_79_BICYCLE": 3.0, "grundskola_79_CAR": 3.0, "grundskola_79_TRANSIT": 9.0, "grundskola_79_TRANSIT50": 10.0, "grundskola_79_WALK": 10.0, "grundskola_f6_BICYCLE": 3.0, "grundskola_f6_CAR": 2.0, "grundskola_f6_TRANSIT": 8.0, "grundskola_f6_TRANSIT50": 9.0, "grundskola_f6_WALK": 9.0, "gymnasium_BICYCLE": 4.0, "gymnasium_CAR": 4.0, "gymnasium_TRANSIT": 11.0, "gymnasium_TRANSIT50": 13.0, "gymnasium_WALK": 13.0, "hallplats_BICYCLE": 1.0, "hallplats_CAR": 1.0, "hallplats_TRANSIT": 3.0, "hallplats_TRANSIT50": 3.0, "hallplats_WALK": 3.0, "narakut_BICYCLE": null, "narakut_CAR": 43.0, "narakut_TRANSIT": null, "narakut_TRANSIT50": null, "narakut_WALK": null, "tandvard_BICYCLE": 4.0, "tandvard_CAR": 3.0, "tandvard_TRANSIT": 8.0, "tandvard_TRANSIT50": 11.0, "tandvard_WALK": 11.0, "vardcentral_BICYCLE": 4.0, "vardcentral_CAR": 4.0, "vardcentral_TRANSIT": 9.0, "vardcentral_TRANSIT50": 13.0, "vardcentral_WALK": 13.0, "v15_BICYCLE": 6.0, "v15_WALK": 5.0, "namn": "Halmstad (Furet-Gamletull)" }, "geometry": { "type": "Polygon", "coordinates": [ [ [ 12.86838, 56.67596 ], [ 12.86623, 56.67865 ], [ 12.86192, 56.67445 ], [ 12.86025, 56.67466 ], [ 12.86278, 56.67958 ], [ 12.87006, 56.68418 ], [ 12.87239, 56.68701 ], [ 12.87693, 56.6857 ], [ 12.88043, 56.68733 ], [ 12.88277, 56.68637 ], [ 12.87897, 56.68466 ], [ 12.88218, 56.68247 ], [ 12.86838, 56.67596 ] ] ] } },
{ "type": "Feature", "properties": { "regsokod": "1380R011", "regso": "Halmstad (Fyllinge)", "kn": "1380", "kommun": "Halmstad", "pop": 3565.0, "akutsjukhus_BICYCLE": 27.0, "akutsjukhus_CAR": 15.0, "akutsjukhus_TRANSIT": 38.0, "akutsjukhus_TRANSIT50": 42.0, "akutsjukhus_WALK": null, "apotek_BICYCLE": 9.0, "apotek_CAR": 7.0, "apotek_TRANSIT": 16.0, "apotek_TRANSIT50": 23.0, "apotek_WALK": 27.0, "bibliotek_BICYCLE": 3.0, "bibliotek_CAR": 4.0, "bibliotek_TRANSIT": 7.0, "bibliotek_TRANSIT50": 8.0, "bibliotek_WALK": 8.0, "dagligvaror_BICYCLE": 4.0, "dagligvaror_CAR": 4.0, "dagligvaror_TRANSIT": 7.0, "dagligvaror_TRANSIT50": 10.0, "dagligvaror_WALK": 11.0, "drivmedel_BICYCLE": 4.0, "drivmedel_CAR": 3.0, "drivmedel_TRANSIT": 9.0, "drivmedel_TRANSIT50": 11.0, "drivmedel_WALK": 12.0, "forskola_BICYCLE": 2.0, "forskola_CAR": 2.0, "forskola_TRANSIT": 5.0, "forskola_TRANSIT50": 5.0, "forskola_WALK": 5.0, "grundskola_79_BICYCLE": 3.0, "grundskola_79_CAR": 5.0, "grundskola_79_TRANSIT": 7.0, "grundskola_79_TRANSIT50": 8.0, "grundskola_79_WALK": 8.0, "grundskola_f6_BICYCLE": 3.0, "grundskola_f6_CAR": 5.0, "grundskola_f6_TRANSIT": 7.0, "grundskola_f6_TRANSIT50": 8.0, "grundskola_f6_WALK": 8.0, "gymnasium_BICYCLE": 14.0, "gymnasium_CAR": 9.0, "gymnasium_TRANSIT": 17.0, "gymnasium_TRANSIT50": 24.0, "gymnasium_WALK": 43.0, "hallplats_BICYCLE": 1.0, "hallplats_CAR": 3.0, "hallplats_TRANSIT": 3.0, "hallplats_TRANSIT50": 3.0, "hallplats_WALK": 3.0, "narakut_BICYCLE": null, "narakut_CAR": 40.0, "narakut_TRANSIT": null, "narakut_TRANSIT50": null, "narakut_WALK": null, "tandvard_BICYCLE": 15.0, "tandvard_CAR": 9.0, "tandvard_TRANSIT": 17.0, "tandvard_TRANSIT50": 24.0, "tandvard_WALK": 47.0, "vardcentral_BICYCLE": 3.0, "vardcentral_CAR": 3.0, "vardcentral_TRANSIT": 7.0, "vardcentral_TRANSIT50": 8.0, "vardcentral_WALK": 8.0, "v15_BICYCLE": 6.0, "v15_WALK": 4.7, "namn": "Halmstad (Fyllinge)" }, "geometry": { "type": "Polygon", "coordinates": [ [ [ 12.91165, 56.65861 ], [ 12.92294, 56.65787 ], [ 12.92685, 56.65843 ], [ 12.93095, 56.65622 ], [ 12.94424, 56.65656 ], [ 12.95031, 56.65437 ], [ 12.95262, 56.65146 ], [ 12.95146, 56.64728 ], [ 12.95994, 56.64302 ], [ 12.96333, 56.63792 ], [ 12.96169, 56.63483 ], [ 12.95502, 56.6322 ], [ 12.95349, 56.63011 ], [ 12.93584, 56.62682 ], [ 12.92081, 56.63529 ], [ 12.90569, 56.6363 ], [ 12.90475, 56.64056 ], [ 12.90315, 56.64031 ], [ 12.90278, 56.64222 ], [ 12.90489, 56.65412 ], [ 12.9092, 56.65204 ], [ 12.91524, 56.65384 ], [ 12.91533, 56.65601 ], [ 12.91165, 56.65861 ] ] ] } },
{ "type": "Feature", "properties": { "regsokod": "1380R012", "regso": "Halmstad (Getinge tätort)", "kn": "1380", "kommun": "Halmstad", "pop": 2141.0, "akutsjukhus_BICYCLE": null, "akutsjukhus_CAR": 20.0, "akutsjukhus_TRANSIT": 47.0, "akutsjukhus_TRANSIT50": 56.0, "akutsjukhus_WALK": null, "apotek_BICYCLE": 4.0, "apotek_CAR": 3.0, "apotek_TRANSIT": 9.0, "apotek_TRANSIT50": 12.0, "apotek_WALK": 12.0, "bibliotek_BICYCLE": 4.0, "bibliotek_CAR": 3.0, "bibliotek_TRANSIT": 12.0, "bibliotek_TRANSIT50": 12.0, "bibliotek_WALK": 12.0, "dagligvaror_BICYCLE": 4.0, "dagligvaror_CAR": 3.0, "dagligvaror_TRANSIT": 10.0, "dagligvaror_TRANSIT50": 10.0, "dagligvaror_WALK": 10.0, "drivmedel_BICYCLE": 4.0, "drivmedel_CAR": 3.0, "drivmedel_TRANSIT": 11.0, "drivmedel_TRANSIT50": 11.0, "drivmedel_WALK": 11.0, "forskola_BICYCLE": 4.0, "forskola_CAR": 3.0, "forskola_TRANSIT": 11.0, "forskola_TRANSIT50": 11.0, "forskola_WALK": 11.0, "grundskola_79_BICYCLE": 4.0, "grundskola_79_CAR": 3.0, "grundskola_79_TRANSIT": 12.0, "grundskola_79_TRANSIT50": 12.0, "grundskola_79_WALK": 12.0, "grundskola_f6_BICYCLE": 4.0, "grundskola_f6_CAR": 3.0, "grundskola_f6_TRANSIT": 12.0, "grundskola_f6_TRANSIT50": 12.0, "grundskola_f6_WALK": 12.0, "gymnasium_BICYCLE": null, "gymnasium_CAR": 17.0, "gymnasium_TRANSIT": 47.0, "gymnasium_TRANSIT50": 58.0, "gymnasium_WALK": null, "hallplats_BICYCLE": 2.0, "hallplats_CAR": 1.0, "hallplats_TRANSIT": 6.0, "hallplats_TRANSIT50": 6.0, "hallplats_WALK": 6.0, "narakut_BICYCLE": null, "narakut_CAR": 51.0, "narakut_TRANSIT": null, "narakut_TRANSIT50": null, "narakut_WALK": null, "tandvard_BICYCLE": 4.0, "tandvard_CAR": 3.0, "tandvard_TRANSIT": 10.0, "tandvard_TRANSIT50": 11.0, "tandvard_WALK": 11.0, "vardcentral_BICYCLE": 4.0, "vardcentral_CAR": 3.0, "vardcentral_TRANSIT": 9.0, "vardcentral_TRANSIT50": 12.0, "vardcentral_WALK": 12.0, "v15_BICYCLE": 5.9, "v15_WALK": 4.7, "namn": "Halmstad (Getinge tätort)" }, "geometry": { "type": "Polygon", "coordinates": [ [ [ 12.73813, 56.83594 ], [ 12.74686, 56.83536 ], [ 12.75699, 56.83214 ], [ 12.75949, 56.83052 ], [ 12.7612, 56.82665 ], [ 12.76142, 56.8183 ], [ 12.75848, 56.81497 ], [ 12.7529, 56.81331 ], [ 12.74404, 56.80432 ], [ 12.73963, 56.80283 ], [ 12.73242, 56.80233 ], [ 12.72679, 56.80357 ], [ 12.72158, 56.80703 ], [ 12.71616, 56.80899 ], [ 12.7139, 56.81297 ], [ 12.70903, 56.81477 ], [ 12.70367, 56.81862 ], [ 12.7022, 56.82261 ], [ 12.70805, 56.82842 ], [ 12.71137, 56.83011 ], [ 12.72996, 56.8314 ], [ 12.73282, 56.83422 ], [ 12.73813, 56.83594 ] ] ] } },
{ "type": "Feature", "properties": { "regsokod": "1380R013", "regso": "Halmstad (Gullbrandstorp-Haverdal-Steninge)", "kn": "1380", "kommun": "Halmstad", "pop": 4958.0, "akutsjukhus_BICYCLE": 44.0, "akutsjukhus_CAR": 21.0, "akutsjukhus_TRANSIT": 40.0, "akutsjukhus_TRANSIT50": 49.0, "akutsjukhus_WALK": null, "apotek_BICYCLE": 37.0, "apotek_CAR": 13.0, "apotek_TRANSIT": 28.0, "apotek_TRANSIT50": 41.0, "apotek_WALK": null, "bibliotek_BICYCLE": 21.0, "bibliotek_CAR": 9.0, "bibliotek_TRANSIT": 30.0, "bibliotek_TRANSIT50": 43.0, "bibliotek_WALK": 53.0, "dagligvaror_BICYCLE": 8.0, "dagligvaror_CAR": 4.0, "dagligvaror_TRANSIT": 14.0, "dagligvaror_TRANSIT50": 19.0, "dagligvaror_WALK": 16.0, "drivmedel_BICYCLE": 8.0, "drivmedel_CAR": 5.0, "drivmedel_TRANSIT": 15.0, "drivmedel_TRANSIT50": 20.0, "drivmedel_WALK": 17.0, "forskola_BICYCLE": 11.0, "forskola_CAR": 6.0, "forskola_TRANSIT": 15.0, "forskola_TRANSIT50": 23.0, "forskola_WALK": 18.0, "grundskola_79_BICYCLE": 19.0, "grundskola_79_CAR": 8.0, "grundskola_79_TRANSIT": 21.0, "grundskola_79_TRANSIT50": 30.0, "grundskola_79_WALK": 20.0, "grundskola_f6_BICYCLE": 5.0, "grundskola_f6_CAR": 3.0, "grundskola_f6_TRANSIT": 11.0, "grundskola_f6_TRANSIT50": 15.0, "grundskola_f6_WALK": 15.0, "gymnasium_BICYCLE": 43.0, "gymnasium_CAR": 20.0, "gymnasium_TRANSIT": 36.0, "gymnasium_TRANSIT50": 45.0, "gymnasium_WALK": null, "hallplats_BICYCLE": 2.0, "hallplats_CAR": 2.0, "hallplats_TRANSIT": 6.0, "hallplats_TRANSIT50": 6.0, "hallplats_WALK": 6.0, "narakut_BICYCLE": null, "narakut_CAR": 57.0, "narakut_TRANSIT": null, "narakut_TRANSIT50": null, "narakut_WALK": null, "tandvard_BICYCLE": 40.0, "tandvard_CAR": 15.0, "tandvard_TRANSIT": 32.0, "tandvard_TRANSIT50": 43.0, "tandvard_WALK": null, "vardcentral_BICYCLE": 38.0, "vardcentral_CAR": 14.0, "vardcentral_TRANSIT": 32.0, "vardcentral_TRANSIT50": 44.0, "vardcentral_WALK": null, "v15_BICYCLE": 2.9, "v15_WALK": 2.2, "namn": "Halmstad (Gullbrandstorp-Haverdal-Steninge)" }, "geometry": { "type": "Polygon", "coordinates": [ [ [ 12.72939, 56.71907 ], [ 12.73913, 56.7156 ], [ 12.74643, 56.7158 ], [ 12.75112, 56.71419 ], [ 12.75369, 56.71165 ], [ 12.75563, 56.7057 ], [ 12.74315, 56.70722 ], [ 12.7457, 56.70516 ], [ 12.74603, 56.70217 ], [ 12.74116, 56.70303 ], [ 12.73956, 56.69932 ], [ 12.72758, 56.69902 ], [ 12.72697, 56.70083 ], [ 12.71646, 56.70745 ], [ 12.71252, 56.70802 ], [ 12.70096, 56.706 ], [ 12.69446, 56.703 ], [ 12.68461, 56.70258 ], [ 12.68375, 56.70585 ], [ 12.67879, 56.71223 ], [ 12.6733, 56.71644 ], [ 12.66654, 56.71991 ], [ 12.66391, 56.72022 ], [ 12.66247, 56.72235 ], [ 12.65653, 56.72332 ], [ 12.64689, 56.72062 ], [ 12.64614, 56.72204 ], [ 12.64146, 56.72375 ], [ 12.64256, 56.72701 ], [ 12.64511, 56.72814 ], [ 12.64491, 56.73137 ], [ 12.64281, 56.73348 ], [ 12.63952, 56.73378 ], [ 12.63941, 56.73558 ], [ 12.6327, 56.73833 ], [ 12.63123, 56.74081 ], [ 12.62389, 56.74319 ], [ 12.62506, 56.74537 ], [ 12.62362, 56.7475 ], [ 12.62558, 56.74754 ], [ 12.62553, 56.74825 ], [ 12.62289, 56.74856 ], [ 12.62472, 56.75076 ], [ 12.62271, 56.75144 ], [ 12.62402, 56.75146 ], [ 12.62393, 56.7529 ], [ 12.63087, 56.75698 ], [ 12.62877, 56.7591 ], [ 12.63134, 56.75987 ], [ 12.62929, 56.76127 ], [ 12.631, 56.76525 ], [ 12.6296, 56.76667 ], [ 12.62701, 56.76626 ], [ 12.62494, 56.76801 ], [ 12.61896, 56.76934 ], [ 12.61941, 56.77258 ], [ 12.61472, 56.77429 ], [ 12.61643, 56.77828 ], [ 12.61835, 56.77903 ], [ 12.61747, 56.78009 ], [ 12.62133, 56.78291 ], [ 12.62655, 56.78539 ], [ 12.63163, 56.78468 ], [ 12.6412, 56.79275 ], [ 12.63952, 56.78865 ], [ 12.64321, 56.78526 ], [ 12.64383, 56.77597 ], [ 12.64931, 56.77389 ], [ 12.65432, 56.76773 ], [ 12.65183, 56.76379 ], [ 12.65235, 56.76021 ], [ 12.65062, 56.75772 ], [ 12.65354, 56.75411 ], [ 12.65379, 56.75124 ], [ 12.65184, 56.7488 ], [ 12.64666, 56.74611 ], [ 12.65195, 56.74308 ], [ 12.65883, 56.74434 ], [ 12.6697, 56.74309 ], [ 12.67525, 56.73958 ], [ 12.67721, 56.73503 ], [ 12.68094, 56.73154 ], [ 12.68365, 56.73055 ], [ 12.68979, 56.73196 ], [ 12.69573, 56.73164 ], [ 12.70275, 56.73014 ], [ 12.70842, 56.72761 ], [ 12.71102, 56.72368 ], [ 12.70675, 56.71788 ], [ 12.70825, 56.71354 ], [ 12.71219, 56.71797 ], [ 12.72197, 56.72011 ], [ 12.72939, 56.71907 ] ] ] } },
{ "type": "Feature", "properties": { "regsokod": "1380R014", "regso": "Halmstad (Linehed norra-Gustavsfält)", "kn": "1380", "kommun": "Halmstad", "pop": 5995.0, "akutsjukhus_BICYCLE": 14.0, "akutsjukhus_CAR": 7.0, "akutsjukhus_TRANSIT": 27.0, "akutsjukhus_TRANSIT50": 31.0, "akutsjukhus_WALK": 44.0, "apotek_BICYCLE": 5.0, "apotek_CAR": 3.0, "apotek_TRANSIT": 9.0, "apotek_TRANSIT50": 12.0, "apotek_WALK": 13.0, "bibliotek_BICYCLE": 4.0, "bibliotek_CAR": 2.0, "bibliotek_TRANSIT": 10.0, "bibliotek_TRANSIT50": 11.0, "bibliotek_WALK": 12.0, "dagligvaror_BICYCLE": 2.0, "dagligvaror_CAR": 1.0, "dagligvaror_TRANSIT": 5.0, "dagligvaror_TRANSIT50": 6.0, "dagligvaror_WALK": 6.0, "drivmedel_BICYCLE": 2.0, "drivmedel_CAR": 1.0, "drivmedel_TRANSIT": 6.0, "drivmedel_TRANSIT50": 7.0, "drivmedel_WALK": 7.0, "forskola_BICYCLE": 2.0, "forskola_CAR": 2.0, "forskola_TRANSIT": 5.0, "forskola_TRANSIT50": 5.0, "forskola_WALK": 5.0, "grundskola_79_BICYCLE": 2.0, "grundskola_79_CAR": 1.0, "grundskola_79_TRANSIT": 6.0, "grundskola_79_TRANSIT50": 6.0, "grundskola_79_WALK": 6.0, "grundskola_f6_BICYCLE": 2.0, "grundskola_f6_CAR": 0.0, "grundskola_f6_TRANSIT": 6.0, "grundskola_f6_TRANSIT50": 6.0, "grundskola_f6_WALK": 6.0, "gymnasium_BICYCLE": 4.0, "gymnasium_CAR": 3.0, "gymnasium_TRANSIT": 9.0, "gymnasium_TRANSIT50": 11.0, "gymnasium_WALK": 11.0, "hallplats_BICYCLE": 1.0, "hallplats_CAR": 0.0, "hallplats_TRANSIT": 2.0, "hallplats_TRANSIT50": 2.0, "hallplats_WALK": 2.0, "narakut_BICYCLE": null, "narakut_CAR": 39.0, "narakut_TRANSIT": 59.0, "narakut_TRANSIT50": null, "narakut_WALK": null, "tandvard_BICYCLE": 4.0, "tandvard_CAR": 3.0, "tandvard_TRANSIT": 9.0, "tandvard_TRANSIT50": 11.0, "tandvard_WALK": 11.0, "vardcentral_BICYCLE": 3.0, "vardcentral_CAR": 2.0, "vardcentral_TRANSIT": 9.0, "vardcentral_TRANSIT50": 10.0, "vardcentral_WALK": 10.0, "v15_BICYCLE": 6.0, "v15_WALK": 5.6, "namn": "Halmstad (Linehed norra-Gustavsfält)" }, "geometry": { "type": "Polygon", "coordinates": [ [ [ 12.89168, 56.66612 ], [ 12.88516, 56.6631 ], [ 12.8794, 56.66572 ], [ 12.88414, 56.66848 ], [ 12.88219, 56.6734 ], [ 12.89831, 56.67384 ], [ 12.90396, 56.66709 ], [ 12.9025, 56.66574 ], [ 12.90089, 56.66481 ], [ 12.89932, 56.66567 ], [ 12.89346, 56.66463 ], [ 12.89168, 56.66612 ] ] ] } },
{ "type": "Feature", "properties": { "regsokod": "1380R015", "regso": "Halmstad (Halmstad centrum västra-Galgberget västra)", "kn": "1380", "kommun": "Halmstad", "pop": 3807.0, "akutsjukhus_BICYCLE": 3.0, "akutsjukhus_CAR": 3.0, "akutsjukhus_TRANSIT": 11.0, "akutsjukhus_TRANSIT50": 11.0, "akutsjukhus_WALK": 11.0, "apotek_BICYCLE": 2.0, "apotek_CAR": 1.0, "apotek_TRANSIT": 4.0, "apotek_TRANSIT50": 4.0, "apotek_WALK": 4.0, "bibliotek_BICYCLE": 4.0, "bibliotek_CAR": 5.0, "bibliotek_TRANSIT": 11.0, "bibliotek_TRANSIT50": 11.0, "bibliotek_WALK": 11.0, "dagligvaror_BICYCLE": 1.0, "dagligvaror_CAR": 1.0, "dagligvaror_TRANSIT": 4.0, "dagligvaror_TRANSIT50": 4.0, "dagligvaror_WALK": 4.0, "drivmedel_BICYCLE": 3.0, "drivmedel_CAR": 3.0, "drivmedel_TRANSIT": 7.0, "drivmedel_TRANSIT50": 10.0, "drivmedel_WALK": 10.0, "forskola_BICYCLE": 3.0, "forskola_CAR": 2.0, "forskola_TRANSIT": 7.0, "forskola_TRANSIT50": 7.0, "forskola_WALK": 7.0, "grundskola_79_BICYCLE": 2.0, "grundskola_79_CAR": 1.0, "grundskola_79_TRANSIT": 6.0, "grundskola_79_TRANSIT50": 6.0, "grundskola_79_WALK": 6.0, "grundskola_f6_BICYCLE": 2.0, "grundskola_f6_CAR": 1.0, "grundskola_f6_TRANSIT": 6.0, "grundskola_f6_TRANSIT50": 6.0, "grundskola_f6_WALK": 6.0, "gymnasium_BICYCLE": 4.0, "gymnasium_CAR": 3.0, "gymnasium_TRANSIT": 12.0, "gymnasium_TRANSIT50": 12.0, "gymnasium_WALK": 12.0, "hallplats_BICYCLE": 1.0, "hallplats_CAR": 0.0, "hallplats_TRANSIT": 2.0, "hallplats_TRANSIT50": 2.0, "hallplats_WALK": 2.0, "narakut_BICYCLE": null, "narakut_CAR": 43.0, "narakut_TRANSIT": 58.0, "narakut_TRANSIT50": null, "narakut_WALK": null, "tandvard_BICYCLE": 1.0, "tandvard_CAR": 0.0, "tandvard_TRANSIT": 3.0, "tandvard_TRANSIT50": 3.0, "tandvard_WALK": 3.0, "vardcentral_BICYCLE": 2.0, "vardcentral_CAR": 1.0, "vardcentral_TRANSIT": 5.0, "vardcentral_TRANSIT50": 5.0, "vardcentral_WALK": 5.0, "v15_BICYCLE": 6.0, "v15_WALK": 6.0, "namn": "Halmstad (Halmstad centrum västra-Galgberget västra)" }, "geometry": { "type": "Polygon", "coordinates": [ [ [ 12.85265, 56.67392 ], [ 12.85391, 56.67241 ], [ 12.85135, 56.67278 ], [ 12.8502, 56.67409 ], [ 12.84554, 56.67397 ], [ 12.84975, 56.67634 ], [ 12.8487, 56.67575 ], [ 12.84177, 56.68069 ], [ 12.84256, 56.68843 ], [ 12.84962, 56.68694 ], [ 12.86146, 56.6879 ], [ 12.86341, 56.68913 ], [ 12.86319, 56.68612 ], [ 12.85827, 56.68232 ], [ 12.8577, 56.68029 ], [ 12.8561, 56.67999 ], [ 12.85664, 56.67895 ], [ 12.85429, 56.67851 ], [ 12.85509, 56.67702 ], [ 12.85265, 56.67392 ] ] ] } },
{ "type": "Feature", "properties": { "regsokod": "1380R016", "regso": "Halmstad (Halmstad centrum östra-Nyatorp västra)", "kn": "1380", "kommun": "Halmstad", "pop": 5364.0, "akutsjukhus_BICYCLE": 7.0, "akutsjukhus_CAR": 6.0, "akutsjukhus_TRANSIT": 21.0, "akutsjukhus_TRANSIT50": 22.0, "akutsjukhus_WALK": 23.0, "apotek_BICYCLE": 3.0, "apotek_CAR": 4.0, "apotek_TRANSIT": 8.0, "apotek_TRANSIT50": 9.0, "apotek_WALK": 9.0, "bibliotek_BICYCLE": 2.0, "bibliotek_CAR": 3.0, "bibliotek_TRANSIT": 7.0, "bibliotek_TRANSIT50": 7.0, "bibliotek_WALK": 7.0, "dagligvaror_BICYCLE": 2.0, "dagligvaror_CAR": 1.0, "dagligvaror_TRANSIT": 5.0, "dagligvaror_TRANSIT50": 6.0, "dagligvaror_WALK": 6.0, "drivmedel_BICYCLE": 4.0, "drivmedel_CAR": 3.0, "drivmedel_TRANSIT": 11.0, "drivmedel_TRANSIT50": 13.0, "drivmedel_WALK": 14.0, "forskola_BICYCLE": 5.0, "forskola_CAR": 3.0, "forskola_TRANSIT": 10.0, "forskola_TRANSIT50": 13.0, "forskola_WALK": 13.0, "grundskola_79_BICYCLE": 3.0, "grundskola_79_CAR": 2.0, "grundskola_79_TRANSIT": 7.0, "grundskola_79_TRANSIT50": 7.0, "grundskola_79_WALK": 7.0, "grundskola_f6_BICYCLE": 3.0, "grundskola_f6_CAR": 2.0, "grundskola_f6_TRANSIT": 7.0, "grundskola_f6_TRANSIT50": 7.0, "grundskola_f6_WALK": 7.0, "gymnasium_BICYCLE": 3.0, "gymnasium_CAR": 3.0, "gymnasium_TRANSIT": 8.0, "gymnasium_TRANSIT50": 8.0, "gymnasium_WALK": 8.0, "hallplats_BICYCLE": 1.0, "hallplats_CAR": 1.0, "hallplats_TRANSIT": 3.0, "hallplats_TRANSIT50": 3.0, "hallplats_WALK": 3.0, "narakut_BICYCLE": null, "narakut_CAR": 42.0, "narakut_TRANSIT": 56.0, "narakut_TRANSIT50": null, "narakut_WALK": null, "tandvard_BICYCLE": 2.0, "tandvard_CAR": 2.0, "tandvard_TRANSIT": 6.0, "tandvard_TRANSIT50": 7.0, "tandvard_WALK": 7.0, "vardcentral_BICYCLE": 2.0, "vardcentral_CAR": 3.0, "vardcentral_TRANSIT": 7.0, "vardcentral_TRANSIT50": 7.0, "vardcentral_WALK": 7.0, "v15_BICYCLE": 6.0, "v15_WALK": 6.0, "namn": "Halmstad (Halmstad centrum östra-Nyatorp västra)" }, "geometry": { "type": "Polygon", "coordinates": [ [ [ 12.87417, 56.678 ], [ 12.87279, 56.67709 ], [ 12.87741, 56.67554 ], [ 12.87618, 56.67309 ], [ 12.86737, 56.67095 ], [ 12.85956, 56.67242 ], [ 12.86025, 56.67466 ], [ 12.86192, 56.67445 ], [ 12.86623, 56.67865 ], [ 12.86818, 56.67575 ], [ 12.87269, 56.67847 ], [ 12.87417, 56.678 ] ] ] } },
{ "type": "Feature", "properties": { "regsokod": "1380R017", "regso": "Halmstad (Halmstad centrum-Slottsjord-Kattegatt)", "kn": "1380", "kommun": "Halmstad", "pop": 3845.0, "akutsjukhus_BICYCLE": 6.0, "akutsjukhus_CAR": 5.0, "akutsjukhus_TRANSIT": 16.0, "akutsjukhus_TRANSIT50": 18.0, "akutsjukhus_WALK": 19.0, "apotek_BICYCLE": 2.0, "apotek_CAR": 2.0, "apotek_TRANSIT": 8.0, "apotek_TRANSIT50": 8.0, "apotek_WALK": 8.0, "bibliotek_BICYCLE": 4.0, "bibliotek_CAR": 5.0, "bibliotek_TRANSIT": 11.0, "bibliotek_TRANSIT50": 12.0, "bibliotek_WALK": 12.0, "dagligvaror_BICYCLE": 3.0, "dagligvaror_CAR": 2.0, "dagligvaror_TRANSIT": 7.0, "dagligvaror_TRANSIT50": 8.0, "dagligvaror_WALK": 8.0, "drivmedel_BICYCLE": 5.0, "drivmedel_CAR": 4.0, "drivmedel_TRANSIT": 10.0, "drivmedel_TRANSIT50": 14.0, "drivmedel_WALK": 15.0, "forskola_BICYCLE": 4.0, "forskola_CAR": 4.0, "forskola_TRANSIT": 10.0, "forskola_TRANSIT50": 11.0, "forskola_WALK": 11.0, "grundskola_79_BICYCLE": 2.0, "grundskola_79_CAR": 1.0, "grundskola_79_TRANSIT": 7.0, "grundskola_79_TRANSIT50": 8.0, "grundskola_79_WALK": 8.0, "grundskola_f6_BICYCLE": 2.0, "grundskola_f6_CAR": 1.0, "grundskola_f6_TRANSIT": 7.0, "grundskola_f6_TRANSIT50": 7.0, "grundskola_f6_WALK": 7.0, "gymnasium_BICYCLE": 4.0, "gymnasium_CAR": 3.0, "gymnasium_TRANSIT": 10.0, "gymnasium_TRANSIT50": 11.0, "gymnasium_WALK": 11.0, "hallplats_BICYCLE": 0.0, "hallplats_CAR": 0.0, "hallplats_TRANSIT": 2.0, "hallplats_TRANSIT50": 2.0, "hallplats_WALK": 2.0, "narakut_BICYCLE": null, "narakut_CAR": 43.0, "narakut_TRANSIT": 58.0, "narakut_TRANSIT50": null, "narakut_WALK": null, "tandvard_BICYCLE": 3.0, "tandvard_CAR": 2.0, "tandvard_TRANSIT": 6.0, "tandvard_TRANSIT50": 7.0, "tandvard_WALK": 7.0, "vardcentral_BICYCLE": 2.0, "vardcentral_CAR": 2.0, "vardcentral_TRANSIT": 4.0, "vardcentral_TRANSIT50": 5.0, "vardcentral_WALK": 5.0, "v15_BICYCLE": 6.0, "v15_WALK": 5.8, "namn": "Halmstad (Halmstad centrum-Slottsjord-Kattegatt)" }, "geometry": { "type": "MultiPolygon", "coordinates": [ [ [ [ 12.85956, 56.67243 ], [ 12.8576, 56.66377 ], [ 12.8526, 56.65856 ], [ 12.85103, 56.66033 ], [ 12.84785, 56.65883 ], [ 12.84402, 56.66164 ], [ 12.84865, 56.66326 ], [ 12.84997, 56.66471 ], [ 12.84963, 56.66948 ], [ 12.84693, 56.66913 ], [ 12.84664, 56.66998 ], [ 12.84372, 56.67017 ], [ 12.84486, 56.67161 ], [ 12.85956, 56.67243 ] ] ], [ [ [ 12.86278, 56.67958 ], [ 12.85956, 56.67243 ], [ 12.85391, 56.67241 ], [ 12.85265, 56.67392 ], [ 12.85509, 56.67702 ], [ 12.85429, 56.67851 ], [ 12.85664, 56.67895 ], [ 12.8561, 56.67999 ], [ 12.85955, 56.68037 ], [ 12.86002, 56.6796 ], [ 12.86278, 56.67958 ] ] ] ] } },
{ "type": "Feature", "properties": { "regsokod": "1380R018", "regso": "Halmstad (Harplinge-Getinge glesbygd)", "kn": "1380", "kommun": "Halmstad", "pop": 2972.0, "akutsjukhus_BICYCLE": 52.0, "akutsjukhus_CAR": 22.0, "akutsjukhus_TRANSIT": 44.0, "akutsjukhus_TRANSIT50": 55.0, "akutsjukhus_WALK": null, "apotek_BICYCLE": 41.0, "apotek_CAR": 11.0, "apotek_TRANSIT": 34.0, "apotek_TRANSIT50": 46.0, "apotek_WALK": 45.0, "bibliotek_BICYCLE": 11.0, "bibliotek_CAR": 4.0, "bibliotek_TRANSIT": 18.0, "bibliotek_TRANSIT50": 20.0, "bibliotek_WALK": 20.0, "dagligvaror_BICYCLE": 20.0, "dagligvaror_CAR": 8.0, "dagligvaror_TRANSIT": 26.0, "dagligvaror_TRANSIT50": 36.0, "dagligvaror_WALK": 50.0, "drivmedel_BICYCLE": 20.0, "drivmedel_CAR": 8.0, "drivmedel_TRANSIT": 28.0, "drivmedel_TRANSIT50": 38.0, "drivmedel_WALK": 50.0, "forskola_BICYCLE": 9.0, "forskola_CAR": 4.0, "forskola_TRANSIT": 19.0, "forskola_TRANSIT50": 21.0, "forskola_WALK": 21.0, "grundskola_79_BICYCLE": 24.0, "grundskola_79_CAR": 10.0, "grundskola_79_TRANSIT": 29.0, "grundskola_79_TRANSIT50": 39.0, "grundskola_79_WALK": 47.0, "grundskola_f6_BICYCLE": 9.0, "grundskola_f6_CAR": 4.0, "grundskola_f6_TRANSIT": 17.0, "grundskola_f6_TRANSIT50": 18.0, "grundskola_f6_WALK": 19.0, "gymnasium_BICYCLE": 51.0, "gymnasium_CAR": 19.0, "gymnasium_TRANSIT": 39.0, "gymnasium_TRANSIT50": 51.0, "gymnasium_WALK": null, "hallplats_BICYCLE": 7.0, "hallplats_CAR": 2.0, "hallplats_TRANSIT": 16.0, "hallplats_TRANSIT50": 16.0, "hallplats_WALK": 16.0, "narakut_BICYCLE": null, "narakut_CAR": 53.0, "narakut_TRANSIT": null, "narakut_TRANSIT50": null, "narakut_WALK": null, "tandvard_BICYCLE": 41.0, "tandvard_CAR": 12.0, "tandvard_TRANSIT": 37.0, "tandvard_TRANSIT50": 48.0, "tandvard_WALK": 45.0, "vardcentral_BICYCLE": 41.0, "vardcentral_CAR": 11.0, "vardcentral_TRANSIT": 38.0, "vardcentral_TRANSIT50": 49.0, "vardcentral_WALK": 46.0, "v15_BICYCLE": 2.6, "v15_WALK": 1.7, "namn": "Halmstad (Harplinge-Getinge glesbygd)" }, "geometry": { "type": "Polygon", "coordinates": [ [ [ 12.80693, 56.85543 ], [ 12.81319, 56.85287 ], [ 12.81894, 56.8528 ], [ 12.83178, 56.85389 ], [ 12.84165, 56.85579 ], [ 12.83587, 56.84661 ], [ 12.83592, 56.84252 ], [ 12.83336, 56.8375 ], [ 12.83695, 56.83495 ], [ 12.83481, 56.83057 ], [ 12.82672, 56.82321 ], [ 12.81961, 56.81867 ], [ 12.81331, 56.81756 ], [ 12.81086, 56.81308 ], [ 12.80759, 56.81058 ], [ 12.8051, 56.80459 ], [ 12.80268, 56.80483 ], [ 12.79115, 56.79349 ], [ 12.78591, 56.79205 ], [ 12.78879, 56.78987 ], [ 12.78159, 56.78187 ], [ 12.78384, 56.78152 ], [ 12.78844, 56.78247 ], [ 12.78936, 56.78136 ], [ 12.78404, 56.77603 ], [ 12.78067, 56.77704 ], [ 12.77551, 56.77687 ], [ 12.76925, 56.77542 ], [ 12.76114, 56.77589 ], [ 12.76013, 56.77446 ], [ 12.75381, 56.77459 ], [ 12.74303, 56.77135 ], [ 12.73806, 56.77508 ], [ 12.73174, 56.7773 ], [ 12.72583, 56.77602 ], [ 12.72451, 56.77401 ], [ 12.73978, 56.77134 ], [ 12.74152, 56.76973 ], [ 12.75469, 56.77096 ], [ 12.75731, 56.7728 ], [ 12.75964, 56.77248 ], [ 12.76819, 56.76648 ], [ 12.76748, 56.76536 ], [ 12.77774, 56.75841 ], [ 12.7784, 56.7561 ], [ 12.78839, 56.74848 ], [ 12.79122, 56.74357 ], [ 12.78847, 56.73477 ], [ 12.78194, 56.73317 ], [ 12.7692, 56.7233 ], [ 12.75083, 56.71435 ], [ 12.74505, 56.71598 ], [ 12.73913, 56.7156 ], [ 12.72943, 56.71906 ], [ 12.72197, 56.72011 ], [ 12.71219, 56.71797 ], [ 12.70825, 56.71354 ], [ 12.70675, 56.71788 ], [ 12.71102, 56.72368 ], [ 12.70756, 56.72811 ], [ 12.70165, 56.73046 ], [ 12.69325, 56.73192 ], [ 12.68839, 56.7318 ], [ 12.68365, 56.73055 ], [ 12.67768, 56.73457 ], [ 12.67638, 56.73852 ], [ 12.67075, 56.74268 ], [ 12.65883, 56.74434 ], [ 12.65195, 56.74308 ], [ 12.64666, 56.74611 ], [ 12.65184, 56.7488 ], [ 12.65379, 56.75124 ], [ 12.65354, 56.75411 ], [ 12.65062, 56.75772 ], [ 12.65423, 56.76847 ], [ 12.64931, 56.77389 ], [ 12.64383, 56.77597 ], [ 12.64321, 56.78526 ], [ 12.63952, 56.78865 ], [ 12.64311, 56.79447 ], [ 12.63694, 56.79467 ], [ 12.63608, 56.7985 ], [ 12.63176, 56.79782 ], [ 12.62986, 56.80311 ], [ 12.64204, 56.80243 ], [ 12.64542, 56.80557 ], [ 12.64865, 56.80639 ], [ 12.65197, 56.80461 ], [ 12.64985, 56.80301 ], [ 12.65242, 56.80081 ], [ 12.65978, 56.81102 ], [ 12.66592, 56.81471 ], [ 12.67525, 56.8153 ], [ 12.68005, 56.81392 ], [ 12.68002, 56.81306 ], [ 12.6825, 56.81349 ], [ 12.68098, 56.81563 ], [ 12.68607, 56.81949 ], [ 12.68427, 56.82066 ], [ 12.69439, 56.82447 ], [ 12.69504, 56.82699 ], [ 12.70334, 56.82938 ], [ 12.71187, 56.83385 ], [ 12.71518, 56.8321 ], [ 12.71873, 56.8318 ], [ 12.72025, 56.83401 ], [ 12.71685, 56.83761 ], [ 12.72051, 56.83756 ], [ 12.72258, 56.83979 ], [ 12.72687, 56.84129 ], [ 12.72621, 56.84314 ], [ 12.7305, 56.84456 ], [ 12.73095, 56.84669 ], [ 12.73603, 56.84459 ], [ 12.73833, 56.84457 ], [ 12.73916, 56.84538 ], [ 12.74007, 56.84357 ], [ 12.74116, 56.84375 ], [ 12.74029, 56.84505 ], [ 12.74356, 56.84505 ], [ 12.74421, 56.84787 ], [ 12.74233, 56.85083 ], [ 12.74323, 56.85155 ], [ 12.74447, 56.85094 ], [ 12.74653, 56.85152 ], [ 12.74649, 56.85272 ], [ 12.74942, 56.85356 ], [ 12.74757, 56.85395 ], [ 12.75041, 56.85459 ], [ 12.74972, 56.85556 ], [ 12.75305, 56.85814 ], [ 12.75813, 56.86025 ], [ 12.77095, 56.85569 ], [ 12.77189, 56.85654 ], [ 12.77452, 56.85531 ], [ 12.77656, 56.85589 ], [ 12.80693, 56.85543 ] ], [ [ 12.6974, 56.74743 ], [ 12.69817, 56.74602 ], [ 12.69739, 56.74751 ], [ 12.6974, 56.74743 ] ], [ [ 12.69723, 56.74867 ], [ 12.69737, 56.74764 ], [ 12.69727, 56.74892 ], [ 12.69723, 56.74867 ] ], [ [ 12.6975, 56.75027 ], [ 12.69742, 56.74977 ], [ 12.69761, 56.75043 ], [ 12.6975, 56.75027 ] ], [ [ 12.69839, 56.75161 ], [ 12.69822, 56.75136 ], [ 12.69846, 56.75167 ], [ 12.69839, 56.75161 ] ], [ [ 12.69967, 56.75278 ], [ 12.69923, 56.75238 ], [ 12.69988, 56.75289 ], [ 12.69967, 56.75278 ] ], [ [ 12.70322, 56.75437 ], [ 12.70177, 56.75387 ], [ 12.70353, 56.75443 ], [ 12.70322, 56.75437 ] ], [ [ 12.70959, 56.75487 ], [ 12.70847, 56.75492 ], [ 12.71208, 56.75444 ], [ 12.70959, 56.75487 ] ], [ [ 12.70762, 56.75496 ], [ 12.70567, 56.75483 ], [ 12.70805, 56.75494 ], [ 12.70762, 56.75496 ] ], [ [ 12.75375, 56.74324 ], [ 12.75445, 56.74466 ], [ 12.7536, 56.7431 ], [ 12.75375, 56.74324 ] ], [ [ 12.74754, 56.75566 ], [ 12.74682, 56.75587 ], [ 12.74776, 56.75553 ], [ 12.74754, 56.75566 ] ], [ [ 12.73703, 56.75649 ], [ 12.73397, 56.75546 ], [ 12.73738, 56.75654 ], [ 12.73703, 56.75649 ] ], [ [ 12.74408, 56.75667 ], [ 12.74285, 56.75675 ], [ 12.74463, 56.75651 ], [ 12.74408, 56.75667 ] ], [ [ 12.74088, 56.75687 ], [ 12.74019, 56.75691 ], [ 12.7384, 56.75667 ], [ 12.74088, 56.75687 ] ], [ [ 12.74202, 56.83612 ], [ 12.73678, 56.83569 ], [ 12.73328, 56.83445 ], [ 12.72996, 56.8314 ], [ 12.72303, 56.83041 ], [ 12.71511, 56.83083 ], [ 12.71084, 56.82993 ], [ 12.70268, 56.82363 ], [ 12.70367, 56.81862 ], [ 12.70903, 56.81477 ], [ 12.7139, 56.81297 ], [ 12.71616, 56.80899 ], [ 12.72911, 56.80284 ], [ 12.73509, 56.80231 ], [ 12.74404, 56.80432 ], [ 12.7529, 56.81331 ], [ 12.75848, 56.81497 ], [ 12.76099, 56.81725 ], [ 12.76028, 56.82953 ], [ 12.75637, 56.8324 ], [ 12.74202, 56.83612 ] ] ] } },
{ "type": "Feature", "properties": { "regsokod": "1380R019", "regso": "Halmstad (Kvibille-Holm-Vapnö)", "kn": "1380", "kommun": "Halmstad", "pop": 3089.0, "akutsjukhus_BICYCLE": 37.0, "akutsjukhus_CAR": 14.0, "akutsjukhus_TRANSIT": 35.0, "akutsjukhus_TRANSIT50": 43.0, "akutsjukhus_WALK": 57.0, "apotek_BICYCLE": 29.0, "apotek_CAR": 10.0, "apotek_TRANSIT": 25.0, "apotek_TRANSIT50": 38.0, "apotek_WALK": 49.0, "bibliotek_BICYCLE": 29.0, "bibliotek_CAR": 11.0, "bibliotek_TRANSIT": 28.0, "bibliotek_TRANSIT50": 40.0, "bibliotek_WALK": 48.0, "dagligvaror_BICYCLE": 13.0, "dagligvaror_CAR": 5.0, "dagligvaror_TRANSIT": 18.0, "dagligvaror_TRANSIT50": 24.0, "dagligvaror_WALK": 30.0, "drivmedel_BICYCLE": 14.0, "drivmedel_CAR": 5.0, "drivmedel_TRANSIT": 18.0, "drivmedel_TRANSIT50": 24.0, "drivmedel_WALK": 30.0, "forskola_BICYCLE": 18.0, "forskola_CAR": 6.0, "forskola_TRANSIT": 21.0, "forskola_TRANSIT50": 26.0, "forskola_WALK": 26.0, "grundskola_79_BICYCLE": 23.0, "grundskola_79_CAR": 9.0, "grundskola_79_TRANSIT": 22.0, "grundskola_79_TRANSIT50": 32.0, "grundskola_79_WALK": 44.0, "grundskola_f6_BICYCLE": 11.0, "grundskola_f6_CAR": 5.0, "grundskola_f6_TRANSIT": 18.0, "grundskola_f6_TRANSIT50": 24.0, "grundskola_f6_WALK": 30.0, "gymnasium_BICYCLE": 34.0, "gymnasium_CAR": 13.0, "gymnasium_TRANSIT": 35.0, "gymnasium_TRANSIT50": 44.0, "gymnasium_WALK": 52.0, "hallplats_BICYCLE": 4.0, "hallplats_CAR": 2.0, "hallplats_TRANSIT": 11.0, "hallplats_TRANSIT50": 11.0, "hallplats_WALK": 11.0, "narakut_BICYCLE": null, "narakut_CAR": 48.0, "narakut_TRANSIT": null, "narakut_TRANSIT50": null, "narakut_WALK": null, "tandvard_BICYCLE": 26.0, "tandvard_CAR": 10.0, "tandvard_TRANSIT": 26.0, "tandvard_TRANSIT50": 38.0, "tandvard_WALK": 47.0, "vardcentral_BICYCLE": 30.0, "vardcentral_CAR": 11.0, "vardcentral_TRANSIT": 24.0, "vardcentral_TRANSIT50": 38.0, "vardcentral_WALK": 46.0, "v15_BICYCLE": 2.4, "v15_WALK": 1.4, "namn": "Halmstad (Kvibille-Holm-Vapnö)" }, "geometry": { "type": "Polygon", "coordinates": [ [ [ 12.92339, 56.815 ], [ 12.93052, 56.81448 ], [ 12.93526, 56.81139 ], [ 12.94265, 56.80862 ], [ 12.94228, 56.80569 ], [ 12.94398, 56.80336 ], [ 12.94328, 56.79861 ], [ 12.94552, 56.79543 ], [ 12.95182, 56.79225 ], [ 12.96246, 56.79189 ], [ 12.96852, 56.78434 ], [ 12.96726, 56.78184 ], [ 12.96809, 56.77696 ], [ 12.96421, 56.77228 ], [ 12.96601, 56.76774 ], [ 12.96195, 56.76182 ], [ 12.95393, 56.76122 ], [ 12.94714, 56.75711 ], [ 12.94002, 56.75913 ], [ 12.9328, 56.75818 ], [ 12.92916, 56.75593 ], [ 12.92792, 56.75325 ], [ 12.92322, 56.75088 ], [ 12.92073, 56.74764 ], [ 12.92137, 56.74391 ], [ 12.92972, 56.73788 ], [ 12.93281, 56.73261 ], [ 12.94178, 56.72964 ], [ 12.93709, 56.72624 ], [ 12.93722, 56.72137 ], [ 12.94061, 56.71743 ], [ 12.93757, 56.71091 ], [ 12.93284, 56.70651 ], [ 12.93329, 56.70324 ], [ 12.92955, 56.69977 ], [ 12.92204, 56.69678 ], [ 12.91614, 56.69683 ], [ 12.91259, 56.69855 ], [ 12.90833, 56.6992 ], [ 12.89874, 56.6972 ], [ 12.89349, 56.69898 ], [ 12.88442, 56.6998 ], [ 12.88563, 56.70485 ], [ 12.88265, 56.7076 ], [ 12.87734, 56.70918 ], [ 12.87764, 56.71544 ], [ 12.87539, 56.71864 ], [ 12.86887, 56.72119 ], [ 12.85877, 56.72115 ], [ 12.85489, 56.71983 ], [ 12.85224, 56.7174 ], [ 12.85183, 56.71437 ], [ 12.85353, 56.71185 ], [ 12.84707, 56.70944 ], [ 12.84484, 56.70535 ], [ 12.83699, 56.70288 ], [ 12.83487, 56.6989 ], [ 12.82577, 56.69912 ], [ 12.81557, 56.69549 ], [ 12.81357, 56.69155 ], [ 12.8157, 56.6874 ], [ 12.80216, 56.68973 ], [ 12.79496, 56.68879 ], [ 12.79142, 56.68663 ], [ 12.78442, 56.67823 ], [ 12.78442, 56.67391 ], [ 12.77974, 56.6738 ], [ 12.76725, 56.67136 ], [ 12.76213, 56.66948 ], [ 12.7616, 56.66806 ], [ 12.75909, 56.66784 ], [ 12.76028, 56.67199 ], [ 12.75833, 56.6755 ], [ 12.7549, 56.67805 ], [ 12.75081, 56.67932 ], [ 12.74861, 56.68403 ], [ 12.7433, 56.68656 ], [ 12.73854, 56.69057 ], [ 12.74185, 56.69387 ], [ 12.74748, 56.69598 ], [ 12.75531, 56.70395 ], [ 12.75369, 56.71165 ], [ 12.75083, 56.71435 ], [ 12.7692, 56.7233 ], [ 12.78194, 56.73317 ], [ 12.78847, 56.73477 ], [ 12.79122, 56.74357 ], [ 12.78839, 56.74848 ], [ 12.7784, 56.7561 ], [ 12.77774, 56.75841 ], [ 12.76748, 56.76536 ], [ 12.76819, 56.76648 ], [ 12.75964, 56.77248 ], [ 12.75731, 56.7728 ], [ 12.75469, 56.77096 ], [ 12.74152, 56.76973 ], [ 12.73978, 56.77134 ], [ 12.72451, 56.77401 ], [ 12.72583, 56.77602 ], [ 12.73174, 56.7773 ], [ 12.73806, 56.77508 ], [ 12.74303, 56.77135 ], [ 12.75381, 56.77459 ], [ 12.76013, 56.77446 ], [ 12.76114, 56.77589 ], [ 12.76925, 56.77542 ], [ 12.77551, 56.77687 ], [ 12.78067, 56.77704 ], [ 12.78404, 56.77603 ], [ 12.78936, 56.78136 ], [ 12.78844, 56.78247 ], [ 12.78384, 56.78152 ], [ 12.78159, 56.78187 ], [ 12.78879, 56.78987 ], [ 12.78591, 56.79205 ], [ 12.79115, 56.79349 ], [ 12.80268, 56.80483 ], [ 12.8051, 56.80459 ], [ 12.80759, 56.81058 ], [ 12.81086, 56.81308 ], [ 12.81331, 56.81756 ], [ 12.81961, 56.81867 ], [ 12.82517, 56.8227 ], [ 12.84015, 56.8211 ], [ 12.83717, 56.81951 ], [ 12.85843, 56.81372 ], [ 12.85631, 56.8114 ], [ 12.8582, 56.80926 ], [ 12.85273, 56.802 ], [ 12.85468, 56.79703 ], [ 12.87533, 56.79665 ], [ 12.88731, 56.79064 ], [ 12.89716, 56.79562 ], [ 12.89301, 56.79825 ], [ 12.90971, 56.80858 ], [ 12.91285, 56.81658 ], [ 12.91644, 56.81862 ], [ 12.92118, 56.81259 ], [ 12.92339, 56.815 ] ] ] } },
{ "type": "Feature", "properties": { "regsokod": "1380R020", "regso": "Halmstad (Linehed södra-Östra Stranden)", "kn": "1380", "kommun": "Halmstad", "pop": 1632.0, "akutsjukhus_BICYCLE": 17.0, "akutsjukhus_CAR": 10.0, "akutsjukhus_TRANSIT": 29.0, "akutsjukhus_TRANSIT50": 36.0, "akutsjukhus_WALK": 50.0, "apotek_BICYCLE": 6.0, "apotek_CAR": 5.0, "apotek_TRANSIT": 10.0, "apotek_TRANSIT50": 17.0, "apotek_WALK": 18.0, "bibliotek_BICYCLE": 3.0, "bibliotek_CAR": 2.0, "bibliotek_TRANSIT": 7.0, "bibliotek_TRANSIT50": 9.0, "bibliotek_WALK": 9.0, "dagligvaror_BICYCLE": 3.0, "dagligvaror_CAR": 3.0, "dagligvaror_TRANSIT": 8.0, "dagligvaror_TRANSIT50": 10.0, "dagligvaror_WALK": 10.0, "drivmedel_BICYCLE": 2.0, "drivmedel_CAR": 2.0, "drivmedel_TRANSIT": 7.0, "drivmedel_TRANSIT50": 8.0, "drivmedel_WALK": 8.0, "forskola_BICYCLE": 3.0, "forskola_CAR": 2.0, "forskola_TRANSIT": 6.0, "forskola_TRANSIT50": 8.0, "forskola_WALK": 8.0, "grundskola_79_BICYCLE": 5.0, "grundskola_79_CAR": 4.0, "grundskola_79_TRANSIT": 13.0, "grundskola_79_TRANSIT50": 16.0, "grundskola_79_WALK": 17.0, "grundskola_f6_BICYCLE": 3.0, "grundskola_f6_CAR": 2.0, "grundskola_f6_TRANSIT": 7.0, "grundskola_f6_TRANSIT50": 9.0, "grundskola_f6_WALK": 9.0, "gymnasium_BICYCLE": 4.0, "gymnasium_CAR": 4.0, "gymnasium_TRANSIT": 10.0, "gymnasium_TRANSIT50": 14.0, "gymnasium_WALK": 14.0, "hallplats_BICYCLE": 1.0, "hallplats_CAR": 1.0, "hallplats_TRANSIT": 3.0, "hallplats_TRANSIT50": 3.0, "hallplats_WALK": 3.0, "narakut_BICYCLE": null, "narakut_CAR": 39.0, "narakut_TRANSIT": null, "narakut_TRANSIT50": null, "narakut_WALK": null, "tandvard_BICYCLE": 6.0, "tandvard_CAR": 4.0, "tandvard_TRANSIT": 12.0, "tandvard_TRANSIT50": 17.0, "tandvard_WALK": 19.0, "vardcentral_BICYCLE": 5.0, "vardcentral_CAR": 4.0, "vardcentral_TRANSIT": 11.0, "vardcentral_TRANSIT50": 14.0, "vardcentral_WALK": 14.0, "v15_BICYCLE": 6.0, "v15_WALK": 4.7, "namn": "Halmstad (Linehed södra-Östra Stranden)" }, "geometry": { "type": "MultiPolygon", "coordinates": [ [ [ [ 12.89377, 56.66253 ], [ 12.89682, 56.66173 ], [ 12.896, 56.6593 ], [ 12.90489, 56.65412 ], [ 12.90269, 56.64464 ], [ 12.90315, 56.64031 ], [ 12.90475, 56.64056 ], [ 12.90569, 56.6363 ], [ 12.90483, 56.6341 ], [ 12.9125, 56.62862 ], [ 12.91171, 56.62356 ], [ 12.9086, 56.62033 ], [ 12.90673, 56.62102 ], [ 12.90102, 56.62991 ], [ 12.88784, 56.64406 ], [ 12.88098, 56.65005 ], [ 12.87897, 56.6511 ], [ 12.87515, 56.65103 ], [ 12.87685, 56.65124 ], [ 12.87268, 56.65497 ], [ 12.87751, 56.65822 ], [ 12.86935, 56.66271 ], [ 12.8794, 56.66572 ], [ 12.88516, 56.6631 ], [ 12.89168, 56.66612 ], [ 12.89488, 56.66468 ], [ 12.89377, 56.66253 ] ] ], [ [ [ 12.85385, 56.64528 ], [ 12.84987, 56.64629 ], [ 12.84525, 56.64728 ], [ 12.85383, 56.64554 ], [ 12.85385, 56.64528 ] ] ], [ [ [ 12.875, 56.65096 ], [ 12.86866, 56.64877 ], [ 12.8542, 56.64564 ], [ 12.875, 56.65096 ] ] ] ] } },
{ "type": "Feature", "properties": { "regsokod": "1380R021", "regso": "Halmstad (Trönninge-Gullbranna-Laxvik)", "kn": "1380", "kommun": "Halmstad", "pop": 2921.0, "akutsjukhus_BICYCLE": 45.0, "akutsjukhus_CAR": 21.0, "akutsjukhus_TRANSIT": 47.0, "akutsjukhus_TRANSIT50": 54.0, "akutsjukhus_WALK": null, "apotek_BICYCLE": 28.0, "apotek_CAR": 13.0, "apotek_TRANSIT": 26.0, "apotek_TRANSIT50": 41.0, "apotek_WALK": 57.0, "bibliotek_BICYCLE": 23.0, "bibliotek_CAR": 11.0, "bibliotek_TRANSIT": 24.0, "bibliotek_TRANSIT50": 38.0, "bibliotek_WALK": 52.0, "dagligvaror_BICYCLE": 15.0, "dagligvaror_CAR": 7.0, "dagligvaror_TRANSIT": 19.0, "dagligvaror_TRANSIT50": 35.0, "dagligvaror_WALK": 46.0, "drivmedel_BICYCLE": 8.0, "drivmedel_CAR": 4.0, "drivmedel_TRANSIT": 15.0, "drivmedel_TRANSIT50": 23.0, "drivmedel_WALK": 23.0, "forskola_BICYCLE": 7.0, "forskola_CAR": 4.0, "forskola_TRANSIT": 10.0, "forskola_TRANSIT50": 18.0, "forskola_WALK": 20.0, "grundskola_79_BICYCLE": 7.0, "grundskola_79_CAR": 4.0, "grundskola_79_TRANSIT": 10.0, "grundskola_79_TRANSIT50": 20.0, "grundskola_79_WALK": 21.0, "grundskola_f6_BICYCLE": 7.0, "grundskola_f6_CAR": 4.0, "grundskola_f6_TRANSIT": 10.0, "grundskola_f6_TRANSIT50": 20.0, "grundskola_f6_WALK": 21.0, "gymnasium_BICYCLE": 33.0, "gymnasium_CAR": 15.0, "gymnasium_TRANSIT": 26.0, "gymnasium_TRANSIT50": 41.0, "gymnasium_WALK": null, "hallplats_BICYCLE": 1.0, "hallplats_CAR": 1.0, "hallplats_TRANSIT": 4.0, "hallplats_TRANSIT50": 4.0, "hallplats_WALK": 4.0, "narakut_BICYCLE": null, "narakut_CAR": 40.0, "narakut_TRANSIT": null, "narakut_TRANSIT50": null, "narakut_WALK": null, "tandvard_BICYCLE": 34.0, "tandvard_CAR": 14.0, "tandvard_TRANSIT": 26.0, "tandvard_TRANSIT50": 41.0, "tandvard_WALK": null, "vardcentral_BICYCLE": 23.0, "vardcentral_CAR": 10.0, "vardcentral_TRANSIT": 26.0, "vardcentral_TRANSIT50": 40.0, "vardcentral_WALK": 51.0, "v15_BICYCLE": 2.6, "v15_WALK": 1.6, "namn": "Halmstad (Trönninge-Gullbranna-Laxvik)" }, "geometry": { "type": "Polygon", "coordinates": [ [ [ 12.90875, 56.6199 ], [ 12.91171, 56.62356 ], [ 12.9125, 56.62862 ], [ 12.90525, 56.63348 ], [ 12.90581, 56.63656 ], [ 12.92081, 56.63529 ], [ 12.93584, 56.62682 ], [ 12.95349, 56.63011 ], [ 12.9508, 56.62855 ], [ 12.95612, 56.62766 ], [ 12.96384, 56.62282 ], [ 12.96629, 56.61881 ], [ 12.96571, 56.61452 ], [ 12.95975, 56.60876 ], [ 12.9517, 56.60681 ], [ 12.94706, 56.60711 ], [ 12.94109, 56.60892 ], [ 12.93649, 56.60756 ], [ 12.93072, 56.60759 ], [ 12.93242, 56.60529 ], [ 12.94007, 56.60347 ], [ 12.94369, 56.60077 ], [ 12.94468, 56.59838 ], [ 12.95406, 56.59629 ], [ 12.96565, 56.58576 ], [ 12.96611, 56.58155 ], [ 12.95698, 56.57575 ], [ 12.95013, 56.57494 ], [ 12.94376, 56.57656 ], [ 12.93963, 56.5797 ], [ 12.93801, 56.58559 ], [ 12.93448, 56.59057 ], [ 12.92988, 56.59121 ], [ 12.92779, 56.59369 ], [ 12.92458, 56.59292 ], [ 12.92172, 56.59754 ], [ 12.92037, 56.59824 ], [ 12.91649, 56.59781 ], [ 12.91574, 56.5996 ], [ 12.91309, 56.60027 ], [ 12.91509, 56.61145 ], [ 12.911, 56.61462 ], [ 12.90644, 56.61454 ], [ 12.9076, 56.61708 ], [ 12.9049, 56.61883 ], [ 12.90612, 56.62029 ], [ 12.90875, 56.6199 ] ] ] } },
{ "type": "Feature", "properties": { "regsokod": "1380R022", "regso": "Halmstad (Nyhem södra)", "kn": "1380", "kommun": "Halmstad", "pop": 1583.0, "akutsjukhus_BICYCLE": 11.0, "akutsjukhus_CAR": 8.0, "akutsjukhus_TRANSIT": 23.0, "akutsjukhus_TRANSIT50": 27.0, "akutsjukhus_WALK": 35.0, "apotek_BICYCLE": 1.0, "apotek_CAR": 2.0, "apotek_TRANSIT": 3.0, "apotek_TRANSIT50": 3.0, "apotek_WALK": 3.0, "bibliotek_BICYCLE": 2.0, "bibliotek_CAR": 4.0, "bibliotek_TRANSIT": 6.0, "bibliotek_TRANSIT50": 6.0, "bibliotek_WALK": 6.0, "dagligvaror_BICYCLE": 1.0, "dagligvaror_CAR": 0.0, "dagligvaror_TRANSIT": 4.0, "dagligvaror_TRANSIT50": 4.0, "dagligvaror_WALK": 4.0, "drivmedel_BICYCLE": 3.0, "drivmedel_CAR": 3.0, "drivmedel_TRANSIT": 6.0, "drivmedel_TRANSIT50": 10.0, "drivmedel_WALK": 11.0, "forskola_BICYCLE": 4.0, "forskola_CAR": 4.0, "forskola_TRANSIT": 8.0, "forskola_TRANSIT50": 12.0, "forskola_WALK": 12.0, "grundskola_79_BICYCLE": 3.0, "grundskola_79_CAR": 2.0, "grundskola_79_TRANSIT": 7.0, "grundskola_79_TRANSIT50": 7.0, "grundskola_79_WALK": 7.0, "grundskola_f6_BICYCLE": 1.0, "grundskola_f6_CAR": 2.0, "grundskola_f6_TRANSIT": 2.0, "grundskola_f6_TRANSIT50": 2.0, "grundskola_f6_WALK": 2.0, "gymnasium_BICYCLE": 2.0, "gymnasium_CAR": 2.0, "gymnasium_TRANSIT": 8.0, "gymnasium_TRANSIT50": 8.0, "gymnasium_WALK": 8.0, "hallplats_BICYCLE": 1.0, "hallplats_CAR": 0.0, "hallplats_TRANSIT": 2.0, "hallplats_TRANSIT50": 2.0, "hallplats_WALK": 2.0, "narakut_BICYCLE": null, "narakut_CAR": 41.0, "narakut_TRANSIT": 58.0, "narakut_TRANSIT50": null, "narakut_WALK": null, "tandvard_BICYCLE": 1.0, "tandvard_CAR": 3.0, "tandvard_TRANSIT": 4.0, "tandvard_TRANSIT50": 4.0, "tandvard_WALK": 4.0, "vardcentral_BICYCLE": 1.0, "vardcentral_CAR": 2.0, "vardcentral_TRANSIT": 4.0, "vardcentral_TRANSIT50": 4.0, "vardcentral_WALK": 4.0, "v15_BICYCLE": 6.0, "v15_WALK": 6.0, "namn": "Halmstad (Nyhem södra)" }, "geometry": { "type": "Polygon", "coordinates": [ [ [ 12.87704, 56.67128 ], [ 12.88323, 56.66827 ], [ 12.8794, 56.66572 ], [ 12.87252, 56.66882 ], [ 12.87704, 56.67128 ] ] ] } },
{ "type": "Feature", "properties": { "regsokod": "1380R023", "regso": "Halmstad (Nyhem norra-Nyatorp östra)", "kn": "1380", "kommun": "Halmstad", "pop": 3470.0, "akutsjukhus_BICYCLE": 11.0, "akutsjukhus_CAR": 7.0, "akutsjukhus_TRANSIT": 24.0, "akutsjukhus_TRANSIT50": 28.0, "akutsjukhus_WALK": 32.0, "apotek_BICYCLE": 2.0, "apotek_CAR": 2.0, "apotek_TRANSIT": 7.0, "apotek_TRANSIT50": 8.0, "apotek_WALK": 8.0, "bibliotek_BICYCLE": 4.0, "bibliotek_CAR": 3.0, "bibliotek_TRANSIT": 11.0, "bibliotek_TRANSIT50": 12.0, "bibliotek_WALK": 12.0, "dagligvaror_BICYCLE": 2.0, "dagligvaror_CAR": 1.0, "dagligvaror_TRANSIT": 6.0, "dagligvaror_TRANSIT50": 6.0, "dagligvaror_WALK": 6.0, "drivmedel_BICYCLE": 3.0, "drivmedel_CAR": 3.0, "drivmedel_TRANSIT": 8.0, "drivmedel_TRANSIT50": 10.0, "drivmedel_WALK": 11.0, "forskola_BICYCLE": 4.0, "forskola_CAR": 4.0, "forskola_TRANSIT": 8.0, "forskola_TRANSIT50": 11.0, "forskola_WALK": 11.0, "grundskola_79_BICYCLE": 3.0, "grundskola_79_CAR": 2.0, "grundskola_79_TRANSIT": 7.0, "grundskola_79_TRANSIT50": 8.0, "grundskola_79_WALK": 8.0, "grundskola_f6_BICYCLE": 2.0, "grundskola_f6_CAR": 2.0, "grundskola_f6_TRANSIT": 5.0, "grundskola_f6_TRANSIT50": 5.0, "grundskola_f6_WALK": 5.0, "gymnasium_BICYCLE": 2.0, "gymnasium_CAR": 2.0, "gymnasium_TRANSIT": 8.0, "gymnasium_TRANSIT50": 9.0, "gymnasium_WALK": 9.0, "hallplats_BICYCLE": 1.0, "hallplats_CAR": 0.0, "hallplats_TRANSIT": 3.0, "hallplats_TRANSIT50": 3.0, "hallplats_WALK": 3.0, "narakut_BICYCLE": null, "narakut_CAR": 40.0, "narakut_TRANSIT": 56.0, "narakut_TRANSIT50": null, "narakut_WALK": null, "tandvard_BICYCLE": 3.0, "tandvard_CAR": 3.0, "tandvard_TRANSIT": 9.0, "tandvard_TRANSIT50": 9.0, "tandvard_WALK": 9.0, "vardcentral_BICYCLE": 3.0, "vardcentral_CAR": 2.0, "vardcentral_TRANSIT": 8.0, "vardcentral_TRANSIT50": 9.0, "vardcentral_WALK": 9.0, "v15_BICYCLE": 6.0, "v15_WALK": 5.9, "namn": "Halmstad (Nyhem norra-Nyatorp östra)" }, "geometry": { "type": "Polygon", "coordinates": [ [ [ 12.87571, 56.67111 ], [ 12.87252, 56.66882 ], [ 12.86737, 56.67095 ], [ 12.87618, 56.67309 ], [ 12.87712, 56.67401 ], [ 12.87615, 56.67434 ], [ 12.87741, 56.67554 ], [ 12.87279, 56.67709 ], [ 12.87389, 56.67907 ], [ 12.88072, 56.67625 ], [ 12.88401, 56.66846 ], [ 12.87571, 56.67111 ] ] ] } },
{ "type": "Feature", "properties": { "regsokod": "1380R024", "regso": "Halmstad (Oskarström tätort)", "kn": "1380", "kommun": "Halmstad", "pop": 4225.0, "akutsjukhus_BICYCLE": null, "akutsjukhus_CAR": 22.0, "akutsjukhus_TRANSIT": 39.0, "akutsjukhus_TRANSIT50": 50.0, "akutsjukhus_WALK": null, "apotek_BICYCLE": 4.0, "apotek_CAR": 2.0, "apotek_TRANSIT": 10.0, "apotek_TRANSIT50": 13.0, "apotek_WALK": 14.0, "bibliotek_BICYCLE": 5.0, "bibliotek_CAR": 4.0, "bibliotek_TRANSIT": 11.0, "bibliotek_TRANSIT50": 15.0, "bibliotek_WALK": 15.0, "dagligvaror_BICYCLE": 3.0, "dagligvaror_CAR": 2.0, "dagligvaror_TRANSIT": 8.0, "dagligvaror_TRANSIT50": 9.0, "dagligvaror_WALK": 9.0, "drivmedel_BICYCLE": 5.0, "drivmedel_CAR": 3.0, "drivmedel_TRANSIT": 11.0, "drivmedel_TRANSIT50": 14.0, "drivmedel_WALK": 14.0, "forskola_BICYCLE": 4.0, "forskola_CAR": 3.0, "forskola_TRANSIT": 10.0, "forskola_TRANSIT50": 12.0, "forskola_WALK": 12.0, "grundskola_79_BICYCLE": 5.0, "grundskola_79_CAR": 4.0, "grundskola_79_TRANSIT": 11.0, "grundskola_79_TRANSIT50": 15.0, "grundskola_79_WALK": 15.0, "grundskola_f6_BICYCLE": 3.0, "grundskola_f6_CAR": 3.0, "grundskola_f6_TRANSIT": 9.0, "grundskola_f6_TRANSIT50": 10.0, "grundskola_f6_WALK": 10.0, "gymnasium_BICYCLE": 59.0, "gymnasium_CAR": 19.0, "gymnasium_TRANSIT": 32.0, "gymnasium_TRANSIT50": 50.0, "gymnasium_WALK": null, "hallplats_BICYCLE": 1.0, "hallplats_CAR": 0.0, "hallplats_TRANSIT": 4.0, "hallplats_TRANSIT50": 4.0, "hallplats_WALK": 4.0, "narakut_BICYCLE": null, "narakut_CAR": 54.0, "narakut_TRANSIT": null, "narakut_TRANSIT50": null, "narakut_WALK": null, "tandvard_BICYCLE": 4.0, "tandvard_CAR": 3.0, "tandvard_TRANSIT": 8.0, "tandvard_TRANSIT50": 13.0, "tandvard_WALK": 14.0, "vardcentral_BICYCLE": 7.0, "vardcentral_CAR": 4.0, "vardcentral_TRANSIT": 14.0, "vardcentral_TRANSIT50": 20.0, "vardcentral_WALK": 20.0, "v15_BICYCLE": 6.0, "v15_WALK": 4.3, "namn": "Halmstad (Oskarström tätort)" }, "geometry": { "type": "Polygon", "coordinates": [ [ [ 12.98014, 56.82682 ], [ 12.9785, 56.82299 ], [ 12.98089, 56.81901 ], [ 12.97983, 56.8141 ], [ 12.98663, 56.81328 ], [ 12.99222, 56.80982 ], [ 13.00272, 56.8087 ], [ 13.00608, 56.80648 ], [ 13.00709, 56.80195 ], [ 13.00208, 56.79436 ], [ 12.99715, 56.79116 ], [ 12.98852, 56.79001 ], [ 12.97606, 56.78449 ], [ 12.96852, 56.78434 ], [ 12.96246, 56.79189 ], [ 12.95124, 56.79237 ], [ 12.94552, 56.79543 ], [ 12.94328, 56.79861 ], [ 12.94398, 56.80336 ], [ 12.9422, 56.80743 ], [ 12.94947, 56.81549 ], [ 12.95652, 56.81771 ], [ 12.95121, 56.82287 ], [ 12.95078, 56.82555 ], [ 12.95227, 56.8283 ], [ 12.95762, 56.8307 ], [ 12.96097, 56.83402 ], [ 12.96811, 56.83535 ], [ 12.97396, 56.83445 ], [ 12.97795, 56.83191 ], [ 12.98014, 56.82682 ] ] ] } },
{ "type": "Feature", "properties": { "regsokod": "1380R025", "regso": "Halmstad (Åled-Sennan-Oskarström glesbygd)", "kn": "1380", "kommun": "Halmstad", "pop": 3614.0, "akutsjukhus_BICYCLE": 44.0, "akutsjukhus_CAR": 21.0, "akutsjukhus_TRANSIT": 34.0, "akutsjukhus_TRANSIT50": 43.0, "akutsjukhus_WALK": null, "apotek_BICYCLE": 28.0, "apotek_CAR": 10.0, "apotek_TRANSIT": 23.0, "apotek_TRANSIT50": 36.0, "apotek_WALK": 43.0, "bibliotek_BICYCLE": 29.0, "bibliotek_CAR": 11.0, "bibliotek_TRANSIT": 24.0, "bibliotek_TRANSIT50": 38.0, "bibliotek_WALK": 43.0, "dagligvaror_BICYCLE": 14.0, "dagligvaror_CAR": 5.0, "dagligvaror_TRANSIT": 14.0, "dagligvaror_TRANSIT50": 19.0, "dagligvaror_WALK": 21.0, "drivmedel_BICYCLE": 29.0, "drivmedel_CAR": 9.0, "drivmedel_TRANSIT": 22.0, "drivmedel_TRANSIT50": 34.0, "drivmedel_WALK": 53.0, "forskola_BICYCLE": 14.0, "forskola_CAR": 6.0, "forskola_TRANSIT": 12.0, "forskola_TRANSIT50": 15.0, "forskola_WALK": 17.0, "grundskola_79_BICYCLE": 29.0, "grundskola_79_CAR": 11.0, "grundskola_79_TRANSIT": 23.0, "grundskola_79_TRANSIT50": 35.0, "grundskola_79_WALK": 43.0, "grundskola_f6_BICYCLE": 14.0, "grundskola_f6_CAR": 6.0, "grundskola_f6_TRANSIT": 17.0, "grundskola_f6_TRANSIT50": 21.0, "grundskola_f6_WALK": 21.0, "gymnasium_BICYCLE": 37.0, "gymnasium_CAR": 18.0, "gymnasium_TRANSIT": 27.0, "gymnasium_TRANSIT50": 45.0, "gymnasium_WALK": null, "hallplats_BICYCLE": 8.0, "hallplats_CAR": 3.0, "hallplats_TRANSIT": 10.0, "hallplats_TRANSIT50": 10.0, "hallplats_WALK": 10.0, "narakut_BICYCLE": null, "narakut_CAR": 50.0, "narakut_TRANSIT": null, "narakut_TRANSIT50": null, "narakut_WALK": null, "tandvard_BICYCLE": 28.0, "tandvard_CAR": 11.0, "tandvard_TRANSIT": 22.0, "tandvard_TRANSIT50": 36.0, "tandvard_WALK": 44.0, "vardcentral_BICYCLE": 31.0, "vardcentral_CAR": 11.0, "vardcentral_TRANSIT": 25.0, "vardcentral_TRANSIT50": 37.0, "vardcentral_WALK": 52.0, "v15_BICYCLE": 2.4, "v15_WALK": 1.2, "namn": "Halmstad (Åled-Sennan-Oskarström glesbygd)" }, "geometry": { "type": "Polygon", "coordinates": [ [ [ 12.98852, 56.79001 ], [ 12.9955, 56.79056 ], [ 13.00177, 56.79403 ], [ 13.00709, 56.80195 ], [ 13.00658, 56.80579 ], [ 13.00162, 56.80908 ], [ 12.99222, 56.80982 ], [ 12.98663, 56.81328 ], [ 12.97983, 56.8141 ], [ 12.98089, 56.81901 ], [ 12.9785, 56.82299 ], [ 12.97998, 56.82753 ], [ 12.97718, 56.83271 ], [ 12.97277, 56.83481 ], [ 12.9655, 56.83524 ], [ 12.96148, 56.83424 ], [ 12.95762, 56.8307 ], [ 12.95194, 56.82798 ], [ 12.95104, 56.82323 ], [ 12.95652, 56.81771 ], [ 12.94907, 56.81523 ], [ 12.94684, 56.81163 ], [ 12.94265, 56.80862 ], [ 12.93526, 56.81139 ], [ 12.93052, 56.81448 ], [ 12.92339, 56.815 ], [ 12.92118, 56.81259 ], [ 12.91644, 56.81862 ], [ 12.91285, 56.81658 ], [ 12.90971, 56.80858 ], [ 12.89301, 56.79825 ], [ 12.89716, 56.79562 ], [ 12.88731, 56.79064 ], [ 12.87533, 56.79665 ], [ 12.85468, 56.79703 ], [ 12.85273, 56.802 ], [ 12.8582, 56.80926 ], [ 12.85631, 56.8114 ], [ 12.85843, 56.81372 ], [ 12.83717, 56.81951 ], [ 12.84015, 56.8211 ], [ 12.82515, 56.8227 ], [ 12.83481, 56.83057 ], [ 12.83695, 56.83495 ], [ 12.83336, 56.8375 ], [ 12.83592, 56.84252 ], [ 12.83587, 56.84661 ], [ 12.84165, 56.85579 ], [ 12.85056, 56.8622 ], [ 12.84523, 56.8633 ], [ 12.84742, 56.86502 ], [ 12.84074, 56.86734 ], [ 12.82341, 56.86568 ], [ 12.81074, 56.86168 ], [ 12.78233, 56.85809 ], [ 12.78213, 56.86037 ], [ 12.80188, 56.86374 ], [ 12.82751, 56.87252 ], [ 12.85095, 56.86945 ], [ 12.85066, 56.87174 ], [ 12.84746, 56.87148 ], [ 12.84922, 56.87249 ], [ 12.84246, 56.87152 ], [ 12.83769, 56.87245 ], [ 12.8489, 56.87595 ], [ 12.85314, 56.87257 ], [ 12.86013, 56.87395 ], [ 12.86225, 56.87639 ], [ 12.86503, 56.87713 ], [ 12.87189, 56.87394 ], [ 12.87356, 56.88063 ], [ 12.87139, 56.88334 ], [ 12.86819, 56.88462 ], [ 12.86632, 56.88852 ], [ 12.86718, 56.89212 ], [ 12.87082, 56.89482 ], [ 12.87324, 56.89465 ], [ 12.87102, 56.90386 ], [ 12.87885, 56.91062 ], [ 12.87944, 56.91427 ], [ 12.88588, 56.91641 ], [ 12.88635, 56.91819 ], [ 12.89062, 56.9205 ], [ 12.89009, 56.92133 ], [ 12.89379, 56.92508 ], [ 12.89267, 56.92743 ], [ 12.89431, 56.92847 ], [ 12.89223, 56.92925 ], [ 12.89192, 56.93205 ], [ 12.89343, 56.9319 ], [ 12.89526, 56.93365 ], [ 12.89512, 56.93579 ], [ 12.89736, 56.93431 ], [ 12.89901, 56.93536 ], [ 12.90035, 56.93481 ], [ 12.89991, 56.93643 ], [ 12.9017, 56.93658 ], [ 12.91191, 56.94334 ], [ 12.92337, 56.94075 ], [ 12.92467, 56.94186 ], [ 12.93007, 56.94251 ], [ 12.93276, 56.94429 ], [ 12.93535, 56.9436 ], [ 12.93658, 56.93806 ], [ 12.93571, 56.93519 ], [ 12.9402, 56.93317 ], [ 12.93864, 56.93352 ], [ 12.94286, 56.92686 ], [ 12.94212, 56.92231 ], [ 12.94866, 56.91975 ], [ 12.95197, 56.92285 ], [ 12.9727, 56.92385 ], [ 12.97582, 56.91826 ], [ 12.98201, 56.91602 ], [ 12.98596, 56.9155 ], [ 12.99001, 56.91618 ], [ 12.99212, 56.91547 ], [ 12.9964, 56.91777 ], [ 13.0029, 56.91549 ], [ 13.00553, 56.91189 ], [ 12.99992, 56.89847 ], [ 13.00667, 56.89839 ], [ 13.00551, 56.89599 ], [ 13.00739, 56.89538 ], [ 13.00409, 56.88791 ], [ 12.9997, 56.88784 ], [ 13.00138, 56.87507 ], [ 12.99879, 56.8727 ], [ 13.00108, 56.86533 ], [ 13.01544, 56.86126 ], [ 13.03252, 56.85375 ], [ 13.03084, 56.85161 ], [ 13.03536, 56.85068 ], [ 13.03595, 56.84976 ], [ 13.03357, 56.84586 ], [ 13.03453, 56.84351 ], [ 13.0395, 56.84286 ], [ 13.04314, 56.84109 ], [ 13.0485, 56.84248 ], [ 13.05373, 56.84168 ], [ 13.06743, 56.84419 ], [ 13.07436, 56.85098 ], [ 13.07613, 56.85813 ], [ 13.08765, 56.86588 ], [ 13.09607, 56.86797 ], [ 13.10364, 56.86484 ], [ 13.1127, 56.86769 ], [ 13.11634, 56.86792 ], [ 13.11475, 56.87012 ], [ 13.11805, 56.87378 ], [ 13.11694, 56.87773 ], [ 13.11736, 56.87893 ], [ 13.12064, 56.88031 ], [ 13.11814, 56.88439 ], [ 13.12134, 56.88765 ], [ 13.13063, 56.89133 ], [ 13.13716, 56.89213 ], [ 13.1464, 56.88885 ], [ 13.15089, 56.88842 ], [ 13.15036, 56.88647 ], [ 13.15409, 56.88277 ], [ 13.15587, 56.8835 ], [ 13.16391, 56.88307 ], [ 13.17198, 56.88083 ], [ 13.17681, 56.87778 ], [ 13.17523, 56.87598 ], [ 13.17873, 56.87439 ], [ 13.15608, 56.83982 ], [ 13.16306, 56.8272 ], [ 13.18073, 56.82605 ], [ 13.18509, 56.82449 ], [ 13.18142, 56.81888 ], [ 13.17089, 56.81749 ], [ 13.1606, 56.81395 ], [ 13.15681, 56.81431 ], [ 13.14797, 56.8103 ], [ 13.15856, 56.79881 ], [ 13.15075, 56.79139 ], [ 13.13983, 56.7842 ], [ 13.13691, 56.78443 ], [ 13.13198, 56.78901 ], [ 13.12097, 56.79282 ], [ 13.11551, 56.79362 ], [ 13.11265, 56.79283 ], [ 13.09418, 56.78134 ], [ 13.06869, 56.7862 ], [ 13.04322, 56.78209 ], [ 13.04021, 56.78562 ], [ 13.0375, 56.78552 ], [ 13.03478, 56.78656 ], [ 13.03317, 56.78947 ], [ 13.03387, 56.79486 ], [ 13.03102, 56.79801 ], [ 13.02672, 56.79988 ], [ 13.01437, 56.7977 ], [ 13.01261, 56.79277 ], [ 13.0061, 56.78875 ], [ 13.00773, 56.78643 ], [ 13.00547, 56.78448 ], [ 12.99998, 56.78237 ], [ 12.99937, 56.78357 ], [ 12.99895, 56.77542 ], [ 12.99636, 56.77258 ], [ 12.99498, 56.76805 ], [ 12.98936, 56.76546 ], [ 12.98807, 56.76271 ], [ 12.98177, 56.75742 ], [ 12.97755, 56.75577 ], [ 12.97269, 56.75544 ], [ 12.96948, 56.75167 ], [ 12.97383, 56.74951 ], [ 12.97549, 56.74613 ], [ 12.97894, 56.74364 ], [ 12.97954, 56.74028 ], [ 12.9776, 56.73787 ], [ 12.97276, 56.73584 ], [ 12.95699, 56.73448 ], [ 12.9543, 56.73144 ], [ 12.94985, 56.7297 ], [ 12.94332, 56.72945 ], [ 12.93676, 56.73073 ], [ 12.93247, 56.7329 ], [ 12.92972, 56.73788 ], [ 12.92107, 56.74432 ], [ 12.92057, 56.74721 ], [ 12.92291, 56.75058 ], [ 12.92792, 56.75325 ], [ 12.93038, 56.75696 ], [ 12.93404, 56.75857 ], [ 12.94064, 56.75908 ], [ 12.94714, 56.75711 ], [ 12.95393, 56.76122 ], [ 12.96195, 56.76182 ], [ 12.96601, 56.76774 ], [ 12.96421, 56.77228 ], [ 12.96809, 56.77696 ], [ 12.96726, 56.78181 ], [ 12.96842, 56.78424 ], [ 12.9764, 56.78458 ], [ 12.98852, 56.79001 ] ], [ [ 12.99843, 56.78457 ], [ 12.9982, 56.78473 ], [ 12.99937, 56.78357 ], [ 12.99843, 56.78457 ] ], [ [ 12.99717, 56.78545 ], [ 12.9969, 56.78558 ], [ 12.99764, 56.78512 ], [ 12.99717, 56.78545 ] ], [ [ 12.99557, 56.78621 ], [ 12.99473, 56.78648 ], [ 12.99629, 56.78587 ], [ 12.99557, 56.78621 ] ], [ [ 12.99285, 56.78693 ], [ 12.99411, 56.78667 ], [ 12.9938, 56.78677 ], [ 12.99285, 56.78693 ] ], [ [ 12.99125, 56.78721 ], [ 12.98921, 56.78731 ], [ 12.99153, 56.78716 ], [ 12.99125, 56.78721 ] ], [ [ 12.98819, 56.78874 ], [ 12.98846, 56.78977 ], [ 12.98707, 56.78718 ], [ 12.98819, 56.78874 ] ] ] } },
{ "type": "Feature", "properties": { "regsokod": "1380R026", "regso": "Halmstad (Bäckagård norra-Bäckagård södra)", "kn": "1380", "kommun": "Halmstad", "pop": 5070.0, "akutsjukhus_BICYCLE": 22.0, "akutsjukhus_CAR": 14.0, "akutsjukhus_TRANSIT": 30.0, "akutsjukhus_TRANSIT50": 37.0, "akutsjukhus_WALK": 56.0, "apotek_BICYCLE": 6.0, "apotek_CAR": 6.0, "apotek_TRANSIT": 14.0, "apotek_TRANSIT50": 18.0, "apotek_WALK": 21.0, "bibliotek_BICYCLE": 4.0, "bibliotek_CAR": 6.0, "bibliotek_TRANSIT": 10.0, "bibliotek_TRANSIT50": 12.0, "bibliotek_WALK": 13.0, "dagligvaror_BICYCLE": 4.0, "dagligvaror_CAR": 5.0, "dagligvaror_TRANSIT": 12.0, "dagligvaror_TRANSIT50": 13.0, "dagligvaror_WALK": 13.0, "drivmedel_BICYCLE": 7.0, "drivmedel_CAR": 6.0, "drivmedel_TRANSIT": 12.0, "drivmedel_TRANSIT50": 18.0, "drivmedel_WALK": 23.0, "forskola_BICYCLE": 4.0, "forskola_CAR": 5.0, "forskola_TRANSIT": 9.0, "forskola_TRANSIT50": 12.0, "forskola_WALK": 12.0, "grundskola_79_BICYCLE": 3.0, "grundskola_79_CAR": 4.0, "grundskola_79_TRANSIT": 8.0, "grundskola_79_TRANSIT50": 10.0, "grundskola_79_WALK": 10.0, "grundskola_f6_BICYCLE": 2.0, "grundskola_f6_CAR": 4.0, "grundskola_f6_TRANSIT": 7.0, "grundskola_f6_TRANSIT50": 8.0, "grundskola_f6_WALK": 8.0, "gymnasium_BICYCLE": 16.0, "gymnasium_CAR": 12.0, "gymnasium_TRANSIT": 20.0, "gymnasium_TRANSIT50": 25.0, "gymnasium_WALK": 49.0, "hallplats_BICYCLE": 1.0, "hallplats_CAR": 2.0, "hallplats_TRANSIT": 4.0, "hallplats_TRANSIT50": 4.0, "hallplats_WALK": 4.0, "narakut_BICYCLE": null, "narakut_CAR": 52.0, "narakut_TRANSIT": null, "narakut_TRANSIT50": null, "narakut_WALK": null, "tandvard_BICYCLE": 5.0, "tandvard_CAR": 6.0, "tandvard_TRANSIT": 10.0, "tandvard_TRANSIT50": 15.0, "tandvard_WALK": 15.0, "vardcentral_BICYCLE": 4.0, "vardcentral_CAR": 5.0, "vardcentral_TRANSIT": 10.0, "vardcentral_TRANSIT50": 13.0, "vardcentral_WALK": 14.0, "v15_BICYCLE": 6.0, "v15_WALK": 4.1, "namn": "Halmstad (Bäckagård norra-Bäckagård södra)" }, "geometry": { "type": "Polygon", "coordinates": [ [ [ 12.79265, 56.66183 ], [ 12.78228, 56.6616 ], [ 12.77593, 56.66265 ], [ 12.77279, 56.66086 ], [ 12.76628, 56.65982 ], [ 12.7607, 56.6605 ], [ 12.75264, 56.6636 ], [ 12.75757, 56.66558 ], [ 12.75661, 56.66615 ], [ 12.75884, 56.66795 ], [ 12.7616, 56.66806 ], [ 12.76213, 56.66948 ], [ 12.76545, 56.67083 ], [ 12.77974, 56.6738 ], [ 12.78442, 56.67391 ], [ 12.78405, 56.67497 ], [ 12.79395, 56.67639 ], [ 12.79492, 56.6664 ], [ 12.79774, 56.66709 ], [ 12.80568, 56.66683 ], [ 12.80541, 56.66477 ], [ 12.8005, 56.6635 ], [ 12.7955, 56.65758 ], [ 12.79636, 56.65589 ], [ 12.78849, 56.6551 ], [ 12.78883, 56.65151 ], [ 12.79111, 56.64885 ], [ 12.78915, 56.64702 ], [ 12.78989, 56.64559 ], [ 12.79256, 56.64456 ], [ 12.79266, 56.64277 ], [ 12.78678, 56.64302 ], [ 12.78684, 56.64195 ], [ 12.78427, 56.64118 ], [ 12.77774, 56.64142 ], [ 12.77633, 56.6432 ], [ 12.77576, 56.64175 ], [ 12.77378, 56.64207 ], [ 12.77237, 56.64384 ], [ 12.76839, 56.64554 ], [ 12.77122, 56.64801 ], [ 12.77373, 56.64699 ], [ 12.7788, 56.6505 ], [ 12.77392, 56.65518 ], [ 12.77633, 56.65842 ], [ 12.79103, 56.65843 ], [ 12.79265, 56.66183 ] ], [ [ 12.78426, 56.66585 ], [ 12.78369, 56.66503 ], [ 12.78228, 56.6616 ], [ 12.78426, 56.66585 ] ], [ [ 12.78649, 56.66956 ], [ 12.7863, 56.66943 ], [ 12.78548, 56.66841 ], [ 12.78649, 56.66956 ] ], [ [ 12.78778, 56.67038 ], [ 12.78759, 56.6703 ], [ 12.78711, 56.66998 ], [ 12.78778, 56.67038 ] ], [ [ 12.78951, 56.67104 ], [ 12.7893, 56.67099 ], [ 12.78877, 56.67078 ], [ 12.78951, 56.67104 ] ] ] } },
{ "type": "Feature", "properties": { "regsokod": "1380R027", "regso": "Halmstad (Vallås östra)", "kn": "1380", "kommun": "Halmstad", "pop": 4190.0, "akutsjukhus_BICYCLE": 20.0, "akutsjukhus_CAR": 13.0, "akutsjukhus_TRANSIT": 38.0, "akutsjukhus_TRANSIT50": 43.0, "akutsjukhus_WALK": 57.0, "apotek_BICYCLE": 5.0, "apotek_CAR": 4.0, "apotek_TRANSIT": 13.0, "apotek_TRANSIT50": 15.0, "apotek_WALK": 16.0, "bibliotek_BICYCLE": 14.0, "bibliotek_CAR": 8.0, "bibliotek_TRANSIT": 23.0, "bibliotek_TRANSIT50": 32.0, "bibliotek_WALK": 44.0, "dagligvaror_BICYCLE": 5.0, "dagligvaror_CAR": 4.0, "dagligvaror_TRANSIT": 11.0, "dagligvaror_TRANSIT50": 13.0, "dagligvaror_WALK": 13.0, "drivmedel_BICYCLE": 5.0, "drivmedel_CAR": 4.0, "drivmedel_TRANSIT": 13.0, "drivmedel_TRANSIT50": 15.0, "drivmedel_WALK": 16.0, "forskola_BICYCLE": 2.0, "forskola_CAR": 3.0, "forskola_TRANSIT": 6.0, "forskola_TRANSIT50": 6.0, "forskola_WALK": 6.0, "grundskola_79_BICYCLE": 11.0, "grundskola_79_CAR": 9.0, "grundskola_79_TRANSIT": 20.0, "grundskola_79_TRANSIT50": 26.0, "grundskola_79_WALK": 34.0, "grundskola_f6_BICYCLE": 7.0, "grundskola_f6_CAR": 7.0, "grundskola_f6_TRANSIT": 18.0, "grundskola_f6_TRANSIT50": 21.0, "grundskola_f6_WALK": 22.0, "gymnasium_BICYCLE": 5.0, "gymnasium_CAR": 4.0, "gymnasium_TRANSIT": 14.0, "gymnasium_TRANSIT50": 14.0, "gymnasium_WALK": 14.0, "hallplats_BICYCLE": 1.0, "hallplats_CAR": 2.0, "hallplats_TRANSIT": 3.0, "hallplats_TRANSIT50": 3.0, "hallplats_WALK": 3.0, "narakut_BICYCLE": null, "narakut_CAR": 43.0, "narakut_TRANSIT": null, "narakut_TRANSIT50": null, "narakut_WALK": null, "tandvard_BICYCLE": 4.0, "tandvard_CAR": 4.0, "tandvard_TRANSIT": 10.0, "tandvard_TRANSIT50": 11.0, "tandvard_WALK": 12.0, "vardcentral_BICYCLE": 5.0, "vardcentral_CAR": 4.0, "vardcentral_TRANSIT": 12.0, "vardcentral_TRANSIT50": 14.0, "vardcentral_WALK": 15.0, "v15_BICYCLE": 5.9, "v15_WALK": 2.7, "namn": "Halmstad (Vallås östra)" }, "geometry": { "type": "Polygon", "coordinates": [ [ [ 12.93359, 56.68629 ], [ 12.9293, 56.68343 ], [ 12.93424, 56.68106 ], [ 12.91896, 56.6766 ], [ 12.89831, 56.67384 ], [ 12.89725, 56.67507 ], [ 12.91356, 56.67685 ], [ 12.91594, 56.67883 ], [ 12.91107, 56.67829 ], [ 12.90832, 56.67965 ], [ 12.90595, 56.6794 ], [ 12.9056, 56.68139 ], [ 12.9075, 56.68291 ], [ 12.90238, 56.68676 ], [ 12.89441, 56.68585 ], [ 12.89407, 56.68995 ], [ 12.89691, 56.69049 ], [ 12.90177, 56.69365 ], [ 12.90665, 56.69415 ], [ 12.90887, 56.6959 ], [ 12.91359, 56.69582 ], [ 12.91614, 56.69683 ], [ 12.92179, 56.69587 ], [ 12.92848, 56.69318 ], [ 12.93018, 56.69107 ], [ 12.92737, 56.69002 ], [ 12.93359, 56.68629 ] ] ] } },
{ "type": "Feature", "properties": { "regsokod": "1380R028", "regso": "Halmstad (Vallås västra)", "kn": "1380", "kommun": "Halmstad", "pop": 2332.0, "akutsjukhus_BICYCLE": 17.0, "akutsjukhus_CAR": 12.0, "akutsjukhus_TRANSIT": 34.0, "akutsjukhus_TRANSIT50": 40.0, "akutsjukhus_WALK": 51.0, "apotek_BICYCLE": 4.0, "apotek_CAR": 3.0, "apotek_TRANSIT": 9.0, "apotek_TRANSIT50": 10.0, "apotek_WALK": 10.0, "bibliotek_BICYCLE": 10.0, "bibliotek_CAR": 7.0, "bibliotek_TRANSIT": 19.0, "bibliotek_TRANSIT50": 28.0, "bibliotek_WALK": 32.0, "dagligvaror_BICYCLE": 3.0, "dagligvaror_CAR": 3.0, "dagligvaror_TRANSIT": 7.0, "dagligvaror_TRANSIT50": 8.0, "dagligvaror_WALK": 8.0, "drivmedel_BICYCLE": 3.0, "drivmedel_CAR": 2.0, "drivmedel_TRANSIT": 8.0, "drivmedel_TRANSIT50": 8.0, "drivmedel_WALK": 8.0, "forskola_BICYCLE": 2.0, "forskola_CAR": 2.0, "forskola_TRANSIT": 5.0, "forskola_TRANSIT50": 5.0, "forskola_WALK": 5.0, "grundskola_79_BICYCLE": 7.0, "grundskola_79_CAR": 7.0, "grundskola_79_TRANSIT": 16.0, "grundskola_79_TRANSIT50": 22.0, "grundskola_79_WALK": 22.0, "grundskola_f6_BICYCLE": 6.0, "grundskola_f6_CAR": 7.0, "grundskola_f6_TRANSIT": 15.0, "grundskola_f6_TRANSIT50": 18.0, "grundskola_f6_WALK": 18.0, "gymnasium_BICYCLE": 5.0, "gymnasium_CAR": 6.0, "gymnasium_TRANSIT": 14.0, "gymnasium_TRANSIT50": 16.0, "gymnasium_WALK": 16.0, "hallplats_BICYCLE": 1.0, "hallplats_CAR": 1.0, "hallplats_TRANSIT": 3.0, "hallplats_TRANSIT50": 3.0, "hallplats_WALK": 3.0, "narakut_BICYCLE": null, "narakut_CAR": 42.0, "narakut_TRANSIT": null, "narakut_TRANSIT50": null, "narakut_WALK": null, "tandvard_BICYCLE": 3.0, "tandvard_CAR": 4.0, "tandvard_TRANSIT": 7.0, "tandvard_TRANSIT50": 8.0, "tandvard_WALK": 8.0, "vardcentral_BICYCLE": 4.0, "vardcentral_CAR": 3.0, "vardcentral_TRANSIT": 8.0, "vardcentral_TRANSIT50": 9.0, "vardcentral_WALK": 9.0, "v15_BICYCLE": 6.0, "v15_WALK": 4.4, "namn": "Halmstad (Vallås västra)" }, "geometry": { "type": "Polygon", "coordinates": [ [ [ 12.9075, 56.68291 ], [ 12.9056, 56.68139 ], [ 12.90595, 56.6794 ], [ 12.90832, 56.67965 ], [ 12.91107, 56.67829 ], [ 12.91594, 56.67883 ], [ 12.91476, 56.67741 ], [ 12.89725, 56.67507 ], [ 12.89473, 56.67988 ], [ 12.89441, 56.68585 ], [ 12.90238, 56.68676 ], [ 12.9075, 56.68291 ] ] ] } },
{ "type": "Feature", "properties": { "regsokod": "1381R001", "regso": "Laholm (Genevad-Veinge)", "kn": "1381", "kommun": "Laholm", "pop": 2322.0, "akutsjukhus_BICYCLE": null, "akutsjukhus_CAR": 27.0, "akutsjukhus_TRANSIT": 55.0, "akutsjukhus_TRANSIT50": null, "akutsjukhus_WALK": null, "apotek_BICYCLE": 31.0, "apotek_CAR": 11.0, "apotek_TRANSIT": 28.0, "apotek_TRANSIT50": 42.0, "apotek_WALK": 56.0, "bibliotek_BICYCLE": 12.0, "bibliotek_CAR": 6.0, "bibliotek_TRANSIT": 17.0, "bibliotek_TRANSIT50": 21.0, "bibliotek_WALK": 25.0, "dagligvaror_BICYCLE": 13.0, "dagligvaror_CAR": 5.0, "dagligvaror_TRANSIT": 14.0, "dagligvaror_TRANSIT50": 18.0, "dagligvaror_WALK": 23.0, "drivmedel_BICYCLE": 15.0, "drivmedel_CAR": 5.0, "drivmedel_TRANSIT": 14.0, "drivmedel_TRANSIT50": 19.0, "drivmedel_WALK": 24.0, "forskola_BICYCLE": 26.0, "forskola_CAR": 10.0, "forskola_TRANSIT": 23.0, "forskola_TRANSIT50": 36.0, "forskola_WALK": 54.0, "grundskola_79_BICYCLE": 12.0, "grundskola_79_CAR": 6.0, "grundskola_79_TRANSIT": 17.0, "grundskola_79_TRANSIT50": 21.0, "grundskola_79_WALK": 25.0, "grundskola_f6_BICYCLE": 12.0, "grundskola_f6_CAR": 6.0, "grundskola_f6_TRANSIT": 17.0, "grundskola_f6_TRANSIT50": 21.0, "grundskola_f6_WALK": 25.0, "gymnasium_BICYCLE": 36.0, "gymnasium_CAR": 14.0, "gymnasium_TRANSIT": 32.0, "gymnasium_TRANSIT50": 49.0, "gymnasium_WALK": null, "hallplats_BICYCLE": 5.0, "hallplats_CAR": 2.0, "hallplats_TRANSIT": 8.0, "hallplats_TRANSIT50": 8.0, "hallplats_WALK": 8.0, "narakut_BICYCLE": null, "narakut_CAR": 41.0, "narakut_TRANSIT": null, "narakut_TRANSIT50": null, "narakut_WALK": null, "tandvard_BICYCLE": 30.0, "tandvard_CAR": 11.0, "tandvard_TRANSIT": 27.0, "tandvard_TRANSIT50": 41.0, "tandvard_WALK": 57.0, "vardcentral_BICYCLE": 30.0, "vardcentral_CAR": 11.0, "vardcentral_TRANSIT": 28.0, "vardcentral_TRANSIT50": 42.0, "vardcentral_WALK": 57.0, "v15_BICYCLE": 2.8, "v15_WALK": 2.5, "namn": "Laholm (Genevad-Veinge)" }, "geometry": { "type": "Polygon", "coordinates": [ [ [ 13.07554, 56.58057 ], [ 13.09962, 56.57873 ], [ 13.10595, 56.57587 ], [ 13.10745, 56.57378 ], [ 13.10684, 56.57047 ], [ 13.10045, 56.56662 ], [ 13.09922, 56.55842 ], [ 13.09405, 56.55479 ], [ 13.09522, 56.55115 ], [ 13.09171, 56.54659 ], [ 13.08523, 56.54368 ], [ 13.07311, 56.54067 ], [ 13.06799, 56.54037 ], [ 13.05731, 56.543 ], [ 13.05368, 56.54708 ], [ 13.0451, 56.54625 ], [ 13.03957, 56.54721 ], [ 13.03614, 56.54933 ], [ 13.03465, 56.55228 ], [ 13.03109, 56.55247 ], [ 13.02573, 56.55444 ], [ 13.02096, 56.56143 ], [ 13.01565, 56.56637 ], [ 13.01222, 56.57356 ], [ 13.02012, 56.57387 ], [ 13.02147, 56.57522 ], [ 13.01896, 56.57735 ], [ 13.01961, 56.57921 ], [ 13.02882, 56.58051 ], [ 13.03608, 56.58018 ], [ 13.04428, 56.57775 ], [ 13.04963, 56.57306 ], [ 13.05043, 56.56679 ], [ 13.04698, 56.56276 ], [ 13.04932, 56.56094 ], [ 13.05698, 56.56374 ], [ 13.06103, 56.56416 ], [ 13.07143, 56.56299 ], [ 13.0725, 56.5632 ], [ 13.07532, 56.56361 ], [ 13.07616, 56.56745 ], [ 13.06875, 56.57106 ], [ 13.06738, 56.57316 ], [ 13.06878, 56.57716 ], [ 13.07554, 56.58057 ] ], [ [ 13.07557, 56.55962 ], [ 13.07443, 56.55692 ], [ 13.07559, 56.5596 ], [ 13.0725, 56.5632 ], [ 13.07557, 56.55962 ] ], [ [ 13.06822, 56.5432 ], [ 13.07352, 56.55486 ], [ 13.06792, 56.54268 ], [ 13.06822, 56.5432 ] ] ] } },
{ "type": "Feature", "properties": { "regsokod": "1381R002", "regso": "Laholm (Hasslöv-Ränneslöv-Våxtorp)", "kn": "1381", "kommun": "Laholm", "pop": 5287.0, "akutsjukhus_BICYCLE": null, "akutsjukhus_CAR": 34.0, "akutsjukhus_TRANSIT": null, "akutsjukhus_TRANSIT50": null, "akutsjukhus_WALK": null, "apotek_BICYCLE": 39.0, "apotek_CAR": 13.0, "apotek_TRANSIT": 39.0, "apotek_TRANSIT50": 53.0, "apotek_WALK": 49.0, "bibliotek_BICYCLE": 22.0, "bibliotek_CAR": 8.0, "bibliotek_TRANSIT": 27.0, "bibliotek_TRANSIT50": 36.0, "bibliotek_WALK": 27.0, "dagligvaror_BICYCLE": 18.0, "dagligvaror_CAR": 6.0, "dagligvaror_TRANSIT": 20.0, "dagligvaror_TRANSIT50": 22.0, "dagligvaror_WALK": 22.0, "drivmedel_BICYCLE": 15.0, "drivmedel_CAR": 6.0, "drivmedel_TRANSIT": 24.0, "drivmedel_TRANSIT50": 31.0, "drivmedel_WALK": 32.0, "forskola_BICYCLE": 32.0, "forskola_CAR": 11.0, "forskola_TRANSIT": 33.0, "forskola_TRANSIT50": 49.0, "forskola_WALK": 54.0, "grundskola_79_BICYCLE": 23.0, "grundskola_79_CAR": 9.0, "grundskola_79_TRANSIT": 23.0, "grundskola_79_TRANSIT50": 32.0, "grundskola_79_WALK": 30.0, "grundskola_f6_BICYCLE": 14.0, "grundskola_f6_CAR": 5.0, "grundskola_f6_TRANSIT": 21.0, "grundskola_f6_TRANSIT50": 23.0, "grundskola_f6_WALK": 23.0, "gymnasium_BICYCLE": 40.0, "gymnasium_CAR": 13.0, "gymnasium_TRANSIT": 30.0, "gymnasium_TRANSIT50": 48.0, "gymnasium_WALK": 55.0, "hallplats_BICYCLE": 18.0, "hallplats_CAR": 6.0, "hallplats_TRANSIT": 20.0, "hallplats_TRANSIT50": 29.0, "hallplats_WALK": 30.0, "narakut_BICYCLE": null, "narakut_CAR": 34.0, "narakut_TRANSIT": null, "narakut_TRANSIT50": null, "narakut_WALK": null, "tandvard_BICYCLE": 38.0, "tandvard_CAR": 13.0, "tandvard_TRANSIT": 38.0, "tandvard_TRANSIT50": 52.0, "tandvard_WALK": null, "vardcentral_BICYCLE": 39.0, "vardcentral_CAR": 12.0, "vardcentral_TRANSIT": 34.0, "vardcentral_TRANSIT50": 49.0, "vardcentral_WALK": 56.0, "v15_BICYCLE": 1.9, "v15_WALK": 1.1, "namn": "Laholm (Hasslöv-Ränneslöv-Våxtorp)" }, "geometry": { "type": "Polygon", "coordinates": [ [ [ 13.21904, 56.43845 ], [ 13.22953, 56.43365 ], [ 13.23025, 56.42819 ], [ 13.23523, 56.42737 ], [ 13.23997, 56.42457 ], [ 13.24347, 56.42457 ], [ 13.26171, 56.43094 ], [ 13.26454, 56.43049 ], [ 13.2654, 56.42801 ], [ 13.25714, 56.42038 ], [ 13.25768, 56.41625 ], [ 13.25448, 56.41497 ], [ 13.25466, 56.41342 ], [ 13.24292, 56.4042 ], [ 13.29266, 56.38041 ], [ 13.2515, 56.35767 ], [ 13.25525, 56.3529 ], [ 13.25257, 56.34936 ], [ 13.24963, 56.34875 ], [ 13.24819, 56.34636 ], [ 13.2288, 56.33248 ], [ 13.21638, 56.32716 ], [ 13.19599, 56.32414 ], [ 13.18786, 56.32563 ], [ 13.18594, 56.33289 ], [ 13.18117, 56.34013 ], [ 13.17242, 56.34279 ], [ 13.15257, 56.35178 ], [ 13.13091, 56.35578 ], [ 13.1186, 56.3546 ], [ 13.11247, 56.35232 ], [ 13.10932, 56.35379 ], [ 13.09966, 56.35263 ], [ 13.07402, 56.35177 ], [ 13.06351, 56.35399 ], [ 13.04885, 56.35538 ], [ 13.03701, 56.35492 ], [ 12.99205, 56.35723 ], [ 12.98103, 56.3583 ], [ 12.97437, 56.3668 ], [ 12.96749, 56.36837 ], [ 12.94981, 56.36932 ], [ 12.95242, 56.37426 ], [ 12.96799, 56.38904 ], [ 12.96268, 56.39358 ], [ 12.95893, 56.39413 ], [ 12.95285, 56.39212 ], [ 12.96047, 56.40084 ], [ 12.96469, 56.40275 ], [ 12.9605, 56.40526 ], [ 12.96858, 56.41139 ], [ 12.96715, 56.41259 ], [ 12.95776, 56.4134 ], [ 12.96251, 56.41783 ], [ 12.96255, 56.42167 ], [ 12.96576, 56.4277 ], [ 12.9524, 56.43115 ], [ 12.95318, 56.43555 ], [ 12.95427, 56.43718 ], [ 12.95881, 56.43705 ], [ 12.9647, 56.43828 ], [ 12.97347, 56.44317 ], [ 12.97569, 56.44554 ], [ 12.97539, 56.44898 ], [ 12.97718, 56.45184 ], [ 12.97643, 56.45448 ], [ 12.97312, 56.45695 ], [ 12.97206, 56.45938 ], [ 12.96816, 56.46179 ], [ 12.95998, 56.46334 ], [ 12.94849, 56.46202 ], [ 12.9424, 56.46356 ], [ 12.95054, 56.4696 ], [ 12.952, 56.47534 ], [ 12.95011, 56.47858 ], [ 12.95631, 56.48189 ], [ 12.95945, 56.48145 ], [ 12.95823, 56.47782 ], [ 12.96291, 56.47769 ], [ 12.96351, 56.48098 ], [ 12.97985, 56.48015 ], [ 12.97903, 56.47817 ], [ 12.98546, 56.47897 ], [ 12.99172, 56.47671 ], [ 12.9934, 56.47748 ], [ 12.9945, 56.47566 ], [ 12.99946, 56.47483 ], [ 13.00225, 56.47304 ], [ 13.0098, 56.47238 ], [ 13.01287, 56.47089 ], [ 13.02589, 56.47011 ], [ 13.02876, 56.46887 ], [ 13.02986, 56.46996 ], [ 13.03261, 56.47 ], [ 13.03266, 56.46939 ], [ 13.03392, 56.46995 ], [ 13.03518, 56.46912 ], [ 13.03845, 56.46957 ], [ 13.04151, 56.46878 ], [ 13.04131, 56.47082 ], [ 13.04338, 56.47169 ], [ 13.04728, 56.4708 ], [ 13.05421, 56.4714 ], [ 13.05417, 56.4748 ], [ 13.06335, 56.47476 ], [ 13.06337, 56.47331 ], [ 13.06826, 56.47384 ], [ 13.06931, 56.4759 ], [ 13.07417, 56.47709 ], [ 13.08031, 56.47729 ], [ 13.08138, 56.47547 ], [ 13.08976, 56.47581 ], [ 13.09974, 56.4805 ], [ 13.1048, 56.48167 ], [ 13.10302, 56.47952 ], [ 13.10518, 56.47708 ], [ 13.11311, 56.47922 ], [ 13.12082, 56.47665 ], [ 13.12749, 56.47722 ], [ 13.12543, 56.47473 ], [ 13.12808, 56.47405 ], [ 13.13158, 56.47756 ], [ 13.13306, 56.47769 ], [ 13.13353, 56.47658 ], [ 13.13568, 56.4771 ], [ 13.13276, 56.47853 ], [ 13.13688, 56.4805 ], [ 13.14024, 56.48123 ], [ 13.14071, 56.47873 ], [ 13.14233, 56.47951 ], [ 13.14268, 56.47875 ], [ 13.182, 56.48779 ], [ 13.18059, 56.49056 ], [ 13.18447, 56.48926 ], [ 13.19159, 56.49163 ], [ 13.20194, 56.49801 ], [ 13.20136, 56.50204 ], [ 13.20798, 56.50441 ], [ 13.20896, 56.50314 ], [ 13.2147, 56.50516 ], [ 13.21724, 56.50418 ], [ 13.22651, 56.50411 ], [ 13.23137, 56.50269 ], [ 13.23546, 56.50314 ], [ 13.24235, 56.50076 ], [ 13.24312, 56.49919 ], [ 13.24189, 56.49821 ], [ 13.24391, 56.49414 ], [ 13.24018, 56.48797 ], [ 13.22761, 56.48094 ], [ 13.22306, 56.4774 ], [ 13.22163, 56.4739 ], [ 13.21883, 56.47145 ], [ 13.22439, 56.47389 ], [ 13.22912, 56.46846 ], [ 13.22673, 56.46741 ], [ 13.22641, 56.466 ], [ 13.22874, 56.45198 ], [ 13.2308, 56.45114 ], [ 13.22409, 56.44524 ], [ 13.21772, 56.44358 ], [ 13.21368, 56.44056 ], [ 13.21665, 56.43824 ], [ 13.21904, 56.43845 ] ], [ [ 13.10393, 56.41276 ], [ 13.10103, 56.41337 ], [ 13.10127, 56.41327 ], [ 13.10393, 56.41276 ] ], [ [ 13.09969, 56.4139 ], [ 13.09839, 56.41448 ], [ 13.09862, 56.41432 ], [ 13.09969, 56.4139 ] ], [ [ 13.09762, 56.41503 ], [ 13.09679, 56.41569 ], [ 13.09689, 56.41555 ], [ 13.09762, 56.41503 ] ], [ [ 13.0957, 56.41723 ], [ 13.09621, 56.4165 ], [ 13.09566, 56.41746 ], [ 13.0957, 56.41723 ] ], [ [ 13.09545, 56.41879 ], [ 13.09552, 56.41834 ], [ 13.0955, 56.41895 ], [ 13.09545, 56.41879 ] ], [ [ 13.09874, 56.42515 ], [ 13.10065, 56.42688 ], [ 13.10032, 56.4267 ], [ 13.09874, 56.42515 ] ], [ [ 13.10216, 56.4277 ], [ 13.1014, 56.42729 ], [ 13.1025, 56.42781 ], [ 13.10216, 56.4277 ] ], [ [ 13.10386, 56.42827 ], [ 13.10333, 56.42809 ], [ 13.10411, 56.42832 ], [ 13.10386, 56.42827 ] ], [ [ 13.02865, 56.436 ], [ 13.02544, 56.4408 ], [ 13.03728, 56.42288 ], [ 13.02865, 56.436 ] ], [ [ 13.0947, 56.44327 ], [ 13.09473, 56.44324 ], [ 13.09485, 56.44325 ], [ 13.0947, 56.44327 ] ], [ [ 13.09542, 56.44329 ], [ 13.09587, 56.44333 ], [ 13.09616, 56.44348 ], [ 13.09542, 56.44329 ] ], [ [ 13.09648, 56.44364 ], [ 13.09675, 56.4443 ], [ 13.09636, 56.44358 ], [ 13.09648, 56.44364 ] ], [ [ 13.12682, 56.40272 ], [ 13.12926, 56.40323 ], [ 13.12646, 56.40271 ], [ 13.12682, 56.40272 ] ], [ [ 13.1387, 56.42274 ], [ 13.13768, 56.42334 ], [ 13.13969, 56.42181 ], [ 13.1387, 56.42274 ] ], [ [ 13.13532, 56.42438 ], [ 13.13714, 56.42366 ], [ 13.13694, 56.42377 ], [ 13.13532, 56.42438 ] ], [ [ 13.10629, 56.42873 ], [ 13.10534, 56.42855 ], [ 13.10658, 56.42874 ], [ 13.10629, 56.42873 ] ], [ [ 13.11297, 56.43016 ], [ 13.11276, 56.43009 ], [ 13.1131, 56.43018 ], [ 13.11297, 56.43016 ] ], [ [ 13.11901, 56.43064 ], [ 13.12025, 56.43053 ], [ 13.11978, 56.43063 ], [ 13.11901, 56.43064 ] ], [ [ 13.21551, 56.43622 ], [ 13.21554, 56.43628 ], [ 13.21548, 56.43628 ], [ 13.21551, 56.43622 ] ], [ [ 13.21724, 56.43635 ], [ 13.21731, 56.43635 ], [ 13.21795, 56.43721 ], [ 13.21724, 56.43635 ] ], [ [ 13.10375, 56.44497 ], [ 13.10403, 56.44503 ], [ 13.10365, 56.44499 ], [ 13.10375, 56.44497 ] ], [ [ 13.10432, 56.4451 ], [ 13.10491, 56.44523 ], [ 13.10643, 56.44587 ], [ 13.10432, 56.4451 ] ], [ [ 13.10747, 56.4463 ], [ 13.10757, 56.44634 ], [ 13.11507, 56.45043 ], [ 13.10747, 56.4463 ] ] ] } },
{ "type": "Feature", "properties": { "regsokod": "1381R003", "regso": "Laholm (Hishult-Knäreds omland)", "kn": "1381", "kommun": "Laholm", "pop": 1515.0, "akutsjukhus_BICYCLE": null, "akutsjukhus_CAR": 47.0, "akutsjukhus_TRANSIT": null, "akutsjukhus_TRANSIT50": null, "akutsjukhus_WALK": null, "apotek_BICYCLE": 54.0, "apotek_CAR": 21.0, "apotek_TRANSIT": 41.0, "apotek_TRANSIT50": null, "apotek_WALK": null, "bibliotek_BICYCLE": 41.0, "bibliotek_CAR": 15.0, "bibliotek_TRANSIT": 44.0, "bibliotek_TRANSIT50": 49.0, "bibliotek_WALK": 49.0, "dagligvaror_BICYCLE": 24.0, "dagligvaror_CAR": 8.0, "dagligvaror_TRANSIT": 34.0, "dagligvaror_TRANSIT50": 34.0, "dagligvaror_WALK": 34.0, "drivmedel_BICYCLE": 25.0, "drivmedel_CAR": 8.0, "drivmedel_TRANSIT": 35.0, "drivmedel_TRANSIT50": 34.0, "drivmedel_WALK": 34.0, "forskola_BICYCLE": 39.0, "forskola_CAR": 14.0, "forskola_TRANSIT": 47.0, "forskola_TRANSIT50": 50.0, "forskola_WALK": 50.0, "grundskola_79_BICYCLE": 54.0, "grundskola_79_CAR": 20.0, "grundskola_79_TRANSIT": 41.0, "grundskola_79_TRANSIT50": null, "grundskola_79_WALK": null, "grundskola_f6_BICYCLE": 25.0, "grundskola_f6_CAR": 9.0, "grundskola_f6_TRANSIT": 34.0, "grundskola_f6_TRANSIT50": 34.0, "grundskola_f6_WALK": 34.0, "gymnasium_BICYCLE": 53.0, "gymnasium_CAR": 21.0, "gymnasium_TRANSIT": 35.0, "gymnasium_TRANSIT50": null, "gymnasium_WALK": null, "hallplats_BICYCLE": 40.0, "hallplats_CAR": 12.0, "hallplats_TRANSIT": 46.0, "hallplats_TRANSIT50": 47.0, "hallplats_WALK": 47.0, "narakut_BICYCLE": null, "narakut_CAR": 50.0, "narakut_TRANSIT": null, "narakut_TRANSIT50": null, "narakut_WALK": null, "tandvard_BICYCLE": 38.0, "tandvard_CAR": 14.0, "tandvard_TRANSIT": 46.0, "tandvard_TRANSIT50": 47.0, "tandvard_WALK": 47.0, "vardcentral_BICYCLE": 40.0, "vardcentral_CAR": 14.0, "vardcentral_TRANSIT": 44.0, "vardcentral_TRANSIT50": 49.0, "vardcentral_WALK": 49.0, "v15_BICYCLE": 0.6, "v15_WALK": 0.2, "namn": "Laholm (Hishult-Knäreds omland)" }, "geometry": { "type": "Polygon", "coordinates": [ [ [ 13.37672, 56.64371 ], [ 13.37895, 56.63652 ], [ 13.39727, 56.61574 ], [ 13.39758, 56.60885 ], [ 13.40426, 56.59489 ], [ 13.40267, 56.59417 ], [ 13.40253, 56.59249 ], [ 13.40868, 56.58849 ], [ 13.41113, 56.58423 ], [ 13.41311, 56.58347 ], [ 13.41781, 56.57764 ], [ 13.42706, 56.57368 ], [ 13.4309, 56.57401 ], [ 13.43989, 56.57126 ], [ 13.4382, 56.56976 ], [ 13.43998, 56.56605 ], [ 13.43999, 56.55445 ], [ 13.4523, 56.54089 ], [ 13.45958, 56.52797 ], [ 13.46291, 56.51482 ], [ 13.46479, 56.51396 ], [ 13.4542, 56.49751 ], [ 13.45427, 56.48842 ], [ 13.44977, 56.47218 ], [ 13.44988, 56.46787 ], [ 13.46286, 56.45144 ], [ 13.46458, 56.44762 ], [ 13.46315, 56.44463 ], [ 13.46735, 56.43179 ], [ 13.4552, 56.4244 ], [ 13.43932, 56.41911 ], [ 13.40465, 56.41567 ], [ 13.40429, 56.41496 ], [ 13.38559, 56.41451 ], [ 13.37511, 56.40922 ], [ 13.34667, 56.39051 ], [ 13.33896, 56.38873 ], [ 13.31184, 56.38693 ], [ 13.30481, 56.38525 ], [ 13.2969, 56.38105 ], [ 13.29266, 56.38041 ], [ 13.24292, 56.4042 ], [ 13.25466, 56.41342 ], [ 13.25448, 56.41497 ], [ 13.25768, 56.41625 ], [ 13.25714, 56.42038 ], [ 13.2654, 56.42801 ], [ 13.26454, 56.43049 ], [ 13.26171, 56.43094 ], [ 13.24347, 56.42457 ], [ 13.23997, 56.42457 ], [ 13.23523, 56.42737 ], [ 13.23025, 56.42819 ], [ 13.22953, 56.43365 ], [ 13.21985, 56.43824 ], [ 13.21665, 56.43824 ], [ 13.21349, 56.44032 ], [ 13.21772, 56.44358 ], [ 13.22409, 56.44524 ], [ 13.2308, 56.45114 ], [ 13.22874, 56.45198 ], [ 13.22641, 56.466 ], [ 13.22673, 56.46741 ], [ 13.22912, 56.46846 ], [ 13.22439, 56.47389 ], [ 13.21883, 56.47145 ], [ 13.22163, 56.4739 ], [ 13.22306, 56.4774 ], [ 13.22761, 56.48094 ], [ 13.24018, 56.48797 ], [ 13.24389, 56.49395 ], [ 13.24189, 56.49821 ], [ 13.24312, 56.49919 ], [ 13.24235, 56.50076 ], [ 13.24877, 56.50009 ], [ 13.25107, 56.49731 ], [ 13.25581, 56.49762 ], [ 13.25646, 56.50639 ], [ 13.25982, 56.50727 ], [ 13.26055, 56.51016 ], [ 13.26421, 56.51197 ], [ 13.25945, 56.52131 ], [ 13.24842, 56.52269 ], [ 13.24892, 56.52413 ], [ 13.24506, 56.5249 ], [ 13.24238, 56.52713 ], [ 13.23336, 56.5296 ], [ 13.22265, 56.52838 ], [ 13.22069, 56.5295 ], [ 13.22692, 56.52966 ], [ 13.228, 56.5307 ], [ 13.22532, 56.53067 ], [ 13.2258, 56.53127 ], [ 13.23892, 56.53855 ], [ 13.24587, 56.54091 ], [ 13.24954, 56.54573 ], [ 13.24827, 56.54964 ], [ 13.26561, 56.56121 ], [ 13.26758, 56.5646 ], [ 13.26676, 56.56727 ], [ 13.26302, 56.56656 ], [ 13.25952, 56.57226 ], [ 13.26687, 56.57906 ], [ 13.27038, 56.58017 ], [ 13.27404, 56.58015 ], [ 13.27841, 56.58449 ], [ 13.29317, 56.58671 ], [ 13.29817, 56.59147 ], [ 13.29748, 56.59429 ], [ 13.29907, 56.59638 ], [ 13.29531, 56.59769 ], [ 13.29917, 56.60354 ], [ 13.29547, 56.60525 ], [ 13.29531, 56.60762 ], [ 13.29998, 56.60852 ], [ 13.3029, 56.6128 ], [ 13.30023, 56.6181 ], [ 13.30567, 56.62274 ], [ 13.3056, 56.62798 ], [ 13.31233, 56.62931 ], [ 13.33435, 56.6302 ], [ 13.34117, 56.63284 ], [ 13.34892, 56.62771 ], [ 13.35601, 56.62491 ], [ 13.35792, 56.62892 ], [ 13.36131, 56.62971 ], [ 13.36466, 56.63278 ], [ 13.36222, 56.6355 ], [ 13.35832, 56.63607 ], [ 13.3621, 56.63918 ], [ 13.36272, 56.64218 ], [ 13.36575, 56.64316 ], [ 13.37043, 56.64218 ], [ 13.37672, 56.64371 ] ], [ [ 13.33111, 56.5348 ], [ 13.32369, 56.53131 ], [ 13.32019, 56.53346 ], [ 13.31616, 56.53446 ], [ 13.3052, 56.53375 ], [ 13.30019, 56.53088 ], [ 13.29958, 56.52701 ], [ 13.2946, 56.52729 ], [ 13.28951, 56.52622 ], [ 13.28616, 56.52419 ], [ 13.28501, 56.52143 ], [ 13.28673, 56.51839 ], [ 13.29332, 56.51367 ], [ 13.2945, 56.50996 ], [ 13.29788, 56.50783 ], [ 13.30329, 56.50666 ], [ 13.31091, 56.50712 ], [ 13.31522, 56.50485 ], [ 13.3261, 56.50331 ], [ 13.33029, 56.50115 ], [ 13.33616, 56.50056 ], [ 13.34762, 56.50347 ], [ 13.35064, 56.5077 ], [ 13.35553, 56.51012 ], [ 13.35693, 56.51315 ], [ 13.3631, 56.51584 ], [ 13.36456, 56.51918 ], [ 13.36292, 56.52208 ], [ 13.35916, 56.52429 ], [ 13.34799, 56.52562 ], [ 13.34724, 56.53046 ], [ 13.34396, 56.53346 ], [ 13.33623, 56.53519 ], [ 13.33111, 56.5348 ] ] ] } },
{ "type": "Feature", "properties": { "regsokod": "1381R004", "regso": "Laholm (Knäred)", "kn": "1381", "kommun": "Laholm", "pop": 1192.0, "akutsjukhus_BICYCLE": null, "akutsjukhus_CAR": 42.0, "akutsjukhus_TRANSIT": null, "akutsjukhus_TRANSIT50": null, "akutsjukhus_WALK": null, "apotek_BICYCLE": null, "apotek_CAR": 21.0, "apotek_TRANSIT": 39.0, "apotek_TRANSIT50": null, "apotek_WALK": null, "bibliotek_BICYCLE": 6.0, "bibliotek_CAR": 3.0, "bibliotek_TRANSIT": 14.0, "bibliotek_TRANSIT50": 15.0, "bibliotek_WALK": 15.0, "dagligvaror_BICYCLE": 5.0, "dagligvaror_CAR": 3.0, "dagligvaror_TRANSIT": 10.0, "dagligvaror_TRANSIT50": 12.0, "dagligvaror_WALK": 12.0, "drivmedel_BICYCLE": 12.0, "drivmedel_CAR": 4.0, "drivmedel_TRANSIT": 15.0, "drivmedel_TRANSIT50": 21.0, "drivmedel_WALK": 21.0, "forskola_BICYCLE": 4.0, "forskola_CAR": 2.0, "forskola_TRANSIT": 8.0, "forskola_TRANSIT50": 9.0, "forskola_WALK": 9.0, "grundskola_79_BICYCLE": null, "grundskola_79_CAR": 20.0, "grundskola_79_TRANSIT": 43.0, "grundskola_79_TRANSIT50": null, "grundskola_79_WALK": null, "grundskola_f6_BICYCLE": 6.0, "grundskola_f6_CAR": 3.0, "grundskola_f6_TRANSIT": 14.0, "grundskola_f6_TRANSIT50": 15.0, "grundskola_f6_WALK": 15.0, "gymnasium_BICYCLE": null, "gymnasium_CAR": 20.0, "gymnasium_TRANSIT": 39.0, "gymnasium_TRANSIT50": null, "gymnasium_WALK": null, "hallplats_BICYCLE": 2.0, "hallplats_CAR": 1.0, "hallplats_TRANSIT": 6.0, "hallplats_TRANSIT50": 7.0, "hallplats_WALK": 7.0, "narakut_BICYCLE": null, "narakut_CAR": 54.0, "narakut_TRANSIT": null, "narakut_TRANSIT50": null, "narakut_WALK": null, "tandvard_BICYCLE": 5.0, "tandvard_CAR": 2.0, "tandvard_TRANSIT": 9.0, "tandvard_TRANSIT50": 12.0, "tandvard_WALK": 12.0, "vardcentral_BICYCLE": 6.0, "vardcentral_CAR": 3.0, "vardcentral_TRANSIT": 10.0, "vardcentral_TRANSIT50": 13.0, "vardcentral_WALK": 13.0, "v15_BICYCLE": 4.8, "v15_WALK": 3.7, "namn": "Laholm (Knäred)" }, "geometry": { "type": "Polygon", "coordinates": [ [ [ 13.33239, 56.53503 ], [ 13.34052, 56.53465 ], [ 13.3444, 56.53322 ], [ 13.34724, 56.53046 ], [ 13.34799, 56.52562 ], [ 13.35931, 56.52423 ], [ 13.36301, 56.522 ], [ 13.36458, 56.51883 ], [ 13.36278, 56.51555 ], [ 13.35693, 56.51315 ], [ 13.35553, 56.51012 ], [ 13.35064, 56.5077 ], [ 13.34759, 56.50345 ], [ 13.33938, 56.50092 ], [ 13.33471, 56.50054 ], [ 13.32971, 56.50133 ], [ 13.3261, 56.50331 ], [ 13.31522, 56.50485 ], [ 13.31091, 56.50712 ], [ 13.30329, 56.50666 ], [ 13.29788, 56.50783 ], [ 13.29421, 56.5103 ], [ 13.29332, 56.51367 ], [ 13.28636, 56.51878 ], [ 13.28501, 56.52178 ], [ 13.28616, 56.52419 ], [ 13.28951, 56.52622 ], [ 13.2946, 56.52729 ], [ 13.29958, 56.52701 ], [ 13.30019, 56.53088 ], [ 13.3052, 56.53375 ], [ 13.31616, 56.53446 ], [ 13.32019, 56.53346 ], [ 13.32369, 56.53131 ], [ 13.32693, 56.53339 ], [ 13.33239, 56.53503 ] ] ] } },
{ "type": "Feature", "properties": { "regsokod": "1381R005", "regso": "Laholm (Laholm västra)", "kn": "1381", "kommun": "Laholm", "pop": 1984.0, "akutsjukhus_BICYCLE": null, "akutsjukhus_CAR": 26.0, "akutsjukhus_TRANSIT": 54.0, "akutsjukhus_TRANSIT50": null, "akutsjukhus_WALK": null, "apotek_BICYCLE": 8.0, "apotek_CAR": 6.0, "apotek_TRANSIT": 19.0, "apotek_TRANSIT50": 23.0, "apotek_WALK": 23.0, "bibliotek_BICYCLE": 7.0, "bibliotek_CAR": 5.0, "bibliotek_TRANSIT": 18.0, "bibliotek_TRANSIT50": 22.0, "bibliotek_WALK": 22.0, "dagligvaror_BICYCLE": 3.0, "dagligvaror_CAR": 2.0, "dagligvaror_TRANSIT": 8.0, "dagligvaror_TRANSIT50": 9.0, "dagligvaror_WALK": 9.0, "drivmedel_BICYCLE": 4.0, "drivmedel_CAR": 3.0, "drivmedel_TRANSIT": 9.0, "drivmedel_TRANSIT50": 10.0, "drivmedel_WALK": 10.0, "forskola_BICYCLE": 3.0, "forskola_CAR": 2.0, "forskola_TRANSIT": 8.0, "forskola_TRANSIT50": 9.0, "forskola_WALK": 9.0, "grundskola_79_BICYCLE": 4.0, "grundskola_79_CAR": 3.0, "grundskola_79_TRANSIT": 11.0, "grundskola_79_TRANSIT50": 13.0, "grundskola_79_WALK": 13.0, "grundskola_f6_BICYCLE": 6.0, "grundskola_f6_CAR": 4.0, "grundskola_f6_TRANSIT": 12.0, "grundskola_f6_TRANSIT50": 18.0, "grundskola_f6_WALK": 18.0, "gymnasium_BICYCLE": 4.0, "gymnasium_CAR": 3.0, "gymnasium_TRANSIT": 10.0, "gymnasium_TRANSIT50": 12.0, "gymnasium_WALK": 12.0, "hallplats_BICYCLE": 1.0, "hallplats_CAR": 1.0, "hallplats_TRANSIT": 4.0, "hallplats_TRANSIT50": 4.0, "hallplats_WALK": 4.0, "narakut_BICYCLE": null, "narakut_CAR": 34.0, "narakut_TRANSIT": 46.0, "narakut_TRANSIT50": 58.0, "narakut_WALK": null, "tandvard_BICYCLE": 6.0, "tandvard_CAR": 4.0, "tandvard_TRANSIT": 17.0, "tandvard_TRANSIT50": 20.0, "tandvard_WALK": 20.0, "vardcentral_BICYCLE": 6.0, "vardcentral_CAR": 5.0, "vardcentral_TRANSIT": 11.0, "vardcentral_TRANSIT50": 18.0, "vardcentral_WALK": 19.0, "v15_BICYCLE": 6.0, "v15_WALK": 2.7, "namn": "Laholm (Laholm västra)" }, "geometry": { "type": "Polygon", "coordinates": [ [ [ 13.03798, 56.51457 ], [ 13.04897, 56.51506 ], [ 13.03845, 56.51405 ], [ 13.03343, 56.50323 ], [ 13.03555, 56.49451 ], [ 13.03859, 56.4888 ], [ 13.02877, 56.48757 ], [ 13.01954, 56.49081 ], [ 13.01469, 56.49094 ], [ 13.00952, 56.49269 ], [ 12.996, 56.49419 ], [ 12.99074, 56.49693 ], [ 12.98654, 56.50425 ], [ 12.98843, 56.50705 ], [ 12.99262, 56.5091 ], [ 12.99869, 56.5098 ], [ 13.00469, 56.50832 ], [ 13.00943, 56.50826 ], [ 13.02492, 56.51228 ], [ 13.03422, 56.50977 ], [ 13.03652, 56.51073 ], [ 13.03798, 56.51457 ] ] ] } },
{ "type": "Feature", "properties": { "regsokod": "1381R006", "regso": "Laholm (Laholm östra)", "kn": "1381", "kommun": "Laholm", "pop": 4916.0, "akutsjukhus_BICYCLE": null, "akutsjukhus_CAR": 28.0, "akutsjukhus_TRANSIT": 55.0, "akutsjukhus_TRANSIT50": null, "akutsjukhus_WALK": null, "apotek_BICYCLE": 5.0, "apotek_CAR": 3.0, "apotek_TRANSIT": 12.0, "apotek_TRANSIT50": 14.0, "apotek_WALK": 14.0, "bibliotek_BICYCLE": 4.0, "bibliotek_CAR": 2.0, "bibliotek_TRANSIT": 11.0, "bibliotek_TRANSIT50": 11.0, "bibliotek_WALK": 11.0, "dagligvaror_BICYCLE": 4.0, "dagligvaror_CAR": 2.0, "dagligvaror_TRANSIT": 8.0, "dagligvaror_TRANSIT50": 10.0, "dagligvaror_WALK": 10.0, "drivmedel_BICYCLE": 6.0, "drivmedel_CAR": 4.0, "drivmedel_TRANSIT": 13.0, "drivmedel_TRANSIT50": 17.0, "drivmedel_WALK": 17.0, "forskola_BICYCLE": 3.0, "forskola_CAR": 3.0, "forskola_TRANSIT": 8.0, "forskola_TRANSIT50": 9.0, "forskola_WALK": 9.0, "grundskola_79_BICYCLE": 5.0, "grundskola_79_CAR": 4.0, "grundskola_79_TRANSIT": 11.0, "grundskola_79_TRANSIT50": 14.0, "grundskola_79_WALK": 14.0, "grundskola_f6_BICYCLE": 2.0, "grundskola_f6_CAR": 2.0, "grundskola_f6_TRANSIT": 6.0, "grundskola_f6_TRANSIT50": 6.0, "grundskola_f6_WALK": 6.0, "gymnasium_BICYCLE": 6.0, "gymnasium_CAR": 5.0, "gymnasium_TRANSIT": 14.0, "gymnasium_TRANSIT50": 17.0, "gymnasium_WALK": 17.0, "hallplats_BICYCLE": 2.0, "hallplats_CAR": 2.0, "hallplats_TRANSIT": 5.0, "hallplats_TRANSIT50": 5.0, "hallplats_WALK": 5.0, "narakut_BICYCLE": null, "narakut_CAR": 36.0, "narakut_TRANSIT": 52.0, "narakut_TRANSIT50": null, "narakut_WALK": null, "tandvard_BICYCLE": 4.0, "tandvard_CAR": 2.0, "tandvard_TRANSIT": 10.0, "tandvard_TRANSIT50": 12.0, "tandvard_WALK": 12.0, "vardcentral_BICYCLE": 3.0, "vardcentral_CAR": 3.0, "vardcentral_TRANSIT": 7.0, "vardcentral_TRANSIT50": 8.0, "vardcentral_WALK": 8.0, "v15_BICYCLE": 6.0, "v15_WALK": 5.0, "namn": "Laholm (Laholm östra)" }, "geometry": { "type": "Polygon", "coordinates": [ [ [ 13.06438, 56.51017 ], [ 13.06887, 56.50882 ], [ 13.07326, 56.50523 ], [ 13.06873, 56.49907 ], [ 13.06916, 56.49557 ], [ 13.07315, 56.49318 ], [ 13.06871, 56.48893 ], [ 13.0644, 56.48726 ], [ 13.05966, 56.4869 ], [ 13.05504, 56.4877 ], [ 13.0516, 56.48943 ], [ 13.04755, 56.48663 ], [ 13.04132, 56.48543 ], [ 13.02877, 56.48757 ], [ 13.03859, 56.4888 ], [ 13.03331, 56.50272 ], [ 13.0387, 56.51422 ], [ 13.0492, 56.51453 ], [ 13.05327, 56.51587 ], [ 13.05782, 56.51451 ], [ 13.06436, 56.51019 ], [ 13.05861, 56.50773 ], [ 13.06438, 56.51017 ] ] ] } },
{ "type": "Feature", "properties": { "regsokod": "1381R007", "regso": "Laholm (Laholms omland-Ysby)", "kn": "1381", "kommun": "Laholm", "pop": 1764.0, "akutsjukhus_BICYCLE": null, "akutsjukhus_CAR": 30.0, "akutsjukhus_TRANSIT": 55.0, "akutsjukhus_TRANSIT50": null, "akutsjukhus_WALK": null, "apotek_BICYCLE": 29.0, "apotek_CAR": 10.0, "apotek_TRANSIT": 33.0, "apotek_TRANSIT50": 45.0, "apotek_WALK": 43.0, "bibliotek_BICYCLE": 31.0, "bibliotek_CAR": 10.0, "bibliotek_TRANSIT": 34.0, "bibliotek_TRANSIT50": 48.0, "bibliotek_WALK": 47.0, "dagligvaror_BICYCLE": 27.0, "dagligvaror_CAR": 7.0, "dagligvaror_TRANSIT": 30.0, "dagligvaror_TRANSIT50": 36.0, "dagligvaror_WALK": 36.0, "drivmedel_BICYCLE": 26.0, "drivmedel_CAR": 7.0, "drivmedel_TRANSIT": 36.0, "drivmedel_TRANSIT50": 43.0, "drivmedel_WALK": 43.0, "forskola_BICYCLE": 28.0, "forskola_CAR": 8.0, "forskola_TRANSIT": 34.0, "forskola_TRANSIT50": 44.0, "forskola_WALK": 44.0, "grundskola_79_BICYCLE": 31.0, "grundskola_79_CAR": 10.0, "grundskola_79_TRANSIT": 34.0, "grundskola_79_TRANSIT50": 45.0, "grundskola_79_WALK": 46.0, "grundskola_f6_BICYCLE": 17.0, "grundskola_f6_CAR": 6.0, "grundskola_f6_TRANSIT": 26.0, "grundskola_f6_TRANSIT50": 29.0, "grundskola_f6_WALK": 29.0, "gymnasium_BICYCLE": 33.0, "gymnasium_CAR": 11.0, "gymnasium_TRANSIT": 36.0, "gymnasium_TRANSIT50": 46.0, "gymnasium_WALK": 48.0, "hallplats_BICYCLE": 16.0, "hallplats_CAR": 5.0, "hallplats_TRANSIT": 25.0, "hallplats_TRANSIT50": 31.0, "hallplats_WALK": 31.0, "narakut_BICYCLE": null, "narakut_CAR": 39.0, "narakut_TRANSIT": 55.0, "narakut_TRANSIT50": null, "narakut_WALK": null, "tandvard_BICYCLE": 30.0, "tandvard_CAR": 9.0, "tandvard_TRANSIT": 33.0, "tandvard_TRANSIT50": 47.0, "tandvard_WALK": 46.0, "vardcentral_BICYCLE": 30.0, "vardcentral_CAR": 9.0, "vardcentral_TRANSIT": 33.0, "vardcentral_TRANSIT50": 46.0, "vardcentral_WALK": 46.0, "v15_BICYCLE": 1.8, "v15_WALK": 0.3, "namn": "Laholm (Laholms omland-Ysby)" }, "geometry": { "type": "Polygon", "coordinates": [ [ [ 13.01222, 56.57356 ], [ 13.01588, 56.56605 ], [ 13.02096, 56.56143 ], [ 13.02616, 56.55416 ], [ 13.02987, 56.5527 ], [ 13.03465, 56.55228 ], [ 13.03644, 56.54903 ], [ 13.04009, 56.54703 ], [ 13.0451, 56.54625 ], [ 13.05368, 56.54708 ], [ 13.05725, 56.54303 ], [ 13.06695, 56.54048 ], [ 13.07247, 56.54056 ], [ 13.08223, 56.54317 ], [ 13.10698, 56.54261 ], [ 13.11398, 56.53845 ], [ 13.11855, 56.5394 ], [ 13.11802, 56.53996 ], [ 13.12145, 56.54 ], [ 13.12832, 56.53827 ], [ 13.13506, 56.53803 ], [ 13.14781, 56.53108 ], [ 13.15725, 56.5316 ], [ 13.16377, 56.53391 ], [ 13.16462, 56.53524 ], [ 13.17265, 56.53408 ], [ 13.18953, 56.53787 ], [ 13.21639, 56.54199 ], [ 13.2381, 56.54229 ], [ 13.24792, 56.54352 ], [ 13.24587, 56.54091 ], [ 13.23892, 56.53855 ], [ 13.2258, 56.53127 ], [ 13.22532, 56.53067 ], [ 13.228, 56.5307 ], [ 13.22692, 56.52966 ], [ 13.22063, 56.52906 ], [ 13.22265, 56.52838 ], [ 13.23336, 56.5296 ], [ 13.24238, 56.52713 ], [ 13.24506, 56.5249 ], [ 13.24892, 56.52413 ], [ 13.24842, 56.52269 ], [ 13.25945, 56.52131 ], [ 13.26421, 56.51197 ], [ 13.26055, 56.51016 ], [ 13.25982, 56.50727 ], [ 13.25646, 56.50639 ], [ 13.25636, 56.49808 ], [ 13.2549, 56.49729 ], [ 13.25107, 56.49731 ], [ 13.24877, 56.50009 ], [ 13.24137, 56.50089 ], [ 13.23546, 56.50314 ], [ 13.23137, 56.50269 ], [ 13.22651, 56.50411 ], [ 13.21724, 56.50418 ], [ 13.2147, 56.50516 ], [ 13.20896, 56.50314 ], [ 13.20798, 56.50441 ], [ 13.20136, 56.50204 ], [ 13.20194, 56.49801 ], [ 13.19159, 56.49163 ], [ 13.18447, 56.48926 ], [ 13.18059, 56.49056 ], [ 13.182, 56.48779 ], [ 13.14268, 56.47875 ], [ 13.14233, 56.47951 ], [ 13.14071, 56.47873 ], [ 13.14024, 56.48123 ], [ 13.13688, 56.4805 ], [ 13.13276, 56.47853 ], [ 13.13568, 56.4771 ], [ 13.13353, 56.47658 ], [ 13.13306, 56.47769 ], [ 13.13158, 56.47756 ], [ 13.12808, 56.47405 ], [ 13.12543, 56.47473 ], [ 13.12749, 56.47722 ], [ 13.12082, 56.47665 ], [ 13.11311, 56.47922 ], [ 13.10518, 56.47708 ], [ 13.10302, 56.47952 ], [ 13.1048, 56.48167 ], [ 13.09974, 56.4805 ], [ 13.08976, 56.47581 ], [ 13.08138, 56.47547 ], [ 13.08031, 56.47729 ], [ 13.07417, 56.47709 ], [ 13.06931, 56.4759 ], [ 13.06826, 56.47384 ], [ 13.06337, 56.47331 ], [ 13.06335, 56.47476 ], [ 13.05417, 56.4748 ], [ 13.05421, 56.4714 ], [ 13.04728, 56.4708 ], [ 13.04338, 56.47169 ], [ 13.04131, 56.47082 ], [ 13.04044, 56.46857 ], [ 13.03845, 56.46957 ], [ 13.03702, 56.46888 ], [ 13.03688, 56.46961 ], [ 13.03384, 56.4693 ], [ 13.03382, 56.46996 ], [ 13.03266, 56.46939 ], [ 13.03261, 56.47 ], [ 13.02986, 56.46996 ], [ 13.02876, 56.46887 ], [ 13.02589, 56.47011 ], [ 13.01287, 56.47089 ], [ 13.01167, 56.47192 ], [ 13.00225, 56.47304 ], [ 12.99946, 56.47483 ], [ 12.99552, 56.47516 ], [ 12.9934, 56.47748 ], [ 12.99172, 56.47671 ], [ 12.99082, 56.47765 ], [ 12.98762, 56.47773 ], [ 12.98761, 56.47838 ], [ 12.9834, 56.4792 ], [ 12.98097, 56.47793 ], [ 12.97903, 56.47817 ], [ 12.97985, 56.48015 ], [ 12.96351, 56.48098 ], [ 12.96291, 56.47769 ], [ 12.95823, 56.47782 ], [ 12.95945, 56.48145 ], [ 12.95631, 56.48189 ], [ 12.95942, 56.48424 ], [ 12.96013, 56.48723 ], [ 12.96596, 56.49512 ], [ 12.96801, 56.50273 ], [ 12.97296, 56.50361 ], [ 12.97877, 56.50618 ], [ 12.98237, 56.51353 ], [ 12.97996, 56.51713 ], [ 12.97441, 56.51902 ], [ 12.97352, 56.52262 ], [ 12.9695, 56.52511 ], [ 12.94508, 56.5272 ], [ 12.94662, 56.54691 ], [ 12.94981, 56.54804 ], [ 12.94839, 56.55018 ], [ 12.94575, 56.55085 ], [ 12.94561, 56.55346 ], [ 12.96822, 56.54824 ], [ 12.96875, 56.54581 ], [ 12.97401, 56.54239 ], [ 12.9876, 56.55679 ], [ 12.99639, 56.5592 ], [ 13.00661, 56.56768 ], [ 13.00947, 56.57089 ], [ 13.00945, 56.5733 ], [ 13.01222, 56.57356 ] ], [ [ 13.0428, 56.53832 ], [ 13.03756, 56.53558 ], [ 13.03581, 56.53148 ], [ 13.03946, 56.52534 ], [ 13.04214, 56.52352 ], [ 13.03876, 56.52007 ], [ 13.03304, 56.51882 ], [ 13.02898, 56.51609 ], [ 13.02145, 56.51574 ], [ 13.01623, 56.5142 ], [ 13.01137, 56.51181 ], [ 13.00906, 56.50876 ], [ 13.00469, 56.50832 ], [ 12.99807, 56.50982 ], [ 12.99262, 56.5091 ], [ 12.98833, 56.50697 ], [ 12.98649, 56.5039 ], [ 12.99018, 56.49754 ], [ 12.99434, 56.49469 ], [ 13.00952, 56.49269 ], [ 13.01469, 56.49094 ], [ 13.01954, 56.49081 ], [ 13.02675, 56.4889 ], [ 13.03095, 56.48677 ], [ 13.03989, 56.48545 ], [ 13.04701, 56.48643 ], [ 13.0516, 56.48943 ], [ 13.05885, 56.48695 ], [ 13.06724, 56.48815 ], [ 13.07277, 56.49257 ], [ 13.07306, 56.49678 ], [ 13.07603, 56.49901 ], [ 13.07736, 56.50474 ], [ 13.07574, 56.50923 ], [ 13.06504, 56.51631 ], [ 13.07118, 56.51856 ], [ 13.07544, 56.52434 ], [ 13.07473, 56.53296 ], [ 13.07243, 56.53469 ], [ 13.06475, 56.53673 ], [ 13.05622, 56.53653 ], [ 13.04877, 56.53888 ], [ 13.0428, 56.53832 ] ] ] } },
{ "type": "Feature", "properties": { "regsokod": "1381R008", "regso": "Laholm (Lilla Tjärby)", "kn": "1381", "kommun": "Laholm", "pop": 1182.0, "akutsjukhus_BICYCLE": null, "akutsjukhus_CAR": 26.0, "akutsjukhus_TRANSIT": null, "akutsjukhus_TRANSIT50": null, "akutsjukhus_WALK": null, "apotek_BICYCLE": 9.0, "apotek_CAR": 5.0, "apotek_TRANSIT": 17.0, "apotek_TRANSIT50": 26.0, "apotek_WALK": 26.0, "bibliotek_BICYCLE": 10.0, "bibliotek_CAR": 6.0, "bibliotek_TRANSIT": 16.0, "bibliotek_TRANSIT50": 27.0, "bibliotek_WALK": 28.0, "dagligvaror_BICYCLE": 4.0, "dagligvaror_CAR": 2.0, "dagligvaror_TRANSIT": 9.0, "dagligvaror_TRANSIT50": 9.0, "dagligvaror_WALK": 9.0, "drivmedel_BICYCLE": 15.0, "drivmedel_CAR": 7.0, "drivmedel_TRANSIT": 19.0, "drivmedel_TRANSIT50": 33.0, "drivmedel_WALK": 42.0, "forskola_BICYCLE": 5.0, "forskola_CAR": 4.0, "forskola_TRANSIT": 12.0, "forskola_TRANSIT50": 13.0, "forskola_WALK": 13.0, "grundskola_79_BICYCLE": 11.0, "grundskola_79_CAR": 6.0, "grundskola_79_TRANSIT": 21.0, "grundskola_79_TRANSIT50": 32.0, "grundskola_79_WALK": 32.0, "grundskola_f6_BICYCLE": 10.0, "grundskola_f6_CAR": 4.0, "grundskola_f6_TRANSIT": 18.0, "grundskola_f6_TRANSIT50": 30.0, "grundskola_f6_WALK": 30.0, "gymnasium_BICYCLE": 15.0, "gymnasium_CAR": 8.0, "gymnasium_TRANSIT": 27.0, "gymnasium_TRANSIT50": 40.0, "gymnasium_WALK": 42.0, "hallplats_BICYCLE": 2.0, "hallplats_CAR": 1.0, "hallplats_TRANSIT": 5.0, "hallplats_TRANSIT50": 5.0, "hallplats_WALK": 5.0, "narakut_BICYCLE": null, "narakut_CAR": 38.0, "narakut_TRANSIT": null, "narakut_TRANSIT50": null, "narakut_WALK": null, "tandvard_BICYCLE": 9.0, "tandvard_CAR": 5.0, "tandvard_TRANSIT": 16.0, "tandvard_TRANSIT50": 25.0, "tandvard_WALK": 25.0, "vardcentral_BICYCLE": 9.0, "vardcentral_CAR": 5.0, "vardcentral_TRANSIT": 18.0, "vardcentral_TRANSIT50": 25.0, "vardcentral_WALK": 25.0, "v15_BICYCLE": 5.9, "v15_WALK": 2.0, "namn": "Laholm (Lilla Tjärby)" }, "geometry": { "type": "Polygon", "coordinates": [ [ [ 13.04471, 56.53872 ], [ 13.05087, 56.53864 ], [ 13.05622, 56.53653 ], [ 13.06281, 56.53688 ], [ 13.06888, 56.53596 ], [ 13.07291, 56.53443 ], [ 13.07522, 56.53227 ], [ 13.07538, 56.52424 ], [ 13.07118, 56.51856 ], [ 13.06504, 56.51631 ], [ 13.07477, 56.51012 ], [ 13.07653, 56.50788 ], [ 13.07697, 56.50074 ], [ 13.07306, 56.49678 ], [ 13.07315, 56.49318 ], [ 13.06916, 56.49557 ], [ 13.06873, 56.49907 ], [ 13.07102, 56.50098 ], [ 13.07291, 56.50604 ], [ 13.06887, 56.50882 ], [ 13.0658, 56.50923 ], [ 13.05898, 56.51299 ], [ 13.05782, 56.51451 ], [ 13.05327, 56.51587 ], [ 13.0492, 56.51453 ], [ 13.04836, 56.51557 ], [ 13.03823, 56.51466 ], [ 13.03652, 56.51073 ], [ 13.03422, 56.50977 ], [ 13.02451, 56.51226 ], [ 13.01, 56.50836 ], [ 13.00746, 56.50855 ], [ 13.00929, 56.50884 ], [ 13.01137, 56.51181 ], [ 13.01631, 56.51423 ], [ 13.02145, 56.51574 ], [ 13.02898, 56.51609 ], [ 13.03304, 56.51882 ], [ 13.03876, 56.52007 ], [ 13.04184, 56.52243 ], [ 13.03581, 56.53148 ], [ 13.03792, 56.53588 ], [ 13.04471, 56.53872 ] ] ] } },
{ "type": "Feature", "properties": { "regsokod": "1381R009", "regso": "Laholm (Mellbystrand)", "kn": "1381", "kommun": "Laholm", "pop": 2535.0, "akutsjukhus_BICYCLE": null, "akutsjukhus_CAR": 26.0, "akutsjukhus_TRANSIT": 56.0, "akutsjukhus_TRANSIT50": null, "akutsjukhus_WALK": null, "apotek_BICYCLE": 6.0, "apotek_CAR": 4.0, "apotek_TRANSIT": 16.0, "apotek_TRANSIT50": 19.0, "apotek_WALK": 19.0, "bibliotek_BICYCLE": 27.0, "bibliotek_CAR": 13.0, "bibliotek_TRANSIT": 32.0, "bibliotek_TRANSIT50": 56.0, "bibliotek_WALK": null, "dagligvaror_BICYCLE": 6.0, "dagligvaror_CAR": 5.0, "dagligvaror_TRANSIT": 14.0, "dagligvaror_TRANSIT50": 19.0, "dagligvaror_WALK": 19.0, "drivmedel_BICYCLE": 5.0, "drivmedel_CAR": 4.0, "drivmedel_TRANSIT": 13.0, "drivmedel_TRANSIT50": 17.0, "drivmedel_WALK": 17.0, "forskola_BICYCLE": 18.0, "forskola_CAR": 10.0, "forskola_TRANSIT": 19.0, "forskola_TRANSIT50": 49.0, "forskola_WALK": 54.0, "grundskola_79_BICYCLE": 25.0, "grundskola_79_CAR": 12.0, "grundskola_79_TRANSIT": 24.0, "grundskola_79_TRANSIT50": 52.0, "grundskola_79_WALK": 59.0, "grundskola_f6_BICYCLE": 7.0, "grundskola_f6_CAR": 6.0, "grundskola_f6_TRANSIT": 15.0, "grundskola_f6_TRANSIT50": 21.0, "grundskola_f6_WALK": 21.0, "gymnasium_BICYCLE": 25.0, "gymnasium_CAR": 12.0, "gymnasium_TRANSIT": 23.0, "gymnasium_TRANSIT50": 51.0, "gymnasium_WALK": 60.0, "hallplats_BICYCLE": 1.0, "hallplats_CAR": 1.0, "hallplats_TRANSIT": 5.0, "hallplats_TRANSIT50": 5.0, "hallplats_WALK": 5.0, "narakut_BICYCLE": null, "narakut_CAR": 31.0, "narakut_TRANSIT": 57.0, "narakut_TRANSIT50": null, "narakut_WALK": null, "tandvard_BICYCLE": 27.0, "tandvard_CAR": 12.0, "tandvard_TRANSIT": 32.0, "tandvard_TRANSIT50": 56.0, "tandvard_WALK": null, "vardcentral_BICYCLE": 24.0, "vardcentral_CAR": 11.0, "vardcentral_TRANSIT": 23.0, "vardcentral_TRANSIT50": 53.0, "vardcentral_WALK": 59.0, "v15_BICYCLE": 4.0, "v15_WALK": 2.1, "namn": "Laholm (Mellbystrand)" }, "geometry": { "type": "Polygon", "coordinates": [ [ [ 12.94508, 56.5272 ], [ 12.96513, 56.52599 ], [ 12.97002, 56.52492 ], [ 12.97377, 56.52231 ], [ 12.97441, 56.51902 ], [ 12.97951, 56.5174 ], [ 12.98226, 56.5142 ], [ 12.97912, 56.50647 ], [ 12.97296, 56.50361 ], [ 12.96801, 56.50273 ], [ 12.96596, 56.49512 ], [ 12.96013, 56.48723 ], [ 12.95942, 56.48424 ], [ 12.95631, 56.48189 ], [ 12.93109, 56.4857 ], [ 12.9393, 56.50186 ], [ 12.94508, 56.5272 ] ] ] } },
{ "type": "Feature", "properties": { "regsokod": "1381R010", "regso": "Laholm (Skummeslövsstrand-Skottorp)", "kn": "1381", "kommun": "Laholm", "pop": 2873.0, "akutsjukhus_BICYCLE": null, "akutsjukhus_CAR": 26.0, "akutsjukhus_TRANSIT": null, "akutsjukhus_TRANSIT50": null, "akutsjukhus_WALK": null, "apotek_BICYCLE": 19.0, "apotek_CAR": 8.0, "apotek_TRANSIT": 25.0, "apotek_TRANSIT50": 49.0, "apotek_WALK": 50.0, "bibliotek_BICYCLE": 24.0, "bibliotek_CAR": 9.0, "bibliotek_TRANSIT": 29.0, "bibliotek_TRANSIT50": 52.0, "bibliotek_WALK": 49.0, "dagligvaror_BICYCLE": 7.0, "dagligvaror_CAR": 4.0, "dagligvaror_TRANSIT": 11.0, "dagligvaror_TRANSIT50": 22.0, "dagligvaror_WALK": 22.0, "drivmedel_BICYCLE": 18.0, "drivmedel_CAR": 7.0, "drivmedel_TRANSIT": 24.0, "drivmedel_TRANSIT50": 52.0, "drivmedel_WALK": 52.0, "forskola_BICYCLE": 6.0, "forskola_CAR": 3.0, "forskola_TRANSIT": 11.0, "forskola_TRANSIT50": 17.0, "forskola_WALK": 17.0, "grundskola_79_BICYCLE": 27.0, "grundskola_79_CAR": 12.0, "grundskola_79_TRANSIT": 32.0, "grundskola_79_TRANSIT50": 56.0, "grundskola_79_WALK": null, "grundskola_f6_BICYCLE": 10.0, "grundskola_f6_CAR": 5.0, "grundskola_f6_TRANSIT": 21.0, "grundskola_f6_TRANSIT50": 32.0, "grundskola_f6_WALK": 32.0, "gymnasium_BICYCLE": 28.0, "gymnasium_CAR": 12.0, "gymnasium_TRANSIT": 30.0, "gymnasium_TRANSIT50": 56.0, "gymnasium_WALK": null, "hallplats_BICYCLE": 3.0, "hallplats_CAR": 2.0, "hallplats_TRANSIT": 7.0, "hallplats_TRANSIT50": 10.0, "hallplats_WALK": 10.0, "narakut_BICYCLE": null, "narakut_CAR": 27.0, "narakut_TRANSIT": 48.0, "narakut_TRANSIT50": null, "narakut_WALK": null, "tandvard_BICYCLE": 28.0, "tandvard_CAR": 12.0, "tandvard_TRANSIT": 36.0, "tandvard_TRANSIT50": 58.0, "tandvard_WALK": null, "vardcentral_BICYCLE": 7.0, "vardcentral_CAR": 4.0, "vardcentral_TRANSIT": 15.0, "vardcentral_TRANSIT50": 23.0, "vardcentral_WALK": 23.0, "v15_BICYCLE": 4.2, "v15_WALK": 1.6, "namn": "Laholm (Skummeslövsstrand-Skottorp)" }, "geometry": { "type": "Polygon", "coordinates": [ [ [ 12.93111, 56.48519 ], [ 12.95631, 56.48189 ], [ 12.95011, 56.47858 ], [ 12.952, 56.47534 ], [ 12.95054, 56.4696 ], [ 12.9424, 56.46356 ], [ 12.94849, 56.46202 ], [ 12.95936, 56.46334 ], [ 12.96748, 56.46201 ], [ 12.97146, 56.45997 ], [ 12.9767, 56.45406 ], [ 12.975, 56.44448 ], [ 12.9657, 56.43873 ], [ 12.9618, 56.43749 ], [ 12.95427, 56.43718 ], [ 12.95774, 56.43996 ], [ 12.95396, 56.44152 ], [ 12.94971, 56.44168 ], [ 12.94487, 56.43953 ], [ 12.94462, 56.44025 ], [ 12.94095, 56.43951 ], [ 12.89862, 56.4487 ], [ 12.90742, 56.45532 ], [ 12.91664, 56.46482 ], [ 12.93111, 56.48519 ] ] ] } },
{ "type": "Feature", "properties": { "regsokod": "1381R011", "regso": "Laholm (Veinge omland)", "kn": "1381", "kommun": "Laholm", "pop": 989.0, "akutsjukhus_BICYCLE": null, "akutsjukhus_CAR": 31.0, "akutsjukhus_TRANSIT": 53.0, "akutsjukhus_TRANSIT50": null, "akutsjukhus_WALK": null, "apotek_BICYCLE": 50.0, "apotek_CAR": 17.0, "apotek_TRANSIT": 38.0, "apotek_TRANSIT50": 57.0, "apotek_WALK": null, "bibliotek_BICYCLE": 39.0, "bibliotek_CAR": 10.0, "bibliotek_TRANSIT": 37.0, "bibliotek_TRANSIT50": 47.0, "bibliotek_WALK": 47.0, "dagligvaror_BICYCLE": 39.0, "dagligvaror_CAR": 9.0, "dagligvaror_TRANSIT": 34.0, "dagligvaror_TRANSIT50": 46.0, "dagligvaror_WALK": 46.0, "drivmedel_BICYCLE": 41.0, "drivmedel_CAR": 10.0, "drivmedel_TRANSIT": 35.0, "drivmedel_TRANSIT50": 46.0, "drivmedel_WALK": 44.0, "forskola_BICYCLE": 47.0, "forskola_CAR": 14.0, "forskola_TRANSIT": 34.0, "forskola_TRANSIT50": 55.0, "forskola_WALK": null, "grundskola_79_BICYCLE": 38.0, "grundskola_79_CAR": 10.0, "grundskola_79_TRANSIT": 37.0, "grundskola_79_TRANSIT50": 47.0, "grundskola_79_WALK": 47.0, "grundskola_f6_BICYCLE": 36.0, "grundskola_f6_CAR": 10.0, "grundskola_f6_TRANSIT": 37.0, "grundskola_f6_TRANSIT50": 47.0, "grundskola_f6_WALK": 47.0, "gymnasium_BICYCLE": 54.0, "gymnasium_CAR": 20.0, "gymnasium_TRANSIT": 37.0, "gymnasium_TRANSIT50": 59.0, "gymnasium_WALK": null, "hallplats_BICYCLE": 33.0, "hallplats_CAR": 8.0, "hallplats_TRANSIT": 33.0, "hallplats_TRANSIT50": 46.0, "hallplats_WALK": 46.0, "narakut_BICYCLE": null, "narakut_CAR": 47.0, "narakut_TRANSIT": null, "narakut_TRANSIT50": null, "narakut_WALK": null, "tandvard_BICYCLE": 50.0, "tandvard_CAR": 16.0, "tandvard_TRANSIT": 38.0, "tandvard_TRANSIT50": 57.0, "tandvard_WALK": null, "vardcentral_BICYCLE": 50.0, "vardcentral_CAR": 15.0, "vardcentral_TRANSIT": 36.0, "vardcentral_TRANSIT50": 56.0, "vardcentral_WALK": null, "v15_BICYCLE": 0.1, "v15_WALK": 0.0, "namn": "Laholm (Veinge omland)" }, "geometry": { "type": "Polygon", "coordinates": [ [ [ 13.31208, 56.6877 ], [ 13.31609, 56.68792 ], [ 13.32376, 56.68625 ], [ 13.32827, 56.68769 ], [ 13.36414, 56.6651 ], [ 13.37672, 56.64371 ], [ 13.37043, 56.64218 ], [ 13.36575, 56.64316 ], [ 13.36272, 56.64218 ], [ 13.3621, 56.63918 ], [ 13.35832, 56.63607 ], [ 13.36222, 56.6355 ], [ 13.36466, 56.63278 ], [ 13.36131, 56.62971 ], [ 13.35792, 56.62892 ], [ 13.35601, 56.62491 ], [ 13.34892, 56.62771 ], [ 13.34117, 56.63284 ], [ 13.33435, 56.6302 ], [ 13.31233, 56.62931 ], [ 13.3056, 56.62798 ], [ 13.30567, 56.62274 ], [ 13.30023, 56.6181 ], [ 13.3029, 56.6128 ], [ 13.29998, 56.60852 ], [ 13.29531, 56.60762 ], [ 13.29547, 56.60525 ], [ 13.29917, 56.60354 ], [ 13.29531, 56.59769 ], [ 13.29907, 56.59638 ], [ 13.29748, 56.59429 ], [ 13.29817, 56.59147 ], [ 13.29317, 56.58671 ], [ 13.27841, 56.58449 ], [ 13.27404, 56.58015 ], [ 13.27038, 56.58017 ], [ 13.26687, 56.57906 ], [ 13.25952, 56.57226 ], [ 13.26302, 56.56656 ], [ 13.26676, 56.56727 ], [ 13.26758, 56.5646 ], [ 13.26359, 56.55941 ], [ 13.24827, 56.54964 ], [ 13.24954, 56.54573 ], [ 13.24792, 56.54352 ], [ 13.2381, 56.54229 ], [ 13.21639, 56.54199 ], [ 13.18953, 56.53787 ], [ 13.17265, 56.53408 ], [ 13.16462, 56.53524 ], [ 13.16377, 56.53391 ], [ 13.15725, 56.5316 ], [ 13.14781, 56.53108 ], [ 13.13506, 56.53803 ], [ 13.12832, 56.53827 ], [ 13.12145, 56.54 ], [ 13.11802, 56.53996 ], [ 13.11855, 56.5394 ], [ 13.11398, 56.53845 ], [ 13.10698, 56.54261 ], [ 13.08223, 56.54317 ], [ 13.09036, 56.54565 ], [ 13.09478, 56.5501 ], [ 13.09405, 56.55479 ], [ 13.09904, 56.55809 ], [ 13.10045, 56.56662 ], [ 13.10477, 56.56844 ], [ 13.10743, 56.57155 ], [ 13.10688, 56.57486 ], [ 13.10308, 56.57755 ], [ 13.09728, 56.57933 ], [ 13.08884, 56.58029 ], [ 13.0789, 56.58088 ], [ 13.07368, 56.58011 ], [ 13.06878, 56.57716 ], [ 13.06726, 56.57394 ], [ 13.06956, 56.57042 ], [ 13.07616, 56.56745 ], [ 13.07532, 56.56361 ], [ 13.07143, 56.56299 ], [ 13.0667, 56.56399 ], [ 13.05824, 56.56393 ], [ 13.04932, 56.56094 ], [ 13.04698, 56.56276 ], [ 13.05026, 56.56626 ], [ 13.05054, 56.57133 ], [ 13.04526, 56.57725 ], [ 13.03414, 56.58055 ], [ 13.01961, 56.57921 ], [ 13.01696, 56.58079 ], [ 13.01591, 56.5836 ], [ 13.01735, 56.58384 ], [ 13.01513, 56.58496 ], [ 13.01732, 56.58536 ], [ 13.01668, 56.58767 ], [ 13.02249, 56.58939 ], [ 13.02195, 56.59094 ], [ 13.02496, 56.59056 ], [ 13.02717, 56.5946 ], [ 13.02841, 56.59479 ], [ 13.02769, 56.59566 ], [ 13.04042, 56.59678 ], [ 13.04737, 56.60066 ], [ 13.0506, 56.60039 ], [ 13.05599, 56.60211 ], [ 13.05739, 56.6011 ], [ 13.06206, 56.60279 ], [ 13.06102, 56.60379 ], [ 13.06361, 56.60336 ], [ 13.09283, 56.61304 ], [ 13.10136, 56.61453 ], [ 13.12988, 56.63055 ], [ 13.13667, 56.6235 ], [ 13.14183, 56.62451 ], [ 13.14767, 56.6288 ], [ 13.15077, 56.62861 ], [ 13.15802, 56.63029 ], [ 13.16164, 56.63238 ], [ 13.16415, 56.63433 ], [ 13.16593, 56.64613 ], [ 13.16409, 56.65026 ], [ 13.18797, 56.65035 ], [ 13.19644, 56.65408 ], [ 13.18941, 56.66235 ], [ 13.18087, 56.66367 ], [ 13.17748, 56.66635 ], [ 13.1751, 56.66676 ], [ 13.17324, 56.67287 ], [ 13.17427, 56.67425 ], [ 13.18849, 56.67556 ], [ 13.18981, 56.67694 ], [ 13.20216, 56.67539 ], [ 13.20544, 56.67615 ], [ 13.21962, 56.67617 ], [ 13.2227, 56.67383 ], [ 13.22483, 56.6748 ], [ 13.22517, 56.67623 ], [ 13.2304, 56.67542 ], [ 13.24926, 56.67533 ], [ 13.25967, 56.67644 ], [ 13.27802, 56.68006 ], [ 13.28384, 56.67889 ], [ 13.28847, 56.6791 ], [ 13.29128, 56.68358 ], [ 13.29836, 56.68762 ], [ 13.30294, 56.68571 ], [ 13.30805, 56.68543 ], [ 13.31208, 56.6877 ] ] ] } },
{ "type": "Feature", "properties": { "regsokod": "1382R001", "regso": "Falkenberg (Falkenberg centrum)", "kn": "1382", "kommun": "Falkenberg", "pop": 4641.0, "akutsjukhus_BICYCLE": null, "akutsjukhus_CAR": 33.0, "akutsjukhus_TRANSIT": 49.0, "akutsjukhus_TRANSIT50": null, "akutsjukhus_WALK": null, "apotek_BICYCLE": 2.0, "apotek_CAR": 2.0, "apotek_TRANSIT": 6.0, "apotek_TRANSIT50": 6.0, "apotek_WALK": 6.0, "bibliotek_BICYCLE": 2.0, "bibliotek_CAR": 4.0, "bibliotek_TRANSIT": 7.0, "bibliotek_TRANSIT50": 7.0, "bibliotek_WALK": 7.0, "dagligvaror_BICYCLE": 2.0, "dagligvaror_CAR": 2.0, "dagligvaror_TRANSIT": 5.0, "dagligvaror_TRANSIT50": 5.0, "dagligvaror_WALK": 5.0, "drivmedel_BICYCLE": 3.0, "drivmedel_CAR": 4.0, "drivmedel_TRANSIT": 8.0, "drivmedel_TRANSIT50": 10.0, "drivmedel_WALK": 10.0, "forskola_BICYCLE": 4.0, "forskola_CAR": 4.0, "forskola_TRANSIT": 10.0, "forskola_TRANSIT50": 12.0, "forskola_WALK": 12.0, "grundskola_79_BICYCLE": 4.0, "grundskola_79_CAR": 5.0, "grundskola_79_TRANSIT": 11.0, "grundskola_79_TRANSIT50": 11.0, "grundskola_79_WALK": 11.0, "grundskola_f6_BICYCLE": 4.0, "grundskola_f6_CAR": 4.0, "grundskola_f6_TRANSIT": 10.0, "grundskola_f6_TRANSIT50": 11.0, "grundskola_f6_WALK": 11.0, "gymnasium_BICYCLE": 2.0, "gymnasium_CAR": 3.0, "gymnasium_TRANSIT": 6.0, "gymnasium_TRANSIT50": 6.0, "gymnasium_WALK": 6.0, "hallplats_BICYCLE": 1.0, "hallplats_CAR": 1.0, "hallplats_TRANSIT": 3.0, "hallplats_TRANSIT50": 3.0, "hallplats_WALK": 3.0, "narakut_BICYCLE": null, "narakut_CAR": 57.0, "narakut_TRANSIT": 55.0, "narakut_TRANSIT50": null, "narakut_WALK": null, "tandvard_BICYCLE": 2.0, "tandvard_CAR": 2.0, "tandvard_TRANSIT": 5.0, "tandvard_TRANSIT50": 5.0, "tandvard_WALK": 5.0, "vardcentral_BICYCLE": 2.0, "vardcentral_CAR": 3.0, "vardcentral_TRANSIT": 7.0, "vardcentral_TRANSIT50": 7.0, "vardcentral_WALK": 7.0, "v15_BICYCLE": 6.0, "v15_WALK": 5.9, "namn": "Falkenberg (Falkenberg centrum)" }, "geometry": { "type": "Polygon", "coordinates": [ [ [ 12.48775, 56.90693 ], [ 12.49838, 56.90638 ], [ 12.49416, 56.903 ], [ 12.49759, 56.90188 ], [ 12.49774, 56.9 ], [ 12.48364, 56.90271 ], [ 12.47374, 56.90797 ], [ 12.49109, 56.9137 ], [ 12.49657, 56.91147 ], [ 12.49495, 56.9088 ], [ 12.48995, 56.90946 ], [ 12.48775, 56.90693 ] ] ] } },
{ "type": "Feature", "properties": { "regsokod": "1382R002", "regso": "Falkenberg (Falkenberg södra)", "kn": "1382", "kommun": "Falkenberg", "pop": 7684.0, "akutsjukhus_BICYCLE": null, "akutsjukhus_CAR": 33.0, "akutsjukhus_TRANSIT": 58.0, "akutsjukhus_TRANSIT50": null, "akutsjukhus_WALK": null, "apotek_BICYCLE": 5.0, "apotek_CAR": 4.0, "apotek_TRANSIT": 10.0, "apotek_TRANSIT50": 15.0, "apotek_WALK": 15.0, "bibliotek_BICYCLE": 12.0, "bibliotek_CAR": 9.0, "bibliotek_TRANSIT": 22.0, "bibliotek_TRANSIT50": 32.0, "bibliotek_WALK": 38.0, "dagligvaror_BICYCLE": 4.0, "dagligvaror_CAR": 4.0, "dagligvaror_TRANSIT": 8.0, "dagligvaror_TRANSIT50": 11.0, "dagligvaror_WALK": 11.0, "drivmedel_BICYCLE": 3.0, "drivmedel_CAR": 3.0, "drivmedel_TRANSIT": 9.0, "drivmedel_TRANSIT50": 11.0, "drivmedel_WALK": 11.0, "forskola_BICYCLE": 4.0, "forskola_CAR": 4.0, "forskola_TRANSIT": 10.0, "forskola_TRANSIT50": 11.0, "forskola_WALK": 11.0, "grundskola_79_BICYCLE": 7.0, "grundskola_79_CAR": 6.0, "grundskola_79_TRANSIT": 14.0, "grundskola_79_TRANSIT50": 20.0, "grundskola_79_WALK": 21.0, "grundskola_f6_BICYCLE": 3.0, "grundskola_f6_CAR": 3.0, "grundskola_f6_TRANSIT": 9.0, "grundskola_f6_TRANSIT50": 10.0, "grundskola_f6_WALK": 10.0, "gymnasium_BICYCLE": 12.0, "gymnasium_CAR": 8.0, "gymnasium_TRANSIT": 20.0, "gymnasium_TRANSIT50": 30.0, "gymnasium_WALK": 35.0, "hallplats_BICYCLE": 1.0, "hallplats_CAR": 1.0, "hallplats_TRANSIT": 4.0, "hallplats_TRANSIT50": 4.0, "hallplats_WALK": 4.0, "narakut_BICYCLE": null, "narakut_CAR": 57.0, "narakut_TRANSIT": null, "narakut_TRANSIT50": null, "narakut_WALK": null, "tandvard_BICYCLE": 8.0, "tandvard_CAR": 6.0, "tandvard_TRANSIT": 15.0, "tandvard_TRANSIT50": 23.0, "tandvard_WALK": 24.0, "vardcentral_BICYCLE": 7.0, "vardcentral_CAR": 6.0, "vardcentral_TRANSIT": 13.0, "vardcentral_TRANSIT50": 19.0, "vardcentral_WALK": 22.0, "v15_BICYCLE": 5.9, "v15_WALK": 3.5, "namn": "Falkenberg (Falkenberg södra)" }, "geometry": { "type": "Polygon", "coordinates": [ [ [ 12.54719, 56.88652 ], [ 12.5179, 56.87208 ], [ 12.51158, 56.87832 ], [ 12.5075, 56.8804 ], [ 12.50054, 56.88637 ], [ 12.49112, 56.88978 ], [ 12.4821, 56.88708 ], [ 12.48014, 56.88704 ], [ 12.47777, 56.88843 ], [ 12.486, 56.891 ], [ 12.49277, 56.89509 ], [ 12.49786, 56.90038 ], [ 12.49759, 56.90188 ], [ 12.49416, 56.903 ], [ 12.49662, 56.90522 ], [ 12.50167, 56.90685 ], [ 12.5092, 56.90413 ], [ 12.51484, 56.90059 ], [ 12.51801, 56.90052 ], [ 12.52091, 56.90194 ], [ 12.5231, 56.90098 ], [ 12.52583, 56.90106 ], [ 12.53027, 56.89802 ], [ 12.54374, 56.89221 ], [ 12.53427, 56.88684 ], [ 12.54719, 56.88652 ] ], [ [ 12.50399, 56.88384 ], [ 12.51754, 56.88894 ], [ 12.51702, 56.88886 ], [ 12.50399, 56.88384 ] ], [ [ 12.51849, 56.88871 ], [ 12.51789, 56.88897 ], [ 12.51782, 56.88896 ], [ 12.51849, 56.88871 ] ], [ [ 12.50282, 56.89286 ], [ 12.50327, 56.89284 ], [ 12.50413, 56.89296 ], [ 12.50282, 56.89286 ] ], [ [ 12.49971, 56.89306 ], [ 12.5, 56.89297 ], [ 12.50148, 56.89291 ], [ 12.49971, 56.89306 ] ], [ [ 12.49842, 56.89371 ], [ 12.49884, 56.89333 ], [ 12.49927, 56.8932 ], [ 12.49842, 56.89371 ] ], [ [ 12.50596, 56.89321 ], [ 12.51782, 56.89601 ], [ 12.50547, 56.89314 ], [ 12.50596, 56.89321 ] ] ] } },
{ "type": "Feature", "properties": { "regsokod": "1382R003", "regso": "Falkenberg (Falkenbergs norra kustområde)", "kn": "1382", "kommun": "Falkenberg", "pop": 2377.0, "akutsjukhus_BICYCLE": 58.0, "akutsjukhus_CAR": 25.0, "akutsjukhus_TRANSIT": 49.0, "akutsjukhus_TRANSIT50": null, "akutsjukhus_WALK": null, "apotek_BICYCLE": 28.0, "apotek_CAR": 10.0, "apotek_TRANSIT": 29.0, "apotek_TRANSIT50": 47.0, "apotek_WALK": 34.0, "bibliotek_BICYCLE": 27.0, "bibliotek_CAR": 10.0, "bibliotek_TRANSIT": 27.0, "bibliotek_TRANSIT50": 46.0, "bibliotek_WALK": 44.0, "dagligvaror_BICYCLE": 11.0, "dagligvaror_CAR": 5.0, "dagligvaror_TRANSIT": 18.0, "dagligvaror_TRANSIT50": 29.0, "dagligvaror_WALK": 30.0, "drivmedel_BICYCLE": 13.0, "drivmedel_CAR": 5.0, "drivmedel_TRANSIT": 19.0, "drivmedel_TRANSIT50": 33.0, "drivmedel_WALK": 36.0, "forskola_BICYCLE": 13.0, "forskola_CAR": 6.0, "forskola_TRANSIT": 20.0, "forskola_TRANSIT50": 31.0, "forskola_WALK": 34.0, "grundskola_79_BICYCLE": 26.0, "grundskola_79_CAR": 10.0, "grundskola_79_TRANSIT": 27.0, "grundskola_79_TRANSIT50": 46.0, "grundskola_79_WALK": 45.0, "grundskola_f6_BICYCLE": 8.0, "grundskola_f6_CAR": 4.0, "grundskola_f6_TRANSIT": 18.0, "grundskola_f6_TRANSIT50": 24.0, "grundskola_f6_WALK": 25.0, "gymnasium_BICYCLE": 29.0, "gymnasium_CAR": 11.0, "gymnasium_TRANSIT": 27.0, "gymnasium_TRANSIT50": 48.0, "gymnasium_WALK": 42.0, "hallplats_BICYCLE": 3.0, "hallplats_CAR": 2.0, "hallplats_TRANSIT": 10.0, "hallplats_TRANSIT50": 10.0, "hallplats_WALK": 10.0, "narakut_BICYCLE": null, "narakut_CAR": 50.0, "narakut_TRANSIT": 59.0, "narakut_TRANSIT50": null, "narakut_WALK": null, "tandvard_BICYCLE": 30.0, "tandvard_CAR": 11.0, "tandvard_TRANSIT": 30.0, "tandvard_TRANSIT50": 48.0, "tandvard_WALK": 43.0, "vardcentral_BICYCLE": 30.0, "vardcentral_CAR": 11.0, "vardcentral_TRANSIT": 29.0, "vardcentral_TRANSIT50": 48.0, "vardcentral_WALK": 44.0, "v15_BICYCLE": 3.0, "v15_WALK": 1.4, "namn": "Falkenberg (Falkenbergs norra kustområde)" }, "geometry": { "type": "MultiPolygon", "coordinates": [ [ [ [ 12.4354, 57.01156 ], [ 12.43961, 57.00938 ], [ 12.44169, 57.00965 ], [ 12.45431, 57.00706 ], [ 12.4604, 57.00316 ], [ 12.45845, 57.00261 ], [ 12.4628, 57.00203 ], [ 12.47606, 56.99585 ], [ 12.47795, 56.99252 ], [ 12.48082, 56.99324 ], [ 12.48466, 56.98781 ], [ 12.48667, 56.98686 ], [ 12.4863, 56.98609 ], [ 12.48354, 56.98725 ], [ 12.48305, 56.98662 ], [ 12.50872, 56.97981 ], [ 12.50705, 56.96633 ], [ 12.50319, 56.96686 ], [ 12.50348, 56.96542 ], [ 12.5062, 56.96483 ], [ 12.50564, 56.96216 ], [ 12.48799, 56.95614 ], [ 12.48434, 56.94733 ], [ 12.49167, 56.9443 ], [ 12.49685, 56.94524 ], [ 12.50357, 56.94201 ], [ 12.50598, 56.94009 ], [ 12.50192, 56.93731 ], [ 12.50139, 56.93296 ], [ 12.50352, 56.93056 ], [ 12.50913, 56.92771 ], [ 12.50845, 56.92539 ], [ 12.5037, 56.92535 ], [ 12.48962, 56.9219 ], [ 12.4816, 56.9229 ], [ 12.4677, 56.92092 ], [ 12.4611, 56.91783 ], [ 12.45371, 56.91865 ], [ 12.44879, 56.92178 ], [ 12.44237, 56.9233 ], [ 12.43565, 56.92758 ], [ 12.43047, 56.92807 ], [ 12.42551, 56.92728 ], [ 12.42182, 56.92528 ], [ 12.4202, 56.92251 ], [ 12.41354, 56.91983 ], [ 12.41158, 56.91426 ], [ 12.41583, 56.90579 ], [ 12.41977, 56.90394 ], [ 12.42529, 56.90312 ], [ 12.42267, 56.90132 ], [ 12.41871, 56.9016 ], [ 12.41859, 56.9034 ], [ 12.41528, 56.90369 ], [ 12.41652, 56.90479 ], [ 12.41256, 56.90507 ], [ 12.41316, 56.9058 ], [ 12.40845, 56.9075 ], [ 12.40519, 56.90707 ], [ 12.40478, 56.90347 ], [ 12.4035, 56.90308 ], [ 12.39792, 56.90764 ], [ 12.39563, 56.91227 ], [ 12.3976, 56.91231 ], [ 12.39752, 56.91338 ], [ 12.39492, 56.91297 ], [ 12.39414, 56.91475 ], [ 12.3894, 56.91681 ], [ 12.38006, 56.91877 ], [ 12.37413, 56.91901 ], [ 12.37135, 56.9211 ], [ 12.3662, 56.91956 ], [ 12.36572, 56.91703 ], [ 12.36166, 56.91874 ], [ 12.36153, 56.92054 ], [ 12.3561, 56.92294 ], [ 12.37088, 56.92426 ], [ 12.37716, 56.92242 ], [ 12.38391, 56.92321 ], [ 12.39284, 56.92823 ], [ 12.39592, 56.93755 ], [ 12.39444, 56.94055 ], [ 12.39157, 56.94251 ], [ 12.38685, 56.94367 ], [ 12.38171, 56.94344 ], [ 12.38305, 56.94768 ], [ 12.38034, 56.95116 ], [ 12.37664, 56.95304 ], [ 12.3786, 56.95819 ], [ 12.37564, 56.96185 ], [ 12.36811, 56.96511 ], [ 12.35528, 56.96538 ], [ 12.34912, 56.96417 ], [ 12.34777, 56.96626 ], [ 12.35232, 56.96708 ], [ 12.35216, 56.96923 ], [ 12.35742, 56.96934 ], [ 12.35868, 56.97009 ], [ 12.35856, 56.97188 ], [ 12.35517, 56.97325 ], [ 12.35441, 56.97467 ], [ 12.36156, 56.9759 ], [ 12.36151, 56.97662 ], [ 12.35762, 56.97582 ], [ 12.35812, 56.97799 ], [ 12.36083, 56.97696 ], [ 12.36073, 56.9784 ], [ 12.35997, 56.97982 ], [ 12.358, 56.97978 ], [ 12.35656, 56.98155 ], [ 12.35456, 56.98186 ], [ 12.35504, 56.98439 ], [ 12.35767, 56.98445 ], [ 12.35625, 56.98586 ], [ 12.35817, 56.98661 ], [ 12.35741, 56.98804 ], [ 12.35938, 56.98808 ], [ 12.3612, 56.99027 ], [ 12.35979, 56.99159 ], [ 12.37249, 56.99532 ], [ 12.38146, 56.99581 ], [ 12.39018, 56.99479 ], [ 12.38965, 56.99673 ], [ 12.39622, 56.99792 ], [ 12.40527, 57.00166 ], [ 12.40861, 57.00084 ], [ 12.41193, 57.00424 ], [ 12.42648, 57.00982 ], [ 12.42727, 57.01215 ], [ 12.4354, 57.01156 ] ] ], [ [ [ 12.35125, 56.97281 ], [ 12.35264, 56.97176 ], [ 12.35001, 56.9717 ], [ 12.3493, 56.97241 ], [ 12.35125, 56.97281 ] ] ] ] } },
{ "type": "Feature", "properties": { "regsokod": "1382R004", "regso": "Falkenberg (Falkenbergs södra kustområde)", "kn": "1382", "kommun": "Falkenberg", "pop": 1913.0, "akutsjukhus_BICYCLE": null, "akutsjukhus_CAR": 29.0, "akutsjukhus_TRANSIT": 57.0, "akutsjukhus_TRANSIT50": null, "akutsjukhus_WALK": null, "apotek_BICYCLE": 38.0, "apotek_CAR": 14.0, "apotek_TRANSIT": 35.0, "apotek_TRANSIT50": 51.0, "apotek_WALK": 52.0, "bibliotek_BICYCLE": 29.0, "bibliotek_CAR": 11.0, "bibliotek_TRANSIT": 38.0, "bibliotek_TRANSIT50": 44.0, "bibliotek_WALK": 42.0, "dagligvaror_BICYCLE": 27.0, "dagligvaror_CAR": 11.0, "dagligvaror_TRANSIT": 33.0, "dagligvaror_TRANSIT50": 48.0, "dagligvaror_WALK": 44.0, "drivmedel_BICYCLE": 28.0, "drivmedel_CAR": 11.0, "drivmedel_TRANSIT": 33.0, "drivmedel_TRANSIT50": 47.0, "drivmedel_WALK": 46.0, "forskola_BICYCLE": 23.0, "forskola_CAR": 10.0, "forskola_TRANSIT": 31.0, "forskola_TRANSIT50": 47.0, "forskola_WALK": 45.0, "grundskola_79_BICYCLE": 39.0, "grundskola_79_CAR": 14.0, "grundskola_79_TRANSIT": 36.0, "grundskola_79_TRANSIT50": 54.0, "grundskola_79_WALK": 51.0, "grundskola_f6_BICYCLE": 21.0, "grundskola_f6_CAR": 9.0, "grundskola_f6_TRANSIT": 29.0, "grundskola_f6_TRANSIT50": 44.0, "grundskola_f6_WALK": 42.0, "gymnasium_BICYCLE": 44.0, "gymnasium_CAR": 20.0, "gymnasium_TRANSIT": 41.0, "gymnasium_TRANSIT50": 55.0, "gymnasium_WALK": 58.0, "hallplats_BICYCLE": 8.0, "hallplats_CAR": 4.0, "hallplats_TRANSIT": 20.0, "hallplats_TRANSIT50": 26.0, "hallplats_WALK": 26.0, "narakut_BICYCLE": null, "narakut_CAR": 58.0, "narakut_TRANSIT": null, "narakut_TRANSIT50": null, "narakut_WALK": null, "tandvard_BICYCLE": 40.0, "tandvard_CAR": 14.0, "tandvard_TRANSIT": 38.0, "tandvard_TRANSIT50": 53.0, "tandvard_WALK": 49.0, "vardcentral_BICYCLE": 27.0, "vardcentral_CAR": 11.0, "vardcentral_TRANSIT": 36.0, "vardcentral_TRANSIT50": 47.0, "vardcentral_WALK": 44.0, "v15_BICYCLE": 1.3, "v15_WALK": 0.3, "namn": "Falkenberg (Falkenbergs södra kustområde)" }, "geometry": { "type": "MultiPolygon", "coordinates": [ [ [ [ 12.60923, 56.78856 ], [ 12.60787, 56.78926 ], [ 12.60984, 56.78929 ], [ 12.60923, 56.78856 ] ] ], [ [ [ 12.61146, 56.94913 ], [ 12.61378, 56.94629 ], [ 12.62545, 56.94347 ], [ 12.62122, 56.93469 ], [ 12.62319, 56.93001 ], [ 12.62128, 56.92447 ], [ 12.6187, 56.92208 ], [ 12.61522, 56.92094 ], [ 12.62491, 56.9091 ], [ 12.62331, 56.90843 ], [ 12.61796, 56.90857 ], [ 12.61151, 56.90605 ], [ 12.6089, 56.90063 ], [ 12.60454, 56.89883 ], [ 12.60285, 56.89672 ], [ 12.60359, 56.89463 ], [ 12.60086, 56.88923 ], [ 12.61365, 56.88301 ], [ 12.62058, 56.88247 ], [ 12.62825, 56.87733 ], [ 12.63118, 56.87785 ], [ 12.63689, 56.87603 ], [ 12.63139, 56.87869 ], [ 12.63581, 56.88297 ], [ 12.63516, 56.88458 ], [ 12.63662, 56.88469 ], [ 12.63818, 56.88218 ], [ 12.64529, 56.87902 ], [ 12.64961, 56.88325 ], [ 12.64908, 56.8814 ], [ 12.65324, 56.88374 ], [ 12.66628, 56.88784 ], [ 12.66997, 56.89292 ], [ 12.67266, 56.89373 ], [ 12.68191, 56.89263 ], [ 12.68557, 56.8907 ], [ 12.69271, 56.88323 ], [ 12.69326, 56.88051 ], [ 12.70407, 56.877 ], [ 12.70251, 56.87403 ], [ 12.70668, 56.8715 ], [ 12.70973, 56.86373 ], [ 12.72015, 56.86011 ], [ 12.72574, 56.85569 ], [ 12.72104, 56.85429 ], [ 12.72359, 56.85077 ], [ 12.73023, 56.85213 ], [ 12.73072, 56.84903 ], [ 12.73293, 56.84934 ], [ 12.73751, 56.84454 ], [ 12.73245, 56.84548 ], [ 12.73105, 56.84674 ], [ 12.7305, 56.84456 ], [ 12.72621, 56.84314 ], [ 12.72687, 56.84129 ], [ 12.72258, 56.83979 ], [ 12.72051, 56.83756 ], [ 12.71685, 56.83761 ], [ 12.72025, 56.83401 ], [ 12.71873, 56.8318 ], [ 12.71518, 56.8321 ], [ 12.71187, 56.83385 ], [ 12.70334, 56.82938 ], [ 12.69504, 56.82699 ], [ 12.69439, 56.82447 ], [ 12.68427, 56.82066 ], [ 12.68607, 56.81949 ], [ 12.68098, 56.81563 ], [ 12.6825, 56.81349 ], [ 12.68002, 56.81306 ], [ 12.67764, 56.81487 ], [ 12.67363, 56.81533 ], [ 12.66592, 56.81471 ], [ 12.66321, 56.81332 ], [ 12.65978, 56.81102 ], [ 12.65242, 56.80081 ], [ 12.64985, 56.80301 ], [ 12.65197, 56.80461 ], [ 12.64865, 56.80639 ], [ 12.64542, 56.80557 ], [ 12.64204, 56.80243 ], [ 12.62986, 56.80311 ], [ 12.63176, 56.79782 ], [ 12.63608, 56.7985 ], [ 12.63694, 56.79467 ], [ 12.64311, 56.79447 ], [ 12.63163, 56.78468 ], [ 12.62655, 56.78539 ], [ 12.61632, 56.78007 ], [ 12.61627, 56.78079 ], [ 12.61366, 56.78074 ], [ 12.61228, 56.78179 ], [ 12.61219, 56.78323 ], [ 12.61593, 56.78618 ], [ 12.61433, 56.79082 ], [ 12.61155, 56.79328 ], [ 12.61211, 56.79473 ], [ 12.60886, 56.79431 ], [ 12.6087, 56.79682 ], [ 12.60611, 56.79641 ], [ 12.60399, 56.79889 ], [ 12.6059, 56.79964 ], [ 12.60511, 56.80179 ], [ 12.60822, 56.80436 ], [ 12.60921, 56.80941 ], [ 12.61305, 56.81092 ], [ 12.60995, 56.81841 ], [ 12.60726, 56.81944 ], [ 12.6092, 56.81984 ], [ 12.60703, 56.82303 ], [ 12.6036, 56.82548 ], [ 12.60032, 56.82542 ], [ 12.60014, 56.82829 ], [ 12.59126, 56.83387 ], [ 12.58672, 56.83306 ], [ 12.58855, 56.83526 ], [ 12.58651, 56.8363 ], [ 12.58328, 56.83551 ], [ 12.58314, 56.83767 ], [ 12.57844, 56.83938 ], [ 12.57828, 56.84189 ], [ 12.57575, 56.8404 ], [ 12.575, 56.84182 ], [ 12.56705, 56.84311 ], [ 12.56579, 56.84236 ], [ 12.56249, 56.84266 ], [ 12.55743, 56.83968 ], [ 12.55481, 56.83963 ], [ 12.55332, 56.84248 ], [ 12.55006, 56.84206 ], [ 12.54934, 56.84312 ], [ 12.54674, 56.84271 ], [ 12.54599, 56.84413 ], [ 12.54468, 56.84411 ], [ 12.54595, 56.84485 ], [ 12.54515, 56.84699 ], [ 12.54707, 56.84775 ], [ 12.54697, 56.84919 ], [ 12.54428, 56.85021 ], [ 12.54623, 56.85061 ], [ 12.54665, 56.85421 ], [ 12.5492, 56.85534 ], [ 12.54842, 56.85713 ], [ 12.55686, 56.8564 ], [ 12.56336, 56.85862 ], [ 12.56615, 56.86412 ], [ 12.57359, 56.86901 ], [ 12.57311, 56.87412 ], [ 12.58013, 56.87584 ], [ 12.58918, 56.88491 ], [ 12.59036, 56.89057 ], [ 12.58308, 56.89632 ], [ 12.57987, 56.89755 ], [ 12.57332, 56.89812 ], [ 12.56266, 56.89643 ], [ 12.56634, 56.90077 ], [ 12.56416, 56.90517 ], [ 12.54803, 56.90997 ], [ 12.54181, 56.91016 ], [ 12.54716, 56.91504 ], [ 12.54594, 56.91989 ], [ 12.55216, 56.92038 ], [ 12.56282, 56.92322 ], [ 12.56639, 56.92507 ], [ 12.5679, 56.92735 ], [ 12.56484, 56.93409 ], [ 12.55286, 56.93775 ], [ 12.54954, 56.94032 ], [ 12.55538, 56.94223 ], [ 12.55833, 56.94588 ], [ 12.57946, 56.94863 ], [ 12.59101, 56.95147 ], [ 12.60316, 56.95119 ], [ 12.61073, 56.94824 ], [ 12.61146, 56.94913 ] ], [ [ 12.66942, 56.86325 ], [ 12.66533, 56.86038 ], [ 12.66483, 56.85741 ], [ 12.66852, 56.85378 ], [ 12.67187, 56.85265 ], [ 12.67437, 56.84784 ], [ 12.67735, 56.84548 ], [ 12.68369, 56.84407 ], [ 12.69672, 56.84514 ], [ 12.70093, 56.84037 ], [ 12.70894, 56.83783 ], [ 12.71436, 56.83758 ], [ 12.72119, 56.83988 ], [ 12.72319, 56.84459 ], [ 12.7168, 56.85094 ], [ 12.71606, 56.85712 ], [ 12.71113, 56.86178 ], [ 12.70378, 56.86415 ], [ 12.69333, 56.86484 ], [ 12.68785, 56.86398 ], [ 12.68018, 56.865 ], [ 12.66942, 56.86325 ] ] ] ] } },
{ "type": "Feature", "properties": { "regsokod": "1382R005", "regso": "Falkenberg (Glommen)", "kn": "1382", "kommun": "Falkenberg", "pop": 1428.0, "akutsjukhus_BICYCLE": null, "akutsjukhus_CAR": 30.0, "akutsjukhus_TRANSIT": 58.0, "akutsjukhus_TRANSIT50": null, "akutsjukhus_WALK": null, "apotek_BICYCLE": 38.0, "apotek_CAR": 14.0, "apotek_TRANSIT": 34.0, "apotek_TRANSIT50": 44.0, "apotek_WALK": null, "bibliotek_BICYCLE": 27.0, "bibliotek_CAR": 11.0, "bibliotek_TRANSIT": 29.0, "bibliotek_TRANSIT50": 42.0, "bibliotek_WALK": 56.0, "dagligvaror_BICYCLE": 7.0, "dagligvaror_CAR": 4.0, "dagligvaror_TRANSIT": 18.0, "dagligvaror_TRANSIT50": 18.0, "dagligvaror_WALK": 18.0, "drivmedel_BICYCLE": 23.0, "drivmedel_CAR": 9.0, "drivmedel_TRANSIT": 30.0, "drivmedel_TRANSIT50": 43.0, "drivmedel_WALK": 51.0, "forskola_BICYCLE": 7.0, "forskola_CAR": 5.0, "forskola_TRANSIT": 18.0, "forskola_TRANSIT50": 19.0, "forskola_WALK": 19.0, "grundskola_79_BICYCLE": 27.0, "grundskola_79_CAR": 11.0, "grundskola_79_TRANSIT": 29.0, "grundskola_79_TRANSIT50": 42.0, "grundskola_79_WALK": 56.0, "grundskola_f6_BICYCLE": 8.0, "grundskola_f6_CAR": 5.0, "grundskola_f6_TRANSIT": 20.0, "grundskola_f6_TRANSIT50": 21.0, "grundskola_f6_WALK": 21.0, "gymnasium_BICYCLE": 38.0, "gymnasium_CAR": 14.0, "gymnasium_TRANSIT": 35.0, "gymnasium_TRANSIT50": 46.0, "gymnasium_WALK": null, "hallplats_BICYCLE": 5.0, "hallplats_CAR": 3.0, "hallplats_TRANSIT": 14.0, "hallplats_TRANSIT50": 14.0, "hallplats_WALK": 14.0, "narakut_BICYCLE": null, "narakut_CAR": 55.0, "narakut_TRANSIT": null, "narakut_TRANSIT50": null, "narakut_WALK": null, "tandvard_BICYCLE": 39.0, "tandvard_CAR": 15.0, "tandvard_TRANSIT": 36.0, "tandvard_TRANSIT50": 46.0, "tandvard_WALK": null, "vardcentral_BICYCLE": 39.0, "vardcentral_CAR": 14.0, "vardcentral_TRANSIT": 37.0, "vardcentral_TRANSIT50": 46.0, "vardcentral_WALK": null, "v15_BICYCLE": 2.7, "v15_WALK": 1.6, "namn": "Falkenberg (Glommen)" }, "geometry": { "type": "Polygon", "coordinates": [ [ [ 12.35329, 56.96518 ], [ 12.36871, 56.965 ], [ 12.37606, 56.96159 ], [ 12.37862, 56.95785 ], [ 12.37664, 56.95304 ], [ 12.38034, 56.95116 ], [ 12.38305, 56.94768 ], [ 12.38171, 56.94344 ], [ 12.38995, 56.94309 ], [ 12.39519, 56.9395 ], [ 12.39593, 56.93613 ], [ 12.39327, 56.93245 ], [ 12.39284, 56.92823 ], [ 12.38159, 56.92262 ], [ 12.3759, 56.92256 ], [ 12.37088, 56.92426 ], [ 12.35609, 56.92304 ], [ 12.356, 56.92438 ], [ 12.35865, 56.92407 ], [ 12.35923, 56.92516 ], [ 12.36186, 56.92522 ], [ 12.3617, 56.92737 ], [ 12.35698, 56.92907 ], [ 12.35176, 56.9286 ], [ 12.35357, 56.9308 ], [ 12.34898, 56.9307 ], [ 12.34827, 56.9314 ], [ 12.3568, 56.93158 ], [ 12.35983, 56.93524 ], [ 12.3588, 56.94061 ], [ 12.35672, 56.94201 ], [ 12.35407, 56.94231 ], [ 12.35536, 56.9427 ], [ 12.35503, 56.94736 ], [ 12.35301, 56.94804 ], [ 12.35215, 56.9509 ], [ 12.35344, 56.95128 ], [ 12.35265, 56.95306 ], [ 12.3546, 56.95347 ], [ 12.35429, 56.95777 ], [ 12.34868, 56.96269 ], [ 12.34913, 56.96417 ], [ 12.35329, 56.96518 ] ] ] } },
{ "type": "Feature", "properties": { "regsokod": "1382R006", "regso": "Falkenberg (Skogstorp)", "kn": "1382", "kommun": "Falkenberg", "pop": 2431.0, "akutsjukhus_BICYCLE": null, "akutsjukhus_CAR": 31.0, "akutsjukhus_TRANSIT": 55.0, "akutsjukhus_TRANSIT50": null, "akutsjukhus_WALK": null, "apotek_BICYCLE": 13.0, "apotek_CAR": 7.0, "apotek_TRANSIT": 15.0, "apotek_TRANSIT50": 26.0, "apotek_WALK": 41.0, "bibliotek_BICYCLE": 3.0, "bibliotek_CAR": 4.0, "bibliotek_TRANSIT": 9.0, "bibliotek_TRANSIT50": 10.0, "bibliotek_WALK": 10.0, "dagligvaror_BICYCLE": 12.0, "dagligvaror_CAR": 6.0, "dagligvaror_TRANSIT": 15.0, "dagligvaror_TRANSIT50": 25.0, "dagligvaror_WALK": 38.0, "drivmedel_BICYCLE": 8.0, "drivmedel_CAR": 4.0, "drivmedel_TRANSIT": 13.0, "drivmedel_TRANSIT50": 22.0, "drivmedel_WALK": 27.0, "forskola_BICYCLE": 3.0, "forskola_CAR": 2.0, "forskola_TRANSIT": 8.0, "forskola_TRANSIT50": 9.0, "forskola_WALK": 9.0, "grundskola_79_BICYCLE": 3.0, "grundskola_79_CAR": 4.0, "grundskola_79_TRANSIT": 9.0, "grundskola_79_TRANSIT50": 10.0, "grundskola_79_WALK": 10.0, "grundskola_f6_BICYCLE": 3.0, "grundskola_f6_CAR": 4.0, "grundskola_f6_TRANSIT": 9.0, "grundskola_f6_TRANSIT50": 10.0, "grundskola_f6_WALK": 10.0, "gymnasium_BICYCLE": 14.0, "gymnasium_CAR": 9.0, "gymnasium_TRANSIT": 18.0, "gymnasium_TRANSIT50": 29.0, "gymnasium_WALK": 44.0, "hallplats_BICYCLE": 1.0, "hallplats_CAR": 1.0, "hallplats_TRANSIT": 5.0, "hallplats_TRANSIT50": 5.0, "hallplats_WALK": 5.0, "narakut_BICYCLE": null, "narakut_CAR": 56.0, "narakut_TRANSIT": null, "narakut_TRANSIT50": null, "narakut_WALK": null, "tandvard_BICYCLE": 14.0, "tandvard_CAR": 8.0, "tandvard_TRANSIT": 17.0, "tandvard_TRANSIT50": 29.0, "tandvard_WALK": 45.0, "vardcentral_BICYCLE": 14.0, "vardcentral_CAR": 8.0, "vardcentral_TRANSIT": 18.0, "vardcentral_TRANSIT50": 29.0, "vardcentral_WALK": 44.0, "v15_BICYCLE": 5.7, "v15_WALK": 2.7, "namn": "Falkenberg (Skogstorp)" }, "geometry": { "type": "Polygon", "coordinates": [ [ [ 12.43786, 56.92684 ], [ 12.44237, 56.9233 ], [ 12.44879, 56.92178 ], [ 12.45371, 56.91865 ], [ 12.4611, 56.91783 ], [ 12.46609, 56.92058 ], [ 12.46871, 56.91476 ], [ 12.46203, 56.91522 ], [ 12.45308, 56.90852 ], [ 12.46691, 56.90541 ], [ 12.45814, 56.89666 ], [ 12.45519, 56.8966 ], [ 12.4538, 56.89765 ], [ 12.44658, 56.8975 ], [ 12.44056, 56.89917 ], [ 12.43796, 56.89876 ], [ 12.43679, 56.89658 ], [ 12.43344, 56.89759 ], [ 12.43062, 56.90041 ], [ 12.42731, 56.9007 ], [ 12.42605, 56.89996 ], [ 12.42371, 56.90134 ], [ 12.42529, 56.90312 ], [ 12.41868, 56.90428 ], [ 12.41486, 56.90673 ], [ 12.41159, 56.91318 ], [ 12.41226, 56.91788 ], [ 12.41426, 56.92041 ], [ 12.4202, 56.92251 ], [ 12.42149, 56.92496 ], [ 12.42606, 56.92745 ], [ 12.43245, 56.92806 ], [ 12.43786, 56.92684 ] ], [ [ 12.42887, 56.90987 ], [ 12.42891, 56.90982 ], [ 12.43103, 56.90878 ], [ 12.42887, 56.90987 ] ], [ [ 12.42769, 56.91119 ], [ 12.42771, 56.91113 ], [ 12.42831, 56.91048 ], [ 12.42769, 56.91119 ] ] ] } },
{ "type": "Feature", "properties": { "regsokod": "1382R007", "regso": "Falkenberg (Skrea)", "kn": "1382", "kommun": "Falkenberg", "pop": 3365.0, "akutsjukhus_BICYCLE": null, "akutsjukhus_CAR": 29.0, "akutsjukhus_TRANSIT": null, "akutsjukhus_TRANSIT50": null, "akutsjukhus_WALK": null, "apotek_BICYCLE": 13.0, "apotek_CAR": 6.0, "apotek_TRANSIT": 15.0, "apotek_TRANSIT50": 30.0, "apotek_WALK": 40.0, "bibliotek_BICYCLE": 23.0, "bibliotek_CAR": 12.0, "bibliotek_TRANSIT": 29.0, "bibliotek_TRANSIT50": 43.0, "bibliotek_WALK": 58.0, "dagligvaror_BICYCLE": 13.0, "dagligvaror_CAR": 7.0, "dagligvaror_TRANSIT": 15.0, "dagligvaror_TRANSIT50": 30.0, "dagligvaror_WALK": 37.0, "drivmedel_BICYCLE": 11.0, "drivmedel_CAR": 6.0, "drivmedel_TRANSIT": 15.0, "drivmedel_TRANSIT50": 29.0, "drivmedel_WALK": 34.0, "forskola_BICYCLE": 6.0, "forskola_CAR": 4.0, "forskola_TRANSIT": 15.0, "forskola_TRANSIT50": 19.0, "forskola_WALK": 19.0, "grundskola_79_BICYCLE": 16.0, "grundskola_79_CAR": 9.0, "grundskola_79_TRANSIT": 22.0, "grundskola_79_TRANSIT50": 40.0, "grundskola_79_WALK": 45.0, "grundskola_f6_BICYCLE": 7.0, "grundskola_f6_CAR": 6.0, "grundskola_f6_TRANSIT": 16.0, "grundskola_f6_TRANSIT50": 21.0, "grundskola_f6_WALK": 21.0, "gymnasium_BICYCLE": 22.0, "gymnasium_CAR": 12.0, "gymnasium_TRANSIT": 27.0, "gymnasium_TRANSIT50": 42.0, "gymnasium_WALK": 57.0, "hallplats_BICYCLE": 2.0, "hallplats_CAR": 1.0, "hallplats_TRANSIT": 6.0, "hallplats_TRANSIT50": 8.0, "hallplats_WALK": 8.0, "narakut_BICYCLE": null, "narakut_CAR": 58.0, "narakut_TRANSIT": null, "narakut_TRANSIT50": null, "narakut_WALK": null, "tandvard_BICYCLE": 20.0, "tandvard_CAR": 10.0, "tandvard_TRANSIT": 23.0, "tandvard_TRANSIT50": 37.0, "tandvard_WALK": 52.0, "vardcentral_BICYCLE": 12.0, "vardcentral_CAR": 8.0, "vardcentral_TRANSIT": 19.0, "vardcentral_TRANSIT50": 31.0, "vardcentral_WALK": 33.0, "v15_BICYCLE": 4.4, "v15_WALK": 1.1, "namn": "Falkenberg (Skrea)" }, "geometry": { "type": "Polygon", "coordinates": [ [ [ 12.55259, 56.90853 ], [ 12.56126, 56.90662 ], [ 12.56544, 56.90393 ], [ 12.56617, 56.89972 ], [ 12.56266, 56.89643 ], [ 12.57332, 56.89812 ], [ 12.57987, 56.89755 ], [ 12.58902, 56.89221 ], [ 12.59073, 56.88901 ], [ 12.58918, 56.88491 ], [ 12.58584, 56.8825 ], [ 12.58194, 56.87707 ], [ 12.57814, 56.87495 ], [ 12.57311, 56.87412 ], [ 12.57359, 56.86901 ], [ 12.56615, 56.86412 ], [ 12.56374, 56.85892 ], [ 12.55938, 56.85683 ], [ 12.55382, 56.85625 ], [ 12.54842, 56.85713 ], [ 12.54063, 56.86596 ], [ 12.53376, 56.87049 ], [ 12.52981, 56.87078 ], [ 12.52774, 56.87217 ], [ 12.52184, 56.87206 ], [ 12.52133, 56.86989 ], [ 12.5181, 56.86911 ], [ 12.51925, 56.87164 ], [ 12.5179, 56.87208 ], [ 12.54719, 56.88652 ], [ 12.53918, 56.88613 ], [ 12.53444, 56.88693 ], [ 12.54374, 56.89221 ], [ 12.54523, 56.89174 ], [ 12.5333, 56.89648 ], [ 12.52583, 56.90106 ], [ 12.53527, 56.90166 ], [ 12.54957, 56.90816 ], [ 12.55259, 56.90853 ] ], [ [ 12.54623, 56.873 ], [ 12.54565, 56.87296 ], [ 12.54602, 56.87296 ], [ 12.54623, 56.873 ] ], [ [ 12.54286, 56.87293 ], [ 12.5434, 56.87294 ], [ 12.54238, 56.87304 ], [ 12.54286, 56.87293 ] ], [ [ 12.53901, 56.87379 ], [ 12.53976, 56.87362 ], [ 12.53813, 56.87405 ], [ 12.53901, 56.87379 ] ], [ [ 12.55712, 56.87568 ], [ 12.55273, 56.87423 ], [ 12.55695, 56.87558 ], [ 12.55712, 56.87568 ] ], [ [ 12.55903, 56.8768 ], [ 12.55934, 56.87716 ], [ 12.55893, 56.87674 ], [ 12.55903, 56.8768 ] ], [ [ 12.55995, 56.87787 ], [ 12.55998, 56.87802 ], [ 12.55987, 56.87778 ], [ 12.55995, 56.87787 ] ], [ [ 12.55761, 56.88781 ], [ 12.55904, 56.88743 ], [ 12.55648, 56.88817 ], [ 12.55761, 56.88781 ] ], [ [ 12.5604, 56.88019 ], [ 12.56037, 56.88015 ], [ 12.56036, 56.87998 ], [ 12.5604, 56.88019 ] ], [ [ 12.56103, 56.8809 ], [ 12.56086, 56.88083 ], [ 12.56056, 56.88042 ], [ 12.56103, 56.8809 ] ], [ [ 12.56245, 56.8814 ], [ 12.56228, 56.8814 ], [ 12.56174, 56.88118 ], [ 12.56245, 56.8814 ] ], [ [ 12.56518, 56.88133 ], [ 12.56526, 56.88134 ], [ 12.5647, 56.88135 ], [ 12.56518, 56.88133 ] ], [ [ 12.56608, 56.88146 ], [ 12.56632, 56.88159 ], [ 12.56546, 56.88137 ], [ 12.56608, 56.88146 ] ], [ [ 12.56685, 56.88186 ], [ 12.56964, 56.88459 ], [ 12.56661, 56.88174 ], [ 12.56685, 56.88186 ] ] ] } },
{ "type": "Feature", "properties": { "regsokod": "1382R008", "regso": "Falkenberg (Slöinge)", "kn": "1382", "kommun": "Falkenberg", "pop": 1160.0, "akutsjukhus_BICYCLE": null, "akutsjukhus_CAR": 22.0, "akutsjukhus_TRANSIT": 56.0, "akutsjukhus_TRANSIT50": null, "akutsjukhus_WALK": null, "apotek_BICYCLE": 24.0, "apotek_CAR": 8.0, "apotek_TRANSIT": 20.0, "apotek_TRANSIT50": 39.0, "apotek_WALK": 53.0, "bibliotek_BICYCLE": 2.0, "bibliotek_CAR": 2.0, "bibliotek_TRANSIT": 7.0, "bibliotek_TRANSIT50": 8.0, "bibliotek_WALK": 8.0, "dagligvaror_BICYCLE": 3.0, "dagligvaror_CAR": 2.0, "dagligvaror_TRANSIT": 8.0, "dagligvaror_TRANSIT50": 9.0, "dagligvaror_WALK": 9.0, "drivmedel_BICYCLE": 4.0, "drivmedel_CAR": 3.0, "drivmedel_TRANSIT": 13.0, "drivmedel_TRANSIT50": 14.0, "drivmedel_WALK": 14.0, "forskola_BICYCLE": 4.0, "forskola_CAR": 3.0, "forskola_TRANSIT": 11.0, "forskola_TRANSIT50": 11.0, "forskola_WALK": 11.0, "grundskola_79_BICYCLE": 22.0, "grundskola_79_CAR": 6.0, "grundskola_79_TRANSIT": 18.0, "grundskola_79_TRANSIT50": 37.0, "grundskola_79_WALK": 55.0, "grundskola_f6_BICYCLE": 2.0, "grundskola_f6_CAR": 2.0, "grundskola_f6_TRANSIT": 7.0, "grundskola_f6_TRANSIT50": 8.0, "grundskola_f6_WALK": 8.0, "gymnasium_BICYCLE": 57.0, "gymnasium_CAR": 17.0, "gymnasium_TRANSIT": 36.0, "gymnasium_TRANSIT50": null, "gymnasium_WALK": null, "hallplats_BICYCLE": 2.0, "hallplats_CAR": 1.0, "hallplats_TRANSIT": 5.0, "hallplats_TRANSIT50": 5.0, "hallplats_WALK": 5.0, "narakut_BICYCLE": null, "narakut_CAR": 53.0, "narakut_TRANSIT": null, "narakut_TRANSIT50": null, "narakut_WALK": null, "tandvard_BICYCLE": 22.0, "tandvard_CAR": 5.0, "tandvard_TRANSIT": 17.0, "tandvard_TRANSIT50": 36.0, "tandvard_WALK": 55.0, "vardcentral_BICYCLE": 4.0, "vardcentral_CAR": 3.0, "vardcentral_TRANSIT": 10.0, "vardcentral_TRANSIT50": 12.0, "vardcentral_WALK": 12.0, "v15_BICYCLE": 5.0, "v15_WALK": 4.4, "namn": "Falkenberg (Slöinge)" }, "geometry": { "type": "Polygon", "coordinates": [ [ [ 12.67449, 56.86443 ], [ 12.68216, 56.86505 ], [ 12.68785, 56.86398 ], [ 12.69333, 56.86484 ], [ 12.70378, 56.86415 ], [ 12.71113, 56.86178 ], [ 12.7162, 56.85679 ], [ 12.7168, 56.85094 ], [ 12.72329, 56.84425 ], [ 12.72257, 56.84125 ], [ 12.71935, 56.83882 ], [ 12.71436, 56.83758 ], [ 12.70894, 56.83783 ], [ 12.70093, 56.84037 ], [ 12.69672, 56.84514 ], [ 12.68369, 56.84407 ], [ 12.67598, 56.84626 ], [ 12.67187, 56.85265 ], [ 12.66806, 56.85402 ], [ 12.66483, 56.85741 ], [ 12.66654, 56.86168 ], [ 12.67449, 56.86443 ] ] ] } },
{ "type": "Feature", "properties": { "regsokod": "1382R009", "regso": "Falkenberg (Stafsinge-Gruebäcken)", "kn": "1382", "kommun": "Falkenberg", "pop": 4138.0, "akutsjukhus_BICYCLE": null, "akutsjukhus_CAR": 32.0, "akutsjukhus_TRANSIT": 46.0, "akutsjukhus_TRANSIT50": 59.0, "akutsjukhus_WALK": null, "apotek_BICYCLE": 4.0, "apotek_CAR": 4.0, "apotek_TRANSIT": 10.0, "apotek_TRANSIT50": 12.0, "apotek_WALK": 12.0, "bibliotek_BICYCLE": 5.0, "bibliotek_CAR": 5.0, "bibliotek_TRANSIT": 10.0, "bibliotek_TRANSIT50": 15.0, "bibliotek_WALK": 15.0, "dagligvaror_BICYCLE": 2.0, "dagligvaror_CAR": 3.0, "dagligvaror_TRANSIT": 7.0, "dagligvaror_TRANSIT50": 8.0, "dagligvaror_WALK": 8.0, "drivmedel_BICYCLE": 3.0, "drivmedel_CAR": 3.0, "drivmedel_TRANSIT": 7.0, "drivmedel_TRANSIT50": 9.0, "drivmedel_WALK": 9.0, "forskola_BICYCLE": 2.0, "forskola_CAR": 3.0, "forskola_TRANSIT": 7.0, "forskola_TRANSIT50": 7.0, "forskola_WALK": 7.0, "grundskola_79_BICYCLE": 5.0, "grundskola_79_CAR": 5.0, "grundskola_79_TRANSIT": 13.0, "grundskola_79_TRANSIT50": 14.0, "grundskola_79_WALK": 14.0, "grundskola_f6_BICYCLE": 5.0, "grundskola_f6_CAR": 5.0, "grundskola_f6_TRANSIT": 13.0, "grundskola_f6_TRANSIT50": 14.0, "grundskola_f6_WALK": 14.0, "gymnasium_BICYCLE": 5.0, "gymnasium_CAR": 5.0, "gymnasium_TRANSIT": 9.0, "gymnasium_TRANSIT50": 14.0, "gymnasium_WALK": 14.0, "hallplats_BICYCLE": 1.0, "hallplats_CAR": 1.0, "hallplats_TRANSIT": 4.0, "hallplats_TRANSIT50": 4.0, "hallplats_WALK": 4.0, "narakut_BICYCLE": null, "narakut_CAR": 56.0, "narakut_TRANSIT": 51.0, "narakut_TRANSIT50": null, "narakut_WALK": null, "tandvard_BICYCLE": 4.0, "tandvard_CAR": 4.0, "tandvard_TRANSIT": 9.0, "tandvard_TRANSIT50": 12.0, "tandvard_WALK": 12.0, "vardcentral_BICYCLE": 4.0, "vardcentral_CAR": 4.0, "vardcentral_TRANSIT": 9.0, "vardcentral_TRANSIT50": 12.0, "vardcentral_WALK": 12.0, "v15_BICYCLE": 6.0, "v15_WALK": 4.4, "namn": "Falkenberg (Stafsinge-Gruebäcken)" }, "geometry": { "type": "Polygon", "coordinates": [ [ [ 12.50808, 56.91551 ], [ 12.51282, 56.9117 ], [ 12.50627, 56.91154 ], [ 12.50286, 56.90675 ], [ 12.49888, 56.9059 ], [ 12.48775, 56.90693 ], [ 12.48995, 56.90946 ], [ 12.49495, 56.9088 ], [ 12.49657, 56.91147 ], [ 12.49109, 56.9137 ], [ 12.47374, 56.90797 ], [ 12.46997, 56.91189 ], [ 12.46609, 56.92058 ], [ 12.4816, 56.9229 ], [ 12.48962, 56.9219 ], [ 12.5037, 56.92535 ], [ 12.50845, 56.92539 ], [ 12.50385, 56.91727 ], [ 12.50808, 56.91551 ] ], [ [ 12.50296, 56.91617 ], [ 12.50307, 56.91556 ], [ 12.503, 56.91619 ], [ 12.50296, 56.91617 ] ] ] } },
{ "type": "Feature", "properties": { "regsokod": "1382R010", "regso": "Falkenberg (Tröingeberg-Fajans)", "kn": "1382", "kommun": "Falkenberg", "pop": 4966.0, "akutsjukhus_BICYCLE": null, "akutsjukhus_CAR": 30.0, "akutsjukhus_TRANSIT": 50.0, "akutsjukhus_TRANSIT50": 54.0, "akutsjukhus_WALK": null, "apotek_BICYCLE": 7.0, "apotek_CAR": 5.0, "apotek_TRANSIT": 15.0, "apotek_TRANSIT50": 20.0, "apotek_WALK": 20.0, "bibliotek_BICYCLE": 10.0, "bibliotek_CAR": 8.0, "bibliotek_TRANSIT": 16.0, "bibliotek_TRANSIT50": 26.0, "bibliotek_WALK": 31.0, "dagligvaror_BICYCLE": 6.0, "dagligvaror_CAR": 5.0, "dagligvaror_TRANSIT": 13.0, "dagligvaror_TRANSIT50": 17.0, "dagligvaror_WALK": 17.0, "drivmedel_BICYCLE": 6.0, "drivmedel_CAR": 5.0, "drivmedel_TRANSIT": 15.0, "drivmedel_TRANSIT50": 18.0, "drivmedel_WALK": 18.0, "forskola_BICYCLE": 3.0, "forskola_CAR": 3.0, "forskola_TRANSIT": 8.0, "forskola_TRANSIT50": 8.0, "forskola_WALK": 8.0, "grundskola_79_BICYCLE": 4.0, "grundskola_79_CAR": 5.0, "grundskola_79_TRANSIT": 12.0, "grundskola_79_TRANSIT50": 13.0, "grundskola_79_WALK": 13.0, "grundskola_f6_BICYCLE": 4.0, "grundskola_f6_CAR": 5.0, "grundskola_f6_TRANSIT": 12.0, "grundskola_f6_TRANSIT50": 14.0, "grundskola_f6_WALK": 14.0, "gymnasium_BICYCLE": 9.0, "gymnasium_CAR": 8.0, "gymnasium_TRANSIT": 14.0, "gymnasium_TRANSIT50": 24.0, "gymnasium_WALK": 28.0, "hallplats_BICYCLE": 1.0, "hallplats_CAR": 2.0, "hallplats_TRANSIT": 5.0, "hallplats_TRANSIT50": 5.0, "hallplats_WALK": 5.0, "narakut_BICYCLE": null, "narakut_CAR": 55.0, "narakut_TRANSIT": 53.0, "narakut_TRANSIT50": null, "narakut_WALK": null, "tandvard_BICYCLE": 7.0, "tandvard_CAR": 7.0, "tandvard_TRANSIT": 12.0, "tandvard_TRANSIT50": 19.0, "tandvard_WALK": 21.0, "vardcentral_BICYCLE": 7.0, "vardcentral_CAR": 7.0, "vardcentral_TRANSIT": 11.0, "vardcentral_TRANSIT50": 19.0, "vardcentral_WALK": 20.0, "v15_BICYCLE": 6.0, "v15_WALK": 2.6, "namn": "Falkenberg (Tröingeberg-Fajans)" }, "geometry": { "type": "Polygon", "coordinates": [ [ [ 12.51224, 56.91157 ], [ 12.50808, 56.91551 ], [ 12.50385, 56.91727 ], [ 12.50913, 56.92771 ], [ 12.50231, 56.93159 ], [ 12.50142, 56.93615 ], [ 12.52464, 56.92837 ], [ 12.54596, 56.91979 ], [ 12.54716, 56.91504 ], [ 12.54181, 56.91016 ], [ 12.54739, 56.91009 ], [ 12.55259, 56.90853 ], [ 12.54957, 56.90816 ], [ 12.53392, 56.90134 ], [ 12.52343, 56.90092 ], [ 12.52039, 56.90195 ], [ 12.51844, 56.90062 ], [ 12.51507, 56.90052 ], [ 12.50286, 56.90675 ], [ 12.50627, 56.91154 ], [ 12.50786, 56.9111 ], [ 12.51147, 56.91213 ], [ 12.51224, 56.91157 ] ] ] } },
{ "type": "Feature", "properties": { "regsokod": "1382R011", "regso": "Falkenberg (Ullared-Inland)", "kn": "1382", "kommun": "Falkenberg", "pop": 5106.0, "akutsjukhus_BICYCLE": null, "akutsjukhus_CAR": 44.0, "akutsjukhus_TRANSIT": null, "akutsjukhus_TRANSIT50": null, "akutsjukhus_WALK": null, "apotek_BICYCLE": 32.0, "apotek_CAR": 13.0, "apotek_TRANSIT": 27.0, "apotek_TRANSIT50": 36.0, "apotek_WALK": 20.0, "bibliotek_BICYCLE": 27.0, "bibliotek_CAR": 10.0, "bibliotek_TRANSIT": 23.0, "bibliotek_TRANSIT50": 31.0, "bibliotek_WALK": 20.0, "dagligvaror_BICYCLE": 26.0, "dagligvaror_CAR": 8.0, "dagligvaror_TRANSIT": 21.0, "dagligvaror_TRANSIT50": 31.0, "dagligvaror_WALK": 18.0, "drivmedel_BICYCLE": 19.0, "drivmedel_CAR": 6.0, "drivmedel_TRANSIT": 21.0, "drivmedel_TRANSIT50": 27.0, "drivmedel_WALK": 19.0, "forskola_BICYCLE": 45.0, "forskola_CAR": 18.0, "forskola_TRANSIT": 39.0, "forskola_TRANSIT50": 55.0, "forskola_WALK": 53.0, "grundskola_79_BICYCLE": 32.0, "grundskola_79_CAR": 14.0, "grundskola_79_TRANSIT": 29.0, "grundskola_79_TRANSIT50": 35.0, "grundskola_79_WALK": 22.0, "grundskola_f6_BICYCLE": 17.0, "grundskola_f6_CAR": 6.0, "grundskola_f6_TRANSIT": 21.0, "grundskola_f6_TRANSIT50": 26.0, "grundskola_f6_WALK": 24.0, "gymnasium_BICYCLE": 58.0, "gymnasium_CAR": 32.0, "gymnasium_TRANSIT": 47.0, "gymnasium_TRANSIT50": null, "gymnasium_WALK": null, "hallplats_BICYCLE": 10.0, "hallplats_CAR": 4.0, "hallplats_TRANSIT": 15.0, "hallplats_TRANSIT50": 16.0, "hallplats_WALK": 16.0, "narakut_BICYCLE": null, "narakut_CAR": 58.0, "narakut_TRANSIT": null, "narakut_TRANSIT50": null, "narakut_WALK": null, "tandvard_BICYCLE": 31.0, "tandvard_CAR": 13.0, "tandvard_TRANSIT": 27.0, "tandvard_TRANSIT50": 36.0, "tandvard_WALK": 20.0, "vardcentral_BICYCLE": 31.0, "vardcentral_CAR": 13.0, "vardcentral_TRANSIT": 28.0, "vardcentral_TRANSIT50": 36.0, "vardcentral_WALK": 20.0, "v15_BICYCLE": 2.2, "v15_WALK": 1.4, "namn": "Falkenberg (Ullared-Inland)" }, "geometry": { "type": "Polygon", "coordinates": [ [ [ 12.63487, 57.15896 ], [ 12.63787, 57.15943 ], [ 12.64151, 57.16128 ], [ 12.64341, 57.16372 ], [ 12.64911, 57.16593 ], [ 12.64507, 57.17024 ], [ 12.64672, 57.17194 ], [ 12.64091, 57.17277 ], [ 12.63805, 57.17686 ], [ 12.63625, 57.17732 ], [ 12.63374, 57.17639 ], [ 12.62982, 57.17891 ], [ 12.6297, 57.18254 ], [ 12.63882, 57.18324 ], [ 12.63722, 57.18576 ], [ 12.62792, 57.18551 ], [ 12.6281, 57.18728 ], [ 12.6327, 57.18828 ], [ 12.6342, 57.18957 ], [ 12.62517, 57.19296 ], [ 12.62409, 57.19469 ], [ 12.62271, 57.19926 ], [ 12.62471, 57.20273 ], [ 12.62347, 57.20954 ], [ 12.62766, 57.21247 ], [ 12.63379, 57.21427 ], [ 12.63347, 57.21756 ], [ 12.64148, 57.22346 ], [ 12.64124, 57.22562 ], [ 12.65111, 57.22601 ], [ 12.65179, 57.22511 ], [ 12.65621, 57.22513 ], [ 12.65727, 57.22621 ], [ 12.65619, 57.22754 ], [ 12.65857, 57.22757 ], [ 12.66704, 57.23344 ], [ 12.66933, 57.22976 ], [ 12.67435, 57.2289 ], [ 12.6874, 57.23686 ], [ 12.71457, 57.25012 ], [ 12.7195, 57.25425 ], [ 12.73615, 57.26333 ], [ 12.7385, 57.26673 ], [ 12.75419, 57.26804 ], [ 12.7636, 57.27006 ], [ 12.7628, 57.27341 ], [ 12.77261, 57.27678 ], [ 12.77551, 57.2758 ], [ 12.77954, 57.28051 ], [ 12.77908, 57.28431 ], [ 12.80754, 57.30111 ], [ 12.81696, 57.29344 ], [ 12.82691, 57.2777 ], [ 12.83615, 57.26972 ], [ 12.85079, 57.26801 ], [ 12.86077, 57.26562 ], [ 12.86248, 57.26863 ], [ 12.87004, 57.2678 ], [ 12.88029, 57.26965 ], [ 12.88142, 57.27149 ], [ 12.89384, 57.27028 ], [ 12.90162, 57.2678 ], [ 12.9025, 57.26911 ], [ 12.90612, 57.27035 ], [ 12.92125, 57.26456 ], [ 12.92952, 57.26385 ], [ 12.93186, 57.26285 ], [ 12.93355, 57.26122 ], [ 12.92737, 57.25641 ], [ 12.93138, 57.25412 ], [ 12.93064, 57.25151 ], [ 12.93215, 57.25011 ], [ 12.93383, 57.2507 ], [ 12.94467, 57.24739 ], [ 12.94599, 57.2483 ], [ 12.94916, 57.24806 ], [ 12.95204, 57.24631 ], [ 12.95416, 57.2412 ], [ 12.95238, 57.23913 ], [ 12.93906, 57.23141 ], [ 12.935, 57.2275 ], [ 12.92539, 57.22826 ], [ 12.92118, 57.22402 ], [ 12.91756, 57.22342 ], [ 12.9183, 57.22207 ], [ 12.91443, 57.21983 ], [ 12.92033, 57.19884 ], [ 12.91602, 57.19351 ], [ 12.91497, 57.18724 ], [ 12.91083, 57.18397 ], [ 12.91216, 57.18062 ], [ 12.92085, 57.1756 ], [ 12.92795, 57.17553 ], [ 12.93475, 57.17423 ], [ 12.93814, 57.17482 ], [ 12.9388, 57.17321 ], [ 12.93962, 57.17669 ], [ 12.94614, 57.17834 ], [ 12.95089, 57.17719 ], [ 12.95441, 57.17705 ], [ 12.95805, 57.17859 ], [ 12.96034, 57.177 ], [ 12.96369, 57.17751 ], [ 12.96805, 57.17854 ], [ 12.97396, 57.18325 ], [ 12.98559, 57.17884 ], [ 12.98865, 57.18129 ], [ 12.99411, 57.1785 ], [ 12.99955, 57.17734 ], [ 13.00538, 57.17896 ], [ 13.00768, 57.18101 ], [ 13.01146, 57.18229 ], [ 13.01307, 57.1824 ], [ 13.01339, 57.18153 ], [ 13.02136, 57.18135 ], [ 13.02263, 57.18026 ], [ 13.02551, 57.18059 ], [ 13.03026, 57.17941 ], [ 13.031, 57.17845 ], [ 13.03901, 57.18029 ], [ 13.03905, 57.17789 ], [ 13.036, 57.1759 ], [ 13.03172, 57.17506 ], [ 13.0277, 57.16986 ], [ 13.02252, 57.16662 ], [ 13.02403, 57.16545 ], [ 13.02211, 57.16339 ], [ 13.023, 57.1609 ], [ 13.02099, 57.15943 ], [ 13.02091, 57.15749 ], [ 13.02665, 57.15501 ], [ 13.03229, 57.15512 ], [ 13.03752, 57.15413 ], [ 13.04535, 57.15548 ], [ 13.05126, 57.14885 ], [ 13.05023, 57.14722 ], [ 13.05239, 57.14644 ], [ 13.05561, 57.14776 ], [ 13.05946, 57.14681 ], [ 13.07017, 57.15007 ], [ 13.07529, 57.15632 ], [ 13.07824, 57.1573 ], [ 13.08522, 57.15628 ], [ 13.0898, 57.15843 ], [ 13.09625, 57.15905 ], [ 13.09728, 57.1568 ], [ 13.09403, 57.1515 ], [ 13.10028, 57.14556 ], [ 13.08071, 57.13235 ], [ 13.08035, 57.12859 ], [ 13.07707, 57.12759 ], [ 13.08127, 57.12477 ], [ 13.09111, 57.1291 ], [ 13.09647, 57.12902 ], [ 13.09908, 57.12848 ], [ 13.09895, 57.12767 ], [ 13.09694, 57.12596 ], [ 13.09352, 57.12542 ], [ 13.09425, 57.12426 ], [ 13.09075, 57.12378 ], [ 13.09334, 57.11973 ], [ 13.08454, 57.11261 ], [ 13.08785, 57.11065 ], [ 13.08828, 57.10683 ], [ 13.08987, 57.10563 ], [ 13.07907, 57.0989 ], [ 13.0628, 57.09447 ], [ 13.06577, 57.09038 ], [ 13.06219, 57.08966 ], [ 13.05801, 57.08642 ], [ 13.05096, 57.08721 ], [ 13.04572, 57.08454 ], [ 13.04116, 57.0857 ], [ 13.03927, 57.08759 ], [ 13.02457, 57.08276 ], [ 13.02342, 57.0728 ], [ 13.02059, 57.07118 ], [ 13.01405, 57.05645 ], [ 13.00983, 57.05055 ], [ 13.01681, 57.04707 ], [ 13.0027, 57.04105 ], [ 13.00406, 57.03719 ], [ 13.00061, 57.03615 ], [ 12.99769, 57.0423 ], [ 12.98081, 57.04769 ], [ 12.97207, 57.047 ], [ 12.97192, 57.05103 ], [ 12.95469, 57.04471 ], [ 12.94956, 57.04553 ], [ 12.94602, 57.04725 ], [ 12.94028, 57.04655 ], [ 12.94129, 57.04908 ], [ 12.93799, 57.05131 ], [ 12.94376, 57.05504 ], [ 12.94387, 57.05737 ], [ 12.9367, 57.05829 ], [ 12.91865, 57.05416 ], [ 12.92026, 57.0504 ], [ 12.90814, 57.04285 ], [ 12.9134, 57.04102 ], [ 12.91425, 57.03665 ], [ 12.90742, 57.03271 ], [ 12.90577, 57.02981 ], [ 12.90174, 57.02898 ], [ 12.90029, 57.02701 ], [ 12.90261, 57.02409 ], [ 12.8995, 57.02081 ], [ 12.89235, 57.02065 ], [ 12.88291, 57.01835 ], [ 12.87668, 57.02011 ], [ 12.87049, 57.02336 ], [ 12.85958, 57.02264 ], [ 12.85345, 57.0208 ], [ 12.85369, 57.01995 ], [ 12.84544, 57.0151 ], [ 12.84307, 57.01732 ], [ 12.83007, 57.0193 ], [ 12.82868, 57.01881 ], [ 12.82832, 57.02085 ], [ 12.82289, 57.02215 ], [ 12.82174, 57.02513 ], [ 12.819, 57.0253 ], [ 12.82222, 57.02887 ], [ 12.82159, 57.0321 ], [ 12.81512, 57.03561 ], [ 12.8312, 57.04708 ], [ 12.83302, 57.04678 ], [ 12.8263, 57.0594 ], [ 12.81806, 57.06168 ], [ 12.79655, 57.06113 ], [ 12.79469, 57.05943 ], [ 12.78753, 57.05778 ], [ 12.78354, 57.0538 ], [ 12.77487, 57.04985 ], [ 12.76814, 57.04361 ], [ 12.7611, 57.0331 ], [ 12.75149, 57.02459 ], [ 12.74598, 57.02191 ], [ 12.74121, 57.02178 ], [ 12.73761, 57.02236 ], [ 12.73669, 57.02494 ], [ 12.73489, 57.02561 ], [ 12.72501, 57.02576 ], [ 12.7129, 57.02982 ], [ 12.70876, 57.02951 ], [ 12.70278, 57.0315 ], [ 12.7001, 57.02977 ], [ 12.69431, 57.03045 ], [ 12.68872, 57.02777 ], [ 12.68379, 57.02718 ], [ 12.67617, 57.0331 ], [ 12.66797, 57.03498 ], [ 12.66674, 57.03647 ], [ 12.6613, 57.03412 ], [ 12.65733, 57.03354 ], [ 12.65609, 57.03112 ], [ 12.65457, 57.03226 ], [ 12.64413, 57.03132 ], [ 12.64246, 57.03314 ], [ 12.63026, 57.03467 ], [ 12.62813, 57.03281 ], [ 12.61779, 57.03726 ], [ 12.59694, 57.04248 ], [ 12.58916, 57.04605 ], [ 12.58771, 57.04535 ], [ 12.57741, 57.04937 ], [ 12.57068, 57.05322 ], [ 12.5995, 57.06643 ], [ 12.58057, 57.07813 ], [ 12.57713, 57.08487 ], [ 12.57458, 57.08661 ], [ 12.57667, 57.09194 ], [ 12.57718, 57.10356 ], [ 12.57533, 57.10552 ], [ 12.57643, 57.11002 ], [ 12.57944, 57.11324 ], [ 12.6049, 57.12617 ], [ 12.60594, 57.12757 ], [ 12.61313, 57.13011 ], [ 12.61881, 57.13455 ], [ 12.61816, 57.13596 ], [ 12.61955, 57.13734 ], [ 12.61676, 57.1458 ], [ 12.61386, 57.14828 ], [ 12.61496, 57.14942 ], [ 12.61431, 57.15361 ], [ 12.61716, 57.15578 ], [ 12.62341, 57.15701 ], [ 12.62666, 57.1586 ], [ 12.62957, 57.15864 ], [ 12.62875, 57.16048 ], [ 12.6301, 57.16124 ], [ 12.63487, 57.15896 ] ], [ [ 12.68905, 57.11005 ], [ 12.68983, 57.11002 ], [ 12.689, 57.1101 ], [ 12.68905, 57.11005 ] ], [ [ 12.69838, 57.11085 ], [ 12.69891, 57.11102 ], [ 12.69827, 57.11083 ], [ 12.69838, 57.11085 ] ], [ [ 12.70089, 57.11165 ], [ 12.70224, 57.11242 ], [ 12.70029, 57.11146 ], [ 12.70089, 57.11165 ] ], [ [ 12.64381, 57.17535 ], [ 12.64631, 57.17234 ], [ 12.64623, 57.17261 ], [ 12.64381, 57.17535 ] ], [ [ 12.67246, 57.19053 ], [ 12.6724, 57.19068 ], [ 12.67197, 57.1899 ], [ 12.67246, 57.19053 ] ], [ [ 12.67188, 57.19213 ], [ 12.67183, 57.1922 ], [ 12.67203, 57.19172 ], [ 12.67188, 57.19213 ] ], [ [ 12.67162, 57.19246 ], [ 12.67064, 57.19294 ], [ 12.67176, 57.19228 ], [ 12.67162, 57.19246 ] ], [ [ 12.66795, 57.19609 ], [ 12.66384, 57.19571 ], [ 12.66814, 57.19605 ], [ 12.66795, 57.19609 ] ], [ [ 12.66864, 57.19593 ], [ 12.66829, 57.19601 ], [ 12.66873, 57.19584 ], [ 12.66864, 57.19593 ] ], [ [ 12.90678, 57.1216 ], [ 12.90696, 57.12186 ], [ 12.90577, 57.121 ], [ 12.90678, 57.1216 ] ], [ [ 12.90716, 57.12213 ], [ 12.90696, 57.12356 ], [ 12.90707, 57.12201 ], [ 12.90716, 57.12213 ] ], [ [ 12.90733, 57.12437 ], [ 12.90729, 57.12428 ], [ 12.90864, 57.12558 ], [ 12.90733, 57.12437 ] ], [ [ 12.9089, 57.12645 ], [ 12.90879, 57.1266 ], [ 12.90864, 57.12558 ], [ 12.9089, 57.12645 ] ], [ [ 12.90846, 57.12704 ], [ 12.90765, 57.12739 ], [ 12.90869, 57.12673 ], [ 12.90846, 57.12704 ] ], [ [ 12.75359, 57.16879 ], [ 12.75091, 57.16776 ], [ 12.75099, 57.16777 ], [ 12.75359, 57.16879 ] ], [ [ 12.89469, 57.19415 ], [ 12.89609, 57.1927 ], [ 12.89641, 57.1925 ], [ 12.89469, 57.19415 ] ], [ [ 12.86975, 57.20122 ], [ 12.86978, 57.20124 ], [ 12.86979, 57.2013 ], [ 12.86975, 57.20122 ] ] ] } },
{ "type": "Feature", "properties": { "regsokod": "1382R012", "regso": "Falkenberg (Vessigebro-Årstad)", "kn": "1382", "kommun": "Falkenberg", "pop": 3330.0, "akutsjukhus_BICYCLE": null, "akutsjukhus_CAR": 33.0, "akutsjukhus_TRANSIT": 59.0, "akutsjukhus_TRANSIT50": null, "akutsjukhus_WALK": null, "apotek_BICYCLE": 44.0, "apotek_CAR": 15.0, "apotek_TRANSIT": 33.0, "apotek_TRANSIT50": 52.0, "apotek_WALK": 54.0, "bibliotek_BICYCLE": 19.0, "bibliotek_CAR": 6.0, "bibliotek_TRANSIT": 23.0, "bibliotek_TRANSIT50": 26.0, "bibliotek_WALK": 21.0, "dagligvaror_BICYCLE": 19.0, "dagligvaror_CAR": 7.0, "dagligvaror_TRANSIT": 20.0, "dagligvaror_TRANSIT50": 31.0, "dagligvaror_WALK": 22.0, "drivmedel_BICYCLE": 19.0, "drivmedel_CAR": 6.0, "drivmedel_TRANSIT": 22.0, "drivmedel_TRANSIT50": 32.0, "drivmedel_WALK": 27.0, "forskola_BICYCLE": 20.0, "forskola_CAR": 8.0, "forskola_TRANSIT": 25.0, "forskola_TRANSIT50": 33.0, "forskola_WALK": 26.0, "grundskola_79_BICYCLE": 42.0, "grundskola_79_CAR": 14.0, "grundskola_79_TRANSIT": 31.0, "grundskola_79_TRANSIT50": 52.0, "grundskola_79_WALK": 50.0, "grundskola_f6_BICYCLE": 14.0, "grundskola_f6_CAR": 5.0, "grundskola_f6_TRANSIT": 23.0, "grundskola_f6_TRANSIT50": 30.0, "grundskola_f6_WALK": 29.0, "gymnasium_BICYCLE": 49.0, "gymnasium_CAR": 19.0, "gymnasium_TRANSIT": 33.0, "gymnasium_TRANSIT50": 53.0, "gymnasium_WALK": null, "hallplats_BICYCLE": 11.0, "hallplats_CAR": 4.0, "hallplats_TRANSIT": 16.0, "hallplats_TRANSIT50": 21.0, "hallplats_WALK": 15.0, "narakut_BICYCLE": null, "narakut_CAR": 57.0, "narakut_TRANSIT": null, "narakut_TRANSIT50": null, "narakut_WALK": null, "tandvard_BICYCLE": 45.0, "tandvard_CAR": 15.0, "tandvard_TRANSIT": 31.0, "tandvard_TRANSIT50": 51.0, "tandvard_WALK": 50.0, "vardcentral_BICYCLE": 20.0, "vardcentral_CAR": 7.0, "vardcentral_TRANSIT": 23.0, "vardcentral_TRANSIT50": 30.0, "vardcentral_WALK": 26.0, "v15_BICYCLE": 2.4, "v15_WALK": 1.3, "namn": "Falkenberg (Vessigebro-Årstad)" }, "geometry": { "type": "Polygon", "coordinates": [ [ [ 12.82625, 56.98683 ], [ 12.82103, 56.9826 ], [ 12.82274, 56.97492 ], [ 12.83858, 56.96555 ], [ 12.84796, 56.96887 ], [ 12.85259, 56.96879 ], [ 12.8556, 56.96615 ], [ 12.85759, 56.96675 ], [ 12.85881, 56.96924 ], [ 12.86417, 56.97119 ], [ 12.87044, 56.96877 ], [ 12.87348, 56.96443 ], [ 12.86835, 56.95961 ], [ 12.86892, 56.9559 ], [ 12.87405, 56.9558 ], [ 12.87821, 56.9567 ], [ 12.88071, 56.95842 ], [ 12.88488, 56.95705 ], [ 12.88695, 56.95519 ], [ 12.89133, 56.9546 ], [ 12.90001, 56.95757 ], [ 12.90333, 56.95686 ], [ 12.91063, 56.95762 ], [ 12.91325, 56.95923 ], [ 12.91428, 56.9515 ], [ 12.9162, 56.94916 ], [ 12.91073, 56.94241 ], [ 12.90823, 56.9417 ], [ 12.9074, 56.93988 ], [ 12.90395, 56.93872 ], [ 12.9017, 56.93658 ], [ 12.89991, 56.93643 ], [ 12.90035, 56.93481 ], [ 12.89901, 56.93536 ], [ 12.89736, 56.93431 ], [ 12.89512, 56.93579 ], [ 12.89526, 56.93365 ], [ 12.89343, 56.9319 ], [ 12.89192, 56.93205 ], [ 12.89223, 56.92925 ], [ 12.89431, 56.92847 ], [ 12.89267, 56.92743 ], [ 12.89379, 56.92508 ], [ 12.89009, 56.92133 ], [ 12.89062, 56.9205 ], [ 12.88635, 56.91819 ], [ 12.88588, 56.91641 ], [ 12.87944, 56.91427 ], [ 12.87885, 56.91062 ], [ 12.87102, 56.90386 ], [ 12.87324, 56.89465 ], [ 12.87082, 56.89482 ], [ 12.86718, 56.89212 ], [ 12.86632, 56.88852 ], [ 12.86819, 56.88462 ], [ 12.87139, 56.88334 ], [ 12.87356, 56.88063 ], [ 12.87189, 56.87394 ], [ 12.86503, 56.87713 ], [ 12.86225, 56.87639 ], [ 12.86013, 56.87395 ], [ 12.85219, 56.87244 ], [ 12.8489, 56.87595 ], [ 12.83769, 56.87245 ], [ 12.84246, 56.87152 ], [ 12.84922, 56.87249 ], [ 12.84746, 56.87148 ], [ 12.85066, 56.87174 ], [ 12.85095, 56.86945 ], [ 12.82751, 56.87252 ], [ 12.80188, 56.86374 ], [ 12.78213, 56.86037 ], [ 12.78233, 56.85809 ], [ 12.81074, 56.86168 ], [ 12.82341, 56.86568 ], [ 12.84074, 56.86734 ], [ 12.84742, 56.86502 ], [ 12.84523, 56.8633 ], [ 12.85056, 56.8622 ], [ 12.84165, 56.85579 ], [ 12.83178, 56.85389 ], [ 12.81319, 56.85287 ], [ 12.80693, 56.85543 ], [ 12.7869, 56.856 ], [ 12.77452, 56.85531 ], [ 12.77189, 56.85654 ], [ 12.77095, 56.85569 ], [ 12.75813, 56.86025 ], [ 12.75305, 56.85814 ], [ 12.74972, 56.85556 ], [ 12.75041, 56.85459 ], [ 12.74757, 56.85395 ], [ 12.74942, 56.85356 ], [ 12.74649, 56.85272 ], [ 12.74653, 56.85152 ], [ 12.74288, 56.85134 ], [ 12.74213, 56.85023 ], [ 12.74427, 56.84588 ], [ 12.74324, 56.84496 ], [ 12.74029, 56.84505 ], [ 12.7402, 56.84353 ], [ 12.73916, 56.84538 ], [ 12.73751, 56.84454 ], [ 12.73293, 56.84934 ], [ 12.73072, 56.84903 ], [ 12.73023, 56.85213 ], [ 12.72359, 56.85077 ], [ 12.72104, 56.85429 ], [ 12.72574, 56.85569 ], [ 12.72015, 56.86011 ], [ 12.70973, 56.86373 ], [ 12.70668, 56.8715 ], [ 12.70251, 56.87403 ], [ 12.70407, 56.877 ], [ 12.69326, 56.88051 ], [ 12.69271, 56.88323 ], [ 12.68557, 56.8907 ], [ 12.68191, 56.89263 ], [ 12.67266, 56.89373 ], [ 12.66997, 56.89292 ], [ 12.66628, 56.88784 ], [ 12.65324, 56.88374 ], [ 12.64908, 56.8814 ], [ 12.64961, 56.88325 ], [ 12.64529, 56.87902 ], [ 12.63818, 56.88218 ], [ 12.63662, 56.88469 ], [ 12.63516, 56.88458 ], [ 12.63581, 56.88297 ], [ 12.63139, 56.87869 ], [ 12.63689, 56.87603 ], [ 12.63118, 56.87785 ], [ 12.62825, 56.87733 ], [ 12.62058, 56.88247 ], [ 12.61365, 56.88301 ], [ 12.60086, 56.88923 ], [ 12.60359, 56.89463 ], [ 12.60285, 56.89672 ], [ 12.60454, 56.89883 ], [ 12.6089, 56.90063 ], [ 12.61151, 56.90605 ], [ 12.61796, 56.90857 ], [ 12.62331, 56.90843 ], [ 12.62491, 56.9091 ], [ 12.61522, 56.92094 ], [ 12.6187, 56.92208 ], [ 12.62139, 56.92472 ], [ 12.62319, 56.93001 ], [ 12.62122, 56.93469 ], [ 12.62498, 56.94297 ], [ 12.62768, 56.94531 ], [ 12.62545, 56.94347 ], [ 12.61378, 56.94629 ], [ 12.61146, 56.94913 ], [ 12.61073, 56.94824 ], [ 12.60316, 56.95119 ], [ 12.59393, 56.95141 ], [ 12.59456, 56.95728 ], [ 12.59324, 56.95884 ], [ 12.59709, 56.96053 ], [ 12.59769, 56.96667 ], [ 12.60325, 56.96676 ], [ 12.60478, 56.96902 ], [ 12.60341, 56.96982 ], [ 12.60926, 56.98075 ], [ 12.61879, 56.98646 ], [ 12.6145, 56.99717 ], [ 12.63707, 56.99909 ], [ 12.64465, 57.00189 ], [ 12.64827, 57.00178 ], [ 12.64535, 57.0063 ], [ 12.64994, 57.00671 ], [ 12.6518, 57.00782 ], [ 12.64922, 57.01558 ], [ 12.65016, 57.01639 ], [ 12.65479, 57.01642 ], [ 12.65359, 57.02224 ], [ 12.6592, 57.02659 ], [ 12.65609, 57.03112 ], [ 12.65733, 57.03354 ], [ 12.6613, 57.03412 ], [ 12.66674, 57.03647 ], [ 12.66797, 57.03498 ], [ 12.67617, 57.0331 ], [ 12.68379, 57.02718 ], [ 12.68872, 57.02777 ], [ 12.69431, 57.03045 ], [ 12.7001, 57.02977 ], [ 12.70278, 57.0315 ], [ 12.70876, 57.02951 ], [ 12.7129, 57.02982 ], [ 12.72501, 57.02576 ], [ 12.73489, 57.02561 ], [ 12.73669, 57.02494 ], [ 12.73782, 57.02227 ], [ 12.74521, 57.02176 ], [ 12.74861, 57.02272 ], [ 12.7545, 57.02671 ], [ 12.7611, 57.0331 ], [ 12.76237, 57.0365 ], [ 12.7656, 57.03843 ], [ 12.77118, 57.04676 ], [ 12.77487, 57.04985 ], [ 12.78321, 57.05358 ], [ 12.78897, 57.05851 ], [ 12.79469, 57.05943 ], [ 12.79655, 57.06113 ], [ 12.81151, 57.06185 ], [ 12.81806, 57.06168 ], [ 12.8263, 57.0594 ], [ 12.83302, 57.04678 ], [ 12.8312, 57.04708 ], [ 12.81512, 57.03561 ], [ 12.82159, 57.0321 ], [ 12.82222, 57.02887 ], [ 12.819, 57.0253 ], [ 12.82174, 57.02513 ], [ 12.82289, 57.02215 ], [ 12.82832, 57.02085 ], [ 12.82868, 57.01881 ], [ 12.83007, 57.0193 ], [ 12.84307, 57.01732 ], [ 12.84668, 57.01383 ], [ 12.85133, 57.00413 ], [ 12.84456, 57.00087 ], [ 12.84076, 57.0025 ], [ 12.83424, 57.00233 ], [ 12.83263, 57.00115 ], [ 12.83276, 56.9955 ], [ 12.82467, 56.99145 ], [ 12.82557, 56.98917 ], [ 12.82401, 56.98708 ], [ 12.82502, 56.9882 ], [ 12.82625, 56.98683 ] ], [ [ 12.82009, 56.98675 ], [ 12.8225, 56.98692 ], [ 12.82401, 56.98708 ], [ 12.82009, 56.98675 ] ], [ [ 12.64706, 56.94131 ], [ 12.64734, 56.9413 ], [ 12.64736, 56.94138 ], [ 12.64706, 56.94131 ] ], [ [ 12.64685, 56.94133 ], [ 12.64633, 56.94153 ], [ 12.64676, 56.94133 ], [ 12.64685, 56.94133 ] ], [ [ 12.64451, 56.94217 ], [ 12.64428, 56.94222 ], [ 12.64434, 56.94213 ], [ 12.64451, 56.94217 ] ], [ [ 12.64409, 56.94424 ], [ 12.64402, 56.94427 ], [ 12.64356, 56.94414 ], [ 12.64409, 56.94424 ] ], [ [ 12.64375, 56.94437 ], [ 12.6435, 56.94446 ], [ 12.64351, 56.94442 ], [ 12.64375, 56.94437 ] ], [ [ 12.64348, 56.94457 ], [ 12.64354, 56.94466 ], [ 12.64347, 56.94463 ], [ 12.64348, 56.94457 ] ] ] } },
{ "type": "Feature", "properties": { "regsokod": "1382R013", "regso": "Falkenberg (Vinberg-Ljungby)", "kn": "1382", "kommun": "Falkenberg", "pop": 2166.0, "akutsjukhus_BICYCLE": null, "akutsjukhus_CAR": 30.0, "akutsjukhus_TRANSIT": 54.0, "akutsjukhus_TRANSIT50": null, "akutsjukhus_WALK": null, "apotek_BICYCLE": 29.0, "apotek_CAR": 10.0, "apotek_TRANSIT": 29.0, "apotek_TRANSIT50": 50.0, "apotek_WALK": 53.0, "bibliotek_BICYCLE": 26.0, "bibliotek_CAR": 10.0, "bibliotek_TRANSIT": 28.0, "bibliotek_TRANSIT50": 50.0, "bibliotek_WALK": 53.0, "dagligvaror_BICYCLE": 21.0, "dagligvaror_CAR": 8.0, "dagligvaror_TRANSIT": 25.0, "dagligvaror_TRANSIT50": 49.0, "dagligvaror_WALK": 51.0, "drivmedel_BICYCLE": 14.0, "drivmedel_CAR": 5.0, "drivmedel_TRANSIT": 18.0, "drivmedel_TRANSIT50": 36.0, "drivmedel_WALK": 32.0, "forskola_BICYCLE": 21.0, "forskola_CAR": 9.0, "forskola_TRANSIT": 24.0, "forskola_TRANSIT50": 45.0, "forskola_WALK": 45.0, "grundskola_79_BICYCLE": 30.0, "grundskola_79_CAR": 12.0, "grundskola_79_TRANSIT": 29.0, "grundskola_79_TRANSIT50": 49.0, "grundskola_79_WALK": 47.0, "grundskola_f6_BICYCLE": 14.0, "grundskola_f6_CAR": 5.0, "grundskola_f6_TRANSIT": 20.0, "grundskola_f6_TRANSIT50": 36.0, "grundskola_f6_WALK": 40.0, "gymnasium_BICYCLE": 32.0, "gymnasium_CAR": 15.0, "gymnasium_TRANSIT": 28.0, "gymnasium_TRANSIT50": 49.0, "gymnasium_WALK": 57.0, "hallplats_BICYCLE": 4.0, "hallplats_CAR": 2.0, "hallplats_TRANSIT": 11.0, "hallplats_TRANSIT50": 12.0, "hallplats_WALK": 12.0, "narakut_BICYCLE": null, "narakut_CAR": 54.0, "narakut_TRANSIT": null, "narakut_TRANSIT50": null, "narakut_WALK": null, "tandvard_BICYCLE": 31.0, "tandvard_CAR": 13.0, "tandvard_TRANSIT": 26.0, "tandvard_TRANSIT50": 48.0, "tandvard_WALK": 53.0, "vardcentral_BICYCLE": 24.0, "vardcentral_CAR": 10.0, "vardcentral_TRANSIT": 24.0, "vardcentral_TRANSIT50": 47.0, "vardcentral_WALK": 52.0, "v15_BICYCLE": 1.7, "v15_WALK": 0.8, "namn": "Falkenberg (Vinberg-Ljungby)" }, "geometry": { "type": "Polygon", "coordinates": [ [ [ 12.55618, 56.94283 ], [ 12.54954, 56.94032 ], [ 12.55286, 56.93775 ], [ 12.56484, 56.93409 ], [ 12.5679, 56.92735 ], [ 12.56639, 56.92507 ], [ 12.56282, 56.92322 ], [ 12.55216, 56.92038 ], [ 12.54594, 56.91989 ], [ 12.52464, 56.92837 ], [ 12.50142, 56.93615 ], [ 12.50386, 56.93911 ], [ 12.50762, 56.94082 ], [ 12.50598, 56.94009 ], [ 12.49685, 56.94524 ], [ 12.49167, 56.9443 ], [ 12.48434, 56.94733 ], [ 12.4884, 56.95633 ], [ 12.50561, 56.96212 ], [ 12.5062, 56.96483 ], [ 12.50348, 56.96542 ], [ 12.50319, 56.96686 ], [ 12.50705, 56.96633 ], [ 12.50872, 56.97981 ], [ 12.48305, 56.98662 ], [ 12.48354, 56.98725 ], [ 12.4863, 56.98609 ], [ 12.48667, 56.98686 ], [ 12.48466, 56.98781 ], [ 12.48082, 56.99324 ], [ 12.47795, 56.99252 ], [ 12.47606, 56.99585 ], [ 12.4628, 57.00203 ], [ 12.45845, 57.00261 ], [ 12.4604, 57.00316 ], [ 12.45336, 57.00737 ], [ 12.45615, 57.0088 ], [ 12.45667, 57.013 ], [ 12.48299, 57.01614 ], [ 12.48855, 57.01515 ], [ 12.48422, 57.01014 ], [ 12.48584, 57.00625 ], [ 12.51696, 57.00101 ], [ 12.51038, 56.99709 ], [ 12.52697, 56.9934 ], [ 12.53403, 56.99886 ], [ 12.54292, 57.00132 ], [ 12.54982, 57.01255 ], [ 12.55047, 57.01804 ], [ 12.55889, 57.01804 ], [ 12.57388, 57.01514 ], [ 12.57798, 57.01641 ], [ 12.57813, 57.01898 ], [ 12.58606, 57.01986 ], [ 12.58767, 57.02095 ], [ 12.59188, 57.0207 ], [ 12.5936, 57.02175 ], [ 12.60336, 57.02261 ], [ 12.60727, 57.0213 ], [ 12.60909, 57.02397 ], [ 12.60761, 57.02638 ], [ 12.60941, 57.02912 ], [ 12.60839, 57.03081 ], [ 12.60296, 57.03256 ], [ 12.60202, 57.04147 ], [ 12.61779, 57.03726 ], [ 12.62813, 57.03281 ], [ 12.63026, 57.03467 ], [ 12.64246, 57.03314 ], [ 12.64413, 57.03132 ], [ 12.65457, 57.03226 ], [ 12.6592, 57.02659 ], [ 12.65359, 57.02224 ], [ 12.65479, 57.01642 ], [ 12.65016, 57.01639 ], [ 12.64922, 57.01558 ], [ 12.65198, 57.00823 ], [ 12.65025, 57.00678 ], [ 12.64535, 57.0063 ], [ 12.64827, 57.00178 ], [ 12.64465, 57.00189 ], [ 12.63707, 56.99909 ], [ 12.6145, 56.99717 ], [ 12.61879, 56.98646 ], [ 12.60862, 56.98001 ], [ 12.60341, 56.96982 ], [ 12.60478, 56.96902 ], [ 12.60325, 56.96676 ], [ 12.59769, 56.96667 ], [ 12.59709, 56.96053 ], [ 12.59324, 56.95884 ], [ 12.59456, 56.95728 ], [ 12.59393, 56.95141 ], [ 12.55834, 56.94594 ], [ 12.55618, 56.94283 ] ], [ [ 12.50956, 56.94237 ], [ 12.50896, 56.94205 ], [ 12.50762, 56.94082 ], [ 12.50956, 56.94237 ] ], [ [ 12.51362, 56.94421 ], [ 12.51168, 56.9435 ], [ 12.5106, 56.94292 ], [ 12.51362, 56.94421 ] ], [ [ 12.51607, 56.94473 ], [ 12.51569, 56.94469 ], [ 12.51485, 56.94449 ], [ 12.51607, 56.94473 ] ], [ [ 12.51952, 56.94484 ], [ 12.52219, 56.94454 ], [ 12.52028, 56.94482 ], [ 12.51952, 56.94484 ] ], [ [ 12.51679, 56.9448 ], [ 12.51836, 56.94487 ], [ 12.51768, 56.94489 ], [ 12.51679, 56.9448 ] ], [ [ 12.53277, 56.95626 ], [ 12.53232, 56.95584 ], [ 12.53164, 56.95467 ], [ 12.53277, 56.95626 ] ], [ [ 12.53336, 56.9568 ], [ 12.53452, 56.95757 ], [ 12.53379, 56.9572 ], [ 12.53336, 56.9568 ] ], [ [ 12.53598, 56.95831 ], [ 12.53685, 56.95863 ], [ 12.53634, 56.95849 ], [ 12.53598, 56.95831 ] ], [ [ 12.53976, 56.95937 ], [ 12.53937, 56.95932 ], [ 12.53859, 56.95911 ], [ 12.53976, 56.95937 ] ], [ [ 12.54023, 56.95944 ], [ 12.54334, 56.95962 ], [ 12.54123, 56.95957 ], [ 12.54023, 56.95944 ] ], [ [ 12.54913, 56.96048 ], [ 12.55223, 56.96115 ], [ 12.55114, 56.961 ], [ 12.54913, 56.96048 ] ], [ [ 12.5584, 56.94945 ], [ 12.56028, 56.94996 ], [ 12.56058, 56.95009 ], [ 12.5584, 56.94945 ] ], [ [ 12.56107, 56.95029 ], [ 12.56181, 56.9506 ], [ 12.56229, 56.95093 ], [ 12.56107, 56.95029 ] ], [ [ 12.56434, 56.95231 ], [ 12.56471, 56.95256 ], [ 12.56478, 56.95268 ], [ 12.56434, 56.95231 ] ], [ [ 12.56586, 56.95486 ], [ 12.5658, 56.95439 ], [ 12.56588, 56.95452 ], [ 12.56586, 56.95486 ] ], [ [ 12.56567, 56.95644 ], [ 12.56578, 56.95608 ], [ 12.56577, 56.95626 ], [ 12.56567, 56.95644 ] ], [ [ 12.56543, 56.95689 ], [ 12.56523, 56.95726 ], [ 12.56507, 56.95742 ], [ 12.56543, 56.95689 ] ], [ [ 12.56362, 56.95877 ], [ 12.56439, 56.95809 ], [ 12.56387, 56.9586 ], [ 12.56362, 56.95877 ] ], [ [ 12.56193, 56.95979 ], [ 12.56309, 56.95914 ], [ 12.5626, 56.95948 ], [ 12.56193, 56.95979 ] ], [ [ 12.56119, 56.96014 ], [ 12.56098, 56.96024 ], [ 12.56077, 56.96029 ], [ 12.56119, 56.96014 ] ], [ [ 12.55651, 56.96119 ], [ 12.55841, 56.96088 ], [ 12.55723, 56.96117 ], [ 12.55651, 56.96119 ] ], [ [ 12.55274, 56.96122 ], [ 12.55397, 56.96125 ], [ 12.55314, 56.96127 ], [ 12.55274, 56.96122 ] ] ] } },
{ "type": "Feature", "properties": { "regsokod": "1382R014", "regso": "Falkenberg (Västra gärdet)", "kn": "1382", "kommun": "Falkenberg", "pop": 2622.0, "akutsjukhus_BICYCLE": null, "akutsjukhus_CAR": 34.0, "akutsjukhus_TRANSIT": 55.0, "akutsjukhus_TRANSIT50": null, "akutsjukhus_WALK": null, "apotek_BICYCLE": 3.0, "apotek_CAR": 2.0, "apotek_TRANSIT": 8.0, "apotek_TRANSIT50": 8.0, "apotek_WALK": 8.0, "bibliotek_BICYCLE": 6.0, "bibliotek_CAR": 6.0, "bibliotek_TRANSIT": 17.0, "bibliotek_TRANSIT50": 17.0, "bibliotek_WALK": 17.0, "dagligvaror_BICYCLE": 2.0, "dagligvaror_CAR": 2.0, "dagligvaror_TRANSIT": 7.0, "dagligvaror_TRANSIT50": 7.0, "dagligvaror_WALK": 7.0, "drivmedel_BICYCLE": 5.0, "drivmedel_CAR": 3.0, "drivmedel_TRANSIT": 11.0, "drivmedel_TRANSIT50": 15.0, "drivmedel_WALK": 15.0, "forskola_BICYCLE": 8.0, "forskola_CAR": 7.0, "forskola_TRANSIT": 17.0, "forskola_TRANSIT50": 24.0, "forskola_WALK": 24.0, "grundskola_79_BICYCLE": 7.0, "grundskola_79_CAR": 6.0, "grundskola_79_TRANSIT": 14.0, "grundskola_79_TRANSIT50": 19.0, "grundskola_79_WALK": 19.0, "grundskola_f6_BICYCLE": 2.0, "grundskola_f6_CAR": 3.0, "grundskola_f6_TRANSIT": 7.0, "grundskola_f6_TRANSIT50": 7.0, "grundskola_f6_WALK": 7.0, "gymnasium_BICYCLE": 5.0, "gymnasium_CAR": 5.0, "gymnasium_TRANSIT": 15.0, "gymnasium_TRANSIT50": 16.0, "gymnasium_WALK": 16.0, "hallplats_BICYCLE": 2.0, "hallplats_CAR": 2.0, "hallplats_TRANSIT": 6.0, "hallplats_TRANSIT50": 6.0, "hallplats_WALK": 6.0, "narakut_BICYCLE": null, "narakut_CAR": 56.0, "narakut_TRANSIT": 57.0, "narakut_TRANSIT50": null, "narakut_WALK": null, "tandvard_BICYCLE": 4.0, "tandvard_CAR": 3.0, "tandvard_TRANSIT": 12.0, "tandvard_TRANSIT50": 12.0, "tandvard_WALK": 12.0, "vardcentral_BICYCLE": 2.0, "vardcentral_CAR": 3.0, "vardcentral_TRANSIT": 8.0, "vardcentral_TRANSIT50": 8.0, "vardcentral_WALK": 8.0, "v15_BICYCLE": 6.0, "v15_WALK": 5.2, "namn": "Falkenberg (Västra gärdet)" }, "geometry": { "type": "Polygon", "coordinates": [ [ [ 12.4835, 56.90245 ], [ 12.49774, 56.9 ], [ 12.49277, 56.89509 ], [ 12.486, 56.891 ], [ 12.47777, 56.88843 ], [ 12.4728, 56.88869 ], [ 12.46855, 56.89327 ], [ 12.46595, 56.89286 ], [ 12.46894, 56.88753 ], [ 12.46908, 56.88538 ], [ 12.4678, 56.88499 ], [ 12.46286, 56.88992 ], [ 12.46046, 56.89635 ], [ 12.45814, 56.89666 ], [ 12.46691, 56.90541 ], [ 12.45308, 56.90852 ], [ 12.46219, 56.91528 ], [ 12.46871, 56.91476 ], [ 12.47374, 56.90797 ], [ 12.4835, 56.90245 ] ], [ [ 12.48241, 56.90228 ], [ 12.48254, 56.90223 ], [ 12.48258, 56.90263 ], [ 12.48241, 56.90228 ] ] ] } },
{ "type": "Feature", "properties": { "regsokod": "1383R001", "regso": "Varberg (Breared-Mariedal-Apelviken)", "kn": "1383", "kommun": "Varberg", "pop": 6254.0, "akutsjukhus_BICYCLE": 6.0, "akutsjukhus_CAR": 6.0, "akutsjukhus_TRANSIT": 16.0, "akutsjukhus_TRANSIT50": 18.0, "akutsjukhus_WALK": 18.0, "apotek_BICYCLE": 4.0, "apotek_CAR": 4.0, "apotek_TRANSIT": 9.0, "apotek_TRANSIT50": 13.0, "apotek_WALK": 13.0, "bibliotek_BICYCLE": 10.0, "bibliotek_CAR": 7.0, "bibliotek_TRANSIT": 17.0, "bibliotek_TRANSIT50": 22.0, "bibliotek_WALK": 30.0, "dagligvaror_BICYCLE": 3.0, "dagligvaror_CAR": 3.0, "dagligvaror_TRANSIT": 7.0, "dagligvaror_TRANSIT50": 9.0, "dagligvaror_WALK": 9.0, "drivmedel_BICYCLE": 11.0, "drivmedel_CAR": 7.0, "drivmedel_TRANSIT": 17.0, "drivmedel_TRANSIT50": 23.0, "drivmedel_WALK": 35.0, "forskola_BICYCLE": 3.0, "forskola_CAR": 2.0, "forskola_TRANSIT": 7.0, "forskola_TRANSIT50": 8.0, "forskola_WALK": 8.0, "grundskola_79_BICYCLE": 4.0, "grundskola_79_CAR": 5.0, "grundskola_79_TRANSIT": 12.0, "grundskola_79_TRANSIT50": 14.0, "grundskola_79_WALK": 14.0, "grundskola_f6_BICYCLE": 4.0, "grundskola_f6_CAR": 4.0, "grundskola_f6_TRANSIT": 11.0, "grundskola_f6_TRANSIT50": 13.0, "grundskola_f6_WALK": 13.0, "gymnasium_BICYCLE": 7.0, "gymnasium_CAR": 5.0, "gymnasium_TRANSIT": 13.0, "gymnasium_TRANSIT50": 19.0, "gymnasium_WALK": 20.0, "hallplats_BICYCLE": 1.0, "hallplats_CAR": 1.0, "hallplats_TRANSIT": 4.0, "hallplats_TRANSIT50": 4.0, "hallplats_WALK": 4.0, "narakut_BICYCLE": null, "narakut_CAR": 48.0, "narakut_TRANSIT": 52.0, "narakut_TRANSIT50": 57.0, "narakut_WALK": null, "tandvard_BICYCLE": 3.0, "tandvard_CAR": 2.0, "tandvard_TRANSIT": 7.0, "tandvard_TRANSIT50": 9.0, "tandvard_WALK": 9.0, "vardcentral_BICYCLE": 3.0, "vardcentral_CAR": 3.0, "vardcentral_TRANSIT": 8.0, "vardcentral_TRANSIT50": 10.0, "vardcentral_WALK": 10.0, "v15_BICYCLE": 6.0, "v15_WALK": 4.3, "namn": "Varberg (Breared-Mariedal-Apelviken)" }, "geometry": { "type": "Polygon", "coordinates": [ [ [ 12.24539, 57.09924 ], [ 12.24358, 57.09449 ], [ 12.2513, 57.09278 ], [ 12.25321, 57.09291 ], [ 12.25363, 57.09462 ], [ 12.25744, 57.09448 ], [ 12.25066, 57.10031 ], [ 12.26116, 57.10327 ], [ 12.26469, 57.1058 ], [ 12.27002, 57.10181 ], [ 12.26923, 57.10253 ], [ 12.27717, 57.10086 ], [ 12.28627, 57.10066 ], [ 12.28452, 57.0994 ], [ 12.28939, 57.09588 ], [ 12.28696, 57.09068 ], [ 12.28809, 57.08997 ], [ 12.28172, 57.08152 ], [ 12.26039, 57.08309 ], [ 12.25863, 57.08234 ], [ 12.25346, 57.08502 ], [ 12.25148, 57.08498 ], [ 12.2509, 57.08389 ], [ 12.24823, 57.08419 ], [ 12.247, 57.08308 ], [ 12.24304, 57.08299 ], [ 12.24225, 57.08477 ], [ 12.24027, 57.08473 ], [ 12.24019, 57.08581 ], [ 12.23616, 57.0868 ], [ 12.23602, 57.08859 ], [ 12.24196, 57.08872 ], [ 12.24248, 57.09053 ], [ 12.23963, 57.09334 ], [ 12.24277, 57.09557 ], [ 12.24273, 57.0988 ], [ 12.24539, 57.09924 ] ], [ [ 12.27362, 57.08463 ], [ 12.26478, 57.09008 ], [ 12.26597, 57.09074 ], [ 12.27106, 57.09512 ], [ 12.27116, 57.09525 ], [ 12.26927, 57.09359 ], [ 12.26648, 57.095 ], [ 12.26462, 57.0941 ], [ 12.26103, 57.09626 ], [ 12.25744, 57.09448 ], [ 12.27362, 57.08463 ] ], [ [ 12.2725, 57.09787 ], [ 12.27222, 57.09929 ], [ 12.27207, 57.09949 ], [ 12.2725, 57.09787 ] ], [ [ 12.27068, 57.10121 ], [ 12.27148, 57.10029 ], [ 12.27103, 57.10089 ], [ 12.27068, 57.10121 ] ] ] } },
{ "type": "Feature", "properties": { "regsokod": "1383R002", "regso": "Varberg (Brunnsberg-Lugnet)", "kn": "1383", "kommun": "Varberg", "pop": 2243.0, "akutsjukhus_BICYCLE": 9.0, "akutsjukhus_CAR": 8.0, "akutsjukhus_TRANSIT": 25.0, "akutsjukhus_TRANSIT50": 28.0, "akutsjukhus_WALK": 28.0, "apotek_BICYCLE": 2.0, "apotek_CAR": 3.0, "apotek_TRANSIT": 6.0, "apotek_TRANSIT50": 7.0, "apotek_WALK": 7.0, "bibliotek_BICYCLE": 7.0, "bibliotek_CAR": 6.0, "bibliotek_TRANSIT": 15.0, "bibliotek_TRANSIT50": 22.0, "bibliotek_WALK": 22.0, "dagligvaror_BICYCLE": 2.0, "dagligvaror_CAR": 3.0, "dagligvaror_TRANSIT": 6.0, "dagligvaror_TRANSIT50": 7.0, "dagligvaror_WALK": 7.0, "drivmedel_BICYCLE": 2.0, "drivmedel_CAR": 2.0, "drivmedel_TRANSIT": 5.0, "drivmedel_TRANSIT50": 6.0, "drivmedel_WALK": 6.0, "forskola_BICYCLE": 1.0, "forskola_CAR": 1.0, "forskola_TRANSIT": 3.0, "forskola_TRANSIT50": 3.0, "forskola_WALK": 3.0, "grundskola_79_BICYCLE": 2.0, "grundskola_79_CAR": 3.0, "grundskola_79_TRANSIT": 6.0, "grundskola_79_TRANSIT50": 6.0, "grundskola_79_WALK": 6.0, "grundskola_f6_BICYCLE": 2.0, "grundskola_f6_CAR": 3.0, "grundskola_f6_TRANSIT": 6.0, "grundskola_f6_TRANSIT50": 6.0, "grundskola_f6_WALK": 6.0, "gymnasium_BICYCLE": 6.0, "gymnasium_CAR": 6.0, "gymnasium_TRANSIT": 18.0, "gymnasium_TRANSIT50": 19.0, "gymnasium_WALK": 19.0, "hallplats_BICYCLE": 1.0, "hallplats_CAR": 1.0, "hallplats_TRANSIT": 3.0, "hallplats_TRANSIT50": 3.0, "hallplats_WALK": 3.0, "narakut_BICYCLE": null, "narakut_CAR": 42.0, "narakut_TRANSIT": 49.0, "narakut_TRANSIT50": null, "narakut_WALK": null, "tandvard_BICYCLE": 7.0, "tandvard_CAR": 6.0, "tandvard_TRANSIT": 16.0, "tandvard_TRANSIT50": 22.0, "tandvard_WALK": 22.0, "vardcentral_BICYCLE": 3.0, "vardcentral_CAR": 3.0, "vardcentral_TRANSIT": 8.0, "vardcentral_TRANSIT50": 9.0, "vardcentral_WALK": 9.0, "v15_BICYCLE": 6.0, "v15_WALK": 5.0, "namn": "Varberg (Brunnsberg-Lugnet)" }, "geometry": { "type": "Polygon", "coordinates": [ [ [ 12.26591, 57.12185 ], [ 12.28251, 57.12004 ], [ 12.28162, 57.11777 ], [ 12.2758, 57.11829 ], [ 12.27635, 57.11485 ], [ 12.2816, 57.11482 ], [ 12.28145, 57.11131 ], [ 12.26078, 57.11119 ], [ 12.26022, 57.11261 ], [ 12.26571, 57.11482 ], [ 12.264, 57.11496 ], [ 12.26394, 57.11877 ], [ 12.26176, 57.11937 ], [ 12.26208, 57.12074 ], [ 12.26591, 57.12185 ] ] ] } },
{ "type": "Feature", "properties": { "regsokod": "1383R003", "regso": "Varberg (Bua-Värö)", "kn": "1383", "kommun": "Varberg", "pop": 6254.0, "akutsjukhus_BICYCLE": null, "akutsjukhus_CAR": 29.0, "akutsjukhus_TRANSIT": 52.0, "akutsjukhus_TRANSIT50": 59.0, "akutsjukhus_WALK": null, "apotek_BICYCLE": 17.0, "apotek_CAR": 7.0, "apotek_TRANSIT": 21.0, "apotek_TRANSIT50": 27.0, "apotek_WALK": 28.0, "bibliotek_BICYCLE": 13.0, "bibliotek_CAR": 6.0, "bibliotek_TRANSIT": 18.0, "bibliotek_TRANSIT50": 24.0, "bibliotek_WALK": 26.0, "dagligvaror_BICYCLE": 9.0, "dagligvaror_CAR": 5.0, "dagligvaror_TRANSIT": 17.0, "dagligvaror_TRANSIT50": 22.0, "dagligvaror_WALK": 24.0, "drivmedel_BICYCLE": 16.0, "drivmedel_CAR": 7.0, "drivmedel_TRANSIT": 22.0, "drivmedel_TRANSIT50": 31.0, "drivmedel_WALK": 33.0, "forskola_BICYCLE": 18.0, "forskola_CAR": 8.0, "forskola_TRANSIT": 25.0, "forskola_TRANSIT50": 32.0, "forskola_WALK": 40.0, "grundskola_79_BICYCLE": 17.0, "grundskola_79_CAR": 7.0, "grundskola_79_TRANSIT": 22.0, "grundskola_79_TRANSIT50": 31.0, "grundskola_79_WALK": 35.0, "grundskola_f6_BICYCLE": 10.0, "grundskola_f6_CAR": 5.0, "grundskola_f6_TRANSIT": 17.0, "grundskola_f6_TRANSIT50": 23.0, "grundskola_f6_WALK": 27.0, "gymnasium_BICYCLE": null, "gymnasium_CAR": 22.0, "gymnasium_TRANSIT": 47.0, "gymnasium_TRANSIT50": 57.0, "gymnasium_WALK": null, "hallplats_BICYCLE": 4.0, "hallplats_CAR": 2.0, "hallplats_TRANSIT": 12.0, "hallplats_TRANSIT50": 12.0, "hallplats_WALK": 12.0, "narakut_BICYCLE": null, "narakut_CAR": 34.0, "narakut_TRANSIT": 55.0, "narakut_TRANSIT50": null, "narakut_WALK": null, "tandvard_BICYCLE": 17.0, "tandvard_CAR": 7.0, "tandvard_TRANSIT": 20.0, "tandvard_TRANSIT50": 26.0, "tandvard_WALK": 27.0, "vardcentral_BICYCLE": 34.0, "vardcentral_CAR": 12.0, "vardcentral_TRANSIT": 29.0, "vardcentral_TRANSIT50": 38.0, "vardcentral_WALK": 33.0, "v15_BICYCLE": 3.9, "v15_WALK": 1.9, "namn": "Varberg (Bua-Värö)" }, "geometry": { "type": "MultiPolygon", "coordinates": [ [ [ [ 12.11075, 57.20477 ], [ 12.10538, 57.20572 ], [ 12.10659, 57.20719 ], [ 12.11053, 57.20764 ], [ 12.10904, 57.20976 ], [ 12.11292, 57.21093 ], [ 12.11433, 57.20988 ], [ 12.11832, 57.20961 ], [ 12.11535, 57.20523 ], [ 12.11075, 57.20477 ] ] ], [ [ [ 12.09105, 57.21941 ], [ 12.09005, 57.2237 ], [ 12.0933, 57.2245 ], [ 12.09675, 57.22278 ], [ 12.09874, 57.22282 ], [ 12.10089, 57.22072 ], [ 12.09824, 57.22066 ], [ 12.09637, 57.21917 ], [ 12.09105, 57.21941 ] ] ], [ [ [ 12.07801, 57.29209 ], [ 12.07971, 57.29572 ], [ 12.08165, 57.29649 ], [ 12.08093, 57.29719 ], [ 12.08485, 57.298 ], [ 12.08626, 57.29695 ], [ 12.09023, 57.29705 ], [ 12.08983, 57.2938 ], [ 12.09118, 57.29347 ], [ 12.08591, 57.29299 ], [ 12.08533, 57.2919 ], [ 12.08271, 57.29148 ], [ 12.08216, 57.29003 ], [ 12.07953, 57.28961 ], [ 12.07936, 57.29176 ], [ 12.07801, 57.29209 ] ] ], [ [ [ 12.0946, 57.30901 ], [ 12.09809, 57.30694 ], [ 12.09826, 57.30478 ], [ 12.09232, 57.30429 ], [ 12.09085, 57.30605 ], [ 12.09264, 57.30861 ], [ 12.0946, 57.30901 ] ] ], [ [ [ 12.09603, 57.31624 ], [ 12.09493, 57.31333 ], [ 12.09697, 57.31266 ], [ 12.09368, 57.31223 ], [ 12.09092, 57.3136 ], [ 12.09, 57.31681 ], [ 12.09603, 57.31624 ] ] ], [ [ [ 12.11529, 57.31632 ], [ 12.11537, 57.31524 ], [ 12.11015, 57.31404 ], [ 12.11131, 57.31623 ], [ 12.11529, 57.31632 ] ] ], [ [ [ 12.14607, 57.21061 ], [ 12.14797, 57.21173 ], [ 12.14803, 57.21101 ], [ 12.14607, 57.21061 ] ] ], [ [ [ 12.14067, 57.21192 ], [ 12.13871, 57.21152 ], [ 12.13665, 57.21255 ], [ 12.1386, 57.21295 ], [ 12.14067, 57.21192 ] ] ], [ [ [ 12.09386, 57.23422 ], [ 12.09545, 57.23929 ], [ 12.09807, 57.23971 ], [ 12.09724, 57.24184 ], [ 12.09854, 57.24223 ], [ 12.10069, 57.24013 ], [ 12.10463, 57.24058 ], [ 12.10607, 57.23917 ], [ 12.10806, 57.23922 ], [ 12.10797, 57.24029 ], [ 12.11068, 57.23964 ], [ 12.11194, 57.24039 ], [ 12.11269, 57.23932 ], [ 12.11467, 57.23937 ], [ 12.11658, 57.24049 ], [ 12.11572, 57.24299 ], [ 12.11779, 57.24196 ], [ 12.11975, 57.24236 ], [ 12.11944, 57.24631 ], [ 12.11803, 57.24736 ], [ 12.12007, 57.24668 ], [ 12.12669, 57.24684 ], [ 12.1281, 57.24579 ], [ 12.13075, 57.24585 ], [ 12.13066, 57.24693 ], [ 12.13262, 57.24733 ], [ 12.13064, 57.24728 ], [ 12.12909, 57.25013 ], [ 12.12219, 57.25356 ], [ 12.11819, 57.25383 ], [ 12.11118, 57.25007 ], [ 12.10586, 57.25031 ], [ 12.10407, 57.24775 ], [ 12.10024, 57.24587 ], [ 12.09561, 57.24576 ], [ 12.09552, 57.24684 ], [ 12.09144, 57.24818 ], [ 12.0911, 57.25249 ], [ 12.08891, 57.25495 ], [ 12.085, 57.25414 ], [ 12.08485, 57.25594 ], [ 12.09346, 57.25614 ], [ 12.09986, 57.25916 ], [ 12.09977, 57.26024 ], [ 12.10294, 57.26211 ], [ 12.10916, 57.25902 ], [ 12.10692, 57.2622 ], [ 12.10355, 57.26284 ], [ 12.10404, 57.26501 ], [ 12.10531, 57.26576 ], [ 12.10675, 57.26435 ], [ 12.10937, 57.26477 ], [ 12.11078, 57.26373 ], [ 12.11205, 57.26447 ], [ 12.10727, 57.26616 ], [ 12.10788, 57.2669 ], [ 12.10575, 57.26864 ], [ 12.10914, 57.26764 ], [ 12.10953, 57.27125 ], [ 12.11466, 57.27352 ], [ 12.11457, 57.2746 ], [ 12.11662, 57.27393 ], [ 12.11783, 57.27539 ], [ 12.11982, 57.27544 ], [ 12.12293, 57.27803 ], [ 12.1263, 57.27738 ], [ 12.13019, 57.27855 ], [ 12.13395, 57.28151 ], [ 12.13726, 57.28159 ], [ 12.13933, 57.28056 ], [ 12.1398, 57.28309 ], [ 12.1411, 57.28347 ], [ 12.14573, 57.28358 ], [ 12.14852, 57.28185 ], [ 12.15319, 57.28159 ], [ 12.15965, 57.2839 ], [ 12.16233, 57.2836 ], [ 12.16426, 57.28436 ], [ 12.16531, 57.28798 ], [ 12.16324, 57.28901 ], [ 12.16299, 57.29224 ], [ 12.16553, 57.29373 ], [ 12.16382, 57.29873 ], [ 12.16755, 57.30205 ], [ 12.16755, 57.31068 ], [ 12.17371, 57.3124 ], [ 12.18071, 57.31126 ], [ 12.18895, 57.31455 ], [ 12.196, 57.31593 ], [ 12.19765, 57.31721 ], [ 12.19648, 57.31888 ], [ 12.20474, 57.31822 ], [ 12.20569, 57.32155 ], [ 12.21494, 57.32238 ], [ 12.21928, 57.31846 ], [ 12.2177, 57.31734 ], [ 12.21873, 57.31731 ], [ 12.21789, 57.31538 ], [ 12.22659, 57.31623 ], [ 12.23907, 57.3132 ], [ 12.26075, 57.30477 ], [ 12.27455, 57.30048 ], [ 12.28831, 57.30252 ], [ 12.31443, 57.30927 ], [ 12.33302, 57.32249 ], [ 12.34263, 57.33166 ], [ 12.33802, 57.32971 ], [ 12.33831, 57.33233 ], [ 12.34264, 57.33167 ], [ 12.34613, 57.33456 ], [ 12.35231, 57.33494 ], [ 12.38698, 57.35153 ], [ 12.38445, 57.34699 ], [ 12.38543, 57.34371 ], [ 12.39304, 57.34036 ], [ 12.39293, 57.33844 ], [ 12.38962, 57.33701 ], [ 12.39749, 57.32866 ], [ 12.3771, 57.31919 ], [ 12.37702, 57.31588 ], [ 12.37448, 57.31443 ], [ 12.38823, 57.31208 ], [ 12.38793, 57.31025 ], [ 12.37185, 57.31282 ], [ 12.37226, 57.30636 ], [ 12.3682, 57.30489 ], [ 12.36361, 57.3048 ], [ 12.36336, 57.3034 ], [ 12.35915, 57.30112 ], [ 12.35694, 57.30256 ], [ 12.35844, 57.3029 ], [ 12.35718, 57.30355 ], [ 12.3562, 57.30302 ], [ 12.35689, 57.30373 ], [ 12.35466, 57.30398 ], [ 12.35114, 57.30613 ], [ 12.3488, 57.30472 ], [ 12.35202, 57.30273 ], [ 12.35125, 57.30209 ], [ 12.34667, 57.3031 ], [ 12.34458, 57.30126 ], [ 12.34734, 57.30109 ], [ 12.34366, 57.30016 ], [ 12.34851, 57.30026 ], [ 12.3486, 57.29963 ], [ 12.35084, 57.30043 ], [ 12.34918, 57.3012 ], [ 12.3502, 57.30186 ], [ 12.35269, 57.30079 ], [ 12.35441, 57.30134 ], [ 12.35679, 57.29979 ], [ 12.35011, 57.29612 ], [ 12.34442, 57.29933 ], [ 12.34155, 57.29809 ], [ 12.34752, 57.29472 ], [ 12.34611, 57.29347 ], [ 12.34093, 57.29628 ], [ 12.33942, 57.29572 ], [ 12.34507, 57.29258 ], [ 12.34295, 57.28144 ], [ 12.34622, 57.27837 ], [ 12.33702, 57.28088 ], [ 12.3311, 57.28091 ], [ 12.32523, 57.27926 ], [ 12.32214, 57.27716 ], [ 12.31147, 57.27658 ], [ 12.30287, 57.27363 ], [ 12.29958, 57.27102 ], [ 12.29994, 57.26663 ], [ 12.30444, 57.26395 ], [ 12.3089, 57.25721 ], [ 12.31514, 57.25331 ], [ 12.32101, 57.252 ], [ 12.32551, 57.25205 ], [ 12.33106, 57.25343 ], [ 12.33445, 57.25567 ], [ 12.33647, 57.25618 ], [ 12.32866, 57.24886 ], [ 12.32876, 57.24375 ], [ 12.31445, 57.23891 ], [ 12.31744, 57.23823 ], [ 12.31827, 57.23775 ], [ 12.31905, 57.23775 ], [ 12.31989, 57.23825 ], [ 12.32034, 57.23822 ], [ 12.32127, 57.23758 ], [ 12.32206, 57.23901 ], [ 12.32486, 57.23958 ], [ 12.32606, 57.23776 ], [ 12.32124, 57.23753 ], [ 12.31999, 57.23817 ], [ 12.31918, 57.23773 ], [ 12.31822, 57.2377 ], [ 12.31466, 57.23865 ], [ 12.31408, 57.23914 ], [ 12.30206, 57.24025 ], [ 12.28504, 57.23813 ], [ 12.27703, 57.23551 ], [ 12.26341, 57.23388 ], [ 12.25097, 57.23488 ], [ 12.23996, 57.23029 ], [ 12.22295, 57.2293 ], [ 12.21484, 57.22661 ], [ 12.2135, 57.22716 ], [ 12.21581, 57.22825 ], [ 12.20906, 57.22748 ], [ 12.20589, 57.22561 ], [ 12.20322, 57.22591 ], [ 12.19875, 57.22366 ], [ 12.19346, 57.22354 ], [ 12.18902, 57.22092 ], [ 12.18703, 57.22088 ], [ 12.18651, 57.21907 ], [ 12.18127, 57.21823 ], [ 12.18152, 57.215 ], [ 12.17099, 57.21405 ], [ 12.16955, 57.21545 ], [ 12.16558, 57.21536 ], [ 12.16302, 57.21423 ], [ 12.15905, 57.21414 ], [ 12.15638, 57.21444 ], [ 12.15561, 57.21586 ], [ 12.15296, 57.2158 ], [ 12.15114, 57.2136 ], [ 12.14321, 57.21342 ], [ 12.13918, 57.21405 ], [ 12.13775, 57.21545 ], [ 12.13232, 57.21712 ], [ 12.13444, 57.21826 ], [ 12.13315, 57.21811 ], [ 12.12807, 57.22062 ], [ 12.12798, 57.2217 ], [ 12.12597, 57.22201 ], [ 12.12644, 57.22454 ], [ 12.12368, 57.22591 ], [ 12.11968, 57.22618 ], [ 12.1169, 57.22792 ], [ 12.11293, 57.22782 ], [ 12.11301, 57.22675 ], [ 12.11105, 57.22634 ], [ 12.10829, 57.22772 ], [ 12.10818, 57.22915 ], [ 12.10487, 57.22908 ], [ 12.10344, 57.23048 ], [ 12.09737, 57.23178 ], [ 12.09386, 57.23422 ] ], [ [ 12.14366, 57.21746 ], [ 12.14444, 57.21749 ], [ 12.14264, 57.21755 ], [ 12.14366, 57.21746 ] ], [ [ 12.14582, 57.21753 ], [ 12.14642, 57.21755 ], [ 12.14679, 57.21763 ], [ 12.14582, 57.21753 ] ], [ [ 12.13963, 57.21804 ], [ 12.1416, 57.21765 ], [ 12.14196, 57.21762 ], [ 12.13963, 57.21804 ] ], [ [ 12.14947, 57.21818 ], [ 12.15026, 57.21835 ], [ 12.15064, 57.21851 ], [ 12.14947, 57.21818 ] ], [ [ 12.15106, 57.21868 ], [ 12.15193, 57.21905 ], [ 12.15241, 57.21936 ], [ 12.15106, 57.21868 ] ], [ [ 12.15316, 57.21985 ], [ 12.15366, 57.22018 ], [ 12.1548, 57.22146 ], [ 12.15316, 57.21985 ] ], [ [ 12.15698, 57.2231 ], [ 12.15708, 57.22318 ], [ 12.15817, 57.22467 ], [ 12.15698, 57.2231 ] ], [ [ 12.1583, 57.22484 ], [ 12.1583, 57.22485 ], [ 12.15872, 57.2259 ], [ 12.1583, 57.22484 ] ], [ [ 12.15868, 57.22816 ], [ 12.15868, 57.22829 ], [ 12.15812, 57.22929 ], [ 12.15868, 57.22816 ] ], [ [ 12.15719, 57.23064 ], [ 12.15868, 57.23167 ], [ 12.15882, 57.23184 ], [ 12.15719, 57.23064 ] ], [ [ 12.15937, 57.23249 ], [ 12.1598, 57.233 ], [ 12.15988, 57.2332 ], [ 12.15937, 57.23249 ] ], [ [ 12.16, 57.23354 ], [ 12.16022, 57.2341 ], [ 12.16025, 57.23501 ], [ 12.16, 57.23354 ] ], [ [ 12.16026, 57.23516 ], [ 12.16026, 57.23523 ], [ 12.16009, 57.23563 ], [ 12.16026, 57.23516 ] ], [ [ 12.16078, 57.23655 ], [ 12.16029, 57.23715 ], [ 12.16048, 57.2368 ], [ 12.16078, 57.23655 ] ], [ [ 12.15947, 57.23706 ], [ 12.15762, 57.23884 ], [ 12.15954, 57.23689 ], [ 12.15947, 57.23706 ] ], [ [ 12.15524, 57.24007 ], [ 12.15491, 57.24016 ], [ 12.15762, 57.23884 ], [ 12.15524, 57.24007 ] ], [ [ 12.15969, 57.23849 ], [ 12.15969, 57.23821 ], [ 12.15988, 57.23787 ], [ 12.15969, 57.23849 ] ], [ [ 12.15421, 57.24036 ], [ 12.15287, 57.24074 ], [ 12.15144, 57.24092 ], [ 12.15421, 57.24036 ] ], [ [ 12.15072, 57.24101 ], [ 12.15032, 57.24106 ], [ 12.14726, 57.241 ], [ 12.15072, 57.24101 ] ], [ [ 12.15871, 57.24467 ], [ 12.15921, 57.24592 ], [ 12.15907, 57.24573 ], [ 12.15871, 57.24467 ] ], [ [ 12.1347, 57.24537 ], [ 12.13268, 57.24623 ], [ 12.13139, 57.24659 ], [ 12.1347, 57.24537 ] ], [ [ 12.1802, 57.23133 ], [ 12.17824, 57.23126 ], [ 12.17854, 57.23122 ], [ 12.1802, 57.23133 ] ], [ [ 12.18273, 57.23156 ], [ 12.18222, 57.23146 ], [ 12.18243, 57.23147 ], [ 12.18273, 57.23156 ] ], [ [ 12.17479, 57.23176 ], [ 12.1747, 57.23177 ], [ 12.17471, 57.23177 ], [ 12.17479, 57.23176 ] ], [ [ 12.18853, 57.23221 ], [ 12.18557, 57.23236 ], [ 12.18808, 57.23218 ], [ 12.18853, 57.23221 ] ], [ [ 12.1915, 57.23244 ], [ 12.19031, 57.23233 ], [ 12.19127, 57.23239 ], [ 12.1915, 57.23244 ] ], [ [ 12.16797, 57.23343 ], [ 12.16687, 57.23363 ], [ 12.1677, 57.23345 ], [ 12.16797, 57.23343 ] ], [ [ 12.16562, 57.2339 ], [ 12.16354, 57.23475 ], [ 12.16523, 57.23399 ], [ 12.16562, 57.2339 ] ], [ [ 12.16249, 57.23522 ], [ 12.16195, 57.23559 ], [ 12.16229, 57.23531 ], [ 12.16249, 57.23522 ] ], [ [ 12.16266, 57.2495 ], [ 12.15945, 57.24625 ], [ 12.16292, 57.24966 ], [ 12.16266, 57.2495 ] ], [ [ 12.17008, 57.26401 ], [ 12.17106, 57.26311 ], [ 12.1711, 57.26309 ], [ 12.17008, 57.26401 ] ], [ [ 12.16943, 57.26461 ], [ 12.16803, 57.26658 ], [ 12.16912, 57.26489 ], [ 12.16943, 57.26461 ] ], [ [ 12.16614, 57.26824 ], [ 12.16641, 57.26783 ], [ 12.16803, 57.26658 ], [ 12.16614, 57.26824 ] ], [ [ 12.16556, 57.26913 ], [ 12.16534, 57.26956 ], [ 12.16537, 57.26941 ], [ 12.16556, 57.26913 ] ], [ [ 12.16523, 57.27008 ], [ 12.16517, 57.27135 ], [ 12.16476, 57.2724 ], [ 12.16523, 57.27008 ] ], [ [ 12.16473, 57.27257 ], [ 12.16488, 57.27422 ], [ 12.16467, 57.27284 ], [ 12.16473, 57.27257 ] ], [ [ 12.16367, 57.27584 ], [ 12.16355, 57.27615 ], [ 12.16358, 57.27596 ], [ 12.16367, 57.27584 ] ], [ [ 12.16337, 57.27744 ], [ 12.16339, 57.27796 ], [ 12.16332, 57.2778 ], [ 12.16337, 57.27744 ] ], [ [ 12.16456, 57.28064 ], [ 12.16542, 57.28156 ], [ 12.16462, 57.28078 ], [ 12.16456, 57.28064 ] ], [ [ 12.20143, 57.29776 ], [ 12.20003, 57.29689 ], [ 12.20141, 57.29774 ], [ 12.20143, 57.29776 ] ], [ [ 12.20264, 57.29894 ], [ 12.20168, 57.29799 ], [ 12.20253, 57.29877 ], [ 12.20264, 57.29894 ] ], [ [ 12.20053, 57.30553 ], [ 12.20142, 57.30485 ], [ 12.20075, 57.30544 ], [ 12.20053, 57.30553 ] ], [ [ 12.20322, 57.2347 ], [ 12.20155, 57.23443 ], [ 12.2019, 57.23444 ], [ 12.20322, 57.2347 ] ], [ [ 12.2052, 57.23508 ], [ 12.20739, 57.23594 ], [ 12.20493, 57.23503 ], [ 12.2052, 57.23508 ] ], [ [ 12.20876, 57.23678 ], [ 12.20893, 57.23694 ], [ 12.20739, 57.23594 ], [ 12.20876, 57.23678 ] ], [ [ 12.21021, 57.23832 ], [ 12.20936, 57.23734 ], [ 12.20988, 57.23782 ], [ 12.21021, 57.23832 ] ], [ [ 12.2107, 57.23941 ], [ 12.21046, 57.2387 ], [ 12.21058, 57.23888 ], [ 12.2107, 57.23941 ] ], [ [ 12.2109, 57.24034 ], [ 12.21042, 57.24239 ], [ 12.21086, 57.24015 ], [ 12.2109, 57.24034 ] ], [ [ 12.21077, 57.24412 ], [ 12.21072, 57.24433 ], [ 12.21042, 57.24239 ], [ 12.21077, 57.24412 ] ], [ [ 12.21029, 57.2457 ], [ 12.21055, 57.245 ], [ 12.21041, 57.24556 ], [ 12.21029, 57.2457 ] ], [ [ 12.20816, 57.2479 ], [ 12.20941, 57.24668 ], [ 12.20871, 57.24748 ], [ 12.20816, 57.2479 ] ], [ [ 12.20578, 57.2494 ], [ 12.20771, 57.24825 ], [ 12.20717, 57.24867 ], [ 12.20578, 57.2494 ] ], [ [ 12.2218, 57.26496 ], [ 12.22267, 57.26606 ], [ 12.22164, 57.26485 ], [ 12.2218, 57.26496 ] ], [ [ 12.22376, 57.26826 ], [ 12.22384, 57.26859 ], [ 12.22267, 57.26606 ], [ 12.22376, 57.26826 ] ], [ [ 12.22378, 57.27055 ], [ 12.22397, 57.26918 ], [ 12.22407, 57.26963 ], [ 12.22378, 57.27055 ] ], [ [ 12.22292, 57.27199 ], [ 12.22359, 57.27116 ], [ 12.22353, 57.27135 ], [ 12.22292, 57.27199 ] ], [ [ 12.22104, 57.27348 ], [ 12.22211, 57.27283 ], [ 12.22196, 57.27299 ], [ 12.22104, 57.27348 ] ], [ [ 12.21624, 57.27522 ], [ 12.21953, 57.27427 ], [ 12.21923, 57.27443 ], [ 12.21624, 57.27522 ] ], [ [ 12.20327, 57.30016 ], [ 12.20289, 57.29932 ], [ 12.20322, 57.29983 ], [ 12.20327, 57.30016 ] ], [ [ 12.20336, 57.30202 ], [ 12.20342, 57.3012 ], [ 12.2035, 57.30172 ], [ 12.20336, 57.30202 ] ], [ [ 12.20229, 57.30409 ], [ 12.20267, 57.30347 ], [ 12.20244, 57.30396 ], [ 12.20229, 57.30409 ] ] ], [ [ [ 12.11742, 57.28905 ], [ 12.11541, 57.28936 ], [ 12.11143, 57.28927 ], [ 12.11394, 57.29112 ], [ 12.11731, 57.29048 ], [ 12.11742, 57.28905 ] ] ], [ [ [ 12.12076, 57.29739 ], [ 12.11698, 57.29479 ], [ 12.10695, 57.29564 ], [ 12.1062, 57.2967 ], [ 12.10739, 57.29852 ], [ 12.10613, 57.30604 ], [ 12.11083, 57.30543 ], [ 12.11389, 57.30874 ], [ 12.11787, 57.30883 ], [ 12.11735, 57.30702 ], [ 12.12279, 57.30535 ], [ 12.12475, 57.30575 ], [ 12.12368, 57.30249 ], [ 12.12514, 57.30073 ], [ 12.12465, 57.29856 ], [ 12.12076, 57.29739 ] ] ], [ [ [ 12.12102, 57.31106 ], [ 12.11969, 57.31103 ], [ 12.11958, 57.31246 ], [ 12.12209, 57.31432 ], [ 12.12809, 57.3141 ], [ 12.13284, 57.31277 ], [ 12.12315, 57.30931 ], [ 12.12182, 57.30928 ], [ 12.12102, 57.31106 ] ] ] ] } },
{ "type": "Feature", "properties": { "regsokod": "1383R004", "regso": "Varberg (Hunnestad-Gödestad)", "kn": "1383", "kommun": "Varberg", "pop": 4001.0, "akutsjukhus_BICYCLE": 39.0, "akutsjukhus_CAR": 19.0, "akutsjukhus_TRANSIT": 40.0, "akutsjukhus_TRANSIT50": 47.0, "akutsjukhus_WALK": 46.0, "apotek_BICYCLE": 34.0, "apotek_CAR": 13.0, "apotek_TRANSIT": 31.0, "apotek_TRANSIT50": 48.0, "apotek_WALK": 42.0, "bibliotek_BICYCLE": 29.0, "bibliotek_CAR": 11.0, "bibliotek_TRANSIT": 35.0, "bibliotek_TRANSIT50": 48.0, "bibliotek_WALK": 47.0, "dagligvaror_BICYCLE": 19.0, "dagligvaror_CAR": 7.0, "dagligvaror_TRANSIT": 26.0, "dagligvaror_TRANSIT50": 39.0, "dagligvaror_WALK": 38.0, "drivmedel_BICYCLE": 22.0, "drivmedel_CAR": 8.0, "drivmedel_TRANSIT": 28.0, "drivmedel_TRANSIT50": 46.0, "drivmedel_WALK": 48.0, "forskola_BICYCLE": 20.0, "forskola_CAR": 8.0, "forskola_TRANSIT": 23.0, "forskola_TRANSIT50": 40.0, "forskola_WALK": 38.0, "grundskola_79_BICYCLE": 19.0, "grundskola_79_CAR": 7.0, "grundskola_79_TRANSIT": 26.0, "grundskola_79_TRANSIT50": 42.0, "grundskola_79_WALK": 42.0, "grundskola_f6_BICYCLE": 14.0, "grundskola_f6_CAR": 6.0, "grundskola_f6_TRANSIT": 22.0, "grundskola_f6_TRANSIT50": 35.0, "grundskola_f6_WALK": 35.0, "gymnasium_BICYCLE": 33.0, "gymnasium_CAR": 13.0, "gymnasium_TRANSIT": 34.0, "gymnasium_TRANSIT50": 48.0, "gymnasium_WALK": 48.0, "hallplats_BICYCLE": 12.0, "hallplats_CAR": 5.0, "hallplats_TRANSIT": 18.0, "hallplats_TRANSIT50": 30.0, "hallplats_WALK": 31.0, "narakut_BICYCLE": null, "narakut_CAR": 45.0, "narakut_TRANSIT": null, "narakut_TRANSIT50": null, "narakut_WALK": null, "tandvard_BICYCLE": 36.0, "tandvard_CAR": 15.0, "tandvard_TRANSIT": 33.0, "tandvard_TRANSIT50": 47.0, "tandvard_WALK": 43.0, "vardcentral_BICYCLE": 32.0, "vardcentral_CAR": 12.0, "vardcentral_TRANSIT": 31.0, "vardcentral_TRANSIT50": 48.0, "vardcentral_WALK": 44.0, "v15_BICYCLE": 1.9, "v15_WALK": 0.4, "namn": "Varberg (Hunnestad-Gödestad)" }, "geometry": { "type": "Polygon", "coordinates": [ [ [ 12.39988, 57.14448 ], [ 12.40556, 57.14218 ], [ 12.41184, 57.13124 ], [ 12.44986, 57.13436 ], [ 12.45045, 57.13338 ], [ 12.45302, 57.13324 ], [ 12.4575, 57.1343 ], [ 12.47033, 57.13129 ], [ 12.47978, 57.13008 ], [ 12.47661, 57.13021 ], [ 12.47533, 57.12749 ], [ 12.48032, 57.12699 ], [ 12.47958, 57.1243 ], [ 12.48541, 57.12082 ], [ 12.50039, 57.11461 ], [ 12.50734, 57.10888 ], [ 12.51507, 57.11298 ], [ 12.5301, 57.11127 ], [ 12.54439, 57.10747 ], [ 12.5296, 57.10211 ], [ 12.52618, 57.09697 ], [ 12.52481, 57.09737 ], [ 12.51527, 57.09388 ], [ 12.50571, 57.08813 ], [ 12.49392, 57.07887 ], [ 12.48355, 57.08045 ], [ 12.47709, 57.08448 ], [ 12.45851, 57.09038 ], [ 12.45521, 57.09371 ], [ 12.43819, 57.07833 ], [ 12.4261, 57.07915 ], [ 12.41716, 57.08214 ], [ 12.41349, 57.08205 ], [ 12.377, 57.09294 ], [ 12.35016, 57.08386 ], [ 12.35596, 57.08159 ], [ 12.35181, 57.07937 ], [ 12.34969, 57.08027 ], [ 12.34869, 57.08335 ], [ 12.32869, 57.07663 ], [ 12.3222, 57.07758 ], [ 12.3246, 57.07524 ], [ 12.32097, 57.07401 ], [ 12.31761, 57.0773 ], [ 12.31933, 57.07789 ], [ 12.30653, 57.07936 ], [ 12.30416, 57.07683 ], [ 12.3103, 57.0711 ], [ 12.30542, 57.06924 ], [ 12.29884, 57.07503 ], [ 12.29754, 57.0789 ], [ 12.29373, 57.08102 ], [ 12.29542, 57.08453 ], [ 12.29202, 57.09159 ], [ 12.30006, 57.09229 ], [ 12.30417, 57.0936 ], [ 12.31253, 57.10231 ], [ 12.31229, 57.10553 ], [ 12.31414, 57.10891 ], [ 12.3118, 57.11634 ], [ 12.3143, 57.11938 ], [ 12.31449, 57.12703 ], [ 12.31276, 57.13024 ], [ 12.30772, 57.13273 ], [ 12.30914, 57.13577 ], [ 12.30702, 57.13921 ], [ 12.30853, 57.14614 ], [ 12.30746, 57.14899 ], [ 12.30077, 57.15303 ], [ 12.29254, 57.15343 ], [ 12.28979, 57.15628 ], [ 12.29356, 57.15861 ], [ 12.29483, 57.16099 ], [ 12.30967, 57.16611 ], [ 12.31318, 57.16936 ], [ 12.31272, 57.1809 ], [ 12.30985, 57.18492 ], [ 12.30274, 57.18762 ], [ 12.29421, 57.1866 ], [ 12.30245, 57.19401 ], [ 12.30233, 57.19898 ], [ 12.31001, 57.19697 ], [ 12.31356, 57.19713 ], [ 12.33506, 57.20219 ], [ 12.34991, 57.20698 ], [ 12.35135, 57.20904 ], [ 12.3639, 57.21376 ], [ 12.35639, 57.21957 ], [ 12.38461, 57.22456 ], [ 12.38584, 57.224 ], [ 12.38553, 57.22472 ], [ 12.39824, 57.22691 ], [ 12.41305, 57.22443 ], [ 12.41912, 57.22465 ], [ 12.42398, 57.22657 ], [ 12.42338, 57.22789 ], [ 12.42615, 57.22841 ], [ 12.42483, 57.23052 ], [ 12.42809, 57.23152 ], [ 12.43368, 57.22696 ], [ 12.4369, 57.2283 ], [ 12.44134, 57.22359 ], [ 12.44744, 57.22131 ], [ 12.45119, 57.22153 ], [ 12.45754, 57.21799 ], [ 12.45338, 57.21781 ], [ 12.44122, 57.21033 ], [ 12.43829, 57.21019 ], [ 12.43611, 57.20853 ], [ 12.43768, 57.20781 ], [ 12.41233, 57.20074 ], [ 12.41363, 57.19933 ], [ 12.41118, 57.1981 ], [ 12.40964, 57.19822 ], [ 12.40904, 57.19986 ], [ 12.40736, 57.19942 ], [ 12.41028, 57.19684 ], [ 12.40869, 57.19017 ], [ 12.40632, 57.18951 ], [ 12.40739, 57.18236 ], [ 12.42342, 57.17388 ], [ 12.43298, 57.16277 ], [ 12.42944, 57.15388 ], [ 12.41828, 57.14879 ], [ 12.41704, 57.14956 ], [ 12.4158, 57.1491 ], [ 12.41728, 57.14392 ], [ 12.41505, 57.14365 ], [ 12.4158, 57.14652 ], [ 12.41452, 57.14864 ], [ 12.39988, 57.14448 ] ] ] } },
{ "type": "Feature", "properties": { "regsokod": "1383R005", "regso": "Varberg (Håsten-Holmagärde)", "kn": "1383", "kommun": "Varberg", "pop": 4422.0, "akutsjukhus_BICYCLE": 11.0, "akutsjukhus_CAR": 9.0, "akutsjukhus_TRANSIT": 22.0, "akutsjukhus_TRANSIT50": 29.0, "akutsjukhus_WALK": 32.0, "apotek_BICYCLE": 4.0, "apotek_CAR": 4.0, "apotek_TRANSIT": 9.0, "apotek_TRANSIT50": 10.0, "apotek_WALK": 10.0, "bibliotek_BICYCLE": 8.0, "bibliotek_CAR": 7.0, "bibliotek_TRANSIT": 15.0, "bibliotek_TRANSIT50": 21.0, "bibliotek_WALK": 26.0, "dagligvaror_BICYCLE": 3.0, "dagligvaror_CAR": 2.0, "dagligvaror_TRANSIT": 7.0, "dagligvaror_TRANSIT50": 7.0, "dagligvaror_WALK": 7.0, "drivmedel_BICYCLE": 3.0, "drivmedel_CAR": 3.0, "drivmedel_TRANSIT": 7.0, "drivmedel_TRANSIT50": 8.0, "drivmedel_WALK": 8.0, "forskola_BICYCLE": 3.0, "forskola_CAR": 2.0, "forskola_TRANSIT": 6.0, "forskola_TRANSIT50": 7.0, "forskola_WALK": 7.0, "grundskola_79_BICYCLE": 4.0, "grundskola_79_CAR": 4.0, "grundskola_79_TRANSIT": 8.0, "grundskola_79_TRANSIT50": 9.0, "grundskola_79_WALK": 9.0, "grundskola_f6_BICYCLE": 3.0, "grundskola_f6_CAR": 4.0, "grundskola_f6_TRANSIT": 7.0, "grundskola_f6_TRANSIT50": 8.0, "grundskola_f6_WALK": 9.0, "gymnasium_BICYCLE": 7.0, "gymnasium_CAR": 6.0, "gymnasium_TRANSIT": 16.0, "gymnasium_TRANSIT50": 21.0, "gymnasium_WALK": 21.0, "hallplats_BICYCLE": 1.0, "hallplats_CAR": 2.0, "hallplats_TRANSIT": 5.0, "hallplats_TRANSIT50": 5.0, "hallplats_WALK": 5.0, "narakut_BICYCLE": null, "narakut_CAR": 44.0, "narakut_TRANSIT": 47.0, "narakut_TRANSIT50": 57.0, "narakut_WALK": null, "tandvard_BICYCLE": 8.0, "tandvard_CAR": 7.0, "tandvard_TRANSIT": 14.0, "tandvard_TRANSIT50": 20.0, "tandvard_WALK": 23.0, "vardcentral_BICYCLE": 3.0, "vardcentral_CAR": 3.0, "vardcentral_TRANSIT": 8.0, "vardcentral_TRANSIT50": 8.0, "vardcentral_WALK": 8.0, "v15_BICYCLE": 6.0, "v15_WALK": 4.8, "namn": "Varberg (Håsten-Holmagärde)" }, "geometry": { "type": "Polygon", "coordinates": [ [ [ 12.31303, 57.13 ], [ 12.31447, 57.12747 ], [ 12.31348, 57.1188 ], [ 12.30381, 57.12219 ], [ 12.2963, 57.12014 ], [ 12.29252, 57.11804 ], [ 12.2897, 57.11858 ], [ 12.29297, 57.10897 ], [ 12.28127, 57.10851 ], [ 12.2816, 57.11482 ], [ 12.27635, 57.11485 ], [ 12.2758, 57.11829 ], [ 12.28162, 57.11777 ], [ 12.28251, 57.12004 ], [ 12.26804, 57.12168 ], [ 12.26208, 57.12074 ], [ 12.26176, 57.11937 ], [ 12.26394, 57.11877 ], [ 12.264, 57.11496 ], [ 12.26571, 57.11482 ], [ 12.26022, 57.11261 ], [ 12.26078, 57.11119 ], [ 12.25559, 57.11257 ], [ 12.25961, 57.11528 ], [ 12.26058, 57.11481 ], [ 12.26199, 57.12155 ], [ 12.26126, 57.12746 ], [ 12.26487, 57.12789 ], [ 12.27533, 57.12514 ], [ 12.27718, 57.12667 ], [ 12.2735, 57.12887 ], [ 12.27908, 57.13223 ], [ 12.28235, 57.12978 ], [ 12.28373, 57.13037 ], [ 12.28758, 57.12965 ], [ 12.28828, 57.13079 ], [ 12.29, 57.13044 ], [ 12.29079, 57.1313 ], [ 12.29312, 57.13083 ], [ 12.29678, 57.12808 ], [ 12.29888, 57.1279 ], [ 12.30811, 57.12837 ], [ 12.30937, 57.12979 ], [ 12.31303, 57.13 ] ] ] } },
{ "type": "Feature", "properties": { "regsokod": "1383R006", "regso": "Varberg (Rolfstorp-Skällinge-Karl Gustav)", "kn": "1383", "kommun": "Varberg", "pop": 3723.0, "akutsjukhus_BICYCLE": 56.0, "akutsjukhus_CAR": 32.0, "akutsjukhus_TRANSIT": 43.0, "akutsjukhus_TRANSIT50": 57.0, "akutsjukhus_WALK": null, "apotek_BICYCLE": 51.0, "apotek_CAR": 21.0, "apotek_TRANSIT": 41.0, "apotek_TRANSIT50": 54.0, "apotek_WALK": null, "bibliotek_BICYCLE": 20.0, "bibliotek_CAR": 7.0, "bibliotek_TRANSIT": 23.0, "bibliotek_TRANSIT50": 28.0, "bibliotek_WALK": 30.0, "dagligvaror_BICYCLE": 23.0, "dagligvaror_CAR": 8.0, "dagligvaror_TRANSIT": 23.0, "dagligvaror_TRANSIT50": 20.0, "dagligvaror_WALK": 15.0, "drivmedel_BICYCLE": 29.0, "drivmedel_CAR": 9.0, "drivmedel_TRANSIT": 30.0, "drivmedel_TRANSIT50": 34.0, "drivmedel_WALK": 24.0, "forskola_BICYCLE": 44.0, "forskola_CAR": 17.0, "forskola_TRANSIT": 37.0, "forskola_TRANSIT50": 54.0, "forskola_WALK": null, "grundskola_79_BICYCLE": 28.0, "grundskola_79_CAR": 12.0, "grundskola_79_TRANSIT": 26.0, "grundskola_79_TRANSIT50": 30.0, "grundskola_79_WALK": 35.0, "grundskola_f6_BICYCLE": 15.0, "grundskola_f6_CAR": 6.0, "grundskola_f6_TRANSIT": 21.0, "grundskola_f6_TRANSIT50": 21.0, "grundskola_f6_WALK": 17.0, "gymnasium_BICYCLE": 53.0, "gymnasium_CAR": 25.0, "gymnasium_TRANSIT": 41.0, "gymnasium_TRANSIT50": 55.0, "gymnasium_WALK": null, "hallplats_BICYCLE": 20.0, "hallplats_CAR": 10.0, "hallplats_TRANSIT": 25.0, "hallplats_TRANSIT50": 26.0, "hallplats_WALK": 25.0, "narakut_BICYCLE": null, "narakut_CAR": 51.0, "narakut_TRANSIT": null, "narakut_TRANSIT50": null, "narakut_WALK": null, "tandvard_BICYCLE": 51.0, "tandvard_CAR": 21.0, "tandvard_TRANSIT": 38.0, "tandvard_TRANSIT50": 55.0, "tandvard_WALK": null, "vardcentral_BICYCLE": 49.0, "vardcentral_CAR": 18.0, "vardcentral_TRANSIT": 42.0, "vardcentral_TRANSIT50": 53.0, "vardcentral_WALK": null, "v15_BICYCLE": 1.7, "v15_WALK": 1.1, "namn": "Varberg (Rolfstorp-Skällinge-Karl Gustav)" }, "geometry": { "type": "Polygon", "coordinates": [ [ [ 12.61387, 57.14894 ], [ 12.61676, 57.1458 ], [ 12.61955, 57.13734 ], [ 12.61816, 57.13596 ], [ 12.61881, 57.13455 ], [ 12.61313, 57.13011 ], [ 12.60594, 57.12757 ], [ 12.6049, 57.12617 ], [ 12.58469, 57.11606 ], [ 12.57519, 57.11462 ], [ 12.57482, 57.11537 ], [ 12.56684, 57.11627 ], [ 12.56099, 57.11289 ], [ 12.55692, 57.11223 ], [ 12.54439, 57.10747 ], [ 12.5301, 57.11127 ], [ 12.51507, 57.11298 ], [ 12.50734, 57.10888 ], [ 12.50039, 57.11461 ], [ 12.48541, 57.12082 ], [ 12.47958, 57.1243 ], [ 12.48032, 57.12699 ], [ 12.47533, 57.12749 ], [ 12.47661, 57.13021 ], [ 12.47978, 57.13008 ], [ 12.47033, 57.13129 ], [ 12.4575, 57.1343 ], [ 12.45302, 57.13324 ], [ 12.45045, 57.13338 ], [ 12.44986, 57.13436 ], [ 12.41184, 57.13124 ], [ 12.40556, 57.14218 ], [ 12.39988, 57.14448 ], [ 12.41452, 57.14864 ], [ 12.4158, 57.14652 ], [ 12.41505, 57.14365 ], [ 12.41728, 57.14392 ], [ 12.4158, 57.1491 ], [ 12.41704, 57.14956 ], [ 12.41828, 57.14879 ], [ 12.42944, 57.15388 ], [ 12.43298, 57.16277 ], [ 12.42342, 57.17388 ], [ 12.40739, 57.18236 ], [ 12.40632, 57.18951 ], [ 12.40869, 57.19017 ], [ 12.41028, 57.19684 ], [ 12.40736, 57.19942 ], [ 12.40904, 57.19986 ], [ 12.40964, 57.19822 ], [ 12.41118, 57.1981 ], [ 12.41363, 57.19933 ], [ 12.41233, 57.20074 ], [ 12.43768, 57.20781 ], [ 12.43611, 57.20853 ], [ 12.43829, 57.21019 ], [ 12.44122, 57.21033 ], [ 12.45338, 57.21781 ], [ 12.45754, 57.21799 ], [ 12.45119, 57.22153 ], [ 12.44744, 57.22131 ], [ 12.44134, 57.22359 ], [ 12.4369, 57.2283 ], [ 12.43368, 57.22696 ], [ 12.42809, 57.23152 ], [ 12.4244, 57.23105 ], [ 12.42328, 57.23199 ], [ 12.42503, 57.2345 ], [ 12.42328, 57.23598 ], [ 12.41743, 57.23441 ], [ 12.41363, 57.23507 ], [ 12.41011, 57.23778 ], [ 12.41301, 57.23982 ], [ 12.40996, 57.24155 ], [ 12.41394, 57.24552 ], [ 12.41686, 57.24474 ], [ 12.41976, 57.24541 ], [ 12.42185, 57.24496 ], [ 12.42529, 57.2535 ], [ 12.42712, 57.26466 ], [ 12.43022, 57.26936 ], [ 12.45063, 57.27333 ], [ 12.45164, 57.27629 ], [ 12.45583, 57.27953 ], [ 12.46053, 57.27824 ], [ 12.4619, 57.27537 ], [ 12.48172, 57.27913 ], [ 12.48802, 57.28294 ], [ 12.48672, 57.28291 ], [ 12.4874, 57.28451 ], [ 12.49283, 57.28679 ], [ 12.49751, 57.2861 ], [ 12.49773, 57.28223 ], [ 12.50458, 57.28106 ], [ 12.51906, 57.29725 ], [ 12.52953, 57.3027 ], [ 12.53241, 57.30734 ], [ 12.53352, 57.31376 ], [ 12.53723, 57.31949 ], [ 12.55262, 57.32148 ], [ 12.55877, 57.32116 ], [ 12.56005, 57.33031 ], [ 12.56704, 57.33074 ], [ 12.57977, 57.33372 ], [ 12.57978, 57.33504 ], [ 12.58976, 57.33888 ], [ 12.59128, 57.34299 ], [ 12.5997, 57.34225 ], [ 12.60334, 57.34356 ], [ 12.60471, 57.34693 ], [ 12.60922, 57.34667 ], [ 12.61981, 57.34378 ], [ 12.62313, 57.344 ], [ 12.62459, 57.3423 ], [ 12.62252, 57.33193 ], [ 12.63905, 57.33172 ], [ 12.64357, 57.32986 ], [ 12.6472, 57.33439 ], [ 12.6535, 57.33734 ], [ 12.65233, 57.33953 ], [ 12.65526, 57.34138 ], [ 12.65952, 57.3407 ], [ 12.66166, 57.34142 ], [ 12.66787, 57.33939 ], [ 12.6754, 57.32999 ], [ 12.68389, 57.33068 ], [ 12.69238, 57.33461 ], [ 12.69323, 57.32932 ], [ 12.69832, 57.32772 ], [ 12.7055, 57.32355 ], [ 12.70644, 57.31863 ], [ 12.70299, 57.31347 ], [ 12.71007, 57.31184 ], [ 12.71542, 57.30874 ], [ 12.73101, 57.30429 ], [ 12.7327, 57.30253 ], [ 12.73792, 57.30244 ], [ 12.74032, 57.30092 ], [ 12.73942, 57.29882 ], [ 12.74188, 57.29575 ], [ 12.74143, 57.29157 ], [ 12.7445, 57.28604 ], [ 12.75229, 57.27744 ], [ 12.75868, 57.2734 ], [ 12.7628, 57.27341 ], [ 12.7636, 57.27006 ], [ 12.75419, 57.26804 ], [ 12.7385, 57.26673 ], [ 12.73615, 57.26333 ], [ 12.7195, 57.25425 ], [ 12.71457, 57.25012 ], [ 12.6874, 57.23686 ], [ 12.67435, 57.2289 ], [ 12.66933, 57.22976 ], [ 12.66704, 57.23344 ], [ 12.65857, 57.22757 ], [ 12.65619, 57.22754 ], [ 12.65631, 57.22517 ], [ 12.65179, 57.22511 ], [ 12.65111, 57.22601 ], [ 12.64124, 57.22562 ], [ 12.64148, 57.22346 ], [ 12.63347, 57.21756 ], [ 12.63379, 57.21427 ], [ 12.62766, 57.21247 ], [ 12.62347, 57.20954 ], [ 12.62471, 57.20273 ], [ 12.62271, 57.19926 ], [ 12.62517, 57.19296 ], [ 12.6342, 57.18957 ], [ 12.6327, 57.18828 ], [ 12.6281, 57.18728 ], [ 12.62792, 57.18551 ], [ 12.63722, 57.18576 ], [ 12.63882, 57.18324 ], [ 12.6297, 57.18254 ], [ 12.62998, 57.17869 ], [ 12.63374, 57.17639 ], [ 12.63625, 57.17732 ], [ 12.63805, 57.17686 ], [ 12.64083, 57.1728 ], [ 12.64265, 57.17298 ], [ 12.64439, 57.17175 ], [ 12.64643, 57.17219 ], [ 12.64509, 57.16994 ], [ 12.64911, 57.16593 ], [ 12.64341, 57.16372 ], [ 12.64151, 57.16128 ], [ 12.63787, 57.15943 ], [ 12.63487, 57.15896 ], [ 12.6301, 57.16124 ], [ 12.62875, 57.16048 ], [ 12.62957, 57.15864 ], [ 12.62666, 57.1586 ], [ 12.62341, 57.15701 ], [ 12.61716, 57.15578 ], [ 12.61431, 57.1536 ], [ 12.61496, 57.14942 ], [ 12.61387, 57.14894 ] ], [ [ 12.46718, 57.21821 ], [ 12.46819, 57.21779 ], [ 12.46728, 57.21821 ], [ 12.46718, 57.21821 ] ], [ [ 12.46407, 57.21813 ], [ 12.4654, 57.21806 ], [ 12.46681, 57.2182 ], [ 12.46407, 57.21813 ] ], [ [ 12.47572, 57.2223 ], [ 12.4758, 57.22244 ], [ 12.4757, 57.22237 ], [ 12.47572, 57.2223 ] ], [ [ 12.63247, 57.23042 ], [ 12.63264, 57.23019 ], [ 12.63545, 57.22888 ], [ 12.63247, 57.23042 ] ], [ [ 12.62986, 57.23176 ], [ 12.6313, 57.23092 ], [ 12.6317, 57.23081 ], [ 12.62986, 57.23176 ] ], [ [ 12.60752, 57.23593 ], [ 12.61081, 57.23522 ], [ 12.60766, 57.23592 ], [ 12.60752, 57.23593 ] ], [ [ 12.59528, 57.23774 ], [ 12.59536, 57.23769 ], [ 12.59542, 57.23769 ], [ 12.59528, 57.23774 ] ], [ [ 12.594, 57.23834 ], [ 12.59254, 57.23794 ], [ 12.59415, 57.23833 ], [ 12.594, 57.23834 ] ], [ [ 12.59463, 57.23828 ], [ 12.59444, 57.2383 ], [ 12.59474, 57.2381 ], [ 12.59463, 57.23828 ] ] ] } },
{ "type": "Feature", "properties": { "regsokod": "1383R007", "regso": "Varberg (Södra Näs-Träslövsläge-Gamla Köpstad)", "kn": "1383", "kommun": "Varberg", "pop": 4365.0, "akutsjukhus_BICYCLE": 21.0, "akutsjukhus_CAR": 12.0, "akutsjukhus_TRANSIT": 25.0, "akutsjukhus_TRANSIT50": 37.0, "akutsjukhus_WALK": 46.0, "apotek_BICYCLE": 14.0, "apotek_CAR": 8.0, "apotek_TRANSIT": 19.0, "apotek_TRANSIT50": 26.0, "apotek_WALK": 36.0, "bibliotek_BICYCLE": 7.0, "bibliotek_CAR": 5.0, "bibliotek_TRANSIT": 17.0, "bibliotek_TRANSIT50": 19.0, "bibliotek_WALK": 21.0, "dagligvaror_BICYCLE": 6.0, "dagligvaror_CAR": 5.0, "dagligvaror_TRANSIT": 16.0, "dagligvaror_TRANSIT50": 19.0, "dagligvaror_WALK": 19.0, "drivmedel_BICYCLE": 7.0, "drivmedel_CAR": 5.0, "drivmedel_TRANSIT": 17.0, "drivmedel_TRANSIT50": 20.0, "drivmedel_WALK": 24.0, "forskola_BICYCLE": 6.0, "forskola_CAR": 4.0, "forskola_TRANSIT": 16.0, "forskola_TRANSIT50": 18.0, "forskola_WALK": 18.0, "grundskola_79_BICYCLE": 7.0, "grundskola_79_CAR": 6.0, "grundskola_79_TRANSIT": 17.0, "grundskola_79_TRANSIT50": 20.0, "grundskola_79_WALK": 21.0, "grundskola_f6_BICYCLE": 7.0, "grundskola_f6_CAR": 5.0, "grundskola_f6_TRANSIT": 17.0, "grundskola_f6_TRANSIT50": 20.0, "grundskola_f6_WALK": 21.0, "gymnasium_BICYCLE": 23.0, "gymnasium_CAR": 11.0, "gymnasium_TRANSIT": 22.0, "gymnasium_TRANSIT50": 36.0, "gymnasium_WALK": 46.0, "hallplats_BICYCLE": 3.0, "hallplats_CAR": 2.0, "hallplats_TRANSIT": 9.0, "hallplats_TRANSIT50": 9.0, "hallplats_WALK": 9.0, "narakut_BICYCLE": null, "narakut_CAR": 48.0, "narakut_TRANSIT": 57.0, "narakut_TRANSIT50": null, "narakut_WALK": null, "tandvard_BICYCLE": 15.0, "tandvard_CAR": 8.0, "tandvard_TRANSIT": 20.0, "tandvard_TRANSIT50": 28.0, "tandvard_WALK": 40.0, "vardcentral_BICYCLE": 6.0, "vardcentral_CAR": 4.0, "vardcentral_TRANSIT": 16.0, "vardcentral_TRANSIT50": 18.0, "vardcentral_WALK": 19.0, "v15_BICYCLE": 5.6, "v15_WALK": 2.5, "namn": "Varberg (Södra Näs-Träslövsläge-Gamla Köpstad)" }, "geometry": { "type": "MultiPolygon", "coordinates": [ [ [ [ 12.3003, 57.03095 ], [ 12.30356, 57.03147 ], [ 12.30283, 57.03253 ], [ 12.30543, 57.03294 ], [ 12.31088, 57.03054 ], [ 12.3003, 57.03095 ] ] ], [ [ [ 12.31073, 57.05671 ], [ 12.3244, 57.05299 ], [ 12.32829, 57.04952 ], [ 12.32768, 57.04612 ], [ 12.32066, 57.0408 ], [ 12.31635, 57.03948 ], [ 12.31845, 57.0367 ], [ 12.31757, 57.03356 ], [ 12.31452, 57.03494 ], [ 12.30996, 57.03412 ], [ 12.30991, 57.03484 ], [ 12.3053, 57.03474 ], [ 12.30459, 57.03544 ], [ 12.29809, 57.03422 ], [ 12.29798, 57.03566 ], [ 12.2939, 57.03737 ], [ 12.29172, 57.0402 ], [ 12.28445, 57.0404 ], [ 12.28563, 57.04222 ], [ 12.28424, 57.04327 ], [ 12.28095, 57.0432 ], [ 12.28153, 57.04429 ], [ 12.28416, 57.04435 ], [ 12.28606, 57.04547 ], [ 12.28524, 57.04761 ], [ 12.28124, 57.04824 ], [ 12.28, 57.04713 ], [ 12.27197, 57.04876 ], [ 12.26854, 57.05048 ], [ 12.26841, 57.05227 ], [ 12.27236, 57.05236 ], [ 12.27489, 57.05385 ], [ 12.27147, 57.05558 ], [ 12.2706, 57.05843 ], [ 12.27521, 57.05853 ], [ 12.27439, 57.06067 ], [ 12.27761, 57.06182 ], [ 12.27455, 57.06751 ], [ 12.26722, 57.06843 ], [ 12.26515, 57.0673 ], [ 12.25813, 57.06643 ], [ 12.25694, 57.06461 ], [ 12.25104, 57.06412 ], [ 12.25254, 57.07062 ], [ 12.25518, 57.07068 ], [ 12.2537, 57.0728 ], [ 12.26087, 57.07404 ], [ 12.26079, 57.07512 ], [ 12.25747, 57.0754 ], [ 12.25741, 57.07612 ], [ 12.26068, 57.07655 ], [ 12.26037, 57.08086 ], [ 12.25863, 57.08234 ], [ 12.26039, 57.08309 ], [ 12.2954, 57.08035 ], [ 12.29839, 57.07786 ], [ 12.30035, 57.0735 ], [ 12.30873, 57.06711 ], [ 12.31034, 57.06272 ], [ 12.30883, 57.05829 ], [ 12.31073, 57.05671 ] ], [ [ 12.28475, 57.04808 ], [ 12.28303, 57.04882 ], [ 12.28491, 57.04798 ], [ 12.28475, 57.04808 ] ], [ [ 12.29899, 57.06182 ], [ 12.29893, 57.06193 ], [ 12.29887, 57.06156 ], [ 12.29899, 57.06182 ] ], [ [ 12.29772, 57.06412 ], [ 12.29765, 57.06418 ], [ 12.29793, 57.06373 ], [ 12.29772, 57.06412 ] ], [ [ 12.29697, 57.06479 ], [ 12.29601, 57.06564 ], [ 12.29476, 57.0666 ], [ 12.29697, 57.06479 ] ], [ [ 12.29181, 57.069 ], [ 12.28951, 57.07115 ], [ 12.28772, 57.07241 ], [ 12.28773, 57.07234 ], [ 12.29181, 57.069 ] ] ], [ [ [ 12.25065, 57.06051 ], [ 12.25123, 57.0616 ], [ 12.24986, 57.06229 ], [ 12.25246, 57.06271 ], [ 12.25197, 57.06054 ], [ 12.25065, 57.06051 ] ] ], [ [ [ 12.24891, 57.06623 ], [ 12.24448, 57.06361 ], [ 12.24182, 57.06391 ], [ 12.24363, 57.06611 ], [ 12.24891, 57.06623 ] ] ], [ [ [ 12.25293, 57.07422 ], [ 12.25425, 57.07425 ], [ 12.25301, 57.07315 ], [ 12.25293, 57.07422 ] ] ] ] } },
{ "type": "Feature", "properties": { "regsokod": "1383R008", "regso": "Varberg (Sörse)", "kn": "1383", "kommun": "Varberg", "pop": 2549.0, "akutsjukhus_BICYCLE": 5.0, "akutsjukhus_CAR": 7.0, "akutsjukhus_TRANSIT": 14.0, "akutsjukhus_TRANSIT50": 14.0, "akutsjukhus_WALK": 14.0, "apotek_BICYCLE": 6.0, "apotek_CAR": 4.0, "apotek_TRANSIT": 9.0, "apotek_TRANSIT50": 16.0, "apotek_WALK": 19.0, "bibliotek_BICYCLE": 9.0, "bibliotek_CAR": 7.0, "bibliotek_TRANSIT": 16.0, "bibliotek_TRANSIT50": 23.0, "bibliotek_WALK": 26.0, "dagligvaror_BICYCLE": 2.0, "dagligvaror_CAR": 4.0, "dagligvaror_TRANSIT": 6.0, "dagligvaror_TRANSIT50": 6.0, "dagligvaror_WALK": 6.0, "drivmedel_BICYCLE": 10.0, "drivmedel_CAR": 9.0, "drivmedel_TRANSIT": 18.0, "drivmedel_TRANSIT50": 24.0, "drivmedel_WALK": 33.0, "forskola_BICYCLE": 3.0, "forskola_CAR": 3.0, "forskola_TRANSIT": 7.0, "forskola_TRANSIT50": 7.0, "forskola_WALK": 7.0, "grundskola_79_BICYCLE": 4.0, "grundskola_79_CAR": 4.0, "grundskola_79_TRANSIT": 13.0, "grundskola_79_TRANSIT50": 13.0, "grundskola_79_WALK": 13.0, "grundskola_f6_BICYCLE": 3.0, "grundskola_f6_CAR": 2.0, "grundskola_f6_TRANSIT": 8.0, "grundskola_f6_TRANSIT50": 8.0, "grundskola_f6_WALK": 8.0, "gymnasium_BICYCLE": 5.0, "gymnasium_CAR": 6.0, "gymnasium_TRANSIT": 13.0, "gymnasium_TRANSIT50": 16.0, "gymnasium_WALK": 16.0, "hallplats_BICYCLE": 1.0, "hallplats_CAR": 2.0, "hallplats_TRANSIT": 4.0, "hallplats_TRANSIT50": 4.0, "hallplats_WALK": 4.0, "narakut_BICYCLE": null, "narakut_CAR": 50.0, "narakut_TRANSIT": 52.0, "narakut_TRANSIT50": null, "narakut_WALK": null, "tandvard_BICYCLE": 5.0, "tandvard_CAR": 4.0, "tandvard_TRANSIT": 10.0, "tandvard_TRANSIT50": 15.0, "tandvard_WALK": 15.0, "vardcentral_BICYCLE": 5.0, "vardcentral_CAR": 4.0, "vardcentral_TRANSIT": 10.0, "vardcentral_TRANSIT50": 16.0, "vardcentral_WALK": 16.0, "v15_BICYCLE": 6.0, "v15_WALK": 3.3, "namn": "Varberg (Sörse)" }, "geometry": { "type": "Polygon", "coordinates": [ [ [ 12.26103, 57.09626 ], [ 12.26462, 57.0941 ], [ 12.26648, 57.095 ], [ 12.26927, 57.09359 ], [ 12.26478, 57.09008 ], [ 12.25744, 57.09448 ], [ 12.26103, 57.09626 ] ] ] } },
{ "type": "Feature", "properties": { "regsokod": "1383R009", "regso": "Varberg (Träslöv)", "kn": "1383", "kommun": "Varberg", "pop": 3219.0, "akutsjukhus_BICYCLE": 8.0, "akutsjukhus_CAR": 7.0, "akutsjukhus_TRANSIT": 17.0, "akutsjukhus_TRANSIT50": 23.0, "akutsjukhus_WALK": 23.0, "apotek_BICYCLE": 6.0, "apotek_CAR": 5.0, "apotek_TRANSIT": 14.0, "apotek_TRANSIT50": 19.0, "apotek_WALK": 20.0, "bibliotek_BICYCLE": 11.0, "bibliotek_CAR": 9.0, "bibliotek_TRANSIT": 22.0, "bibliotek_TRANSIT50": 27.0, "bibliotek_WALK": 36.0, "dagligvaror_BICYCLE": 6.0, "dagligvaror_CAR": 5.0, "dagligvaror_TRANSIT": 14.0, "dagligvaror_TRANSIT50": 19.0, "dagligvaror_WALK": 20.0, "drivmedel_BICYCLE": 7.0, "drivmedel_CAR": 6.0, "drivmedel_TRANSIT": 18.0, "drivmedel_TRANSIT50": 22.0, "drivmedel_WALK": 22.0, "forskola_BICYCLE": 3.0, "forskola_CAR": 3.0, "forskola_TRANSIT": 8.0, "forskola_TRANSIT50": 8.0, "forskola_WALK": 8.0, "grundskola_79_BICYCLE": 6.0, "grundskola_79_CAR": 5.0, "grundskola_79_TRANSIT": 15.0, "grundskola_79_TRANSIT50": 18.0, "grundskola_79_WALK": 19.0, "grundskola_f6_BICYCLE": 4.0, "grundskola_f6_CAR": 5.0, "grundskola_f6_TRANSIT": 12.0, "grundskola_f6_TRANSIT50": 13.0, "grundskola_f6_WALK": 13.0, "gymnasium_BICYCLE": 7.0, "gymnasium_CAR": 5.0, "gymnasium_TRANSIT": 15.0, "gymnasium_TRANSIT50": 21.0, "gymnasium_WALK": 22.0, "hallplats_BICYCLE": 2.0, "hallplats_CAR": 2.0, "hallplats_TRANSIT": 6.0, "hallplats_TRANSIT50": 6.0, "hallplats_WALK": 6.0, "narakut_BICYCLE": null, "narakut_CAR": 45.0, "narakut_TRANSIT": 55.0, "narakut_TRANSIT50": null, "narakut_WALK": null, "tandvard_BICYCLE": 6.0, "tandvard_CAR": 6.0, "tandvard_TRANSIT": 12.0, "tandvard_TRANSIT50": 17.0, "tandvard_WALK": 18.0, "vardcentral_BICYCLE": 6.0, "vardcentral_CAR": 5.0, "vardcentral_TRANSIT": 16.0, "vardcentral_TRANSIT50": 19.0, "vardcentral_WALK": 19.0, "v15_BICYCLE": 6.0, "v15_WALK": 2.3, "namn": "Varberg (Träslöv)" }, "geometry": { "type": "Polygon", "coordinates": [ [ [ 12.29295, 57.10897 ], [ 12.29412, 57.10561 ], [ 12.2897, 57.11858 ], [ 12.29252, 57.11804 ], [ 12.2963, 57.12014 ], [ 12.30381, 57.12219 ], [ 12.31124, 57.11935 ], [ 12.31427, 57.11929 ], [ 12.3118, 57.11634 ], [ 12.31411, 57.10925 ], [ 12.31229, 57.10553 ], [ 12.31277, 57.10301 ], [ 12.30813, 57.09667 ], [ 12.30196, 57.09274 ], [ 12.29202, 57.09159 ], [ 12.29542, 57.08453 ], [ 12.29373, 57.08102 ], [ 12.2954, 57.08035 ], [ 12.28172, 57.08152 ], [ 12.28809, 57.08997 ], [ 12.28696, 57.09068 ], [ 12.28939, 57.09588 ], [ 12.28452, 57.0994 ], [ 12.28446, 57.10019 ], [ 12.28665, 57.10044 ], [ 12.28229, 57.10374 ], [ 12.28615, 57.10474 ], [ 12.28717, 57.10875 ], [ 12.29295, 57.10897 ] ] ] } },
{ "type": "Feature", "properties": { "regsokod": "1383R010", "regso": "Varberg (Trönninge-Bläshammar)", "kn": "1383", "kommun": "Varberg", "pop": 6129.0, "akutsjukhus_BICYCLE": 27.0, "akutsjukhus_CAR": 16.0, "akutsjukhus_TRANSIT": 35.0, "akutsjukhus_TRANSIT50": 44.0, "akutsjukhus_WALK": 50.0, "apotek_BICYCLE": 18.0, "apotek_CAR": 10.0, "apotek_TRANSIT": 20.0, "apotek_TRANSIT50": 30.0, "apotek_WALK": 39.0, "bibliotek_BICYCLE": 22.0, "bibliotek_CAR": 12.0, "bibliotek_TRANSIT": 23.0, "bibliotek_TRANSIT50": 33.0, "bibliotek_WALK": 44.0, "dagligvaror_BICYCLE": 13.0, "dagligvaror_CAR": 8.0, "dagligvaror_TRANSIT": 17.0, "dagligvaror_TRANSIT50": 25.0, "dagligvaror_WALK": 27.0, "drivmedel_BICYCLE": 10.0, "drivmedel_CAR": 6.0, "drivmedel_TRANSIT": 15.0, "drivmedel_TRANSIT50": 24.0, "drivmedel_WALK": 30.0, "forskola_BICYCLE": 5.0, "forskola_CAR": 3.0, "forskola_TRANSIT": 11.0, "forskola_TRANSIT50": 14.0, "forskola_WALK": 14.0, "grundskola_79_BICYCLE": 10.0, "grundskola_79_CAR": 8.0, "grundskola_79_TRANSIT": 16.0, "grundskola_79_TRANSIT50": 24.0, "grundskola_79_WALK": 24.0, "grundskola_f6_BICYCLE": 7.0, "grundskola_f6_CAR": 5.0, "grundskola_f6_TRANSIT": 14.0, "grundskola_f6_TRANSIT50": 19.0, "grundskola_f6_WALK": 19.0, "gymnasium_BICYCLE": 18.0, "gymnasium_CAR": 11.0, "gymnasium_TRANSIT": 27.0, "gymnasium_TRANSIT50": 36.0, "gymnasium_WALK": 33.0, "hallplats_BICYCLE": 3.0, "hallplats_CAR": 2.0, "hallplats_TRANSIT": 8.0, "hallplats_TRANSIT50": 8.0, "hallplats_WALK": 8.0, "narakut_BICYCLE": null, "narakut_CAR": 40.0, "narakut_TRANSIT": 49.0, "narakut_TRANSIT50": null, "narakut_WALK": null, "tandvard_BICYCLE": 22.0, "tandvard_CAR": 12.0, "tandvard_TRANSIT": 24.0, "tandvard_TRANSIT50": 33.0, "tandvard_WALK": 45.0, "vardcentral_BICYCLE": 15.0, "vardcentral_CAR": 8.0, "vardcentral_TRANSIT": 18.0, "vardcentral_TRANSIT50": 26.0, "vardcentral_WALK": 30.0, "v15_BICYCLE": 3.8, "v15_WALK": 1.8, "namn": "Varberg (Trönninge-Bläshammar)" }, "geometry": { "type": "Polygon", "coordinates": [ [ [ 12.27967, 57.13271 ], [ 12.2735, 57.12887 ], [ 12.27718, 57.12667 ], [ 12.27533, 57.12514 ], [ 12.26487, 57.12789 ], [ 12.2612, 57.12745 ], [ 12.25904, 57.13004 ], [ 12.25481, 57.1303 ], [ 12.25607, 57.13354 ], [ 12.25471, 57.13371 ], [ 12.25316, 57.14141 ], [ 12.24818, 57.13775 ], [ 12.24685, 57.13844 ], [ 12.24424, 57.13802 ], [ 12.24284, 57.13907 ], [ 12.24437, 57.13623 ], [ 12.23851, 57.13502 ], [ 12.23287, 57.13094 ], [ 12.22946, 57.13231 ], [ 12.2222, 57.13215 ], [ 12.21552, 57.13308 ], [ 12.21541, 57.13451 ], [ 12.21929, 57.13568 ], [ 12.21891, 57.1407 ], [ 12.21627, 57.14064 ], [ 12.21275, 57.14344 ], [ 12.21449, 57.14671 ], [ 12.21177, 57.14773 ], [ 12.20794, 57.14585 ], [ 12.20638, 57.14905 ], [ 12.20995, 57.15107 ], [ 12.21153, 57.15096 ], [ 12.21142, 57.1524 ], [ 12.21343, 57.15208 ], [ 12.21334, 57.15316 ], [ 12.21607, 57.15214 ], [ 12.22003, 57.15223 ], [ 12.22653, 57.15381 ], [ 12.22835, 57.15601 ], [ 12.22815, 57.16068 ], [ 12.23676, 57.16093 ], [ 12.24318, 57.15803 ], [ 12.249, 57.16136 ], [ 12.25672, 57.16226 ], [ 12.25766, 57.16616 ], [ 12.26394, 57.16994 ], [ 12.26303, 57.17373 ], [ 12.26491, 57.17665 ], [ 12.25911, 57.1803 ], [ 12.25937, 57.18461 ], [ 12.26367, 57.18729 ], [ 12.26697, 57.19225 ], [ 12.27045, 57.19418 ], [ 12.27524, 57.20081 ], [ 12.28441, 57.20553 ], [ 12.29127, 57.20662 ], [ 12.29469, 57.20623 ], [ 12.29998, 57.20395 ], [ 12.30219, 57.2016 ], [ 12.3033, 57.19672 ], [ 12.30117, 57.19274 ], [ 12.29421, 57.1866 ], [ 12.30336, 57.18756 ], [ 12.30875, 57.18578 ], [ 12.31239, 57.18182 ], [ 12.31355, 57.17323 ], [ 12.31211, 57.16771 ], [ 12.30022, 57.16228 ], [ 12.29483, 57.16099 ], [ 12.29356, 57.15861 ], [ 12.28979, 57.15628 ], [ 12.29258, 57.15344 ], [ 12.30132, 57.15286 ], [ 12.308, 57.14826 ], [ 12.30702, 57.13921 ], [ 12.30914, 57.13577 ], [ 12.30772, 57.13273 ], [ 12.31276, 57.13024 ], [ 12.30937, 57.12979 ], [ 12.30827, 57.1284 ], [ 12.29917, 57.12791 ], [ 12.29678, 57.12808 ], [ 12.29312, 57.13083 ], [ 12.29079, 57.1313 ], [ 12.28729, 57.12961 ], [ 12.28142, 57.13 ], [ 12.27967, 57.13271 ] ], [ [ 12.28319, 57.15305 ], [ 12.28253, 57.15272 ], [ 12.29045, 57.15559 ], [ 12.28319, 57.15305 ] ], [ [ 12.27938, 57.13293 ], [ 12.27963, 57.1328 ], [ 12.27958, 57.13292 ], [ 12.27938, 57.13293 ] ], [ [ 12.25769, 57.13527 ], [ 12.26144, 57.13732 ], [ 12.25785, 57.13544 ], [ 12.25769, 57.13527 ] ], [ [ 12.26422, 57.14019 ], [ 12.26863, 57.13963 ], [ 12.26432, 57.14023 ], [ 12.26422, 57.14019 ] ], [ [ 12.27973, 57.15099 ], [ 12.2821, 57.1525 ], [ 12.28149, 57.1522 ], [ 12.27973, 57.15099 ] ] ] } },
{ "type": "Feature", "properties": { "regsokod": "1383R011", "regso": "Varberg (Tvååker)", "kn": "1383", "kommun": "Varberg", "pop": 3344.0, "akutsjukhus_BICYCLE": 46.0, "akutsjukhus_CAR": 20.0, "akutsjukhus_TRANSIT": 30.0, "akutsjukhus_TRANSIT50": 42.0, "akutsjukhus_WALK": null, "apotek_BICYCLE": 4.0, "apotek_CAR": 3.0, "apotek_TRANSIT": 11.0, "apotek_TRANSIT50": 12.0, "apotek_WALK": 12.0, "bibliotek_BICYCLE": 3.0, "bibliotek_CAR": 2.0, "bibliotek_TRANSIT": 10.0, "bibliotek_TRANSIT50": 10.0, "bibliotek_WALK": 10.0, "dagligvaror_BICYCLE": 4.0, "dagligvaror_CAR": 5.0, "dagligvaror_TRANSIT": 11.0, "dagligvaror_TRANSIT50": 11.0, "dagligvaror_WALK": 11.0, "drivmedel_BICYCLE": 4.0, "drivmedel_CAR": 3.0, "drivmedel_TRANSIT": 10.0, "drivmedel_TRANSIT50": 12.0, "drivmedel_WALK": 12.0, "forskola_BICYCLE": 3.0, "forskola_CAR": 4.0, "forskola_TRANSIT": 9.0, "forskola_TRANSIT50": 9.0, "forskola_WALK": 9.0, "grundskola_79_BICYCLE": 4.0, "grundskola_79_CAR": 3.0, "grundskola_79_TRANSIT": 10.0, "grundskola_79_TRANSIT50": 10.0, "grundskola_79_WALK": 10.0, "grundskola_f6_BICYCLE": 4.0, "grundskola_f6_CAR": 3.0, "grundskola_f6_TRANSIT": 10.0, "grundskola_f6_TRANSIT50": 10.0, "grundskola_f6_WALK": 10.0, "gymnasium_BICYCLE": 6.0, "gymnasium_CAR": 6.0, "gymnasium_TRANSIT": 13.0, "gymnasium_TRANSIT50": 19.0, "gymnasium_WALK": 19.0, "hallplats_BICYCLE": 2.0, "hallplats_CAR": 2.0, "hallplats_TRANSIT": 7.0, "hallplats_TRANSIT50": 7.0, "hallplats_WALK": 7.0, "narakut_BICYCLE": null, "narakut_CAR": 45.0, "narakut_TRANSIT": null, "narakut_TRANSIT50": null, "narakut_WALK": null, "tandvard_BICYCLE": 4.0, "tandvard_CAR": 4.0, "tandvard_TRANSIT": 11.0, "tandvard_TRANSIT50": 12.0, "tandvard_WALK": 12.0, "vardcentral_BICYCLE": 4.0, "vardcentral_CAR": 4.0, "vardcentral_TRANSIT": 11.0, "vardcentral_TRANSIT50": 12.0, "vardcentral_WALK": 12.0, "v15_BICYCLE": 6.0, "v15_WALK": 5.1, "namn": "Varberg (Tvååker)" }, "geometry": { "type": "Polygon", "coordinates": [ [ [ 12.42689, 57.04525 ], [ 12.42249, 57.03938 ], [ 12.42213, 57.03458 ], [ 12.41858, 57.03208 ], [ 12.41887, 57.02793 ], [ 12.41445, 57.02452 ], [ 12.40725, 57.02309 ], [ 12.40016, 57.02382 ], [ 12.39722, 57.02499 ], [ 12.38568, 57.02506 ], [ 12.38006, 57.02708 ], [ 12.37818, 57.02887 ], [ 12.37754, 57.03098 ], [ 12.38028, 57.03545 ], [ 12.37646, 57.03917 ], [ 12.37121, 57.04023 ], [ 12.36478, 57.04328 ], [ 12.36281, 57.04504 ], [ 12.36256, 57.04846 ], [ 12.36732, 57.05297 ], [ 12.37209, 57.05484 ], [ 12.38156, 57.05437 ], [ 12.38563, 57.05581 ], [ 12.39084, 57.05619 ], [ 12.39858, 57.05405 ], [ 12.40462, 57.05509 ], [ 12.40934, 57.05713 ], [ 12.41399, 57.05758 ], [ 12.41984, 57.05647 ], [ 12.42527, 57.0533 ], [ 12.42689, 57.04525 ] ] ] } },
{ "type": "Feature", "properties": { "regsokod": "1383R012", "regso": "Varberg (Tvååkers omland)", "kn": "1383", "kommun": "Varberg", "pop": 2900.0, "akutsjukhus_BICYCLE": 41.0, "akutsjukhus_CAR": 21.0, "akutsjukhus_TRANSIT": 39.0, "akutsjukhus_TRANSIT50": 50.0, "akutsjukhus_WALK": 55.0, "apotek_BICYCLE": 25.0, "apotek_CAR": 10.0, "apotek_TRANSIT": 33.0, "apotek_TRANSIT50": 49.0, "apotek_WALK": 47.0, "bibliotek_BICYCLE": 23.0, "bibliotek_CAR": 9.0, "bibliotek_TRANSIT": 35.0, "bibliotek_TRANSIT50": 50.0, "bibliotek_WALK": 48.0, "dagligvaror_BICYCLE": 21.0, "dagligvaror_CAR": 8.0, "dagligvaror_TRANSIT": 31.0, "dagligvaror_TRANSIT50": 47.0, "dagligvaror_WALK": 46.0, "drivmedel_BICYCLE": 18.0, "drivmedel_CAR": 7.0, "drivmedel_TRANSIT": 28.0, "drivmedel_TRANSIT50": 42.0, "drivmedel_WALK": 43.0, "forskola_BICYCLE": 19.0, "forskola_CAR": 7.0, "forskola_TRANSIT": 23.0, "forskola_TRANSIT50": 33.0, "forskola_WALK": 34.0, "grundskola_79_BICYCLE": 22.0, "grundskola_79_CAR": 9.0, "grundskola_79_TRANSIT": 27.0, "grundskola_79_TRANSIT50": 39.0, "grundskola_79_WALK": 36.0, "grundskola_f6_BICYCLE": 15.0, "grundskola_f6_CAR": 6.0, "grundskola_f6_TRANSIT": 26.0, "grundskola_f6_TRANSIT50": 36.0, "grundskola_f6_WALK": 37.0, "gymnasium_BICYCLE": 26.0, "gymnasium_CAR": 11.0, "gymnasium_TRANSIT": 30.0, "gymnasium_TRANSIT50": 48.0, "gymnasium_WALK": 50.0, "hallplats_BICYCLE": 11.0, "hallplats_CAR": 4.0, "hallplats_TRANSIT": 19.0, "hallplats_TRANSIT50": 21.0, "hallplats_WALK": 21.0, "narakut_BICYCLE": null, "narakut_CAR": 49.0, "narakut_TRANSIT": 58.0, "narakut_TRANSIT50": null, "narakut_WALK": null, "tandvard_BICYCLE": 25.0, "tandvard_CAR": 10.0, "tandvard_TRANSIT": 33.0, "tandvard_TRANSIT50": 49.0, "tandvard_WALK": 47.0, "vardcentral_BICYCLE": 23.0, "vardcentral_CAR": 9.0, "vardcentral_TRANSIT": 32.0, "vardcentral_TRANSIT50": 48.0, "vardcentral_WALK": 47.0, "v15_BICYCLE": 2.0, "v15_WALK": 0.5, "namn": "Varberg (Tvååkers omland)" }, "geometry": { "type": "MultiPolygon", "coordinates": [ [ [ [ 12.3426, 57.01109 ], [ 12.3385, 57.01316 ], [ 12.33895, 57.01605 ], [ 12.3369, 57.01708 ], [ 12.3375, 57.01781 ], [ 12.3349, 57.0174 ], [ 12.33611, 57.01886 ], [ 12.33743, 57.01889 ], [ 12.34024, 57.01643 ], [ 12.34044, 57.01356 ], [ 12.34249, 57.01253 ], [ 12.3426, 57.01109 ] ] ], [ [ [ 12.31091, 57.03019 ], [ 12.3084, 57.02833 ], [ 12.30448, 57.02789 ], [ 12.30195, 57.0264 ], [ 12.3003, 57.03095 ], [ 12.31091, 57.03019 ] ] ], [ [ [ 12.32869, 57.07663 ], [ 12.34869, 57.08335 ], [ 12.34969, 57.08027 ], [ 12.35181, 57.07937 ], [ 12.35596, 57.08159 ], [ 12.35016, 57.08386 ], [ 12.377, 57.09294 ], [ 12.41349, 57.08205 ], [ 12.41716, 57.08214 ], [ 12.4261, 57.07915 ], [ 12.43819, 57.07833 ], [ 12.45521, 57.09371 ], [ 12.45851, 57.09038 ], [ 12.47709, 57.08448 ], [ 12.48355, 57.08045 ], [ 12.49392, 57.07887 ], [ 12.50571, 57.08813 ], [ 12.51527, 57.09388 ], [ 12.52481, 57.09737 ], [ 12.52618, 57.09697 ], [ 12.5296, 57.10211 ], [ 12.55692, 57.11223 ], [ 12.56099, 57.11289 ], [ 12.56684, 57.11627 ], [ 12.57482, 57.11537 ], [ 12.57519, 57.11462 ], [ 12.58461, 57.11605 ], [ 12.57944, 57.11324 ], [ 12.57602, 57.10915 ], [ 12.57667, 57.09194 ], [ 12.57458, 57.08661 ], [ 12.57713, 57.08487 ], [ 12.58057, 57.07813 ], [ 12.5995, 57.06643 ], [ 12.57068, 57.05322 ], [ 12.57741, 57.04937 ], [ 12.58771, 57.04535 ], [ 12.58916, 57.04605 ], [ 12.59694, 57.04248 ], [ 12.60202, 57.04147 ], [ 12.60296, 57.03256 ], [ 12.60845, 57.03077 ], [ 12.60936, 57.02922 ], [ 12.60761, 57.02638 ], [ 12.60909, 57.02397 ], [ 12.60824, 57.0222 ], [ 12.60681, 57.02109 ], [ 12.60398, 57.0226 ], [ 12.5936, 57.02175 ], [ 12.59188, 57.0207 ], [ 12.58825, 57.02104 ], [ 12.58606, 57.01986 ], [ 12.57813, 57.01898 ], [ 12.57798, 57.01641 ], [ 12.57388, 57.01514 ], [ 12.55889, 57.01804 ], [ 12.55047, 57.01804 ], [ 12.54982, 57.01255 ], [ 12.54292, 57.00132 ], [ 12.53403, 56.99886 ], [ 12.52697, 56.9934 ], [ 12.51038, 56.99709 ], [ 12.51696, 57.00101 ], [ 12.48584, 57.00625 ], [ 12.48422, 57.01014 ], [ 12.48855, 57.01515 ], [ 12.48299, 57.01614 ], [ 12.45667, 57.013 ], [ 12.45615, 57.0088 ], [ 12.45336, 57.00737 ], [ 12.44169, 57.00965 ], [ 12.43961, 57.00938 ], [ 12.43497, 57.01168 ], [ 12.42727, 57.01215 ], [ 12.42648, 57.00982 ], [ 12.41193, 57.00424 ], [ 12.40861, 57.00084 ], [ 12.40527, 57.00166 ], [ 12.39622, 56.99792 ], [ 12.38965, 56.99673 ], [ 12.39018, 56.99479 ], [ 12.38146, 56.99581 ], [ 12.37249, 56.99532 ], [ 12.35979, 56.99159 ], [ 12.35966, 56.99348 ], [ 12.35769, 56.99343 ], [ 12.35741, 56.99738 ], [ 12.35609, 56.99736 ], [ 12.35632, 56.99413 ], [ 12.35432, 56.99444 ], [ 12.35232, 57.00411 ], [ 12.34326, 57.0111 ], [ 12.34371, 57.01399 ], [ 12.34077, 57.01824 ], [ 12.33803, 57.01962 ], [ 12.3354, 57.01957 ], [ 12.33598, 57.02066 ], [ 12.33467, 57.02063 ], [ 12.33322, 57.02239 ], [ 12.33125, 57.02235 ], [ 12.33112, 57.02415 ], [ 12.32851, 57.02373 ], [ 12.33138, 57.02056 ], [ 12.33019, 57.01873 ], [ 12.32935, 57.02123 ], [ 12.32738, 57.02119 ], [ 12.3259, 57.02332 ], [ 12.32261, 57.02325 ], [ 12.32256, 57.02396 ], [ 12.31854, 57.02496 ], [ 12.31398, 57.02414 ], [ 12.31261, 57.02483 ], [ 12.31243, 57.02734 ], [ 12.30969, 57.02872 ], [ 12.31286, 57.03059 ], [ 12.31612, 57.03102 ], [ 12.31681, 57.03283 ], [ 12.31999, 57.03218 ], [ 12.31757, 57.03356 ], [ 12.31845, 57.0367 ], [ 12.31635, 57.03948 ], [ 12.32066, 57.0408 ], [ 12.32639, 57.04484 ], [ 12.32849, 57.0484 ], [ 12.32501, 57.0527 ], [ 12.31073, 57.05671 ], [ 12.30883, 57.05829 ], [ 12.30985, 57.0652 ], [ 12.30542, 57.06924 ], [ 12.3103, 57.0711 ], [ 12.30416, 57.07683 ], [ 12.30653, 57.07936 ], [ 12.31933, 57.07789 ], [ 12.31761, 57.0773 ], [ 12.32097, 57.07401 ], [ 12.3246, 57.07524 ], [ 12.3222, 57.07758 ], [ 12.32869, 57.07663 ] ], [ [ 12.45629, 57.01352 ], [ 12.45629, 57.01351 ], [ 12.45626, 57.01465 ], [ 12.45629, 57.01352 ] ], [ [ 12.37468, 57.05514 ], [ 12.36695, 57.05269 ], [ 12.3633, 57.04949 ], [ 12.36219, 57.04675 ], [ 12.36582, 57.04267 ], [ 12.3718, 57.04003 ], [ 12.37646, 57.03917 ], [ 12.38028, 57.03545 ], [ 12.37765, 57.03176 ], [ 12.37951, 57.02748 ], [ 12.38568, 57.02506 ], [ 12.39722, 57.02499 ], [ 12.40197, 57.02346 ], [ 12.40855, 57.02312 ], [ 12.41445, 57.02452 ], [ 12.4191, 57.02836 ], [ 12.41858, 57.03208 ], [ 12.42213, 57.03458 ], [ 12.42298, 57.0405 ], [ 12.42672, 57.04404 ], [ 12.42628, 57.05123 ], [ 12.4241, 57.05434 ], [ 12.41799, 57.05705 ], [ 12.41272, 57.05757 ], [ 12.39858, 57.05405 ], [ 12.39346, 57.05595 ], [ 12.39016, 57.05619 ], [ 12.38566, 57.05582 ], [ 12.38156, 57.05437 ], [ 12.37468, 57.05514 ] ] ] ] } },
{ "type": "Feature", "properties": { "regsokod": "1383R013", "regso": "Varberg (Tångaberg-Årnäs)", "kn": "1383", "kommun": "Varberg", "pop": 2089.0, "akutsjukhus_BICYCLE": 49.0, "akutsjukhus_CAR": 21.0, "akutsjukhus_TRANSIT": 48.0, "akutsjukhus_TRANSIT50": 54.0, "akutsjukhus_WALK": null, "apotek_BICYCLE": 39.0, "apotek_CAR": 14.0, "apotek_TRANSIT": 35.0, "apotek_TRANSIT50": 44.0, "apotek_WALK": null, "bibliotek_BICYCLE": 41.0, "bibliotek_CAR": 15.0, "bibliotek_TRANSIT": 36.0, "bibliotek_TRANSIT50": 44.0, "bibliotek_WALK": null, "dagligvaror_BICYCLE": 32.0, "dagligvaror_CAR": 11.0, "dagligvaror_TRANSIT": 30.0, "dagligvaror_TRANSIT50": 45.0, "dagligvaror_WALK": 55.0, "drivmedel_BICYCLE": 11.0, "drivmedel_CAR": 6.0, "drivmedel_TRANSIT": 16.0, "drivmedel_TRANSIT50": 27.0, "drivmedel_WALK": 28.0, "forskola_BICYCLE": 11.0, "forskola_CAR": 5.0, "forskola_TRANSIT": 17.0, "forskola_TRANSIT50": 28.0, "forskola_WALK": 30.0, "grundskola_79_BICYCLE": 34.0, "grundskola_79_CAR": 12.0, "grundskola_79_TRANSIT": 28.0, "grundskola_79_TRANSIT50": 45.0, "grundskola_79_WALK": null, "grundskola_f6_BICYCLE": 27.0, "grundskola_f6_CAR": 9.0, "grundskola_f6_TRANSIT": 24.0, "grundskola_f6_TRANSIT50": 38.0, "grundskola_f6_WALK": 47.0, "gymnasium_BICYCLE": 47.0, "gymnasium_CAR": 18.0, "gymnasium_TRANSIT": 44.0, "gymnasium_TRANSIT50": 52.0, "gymnasium_WALK": null, "hallplats_BICYCLE": 7.0, "hallplats_CAR": 4.0, "hallplats_TRANSIT": 16.0, "hallplats_TRANSIT50": 23.0, "hallplats_WALK": 23.0, "narakut_BICYCLE": null, "narakut_CAR": 39.0, "narakut_TRANSIT": 57.0, "narakut_TRANSIT50": null, "narakut_WALK": null, "tandvard_BICYCLE": 40.0, "tandvard_CAR": 15.0, "tandvard_TRANSIT": 37.0, "tandvard_TRANSIT50": 44.0, "tandvard_WALK": null, "vardcentral_BICYCLE": 40.0, "vardcentral_CAR": 15.0, "vardcentral_TRANSIT": 32.0, "vardcentral_TRANSIT50": 43.0, "vardcentral_WALK": null, "v15_BICYCLE": 0.9, "v15_WALK": 0.4, "namn": "Varberg (Tångaberg-Årnäs)" }, "geometry": { "type": "MultiPolygon", "coordinates": [ [ [ [ 12.20973, 57.16602 ], [ 12.20989, 57.16387 ], [ 12.20788, 57.16418 ], [ 12.20772, 57.16634 ], [ 12.20973, 57.16602 ] ] ], [ [ [ 12.2124, 57.16572 ], [ 12.21314, 57.16466 ], [ 12.21108, 57.16569 ], [ 12.2124, 57.16572 ] ] ], [ [ [ 12.23655, 57.19477 ], [ 12.23712, 57.18817 ], [ 12.23415, 57.1819 ], [ 12.2408, 57.17865 ], [ 12.24152, 57.1735 ], [ 12.23892, 57.16978 ], [ 12.23475, 57.16707 ], [ 12.22581, 57.16331 ], [ 12.22052, 57.16339 ], [ 12.21663, 57.16222 ], [ 12.21383, 57.16432 ], [ 12.21639, 57.16545 ], [ 12.21694, 57.1669 ], [ 12.21292, 57.16753 ], [ 12.20946, 57.16961 ], [ 12.20613, 57.1699 ], [ 12.20266, 57.17198 ], [ 12.20319, 57.17379 ], [ 12.20184, 57.17411 ], [ 12.20567, 57.176 ], [ 12.20491, 57.17727 ], [ 12.20732, 57.17785 ], [ 12.20534, 57.1803 ], [ 12.20812, 57.17857 ], [ 12.21143, 57.17864 ], [ 12.21393, 57.1805 ], [ 12.21221, 57.18585 ], [ 12.20887, 57.18614 ], [ 12.20811, 57.18756 ], [ 12.20549, 57.18714 ], [ 12.20461, 57.18999 ], [ 12.20255, 57.19103 ], [ 12.1999, 57.19097 ], [ 12.19938, 57.18916 ], [ 12.19684, 57.18766 ], [ 12.19216, 57.18828 ], [ 12.18825, 57.18747 ], [ 12.18872, 57.19 ], [ 12.18734, 57.19069 ], [ 12.18277, 57.18987 ], [ 12.182, 57.19129 ], [ 12.17748, 57.18975 ], [ 12.17822, 57.18869 ], [ 12.17641, 57.18649 ], [ 12.17115, 57.18601 ], [ 12.17109, 57.18673 ], [ 12.16779, 57.18665 ], [ 12.16721, 57.18556 ], [ 12.16456, 57.1855 ], [ 12.15922, 57.1861 ], [ 12.1571, 57.18785 ], [ 12.15377, 57.18813 ], [ 12.15371, 57.18885 ], [ 12.15633, 57.18927 ], [ 12.15553, 57.19105 ], [ 12.15748, 57.19145 ], [ 12.15732, 57.19361 ], [ 12.1541, 57.19245 ], [ 12.15235, 57.19284 ], [ 12.15509, 57.19549 ], [ 12.15513, 57.19787 ], [ 12.15699, 57.19791 ], [ 12.15842, 57.19651 ], [ 12.16107, 57.19657 ], [ 12.16674, 57.20029 ], [ 12.17005, 57.20036 ], [ 12.17214, 57.19897 ], [ 12.17412, 57.19902 ], [ 12.17536, 57.20012 ], [ 12.17671, 57.1998 ], [ 12.17663, 57.20087 ], [ 12.17801, 57.20018 ], [ 12.17999, 57.20023 ], [ 12.17991, 57.20131 ], [ 12.18192, 57.20099 ], [ 12.18247, 57.20244 ], [ 12.19303, 57.20304 ], [ 12.19807, 57.20639 ], [ 12.20331, 57.20722 ], [ 12.20455, 57.20833 ], [ 12.20918, 57.20843 ], [ 12.21605, 57.21398 ], [ 12.21522, 57.21612 ], [ 12.21713, 57.21724 ], [ 12.21502, 57.21886 ], [ 12.21889, 57.21918 ], [ 12.23063, 57.21762 ], [ 12.23451, 57.21547 ], [ 12.23591, 57.2125 ], [ 12.24367, 57.21149 ], [ 12.24819, 57.20833 ], [ 12.24826, 57.20411 ], [ 12.24566, 57.20151 ], [ 12.2331, 57.19795 ], [ 12.23655, 57.19477 ] ], [ [ 12.23078, 57.20142 ], [ 12.22836, 57.20128 ], [ 12.23061, 57.20137 ], [ 12.23078, 57.20142 ] ] ] ] } },
{ "type": "Feature", "properties": { "regsokod": "1383R014", "regso": "Varberg (Varberg centrum)", "kn": "1383", "kommun": "Varberg", "pop": 4979.0, "akutsjukhus_BICYCLE": 10.0, "akutsjukhus_CAR": 8.0, "akutsjukhus_TRANSIT": 19.0, "akutsjukhus_TRANSIT50": 22.0, "akutsjukhus_WALK": 26.0, "apotek_BICYCLE": 3.0, "apotek_CAR": 2.0, "apotek_TRANSIT": 6.0, "apotek_TRANSIT50": 8.0, "apotek_WALK": 8.0, "bibliotek_BICYCLE": 3.0, "bibliotek_CAR": 3.0, "bibliotek_TRANSIT": 7.0, "bibliotek_TRANSIT50": 9.0, "bibliotek_WALK": 10.0, "dagligvaror_BICYCLE": 3.0, "dagligvaror_CAR": 2.0, "dagligvaror_TRANSIT": 7.0, "dagligvaror_TRANSIT50": 9.0, "dagligvaror_WALK": 9.0, "drivmedel_BICYCLE": 5.0, "drivmedel_CAR": 4.0, "drivmedel_TRANSIT": 9.0, "drivmedel_TRANSIT50": 16.0, "drivmedel_WALK": 16.0, "forskola_BICYCLE": 5.0, "forskola_CAR": 6.0, "forskola_TRANSIT": 11.0, "forskola_TRANSIT50": 16.0, "forskola_WALK": 17.0, "grundskola_79_BICYCLE": 3.0, "grundskola_79_CAR": 3.0, "grundskola_79_TRANSIT": 7.0, "grundskola_79_TRANSIT50": 10.0, "grundskola_79_WALK": 10.0, "grundskola_f6_BICYCLE": 3.0, "grundskola_f6_CAR": 3.0, "grundskola_f6_TRANSIT": 7.0, "grundskola_f6_TRANSIT50": 9.0, "grundskola_f6_WALK": 9.0, "gymnasium_BICYCLE": 6.0, "gymnasium_CAR": 5.0, "gymnasium_TRANSIT": 13.0, "gymnasium_TRANSIT50": 16.0, "gymnasium_WALK": 16.0, "hallplats_BICYCLE": 2.0, "hallplats_CAR": 1.0, "hallplats_TRANSIT": 3.0, "hallplats_TRANSIT50": 5.0, "hallplats_WALK": 5.0, "narakut_BICYCLE": null, "narakut_CAR": 45.0, "narakut_TRANSIT": 36.0, "narakut_TRANSIT50": 52.0, "narakut_WALK": null, "tandvard_BICYCLE": 3.0, "tandvard_CAR": 3.0, "tandvard_TRANSIT": 7.0, "tandvard_TRANSIT50": 9.0, "tandvard_WALK": 9.0, "vardcentral_BICYCLE": 4.0, "vardcentral_CAR": 3.0, "vardcentral_TRANSIT": 8.0, "vardcentral_TRANSIT50": 11.0, "vardcentral_WALK": 11.0, "v15_BICYCLE": 5.8, "v15_WALK": 5.6, "namn": "Varberg (Varberg centrum)" }, "geometry": { "type": "MultiPolygon", "coordinates": [ [ [ [ 12.22026, 57.10514 ], [ 12.22009, 57.10729 ], [ 12.224, 57.1081 ], [ 12.22223, 57.10518 ], [ 12.22026, 57.10514 ] ] ], [ [ [ 12.25444, 57.10527 ], [ 12.2485, 57.10569 ], [ 12.24867, 57.10636 ], [ 12.24567, 57.1066 ], [ 12.24348, 57.10817 ], [ 12.24569, 57.10966 ], [ 12.24658, 57.11543 ], [ 12.24325, 57.11571 ], [ 12.24273, 57.1139 ], [ 12.23882, 57.1131 ], [ 12.24051, 57.11709 ], [ 12.23515, 57.11805 ], [ 12.23504, 57.11949 ], [ 12.23694, 57.12061 ], [ 12.23612, 57.12275 ], [ 12.23348, 57.12269 ], [ 12.23158, 57.12157 ], [ 12.23108, 57.1194 ], [ 12.22712, 57.11931 ], [ 12.22797, 57.11681 ], [ 12.22473, 57.11602 ], [ 12.22705, 57.1114 ], [ 12.22508, 57.11136 ], [ 12.22362, 57.11312 ], [ 12.22098, 57.11306 ], [ 12.2209, 57.11414 ], [ 12.21768, 57.11299 ], [ 12.2176, 57.11407 ], [ 12.21497, 57.11401 ], [ 12.21526, 57.11006 ], [ 12.21265, 57.10964 ], [ 12.21386, 57.11111 ], [ 12.21227, 57.11467 ], [ 12.20829, 57.11494 ], [ 12.20541, 57.11811 ], [ 12.19949, 57.11762 ], [ 12.19894, 57.11617 ], [ 12.1963, 57.11611 ], [ 12.19512, 57.11429 ], [ 12.19306, 57.11532 ], [ 12.19042, 57.11526 ], [ 12.18965, 57.11668 ], [ 12.19287, 57.11783 ], [ 12.19207, 57.11961 ], [ 12.19339, 57.11964 ], [ 12.19331, 57.12072 ], [ 12.1907, 57.1203 ], [ 12.19186, 57.12248 ], [ 12.19447, 57.1229 ], [ 12.19856, 57.12119 ], [ 12.20252, 57.12128 ], [ 12.20212, 57.12667 ], [ 12.21262, 57.12762 ], [ 12.21183, 57.1294 ], [ 12.22067, 57.126 ], [ 12.22854, 57.12689 ], [ 12.23041, 57.12837 ], [ 12.23113, 57.12767 ], [ 12.23311, 57.12771 ], [ 12.23176, 57.12804 ], [ 12.23234, 57.12913 ], [ 12.2363, 57.12922 ], [ 12.2382, 57.13034 ], [ 12.23355, 57.1306 ], [ 12.23617, 57.13102 ], [ 12.23732, 57.1332 ], [ 12.24261, 57.13332 ], [ 12.24208, 57.13151 ], [ 12.24411, 57.13083 ], [ 12.24491, 57.12905 ], [ 12.24295, 57.12865 ], [ 12.24221, 57.12971 ], [ 12.24023, 57.12967 ], [ 12.23379, 57.12737 ], [ 12.23971, 57.12786 ], [ 12.24113, 57.12645 ], [ 12.24171, 57.12754 ], [ 12.24567, 57.12763 ], [ 12.24707, 57.12658 ], [ 12.25227, 57.12778 ], [ 12.25264, 57.13174 ], [ 12.25454, 57.13286 ], [ 12.24987, 57.13347 ], [ 12.24696, 57.13701 ], [ 12.24894, 57.13705 ], [ 12.24818, 57.13775 ], [ 12.25078, 57.14056 ], [ 12.25316, 57.14141 ], [ 12.25471, 57.13371 ], [ 12.25607, 57.13354 ], [ 12.25481, 57.1303 ], [ 12.25871, 57.13018 ], [ 12.26103, 57.1282 ], [ 12.26204, 57.12392 ], [ 12.26058, 57.11481 ], [ 12.25961, 57.11528 ], [ 12.25559, 57.11257 ], [ 12.26078, 57.11119 ], [ 12.26469, 57.1058 ], [ 12.26116, 57.10327 ], [ 12.25444, 57.10527 ] ] ], [ [ [ 12.18958, 57.12639 ], [ 12.18834, 57.12528 ], [ 12.18702, 57.12525 ], [ 12.18818, 57.12743 ], [ 12.18958, 57.12639 ] ] ], [ [ [ 12.18334, 57.1302 ], [ 12.18389, 57.13165 ], [ 12.18653, 57.13171 ], [ 12.1846, 57.13095 ], [ 12.18471, 57.12951 ], [ 12.18334, 57.1302 ] ] ], [ [ [ 12.18642, 57.13315 ], [ 12.18516, 57.1324 ], [ 12.1851, 57.13312 ], [ 12.18642, 57.13315 ] ] ], [ [ [ 12.23991, 57.13397 ], [ 12.24181, 57.1351 ], [ 12.24126, 57.13365 ], [ 12.23991, 57.13397 ] ] ], [ [ [ 12.20199, 57.13709 ], [ 12.20078, 57.13562 ], [ 12.19874, 57.1363 ], [ 12.20048, 57.13957 ], [ 12.20656, 57.13791 ], [ 12.204, 57.13677 ], [ 12.20199, 57.13709 ] ] ] ] } },
{ "type": "Feature", "properties": { "regsokod": "1383R015", "regso": "Varberg (Varberg söder)", "kn": "1383", "kommun": "Varberg", "pop": 4387.0, "akutsjukhus_BICYCLE": 8.0, "akutsjukhus_CAR": 7.0, "akutsjukhus_TRANSIT": 19.0, "akutsjukhus_TRANSIT50": 22.0, "akutsjukhus_WALK": 22.0, "apotek_BICYCLE": 2.0, "apotek_CAR": 1.0, "apotek_TRANSIT": 5.0, "apotek_TRANSIT50": 6.0, "apotek_WALK": 6.0, "bibliotek_BICYCLE": 5.0, "bibliotek_CAR": 3.0, "bibliotek_TRANSIT": 11.0, "bibliotek_TRANSIT50": 13.0, "bibliotek_WALK": 13.0, "dagligvaror_BICYCLE": 2.0, "dagligvaror_CAR": 1.0, "dagligvaror_TRANSIT": 5.0, "dagligvaror_TRANSIT50": 6.0, "dagligvaror_WALK": 6.0, "drivmedel_BICYCLE": 8.0, "drivmedel_CAR": 5.0, "drivmedel_TRANSIT": 17.0, "drivmedel_TRANSIT50": 24.0, "drivmedel_WALK": 26.0, "forskola_BICYCLE": 3.0, "forskola_CAR": 4.0, "forskola_TRANSIT": 7.0, "forskola_TRANSIT50": 9.0, "forskola_WALK": 9.0, "grundskola_79_BICYCLE": 3.0, "grundskola_79_CAR": 3.0, "grundskola_79_TRANSIT": 9.0, "grundskola_79_TRANSIT50": 9.0, "grundskola_79_WALK": 9.0, "grundskola_f6_BICYCLE": 3.0, "grundskola_f6_CAR": 3.0, "grundskola_f6_TRANSIT": 9.0, "grundskola_f6_TRANSIT50": 9.0, "grundskola_f6_WALK": 9.0, "gymnasium_BICYCLE": 6.0, "gymnasium_CAR": 5.0, "gymnasium_TRANSIT": 14.0, "gymnasium_TRANSIT50": 16.0, "gymnasium_WALK": 17.0, "hallplats_BICYCLE": 1.0, "hallplats_CAR": 1.0, "hallplats_TRANSIT": 3.0, "hallplats_TRANSIT50": 3.0, "hallplats_WALK": 3.0, "narakut_BICYCLE": null, "narakut_CAR": 46.0, "narakut_TRANSIT": 43.0, "narakut_TRANSIT50": 56.0, "narakut_WALK": null, "tandvard_BICYCLE": 2.0, "tandvard_CAR": 2.0, "tandvard_TRANSIT": 5.0, "tandvard_TRANSIT50": 7.0, "tandvard_WALK": 7.0, "vardcentral_BICYCLE": 3.0, "vardcentral_CAR": 3.0, "vardcentral_TRANSIT": 6.0, "vardcentral_TRANSIT50": 8.0, "vardcentral_WALK": 8.0, "v15_BICYCLE": 6.0, "v15_WALK": 5.6, "namn": "Varberg (Varberg söder)" }, "geometry": { "type": "Polygon", "coordinates": [ [ [ 12.24563, 57.09923 ], [ 12.24273, 57.0988 ], [ 12.24343, 57.09805 ], [ 12.24328, 57.0975 ], [ 12.24121, 57.09877 ], [ 12.24086, 57.10344 ], [ 12.2388, 57.10447 ], [ 12.23859, 57.10734 ], [ 12.2412, 57.10776 ], [ 12.24178, 57.10885 ], [ 12.24567, 57.1066 ], [ 12.24867, 57.10636 ], [ 12.2485, 57.10569 ], [ 12.25444, 57.10527 ], [ 12.26034, 57.10345 ], [ 12.2507, 57.10028 ], [ 12.25744, 57.09448 ], [ 12.25363, 57.09462 ], [ 12.25321, 57.09291 ], [ 12.24732, 57.09322 ], [ 12.24358, 57.09449 ], [ 12.24563, 57.09923 ] ] ] } },
{ "type": "Feature", "properties": { "regsokod": "1383R016", "regso": "Varberg (Veddige-Derome)", "kn": "1383", "kommun": "Varberg", "pop": 4518.0, "akutsjukhus_BICYCLE": 48.0, "akutsjukhus_CAR": 26.0, "akutsjukhus_TRANSIT": 49.0, "akutsjukhus_TRANSIT50": 53.0, "akutsjukhus_WALK": null, "apotek_BICYCLE": 15.0, "apotek_CAR": 6.0, "apotek_TRANSIT": 20.0, "apotek_TRANSIT50": 24.0, "apotek_WALK": 21.0, "bibliotek_BICYCLE": 14.0, "bibliotek_CAR": 6.0, "bibliotek_TRANSIT": 19.0, "bibliotek_TRANSIT50": 23.0, "bibliotek_WALK": 20.0, "dagligvaror_BICYCLE": 9.0, "dagligvaror_CAR": 4.0, "dagligvaror_TRANSIT": 16.0, "dagligvaror_TRANSIT50": 19.0, "dagligvaror_WALK": 17.0, "drivmedel_BICYCLE": 8.0, "drivmedel_CAR": 3.0, "drivmedel_TRANSIT": 17.0, "drivmedel_TRANSIT50": 21.0, "drivmedel_WALK": 21.0, "forskola_BICYCLE": 19.0, "forskola_CAR": 6.0, "forskola_TRANSIT": 20.0, "forskola_TRANSIT50": 31.0, "forskola_WALK": 41.0, "grundskola_79_BICYCLE": 14.0, "grundskola_79_CAR": 6.0, "grundskola_79_TRANSIT": 20.0, "grundskola_79_TRANSIT50": 25.0, "grundskola_79_WALK": 23.0, "grundskola_f6_BICYCLE": 9.0, "grundskola_f6_CAR": 4.0, "grundskola_f6_TRANSIT": 18.0, "grundskola_f6_TRANSIT50": 21.0, "grundskola_f6_WALK": 21.0, "gymnasium_BICYCLE": 51.0, "gymnasium_CAR": 20.0, "gymnasium_TRANSIT": 42.0, "gymnasium_TRANSIT50": 54.0, "gymnasium_WALK": null, "hallplats_BICYCLE": 5.0, "hallplats_CAR": 2.0, "hallplats_TRANSIT": 13.0, "hallplats_TRANSIT50": 13.0, "hallplats_WALK": 13.0, "narakut_BICYCLE": null, "narakut_CAR": 37.0, "narakut_TRANSIT": 54.0, "narakut_TRANSIT50": null, "narakut_WALK": null, "tandvard_BICYCLE": 15.0, "tandvard_CAR": 6.0, "tandvard_TRANSIT": 20.0, "tandvard_TRANSIT50": 25.0, "tandvard_WALK": 22.0, "vardcentral_BICYCLE": 15.0, "vardcentral_CAR": 6.0, "vardcentral_TRANSIT": 20.0, "vardcentral_TRANSIT50": 25.0, "vardcentral_WALK": 22.0, "v15_BICYCLE": 4.2, "v15_WALK": 2.9, "namn": "Varberg (Veddige-Derome)" }, "geometry": { "type": "MultiPolygon", "coordinates": [ [ [ [ 12.13278, 57.15134 ], [ 12.13405, 57.15209 ], [ 12.13476, 57.15139 ], [ 12.13278, 57.15134 ] ] ], [ [ [ 12.1089, 57.15223 ], [ 12.10689, 57.15255 ], [ 12.10887, 57.15259 ], [ 12.1089, 57.15223 ] ] ], [ [ [ 12.15036, 57.15498 ], [ 12.15209, 57.15826 ], [ 12.15545, 57.15761 ], [ 12.15243, 57.15395 ], [ 12.15036, 57.15498 ] ] ], [ [ [ 12.14286, 57.1922 ], [ 12.14688, 57.19157 ], [ 12.14627, 57.19084 ], [ 12.14231, 57.19075 ], [ 12.14286, 57.1922 ] ] ], [ [ [ 12.12292, 57.19318 ], [ 12.12033, 57.1924 ], [ 12.12027, 57.19312 ], [ 12.12292, 57.19318 ] ] ], [ [ [ 12.15065, 57.19417 ], [ 12.15388, 57.19533 ], [ 12.15488, 57.19643 ], [ 12.15235, 57.19284 ], [ 12.1501, 57.19272 ], [ 12.15065, 57.19417 ] ] ], [ [ [ 12.17023, 57.15471 ], [ 12.17282, 57.15549 ], [ 12.17284, 57.15513 ], [ 12.17023, 57.15471 ] ] ], [ [ [ 12.16258, 57.15957 ], [ 12.15603, 57.1587 ], [ 12.15652, 57.16087 ], [ 12.15518, 57.1612 ], [ 12.15851, 57.16092 ], [ 12.15691, 57.16448 ], [ 12.15892, 57.16416 ], [ 12.1595, 57.16525 ], [ 12.1628, 57.16533 ], [ 12.16192, 57.16818 ], [ 12.15919, 57.1692 ], [ 12.15908, 57.17064 ], [ 12.16255, 57.16856 ], [ 12.16453, 57.1686 ], [ 12.16514, 57.16934 ], [ 12.16379, 57.16966 ], [ 12.16572, 57.17043 ], [ 12.17032, 57.17089 ], [ 12.17439, 57.16954 ], [ 12.17516, 57.16812 ], [ 12.17714, 57.16817 ], [ 12.17772, 57.16926 ], [ 12.18234, 57.16936 ], [ 12.18441, 57.16833 ], [ 12.18972, 57.16809 ], [ 12.18925, 57.16556 ], [ 12.18328, 57.16579 ], [ 12.17502, 57.16129 ], [ 12.1746, 57.15805 ], [ 12.17667, 57.15701 ], [ 12.174, 57.15731 ], [ 12.16946, 57.15613 ], [ 12.16998, 57.15794 ], [ 12.16795, 57.15861 ], [ 12.16263, 57.15885 ], [ 12.16258, 57.15957 ] ] ], [ [ [ 12.20278, 57.17917 ], [ 12.2051, 57.17994 ], [ 12.20732, 57.17785 ], [ 12.20292, 57.17737 ], [ 12.20278, 57.17917 ] ] ], [ [ [ 12.209, 57.21957 ], [ 12.21093, 57.22033 ], [ 12.21233, 57.21929 ], [ 12.209, 57.21957 ] ] ], [ [ [ 12.42929, 57.31389 ], [ 12.42114, 57.30707 ], [ 12.42556, 57.30538 ], [ 12.42398, 57.29711 ], [ 12.42474, 57.29242 ], [ 12.42663, 57.29185 ], [ 12.42518, 57.29001 ], [ 12.42565, 57.2874 ], [ 12.42974, 57.28314 ], [ 12.43022, 57.26936 ], [ 12.42712, 57.26466 ], [ 12.42529, 57.2535 ], [ 12.42185, 57.24496 ], [ 12.41976, 57.24541 ], [ 12.41686, 57.24474 ], [ 12.41394, 57.24552 ], [ 12.40996, 57.24155 ], [ 12.41301, 57.23982 ], [ 12.41011, 57.23778 ], [ 12.41363, 57.23507 ], [ 12.41808, 57.2344 ], [ 12.42328, 57.23598 ], [ 12.42503, 57.2345 ], [ 12.42328, 57.23199 ], [ 12.4257, 57.23057 ], [ 12.42447, 57.23006 ], [ 12.42615, 57.22841 ], [ 12.42338, 57.22789 ], [ 12.42398, 57.22657 ], [ 12.41912, 57.22465 ], [ 12.41383, 57.22437 ], [ 12.39824, 57.22691 ], [ 12.38553, 57.22472 ], [ 12.38584, 57.224 ], [ 12.38461, 57.22456 ], [ 12.35639, 57.21957 ], [ 12.3639, 57.21376 ], [ 12.36244, 57.21295 ], [ 12.35135, 57.20904 ], [ 12.34991, 57.20698 ], [ 12.33694, 57.20278 ], [ 12.31356, 57.19713 ], [ 12.30408, 57.19807 ], [ 12.30233, 57.19898 ], [ 12.30119, 57.20292 ], [ 12.29601, 57.2059 ], [ 12.29046, 57.20662 ], [ 12.28495, 57.20572 ], [ 12.27487, 57.20054 ], [ 12.27045, 57.19418 ], [ 12.26697, 57.19225 ], [ 12.26367, 57.18729 ], [ 12.25904, 57.18417 ], [ 12.25935, 57.17998 ], [ 12.26491, 57.17665 ], [ 12.26303, 57.17373 ], [ 12.26394, 57.16994 ], [ 12.25766, 57.16616 ], [ 12.25672, 57.16226 ], [ 12.249, 57.16136 ], [ 12.24318, 57.15803 ], [ 12.23676, 57.16093 ], [ 12.228, 57.16067 ], [ 12.22852, 57.16248 ], [ 12.22581, 57.16331 ], [ 12.23822, 57.16918 ], [ 12.24215, 57.17553 ], [ 12.24044, 57.17896 ], [ 12.23415, 57.1819 ], [ 12.23712, 57.18817 ], [ 12.23655, 57.19477 ], [ 12.2331, 57.19795 ], [ 12.24551, 57.20142 ], [ 12.24849, 57.20446 ], [ 12.24887, 57.20696 ], [ 12.24417, 57.21128 ], [ 12.23591, 57.2125 ], [ 12.23451, 57.21547 ], [ 12.23063, 57.21762 ], [ 12.2202, 57.2191 ], [ 12.21502, 57.21886 ], [ 12.21344, 57.22219 ], [ 12.21071, 57.2232 ], [ 12.21248, 57.22612 ], [ 12.21047, 57.22644 ], [ 12.20992, 57.22498 ], [ 12.20724, 57.22528 ], [ 12.20785, 57.22602 ], [ 12.21365, 57.22811 ], [ 12.21598, 57.22818 ], [ 12.2135, 57.22716 ], [ 12.21484, 57.22661 ], [ 12.22295, 57.2293 ], [ 12.23996, 57.23029 ], [ 12.25097, 57.23488 ], [ 12.26341, 57.23388 ], [ 12.27703, 57.23551 ], [ 12.28504, 57.23813 ], [ 12.30206, 57.24025 ], [ 12.31408, 57.23914 ], [ 12.31466, 57.23865 ], [ 12.31822, 57.2377 ], [ 12.31918, 57.23773 ], [ 12.31999, 57.23817 ], [ 12.32124, 57.23753 ], [ 12.32598, 57.23771 ], [ 12.32486, 57.23958 ], [ 12.32206, 57.23901 ], [ 12.32127, 57.23758 ], [ 12.32034, 57.23822 ], [ 12.31989, 57.23825 ], [ 12.31905, 57.23775 ], [ 12.31827, 57.23775 ], [ 12.31445, 57.23891 ], [ 12.32876, 57.24375 ], [ 12.32866, 57.24886 ], [ 12.33647, 57.25618 ], [ 12.32991, 57.25304 ], [ 12.32551, 57.25205 ], [ 12.31739, 57.25262 ], [ 12.31371, 57.25401 ], [ 12.30803, 57.25818 ], [ 12.30444, 57.26395 ], [ 12.29994, 57.26663 ], [ 12.29901, 57.26959 ], [ 12.30237, 57.27338 ], [ 12.31388, 57.27714 ], [ 12.32214, 57.27716 ], [ 12.32578, 57.27948 ], [ 12.3305, 57.2808 ], [ 12.33829, 57.28062 ], [ 12.34247, 57.27877 ], [ 12.3411, 57.27961 ], [ 12.34622, 57.27837 ], [ 12.34295, 57.28144 ], [ 12.34507, 57.29258 ], [ 12.33942, 57.29572 ], [ 12.34093, 57.29628 ], [ 12.34611, 57.29347 ], [ 12.34752, 57.29472 ], [ 12.34155, 57.29809 ], [ 12.34442, 57.29933 ], [ 12.35011, 57.29612 ], [ 12.35679, 57.29979 ], [ 12.35158, 57.30179 ], [ 12.3497, 57.30182 ], [ 12.35084, 57.30043 ], [ 12.34852, 57.29962 ], [ 12.34863, 57.30024 ], [ 12.34366, 57.30016 ], [ 12.3438, 57.30076 ], [ 12.34728, 57.30104 ], [ 12.34458, 57.30126 ], [ 12.34719, 57.30333 ], [ 12.3472, 57.30248 ], [ 12.34814, 57.30317 ], [ 12.3495, 57.30192 ], [ 12.35125, 57.30209 ], [ 12.35202, 57.30273 ], [ 12.3488, 57.30472 ], [ 12.3512, 57.30614 ], [ 12.35466, 57.30398 ], [ 12.35689, 57.30373 ], [ 12.3562, 57.30302 ], [ 12.35718, 57.30355 ], [ 12.35844, 57.3029 ], [ 12.35694, 57.30256 ], [ 12.35915, 57.30112 ], [ 12.36336, 57.3034 ], [ 12.36361, 57.3048 ], [ 12.3682, 57.30489 ], [ 12.37226, 57.30636 ], [ 12.37185, 57.31282 ], [ 12.38793, 57.31025 ], [ 12.38823, 57.31208 ], [ 12.37448, 57.31443 ], [ 12.37702, 57.31588 ], [ 12.3771, 57.31919 ], [ 12.39749, 57.32866 ], [ 12.41752, 57.31957 ], [ 12.42199, 57.32281 ], [ 12.42457, 57.32346 ], [ 12.42645, 57.3225 ], [ 12.43221, 57.31505 ], [ 12.42929, 57.31389 ] ], [ [ 12.34812, 57.26265 ], [ 12.34846, 57.26279 ], [ 12.34865, 57.26293 ], [ 12.34812, 57.26265 ] ], [ [ 12.35776, 57.26911 ], [ 12.35597, 57.26736 ], [ 12.35751, 57.26867 ], [ 12.35776, 57.26911 ] ], [ [ 12.35848, 57.27153 ], [ 12.35803, 57.26957 ], [ 12.35832, 57.27007 ], [ 12.35848, 57.27153 ] ], [ [ 12.35684, 57.27423 ], [ 12.35671, 57.27438 ], [ 12.35613, 57.27478 ], [ 12.35684, 57.27423 ] ], [ [ 12.35471, 57.27562 ], [ 12.35538, 57.27529 ], [ 12.35517, 57.27543 ], [ 12.35471, 57.27562 ] ], [ [ 12.35195, 57.27663 ], [ 12.35276, 57.27639 ], [ 12.35235, 57.27656 ], [ 12.35195, 57.27663 ] ] ] ] } },
{ "type": "Feature", "properties": { "regsokod": "1383R017", "regso": "Varberg (Öster-Karlberg)", "kn": "1383", "kommun": "Varberg", "pop": 4063.0, "akutsjukhus_BICYCLE": 6.0, "akutsjukhus_CAR": 6.0, "akutsjukhus_TRANSIT": 17.0, "akutsjukhus_TRANSIT50": 17.0, "akutsjukhus_WALK": 17.0, "apotek_BICYCLE": 3.0, "apotek_CAR": 4.0, "apotek_TRANSIT": 8.0, "apotek_TRANSIT50": 9.0, "apotek_WALK": 10.0, "bibliotek_BICYCLE": 6.0, "bibliotek_CAR": 4.0, "bibliotek_TRANSIT": 15.0, "bibliotek_TRANSIT50": 17.0, "bibliotek_WALK": 18.0, "dagligvaror_BICYCLE": 2.0, "dagligvaror_CAR": 2.0, "dagligvaror_TRANSIT": 5.0, "dagligvaror_TRANSIT50": 5.0, "dagligvaror_WALK": 5.0, "drivmedel_BICYCLE": 3.0, "drivmedel_CAR": 5.0, "drivmedel_TRANSIT": 10.0, "drivmedel_TRANSIT50": 11.0, "drivmedel_WALK": 11.0, "forskola_BICYCLE": 2.0, "forskola_CAR": 3.0, "forskola_TRANSIT": 6.0, "forskola_TRANSIT50": 6.0, "forskola_WALK": 6.0, "grundskola_79_BICYCLE": 3.0, "grundskola_79_CAR": 4.0, "grundskola_79_TRANSIT": 9.0, "grundskola_79_TRANSIT50": 9.0, "grundskola_79_WALK": 9.0, "grundskola_f6_BICYCLE": 2.0, "grundskola_f6_CAR": 4.0, "grundskola_f6_TRANSIT": 8.0, "grundskola_f6_TRANSIT50": 8.0, "grundskola_f6_WALK": 8.0, "gymnasium_BICYCLE": 3.0, "gymnasium_CAR": 3.0, "gymnasium_TRANSIT": 9.0, "gymnasium_TRANSIT50": 9.0, "gymnasium_WALK": 9.0, "hallplats_BICYCLE": 1.0, "hallplats_CAR": 2.0, "hallplats_TRANSIT": 5.0, "hallplats_TRANSIT50": 5.0, "hallplats_WALK": 5.0, "narakut_BICYCLE": null, "narakut_CAR": 46.0, "narakut_TRANSIT": 46.0, "narakut_TRANSIT50": 58.0, "narakut_WALK": null, "tandvard_BICYCLE": 4.0, "tandvard_CAR": 4.0, "tandvard_TRANSIT": 12.0, "tandvard_TRANSIT50": 13.0, "tandvard_WALK": 13.0, "vardcentral_BICYCLE": 4.0, "vardcentral_CAR": 4.0, "vardcentral_TRANSIT": 11.0, "vardcentral_TRANSIT50": 12.0, "vardcentral_WALK": 12.0, "v15_BICYCLE": 6.0, "v15_WALK": 5.1, "namn": "Varberg (Öster-Karlberg)" }, "geometry": { "type": "Polygon", "coordinates": [ [ [ 12.28145, 57.11131 ], [ 12.28127, 57.10851 ], [ 12.28716, 57.10872 ], [ 12.28615, 57.10474 ], [ 12.28229, 57.10374 ], [ 12.28627, 57.10066 ], [ 12.27717, 57.10086 ], [ 12.26903, 57.10256 ], [ 12.26249, 57.10755 ], [ 12.26078, 57.11119 ], [ 12.28145, 57.11131 ] ] ] } },
{ "type": "Feature", "properties": { "regsokod": "1384R001", "regso": "Kungsbacka (Anneberg-Älvsåker)", "kn": "1384", "kommun": "Kungsbacka", "pop": 4437.0, "akutsjukhus_BICYCLE": 58.0, "akutsjukhus_CAR": 26.0, "akutsjukhus_TRANSIT": 39.0, "akutsjukhus_TRANSIT50": 42.0, "akutsjukhus_WALK": null, "apotek_BICYCLE": 26.0, "apotek_CAR": 12.0, "apotek_TRANSIT": 24.0, "apotek_TRANSIT50": 37.0, "apotek_WALK": 50.0, "bibliotek_BICYCLE": 28.0, "bibliotek_CAR": 13.0, "bibliotek_TRANSIT": 27.0, "bibliotek_TRANSIT50": 37.0, "bibliotek_WALK": 53.0, "dagligvaror_BICYCLE": 25.0, "dagligvaror_CAR": 12.0, "dagligvaror_TRANSIT": 25.0, "dagligvaror_TRANSIT50": 37.0, "dagligvaror_WALK": 49.0, "drivmedel_BICYCLE": 26.0, "drivmedel_CAR": 11.0, "drivmedel_TRANSIT": 25.0, "drivmedel_TRANSIT50": 36.0, "drivmedel_WALK": 53.0, "forskola_BICYCLE": 13.0, "forskola_CAR": 6.0, "forskola_TRANSIT": 17.0, "forskola_TRANSIT50": 24.0, "forskola_WALK": 21.0, "grundskola_79_BICYCLE": 23.0, "grundskola_79_CAR": 9.0, "grundskola_79_TRANSIT": 25.0, "grundskola_79_TRANSIT50": 39.0, "grundskola_79_WALK": 44.0, "grundskola_f6_BICYCLE": 20.0, "grundskola_f6_CAR": 9.0, "grundskola_f6_TRANSIT": 24.0, "grundskola_f6_TRANSIT50": 38.0, "grundskola_f6_WALK": 44.0, "gymnasium_BICYCLE": 19.0, "gymnasium_CAR": 7.0, "gymnasium_TRANSIT": 26.0, "gymnasium_TRANSIT50": 34.0, "gymnasium_WALK": 37.0, "hallplats_BICYCLE": 3.0, "hallplats_CAR": 2.0, "hallplats_TRANSIT": 9.0, "hallplats_TRANSIT50": 10.0, "hallplats_WALK": 10.0, "narakut_BICYCLE": 31.0, "narakut_CAR": 16.0, "narakut_TRANSIT": 31.0, "narakut_TRANSIT50": 40.0, "narakut_WALK": 47.0, "tandvard_BICYCLE": 27.0, "tandvard_CAR": 12.0, "tandvard_TRANSIT": 28.0, "tandvard_TRANSIT50": 37.0, "tandvard_WALK": 51.0, "vardcentral_BICYCLE": 24.0, "vardcentral_CAR": 10.0, "vardcentral_TRANSIT": 24.0, "vardcentral_TRANSIT50": 38.0, "vardcentral_WALK": 45.0, "v15_BICYCLE": 2.1, "v15_WALK": 0.8, "namn": "Kungsbacka (Anneberg-Älvsåker)" }, "geometry": { "type": "Polygon", "coordinates": [ [ [ 12.28309, 57.59143 ], [ 12.30738, 57.5811 ], [ 12.3038, 57.58003 ], [ 12.30279, 57.57801 ], [ 12.30405, 57.57687 ], [ 12.30815, 57.57638 ], [ 12.31268, 57.57722 ], [ 12.30851, 57.5762 ], [ 12.30771, 57.574 ], [ 12.30286, 57.57175 ], [ 12.29723, 57.5671 ], [ 12.29196, 57.56507 ], [ 12.29303, 57.56228 ], [ 12.28754, 57.56189 ], [ 12.28365, 57.56032 ], [ 12.27824, 57.56014 ], [ 12.29808, 57.55378 ], [ 12.28994, 57.54726 ], [ 12.28601, 57.55109 ], [ 12.2834, 57.55047 ], [ 12.28805, 57.54578 ], [ 12.28139, 57.54058 ], [ 12.27517, 57.53827 ], [ 12.27167, 57.54175 ], [ 12.26691, 57.54007 ], [ 12.25952, 57.54524 ], [ 12.23247, 57.53934 ], [ 12.23997, 57.52998 ], [ 12.23335, 57.52671 ], [ 12.23219, 57.52541 ], [ 12.23437, 57.52432 ], [ 12.23066, 57.52229 ], [ 12.22461, 57.5212 ], [ 12.22222, 57.52309 ], [ 12.21935, 57.52207 ], [ 12.20983, 57.53427 ], [ 12.18909, 57.52966 ], [ 12.19225, 57.5091 ], [ 12.18129, 57.50007 ], [ 12.174, 57.49751 ], [ 12.17191, 57.49824 ], [ 12.16761, 57.49565 ], [ 12.16236, 57.49594 ], [ 12.16189, 57.49476 ], [ 12.15878, 57.49509 ], [ 12.15694, 57.49671 ], [ 12.15143, 57.49814 ], [ 12.14379, 57.49842 ], [ 12.13578, 57.49301 ], [ 12.13039, 57.494 ], [ 12.12173, 57.4926 ], [ 12.11754, 57.48534 ], [ 12.11862, 57.48284 ], [ 12.11755, 57.48062 ], [ 12.1169, 57.4799 ], [ 12.11201, 57.48066 ], [ 12.116, 57.48498 ], [ 12.11546, 57.48856 ], [ 12.11798, 57.49389 ], [ 12.11078, 57.50081 ], [ 12.10997, 57.50437 ], [ 12.10559, 57.50809 ], [ 12.10937, 57.51128 ], [ 12.10877, 57.51517 ], [ 12.11381, 57.5172 ], [ 12.11997, 57.52302 ], [ 12.11649, 57.52435 ], [ 12.11839, 57.52596 ], [ 12.11269, 57.52806 ], [ 12.111, 57.52742 ], [ 12.11135, 57.52614 ], [ 12.11008, 57.52624 ], [ 12.11117, 57.5244 ], [ 12.10888, 57.52574 ], [ 12.10684, 57.52537 ], [ 12.10599, 57.52604 ], [ 12.10495, 57.52525 ], [ 12.10411, 57.52721 ], [ 12.10295, 57.5275 ], [ 12.10238, 57.52651 ], [ 12.10064, 57.52765 ], [ 12.09854, 57.52359 ], [ 12.09032, 57.52172 ], [ 12.09946, 57.53283 ], [ 12.10076, 57.53844 ], [ 12.09871, 57.53917 ], [ 12.09952, 57.54129 ], [ 12.09333, 57.55129 ], [ 12.09196, 57.55075 ], [ 12.0901, 57.55282 ], [ 12.09139, 57.55326 ], [ 12.09033, 57.55407 ], [ 12.09458, 57.55604 ], [ 12.08707, 57.55883 ], [ 12.10054, 57.56175 ], [ 12.10206, 57.55968 ], [ 12.16976, 57.56639 ], [ 12.17053, 57.56532 ], [ 12.17543, 57.56483 ], [ 12.17626, 57.5668 ], [ 12.17919, 57.56832 ], [ 12.20793, 57.57409 ], [ 12.27723, 57.59754 ], [ 12.28309, 57.59143 ] ], [ [ 12.13492, 57.56133 ], [ 12.13563, 57.56032 ], [ 12.13325, 57.56277 ], [ 12.13492, 57.56133 ] ], [ [ 12.13265, 57.52108 ], [ 12.133, 57.52108 ], [ 12.12834, 57.52191 ], [ 12.13265, 57.52108 ] ], [ [ 12.14006, 57.52179 ], [ 12.1424, 57.52277 ], [ 12.14268, 57.52297 ], [ 12.14006, 57.52179 ] ], [ [ 12.14309, 57.52325 ], [ 12.14363, 57.52362 ], [ 12.14407, 57.52409 ], [ 12.14309, 57.52325 ] ], [ [ 12.14434, 57.52437 ], [ 12.14453, 57.52458 ], [ 12.14516, 57.5259 ], [ 12.14434, 57.52437 ] ], [ [ 12.14846, 57.52739 ], [ 12.14867, 57.52755 ], [ 12.14516, 57.5259 ], [ 12.14846, 57.52739 ] ], [ [ 12.15191, 57.53002 ], [ 12.15154, 57.53001 ], [ 12.15047, 57.52892 ], [ 12.15191, 57.53002 ] ], [ [ 12.15093, 57.53026 ], [ 12.15116, 57.53016 ], [ 12.15074, 57.53047 ], [ 12.15093, 57.53026 ] ], [ [ 12.16177, 57.53025 ], [ 12.16268, 57.53052 ], [ 12.1614, 57.5302 ], [ 12.16177, 57.53025 ] ], [ [ 12.14038, 57.55473 ], [ 12.14022, 57.55454 ], [ 12.14021, 57.55453 ], [ 12.14038, 57.55473 ] ], [ [ 12.14255, 57.55701 ], [ 12.142, 57.55662 ], [ 12.14186, 57.55645 ], [ 12.14255, 57.55701 ] ], [ [ 12.14405, 57.55794 ], [ 12.14364, 57.55777 ], [ 12.14347, 57.55765 ], [ 12.14405, 57.55794 ] ], [ [ 12.14627, 57.55876 ], [ 12.14576, 57.55865 ], [ 12.14521, 57.55842 ], [ 12.14627, 57.55876 ] ], [ [ 12.15988, 57.5591 ], [ 12.15667, 57.55957 ], [ 12.15622, 57.55958 ], [ 12.15988, 57.5591 ] ], [ [ 12.15522, 57.5596 ], [ 12.15386, 57.55963 ], [ 12.14885, 57.5593 ], [ 12.15522, 57.5596 ] ], [ [ 12.16374, 57.53084 ], [ 12.16408, 57.53094 ], [ 12.16474, 57.53131 ], [ 12.16374, 57.53084 ] ], [ [ 12.16689, 57.53252 ], [ 12.1671, 57.53264 ], [ 12.16726, 57.53278 ], [ 12.16689, 57.53252 ] ], [ [ 12.17168, 57.5345 ], [ 12.17422, 57.53526 ], [ 12.17424, 57.53527 ], [ 12.17168, 57.5345 ] ], [ [ 12.17833, 57.53804 ], [ 12.1809, 57.5389 ], [ 12.1818, 57.53935 ], [ 12.17833, 57.53804 ] ], [ [ 12.18648, 57.5412 ], [ 12.18702, 57.54139 ], [ 12.18747, 57.54172 ], [ 12.18648, 57.5412 ] ], [ [ 12.18898, 57.54285 ], [ 12.18927, 57.54306 ], [ 12.18935, 57.54321 ], [ 12.18898, 57.54285 ] ], [ [ 12.19006, 57.54455 ], [ 12.19013, 57.54612 ], [ 12.19002, 57.54633 ], [ 12.19006, 57.54455 ] ], [ [ 12.18969, 57.54699 ], [ 12.18944, 57.54748 ], [ 12.18925, 57.54768 ], [ 12.18969, 57.54699 ] ], [ [ 12.18729, 57.54973 ], [ 12.18561, 57.55078 ], [ 12.18489, 57.55105 ], [ 12.18729, 57.54973 ] ], [ [ 12.18082, 57.55255 ], [ 12.17866, 57.55307 ], [ 12.18109, 57.55245 ], [ 12.18082, 57.55255 ] ], [ [ 12.17155, 57.55382 ], [ 12.17124, 57.55387 ], [ 12.16891, 57.55395 ], [ 12.17155, 57.55382 ] ], [ [ 12.16784, 57.55544 ], [ 12.16777, 57.55554 ], [ 12.16755, 57.5557 ], [ 12.16784, 57.55544 ] ], [ [ 12.16664, 57.55635 ], [ 12.16618, 57.55668 ], [ 12.16393, 57.55775 ], [ 12.16664, 57.55635 ] ], [ [ 12.16282, 57.55827 ], [ 12.16251, 57.55842 ], [ 12.16133, 57.55872 ], [ 12.16282, 57.55827 ] ] ] } },
{ "type": "Feature", "properties": { "regsokod": "1384R002", "regso": "Kungsbacka (Björkris-Voxlöv)", "kn": "1384", "kommun": "Kungsbacka", "pop": 3353.0, "akutsjukhus_BICYCLE": 56.0, "akutsjukhus_CAR": 24.0, "akutsjukhus_TRANSIT": 34.0, "akutsjukhus_TRANSIT50": 44.0, "akutsjukhus_WALK": null, "apotek_BICYCLE": 5.0, "apotek_CAR": 4.0, "apotek_TRANSIT": 11.0, "apotek_TRANSIT50": 16.0, "apotek_WALK": 17.0, "bibliotek_BICYCLE": 13.0, "bibliotek_CAR": 8.0, "bibliotek_TRANSIT": 18.0, "bibliotek_TRANSIT50": 28.0, "bibliotek_WALK": 39.0, "dagligvaror_BICYCLE": 5.0, "dagligvaror_CAR": 5.0, "dagligvaror_TRANSIT": 11.0, "dagligvaror_TRANSIT50": 16.0, "dagligvaror_WALK": 17.0, "drivmedel_BICYCLE": 8.0, "drivmedel_CAR": 6.0, "drivmedel_TRANSIT": 15.0, "drivmedel_TRANSIT50": 24.0, "drivmedel_WALK": 26.0, "forskola_BICYCLE": 6.0, "forskola_CAR": 4.0, "forskola_TRANSIT": 10.0, "forskola_TRANSIT50": 17.0, "forskola_WALK": 17.0, "grundskola_79_BICYCLE": 6.0, "grundskola_79_CAR": 4.0, "grundskola_79_TRANSIT": 12.0, "grundskola_79_TRANSIT50": 17.0, "grundskola_79_WALK": 17.0, "grundskola_f6_BICYCLE": 4.0, "grundskola_f6_CAR": 3.0, "grundskola_f6_TRANSIT": 9.0, "grundskola_f6_TRANSIT50": 11.0, "grundskola_f6_WALK": 11.0, "gymnasium_BICYCLE": 12.0, "gymnasium_CAR": 7.0, "gymnasium_TRANSIT": 18.0, "gymnasium_TRANSIT50": 29.0, "gymnasium_WALK": 36.0, "hallplats_BICYCLE": 2.0, "hallplats_CAR": 1.0, "hallplats_TRANSIT": 6.0, "hallplats_TRANSIT50": 6.0, "hallplats_WALK": 6.0, "narakut_BICYCLE": 12.0, "narakut_CAR": 8.0, "narakut_TRANSIT": 18.0, "narakut_TRANSIT50": 26.0, "narakut_WALK": 34.0, "tandvard_BICYCLE": 10.0, "tandvard_CAR": 7.0, "tandvard_TRANSIT": 18.0, "tandvard_TRANSIT50": 25.0, "tandvard_WALK": 32.0, "vardcentral_BICYCLE": 4.0, "vardcentral_CAR": 4.0, "vardcentral_TRANSIT": 11.0, "vardcentral_TRANSIT50": 13.0, "vardcentral_WALK": 14.0, "v15_BICYCLE": 5.8, "v15_WALK": 3.2, "namn": "Kungsbacka (Björkris-Voxlöv)" }, "geometry": { "type": "Polygon", "coordinates": [ [ [ 12.11229, 57.52805 ], [ 12.11839, 57.52596 ], [ 12.11649, 57.52435 ], [ 12.11997, 57.52302 ], [ 12.11381, 57.5172 ], [ 12.10877, 57.51517 ], [ 12.10937, 57.51128 ], [ 12.10559, 57.50809 ], [ 12.11035, 57.50377 ], [ 12.09058, 57.49881 ], [ 12.08977, 57.50317 ], [ 12.09237, 57.50483 ], [ 12.08901, 57.51109 ], [ 12.08351, 57.51251 ], [ 12.07779, 57.51248 ], [ 12.07841, 57.51378 ], [ 12.0719, 57.51616 ], [ 12.06907, 57.51472 ], [ 12.05919, 57.51576 ], [ 12.05222, 57.50895 ], [ 12.05185, 57.50007 ], [ 12.04624, 57.4895 ], [ 12.03084, 57.49544 ], [ 12.02661, 57.49301 ], [ 12.01273, 57.49396 ], [ 12.01257, 57.49531 ], [ 12.01599, 57.49527 ], [ 12.01539, 57.49579 ], [ 12.02368, 57.49805 ], [ 12.01981, 57.52722 ], [ 12.01779, 57.53334 ], [ 12.01578, 57.53345 ], [ 12.01736, 57.53403 ], [ 12.01721, 57.53687 ], [ 12.02093, 57.54075 ], [ 12.01605, 57.54047 ], [ 12.01553, 57.53939 ], [ 12.01276, 57.5457 ], [ 12.03221, 57.55097 ], [ 12.03842, 57.55048 ], [ 12.04251, 57.55177 ], [ 12.0458, 57.55164 ], [ 12.04723, 57.55273 ], [ 12.0503, 57.5498 ], [ 12.06657, 57.55149 ], [ 12.07506, 57.5509 ], [ 12.0778, 57.55245 ], [ 12.08465, 57.55258 ], [ 12.08743, 57.55396 ], [ 12.09033, 57.55407 ], [ 12.09139, 57.55326 ], [ 12.0901, 57.55282 ], [ 12.09196, 57.55075 ], [ 12.09333, 57.55129 ], [ 12.09767, 57.54464 ], [ 12.09952, 57.54129 ], [ 12.09871, 57.53917 ], [ 12.10068, 57.53892 ], [ 12.10076, 57.53646 ], [ 12.09946, 57.53283 ], [ 12.09032, 57.52172 ], [ 12.09854, 57.52359 ], [ 12.10064, 57.52765 ], [ 12.10238, 57.52651 ], [ 12.10295, 57.5275 ], [ 12.10411, 57.52721 ], [ 12.10495, 57.52525 ], [ 12.10599, 57.52604 ], [ 12.10684, 57.52537 ], [ 12.10888, 57.52574 ], [ 12.11117, 57.5244 ], [ 12.11007, 57.52621 ], [ 12.11146, 57.52622 ], [ 12.11229, 57.52805 ] ] ] } },
{ "type": "Feature", "properties": { "regsokod": "1384R003", "regso": "Kungsbacka (Fjärås)", "kn": "1384", "kommun": "Kungsbacka", "pop": 3949.0, "akutsjukhus_BICYCLE": null, "akutsjukhus_CAR": 32.0, "akutsjukhus_TRANSIT": 42.0, "akutsjukhus_TRANSIT50": 58.0, "akutsjukhus_WALK": null, "apotek_BICYCLE": 8.0, "apotek_CAR": 4.0, "apotek_TRANSIT": 14.0, "apotek_TRANSIT50": 17.0, "apotek_WALK": 18.0, "bibliotek_BICYCLE": 8.0, "bibliotek_CAR": 5.0, "bibliotek_TRANSIT": 11.0, "bibliotek_TRANSIT50": 16.0, "bibliotek_WALK": 15.0, "dagligvaror_BICYCLE": 8.0, "dagligvaror_CAR": 4.0, "dagligvaror_TRANSIT": 13.0, "dagligvaror_TRANSIT50": 16.0, "dagligvaror_WALK": 16.0, "drivmedel_BICYCLE": 18.0, "drivmedel_CAR": 6.0, "drivmedel_TRANSIT": 17.0, "drivmedel_TRANSIT50": 29.0, "drivmedel_WALK": 42.0, "forskola_BICYCLE": 7.0, "forskola_CAR": 4.0, "forskola_TRANSIT": 11.0, "forskola_TRANSIT50": 14.0, "forskola_WALK": 16.0, "grundskola_79_BICYCLE": 8.0, "grundskola_79_CAR": 5.0, "grundskola_79_TRANSIT": 12.0, "grundskola_79_TRANSIT50": 16.0, "grundskola_79_WALK": 16.0, "grundskola_f6_BICYCLE": 8.0, "grundskola_f6_CAR": 5.0, "grundskola_f6_TRANSIT": 11.0, "grundskola_f6_TRANSIT50": 16.0, "grundskola_f6_WALK": 17.0, "gymnasium_BICYCLE": 28.0, "gymnasium_CAR": 11.0, "gymnasium_TRANSIT": 23.0, "gymnasium_TRANSIT50": 35.0, "gymnasium_WALK": 53.0, "hallplats_BICYCLE": 2.0, "hallplats_CAR": 2.0, "hallplats_TRANSIT": 7.0, "hallplats_TRANSIT50": 7.0, "hallplats_WALK": 7.0, "narakut_BICYCLE": 34.0, "narakut_CAR": 15.0, "narakut_TRANSIT": 29.0, "narakut_TRANSIT50": 41.0, "narakut_WALK": null, "tandvard_BICYCLE": 8.0, "tandvard_CAR": 4.0, "tandvard_TRANSIT": 13.0, "tandvard_TRANSIT50": 15.0, "tandvard_WALK": 14.0, "vardcentral_BICYCLE": 8.0, "vardcentral_CAR": 5.0, "vardcentral_TRANSIT": 14.0, "vardcentral_TRANSIT50": 17.0, "vardcentral_WALK": 16.0, "v15_BICYCLE": 4.9, "v15_WALK": 4.2, "namn": "Kungsbacka (Fjärås)" }, "geometry": { "type": "Polygon", "coordinates": [ [ [ 12.16089, 57.472 ], [ 12.1817, 57.47116 ], [ 12.19373, 57.46486 ], [ 12.19605, 57.46231 ], [ 12.19664, 57.45707 ], [ 12.20029, 57.45455 ], [ 12.2011, 57.45158 ], [ 12.19842, 57.44807 ], [ 12.19157, 57.44414 ], [ 12.1828, 57.44417 ], [ 12.17866, 57.44589 ], [ 12.17634, 57.44873 ], [ 12.17458, 57.44878 ], [ 12.17243, 57.44498 ], [ 12.16473, 57.44169 ], [ 12.17264, 57.43448 ], [ 12.17528, 57.42675 ], [ 12.17289, 57.424 ], [ 12.16457, 57.42012 ], [ 12.15655, 57.41903 ], [ 12.15044, 57.42061 ], [ 12.1399, 57.42789 ], [ 12.13811, 57.43262 ], [ 12.12999, 57.43328 ], [ 12.11957, 57.4317 ], [ 12.11174, 57.43379 ], [ 12.10916, 57.43663 ], [ 12.10966, 57.44007 ], [ 12.10391, 57.44139 ], [ 12.10045, 57.44434 ], [ 12.09875, 57.45502 ], [ 12.10286, 57.45884 ], [ 12.1112, 57.46035 ], [ 12.11775, 57.45954 ], [ 12.12213, 57.45731 ], [ 12.12687, 57.45683 ], [ 12.13175, 57.4549 ], [ 12.13789, 57.45488 ], [ 12.14267, 57.45332 ], [ 12.14444, 57.45578 ], [ 12.15022, 57.45933 ], [ 12.14967, 57.46218 ], [ 12.15368, 57.46988 ], [ 12.16089, 57.472 ] ], [ [ 12.17975, 57.46752 ], [ 12.17979, 57.46649 ], [ 12.17994, 57.46743 ], [ 12.17975, 57.46752 ] ] ] } },
{ "type": "Feature", "properties": { "regsokod": "1384R004", "regso": "Kungsbacka (Fjärås omland)", "kn": "1384", "kommun": "Kungsbacka", "pop": 3855.0, "akutsjukhus_BICYCLE": null, "akutsjukhus_CAR": 34.0, "akutsjukhus_TRANSIT": 50.0, "akutsjukhus_TRANSIT50": 55.0, "akutsjukhus_WALK": null, "apotek_BICYCLE": 28.0, "apotek_CAR": 11.0, "apotek_TRANSIT": 33.0, "apotek_TRANSIT50": 47.0, "apotek_WALK": 46.0, "bibliotek_BICYCLE": 28.0, "bibliotek_CAR": 11.0, "bibliotek_TRANSIT": 29.0, "bibliotek_TRANSIT50": 46.0, "bibliotek_WALK": 46.0, "dagligvaror_BICYCLE": 27.0, "dagligvaror_CAR": 11.0, "dagligvaror_TRANSIT": 30.0, "dagligvaror_TRANSIT50": 46.0, "dagligvaror_WALK": 46.0, "drivmedel_BICYCLE": 30.0, "drivmedel_CAR": 10.0, "drivmedel_TRANSIT": 34.0, "drivmedel_TRANSIT50": 45.0, "drivmedel_WALK": 43.0, "forskola_BICYCLE": 26.0, "forskola_CAR": 10.0, "forskola_TRANSIT": 29.0, "forskola_TRANSIT50": 45.0, "forskola_WALK": 44.0, "grundskola_79_BICYCLE": 28.0, "grundskola_79_CAR": 11.0, "grundskola_79_TRANSIT": 29.0, "grundskola_79_TRANSIT50": 46.0, "grundskola_79_WALK": 45.0, "grundskola_f6_BICYCLE": 24.0, "grundskola_f6_CAR": 9.0, "grundskola_f6_TRANSIT": 26.0, "grundskola_f6_TRANSIT50": 44.0, "grundskola_f6_WALK": 42.0, "gymnasium_BICYCLE": 38.0, "gymnasium_CAR": 13.0, "gymnasium_TRANSIT": 40.0, "gymnasium_TRANSIT50": 51.0, "gymnasium_WALK": 46.0, "hallplats_BICYCLE": 9.0, "hallplats_CAR": 4.0, "hallplats_TRANSIT": 18.0, "hallplats_TRANSIT50": 22.0, "hallplats_WALK": 19.0, "narakut_BICYCLE": 41.0, "narakut_CAR": 18.0, "narakut_TRANSIT": 42.0, "narakut_TRANSIT50": 53.0, "narakut_WALK": 52.0, "tandvard_BICYCLE": 27.0, "tandvard_CAR": 11.0, "tandvard_TRANSIT": 30.0, "tandvard_TRANSIT50": 45.0, "tandvard_WALK": 45.0, "vardcentral_BICYCLE": 29.0, "vardcentral_CAR": 12.0, "vardcentral_TRANSIT": 33.0, "vardcentral_TRANSIT50": 46.0, "vardcentral_WALK": 47.0, "v15_BICYCLE": 1.5, "v15_WALK": 0.4, "namn": "Kungsbacka (Fjärås omland)" }, "geometry": { "type": "MultiPolygon", "coordinates": [ [ [ [ 12.07434, 57.38835 ], [ 12.07403, 57.3923 ], [ 12.07536, 57.39233 ], [ 12.07694, 57.38913 ], [ 12.07434, 57.38835 ] ] ], [ [ [ 12.07695, 57.3974 ], [ 12.07773, 57.39598 ], [ 12.07594, 57.39342 ], [ 12.07446, 57.39519 ], [ 12.07695, 57.3974 ] ] ], [ [ [ 12.07103, 57.39655 ], [ 12.06903, 57.3965 ], [ 12.06886, 57.39865 ], [ 12.07149, 57.39907 ], [ 12.07103, 57.39655 ] ] ], [ [ [ 12.07684, 57.39884 ], [ 12.07484, 57.39879 ], [ 12.07597, 57.40133 ], [ 12.0773, 57.40137 ], [ 12.07684, 57.39884 ] ] ], [ [ [ 12.07386, 57.40272 ], [ 12.07591, 57.40205 ], [ 12.07597, 57.40133 ], [ 12.07331, 57.40127 ], [ 12.07386, 57.40272 ] ] ], [ [ [ 12.06433, 57.42192 ], [ 12.06182, 57.42006 ], [ 12.06234, 57.42187 ], [ 12.05968, 57.42181 ], [ 12.06136, 57.4258 ], [ 12.06659, 57.427 ], [ 12.06784, 57.42811 ], [ 12.07119, 57.42783 ], [ 12.0683, 57.42237 ], [ 12.06433, 57.42192 ] ] ], [ [ [ 12.08897, 57.46092 ], [ 12.09701, 57.46157 ], [ 12.10127, 57.46353 ], [ 12.10854, 57.46509 ], [ 12.1116, 57.46696 ], [ 12.11317, 57.46995 ], [ 12.11045, 57.47361 ], [ 12.11037, 57.47739 ], [ 12.11201, 57.48066 ], [ 12.1169, 57.4799 ], [ 12.11755, 57.48062 ], [ 12.11862, 57.48284 ], [ 12.11754, 57.48534 ], [ 12.12173, 57.4926 ], [ 12.13069, 57.494 ], [ 12.13578, 57.49301 ], [ 12.14379, 57.49842 ], [ 12.15143, 57.49814 ], [ 12.15694, 57.49671 ], [ 12.15878, 57.49509 ], [ 12.16189, 57.49476 ], [ 12.16236, 57.49594 ], [ 12.16761, 57.49565 ], [ 12.17191, 57.49824 ], [ 12.174, 57.49751 ], [ 12.18129, 57.50007 ], [ 12.19225, 57.5091 ], [ 12.18909, 57.52966 ], [ 12.20983, 57.53427 ], [ 12.21935, 57.52207 ], [ 12.22222, 57.52309 ], [ 12.22461, 57.5212 ], [ 12.23066, 57.52229 ], [ 12.23437, 57.52432 ], [ 12.23219, 57.52541 ], [ 12.23335, 57.52671 ], [ 12.23997, 57.52998 ], [ 12.23247, 57.53934 ], [ 12.25952, 57.54524 ], [ 12.26691, 57.54007 ], [ 12.27167, 57.54175 ], [ 12.27517, 57.53827 ], [ 12.28139, 57.54058 ], [ 12.28805, 57.54578 ], [ 12.2834, 57.55047 ], [ 12.28601, 57.55109 ], [ 12.28994, 57.54726 ], [ 12.29808, 57.55378 ], [ 12.27824, 57.56014 ], [ 12.28365, 57.56032 ], [ 12.28754, 57.56189 ], [ 12.29303, 57.56228 ], [ 12.29196, 57.56507 ], [ 12.29723, 57.5671 ], [ 12.30286, 57.57175 ], [ 12.30771, 57.574 ], [ 12.30851, 57.5762 ], [ 12.31268, 57.57722 ], [ 12.30815, 57.57638 ], [ 12.30405, 57.57687 ], [ 12.30279, 57.57801 ], [ 12.3038, 57.58003 ], [ 12.30738, 57.5811 ], [ 12.31954, 57.57432 ], [ 12.32992, 57.56655 ], [ 12.33247, 57.56648 ], [ 12.34095, 57.56172 ], [ 12.32599, 57.54778 ], [ 12.31331, 57.52382 ], [ 12.31402, 57.52204 ], [ 12.31157, 57.52098 ], [ 12.31503, 57.51868 ], [ 12.31305, 57.51629 ], [ 12.32536, 57.50764 ], [ 12.34093, 57.49345 ], [ 12.34293, 57.48957 ], [ 12.34408, 57.48988 ], [ 12.34439, 57.48644 ], [ 12.33407, 57.47483 ], [ 12.2892, 57.46924 ], [ 12.27981, 57.46677 ], [ 12.2659, 57.46637 ], [ 12.27127, 57.45772 ], [ 12.28628, 57.4492 ], [ 12.29225, 57.44954 ], [ 12.29317, 57.44713 ], [ 12.29008, 57.44577 ], [ 12.28882, 57.44377 ], [ 12.27739, 57.43826 ], [ 12.25056, 57.42825 ], [ 12.2525, 57.42539 ], [ 12.21427, 57.39346 ], [ 12.20408, 57.3889 ], [ 12.19843, 57.391 ], [ 12.20036, 57.39344 ], [ 12.19054, 57.39351 ], [ 12.16353, 57.39739 ], [ 12.15954, 57.39611 ], [ 12.14904, 57.39519 ], [ 12.14115, 57.39696 ], [ 12.13841, 57.39921 ], [ 12.13031, 57.39642 ], [ 12.13127, 57.39481 ], [ 12.1287, 57.39364 ], [ 12.12692, 57.39488 ], [ 12.12102, 57.3959 ], [ 12.12096, 57.39662 ], [ 12.12432, 57.39634 ], [ 12.12426, 57.39705 ], [ 12.11941, 57.39946 ], [ 12.11149, 57.39856 ], [ 12.10767, 57.39632 ], [ 12.10715, 57.39451 ], [ 12.10235, 57.39619 ], [ 12.10227, 57.39727 ], [ 12.0988, 57.39899 ], [ 12.09484, 57.39854 ], [ 12.09565, 57.39676 ], [ 12.09371, 57.39599 ], [ 12.09172, 57.39595 ], [ 12.08955, 57.39805 ], [ 12.08623, 57.39798 ], [ 12.08527, 57.39328 ], [ 12.08189, 57.39392 ], [ 12.08042, 57.39569 ], [ 12.07996, 57.40143 ], [ 12.0828, 57.4076 ], [ 12.09349, 57.40713 ], [ 12.09341, 57.40821 ], [ 12.09474, 57.40824 ], [ 12.09748, 57.40723 ], [ 12.10344, 57.40772 ], [ 12.11084, 57.40681 ], [ 12.10726, 57.40997 ], [ 12.10767, 57.41321 ], [ 12.10617, 57.41533 ], [ 12.10733, 57.41752 ], [ 12.10638, 57.42109 ], [ 12.10945, 57.4244 ], [ 12.11269, 57.42555 ], [ 12.11227, 57.43093 ], [ 12.10961, 57.43087 ], [ 12.11085, 57.43198 ], [ 12.10999, 57.43448 ], [ 12.10525, 57.43545 ], [ 12.1053, 57.43473 ], [ 12.10267, 57.43431 ], [ 12.0992, 57.43603 ], [ 12.09721, 57.43598 ], [ 12.09715, 57.4367 ], [ 12.09515, 57.43665 ], [ 12.0949, 57.43988 ], [ 12.09273, 57.44199 ], [ 12.08344, 57.44141 ], [ 12.07739, 57.44199 ], [ 12.07459, 57.44373 ], [ 12.07369, 57.44658 ], [ 12.07164, 57.44725 ], [ 12.07219, 57.4487 ], [ 12.07016, 57.44902 ], [ 12.06959, 57.44792 ], [ 12.06692, 57.44786 ], [ 12.06996, 57.45153 ], [ 12.0726, 57.45195 ], [ 12.07633, 57.45527 ], [ 12.07561, 57.45597 ], [ 12.07364, 57.45557 ], [ 12.07147, 57.45767 ], [ 12.07014, 57.45764 ], [ 12.07208, 57.45841 ], [ 12.07043, 57.46232 ], [ 12.07237, 57.46309 ], [ 12.0729, 57.4649 ], [ 12.07156, 57.46487 ], [ 12.0704, 57.46268 ], [ 12.06577, 57.46329 ], [ 12.06651, 57.46712 ], [ 12.07203, 57.46763 ], [ 12.07778, 57.47068 ], [ 12.08085, 57.46338 ], [ 12.08439, 57.46166 ], [ 12.08897, 57.46092 ] ], [ [ 12.12213, 57.45731 ], [ 12.11718, 57.45968 ], [ 12.10789, 57.46025 ], [ 12.10286, 57.45884 ], [ 12.09924, 57.45612 ], [ 12.10026, 57.4447 ], [ 12.10343, 57.44162 ], [ 12.10966, 57.44007 ], [ 12.11057, 57.43463 ], [ 12.11272, 57.43328 ], [ 12.11962, 57.4317 ], [ 12.12999, 57.43328 ], [ 12.13811, 57.43262 ], [ 12.1399, 57.42789 ], [ 12.15044, 57.42061 ], [ 12.15593, 57.41908 ], [ 12.16457, 57.42012 ], [ 12.17235, 57.42367 ], [ 12.17545, 57.42753 ], [ 12.17288, 57.43414 ], [ 12.16473, 57.44169 ], [ 12.17243, 57.44498 ], [ 12.17458, 57.44878 ], [ 12.17634, 57.44873 ], [ 12.18114, 57.44468 ], [ 12.18847, 57.44366 ], [ 12.19485, 57.44543 ], [ 12.20054, 57.45023 ], [ 12.20096, 57.45338 ], [ 12.19664, 57.45707 ], [ 12.19623, 57.4616 ], [ 12.19373, 57.46486 ], [ 12.18226, 57.47099 ], [ 12.16794, 57.47223 ], [ 12.1596, 57.4719 ], [ 12.15551, 57.47086 ], [ 12.15255, 57.46891 ], [ 12.14966, 57.46215 ], [ 12.15022, 57.45933 ], [ 12.14444, 57.45578 ], [ 12.14267, 57.45332 ], [ 12.13789, 57.45488 ], [ 12.13175, 57.4549 ], [ 12.12687, 57.45683 ], [ 12.12213, 57.45731 ] ] ] ] } },
{ "type": "Feature", "properties": { "regsokod": "1384R005", "regso": "Kungsbacka (Frillesås)", "kn": "1384", "kommun": "Kungsbacka", "pop": 3249.0, "akutsjukhus_BICYCLE": null, "akutsjukhus_CAR": 32.0, "akutsjukhus_TRANSIT": 54.0, "akutsjukhus_TRANSIT50": null, "akutsjukhus_WALK": null, "apotek_BICYCLE": 23.0, "apotek_CAR": 13.0, "apotek_TRANSIT": 26.0, "apotek_TRANSIT50": 34.0, "apotek_WALK": 52.0, "bibliotek_BICYCLE": 6.0, "bibliotek_CAR": 4.0, "bibliotek_TRANSIT": 13.0, "bibliotek_TRANSIT50": 16.0, "bibliotek_WALK": 16.0, "dagligvaror_BICYCLE": 5.0, "dagligvaror_CAR": 4.0, "dagligvaror_TRANSIT": 12.0, "dagligvaror_TRANSIT50": 14.0, "dagligvaror_WALK": 15.0, "drivmedel_BICYCLE": 5.0, "drivmedel_CAR": 3.0, "drivmedel_TRANSIT": 11.0, "drivmedel_TRANSIT50": 14.0, "drivmedel_WALK": 15.0, "forskola_BICYCLE": 24.0, "forskola_CAR": 12.0, "forskola_TRANSIT": 22.0, "forskola_TRANSIT50": 30.0, "forskola_WALK": 54.0, "grundskola_79_BICYCLE": 6.0, "grundskola_79_CAR": 4.0, "grundskola_79_TRANSIT": 13.0, "grundskola_79_TRANSIT50": 16.0, "grundskola_79_WALK": 16.0, "grundskola_f6_BICYCLE": 6.0, "grundskola_f6_CAR": 4.0, "grundskola_f6_TRANSIT": 13.0, "grundskola_f6_TRANSIT50": 16.0, "grundskola_f6_WALK": 17.0, "gymnasium_BICYCLE": null, "gymnasium_CAR": 23.0, "gymnasium_TRANSIT": 45.0, "gymnasium_TRANSIT50": 54.0, "gymnasium_WALK": null, "hallplats_BICYCLE": 3.0, "hallplats_CAR": 2.0, "hallplats_TRANSIT": 9.0, "hallplats_TRANSIT50": 10.0, "hallplats_WALK": 10.0, "narakut_BICYCLE": null, "narakut_CAR": 28.0, "narakut_TRANSIT": 51.0, "narakut_TRANSIT50": 58.0, "narakut_WALK": null, "tandvard_BICYCLE": 19.0, "tandvard_CAR": 9.0, "tandvard_TRANSIT": 20.0, "tandvard_TRANSIT50": 28.0, "tandvard_WALK": 53.0, "vardcentral_BICYCLE": 5.0, "vardcentral_CAR": 3.0, "vardcentral_TRANSIT": 12.0, "vardcentral_TRANSIT50": 15.0, "vardcentral_WALK": 14.0, "v15_BICYCLE": 4.8, "v15_WALK": 3.2, "namn": "Kungsbacka (Frillesås)" }, "geometry": { "type": "MultiPolygon", "coordinates": [ [ [ [ 12.14679, 57.32998 ], [ 12.1448, 57.32994 ], [ 12.14474, 57.33065 ], [ 12.14679, 57.32998 ] ] ], [ [ [ 12.1821, 57.31232 ], [ 12.18054, 57.31121 ], [ 12.17205, 57.31227 ], [ 12.16686, 57.31102 ], [ 12.16434, 57.30917 ], [ 12.16429, 57.30988 ], [ 12.15893, 57.31048 ], [ 12.15675, 57.31295 ], [ 12.15277, 57.31286 ], [ 12.14597, 57.31486 ], [ 12.14652, 57.31631 ], [ 12.14787, 57.31598 ], [ 12.14773, 57.31778 ], [ 12.15246, 57.31681 ], [ 12.15437, 57.31793 ], [ 12.15356, 57.31971 ], [ 12.15622, 57.31977 ], [ 12.15583, 57.32479 ], [ 12.16352, 57.32698 ], [ 12.16232, 57.32685 ], [ 12.16222, 57.32817 ], [ 12.15876, 57.32989 ], [ 12.15409, 57.33015 ], [ 12.15254, 57.33299 ], [ 12.14986, 57.33428 ], [ 12.15234, 57.33565 ], [ 12.14999, 57.33741 ], [ 12.15206, 57.33818 ], [ 12.14816, 57.34011 ], [ 12.1765, 57.36052 ], [ 12.19093, 57.35926 ], [ 12.19726, 57.35563 ], [ 12.19797, 57.35282 ], [ 12.19442, 57.34915 ], [ 12.18232, 57.34678 ], [ 12.19453, 57.34293 ], [ 12.19706, 57.33859 ], [ 12.20085, 57.33671 ], [ 12.20252, 57.33404 ], [ 12.20099, 57.33058 ], [ 12.19685, 57.32807 ], [ 12.20229, 57.3225 ], [ 12.20216, 57.31816 ], [ 12.19648, 57.31888 ], [ 12.19769, 57.31732 ], [ 12.19618, 57.31602 ], [ 12.1821, 57.31232 ] ], [ [ 12.17406, 57.3296 ], [ 12.17434, 57.32948 ], [ 12.17434, 57.32952 ], [ 12.17406, 57.3296 ] ] ] ] } },
{ "type": "Feature", "properties": { "regsokod": "1384R006", "regso": "Kungsbacka (Frillesås-Gällinge omland)", "kn": "1384", "kommun": "Kungsbacka", "pop": 3312.0, "akutsjukhus_BICYCLE": null, "akutsjukhus_CAR": 36.0, "akutsjukhus_TRANSIT": 54.0, "akutsjukhus_TRANSIT50": null, "akutsjukhus_WALK": null, "apotek_BICYCLE": 42.0, "apotek_CAR": 16.0, "apotek_TRANSIT": 37.0, "apotek_TRANSIT50": 49.0, "apotek_WALK": 40.0, "bibliotek_BICYCLE": 35.0, "bibliotek_CAR": 13.0, "bibliotek_TRANSIT": 29.0, "bibliotek_TRANSIT50": 50.0, "bibliotek_WALK": 45.0, "dagligvaror_BICYCLE": 21.0, "dagligvaror_CAR": 7.0, "dagligvaror_TRANSIT": 25.0, "dagligvaror_TRANSIT50": 40.0, "dagligvaror_WALK": 35.0, "drivmedel_BICYCLE": 36.0, "drivmedel_CAR": 11.0, "drivmedel_TRANSIT": 33.0, "drivmedel_TRANSIT50": 48.0, "drivmedel_WALK": 45.0, "forskola_BICYCLE": 25.0, "forskola_CAR": 8.0, "forskola_TRANSIT": 27.0, "forskola_TRANSIT50": 41.0, "forskola_WALK": 36.0, "grundskola_79_BICYCLE": 32.0, "grundskola_79_CAR": 12.0, "grundskola_79_TRANSIT": 28.0, "grundskola_79_TRANSIT50": 50.0, "grundskola_79_WALK": 45.0, "grundskola_f6_BICYCLE": 20.0, "grundskola_f6_CAR": 7.0, "grundskola_f6_TRANSIT": 24.0, "grundskola_f6_TRANSIT50": 41.0, "grundskola_f6_WALK": 38.0, "gymnasium_BICYCLE": 54.0, "gymnasium_CAR": 22.0, "gymnasium_TRANSIT": 45.0, "gymnasium_TRANSIT50": 49.0, "gymnasium_WALK": null, "hallplats_BICYCLE": 8.0, "hallplats_CAR": 3.0, "hallplats_TRANSIT": 15.0, "hallplats_TRANSIT50": 22.0, "hallplats_WALK": 22.0, "narakut_BICYCLE": 56.0, "narakut_CAR": 26.0, "narakut_TRANSIT": 51.0, "narakut_TRANSIT50": 52.0, "narakut_WALK": null, "tandvard_BICYCLE": 40.0, "tandvard_CAR": 14.0, "tandvard_TRANSIT": 33.0, "tandvard_TRANSIT50": 51.0, "tandvard_WALK": 40.0, "vardcentral_BICYCLE": 37.0, "vardcentral_CAR": 13.0, "vardcentral_TRANSIT": 32.0, "vardcentral_TRANSIT50": 47.0, "vardcentral_WALK": 45.0, "v15_BICYCLE": 1.6, "v15_WALK": 0.5, "namn": "Kungsbacka (Frillesås-Gällinge omland)" }, "geometry": { "type": "Polygon", "coordinates": [ [ [ 12.13841, 57.39921 ], [ 12.14115, 57.39696 ], [ 12.14904, 57.39519 ], [ 12.15954, 57.39611 ], [ 12.16353, 57.39739 ], [ 12.19054, 57.39351 ], [ 12.20036, 57.39344 ], [ 12.19843, 57.391 ], [ 12.20408, 57.3889 ], [ 12.21427, 57.39346 ], [ 12.2525, 57.42539 ], [ 12.25056, 57.42825 ], [ 12.27739, 57.43826 ], [ 12.28882, 57.44377 ], [ 12.29008, 57.44577 ], [ 12.2932, 57.44723 ], [ 12.29225, 57.44954 ], [ 12.28628, 57.4492 ], [ 12.27127, 57.45772 ], [ 12.26586, 57.46638 ], [ 12.27981, 57.46677 ], [ 12.2892, 57.46924 ], [ 12.33407, 57.47483 ], [ 12.32258, 57.46247 ], [ 12.3228, 57.46076 ], [ 12.32718, 57.45914 ], [ 12.33106, 57.45479 ], [ 12.33474, 57.45518 ], [ 12.33766, 57.45106 ], [ 12.34561, 57.45054 ], [ 12.35829, 57.45276 ], [ 12.36646, 57.44933 ], [ 12.37648, 57.44928 ], [ 12.38024, 57.44563 ], [ 12.38953, 57.44302 ], [ 12.38996, 57.44003 ], [ 12.40228, 57.43624 ], [ 12.4068, 57.42902 ], [ 12.40818, 57.42061 ], [ 12.41183, 57.4171 ], [ 12.40953, 57.41686 ], [ 12.40942, 57.41568 ], [ 12.40675, 57.41562 ], [ 12.40515, 57.41288 ], [ 12.41235, 57.40769 ], [ 12.41596, 57.40763 ], [ 12.4195, 57.40066 ], [ 12.41779, 57.39863 ], [ 12.41105, 57.39775 ], [ 12.40857, 57.39609 ], [ 12.40921, 57.39336 ], [ 12.39605, 57.38116 ], [ 12.39105, 57.36066 ], [ 12.38698, 57.35153 ], [ 12.35231, 57.33494 ], [ 12.34613, 57.33456 ], [ 12.34264, 57.33167 ], [ 12.33831, 57.33233 ], [ 12.33802, 57.32971 ], [ 12.34263, 57.33166 ], [ 12.33302, 57.32249 ], [ 12.31443, 57.30927 ], [ 12.28831, 57.30252 ], [ 12.27455, 57.30048 ], [ 12.26075, 57.30477 ], [ 12.23907, 57.3132 ], [ 12.22659, 57.31623 ], [ 12.21789, 57.31538 ], [ 12.21873, 57.31731 ], [ 12.2177, 57.31734 ], [ 12.21928, 57.31846 ], [ 12.2156, 57.32231 ], [ 12.20569, 57.32155 ], [ 12.20529, 57.31842 ], [ 12.20216, 57.31816 ], [ 12.20229, 57.3225 ], [ 12.19685, 57.32807 ], [ 12.20184, 57.33156 ], [ 12.202, 57.33544 ], [ 12.19706, 57.33859 ], [ 12.19656, 57.34099 ], [ 12.19397, 57.34326 ], [ 12.18232, 57.34678 ], [ 12.19442, 57.34915 ], [ 12.19755, 57.35176 ], [ 12.19768, 57.35496 ], [ 12.19093, 57.35926 ], [ 12.17748, 57.36 ], [ 12.1747, 57.36127 ], [ 12.17863, 57.3635 ], [ 12.17991, 57.36676 ], [ 12.17819, 57.36951 ], [ 12.17335, 57.37217 ], [ 12.16481, 57.37352 ], [ 12.15458, 57.37133 ], [ 12.15515, 57.37504 ], [ 12.15259, 57.37807 ], [ 12.14739, 57.37987 ], [ 12.14111, 57.37988 ], [ 12.13252, 57.37686 ], [ 12.12829, 57.37405 ], [ 12.12713, 57.37015 ], [ 12.13034, 57.36689 ], [ 12.12775, 57.36457 ], [ 12.12247, 57.36485 ], [ 12.11708, 57.36353 ], [ 12.11974, 57.37017 ], [ 12.12972, 57.37729 ], [ 12.12955, 57.37857 ], [ 12.12766, 57.37916 ], [ 12.12896, 57.37955 ], [ 12.12873, 57.38242 ], [ 12.1238, 57.3859 ], [ 12.12837, 57.38708 ], [ 12.12333, 57.38697 ], [ 12.11839, 57.38836 ], [ 12.12086, 57.38943 ], [ 12.12082, 57.39049 ], [ 12.12277, 57.39055 ], [ 12.12213, 57.39161 ], [ 12.12402, 57.39166 ], [ 12.12379, 57.39453 ], [ 12.12172, 57.39548 ], [ 12.12692, 57.39488 ], [ 12.1287, 57.39364 ], [ 12.13127, 57.39481 ], [ 12.13031, 57.39642 ], [ 12.13841, 57.39921 ] ] ] } },
{ "type": "Feature", "properties": { "regsokod": "1384R007", "regso": "Kungsbacka (Hålabäck-Hammerö)", "kn": "1384", "kommun": "Kungsbacka", "pop": 3197.0, "akutsjukhus_BICYCLE": null, "akutsjukhus_CAR": 27.0, "akutsjukhus_TRANSIT": 33.0, "akutsjukhus_TRANSIT50": 44.0, "akutsjukhus_WALK": null, "apotek_BICYCLE": 4.0, "apotek_CAR": 3.0, "apotek_TRANSIT": 12.0, "apotek_TRANSIT50": 14.0, "apotek_WALK": 14.0, "bibliotek_BICYCLE": 7.0, "bibliotek_CAR": 6.0, "bibliotek_TRANSIT": 14.0, "bibliotek_TRANSIT50": 21.0, "bibliotek_WALK": 21.0, "dagligvaror_BICYCLE": 2.0, "dagligvaror_CAR": 3.0, "dagligvaror_TRANSIT": 7.0, "dagligvaror_TRANSIT50": 7.0, "dagligvaror_WALK": 7.0, "drivmedel_BICYCLE": 2.0, "drivmedel_CAR": 1.0, "drivmedel_TRANSIT": 7.0, "drivmedel_TRANSIT50": 7.0, "drivmedel_WALK": 7.0, "forskola_BICYCLE": 2.0, "forskola_CAR": 2.0, "forskola_TRANSIT": 5.0, "forskola_TRANSIT50": 5.0, "forskola_WALK": 5.0, "grundskola_79_BICYCLE": 2.0, "grundskola_79_CAR": 2.0, "grundskola_79_TRANSIT": 7.0, "grundskola_79_TRANSIT50": 7.0, "grundskola_79_WALK": 7.0, "grundskola_f6_BICYCLE": 2.0, "grundskola_f6_CAR": 2.0, "grundskola_f6_TRANSIT": 5.0, "grundskola_f6_TRANSIT50": 5.0, "grundskola_f6_WALK": 5.0, "gymnasium_BICYCLE": 4.0, "gymnasium_CAR": 4.0, "gymnasium_TRANSIT": 12.0, "gymnasium_TRANSIT50": 14.0, "gymnasium_WALK": 14.0, "hallplats_BICYCLE": 1.0, "hallplats_CAR": 1.0, "hallplats_TRANSIT": 4.0, "hallplats_TRANSIT50": 4.0, "hallplats_WALK": 4.0, "narakut_BICYCLE": 7.0, "narakut_CAR": 5.0, "narakut_TRANSIT": 13.0, "narakut_TRANSIT50": 20.0, "narakut_WALK": 20.0, "tandvard_BICYCLE": 5.0, "tandvard_CAR": 5.0, "tandvard_TRANSIT": 14.0, "tandvard_TRANSIT50": 16.0, "tandvard_WALK": 16.0, "vardcentral_BICYCLE": 6.0, "vardcentral_CAR": 5.0, "vardcentral_TRANSIT": 15.0, "vardcentral_TRANSIT50": 17.0, "vardcentral_WALK": 17.0, "v15_BICYCLE": 6.0, "v15_WALK": 3.9, "namn": "Kungsbacka (Hålabäck-Hammerö)" }, "geometry": { "type": "Polygon", "coordinates": [ [ [ 12.10053, 57.48281 ], [ 12.10599, 57.48099 ], [ 12.10167, 57.4773 ], [ 12.09912, 57.47908 ], [ 12.09609, 57.47792 ], [ 12.09434, 57.47991 ], [ 12.09441, 57.47911 ], [ 12.09074, 57.47827 ], [ 12.0886, 57.48017 ], [ 12.08344, 57.4774 ], [ 12.07899, 57.47647 ], [ 12.07963, 57.48649 ], [ 12.08645, 57.48804 ], [ 12.09004, 57.49067 ], [ 12.09226, 57.48878 ], [ 12.09424, 57.48869 ], [ 12.10291, 57.48471 ], [ 12.10053, 57.48281 ] ], [ [ 12.09653, 57.48399 ], [ 12.09656, 57.484 ], [ 12.10025, 57.48593 ], [ 12.09653, 57.48399 ] ], [ [ 12.09022, 57.48065 ], [ 12.09124, 57.48216 ], [ 12.09085, 57.48186 ], [ 12.09022, 57.48065 ] ], [ [ 12.09147, 57.48234 ], [ 12.09652, 57.48399 ], [ 12.09166, 57.48248 ], [ 12.09147, 57.48234 ] ] ] } },
{ "type": "Feature", "properties": { "regsokod": "1384R008", "regso": "Kungsbacka (Kungsbacka Innerstaden)", "kn": "1384", "kommun": "Kungsbacka", "pop": 5272.0, "akutsjukhus_BICYCLE": null, "akutsjukhus_CAR": 24.0, "akutsjukhus_TRANSIT": 28.0, "akutsjukhus_TRANSIT50": 37.0, "akutsjukhus_WALK": null, "apotek_BICYCLE": 2.0, "apotek_CAR": 3.0, "apotek_TRANSIT": 5.0, "apotek_TRANSIT50": 6.0, "apotek_WALK": 6.0, "bibliotek_BICYCLE": 4.0, "bibliotek_CAR": 4.0, "bibliotek_TRANSIT": 9.0, "bibliotek_TRANSIT50": 10.0, "bibliotek_WALK": 10.0, "dagligvaror_BICYCLE": 1.0, "dagligvaror_CAR": 2.0, "dagligvaror_TRANSIT": 4.0, "dagligvaror_TRANSIT50": 5.0, "dagligvaror_WALK": 5.0, "drivmedel_BICYCLE": 3.0, "drivmedel_CAR": 3.0, "drivmedel_TRANSIT": 9.0, "drivmedel_TRANSIT50": 10.0, "drivmedel_WALK": 10.0, "forskola_BICYCLE": 2.0, "forskola_CAR": 3.0, "forskola_TRANSIT": 7.0, "forskola_TRANSIT50": 7.0, "forskola_WALK": 7.0, "grundskola_79_BICYCLE": 2.0, "grundskola_79_CAR": 3.0, "grundskola_79_TRANSIT": 7.0, "grundskola_79_TRANSIT50": 8.0, "grundskola_79_WALK": 8.0, "grundskola_f6_BICYCLE": 2.0, "grundskola_f6_CAR": 3.0, "grundskola_f6_TRANSIT": 7.0, "grundskola_f6_TRANSIT50": 7.0, "grundskola_f6_WALK": 7.0, "gymnasium_BICYCLE": 2.0, "gymnasium_CAR": 4.0, "gymnasium_TRANSIT": 7.0, "gymnasium_TRANSIT50": 7.0, "gymnasium_WALK": 7.0, "hallplats_BICYCLE": 1.0, "hallplats_CAR": 0.0, "hallplats_TRANSIT": 3.0, "hallplats_TRANSIT50": 3.0, "hallplats_WALK": 3.0, "narakut_BICYCLE": 5.0, "narakut_CAR": 6.0, "narakut_TRANSIT": 12.0, "narakut_TRANSIT50": 17.0, "narakut_WALK": 17.0, "tandvard_BICYCLE": 1.0, "tandvard_CAR": 3.0, "tandvard_TRANSIT": 4.0, "tandvard_TRANSIT50": 5.0, "tandvard_WALK": 5.0, "vardcentral_BICYCLE": 2.0, "vardcentral_CAR": 4.0, "vardcentral_TRANSIT": 6.0, "vardcentral_TRANSIT50": 7.0, "vardcentral_WALK": 7.0, "v15_BICYCLE": 6.0, "v15_WALK": 6.0, "namn": "Kungsbacka (Kungsbacka Innerstaden)" }, "geometry": { "type": "Polygon", "coordinates": [ [ [ 12.07513, 57.48915 ], [ 12.07648, 57.49139 ], [ 12.07488, 57.49588 ], [ 12.08195, 57.49609 ], [ 12.08255, 57.49445 ], [ 12.08681, 57.49592 ], [ 12.08994, 57.49513 ], [ 12.08829, 57.49399 ], [ 12.08683, 57.49454 ], [ 12.08571, 57.49389 ], [ 12.09142, 57.49196 ], [ 12.08645, 57.48804 ], [ 12.07964, 57.48649 ], [ 12.07951, 57.48366 ], [ 12.07356, 57.48375 ], [ 12.07939, 57.48366 ], [ 12.07907, 57.47804 ], [ 12.07075, 57.47829 ], [ 12.06407, 57.48527 ], [ 12.0611, 57.48549 ], [ 12.06241, 57.48912 ], [ 12.07513, 57.48915 ] ], [ [ 12.07505, 57.48905 ], [ 12.07778, 57.48846 ], [ 12.07513, 57.48915 ], [ 12.07505, 57.48905 ] ] ] } },
{ "type": "Feature", "properties": { "regsokod": "1384R009", "regso": "Kungsbacka (Kungsbacka norra)", "kn": "1384", "kommun": "Kungsbacka", "pop": 5077.0, "akutsjukhus_BICYCLE": null, "akutsjukhus_CAR": 25.0, "akutsjukhus_TRANSIT": 35.0, "akutsjukhus_TRANSIT50": 46.0, "akutsjukhus_WALK": null, "apotek_BICYCLE": 6.0, "apotek_CAR": 5.0, "apotek_TRANSIT": 12.0, "apotek_TRANSIT50": 18.0, "apotek_WALK": 18.0, "bibliotek_BICYCLE": 8.0, "bibliotek_CAR": 7.0, "bibliotek_TRANSIT": 16.0, "bibliotek_TRANSIT50": 23.0, "bibliotek_WALK": 23.0, "dagligvaror_BICYCLE": 6.0, "dagligvaror_CAR": 6.0, "dagligvaror_TRANSIT": 13.0, "dagligvaror_TRANSIT50": 18.0, "dagligvaror_WALK": 18.0, "drivmedel_BICYCLE": 5.0, "drivmedel_CAR": 4.0, "drivmedel_TRANSIT": 11.0, "drivmedel_TRANSIT50": 16.0, "drivmedel_WALK": 16.0, "forskola_BICYCLE": 1.0, "forskola_CAR": 3.0, "forskola_TRANSIT": 4.0, "forskola_TRANSIT50": 4.0, "forskola_WALK": 4.0, "grundskola_79_BICYCLE": 6.0, "grundskola_79_CAR": 6.0, "grundskola_79_TRANSIT": 14.0, "grundskola_79_TRANSIT50": 19.0, "grundskola_79_WALK": 19.0, "grundskola_f6_BICYCLE": 3.0, "grundskola_f6_CAR": 4.0, "grundskola_f6_TRANSIT": 9.0, "grundskola_f6_TRANSIT50": 10.0, "grundskola_f6_WALK": 10.0, "gymnasium_BICYCLE": 6.0, "gymnasium_CAR": 6.0, "gymnasium_TRANSIT": 14.0, "gymnasium_TRANSIT50": 20.0, "gymnasium_WALK": 20.0, "hallplats_BICYCLE": 1.0, "hallplats_CAR": 1.0, "hallplats_TRANSIT": 3.0, "hallplats_TRANSIT50": 3.0, "hallplats_WALK": 3.0, "narakut_BICYCLE": 7.0, "narakut_CAR": 6.0, "narakut_TRANSIT": 16.0, "narakut_TRANSIT50": 21.0, "narakut_WALK": 22.0, "tandvard_BICYCLE": 5.0, "tandvard_CAR": 5.0, "tandvard_TRANSIT": 14.0, "tandvard_TRANSIT50": 16.0, "tandvard_WALK": 16.0, "vardcentral_BICYCLE": 5.0, "vardcentral_CAR": 5.0, "vardcentral_TRANSIT": 14.0, "vardcentral_TRANSIT50": 17.0, "vardcentral_WALK": 17.0, "v15_BICYCLE": 6.0, "v15_WALK": 2.8, "namn": "Kungsbacka (Kungsbacka norra)" }, "geometry": { "type": "Polygon", "coordinates": [ [ [ 12.11078, 57.50081 ], [ 12.11664, 57.49627 ], [ 12.11801, 57.49355 ], [ 12.11546, 57.48856 ], [ 12.116, 57.48498 ], [ 12.11201, 57.48066 ], [ 12.09052, 57.48984 ], [ 12.09142, 57.49196 ], [ 12.08571, 57.49389 ], [ 12.08683, 57.49454 ], [ 12.08829, 57.49399 ], [ 12.08994, 57.49513 ], [ 12.08681, 57.49592 ], [ 12.08255, 57.49445 ], [ 12.08195, 57.49609 ], [ 12.07489, 57.49588 ], [ 12.07505, 57.50008 ], [ 12.07291, 57.50079 ], [ 12.06901, 57.50081 ], [ 12.06527, 57.4993 ], [ 12.06316, 57.49595 ], [ 12.05376, 57.49203 ], [ 12.05374, 57.49075 ], [ 12.04624, 57.4895 ], [ 12.05185, 57.50007 ], [ 12.05222, 57.50895 ], [ 12.05919, 57.51576 ], [ 12.06907, 57.51472 ], [ 12.0719, 57.51616 ], [ 12.07841, 57.51378 ], [ 12.07779, 57.51248 ], [ 12.08367, 57.51249 ], [ 12.08341, 57.51173 ], [ 12.08368, 57.51249 ], [ 12.08901, 57.51109 ], [ 12.09237, 57.50483 ], [ 12.08977, 57.50317 ], [ 12.09058, 57.49881 ], [ 12.11035, 57.50377 ], [ 12.11078, 57.50081 ] ], [ [ 12.08121, 57.50527 ], [ 12.08106, 57.50483 ], [ 12.08093, 57.50338 ], [ 12.08121, 57.50527 ] ] ] } },
{ "type": "Feature", "properties": { "regsokod": "1384R010", "regso": "Kungsbacka (Kungsbacka södra)", "kn": "1384", "kommun": "Kungsbacka", "pop": 4730.0, "akutsjukhus_BICYCLE": null, "akutsjukhus_CAR": 26.0, "akutsjukhus_TRANSIT": 34.0, "akutsjukhus_TRANSIT50": 48.0, "akutsjukhus_WALK": null, "apotek_BICYCLE": 5.0, "apotek_CAR": 5.0, "apotek_TRANSIT": 12.0, "apotek_TRANSIT50": 16.0, "apotek_WALK": 16.0, "bibliotek_BICYCLE": 9.0, "bibliotek_CAR": 8.0, "bibliotek_TRANSIT": 13.0, "bibliotek_TRANSIT50": 22.0, "bibliotek_WALK": 26.0, "dagligvaror_BICYCLE": 3.0, "dagligvaror_CAR": 2.0, "dagligvaror_TRANSIT": 7.0, "dagligvaror_TRANSIT50": 8.0, "dagligvaror_WALK": 8.0, "drivmedel_BICYCLE": 3.0, "drivmedel_CAR": 3.0, "drivmedel_TRANSIT": 8.0, "drivmedel_TRANSIT50": 9.0, "drivmedel_WALK": 9.0, "forskola_BICYCLE": 2.0, "forskola_CAR": 2.0, "forskola_TRANSIT": 6.0, "forskola_TRANSIT50": 6.0, "forskola_WALK": 6.0, "grundskola_79_BICYCLE": 3.0, "grundskola_79_CAR": 3.0, "grundskola_79_TRANSIT": 9.0, "grundskola_79_TRANSIT50": 10.0, "grundskola_79_WALK": 10.0, "grundskola_f6_BICYCLE": 2.0, "grundskola_f6_CAR": 2.0, "grundskola_f6_TRANSIT": 7.0, "grundskola_f6_TRANSIT50": 7.0, "grundskola_f6_WALK": 7.0, "gymnasium_BICYCLE": 4.0, "gymnasium_CAR": 5.0, "gymnasium_TRANSIT": 13.0, "gymnasium_TRANSIT50": 14.0, "gymnasium_WALK": 14.0, "hallplats_BICYCLE": 1.0, "hallplats_CAR": 0.0, "hallplats_TRANSIT": 3.0, "hallplats_TRANSIT50": 3.0, "hallplats_WALK": 3.0, "narakut_BICYCLE": 11.0, "narakut_CAR": 9.0, "narakut_TRANSIT": 20.0, "narakut_TRANSIT50": 31.0, "narakut_WALK": 34.0, "tandvard_BICYCLE": 4.0, "tandvard_CAR": 4.0, "tandvard_TRANSIT": 9.0, "tandvard_TRANSIT50": 13.0, "tandvard_WALK": 13.0, "vardcentral_BICYCLE": 4.0, "vardcentral_CAR": 4.0, "vardcentral_TRANSIT": 10.0, "vardcentral_TRANSIT50": 13.0, "vardcentral_WALK": 14.0, "v15_BICYCLE": 6.0, "v15_WALK": 3.7, "namn": "Kungsbacka (Kungsbacka södra)" }, "geometry": { "type": "Polygon", "coordinates": [ [ [ 12.11201, 57.48066 ], [ 12.11045, 57.47361 ], [ 12.11282, 57.47132 ], [ 12.113, 57.46891 ], [ 12.10906, 57.46533 ], [ 12.09521, 57.46116 ], [ 12.08771, 57.46101 ], [ 12.08318, 57.46209 ], [ 12.08008, 57.46406 ], [ 12.07778, 57.47068 ], [ 12.07317, 57.46797 ], [ 12.06651, 57.46712 ], [ 12.06577, 57.46329 ], [ 12.06102, 57.46318 ], [ 12.06045, 57.46209 ], [ 12.05906, 57.46278 ], [ 12.05535, 57.4591 ], [ 12.05546, 57.45766 ], [ 12.05417, 57.45805 ], [ 12.05764, 57.47454 ], [ 12.05409, 57.48327 ], [ 12.04964, 57.48644 ], [ 12.0496, 57.48887 ], [ 12.0466, 57.48938 ], [ 12.05401, 57.49116 ], [ 12.05445, 57.48962 ], [ 12.06241, 57.48912 ], [ 12.0611, 57.48549 ], [ 12.06407, 57.48527 ], [ 12.06838, 57.47967 ], [ 12.07075, 57.47829 ], [ 12.07907, 57.47804 ], [ 12.07902, 57.47648 ], [ 12.08344, 57.4774 ], [ 12.08859, 57.48016 ], [ 12.09074, 57.47827 ], [ 12.09441, 57.47911 ], [ 12.09434, 57.47991 ], [ 12.09609, 57.47792 ], [ 12.09912, 57.47908 ], [ 12.10167, 57.4773 ], [ 12.10599, 57.48099 ], [ 12.10053, 57.48281 ], [ 12.10291, 57.48471 ], [ 12.11201, 57.48066 ] ], [ [ 12.06974, 57.46901 ], [ 12.06974, 57.46883 ], [ 12.07033, 57.46806 ], [ 12.06974, 57.46901 ] ], [ [ 12.06972, 57.46957 ], [ 12.06977, 57.46983 ], [ 12.06972, 57.46977 ], [ 12.06972, 57.46957 ] ], [ [ 12.06988, 57.46997 ], [ 12.07038, 57.47039 ], [ 12.07016, 57.4703 ], [ 12.06988, 57.46997 ] ] ] } },
{ "type": "Feature", "properties": { "regsokod": "1384R011", "regso": "Kungsbacka (Släp västra)", "kn": "1384", "kommun": "Kungsbacka", "pop": 6694.0, "akutsjukhus_BICYCLE": 59.0, "akutsjukhus_CAR": 22.0, "akutsjukhus_TRANSIT": 48.0, "akutsjukhus_TRANSIT50": 51.0, "akutsjukhus_WALK": null, "apotek_BICYCLE": 10.0, "apotek_CAR": 8.0, "apotek_TRANSIT": 21.0, "apotek_TRANSIT50": 24.0, "apotek_WALK": 32.0, "bibliotek_BICYCLE": 9.0, "bibliotek_CAR": 7.0, "bibliotek_TRANSIT": 22.0, "bibliotek_TRANSIT50": 25.0, "bibliotek_WALK": 27.0, "dagligvaror_BICYCLE": 6.0, "dagligvaror_CAR": 5.0, "dagligvaror_TRANSIT": 16.0, "dagligvaror_TRANSIT50": 18.0, "dagligvaror_WALK": 18.0, "drivmedel_BICYCLE": 10.0, "drivmedel_CAR": 8.0, "drivmedel_TRANSIT": 19.0, "drivmedel_TRANSIT50": 23.0, "drivmedel_WALK": 31.0, "forskola_BICYCLE": 5.0, "forskola_CAR": 4.0, "forskola_TRANSIT": 13.0, "forskola_TRANSIT50": 14.0, "forskola_WALK": 14.0, "grundskola_79_BICYCLE": 5.0, "grundskola_79_CAR": 4.0, "grundskola_79_TRANSIT": 13.0, "grundskola_79_TRANSIT50": 14.0, "grundskola_79_WALK": 14.0, "grundskola_f6_BICYCLE": 5.0, "grundskola_f6_CAR": 4.0, "grundskola_f6_TRANSIT": 13.0, "grundskola_f6_TRANSIT50": 14.0, "grundskola_f6_WALK": 14.0, "gymnasium_BICYCLE": 47.0, "gymnasium_CAR": 20.0, "gymnasium_TRANSIT": 40.0, "gymnasium_TRANSIT50": 47.0, "gymnasium_WALK": null, "hallplats_BICYCLE": 3.0, "hallplats_CAR": 3.0, "hallplats_TRANSIT": 10.0, "hallplats_TRANSIT50": 10.0, "hallplats_WALK": 10.0, "narakut_BICYCLE": 52.0, "narakut_CAR": 25.0, "narakut_TRANSIT": 49.0, "narakut_TRANSIT50": 54.0, "narakut_WALK": null, "tandvard_BICYCLE": 14.0, "tandvard_CAR": 8.0, "tandvard_TRANSIT": 23.0, "tandvard_TRANSIT50": 29.0, "tandvard_WALK": 38.0, "vardcentral_BICYCLE": 10.0, "vardcentral_CAR": 8.0, "vardcentral_TRANSIT": 20.0, "vardcentral_TRANSIT50": 24.0, "vardcentral_WALK": 32.0, "v15_BICYCLE": 5.4, "v15_WALK": 2.4, "namn": "Kungsbacka (Släp västra)" }, "geometry": { "type": "MultiPolygon", "coordinates": [ [ [ [ 11.89702, 57.52469 ], [ 11.89969, 57.52475 ], [ 11.89978, 57.52367 ], [ 11.89784, 57.52291 ], [ 11.89648, 57.52323 ], [ 11.89702, 57.52469 ] ] ], [ [ [ 11.90029, 57.5413 ], [ 11.89902, 57.54055 ], [ 11.89896, 57.54127 ], [ 11.90029, 57.5413 ] ] ], [ [ [ 11.89728, 57.55309 ], [ 11.89998, 57.5528 ], [ 11.90001, 57.55244 ], [ 11.89734, 57.55238 ], [ 11.89728, 57.55309 ] ] ], [ [ [ 11.89519, 57.55412 ], [ 11.89309, 57.55515 ], [ 11.89576, 57.55521 ], [ 11.89519, 57.55412 ] ] ], [ [ [ 11.87895, 57.55624 ], [ 11.88369, 57.55564 ], [ 11.87905, 57.55516 ], [ 11.87895, 57.55624 ] ] ], [ [ [ 11.89158, 57.55727 ], [ 11.88963, 57.5565 ], [ 11.88891, 57.5572 ], [ 11.89158, 57.55727 ] ] ], [ [ [ 11.90559, 57.55761 ], [ 11.90544, 57.55941 ], [ 11.90744, 57.55946 ], [ 11.90763, 57.5573 ], [ 11.90559, 57.55761 ] ] ], [ [ [ 11.89203, 57.5598 ], [ 11.88805, 57.55934 ], [ 11.88799, 57.56006 ], [ 11.8913, 57.5605 ], [ 11.89203, 57.5598 ] ] ], [ [ [ 11.93482, 57.52022 ], [ 11.93425, 57.51912 ], [ 11.93094, 57.51868 ], [ 11.93482, 57.52022 ] ] ], [ [ [ 11.93079, 57.52048 ], [ 11.92825, 57.51898 ], [ 11.92752, 57.51968 ], [ 11.93079, 57.52048 ] ] ], [ [ [ 11.92006, 57.52094 ], [ 11.9227, 57.52136 ], [ 11.92349, 57.51994 ], [ 11.92149, 57.51989 ], [ 11.92006, 57.52094 ] ] ], [ [ [ 11.96809, 57.51992 ], [ 11.97115, 57.51462 ], [ 11.97052, 57.51213 ], [ 11.96289, 57.51251 ], [ 11.96026, 57.51092 ], [ 11.96001, 57.51206 ], [ 11.9566, 57.51134 ], [ 11.95029, 57.5118 ], [ 11.94779, 57.50905 ], [ 11.94767, 57.51046 ], [ 11.94288, 57.51178 ], [ 11.94464, 57.5147 ], [ 11.93858, 57.51527 ], [ 11.93782, 57.51633 ], [ 11.93385, 57.51588 ], [ 11.93376, 57.51696 ], [ 11.93579, 57.51665 ], [ 11.94031, 57.51855 ], [ 11.94019, 57.51999 ], [ 11.93676, 57.52098 ], [ 11.93479, 57.52058 ], [ 11.93192, 57.52302 ], [ 11.92264, 57.52208 ], [ 11.92252, 57.52351 ], [ 11.92579, 57.52431 ], [ 11.92573, 57.52503 ], [ 11.9284, 57.52509 ], [ 11.93225, 57.52699 ], [ 11.93956, 57.52752 ], [ 11.93804, 57.52964 ], [ 11.93468, 57.52992 ], [ 11.93598, 57.53031 ], [ 11.93577, 57.53282 ], [ 11.93307, 57.53312 ], [ 11.9318, 57.53237 ], [ 11.93174, 57.53308 ], [ 11.92974, 57.53304 ], [ 11.92673, 57.52901 ], [ 11.92155, 57.52708 ], [ 11.91691, 57.52661 ], [ 11.91345, 57.52797 ], [ 11.91597, 57.52982 ], [ 11.91261, 57.5301 ], [ 11.91254, 57.53082 ], [ 11.91652, 57.53128 ], [ 11.91925, 57.53062 ], [ 11.91488, 57.53483 ], [ 11.91479, 57.53591 ], [ 11.91676, 57.53631 ], [ 11.91952, 57.5353 ], [ 11.91788, 57.53886 ], [ 11.91579, 57.53989 ], [ 11.91643, 57.54817 ], [ 11.9217, 57.54902 ], [ 11.92182, 57.54758 ], [ 11.92383, 57.54763 ], [ 11.92534, 57.54551 ], [ 11.92974, 57.54842 ], [ 11.92349, 57.55158 ], [ 11.92547, 57.55199 ], [ 11.92534, 57.55342 ], [ 11.92337, 57.55301 ], [ 11.92395, 57.55411 ], [ 11.91922, 57.55471 ], [ 11.91961, 57.55796 ], [ 11.92152, 57.55908 ], [ 11.92347, 57.55985 ], [ 11.93014, 57.56001 ], [ 11.93005, 57.56109 ], [ 11.92334, 57.56128 ], [ 11.92262, 57.56198 ], [ 11.92525, 57.56244 ], [ 11.94178, 57.56135 ], [ 11.94692, 57.56203 ], [ 11.95411, 57.55095 ], [ 11.94308, 57.54738 ], [ 11.93586, 57.54906 ], [ 11.93564, 57.54653 ], [ 11.93833, 57.54629 ], [ 11.93978, 57.54496 ], [ 11.93833, 57.53693 ], [ 11.94375, 57.53223 ], [ 11.94604, 57.52712 ], [ 11.95631, 57.52789 ], [ 11.95803, 57.52906 ], [ 11.9652, 57.53015 ], [ 11.96465, 57.53134 ], [ 11.96726, 57.53148 ], [ 11.96809, 57.51992 ] ] ], [ [ [ 11.90818, 57.54294 ], [ 11.91215, 57.54339 ], [ 11.91227, 57.54196 ], [ 11.909, 57.54116 ], [ 11.90818, 57.54294 ] ] ], [ [ [ 11.91102, 57.55667 ], [ 11.9116, 57.55776 ], [ 11.91363, 57.55745 ], [ 11.91369, 57.55673 ], [ 11.91102, 57.55667 ] ] ], [ [ [ 11.9126, 57.56174 ], [ 11.91253, 57.56261 ], [ 11.91486, 57.56288 ], [ 11.91394, 57.56177 ], [ 11.9126, 57.56174 ] ] ] ] } },
{ "type": "Feature", "properties": { "regsokod": "1384R012", "regso": "Kungsbacka (Släp östra)", "kn": "1384", "kommun": "Kungsbacka", "pop": 5870.0, "akutsjukhus_BICYCLE": 57.0, "akutsjukhus_CAR": 21.0, "akutsjukhus_TRANSIT": 45.0, "akutsjukhus_TRANSIT50": 48.0, "akutsjukhus_WALK": null, "apotek_BICYCLE": 10.0, "apotek_CAR": 7.0, "apotek_TRANSIT": 20.0, "apotek_TRANSIT50": 26.0, "apotek_WALK": 31.0, "bibliotek_BICYCLE": 14.0, "bibliotek_CAR": 9.0, "bibliotek_TRANSIT": 24.0, "bibliotek_TRANSIT50": 31.0, "bibliotek_WALK": 30.0, "dagligvaror_BICYCLE": 7.0, "dagligvaror_CAR": 5.0, "dagligvaror_TRANSIT": 16.0, "dagligvaror_TRANSIT50": 21.0, "dagligvaror_WALK": 22.0, "drivmedel_BICYCLE": 10.0, "drivmedel_CAR": 7.0, "drivmedel_TRANSIT": 19.0, "drivmedel_TRANSIT50": 25.0, "drivmedel_WALK": 31.0, "forskola_BICYCLE": 7.0, "forskola_CAR": 5.0, "forskola_TRANSIT": 16.0, "forskola_TRANSIT50": 20.0, "forskola_WALK": 20.0, "grundskola_79_BICYCLE": 7.0, "grundskola_79_CAR": 5.0, "grundskola_79_TRANSIT": 16.0, "grundskola_79_TRANSIT50": 20.0, "grundskola_79_WALK": 20.0, "grundskola_f6_BICYCLE": 6.0, "grundskola_f6_CAR": 4.0, "grundskola_f6_TRANSIT": 14.0, "grundskola_f6_TRANSIT50": 18.0, "grundskola_f6_WALK": 18.0, "gymnasium_BICYCLE": 42.0, "gymnasium_CAR": 17.0, "gymnasium_TRANSIT": 37.0, "gymnasium_TRANSIT50": 44.0, "gymnasium_WALK": 59.0, "hallplats_BICYCLE": 3.0, "hallplats_CAR": 2.0, "hallplats_TRANSIT": 9.0, "hallplats_TRANSIT50": 9.0, "hallplats_WALK": 9.0, "narakut_BICYCLE": 47.0, "narakut_CAR": 23.0, "narakut_TRANSIT": 45.0, "narakut_TRANSIT50": 50.0, "narakut_WALK": null, "tandvard_BICYCLE": 13.0, "tandvard_CAR": 7.0, "tandvard_TRANSIT": 22.0, "tandvard_TRANSIT50": 30.0, "tandvard_WALK": 37.0, "vardcentral_BICYCLE": 10.0, "vardcentral_CAR": 7.0, "vardcentral_TRANSIT": 19.0, "vardcentral_TRANSIT50": 25.0, "vardcentral_WALK": 31.0, "v15_BICYCLE": 5.5, "v15_WALK": 1.9, "namn": "Kungsbacka (Släp östra)" }, "geometry": { "type": "MultiPolygon", "coordinates": [ [ [ [ 11.91518, 57.50751 ], [ 11.91512, 57.50823 ], [ 11.91315, 57.50782 ], [ 11.91303, 57.50926 ], [ 11.91846, 57.50831 ], [ 11.91518, 57.50751 ] ] ], [ [ [ 11.924, 57.51384 ], [ 11.92324, 57.5149 ], [ 11.92452, 57.51565 ], [ 11.92724, 57.515 ], [ 11.9267, 57.51355 ], [ 11.924, 57.51384 ] ] ], [ [ [ 11.95029, 57.5118 ], [ 11.96001, 57.51206 ], [ 11.96026, 57.51092 ], [ 11.96289, 57.51251 ], [ 11.9673, 57.51264 ], [ 11.96842, 57.5118 ], [ 11.97133, 57.51282 ], [ 11.96748, 57.52125 ], [ 11.96726, 57.53148 ], [ 11.96465, 57.53134 ], [ 11.9652, 57.53015 ], [ 11.95803, 57.52906 ], [ 11.95631, 57.52789 ], [ 11.94604, 57.52712 ], [ 11.94375, 57.53223 ], [ 11.93841, 57.53673 ], [ 11.93864, 57.54378 ], [ 11.94126, 57.54562 ], [ 11.93978, 57.54496 ], [ 11.93833, 57.54629 ], [ 11.93564, 57.54653 ], [ 11.93586, 57.54907 ], [ 11.94325, 57.5474 ], [ 11.95411, 57.55095 ], [ 11.94775, 57.55934 ], [ 11.94704, 57.56195 ], [ 11.94828, 57.5626 ], [ 11.95602, 57.56305 ], [ 11.95788, 57.56399 ], [ 11.96481, 57.56212 ], [ 11.96977, 57.56385 ], [ 11.97466, 57.56302 ], [ 11.97622, 57.56165 ], [ 11.97912, 57.56401 ], [ 11.98785, 57.56506 ], [ 11.98666, 57.56263 ], [ 11.99631, 57.56012 ], [ 12.00714, 57.55216 ], [ 12.01276, 57.5457 ], [ 12.01553, 57.53939 ], [ 12.01605, 57.54047 ], [ 12.02093, 57.54075 ], [ 12.01721, 57.53687 ], [ 12.01736, 57.53403 ], [ 12.01578, 57.53345 ], [ 12.01779, 57.53334 ], [ 12.01981, 57.52722 ], [ 12.02368, 57.49805 ], [ 12.01545, 57.49581 ], [ 12.01599, 57.49527 ], [ 12.01257, 57.49531 ], [ 12.01273, 57.49396 ], [ 12.01132, 57.49374 ], [ 12.00509, 57.49372 ], [ 12.00098, 57.4952 ], [ 12.00074, 57.49672 ], [ 11.99824, 57.497 ], [ 11.99827, 57.49636 ], [ 11.99475, 57.4959 ], [ 11.98272, 57.49527 ], [ 11.98067, 57.49669 ], [ 11.97108, 57.49621 ], [ 11.9675, 57.49692 ], [ 11.96698, 57.49511 ], [ 11.96365, 57.49503 ], [ 11.96292, 57.49573 ], [ 11.95895, 57.49527 ], [ 11.95411, 57.49732 ], [ 11.95402, 57.49839 ], [ 11.95602, 57.49844 ], [ 11.95514, 57.50094 ], [ 11.95105, 57.50192 ], [ 11.95272, 57.50591 ], [ 11.95075, 57.5055 ], [ 11.94966, 57.5026 ], [ 11.94639, 57.5018 ], [ 11.9403, 57.50273 ], [ 11.93906, 57.50162 ], [ 11.93312, 57.50076 ], [ 11.93366, 57.50221 ], [ 11.92906, 57.50138 ], [ 11.92633, 57.50203 ], [ 11.92312, 57.50052 ], [ 11.91976, 57.50079 ], [ 11.9203, 57.50225 ], [ 11.91699, 57.50252 ], [ 11.92357, 57.50305 ], [ 11.91939, 57.5051 ], [ 11.91921, 57.50725 ], [ 11.92245, 57.50841 ], [ 11.92294, 57.51058 ], [ 11.92573, 57.50921 ], [ 11.92839, 57.50927 ], [ 11.93027, 57.51076 ], [ 11.93491, 57.51123 ], [ 11.93973, 57.50955 ], [ 11.94648, 57.50864 ], [ 11.95029, 57.5118 ] ], [ [ 11.96886, 57.54513 ], [ 11.96887, 57.54491 ], [ 11.96888, 57.54496 ], [ 11.96886, 57.54513 ] ], [ [ 11.96854, 57.54775 ], [ 11.96841, 57.54803 ], [ 11.96858, 57.54741 ], [ 11.96854, 57.54775 ] ], [ [ 11.96375, 57.55833 ], [ 11.96377, 57.55809 ], [ 11.96382, 57.55798 ], [ 11.96375, 57.55833 ] ] ] ] } },
{ "type": "Feature", "properties": { "regsokod": "1384R013", "regso": "Kungsbacka (Tingberget)", "kn": "1384", "kommun": "Kungsbacka", "pop": 3581.0, "akutsjukhus_BICYCLE": null, "akutsjukhus_CAR": 24.0, "akutsjukhus_TRANSIT": 33.0, "akutsjukhus_TRANSIT50": 42.0, "akutsjukhus_WALK": null, "apotek_BICYCLE": 4.0, "apotek_CAR": 5.0, "apotek_TRANSIT": 10.0, "apotek_TRANSIT50": 11.0, "apotek_WALK": 11.0, "bibliotek_BICYCLE": 5.0, "bibliotek_CAR": 6.0, "bibliotek_TRANSIT": 10.0, "bibliotek_TRANSIT50": 12.0, "bibliotek_WALK": 12.0, "dagligvaror_BICYCLE": 4.0, "dagligvaror_CAR": 6.0, "dagligvaror_TRANSIT": 10.0, "dagligvaror_TRANSIT50": 11.0, "dagligvaror_WALK": 11.0, "drivmedel_BICYCLE": 6.0, "drivmedel_CAR": 5.0, "drivmedel_TRANSIT": 11.0, "drivmedel_TRANSIT50": 17.0, "drivmedel_WALK": 17.0, "forskola_BICYCLE": 2.0, "forskola_CAR": 3.0, "forskola_TRANSIT": 6.0, "forskola_TRANSIT50": 6.0, "forskola_WALK": 6.0, "grundskola_79_BICYCLE": 4.0, "grundskola_79_CAR": 6.0, "grundskola_79_TRANSIT": 11.0, "grundskola_79_TRANSIT50": 11.0, "grundskola_79_WALK": 11.0, "grundskola_f6_BICYCLE": 3.0, "grundskola_f6_CAR": 4.0, "grundskola_f6_TRANSIT": 8.0, "grundskola_f6_TRANSIT50": 8.0, "grundskola_f6_WALK": 8.0, "gymnasium_BICYCLE": 4.0, "gymnasium_CAR": 6.0, "gymnasium_TRANSIT": 10.0, "gymnasium_TRANSIT50": 10.0, "gymnasium_WALK": 10.0, "hallplats_BICYCLE": 2.0, "hallplats_CAR": 1.0, "hallplats_TRANSIT": 4.0, "hallplats_TRANSIT50": 4.0, "hallplats_WALK": 4.0, "narakut_BICYCLE": 9.0, "narakut_CAR": 8.0, "narakut_TRANSIT": 19.0, "narakut_TRANSIT50": 27.0, "narakut_WALK": 28.0, "tandvard_BICYCLE": 3.0, "tandvard_CAR": 5.0, "tandvard_TRANSIT": 9.0, "tandvard_TRANSIT50": 9.0, "tandvard_WALK": 9.0, "vardcentral_BICYCLE": 4.0, "vardcentral_CAR": 5.0, "vardcentral_TRANSIT": 11.0, "vardcentral_TRANSIT50": 12.0, "vardcentral_WALK": 12.0, "v15_BICYCLE": 6.0, "v15_WALK": 5.5, "namn": "Kungsbacka (Tingberget)" }, "geometry": { "type": "Polygon", "coordinates": [ [ [ 12.07648, 57.49139 ], [ 12.07513, 57.48915 ], [ 12.06526, 57.48902 ], [ 12.05445, 57.48962 ], [ 12.05376, 57.49203 ], [ 12.06052, 57.49427 ], [ 12.06316, 57.49595 ], [ 12.0637, 57.49824 ], [ 12.06824, 57.50057 ], [ 12.07291, 57.50079 ], [ 12.07505, 57.50008 ], [ 12.07648, 57.49139 ] ], [ [ 12.06562, 57.49415 ], [ 12.06556, 57.49407 ], [ 12.06729, 57.49404 ], [ 12.06562, 57.49415 ] ] ] } },
{ "type": "Feature", "properties": { "regsokod": "1384R014", "regso": "Kungsbacka (Vallda)", "kn": "1384", "kommun": "Kungsbacka", "pop": 7462.0, "akutsjukhus_BICYCLE": null, "akutsjukhus_CAR": 29.0, "akutsjukhus_TRANSIT": 48.0, "akutsjukhus_TRANSIT50": 56.0, "akutsjukhus_WALK": null, "apotek_BICYCLE": 26.0, "apotek_CAR": 13.0, "apotek_TRANSIT": 29.0, "apotek_TRANSIT50": 44.0, "apotek_WALK": 49.0, "bibliotek_BICYCLE": 27.0, "bibliotek_CAR": 14.0, "bibliotek_TRANSIT": 26.0, "bibliotek_TRANSIT50": 41.0, "bibliotek_WALK": 48.0, "dagligvaror_BICYCLE": 12.0, "dagligvaror_CAR": 7.0, "dagligvaror_TRANSIT": 22.0, "dagligvaror_TRANSIT50": 30.0, "dagligvaror_WALK": 30.0, "drivmedel_BICYCLE": 24.0, "drivmedel_CAR": 10.0, "drivmedel_TRANSIT": 31.0, "drivmedel_TRANSIT50": 45.0, "drivmedel_WALK": 49.0, "forskola_BICYCLE": 6.0, "forskola_CAR": 4.0, "forskola_TRANSIT": 14.0, "forskola_TRANSIT50": 19.0, "forskola_WALK": 19.0, "grundskola_79_BICYCLE": 24.0, "grundskola_79_CAR": 13.0, "grundskola_79_TRANSIT": 26.0, "grundskola_79_TRANSIT50": 41.0, "grundskola_79_WALK": 45.0, "grundskola_f6_BICYCLE": 11.0, "grundskola_f6_CAR": 6.0, "grundskola_f6_TRANSIT": 18.0, "grundskola_f6_TRANSIT50": 29.0, "grundskola_f6_WALK": 30.0, "gymnasium_BICYCLE": 31.0, "gymnasium_CAR": 17.0, "gymnasium_TRANSIT": 32.0, "gymnasium_TRANSIT50": 46.0, "gymnasium_WALK": 46.0, "hallplats_BICYCLE": 3.0, "hallplats_CAR": 2.0, "hallplats_TRANSIT": 9.0, "hallplats_TRANSIT50": 9.0, "hallplats_WALK": 9.0, "narakut_BICYCLE": 35.0, "narakut_CAR": 21.0, "narakut_TRANSIT": 37.0, "narakut_TRANSIT50": 49.0, "narakut_WALK": 48.0, "tandvard_BICYCLE": 26.0, "tandvard_CAR": 12.0, "tandvard_TRANSIT": 28.0, "tandvard_TRANSIT50": 43.0, "tandvard_WALK": 47.0, "vardcentral_BICYCLE": 14.0, "vardcentral_CAR": 7.0, "vardcentral_TRANSIT": 22.0, "vardcentral_TRANSIT50": 33.0, "vardcentral_WALK": 32.0, "v15_BICYCLE": 3.2, "v15_WALK": 1.3, "namn": "Kungsbacka (Vallda)" }, "geometry": { "type": "MultiPolygon", "coordinates": [ [ [ [ 11.8287, 57.41872 ], [ 11.82737, 57.41868 ], [ 11.82674, 57.41831 ], [ 11.82668, 57.41903 ], [ 11.8287, 57.41872 ] ] ], [ [ [ 11.83121, 57.42058 ], [ 11.83269, 57.41882 ], [ 11.83136, 57.41878 ], [ 11.83121, 57.42058 ] ] ], [ [ [ 11.90027, 57.43129 ], [ 11.89819, 57.43231 ], [ 11.89489, 57.43187 ], [ 11.8948, 57.43295 ], [ 11.90012, 57.43308 ], [ 11.90027, 57.43129 ] ] ], [ [ [ 11.88461, 57.43521 ], [ 11.88682, 57.43275 ], [ 11.88419, 57.43233 ], [ 11.88461, 57.43521 ] ] ], [ [ [ 11.89302, 57.4854 ], [ 11.8909, 57.48678 ], [ 11.89423, 57.48687 ], [ 11.89302, 57.4854 ] ] ], [ [ [ 11.8905, 57.49145 ], [ 11.89456, 57.49083 ], [ 11.89465, 57.48975 ], [ 11.89129, 57.49003 ], [ 11.8905, 57.49145 ] ] ], [ [ [ 11.88583, 57.49133 ], [ 11.8898, 57.49179 ], [ 11.88986, 57.49107 ], [ 11.88786, 57.49102 ], [ 11.88865, 57.4896 ], [ 11.88665, 57.48956 ], [ 11.88583, 57.49133 ] ] ], [ [ [ 11.88977, 57.50006 ], [ 11.88777, 57.50001 ], [ 11.88764, 57.50144 ], [ 11.88967, 57.50113 ], [ 11.88977, 57.50006 ] ] ], [ [ [ 11.87092, 57.50175 ], [ 11.87295, 57.50144 ], [ 11.87098, 57.50103 ], [ 11.87092, 57.50175 ] ] ], [ [ [ 11.89336, 57.51273 ], [ 11.89618, 57.511 ], [ 11.89485, 57.51097 ], [ 11.89336, 57.51273 ] ] ], [ [ [ 11.90121, 57.51472 ], [ 11.90258, 57.5144 ], [ 11.90264, 57.51368 ], [ 11.90121, 57.51472 ] ] ], [ [ [ 11.88324, 57.51392 ], [ 11.88385, 57.51465 ], [ 11.88518, 57.51469 ], [ 11.88457, 57.51395 ], [ 11.88324, 57.51392 ] ] ], [ [ [ 11.89903, 57.51683 ], [ 11.90033, 57.51722 ], [ 11.90173, 57.51653 ], [ 11.89976, 57.51612 ], [ 11.89903, 57.51683 ] ] ], [ [ [ 11.87597, 57.51302 ], [ 11.87051, 57.51432 ], [ 11.86972, 57.51574 ], [ 11.87172, 57.51579 ], [ 11.87033, 57.51648 ], [ 11.87093, 57.51721 ], [ 11.87296, 57.5169 ], [ 11.87287, 57.51798 ], [ 11.87754, 57.51809 ], [ 11.87608, 57.51949 ], [ 11.87408, 57.51945 ], [ 11.87466, 57.52054 ], [ 11.87666, 57.52059 ], [ 11.87875, 57.51956 ], [ 11.87748, 57.51881 ], [ 11.87948, 57.51886 ], [ 11.8796, 57.51742 ], [ 11.8823, 57.51713 ], [ 11.88245, 57.51534 ], [ 11.87785, 57.5145 ], [ 11.87597, 57.51302 ] ] ], [ [ [ 11.9179, 57.42776 ], [ 11.91458, 57.42768 ], [ 11.91451, 57.4284 ], [ 11.91718, 57.42847 ], [ 11.91642, 57.42953 ], [ 11.91902, 57.43031 ], [ 11.9179, 57.42776 ] ] ], [ [ [ 11.90311, 57.43711 ], [ 11.90438, 57.43786 ], [ 11.90444, 57.43714 ], [ 11.90311, 57.43711 ] ] ], [ [ [ 11.90517, 57.44435 ], [ 11.90641, 57.44546 ], [ 11.9065, 57.44438 ], [ 11.90517, 57.44435 ] ] ], [ [ [ 11.90353, 57.44791 ], [ 11.90574, 57.44544 ], [ 11.90375, 57.44539 ], [ 11.90353, 57.44791 ] ] ], [ [ [ 11.90544, 57.45694 ], [ 11.90744, 57.45699 ], [ 11.9075, 57.45627 ], [ 11.9055, 57.45622 ], [ 11.90544, 57.45694 ] ] ], [ [ [ 11.99827, 57.49636 ], [ 11.99824, 57.497 ], [ 12.00074, 57.49672 ], [ 12.00169, 57.49477 ], [ 12.00509, 57.49372 ], [ 12.01817, 57.49323 ], [ 12.02661, 57.49301 ], [ 12.03084, 57.49544 ], [ 12.0496, 57.48887 ], [ 12.04964, 57.48644 ], [ 12.05409, 57.48327 ], [ 12.05764, 57.47454 ], [ 12.05674, 57.47018 ], [ 12.0534, 57.4711 ], [ 12.04804, 57.46702 ], [ 12.048, 57.46565 ], [ 12.03535, 57.46311 ], [ 12.03925, 57.45903 ], [ 12.03583, 57.45822 ], [ 12.03746, 57.45628 ], [ 12.03541, 57.45574 ], [ 12.03715, 57.45409 ], [ 12.03569, 57.45212 ], [ 12.03853, 57.44864 ], [ 12.03306, 57.4473 ], [ 12.03494, 57.44517 ], [ 12.01403, 57.43818 ], [ 11.98355, 57.43348 ], [ 11.98225, 57.43488 ], [ 11.97862, 57.43374 ], [ 11.97936, 57.43287 ], [ 11.97485, 57.43083 ], [ 11.97107, 57.43153 ], [ 11.96368, 57.42883 ], [ 11.95383, 57.43182 ], [ 11.9266, 57.43096 ], [ 11.92238, 57.43003 ], [ 11.92165, 57.43073 ], [ 11.91902, 57.43031 ], [ 11.91947, 57.43284 ], [ 11.91684, 57.43241 ], [ 11.91672, 57.43385 ], [ 11.91406, 57.43378 ], [ 11.91418, 57.43235 ], [ 11.90956, 57.43187 ], [ 11.90883, 57.43258 ], [ 11.90617, 57.43251 ], [ 11.90877, 57.43329 ], [ 11.90605, 57.43395 ], [ 11.90571, 57.43789 ], [ 11.90771, 57.43794 ], [ 11.90762, 57.43902 ], [ 11.90351, 57.44035 ], [ 11.90602, 57.44221 ], [ 11.90323, 57.44358 ], [ 11.90593, 57.44329 ], [ 11.90877, 57.4412 ], [ 11.91273, 57.44166 ], [ 11.91391, 57.44349 ], [ 11.91219, 57.44812 ], [ 11.9101, 57.44915 ], [ 11.90952, 57.45596 ], [ 11.91225, 57.45531 ], [ 11.91249, 57.45244 ], [ 11.91585, 57.45216 ], [ 11.91763, 57.45472 ], [ 11.91488, 57.45573 ], [ 11.91406, 57.45751 ], [ 11.92017, 57.45622 ], [ 11.92008, 57.4573 ], [ 11.91806, 57.45761 ], [ 11.91784, 57.46012 ], [ 11.91521, 57.4597 ], [ 11.91433, 57.46219 ], [ 11.9088, 57.46457 ], [ 11.91137, 57.46571 ], [ 11.91176, 57.46896 ], [ 11.91506, 57.4694 ], [ 11.91785, 57.46803 ], [ 11.9203, 57.47061 ], [ 11.92305, 57.4696 ], [ 11.92217, 57.47209 ], [ 11.92414, 57.4725 ], [ 11.92487, 57.4718 ], [ 11.9282, 57.47188 ], [ 11.93107, 57.46943 ], [ 11.93713, 57.46886 ], [ 11.93752, 57.47211 ], [ 11.93888, 57.47178 ], [ 11.93876, 57.47321 ], [ 11.93598, 57.47458 ], [ 11.93795, 57.47499 ], [ 11.93849, 57.47644 ], [ 11.93577, 57.4771 ], [ 11.93498, 57.47852 ], [ 11.92769, 57.47798 ], [ 11.9226, 57.47498 ], [ 11.91727, 57.47485 ], [ 11.91582, 57.47625 ], [ 11.91312, 57.47654 ], [ 11.91306, 57.47726 ], [ 11.91506, 57.47731 ], [ 11.91367, 57.478 ], [ 11.91567, 57.47804 ], [ 11.91691, 57.47915 ], [ 11.921, 57.47817 ], [ 11.91948, 57.48029 ], [ 11.92142, 57.48106 ], [ 11.9186, 57.48279 ], [ 11.91664, 57.48238 ], [ 11.91673, 57.48131 ], [ 11.90997, 57.48222 ], [ 11.90916, 57.484 ], [ 11.90716, 57.48395 ], [ 11.90573, 57.48499 ], [ 11.90561, 57.48643 ], [ 11.91164, 57.48621 ], [ 11.91515, 57.48414 ], [ 11.91785, 57.48385 ], [ 11.917, 57.48599 ], [ 11.91497, 57.4863 ], [ 11.91206, 57.4891 ], [ 11.92684, 57.48802 ], [ 11.92796, 57.49057 ], [ 11.93142, 57.48921 ], [ 11.93226, 57.48708 ], [ 11.93644, 57.48502 ], [ 11.94392, 57.48341 ], [ 11.94452, 57.48414 ], [ 11.94789, 57.48386 ], [ 11.95089, 57.48789 ], [ 11.95289, 57.48794 ], [ 11.95128, 57.49113 ], [ 11.95262, 57.49117 ], [ 11.9525, 57.4926 ], [ 11.96649, 57.49294 ], [ 11.96819, 57.49662 ], [ 11.9794, 57.49682 ], [ 11.98272, 57.49527 ], [ 11.99827, 57.49636 ] ], [ [ 11.94475, 57.47035 ], [ 11.94478, 57.47039 ], [ 11.93767, 57.47038 ], [ 11.94475, 57.47035 ] ], [ [ 11.97323, 57.45524 ], [ 11.96893, 57.45378 ], [ 11.96871, 57.4536 ], [ 11.97323, 57.45524 ] ], [ [ 11.97606, 57.45665 ], [ 11.97507, 57.45591 ], [ 11.97515, 57.45594 ], [ 11.97606, 57.45665 ] ], [ [ 11.97738, 57.45836 ], [ 11.97711, 57.45803 ], [ 11.97606, 57.45665 ], [ 11.97738, 57.45836 ] ], [ [ 11.97862, 57.45937 ], [ 11.97781, 57.45889 ], [ 11.97775, 57.45881 ], [ 11.97862, 57.45937 ] ], [ [ 11.99142, 57.46307 ], [ 11.99249, 57.46377 ], [ 11.99085, 57.46287 ], [ 11.99142, 57.46307 ] ], [ [ 11.99636, 57.46629 ], [ 11.99782, 57.46755 ], [ 11.99508, 57.46546 ], [ 11.99636, 57.46629 ] ], [ [ 11.96762, 57.46978 ], [ 11.97056, 57.46958 ], [ 11.95974, 57.4704 ], [ 11.96762, 57.46978 ] ], [ [ 12.00041, 57.47042 ], [ 11.99868, 57.46829 ], [ 11.99919, 57.46872 ], [ 12.00041, 57.47042 ] ], [ [ 12.00121, 57.47275 ], [ 12.00118, 57.47289 ], [ 12.00041, 57.47042 ], [ 12.00121, 57.47275 ] ], [ [ 12.00039, 57.47741 ], [ 12.00031, 57.47715 ], [ 12.00087, 57.47471 ], [ 12.00039, 57.47741 ] ], [ [ 12.00272, 57.47925 ], [ 12.00044, 57.47757 ], [ 12.00042, 57.47751 ], [ 12.00272, 57.47925 ] ], [ [ 12.0043, 57.48024 ], [ 12.00365, 57.47993 ], [ 12.00359, 57.47988 ], [ 12.0043, 57.48024 ] ], [ [ 12.00722, 57.48169 ], [ 12.0086, 57.48296 ], [ 12.00863, 57.48319 ], [ 12.00722, 57.48169 ] ], [ [ 12.0087, 57.48374 ], [ 12.00847, 57.48346 ], [ 12.00865, 57.48335 ], [ 12.0087, 57.48374 ] ], [ [ 12.00176, 57.48639 ], [ 12.00363, 57.4856 ], [ 12.00415, 57.48548 ], [ 12.00176, 57.48639 ] ] ], [ [ [ 11.91769, 57.46982 ], [ 11.91561, 57.47085 ], [ 11.91485, 57.47191 ], [ 11.9183, 57.47056 ], [ 11.91769, 57.46982 ] ] ], [ [ [ 11.91091, 57.4711 ], [ 11.90898, 57.47033 ], [ 11.90819, 57.47175 ], [ 11.91016, 57.47216 ], [ 11.91091, 57.4711 ] ] ], [ [ [ 11.91249, 57.47617 ], [ 11.90976, 57.47682 ], [ 11.9097, 57.47754 ], [ 11.91249, 57.47617 ] ] ], [ [ [ 11.93399, 57.49036 ], [ 11.93932, 57.49049 ], [ 11.94008, 57.48943 ], [ 11.93617, 57.48825 ], [ 11.93399, 57.49036 ] ] ], [ [ [ 11.94595, 57.49101 ], [ 11.94386, 57.49203 ], [ 11.94656, 57.49174 ], [ 11.94595, 57.49101 ] ] ], [ [ [ 11.92642, 57.49305 ], [ 11.92775, 57.49308 ], [ 11.92784, 57.492 ], [ 11.92651, 57.49197 ], [ 11.92642, 57.49305 ] ] ], [ [ [ 11.90539, 57.51267 ], [ 11.9093, 57.51384 ], [ 11.90961, 57.51025 ], [ 11.90773, 57.50877 ], [ 11.90443, 57.50833 ], [ 11.90224, 57.51043 ], [ 11.90618, 57.51125 ], [ 11.90539, 57.51267 ] ] ], [ [ [ 11.90148, 57.5194 ], [ 11.90351, 57.51909 ], [ 11.90291, 57.51836 ], [ 11.90091, 57.51831 ], [ 11.90148, 57.5194 ] ] ] ] } },
{ "type": "Feature", "properties": { "regsokod": "1384R015", "regso": "Kungsbacka (Västra Onsala)", "kn": "1384", "kommun": "Kungsbacka", "pop": 6836.0, "akutsjukhus_BICYCLE": null, "akutsjukhus_CAR": 36.0, "akutsjukhus_TRANSIT": 56.0, "akutsjukhus_TRANSIT50": null, "akutsjukhus_WALK": null, "apotek_BICYCLE": 17.0, "apotek_CAR": 9.0, "apotek_TRANSIT": 31.0, "apotek_TRANSIT50": 38.0, "apotek_WALK": 38.0, "bibliotek_BICYCLE": 17.0, "bibliotek_CAR": 9.0, "bibliotek_TRANSIT": 29.0, "bibliotek_TRANSIT50": 37.0, "bibliotek_WALK": 40.0, "dagligvaror_BICYCLE": 17.0, "dagligvaror_CAR": 9.0, "dagligvaror_TRANSIT": 28.0, "dagligvaror_TRANSIT50": 35.0, "dagligvaror_WALK": 39.0, "drivmedel_BICYCLE": 12.0, "drivmedel_CAR": 6.0, "drivmedel_TRANSIT": 24.0, "drivmedel_TRANSIT50": 31.0, "drivmedel_WALK": 35.0, "forskola_BICYCLE": 8.0, "forskola_CAR": 5.0, "forskola_TRANSIT": 20.0, "forskola_TRANSIT50": 21.0, "forskola_WALK": 21.0, "grundskola_79_BICYCLE": 13.0, "grundskola_79_CAR": 7.0, "grundskola_79_TRANSIT": 25.0, "grundskola_79_TRANSIT50": 31.0, "grundskola_79_WALK": 29.0, "grundskola_f6_BICYCLE": 8.0, "grundskola_f6_CAR": 6.0, "grundskola_f6_TRANSIT": 20.0, "grundskola_f6_TRANSIT50": 22.0, "grundskola_f6_WALK": 23.0, "gymnasium_BICYCLE": 49.0, "gymnasium_CAR": 22.0, "gymnasium_TRANSIT": 45.0, "gymnasium_TRANSIT50": 51.0, "gymnasium_WALK": null, "hallplats_BICYCLE": 6.0, "hallplats_CAR": 3.0, "hallplats_TRANSIT": 18.0, "hallplats_TRANSIT50": 18.0, "hallplats_WALK": 18.0, "narakut_BICYCLE": 53.0, "narakut_CAR": 27.0, "narakut_TRANSIT": 47.0, "narakut_TRANSIT50": 54.0, "narakut_WALK": null, "tandvard_BICYCLE": 16.0, "tandvard_CAR": 9.0, "tandvard_TRANSIT": 31.0, "tandvard_TRANSIT50": 38.0, "tandvard_WALK": 39.0, "vardcentral_BICYCLE": 16.0, "vardcentral_CAR": 8.0, "vardcentral_TRANSIT": 31.0, "vardcentral_TRANSIT50": 37.0, "vardcentral_WALK": 40.0, "v15_BICYCLE": 3.5, "v15_WALK": 1.0, "namn": "Kungsbacka (Västra Onsala)" }, "geometry": { "type": "MultiPolygon", "coordinates": [ [ [ [ 11.89787, 57.30215 ], [ 11.89971, 57.304 ], [ 11.91164, 57.30429 ], [ 11.90374, 57.30338 ], [ 11.90191, 57.30153 ], [ 11.89787, 57.30215 ] ] ], [ [ [ 11.92423, 57.36824 ], [ 11.92613, 57.36936 ], [ 11.92556, 57.36827 ], [ 11.92423, 57.36824 ] ] ], [ [ [ 11.92589, 57.37223 ], [ 11.9287, 57.3705 ], [ 11.92731, 57.37119 ], [ 11.92067, 57.37103 ], [ 11.92589, 57.37223 ] ] ], [ [ [ 11.91433, 57.37518 ], [ 11.91357, 57.37624 ], [ 11.91493, 57.37592 ], [ 11.91433, 57.37518 ] ] ], [ [ [ 11.92079, 57.3775 ], [ 11.92408, 57.37794 ], [ 11.9255, 57.3769 ], [ 11.9249, 57.37616 ], [ 11.91961, 57.37567 ], [ 11.92079, 57.3775 ] ] ], [ [ [ 11.91258, 57.38018 ], [ 11.91119, 57.38086 ], [ 11.91382, 57.38128 ], [ 11.91258, 57.38018 ] ] ], [ [ [ 11.91176, 57.38195 ], [ 11.91445, 57.38166 ], [ 11.91179, 57.38159 ], [ 11.91176, 57.38195 ] ] ], [ [ [ 11.92662, 57.38735 ], [ 11.92396, 57.38729 ], [ 11.92656, 57.38807 ], [ 11.92662, 57.38735 ] ] ], [ [ [ 11.91034, 57.39091 ], [ 11.91158, 57.39202 ], [ 11.91234, 57.39096 ], [ 11.91034, 57.39091 ] ] ], [ [ [ 11.91279, 57.40139 ], [ 11.9108, 57.40134 ], [ 11.91077, 57.4017 ], [ 11.91273, 57.40211 ], [ 11.91279, 57.40139 ] ] ], [ [ [ 11.91841, 57.40585 ], [ 11.91769, 57.40655 ], [ 11.91962, 57.40731 ], [ 11.91968, 57.4066 ], [ 11.91841, 57.40585 ] ] ], [ [ [ 11.91055, 57.41212 ], [ 11.91373, 57.414 ], [ 11.91219, 57.41648 ], [ 11.90941, 57.41785 ], [ 11.91188, 57.42007 ], [ 11.91651, 57.42054 ], [ 11.92159, 57.41563 ], [ 11.9211, 57.41346 ], [ 11.91784, 57.41266 ], [ 11.9179, 57.41194 ], [ 11.91128, 57.41142 ], [ 11.90793, 57.4117 ], [ 11.9078, 57.41314 ], [ 11.90977, 57.41354 ], [ 11.91055, 57.41212 ] ] ], [ [ [ 11.92645, 57.42114 ], [ 11.92382, 57.42072 ], [ 11.9224, 57.42176 ], [ 11.92446, 57.42109 ], [ 11.92645, 57.42114 ] ] ], [ [ [ 11.90433, 57.42276 ], [ 11.90018, 57.42445 ], [ 11.90551, 57.42458 ], [ 11.90433, 57.42276 ] ] ], [ [ [ 11.90735, 57.42643 ], [ 11.90611, 57.42532 ], [ 11.90478, 57.42529 ], [ 11.90596, 57.42711 ], [ 11.90735, 57.42643 ] ] ], [ [ [ 11.945, 57.3425 ], [ 11.94509, 57.34142 ], [ 11.94368, 57.34246 ], [ 11.93909, 57.34163 ], [ 11.93831, 57.34305 ], [ 11.94024, 57.34382 ], [ 11.94163, 57.34313 ], [ 11.9467, 57.34613 ], [ 11.94748, 57.34471 ], [ 11.95406, 57.34559 ], [ 11.96021, 57.34358 ], [ 11.96549, 57.34407 ], [ 11.96621, 57.34337 ], [ 11.96953, 57.34345 ], [ 11.96971, 57.3413 ], [ 11.97242, 57.34064 ], [ 11.97254, 57.33921 ], [ 11.97193, 57.33847 ], [ 11.96659, 57.33871 ], [ 11.9668, 57.33619 ], [ 11.96553, 57.33544 ], [ 11.96023, 57.33532 ], [ 11.95924, 57.33925 ], [ 11.95254, 57.3398 ], [ 11.95245, 57.34088 ], [ 11.95444, 57.34093 ], [ 11.95502, 57.34202 ], [ 11.95303, 57.34197 ], [ 11.95155, 57.34373 ], [ 11.94887, 57.34403 ], [ 11.945, 57.3425 ] ] ], [ [ [ 12.0043, 57.34105 ], [ 12.00298, 57.34102 ], [ 12.00286, 57.34245 ], [ 12.00422, 57.34212 ], [ 12.0043, 57.34105 ] ] ], [ [ [ 11.96845, 57.34846 ], [ 11.96585, 57.34768 ], [ 11.96839, 57.34917 ], [ 11.96845, 57.34846 ] ] ], [ [ [ 11.96484, 57.35197 ], [ 11.96224, 57.35118 ], [ 11.96082, 57.35223 ], [ 11.9624, 57.3573 ], [ 11.9652, 57.35557 ], [ 11.96484, 57.35197 ] ] ], [ [ [ 11.97597, 57.35403 ], [ 11.97335, 57.35361 ], [ 11.97326, 57.35468 ], [ 11.97522, 57.35509 ], [ 11.97597, 57.35403 ] ] ], [ [ [ 12.04098, 57.36457 ], [ 12.04279, 57.36677 ], [ 12.04251, 57.37035 ], [ 12.04383, 57.37038 ], [ 12.04629, 57.37296 ], [ 12.04831, 57.37265 ], [ 12.04973, 57.3716 ], [ 12.04941, 57.36728 ], [ 12.04643, 57.3629 ], [ 12.04242, 57.36316 ], [ 12.0423, 57.3646 ], [ 12.04098, 57.36457 ] ] ], [ [ [ 12.03988, 57.36993 ], [ 12.04118, 57.37032 ], [ 12.04132, 57.36853 ], [ 12.04002, 57.36814 ], [ 12.03988, 57.36993 ] ] ], [ [ [ 11.93123, 57.372 ], [ 11.93522, 57.3721 ], [ 11.93516, 57.37282 ], [ 11.92985, 57.37269 ], [ 11.92843, 57.37373 ], [ 11.92831, 57.37517 ], [ 11.93211, 57.37742 ], [ 11.94199, 57.37874 ], [ 11.94682, 57.3767 ], [ 11.9444, 57.37376 ], [ 11.93978, 57.37329 ], [ 11.93929, 57.37112 ], [ 11.93006, 57.37018 ], [ 11.93123, 57.372 ] ] ], [ [ [ 11.9281, 57.37768 ], [ 11.92795, 57.37947 ], [ 11.9326, 57.37959 ], [ 11.93269, 57.37851 ], [ 11.93075, 57.37774 ], [ 11.9281, 57.37768 ] ] ], [ [ [ 12.06258, 57.38556 ], [ 12.06333, 57.37623 ], [ 12.06275, 57.37514 ], [ 12.06076, 57.3751 ], [ 12.05819, 57.38223 ], [ 12.0607, 57.38408 ], [ 12.06056, 57.38588 ], [ 12.06258, 57.38556 ] ] ], [ [ [ 12.05137, 57.38422 ], [ 12.05337, 57.38427 ], [ 12.05345, 57.38319 ], [ 12.0555, 57.38252 ], [ 12.05316, 57.37851 ], [ 12.049, 57.38057 ], [ 12.04947, 57.3831 ], [ 12.04799, 57.38486 ], [ 12.05062, 57.38528 ], [ 12.05137, 57.38422 ] ] ], [ [ [ 12.01865, 57.36907 ], [ 12.01877, 57.36764 ], [ 12.01297, 57.36534 ], [ 12.01384, 57.36285 ], [ 12.00936, 57.36058 ], [ 12.0083, 57.35732 ], [ 12.01038, 57.35629 ], [ 12.00527, 57.35365 ], [ 12.00165, 57.34098 ], [ 12.0009, 57.34204 ], [ 11.99966, 57.34094 ], [ 11.99495, 57.34154 ], [ 11.99512, 57.34766 ], [ 11.99359, 57.35014 ], [ 11.9954, 57.35234 ], [ 11.99332, 57.35337 ], [ 11.99245, 57.35586 ], [ 11.99444, 57.35591 ], [ 11.99669, 57.361 ], [ 11.99931, 57.36142 ], [ 12.00104, 57.3647 ], [ 12.00361, 57.36584 ], [ 12.00349, 57.36727 ], [ 11.99905, 57.36465 ], [ 11.99181, 57.36376 ], [ 11.99259, 57.36234 ], [ 11.99141, 57.36051 ], [ 11.98881, 57.35973 ], [ 11.98968, 57.35724 ], [ 11.98844, 57.35613 ], [ 11.98515, 57.35569 ], [ 11.9837, 57.35709 ], [ 11.98558, 57.35858 ], [ 11.98419, 57.35926 ], [ 11.98609, 57.36039 ], [ 11.98531, 57.36181 ], [ 11.99048, 57.36373 ], [ 11.98975, 57.36443 ], [ 11.98643, 57.36435 ], [ 11.98635, 57.36543 ], [ 11.98964, 57.36586 ], [ 11.99454, 57.37101 ], [ 11.99255, 57.37097 ], [ 11.98877, 57.36836 ], [ 11.98611, 57.3683 ], [ 11.98645, 57.37226 ], [ 11.9831, 57.37254 ], [ 11.98195, 57.37035 ], [ 11.97684, 57.36771 ], [ 11.97419, 57.36765 ], [ 11.97395, 57.37052 ], [ 11.97262, 57.37049 ], [ 11.97219, 57.3676 ], [ 11.97367, 57.36584 ], [ 11.97234, 57.36581 ], [ 11.97246, 57.36437 ], [ 11.96929, 57.3625 ], [ 11.96944, 57.3607 ], [ 11.9669, 57.35921 ], [ 11.96415, 57.36022 ], [ 11.96291, 57.35911 ], [ 11.95893, 57.35901 ], [ 11.95992, 57.35508 ], [ 11.95877, 57.3529 ], [ 11.95204, 57.35381 ], [ 11.95244, 57.35706 ], [ 11.95495, 57.35892 ], [ 11.94761, 57.3591 ], [ 11.94487, 57.36011 ], [ 11.94345, 57.36115 ], [ 11.9446, 57.36334 ], [ 11.9405, 57.36468 ], [ 11.94023, 57.36791 ], [ 11.94539, 57.36983 ], [ 11.94614, 57.36877 ], [ 11.95019, 57.36815 ], [ 11.94938, 57.36993 ], [ 11.95312, 57.37289 ], [ 11.95511, 57.37294 ], [ 11.95436, 57.374 ], [ 11.95968, 57.37413 ], [ 11.96094, 57.37488 ], [ 11.95787, 57.37984 ], [ 11.95455, 57.37976 ], [ 11.9538, 57.38082 ], [ 11.9518, 57.38077 ], [ 11.95362, 57.38297 ], [ 11.94815, 57.38464 ], [ 11.95534, 57.38625 ], [ 11.96404, 57.38574 ], [ 11.96389, 57.38754 ], [ 11.95921, 57.38778 ], [ 11.96033, 57.39033 ], [ 11.95773, 57.38954 ], [ 11.95438, 57.38982 ], [ 11.95051, 57.38829 ], [ 11.95333, 57.39447 ], [ 11.94871, 57.394 ], [ 11.94665, 57.39467 ], [ 11.94405, 57.39389 ], [ 11.94258, 57.39565 ], [ 11.93795, 57.39518 ], [ 11.93553, 57.39224 ], [ 11.92961, 57.39138 ], [ 11.92777, 57.38954 ], [ 11.92107, 57.39009 ], [ 11.92406, 57.39412 ], [ 11.91626, 57.39177 ], [ 11.91672, 57.3943 ], [ 11.91539, 57.39427 ], [ 11.90892, 57.39195 ], [ 11.90995, 57.39557 ], [ 11.91258, 57.39599 ], [ 11.91285, 57.40068 ], [ 11.91614, 57.40112 ], [ 11.9182, 57.40045 ], [ 11.92074, 57.40195 ], [ 11.92343, 57.40165 ], [ 11.92337, 57.40237 ], [ 11.92611, 57.40136 ], [ 11.92874, 57.40178 ], [ 11.9279, 57.40392 ], [ 11.92325, 57.40381 ], [ 11.92249, 57.40487 ], [ 11.92448, 57.40492 ], [ 11.92766, 57.40679 ], [ 11.93104, 57.40615 ], [ 11.93092, 57.40759 ], [ 11.92739, 57.41002 ], [ 11.92863, 57.41113 ], [ 11.92461, 57.41139 ], [ 11.92579, 57.41322 ], [ 11.92313, 57.41315 ], [ 11.92277, 57.41746 ], [ 11.92927, 57.41941 ], [ 11.92915, 57.42085 ], [ 11.92845, 57.42119 ], [ 11.92645, 57.42114 ], [ 11.92633, 57.42258 ], [ 11.92222, 57.42392 ], [ 11.92416, 57.42468 ], [ 11.92464, 57.42685 ], [ 11.92065, 57.42675 ], [ 11.92059, 57.42747 ], [ 11.92525, 57.42758 ], [ 11.92576, 57.42939 ], [ 11.92412, 57.43043 ], [ 11.95383, 57.43182 ], [ 11.96368, 57.42883 ], [ 11.97107, 57.43153 ], [ 11.97485, 57.43083 ], [ 11.97936, 57.43287 ], [ 11.97862, 57.43374 ], [ 11.98225, 57.43488 ], [ 11.98355, 57.43348 ], [ 12.01295, 57.43794 ], [ 12.0172, 57.43153 ], [ 12.02084, 57.43254 ], [ 12.02178, 57.43198 ], [ 12.02353, 57.42913 ], [ 12.02106, 57.42841 ], [ 12.02495, 57.42597 ], [ 12.02432, 57.42525 ], [ 12.02226, 57.42628 ], [ 12.02133, 57.42573 ], [ 12.02284, 57.42211 ], [ 12.0203, 57.42021 ], [ 12.01975, 57.41794 ], [ 12.01465, 57.41842 ], [ 12.01454, 57.41477 ], [ 12.01078, 57.41502 ], [ 12.00877, 57.41326 ], [ 12.00388, 57.41402 ], [ 11.9979, 57.41164 ], [ 11.99742, 57.41277 ], [ 11.99448, 57.41167 ], [ 11.99175, 57.41238 ], [ 11.99128, 57.41105 ], [ 11.98886, 57.41083 ], [ 11.99115, 57.40971 ], [ 11.98843, 57.40863 ], [ 11.9883, 57.4096 ], [ 11.98542, 57.4097 ], [ 11.98687, 57.40869 ], [ 11.98538, 57.40748 ], [ 11.98103, 57.407 ], [ 11.98579, 57.40531 ], [ 11.99184, 57.40127 ], [ 11.99446, 57.39781 ], [ 11.99971, 57.39687 ], [ 12.00756, 57.39346 ], [ 12.01057, 57.39369 ], [ 12.01486, 57.40271 ], [ 12.01544, 57.40747 ], [ 12.02038, 57.41261 ], [ 12.02637, 57.4107 ], [ 12.02416, 57.40902 ], [ 12.0316, 57.40769 ], [ 12.02767, 57.4056 ], [ 12.02782, 57.4038 ], [ 12.02918, 57.40347 ], [ 12.02721, 57.40307 ], [ 12.02603, 57.40124 ], [ 12.01826, 57.39854 ], [ 12.01785, 57.3953 ], [ 12.02005, 57.39283 ], [ 12.02202, 57.39324 ], [ 12.02358, 57.3904 ], [ 12.02182, 57.38748 ], [ 12.02037, 57.38889 ], [ 12.01774, 57.38846 ], [ 12.01936, 57.38491 ], [ 12.01676, 57.38413 ], [ 12.01688, 57.38269 ], [ 12.02101, 57.38099 ], [ 12.02367, 57.38105 ], [ 12.02249, 57.37923 ], [ 12.02616, 57.375 ], [ 12.02289, 57.37421 ], [ 12.02304, 57.37241 ], [ 12.01911, 57.3716 ], [ 12.01998, 57.3691 ], [ 12.01865, 57.36907 ] ], [ [ 11.99975, 57.38233 ], [ 12.00072, 57.38797 ], [ 12.00018, 57.38488 ], [ 11.99975, 57.38233 ] ] ], [ [ [ 11.94952, 57.39222 ], [ 11.95024, 57.39152 ], [ 11.94317, 57.38847 ], [ 11.94052, 57.38841 ], [ 11.93907, 57.38981 ], [ 11.93777, 57.38942 ], [ 11.93895, 57.39125 ], [ 11.94363, 57.391 ], [ 11.94553, 57.39213 ], [ 11.94952, 57.39222 ] ] ], [ [ [ 12.02497, 57.38971 ], [ 12.02615, 57.39154 ], [ 12.02696, 57.38976 ], [ 12.02497, 57.38971 ] ] ], [ [ [ 11.94276, 57.3935 ], [ 11.94215, 57.39276 ], [ 11.93883, 57.39268 ], [ 11.9407, 57.39417 ], [ 11.94276, 57.3935 ] ] ] ] } },
{ "type": "Feature", "properties": { "regsokod": "1384R016", "regso": "Kungsbacka (Åsa)", "kn": "1384", "kommun": "Kungsbacka", "pop": 4742.0, "akutsjukhus_BICYCLE": null, "akutsjukhus_CAR": 35.0, "akutsjukhus_TRANSIT": 47.0, "akutsjukhus_TRANSIT50": 56.0, "akutsjukhus_WALK": null, "apotek_BICYCLE": 6.0, "apotek_CAR": 6.0, "apotek_TRANSIT": 14.0, "apotek_TRANSIT50": 18.0, "apotek_WALK": 20.0, "bibliotek_BICYCLE": 7.0, "bibliotek_CAR": 6.0, "bibliotek_TRANSIT": 13.0, "bibliotek_TRANSIT50": 19.0, "bibliotek_WALK": 22.0, "dagligvaror_BICYCLE": 5.0, "dagligvaror_CAR": 5.0, "dagligvaror_TRANSIT": 11.0, "dagligvaror_TRANSIT50": 14.0, "dagligvaror_WALK": 16.0, "drivmedel_BICYCLE": 5.0, "drivmedel_CAR": 5.0, "drivmedel_TRANSIT": 11.0, "drivmedel_TRANSIT50": 14.0, "drivmedel_WALK": 16.0, "forskola_BICYCLE": 6.0, "forskola_CAR": 5.0, "forskola_TRANSIT": 11.0, "forskola_TRANSIT50": 15.0, "forskola_WALK": 19.0, "grundskola_79_BICYCLE": 7.0, "grundskola_79_CAR": 6.0, "grundskola_79_TRANSIT": 13.0, "grundskola_79_TRANSIT50": 19.0, "grundskola_79_WALK": 22.0, "grundskola_f6_BICYCLE": 7.0, "grundskola_f6_CAR": 6.0, "grundskola_f6_TRANSIT": 13.0, "grundskola_f6_TRANSIT50": 17.0, "grundskola_f6_WALK": 20.0, "gymnasium_BICYCLE": 57.0, "gymnasium_CAR": 23.0, "gymnasium_TRANSIT": 35.0, "gymnasium_TRANSIT50": 45.0, "gymnasium_WALK": null, "hallplats_BICYCLE": 2.0, "hallplats_CAR": 2.0, "hallplats_TRANSIT": 6.0, "hallplats_TRANSIT50": 7.0, "hallplats_WALK": 7.0, "narakut_BICYCLE": null, "narakut_CAR": 27.0, "narakut_TRANSIT": 42.0, "narakut_TRANSIT50": 52.0, "narakut_WALK": null, "tandvard_BICYCLE": 4.0, "tandvard_CAR": 4.0, "tandvard_TRANSIT": 10.0, "tandvard_TRANSIT50": 13.0, "tandvard_WALK": 14.0, "vardcentral_BICYCLE": 7.0, "vardcentral_CAR": 6.0, "vardcentral_TRANSIT": 12.0, "vardcentral_TRANSIT50": 18.0, "vardcentral_WALK": 22.0, "v15_BICYCLE": 5.9, "v15_WALK": 3.3, "namn": "Kungsbacka (Åsa)" }, "geometry": { "type": "Polygon", "coordinates": [ [ [ 12.1197, 57.36441 ], [ 12.12775, 57.36457 ], [ 12.13034, 57.36689 ], [ 12.12705, 57.37049 ], [ 12.12868, 57.37445 ], [ 12.13248, 57.37684 ], [ 12.1419, 57.37999 ], [ 12.14758, 57.37984 ], [ 12.15217, 57.37832 ], [ 12.15485, 57.37581 ], [ 12.15458, 57.37133 ], [ 12.16689, 57.37352 ], [ 12.17386, 57.37196 ], [ 12.17956, 57.36786 ], [ 12.17944, 57.36454 ], [ 12.1747, 57.36127 ], [ 12.1765, 57.36052 ], [ 12.14816, 57.34011 ], [ 12.15206, 57.33818 ], [ 12.14999, 57.33741 ], [ 12.15234, 57.33565 ], [ 12.14986, 57.33428 ], [ 12.14441, 57.33496 ], [ 12.14314, 57.33313 ], [ 12.13921, 57.3334 ], [ 12.13736, 57.33156 ], [ 12.13883, 57.3298 ], [ 12.13277, 57.33074 ], [ 12.13128, 57.33286 ], [ 12.12641, 57.33563 ], [ 12.12629, 57.33706 ], [ 12.13155, 57.3379 ], [ 12.13146, 57.33898 ], [ 12.13279, 57.33901 ], [ 12.13196, 57.34115 ], [ 12.12731, 57.34104 ], [ 12.12316, 57.3431 ], [ 12.1223, 57.3456 ], [ 12.11956, 57.34662 ], [ 12.10966, 57.34567 ], [ 12.10774, 57.34469 ], [ 12.10601, 57.34671 ], [ 12.10677, 57.34831 ], [ 12.10514, 57.34881 ], [ 12.1079, 57.35638 ], [ 12.11744, 57.35759 ], [ 12.11676, 57.36016 ], [ 12.11708, 57.36353 ], [ 12.1197, 57.36441 ] ], [ [ 12.12602, 57.36339 ], [ 12.12353, 57.35951 ], [ 12.12609, 57.36349 ], [ 12.11708, 57.3631 ], [ 12.12602, 57.36339 ] ] ] } },
{ "type": "Feature", "properties": { "regsokod": "1384R017", "regso": "Kungsbacka (Ölmanäs)", "kn": "1384", "kommun": "Kungsbacka", "pop": 2057.0, "akutsjukhus_BICYCLE": null, "akutsjukhus_CAR": 37.0, "akutsjukhus_TRANSIT": 54.0, "akutsjukhus_TRANSIT50": null, "akutsjukhus_WALK": null, "apotek_BICYCLE": 8.0, "apotek_CAR": 6.0, "apotek_TRANSIT": 18.0, "apotek_TRANSIT50": 25.0, "apotek_WALK": 26.0, "bibliotek_BICYCLE": 8.0, "bibliotek_CAR": 6.0, "bibliotek_TRANSIT": 16.0, "bibliotek_TRANSIT50": 25.0, "bibliotek_WALK": 25.0, "dagligvaror_BICYCLE": 11.0, "dagligvaror_CAR": 8.0, "dagligvaror_TRANSIT": 23.0, "dagligvaror_TRANSIT50": 32.0, "dagligvaror_WALK": 33.0, "drivmedel_BICYCLE": 10.0, "drivmedel_CAR": 8.0, "drivmedel_TRANSIT": 24.0, "drivmedel_TRANSIT50": 32.0, "drivmedel_WALK": 33.0, "forskola_BICYCLE": 7.0, "forskola_CAR": 4.0, "forskola_TRANSIT": 14.0, "forskola_TRANSIT50": 21.0, "forskola_WALK": 21.0, "grundskola_79_BICYCLE": 8.0, "grundskola_79_CAR": 6.0, "grundskola_79_TRANSIT": 16.0, "grundskola_79_TRANSIT50": 25.0, "grundskola_79_WALK": 25.0, "grundskola_f6_BICYCLE": 8.0, "grundskola_f6_CAR": 6.0, "grundskola_f6_TRANSIT": 16.0, "grundskola_f6_TRANSIT50": 24.0, "grundskola_f6_WALK": 25.0, "gymnasium_BICYCLE": 57.0, "gymnasium_CAR": 23.0, "gymnasium_TRANSIT": 42.0, "gymnasium_TRANSIT50": 54.0, "gymnasium_WALK": null, "hallplats_BICYCLE": 7.0, "hallplats_CAR": 5.0, "hallplats_TRANSIT": 13.0, "hallplats_TRANSIT50": 22.0, "hallplats_WALK": 22.0, "narakut_BICYCLE": 60.0, "narakut_CAR": 26.0, "narakut_TRANSIT": 48.0, "narakut_TRANSIT50": 55.0, "narakut_WALK": null, "tandvard_BICYCLE": 8.0, "tandvard_CAR": 6.0, "tandvard_TRANSIT": 15.0, "tandvard_TRANSIT50": 25.0, "tandvard_WALK": 25.0, "vardcentral_BICYCLE": 8.0, "vardcentral_CAR": 6.0, "vardcentral_TRANSIT": 15.0, "vardcentral_TRANSIT50": 25.0, "vardcentral_WALK": 25.0, "v15_BICYCLE": 6.0, "v15_WALK": 0.7, "namn": "Kungsbacka (Ölmanäs)" }, "geometry": { "type": "MultiPolygon", "coordinates": [ [ [ [ 12.03887, 57.35768 ], [ 12.03642, 57.35511 ], [ 12.03682, 57.35836 ], [ 12.03887, 57.35768 ] ] ], [ [ [ 12.11911, 57.36927 ], [ 12.11713, 57.3651 ], [ 12.11744, 57.35759 ], [ 12.10843, 57.35663 ], [ 12.1061, 57.35241 ], [ 12.10514, 57.34881 ], [ 12.10677, 57.34831 ], [ 12.10574, 57.34743 ], [ 12.10864, 57.34169 ], [ 12.10345, 57.34013 ], [ 12.10331, 57.34193 ], [ 12.09794, 57.34252 ], [ 12.09534, 57.34174 ], [ 12.09609, 57.34068 ], [ 12.0902, 57.33947 ], [ 12.09026, 57.33875 ], [ 12.08694, 57.33867 ], [ 12.08703, 57.3376 ], [ 12.08509, 57.33683 ], [ 12.08302, 57.33786 ], [ 12.08036, 57.3378 ], [ 12.07846, 57.33668 ], [ 12.07442, 57.33731 ], [ 12.06792, 57.33536 ], [ 12.06443, 57.33743 ], [ 12.06669, 57.34252 ], [ 12.06929, 57.3433 ], [ 12.06911, 57.34545 ], [ 12.06704, 57.34648 ], [ 12.06886, 57.34868 ], [ 12.07209, 57.34983 ], [ 12.07186, 57.3527 ], [ 12.07542, 57.35818 ], [ 12.07666, 57.35929 ], [ 12.08189, 57.36049 ], [ 12.08033, 57.36333 ], [ 12.08365, 57.3634 ], [ 12.08521, 57.36883 ], [ 12.09183, 57.36935 ], [ 12.09362, 57.3719 ], [ 12.09625, 57.37232 ], [ 12.09619, 57.37304 ], [ 12.10154, 57.37281 ], [ 12.10142, 57.37424 ], [ 12.10333, 57.37536 ], [ 12.1074, 57.37438 ], [ 12.10792, 57.37619 ], [ 12.10986, 57.37695 ], [ 12.1152, 57.37671 ], [ 12.11648, 57.37746 ], [ 12.11659, 57.37603 ], [ 12.11792, 57.37606 ], [ 12.11988, 57.37646 ], [ 12.1198, 57.37754 ], [ 12.12384, 57.37691 ], [ 12.12955, 57.37857 ], [ 12.12893, 57.37608 ], [ 12.12347, 57.37337 ], [ 12.11911, 57.36927 ] ] ], [ [ [ 12.04086, 57.35773 ], [ 12.04141, 57.35918 ], [ 12.04412, 57.35853 ], [ 12.04357, 57.35708 ], [ 12.04086, 57.35773 ] ] ], [ [ [ 12.0553, 57.36023 ], [ 12.05203, 57.35943 ], [ 12.0518, 57.3623 ], [ 12.0559, 57.36923 ], [ 12.0579, 57.36928 ], [ 12.05914, 57.37038 ], [ 12.06269, 57.36759 ], [ 12.06142, 57.36684 ], [ 12.06168, 57.36361 ], [ 12.05911, 57.36247 ], [ 12.05769, 57.36352 ], [ 12.0553, 57.36023 ] ] ], [ [ [ 12.0693, 57.3681 ], [ 12.06942, 57.36667 ], [ 12.06809, 57.36664 ], [ 12.06797, 57.36807 ], [ 12.0693, 57.3681 ] ] ], [ [ [ 12.07147, 57.37427 ], [ 12.07153, 57.37355 ], [ 12.07026, 57.3728 ], [ 12.06948, 57.37422 ], [ 12.07147, 57.37427 ] ] ], [ [ [ 12.09591, 57.37663 ], [ 12.09452, 57.37732 ], [ 12.09713, 57.3781 ], [ 12.09591, 57.37663 ] ] ], [ [ [ 12.09285, 57.38159 ], [ 12.09294, 57.38052 ], [ 12.09158, 57.38084 ], [ 12.09285, 57.38159 ] ] ], [ [ [ 12.08402, 57.38391 ], [ 12.08543, 57.38286 ], [ 12.08407, 57.38319 ], [ 12.085, 57.37997 ], [ 12.0837, 57.37958 ], [ 12.08425, 57.38103 ], [ 12.08208, 57.38314 ], [ 12.08402, 57.38391 ] ] ], [ [ [ 12.07139, 57.38361 ], [ 12.07029, 57.38071 ], [ 12.06937, 57.38392 ], [ 12.07139, 57.38361 ] ] ] ] } },
{ "type": "Feature", "properties": { "regsokod": "1384R018", "regso": "Kungsbacka (Östra Onsala)", "kn": "1384", "kommun": "Kungsbacka", "pop": 8666.0, "akutsjukhus_BICYCLE": null, "akutsjukhus_CAR": 29.0, "akutsjukhus_TRANSIT": 49.0, "akutsjukhus_TRANSIT50": 56.0, "akutsjukhus_WALK": null, "apotek_BICYCLE": 10.0, "apotek_CAR": 6.0, "apotek_TRANSIT": 16.0, "apotek_TRANSIT50": 24.0, "apotek_WALK": 30.0, "bibliotek_BICYCLE": 10.0, "bibliotek_CAR": 5.0, "bibliotek_TRANSIT": 15.0, "bibliotek_TRANSIT50": 23.0, "bibliotek_WALK": 29.0, "dagligvaror_BICYCLE": 9.0, "dagligvaror_CAR": 6.0, "dagligvaror_TRANSIT": 15.0, "dagligvaror_TRANSIT50": 21.0, "dagligvaror_WALK": 27.0, "drivmedel_BICYCLE": 8.0, "drivmedel_CAR": 4.0, "drivmedel_TRANSIT": 14.0, "drivmedel_TRANSIT50": 21.0, "drivmedel_WALK": 25.0, "forskola_BICYCLE": 4.0, "forskola_CAR": 3.0, "forskola_TRANSIT": 9.0, "forskola_TRANSIT50": 12.0, "forskola_WALK": 14.0, "grundskola_79_BICYCLE": 10.0, "grundskola_79_CAR": 6.0, "grundskola_79_TRANSIT": 17.0, "grundskola_79_TRANSIT50": 24.0, "grundskola_79_WALK": 30.0, "grundskola_f6_BICYCLE": 6.0, "grundskola_f6_CAR": 4.0, "grundskola_f6_TRANSIT": 13.0, "grundskola_f6_TRANSIT50": 17.0, "grundskola_f6_WALK": 19.0, "gymnasium_BICYCLE": 31.0, "gymnasium_CAR": 14.0, "gymnasium_TRANSIT": 34.0, "gymnasium_TRANSIT50": 40.0, "gymnasium_WALK": 50.0, "hallplats_BICYCLE": 2.0, "hallplats_CAR": 1.0, "hallplats_TRANSIT": 6.0, "hallplats_TRANSIT50": 6.0, "hallplats_WALK": 6.0, "narakut_BICYCLE": 38.0, "narakut_CAR": 19.0, "narakut_TRANSIT": 37.0, "narakut_TRANSIT50": 46.0, "narakut_WALK": 58.0, "tandvard_BICYCLE": 10.0, "tandvard_CAR": 6.0, "tandvard_TRANSIT": 16.0, "tandvard_TRANSIT50": 23.0, "tandvard_WALK": 29.0, "vardcentral_BICYCLE": 9.0, "vardcentral_CAR": 5.0, "vardcentral_TRANSIT": 16.0, "vardcentral_TRANSIT50": 24.0, "vardcentral_WALK": 30.0, "v15_BICYCLE": 5.6, "v15_WALK": 2.1, "namn": "Kungsbacka (Östra Onsala)" }, "geometry": { "type": "Polygon", "coordinates": [ [ [ 12.00877, 57.41326 ], [ 12.01078, 57.41502 ], [ 12.01454, 57.41477 ], [ 12.01465, 57.41842 ], [ 12.01975, 57.41794 ], [ 12.0203, 57.42021 ], [ 12.02284, 57.42211 ], [ 12.02133, 57.42573 ], [ 12.02226, 57.42628 ], [ 12.02502, 57.4254 ], [ 12.02106, 57.42841 ], [ 12.02353, 57.42913 ], [ 12.02314, 57.4306 ], [ 12.02176, 57.43075 ], [ 12.02084, 57.43254 ], [ 12.0172, 57.43153 ], [ 12.01295, 57.43794 ], [ 12.03065, 57.4443 ], [ 12.03149, 57.44435 ], [ 12.04706, 57.44788 ], [ 12.03494, 57.44518 ], [ 12.03306, 57.4473 ], [ 12.03853, 57.44864 ], [ 12.03569, 57.45212 ], [ 12.03715, 57.45409 ], [ 12.03541, 57.45574 ], [ 12.03746, 57.45628 ], [ 12.03583, 57.45822 ], [ 12.03925, 57.45903 ], [ 12.03535, 57.46311 ], [ 12.048, 57.46565 ], [ 12.04804, 57.46702 ], [ 12.05348, 57.47106 ], [ 12.05521, 57.47032 ], [ 12.05532, 57.47095 ], [ 12.05674, 57.47018 ], [ 12.05417, 57.45805 ], [ 12.05512, 57.4537 ], [ 12.05243, 57.45399 ], [ 12.05315, 57.45329 ], [ 12.05185, 57.4529 ], [ 12.0528, 57.44933 ], [ 12.05101, 57.44677 ], [ 12.05092, 57.43958 ], [ 12.04406, 57.43367 ], [ 12.04513, 57.42866 ], [ 12.04013, 57.42458 ], [ 12.03967, 57.42206 ], [ 12.04192, 57.41887 ], [ 12.03741, 57.41697 ], [ 12.03828, 57.41447 ], [ 12.03637, 57.41335 ], [ 12.03652, 57.41156 ], [ 12.03392, 57.41078 ], [ 12.03467, 57.40972 ], [ 12.03207, 57.40894 ], [ 12.0316, 57.40769 ], [ 12.02416, 57.40902 ], [ 12.02637, 57.4107 ], [ 12.02038, 57.41261 ], [ 12.0154, 57.40735 ], [ 12.01263, 57.40867 ], [ 12.0154, 57.40734 ], [ 12.01486, 57.40271 ], [ 12.01057, 57.39369 ], [ 12.00756, 57.39346 ], [ 11.99971, 57.39687 ], [ 11.99446, 57.39781 ], [ 11.99136, 57.40161 ], [ 11.98579, 57.40531 ], [ 11.98103, 57.407 ], [ 11.98538, 57.40748 ], [ 11.98687, 57.40869 ], [ 11.98542, 57.4097 ], [ 11.9883, 57.4096 ], [ 11.98843, 57.40863 ], [ 11.99115, 57.40971 ], [ 11.98886, 57.41083 ], [ 11.99128, 57.41105 ], [ 11.99175, 57.41238 ], [ 11.99448, 57.41167 ], [ 11.99742, 57.41277 ], [ 11.9979, 57.41164 ], [ 12.00388, 57.41402 ], [ 12.00877, 57.41326 ] ], [ [ 12.03064, 57.42756 ], [ 12.03111, 57.42828 ], [ 12.03122, 57.42898 ], [ 12.03064, 57.42756 ] ], [ [ 12.03148, 57.42961 ], [ 12.03169, 57.42966 ], [ 12.03162, 57.4297 ], [ 12.03148, 57.42961 ] ], [ [ 12.03215, 57.43002 ], [ 12.03171, 57.42975 ], [ 12.03317, 57.43031 ], [ 12.03215, 57.43002 ] ], [ [ 12.04377, 57.43776 ], [ 12.04372, 57.4377 ], [ 12.04375, 57.43772 ], [ 12.04377, 57.43776 ] ], [ [ 12.04559, 57.44681 ], [ 12.04553, 57.44677 ], [ 12.04501, 57.44579 ], [ 12.04559, 57.44681 ] ] ] } }
]
}
