{
"type": "FeatureCollection",
"name": "06-trafiknara-karta",
"xy_coordinate_resolution": 1e-05,
"features": [
{ "type": "Feature", "properties": { "typ": "väg", "flodesklass": "8 000-20 000 fordon per dygn" }, "geometry": { "type": "MultiLineString", "coordinates": [ [ [ 12.26833, 57.14597 ], [ 12.26792, 57.14562 ] ], [ [ 12.26792, 57.14562 ], [ 12.26836, 57.14547 ], [ 12.26877, 57.1456 ], [ 12.26833, 57.14597 ] ], [ [ 12.95745, 56.50442 ], [ 12.95985, 56.50433 ] ], [ [ 12.04211, 57.43661 ], [ 12.03749, 57.43409 ], [ 12.03528, 57.43111 ], [ 12.03148, 57.42961 ], [ 12.03097, 57.42798 ], [ 12.02916, 57.42551 ], [ 12.02394, 57.41957 ], [ 12.02261, 57.41466 ], [ 12.02149, 57.41378 ] ], [ [ 12.02149, 57.41378 ], [ 12.02088, 57.41354 ] ], [ [ 11.99519, 57.4655 ], [ 11.99658, 57.46645 ] ], [ [ 11.99658, 57.46645 ], [ 11.99961, 57.46919 ], [ 12.00078, 57.47133 ] ], [ [ 12.00078, 57.47133 ], [ 12.00095, 57.47193 ] ], [ [ 12.00107, 57.47217 ], [ 12.0012, 57.47375 ], [ 12.00044, 57.47757 ], [ 12.00365, 57.47993 ], [ 12.00701, 57.48151 ], [ 12.00831, 57.48268 ] ], [ [ 12.00831, 57.48268 ], [ 12.00872, 57.48334 ] ], [ [ 12.05593, 57.47115 ], [ 12.05642, 57.46793 ] ], [ [ 12.05642, 57.46793 ], [ 12.05655, 57.46634 ] ], [ [ 12.05655, 57.46634 ], [ 12.05648, 57.46554 ] ], [ [ 12.05569, 57.46199 ], [ 12.05495, 57.45817 ] ], [ [ 12.05303, 57.45584 ], [ 12.05112, 57.45315 ] ], [ [ 12.04738, 57.44811 ], [ 12.04654, 57.44752 ] ], [ [ 12.04654, 57.44752 ], [ 12.04541, 57.44664 ], [ 12.04501, 57.44579 ], [ 12.04424, 57.43845 ], [ 12.04355, 57.4375 ], [ 12.04211, 57.43661 ] ], [ [ 12.50117, 56.91678 ], [ 12.49933, 56.91625 ], [ 12.497, 56.91492 ], [ 12.49458, 56.91437 ] ], [ [ 12.49458, 56.91437 ], [ 12.49147, 56.91379 ], [ 12.48731, 56.91257 ] ], [ [ 12.48074, 56.91011 ], [ 12.47853, 56.90903 ], [ 12.47586, 56.90825 ] ], [ [ 13.03327, 56.5022 ], [ 13.0342, 56.50476 ] ], [ [ 13.0342, 56.50476 ], [ 13.03618, 56.50707 ] ], [ [ 13.03618, 56.50707 ], [ 13.03639, 56.50735 ] ], [ [ 13.05021, 56.51528 ], [ 13.05078, 56.51623 ], [ 13.05192, 56.5168 ] ], [ [ 11.97545, 57.50626 ], [ 11.9737, 57.50753 ], [ 11.97259, 57.50888 ], [ 11.97114, 57.51467 ], [ 11.96945, 57.51763 ] ], [ [ 12.50814, 56.92337 ], [ 12.5086, 56.92399 ] ], [ [ 12.5086, 56.92399 ], [ 12.51371, 56.92961 ] ], [ [ 12.51703, 56.9329 ], [ 12.51778, 56.93346 ] ], [ [ 12.51778, 56.93346 ], [ 12.51794, 56.93361 ] ], [ [ 12.51794, 56.93361 ], [ 12.51917, 56.93482 ] ], [ [ 12.31585, 57.13016 ], [ 12.32069, 57.13223 ] ], [ [ 12.00878, 57.48437 ], [ 12.00565, 57.48503 ] ], [ [ 12.00565, 57.48503 ], [ 12.00205, 57.48625 ], [ 11.99854, 57.48829 ] ], [ [ 11.99854, 57.48829 ], [ 11.98631, 57.49553 ], [ 11.98467, 57.49731 ], [ 11.98211, 57.5019 ], [ 11.9805, 57.50335 ], [ 11.9784, 57.50464 ] ], [ [ 11.9784, 57.50464 ], [ 11.97545, 57.50626 ] ], [ [ 12.51708, 56.93109 ], [ 12.51571, 56.93153 ] ], [ [ 12.51571, 56.93153 ], [ 12.50682, 56.93443 ] ], [ [ 12.51889, 56.93035 ], [ 12.51912, 56.93027 ] ], [ [ 12.50995, 56.93326 ], [ 12.51561, 56.93143 ] ], [ [ 12.51561, 56.93143 ], [ 12.51889, 56.93035 ] ], [ [ 12.89112, 56.71213 ], [ 12.89953, 56.71728 ] ], [ [ 12.89009, 56.70663 ], [ 12.8902, 56.70816 ], [ 12.89156, 56.71003 ], [ 12.89125, 56.71086 ] ], [ [ 12.90648, 56.65896 ], [ 12.90518, 56.65665 ], [ 12.90306, 56.65522 ] ], [ [ 12.9068, 56.65843 ], [ 12.90677, 56.6615 ] ], [ [ 12.94148, 56.62668 ], [ 12.93918, 56.62755 ], [ 12.93704, 56.62878 ], [ 12.93193, 56.63343 ] ], [ [ 12.92107, 56.64272 ], [ 12.92239, 56.64114 ] ], [ [ 12.91707, 56.64787 ], [ 12.92107, 56.64272 ] ], [ [ 12.91239, 56.65128 ], [ 12.91481, 56.65018 ], [ 12.91707, 56.64787 ] ], [ [ 12.90883, 56.65239 ], [ 12.91239, 56.65128 ] ], [ [ 12.9226, 56.64118 ], [ 12.92128, 56.64275 ] ], [ [ 12.92128, 56.64275 ], [ 12.91727, 56.64791 ] ], [ [ 12.91727, 56.64791 ], [ 12.9153, 56.65011 ], [ 12.91243, 56.6514 ] ], [ [ 12.91243, 56.6514 ], [ 12.90904, 56.65245 ] ], [ [ 12.90888, 56.65252 ], [ 12.90714, 56.65329 ] ], [ [ 12.90698, 56.65317 ], [ 12.90883, 56.65239 ] ], [ [ 12.90517, 56.65441 ], [ 12.90509, 56.65415 ] ], [ [ 12.90509, 56.65415 ], [ 12.90505, 56.65401 ] ], [ [ 12.90505, 56.65401 ], [ 12.90476, 56.65305 ] ], [ [ 12.90648, 56.65896 ], [ 12.90517, 56.65441 ] ], [ [ 12.89953, 56.71728 ], [ 12.90249, 56.71878 ] ], [ [ 12.90249, 56.71878 ], [ 12.9026, 56.71886 ] ], [ [ 12.9026, 56.71886 ], [ 12.90692, 56.7231 ], [ 12.90991, 56.72849 ], [ 12.91434, 56.73461 ], [ 12.92052, 56.73894 ], [ 12.92696, 56.74235 ], [ 12.93083, 56.74523 ] ], [ [ 12.93083, 56.74523 ], [ 12.9404, 56.75135 ], [ 12.94227, 56.75303 ], [ 12.94309, 56.75482 ], [ 12.94322, 56.75833 ], [ 12.94406, 56.76111 ], [ 12.94854, 56.76777 ], [ 12.95156, 56.77463 ], [ 12.95786, 56.78428 ], [ 12.95867, 56.78644 ] ], [ [ 12.93193, 56.63343 ], [ 12.92435, 56.63932 ] ], [ [ 12.97552, 56.59572 ], [ 12.97306, 56.59733 ] ], [ [ 12.97306, 56.59733 ], [ 12.96121, 56.60461 ], [ 12.9567, 56.60889 ], [ 12.95538, 56.61098 ] ], [ [ 12.95538, 56.61098 ], [ 12.95525, 56.61311 ], [ 12.95657, 56.61618 ], [ 12.9567, 56.61826 ] ], [ [ 12.9567, 56.61826 ], [ 12.95549, 56.62068 ], [ 12.95276, 56.62282 ], [ 12.9504, 56.6239 ], [ 12.94148, 56.62668 ] ], [ [ 12.26792, 57.14562 ], [ 12.26764, 57.14452 ], [ 12.26387, 57.13908 ], [ 12.26148, 57.13052 ], [ 12.26119, 57.12756 ] ], [ [ 12.92248, 56.64097 ], [ 12.92276, 56.64103 ] ], [ [ 12.92276, 56.64103 ], [ 12.9226, 56.64118 ] ], [ [ 12.9226, 56.64118 ], [ 12.92239, 56.64114 ] ], [ [ 12.92239, 56.64114 ], [ 12.92248, 56.64097 ] ], [ [ 12.95034, 56.42349 ], [ 12.95292, 56.43306 ] ], [ [ 12.90179, 56.67414 ], [ 12.90268, 56.67437 ] ], [ [ 12.90268, 56.67437 ], [ 12.90959, 56.67521 ] ], [ [ 12.90268, 56.67449 ], [ 12.90178, 56.67445 ] ], [ [ 12.90956, 56.67542 ], [ 12.90268, 56.67449 ] ], [ [ 12.91934, 56.67671 ], [ 12.92582, 56.67821 ], [ 12.94012, 56.68312 ], [ 12.94766, 56.68546 ] ], [ [ 12.94766, 56.68546 ], [ 12.97086, 56.69206 ] ], [ [ 12.89616, 56.67361 ], [ 12.89696, 56.67375 ] ], [ [ 12.89696, 56.67375 ], [ 12.89991, 56.67406 ] ], [ [ 12.89991, 56.67406 ], [ 12.90123, 56.67412 ] ], [ [ 12.89705, 56.67387 ], [ 12.89621, 56.67386 ] ], [ [ 12.89987, 56.67416 ], [ 12.89705, 56.67387 ] ], [ [ 12.90121, 56.67445 ], [ 12.89987, 56.67416 ] ], [ [ 12.51499, 56.93084 ], [ 12.51522, 56.93106 ] ], [ [ 12.51522, 56.93106 ], [ 12.51561, 56.93143 ] ], [ [ 12.51561, 56.93143 ], [ 12.51571, 56.93153 ] ], [ [ 12.51571, 56.93153 ], [ 12.51627, 56.93204 ] ], [ [ 12.51499, 56.93084 ], [ 12.51399, 56.93059 ] ], [ [ 12.11184, 57.46192 ], [ 12.1047, 57.46505 ] ], [ [ 12.1047, 57.46505 ], [ 12.10055, 57.46845 ] ], [ [ 12.15191, 57.43278 ], [ 12.15431, 57.4314 ], [ 12.15526, 57.42961 ], [ 12.15657, 57.42926 ] ], [ [ 12.15529, 57.43267 ], [ 12.15312, 57.43267 ], [ 12.1482, 57.43414 ] ], [ [ 12.90714, 56.65329 ], [ 12.90787, 56.65396 ], [ 12.90807, 56.65469 ], [ 12.90663, 56.65669 ] ], [ [ 12.90694, 56.65337 ], [ 12.90509, 56.65415 ] ], [ [ 12.90509, 56.65415 ], [ 12.90404, 56.65461 ] ], [ [ 12.90404, 56.65461 ], [ 12.90347, 56.65501 ] ], [ [ 12.90664, 56.65753 ], [ 12.9068, 56.65843 ] ], [ [ 12.90399, 56.65448 ], [ 12.90505, 56.65401 ] ], [ [ 12.90505, 56.65401 ], [ 12.90677, 56.65325 ] ], [ [ 12.90302, 56.65477 ], [ 12.90399, 56.65448 ] ], [ [ 12.90663, 56.65669 ], [ 12.90664, 56.65753 ] ], [ [ 12.88916, 56.71091 ], [ 12.88823, 56.71034 ] ], [ [ 12.88985, 56.71139 ], [ 12.88916, 56.71091 ] ], [ [ 12.88993, 56.71135 ], [ 12.89042, 56.71151 ] ], [ [ 12.89042, 56.71151 ], [ 12.89036, 56.71159 ] ], [ [ 12.89036, 56.71159 ], [ 12.88999, 56.71166 ], [ 12.88979, 56.71146 ] ], [ [ 12.88979, 56.71146 ], [ 12.88985, 56.71139 ] ], [ [ 12.88985, 56.71139 ], [ 12.88993, 56.71135 ] ], [ [ 12.90956, 56.67542 ], [ 12.90959, 56.67521 ] ], [ [ 12.90959, 56.67521 ], [ 12.90996, 56.67523 ] ], [ [ 12.90996, 56.67523 ], [ 12.90988, 56.67544 ] ], [ [ 12.90988, 56.67544 ], [ 12.90956, 56.67542 ] ], [ [ 12.90714, 56.65329 ], [ 12.90694, 56.65337 ] ], [ [ 12.89036, 56.71159 ], [ 12.89112, 56.71213 ] ], [ [ 12.90904, 56.65245 ], [ 12.909, 56.65247 ] ], [ [ 12.909, 56.65247 ], [ 12.90888, 56.65252 ] ], [ [ 12.90677, 56.65325 ], [ 12.90698, 56.65317 ] ], [ [ 12.90267, 56.65493 ], [ 12.90302, 56.65477 ] ], [ [ 12.90302, 56.65477 ], [ 12.90347, 56.65501 ] ], [ [ 12.90347, 56.65501 ], [ 12.90306, 56.65522 ] ], [ [ 12.04757, 57.48894 ], [ 12.04535, 57.48881 ] ], [ [ 12.90306, 56.65522 ], [ 12.90267, 56.65493 ] ], [ [ 12.89588, 56.67361 ], [ 12.89616, 56.67361 ] ], [ [ 12.89616, 56.67361 ], [ 12.89621, 56.67386 ] ], [ [ 12.89621, 56.67386 ], [ 12.8958, 56.67384 ] ], [ [ 12.8958, 56.67384 ], [ 12.89588, 56.67361 ] ], [ [ 12.90178, 56.67445 ], [ 12.90121, 56.67445 ] ], [ [ 12.04345, 57.48842 ], [ 12.03857, 57.48705 ], [ 12.03626, 57.48682 ], [ 12.03273, 57.48682 ] ], [ [ 12.03273, 57.48682 ], [ 12.02602, 57.48694 ], [ 12.02314, 57.48676 ], [ 12.02087, 57.48634 ], [ 12.01541, 57.48471 ], [ 12.01329, 57.48437 ] ], [ [ 12.90121, 56.67445 ], [ 12.90123, 56.67412 ] ], [ [ 12.31158, 57.12832 ], [ 12.3132, 57.12902 ] ], [ [ 12.04996, 57.48913 ], [ 12.04958, 57.48897 ], [ 12.04996, 57.48913 ] ], [ [ 12.06235, 57.50887 ], [ 12.05983, 57.50893 ], [ 12.05684, 57.50938 ] ], [ [ 12.0578, 57.50911 ], [ 12.06237, 57.50877 ] ], [ [ 12.05706, 57.4733 ], [ 12.05783, 57.47407 ] ], [ [ 12.526, 56.89796 ], [ 12.52766, 56.89832 ] ], [ [ 12.05082, 57.51636 ], [ 12.05069, 57.51487 ], [ 12.04894, 57.51263 ], [ 12.04935, 57.51162 ], [ 12.051, 57.51079 ], [ 12.0578, 57.50911 ] ], [ [ 12.05278, 57.50647 ], [ 12.05292, 57.50801 ], [ 12.05364, 57.50881 ], [ 12.05517, 57.50924 ], [ 12.0578, 57.50911 ] ], [ [ 12.059, 57.47371 ], [ 12.05974, 57.47323 ], [ 12.05977, 57.47261 ], [ 12.05922, 57.47218 ], [ 12.0582, 57.47198 ], [ 12.0569, 57.47215 ], [ 12.0523, 57.4735 ] ], [ [ 12.04979, 57.47425 ], [ 12.05216, 57.473 ], [ 12.05373, 57.47145 ], [ 12.05593, 57.47115 ] ], [ [ 12.05684, 57.50938 ], [ 12.05437, 57.51009 ], [ 12.05282, 57.51112 ], [ 12.05107, 57.51628 ] ], [ [ 12.51081, 56.91334 ], [ 12.50832, 56.91535 ], [ 12.50611, 56.91636 ] ], [ [ 12.78068, 56.68292 ], [ 12.77666, 56.68523 ], [ 12.77084, 56.68944 ] ], [ [ 12.13482, 57.45368 ], [ 12.13359, 57.45441 ] ], [ [ 12.13359, 57.45441 ], [ 12.12904, 57.45656 ], [ 12.11735, 57.46048 ], [ 12.1133, 57.46144 ] ], [ [ 12.1133, 57.46144 ], [ 12.11184, 57.46192 ] ] ] } },
{ "type": "Feature", "properties": { "typ": "väg", "flodesklass": "Minst 20 000 fordon per dygn" }, "geometry": { "type": "MultiLineString", "coordinates": [ [ [ 12.67302, 56.85429 ], [ 12.6628, 56.86239 ], [ 12.65955, 56.86425 ], [ 12.65586, 56.86574 ], [ 12.64333, 56.86954 ], [ 12.63429, 56.87283 ], [ 12.62279, 56.87744 ], [ 12.60871, 56.88367 ] ], [ [ 12.61027, 56.88274 ], [ 12.62417, 56.87672 ], [ 12.63606, 56.87203 ], [ 12.64357, 56.86932 ], [ 12.65556, 56.86571 ], [ 12.65818, 56.86474 ], [ 12.66262, 56.86233 ], [ 12.67398, 56.85342 ] ], [ [ 12.43203, 56.97509 ], [ 12.4322, 56.97495 ] ], [ [ 12.42307, 56.98285 ], [ 12.43203, 56.97509 ] ], [ [ 12.42834, 56.97841 ], [ 12.42192, 56.98416 ] ], [ [ 12.50682, 56.93443 ], [ 12.49749, 56.93773 ], [ 12.48823, 56.94148 ], [ 12.47963, 56.94551 ], [ 12.46878, 56.95131 ], [ 12.45314, 56.96048 ], [ 12.44445, 56.96597 ], [ 12.4365, 56.97171 ], [ 12.42834, 56.97841 ] ], [ [ 12.73292, 56.80775 ], [ 12.72821, 56.80924 ], [ 12.72305, 56.81135 ], [ 12.71746, 56.81442 ], [ 12.714, 56.81714 ], [ 12.71195, 56.81966 ], [ 12.71061, 56.82264 ], [ 12.70976, 56.8312 ] ], [ [ 12.70976, 56.8312 ], [ 12.70839, 56.83437 ], [ 12.7059, 56.83769 ] ], [ [ 12.7059, 56.83769 ], [ 12.70185, 56.84122 ], [ 12.69719, 56.84404 ], [ 12.69148, 56.84647 ], [ 12.68473, 56.84857 ] ], [ [ 12.70957, 56.83114 ], [ 12.71051, 56.82224 ], [ 12.71173, 56.81964 ], [ 12.71381, 56.81709 ], [ 12.71772, 56.81408 ], [ 12.72262, 56.81139 ], [ 12.72829, 56.80906 ], [ 12.73306, 56.8076 ] ], [ [ 12.70291, 56.8402 ], [ 12.70503, 56.83835 ], [ 12.70726, 56.83576 ], [ 12.70957, 56.83114 ] ], [ [ 12.68199, 56.84933 ], [ 12.69052, 56.84666 ], [ 12.69484, 56.84499 ], [ 12.69885, 56.84297 ], [ 12.70291, 56.8402 ] ], [ [ 12.74304, 56.80571 ], [ 12.73919, 56.80632 ], [ 12.73317, 56.80769 ] ], [ [ 12.51912, 56.93027 ], [ 12.53387, 56.92493 ], [ 12.54784, 56.91904 ], [ 12.56329, 56.91163 ], [ 12.57903, 56.90325 ] ], [ [ 12.4322, 56.97495 ], [ 12.43912, 56.96954 ], [ 12.44763, 56.9637 ], [ 12.46215, 56.95492 ], [ 12.47369, 56.94845 ], [ 12.48251, 56.94394 ], [ 12.49167, 56.93987 ], [ 12.49913, 56.93697 ], [ 12.50995, 56.93326 ] ], [ [ 12.57841, 56.90375 ], [ 12.56265, 56.91211 ], [ 12.5462, 56.91992 ], [ 12.53235, 56.92566 ], [ 12.51708, 56.93109 ] ], [ [ 12.58507, 56.89996 ], [ 12.57841, 56.90375 ] ], [ [ 12.57903, 56.90325 ], [ 12.5872, 56.89852 ] ], [ [ 12.6023, 56.88738 ], [ 12.59909, 56.88968 ], [ 12.59239, 56.89531 ], [ 12.58507, 56.89996 ] ], [ [ 12.5872, 56.89852 ], [ 12.5921, 56.89533 ], [ 12.59865, 56.88983 ], [ 12.6029, 56.88677 ] ], [ [ 12.6029, 56.88677 ], [ 12.61027, 56.88274 ] ], [ [ 12.60871, 56.88367 ], [ 12.6023, 56.88738 ] ], [ [ 12.68473, 56.84857 ], [ 12.67918, 56.85062 ], [ 12.67669, 56.8519 ], [ 12.67302, 56.85429 ] ], [ [ 12.67398, 56.85342 ], [ 12.67799, 56.85106 ], [ 12.68199, 56.84933 ] ], [ [ 12.83591, 56.76121 ], [ 12.8317, 56.76249 ], [ 12.82415, 56.76403 ], [ 12.82079, 56.76494 ] ], [ [ 12.83176, 56.76233 ], [ 12.83587, 56.76108 ], [ 12.84202, 56.75862 ] ], [ [ 12.82079, 56.76494 ], [ 12.81595, 56.76708 ], [ 12.81237, 56.76967 ], [ 12.80551, 56.7782 ], [ 12.7998, 56.78361 ], [ 12.79272, 56.78877 ], [ 12.78457, 56.79359 ], [ 12.77618, 56.79764 ], [ 12.76993, 56.80018 ], [ 12.76383, 56.80222 ], [ 12.75513, 56.80418 ], [ 12.74304, 56.80571 ] ], [ [ 12.74624, 56.80518 ], [ 12.75534, 56.80402 ], [ 12.76381, 56.80209 ], [ 12.77129, 56.79952 ], [ 12.78274, 56.79437 ], [ 12.79217, 56.78892 ], [ 12.80052, 56.78275 ], [ 12.80569, 56.77771 ], [ 12.81166, 56.77011 ], [ 12.81463, 56.76768 ], [ 12.81845, 56.76568 ], [ 12.82164, 56.76453 ], [ 12.83176, 56.76233 ] ], [ [ 12.88824, 56.71275 ], [ 12.88515, 56.72056 ], [ 12.88172, 56.72628 ], [ 12.87556, 56.73422 ], [ 12.8691, 56.74077 ], [ 12.86217, 56.74664 ], [ 12.85362, 56.75269 ], [ 12.84558, 56.75713 ], [ 12.83591, 56.76121 ] ], [ [ 12.84202, 56.75862 ], [ 12.84851, 56.75547 ], [ 12.85507, 56.75158 ], [ 12.86253, 56.74616 ], [ 12.87009, 56.73961 ], [ 12.87584, 56.73362 ], [ 12.88087, 56.72719 ], [ 12.88459, 56.72117 ], [ 12.88714, 56.71544 ] ], [ [ 12.89009, 56.70663 ], [ 12.88824, 56.71275 ] ], [ [ 12.88714, 56.71544 ], [ 12.8894, 56.70818 ] ], [ [ 12.89724, 56.67613 ], [ 12.8963, 56.67785 ] ], [ [ 12.8963, 56.67785 ], [ 12.89542, 56.68088 ], [ 12.89498, 56.68934 ], [ 12.89437, 56.69363 ], [ 12.89009, 56.70663 ] ], [ [ 12.8894, 56.70818 ], [ 12.89423, 56.69328 ], [ 12.89516, 56.68121 ], [ 12.89565, 56.67893 ] ], [ [ 12.96808, 56.54554 ], [ 12.96109, 56.5547 ], [ 12.95262, 56.56437 ], [ 12.95079, 56.56711 ], [ 12.94966, 56.56953 ], [ 12.94886, 56.57245 ], [ 12.94826, 56.58032 ], [ 12.94603, 56.58457 ], [ 12.93768, 56.59291 ], [ 12.92387, 56.60379 ], [ 12.91954, 56.6087 ], [ 12.91713, 56.6139 ], [ 12.91565, 56.62376 ], [ 12.91486, 56.62625 ], [ 12.91217, 56.63017 ], [ 12.90738, 56.63436 ], [ 12.90485, 56.63739 ], [ 12.9033, 56.64095 ], [ 12.90312, 56.64477 ] ], [ [ 12.9029, 56.64474 ], [ 12.90299, 56.64135 ], [ 12.90464, 56.63735 ], [ 12.90669, 56.6348 ], [ 12.91197, 56.63013 ], [ 12.91464, 56.62623 ], [ 12.91542, 56.62377 ], [ 12.91692, 56.61388 ], [ 12.91934, 56.60867 ], [ 12.92289, 56.60445 ], [ 12.93707, 56.5932 ], [ 12.94204, 56.58857 ], [ 12.94589, 56.58443 ], [ 12.94725, 56.58231 ], [ 12.94816, 56.57988 ], [ 12.94862, 56.57261 ], [ 12.94937, 56.56974 ], [ 12.9506, 56.56703 ], [ 12.95282, 56.56383 ], [ 12.9615, 56.55389 ], [ 12.9683, 56.54489 ] ], [ [ 12.73317, 56.80769 ], [ 12.73292, 56.80775 ] ], [ [ 12.73306, 56.8076 ], [ 12.73906, 56.80622 ], [ 12.74624, 56.80518 ] ], [ [ 12.90677, 56.6615 ], [ 12.90549, 56.66567 ], [ 12.90181, 56.67051 ] ], [ [ 12.90014, 56.67221 ], [ 12.90046, 56.67183 ] ], [ [ 12.89565, 56.67893 ], [ 12.89725, 56.67576 ], [ 12.90014, 56.67221 ] ], [ [ 12.90181, 56.67051 ], [ 12.89724, 56.67613 ] ], [ [ 12.90046, 56.67183 ], [ 12.90401, 56.66757 ], [ 12.90557, 56.66505 ], [ 12.90649, 56.66209 ], [ 12.90648, 56.65896 ] ], [ [ 12.90502, 56.65323 ], [ 12.9052, 56.65379 ] ], [ [ 12.9052, 56.65379 ], [ 12.90657, 56.65825 ], [ 12.90677, 56.6615 ] ], [ [ 12.9034, 56.64807 ], [ 12.9029, 56.64474 ] ], [ [ 12.90312, 56.64477 ], [ 12.90366, 56.64823 ] ], [ [ 12.90366, 56.64823 ], [ 12.90502, 56.65323 ] ], [ [ 12.90364, 56.64916 ], [ 12.9034, 56.64807 ] ], [ [ 12.90476, 56.65305 ], [ 12.90364, 56.64916 ] ], [ [ 12.95808, 56.49981 ], [ 12.96205, 56.5093 ] ], [ [ 12.95771, 56.49941 ], [ 12.95764, 56.49923 ] ], [ [ 12.96237, 56.5104 ], [ 12.95984, 56.50507 ], [ 12.95771, 56.49941 ] ], [ [ 12.95153, 56.44893 ], [ 12.9466, 56.45484 ] ], [ [ 12.9466, 56.45484 ], [ 12.94649, 56.45496 ] ], [ [ 12.94649, 56.45496 ], [ 12.94367, 56.4589 ], [ 12.94199, 56.46299 ], [ 12.94148, 56.46698 ], [ 12.94201, 56.47085 ], [ 12.94312, 56.47381 ], [ 12.94596, 56.47919 ], [ 12.95458, 56.49237 ], [ 12.95808, 56.49981 ] ], [ [ 12.94482, 56.45676 ], [ 12.94881, 56.45189 ] ], [ [ 12.95764, 56.49923 ], [ 12.9543, 56.49228 ], [ 12.94593, 56.47953 ], [ 12.94292, 56.47387 ], [ 12.94187, 56.47114 ], [ 12.94127, 56.46752 ], [ 12.94156, 56.4639 ], [ 12.94275, 56.46029 ], [ 12.94482, 56.45676 ] ], [ [ 12.95292, 56.43306 ], [ 12.95444, 56.44136 ] ], [ [ 12.95444, 56.44136 ], [ 12.9538, 56.44503 ], [ 12.95153, 56.44893 ] ], [ [ 12.9542, 56.4414 ], [ 12.9524, 56.43187 ] ], [ [ 12.94881, 56.45189 ], [ 12.95298, 56.44638 ], [ 12.95388, 56.44403 ], [ 12.9542, 56.4414 ] ], [ [ 12.96205, 56.5093 ], [ 12.96397, 56.51348 ], [ 12.96514, 56.51733 ], [ 12.96627, 56.52857 ], [ 12.96948, 56.53661 ] ], [ [ 12.96938, 56.537 ], [ 12.96608, 56.52888 ], [ 12.96505, 56.51795 ], [ 12.96385, 56.5138 ], [ 12.96237, 56.5104 ] ], [ [ 12.42192, 56.98416 ], [ 12.41331, 56.99274 ], [ 12.40543, 57.00172 ], [ 12.39997, 57.00881 ], [ 12.38823, 57.02561 ], [ 12.37657, 57.03675 ], [ 12.36705, 57.0474 ] ], [ [ 12.36959, 57.04416 ], [ 12.37683, 57.03623 ], [ 12.38786, 57.02575 ], [ 12.3995, 57.00913 ], [ 12.40611, 57.00059 ], [ 12.41353, 56.99224 ], [ 12.42307, 56.98285 ] ], [ [ 12.20623, 57.3325 ], [ 12.20618, 57.33684 ], [ 12.20668, 57.34032 ], [ 12.20954, 57.34904 ], [ 12.21001, 57.35197 ], [ 12.20923, 57.35762 ], [ 12.20704, 57.36327 ], [ 12.20215, 57.37125 ], [ 12.19394, 57.382 ], [ 12.19029, 57.38785 ], [ 12.1891, 57.39058 ], [ 12.18913, 57.3948 ], [ 12.18792, 57.39769 ], [ 12.18545, 57.40027 ], [ 12.1786, 57.40528 ], [ 12.17448, 57.40911 ], [ 12.17155, 57.41277 ], [ 12.16762, 57.41932 ], [ 12.16346, 57.42526 ], [ 12.16065, 57.42808 ], [ 12.15738, 57.43034 ] ], [ [ 12.16011, 57.42829 ], [ 12.16209, 57.42653 ], [ 12.16415, 57.42406 ], [ 12.17124, 57.41287 ], [ 12.17382, 57.40955 ], [ 12.17754, 57.40591 ], [ 12.18534, 57.40015 ], [ 12.18771, 57.39767 ], [ 12.18891, 57.39496 ], [ 12.18883, 57.39104 ], [ 12.19, 57.38799 ], [ 12.1939, 57.38176 ], [ 12.20281, 57.36964 ], [ 12.20716, 57.36222 ], [ 12.20894, 57.35726 ], [ 12.20964, 57.35232 ], [ 12.20914, 57.34899 ], [ 12.20612, 57.33941 ], [ 12.20577, 57.33616 ], [ 12.20592, 57.3317 ] ], [ [ 12.31107, 57.13125 ], [ 12.30781, 57.13604 ], [ 12.30269, 57.14246 ], [ 12.28717, 57.15942 ], [ 12.28195, 57.16624 ] ], [ [ 12.28293, 57.1645 ], [ 12.28838, 57.15776 ], [ 12.29659, 57.14915 ], [ 12.30308, 57.1417 ], [ 12.30804, 57.13541 ], [ 12.31206, 57.12929 ] ], [ [ 12.22038, 57.24121 ], [ 12.22206, 57.23748 ], [ 12.22443, 57.2337 ], [ 12.23465, 57.22206 ], [ 12.24333, 57.20731 ], [ 12.25052, 57.19865 ], [ 12.25575, 57.19089 ], [ 12.25815, 57.18837 ], [ 12.2619, 57.18525 ], [ 12.27295, 57.17749 ], [ 12.2773, 57.17246 ] ], [ [ 12.21954, 57.24508 ], [ 12.21824, 57.24997 ] ], [ [ 12.21809, 57.249 ], [ 12.22038, 57.24121 ] ], [ [ 12.21824, 57.24997 ], [ 12.21664, 57.25814 ], [ 12.21567, 57.26711 ], [ 12.21553, 57.27521 ], [ 12.21631, 57.28934 ], [ 12.2152, 57.30078 ], [ 12.21386, 57.30758 ], [ 12.20917, 57.31843 ], [ 12.20699, 57.32624 ] ], [ [ 12.20778, 57.32215 ], [ 12.20961, 57.31682 ], [ 12.21317, 57.30905 ], [ 12.21466, 57.30312 ], [ 12.21593, 57.28937 ], [ 12.21514, 57.27526 ], [ 12.2153, 57.26703 ], [ 12.21627, 57.25805 ], [ 12.21809, 57.249 ] ], [ [ 12.20699, 57.32624 ], [ 12.20623, 57.3325 ] ], [ [ 12.20592, 57.3317 ], [ 12.20644, 57.32769 ], [ 12.20778, 57.32215 ] ], [ [ 12.27835, 57.17148 ], [ 12.27532, 57.17542 ], [ 12.27333, 57.17746 ], [ 12.2613, 57.186 ], [ 12.2576, 57.18922 ], [ 12.25549, 57.1916 ], [ 12.2507, 57.19884 ], [ 12.24558, 57.20473 ], [ 12.24331, 57.20782 ], [ 12.23507, 57.22191 ], [ 12.2268, 57.23121 ], [ 12.2239, 57.23506 ], [ 12.22144, 57.23956 ], [ 12.21954, 57.24508 ] ], [ [ 12.35908, 57.05807 ], [ 12.36287, 57.05246 ] ], [ [ 12.36705, 57.0474 ], [ 12.36174, 57.05437 ] ], [ [ 12.36287, 57.05246 ], [ 12.36959, 57.04416 ] ], [ [ 12.36174, 57.05437 ], [ 12.35689, 57.06221 ] ], [ [ 12.35689, 57.06221 ], [ 12.35352, 57.06913 ] ], [ [ 12.35411, 57.06726 ], [ 12.35908, 57.05807 ] ], [ [ 12.31541, 57.12532 ], [ 12.31331, 57.12781 ], [ 12.31111, 57.1312 ] ], [ [ 12.31111, 57.1312 ], [ 12.31107, 57.13125 ] ], [ [ 12.31206, 57.12929 ], [ 12.31419, 57.12642 ], [ 12.31719, 57.12332 ] ], [ [ 12.35352, 57.06913 ], [ 12.34831, 57.08432 ], [ 12.33954, 57.09797 ], [ 12.33262, 57.11048 ], [ 12.33045, 57.11318 ], [ 12.32824, 57.11531 ], [ 12.31929, 57.12177 ], [ 12.31541, 57.12532 ] ], [ [ 12.31719, 57.12332 ], [ 12.32012, 57.12092 ], [ 12.32756, 57.11567 ], [ 12.32994, 57.11345 ], [ 12.33253, 57.11027 ], [ 12.34033, 57.09627 ], [ 12.34819, 57.08411 ], [ 12.35152, 57.07367 ], [ 12.35411, 57.06726 ] ], [ [ 12.05082, 57.51636 ], [ 12.05213, 57.50959 ] ], [ [ 12.04912, 57.52924 ], [ 12.04905, 57.52465 ], [ 12.05082, 57.51636 ] ], [ [ 12.04919, 57.52962 ], [ 12.04912, 57.52924 ] ], [ [ 12.05302, 57.55021 ], [ 12.05193, 57.5409 ], [ 12.04919, 57.52962 ] ], [ [ 12.05278, 57.50647 ], [ 12.05107, 57.51628 ] ], [ [ 12.05107, 57.51628 ], [ 12.04925, 57.52495 ], [ 12.04935, 57.52923 ] ], [ [ 12.04935, 57.52923 ], [ 12.04943, 57.52961 ] ], [ [ 12.04943, 57.52961 ], [ 12.05199, 57.54 ], [ 12.05313, 57.54834 ] ], [ [ 12.05313, 57.54834 ], [ 12.05324, 57.55022 ] ], [ [ 12.04689, 57.49066 ], [ 12.04401, 57.48495 ] ], [ [ 12.04626, 57.4891 ], [ 12.04928, 57.49436 ] ], [ [ 12.05213, 57.50959 ], [ 12.05263, 57.50493 ], [ 12.0521, 57.50091 ], [ 12.05072, 57.49736 ], [ 12.04689, 57.49066 ] ], [ [ 12.04928, 57.49436 ], [ 12.05125, 57.49796 ], [ 12.05235, 57.5009 ], [ 12.05278, 57.50647 ] ], [ [ 12.0523, 57.4735 ], [ 12.0491, 57.47474 ], [ 12.04648, 57.47634 ], [ 12.04482, 57.47794 ], [ 12.04369, 57.47991 ], [ 12.04338, 57.48168 ], [ 12.0436, 57.48317 ], [ 12.04626, 57.4891 ] ], [ [ 12.04401, 57.48495 ], [ 12.04314, 57.48177 ], [ 12.0439, 57.4789 ], [ 12.04601, 57.47648 ], [ 12.04979, 57.47425 ] ], [ [ 12.06241, 57.47026 ], [ 12.05629, 57.47226 ] ], [ [ 12.05629, 57.47226 ], [ 12.0523, 57.4735 ] ], [ [ 12.04979, 57.47425 ], [ 12.05622, 57.47213 ] ], [ [ 12.05622, 57.47213 ], [ 12.06048, 57.47079 ] ], [ [ 12.1482, 57.43414 ], [ 12.14284, 57.43538 ], [ 12.13038, 57.43774 ], [ 12.12532, 57.43895 ], [ 12.11939, 57.44088 ], [ 12.10949, 57.44482 ], [ 12.09811, 57.44999 ], [ 12.07313, 57.46504 ], [ 12.06765, 57.468 ], [ 12.06241, 57.47026 ] ], [ [ 12.06048, 57.47079 ], [ 12.06621, 57.46851 ], [ 12.07175, 57.46563 ], [ 12.09783, 57.44996 ], [ 12.1109, 57.44407 ], [ 12.12005, 57.44047 ], [ 12.12522, 57.43883 ], [ 12.12991, 57.4377 ], [ 12.14572, 57.43463 ], [ 12.15191, 57.43278 ] ], [ [ 12.15738, 57.43034 ], [ 12.15275, 57.43261 ], [ 12.1482, 57.43414 ] ], [ [ 12.15191, 57.43278 ], [ 12.15636, 57.43074 ], [ 12.16011, 57.42829 ] ], [ [ 12.28195, 57.16624 ], [ 12.27835, 57.17148 ] ], [ [ 12.2773, 57.17246 ], [ 12.28293, 57.1645 ] ], [ [ 12.96948, 56.53661 ], [ 12.97014, 56.53897 ], [ 12.97009, 56.5413 ], [ 12.9693, 56.54364 ], [ 12.96808, 56.54554 ] ], [ [ 12.9695, 56.53731 ], [ 12.96938, 56.537 ] ], [ [ 12.9683, 56.54489 ], [ 12.96988, 56.54126 ], [ 12.96992, 56.53906 ], [ 12.9695, 56.53731 ] ], [ [ 12.90123, 56.67412 ], [ 12.90179, 56.67414 ], [ 12.90178, 56.67445 ] ], [ [ 12.05592, 57.47125 ], [ 12.05622, 57.47213 ] ], [ [ 12.05622, 57.47213 ], [ 12.05629, 57.47226 ] ], [ [ 12.05629, 57.47226 ], [ 12.05706, 57.4733 ] ] ] } },
{ "type": "Feature", "properties": { "typ": "järnväg", "flodesklass": "Järnväg med persontrafik" }, "geometry": { "type": "GeometryCollection", "geometries": [ { "type": "MultiPoint", "coordinates": [ [ 12.08354, 57.5127 ], [ 12.08027, 57.49737 ], [ 12.08027, 57.49737 ], [ 12.09781, 57.53079 ], [ 12.07962, 57.48632 ], [ 12.11578, 57.45822 ], [ 12.13262, 57.45255 ], [ 12.51342, 56.91918 ], [ 12.25448, 57.12045 ], [ 12.86205, 56.74729 ], [ 12.25443, 57.12052 ], [ 12.25434, 57.1205 ], [ 12.30557, 57.07994 ], [ 12.30555, 57.0799 ], [ 12.25615, 57.1225 ], [ 12.25039, 57.11448 ], [ 12.89741, 56.42793 ], [ 12.36525, 57.28151 ], [ 13.10099, 57.00659 ], [ 13.07067, 56.94431 ], [ 13.0795, 56.95773 ] ] }, { "type": "MultiLineString", "coordinates": [ [ [ 12.0829, 57.56842 ], [ 12.08291, 57.56841 ] ], [ [ 12.08291, 57.56841 ], [ 12.08319, 57.56707 ] ], [ [ 12.08319, 57.56707 ], [ 12.0833, 57.56632 ] ], [ [ 12.0833, 57.56632 ], [ 12.08331, 57.56628 ] ], [ [ 12.08331, 57.56628 ], [ 12.08343, 57.56333 ] ], [ [ 12.08343, 57.56333 ], [ 12.08368, 57.56207 ] ], [ [ 12.08368, 57.56207 ], [ 12.0842, 57.56072 ] ], [ [ 12.0842, 57.56072 ], [ 12.08426, 57.56058 ] ], [ [ 12.08426, 57.56058 ], [ 12.0844, 57.56032 ] ], [ [ 12.0844, 57.56032 ], [ 12.08535, 57.55882 ] ], [ [ 12.08535, 57.55882 ], [ 12.08596, 57.5581 ] ], [ [ 12.08596, 57.5581 ], [ 12.08635, 57.55768 ] ], [ [ 12.08635, 57.55768 ], [ 12.08787, 57.55628 ] ], [ [ 12.08787, 57.55628 ], [ 12.08991, 57.55478 ] ], [ [ 12.08991, 57.55478 ], [ 12.09071, 57.55419 ] ], [ [ 12.09071, 57.55419 ], [ 12.09139, 57.55369 ] ], [ [ 12.09139, 57.55369 ], [ 12.09149, 57.55362 ] ], [ [ 12.09149, 57.55362 ], [ 12.09268, 57.55258 ] ], [ [ 12.09268, 57.55258 ], [ 12.09401, 57.55112 ] ], [ [ 12.09401, 57.55112 ], [ 12.09414, 57.55096 ] ], [ [ 12.09414, 57.55096 ], [ 12.09461, 57.55027 ] ], [ [ 12.09461, 57.55027 ], [ 12.09559, 57.54878 ] ], [ [ 12.09559, 57.54878 ], [ 12.09573, 57.54857 ] ], [ [ 12.09573, 57.54857 ], [ 12.09652, 57.54734 ] ], [ [ 12.09652, 57.54734 ], [ 12.0974, 57.54594 ] ], [ [ 12.0974, 57.54594 ], [ 12.09765, 57.54551 ] ], [ [ 12.09765, 57.54551 ], [ 12.09812, 57.54467 ] ], [ [ 12.09812, 57.54467 ], [ 12.09844, 57.54406 ] ], [ [ 12.09844, 57.54406 ], [ 12.09939, 57.54228 ] ], [ [ 12.09939, 57.54228 ], [ 12.10024, 57.54055 ] ], [ [ 12.10024, 57.54055 ], [ 12.10027, 57.54045 ] ], [ [ 12.10027, 57.54045 ], [ 12.10048, 57.53983 ] ], [ [ 12.10048, 57.53983 ], [ 12.10058, 57.5395 ] ], [ [ 12.10058, 57.5395 ], [ 12.10066, 57.53914 ] ], [ [ 12.10066, 57.53914 ], [ 12.10074, 57.53878 ] ], [ [ 12.10074, 57.53878 ], [ 12.10075, 57.5387 ] ], [ [ 12.10075, 57.5387 ], [ 12.10079, 57.5383 ] ], [ [ 12.10079, 57.5383 ], [ 12.1008, 57.5382 ] ], [ [ 12.1008, 57.5382 ], [ 12.10083, 57.5379 ] ], [ [ 12.10083, 57.5379 ], [ 12.10084, 57.53754 ] ], [ [ 12.10084, 57.53754 ], [ 12.1008, 57.53662 ] ], [ [ 12.1008, 57.53662 ], [ 12.10038, 57.53475 ] ], [ [ 12.10038, 57.53475 ], [ 12.10014, 57.53413 ] ], [ [ 12.10014, 57.53413 ], [ 12.09973, 57.53331 ] ], [ [ 12.08699, 57.51766 ], [ 12.08619, 57.51671 ] ], [ [ 12.08619, 57.51671 ], [ 12.08603, 57.5165 ] ], [ [ 12.08603, 57.5165 ], [ 12.08572, 57.51609 ] ], [ [ 12.08572, 57.51609 ], [ 12.08556, 57.51587 ] ], [ [ 12.08556, 57.51587 ], [ 12.08542, 57.51568 ] ], [ [ 12.08542, 57.51568 ], [ 12.08407, 57.51359 ] ], [ [ 12.08407, 57.51359 ], [ 12.08387, 57.51319 ] ], [ [ 12.08387, 57.51319 ], [ 12.0836, 57.51267 ] ], [ [ 12.0836, 57.51267 ], [ 12.08359, 57.51265 ] ], [ [ 12.08359, 57.51265 ], [ 12.08343, 57.51229 ] ], [ [ 12.08342, 57.51229 ], [ 12.08336, 57.51211 ] ], [ [ 12.08343, 57.51229 ], [ 12.08342, 57.51229 ] ], [ [ 12.08336, 57.51211 ], [ 12.0832, 57.51172 ] ], [ [ 12.0832, 57.51172 ], [ 12.08303, 57.51127 ] ], [ [ 12.08303, 57.51127 ], [ 12.08292, 57.51096 ] ], [ [ 12.08292, 57.51096 ], [ 12.08282, 57.51066 ] ], [ [ 12.08282, 57.51066 ], [ 12.08265, 57.51016 ] ], [ [ 12.08265, 57.51016 ], [ 12.0824, 57.50941 ] ], [ [ 12.0824, 57.50941 ], [ 12.08115, 57.50565 ] ], [ [ 12.08115, 57.50565 ], [ 12.08064, 57.50313 ] ], [ [ 12.08064, 57.50313 ], [ 12.08058, 57.5025 ] ], [ [ 12.08058, 57.5025 ], [ 12.08051, 57.50167 ] ], [ [ 12.08051, 57.50167 ], [ 12.08048, 57.50093 ] ], [ [ 12.08285, 57.56843 ], [ 12.08318, 57.56686 ] ], [ [ 12.08318, 57.56686 ], [ 12.08326, 57.5663 ] ], [ [ 12.08326, 57.5663 ], [ 12.08326, 57.56608 ] ], [ [ 12.08326, 57.56608 ], [ 12.08337, 57.56335 ] ], [ [ 12.08337, 57.56335 ], [ 12.08358, 57.56231 ] ], [ [ 12.08358, 57.56231 ], [ 12.08415, 57.56074 ] ], [ [ 12.08415, 57.56074 ], [ 12.08422, 57.5606 ] ], [ [ 12.08422, 57.5606 ], [ 12.08448, 57.56013 ] ], [ [ 12.08448, 57.56013 ], [ 12.08511, 57.55915 ] ], [ [ 12.08511, 57.55915 ], [ 12.0852, 57.55902 ] ], [ [ 12.0852, 57.55902 ], [ 12.08555, 57.55856 ] ], [ [ 12.08555, 57.55856 ], [ 12.08786, 57.55628 ] ], [ [ 12.08786, 57.55628 ], [ 12.08989, 57.55478 ] ], [ [ 12.08989, 57.55478 ], [ 12.0907, 57.55419 ] ], [ [ 12.0907, 57.55419 ], [ 12.09137, 57.55369 ] ], [ [ 12.09137, 57.55369 ], [ 12.09148, 57.55361 ] ], [ [ 12.09148, 57.55361 ], [ 12.09265, 57.55259 ] ], [ [ 12.09265, 57.55259 ], [ 12.09399, 57.55113 ] ], [ [ 12.09399, 57.55113 ], [ 12.09412, 57.55097 ] ], [ [ 12.09412, 57.55097 ], [ 12.09458, 57.55028 ] ], [ [ 12.09458, 57.55028 ], [ 12.09555, 57.54879 ] ], [ [ 12.09555, 57.54879 ], [ 12.09569, 57.54857 ] ], [ [ 12.09569, 57.54857 ], [ 12.09647, 57.54734 ] ], [ [ 12.09647, 57.54734 ], [ 12.09734, 57.54595 ] ], [ [ 12.09734, 57.54595 ], [ 12.09759, 57.54552 ] ], [ [ 12.09759, 57.54552 ], [ 12.09806, 57.54468 ] ], [ [ 12.09806, 57.54468 ], [ 12.09846, 57.54392 ] ], [ [ 12.09846, 57.54392 ], [ 12.09941, 57.54211 ] ], [ [ 12.09941, 57.54211 ], [ 12.10017, 57.54056 ] ], [ [ 12.10017, 57.54056 ], [ 12.1002, 57.54048 ] ], [ [ 12.1002, 57.54048 ], [ 12.10044, 57.53976 ] ], [ [ 12.10044, 57.53976 ], [ 12.10052, 57.53944 ] ], [ [ 12.10052, 57.53944 ], [ 12.10059, 57.53915 ] ], [ [ 12.10059, 57.53915 ], [ 12.10066, 57.53877 ] ], [ [ 12.10066, 57.53877 ], [ 12.10067, 57.53871 ] ], [ [ 12.10067, 57.53871 ], [ 12.10072, 57.53831 ] ], [ [ 12.10072, 57.53831 ], [ 12.10073, 57.53818 ] ], [ [ 12.10073, 57.53818 ], [ 12.10077, 57.53789 ] ], [ [ 12.10077, 57.53789 ], [ 12.10077, 57.53747 ] ], [ [ 12.10077, 57.53747 ], [ 12.10074, 57.53674 ] ], [ [ 12.10074, 57.53674 ], [ 12.10068, 57.5363 ] ], [ [ 12.10068, 57.5363 ], [ 12.10064, 57.53596 ] ], [ [ 12.10064, 57.53596 ], [ 12.10045, 57.53523 ] ], [ [ 12.10045, 57.53523 ], [ 12.0998, 57.53363 ] ], [ [ 12.0998, 57.53363 ], [ 12.09968, 57.5334 ] ], [ [ 12.09968, 57.5334 ], [ 12.09964, 57.53332 ] ], [ [ 12.0869, 57.5177 ], [ 12.08612, 57.51674 ] ], [ [ 12.08612, 57.51674 ], [ 12.08581, 57.51636 ] ], [ [ 12.08581, 57.51636 ], [ 12.0852, 57.51555 ] ], [ [ 12.0852, 57.51555 ], [ 12.08504, 57.5153 ] ], [ [ 12.08504, 57.5153 ], [ 12.08422, 57.51402 ] ], [ [ 12.08422, 57.51402 ], [ 12.08401, 57.51362 ] ], [ [ 12.08401, 57.51362 ], [ 12.08357, 57.51276 ] ], [ [ 12.08357, 57.51276 ], [ 12.08354, 57.5127 ] ], [ [ 12.08354, 57.5127 ], [ 12.08337, 57.51232 ] ], [ [ 12.08337, 57.51232 ], [ 12.08336, 57.5123 ] ], [ [ 12.08336, 57.5123 ], [ 12.08326, 57.51206 ] ], [ [ 12.08326, 57.51206 ], [ 12.08321, 57.51196 ] ], [ [ 12.08321, 57.51196 ], [ 12.08313, 57.51175 ] ], [ [ 12.08313, 57.51175 ], [ 12.08308, 57.51159 ] ], [ [ 12.08308, 57.51159 ], [ 12.08289, 57.51105 ] ], [ [ 12.08289, 57.51105 ], [ 12.08254, 57.51005 ] ], [ [ 12.08254, 57.51005 ], [ 12.08246, 57.5098 ] ], [ [ 12.08246, 57.5098 ], [ 12.08233, 57.50943 ] ], [ [ 12.08233, 57.50943 ], [ 12.08108, 57.50566 ] ], [ [ 12.08108, 57.50566 ], [ 12.08057, 57.50313 ] ], [ [ 12.08057, 57.50313 ], [ 12.08051, 57.5025 ] ], [ [ 12.08051, 57.5025 ], [ 12.08045, 57.50167 ] ], [ [ 12.08045, 57.50167 ], [ 12.08039, 57.50094 ] ], [ [ 12.09678, 57.52944 ], [ 12.09622, 57.52867 ] ], [ [ 12.09622, 57.52867 ], [ 12.09156, 57.52306 ] ], [ [ 12.09156, 57.52306 ], [ 12.09086, 57.52233 ] ], [ [ 12.08008, 57.493 ], [ 12.08013, 57.49228 ] ], [ [ 12.08013, 57.49228 ], [ 12.08016, 57.49094 ] ], [ [ 12.08016, 57.49094 ], [ 12.08002, 57.48914 ] ], [ [ 12.08002, 57.48914 ], [ 12.08001, 57.48908 ] ], [ [ 12.08001, 57.48908 ], [ 12.07998, 57.48894 ] ], [ [ 12.07998, 57.48894 ], [ 12.0798, 57.4881 ] ], [ [ 12.0798, 57.4881 ], [ 12.07979, 57.48807 ] ], [ [ 12.08034, 57.57339 ], [ 12.08046, 57.57318 ] ], [ [ 12.08046, 57.57318 ], [ 12.08053, 57.57307 ] ], [ [ 12.08053, 57.57307 ], [ 12.08057, 57.573 ] ], [ [ 12.08057, 57.573 ], [ 12.0807, 57.57278 ] ], [ [ 12.0807, 57.57278 ], [ 12.08091, 57.57244 ] ], [ [ 12.08091, 57.57244 ], [ 12.08127, 57.57184 ] ], [ [ 12.08127, 57.57184 ], [ 12.08137, 57.57166 ] ], [ [ 12.08137, 57.57166 ], [ 12.0818, 57.57095 ] ], [ [ 12.0818, 57.57095 ], [ 12.08211, 57.57038 ] ], [ [ 12.08211, 57.57038 ], [ 12.08229, 57.57001 ] ], [ [ 12.08229, 57.57001 ], [ 12.0829, 57.56842 ] ], [ [ 12.09973, 57.53331 ], [ 12.09918, 57.53242 ] ], [ [ 12.09918, 57.53242 ], [ 12.09903, 57.53223 ] ], [ [ 12.09903, 57.53223 ], [ 12.09842, 57.53145 ] ], [ [ 12.09842, 57.53145 ], [ 12.09829, 57.53128 ] ], [ [ 12.09829, 57.53128 ], [ 12.09733, 57.5301 ] ], [ [ 12.09733, 57.5301 ], [ 12.09717, 57.52991 ] ], [ [ 12.09717, 57.52991 ], [ 12.09684, 57.52952 ] ], [ [ 12.09684, 57.52952 ], [ 12.09678, 57.52944 ] ], [ [ 12.09678, 57.52944 ], [ 12.09536, 57.52774 ] ], [ [ 12.09536, 57.52774 ], [ 12.0941, 57.52622 ] ], [ [ 12.0941, 57.52622 ], [ 12.09241, 57.5242 ] ], [ [ 12.09241, 57.5242 ], [ 12.0914, 57.52298 ] ], [ [ 12.0914, 57.52298 ], [ 12.09086, 57.52233 ] ], [ [ 12.09086, 57.52233 ], [ 12.09066, 57.52209 ] ], [ [ 12.09066, 57.52209 ], [ 12.09038, 57.52175 ] ], [ [ 12.09038, 57.52175 ], [ 12.09025, 57.5216 ] ], [ [ 12.09025, 57.5216 ], [ 12.09017, 57.5215 ] ], [ [ 12.09017, 57.5215 ], [ 12.08972, 57.52095 ] ], [ [ 12.08972, 57.52095 ], [ 12.08723, 57.51795 ] ], [ [ 12.08723, 57.51795 ], [ 12.08715, 57.51785 ] ], [ [ 12.08715, 57.51785 ], [ 12.08706, 57.51775 ] ], [ [ 12.08706, 57.51775 ], [ 12.08699, 57.51766 ] ], [ [ 12.08048, 57.50093 ], [ 12.08042, 57.50036 ] ], [ [ 12.08042, 57.50036 ], [ 12.0804, 57.50028 ] ], [ [ 12.0804, 57.50028 ], [ 12.08027, 57.49737 ] ], [ [ 12.08027, 57.49737 ], [ 12.08019, 57.49597 ] ], [ [ 12.08019, 57.49597 ], [ 12.08017, 57.49568 ] ], [ [ 12.08017, 57.49568 ], [ 12.08016, 57.4954 ] ], [ [ 12.08016, 57.4954 ], [ 12.08015, 57.49502 ] ], [ [ 12.08015, 57.49502 ], [ 12.08013, 57.49396 ] ], [ [ 12.08013, 57.49396 ], [ 12.08012, 57.4936 ] ], [ [ 12.08012, 57.4936 ], [ 12.08009, 57.49315 ] ], [ [ 12.08009, 57.49315 ], [ 12.08008, 57.493 ] ], [ [ 12.08008, 57.493 ], [ 12.08001, 57.4917 ] ], [ [ 12.08001, 57.4917 ], [ 12.07999, 57.4914 ] ], [ [ 12.07999, 57.4914 ], [ 12.07986, 57.48917 ] ], [ [ 12.07986, 57.48917 ], [ 12.07986, 57.4891 ] ], [ [ 12.07986, 57.4891 ], [ 12.07979, 57.48807 ] ], [ [ 12.07979, 57.48807 ], [ 12.07979, 57.48802 ] ], [ [ 12.07979, 57.48802 ], [ 12.07978, 57.48773 ] ], [ [ 12.07978, 57.48773 ], [ 12.07971, 57.48664 ] ], [ [ 12.07971, 57.48664 ], [ 12.07969, 57.48628 ] ], [ [ 12.07969, 57.48628 ], [ 12.07969, 57.48627 ] ], [ [ 12.07969, 57.48627 ], [ 12.07968, 57.48607 ] ], [ [ 12.07968, 57.48607 ], [ 12.07968, 57.48597 ] ], [ [ 12.07968, 57.48597 ], [ 12.07956, 57.48397 ] ], [ [ 12.07956, 57.48397 ], [ 12.07951, 57.48319 ] ], [ [ 12.07951, 57.48319 ], [ 12.07949, 57.48288 ] ], [ [ 12.07949, 57.48288 ], [ 12.07937, 57.48055 ] ], [ [ 12.08028, 57.57338 ], [ 12.0804, 57.57317 ] ], [ [ 12.0804, 57.57317 ], [ 12.08048, 57.57305 ] ], [ [ 12.08048, 57.57305 ], [ 12.08053, 57.57297 ] ], [ [ 12.08053, 57.57297 ], [ 12.08058, 57.57288 ] ], [ [ 12.08058, 57.57288 ], [ 12.08081, 57.5725 ] ], [ [ 12.08081, 57.5725 ], [ 12.08099, 57.57219 ] ], [ [ 12.08099, 57.57219 ], [ 12.08123, 57.57179 ] ], [ [ 12.08123, 57.57179 ], [ 12.08139, 57.57151 ] ], [ [ 12.08139, 57.57151 ], [ 12.08204, 57.57038 ] ], [ [ 12.08204, 57.57038 ], [ 12.08223, 57.56999 ] ], [ [ 12.08223, 57.56999 ], [ 12.08246, 57.56952 ] ], [ [ 12.08246, 57.56952 ], [ 12.08285, 57.56843 ] ], [ [ 12.09964, 57.53332 ], [ 12.09954, 57.53313 ] ], [ [ 12.09954, 57.53313 ], [ 12.09921, 57.5326 ] ], [ [ 12.09921, 57.5326 ], [ 12.09911, 57.53246 ] ], [ [ 12.09911, 57.53246 ], [ 12.09835, 57.53146 ] ], [ [ 12.09835, 57.53146 ], [ 12.09816, 57.53122 ] ], [ [ 12.09816, 57.53122 ], [ 12.09803, 57.53105 ] ], [ [ 12.09803, 57.53105 ], [ 12.09781, 57.53079 ] ], [ [ 12.09781, 57.53079 ], [ 12.09704, 57.52987 ] ], [ [ 12.09704, 57.52987 ], [ 12.09684, 57.52962 ] ], [ [ 12.09684, 57.52962 ], [ 12.09549, 57.528 ] ], [ [ 12.09549, 57.528 ], [ 12.09404, 57.52626 ] ], [ [ 12.09404, 57.52626 ], [ 12.09232, 57.5242 ] ], [ [ 12.09232, 57.5242 ], [ 12.09181, 57.52359 ] ], [ [ 12.09181, 57.52359 ], [ 12.09155, 57.52327 ] ], [ [ 12.09155, 57.52327 ], [ 12.09126, 57.52293 ] ], [ [ 12.09126, 57.52293 ], [ 12.09097, 57.52258 ] ], [ [ 12.09097, 57.52258 ], [ 12.0907, 57.52226 ] ], [ [ 12.0907, 57.52226 ], [ 12.09037, 57.52188 ] ], [ [ 12.09037, 57.52188 ], [ 12.09036, 57.52186 ] ], [ [ 12.09036, 57.52186 ], [ 12.09016, 57.52162 ] ], [ [ 12.09016, 57.52162 ], [ 12.08957, 57.52091 ] ], [ [ 12.08957, 57.52091 ], [ 12.08899, 57.52019 ] ], [ [ 12.08899, 57.52019 ], [ 12.08715, 57.51799 ] ], [ [ 12.08715, 57.51799 ], [ 12.08707, 57.5179 ] ], [ [ 12.08707, 57.5179 ], [ 12.08698, 57.51779 ] ], [ [ 12.08698, 57.51779 ], [ 12.0869, 57.5177 ] ], [ [ 12.08039, 57.50094 ], [ 12.08033, 57.50039 ] ], [ [ 12.08033, 57.50039 ], [ 12.08031, 57.50031 ] ], [ [ 12.08031, 57.50031 ], [ 12.08027, 57.4988 ] ], [ [ 12.08027, 57.4988 ], [ 12.08012, 57.49616 ] ], [ [ 12.08012, 57.49616 ], [ 12.08012, 57.49607 ] ], [ [ 12.08012, 57.49607 ], [ 12.0801, 57.49578 ] ], [ [ 12.0801, 57.49578 ], [ 12.08009, 57.49553 ] ], [ [ 12.08009, 57.49553 ], [ 12.08007, 57.49514 ] ], [ [ 12.08007, 57.49514 ], [ 12.08006, 57.49404 ] ], [ [ 12.08006, 57.49404 ], [ 12.08004, 57.49361 ] ], [ [ 12.08004, 57.49361 ], [ 12.08003, 57.49348 ] ], [ [ 12.08003, 57.49348 ], [ 12.08003, 57.49334 ] ], [ [ 12.08003, 57.49334 ], [ 12.08001, 57.49306 ] ], [ [ 12.08001, 57.49306 ], [ 12.07996, 57.49219 ] ], [ [ 12.07996, 57.49219 ], [ 12.07994, 57.49172 ] ], [ [ 12.07994, 57.49172 ], [ 12.07987, 57.49063 ] ], [ [ 12.07987, 57.49063 ], [ 12.07979, 57.4892 ] ], [ [ 12.07979, 57.4892 ], [ 12.07978, 57.48914 ] ], [ [ 12.07978, 57.48914 ], [ 12.07977, 57.48885 ] ], [ [ 12.07977, 57.48885 ], [ 12.07973, 57.48824 ] ], [ [ 12.07973, 57.48824 ], [ 12.07972, 57.48806 ] ], [ [ 12.07972, 57.48806 ], [ 12.07972, 57.48803 ] ], [ [ 12.07972, 57.48803 ], [ 12.07971, 57.48778 ] ], [ [ 12.07971, 57.48778 ], [ 12.0797, 57.48777 ] ], [ [ 12.0797, 57.48777 ], [ 12.0797, 57.48773 ] ], [ [ 12.0797, 57.48773 ], [ 12.07969, 57.48756 ] ], [ [ 12.07969, 57.48756 ], [ 12.07969, 57.4875 ] ], [ [ 12.07969, 57.4875 ], [ 12.07964, 57.48668 ] ], [ [ 12.07964, 57.48668 ], [ 12.07963, 57.48655 ] ], [ [ 12.07963, 57.48655 ], [ 12.07963, 57.48647 ] ], [ [ 12.07963, 57.48647 ], [ 12.07962, 57.48636 ] ], [ [ 12.07962, 57.48636 ], [ 12.07962, 57.48632 ] ], [ [ 12.07962, 57.48632 ], [ 12.07962, 57.48627 ] ], [ [ 12.07962, 57.48627 ], [ 12.07961, 57.48612 ] ], [ [ 12.07961, 57.48612 ], [ 12.0796, 57.48602 ] ], [ [ 12.0796, 57.48602 ], [ 12.07956, 57.48522 ] ], [ [ 12.07956, 57.48522 ], [ 12.07955, 57.48506 ] ], [ [ 12.07955, 57.48506 ], [ 12.07944, 57.48324 ] ], [ [ 12.07944, 57.48324 ], [ 12.07943, 57.48294 ] ], [ [ 12.07943, 57.48294 ], [ 12.07929, 57.48054 ] ], [ [ 12.07989, 57.4922 ], [ 12.07988, 57.4921 ] ], [ [ 12.07988, 57.4921 ], [ 12.07988, 57.49205 ] ], [ [ 12.07988, 57.49205 ], [ 12.07987, 57.49186 ] ], [ [ 12.07987, 57.49186 ], [ 12.07987, 57.49183 ] ], [ [ 12.07987, 57.49183 ], [ 12.07984, 57.49133 ] ], [ [ 12.07984, 57.49133 ], [ 12.07983, 57.49114 ] ], [ [ 12.07983, 57.49114 ], [ 12.07979, 57.4905 ] ], [ [ 12.07979, 57.4905 ], [ 12.07978, 57.4903 ] ], [ [ 12.07978, 57.4903 ], [ 12.07976, 57.49004 ] ], [ [ 12.09781, 57.53079 ], [ 12.09684, 57.52952 ] ], [ [ 12.08027, 57.4988 ], [ 12.08027, 57.49737 ] ], [ [ 12.08027, 57.49737 ], [ 12.08012, 57.49616 ] ], [ [ 12.09017, 57.5215 ], [ 12.08899, 57.52019 ] ], [ [ 12.08001, 57.49306 ], [ 12.07989, 57.4922 ] ], [ [ 12.08099, 57.57219 ], [ 12.0818, 57.57095 ] ], [ [ 12.07969, 57.48627 ], [ 12.07956, 57.48522 ] ], [ [ 12.07955, 57.48506 ], [ 12.07956, 57.48397 ] ], [ [ 12.07937, 57.48055 ], [ 12.0793, 57.47979 ] ], [ [ 12.0793, 57.47979 ], [ 12.07925, 57.47912 ] ], [ [ 12.07925, 57.47912 ], [ 12.0792, 57.47857 ] ], [ [ 12.0792, 57.47857 ], [ 12.07917, 57.47829 ] ], [ [ 12.07917, 57.47829 ], [ 12.07899, 57.47587 ] ], [ [ 12.07899, 57.47587 ], [ 12.07899, 57.4758 ] ], [ [ 12.07899, 57.4758 ], [ 12.07901, 57.47535 ] ], [ [ 12.07901, 57.47535 ], [ 12.07931, 57.47371 ], [ 12.08054, 57.47108 ], [ 12.08343, 57.46799 ] ], [ [ 12.08343, 57.46799 ], [ 12.08429, 57.46738 ] ], [ [ 12.08644, 57.46599 ], [ 12.08905, 57.46466 ] ], [ [ 12.08905, 57.46466 ], [ 12.09135, 57.46374 ] ], [ [ 12.09135, 57.46374 ], [ 12.09211, 57.46345 ] ], [ [ 12.09211, 57.46345 ], [ 12.0945, 57.4626 ] ], [ [ 12.0945, 57.4626 ], [ 12.09926, 57.46126 ] ], [ [ 12.09926, 57.46126 ], [ 12.09987, 57.46112 ] ], [ [ 12.09987, 57.46112 ], [ 12.10212, 57.46069 ] ], [ [ 12.10212, 57.46069 ], [ 12.10609, 57.46009 ] ], [ [ 12.10609, 57.46009 ], [ 12.10677, 57.45999 ] ], [ [ 12.10677, 57.45999 ], [ 12.10982, 57.45955 ] ], [ [ 12.10982, 57.45955 ], [ 12.11105, 57.45934 ] ], [ [ 12.11105, 57.45934 ], [ 12.11294, 57.45897 ] ], [ [ 12.11294, 57.45897 ], [ 12.11577, 57.45828 ] ], [ [ 12.11577, 57.45828 ], [ 12.1161, 57.45818 ] ], [ [ 12.1161, 57.45818 ], [ 12.11797, 57.4576 ] ], [ [ 12.11797, 57.4576 ], [ 12.12051, 57.45677 ] ], [ [ 12.12051, 57.45677 ], [ 12.12845, 57.45419 ] ], [ [ 12.12845, 57.45419 ], [ 12.13251, 57.45265 ] ], [ [ 12.13251, 57.45265 ], [ 12.13266, 57.45259 ] ], [ [ 12.13266, 57.45259 ], [ 12.13579, 57.45114 ] ], [ [ 12.13579, 57.45114 ], [ 12.13608, 57.451 ] ], [ [ 12.13608, 57.451 ], [ 12.13672, 57.45068 ] ], [ [ 12.13672, 57.45068 ], [ 12.13708, 57.45048 ] ], [ [ 12.13708, 57.45048 ], [ 12.13759, 57.4502 ] ], [ [ 12.13759, 57.4502 ], [ 12.13957, 57.44907 ] ], [ [ 12.13957, 57.44907 ], [ 12.14091, 57.4483 ] ], [ [ 12.14091, 57.4483 ], [ 12.14651, 57.44503 ] ], [ [ 12.14651, 57.44503 ], [ 12.14659, 57.44498 ] ], [ [ 12.14659, 57.44498 ], [ 12.14927, 57.44341 ] ], [ [ 12.14927, 57.44341 ], [ 12.15111, 57.44231 ] ], [ [ 12.15111, 57.44231 ], [ 12.1522, 57.44162 ] ], [ [ 12.1522, 57.44162 ], [ 12.15267, 57.44129 ] ], [ [ 12.15267, 57.44129 ], [ 12.15365, 57.44061 ] ], [ [ 12.15365, 57.44061 ], [ 12.15381, 57.4405 ] ], [ [ 12.15381, 57.4405 ], [ 12.1548, 57.4398 ] ], [ [ 12.1548, 57.4398 ], [ 12.15857, 57.43709 ] ], [ [ 12.15857, 57.43709 ], [ 12.159, 57.43672 ] ], [ [ 12.159, 57.43672 ], [ 12.15944, 57.43634 ] ], [ [ 12.15944, 57.43634 ], [ 12.16045, 57.43544 ] ], [ [ 12.16045, 57.43544 ], [ 12.16298, 57.4326 ] ], [ [ 12.16298, 57.4326 ], [ 12.16403, 57.43108 ], [ 12.1658, 57.42714 ] ], [ [ 12.16618, 57.42395 ], [ 12.16584, 57.42122 ], [ 12.16504, 57.4187 ], [ 12.16334, 57.4157 ], [ 12.16183, 57.4138 ] ], [ [ 12.16183, 57.4138 ], [ 12.16172, 57.41368 ] ], [ [ 12.16172, 57.41368 ], [ 12.16131, 57.4132 ] ], [ [ 12.16131, 57.4132 ], [ 12.1597, 57.41164 ] ], [ [ 12.1597, 57.41164 ], [ 12.15962, 57.41156 ] ], [ [ 12.15962, 57.41156 ], [ 12.15957, 57.41152 ] ], [ [ 12.15957, 57.41152 ], [ 12.15812, 57.41017 ] ], [ [ 12.15812, 57.41017 ], [ 12.15699, 57.40911 ] ], [ [ 12.14068, 57.39399 ], [ 12.14022, 57.39356 ] ], [ [ 12.14022, 57.39356 ], [ 12.13888, 57.39232 ] ], [ [ 12.13888, 57.39232 ], [ 12.13876, 57.3922 ] ], [ [ 12.13876, 57.3922 ], [ 12.13875, 57.39219 ] ], [ [ 12.13875, 57.39219 ], [ 12.13855, 57.392 ] ], [ [ 12.13855, 57.392 ], [ 12.13556, 57.38915 ] ], [ [ 12.13556, 57.38915 ], [ 12.13515, 57.38867 ] ], [ [ 12.13515, 57.38867 ], [ 12.13386, 57.38717 ] ], [ [ 12.13386, 57.38717 ], [ 12.13245, 57.38504 ] ], [ [ 12.13245, 57.38504 ], [ 12.1312, 57.38228 ] ], [ [ 12.1312, 57.38228 ], [ 12.13114, 57.38209 ] ], [ [ 12.13114, 57.38209 ], [ 12.13067, 57.38043 ] ], [ [ 12.13067, 57.38043 ], [ 12.13058, 57.37991 ] ], [ [ 12.13058, 57.37991 ], [ 12.13056, 57.37983 ] ], [ [ 12.13056, 57.37983 ], [ 12.13038, 57.37754 ] ], [ [ 12.13038, 57.37754 ], [ 12.13067, 57.37468 ] ], [ [ 12.13067, 57.37468 ], [ 12.13104, 57.37339 ] ], [ [ 12.13104, 57.37339 ], [ 12.13137, 57.37232 ] ], [ [ 12.13137, 57.37232 ], [ 12.13217, 57.37059 ] ], [ [ 12.13217, 57.37059 ], [ 12.13431, 57.36614 ] ], [ [ 12.13431, 57.36614 ], [ 12.13482, 57.36511 ] ], [ [ 12.13482, 57.36511 ], [ 12.13495, 57.36485 ] ], [ [ 12.13495, 57.36485 ], [ 12.13579, 57.36311 ] ], [ [ 12.13579, 57.36311 ], [ 12.13583, 57.36303 ] ], [ [ 12.13583, 57.36303 ], [ 12.13591, 57.36286 ] ], [ [ 12.13591, 57.36286 ], [ 12.13653, 57.36164 ] ], [ [ 12.13653, 57.36164 ], [ 12.13733, 57.36009 ] ], [ [ 12.13733, 57.36009 ], [ 12.13883, 57.35784 ] ], [ [ 12.15737, 57.34477 ], [ 12.15751, 57.34468 ] ], [ [ 12.15751, 57.34468 ], [ 12.15925, 57.34346 ] ], [ [ 12.15925, 57.34346 ], [ 12.15932, 57.34341 ] ], [ [ 12.15932, 57.34341 ], [ 12.16279, 57.34048 ] ], [ [ 12.16279, 57.34048 ], [ 12.16487, 57.33819 ], [ 12.16715, 57.3344 ] ], [ [ 12.16715, 57.3344 ], [ 12.16716, 57.33438 ] ], [ [ 12.16716, 57.33438 ], [ 12.16724, 57.33422 ] ], [ [ 12.16724, 57.33422 ], [ 12.16742, 57.33385 ] ], [ [ 12.16742, 57.33385 ], [ 12.16784, 57.33266 ] ], [ [ 12.16784, 57.33266 ], [ 12.16791, 57.33246 ] ], [ [ 12.16791, 57.33246 ], [ 12.16829, 57.33117 ] ], [ [ 12.16829, 57.33117 ], [ 12.16862, 57.32899 ] ], [ [ 12.16862, 57.32899 ], [ 12.16863, 57.32803 ] ], [ [ 12.16863, 57.32803 ], [ 12.16863, 57.32778 ] ], [ [ 12.16863, 57.32778 ], [ 12.16864, 57.32738 ] ], [ [ 12.16864, 57.32738 ], [ 12.16864, 57.32718 ] ], [ [ 12.16864, 57.32718 ], [ 12.16865, 57.32647 ] ], [ [ 12.16865, 57.32647 ], [ 12.16866, 57.32459 ] ], [ [ 12.16866, 57.32459 ], [ 12.16866, 57.32431 ] ], [ [ 12.17078, 57.31211 ], [ 12.17078, 57.31207 ] ], [ [ 12.17078, 57.31207 ], [ 12.17079, 57.31186 ] ], [ [ 12.17079, 57.31186 ], [ 12.17079, 57.31184 ] ], [ [ 12.17079, 57.31184 ], [ 12.17081, 57.31157 ] ], [ [ 12.17081, 57.31157 ], [ 12.17083, 57.31103 ] ], [ [ 12.17083, 57.31103 ], [ 12.17004, 57.30632 ] ], [ [ 12.17004, 57.30632 ], [ 12.17002, 57.30625 ] ], [ [ 12.17002, 57.30625 ], [ 12.1699, 57.30591 ] ], [ [ 12.1699, 57.30591 ], [ 12.16951, 57.30482 ] ], [ [ 12.16896, 57.30359 ], [ 12.16885, 57.30331 ] ], [ [ 12.16885, 57.30331 ], [ 12.16837, 57.30219 ] ], [ [ 12.16837, 57.30219 ], [ 12.16671, 57.29586 ] ], [ [ 12.16671, 57.29586 ], [ 12.1667, 57.29581 ] ], [ [ 12.1667, 57.29581 ], [ 12.1667, 57.29579 ] ], [ [ 12.1667, 57.29579 ], [ 12.16666, 57.29544 ] ], [ [ 12.16666, 57.29544 ], [ 12.16654, 57.29338 ] ], [ [ 12.16655, 57.29203 ], [ 12.16663, 57.29071 ] ], [ [ 12.16663, 57.29071 ], [ 12.16664, 57.29064 ] ], [ [ 12.16664, 57.29064 ], [ 12.16675, 57.2898 ] ], [ [ 12.16675, 57.2898 ], [ 12.16677, 57.28962 ] ], [ [ 12.16677, 57.28962 ], [ 12.16679, 57.28949 ] ], [ [ 12.16679, 57.28949 ], [ 12.16683, 57.2892 ] ], [ [ 12.16683, 57.2892 ], [ 12.16688, 57.28892 ] ], [ [ 12.16688, 57.28892 ], [ 12.16702, 57.28821 ] ], [ [ 12.16702, 57.28821 ], [ 12.16758, 57.28572 ] ], [ [ 12.16758, 57.28572 ], [ 12.16855, 57.28161 ] ], [ [ 12.16855, 57.28161 ], [ 12.16866, 57.28114 ] ], [ [ 12.16866, 57.28114 ], [ 12.16871, 57.28093 ] ], [ [ 12.16871, 57.28093 ], [ 12.16924, 57.27871 ] ], [ [ 12.16924, 57.27871 ], [ 12.1697, 57.27688 ] ], [ [ 12.1697, 57.27688 ], [ 12.1699, 57.27602 ] ], [ [ 12.1699, 57.27602 ], [ 12.16996, 57.27578 ] ], [ [ 12.16996, 57.27578 ], [ 12.17019, 57.27477 ] ], [ [ 12.17019, 57.27477 ], [ 12.17105, 57.27111 ] ], [ [ 12.17105, 57.27111 ], [ 12.17113, 57.2708 ] ], [ [ 12.17113, 57.2708 ], [ 12.17165, 57.26856 ] ], [ [ 12.17165, 57.26856 ], [ 12.17172, 57.26827 ] ], [ [ 12.17172, 57.26827 ], [ 12.17176, 57.26814 ] ], [ [ 12.17176, 57.26814 ], [ 12.17205, 57.267 ] ], [ [ 12.17205, 57.267 ], [ 12.17234, 57.2659 ] ], [ [ 12.17234, 57.2659 ], [ 12.17273, 57.26474 ] ], [ [ 12.17273, 57.26474 ], [ 12.17341, 57.26303 ] ], [ [ 12.17341, 57.26303 ], [ 12.17401, 57.26163 ] ], [ [ 12.17401, 57.26163 ], [ 12.17467, 57.2601 ] ], [ [ 12.17467, 57.2601 ], [ 12.17471, 57.26 ] ], [ [ 12.17471, 57.26 ], [ 12.17514, 57.25899 ] ], [ [ 12.17514, 57.25899 ], [ 12.17516, 57.25896 ] ], [ [ 12.17516, 57.25896 ], [ 12.17726, 57.25406 ] ], [ [ 12.17726, 57.25406 ], [ 12.17733, 57.25392 ] ], [ [ 12.17733, 57.25392 ], [ 12.17751, 57.25354 ] ], [ [ 12.17751, 57.25354 ], [ 12.17754, 57.25346 ] ], [ [ 12.17754, 57.25346 ], [ 12.17807, 57.25235 ] ], [ [ 12.17807, 57.25235 ], [ 12.17862, 57.2514 ] ], [ [ 12.17862, 57.2514 ], [ 12.18068, 57.24871 ] ], [ [ 12.18068, 57.24871 ], [ 12.18076, 57.24862 ] ], [ [ 12.18076, 57.24862 ], [ 12.18082, 57.24854 ] ], [ [ 12.18082, 57.24854 ], [ 12.18357, 57.24601 ] ], [ [ 12.18357, 57.24601 ], [ 12.18624, 57.24409 ] ], [ [ 12.20819, 57.23074 ], [ 12.21167, 57.22796 ] ], [ [ 12.21167, 57.22796 ], [ 12.21207, 57.2276 ] ], [ [ 12.21207, 57.2276 ], [ 12.21257, 57.22713 ] ], [ [ 12.21257, 57.22713 ], [ 12.21313, 57.22661 ] ], [ [ 12.21313, 57.22661 ], [ 12.21523, 57.22441 ] ], [ [ 12.21523, 57.22441 ], [ 12.2153, 57.22434 ] ], [ [ 12.2153, 57.22434 ], [ 12.21585, 57.2237 ] ], [ [ 12.21585, 57.2237 ], [ 12.21606, 57.22343 ] ], [ [ 12.21606, 57.22343 ], [ 12.21799, 57.2208 ], [ 12.21986, 57.21719 ] ], [ [ 12.21986, 57.21719 ], [ 12.2206, 57.21524 ] ], [ [ 12.2206, 57.21524 ], [ 12.22085, 57.21427 ] ], [ [ 12.22085, 57.21427 ], [ 12.22087, 57.21419 ] ], [ [ 12.22087, 57.21419 ], [ 12.22125, 57.21235 ] ], [ [ 12.22125, 57.21235 ], [ 12.22126, 57.21232 ] ], [ [ 12.22126, 57.21232 ], [ 12.22139, 57.21141 ] ], [ [ 12.22139, 57.21141 ], [ 12.22173, 57.20769 ] ], [ [ 12.22173, 57.20769 ], [ 12.22189, 57.20542 ] ], [ [ 12.22189, 57.20542 ], [ 12.22189, 57.2054 ] ], [ [ 12.22189, 57.2054 ], [ 12.22197, 57.20429 ] ], [ [ 12.22197, 57.20429 ], [ 12.22232, 57.19994 ] ], [ [ 12.22232, 57.19994 ], [ 12.22242, 57.19921 ] ], [ [ 12.22242, 57.19921 ], [ 12.22337, 57.19434 ] ], [ [ 12.22337, 57.19434 ], [ 12.22349, 57.19382 ] ], [ [ 12.22349, 57.19382 ], [ 12.22372, 57.19275 ] ], [ [ 12.22372, 57.19275 ], [ 12.22471, 57.18804 ] ], [ [ 12.22471, 57.18804 ], [ 12.22515, 57.18596 ] ], [ [ 12.22515, 57.18596 ], [ 12.22561, 57.18379 ] ], [ [ 12.22561, 57.18379 ], [ 12.2258, 57.18289 ] ], [ [ 12.2258, 57.18289 ], [ 12.22591, 57.18235 ] ], [ [ 12.22591, 57.18235 ], [ 12.22629, 57.18057 ] ], [ [ 12.22629, 57.18057 ], [ 12.22765, 57.17437 ] ], [ [ 12.22765, 57.17437 ], [ 12.22767, 57.1743 ] ], [ [ 12.22767, 57.1743 ], [ 12.22781, 57.17383 ] ], [ [ 12.22781, 57.17383 ], [ 12.22789, 57.17362 ] ], [ [ 12.22789, 57.17362 ], [ 12.22836, 57.17256 ] ], [ [ 12.22836, 57.17256 ], [ 12.2284, 57.17247 ] ], [ [ 12.2284, 57.17247 ], [ 12.22859, 57.17209 ] ], [ [ 12.22859, 57.17209 ], [ 12.23044, 57.16938 ] ], [ [ 12.23044, 57.16938 ], [ 12.23199, 57.16771 ] ], [ [ 12.23199, 57.16771 ], [ 12.23242, 57.16734 ] ], [ [ 12.23242, 57.16734 ], [ 12.23335, 57.16654 ] ], [ [ 12.23335, 57.16654 ], [ 12.23494, 57.16524 ] ], [ [ 12.23494, 57.16524 ], [ 12.2386, 57.16231 ] ], [ [ 12.2386, 57.16231 ], [ 12.23942, 57.16165 ] ], [ [ 12.23942, 57.16165 ], [ 12.24153, 57.15996 ] ], [ [ 12.24153, 57.15996 ], [ 12.24496, 57.15717 ] ], [ [ 12.24496, 57.15717 ], [ 12.24537, 57.15681 ] ], [ [ 12.24537, 57.15681 ], [ 12.24825, 57.15384 ] ], [ [ 12.24825, 57.15384 ], [ 12.24913, 57.15272 ] ], [ [ 12.24913, 57.15272 ], [ 12.24945, 57.15231 ] ], [ [ 12.24945, 57.15231 ], [ 12.25011, 57.15143 ] ], [ [ 12.25011, 57.15143 ], [ 12.25039, 57.15103 ] ], [ [ 12.25039, 57.15103 ], [ 12.25121, 57.14994 ] ], [ [ 12.25121, 57.14994 ], [ 12.25138, 57.14971 ] ], [ [ 12.25138, 57.14971 ], [ 12.25165, 57.14937 ] ], [ [ 12.25165, 57.14937 ], [ 12.25188, 57.14907 ] ], [ [ 12.25188, 57.14907 ], [ 12.25244, 57.14834 ] ], [ [ 12.25244, 57.14834 ], [ 12.25305, 57.14756 ] ], [ [ 12.25305, 57.14756 ], [ 12.25306, 57.14754 ] ], [ [ 12.25306, 57.14754 ], [ 12.25314, 57.14745 ] ], [ [ 12.25314, 57.14745 ], [ 12.25333, 57.14722 ] ], [ [ 12.25333, 57.14722 ], [ 12.25346, 57.14707 ] ], [ [ 12.25346, 57.14707 ], [ 12.25431, 57.14613 ] ], [ [ 12.25431, 57.14613 ], [ 12.25537, 57.14501 ] ], [ [ 12.25537, 57.14501 ], [ 12.25628, 57.14401 ] ], [ [ 12.25628, 57.14401 ], [ 12.25635, 57.14393 ] ], [ [ 12.25635, 57.14393 ], [ 12.25666, 57.14357 ] ], [ [ 12.25666, 57.14357 ], [ 12.25676, 57.14345 ] ], [ [ 12.25676, 57.14345 ], [ 12.25737, 57.14265 ] ], [ [ 12.25737, 57.14265 ], [ 12.25794, 57.14179 ] ], [ [ 12.25794, 57.14179 ], [ 12.25827, 57.14125 ] ], [ [ 12.25827, 57.14125 ], [ 12.25857, 57.14066 ] ], [ [ 12.25857, 57.14066 ], [ 12.25858, 57.14064 ] ], [ [ 12.25858, 57.14064 ], [ 12.25876, 57.14028 ] ], [ [ 12.25876, 57.14028 ], [ 12.25919, 57.13918 ] ], [ [ 12.32197, 57.07771 ], [ 12.32377, 57.0775 ] ], [ [ 12.32377, 57.0775 ], [ 12.32446, 57.07742 ] ], [ [ 12.32446, 57.07742 ], [ 12.32538, 57.07729 ] ], [ [ 12.32538, 57.07729 ], [ 12.32703, 57.07703 ] ], [ [ 12.32703, 57.07703 ], [ 12.32744, 57.07697 ] ], [ [ 12.32744, 57.07697 ], [ 12.32847, 57.07679 ] ], [ [ 12.32847, 57.07679 ], [ 12.33005, 57.07647 ] ], [ [ 12.33005, 57.07647 ], [ 12.33243, 57.07592 ] ], [ [ 12.33243, 57.07592 ], [ 12.33286, 57.07581 ] ], [ [ 12.33286, 57.07581 ], [ 12.33337, 57.07568 ] ], [ [ 12.33337, 57.07568 ], [ 12.3354, 57.0751 ] ], [ [ 12.3354, 57.0751 ], [ 12.3365, 57.07476 ] ], [ [ 12.3365, 57.07476 ], [ 12.3367, 57.07469 ] ], [ [ 12.3367, 57.07469 ], [ 12.3396, 57.07366 ] ], [ [ 12.3396, 57.07366 ], [ 12.34587, 57.07064 ] ], [ [ 12.34587, 57.07064 ], [ 12.34669, 57.07015 ] ], [ [ 12.34669, 57.07015 ], [ 12.3469, 57.07001 ] ], [ [ 12.3469, 57.07001 ], [ 12.34755, 57.06959 ] ], [ [ 12.34755, 57.06959 ], [ 12.35038, 57.06752 ], [ 12.35325, 57.06469 ] ], [ [ 12.35325, 57.06469 ], [ 12.3543, 57.06344 ] ], [ [ 12.3543, 57.06344 ], [ 12.35526, 57.06216 ] ], [ [ 12.35526, 57.06216 ], [ 12.35699, 57.05978 ] ], [ [ 12.35699, 57.05978 ], [ 12.36147, 57.05229 ] ], [ [ 12.36147, 57.05229 ], [ 12.36262, 57.05016 ] ], [ [ 12.36262, 57.05016 ], [ 12.36285, 57.04979 ] ], [ [ 12.36285, 57.04979 ], [ 12.36492, 57.04706 ] ], [ [ 12.36492, 57.04706 ], [ 12.36567, 57.04626 ] ], [ [ 12.36567, 57.04626 ], [ 12.36668, 57.04533 ] ], [ [ 12.36668, 57.04533 ], [ 12.36811, 57.04409 ] ], [ [ 12.36811, 57.04409 ], [ 12.36856, 57.04371 ] ], [ [ 12.36856, 57.04371 ], [ 12.36861, 57.04367 ] ], [ [ 12.36861, 57.04367 ], [ 12.3693, 57.04309 ] ], [ [ 12.3693, 57.04309 ], [ 12.37314, 57.03948 ] ], [ [ 12.37314, 57.03948 ], [ 12.37438, 57.03817 ] ], [ [ 12.37438, 57.03817 ], [ 12.37674, 57.03575 ] ], [ [ 12.37674, 57.03575 ], [ 12.37681, 57.03568 ] ], [ [ 12.37681, 57.03568 ], [ 12.37928, 57.03331 ] ], [ [ 12.37928, 57.03331 ], [ 12.38222, 57.03061 ] ], [ [ 12.38222, 57.03061 ], [ 12.38406, 57.02894 ] ], [ [ 12.38406, 57.02894 ], [ 12.3846, 57.02845 ] ], [ [ 12.3846, 57.02845 ], [ 12.38462, 57.02843 ] ], [ [ 12.38462, 57.02843 ], [ 12.38693, 57.02607 ] ], [ [ 12.38693, 57.02607 ], [ 12.38741, 57.02555 ] ], [ [ 12.38741, 57.02555 ], [ 12.38745, 57.02551 ] ], [ [ 12.39963, 57.00824 ], [ 12.39988, 57.00793 ] ], [ [ 12.39988, 57.00793 ], [ 12.40121, 57.00622 ] ], [ [ 12.40121, 57.00622 ], [ 12.4013, 57.0061 ] ], [ [ 12.4013, 57.0061 ], [ 12.40213, 57.00504 ] ], [ [ 12.40213, 57.00504 ], [ 12.40236, 57.00475 ] ], [ [ 12.40236, 57.00475 ], [ 12.40303, 57.00389 ] ], [ [ 12.40303, 57.00389 ], [ 12.40369, 57.00304 ] ], [ [ 12.40369, 57.00304 ], [ 12.40493, 57.00154 ] ], [ [ 12.40493, 57.00154 ], [ 12.40729, 56.99867 ] ], [ [ 12.40729, 56.99867 ], [ 12.40951, 56.99617 ] ], [ [ 12.40951, 56.99617 ], [ 12.41083, 56.99468 ] ], [ [ 12.41083, 56.99468 ], [ 12.41132, 56.99416 ] ], [ [ 12.41132, 56.99416 ], [ 12.4137, 56.99164 ] ], [ [ 12.4137, 56.99164 ], [ 12.41494, 56.99031 ] ], [ [ 12.41494, 56.99031 ], [ 12.41569, 56.98946 ] ], [ [ 12.41569, 56.98946 ], [ 12.41616, 56.98894 ] ], [ [ 12.41616, 56.98894 ], [ 12.42276, 56.98166 ] ], [ [ 12.42276, 56.98166 ], [ 12.4232, 56.98117 ] ], [ [ 12.4232, 56.98117 ], [ 12.42423, 56.98006 ] ], [ [ 12.42423, 56.98006 ], [ 12.42489, 56.97936 ] ], [ [ 12.42489, 56.97936 ], [ 12.42667, 56.97774 ] ], [ [ 12.42667, 56.97774 ], [ 12.4273, 56.97723 ] ], [ [ 12.4273, 56.97723 ], [ 12.42803, 56.97667 ] ], [ [ 12.42803, 56.97667 ], [ 12.42894, 56.97604 ] ], [ [ 12.42894, 56.97604 ], [ 12.44106, 56.9678 ] ], [ [ 12.44106, 56.9678 ], [ 12.44205, 56.96713 ] ], [ [ 12.44205, 56.96713 ], [ 12.44245, 56.96686 ] ], [ [ 12.44245, 56.96686 ], [ 12.44439, 56.96552 ] ], [ [ 12.44439, 56.96552 ], [ 12.4451, 56.96498 ] ], [ [ 12.4451, 56.96498 ], [ 12.44675, 56.96368 ] ], [ [ 12.44675, 56.96368 ], [ 12.44785, 56.96272 ] ], [ [ 12.44785, 56.96272 ], [ 12.45153, 56.95863 ], [ 12.45403, 56.95409 ] ], [ [ 12.45779, 56.94261 ], [ 12.45817, 56.94167 ] ], [ [ 12.45817, 56.94167 ], [ 12.45891, 56.93997 ] ], [ [ 12.45891, 56.93997 ], [ 12.46174, 56.93584 ] ], [ [ 12.46174, 56.93584 ], [ 12.46186, 56.93572 ] ], [ [ 12.46186, 56.93572 ], [ 12.46411, 56.9335 ] ], [ [ 12.46411, 56.9335 ], [ 12.46708, 56.93125 ] ], [ [ 12.46708, 56.93125 ], [ 12.46875, 56.9302 ] ], [ [ 12.46875, 56.9302 ], [ 12.47223, 56.92829 ] ], [ [ 12.47223, 56.92829 ], [ 12.47233, 56.92824 ] ], [ [ 12.47233, 56.92824 ], [ 12.47622, 56.92624 ] ], [ [ 12.47622, 56.92624 ], [ 12.48179, 56.92399 ], [ 12.48646, 56.92262 ] ], [ [ 12.48646, 56.92262 ], [ 12.492, 56.92145 ] ], [ [ 12.53513, 56.91753 ], [ 12.53965, 56.91715 ] ], [ [ 12.53965, 56.91715 ], [ 12.54185, 56.9169 ] ], [ [ 12.54185, 56.9169 ], [ 12.54567, 56.91632 ] ], [ [ 12.54567, 56.91632 ], [ 12.54976, 56.91548 ] ], [ [ 12.54976, 56.91548 ], [ 12.55403, 56.91434 ] ], [ [ 12.55403, 56.91434 ], [ 12.55547, 56.9139 ] ], [ [ 12.55547, 56.9139 ], [ 12.55888, 56.91268 ] ], [ [ 12.55888, 56.91268 ], [ 12.56306, 56.91083 ] ], [ [ 12.56306, 56.91083 ], [ 12.56573, 56.9094 ] ], [ [ 12.56573, 56.9094 ], [ 12.5683, 56.90775 ] ], [ [ 12.5683, 56.90775 ], [ 12.57059, 56.90604 ] ], [ [ 12.57059, 56.90604 ], [ 12.57488, 56.90175 ] ], [ [ 12.57488, 56.90175 ], [ 12.57505, 56.90153 ] ], [ [ 12.57505, 56.90153 ], [ 12.57725, 56.8984 ] ], [ [ 12.57725, 56.8984 ], [ 12.57873, 56.89634 ] ], [ [ 12.58337, 56.89186 ], [ 12.58403, 56.89138 ] ], [ [ 12.58403, 56.89138 ], [ 12.58453, 56.89104 ] ], [ [ 12.58453, 56.89104 ], [ 12.58721, 56.88942 ] ], [ [ 12.58721, 56.88942 ], [ 12.5938, 56.88646 ] ], [ [ 12.5938, 56.88646 ], [ 12.59491, 56.88608 ] ], [ [ 12.59491, 56.88608 ], [ 12.59846, 56.88498 ] ], [ [ 12.59846, 56.88498 ], [ 12.5993, 56.88476 ] ], [ [ 12.5993, 56.88476 ], [ 12.60162, 56.8842 ] ], [ [ 12.60162, 56.8842 ], [ 12.60549, 56.88343 ] ], [ [ 12.60549, 56.88343 ], [ 12.6057, 56.8834 ] ], [ [ 12.6057, 56.8834 ], [ 12.60696, 56.8832 ] ], [ [ 12.60696, 56.8832 ], [ 12.6095, 56.88283 ] ], [ [ 12.6095, 56.88283 ], [ 12.61076, 56.88265 ] ], [ [ 12.61076, 56.88265 ], [ 12.61256, 56.8824 ] ], [ [ 12.61256, 56.8824 ], [ 12.61796, 56.88161 ] ], [ [ 12.61796, 56.88161 ], [ 12.619, 56.88143 ] ], [ [ 12.619, 56.88143 ], [ 12.62213, 56.88084 ] ], [ [ 12.62213, 56.88084 ], [ 12.62911, 56.87901 ] ], [ [ 12.62911, 56.87901 ], [ 12.63036, 56.87861 ] ], [ [ 12.63036, 56.87861 ], [ 12.63141, 56.87825 ] ], [ [ 12.63141, 56.87825 ], [ 12.63771, 56.8759 ] ], [ [ 12.65263, 56.87047 ], [ 12.65318, 56.87028 ] ], [ [ 12.65318, 56.87028 ], [ 12.65415, 56.86995 ] ], [ [ 12.65415, 56.86995 ], [ 12.65894, 56.8678 ] ], [ [ 12.65894, 56.8678 ], [ 12.65973, 56.86736 ] ], [ [ 12.65973, 56.86736 ], [ 12.66052, 56.86687 ] ], [ [ 12.66052, 56.86687 ], [ 12.66346, 56.86502 ] ], [ [ 12.66346, 56.86502 ], [ 12.66498, 56.86405 ] ], [ [ 12.66498, 56.86405 ], [ 12.6658, 56.86353 ] ], [ [ 12.6658, 56.86353 ], [ 12.66732, 56.86256 ] ], [ [ 12.66732, 56.86256 ], [ 12.66788, 56.8622 ] ], [ [ 12.66788, 56.8622 ], [ 12.66921, 56.86132 ] ], [ [ 12.66921, 56.86132 ], [ 12.66978, 56.86093 ] ], [ [ 12.66978, 56.86093 ], [ 12.6733, 56.85785 ] ], [ [ 12.6733, 56.85785 ], [ 12.67343, 56.8577 ] ], [ [ 12.67343, 56.8577 ], [ 12.67379, 56.85725 ] ], [ [ 12.67379, 56.85725 ], [ 12.67665, 56.85385 ] ], [ [ 12.67665, 56.85385 ], [ 12.67713, 56.85339 ] ], [ [ 12.67713, 56.85339 ], [ 12.68098, 56.85069 ] ], [ [ 12.68098, 56.85069 ], [ 12.68488, 56.84897 ] ], [ [ 12.68488, 56.84897 ], [ 12.68591, 56.84866 ] ], [ [ 12.68591, 56.84866 ], [ 12.68776, 56.8481 ] ], [ [ 12.68776, 56.8481 ], [ 12.68932, 56.84763 ] ], [ [ 12.68932, 56.84763 ], [ 12.69309, 56.84653 ] ], [ [ 12.69309, 56.84653 ], [ 12.69501, 56.84588 ] ], [ [ 12.69501, 56.84588 ], [ 12.69614, 56.84542 ] ], [ [ 12.69614, 56.84542 ], [ 12.69965, 56.84376 ] ], [ [ 12.69965, 56.84376 ], [ 12.69977, 56.84369 ] ], [ [ 12.69977, 56.84369 ], [ 12.70258, 56.84204 ] ], [ [ 12.70258, 56.84204 ], [ 12.70414, 56.8411 ] ], [ [ 12.70414, 56.8411 ], [ 12.70417, 56.84108 ] ], [ [ 12.70417, 56.84108 ], [ 12.70587, 56.84005 ] ], [ [ 12.70587, 56.84005 ], [ 12.70828, 56.83859 ] ], [ [ 12.70828, 56.83859 ], [ 12.70959, 56.83776 ] ], [ [ 12.70959, 56.83776 ], [ 12.71078, 56.83701 ] ], [ [ 12.71078, 56.83701 ], [ 12.71349, 56.83466 ] ], [ [ 12.71349, 56.83466 ], [ 12.71531, 56.8321 ] ], [ [ 12.71531, 56.8321 ], [ 12.71565, 56.83134 ] ], [ [ 12.71565, 56.83134 ], [ 12.71587, 56.83079 ] ], [ [ 12.71587, 56.83079 ], [ 12.71622, 56.8271 ] ], [ [ 12.71622, 56.8271 ], [ 12.7162, 56.82692 ] ], [ [ 12.7162, 56.82692 ], [ 12.71588, 56.82553 ] ], [ [ 12.71588, 56.82553 ], [ 12.71585, 56.82541 ] ], [ [ 12.71585, 56.82541 ], [ 12.71584, 56.82537 ] ], [ [ 12.71584, 56.82537 ], [ 12.71571, 56.8248 ] ], [ [ 12.71571, 56.8248 ], [ 12.71533, 56.82321 ] ], [ [ 12.71533, 56.82321 ], [ 12.71531, 56.82304 ] ], [ [ 12.71531, 56.82304 ], [ 12.71547, 56.82007 ] ], [ [ 12.71547, 56.82007 ], [ 12.71725, 56.81643 ] ], [ [ 12.71725, 56.81643 ], [ 12.71979, 56.81352 ] ], [ [ 12.71979, 56.81352 ], [ 12.72044, 56.81281 ] ], [ [ 12.72044, 56.81281 ], [ 12.72045, 56.81279 ] ], [ [ 12.72045, 56.81279 ], [ 12.72168, 56.81142 ] ], [ [ 12.72168, 56.81142 ], [ 12.72702, 56.8054 ] ], [ [ 12.72702, 56.8054 ], [ 12.72774, 56.80435 ] ], [ [ 12.72774, 56.80435 ], [ 12.72869, 56.80222 ], [ 12.72902, 56.80029 ] ], [ [ 12.72782, 56.78481 ], [ 12.72766, 56.7829 ] ], [ [ 12.72766, 56.7829 ], [ 12.72764, 56.78197 ] ], [ [ 12.72764, 56.78197 ], [ 12.72765, 56.7817 ] ], [ [ 12.72765, 56.7817 ], [ 12.72776, 56.78082 ] ], [ [ 12.72776, 56.78082 ], [ 12.7278, 56.78065 ] ], [ [ 12.7278, 56.78065 ], [ 12.72783, 56.78052 ] ], [ [ 12.72783, 56.78052 ], [ 12.72879, 56.77809 ] ], [ [ 12.72879, 56.77809 ], [ 12.73032, 56.77602 ] ], [ [ 12.73032, 56.77602 ], [ 12.73043, 56.77591 ] ], [ [ 12.73043, 56.77591 ], [ 12.73386, 56.77319 ], [ 12.73776, 56.77128 ] ], [ [ 12.73776, 56.77128 ], [ 12.73928, 56.77073 ] ], [ [ 12.73928, 56.77073 ], [ 12.74084, 56.77024 ] ], [ [ 12.74923, 56.76879 ], [ 12.76765, 56.76701 ] ], [ [ 12.76765, 56.76701 ], [ 12.7696, 56.76682 ] ], [ [ 12.7696, 56.76682 ], [ 12.77, 56.76678 ] ], [ [ 12.77, 56.76678 ], [ 12.77046, 56.76674 ] ], [ [ 12.77046, 56.76674 ], [ 12.77345, 56.76645 ] ], [ [ 12.77345, 56.76645 ], [ 12.77349, 56.76644 ] ], [ [ 12.77349, 56.76644 ], [ 12.77921, 56.76589 ] ], [ [ 12.77921, 56.76589 ], [ 12.78529, 56.7653 ] ], [ [ 12.78529, 56.7653 ], [ 12.79258, 56.7646 ] ], [ [ 12.79258, 56.7646 ], [ 12.79321, 56.76454 ] ], [ [ 12.79321, 56.76454 ], [ 12.79345, 56.76452 ] ], [ [ 12.79345, 56.76452 ], [ 12.79459, 56.76441 ] ], [ [ 12.79459, 56.76441 ], [ 12.80203, 56.76374 ] ], [ [ 12.80203, 56.76374 ], [ 12.80414, 56.76367 ] ], [ [ 12.80781, 56.76376 ], [ 12.80948, 56.7639 ] ], [ [ 12.80948, 56.7639 ], [ 12.82026, 56.76528 ] ], [ [ 12.82026, 56.76528 ], [ 12.82052, 56.7653 ] ], [ [ 12.82052, 56.7653 ], [ 12.82126, 56.76535 ] ], [ [ 12.82126, 56.76535 ], [ 12.82448, 56.76543 ], [ 12.82845, 56.76517 ] ], [ [ 12.82845, 56.76517 ], [ 12.82951, 56.76504 ] ], [ [ 12.82951, 56.76504 ], [ 12.8306, 56.76487 ] ], [ [ 12.8306, 56.76487 ], [ 12.83118, 56.76477 ] ], [ [ 12.83118, 56.76477 ], [ 12.83161, 56.76468 ] ], [ [ 12.83161, 56.76468 ], [ 12.83271, 56.76445 ] ], [ [ 12.83271, 56.76445 ], [ 12.83517, 56.76381 ] ], [ [ 12.83517, 56.76381 ], [ 12.83605, 56.76357 ] ], [ [ 12.83605, 56.76357 ], [ 12.83904, 56.76253 ] ], [ [ 12.83904, 56.76253 ], [ 12.84239, 56.76097 ] ], [ [ 12.84239, 56.76097 ], [ 12.84327, 56.76047 ] ], [ [ 12.84327, 56.76047 ], [ 12.84558, 56.75894 ] ], [ [ 12.84558, 56.75894 ], [ 12.84889, 56.75626 ] ], [ [ 12.84889, 56.75626 ], [ 12.85055, 56.75511 ] ], [ [ 12.85055, 56.75511 ], [ 12.85339, 56.7534 ] ], [ [ 12.85339, 56.7534 ], [ 12.8535, 56.75333 ] ], [ [ 12.8535, 56.75333 ], [ 12.85365, 56.75323 ] ], [ [ 12.85365, 56.75323 ], [ 12.85577, 56.75187 ] ], [ [ 12.86211, 56.74731 ], [ 12.86398, 56.74586 ] ], [ [ 12.86398, 56.74586 ], [ 12.86463, 56.74529 ] ], [ [ 12.86463, 56.74529 ], [ 12.86744, 56.74289 ] ], [ [ 12.86744, 56.74289 ], [ 12.86866, 56.74183 ] ], [ [ 12.86866, 56.74183 ], [ 12.86915, 56.74138 ] ], [ [ 12.86915, 56.74138 ], [ 12.87005, 56.74057 ] ], [ [ 12.87005, 56.74057 ], [ 12.87209, 56.73857 ] ], [ [ 12.87209, 56.73857 ], [ 12.87368, 56.73701 ] ], [ [ 12.87368, 56.73701 ], [ 12.87458, 56.73611 ] ], [ [ 12.87458, 56.73611 ], [ 12.87512, 56.73554 ] ], [ [ 12.87512, 56.73554 ], [ 12.87543, 56.73522 ] ], [ [ 12.87543, 56.73522 ], [ 12.87552, 56.73513 ] ], [ [ 12.87552, 56.73513 ], [ 12.87646, 56.73405 ] ], [ [ 12.87646, 56.73405 ], [ 12.87672, 56.73374 ] ], [ [ 12.87672, 56.73374 ], [ 12.88022, 56.72939 ] ], [ [ 12.88022, 56.72939 ], [ 12.88046, 56.72908 ] ], [ [ 12.88046, 56.72908 ], [ 12.88189, 56.72706 ] ], [ [ 12.88189, 56.72706 ], [ 12.88201, 56.72688 ] ], [ [ 12.88201, 56.72688 ], [ 12.88788, 56.7175 ] ], [ [ 12.88788, 56.7175 ], [ 12.88854, 56.71662 ] ], [ [ 12.88854, 56.71662 ], [ 12.89122, 56.71354 ] ], [ [ 12.89122, 56.71354 ], [ 12.89183, 56.71265 ] ], [ [ 12.89183, 56.71265 ], [ 12.89251, 56.71141 ] ], [ [ 12.89251, 56.71141 ], [ 12.89327, 56.70784 ] ], [ [ 12.89327, 56.70784 ], [ 12.89328, 56.70778 ] ], [ [ 12.89328, 56.70778 ], [ 12.89302, 56.70541 ] ], [ [ 12.89302, 56.70541 ], [ 12.89273, 56.70271 ] ], [ [ 12.89273, 56.70271 ], [ 12.8933, 56.69961 ] ], [ [ 12.8933, 56.69961 ], [ 12.89365, 56.69888 ] ], [ [ 12.89365, 56.69888 ], [ 12.89371, 56.69874 ] ], [ [ 12.89371, 56.69874 ], [ 12.89442, 56.69727 ] ], [ [ 12.89442, 56.69727 ], [ 12.89564, 56.69471 ] ], [ [ 12.89564, 56.69471 ], [ 12.89603, 56.69383 ] ], [ [ 12.89603, 56.69383 ], [ 12.89603, 56.69382 ] ], [ [ 12.89603, 56.69382 ], [ 12.89602, 56.6909 ] ], [ [ 12.89602, 56.6909 ], [ 12.89561, 56.68989 ] ], [ [ 12.89561, 56.68989 ], [ 12.89389, 56.6877 ] ], [ [ 12.89389, 56.6877 ], [ 12.8938, 56.68762 ] ], [ [ 12.8938, 56.68762 ], [ 12.89294, 56.6869 ] ], [ [ 12.9186, 56.63607 ], [ 12.91966, 56.6355 ] ], [ [ 12.91966, 56.6355 ], [ 12.92011, 56.63526 ] ], [ [ 12.92011, 56.63526 ], [ 12.92753, 56.63127 ] ], [ [ 12.92753, 56.63127 ], [ 12.93043, 56.6297 ] ], [ [ 12.93043, 56.6297 ], [ 12.93412, 56.62771 ] ], [ [ 12.93412, 56.62771 ], [ 12.93608, 56.62666 ] ], [ [ 12.93608, 56.62666 ], [ 12.93616, 56.62661 ] ], [ [ 12.93616, 56.62661 ], [ 12.93753, 56.62588 ] ], [ [ 12.93753, 56.62588 ], [ 12.93882, 56.62518 ] ], [ [ 12.93882, 56.62518 ], [ 12.93996, 56.62457 ] ], [ [ 12.93996, 56.62457 ], [ 12.94214, 56.6234 ] ], [ [ 12.94214, 56.6234 ], [ 12.94288, 56.623 ] ], [ [ 12.94288, 56.623 ], [ 12.94289, 56.623 ] ], [ [ 12.94289, 56.623 ], [ 12.94353, 56.62265 ] ], [ [ 12.94353, 56.62265 ], [ 12.94458, 56.62212 ] ], [ [ 12.94458, 56.62212 ], [ 12.9451, 56.62185 ] ], [ [ 12.9451, 56.62185 ], [ 12.94559, 56.62159 ] ], [ [ 12.94559, 56.62159 ], [ 12.94589, 56.62143 ] ], [ [ 12.94589, 56.62143 ], [ 12.94594, 56.6214 ] ], [ [ 12.94594, 56.6214 ], [ 12.94659, 56.62106 ] ], [ [ 12.94659, 56.62106 ], [ 12.94793, 56.62033 ] ], [ [ 12.94793, 56.62033 ], [ 12.94911, 56.61969 ] ], [ [ 12.94911, 56.61969 ], [ 12.9492, 56.61964 ] ], [ [ 12.9492, 56.61964 ], [ 12.94955, 56.61946 ] ], [ [ 12.94955, 56.61946 ], [ 12.95144, 56.61844 ] ], [ [ 12.95144, 56.61844 ], [ 12.95269, 56.61777 ] ], [ [ 12.95269, 56.61777 ], [ 12.95343, 56.61737 ] ], [ [ 12.95343, 56.61737 ], [ 12.95389, 56.61712 ] ], [ [ 12.95389, 56.61712 ], [ 12.95493, 56.61657 ] ], [ [ 12.95493, 56.61657 ], [ 12.95508, 56.61649 ] ], [ [ 12.95508, 56.61649 ], [ 12.9556, 56.61622 ] ], [ [ 12.9556, 56.61622 ], [ 12.95567, 56.61617 ] ], [ [ 12.95567, 56.61617 ], [ 12.95619, 56.61589 ] ], [ [ 12.95619, 56.61589 ], [ 12.95624, 56.61587 ] ], [ [ 12.95624, 56.61587 ], [ 12.95687, 56.61553 ] ], [ [ 12.95687, 56.61553 ], [ 12.95746, 56.61521 ] ], [ [ 12.95746, 56.61521 ], [ 12.95761, 56.61514 ] ], [ [ 12.95761, 56.61514 ], [ 12.95771, 56.61508 ] ], [ [ 12.95771, 56.61508 ], [ 12.95794, 56.61495 ] ], [ [ 12.95794, 56.61495 ], [ 12.95798, 56.61493 ] ], [ [ 12.95798, 56.61493 ], [ 12.95834, 56.61474 ] ], [ [ 12.95834, 56.61474 ], [ 12.9598, 56.61394 ] ], [ [ 12.9598, 56.61394 ], [ 12.96053, 56.61353 ] ], [ [ 12.96053, 56.61353 ], [ 12.96077, 56.6134 ] ], [ [ 12.96077, 56.6134 ], [ 12.96186, 56.61281 ] ], [ [ 12.96186, 56.61281 ], [ 12.96848, 56.60924 ] ], [ [ 12.96848, 56.60924 ], [ 12.9691, 56.60891 ] ], [ [ 12.9691, 56.60891 ], [ 12.97248, 56.60709 ] ], [ [ 12.97248, 56.60709 ], [ 12.97256, 56.60704 ] ], [ [ 12.97256, 56.60704 ], [ 12.97264, 56.607 ] ], [ [ 12.97264, 56.607 ], [ 12.97523, 56.60561 ] ], [ [ 12.97523, 56.60561 ], [ 12.98286, 56.60145 ] ], [ [ 12.98286, 56.60145 ], [ 12.98328, 56.60121 ] ], [ [ 12.98328, 56.60121 ], [ 12.98345, 56.60111 ] ], [ [ 12.98345, 56.60111 ], [ 12.98464, 56.60037 ] ], [ [ 12.98464, 56.60037 ], [ 12.98539, 56.5999 ] ], [ [ 12.98539, 56.5999 ], [ 12.9867, 56.59898 ] ], [ [ 12.9867, 56.59898 ], [ 12.98711, 56.5987 ] ], [ [ 12.98711, 56.5987 ], [ 12.99143, 56.59561 ] ], [ [ 12.07929, 57.48054 ], [ 12.07922, 57.47978 ] ], [ [ 12.07922, 57.47978 ], [ 12.07915, 57.47911 ] ], [ [ 12.07915, 57.47911 ], [ 12.0791, 57.47856 ] ], [ [ 12.0791, 57.47856 ], [ 12.07908, 57.47828 ] ], [ [ 12.07908, 57.47828 ], [ 12.07889, 57.47587 ] ], [ [ 12.07889, 57.47587 ], [ 12.0789, 57.47579 ] ], [ [ 12.0789, 57.47579 ], [ 12.07891, 57.47534 ] ], [ [ 12.07891, 57.47534 ], [ 12.08011, 57.47163 ], [ 12.08181, 57.46938 ], [ 12.08337, 57.46797 ] ], [ [ 12.08337, 57.46797 ], [ 12.08421, 57.46736 ] ], [ [ 12.08636, 57.46597 ], [ 12.08895, 57.46465 ] ], [ [ 12.08895, 57.46465 ], [ 12.09125, 57.46373 ] ], [ [ 12.09125, 57.46373 ], [ 12.092, 57.46344 ] ], [ [ 12.092, 57.46344 ], [ 12.09438, 57.46258 ] ], [ [ 12.09438, 57.46258 ], [ 12.0992, 57.46121 ] ], [ [ 12.0992, 57.46121 ], [ 12.09981, 57.46107 ] ], [ [ 12.09981, 57.46107 ], [ 12.10212, 57.46063 ] ], [ [ 12.10212, 57.46063 ], [ 12.10606, 57.46004 ] ], [ [ 12.10606, 57.46004 ], [ 12.10674, 57.45994 ] ], [ [ 12.10674, 57.45994 ], [ 12.1098, 57.4595 ] ], [ [ 12.1098, 57.4595 ], [ 12.11109, 57.45928 ] ], [ [ 12.11109, 57.45928 ], [ 12.11294, 57.45893 ] ], [ [ 12.11294, 57.45893 ], [ 12.11578, 57.45822 ] ], [ [ 12.11578, 57.45822 ], [ 12.1179, 57.45757 ] ], [ [ 12.1179, 57.45757 ], [ 12.12047, 57.45674 ] ], [ [ 12.12047, 57.45674 ], [ 12.12842, 57.45415 ] ], [ [ 12.12842, 57.45415 ], [ 12.13248, 57.45261 ] ], [ [ 12.13248, 57.45261 ], [ 12.13262, 57.45255 ] ], [ [ 12.13262, 57.45255 ], [ 12.13296, 57.45241 ] ], [ [ 12.13296, 57.45241 ], [ 12.13543, 57.45125 ] ], [ [ 12.13543, 57.45125 ], [ 12.13573, 57.4511 ] ], [ [ 12.13573, 57.4511 ], [ 12.13601, 57.45095 ] ], [ [ 12.13601, 57.45095 ], [ 12.13615, 57.45088 ] ], [ [ 12.13615, 57.45088 ], [ 12.13665, 57.45062 ] ], [ [ 12.13665, 57.45062 ], [ 12.13697, 57.45044 ] ], [ [ 12.13697, 57.45044 ], [ 12.13752, 57.45014 ] ], [ [ 12.13752, 57.45014 ], [ 12.1379, 57.44993 ] ], [ [ 12.1379, 57.44993 ], [ 12.1395, 57.44903 ] ], [ [ 12.1395, 57.44903 ], [ 12.14085, 57.44826 ] ], [ [ 12.14085, 57.44826 ], [ 12.1425, 57.44731 ] ], [ [ 12.1425, 57.44731 ], [ 12.14645, 57.44499 ] ], [ [ 12.14645, 57.44499 ], [ 12.14653, 57.44495 ] ], [ [ 12.14653, 57.44495 ], [ 12.14921, 57.44338 ] ], [ [ 12.14921, 57.44338 ], [ 12.15105, 57.44228 ] ], [ [ 12.15105, 57.44228 ], [ 12.15213, 57.44158 ] ], [ [ 12.15213, 57.44158 ], [ 12.15261, 57.44126 ] ], [ [ 12.15261, 57.44126 ], [ 12.15359, 57.44058 ] ], [ [ 12.15359, 57.44058 ], [ 12.15375, 57.44047 ] ], [ [ 12.15375, 57.44047 ], [ 12.15473, 57.43978 ] ], [ [ 12.15473, 57.43978 ], [ 12.15849, 57.43705 ] ], [ [ 12.15849, 57.43705 ], [ 12.15893, 57.43669 ] ], [ [ 12.15893, 57.43669 ], [ 12.15937, 57.43631 ] ], [ [ 12.15937, 57.43631 ], [ 12.16037, 57.4354 ] ], [ [ 12.16037, 57.4354 ], [ 12.16291, 57.43258 ] ], [ [ 12.16291, 57.43258 ], [ 12.16538, 57.42826 ], [ 12.16563, 57.4271 ] ], [ [ 12.16603, 57.42394 ], [ 12.16576, 57.42122 ], [ 12.16496, 57.4187 ], [ 12.16329, 57.41574 ], [ 12.16174, 57.41379 ] ], [ [ 12.16174, 57.41379 ], [ 12.16163, 57.41368 ] ], [ [ 12.16163, 57.41368 ], [ 12.16122, 57.41321 ] ], [ [ 12.16122, 57.41321 ], [ 12.1596, 57.41164 ] ], [ [ 12.1596, 57.41164 ], [ 12.15952, 57.41156 ] ], [ [ 12.15952, 57.41156 ], [ 12.15949, 57.41154 ] ], [ [ 12.15949, 57.41154 ], [ 12.15803, 57.41018 ] ], [ [ 12.15803, 57.41018 ], [ 12.1569, 57.40912 ] ], [ [ 12.14054, 57.39402 ], [ 12.14009, 57.39359 ] ], [ [ 12.14009, 57.39359 ], [ 12.13878, 57.39234 ] ], [ [ 12.13878, 57.39234 ], [ 12.13867, 57.39223 ] ], [ [ 12.13867, 57.39223 ], [ 12.13865, 57.39222 ] ], [ [ 12.13865, 57.39222 ], [ 12.13846, 57.39203 ] ], [ [ 12.13846, 57.39203 ], [ 12.13549, 57.38917 ] ], [ [ 12.13549, 57.38917 ], [ 12.13508, 57.38869 ] ], [ [ 12.13508, 57.38869 ], [ 12.1338, 57.38719 ] ], [ [ 12.1338, 57.38719 ], [ 12.13237, 57.38507 ] ], [ [ 12.13237, 57.38507 ], [ 12.13114, 57.38231 ] ], [ [ 12.13114, 57.38231 ], [ 12.13107, 57.38211 ] ], [ [ 12.13107, 57.38211 ], [ 12.13061, 57.38046 ] ], [ [ 12.13061, 57.38046 ], [ 12.13052, 57.37993 ] ], [ [ 12.13052, 57.37993 ], [ 12.13051, 57.37985 ] ], [ [ 12.13051, 57.37985 ], [ 12.13032, 57.37755 ] ], [ [ 12.13032, 57.37755 ], [ 12.13059, 57.37469 ] ], [ [ 12.13059, 57.37469 ], [ 12.13097, 57.37341 ] ], [ [ 12.13097, 57.37341 ], [ 12.13131, 57.37232 ] ], [ [ 12.13131, 57.37232 ], [ 12.13211, 57.3706 ] ], [ [ 12.13211, 57.3706 ], [ 12.13426, 57.36615 ] ], [ [ 12.13426, 57.36615 ], [ 12.13476, 57.36512 ] ], [ [ 12.13476, 57.36512 ], [ 12.13489, 57.36486 ] ], [ [ 12.13489, 57.36486 ], [ 12.13573, 57.36312 ] ], [ [ 12.13573, 57.36312 ], [ 12.13577, 57.36304 ] ], [ [ 12.13577, 57.36304 ], [ 12.13585, 57.36287 ] ], [ [ 12.13585, 57.36287 ], [ 12.13644, 57.36165 ] ], [ [ 12.13644, 57.36165 ], [ 12.13719, 57.36009 ] ], [ [ 12.13719, 57.36009 ], [ 12.13871, 57.35785 ] ], [ [ 12.15726, 57.34477 ], [ 12.15785, 57.34441 ] ], [ [ 12.15785, 57.34441 ], [ 12.15872, 57.34378 ] ], [ [ 12.15872, 57.34378 ], [ 12.15923, 57.3434 ] ], [ [ 12.15923, 57.3434 ], [ 12.16269, 57.34049 ] ], [ [ 12.16269, 57.34049 ], [ 12.16473, 57.33821 ], [ 12.16704, 57.33447 ] ], [ [ 12.16704, 57.33447 ], [ 12.16707, 57.33441 ] ], [ [ 12.16707, 57.33441 ], [ 12.16715, 57.33425 ] ], [ [ 12.16715, 57.33425 ], [ 12.16731, 57.33391 ] ], [ [ 12.16731, 57.33391 ], [ 12.16775, 57.33269 ] ], [ [ 12.16775, 57.33269 ], [ 12.16781, 57.3325 ] ], [ [ 12.16781, 57.3325 ], [ 12.16819, 57.33121 ] ], [ [ 12.16819, 57.33121 ], [ 12.16853, 57.32907 ] ], [ [ 12.16853, 57.32907 ], [ 12.16854, 57.32807 ] ], [ [ 12.16854, 57.32807 ], [ 12.16854, 57.32783 ] ], [ [ 12.16854, 57.32783 ], [ 12.16854, 57.32743 ] ], [ [ 12.16854, 57.32743 ], [ 12.16854, 57.32723 ] ], [ [ 12.16854, 57.32723 ], [ 12.16855, 57.32652 ] ], [ [ 12.16855, 57.32652 ], [ 12.16857, 57.32467 ] ], [ [ 12.16857, 57.32467 ], [ 12.16857, 57.32436 ] ], [ [ 12.17071, 57.31211 ], [ 12.17071, 57.31207 ] ], [ [ 12.17071, 57.31207 ], [ 12.17072, 57.31184 ] ], [ [ 12.17072, 57.31184 ], [ 12.17072, 57.31182 ] ], [ [ 12.17072, 57.31182 ], [ 12.17073, 57.31157 ] ], [ [ 12.17073, 57.31157 ], [ 12.17074, 57.31103 ] ], [ [ 12.17074, 57.31103 ], [ 12.16993, 57.30631 ] ], [ [ 12.16993, 57.30631 ], [ 12.16991, 57.30625 ] ], [ [ 12.16991, 57.30625 ], [ 12.1698, 57.30592 ] ], [ [ 12.1698, 57.30592 ], [ 12.16941, 57.30481 ] ], [ [ 12.16889, 57.30361 ], [ 12.16878, 57.30334 ] ], [ [ 12.16878, 57.30334 ], [ 12.1683, 57.30222 ] ], [ [ 12.1683, 57.30222 ], [ 12.16664, 57.29589 ] ], [ [ 12.16664, 57.29589 ], [ 12.16663, 57.29583 ] ], [ [ 12.16663, 57.29583 ], [ 12.16663, 57.29581 ] ], [ [ 12.16663, 57.29581 ], [ 12.16659, 57.29546 ] ], [ [ 12.16659, 57.29546 ], [ 12.16644, 57.29339 ] ], [ [ 12.16646, 57.29204 ], [ 12.16656, 57.29073 ] ], [ [ 12.16656, 57.29073 ], [ 12.16657, 57.29065 ] ], [ [ 12.16657, 57.29065 ], [ 12.16666, 57.28981 ] ], [ [ 12.16666, 57.28981 ], [ 12.16668, 57.28963 ] ], [ [ 12.16668, 57.28963 ], [ 12.1667, 57.28951 ] ], [ [ 12.1667, 57.28951 ], [ 12.16675, 57.28921 ] ], [ [ 12.16675, 57.28921 ], [ 12.1668, 57.28892 ] ], [ [ 12.1668, 57.28892 ], [ 12.16693, 57.28822 ] ], [ [ 12.16693, 57.28822 ], [ 12.1675, 57.28572 ] ], [ [ 12.1675, 57.28572 ], [ 12.16849, 57.28161 ] ], [ [ 12.16849, 57.28161 ], [ 12.1686, 57.28114 ] ], [ [ 12.1686, 57.28114 ], [ 12.16865, 57.28093 ] ], [ [ 12.16865, 57.28093 ], [ 12.16917, 57.27871 ] ], [ [ 12.16917, 57.27871 ], [ 12.1696, 57.27687 ] ], [ [ 12.1696, 57.27687 ], [ 12.1698, 57.27602 ] ], [ [ 12.1698, 57.27602 ], [ 12.16986, 57.27577 ] ], [ [ 12.16986, 57.27577 ], [ 12.1701, 57.27477 ] ], [ [ 12.1701, 57.27477 ], [ 12.17097, 57.27111 ] ], [ [ 12.17097, 57.27111 ], [ 12.17104, 57.27079 ] ], [ [ 12.17104, 57.27079 ], [ 12.17158, 57.26856 ] ], [ [ 12.17158, 57.26856 ], [ 12.17165, 57.26826 ] ], [ [ 12.17165, 57.26826 ], [ 12.17168, 57.26814 ] ], [ [ 12.17168, 57.26814 ], [ 12.17196, 57.26699 ] ], [ [ 12.17196, 57.26699 ], [ 12.17226, 57.26589 ] ], [ [ 12.17226, 57.26589 ], [ 12.17264, 57.26472 ] ], [ [ 12.17264, 57.26472 ], [ 12.17334, 57.26301 ] ], [ [ 12.17334, 57.26301 ], [ 12.17393, 57.26161 ] ], [ [ 12.17393, 57.26161 ], [ 12.17459, 57.26009 ] ], [ [ 12.17459, 57.26009 ], [ 12.17463, 57.25999 ] ], [ [ 12.17463, 57.25999 ], [ 12.17507, 57.25898 ] ], [ [ 12.17507, 57.25898 ], [ 12.17508, 57.25895 ] ], [ [ 12.17508, 57.25895 ], [ 12.17719, 57.25404 ] ], [ [ 12.17719, 57.25404 ], [ 12.17726, 57.2539 ] ], [ [ 12.17726, 57.2539 ], [ 12.17743, 57.25352 ] ], [ [ 12.17743, 57.25352 ], [ 12.17746, 57.25344 ] ], [ [ 12.17746, 57.25344 ], [ 12.178, 57.25233 ] ], [ [ 12.178, 57.25233 ], [ 12.17857, 57.25137 ] ], [ [ 12.17857, 57.25137 ], [ 12.18063, 57.24868 ] ], [ [ 12.18063, 57.24868 ], [ 12.1807, 57.24859 ] ], [ [ 12.1807, 57.24859 ], [ 12.18077, 57.24852 ] ], [ [ 12.18077, 57.24852 ], [ 12.18354, 57.24597 ] ], [ [ 12.18354, 57.24597 ], [ 12.18619, 57.24407 ] ], [ [ 12.20811, 57.23071 ], [ 12.20915, 57.22991 ] ], [ [ 12.20915, 57.22991 ], [ 12.21157, 57.22793 ] ], [ [ 12.21157, 57.22793 ], [ 12.21197, 57.22757 ] ], [ [ 12.21197, 57.22757 ], [ 12.21249, 57.2271 ] ], [ [ 12.21249, 57.2271 ], [ 12.21305, 57.22658 ] ], [ [ 12.21305, 57.22658 ], [ 12.21515, 57.22439 ] ], [ [ 12.21515, 57.22439 ], [ 12.21521, 57.22431 ] ], [ [ 12.21521, 57.22431 ], [ 12.21573, 57.22367 ] ], [ [ 12.21573, 57.22367 ], [ 12.21595, 57.22341 ] ], [ [ 12.21595, 57.22341 ], [ 12.21789, 57.22075 ], [ 12.21974, 57.21717 ] ], [ [ 12.21974, 57.21717 ], [ 12.22047, 57.21521 ] ], [ [ 12.22047, 57.21521 ], [ 12.22077, 57.21426 ] ], [ [ 12.22077, 57.21426 ], [ 12.22078, 57.21418 ] ], [ [ 12.22078, 57.21418 ], [ 12.22114, 57.21243 ] ], [ [ 12.22114, 57.21243 ], [ 12.22116, 57.21233 ] ], [ [ 12.22116, 57.21233 ], [ 12.22116, 57.2123 ] ], [ [ 12.22116, 57.2123 ], [ 12.22163, 57.2077 ] ], [ [ 12.22163, 57.2077 ], [ 12.22179, 57.20542 ] ], [ [ 12.22179, 57.20542 ], [ 12.22179, 57.2054 ] ], [ [ 12.22179, 57.2054 ], [ 12.22187, 57.20429 ] ], [ [ 12.22187, 57.20429 ], [ 12.22223, 57.19994 ] ], [ [ 12.22223, 57.19994 ], [ 12.22232, 57.1992 ] ], [ [ 12.22232, 57.1992 ], [ 12.22332, 57.19434 ] ], [ [ 12.22332, 57.19434 ], [ 12.22343, 57.19382 ] ], [ [ 12.22343, 57.19382 ], [ 12.22365, 57.19274 ] ], [ [ 12.22365, 57.19274 ], [ 12.22464, 57.18803 ] ], [ [ 12.22464, 57.18803 ], [ 12.22507, 57.18595 ] ], [ [ 12.22507, 57.18595 ], [ 12.22553, 57.18377 ] ], [ [ 12.22553, 57.18377 ], [ 12.22571, 57.18288 ] ], [ [ 12.22571, 57.18288 ], [ 12.22582, 57.18235 ] ], [ [ 12.22582, 57.18235 ], [ 12.22621, 57.18053 ] ], [ [ 12.22621, 57.18053 ], [ 12.22754, 57.17436 ] ], [ [ 12.22754, 57.17436 ], [ 12.22756, 57.17429 ] ], [ [ 12.22756, 57.17429 ], [ 12.22771, 57.1738 ] ], [ [ 12.22771, 57.1738 ], [ 12.22778, 57.17361 ] ], [ [ 12.22778, 57.17361 ], [ 12.22826, 57.17255 ] ], [ [ 12.22826, 57.17255 ], [ 12.22831, 57.17247 ] ], [ [ 12.22831, 57.17247 ], [ 12.2285, 57.17208 ] ], [ [ 12.2285, 57.17208 ], [ 12.23036, 57.16936 ] ], [ [ 12.23036, 57.16936 ], [ 12.23192, 57.1677 ] ], [ [ 12.23192, 57.1677 ], [ 12.23236, 57.16732 ] ], [ [ 12.23236, 57.16732 ], [ 12.23328, 57.16651 ] ], [ [ 12.23328, 57.16651 ], [ 12.23487, 57.16522 ] ], [ [ 12.23487, 57.16522 ], [ 12.23853, 57.16229 ] ], [ [ 12.23853, 57.16229 ], [ 12.23936, 57.16163 ] ], [ [ 12.23936, 57.16163 ], [ 12.24146, 57.15994 ] ], [ [ 12.24146, 57.15994 ], [ 12.24489, 57.15715 ] ], [ [ 12.24489, 57.15715 ], [ 12.2453, 57.15678 ] ], [ [ 12.2453, 57.15678 ], [ 12.24816, 57.15382 ] ], [ [ 12.24816, 57.15382 ], [ 12.24905, 57.1527 ] ], [ [ 12.24905, 57.1527 ], [ 12.24937, 57.15229 ] ], [ [ 12.24937, 57.15229 ], [ 12.25004, 57.15141 ] ], [ [ 12.25004, 57.15141 ], [ 12.25034, 57.15102 ] ], [ [ 12.25034, 57.15102 ], [ 12.25117, 57.14993 ] ], [ [ 12.25117, 57.14993 ], [ 12.25133, 57.1497 ] ], [ [ 12.25133, 57.1497 ], [ 12.2516, 57.14935 ] ], [ [ 12.2516, 57.14935 ], [ 12.25183, 57.14905 ] ], [ [ 12.25183, 57.14905 ], [ 12.25238, 57.14833 ] ], [ [ 12.25238, 57.14833 ], [ 12.25298, 57.14754 ] ], [ [ 12.25298, 57.14754 ], [ 12.25322, 57.14726 ] ], [ [ 12.25322, 57.14726 ], [ 12.2534, 57.14705 ] ], [ [ 12.2534, 57.14705 ], [ 12.25425, 57.1461 ] ], [ [ 12.25425, 57.1461 ], [ 12.25538, 57.14492 ] ], [ [ 12.25538, 57.14492 ], [ 12.25622, 57.14399 ] ], [ [ 12.25622, 57.14399 ], [ 12.25629, 57.14391 ] ], [ [ 12.25629, 57.14391 ], [ 12.25659, 57.14355 ] ], [ [ 12.25659, 57.14355 ], [ 12.2567, 57.14342 ] ], [ [ 12.2567, 57.14342 ], [ 12.25683, 57.14325 ] ], [ [ 12.25683, 57.14325 ], [ 12.25751, 57.14233 ] ], [ [ 12.25751, 57.14233 ], [ 12.25776, 57.14196 ] ], [ [ 12.25776, 57.14196 ], [ 12.25812, 57.14137 ] ], [ [ 12.25812, 57.14137 ], [ 12.25851, 57.14064 ] ], [ [ 12.25851, 57.14064 ], [ 12.25853, 57.1406 ] ], [ [ 12.25853, 57.1406 ], [ 12.2587, 57.14026 ] ], [ [ 12.2587, 57.14026 ], [ 12.25888, 57.13984 ] ], [ [ 12.25888, 57.13984 ], [ 12.25913, 57.13916 ] ], [ [ 12.32184, 57.07769 ], [ 12.32339, 57.07751 ] ], [ [ 12.32339, 57.07751 ], [ 12.3236, 57.07749 ] ], [ [ 12.3236, 57.07749 ], [ 12.32491, 57.07732 ] ], [ [ 12.32491, 57.07732 ], [ 12.32525, 57.07727 ] ], [ [ 12.32525, 57.07727 ], [ 12.32908, 57.07663 ] ], [ [ 12.32908, 57.07663 ], [ 12.33302, 57.07572 ] ], [ [ 12.33302, 57.07572 ], [ 12.33546, 57.07503 ] ], [ [ 12.33546, 57.07503 ], [ 12.33638, 57.07475 ] ], [ [ 12.33638, 57.07475 ], [ 12.33659, 57.07468 ] ], [ [ 12.33659, 57.07468 ], [ 12.33972, 57.07355 ] ], [ [ 12.33972, 57.07355 ], [ 12.34577, 57.07064 ] ], [ [ 12.34577, 57.07064 ], [ 12.34659, 57.07015 ] ], [ [ 12.34659, 57.07015 ], [ 12.34681, 57.07001 ] ], [ [ 12.34681, 57.07001 ], [ 12.34747, 57.06958 ] ], [ [ 12.34747, 57.06958 ], [ 12.35033, 57.06748 ], [ 12.35313, 57.06473 ] ], [ [ 12.35313, 57.06473 ], [ 12.35418, 57.06347 ] ], [ [ 12.35418, 57.06347 ], [ 12.35522, 57.06211 ] ], [ [ 12.35522, 57.06211 ], [ 12.35694, 57.05974 ] ], [ [ 12.35694, 57.05974 ], [ 12.36139, 57.05233 ] ], [ [ 12.36139, 57.05233 ], [ 12.36253, 57.0502 ] ], [ [ 12.36253, 57.0502 ], [ 12.36279, 57.04976 ] ], [ [ 12.36279, 57.04976 ], [ 12.36478, 57.04713 ] ], [ [ 12.36478, 57.04713 ], [ 12.36563, 57.0462 ] ], [ [ 12.36563, 57.0462 ], [ 12.36659, 57.04531 ] ], [ [ 12.36659, 57.04531 ], [ 12.36804, 57.04407 ] ], [ [ 12.36804, 57.04407 ], [ 12.36848, 57.0437 ] ], [ [ 12.36848, 57.0437 ], [ 12.36853, 57.04366 ] ], [ [ 12.36853, 57.04366 ], [ 12.36923, 57.04307 ] ], [ [ 12.36923, 57.04307 ], [ 12.37303, 57.03945 ] ], [ [ 12.37303, 57.03945 ], [ 12.3743, 57.03815 ] ], [ [ 12.3743, 57.03815 ], [ 12.37667, 57.03574 ] ], [ [ 12.37667, 57.03574 ], [ 12.37674, 57.03567 ] ], [ [ 12.37674, 57.03567 ], [ 12.37921, 57.03329 ] ], [ [ 12.37921, 57.03329 ], [ 12.38215, 57.03059 ] ], [ [ 12.38215, 57.03059 ], [ 12.38398, 57.02892 ] ], [ [ 12.38398, 57.02892 ], [ 12.38451, 57.02842 ] ], [ [ 12.38451, 57.02842 ], [ 12.38454, 57.0284 ] ], [ [ 12.38454, 57.0284 ], [ 12.38688, 57.02605 ] ], [ [ 12.38688, 57.02605 ], [ 12.38734, 57.02553 ] ], [ [ 12.38734, 57.02553 ], [ 12.38738, 57.02549 ] ], [ [ 12.39955, 57.00822 ], [ 12.3998, 57.00791 ] ], [ [ 12.3998, 57.00791 ], [ 12.40114, 57.00621 ] ], [ [ 12.40114, 57.00621 ], [ 12.40124, 57.00609 ] ], [ [ 12.40124, 57.00609 ], [ 12.40208, 57.00503 ] ], [ [ 12.40208, 57.00503 ], [ 12.40226, 57.0048 ] ], [ [ 12.40226, 57.0048 ], [ 12.40294, 57.00394 ] ], [ [ 12.40294, 57.00394 ], [ 12.40365, 57.00304 ] ], [ [ 12.40365, 57.00304 ], [ 12.40489, 57.00153 ] ], [ [ 12.40489, 57.00153 ], [ 12.40725, 56.99867 ] ], [ [ 12.40725, 56.99867 ], [ 12.40945, 56.99617 ] ], [ [ 12.40945, 56.99617 ], [ 12.41076, 56.99467 ] ], [ [ 12.41076, 56.99467 ], [ 12.41126, 56.99415 ] ], [ [ 12.41126, 56.99415 ], [ 12.41364, 56.99163 ] ], [ [ 12.41364, 56.99163 ], [ 12.41487, 56.9903 ] ], [ [ 12.41487, 56.9903 ], [ 12.41564, 56.98945 ] ], [ [ 12.41564, 56.98945 ], [ 12.4161, 56.98893 ] ], [ [ 12.4161, 56.98893 ], [ 12.42269, 56.98166 ] ], [ [ 12.42269, 56.98166 ], [ 12.42313, 56.98117 ] ], [ [ 12.42313, 56.98117 ], [ 12.42419, 56.98004 ] ], [ [ 12.42419, 56.98004 ], [ 12.42484, 56.97935 ] ], [ [ 12.42484, 56.97935 ], [ 12.42664, 56.97771 ] ], [ [ 12.42664, 56.97771 ], [ 12.42723, 56.97723 ] ], [ [ 12.42723, 56.97723 ], [ 12.42798, 56.97666 ] ], [ [ 12.42798, 56.97666 ], [ 12.42889, 56.97603 ] ], [ [ 12.42889, 56.97603 ], [ 12.44098, 56.96781 ] ], [ [ 12.44098, 56.96781 ], [ 12.44192, 56.96717 ] ], [ [ 12.44192, 56.96717 ], [ 12.44244, 56.96682 ] ], [ [ 12.44244, 56.96682 ], [ 12.44436, 56.96551 ] ], [ [ 12.44436, 56.96551 ], [ 12.44506, 56.96498 ] ], [ [ 12.44506, 56.96498 ], [ 12.44673, 56.96366 ] ], [ [ 12.44673, 56.96366 ], [ 12.44781, 56.96269 ] ], [ [ 12.44781, 56.96269 ], [ 12.45143, 56.95868 ], [ 12.45395, 56.95409 ] ], [ [ 12.45772, 56.94261 ], [ 12.45811, 56.94167 ] ], [ [ 12.45811, 56.94167 ], [ 12.45885, 56.93997 ] ], [ [ 12.45885, 56.93997 ], [ 12.46167, 56.93584 ] ], [ [ 12.46167, 56.93584 ], [ 12.46178, 56.93572 ] ], [ [ 12.46178, 56.93572 ], [ 12.46408, 56.93347 ] ], [ [ 12.46408, 56.93347 ], [ 12.46706, 56.93123 ] ], [ [ 12.46706, 56.93123 ], [ 12.46872, 56.93018 ] ], [ [ 12.46872, 56.93018 ], [ 12.47218, 56.92828 ] ], [ [ 12.47218, 56.92828 ], [ 12.47229, 56.92822 ] ], [ [ 12.47229, 56.92822 ], [ 12.47619, 56.92622 ] ], [ [ 12.47619, 56.92622 ], [ 12.48162, 56.924 ], [ 12.4865, 56.92257 ] ], [ [ 12.4865, 56.92257 ], [ 12.49197, 56.92142 ] ], [ [ 12.5351, 56.91749 ], [ 12.53962, 56.91711 ] ], [ [ 12.53962, 56.91711 ], [ 12.54189, 56.91685 ] ], [ [ 12.54189, 56.91685 ], [ 12.54572, 56.91627 ] ], [ [ 12.54572, 56.91627 ], [ 12.54976, 56.91543 ] ], [ [ 12.54976, 56.91543 ], [ 12.55405, 56.9143 ] ], [ [ 12.55405, 56.9143 ], [ 12.55549, 56.91385 ] ], [ [ 12.55549, 56.91385 ], [ 12.55889, 56.91261 ] ], [ [ 12.55889, 56.91261 ], [ 12.56305, 56.91077 ] ], [ [ 12.56305, 56.91077 ], [ 12.56569, 56.90935 ] ], [ [ 12.56569, 56.90935 ], [ 12.56824, 56.90773 ] ], [ [ 12.56824, 56.90773 ], [ 12.57054, 56.90602 ] ], [ [ 12.57054, 56.90602 ], [ 12.5748, 56.90174 ] ], [ [ 12.5748, 56.90174 ], [ 12.57497, 56.90151 ] ], [ [ 12.57497, 56.90151 ], [ 12.57717, 56.89838 ] ], [ [ 12.57717, 56.89838 ], [ 12.57865, 56.89632 ] ], [ [ 12.5833, 56.89184 ], [ 12.58396, 56.89135 ] ], [ [ 12.58396, 56.89135 ], [ 12.58448, 56.89101 ] ], [ [ 12.58448, 56.89101 ], [ 12.58504, 56.89064 ] ], [ [ 12.58504, 56.89064 ], [ 12.58681, 56.88958 ] ], [ [ 12.58681, 56.88958 ], [ 12.58715, 56.88939 ] ], [ [ 12.58715, 56.88939 ], [ 12.59125, 56.88738 ], [ 12.59696, 56.8853 ] ], [ [ 12.59696, 56.8853 ], [ 12.59826, 56.88492 ] ], [ [ 12.59826, 56.88492 ], [ 12.59902, 56.88471 ] ], [ [ 12.59902, 56.88471 ], [ 12.59928, 56.88463 ] ], [ [ 12.59928, 56.88463 ], [ 12.60203, 56.88398 ] ], [ [ 12.60203, 56.88398 ], [ 12.60572, 56.88326 ] ], [ [ 12.60572, 56.88326 ], [ 12.60588, 56.88323 ] ], [ [ 12.60588, 56.88323 ], [ 12.60697, 56.88306 ] ], [ [ 12.60697, 56.88306 ], [ 12.60941, 56.8827 ] ], [ [ 12.60941, 56.8827 ], [ 12.6108, 56.88251 ] ], [ [ 12.6108, 56.88251 ], [ 12.61348, 56.88213 ] ], [ [ 12.61348, 56.88213 ], [ 12.61835, 56.88142 ] ], [ [ 12.61835, 56.88142 ], [ 12.61903, 56.8813 ] ], [ [ 12.61903, 56.8813 ], [ 12.62202, 56.88075 ] ], [ [ 12.62202, 56.88075 ], [ 12.62898, 56.87897 ] ], [ [ 12.62898, 56.87897 ], [ 12.63024, 56.87858 ] ], [ [ 12.63024, 56.87858 ], [ 12.63172, 56.87808 ] ], [ [ 12.63172, 56.87808 ], [ 12.63181, 56.87805 ] ], [ [ 12.63181, 56.87805 ], [ 12.63203, 56.87798 ] ], [ [ 12.63203, 56.87798 ], [ 12.6358, 56.87657 ] ], [ [ 12.6358, 56.87657 ], [ 12.6361, 56.87646 ] ], [ [ 12.6361, 56.87646 ], [ 12.63768, 56.87586 ] ], [ [ 12.65258, 56.87043 ], [ 12.65308, 56.87025 ] ], [ [ 12.65308, 56.87025 ], [ 12.65407, 56.86989 ] ], [ [ 12.65407, 56.86989 ], [ 12.6589, 56.86776 ] ], [ [ 12.6589, 56.86776 ], [ 12.65967, 56.86733 ] ], [ [ 12.65967, 56.86733 ], [ 12.66047, 56.86684 ] ], [ [ 12.66047, 56.86684 ], [ 12.66341, 56.86499 ] ], [ [ 12.66341, 56.86499 ], [ 12.66493, 56.86402 ] ], [ [ 12.66493, 56.86402 ], [ 12.66575, 56.8635 ] ], [ [ 12.66575, 56.8635 ], [ 12.66727, 56.86253 ] ], [ [ 12.66727, 56.86253 ], [ 12.66782, 56.86218 ] ], [ [ 12.66782, 56.86218 ], [ 12.66916, 56.8613 ] ], [ [ 12.66916, 56.8613 ], [ 12.66974, 56.86092 ] ], [ [ 12.66974, 56.86092 ], [ 12.67324, 56.85784 ] ], [ [ 12.67324, 56.85784 ], [ 12.67338, 56.85768 ] ], [ [ 12.67338, 56.85768 ], [ 12.67374, 56.85723 ] ], [ [ 12.67374, 56.85723 ], [ 12.67659, 56.85385 ] ], [ [ 12.67659, 56.85385 ], [ 12.67691, 56.85354 ] ], [ [ 12.67691, 56.85354 ], [ 12.67914, 56.85174 ], [ 12.68117, 56.85055 ] ], [ [ 12.68117, 56.85055 ], [ 12.68485, 56.84895 ] ], [ [ 12.68485, 56.84895 ], [ 12.68588, 56.84864 ] ], [ [ 12.68588, 56.84864 ], [ 12.68773, 56.84809 ] ], [ [ 12.68773, 56.84809 ], [ 12.68929, 56.84762 ] ], [ [ 12.68929, 56.84762 ], [ 12.69307, 56.84652 ] ], [ [ 12.69307, 56.84652 ], [ 12.69499, 56.84585 ] ], [ [ 12.69499, 56.84585 ], [ 12.69611, 56.84541 ] ], [ [ 12.69611, 56.84541 ], [ 12.69961, 56.84376 ] ], [ [ 12.69961, 56.84376 ], [ 12.69975, 56.84367 ] ], [ [ 12.69975, 56.84367 ], [ 12.70259, 56.84202 ] ], [ [ 12.70259, 56.84202 ], [ 12.70407, 56.84113 ] ], [ [ 12.70407, 56.84113 ], [ 12.70414, 56.84108 ] ], [ [ 12.70414, 56.84108 ], [ 12.70585, 56.84005 ] ], [ [ 12.70585, 56.84005 ], [ 12.70815, 56.83866 ] ], [ [ 12.70815, 56.83866 ], [ 12.70944, 56.83783 ] ], [ [ 12.70944, 56.83783 ], [ 12.71074, 56.83698 ] ], [ [ 12.71074, 56.83698 ], [ 12.71343, 56.83464 ] ], [ [ 12.71343, 56.83464 ], [ 12.71524, 56.8321 ] ], [ [ 12.71524, 56.8321 ], [ 12.71554, 56.83143 ] ], [ [ 12.71554, 56.83143 ], [ 12.71585, 56.83058 ] ], [ [ 12.71585, 56.83058 ], [ 12.71616, 56.8291 ] ], [ [ 12.71616, 56.8291 ], [ 12.71617, 56.82902 ] ], [ [ 12.71617, 56.82902 ], [ 12.71619, 56.82753 ] ], [ [ 12.71619, 56.82753 ], [ 12.71614, 56.82696 ] ], [ [ 12.71614, 56.82696 ], [ 12.71582, 56.82555 ] ], [ [ 12.71582, 56.82555 ], [ 12.71578, 56.8254 ] ], [ [ 12.71578, 56.8254 ], [ 12.71578, 56.82539 ] ], [ [ 12.71578, 56.82539 ], [ 12.71558, 56.82455 ] ], [ [ 12.71558, 56.82455 ], [ 12.71527, 56.82323 ] ], [ [ 12.71527, 56.82323 ], [ 12.71525, 56.82304 ] ], [ [ 12.71525, 56.82304 ], [ 12.7154, 56.82011 ] ], [ [ 12.7154, 56.82011 ], [ 12.71716, 56.81645 ] ], [ [ 12.71716, 56.81645 ], [ 12.71977, 56.81347 ] ], [ [ 12.71977, 56.81347 ], [ 12.72035, 56.81284 ] ], [ [ 12.72035, 56.81284 ], [ 12.72036, 56.81282 ] ], [ [ 12.72036, 56.81282 ], [ 12.72167, 56.81137 ] ], [ [ 12.72167, 56.81137 ], [ 12.72694, 56.80543 ] ], [ [ 12.72694, 56.80543 ], [ 12.72838, 56.80293 ], [ 12.7289, 56.80033 ] ], [ [ 12.72776, 56.78486 ], [ 12.72758, 56.78272 ] ], [ [ 12.72758, 56.78272 ], [ 12.72758, 56.7818 ] ], [ [ 12.72758, 56.7818 ], [ 12.72759, 56.78172 ] ], [ [ 12.72759, 56.78172 ], [ 12.72767, 56.78087 ] ], [ [ 12.72767, 56.78087 ], [ 12.72771, 56.7807 ] ], [ [ 12.72771, 56.7807 ], [ 12.72779, 56.78035 ] ], [ [ 12.72779, 56.78035 ], [ 12.72859, 56.77831 ] ], [ [ 12.72859, 56.77831 ], [ 12.72906, 56.77751 ] ], [ [ 12.72906, 56.77751 ], [ 12.73022, 56.77605 ] ], [ [ 12.73022, 56.77605 ], [ 12.73033, 56.77593 ] ], [ [ 12.73033, 56.77593 ], [ 12.73288, 56.77378 ] ], [ [ 12.73288, 56.77378 ], [ 12.73492, 56.77252 ], [ 12.73799, 56.77114 ] ], [ [ 12.73799, 56.77114 ], [ 12.7389, 56.7708 ] ], [ [ 12.7389, 56.7708 ], [ 12.74072, 56.77022 ] ], [ [ 12.7491, 56.76875 ], [ 12.75119, 56.76855 ] ], [ [ 12.75119, 56.76855 ], [ 12.7515, 56.76852 ] ], [ [ 12.7515, 56.76852 ], [ 12.76415, 56.7673 ] ], [ [ 12.76415, 56.7673 ], [ 12.76447, 56.76727 ] ], [ [ 12.76447, 56.76727 ], [ 12.76748, 56.76698 ] ], [ [ 12.76748, 56.76698 ], [ 12.76952, 56.76679 ] ], [ [ 12.76952, 56.76679 ], [ 12.76992, 56.76675 ] ], [ [ 12.76992, 56.76675 ], [ 12.77048, 56.76669 ] ], [ [ 12.77048, 56.76669 ], [ 12.77337, 56.76641 ] ], [ [ 12.77337, 56.76641 ], [ 12.77341, 56.76641 ] ], [ [ 12.77341, 56.76641 ], [ 12.77922, 56.76585 ] ], [ [ 12.77922, 56.76585 ], [ 12.78512, 56.76528 ] ], [ [ 12.78512, 56.76528 ], [ 12.79235, 56.76458 ] ], [ [ 12.79235, 56.76458 ], [ 12.79313, 56.76451 ] ], [ [ 12.79313, 56.76451 ], [ 12.79337, 56.76448 ] ], [ [ 12.79337, 56.76448 ], [ 12.79448, 56.76438 ] ], [ [ 12.79448, 56.76438 ], [ 12.80194, 56.7637 ] ], [ [ 12.80194, 56.7637 ], [ 12.80408, 56.76362 ] ], [ [ 12.80776, 56.76372 ], [ 12.80922, 56.76384 ] ], [ [ 12.80922, 56.76384 ], [ 12.80925, 56.76384 ] ], [ [ 12.80925, 56.76384 ], [ 12.80944, 56.76385 ] ], [ [ 12.80944, 56.76385 ], [ 12.82014, 56.76522 ] ], [ [ 12.82014, 56.76522 ], [ 12.82101, 56.76529 ] ], [ [ 12.82101, 56.76529 ], [ 12.82173, 56.76533 ] ], [ [ 12.82173, 56.76533 ], [ 12.82596, 56.76533 ], [ 12.82882, 56.76507 ] ], [ [ 12.82882, 56.76507 ], [ 12.82951, 56.76498 ] ], [ [ 12.82951, 56.76498 ], [ 12.82995, 56.76491 ] ], [ [ 12.82995, 56.76491 ], [ 12.83055, 56.76481 ] ], [ [ 12.83055, 56.76481 ], [ 12.83087, 56.76475 ] ], [ [ 12.83087, 56.76475 ], [ 12.83176, 56.76458 ] ], [ [ 12.83176, 56.76458 ], [ 12.8387, 56.76261 ] ], [ [ 12.8387, 56.76261 ], [ 12.84246, 56.76087 ] ], [ [ 12.84246, 56.76087 ], [ 12.84551, 56.7589 ] ], [ [ 12.84551, 56.7589 ], [ 12.848, 56.7569 ] ], [ [ 12.848, 56.7569 ], [ 12.84874, 56.7563 ] ], [ [ 12.84874, 56.7563 ], [ 12.85056, 56.75503 ] ], [ [ 12.85056, 56.75503 ], [ 12.85331, 56.75338 ] ], [ [ 12.85331, 56.75338 ], [ 12.85342, 56.75332 ] ], [ [ 12.85342, 56.75332 ], [ 12.85358, 56.75322 ] ], [ [ 12.85358, 56.75322 ], [ 12.85569, 56.75185 ] ], [ [ 12.86205, 56.74729 ], [ 12.86381, 56.74589 ] ], [ [ 12.86381, 56.74589 ], [ 12.86443, 56.74536 ] ], [ [ 12.86443, 56.74536 ], [ 12.86758, 56.74267 ] ], [ [ 12.86758, 56.74267 ], [ 12.86853, 56.74185 ] ], [ [ 12.86853, 56.74185 ], [ 12.86892, 56.7415 ] ], [ [ 12.86892, 56.7415 ], [ 12.87006, 56.74047 ] ], [ [ 12.87006, 56.74047 ], [ 12.87189, 56.73866 ] ], [ [ 12.87189, 56.73866 ], [ 12.87363, 56.73694 ] ], [ [ 12.87363, 56.73694 ], [ 12.87448, 56.7361 ] ], [ [ 12.87448, 56.7361 ], [ 12.87521, 56.73534 ] ], [ [ 12.87521, 56.73534 ], [ 12.87534, 56.73521 ] ], [ [ 12.87534, 56.73521 ], [ 12.87542, 56.73512 ] ], [ [ 12.87542, 56.73512 ], [ 12.87626, 56.73417 ] ], [ [ 12.87626, 56.73417 ], [ 12.87668, 56.73368 ] ], [ [ 12.87668, 56.73368 ], [ 12.88013, 56.72936 ] ], [ [ 12.88013, 56.72936 ], [ 12.88034, 56.72909 ] ], [ [ 12.88034, 56.72909 ], [ 12.88185, 56.72696 ] ], [ [ 12.88185, 56.72696 ], [ 12.88192, 56.72685 ] ], [ [ 12.88192, 56.72685 ], [ 12.88776, 56.71752 ] ], [ [ 12.88776, 56.71752 ], [ 12.88846, 56.71661 ] ], [ [ 12.88846, 56.71661 ], [ 12.88897, 56.71603 ] ], [ [ 12.88897, 56.71603 ], [ 12.8911, 56.71355 ] ], [ [ 12.8911, 56.71355 ], [ 12.89169, 56.71271 ] ], [ [ 12.89169, 56.71271 ], [ 12.89244, 56.71135 ] ], [ [ 12.89244, 56.71135 ], [ 12.89321, 56.7078 ] ], [ [ 12.89321, 56.7078 ], [ 12.89321, 56.70779 ] ], [ [ 12.89321, 56.70779 ], [ 12.89264, 56.70271 ] ], [ [ 12.89264, 56.70271 ], [ 12.8932, 56.69963 ] ], [ [ 12.8932, 56.69963 ], [ 12.89354, 56.69889 ] ], [ [ 12.89354, 56.69889 ], [ 12.89361, 56.69875 ] ], [ [ 12.89361, 56.69875 ], [ 12.89367, 56.69861 ] ], [ [ 12.89367, 56.69861 ], [ 12.89434, 56.69725 ] ], [ [ 12.89434, 56.69725 ], [ 12.89557, 56.69473 ] ], [ [ 12.89557, 56.69473 ], [ 12.89588, 56.69402 ] ], [ [ 12.89588, 56.69402 ], [ 12.89593, 56.69391 ] ], [ [ 12.89593, 56.69391 ], [ 12.89615, 56.69297 ] ], [ [ 12.89615, 56.69297 ], [ 12.89619, 56.69251 ] ], [ [ 12.89619, 56.69251 ], [ 12.89595, 56.69091 ] ], [ [ 12.89595, 56.69091 ], [ 12.89593, 56.69084 ] ], [ [ 12.89593, 56.69084 ], [ 12.89562, 56.68999 ] ], [ [ 12.89562, 56.68999 ], [ 12.89382, 56.68772 ] ], [ [ 12.89382, 56.68772 ], [ 12.89378, 56.68768 ] ], [ [ 12.89378, 56.68768 ], [ 12.89363, 56.68755 ] ], [ [ 12.89363, 56.68755 ], [ 12.89287, 56.68692 ] ], [ [ 12.91856, 56.63605 ], [ 12.91938, 56.6356 ] ], [ [ 12.91938, 56.6356 ], [ 12.91966, 56.63546 ] ], [ [ 12.91966, 56.63546 ], [ 12.92707, 56.63146 ] ], [ [ 12.92707, 56.63146 ], [ 12.93048, 56.62963 ] ], [ [ 12.93048, 56.62963 ], [ 12.93408, 56.62768 ] ], [ [ 12.93408, 56.62768 ], [ 12.936, 56.62665 ] ], [ [ 12.936, 56.62665 ], [ 12.93608, 56.62661 ] ], [ [ 12.93608, 56.62661 ], [ 12.93712, 56.62604 ] ], [ [ 12.93712, 56.62604 ], [ 12.93925, 56.6249 ] ], [ [ 12.93925, 56.6249 ], [ 12.94015, 56.62441 ] ], [ [ 12.94015, 56.62441 ], [ 12.94157, 56.62365 ] ], [ [ 12.94157, 56.62365 ], [ 12.94241, 56.6232 ] ], [ [ 12.94241, 56.6232 ], [ 12.9428, 56.62299 ] ], [ [ 12.9428, 56.62299 ], [ 12.94346, 56.62265 ] ], [ [ 12.94346, 56.62265 ], [ 12.94437, 56.62218 ] ], [ [ 12.94437, 56.62218 ], [ 12.94503, 56.62184 ] ], [ [ 12.94503, 56.62184 ], [ 12.94564, 56.62153 ] ], [ [ 12.94564, 56.62153 ], [ 12.94581, 56.62143 ] ], [ [ 12.94581, 56.62143 ], [ 12.94586, 56.62141 ] ], [ [ 12.94586, 56.62141 ], [ 12.94665, 56.62099 ] ], [ [ 12.94665, 56.62099 ], [ 12.9477, 56.62042 ] ], [ [ 12.9477, 56.62042 ], [ 12.94902, 56.61971 ] ], [ [ 12.94902, 56.61971 ], [ 12.94911, 56.61965 ] ], [ [ 12.94911, 56.61965 ], [ 12.94947, 56.61946 ] ], [ [ 12.94947, 56.61946 ], [ 12.9514, 56.61842 ] ], [ [ 12.9514, 56.61842 ], [ 12.95382, 56.61711 ] ], [ [ 12.95382, 56.61711 ], [ 12.95477, 56.6166 ] ], [ [ 12.95477, 56.6166 ], [ 12.95589, 56.61599 ] ], [ [ 12.95589, 56.61599 ], [ 12.95607, 56.6159 ] ], [ [ 12.95607, 56.6159 ], [ 12.95609, 56.61589 ] ], [ [ 12.95609, 56.61589 ], [ 12.95674, 56.61553 ] ], [ [ 12.95674, 56.61553 ], [ 12.9572, 56.61529 ] ], [ [ 12.9572, 56.61529 ], [ 12.95761, 56.61506 ] ], [ [ 12.95761, 56.61506 ], [ 12.95762, 56.61506 ] ], [ [ 12.95762, 56.61506 ], [ 12.95775, 56.61499 ] ], [ [ 12.95775, 56.61499 ], [ 12.96066, 56.61341 ] ], [ [ 12.96066, 56.61341 ], [ 12.96174, 56.61283 ] ], [ [ 12.96174, 56.61283 ], [ 12.96835, 56.60926 ] ], [ [ 12.96835, 56.60926 ], [ 12.96897, 56.60892 ] ], [ [ 12.96897, 56.60892 ], [ 12.97233, 56.60711 ] ], [ [ 12.97233, 56.60711 ], [ 12.97242, 56.60706 ] ], [ [ 12.97242, 56.60706 ], [ 12.97249, 56.60702 ] ], [ [ 12.97249, 56.60702 ], [ 12.97509, 56.60561 ] ], [ [ 12.97509, 56.60561 ], [ 12.98271, 56.60148 ] ], [ [ 12.98271, 56.60148 ], [ 12.98313, 56.60125 ] ], [ [ 12.98313, 56.60125 ], [ 12.9833, 56.60114 ] ], [ [ 12.9833, 56.60114 ], [ 12.98446, 56.60043 ] ], [ [ 12.98446, 56.60043 ], [ 12.98524, 56.59995 ] ], [ [ 12.98524, 56.59995 ], [ 12.98656, 56.59903 ] ], [ [ 12.98656, 56.59903 ], [ 12.98698, 56.59874 ] ], [ [ 12.98698, 56.59874 ], [ 12.99131, 56.59567 ] ], [ [ 12.1528, 57.40531 ], [ 12.15193, 57.40458 ] ], [ [ 12.15193, 57.40458 ], [ 12.14991, 57.40273 ] ], [ [ 12.14991, 57.40273 ], [ 12.14553, 57.39864 ] ], [ [ 12.14553, 57.39864 ], [ 12.14479, 57.39787 ] ], [ [ 12.19205, 57.24076 ], [ 12.19267, 57.24039 ] ], [ [ 12.19267, 57.24039 ], [ 12.19307, 57.24015 ] ], [ [ 12.19307, 57.24015 ], [ 12.19314, 57.24011 ] ], [ [ 12.19314, 57.24011 ], [ 12.19362, 57.23984 ] ], [ [ 12.19362, 57.23984 ], [ 12.19421, 57.23952 ] ], [ [ 12.19421, 57.23952 ], [ 12.1948, 57.23919 ] ], [ [ 12.1948, 57.23919 ], [ 12.19643, 57.23831 ] ], [ [ 12.19643, 57.23831 ], [ 12.19662, 57.2382 ] ], [ [ 12.19662, 57.2382 ], [ 12.19666, 57.23818 ] ], [ [ 12.19666, 57.23818 ], [ 12.19699, 57.23799 ] ], [ [ 12.19699, 57.23799 ], [ 12.19735, 57.23778 ] ], [ [ 12.19735, 57.23778 ], [ 12.19777, 57.23754 ] ], [ [ 12.19777, 57.23754 ], [ 12.19825, 57.23727 ] ], [ [ 12.19825, 57.23727 ], [ 12.19853, 57.2371 ] ], [ [ 12.19853, 57.2371 ], [ 12.19877, 57.23695 ] ], [ [ 12.19877, 57.23695 ], [ 12.19911, 57.23674 ] ], [ [ 12.19911, 57.23674 ], [ 12.19967, 57.23639 ] ], [ [ 12.19967, 57.23639 ], [ 12.19994, 57.23621 ] ], [ [ 12.19994, 57.23621 ], [ 12.20071, 57.2357 ] ], [ [ 12.20071, 57.2357 ], [ 12.20102, 57.23549 ] ], [ [ 12.20102, 57.23549 ], [ 12.20112, 57.23542 ] ], [ [ 12.20112, 57.23542 ], [ 12.20115, 57.23541 ] ], [ [ 12.20115, 57.23541 ], [ 12.20118, 57.23538 ] ], [ [ 12.20118, 57.23538 ], [ 12.20142, 57.23522 ] ], [ [ 12.20142, 57.23522 ], [ 12.20166, 57.23507 ] ], [ [ 12.20166, 57.23507 ], [ 12.20174, 57.23501 ] ], [ [ 12.20174, 57.23501 ], [ 12.20179, 57.23498 ] ], [ [ 12.20179, 57.23498 ], [ 12.20198, 57.23486 ] ], [ [ 12.20198, 57.23486 ], [ 12.20232, 57.23466 ] ], [ [ 12.20232, 57.23466 ], [ 12.20291, 57.23429 ] ], [ [ 12.39113, 57.0205 ], [ 12.39167, 57.01962 ] ], [ [ 12.39167, 57.01962 ], [ 12.39276, 57.01798 ] ], [ [ 12.39276, 57.01798 ], [ 12.39544, 57.01401 ] ], [ [ 12.39544, 57.01401 ], [ 12.3961, 57.01315 ] ], [ [ 12.50012, 56.92044 ], [ 12.50162, 56.92032 ] ], [ [ 12.50162, 56.92032 ], [ 12.50171, 56.92031 ] ], [ [ 12.50171, 56.92031 ], [ 12.50253, 56.92023 ] ], [ [ 12.50253, 56.92023 ], [ 12.5037, 56.92011 ] ], [ [ 12.5037, 56.92011 ], [ 12.50446, 56.92002 ] ], [ [ 12.50446, 56.92002 ], [ 12.50502, 56.91996 ] ], [ [ 12.50502, 56.91996 ], [ 12.50699, 56.91975 ] ], [ [ 12.50699, 56.91975 ], [ 12.5073, 56.91972 ] ], [ [ 12.5073, 56.91972 ], [ 12.50779, 56.91966 ] ], [ [ 12.50779, 56.91966 ], [ 12.51206, 56.91929 ] ], [ [ 12.51206, 56.91929 ], [ 12.51342, 56.91918 ] ], [ [ 12.51342, 56.91918 ], [ 12.51413, 56.91911 ] ], [ [ 12.51413, 56.91911 ], [ 12.51415, 56.91911 ] ], [ [ 12.51415, 56.91911 ], [ 12.51573, 56.91895 ] ], [ [ 12.45403, 56.95409 ], [ 12.45422, 56.95363 ] ], [ [ 12.45422, 56.95363 ], [ 12.45495, 56.95137 ] ], [ [ 12.45495, 56.95137 ], [ 12.45496, 56.95134 ] ], [ [ 12.45496, 56.95134 ], [ 12.45521, 56.95052 ] ], [ [ 12.45521, 56.95052 ], [ 12.45526, 56.95037 ] ], [ [ 12.45526, 56.95037 ], [ 12.45537, 56.95003 ] ], [ [ 12.45537, 56.95003 ], [ 12.45569, 56.94899 ] ], [ [ 12.45569, 56.94899 ], [ 12.45574, 56.94884 ] ], [ [ 12.45574, 56.94884 ], [ 12.45584, 56.94852 ] ], [ [ 12.45584, 56.94852 ], [ 12.45594, 56.94819 ] ], [ [ 12.45594, 56.94819 ], [ 12.45633, 56.94695 ] ], [ [ 12.45633, 56.94695 ], [ 12.45692, 56.94512 ] ], [ [ 12.45692, 56.94512 ], [ 12.45707, 56.94468 ] ], [ [ 12.45707, 56.94468 ], [ 12.45709, 56.94461 ] ], [ [ 12.45709, 56.94461 ], [ 12.45779, 56.94261 ] ], [ [ 12.85577, 56.75187 ], [ 12.85578, 56.75186 ] ], [ [ 12.85578, 56.75186 ], [ 12.85666, 56.75124 ] ], [ [ 12.85666, 56.75124 ], [ 12.85856, 56.74988 ] ], [ [ 12.85856, 56.74988 ], [ 12.85891, 56.74962 ] ], [ [ 12.85891, 56.74962 ], [ 12.85893, 56.74961 ] ], [ [ 12.85893, 56.74961 ], [ 12.86173, 56.74759 ] ], [ [ 12.86173, 56.74759 ], [ 12.86206, 56.74735 ] ], [ [ 12.86206, 56.74735 ], [ 12.86211, 56.74731 ] ], [ [ 12.99143, 56.59561 ], [ 12.99264, 56.59476 ] ], [ [ 12.99264, 56.59476 ], [ 12.9951, 56.593 ] ], [ [ 12.9951, 56.593 ], [ 12.99823, 56.59075 ] ], [ [ 12.99823, 56.59075 ], [ 12.99845, 56.59059 ] ], [ [ 12.99845, 56.59059 ], [ 13.0013, 56.58852 ] ], [ [ 13.0013, 56.58852 ], [ 13.00137, 56.58846 ] ], [ [ 13.00137, 56.58846 ], [ 13.00408, 56.58624 ] ], [ [ 13.00408, 56.58624 ], [ 13.00678, 56.58356 ] ], [ [ 13.00678, 56.58356 ], [ 13.0068, 56.58354 ] ], [ [ 12.63768, 56.87586 ], [ 12.64195, 56.87426 ] ], [ [ 12.64195, 56.87426 ], [ 12.64312, 56.87382 ] ], [ [ 12.64312, 56.87382 ], [ 12.64518, 56.87305 ] ], [ [ 12.64518, 56.87305 ], [ 12.64628, 56.87264 ] ], [ [ 12.64628, 56.87264 ], [ 12.6475, 56.87218 ] ], [ [ 12.6475, 56.87218 ], [ 12.64788, 56.87204 ] ], [ [ 12.64788, 56.87204 ], [ 12.64839, 56.87186 ] ], [ [ 12.64839, 56.87186 ], [ 12.64939, 56.8715 ] ], [ [ 12.64939, 56.8715 ], [ 12.65258, 56.87043 ] ], [ [ 12.25066, 57.1148 ], [ 12.25039, 57.11415 ] ], [ [ 12.25039, 57.11415 ], [ 12.25032, 57.11397 ] ], [ [ 12.25032, 57.11397 ], [ 12.25013, 57.11345 ] ], [ [ 12.25013, 57.11345 ], [ 12.2499, 57.11277 ] ], [ [ 12.2499, 57.11277 ], [ 12.24985, 57.11263 ] ], [ [ 12.24985, 57.11263 ], [ 12.24985, 57.11262 ] ], [ [ 12.24985, 57.11262 ], [ 12.2499, 57.11249 ] ], [ [ 12.16866, 57.32431 ], [ 12.16875, 57.3232 ] ], [ [ 12.16875, 57.3232 ], [ 12.16911, 57.3212 ] ], [ [ 12.16911, 57.3212 ], [ 12.16955, 57.31899 ] ], [ [ 12.16955, 57.31899 ], [ 12.16975, 57.31799 ] ], [ [ 12.16975, 57.31799 ], [ 12.17006, 57.31654 ] ], [ [ 12.17006, 57.31654 ], [ 12.17033, 57.315 ] ], [ [ 12.17033, 57.315 ], [ 12.17047, 57.31426 ] ], [ [ 12.17047, 57.31426 ], [ 12.17071, 57.3129 ] ], [ [ 12.17071, 57.3129 ], [ 12.17073, 57.31275 ] ], [ [ 12.17073, 57.31275 ], [ 12.17073, 57.31273 ] ], [ [ 12.17073, 57.31273 ], [ 12.17078, 57.31211 ] ], [ [ 12.492, 56.92145 ], [ 12.4926, 56.92135 ] ], [ [ 12.4926, 56.92135 ], [ 12.49374, 56.92119 ] ], [ [ 12.49374, 56.92119 ], [ 12.49993, 56.92046 ] ], [ [ 12.49993, 56.92046 ], [ 12.50012, 56.92044 ] ], [ [ 12.50012, 56.92044 ], [ 12.50162, 56.92027 ] ], [ [ 12.50162, 56.92027 ], [ 12.50204, 56.92023 ] ], [ [ 12.50204, 56.92023 ], [ 12.50368, 56.92005 ] ], [ [ 12.50368, 56.92005 ], [ 12.50443, 56.91997 ] ], [ [ 12.50443, 56.91997 ], [ 12.50498, 56.91991 ] ], [ [ 12.50498, 56.91991 ], [ 12.50725, 56.91967 ] ], [ [ 12.50725, 56.91967 ], [ 12.50773, 56.91962 ] ], [ [ 12.50773, 56.91962 ], [ 12.50812, 56.91958 ] ], [ [ 12.50812, 56.91958 ], [ 12.51079, 56.91933 ] ], [ [ 12.51079, 56.91933 ], [ 12.51573, 56.91895 ] ], [ [ 12.51573, 56.91895 ], [ 12.51593, 56.91894 ] ], [ [ 12.51593, 56.91894 ], [ 12.51609, 56.91892 ] ], [ [ 12.63771, 56.8759 ], [ 12.64185, 56.87435 ] ], [ [ 12.64185, 56.87435 ], [ 12.64221, 56.87421 ] ], [ [ 12.64221, 56.87421 ], [ 12.64307, 56.87389 ] ], [ [ 12.64307, 56.87389 ], [ 12.6439, 56.87357 ] ], [ [ 12.6439, 56.87357 ], [ 12.64421, 56.87345 ] ], [ [ 12.64421, 56.87345 ], [ 12.64512, 56.87311 ] ], [ [ 12.64512, 56.87311 ], [ 12.64774, 56.87214 ] ], [ [ 12.64774, 56.87214 ], [ 12.64786, 56.8721 ] ], [ [ 12.64786, 56.8721 ], [ 12.6484, 56.8719 ] ], [ [ 12.6484, 56.8719 ], [ 12.64939, 56.87156 ] ], [ [ 12.64939, 56.87156 ], [ 12.65263, 56.87047 ] ], [ [ 12.72902, 56.80029 ], [ 12.72902, 56.80016 ] ], [ [ 12.72902, 56.80016 ], [ 12.72902, 56.79992 ] ], [ [ 12.72902, 56.79992 ], [ 12.72901, 56.79919 ] ], [ [ 12.72901, 56.79919 ], [ 12.72893, 56.79819 ] ], [ [ 12.72893, 56.79819 ], [ 12.7286, 56.79421 ] ], [ [ 12.7286, 56.79421 ], [ 12.72856, 56.79364 ] ], [ [ 12.72856, 56.79364 ], [ 12.72855, 56.79352 ] ], [ [ 12.72855, 56.79352 ], [ 12.72834, 56.79095 ] ], [ [ 12.72834, 56.79095 ], [ 12.72823, 56.78971 ] ], [ [ 12.72823, 56.78971 ], [ 12.72821, 56.78941 ] ], [ [ 12.72821, 56.78941 ], [ 12.72819, 56.78921 ] ], [ [ 12.72819, 56.78921 ], [ 12.72804, 56.7874 ] ], [ [ 12.72804, 56.7874 ], [ 12.728, 56.78689 ] ], [ [ 12.728, 56.78689 ], [ 12.72795, 56.78625 ] ], [ [ 12.72795, 56.78625 ], [ 12.72787, 56.7854 ] ], [ [ 12.72787, 56.7854 ], [ 12.72782, 56.78481 ] ], [ [ 12.1569, 57.40912 ], [ 12.15649, 57.40874 ] ], [ [ 12.15649, 57.40874 ], [ 12.15567, 57.40798 ] ], [ [ 12.15567, 57.40798 ], [ 12.15426, 57.40666 ] ], [ [ 12.15426, 57.40666 ], [ 12.15384, 57.40627 ] ], [ [ 12.15384, 57.40627 ], [ 12.15312, 57.4056 ] ], [ [ 12.15312, 57.4056 ], [ 12.15297, 57.40546 ] ], [ [ 12.15297, 57.40546 ], [ 12.1528, 57.40531 ] ], [ [ 12.1528, 57.40531 ], [ 12.15158, 57.40417 ] ], [ [ 12.15158, 57.40417 ], [ 12.14974, 57.40248 ] ], [ [ 12.14974, 57.40248 ], [ 12.14882, 57.40162 ] ], [ [ 12.14882, 57.40162 ], [ 12.14689, 57.39982 ] ], [ [ 12.14689, 57.39982 ], [ 12.14605, 57.39904 ] ], [ [ 12.14605, 57.39904 ], [ 12.14479, 57.39787 ] ], [ [ 12.14479, 57.39787 ], [ 12.14462, 57.39772 ] ], [ [ 12.14462, 57.39772 ], [ 12.14299, 57.39624 ] ], [ [ 12.14299, 57.39624 ], [ 12.14247, 57.39577 ] ], [ [ 12.14247, 57.39577 ], [ 12.14059, 57.39406 ] ], [ [ 12.14059, 57.39406 ], [ 12.14054, 57.39402 ] ], [ [ 12.18619, 57.24407 ], [ 12.18696, 57.2436 ] ], [ [ 12.18696, 57.2436 ], [ 12.18701, 57.24357 ] ], [ [ 12.18701, 57.24357 ], [ 12.19172, 57.24094 ] ], [ [ 12.19172, 57.24094 ], [ 12.19205, 57.24076 ] ], [ [ 12.19205, 57.24076 ], [ 12.19398, 57.23972 ] ], [ [ 12.19398, 57.23972 ], [ 12.19569, 57.2388 ] ], [ [ 12.19569, 57.2388 ], [ 12.19792, 57.23754 ] ], [ [ 12.19792, 57.23754 ], [ 12.1993, 57.23672 ] ], [ [ 12.1993, 57.23672 ], [ 12.20109, 57.23552 ] ], [ [ 12.20109, 57.23552 ], [ 12.2012, 57.23546 ] ], [ [ 12.2012, 57.23546 ], [ 12.20291, 57.23429 ] ], [ [ 12.20291, 57.23429 ], [ 12.20312, 57.23415 ] ], [ [ 12.20312, 57.23415 ], [ 12.20441, 57.23327 ] ], [ [ 12.20441, 57.23327 ], [ 12.20446, 57.23323 ] ], [ [ 12.20446, 57.23323 ], [ 12.20451, 57.2332 ] ], [ [ 12.20451, 57.2332 ], [ 12.20516, 57.23276 ] ], [ [ 12.20516, 57.23276 ], [ 12.20811, 57.23071 ] ], [ [ 12.38738, 57.02549 ], [ 12.3881, 57.02462 ] ], [ [ 12.3881, 57.02462 ], [ 12.38916, 57.02329 ] ], [ [ 12.38916, 57.02329 ], [ 12.391, 57.02069 ] ], [ [ 12.391, 57.02069 ], [ 12.391, 57.02068 ] ], [ [ 12.391, 57.02068 ], [ 12.39112, 57.02052 ] ], [ [ 12.39112, 57.02052 ], [ 12.39113, 57.0205 ] ], [ [ 12.39113, 57.0205 ], [ 12.39172, 57.01965 ] ], [ [ 12.39172, 57.01965 ], [ 12.39406, 57.01624 ] ], [ [ 12.39406, 57.01624 ], [ 12.39508, 57.0147 ] ], [ [ 12.39508, 57.0147 ], [ 12.39513, 57.01463 ] ], [ [ 12.39513, 57.01463 ], [ 12.39525, 57.01444 ] ], [ [ 12.39525, 57.01444 ], [ 12.39543, 57.01418 ] ], [ [ 12.39543, 57.01418 ], [ 12.39586, 57.01352 ] ], [ [ 12.39586, 57.01352 ], [ 12.3961, 57.01315 ] ], [ [ 12.3961, 57.01315 ], [ 12.39622, 57.01299 ] ], [ [ 12.39622, 57.01299 ], [ 12.39623, 57.01297 ] ], [ [ 12.39623, 57.01297 ], [ 12.39633, 57.01283 ] ], [ [ 12.39633, 57.01283 ], [ 12.39636, 57.01278 ] ], [ [ 12.39636, 57.01278 ], [ 12.3973, 57.01138 ] ], [ [ 12.3973, 57.01138 ], [ 12.39843, 57.00978 ] ], [ [ 12.39843, 57.00978 ], [ 12.39865, 57.00947 ] ], [ [ 12.39865, 57.00947 ], [ 12.39955, 57.00822 ] ], [ [ 12.45395, 56.95409 ], [ 12.45413, 56.95364 ] ], [ [ 12.45413, 56.95364 ], [ 12.45486, 56.9514 ] ], [ [ 12.45486, 56.9514 ], [ 12.45487, 56.95137 ] ], [ [ 12.45487, 56.95137 ], [ 12.45512, 56.95056 ] ], [ [ 12.45512, 56.95056 ], [ 12.45517, 56.95041 ] ], [ [ 12.45517, 56.95041 ], [ 12.45519, 56.95035 ] ], [ [ 12.45519, 56.95035 ], [ 12.45528, 56.95007 ] ], [ [ 12.45528, 56.95007 ], [ 12.45576, 56.94854 ] ], [ [ 12.45576, 56.94854 ], [ 12.45587, 56.9482 ] ], [ [ 12.45587, 56.9482 ], [ 12.45608, 56.94754 ] ], [ [ 12.45608, 56.94754 ], [ 12.45626, 56.94695 ] ], [ [ 12.45626, 56.94695 ], [ 12.45638, 56.94655 ] ], [ [ 12.45638, 56.94655 ], [ 12.45684, 56.94512 ] ], [ [ 12.45684, 56.94512 ], [ 12.45699, 56.94468 ] ], [ [ 12.45699, 56.94468 ], [ 12.45702, 56.94461 ] ], [ [ 12.45702, 56.94461 ], [ 12.45772, 56.94261 ] ], [ [ 12.85569, 56.75185 ], [ 12.85661, 56.75122 ] ], [ [ 12.85661, 56.75122 ], [ 12.85785, 56.75032 ] ], [ [ 12.85785, 56.75032 ], [ 12.85862, 56.74977 ] ], [ [ 12.85862, 56.74977 ], [ 12.85888, 56.74958 ] ], [ [ 12.85888, 56.74958 ], [ 12.85986, 56.74888 ] ], [ [ 12.85986, 56.74888 ], [ 12.8617, 56.74754 ] ], [ [ 12.8617, 56.74754 ], [ 12.86205, 56.74729 ] ], [ [ 12.99131, 56.59567 ], [ 12.99247, 56.59482 ] ], [ [ 12.99247, 56.59482 ], [ 12.99641, 56.59198 ] ], [ [ 12.99641, 56.59198 ], [ 12.99664, 56.59183 ] ], [ [ 12.99664, 56.59183 ], [ 13.00119, 56.58855 ] ], [ [ 13.00119, 56.58855 ], [ 13.00127, 56.58848 ] ], [ [ 13.00127, 56.58848 ], [ 13.00399, 56.58625 ] ], [ [ 13.00399, 56.58625 ], [ 13.00672, 56.58355 ] ], [ [ 13.00672, 56.58355 ], [ 13.00674, 56.58353 ] ], [ [ 12.25098, 57.11577 ], [ 12.25071, 57.11521 ] ], [ [ 12.25071, 57.11521 ], [ 12.25071, 57.1152 ] ], [ [ 12.25071, 57.1152 ], [ 12.25066, 57.11508 ] ], [ [ 12.25066, 57.11508 ], [ 12.25055, 57.11483 ] ], [ [ 12.25055, 57.11483 ], [ 12.25041, 57.11453 ] ], [ [ 12.25041, 57.11453 ], [ 12.25039, 57.11448 ] ], [ [ 12.25039, 57.11448 ], [ 12.25019, 57.11404 ] ], [ [ 12.25019, 57.11404 ], [ 12.25014, 57.11391 ] ], [ [ 12.25014, 57.11391 ], [ 12.24979, 57.11299 ] ], [ [ 12.24979, 57.11299 ], [ 12.24947, 57.11163 ] ], [ [ 12.45638, 56.94655 ], [ 12.45664, 56.94551 ] ], [ [ 12.45664, 56.94551 ], [ 12.45675, 56.945 ] ], [ [ 12.45675, 56.945 ], [ 12.45685, 56.94469 ] ], [ [ 12.45685, 56.94469 ], [ 12.45686, 56.94467 ] ], [ [ 12.45686, 56.94467 ], [ 12.45688, 56.9446 ] ], [ [ 12.45688, 56.9446 ], [ 12.45695, 56.9444 ] ], [ [ 12.45695, 56.9444 ], [ 12.45715, 56.94382 ] ], [ [ 12.45715, 56.94382 ], [ 12.45743, 56.94307 ] ], [ [ 12.45743, 56.94307 ], [ 12.45761, 56.9426 ] ], [ [ 12.15699, 57.40911 ], [ 12.15657, 57.40873 ] ], [ [ 12.15657, 57.40873 ], [ 12.15576, 57.40797 ] ], [ [ 12.15576, 57.40797 ], [ 12.15434, 57.40665 ] ], [ [ 12.15434, 57.40665 ], [ 12.15402, 57.40636 ] ], [ [ 12.15402, 57.40636 ], [ 12.15392, 57.40626 ] ], [ [ 12.15392, 57.40626 ], [ 12.15318, 57.40559 ] ], [ [ 12.15318, 57.40559 ], [ 12.15164, 57.40416 ] ], [ [ 12.15164, 57.40416 ], [ 12.14981, 57.40246 ] ], [ [ 12.14981, 57.40246 ], [ 12.14889, 57.4016 ] ], [ [ 12.14889, 57.4016 ], [ 12.14696, 57.39981 ] ], [ [ 12.14696, 57.39981 ], [ 12.14612, 57.39903 ] ], [ [ 12.14612, 57.39903 ], [ 12.1437, 57.39678 ] ], [ [ 12.1437, 57.39678 ], [ 12.14309, 57.39621 ] ], [ [ 12.14309, 57.39621 ], [ 12.14258, 57.39574 ] ], [ [ 12.14258, 57.39574 ], [ 12.14073, 57.39403 ] ], [ [ 12.14073, 57.39403 ], [ 12.14068, 57.39399 ] ], [ [ 12.18624, 57.24409 ], [ 12.18699, 57.24363 ] ], [ [ 12.18699, 57.24363 ], [ 12.18704, 57.2436 ] ], [ [ 12.18704, 57.2436 ], [ 12.19039, 57.24172 ] ], [ [ 12.19039, 57.24172 ], [ 12.19403, 57.23975 ] ], [ [ 12.19403, 57.23975 ], [ 12.19574, 57.23883 ] ], [ [ 12.19574, 57.23883 ], [ 12.19779, 57.23768 ] ], [ [ 12.19779, 57.23768 ], [ 12.19955, 57.23661 ] ], [ [ 12.19955, 57.23661 ], [ 12.20116, 57.23555 ] ], [ [ 12.20116, 57.23555 ], [ 12.20126, 57.23548 ] ], [ [ 12.20126, 57.23548 ], [ 12.2044, 57.23335 ] ], [ [ 12.2044, 57.23335 ], [ 12.20447, 57.2333 ] ], [ [ 12.20447, 57.2333 ], [ 12.20453, 57.23326 ] ], [ [ 12.20453, 57.23326 ], [ 12.20458, 57.23323 ] ], [ [ 12.20458, 57.23323 ], [ 12.20522, 57.23279 ] ], [ [ 12.20522, 57.23279 ], [ 12.20814, 57.23078 ] ], [ [ 12.20814, 57.23078 ], [ 12.20819, 57.23074 ] ], [ [ 12.2504, 57.11467 ], [ 12.25019, 57.11426 ] ], [ [ 12.25019, 57.11426 ], [ 12.24994, 57.11365 ] ], [ [ 12.24994, 57.11365 ], [ 12.24933, 57.11143 ] ], [ [ 12.24933, 57.11143 ], [ 12.24926, 57.11065 ] ], [ [ 12.24926, 57.11065 ], [ 12.24926, 57.11063 ] ], [ [ 12.24926, 57.11063 ], [ 12.24925, 57.10907 ] ], [ [ 12.38745, 57.02551 ], [ 12.38818, 57.02462 ] ], [ [ 12.38818, 57.02462 ], [ 12.38924, 57.02327 ] ], [ [ 12.38924, 57.02327 ], [ 12.39023, 57.02188 ] ], [ [ 12.39023, 57.02188 ], [ 12.39111, 57.02066 ] ], [ [ 12.39111, 57.02066 ], [ 12.39122, 57.0205 ] ], [ [ 12.39122, 57.0205 ], [ 12.39184, 57.01964 ] ], [ [ 12.39184, 57.01964 ], [ 12.39417, 57.01621 ] ], [ [ 12.39417, 57.01621 ], [ 12.39456, 57.01559 ] ], [ [ 12.39456, 57.01559 ], [ 12.39522, 57.01459 ] ], [ [ 12.39522, 57.01459 ], [ 12.39535, 57.0144 ] ], [ [ 12.39535, 57.0144 ], [ 12.39553, 57.01414 ] ], [ [ 12.39553, 57.01414 ], [ 12.39598, 57.01348 ] ], [ [ 12.39598, 57.01348 ], [ 12.39634, 57.01294 ] ], [ [ 12.39634, 57.01294 ], [ 12.39644, 57.0128 ] ], [ [ 12.39644, 57.0128 ], [ 12.39647, 57.01275 ] ], [ [ 12.39647, 57.01275 ], [ 12.39718, 57.01171 ] ], [ [ 12.39718, 57.01171 ], [ 12.39741, 57.01136 ] ], [ [ 12.39741, 57.01136 ], [ 12.39852, 57.00977 ] ], [ [ 12.39852, 57.00977 ], [ 12.39875, 57.00947 ] ], [ [ 12.39875, 57.00947 ], [ 12.39963, 57.00824 ] ], [ [ 12.16857, 57.32436 ], [ 12.16867, 57.32322 ] ], [ [ 12.16867, 57.32322 ], [ 12.16924, 57.32009 ] ], [ [ 12.16924, 57.32009 ], [ 12.16947, 57.31895 ] ], [ [ 12.16947, 57.31895 ], [ 12.16967, 57.31798 ] ], [ [ 12.16967, 57.31798 ], [ 12.16999, 57.31657 ] ], [ [ 12.16999, 57.31657 ], [ 12.17007, 57.31609 ] ], [ [ 12.17007, 57.31609 ], [ 12.17038, 57.3143 ] ], [ [ 12.17038, 57.3143 ], [ 12.17063, 57.3129 ] ], [ [ 12.17063, 57.3129 ], [ 12.17066, 57.31275 ] ], [ [ 12.17066, 57.31275 ], [ 12.17066, 57.31273 ] ], [ [ 12.17066, 57.31273 ], [ 12.17071, 57.31211 ] ], [ [ 12.49197, 56.92142 ], [ 12.49265, 56.92131 ] ], [ [ 12.49265, 56.92131 ], [ 12.49373, 56.92114 ] ], [ [ 12.49373, 56.92114 ], [ 12.49801, 56.92063 ] ], [ [ 12.49801, 56.92063 ], [ 12.50168, 56.92023 ] ], [ [ 12.50168, 56.92023 ], [ 12.50374, 56.92 ] ], [ [ 12.50374, 56.92 ], [ 12.50392, 56.91998 ] ], [ [ 12.50392, 56.91998 ], [ 12.50441, 56.91993 ] ], [ [ 12.50441, 56.91993 ], [ 12.50458, 56.91991 ] ], [ [ 12.50458, 56.91991 ], [ 12.50496, 56.91987 ] ], [ [ 12.50496, 56.91987 ], [ 12.50723, 56.91962 ] ], [ [ 12.50723, 56.91962 ], [ 12.50771, 56.91957 ] ], [ [ 12.50771, 56.91957 ], [ 12.5081, 56.91953 ] ], [ [ 12.5081, 56.91953 ], [ 12.51077, 56.91928 ] ], [ [ 12.51077, 56.91928 ], [ 12.51433, 56.91901 ] ], [ [ 12.51433, 56.91901 ], [ 12.51603, 56.91889 ] ], [ [ 12.51781, 56.91875 ], [ 12.51793, 56.91874 ] ], [ [ 12.51793, 56.91874 ], [ 12.51833, 56.91871 ] ], [ [ 12.7289, 56.80033 ], [ 12.72891, 56.80018 ] ], [ [ 12.72891, 56.80018 ], [ 12.72892, 56.80012 ] ], [ [ 12.72892, 56.80012 ], [ 12.72893, 56.79914 ] ], [ [ 12.72893, 56.79914 ], [ 12.72857, 56.79475 ] ], [ [ 12.72857, 56.79475 ], [ 12.72857, 56.79473 ] ], [ [ 12.72857, 56.79473 ], [ 12.72856, 56.79458 ] ], [ [ 12.72856, 56.79458 ], [ 12.72852, 56.79409 ] ], [ [ 12.72852, 56.79409 ], [ 12.72832, 56.79166 ] ], [ [ 12.72832, 56.79166 ], [ 12.72824, 56.79078 ] ], [ [ 12.72824, 56.79078 ], [ 12.7281, 56.78899 ] ], [ [ 12.7281, 56.78899 ], [ 12.72806, 56.78853 ] ], [ [ 12.72806, 56.78853 ], [ 12.72801, 56.78795 ] ], [ [ 12.72801, 56.78795 ], [ 12.72801, 56.78789 ] ], [ [ 12.72801, 56.78789 ], [ 12.72795, 56.78724 ] ], [ [ 12.72795, 56.78724 ], [ 12.72785, 56.78599 ] ], [ [ 12.72785, 56.78599 ], [ 12.72783, 56.78573 ] ], [ [ 12.72783, 56.78573 ], [ 12.72776, 56.78486 ] ], [ [ 12.50458, 56.91991 ], [ 12.50607, 56.9197 ] ], [ [ 12.50607, 56.9197 ], [ 12.50615, 56.91969 ] ], [ [ 12.50615, 56.91969 ], [ 12.50689, 56.9196 ] ], [ [ 12.50689, 56.9196 ], [ 12.5072, 56.91956 ] ], [ [ 12.5072, 56.91956 ], [ 12.50769, 56.91952 ] ], [ [ 12.50769, 56.91952 ], [ 12.50848, 56.91944 ] ], [ [ 12.50848, 56.91944 ], [ 12.50921, 56.91937 ] ], [ [ 12.50921, 56.91937 ], [ 12.50954, 56.91934 ] ], [ [ 12.50954, 56.91934 ], [ 12.51019, 56.91928 ] ], [ [ 12.51019, 56.91928 ], [ 12.51053, 56.91925 ] ], [ [ 12.51053, 56.91925 ], [ 12.51145, 56.91918 ] ], [ [ 12.51145, 56.91918 ], [ 12.51196, 56.91915 ] ], [ [ 12.51196, 56.91915 ], [ 12.51272, 56.91909 ] ], [ [ 12.51272, 56.91909 ], [ 12.51279, 56.91909 ] ], [ [ 12.51279, 56.91909 ], [ 12.51433, 56.91901 ] ], [ [ 12.25033, 57.11469 ], [ 12.25012, 57.11427 ] ], [ [ 12.25012, 57.11427 ], [ 12.24987, 57.11367 ] ], [ [ 12.24987, 57.11367 ], [ 12.24962, 57.113 ] ], [ [ 12.24962, 57.113 ], [ 12.24926, 57.11143 ] ], [ [ 12.24926, 57.11143 ], [ 12.24918, 57.11065 ] ], [ [ 12.24918, 57.11065 ], [ 12.24918, 57.11062 ] ], [ [ 12.24918, 57.11062 ], [ 12.24918, 57.10908 ] ], [ [ 12.25146, 57.11681 ], [ 12.251, 57.116 ] ], [ [ 12.251, 57.116 ], [ 12.25079, 57.11567 ] ], [ [ 12.25079, 57.11567 ], [ 12.2504, 57.11508 ] ], [ [ 12.2504, 57.11508 ], [ 12.25011, 57.11462 ] ], [ [ 12.25011, 57.11462 ], [ 12.24968, 57.11379 ] ], [ [ 12.24968, 57.11379 ], [ 12.24948, 57.11332 ] ], [ [ 12.24948, 57.11332 ], [ 12.24939, 57.11306 ] ], [ [ 12.24939, 57.11306 ], [ 12.24938, 57.11303 ] ], [ [ 12.24938, 57.11303 ], [ 12.24906, 57.11171 ] ], [ [ 12.24906, 57.11171 ], [ 12.24906, 57.11169 ] ], [ [ 12.99845, 56.59059 ], [ 12.99939, 56.58998 ] ], [ [ 12.99939, 56.58998 ], [ 12.99961, 56.58984 ] ], [ [ 12.99961, 56.58984 ], [ 13.00113, 56.58877 ] ], [ [ 13.00113, 56.58877 ], [ 13.00169, 56.58834 ] ], [ [ 13.00169, 56.58834 ], [ 13.0017, 56.58833 ] ], [ [ 13.0017, 56.58833 ], [ 13.00343, 56.58701 ] ], [ [ 12.25087, 57.11528 ], [ 12.25066, 57.1148 ] ], [ [ 12.25823, 57.12462 ], [ 12.25815, 57.12453 ] ], [ [ 12.25815, 57.12453 ], [ 12.25736, 57.12364 ] ], [ [ 12.25736, 57.12364 ], [ 12.2571, 57.12335 ] ], [ [ 12.2571, 57.12335 ], [ 12.25649, 57.12271 ] ], [ [ 12.25649, 57.12271 ], [ 12.25623, 57.12243 ] ], [ [ 12.25623, 57.12243 ], [ 12.25448, 57.12045 ] ], [ [ 12.25448, 57.12044 ], [ 12.25391, 57.1198 ] ], [ [ 12.25448, 57.12045 ], [ 12.25448, 57.12044 ] ], [ [ 12.25391, 57.1198 ], [ 12.25342, 57.11924 ] ], [ [ 12.25342, 57.11924 ], [ 12.25287, 57.1186 ] ], [ [ 12.25287, 57.1186 ], [ 12.25246, 57.1181 ] ], [ [ 12.25246, 57.1181 ], [ 12.25207, 57.11755 ] ], [ [ 12.25207, 57.11755 ], [ 12.25196, 57.11736 ] ], [ [ 12.25196, 57.11736 ], [ 12.25112, 57.11583 ] ], [ [ 12.25112, 57.11583 ], [ 12.25104, 57.11566 ] ], [ [ 12.25104, 57.11566 ], [ 12.25087, 57.11528 ] ], [ [ 12.85785, 56.75032 ], [ 12.85891, 56.74962 ] ], [ [ 12.26027, 57.13374 ], [ 12.26036, 57.13329 ] ], [ [ 12.26036, 57.13329 ], [ 12.26037, 57.13326 ] ], [ [ 12.26037, 57.13326 ], [ 12.26048, 57.13286 ] ], [ [ 12.26048, 57.13286 ], [ 12.26054, 57.13263 ] ], [ [ 12.26054, 57.13263 ], [ 12.26068, 57.13177 ] ], [ [ 12.26068, 57.13177 ], [ 12.26071, 57.13098 ] ], [ [ 12.26071, 57.13098 ], [ 12.26031, 57.12832 ], [ 12.25882, 57.12546 ] ], [ [ 12.25882, 57.12546 ], [ 12.2587, 57.1253 ] ], [ [ 12.2587, 57.1253 ], [ 12.25838, 57.1249 ] ], [ [ 12.25838, 57.1249 ], [ 12.25756, 57.12396 ] ], [ [ 12.25756, 57.12396 ], [ 12.25753, 57.12394 ] ], [ [ 12.25753, 57.12394 ], [ 12.25715, 57.12354 ] ], [ [ 12.72801, 56.78789 ], [ 12.728, 56.78689 ] ], [ [ 12.85893, 56.74961 ], [ 12.85986, 56.74888 ] ], [ [ 12.25919, 57.13918 ], [ 12.25921, 57.13911 ] ], [ [ 12.25921, 57.13911 ], [ 12.25953, 57.13814 ] ], [ [ 12.25953, 57.13814 ], [ 12.25953, 57.13812 ] ], [ [ 12.25953, 57.13812 ], [ 12.2598, 57.1368 ] ], [ [ 12.2598, 57.1368 ], [ 12.25988, 57.13631 ] ], [ [ 12.25988, 57.13631 ], [ 12.25991, 57.13612 ] ], [ [ 12.25991, 57.13612 ], [ 12.25993, 57.13593 ] ], [ [ 12.25993, 57.13593 ], [ 12.25995, 57.1358 ] ], [ [ 12.25995, 57.1358 ], [ 12.25998, 57.13561 ] ], [ [ 12.25998, 57.13561 ], [ 12.26005, 57.13514 ] ], [ [ 12.26005, 57.13514 ], [ 12.26007, 57.13505 ] ], [ [ 12.26007, 57.13505 ], [ 12.26027, 57.13374 ] ], [ [ 12.26027, 57.13374 ], [ 12.2606, 57.13099 ] ], [ [ 12.2606, 57.13099 ], [ 12.26021, 57.12835 ], [ 12.25873, 57.1255 ] ], [ [ 12.25873, 57.1255 ], [ 12.2572, 57.12365 ] ], [ [ 12.2572, 57.12365 ], [ 12.25663, 57.12301 ] ], [ [ 12.25663, 57.12301 ], [ 12.25654, 57.12291 ] ], [ [ 12.25654, 57.12291 ], [ 12.25478, 57.12091 ] ], [ [ 12.25478, 57.12091 ], [ 12.25443, 57.12052 ] ], [ [ 12.25443, 57.12052 ], [ 12.25433, 57.1204 ] ], [ [ 12.25433, 57.1204 ], [ 12.25422, 57.12027 ] ], [ [ 12.25422, 57.12027 ], [ 12.25315, 57.11906 ] ], [ [ 12.25315, 57.11906 ], [ 12.25237, 57.11812 ] ], [ [ 12.25237, 57.11812 ], [ 12.25198, 57.11757 ] ], [ [ 12.25198, 57.11757 ], [ 12.25127, 57.11632 ] ], [ [ 12.25127, 57.11632 ], [ 12.25098, 57.11577 ] ], [ [ 12.25098, 57.11577 ], [ 12.25055, 57.11496 ] ], [ [ 12.25055, 57.11496 ], [ 12.2504, 57.11467 ] ], [ [ 12.25913, 57.13916 ], [ 12.25946, 57.13812 ] ], [ [ 12.25946, 57.13812 ], [ 12.25951, 57.13789 ] ], [ [ 12.25951, 57.13789 ], [ 12.25973, 57.13674 ] ], [ [ 12.25973, 57.13674 ], [ 12.2598, 57.13631 ] ], [ [ 12.2598, 57.13631 ], [ 12.25982, 57.13619 ] ], [ [ 12.25982, 57.13619 ], [ 12.26015, 57.13399 ] ], [ [ 12.26015, 57.13399 ], [ 12.26018, 57.13381 ] ], [ [ 12.26018, 57.13381 ], [ 12.26052, 57.13098 ] ], [ [ 12.26052, 57.13098 ], [ 12.26013, 57.12835 ], [ 12.25866, 57.12552 ] ], [ [ 12.25866, 57.12552 ], [ 12.25713, 57.12367 ] ], [ [ 12.25713, 57.12367 ], [ 12.25667, 57.12314 ] ], [ [ 12.25667, 57.12314 ], [ 12.25614, 57.12254 ] ], [ [ 12.25614, 57.12254 ], [ 12.25563, 57.12197 ] ], [ [ 12.25563, 57.12197 ], [ 12.25556, 57.12189 ] ], [ [ 12.25556, 57.12189 ], [ 12.25495, 57.12119 ] ], [ [ 12.25495, 57.12119 ], [ 12.25434, 57.1205 ] ], [ [ 12.25434, 57.1205 ], [ 12.25414, 57.12028 ] ], [ [ 12.25414, 57.12028 ], [ 12.25307, 57.11907 ] ], [ [ 12.25307, 57.11907 ], [ 12.2523, 57.11814 ] ], [ [ 12.2523, 57.11814 ], [ 12.25191, 57.11758 ] ], [ [ 12.25191, 57.11758 ], [ 12.25146, 57.11681 ] ], [ [ 12.25146, 57.11681 ], [ 12.25066, 57.11531 ] ], [ [ 12.25066, 57.11531 ], [ 12.25048, 57.11497 ] ], [ [ 12.25048, 57.11497 ], [ 12.25033, 57.11469 ] ], [ [ 12.72821, 56.78941 ], [ 12.72806, 56.78853 ] ], [ [ 12.26022, 57.13283 ], [ 12.26026, 57.13234 ] ], [ [ 12.26026, 57.13234 ], [ 12.26039, 57.13123 ] ], [ [ 12.26039, 57.13123 ], [ 12.26041, 57.13082 ] ], [ [ 12.26041, 57.13082 ], [ 12.26041, 57.13055 ] ], [ [ 12.26041, 57.13055 ], [ 12.25996, 57.12818 ], [ 12.25828, 57.12517 ] ], [ [ 12.25828, 57.12517 ], [ 12.25804, 57.12487 ] ], [ [ 12.25804, 57.12487 ], [ 12.25786, 57.12466 ] ], [ [ 12.25786, 57.12466 ], [ 12.25778, 57.12457 ] ], [ [ 12.25778, 57.12457 ], [ 12.25731, 57.12404 ] ], [ [ 12.25731, 57.12404 ], [ 12.25716, 57.12387 ] ], [ [ 12.25716, 57.12387 ], [ 12.25708, 57.12379 ] ], [ [ 12.25708, 57.12379 ], [ 12.25687, 57.12355 ] ], [ [ 12.26022, 57.1317 ], [ 12.26026, 57.13144 ] ], [ [ 12.26026, 57.13144 ], [ 12.26027, 57.13137 ] ], [ [ 12.26027, 57.13137 ], [ 12.26031, 57.13111 ] ], [ [ 12.26031, 57.13111 ], [ 12.26031, 57.13093 ] ], [ [ 12.26031, 57.13093 ], [ 12.25984, 57.12811 ], [ 12.25818, 57.12518 ] ], [ [ 12.25818, 57.12518 ], [ 12.25794, 57.12488 ] ], [ [ 12.25794, 57.12488 ], [ 12.25777, 57.1247 ] ], [ [ 12.25777, 57.1247 ], [ 12.25757, 57.12447 ] ], [ [ 12.25757, 57.12447 ], [ 12.25736, 57.12424 ] ], [ [ 12.26018, 57.13381 ], [ 12.2602, 57.13332 ] ], [ [ 12.2602, 57.13332 ], [ 12.26021, 57.13325 ] ], [ [ 12.26021, 57.13325 ], [ 12.26022, 57.13292 ] ], [ [ 12.26022, 57.13292 ], [ 12.26022, 57.13283 ] ], [ [ 12.26022, 57.13283 ], [ 12.26022, 57.13191 ] ], [ [ 12.26022, 57.13191 ], [ 12.26022, 57.1317 ] ], [ [ 12.26022, 57.1317 ], [ 12.26022, 57.13134 ] ], [ [ 12.26022, 57.13134 ], [ 12.26022, 57.13097 ] ], [ [ 12.26022, 57.13097 ], [ 12.26022, 57.13041 ] ], [ [ 12.26022, 57.13041 ], [ 12.26021, 57.13014 ] ], [ [ 12.26021, 57.13014 ], [ 12.26019, 57.12992 ] ], [ [ 12.26019, 57.12992 ], [ 12.25974, 57.12805 ], [ 12.25839, 57.12556 ] ], [ [ 12.25839, 57.12556 ], [ 12.25814, 57.12523 ] ], [ [ 12.25814, 57.12523 ], [ 12.25797, 57.12502 ] ], [ [ 12.25797, 57.12502 ], [ 12.25772, 57.12473 ] ], [ [ 12.25772, 57.12473 ], [ 12.25758, 57.12455 ] ], [ [ 12.25758, 57.12455 ], [ 12.25736, 57.12424 ] ], [ [ 12.25736, 57.12424 ], [ 12.25712, 57.1239 ] ], [ [ 12.25712, 57.1239 ], [ 12.25687, 57.12355 ] ], [ [ 12.25687, 57.12355 ], [ 12.25673, 57.12335 ] ], [ [ 12.25673, 57.12335 ], [ 12.25639, 57.12288 ] ], [ [ 12.25639, 57.12288 ], [ 12.25614, 57.12254 ] ], [ [ 12.26022, 57.13097 ], [ 12.26019, 57.13071 ] ], [ [ 12.26019, 57.13071 ], [ 12.26017, 57.13061 ] ], [ [ 12.26017, 57.13061 ], [ 12.26012, 57.13029 ] ], [ [ 12.26012, 57.13029 ], [ 12.26011, 57.13011 ] ], [ [ 12.26011, 57.13011 ], [ 12.25953, 57.12777 ], [ 12.2583, 57.12558 ] ], [ [ 12.2583, 57.12558 ], [ 12.25805, 57.12525 ] ], [ [ 12.25805, 57.12525 ], [ 12.25791, 57.12508 ] ], [ [ 12.25791, 57.12508 ], [ 12.25775, 57.12489 ] ], [ [ 12.25775, 57.12489 ], [ 12.25762, 57.12472 ] ], [ [ 12.25762, 57.12472 ], [ 12.25747, 57.1245 ] ], [ [ 12.25747, 57.1245 ], [ 12.25731, 57.12426 ] ], [ [ 12.26022, 57.13134 ], [ 12.26018, 57.13108 ] ], [ [ 12.26018, 57.13108 ], [ 12.2601, 57.13062 ] ], [ [ 12.2601, 57.13062 ], [ 12.26005, 57.13029 ] ], [ [ 12.26005, 57.13029 ], [ 12.26003, 57.13011 ] ], [ [ 12.26003, 57.13011 ], [ 12.25946, 57.12778 ], [ 12.25823, 57.1256 ] ], [ [ 12.25823, 57.1256 ], [ 12.25798, 57.12527 ] ], [ [ 12.25798, 57.12527 ], [ 12.25784, 57.1251 ] ], [ [ 12.25784, 57.1251 ], [ 12.25771, 57.12494 ] ], [ [ 12.25771, 57.12494 ], [ 12.25746, 57.12456 ] ], [ [ 12.25746, 57.12456 ], [ 12.25731, 57.12426 ] ], [ [ 12.25731, 57.12426 ], [ 12.25725, 57.12415 ] ], [ [ 12.25725, 57.12415 ], [ 12.25712, 57.1239 ] ], [ [ 12.25673, 57.12335 ], [ 12.25657, 57.12316 ] ], [ [ 12.25657, 57.12316 ], [ 12.25634, 57.12291 ] ], [ [ 12.25634, 57.12291 ], [ 12.256, 57.12254 ] ], [ [ 12.256, 57.12254 ], [ 12.25485, 57.12125 ] ], [ [ 12.25485, 57.12125 ], [ 12.25478, 57.12117 ] ], [ [ 12.25478, 57.12117 ], [ 12.2541, 57.12041 ] ], [ [ 12.2541, 57.12041 ], [ 12.25392, 57.12021 ] ], [ [ 12.25392, 57.12021 ], [ 12.25229, 57.11838 ] ], [ [ 12.25229, 57.11838 ], [ 12.25077, 57.11667 ] ], [ [ 12.25077, 57.11667 ], [ 12.25048, 57.11635 ] ], [ [ 12.25048, 57.11635 ], [ 12.25024, 57.11607 ] ], [ [ 12.25392, 57.12021 ], [ 12.25374, 57.12003 ] ], [ [ 12.25374, 57.12003 ], [ 12.25358, 57.11989 ] ], [ [ 12.25358, 57.11989 ], [ 12.2534, 57.11971 ] ], [ [ 12.2534, 57.11971 ], [ 12.2512, 57.11724 ] ], [ [ 12.2512, 57.11724 ], [ 12.25098, 57.11697 ] ], [ [ 12.25098, 57.11697 ], [ 12.25091, 57.11686 ] ], [ [ 12.25091, 57.11686 ], [ 12.25077, 57.11667 ] ], [ [ 12.25358, 57.11989 ], [ 12.25311, 57.11948 ] ], [ [ 12.25311, 57.11948 ], [ 12.25308, 57.11945 ] ], [ [ 12.25308, 57.11945 ], [ 12.2529, 57.11927 ] ], [ [ 12.2529, 57.11927 ], [ 12.25054, 57.11663 ] ], [ [ 12.25311, 57.11948 ], [ 12.25279, 57.11921 ] ], [ [ 12.25279, 57.11921 ], [ 12.25253, 57.11895 ] ], [ [ 12.25253, 57.11895 ], [ 12.25064, 57.11684 ] ], [ [ 12.27874, 57.0916 ], [ 12.28036, 57.09103 ] ], [ [ 12.28036, 57.09103 ], [ 12.28103, 57.09077 ] ], [ [ 12.28103, 57.09077 ], [ 12.2827, 57.09012 ] ], [ [ 12.2827, 57.09012 ], [ 12.28445, 57.08931 ] ], [ [ 12.28445, 57.08931 ], [ 12.28736, 57.08794 ] ], [ [ 12.28736, 57.08794 ], [ 12.28744, 57.0879 ] ], [ [ 12.28744, 57.0879 ], [ 12.28797, 57.08763 ] ], [ [ 12.28797, 57.08763 ], [ 12.28801, 57.0876 ] ], [ [ 12.28801, 57.0876 ], [ 12.28839, 57.0874 ] ], [ [ 12.28839, 57.0874 ], [ 12.29153, 57.08564 ] ], [ [ 12.29153, 57.08564 ], [ 12.29211, 57.08532 ] ], [ [ 12.29211, 57.08532 ], [ 12.29569, 57.08336 ] ], [ [ 12.29569, 57.08336 ], [ 12.29926, 57.08181 ] ], [ [ 12.29926, 57.08181 ], [ 12.30163, 57.08099 ] ], [ [ 12.30163, 57.08099 ], [ 12.30557, 57.07994 ] ], [ [ 12.27872, 57.09157 ], [ 12.28013, 57.09107 ] ], [ [ 12.28013, 57.09107 ], [ 12.2808, 57.09081 ] ], [ [ 12.2808, 57.09081 ], [ 12.28266, 57.09008 ] ], [ [ 12.28266, 57.09008 ], [ 12.28441, 57.08927 ] ], [ [ 12.28441, 57.08927 ], [ 12.28732, 57.08791 ] ], [ [ 12.28732, 57.08791 ], [ 12.2874, 57.08787 ] ], [ [ 12.2874, 57.08787 ], [ 12.28794, 57.08759 ] ], [ [ 12.28794, 57.08759 ], [ 12.28797, 57.08757 ] ], [ [ 12.28797, 57.08757 ], [ 12.28836, 57.08736 ] ], [ [ 12.28836, 57.08736 ], [ 12.29149, 57.08561 ] ], [ [ 12.29149, 57.08561 ], [ 12.29206, 57.08529 ] ], [ [ 12.29206, 57.08529 ], [ 12.29565, 57.08333 ] ], [ [ 12.29565, 57.08333 ], [ 12.29926, 57.08176 ] ], [ [ 12.29926, 57.08176 ], [ 12.30163, 57.08095 ] ], [ [ 12.30163, 57.08095 ], [ 12.30555, 57.0799 ] ], [ [ 12.30557, 57.07994 ], [ 12.30586, 57.07988 ] ], [ [ 12.30586, 57.07988 ], [ 12.30595, 57.07986 ] ], [ [ 12.30595, 57.07986 ], [ 12.3091, 57.07928 ] ], [ [ 12.3091, 57.07928 ], [ 12.31311, 57.07877 ] ], [ [ 12.31311, 57.07877 ], [ 12.3146, 57.07859 ] ], [ [ 12.3146, 57.07859 ], [ 12.31786, 57.0782 ] ], [ [ 12.31786, 57.0782 ], [ 12.31811, 57.07817 ] ], [ [ 12.31811, 57.07817 ], [ 12.32081, 57.07785 ] ], [ [ 12.32081, 57.07785 ], [ 12.32197, 57.07771 ] ], [ [ 12.30555, 57.0799 ], [ 12.30584, 57.07984 ] ], [ [ 12.30584, 57.07984 ], [ 12.30593, 57.07982 ] ], [ [ 12.30593, 57.07982 ], [ 12.30909, 57.07924 ] ], [ [ 12.30909, 57.07924 ], [ 12.31459, 57.07855 ] ], [ [ 12.31459, 57.07855 ], [ 12.31473, 57.07853 ] ], [ [ 12.31473, 57.07853 ], [ 12.31548, 57.07844 ] ], [ [ 12.31548, 57.07844 ], [ 12.3157, 57.07842 ] ], [ [ 12.3157, 57.07842 ], [ 12.31773, 57.07818 ] ], [ [ 12.31773, 57.07818 ], [ 12.32112, 57.07778 ] ], [ [ 12.32112, 57.07778 ], [ 12.32184, 57.07769 ] ], [ [ 12.15402, 57.40636 ], [ 12.15297, 57.40546 ] ], [ [ 12.16911, 57.3212 ], [ 12.16924, 57.32009 ] ], [ [ 12.19039, 57.24172 ], [ 12.19172, 57.24094 ] ], [ [ 12.39023, 57.02188 ], [ 12.391, 57.02068 ] ], [ [ 12.45519, 56.95035 ], [ 12.45569, 56.94899 ] ], [ [ 12.49801, 56.92063 ], [ 12.49993, 56.92046 ] ], [ [ 12.64195, 56.87426 ], [ 12.64346, 56.87373 ] ], [ [ 12.64346, 56.87373 ], [ 12.6439, 56.87357 ] ], [ [ 12.9951, 56.593 ], [ 12.99641, 56.59198 ] ], [ [ 12.45574, 56.94884 ], [ 12.45608, 56.94754 ] ], [ [ 12.64421, 56.87345 ], [ 12.64581, 56.87282 ] ], [ [ 12.64581, 56.87282 ], [ 12.64628, 56.87264 ] ], [ [ 12.99664, 56.59183 ], [ 12.99823, 56.59075 ] ], [ [ 12.50204, 56.92023 ], [ 12.50392, 56.91998 ] ], [ [ 12.14462, 57.39772 ], [ 12.1437, 57.39678 ] ], [ [ 12.20312, 57.23415 ], [ 12.2044, 57.23335 ] ], [ [ 12.39622, 57.01299 ], [ 12.39718, 57.01171 ] ], [ [ 12.19563, 57.23868 ], [ 12.19643, 57.23831 ] ], [ [ 12.17007, 57.31609 ], [ 12.17033, 57.315 ] ], [ [ 12.51593, 56.91894 ], [ 12.51643, 56.91889 ] ], [ [ 12.51782, 56.91876 ], [ 12.51833, 56.91871 ] ], [ [ 12.51865, 56.91869 ], [ 12.5192, 56.91866 ] ], [ [ 12.52053, 56.91859 ], [ 12.52108, 56.91856 ] ], [ [ 12.25982, 57.13619 ], [ 12.25993, 57.13571 ] ], [ [ 12.25993, 57.13571 ], [ 12.25995, 57.13562 ] ], [ [ 12.25995, 57.13562 ], [ 12.26005, 57.13514 ] ], [ [ 12.26007, 57.13505 ], [ 12.26011, 57.13456 ] ], [ [ 12.26011, 57.13456 ], [ 12.26011, 57.13448 ] ], [ [ 12.26011, 57.13448 ], [ 12.26015, 57.13399 ] ], [ [ 12.25815, 57.12453 ], [ 12.25793, 57.12431 ] ], [ [ 12.25793, 57.12431 ], [ 12.25776, 57.12413 ] ], [ [ 12.25776, 57.12413 ], [ 12.25773, 57.1241 ] ], [ [ 12.25773, 57.1241 ], [ 12.25715, 57.12354 ] ], [ [ 12.25715, 57.12354 ], [ 12.25704, 57.12344 ] ], [ [ 12.25704, 57.12344 ], [ 12.25702, 57.12341 ] ], [ [ 12.25702, 57.12341 ], [ 12.25663, 57.12301 ] ], [ [ 12.25778, 57.12457 ], [ 12.25743, 57.12413 ] ], [ [ 12.25743, 57.12413 ], [ 12.25701, 57.12359 ] ], [ [ 12.25701, 57.12359 ], [ 12.25667, 57.12314 ] ], [ [ 12.25654, 57.12291 ], [ 12.25615, 57.1225 ] ], [ [ 12.25615, 57.1225 ], [ 12.25612, 57.12247 ] ], [ [ 12.25612, 57.12247 ], [ 12.25604, 57.12239 ] ], [ [ 12.25604, 57.12239 ], [ 12.25601, 57.12236 ] ], [ [ 12.25601, 57.12236 ], [ 12.25563, 57.12197 ] ], [ [ 12.25556, 57.12189 ], [ 12.25521, 57.12144 ] ], [ [ 12.25521, 57.12144 ], [ 12.25514, 57.12136 ] ], [ [ 12.25514, 57.12136 ], [ 12.25478, 57.12091 ] ], [ [ 12.25495, 57.12119 ], [ 12.25466, 57.12092 ] ], [ [ 12.25466, 57.12092 ], [ 12.2546, 57.12087 ] ], [ [ 12.2546, 57.12087 ], [ 12.25441, 57.12069 ] ], [ [ 12.25441, 57.12069 ], [ 12.25439, 57.12068 ] ], [ [ 12.25439, 57.12068 ], [ 12.2541, 57.12041 ] ], [ [ 12.25433, 57.1204 ], [ 12.254, 57.11999 ] ], [ [ 12.254, 57.11999 ], [ 12.25375, 57.11966 ] ], [ [ 12.25375, 57.11966 ], [ 12.25342, 57.11924 ] ], [ [ 12.25127, 57.11632 ], [ 12.25101, 57.11589 ] ], [ [ 12.25101, 57.11589 ], [ 12.25099, 57.11586 ] ], [ [ 12.25099, 57.11586 ], [ 12.25094, 57.11578 ] ], [ [ 12.25094, 57.11578 ], [ 12.25092, 57.11575 ] ], [ [ 12.25092, 57.11575 ], [ 12.25066, 57.11532 ] ], [ [ 12.25066, 57.11532 ], [ 12.25066, 57.11531 ] ], [ [ 12.25087, 57.11528 ], [ 12.25072, 57.115 ] ], [ [ 12.25072, 57.115 ], [ 12.25065, 57.11491 ] ], [ [ 12.25065, 57.11491 ], [ 12.2506, 57.11483 ] ], [ [ 12.2506, 57.11483 ], [ 12.25055, 57.11476 ] ], [ [ 12.25055, 57.11476 ], [ 12.25039, 57.11448 ] ], [ [ 12.31311, 57.07877 ], [ 12.31415, 57.07863 ] ], [ [ 12.31415, 57.07863 ], [ 12.31445, 57.07858 ] ], [ [ 12.31445, 57.07858 ], [ 12.31548, 57.07844 ] ], [ [ 12.3157, 57.07842 ], [ 12.31675, 57.07831 ] ], [ [ 12.31675, 57.07831 ], [ 12.31706, 57.07828 ] ], [ [ 12.31706, 57.07828 ], [ 12.31811, 57.07817 ] ], [ [ 12.19192, 57.23951 ], [ 12.19215, 57.23951 ] ], [ [ 12.19215, 57.23951 ], [ 12.19248, 57.23951 ] ], [ [ 12.19248, 57.23951 ], [ 12.19338, 57.23942 ] ], [ [ 12.19338, 57.23942 ], [ 12.19445, 57.23919 ] ], [ [ 12.19445, 57.23919 ], [ 12.19533, 57.23884 ] ], [ [ 12.19533, 57.23884 ], [ 12.19549, 57.23876 ] ], [ [ 12.19549, 57.23876 ], [ 12.19563, 57.23868 ] ], [ [ 12.26199, 57.12907 ], [ 12.26152, 57.12851 ] ], [ [ 12.26152, 57.12851 ], [ 12.26054, 57.12736 ] ], [ [ 12.26054, 57.12736 ], [ 12.25958, 57.12623 ] ], [ [ 12.25958, 57.12623 ], [ 12.25908, 57.12563 ] ], [ [ 12.25908, 57.12563 ], [ 12.25894, 57.12547 ] ], [ [ 12.25894, 57.12547 ], [ 12.25854, 57.12498 ] ], [ [ 12.25854, 57.12498 ], [ 12.2584, 57.12482 ] ], [ [ 12.2584, 57.12482 ], [ 12.25823, 57.12462 ] ], [ [ 13.0068, 56.58354 ], [ 13.0084, 56.58167 ] ], [ [ 13.0084, 56.58167 ], [ 13.01117, 56.57744 ] ], [ [ 13.01117, 56.57744 ], [ 13.01117, 56.57743 ] ], [ [ 13.01117, 56.57743 ], [ 13.01158, 56.57664 ] ], [ [ 13.01158, 56.57664 ], [ 13.01189, 56.57599 ] ], [ [ 13.01189, 56.57599 ], [ 13.01216, 56.57542 ] ], [ [ 13.01216, 56.57542 ], [ 13.01286, 56.57397 ] ], [ [ 13.01286, 56.57397 ], [ 13.01301, 56.57366 ] ], [ [ 13.01301, 56.57366 ], [ 13.01308, 56.57351 ] ], [ [ 13.01308, 56.57351 ], [ 13.01412, 56.57135 ] ], [ [ 13.01412, 56.57135 ], [ 13.016, 56.5674 ] ], [ [ 13.016, 56.5674 ], [ 13.01698, 56.5647 ] ], [ [ 13.01698, 56.5647 ], [ 13.01703, 56.56456 ] ], [ [ 13.01703, 56.56456 ], [ 13.018, 56.55944 ] ], [ [ 13.018, 56.55944 ], [ 13.01804, 56.55907 ] ], [ [ 13.01804, 56.55907 ], [ 13.01806, 56.55896 ] ], [ [ 13.01806, 56.55896 ], [ 13.0183, 56.55707 ] ], [ [ 13.0183, 56.55707 ], [ 13.01838, 56.55641 ] ], [ [ 13.01838, 56.55641 ], [ 13.01832, 56.55428 ] ], [ [ 13.01832, 56.55428 ], [ 13.01826, 56.55267 ] ], [ [ 13.01826, 56.55267 ], [ 13.01814, 56.54965 ] ], [ [ 13.01814, 56.54965 ], [ 13.01814, 56.54943 ] ], [ [ 13.01814, 56.54943 ], [ 13.01813, 56.54925 ] ], [ [ 13.01813, 56.54925 ], [ 13.01805, 56.54712 ] ], [ [ 13.01805, 56.54712 ], [ 13.01791, 56.54315 ] ], [ [ 13.01791, 56.54315 ], [ 13.01789, 56.54271 ] ], [ [ 13.01789, 56.54271 ], [ 13.01779, 56.53993 ] ], [ [ 13.01779, 56.53993 ], [ 13.01775, 56.53901 ] ], [ [ 13.01775, 56.53901 ], [ 13.01752, 56.53353 ] ], [ [ 13.01752, 56.53353 ], [ 13.01645, 56.52847 ] ], [ [ 13.01645, 56.52847 ], [ 13.01534, 56.52614 ] ], [ [ 13.01534, 56.52614 ], [ 13.01369, 56.52291 ] ], [ [ 13.01369, 56.52291 ], [ 13.00747, 56.51408 ] ], [ [ 13.00747, 56.51408 ], [ 13.00668, 56.51297 ] ], [ [ 12.99279, 56.4935 ], [ 12.9881, 56.48871 ] ], [ [ 12.9881, 56.48871 ], [ 12.98697, 56.48778 ] ], [ [ 12.98697, 56.48778 ], [ 12.98426, 56.48577 ] ], [ [ 12.98426, 56.48577 ], [ 12.98379, 56.48543 ] ], [ [ 12.98379, 56.48543 ], [ 12.97988, 56.4831 ] ], [ [ 12.97988, 56.4831 ], [ 12.97927, 56.48275 ] ], [ [ 12.97927, 56.48275 ], [ 12.97738, 56.48167 ] ], [ [ 12.97738, 56.48167 ], [ 12.97473, 56.48038 ] ], [ [ 12.97473, 56.48038 ], [ 12.97282, 56.47946 ] ], [ [ 12.97282, 56.47946 ], [ 12.97089, 56.47853 ] ], [ [ 12.97089, 56.47853 ], [ 12.97072, 56.47845 ] ], [ [ 12.97072, 56.47845 ], [ 12.96601, 56.47616 ] ], [ [ 12.96601, 56.47616 ], [ 12.96392, 56.47495 ] ], [ [ 12.96392, 56.47495 ], [ 12.96334, 56.47462 ] ], [ [ 12.96334, 56.47462 ], [ 12.95859, 56.47187 ], [ 12.95542, 56.46953 ] ], [ [ 12.95542, 56.46953 ], [ 12.9552, 56.46938 ] ], [ [ 12.9552, 56.46938 ], [ 12.9514, 56.46604 ] ], [ [ 12.9514, 56.46604 ], [ 12.9494, 56.46387 ] ], [ [ 12.9494, 56.46387 ], [ 12.94869, 56.46309 ] ], [ [ 12.94869, 56.46309 ], [ 12.94623, 56.45999 ] ], [ [ 12.94623, 56.45999 ], [ 12.94477, 56.45813 ] ], [ [ 12.94477, 56.45813 ], [ 12.94401, 56.45717 ] ], [ [ 12.94401, 56.45717 ], [ 12.94244, 56.45517 ] ], [ [ 12.94244, 56.45517 ], [ 12.94083, 56.45312 ] ], [ [ 12.94083, 56.45312 ], [ 12.94051, 56.45271 ] ], [ [ 12.94051, 56.45271 ], [ 12.94009, 56.45218 ] ], [ [ 12.94009, 56.45218 ], [ 12.93834, 56.44996 ] ], [ [ 12.93834, 56.44996 ], [ 12.93588, 56.4469 ] ], [ [ 12.93588, 56.4469 ], [ 12.93475, 56.44568 ] ], [ [ 12.93475, 56.44568 ], [ 12.93466, 56.4456 ] ], [ [ 12.93466, 56.4456 ], [ 12.93015, 56.44187 ] ], [ [ 12.93015, 56.44187 ], [ 12.92595, 56.4393 ] ], [ [ 12.92595, 56.4393 ], [ 12.9226, 56.43769 ] ], [ [ 13.00674, 56.58353 ], [ 13.00812, 56.5816 ] ], [ [ 13.00812, 56.5816 ], [ 13.0111, 56.57742 ] ], [ [ 13.0111, 56.57742 ], [ 13.01111, 56.57741 ] ], [ [ 13.01111, 56.57741 ], [ 13.01151, 56.57661 ] ], [ [ 13.01151, 56.57661 ], [ 13.01182, 56.57597 ] ], [ [ 13.01182, 56.57597 ], [ 13.0121, 56.5754 ] ], [ [ 13.0121, 56.5754 ], [ 13.0128, 56.57395 ] ], [ [ 13.0128, 56.57395 ], [ 13.01294, 56.57365 ] ], [ [ 13.01294, 56.57365 ], [ 13.01302, 56.57349 ] ], [ [ 13.01302, 56.57349 ], [ 13.01405, 56.57134 ] ], [ [ 13.01405, 56.57134 ], [ 13.01593, 56.56739 ] ], [ [ 13.01593, 56.56739 ], [ 13.01691, 56.56469 ] ], [ [ 13.01691, 56.56469 ], [ 13.01696, 56.56455 ] ], [ [ 13.01696, 56.56455 ], [ 13.01792, 56.55943 ] ], [ [ 13.01792, 56.55943 ], [ 13.01797, 56.55906 ] ], [ [ 13.01797, 56.55906 ], [ 13.01798, 56.55895 ] ], [ [ 13.01798, 56.55895 ], [ 13.01822, 56.55706 ] ], [ [ 13.01822, 56.55706 ], [ 13.01831, 56.55641 ] ], [ [ 13.01831, 56.55641 ], [ 13.01824, 56.55428 ] ], [ [ 13.01824, 56.55428 ], [ 13.01818, 56.55267 ] ], [ [ 13.01818, 56.55267 ], [ 13.01807, 56.54965 ] ], [ [ 13.01807, 56.54965 ], [ 13.01806, 56.54942 ] ], [ [ 13.01806, 56.54942 ], [ 13.01806, 56.54925 ] ], [ [ 13.01806, 56.54925 ], [ 13.01798, 56.54711 ] ], [ [ 13.01798, 56.54711 ], [ 13.01783, 56.54315 ] ], [ [ 13.01783, 56.54315 ], [ 13.01782, 56.5427 ] ], [ [ 13.01782, 56.5427 ], [ 13.01771, 56.53993 ] ], [ [ 13.01771, 56.53993 ], [ 13.01768, 56.53901 ] ], [ [ 13.01768, 56.53901 ], [ 13.01745, 56.53353 ] ], [ [ 13.01745, 56.53353 ], [ 13.01637, 56.52847 ] ], [ [ 13.01637, 56.52847 ], [ 13.01526, 56.52615 ] ], [ [ 13.01526, 56.52615 ], [ 13.01362, 56.52293 ] ], [ [ 13.01362, 56.52293 ], [ 13.00741, 56.5141 ] ], [ [ 13.00741, 56.5141 ], [ 13.00662, 56.51298 ] ], [ [ 12.99272, 56.49352 ], [ 12.98803, 56.48873 ] ], [ [ 12.98803, 56.48873 ], [ 12.98691, 56.48779 ] ], [ [ 12.98691, 56.48779 ], [ 12.9842, 56.48579 ] ], [ [ 12.9842, 56.48579 ], [ 12.98374, 56.48546 ] ], [ [ 12.98374, 56.48546 ], [ 12.97982, 56.48313 ] ], [ [ 12.97982, 56.48313 ], [ 12.97921, 56.48278 ] ], [ [ 12.97921, 56.48278 ], [ 12.97733, 56.4817 ] ], [ [ 12.97733, 56.4817 ], [ 12.97468, 56.4804 ] ], [ [ 12.97468, 56.4804 ], [ 12.97277, 56.47949 ] ], [ [ 12.97277, 56.47949 ], [ 12.97084, 56.47856 ] ], [ [ 12.97084, 56.47856 ], [ 12.97068, 56.47848 ] ], [ [ 12.97068, 56.47848 ], [ 12.96596, 56.47619 ] ], [ [ 12.96596, 56.47619 ], [ 12.96387, 56.47499 ] ], [ [ 12.96387, 56.47499 ], [ 12.96329, 56.47465 ] ], [ [ 12.96329, 56.47465 ], [ 12.95855, 56.47191 ], [ 12.95537, 56.46956 ] ], [ [ 12.95537, 56.46956 ], [ 12.95515, 56.46941 ] ], [ [ 12.95515, 56.46941 ], [ 12.95134, 56.46606 ] ], [ [ 12.95134, 56.46606 ], [ 12.94934, 56.46389 ] ], [ [ 12.94934, 56.46389 ], [ 12.94862, 56.46311 ] ], [ [ 12.94862, 56.46311 ], [ 12.94617, 56.46001 ] ], [ [ 12.94617, 56.46001 ], [ 12.9447, 56.45815 ] ], [ [ 12.9447, 56.45815 ], [ 12.94395, 56.45719 ] ], [ [ 12.94395, 56.45719 ], [ 12.94237, 56.45518 ] ], [ [ 12.94237, 56.45518 ], [ 12.94077, 56.45314 ] ], [ [ 12.94077, 56.45314 ], [ 12.94044, 56.45272 ] ], [ [ 12.94044, 56.45272 ], [ 12.94002, 56.45219 ] ], [ [ 12.94002, 56.45219 ], [ 12.93828, 56.44997 ] ], [ [ 12.93828, 56.44997 ], [ 12.93582, 56.44692 ] ], [ [ 12.93582, 56.44692 ], [ 12.93468, 56.4457 ] ], [ [ 12.93468, 56.4457 ], [ 12.9346, 56.44561 ] ], [ [ 12.9346, 56.44561 ], [ 12.93008, 56.44188 ] ], [ [ 12.93008, 56.44188 ], [ 12.92587, 56.43932 ] ], [ [ 12.92587, 56.43932 ], [ 12.92254, 56.43771 ] ], [ [ 13.00225, 56.50658 ], [ 13.002, 56.5062 ] ], [ [ 13.002, 56.5062 ], [ 12.99797, 56.5005 ] ], [ [ 12.99797, 56.5005 ], [ 12.99769, 56.50014 ] ], [ [ 12.91235, 56.43375 ], [ 12.91174, 56.43353 ] ], [ [ 12.91174, 56.43353 ], [ 12.91095, 56.43323 ] ], [ [ 12.91095, 56.43323 ], [ 12.91091, 56.43321 ] ], [ [ 12.91091, 56.43321 ], [ 12.91082, 56.43318 ] ], [ [ 12.91082, 56.43318 ], [ 12.91031, 56.43298 ] ], [ [ 12.91031, 56.43298 ], [ 12.90693, 56.43169 ] ], [ [ 12.90693, 56.43169 ], [ 12.90683, 56.43165 ] ], [ [ 12.90683, 56.43165 ], [ 12.90267, 56.43006 ] ], [ [ 12.90267, 56.43006 ], [ 12.90262, 56.43004 ] ], [ [ 12.90262, 56.43004 ], [ 12.90251, 56.42999 ] ], [ [ 12.90251, 56.42999 ], [ 12.90234, 56.42993 ] ], [ [ 12.90234, 56.42993 ], [ 12.90208, 56.42982 ] ], [ [ 13.00668, 56.51297 ], [ 13.00587, 56.51182 ] ], [ [ 13.00587, 56.51182 ], [ 13.00565, 56.51151 ] ], [ [ 13.00565, 56.51151 ], [ 13.00497, 56.51054 ] ], [ [ 13.00497, 56.51054 ], [ 13.00386, 56.50898 ] ], [ [ 13.00386, 56.50898 ], [ 13.00374, 56.50881 ] ], [ [ 13.00374, 56.50881 ], [ 13.00275, 56.50741 ] ], [ [ 13.00275, 56.50741 ], [ 12.99705, 56.49935 ] ], [ [ 12.99705, 56.49935 ], [ 12.99693, 56.49918 ] ], [ [ 12.99693, 56.49918 ], [ 12.99506, 56.49654 ] ], [ [ 12.99506, 56.49654 ], [ 12.99457, 56.49584 ] ], [ [ 12.99457, 56.49584 ], [ 12.99448, 56.49571 ] ], [ [ 12.99448, 56.49571 ], [ 12.99343, 56.49427 ] ], [ [ 12.99343, 56.49427 ], [ 12.99279, 56.4935 ] ], [ [ 12.92254, 56.43771 ], [ 12.92133, 56.43717 ] ], [ [ 12.92133, 56.43717 ], [ 12.91795, 56.43584 ] ], [ [ 12.91795, 56.43584 ], [ 12.91387, 56.43428 ] ], [ [ 12.91387, 56.43428 ], [ 12.91367, 56.4342 ] ], [ [ 12.91367, 56.4342 ], [ 12.91097, 56.43317 ] ], [ [ 12.91097, 56.43317 ], [ 12.91037, 56.43294 ] ], [ [ 12.91037, 56.43294 ], [ 12.90698, 56.43164 ] ], [ [ 12.90698, 56.43164 ], [ 12.90689, 56.43161 ] ], [ [ 12.90689, 56.43161 ], [ 12.90256, 56.42995 ] ], [ [ 12.90256, 56.42995 ], [ 12.90239, 56.42989 ] ], [ [ 12.90239, 56.42989 ], [ 12.90085, 56.4293 ] ], [ [ 12.90085, 56.4293 ], [ 12.89908, 56.42862 ] ], [ [ 12.89908, 56.42862 ], [ 12.89894, 56.42857 ] ], [ [ 12.89894, 56.42857 ], [ 12.89879, 56.42851 ] ], [ [ 12.89879, 56.42851 ], [ 12.89737, 56.42796 ] ], [ [ 12.89737, 56.42796 ], [ 12.89656, 56.42766 ] ], [ [ 12.89656, 56.42766 ], [ 12.89626, 56.42755 ] ], [ [ 12.89626, 56.42755 ], [ 12.89538, 56.42722 ] ], [ [ 12.89538, 56.42722 ], [ 12.8945, 56.4269 ] ], [ [ 12.8945, 56.4269 ], [ 12.89371, 56.42661 ] ], [ [ 12.9226, 56.43769 ], [ 12.92138, 56.43714 ] ], [ [ 12.92138, 56.43714 ], [ 12.91602, 56.43505 ] ], [ [ 12.91602, 56.43505 ], [ 12.91589, 56.435 ] ], [ [ 12.91589, 56.435 ], [ 12.91371, 56.43417 ] ], [ [ 12.91371, 56.43417 ], [ 12.91101, 56.43314 ] ], [ [ 12.91101, 56.43314 ], [ 12.91041, 56.43291 ] ], [ [ 12.91041, 56.43291 ], [ 12.90702, 56.43161 ] ], [ [ 12.90702, 56.43161 ], [ 12.90693, 56.43158 ] ], [ [ 12.90693, 56.43158 ], [ 12.9026, 56.42992 ] ], [ [ 12.9026, 56.42992 ], [ 12.90243, 56.42985 ] ], [ [ 12.90243, 56.42985 ], [ 12.90089, 56.42926 ] ], [ [ 12.90089, 56.42926 ], [ 12.90069, 56.42919 ] ], [ [ 12.90069, 56.42919 ], [ 12.89884, 56.42848 ] ], [ [ 12.89884, 56.42848 ], [ 12.89741, 56.42793 ] ], [ [ 12.89741, 56.42793 ], [ 12.89661, 56.42763 ] ], [ [ 12.89661, 56.42763 ], [ 12.89551, 56.4272 ] ], [ [ 12.89551, 56.4272 ], [ 12.89482, 56.42694 ] ], [ [ 12.89482, 56.42694 ], [ 12.89456, 56.42684 ] ], [ [ 12.89456, 56.42684 ], [ 12.89384, 56.42657 ] ], [ [ 13.00662, 56.51298 ], [ 13.0058, 56.51184 ] ], [ [ 13.0058, 56.51184 ], [ 13.00558, 56.51152 ] ], [ [ 13.00558, 56.51152 ], [ 13.0049, 56.51055 ] ], [ [ 13.0049, 56.51055 ], [ 13.00467, 56.51023 ] ], [ [ 13.00467, 56.51023 ], [ 13.0028, 56.50759 ] ], [ [ 13.0028, 56.50759 ], [ 13.00268, 56.50742 ] ], [ [ 13.00268, 56.50742 ], [ 12.99698, 56.49936 ] ], [ [ 12.99698, 56.49936 ], [ 12.99599, 56.49796 ] ], [ [ 12.99599, 56.49796 ], [ 12.99587, 56.49779 ] ], [ [ 12.99587, 56.49779 ], [ 12.9945, 56.49585 ] ], [ [ 12.9945, 56.49585 ], [ 12.99441, 56.49572 ] ], [ [ 12.99441, 56.49572 ], [ 12.99336, 56.49429 ] ], [ [ 12.99336, 56.49429 ], [ 12.99272, 56.49352 ] ], [ [ 13.00204, 56.50663 ], [ 13.00177, 56.50626 ] ], [ [ 13.00177, 56.50626 ], [ 12.99773, 56.50057 ] ], [ [ 12.99773, 56.50057 ], [ 12.99748, 56.50019 ] ], [ [ 12.91248, 56.43365 ], [ 12.91188, 56.43342 ] ], [ [ 12.91188, 56.43342 ], [ 12.91106, 56.4331 ] ], [ [ 12.91106, 56.4331 ], [ 12.91046, 56.43287 ] ], [ [ 12.91046, 56.43287 ], [ 12.90894, 56.43229 ] ], [ [ 12.90894, 56.43229 ], [ 12.90708, 56.43157 ] ], [ [ 12.90708, 56.43157 ], [ 12.90699, 56.43153 ] ], [ [ 12.90699, 56.43153 ], [ 12.90282, 56.42994 ] ], [ [ 12.90282, 56.42994 ], [ 12.90278, 56.42992 ] ], [ [ 12.90278, 56.42992 ], [ 12.90265, 56.42988 ] ], [ [ 12.90265, 56.42988 ], [ 12.90248, 56.42982 ] ], [ [ 12.90248, 56.42982 ], [ 12.90221, 56.42972 ] ], [ [ 13.00467, 56.51023 ], [ 13.00386, 56.50898 ] ], [ [ 12.91795, 56.43584 ], [ 12.91602, 56.43505 ] ], [ [ 13.00374, 56.50881 ], [ 13.0028, 56.50759 ] ], [ [ 12.91589, 56.435 ], [ 12.91387, 56.43428 ] ], [ [ 13.00275, 56.50741 ], [ 13.00261, 56.50718 ] ], [ [ 13.00261, 56.50718 ], [ 13.00248, 56.50697 ] ], [ [ 13.00248, 56.50697 ], [ 13.00228, 56.50663 ] ], [ [ 13.00228, 56.50663 ], [ 13.00225, 56.50658 ] ], [ [ 12.91371, 56.43417 ], [ 12.91301, 56.43387 ] ], [ [ 12.91301, 56.43387 ], [ 12.91255, 56.43368 ] ], [ [ 12.91255, 56.43368 ], [ 12.91248, 56.43365 ] ], [ [ 13.00268, 56.50742 ], [ 13.00234, 56.50701 ] ], [ [ 13.00234, 56.50701 ], [ 13.00208, 56.50668 ] ], [ [ 13.00208, 56.50668 ], [ 13.00204, 56.50663 ] ], [ [ 12.91367, 56.4342 ], [ 12.91292, 56.43394 ] ], [ [ 12.91292, 56.43394 ], [ 12.91243, 56.43378 ] ], [ [ 12.91243, 56.43378 ], [ 12.91235, 56.43375 ] ], [ [ 12.99587, 56.49779 ], [ 12.99506, 56.49654 ] ], [ [ 12.89894, 56.42857 ], [ 12.89741, 56.42793 ] ], [ [ 12.99693, 56.49918 ], [ 12.99599, 56.49796 ] ], [ [ 12.90069, 56.42919 ], [ 12.89908, 56.42862 ] ], [ [ 12.99748, 56.50019 ], [ 12.99745, 56.50014 ] ], [ [ 12.99745, 56.50014 ], [ 12.99725, 56.4998 ] ], [ [ 12.99725, 56.4998 ], [ 12.99698, 56.49936 ] ], [ [ 12.90208, 56.42982 ], [ 12.90201, 56.42979 ] ], [ [ 12.90201, 56.42979 ], [ 12.9016, 56.42961 ] ], [ [ 12.9016, 56.42961 ], [ 12.90122, 56.42945 ] ], [ [ 12.90122, 56.42945 ], [ 12.90085, 56.4293 ] ], [ [ 12.99769, 56.50014 ], [ 12.99765, 56.50009 ] ], [ [ 12.99765, 56.50009 ], [ 12.99739, 56.49976 ] ], [ [ 12.99739, 56.49976 ], [ 12.99705, 56.49935 ] ], [ [ 12.90221, 56.42972 ], [ 12.90213, 56.42969 ] ], [ [ 12.90213, 56.42969 ], [ 12.90183, 56.42959 ] ], [ [ 12.90183, 56.42959 ], [ 12.90165, 56.42952 ] ], [ [ 12.90165, 56.42952 ], [ 12.90089, 56.42926 ] ], [ [ 12.45119, 57.33518 ], [ 12.45064, 57.3347 ] ], [ [ 12.45064, 57.3347 ], [ 12.45044, 57.33451 ] ], [ [ 12.45044, 57.33451 ], [ 12.44969, 57.33385 ] ], [ [ 12.44969, 57.33385 ], [ 12.44951, 57.33369 ] ], [ [ 12.44951, 57.33369 ], [ 12.44805, 57.33239 ] ], [ [ 12.44805, 57.33239 ], [ 12.4477, 57.33208 ] ], [ [ 12.4477, 57.33208 ], [ 12.4448, 57.32953 ] ], [ [ 12.4448, 57.32953 ], [ 12.44361, 57.32867 ] ], [ [ 12.44361, 57.32867 ], [ 12.44346, 57.32857 ] ], [ [ 12.44346, 57.32857 ], [ 12.44168, 57.32749 ] ], [ [ 12.44168, 57.32749 ], [ 12.43875, 57.32573 ] ], [ [ 12.43875, 57.32573 ], [ 12.43731, 57.32487 ] ], [ [ 12.43731, 57.32487 ], [ 12.43639, 57.32432 ] ], [ [ 12.43639, 57.32432 ], [ 12.43598, 57.32407 ] ], [ [ 12.43598, 57.32407 ], [ 12.43487, 57.32341 ] ], [ [ 12.43487, 57.32341 ], [ 12.43464, 57.32327 ] ], [ [ 12.43464, 57.32327 ], [ 12.43347, 57.32257 ] ], [ [ 12.43347, 57.32257 ], [ 12.43209, 57.32174 ] ], [ [ 12.43209, 57.32174 ], [ 12.43036, 57.3207 ] ], [ [ 12.43036, 57.3207 ], [ 12.43011, 57.32055 ] ], [ [ 12.43011, 57.32055 ], [ 12.42956, 57.32022 ] ], [ [ 12.42956, 57.32022 ], [ 12.42941, 57.32013 ] ], [ [ 12.42941, 57.32013 ], [ 12.42905, 57.3199 ] ], [ [ 12.42905, 57.3199 ], [ 12.42862, 57.31964 ] ], [ [ 12.42862, 57.31964 ], [ 12.42846, 57.31954 ] ], [ [ 12.42846, 57.31954 ], [ 12.42731, 57.31881 ] ], [ [ 12.42731, 57.31881 ], [ 12.42693, 57.31857 ] ], [ [ 12.42693, 57.31857 ], [ 12.42636, 57.3182 ] ], [ [ 12.42636, 57.3182 ], [ 12.42586, 57.31789 ] ], [ [ 12.42586, 57.31789 ], [ 12.4252, 57.31747 ] ], [ [ 12.4252, 57.31747 ], [ 12.4249, 57.31728 ] ], [ [ 12.4249, 57.31728 ], [ 12.42468, 57.31714 ] ], [ [ 12.42468, 57.31714 ], [ 12.42408, 57.31676 ] ], [ [ 12.42408, 57.31676 ], [ 12.42359, 57.31645 ] ], [ [ 12.42359, 57.31645 ], [ 12.42323, 57.31622 ] ], [ [ 12.42323, 57.31622 ], [ 12.4221, 57.3155 ] ], [ [ 12.4221, 57.3155 ], [ 12.42178, 57.3153 ] ], [ [ 12.42178, 57.3153 ], [ 12.41974, 57.314 ] ], [ [ 12.41974, 57.314 ], [ 12.41827, 57.31293 ] ], [ [ 12.41827, 57.31293 ], [ 12.41787, 57.3126 ] ], [ [ 12.41787, 57.3126 ], [ 12.41752, 57.31231 ] ], [ [ 12.41752, 57.31231 ], [ 12.41627, 57.31127 ] ], [ [ 12.41627, 57.31127 ], [ 12.41594, 57.31099 ] ], [ [ 12.41594, 57.31099 ], [ 12.41531, 57.31047 ] ], [ [ 12.41531, 57.31047 ], [ 12.41509, 57.31029 ] ], [ [ 12.41509, 57.31029 ], [ 12.414, 57.30938 ] ], [ [ 12.414, 57.30938 ], [ 12.41366, 57.3091 ] ], [ [ 12.41366, 57.3091 ], [ 12.41217, 57.30786 ] ], [ [ 12.41217, 57.30786 ], [ 12.41195, 57.30767 ] ], [ [ 12.41195, 57.30767 ], [ 12.41176, 57.30751 ] ], [ [ 12.41176, 57.30751 ], [ 12.41139, 57.3072 ] ], [ [ 12.41139, 57.3072 ], [ 12.411, 57.30688 ] ], [ [ 12.411, 57.30688 ], [ 12.41075, 57.30668 ] ], [ [ 12.41075, 57.30668 ], [ 12.40949, 57.30562 ] ], [ [ 12.40949, 57.30562 ], [ 12.4093, 57.30546 ] ], [ [ 12.4093, 57.30546 ], [ 12.40863, 57.3049 ] ], [ [ 12.40863, 57.3049 ], [ 12.40844, 57.30475 ] ], [ [ 12.40844, 57.30475 ], [ 12.40696, 57.30351 ] ], [ [ 12.40696, 57.30351 ], [ 12.4063, 57.30296 ] ], [ [ 12.4063, 57.30296 ], [ 12.40472, 57.30164 ] ], [ [ 12.40472, 57.30164 ], [ 12.40453, 57.30149 ] ], [ [ 12.40453, 57.30149 ], [ 12.40447, 57.30145 ] ], [ [ 12.40447, 57.30145 ], [ 12.40394, 57.30105 ] ], [ [ 12.40394, 57.30105 ], [ 12.40242, 57.29993 ] ], [ [ 12.40242, 57.29993 ], [ 12.40174, 57.29943 ] ], [ [ 12.40174, 57.29943 ], [ 12.4009, 57.29888 ] ], [ [ 12.4009, 57.29888 ], [ 12.39916, 57.29777 ] ], [ [ 12.39916, 57.29777 ], [ 12.39828, 57.29723 ] ], [ [ 12.39828, 57.29723 ], [ 12.39825, 57.29721 ] ], [ [ 12.39825, 57.29721 ], [ 12.39648, 57.29627 ] ], [ [ 12.39648, 57.29627 ], [ 12.39559, 57.29586 ] ], [ [ 12.39559, 57.29586 ], [ 12.3931, 57.29484 ] ], [ [ 12.3931, 57.29484 ], [ 12.39193, 57.29436 ] ], [ [ 12.39193, 57.29436 ], [ 12.3898, 57.29349 ] ], [ [ 12.3898, 57.29349 ], [ 12.38944, 57.29334 ] ], [ [ 12.38944, 57.29334 ], [ 12.38154, 57.2901 ] ], [ [ 12.38154, 57.2901 ], [ 12.38113, 57.28993 ] ], [ [ 12.38113, 57.28993 ], [ 12.3806, 57.28972 ] ], [ [ 12.3806, 57.28972 ], [ 12.37994, 57.28945 ] ], [ [ 12.37994, 57.28945 ], [ 12.3792, 57.28914 ] ], [ [ 12.3792, 57.28914 ], [ 12.37784, 57.28859 ] ], [ [ 12.37784, 57.28859 ], [ 12.37617, 57.2879 ] ], [ [ 12.37617, 57.2879 ], [ 12.3758, 57.28775 ] ], [ [ 12.3758, 57.28775 ], [ 12.37364, 57.28687 ] ], [ [ 12.37364, 57.28687 ], [ 12.37336, 57.28675 ] ], [ [ 12.37336, 57.28675 ], [ 12.37186, 57.28611 ] ], [ [ 12.37186, 57.28611 ], [ 12.3709, 57.28562 ] ], [ [ 12.3709, 57.28562 ], [ 12.3701, 57.28512 ] ], [ [ 12.3701, 57.28512 ], [ 12.36919, 57.28446 ] ], [ [ 12.36919, 57.28446 ], [ 12.3662, 57.28222 ] ], [ [ 12.3662, 57.28222 ], [ 12.36593, 57.28202 ] ], [ [ 12.36593, 57.28202 ], [ 12.36555, 57.28173 ] ], [ [ 12.36555, 57.28173 ], [ 12.36535, 57.28159 ] ], [ [ 12.36535, 57.28159 ], [ 12.36525, 57.28151 ] ], [ [ 12.36525, 57.28151 ], [ 12.36516, 57.28144 ] ], [ [ 12.36516, 57.28144 ], [ 12.36492, 57.28126 ] ], [ [ 12.36492, 57.28126 ], [ 12.36472, 57.28111 ] ], [ [ 12.36472, 57.28111 ], [ 12.36247, 57.27943 ] ], [ [ 12.36247, 57.27943 ], [ 12.36061, 57.27803 ] ], [ [ 12.36061, 57.27803 ], [ 12.36038, 57.27786 ] ], [ [ 12.36038, 57.27786 ], [ 12.35892, 57.27677 ] ], [ [ 12.35892, 57.27677 ], [ 12.35821, 57.27624 ] ], [ [ 12.35821, 57.27624 ], [ 12.35736, 57.27563 ] ], [ [ 12.35736, 57.27563 ], [ 12.35724, 57.27555 ] ], [ [ 12.35724, 57.27555 ], [ 12.35684, 57.27527 ] ], [ [ 12.35684, 57.27527 ], [ 12.35683, 57.27526 ] ], [ [ 12.35683, 57.27526 ], [ 12.3568, 57.27524 ] ], [ [ 12.3568, 57.27524 ], [ 12.35525, 57.27435 ] ], [ [ 12.35525, 57.27435 ], [ 12.35464, 57.274 ] ], [ [ 12.35464, 57.274 ], [ 12.35282, 57.27299 ] ], [ [ 12.35282, 57.27299 ], [ 12.35174, 57.27248 ] ], [ [ 12.35174, 57.27248 ], [ 12.35168, 57.27246 ] ], [ [ 12.35168, 57.27246 ], [ 12.35145, 57.27236 ] ], [ [ 12.35145, 57.27236 ], [ 12.35088, 57.27213 ] ], [ [ 12.35088, 57.27213 ], [ 12.34389, 57.26946 ] ], [ [ 12.3312, 57.26308 ], [ 12.33104, 57.26281 ] ], [ [ 12.33104, 57.26281 ], [ 12.33084, 57.2624 ] ], [ [ 12.33084, 57.2624 ], [ 12.33057, 57.26177 ] ], [ [ 12.33057, 57.26177 ], [ 12.33022, 57.26094 ] ], [ [ 12.33022, 57.26094 ], [ 12.3295, 57.2592 ] ], [ [ 12.3295, 57.2592 ], [ 12.32807, 57.25579 ] ], [ [ 12.32807, 57.25579 ], [ 12.32793, 57.25544 ] ], [ [ 12.32793, 57.25544 ], [ 12.32771, 57.25489 ] ], [ [ 12.32771, 57.25489 ], [ 12.32714, 57.253 ] ], [ [ 12.32714, 57.253 ], [ 12.32702, 57.25248 ] ], [ [ 12.32702, 57.25248 ], [ 12.32699, 57.2523 ] ], [ [ 12.32699, 57.2523 ], [ 12.32606, 57.24748 ] ], [ [ 12.32606, 57.24748 ], [ 12.32569, 57.24614 ] ], [ [ 12.32569, 57.24614 ], [ 12.32567, 57.24605 ] ], [ [ 12.32567, 57.24605 ], [ 12.32558, 57.2458 ] ], [ [ 12.32558, 57.2458 ], [ 12.32542, 57.24533 ] ], [ [ 12.32542, 57.24533 ], [ 12.32534, 57.2451 ] ], [ [ 12.32534, 57.2451 ], [ 12.32475, 57.24345 ] ], [ [ 12.32475, 57.24345 ], [ 12.32466, 57.2432 ] ], [ [ 12.32466, 57.2432 ], [ 12.32455, 57.2429 ] ], [ [ 12.32455, 57.2429 ], [ 12.32441, 57.24251 ] ], [ [ 12.32441, 57.24251 ], [ 12.3244, 57.24248 ] ], [ [ 12.3244, 57.24248 ], [ 12.3243, 57.24219 ] ], [ [ 12.3243, 57.24219 ], [ 12.32419, 57.24189 ] ], [ [ 12.32419, 57.24189 ], [ 12.32417, 57.24182 ] ], [ [ 12.32417, 57.24182 ], [ 12.32395, 57.24122 ] ], [ [ 12.32395, 57.24122 ], [ 12.32384, 57.24089 ] ], [ [ 12.32384, 57.24089 ], [ 12.32326, 57.23926 ] ], [ [ 12.32326, 57.23926 ], [ 12.32308, 57.23875 ] ], [ [ 12.32308, 57.23875 ], [ 12.32288, 57.23819 ] ], [ [ 12.32288, 57.23819 ], [ 12.32277, 57.23787 ] ], [ [ 12.32277, 57.23787 ], [ 12.32273, 57.23778 ] ], [ [ 12.32273, 57.23778 ], [ 12.32273, 57.23777 ] ], [ [ 12.32273, 57.23777 ], [ 12.32247, 57.23704 ] ], [ [ 12.32247, 57.23704 ], [ 12.32241, 57.23687 ] ], [ [ 12.32241, 57.23687 ], [ 12.3222, 57.23628 ] ], [ [ 12.3222, 57.23628 ], [ 12.32208, 57.23594 ] ], [ [ 12.32208, 57.23594 ], [ 12.32182, 57.23522 ] ], [ [ 12.32182, 57.23522 ], [ 12.32161, 57.23462 ] ], [ [ 12.32161, 57.23462 ], [ 12.3216, 57.2346 ] ], [ [ 12.3216, 57.2346 ], [ 12.32073, 57.23212 ] ], [ [ 12.32073, 57.23212 ], [ 12.32002, 57.23013 ] ], [ [ 12.32002, 57.23013 ], [ 12.31995, 57.22992 ] ], [ [ 12.31995, 57.22992 ], [ 12.3189, 57.22697 ] ], [ [ 12.3189, 57.22697 ], [ 12.31876, 57.22657 ] ], [ [ 12.31876, 57.22657 ], [ 12.3168, 57.22102 ] ], [ [ 12.3168, 57.22102 ], [ 12.3168, 57.22101 ] ], [ [ 12.3168, 57.22101 ], [ 12.31621, 57.21934 ] ], [ [ 12.31621, 57.21934 ], [ 12.31594, 57.21859 ] ], [ [ 12.31594, 57.21859 ], [ 12.31524, 57.21661 ] ], [ [ 12.31524, 57.21661 ], [ 12.31507, 57.21612 ] ], [ [ 12.31507, 57.21612 ], [ 12.31344, 57.21151 ] ], [ [ 12.31344, 57.21151 ], [ 12.31331, 57.21113 ] ], [ [ 12.31331, 57.21113 ], [ 12.31323, 57.21091 ] ], [ [ 12.31323, 57.21091 ], [ 12.31247, 57.20876 ] ], [ [ 12.31247, 57.20876 ], [ 12.31232, 57.20835 ] ], [ [ 12.31232, 57.20835 ], [ 12.31183, 57.20695 ] ], [ [ 12.31183, 57.20695 ], [ 12.31131, 57.20549 ] ], [ [ 12.31131, 57.20549 ], [ 12.31113, 57.20498 ] ], [ [ 12.31113, 57.20498 ], [ 12.30997, 57.2017 ] ], [ [ 12.30997, 57.2017 ], [ 12.30976, 57.20111 ] ], [ [ 12.30976, 57.20111 ], [ 12.30923, 57.19959 ] ], [ [ 12.30923, 57.19959 ], [ 12.30885, 57.19852 ] ], [ [ 12.30885, 57.19852 ], [ 12.30828, 57.1969 ] ], [ [ 12.30828, 57.1969 ], [ 12.30812, 57.19646 ] ], [ [ 12.30812, 57.19646 ], [ 12.30782, 57.1956 ] ], [ [ 12.30782, 57.1956 ], [ 12.30775, 57.19538 ] ], [ [ 12.30775, 57.19538 ], [ 12.30761, 57.1949 ] ], [ [ 12.30761, 57.1949 ], [ 12.30741, 57.19409 ] ], [ [ 12.30741, 57.19409 ], [ 12.30731, 57.19365 ] ], [ [ 12.30731, 57.19365 ], [ 12.30703, 57.19247 ] ], [ [ 12.30703, 57.19247 ], [ 12.30666, 57.19091 ] ], [ [ 12.30666, 57.19091 ], [ 12.30648, 57.19017 ] ], [ [ 12.30648, 57.19017 ], [ 12.30605, 57.18832 ] ], [ [ 12.30605, 57.18832 ], [ 12.30598, 57.18802 ] ], [ [ 12.30598, 57.18802 ], [ 12.30577, 57.18712 ] ], [ [ 12.30577, 57.18712 ], [ 12.30566, 57.18669 ] ], [ [ 12.30566, 57.18669 ], [ 12.30553, 57.18611 ] ], [ [ 12.30553, 57.18611 ], [ 12.30546, 57.18581 ] ], [ [ 12.30546, 57.18581 ], [ 12.30443, 57.18147 ] ], [ [ 12.30443, 57.18147 ], [ 12.30437, 57.1812 ] ], [ [ 12.30437, 57.1812 ], [ 12.30416, 57.18031 ] ], [ [ 12.30416, 57.18031 ], [ 12.3041, 57.18006 ] ], [ [ 12.3041, 57.18006 ], [ 12.30391, 57.17927 ] ], [ [ 12.30391, 57.17927 ], [ 12.30383, 57.17892 ] ], [ [ 12.30383, 57.17892 ], [ 12.30368, 57.17845 ] ], [ [ 12.30368, 57.17845 ], [ 12.30346, 57.17792 ] ], [ [ 12.30346, 57.17792 ], [ 12.30316, 57.1774 ] ], [ [ 12.30316, 57.1774 ], [ 12.30289, 57.17698 ] ], [ [ 12.30289, 57.17698 ], [ 12.30241, 57.17627 ] ], [ [ 12.30241, 57.17627 ], [ 12.30198, 57.17564 ] ], [ [ 12.30198, 57.17564 ], [ 12.30165, 57.17515 ] ], [ [ 12.30165, 57.17515 ], [ 12.30151, 57.17494 ] ], [ [ 12.30151, 57.17494 ], [ 12.30107, 57.17429 ] ], [ [ 12.30107, 57.17429 ], [ 12.30089, 57.17402 ] ], [ [ 12.30089, 57.17402 ], [ 12.3007, 57.17374 ] ], [ [ 12.3007, 57.17374 ], [ 12.30063, 57.17364 ] ], [ [ 12.30063, 57.17364 ], [ 12.30058, 57.17357 ] ], [ [ 12.30058, 57.17357 ], [ 12.30051, 57.17347 ] ], [ [ 12.30051, 57.17347 ], [ 12.30035, 57.17323 ] ], [ [ 12.30035, 57.17323 ], [ 12.30014, 57.17291 ] ], [ [ 12.30014, 57.17291 ], [ 12.29938, 57.17179 ] ], [ [ 12.29938, 57.17179 ], [ 12.29917, 57.17148 ] ], [ [ 12.29917, 57.17148 ], [ 12.29795, 57.16967 ] ], [ [ 12.29795, 57.16967 ], [ 12.29779, 57.16943 ] ], [ [ 12.29779, 57.16943 ], [ 12.29713, 57.16846 ] ], [ [ 12.29713, 57.16846 ], [ 12.29699, 57.16824 ] ], [ [ 12.29699, 57.16824 ], [ 12.29624, 57.16701 ] ], [ [ 12.29624, 57.16701 ], [ 12.29588, 57.16608 ] ], [ [ 12.29588, 57.16608 ], [ 12.2958, 57.16576 ] ], [ [ 12.2958, 57.16576 ], [ 12.29579, 57.16574 ] ], [ [ 12.29579, 57.16574 ], [ 12.29576, 57.16554 ] ], [ [ 12.29576, 57.16554 ], [ 12.2957, 57.16506 ] ], [ [ 12.2957, 57.16506 ], [ 12.29581, 57.16329 ] ], [ [ 12.29581, 57.16329 ], [ 12.29583, 57.1631 ] ], [ [ 12.29583, 57.1631 ], [ 12.29586, 57.16276 ] ], [ [ 12.29586, 57.16276 ], [ 12.29587, 57.16273 ] ], [ [ 12.29587, 57.16273 ], [ 12.29588, 57.16255 ] ], [ [ 12.29588, 57.16255 ], [ 12.29588, 57.1625 ] ], [ [ 12.29588, 57.1625 ], [ 12.29589, 57.16227 ] ], [ [ 12.29589, 57.16227 ], [ 12.29588, 57.16174 ] ], [ [ 12.29588, 57.16174 ], [ 12.29587, 57.16163 ] ], [ [ 12.29587, 57.16163 ], [ 12.29586, 57.16144 ] ], [ [ 12.29586, 57.16144 ], [ 12.29546, 57.16007 ] ], [ [ 12.29546, 57.16007 ], [ 12.29504, 57.15929 ] ], [ [ 12.29504, 57.15929 ], [ 12.29331, 57.15736 ] ], [ [ 12.29331, 57.15736 ], [ 12.29184, 57.15633 ] ], [ [ 12.29184, 57.15633 ], [ 12.29147, 57.15612 ] ], [ [ 12.29147, 57.15612 ], [ 12.29082, 57.15577 ] ], [ [ 12.29082, 57.15577 ], [ 12.29044, 57.15559 ] ], [ [ 12.29044, 57.15559 ], [ 12.28982, 57.15531 ] ], [ [ 12.28982, 57.15531 ], [ 12.28935, 57.15513 ] ], [ [ 12.28935, 57.15513 ], [ 12.28907, 57.15502 ] ], [ [ 12.28907, 57.15502 ], [ 12.2857, 57.15394 ] ], [ [ 12.2857, 57.15394 ], [ 12.28413, 57.15342 ] ], [ [ 12.28413, 57.15342 ], [ 12.28142, 57.15216 ] ], [ [ 12.28142, 57.15216 ], [ 12.28119, 57.15202 ] ], [ [ 12.28119, 57.15202 ], [ 12.28005, 57.15124 ] ], [ [ 12.28005, 57.15124 ], [ 12.27987, 57.1511 ] ], [ [ 12.27987, 57.1511 ], [ 12.27665, 57.1481 ] ], [ [ 12.27665, 57.1481 ], [ 12.27649, 57.14794 ] ], [ [ 12.27649, 57.14794 ], [ 12.27631, 57.14777 ] ], [ [ 12.27631, 57.14777 ], [ 12.27609, 57.14757 ] ], [ [ 12.27609, 57.14757 ], [ 12.27552, 57.14702 ] ], [ [ 12.27552, 57.14702 ], [ 12.27531, 57.14682 ] ], [ [ 12.27531, 57.14682 ], [ 12.27484, 57.14636 ] ], [ [ 12.27484, 57.14636 ], [ 12.27478, 57.1463 ] ], [ [ 12.27478, 57.1463 ], [ 12.27426, 57.14574 ] ], [ [ 12.27426, 57.14574 ], [ 12.27408, 57.14552 ] ], [ [ 12.27408, 57.14552 ], [ 12.27367, 57.14501 ] ], [ [ 12.27367, 57.14501 ], [ 12.27345, 57.14472 ] ], [ [ 12.27345, 57.14472 ], [ 12.27321, 57.14439 ] ], [ [ 12.27321, 57.14439 ], [ 12.27307, 57.14419 ] ], [ [ 12.27307, 57.14419 ], [ 12.27287, 57.14392 ] ], [ [ 12.27287, 57.14392 ], [ 12.27093, 57.14124 ] ], [ [ 12.27093, 57.14124 ], [ 12.27062, 57.14081 ] ], [ [ 12.27062, 57.14081 ], [ 12.2697, 57.13954 ] ], [ [ 12.2697, 57.13954 ], [ 12.26969, 57.13953 ] ], [ [ 12.26969, 57.13953 ], [ 12.26959, 57.13939 ] ], [ [ 12.26959, 57.13939 ], [ 12.26943, 57.13918 ] ], [ [ 12.26943, 57.13918 ], [ 12.26905, 57.13865 ] ], [ [ 12.26905, 57.13865 ], [ 12.26893, 57.13849 ] ], [ [ 12.26893, 57.13849 ], [ 12.26881, 57.13832 ] ], [ [ 12.26881, 57.13832 ], [ 12.26843, 57.13779 ] ], [ [ 12.26843, 57.13779 ], [ 12.2683, 57.13762 ] ], [ [ 12.2683, 57.13762 ], [ 12.26805, 57.13727 ] ], [ [ 12.26805, 57.13727 ], [ 12.26799, 57.13719 ] ], [ [ 12.26799, 57.13719 ], [ 12.26786, 57.13701 ] ], [ [ 12.26786, 57.13701 ], [ 12.26768, 57.13676 ] ], [ [ 12.26768, 57.13676 ], [ 12.26745, 57.13645 ] ], [ [ 12.26745, 57.13645 ], [ 12.26596, 57.1344 ] ], [ [ 12.26596, 57.1344 ], [ 12.26564, 57.13395 ] ], [ [ 12.26564, 57.13395 ], [ 12.26551, 57.13377 ] ], [ [ 12.26551, 57.13377 ], [ 12.26452, 57.13241 ] ], [ [ 12.26452, 57.13241 ], [ 12.26442, 57.13227 ] ], [ [ 12.26442, 57.13227 ], [ 12.2636, 57.13114 ] ], [ [ 12.2636, 57.13114 ], [ 12.26345, 57.13093 ] ], [ [ 12.26345, 57.13093 ], [ 12.26327, 57.13069 ] ], [ [ 12.26327, 57.13069 ], [ 12.26293, 57.13023 ] ], [ [ 12.26293, 57.13023 ], [ 12.26272, 57.12997 ] ], [ [ 12.26272, 57.12997 ], [ 12.26246, 57.12963 ] ], [ [ 12.26246, 57.12963 ], [ 12.26218, 57.12929 ] ], [ [ 12.26218, 57.12929 ], [ 12.26199, 57.12907 ] ], [ [ 12.34067, 57.26819 ], [ 12.34017, 57.26801 ] ], [ [ 12.34017, 57.26801 ], [ 12.33979, 57.26788 ] ], [ [ 12.33979, 57.26788 ], [ 12.33891, 57.26754 ] ], [ [ 12.33891, 57.26754 ], [ 12.33864, 57.26744 ] ], [ [ 12.33864, 57.26744 ], [ 12.33779, 57.26711 ] ], [ [ 12.33779, 57.26711 ], [ 12.3375, 57.267 ] ], [ [ 12.3375, 57.267 ], [ 12.33716, 57.26687 ] ], [ [ 12.33716, 57.26687 ], [ 12.3361, 57.26647 ] ], [ [ 12.3361, 57.26647 ], [ 12.33593, 57.2664 ] ], [ [ 12.33593, 57.2664 ], [ 12.33523, 57.26612 ] ], [ [ 12.33523, 57.26612 ], [ 12.33467, 57.26586 ] ], [ [ 12.33467, 57.26586 ], [ 12.33454, 57.26579 ] ], [ [ 12.33454, 57.26579 ], [ 12.33375, 57.26535 ] ], [ [ 12.34389, 57.26946 ], [ 12.34385, 57.26944 ] ], [ [ 12.34385, 57.26944 ], [ 12.34296, 57.2691 ] ], [ [ 12.34296, 57.2691 ], [ 12.34204, 57.26874 ] ], [ [ 12.34204, 57.26874 ], [ 12.34097, 57.26831 ] ], [ [ 12.34097, 57.26831 ], [ 12.34067, 57.26819 ] ], [ [ 12.34067, 57.26819 ], [ 12.33988, 57.26786 ] ], [ [ 12.33988, 57.26786 ], [ 12.3394, 57.26767 ] ], [ [ 12.3394, 57.26767 ], [ 12.33907, 57.26754 ] ], [ [ 12.33907, 57.26754 ], [ 12.33834, 57.26725 ] ], [ [ 12.33834, 57.26725 ], [ 12.33807, 57.26714 ] ], [ [ 12.33807, 57.26714 ], [ 12.33727, 57.26683 ] ], [ [ 12.33727, 57.26683 ], [ 12.33454, 57.26575 ] ], [ [ 12.33454, 57.26575 ], [ 12.33432, 57.26564 ] ], [ [ 12.33432, 57.26564 ], [ 12.33375, 57.26535 ] ], [ [ 12.33375, 57.26535 ], [ 12.33263, 57.26462 ] ], [ [ 12.33263, 57.26462 ], [ 12.33227, 57.26431 ] ], [ [ 12.33227, 57.26431 ], [ 12.33141, 57.26338 ] ], [ [ 12.33141, 57.26338 ], [ 12.3312, 57.26308 ] ], [ [ 13.37448, 57.13434 ], [ 13.37434, 57.13422 ] ], [ [ 13.37434, 57.13422 ], [ 13.37331, 57.1333 ] ], [ [ 13.37331, 57.1333 ], [ 13.37288, 57.13292 ] ], [ [ 13.37288, 57.13292 ], [ 13.37029, 57.13062 ] ], [ [ 13.37029, 57.13062 ], [ 13.36994, 57.13032 ] ], [ [ 13.36994, 57.13032 ], [ 13.36984, 57.13025 ] ], [ [ 13.36984, 57.13025 ], [ 13.36903, 57.12968 ] ], [ [ 13.36903, 57.12968 ], [ 13.36881, 57.12955 ] ], [ [ 13.36881, 57.12955 ], [ 13.36752, 57.1289 ] ], [ [ 13.36752, 57.1289 ], [ 13.36734, 57.12883 ] ], [ [ 13.36734, 57.12883 ], [ 13.36649, 57.12849 ] ], [ [ 13.36649, 57.12849 ], [ 13.36515, 57.12799 ] ], [ [ 13.36515, 57.12799 ], [ 13.36488, 57.12789 ] ], [ [ 13.36488, 57.12789 ], [ 13.36407, 57.1276 ] ], [ [ 13.36407, 57.1276 ], [ 13.36255, 57.12705 ] ], [ [ 13.36255, 57.12705 ], [ 13.36186, 57.1268 ] ], [ [ 13.36186, 57.1268 ], [ 13.35789, 57.12538 ] ], [ [ 13.35789, 57.12538 ], [ 13.35721, 57.12513 ] ], [ [ 13.35721, 57.12513 ], [ 13.35672, 57.12496 ] ], [ [ 13.35672, 57.12496 ], [ 13.35583, 57.12464 ] ], [ [ 13.35583, 57.12464 ], [ 13.35387, 57.12392 ] ], [ [ 13.35387, 57.12392 ], [ 13.35346, 57.12377 ] ], [ [ 13.35346, 57.12377 ], [ 13.35223, 57.1232 ] ], [ [ 13.35223, 57.1232 ], [ 13.35219, 57.12318 ] ], [ [ 13.35219, 57.12318 ], [ 13.35131, 57.12266 ] ], [ [ 13.35131, 57.12266 ], [ 13.35057, 57.12215 ] ], [ [ 13.35057, 57.12215 ], [ 13.3497, 57.1215 ] ], [ [ 13.3497, 57.1215 ], [ 13.34923, 57.12113 ] ], [ [ 13.34923, 57.12113 ], [ 13.34786, 57.12003 ] ], [ [ 13.34786, 57.12003 ], [ 13.34737, 57.11967 ] ], [ [ 13.34737, 57.11967 ], [ 13.34609, 57.11873 ] ], [ [ 13.34609, 57.11873 ], [ 13.34588, 57.11858 ] ], [ [ 13.34588, 57.11858 ], [ 13.34569, 57.11843 ] ], [ [ 13.34569, 57.11843 ], [ 13.34424, 57.11735 ] ], [ [ 13.34424, 57.11735 ], [ 13.34336, 57.11667 ] ], [ [ 13.34336, 57.11667 ], [ 13.34171, 57.11545 ] ], [ [ 13.34171, 57.11545 ], [ 13.34112, 57.11501 ] ], [ [ 13.34112, 57.11501 ], [ 13.34063, 57.11466 ] ], [ [ 13.34063, 57.11466 ], [ 13.33772, 57.11237 ] ], [ [ 13.33772, 57.11237 ], [ 13.33724, 57.112 ] ], [ [ 13.33724, 57.112 ], [ 13.33616, 57.1112 ] ], [ [ 13.33616, 57.1112 ], [ 13.33567, 57.11085 ] ], [ [ 13.33567, 57.11085 ], [ 13.33336, 57.10915 ] ], [ [ 13.33336, 57.10915 ], [ 13.33288, 57.10885 ] ], [ [ 13.33288, 57.10885 ], [ 13.3323, 57.10853 ] ], [ [ 13.3323, 57.10853 ], [ 13.33227, 57.10851 ] ], [ [ 13.33227, 57.10851 ], [ 13.33206, 57.1084 ] ], [ [ 13.33206, 57.1084 ], [ 13.33158, 57.10816 ] ], [ [ 13.33158, 57.10816 ], [ 13.3306, 57.10767 ] ], [ [ 13.3306, 57.10767 ], [ 13.32986, 57.10732 ] ], [ [ 13.32986, 57.10732 ], [ 13.32936, 57.10708 ] ], [ [ 13.32936, 57.10708 ], [ 13.32837, 57.10661 ] ], [ [ 13.32837, 57.10661 ], [ 13.32787, 57.10637 ] ], [ [ 13.32787, 57.10637 ], [ 13.32613, 57.10554 ] ], [ [ 13.32613, 57.10554 ], [ 13.32477, 57.10488 ] ], [ [ 13.32477, 57.10488 ], [ 13.32362, 57.10434 ] ], [ [ 13.32362, 57.10434 ], [ 13.32309, 57.10415 ] ], [ [ 13.32309, 57.10415 ], [ 13.32114, 57.10367 ] ], [ [ 13.32114, 57.10367 ], [ 13.32018, 57.10353 ] ], [ [ 13.32018, 57.10353 ], [ 13.31824, 57.10339 ] ], [ [ 13.31824, 57.10339 ], [ 13.31759, 57.10336 ] ], [ [ 13.31759, 57.10336 ], [ 13.3166, 57.1033 ] ], [ [ 13.3166, 57.1033 ], [ 13.31573, 57.10323 ] ], [ [ 13.31573, 57.10323 ], [ 13.31562, 57.10322 ] ], [ [ 13.31562, 57.10322 ], [ 13.31497, 57.10315 ] ], [ [ 13.31497, 57.10315 ], [ 13.31458, 57.1031 ] ], [ [ 13.31458, 57.1031 ], [ 13.31417, 57.10304 ] ], [ [ 13.31417, 57.10304 ], [ 13.31317, 57.10286 ] ], [ [ 13.31317, 57.10286 ], [ 13.31142, 57.10254 ] ], [ [ 13.31142, 57.10254 ], [ 13.31102, 57.10249 ] ], [ [ 13.31102, 57.10249 ], [ 13.31084, 57.10247 ] ], [ [ 13.31084, 57.10247 ], [ 13.30791, 57.10211 ] ], [ [ 13.30791, 57.10211 ], [ 13.30787, 57.1021 ] ], [ [ 13.30787, 57.1021 ], [ 13.3078, 57.10209 ] ], [ [ 13.3078, 57.10209 ], [ 13.30775, 57.10209 ] ], [ [ 13.30775, 57.10209 ], [ 13.30731, 57.10203 ] ], [ [ 13.30731, 57.10203 ], [ 13.3045, 57.10138 ] ], [ [ 13.3045, 57.10138 ], [ 13.30383, 57.10115 ] ], [ [ 13.30383, 57.10115 ], [ 13.29961, 57.09919 ] ], [ [ 13.29961, 57.09919 ], [ 13.29919, 57.09898 ] ], [ [ 13.29919, 57.09898 ], [ 13.29849, 57.09858 ] ], [ [ 13.29849, 57.09858 ], [ 13.29775, 57.09814 ] ], [ [ 13.29775, 57.09814 ], [ 13.2972, 57.09781 ] ], [ [ 13.2972, 57.09781 ], [ 13.29499, 57.09645 ] ], [ [ 13.29499, 57.09645 ], [ 13.2947, 57.09624 ] ], [ [ 13.2947, 57.09624 ], [ 13.29271, 57.09477 ] ], [ [ 13.29271, 57.09477 ], [ 13.29222, 57.09441 ] ], [ [ 13.29222, 57.09441 ], [ 13.29158, 57.09392 ] ], [ [ 13.29158, 57.09392 ], [ 13.29155, 57.0939 ] ], [ [ 13.29155, 57.0939 ], [ 13.2894, 57.09292 ] ], [ [ 13.2894, 57.09292 ], [ 13.28884, 57.09276 ] ], [ [ 13.28884, 57.09276 ], [ 13.28606, 57.09213 ] ], [ [ 13.28606, 57.09213 ], [ 13.2853, 57.09197 ] ], [ [ 13.2853, 57.09197 ], [ 13.28469, 57.09182 ] ], [ [ 13.28469, 57.09182 ], [ 13.28423, 57.09169 ] ], [ [ 13.28423, 57.09169 ], [ 13.28397, 57.0916 ] ], [ [ 13.28397, 57.0916 ], [ 13.28279, 57.09118 ] ], [ [ 13.28279, 57.09118 ], [ 13.28098, 57.0902 ] ], [ [ 13.28098, 57.0902 ], [ 13.28039, 57.08989 ] ], [ [ 13.28039, 57.08989 ], [ 13.27644, 57.0877 ] ], [ [ 13.27644, 57.0877 ], [ 13.27587, 57.08732 ] ], [ [ 13.27587, 57.08732 ], [ 13.27529, 57.08683 ] ], [ [ 13.27529, 57.08683 ], [ 13.27491, 57.08645 ] ], [ [ 13.27491, 57.08645 ], [ 13.27481, 57.08632 ] ], [ [ 13.27481, 57.08632 ], [ 13.27417, 57.08525 ] ], [ [ 13.27417, 57.08525 ], [ 13.27406, 57.08496 ] ], [ [ 13.27406, 57.08496 ], [ 13.274, 57.08468 ] ], [ [ 13.274, 57.08468 ], [ 13.27396, 57.08394 ] ], [ [ 13.27396, 57.08394 ], [ 13.27395, 57.08349 ] ], [ [ 13.27395, 57.08349 ], [ 13.27394, 57.08313 ] ], [ [ 13.27394, 57.08313 ], [ 13.27392, 57.08187 ] ], [ [ 13.27392, 57.08187 ], [ 13.27391, 57.08179 ] ], [ [ 13.27391, 57.08179 ], [ 13.27383, 57.08144 ] ], [ [ 13.27383, 57.08144 ], [ 13.27367, 57.081 ] ], [ [ 13.27367, 57.081 ], [ 13.27354, 57.08074 ] ], [ [ 13.27354, 57.08074 ], [ 13.27328, 57.08035 ] ], [ [ 13.27328, 57.08035 ], [ 13.27325, 57.08032 ] ], [ [ 13.27325, 57.08032 ], [ 13.27319, 57.08025 ] ], [ [ 13.27319, 57.08025 ], [ 13.27296, 57.07999 ] ], [ [ 13.27296, 57.07999 ], [ 13.27291, 57.07994 ] ], [ [ 13.27291, 57.07994 ], [ 13.2727, 57.07969 ] ], [ [ 13.25417, 57.07334 ], [ 13.25322, 57.07298 ] ], [ [ 13.25322, 57.07298 ], [ 13.25126, 57.07224 ] ], [ [ 13.25126, 57.07224 ], [ 13.24917, 57.07145 ] ], [ [ 13.24917, 57.07145 ], [ 13.24802, 57.07101 ] ], [ [ 13.24802, 57.07101 ], [ 13.24527, 57.07003 ] ], [ [ 13.24527, 57.07003 ], [ 13.24513, 57.06998 ] ], [ [ 13.24513, 57.06998 ], [ 13.24386, 57.06966 ] ], [ [ 13.24386, 57.06966 ], [ 13.24366, 57.06962 ] ], [ [ 13.24366, 57.06962 ], [ 13.24319, 57.06953 ] ], [ [ 13.24319, 57.06953 ], [ 13.2426, 57.06941 ] ], [ [ 13.2426, 57.06941 ], [ 13.24061, 57.06904 ] ], [ [ 13.24061, 57.06904 ], [ 13.23909, 57.06863 ] ], [ [ 13.23909, 57.06863 ], [ 13.23867, 57.06849 ] ], [ [ 13.23867, 57.06849 ], [ 13.23843, 57.0684 ] ], [ [ 13.23843, 57.0684 ], [ 13.23778, 57.06814 ] ], [ [ 13.23778, 57.06814 ], [ 13.23733, 57.06796 ] ], [ [ 13.23733, 57.06796 ], [ 13.23589, 57.06736 ] ], [ [ 13.23589, 57.06736 ], [ 13.235, 57.06697 ] ], [ [ 13.235, 57.06697 ], [ 13.23263, 57.06598 ] ], [ [ 13.23263, 57.06598 ], [ 13.23233, 57.06586 ] ], [ [ 13.23233, 57.06586 ], [ 13.23138, 57.06556 ] ], [ [ 13.23138, 57.06556 ], [ 13.231, 57.06545 ] ], [ [ 13.231, 57.06545 ], [ 13.22983, 57.06513 ] ], [ [ 13.22983, 57.06513 ], [ 13.22857, 57.0648 ] ], [ [ 13.22857, 57.0648 ], [ 13.22679, 57.06433 ] ], [ [ 13.22679, 57.06433 ], [ 13.22196, 57.06308 ] ], [ [ 13.22196, 57.06308 ], [ 13.22128, 57.0629 ] ], [ [ 13.22128, 57.0629 ], [ 13.22, 57.0626 ] ], [ [ 13.22, 57.0626 ], [ 13.21844, 57.06229 ] ], [ [ 13.21844, 57.06229 ], [ 13.21601, 57.06184 ] ], [ [ 13.21601, 57.06184 ], [ 13.21528, 57.06166 ] ], [ [ 13.21528, 57.06166 ], [ 13.21133, 57.06048 ] ], [ [ 13.21133, 57.06048 ], [ 13.20924, 57.05985 ] ], [ [ 13.20924, 57.05985 ], [ 13.20851, 57.05965 ] ], [ [ 13.20851, 57.05965 ], [ 13.20794, 57.05952 ] ], [ [ 13.20794, 57.05952 ], [ 13.20721, 57.05937 ] ], [ [ 13.20721, 57.05937 ], [ 13.19952, 57.05788 ] ], [ [ 13.19952, 57.05788 ], [ 13.19849, 57.05762 ] ], [ [ 13.19849, 57.05762 ], [ 13.19771, 57.05737 ] ], [ [ 13.19771, 57.05737 ], [ 13.19467, 57.05639 ] ], [ [ 13.19467, 57.05639 ], [ 13.19392, 57.05615 ] ], [ [ 13.19392, 57.05615 ], [ 13.19315, 57.05594 ] ], [ [ 13.19315, 57.05594 ], [ 13.19223, 57.05575 ] ], [ [ 13.19223, 57.05575 ], [ 13.19218, 57.05575 ] ], [ [ 13.19218, 57.05575 ], [ 13.19203, 57.05572 ] ], [ [ 13.19203, 57.05572 ], [ 13.19076, 57.05554 ] ], [ [ 13.19076, 57.05554 ], [ 13.19068, 57.05553 ] ], [ [ 13.19068, 57.05553 ], [ 13.19064, 57.05552 ] ], [ [ 13.19064, 57.05552 ], [ 13.18903, 57.05529 ] ], [ [ 13.18903, 57.05529 ], [ 13.18786, 57.05512 ] ], [ [ 13.18786, 57.05512 ], [ 13.18737, 57.05504 ] ], [ [ 13.18737, 57.05504 ], [ 13.18697, 57.05496 ] ], [ [ 13.18697, 57.05496 ], [ 13.18547, 57.05459 ] ], [ [ 13.18547, 57.05459 ], [ 13.18504, 57.05448 ] ], [ [ 13.18504, 57.05448 ], [ 13.18438, 57.0543 ] ], [ [ 13.18438, 57.0543 ], [ 13.18372, 57.05411 ] ], [ [ 13.18372, 57.05411 ], [ 13.18302, 57.0539 ] ], [ [ 13.18302, 57.0539 ], [ 13.1826, 57.05376 ] ], [ [ 13.1826, 57.05376 ], [ 13.1813, 57.05326 ] ], [ [ 13.1813, 57.05326 ], [ 13.17717, 57.05156 ] ], [ [ 13.17717, 57.05156 ], [ 13.17531, 57.0508 ] ], [ [ 13.17531, 57.0508 ], [ 13.17387, 57.05021 ] ], [ [ 13.17387, 57.05021 ], [ 13.16928, 57.04832 ] ], [ [ 13.16928, 57.04832 ], [ 13.16796, 57.04778 ] ], [ [ 13.16796, 57.04778 ], [ 13.16638, 57.04714 ] ], [ [ 13.16638, 57.04714 ], [ 13.16574, 57.04688 ] ], [ [ 13.16574, 57.04688 ], [ 13.16532, 57.04672 ] ], [ [ 13.16532, 57.04672 ], [ 13.16436, 57.04637 ] ], [ [ 13.16436, 57.04637 ], [ 13.16199, 57.04555 ] ], [ [ 13.16199, 57.04555 ], [ 13.1606, 57.04507 ] ], [ [ 13.1606, 57.04507 ], [ 13.15951, 57.04467 ] ], [ [ 13.15951, 57.04467 ], [ 13.15918, 57.04454 ] ], [ [ 13.15918, 57.04454 ], [ 13.15906, 57.04449 ] ], [ [ 13.15906, 57.04449 ], [ 13.15853, 57.04426 ] ], [ [ 13.15853, 57.04426 ], [ 13.15566, 57.04299 ] ], [ [ 13.15566, 57.04299 ], [ 13.15383, 57.04218 ] ], [ [ 13.15383, 57.04218 ], [ 13.1536, 57.0421 ] ], [ [ 13.1536, 57.0421 ], [ 13.15002, 57.04101 ] ], [ [ 13.15002, 57.04101 ], [ 13.14978, 57.04096 ] ], [ [ 13.14978, 57.04096 ], [ 13.148, 57.04063 ] ], [ [ 13.148, 57.04063 ], [ 13.14582, 57.04024 ] ], [ [ 13.14582, 57.04024 ], [ 13.14488, 57.04007 ] ], [ [ 13.14488, 57.04007 ], [ 13.14333, 57.03982 ] ], [ [ 13.14333, 57.03982 ], [ 13.14241, 57.03976 ] ], [ [ 13.14241, 57.03976 ], [ 13.13717, 57.03996 ] ], [ [ 13.13717, 57.03996 ], [ 13.13586, 57.04002 ] ], [ [ 13.13586, 57.04002 ], [ 13.1332, 57.04011 ] ], [ [ 13.1332, 57.04011 ], [ 13.13092, 57.03982 ] ], [ [ 13.13092, 57.03982 ], [ 13.12981, 57.03948 ] ], [ [ 13.12981, 57.03948 ], [ 13.12902, 57.03912 ] ], [ [ 13.12902, 57.03912 ], [ 13.12876, 57.039 ] ], [ [ 13.12876, 57.039 ], [ 13.12683, 57.03804 ] ], [ [ 13.12683, 57.03804 ], [ 13.12657, 57.03791 ] ], [ [ 13.12657, 57.03791 ], [ 13.12626, 57.03777 ] ], [ [ 13.12626, 57.03777 ], [ 13.12398, 57.03682 ] ], [ [ 13.12398, 57.03682 ], [ 13.12177, 57.03592 ] ], [ [ 13.12177, 57.03592 ], [ 13.1203, 57.03532 ] ], [ [ 13.1203, 57.03532 ], [ 13.11574, 57.03345 ] ], [ [ 13.11574, 57.03345 ], [ 13.11364, 57.03259 ] ], [ [ 13.11364, 57.03259 ], [ 13.11259, 57.03216 ] ], [ [ 13.11259, 57.03216 ], [ 13.11096, 57.03142 ] ], [ [ 13.11096, 57.03142 ], [ 13.10961, 57.0309 ] ], [ [ 13.10961, 57.0309 ], [ 13.10953, 57.03086 ] ], [ [ 13.10953, 57.03086 ], [ 13.10821, 57.03002 ] ], [ [ 13.10821, 57.03002 ], [ 13.10742, 57.02917 ], [ 13.10698, 57.028 ] ], [ [ 13.10698, 57.028 ], [ 13.10697, 57.0276 ] ], [ [ 13.10697, 57.0276 ], [ 13.10697, 57.02716 ] ], [ [ 13.10697, 57.02716 ], [ 13.10697, 57.02706 ] ], [ [ 13.10697, 57.02706 ], [ 13.10707, 57.02527 ] ], [ [ 13.10707, 57.02527 ], [ 13.10721, 57.02276 ] ], [ [ 13.10721, 57.02276 ], [ 13.10744, 57.0188 ] ], [ [ 13.10744, 57.0188 ], [ 13.1075, 57.01764 ] ], [ [ 13.1075, 57.01764 ], [ 13.10754, 57.01683 ] ], [ [ 13.10754, 57.01683 ], [ 13.10756, 57.01629 ] ], [ [ 13.10756, 57.01629 ], [ 13.10755, 57.01594 ] ], [ [ 13.10755, 57.01594 ], [ 13.1074, 57.01523 ] ], [ [ 13.1074, 57.01523 ], [ 13.10597, 57.01173 ] ], [ [ 13.10597, 57.01173 ], [ 13.10593, 57.01164 ] ], [ [ 13.10593, 57.01164 ], [ 13.10551, 57.01081 ] ], [ [ 13.10551, 57.01081 ], [ 13.10543, 57.0107 ] ], [ [ 13.10543, 57.0107 ], [ 13.10487, 57.01012 ] ], [ [ 13.10487, 57.01012 ], [ 13.10411, 57.00958 ] ], [ [ 13.10411, 57.00958 ], [ 13.10295, 57.00882 ] ], [ [ 13.10295, 57.00882 ], [ 13.10212, 57.00826 ] ], [ [ 13.10212, 57.00826 ], [ 13.10187, 57.00804 ] ], [ [ 13.10187, 57.00804 ], [ 13.1015, 57.00763 ] ], [ [ 13.1015, 57.00763 ], [ 13.10121, 57.0072 ] ], [ [ 13.10121, 57.0072 ], [ 13.10099, 57.00659 ] ], [ [ 13.10099, 57.00659 ], [ 13.10089, 57.00607 ] ], [ [ 13.10089, 57.00607 ], [ 13.10084, 57.00569 ] ], [ [ 13.10084, 57.00569 ], [ 13.10083, 57.00561 ] ], [ [ 13.10083, 57.00561 ], [ 13.10069, 57.00493 ] ], [ [ 13.10069, 57.00493 ], [ 13.10065, 57.00479 ] ], [ [ 13.10065, 57.00479 ], [ 13.10056, 57.0046 ] ], [ [ 13.10056, 57.0046 ], [ 13.0992, 57.00262 ] ], [ [ 13.0992, 57.00262 ], [ 13.09908, 57.00243 ] ], [ [ 13.09908, 57.00243 ], [ 13.09905, 57.0024 ] ], [ [ 13.09905, 57.0024 ], [ 13.09866, 57.00178 ] ], [ [ 13.09866, 57.00178 ], [ 13.09824, 57.00113 ] ], [ [ 13.09824, 57.00113 ], [ 13.09807, 57.00085 ] ], [ [ 13.09807, 57.00085 ], [ 13.09724, 56.99885 ] ], [ [ 13.09724, 56.99885 ], [ 13.09722, 56.9988 ] ], [ [ 13.09722, 56.9988 ], [ 13.09712, 56.99831 ] ], [ [ 13.09712, 56.99831 ], [ 13.09683, 56.99712 ] ], [ [ 13.09683, 56.99712 ], [ 13.0967, 56.99689 ] ], [ [ 13.0967, 56.99689 ], [ 13.09648, 56.99652 ] ], [ [ 13.09648, 56.99652 ], [ 13.09606, 56.99588 ] ], [ [ 13.09606, 56.99588 ], [ 13.09499, 56.99422 ] ], [ [ 13.09499, 56.99422 ], [ 13.09484, 56.99303 ] ], [ [ 13.09484, 56.99303 ], [ 13.09492, 56.99273 ] ], [ [ 13.09492, 56.99273 ], [ 13.0954, 56.99186 ] ], [ [ 13.0954, 56.99186 ], [ 13.09745, 56.98847 ] ], [ [ 13.09745, 56.98847 ], [ 13.09761, 56.98809 ] ], [ [ 13.09761, 56.98809 ], [ 13.09792, 56.98709 ] ], [ [ 13.09792, 56.98709 ], [ 13.09864, 56.98442 ] ], [ [ 13.09864, 56.98442 ], [ 13.09879, 56.98409 ] ], [ [ 13.09879, 56.98409 ], [ 13.10031, 56.98145 ] ], [ [ 13.10031, 56.98145 ], [ 13.1004, 56.9812 ] ], [ [ 13.1004, 56.9812 ], [ 13.10055, 56.97981 ] ], [ [ 13.10055, 56.97981 ], [ 13.10047, 56.97942 ] ], [ [ 13.10047, 56.97942 ], [ 13.09972, 56.97767 ] ], [ [ 13.09972, 56.97767 ], [ 13.0991, 56.97627 ] ], [ [ 13.0991, 56.97627 ], [ 13.09828, 56.97444 ] ], [ [ 13.09828, 56.97444 ], [ 13.09816, 56.97416 ] ], [ [ 13.09816, 56.97416 ], [ 13.09766, 56.97304 ] ], [ [ 13.09766, 56.97304 ], [ 13.09622, 56.96982 ] ], [ [ 13.09622, 56.96982 ], [ 13.09531, 56.96777 ] ], [ [ 13.09531, 56.96777 ], [ 13.09486, 56.96675 ] ], [ [ 13.07282, 56.95546 ], [ 13.07108, 56.95383 ] ], [ [ 13.07108, 56.95383 ], [ 13.07056, 56.95296 ] ], [ [ 13.07056, 56.95296 ], [ 13.07049, 56.95263 ] ], [ [ 13.07049, 56.95263 ], [ 13.07046, 56.95242 ] ], [ [ 13.07046, 56.95242 ], [ 13.07091, 56.94844 ] ], [ [ 13.07091, 56.94844 ], [ 13.07103, 56.94716 ] ], [ [ 13.07103, 56.94716 ], [ 13.07102, 56.94689 ] ], [ [ 13.07102, 56.94689 ], [ 13.07101, 56.94679 ] ], [ [ 13.07101, 56.94679 ], [ 13.07093, 56.94604 ] ], [ [ 13.07093, 56.94604 ], [ 13.07082, 56.94526 ] ], [ [ 13.07082, 56.94526 ], [ 13.07068, 56.94435 ] ], [ [ 13.07068, 56.94435 ], [ 13.07067, 56.94431 ] ], [ [ 13.07067, 56.94431 ], [ 13.07066, 56.94429 ] ], [ [ 13.07066, 56.94429 ], [ 13.07047, 56.94376 ] ], [ [ 13.07047, 56.94376 ], [ 13.07003, 56.94315 ] ], [ [ 13.07003, 56.94315 ], [ 13.06988, 56.94297 ] ], [ [ 13.06988, 56.94297 ], [ 13.06909, 56.9421 ] ], [ [ 13.06909, 56.9421 ], [ 13.06521, 56.93797 ] ], [ [ 13.06521, 56.93797 ], [ 13.06472, 56.93742 ] ], [ [ 13.06472, 56.93742 ], [ 13.0645, 56.93717 ] ], [ [ 13.0645, 56.93717 ], [ 13.06385, 56.93629 ] ], [ [ 13.06385, 56.93629 ], [ 13.06332, 56.9355 ] ], [ [ 13.06332, 56.9355 ], [ 13.06283, 56.93475 ] ], [ [ 13.06283, 56.93475 ], [ 13.06265, 56.93445 ] ], [ [ 13.06265, 56.93445 ], [ 13.06244, 56.93406 ] ], [ [ 13.06244, 56.93406 ], [ 13.06233, 56.93358 ] ], [ [ 13.06233, 56.93357 ], [ 13.06238, 56.93185 ] ], [ [ 13.06233, 56.93358 ], [ 13.06233, 56.93357 ] ], [ [ 13.06238, 56.93185 ], [ 13.06248, 56.93096 ] ], [ [ 13.06248, 56.93096 ], [ 13.06273, 56.93014 ] ], [ [ 13.06273, 56.93014 ], [ 13.06315, 56.92964 ] ], [ [ 13.06315, 56.92964 ], [ 13.06571, 56.92721 ] ], [ [ 13.06571, 56.92721 ], [ 13.06577, 56.92714 ] ], [ [ 13.06577, 56.92714 ], [ 13.06643, 56.92589 ] ], [ [ 13.06643, 56.92589 ], [ 13.06643, 56.92526 ] ], [ [ 13.06643, 56.92526 ], [ 13.06639, 56.9251 ] ], [ [ 13.06639, 56.9251 ], [ 13.06593, 56.92409 ] ], [ [ 13.06593, 56.92409 ], [ 13.06577, 56.92386 ] ], [ [ 13.06577, 56.92386 ], [ 13.06558, 56.9236 ] ], [ [ 13.06558, 56.9236 ], [ 13.065, 56.92277 ] ], [ [ 13.065, 56.92277 ], [ 13.06437, 56.92172 ] ], [ [ 13.06437, 56.92172 ], [ 13.06397, 56.92092 ] ], [ [ 13.06397, 56.92092 ], [ 13.06293, 56.91835 ] ], [ [ 13.06293, 56.91835 ], [ 13.06275, 56.91792 ] ], [ [ 13.06275, 56.91792 ], [ 13.06227, 56.91675 ] ], [ [ 13.06227, 56.91675 ], [ 13.06222, 56.91666 ] ], [ [ 13.06222, 56.91666 ], [ 13.06205, 56.91627 ] ], [ [ 13.06205, 56.91627 ], [ 13.06176, 56.91574 ] ], [ [ 13.06176, 56.91574 ], [ 13.06153, 56.91536 ] ], [ [ 13.06153, 56.91536 ], [ 13.0611, 56.91471 ] ], [ [ 13.0611, 56.91471 ], [ 13.06001, 56.91338 ] ], [ [ 13.06001, 56.91338 ], [ 13.05965, 56.91294 ] ], [ [ 13.05965, 56.91294 ], [ 13.0584, 56.91145 ] ], [ [ 13.0584, 56.91145 ], [ 13.05809, 56.91107 ] ], [ [ 13.05809, 56.91107 ], [ 13.05719, 56.90988 ] ], [ [ 13.05719, 56.90988 ], [ 13.05697, 56.90948 ] ], [ [ 13.05697, 56.90948 ], [ 13.05684, 56.90926 ] ], [ [ 13.05684, 56.90926 ], [ 13.05666, 56.90892 ] ], [ [ 13.05666, 56.90892 ], [ 13.05655, 56.90871 ] ], [ [ 13.05655, 56.90871 ], [ 13.05507, 56.90576 ] ], [ [ 13.05507, 56.90576 ], [ 13.05491, 56.90543 ] ], [ [ 13.05491, 56.90543 ], [ 13.05439, 56.90439 ] ], [ [ 13.05439, 56.90439 ], [ 13.054, 56.90359 ] ], [ [ 13.054, 56.90359 ], [ 13.05384, 56.90325 ] ], [ [ 13.05384, 56.90325 ], [ 13.05344, 56.90215 ] ], [ [ 13.05344, 56.90215 ], [ 13.05344, 56.90213 ] ], [ [ 13.05344, 56.90213 ], [ 13.05338, 56.90185 ] ], [ [ 13.05338, 56.90185 ], [ 13.05333, 56.90158 ] ], [ [ 13.05333, 56.90158 ], [ 13.05331, 56.90142 ] ], [ [ 13.05331, 56.90142 ], [ 13.0533, 56.90093 ] ], [ [ 13.0533, 56.90093 ], [ 13.05338, 56.90043 ] ], [ [ 13.05338, 56.90043 ], [ 13.05359, 56.90001 ] ], [ [ 13.05359, 56.90001 ], [ 13.0542, 56.89903 ] ], [ [ 13.0542, 56.89903 ], [ 13.05473, 56.89825 ] ], [ [ 13.05473, 56.89825 ], [ 13.05493, 56.89792 ] ], [ [ 13.05493, 56.89792 ], [ 13.05531, 56.89694 ] ], [ [ 13.05531, 56.89694 ], [ 13.05533, 56.89687 ] ], [ [ 13.05533, 56.89687 ], [ 13.05536, 56.89651 ] ], [ [ 13.05536, 56.89651 ], [ 13.05524, 56.894 ] ], [ [ 13.05524, 56.894 ], [ 13.05514, 56.89287 ] ], [ [ 13.05514, 56.89287 ], [ 13.05511, 56.89258 ] ], [ [ 13.05511, 56.89258 ], [ 13.05507, 56.89214 ] ], [ [ 13.05507, 56.89214 ], [ 13.05505, 56.89186 ] ], [ [ 13.05505, 56.89186 ], [ 13.05499, 56.89118 ] ], [ [ 13.05499, 56.89118 ], [ 13.05499, 56.89116 ] ], [ [ 13.05499, 56.89116 ], [ 13.05499, 56.88988 ] ], [ [ 13.05499, 56.88988 ], [ 13.05497, 56.88919 ] ], [ [ 13.05497, 56.88919 ], [ 13.05495, 56.88858 ] ], [ [ 13.05495, 56.88858 ], [ 13.05493, 56.88798 ] ], [ [ 13.05493, 56.88798 ], [ 13.05491, 56.8873 ] ], [ [ 13.05491, 56.8873 ], [ 13.0549, 56.88697 ] ], [ [ 13.0549, 56.88697 ], [ 13.0549, 56.88677 ] ], [ [ 13.0549, 56.88677 ], [ 13.05486, 56.88567 ] ], [ [ 13.05486, 56.88567 ], [ 13.05485, 56.88537 ] ], [ [ 13.05485, 56.88537 ], [ 13.05483, 56.88463 ] ], [ [ 13.05483, 56.88463 ], [ 13.05482, 56.88412 ] ], [ [ 13.05482, 56.88412 ], [ 13.05481, 56.88396 ] ], [ [ 13.05481, 56.88396 ], [ 13.05474, 56.88363 ] ], [ [ 13.05474, 56.88363 ], [ 13.05443, 56.88284 ] ], [ [ 13.05443, 56.88284 ], [ 13.0541, 56.88201 ] ], [ [ 13.0541, 56.88201 ], [ 13.054, 56.88168 ] ], [ [ 13.054, 56.88168 ], [ 13.05397, 56.88154 ] ], [ [ 13.05397, 56.88154 ], [ 13.05391, 56.88082 ] ], [ [ 13.05391, 56.88082 ], [ 13.05391, 56.87965 ] ], [ [ 13.05391, 56.87965 ], [ 13.05387, 56.87915 ] ], [ [ 13.05387, 56.87915 ], [ 13.05371, 56.87863 ] ], [ [ 13.05371, 56.87863 ], [ 13.05365, 56.8785 ] ], [ [ 13.05365, 56.8785 ], [ 13.05295, 56.87728 ] ], [ [ 13.05295, 56.87728 ], [ 13.05282, 56.87709 ] ], [ [ 13.05282, 56.87709 ], [ 13.05266, 56.87683 ] ], [ [ 13.05266, 56.87683 ], [ 13.05244, 56.87645 ] ], [ [ 13.05244, 56.87645 ], [ 13.05159, 56.87496 ] ], [ [ 13.05159, 56.87496 ], [ 13.04975, 56.8731 ] ], [ [ 13.04975, 56.8731 ], [ 13.04967, 56.87304 ] ], [ [ 13.04967, 56.87304 ], [ 13.04952, 56.87294 ] ], [ [ 13.04952, 56.87294 ], [ 13.04906, 56.87266 ] ], [ [ 13.04906, 56.87266 ], [ 13.04838, 56.87226 ] ], [ [ 13.04838, 56.87226 ], [ 13.04712, 56.87155 ] ], [ [ 13.04712, 56.87155 ], [ 13.04649, 56.8712 ] ], [ [ 13.04649, 56.8712 ], [ 13.04642, 56.87116 ] ], [ [ 13.04642, 56.87116 ], [ 13.04592, 56.87087 ] ], [ [ 13.04592, 56.87087 ], [ 13.04565, 56.87071 ] ], [ [ 13.04565, 56.87071 ], [ 13.04523, 56.87044 ] ], [ [ 13.04523, 56.87044 ], [ 13.04461, 56.87001 ] ], [ [ 13.04461, 56.87001 ], [ 13.04433, 56.86979 ] ], [ [ 13.04433, 56.86979 ], [ 13.04413, 56.86961 ] ], [ [ 13.04413, 56.86961 ], [ 13.04305, 56.86853 ] ], [ [ 13.04305, 56.86853 ], [ 13.04267, 56.86813 ] ], [ [ 13.04267, 56.86813 ], [ 13.04233, 56.86777 ] ], [ [ 13.04233, 56.86777 ], [ 13.04225, 56.86768 ] ], [ [ 13.04225, 56.86768 ], [ 13.04194, 56.86732 ] ], [ [ 13.04194, 56.86732 ], [ 13.04166, 56.86691 ] ], [ [ 13.04166, 56.86691 ], [ 13.041, 56.86601 ] ], [ [ 13.041, 56.86601 ], [ 13.04091, 56.86589 ] ], [ [ 13.04091, 56.86589 ], [ 13.04052, 56.86551 ] ], [ [ 13.04052, 56.86551 ], [ 13.04008, 56.86518 ] ], [ [ 13.04008, 56.86518 ], [ 13.03958, 56.86487 ] ], [ [ 13.03958, 56.86487 ], [ 13.03831, 56.86434 ] ], [ [ 13.03831, 56.86434 ], [ 13.03597, 56.86344 ] ], [ [ 13.03597, 56.86344 ], [ 13.03591, 56.86341 ] ], [ [ 13.03591, 56.86341 ], [ 13.03536, 56.86314 ] ], [ [ 13.03536, 56.86314 ], [ 13.03408, 56.8616 ] ], [ [ 13.03408, 56.8616 ], [ 13.03411, 56.86087 ] ], [ [ 13.03411, 56.86087 ], [ 13.03421, 56.86018 ] ], [ [ 13.03421, 56.86018 ], [ 13.03438, 56.85889 ] ], [ [ 13.03438, 56.85889 ], [ 13.03439, 56.85878 ] ], [ [ 13.03439, 56.85878 ], [ 13.03439, 56.85848 ] ], [ [ 13.03439, 56.85848 ], [ 13.03419, 56.85745 ] ], [ [ 13.03419, 56.85745 ], [ 13.03375, 56.85662 ] ], [ [ 13.03375, 56.85662 ], [ 13.03368, 56.85649 ] ], [ [ 13.03368, 56.85649 ], [ 13.03252, 56.85516 ] ], [ [ 13.03252, 56.85516 ], [ 13.03167, 56.85443 ] ], [ [ 13.03167, 56.85443 ], [ 13.0316, 56.85437 ] ], [ [ 13.0316, 56.85437 ], [ 13.03141, 56.8542 ] ], [ [ 13.03141, 56.8542 ], [ 13.03007, 56.853 ] ], [ [ 13.03007, 56.853 ], [ 13.02953, 56.8525 ] ], [ [ 13.02953, 56.8525 ], [ 13.02869, 56.85175 ] ], [ [ 13.02869, 56.85175 ], [ 13.02682, 56.85064 ] ], [ [ 13.02682, 56.85064 ], [ 13.023, 56.8493 ] ], [ [ 13.023, 56.8493 ], [ 13.02183, 56.84879 ] ], [ [ 13.02183, 56.84879 ], [ 13.0215, 56.84862 ] ], [ [ 13.0215, 56.84862 ], [ 13.02128, 56.8485 ] ], [ [ 13.02128, 56.8485 ], [ 13.01975, 56.84753 ] ], [ [ 13.01975, 56.84753 ], [ 13.01939, 56.84729 ] ], [ [ 13.01939, 56.84729 ], [ 13.01867, 56.8469 ] ], [ [ 13.01867, 56.8469 ], [ 13.01837, 56.84674 ] ], [ [ 13.01837, 56.84674 ], [ 13.01769, 56.84643 ] ], [ [ 13.01769, 56.84643 ], [ 13.01684, 56.8461 ] ], [ [ 13.01684, 56.8461 ], [ 13.01332, 56.84483 ] ], [ [ 13.01332, 56.84483 ], [ 13.01225, 56.84445 ] ], [ [ 13.01225, 56.84445 ], [ 13.01152, 56.84419 ] ], [ [ 13.01152, 56.84419 ], [ 13.0107, 56.84389 ] ], [ [ 13.0107, 56.84389 ], [ 13.01011, 56.84368 ] ], [ [ 13.01011, 56.84368 ], [ 13.00961, 56.8435 ] ], [ [ 13.00961, 56.8435 ], [ 13.00955, 56.84348 ] ], [ [ 13.00955, 56.84348 ], [ 13.00852, 56.84308 ] ], [ [ 13.00852, 56.84308 ], [ 13.0083, 56.843 ] ], [ [ 13.0083, 56.843 ], [ 13.00743, 56.84257 ] ], [ [ 13.00743, 56.84257 ], [ 13.00617, 56.84179 ] ], [ [ 13.00617, 56.84179 ], [ 13.00587, 56.84162 ] ], [ [ 13.00587, 56.84162 ], [ 13.00567, 56.84151 ] ], [ [ 13.00567, 56.84151 ], [ 13.00469, 56.84108 ] ], [ [ 13.00469, 56.84108 ], [ 13.00462, 56.84105 ] ], [ [ 13.00462, 56.84105 ], [ 13.00414, 56.84088 ] ], [ [ 13.00414, 56.84088 ], [ 13.00371, 56.84076 ] ], [ [ 13.00371, 56.84076 ], [ 13.00327, 56.84067 ] ], [ [ 13.00327, 56.84067 ], [ 13.00182, 56.84054 ] ], [ [ 13.00182, 56.84054 ], [ 12.99975, 56.84057 ] ], [ [ 12.99975, 56.84057 ], [ 12.99914, 56.84054 ] ], [ [ 12.99914, 56.84054 ], [ 12.99759, 56.84029 ] ], [ [ 12.99759, 56.84029 ], [ 12.997, 56.84008 ] ], [ [ 12.997, 56.84008 ], [ 12.99591, 56.83969 ] ], [ [ 12.99591, 56.83969 ], [ 12.99589, 56.83968 ] ], [ [ 12.99589, 56.83968 ], [ 12.99456, 56.83936 ] ], [ [ 12.99456, 56.83936 ], [ 12.99445, 56.83934 ] ], [ [ 12.99445, 56.83934 ], [ 12.99392, 56.83929 ] ], [ [ 12.99392, 56.83929 ], [ 12.9934, 56.83925 ] ], [ [ 12.9934, 56.83925 ], [ 12.99278, 56.83922 ] ], [ [ 12.99278, 56.83922 ], [ 12.99186, 56.83915 ] ], [ [ 12.99186, 56.83915 ], [ 12.99133, 56.8391 ] ], [ [ 12.99133, 56.8391 ], [ 12.99031, 56.83898 ] ], [ [ 12.99031, 56.83898 ], [ 12.99027, 56.83898 ] ], [ [ 12.99027, 56.83898 ], [ 12.98988, 56.83891 ] ], [ [ 12.98988, 56.83891 ], [ 12.98765, 56.83839 ] ], [ [ 12.98765, 56.83839 ], [ 12.98734, 56.83833 ] ], [ [ 12.98734, 56.83833 ], [ 12.98728, 56.83831 ] ], [ [ 12.98728, 56.83831 ], [ 12.98535, 56.83789 ] ], [ [ 12.98535, 56.83789 ], [ 12.98464, 56.83775 ] ], [ [ 12.98464, 56.83775 ], [ 12.98412, 56.83766 ] ], [ [ 12.98412, 56.83766 ], [ 12.98337, 56.83757 ] ], [ [ 12.98337, 56.83757 ], [ 12.98222, 56.83745 ] ], [ [ 12.98222, 56.83745 ], [ 12.98125, 56.83734 ] ], [ [ 12.98125, 56.83734 ], [ 12.98111, 56.83733 ] ], [ [ 12.98111, 56.83733 ], [ 12.98032, 56.83724 ] ], [ [ 12.98032, 56.83724 ], [ 12.97932, 56.83712 ] ], [ [ 12.97932, 56.83712 ], [ 12.97475, 56.83657 ] ], [ [ 12.97475, 56.83657 ], [ 12.97394, 56.83642 ] ], [ [ 12.97394, 56.83642 ], [ 12.97199, 56.83566 ] ], [ [ 12.97199, 56.83566 ], [ 12.97192, 56.83562 ] ], [ [ 12.97192, 56.83562 ], [ 12.97065, 56.8348 ] ], [ [ 12.97065, 56.8348 ], [ 12.9704, 56.83469 ] ], [ [ 12.9704, 56.83469 ], [ 12.96918, 56.83413 ] ], [ [ 12.96918, 56.83413 ], [ 12.96903, 56.83405 ] ], [ [ 12.96903, 56.83405 ], [ 12.96874, 56.83388 ] ], [ [ 12.96874, 56.83388 ], [ 12.96863, 56.83381 ] ], [ [ 12.96863, 56.83381 ], [ 12.96837, 56.83362 ] ], [ [ 12.96837, 56.83362 ], [ 12.96817, 56.83346 ] ], [ [ 12.96817, 56.83346 ], [ 12.96772, 56.83286 ] ], [ [ 12.96772, 56.83286 ], [ 12.96771, 56.83283 ] ], [ [ 12.96771, 56.83283 ], [ 12.96738, 56.83151 ] ], [ [ 12.96738, 56.83151 ], [ 12.9672, 56.83089 ] ], [ [ 12.9672, 56.83089 ], [ 12.96709, 56.83063 ] ], [ [ 12.96709, 56.83063 ], [ 12.96708, 56.83061 ] ], [ [ 12.96708, 56.83061 ], [ 12.96652, 56.82975 ] ], [ [ 12.96652, 56.82975 ], [ 12.96645, 56.82965 ] ], [ [ 12.96645, 56.82965 ], [ 12.96627, 56.82935 ] ], [ [ 12.96627, 56.82935 ], [ 12.9662, 56.82922 ] ], [ [ 12.9662, 56.82922 ], [ 12.96618, 56.82917 ] ], [ [ 12.96618, 56.82917 ], [ 12.96588, 56.8285 ] ], [ [ 12.96588, 56.8285 ], [ 12.9656, 56.82777 ] ], [ [ 12.9656, 56.82777 ], [ 12.9654, 56.82724 ] ], [ [ 12.9654, 56.82724 ], [ 12.96526, 56.82685 ] ], [ [ 12.96526, 56.82685 ], [ 12.96505, 56.82615 ] ], [ [ 12.96505, 56.82615 ], [ 12.96501, 56.82578 ] ], [ [ 12.96501, 56.82578 ], [ 12.96503, 56.82543 ] ], [ [ 12.96503, 56.82543 ], [ 12.96527, 56.82475 ] ], [ [ 12.96527, 56.82475 ], [ 12.96541, 56.82452 ] ], [ [ 12.96541, 56.82452 ], [ 12.96559, 56.82428 ] ], [ [ 12.96559, 56.82428 ], [ 12.96635, 56.8236 ] ], [ [ 12.96635, 56.8236 ], [ 12.96651, 56.82349 ] ], [ [ 12.96651, 56.82349 ], [ 12.96769, 56.82283 ] ], [ [ 12.96769, 56.82283 ], [ 12.96861, 56.82232 ] ], [ [ 12.96861, 56.82232 ], [ 12.96962, 56.82145 ] ], [ [ 12.96962, 56.82145 ], [ 12.97019, 56.82036 ] ], [ [ 12.97019, 56.82036 ], [ 12.97016, 56.81934 ] ], [ [ 12.97016, 56.81934 ], [ 12.96929, 56.81759 ] ], [ [ 12.96929, 56.81759 ], [ 12.96899, 56.81702 ] ], [ [ 12.96899, 56.81702 ], [ 12.96823, 56.81565 ] ], [ [ 12.96823, 56.81565 ], [ 12.96814, 56.81541 ] ], [ [ 12.96814, 56.81541 ], [ 12.96807, 56.81503 ] ], [ [ 12.96807, 56.81503 ], [ 12.96831, 56.81387 ], [ 12.96929, 56.81283 ] ], [ [ 12.96929, 56.81283 ], [ 12.96959, 56.81264 ] ], [ [ 12.96959, 56.81264 ], [ 12.97098, 56.81179 ] ], [ [ 12.97098, 56.81179 ], [ 12.97129, 56.81155 ] ], [ [ 12.97129, 56.81155 ], [ 12.97145, 56.81142 ] ], [ [ 12.97145, 56.81142 ], [ 12.97167, 56.81117 ] ], [ [ 12.96998, 56.80314 ], [ 12.96988, 56.803 ] ], [ [ 12.96988, 56.803 ], [ 12.96976, 56.8028 ] ], [ [ 12.96976, 56.8028 ], [ 12.96958, 56.80253 ] ], [ [ 12.96958, 56.80253 ], [ 12.96957, 56.8025 ] ], [ [ 12.96957, 56.8025 ], [ 12.96952, 56.8024 ] ], [ [ 12.96952, 56.8024 ], [ 12.9695, 56.80236 ] ], [ [ 12.9695, 56.80236 ], [ 12.96941, 56.80216 ] ], [ [ 12.96941, 56.80216 ], [ 12.96937, 56.80203 ] ], [ [ 12.96937, 56.80203 ], [ 12.96934, 56.80181 ] ], [ [ 12.96934, 56.80181 ], [ 12.96928, 56.80119 ] ], [ [ 12.96928, 56.80119 ], [ 12.96923, 56.80053 ] ], [ [ 12.96923, 56.80053 ], [ 12.96917, 56.79922 ] ], [ [ 12.96917, 56.79922 ], [ 12.96919, 56.79859 ] ], [ [ 12.96919, 56.79859 ], [ 12.96921, 56.79841 ] ], [ [ 12.96921, 56.79841 ], [ 12.96922, 56.79836 ] ], [ [ 12.96922, 56.79836 ], [ 12.96951, 56.79683 ] ], [ [ 12.96951, 56.79683 ], [ 12.96951, 56.79617 ] ], [ [ 12.96951, 56.79617 ], [ 12.96934, 56.79519 ] ], [ [ 12.96934, 56.79519 ], [ 12.96922, 56.79447 ] ], [ [ 12.96922, 56.79447 ], [ 12.96922, 56.79446 ] ], [ [ 12.96922, 56.79446 ], [ 12.96945, 56.79316 ] ], [ [ 12.96945, 56.79316 ], [ 12.96995, 56.7923 ] ], [ [ 12.96995, 56.7923 ], [ 12.97016, 56.79206 ] ], [ [ 12.97016, 56.79206 ], [ 12.97133, 56.7908 ] ], [ [ 12.97133, 56.7908 ], [ 12.97159, 56.79048 ] ], [ [ 12.97159, 56.79048 ], [ 12.97309, 56.78815 ] ], [ [ 12.97309, 56.78815 ], [ 12.97341, 56.78764 ] ], [ [ 12.97341, 56.78764 ], [ 12.97397, 56.78679 ] ], [ [ 12.97397, 56.78679 ], [ 12.97451, 56.78602 ] ], [ [ 12.97451, 56.78602 ], [ 12.97462, 56.78589 ] ], [ [ 12.97462, 56.78589 ], [ 12.97474, 56.78577 ] ], [ [ 12.97474, 56.78577 ], [ 12.97547, 56.7851 ] ], [ [ 12.97547, 56.7851 ], [ 12.97567, 56.78492 ] ], [ [ 12.97567, 56.78492 ], [ 12.97575, 56.78485 ] ], [ [ 12.97575, 56.78485 ], [ 12.9759, 56.78472 ] ], [ [ 12.9759, 56.78472 ], [ 12.97624, 56.78443 ] ], [ [ 12.97624, 56.78443 ], [ 12.97627, 56.78441 ] ], [ [ 12.97627, 56.78441 ], [ 12.97649, 56.7842 ] ], [ [ 12.97649, 56.7842 ], [ 12.9765, 56.78418 ] ], [ [ 12.9765, 56.78418 ], [ 12.97667, 56.78398 ] ], [ [ 12.97667, 56.78398 ], [ 12.97689, 56.78357 ] ], [ [ 12.97689, 56.78357 ], [ 12.9769, 56.78348 ] ], [ [ 12.9769, 56.78348 ], [ 12.97694, 56.78262 ] ], [ [ 12.97694, 56.78262 ], [ 12.97694, 56.78255 ] ], [ [ 12.97694, 56.78255 ], [ 12.97693, 56.78214 ] ], [ [ 12.97693, 56.78214 ], [ 12.97694, 56.78199 ] ], [ [ 12.97694, 56.78199 ], [ 12.97703, 56.78157 ] ], [ [ 12.97703, 56.78157 ], [ 12.97731, 56.78094 ] ], [ [ 12.97731, 56.78094 ], [ 12.9775, 56.78052 ] ], [ [ 12.9775, 56.78052 ], [ 12.97785, 56.7798 ] ], [ [ 12.97785, 56.7798 ], [ 12.97798, 56.77946 ] ], [ [ 12.97798, 56.77946 ], [ 12.97798, 56.77943 ] ], [ [ 12.97798, 56.77943 ], [ 12.97835, 56.77812 ] ], [ [ 12.97835, 56.77812 ], [ 12.97842, 56.77787 ] ], [ [ 12.97842, 56.77787 ], [ 12.97873, 56.77669 ] ], [ [ 12.97873, 56.77669 ], [ 12.97891, 56.77595 ] ], [ [ 12.97891, 56.77595 ], [ 12.97897, 56.77555 ] ], [ [ 12.97897, 56.77555 ], [ 12.97901, 56.77464 ] ], [ [ 12.97901, 56.77464 ], [ 12.97901, 56.77455 ] ], [ [ 12.97901, 56.77455 ], [ 12.97899, 56.77421 ] ], [ [ 12.97899, 56.77421 ], [ 12.97898, 56.77409 ] ], [ [ 12.97898, 56.77409 ], [ 12.97897, 56.77394 ] ], [ [ 12.97897, 56.77394 ], [ 12.9789, 56.77325 ] ], [ [ 12.9789, 56.77325 ], [ 12.97888, 56.77303 ] ], [ [ 12.97888, 56.77303 ], [ 12.97885, 56.77274 ] ], [ [ 12.97885, 56.77274 ], [ 12.97858, 56.77004 ] ], [ [ 12.97858, 56.77004 ], [ 12.97854, 56.7697 ] ], [ [ 12.97854, 56.7697 ], [ 12.97852, 56.76954 ] ], [ [ 12.97852, 56.76954 ], [ 12.97818, 56.7683 ] ], [ [ 12.97818, 56.7683 ], [ 12.9781, 56.76811 ] ], [ [ 12.9781, 56.76811 ], [ 12.97784, 56.76752 ] ], [ [ 12.97784, 56.76752 ], [ 12.97748, 56.7668 ] ], [ [ 12.97748, 56.7668 ], [ 12.97733, 56.76655 ] ], [ [ 12.97733, 56.76655 ], [ 12.9767, 56.76584 ] ], [ [ 12.9767, 56.76584 ], [ 12.97669, 56.76583 ] ], [ [ 12.97669, 56.76583 ], [ 12.97557, 56.76499 ] ], [ [ 12.97557, 56.76499 ], [ 12.97553, 56.76495 ] ], [ [ 12.97553, 56.76495 ], [ 12.97505, 56.7644 ] ], [ [ 12.97505, 56.7644 ], [ 12.97487, 56.76403 ] ], [ [ 12.97487, 56.76403 ], [ 12.97478, 56.76344 ] ], [ [ 12.97478, 56.76344 ], [ 12.97481, 56.76325 ] ], [ [ 12.97481, 56.76325 ], [ 12.97486, 56.76307 ] ], [ [ 12.97486, 56.76306 ], [ 12.97508, 56.76252 ] ], [ [ 12.97486, 56.76307 ], [ 12.97486, 56.76306 ] ], [ [ 12.97508, 56.76252 ], [ 12.97527, 56.76212 ] ], [ [ 12.97527, 56.76212 ], [ 12.97529, 56.76208 ] ], [ [ 12.97529, 56.76208 ], [ 12.97529, 56.76204 ] ], [ [ 12.97529, 56.76204 ], [ 12.97532, 56.76195 ] ], [ [ 12.97532, 56.76195 ], [ 12.97539, 56.76127 ] ], [ [ 12.97539, 56.76127 ], [ 12.9751, 56.76032 ] ], [ [ 12.9751, 56.76032 ], [ 12.97426, 56.75938 ] ], [ [ 12.97426, 56.75938 ], [ 12.97395, 56.75915 ] ], [ [ 12.97395, 56.75915 ], [ 12.97311, 56.75868 ] ], [ [ 12.97311, 56.75868 ], [ 12.97296, 56.7586 ] ], [ [ 12.97296, 56.7586 ], [ 12.97236, 56.75837 ] ], [ [ 12.97236, 56.75837 ], [ 12.97176, 56.75814 ] ], [ [ 12.97176, 56.75814 ], [ 12.9711, 56.75792 ] ], [ [ 12.9711, 56.75792 ], [ 12.97038, 56.75767 ] ], [ [ 12.97038, 56.75767 ], [ 12.96751, 56.75669 ] ], [ [ 12.96751, 56.75669 ], [ 12.96709, 56.75654 ] ], [ [ 12.96709, 56.75654 ], [ 12.96626, 56.75625 ] ], [ [ 12.96626, 56.75625 ], [ 12.96519, 56.75586 ] ], [ [ 12.96519, 56.75586 ], [ 12.96498, 56.75577 ] ], [ [ 12.96498, 56.75577 ], [ 12.96403, 56.75533 ] ], [ [ 12.96403, 56.75533 ], [ 12.96344, 56.75501 ] ], [ [ 12.96344, 56.75501 ], [ 12.96309, 56.75478 ] ], [ [ 12.96309, 56.75478 ], [ 12.96294, 56.75469 ] ], [ [ 12.96294, 56.75469 ], [ 12.96287, 56.75464 ] ], [ [ 12.96287, 56.75464 ], [ 12.96204, 56.75392 ] ], [ [ 12.96204, 56.75392 ], [ 12.96197, 56.75384 ] ], [ [ 12.96197, 56.75384 ], [ 12.96188, 56.75372 ] ], [ [ 12.96188, 56.75372 ], [ 12.96169, 56.75347 ] ], [ [ 12.96169, 56.75347 ], [ 12.9615, 56.75323 ] ], [ [ 12.9615, 56.75323 ], [ 12.9611, 56.75271 ] ], [ [ 12.9611, 56.75271 ], [ 12.96101, 56.7526 ] ], [ [ 12.96101, 56.7526 ], [ 12.96079, 56.75234 ] ], [ [ 12.96079, 56.75234 ], [ 12.96026, 56.75171 ] ], [ [ 12.96026, 56.75171 ], [ 12.96002, 56.75143 ] ], [ [ 12.96002, 56.75143 ], [ 12.95984, 56.75129 ] ], [ [ 12.95984, 56.75129 ], [ 12.95831, 56.75059 ] ], [ [ 12.95831, 56.75059 ], [ 12.95769, 56.75044 ] ], [ [ 12.95769, 56.75044 ], [ 12.9572, 56.75032 ] ], [ [ 12.9572, 56.75032 ], [ 12.95634, 56.7501 ] ], [ [ 12.95634, 56.7501 ], [ 12.95596, 56.75002 ] ], [ [ 12.95596, 56.75002 ], [ 12.95547, 56.74991 ] ], [ [ 12.95547, 56.74991 ], [ 12.95512, 56.74984 ] ], [ [ 12.95512, 56.74984 ], [ 12.95509, 56.74983 ] ], [ [ 12.95509, 56.74983 ], [ 12.95412, 56.74956 ] ], [ [ 12.95412, 56.74956 ], [ 12.95261, 56.74897 ] ], [ [ 12.95261, 56.74897 ], [ 12.95215, 56.74874 ] ], [ [ 12.95215, 56.74874 ], [ 12.9512, 56.74815 ] ], [ [ 12.9512, 56.74815 ], [ 12.9508, 56.74785 ] ], [ [ 12.9508, 56.74785 ], [ 12.94997, 56.74702 ] ], [ [ 12.94997, 56.74702 ], [ 12.94971, 56.74668 ] ], [ [ 12.94971, 56.74668 ], [ 12.9492, 56.74543 ] ], [ [ 12.9492, 56.74543 ], [ 12.94909, 56.7435 ] ], [ [ 12.94909, 56.7435 ], [ 12.94908, 56.74313 ] ], [ [ 12.94908, 56.74313 ], [ 12.94907, 56.74294 ] ], [ [ 12.94907, 56.74294 ], [ 12.94908, 56.74206 ] ], [ [ 12.94908, 56.74206 ], [ 12.94917, 56.7415 ] ], [ [ 12.94917, 56.7415 ], [ 12.94921, 56.74133 ] ], [ [ 12.94921, 56.74133 ], [ 12.94928, 56.74107 ] ], [ [ 12.94928, 56.74107 ], [ 12.95019, 56.7391 ] ], [ [ 12.95019, 56.7391 ], [ 12.95034, 56.73884 ] ], [ [ 12.95034, 56.73884 ], [ 12.95048, 56.73863 ] ], [ [ 12.95048, 56.73863 ], [ 12.95066, 56.73838 ] ], [ [ 12.95066, 56.73838 ], [ 12.95139, 56.7373 ] ], [ [ 12.95139, 56.7373 ], [ 12.95152, 56.7368 ] ], [ [ 12.95152, 56.7368 ], [ 12.95152, 56.73658 ] ], [ [ 12.95152, 56.73658 ], [ 12.95129, 56.7358 ] ], [ [ 12.95129, 56.7358 ], [ 12.95078, 56.73521 ] ], [ [ 12.95078, 56.73521 ], [ 12.95019, 56.73477 ] ], [ [ 12.95019, 56.73477 ], [ 12.95002, 56.73468 ] ], [ [ 12.95002, 56.73468 ], [ 12.94961, 56.73446 ] ], [ [ 12.94961, 56.73446 ], [ 12.94941, 56.73436 ] ], [ [ 12.94941, 56.73436 ], [ 12.9485, 56.73394 ] ], [ [ 12.9485, 56.73394 ], [ 12.94737, 56.73344 ] ], [ [ 12.94737, 56.73344 ], [ 12.94714, 56.73333 ] ], [ [ 12.94714, 56.73333 ], [ 12.94693, 56.7332 ] ], [ [ 12.94693, 56.7332 ], [ 12.94602, 56.73233 ] ], [ [ 12.94602, 56.73233 ], [ 12.94581, 56.7319 ] ], [ [ 12.94581, 56.7319 ], [ 12.9456, 56.73143 ] ], [ [ 12.9456, 56.73143 ], [ 12.94471, 56.72943 ] ], [ [ 12.94471, 56.72943 ], [ 12.94426, 56.7288 ] ], [ [ 12.94426, 56.7288 ], [ 12.94383, 56.72836 ] ], [ [ 12.94383, 56.72836 ], [ 12.94351, 56.7281 ] ], [ [ 12.94351, 56.7281 ], [ 12.94228, 56.72709 ] ], [ [ 12.94228, 56.72709 ], [ 12.94223, 56.72704 ] ], [ [ 12.94223, 56.72704 ], [ 12.94184, 56.72671 ] ], [ [ 12.94184, 56.72671 ], [ 12.94116, 56.72598 ] ], [ [ 12.94116, 56.72598 ], [ 12.94056, 56.72535 ] ], [ [ 12.94056, 56.72535 ], [ 12.94013, 56.72485 ] ], [ [ 12.94013, 56.72485 ], [ 12.93996, 56.72464 ] ], [ [ 12.93996, 56.72464 ], [ 12.93981, 56.72431 ] ], [ [ 12.93981, 56.72431 ], [ 12.93972, 56.72372 ] ], [ [ 12.93972, 56.72372 ], [ 12.9398, 56.72328 ] ], [ [ 12.9398, 56.72328 ], [ 12.94001, 56.72284 ] ], [ [ 12.94001, 56.72284 ], [ 12.94012, 56.72262 ] ], [ [ 12.94012, 56.72262 ], [ 12.94019, 56.7225 ] ], [ [ 12.94019, 56.7225 ], [ 12.94069, 56.72161 ] ], [ [ 12.94069, 56.72161 ], [ 12.94105, 56.72097 ] ], [ [ 12.94105, 56.72097 ], [ 12.94124, 56.72062 ] ], [ [ 12.94124, 56.72062 ], [ 12.94136, 56.72035 ] ], [ [ 12.94136, 56.72035 ], [ 12.94161, 56.71966 ] ], [ [ 12.94161, 56.71966 ], [ 12.9417, 56.71938 ] ], [ [ 12.9417, 56.71938 ], [ 12.94174, 56.71925 ] ], [ [ 12.94174, 56.71925 ], [ 12.94182, 56.71896 ] ], [ [ 12.94182, 56.71896 ], [ 12.94189, 56.71866 ] ], [ [ 12.94189, 56.71866 ], [ 12.94194, 56.71838 ] ], [ [ 12.94194, 56.71838 ], [ 12.94199, 56.71801 ] ], [ [ 12.94199, 56.71801 ], [ 12.942, 56.71681 ] ], [ [ 12.942, 56.71681 ], [ 12.94193, 56.71635 ] ], [ [ 12.94193, 56.71635 ], [ 12.94182, 56.71586 ] ], [ [ 12.94182, 56.71586 ], [ 12.94169, 56.71539 ] ], [ [ 12.94169, 56.71539 ], [ 12.94168, 56.71536 ] ], [ [ 12.94168, 56.71536 ], [ 12.9413, 56.71437 ] ], [ [ 12.9413, 56.71437 ], [ 12.94112, 56.71392 ] ], [ [ 12.94112, 56.71392 ], [ 12.94066, 56.71276 ] ], [ [ 12.94066, 56.71276 ], [ 12.9402, 56.71159 ] ], [ [ 12.9402, 56.71159 ], [ 12.94006, 56.71124 ] ], [ [ 12.94006, 56.71124 ], [ 12.9387, 56.70781 ] ], [ [ 12.9387, 56.70781 ], [ 12.93856, 56.70746 ] ], [ [ 12.93856, 56.70746 ], [ 12.93807, 56.70637 ] ], [ [ 12.93807, 56.70637 ], [ 12.93807, 56.70636 ] ], [ [ 12.93807, 56.70636 ], [ 12.93783, 56.70595 ] ], [ [ 12.93783, 56.70595 ], [ 12.9373, 56.70525 ] ], [ [ 12.9373, 56.70525 ], [ 12.93648, 56.7044 ] ], [ [ 12.93648, 56.7044 ], [ 12.93646, 56.70438 ] ], [ [ 12.93646, 56.70438 ], [ 12.93635, 56.70426 ] ], [ [ 12.93635, 56.70426 ], [ 12.93583, 56.70375 ] ], [ [ 12.93583, 56.70375 ], [ 12.93468, 56.70262 ] ], [ [ 12.93468, 56.70262 ], [ 12.93446, 56.7024 ] ], [ [ 12.93446, 56.7024 ], [ 12.93005, 56.69805 ] ], [ [ 12.93005, 56.69805 ], [ 12.9296, 56.69767 ] ], [ [ 12.9296, 56.69767 ], [ 12.92928, 56.69741 ] ], [ [ 12.92928, 56.69741 ], [ 12.92913, 56.69728 ] ], [ [ 12.92913, 56.69728 ], [ 12.92778, 56.69643 ], [ 12.92516, 56.69547 ] ], [ [ 12.92516, 56.69547 ], [ 12.92453, 56.69535 ] ], [ [ 12.92453, 56.69535 ], [ 12.92401, 56.69524 ] ], [ [ 12.92401, 56.69524 ], [ 12.92351, 56.69515 ] ], [ [ 12.92351, 56.69515 ], [ 12.91375, 56.69327 ] ], [ [ 12.91375, 56.69327 ], [ 12.91319, 56.69316 ] ], [ [ 12.91319, 56.69316 ], [ 12.91244, 56.693 ] ], [ [ 12.91244, 56.693 ], [ 12.90961, 56.69226 ] ], [ [ 12.90961, 56.69226 ], [ 12.90904, 56.69207 ] ], [ [ 12.90904, 56.69207 ], [ 12.90845, 56.69188 ] ], [ [ 12.90845, 56.69188 ], [ 12.90396, 56.69027 ] ], [ [ 12.90396, 56.69027 ], [ 12.9037, 56.69017 ] ], [ [ 12.9037, 56.69017 ], [ 12.90119, 56.68926 ] ], [ [ 12.90119, 56.68926 ], [ 12.89816, 56.68816 ] ], [ [ 12.89816, 56.68816 ], [ 12.89785, 56.68805 ] ], [ [ 12.89785, 56.68805 ], [ 12.89746, 56.68791 ] ], [ [ 12.89746, 56.68791 ], [ 12.89743, 56.6879 ] ], [ [ 12.89743, 56.6879 ], [ 12.89564, 56.68725 ] ], [ [ 12.89564, 56.68725 ], [ 12.8956, 56.68724 ] ], [ [ 13.26663, 57.07707 ], [ 13.2661, 57.07695 ] ], [ [ 13.2661, 57.07695 ], [ 13.26401, 57.07647 ] ], [ [ 13.26401, 57.07647 ], [ 13.26269, 57.07618 ] ], [ [ 13.26269, 57.07618 ], [ 13.25936, 57.07525 ] ], [ [ 13.08374, 56.95876 ], [ 13.0834, 56.95862 ] ], [ [ 13.0834, 56.95862 ], [ 13.08329, 56.95857 ] ], [ [ 13.08329, 56.95857 ], [ 13.0825, 56.95827 ] ], [ [ 13.0825, 56.95827 ], [ 13.08224, 56.95818 ] ], [ [ 13.08224, 56.95818 ], [ 13.08115, 56.95788 ] ], [ [ 13.08115, 56.95788 ], [ 13.08034, 56.95773 ] ], [ [ 13.08034, 56.95773 ], [ 13.07929, 56.95757 ] ], [ [ 13.07929, 56.95757 ], [ 13.07857, 56.95746 ] ], [ [ 13.07857, 56.95746 ], [ 13.07772, 56.95733 ] ], [ [ 13.07772, 56.95733 ], [ 13.07505, 56.95688 ] ], [ [ 12.97167, 56.81117 ], [ 12.97214, 56.81025 ] ], [ [ 12.97214, 56.81025 ], [ 12.97217, 56.81006 ] ], [ [ 12.97217, 56.81006 ], [ 12.97218, 56.80997 ] ], [ [ 12.97218, 56.80997 ], [ 12.9722, 56.80959 ] ], [ [ 12.9722, 56.80959 ], [ 12.97222, 56.80914 ] ], [ [ 12.97222, 56.80914 ], [ 12.97224, 56.80875 ] ], [ [ 12.97224, 56.80875 ], [ 12.97228, 56.80762 ] ], [ [ 12.97228, 56.80762 ], [ 12.97205, 56.80664 ] ], [ [ 12.97205, 56.80664 ], [ 12.97179, 56.80613 ] ], [ [ 12.97179, 56.80613 ], [ 12.97123, 56.80507 ] ], [ [ 12.97123, 56.80507 ], [ 12.97111, 56.80486 ] ], [ [ 12.97111, 56.80486 ], [ 12.97066, 56.80408 ] ], [ [ 12.97066, 56.80408 ], [ 12.97059, 56.80397 ] ], [ [ 12.97059, 56.80397 ], [ 12.97054, 56.8039 ] ], [ [ 12.97054, 56.8039 ], [ 12.97047, 56.80379 ] ], [ [ 12.97047, 56.80379 ], [ 12.97029, 56.80354 ] ], [ [ 12.97029, 56.80354 ], [ 12.97008, 56.80327 ] ], [ [ 12.97008, 56.80327 ], [ 12.96998, 56.80314 ] ], [ [ 12.97222, 56.80914 ], [ 12.97226, 56.80896 ] ], [ [ 12.97226, 56.80896 ], [ 12.97229, 56.80877 ] ], [ [ 12.97229, 56.80877 ], [ 12.9723, 56.80876 ] ], [ [ 12.9723, 56.80876 ], [ 12.97233, 56.80856 ] ], [ [ 12.97233, 56.80856 ], [ 12.97233, 56.80842 ] ], [ [ 12.97233, 56.80842 ], [ 12.97236, 56.80775 ] ], [ [ 12.97236, 56.80775 ], [ 12.97236, 56.80764 ] ], [ [ 12.97236, 56.80764 ], [ 12.97235, 56.80757 ] ], [ [ 12.97235, 56.80757 ], [ 12.97234, 56.80739 ] ], [ [ 12.97233, 56.80738 ], [ 12.9723, 56.8072 ] ], [ [ 12.97234, 56.80739 ], [ 12.97233, 56.80738 ] ], [ [ 12.9723, 56.8072 ], [ 12.97223, 56.80691 ] ], [ [ 12.97223, 56.80691 ], [ 12.97217, 56.80673 ] ], [ [ 12.97217, 56.80673 ], [ 12.97202, 56.8064 ] ], [ [ 12.97202, 56.8064 ], [ 12.97163, 56.80569 ] ], [ [ 12.97163, 56.80569 ], [ 12.97145, 56.80536 ] ], [ [ 12.97145, 56.80536 ], [ 12.97132, 56.80516 ] ], [ [ 12.97132, 56.80516 ], [ 12.97111, 56.80486 ] ], [ [ 13.2727, 57.07969 ], [ 13.27214, 57.07921 ] ], [ [ 13.27214, 57.07921 ], [ 13.2712, 57.07859 ] ], [ [ 13.2712, 57.07859 ], [ 13.27043, 57.0782 ] ], [ [ 13.27043, 57.0782 ], [ 13.27028, 57.07813 ] ], [ [ 13.27028, 57.07813 ], [ 13.27, 57.078 ] ], [ [ 13.27, 57.078 ], [ 13.26984, 57.07793 ] ], [ [ 13.26984, 57.07793 ], [ 13.26862, 57.07751 ] ], [ [ 13.26862, 57.07751 ], [ 13.26804, 57.07734 ] ], [ [ 13.26804, 57.07734 ], [ 13.26079, 57.07567 ] ], [ [ 13.26079, 57.07567 ], [ 13.26015, 57.07549 ] ], [ [ 13.26015, 57.07549 ], [ 13.25987, 57.0754 ] ], [ [ 13.25987, 57.0754 ], [ 13.25984, 57.07539 ] ], [ [ 13.25984, 57.07539 ], [ 13.25936, 57.07525 ] ], [ [ 13.25936, 57.07525 ], [ 13.25874, 57.07502 ] ], [ [ 13.25874, 57.07502 ], [ 13.25742, 57.07455 ] ], [ [ 13.25742, 57.07455 ], [ 13.25721, 57.07447 ] ], [ [ 13.25721, 57.07447 ], [ 13.25552, 57.07384 ] ], [ [ 13.25552, 57.07384 ], [ 13.25417, 57.07334 ] ], [ [ 13.09486, 56.96675 ], [ 13.09437, 56.96566 ] ], [ [ 13.09437, 56.96566 ], [ 13.09433, 56.96556 ] ], [ [ 13.09433, 56.96556 ], [ 13.0938, 56.96451 ] ], [ [ 13.0938, 56.96451 ], [ 13.09318, 56.96375 ] ], [ [ 13.09318, 56.96375 ], [ 13.09253, 56.96318 ] ], [ [ 13.09253, 56.96318 ], [ 13.09164, 56.96258 ] ], [ [ 13.09164, 56.96258 ], [ 13.09019, 56.96187 ] ], [ [ 13.09019, 56.96187 ], [ 13.08925, 56.96142 ] ], [ [ 13.08925, 56.96142 ], [ 13.08902, 56.96131 ] ], [ [ 13.08902, 56.96131 ], [ 13.08868, 56.96115 ] ], [ [ 13.08868, 56.96115 ], [ 13.08757, 56.96063 ] ], [ [ 13.08757, 56.96063 ], [ 13.08721, 56.96045 ] ], [ [ 13.08721, 56.96045 ], [ 13.08638, 56.96004 ] ], [ [ 13.08638, 56.96004 ], [ 13.08609, 56.95989 ] ], [ [ 13.08609, 56.95989 ], [ 13.08581, 56.95975 ] ], [ [ 13.08581, 56.95975 ], [ 13.08549, 56.95959 ] ], [ [ 13.08549, 56.95959 ], [ 13.08544, 56.95957 ] ], [ [ 13.08544, 56.95957 ], [ 13.08475, 56.95921 ] ], [ [ 13.08475, 56.95921 ], [ 13.08459, 56.95914 ] ], [ [ 13.08459, 56.95914 ], [ 13.08374, 56.95876 ] ], [ [ 13.08374, 56.95876 ], [ 13.08358, 56.9587 ] ], [ [ 13.08358, 56.9587 ], [ 13.08298, 56.95847 ] ], [ [ 13.08298, 56.95847 ], [ 13.08273, 56.95839 ] ], [ [ 13.08273, 56.95839 ], [ 13.0815, 56.95805 ] ], [ [ 13.0815, 56.95805 ], [ 13.08125, 56.958 ] ], [ [ 13.08125, 56.958 ], [ 13.08114, 56.95798 ] ], [ [ 13.08114, 56.95798 ], [ 13.08065, 56.95787 ] ], [ [ 13.08065, 56.95787 ], [ 13.07895, 56.9576 ] ], [ [ 13.07895, 56.9576 ], [ 13.07866, 56.95756 ] ], [ [ 13.07866, 56.95756 ], [ 13.07723, 56.95734 ] ], [ [ 13.07723, 56.95734 ], [ 13.07699, 56.95731 ] ], [ [ 13.07699, 56.95731 ], [ 13.07592, 56.95712 ] ], [ [ 13.07592, 56.95712 ], [ 13.07584, 56.95709 ] ], [ [ 13.07584, 56.95709 ], [ 13.07516, 56.95691 ] ], [ [ 13.07516, 56.95691 ], [ 13.07505, 56.95688 ] ], [ [ 13.07505, 56.95688 ], [ 13.07487, 56.95681 ] ], [ [ 13.07487, 56.95681 ], [ 13.07413, 56.95647 ] ], [ [ 13.07413, 56.95647 ], [ 13.07373, 56.95622 ] ], [ [ 13.07373, 56.95622 ], [ 13.07312, 56.95573 ] ], [ [ 13.07312, 56.95573 ], [ 13.07282, 56.95546 ] ], [ [ 13.08298, 56.95847 ], [ 13.08227, 56.95828 ] ], [ [ 13.08227, 56.95828 ], [ 13.08194, 56.9582 ] ], [ [ 13.08194, 56.9582 ], [ 13.08164, 56.95813 ] ], [ [ 13.08164, 56.95813 ], [ 13.08147, 56.95809 ] ], [ [ 13.08147, 56.95809 ], [ 13.08095, 56.95798 ] ], [ [ 13.08095, 56.95798 ], [ 13.08088, 56.95796 ] ], [ [ 13.08088, 56.95796 ], [ 13.08057, 56.95791 ] ], [ [ 13.08057, 56.95791 ], [ 13.08052, 56.9579 ] ], [ [ 13.08052, 56.9579 ], [ 13.08021, 56.95785 ] ], [ [ 13.08021, 56.95785 ], [ 13.08016, 56.95784 ] ], [ [ 13.08016, 56.95784 ], [ 13.0798, 56.95778 ] ], [ [ 13.0798, 56.95778 ], [ 13.0795, 56.95773 ] ], [ [ 13.0795, 56.95773 ], [ 13.07843, 56.95758 ] ], [ [ 13.07843, 56.95758 ], [ 13.07699, 56.95731 ] ], [ [ 13.26804, 57.07734 ], [ 13.26663, 57.07707 ] ], [ [ 13.09437, 56.96566 ], [ 13.09418, 56.96429 ], [ 13.09449, 56.96323 ], [ 13.0965, 56.96122 ] ], [ [ 13.08925, 56.96142 ], [ 13.08983, 56.96167 ] ], [ [ 13.08983, 56.96167 ], [ 13.09009, 56.96177 ] ], [ [ 13.09009, 56.96177 ], [ 13.09013, 56.96178 ] ], [ [ 13.09013, 56.96178 ], [ 13.09028, 56.96184 ] ], [ [ 13.09028, 56.96184 ], [ 13.09247, 56.96222 ], [ 13.09415, 56.9621 ] ], [ [ 13.09415, 56.9621 ], [ 13.09446, 56.96204 ] ], [ [ 13.09446, 56.96204 ], [ 13.09642, 56.96127 ] ], [ [ 13.09642, 56.96127 ], [ 13.0965, 56.96122 ] ], [ [ 13.0965, 56.96122 ], [ 13.09729, 56.96066 ] ], [ [ 13.09729, 56.96066 ], [ 13.09737, 56.96062 ] ], [ [ 13.09737, 56.96062 ], [ 13.09913, 56.95998 ] ], [ [ 13.27235, 57.07972 ], [ 13.27065, 57.07837 ] ], [ [ 13.27065, 57.07837 ], [ 13.27047, 57.07827 ] ], [ [ 13.27047, 57.07827 ], [ 13.27031, 57.0782 ] ], [ [ 13.27031, 57.0782 ], [ 13.26663, 57.07707 ] ] ] } ] } }
]
}
