{"type":"FeatureCollection","name":"asa","xy_coordinate_resolution":1e-05,"features":[{"type":"Feature","properties":{"fs":"WALK","t":60.0},"geometry":{"type":"Polygon","coordinates":[[[12.13934,57.39256],[12.14039,57.39358],[12.13944,57.39479],[12.13316,57.39282],[12.12966,57.3942],[12.12274,57.39382],[12.12302,57.38661],[12.10094,57.35088],[12.11455,57.34118],[12.14916,57.3467],[12.15929,57.34033],[12.16086,57.3409],[12.16212,57.34076],[12.16604,57.33832],[12.16756,57.33892],[12.16714,57.34026],[12.16801,57.34114],[12.17018,57.3413],[12.17212,57.34077],[12.17897,57.3431],[12.18355,57.34266],[12.1855,57.3433],[12.18864,57.34167],[12.19202,57.34232],[12.19312,57.34354],[12.19127,57.34615],[12.19437,57.34699],[12.19515,57.34898],[12.19296,57.35039],[12.19053,57.34958],[12.18767,57.34937],[12.18736,57.35124],[12.18926,57.35258],[12.19269,57.35308],[12.19287,57.35498],[12.19418,57.35606],[12.19398,57.35704],[12.19084,57.35776],[12.18981,57.35897],[12.18685,57.35963],[12.18554,57.36045],[12.186,57.36128],[12.19058,57.36394],[12.19025,57.36482],[12.19117,57.3657],[12.18973,57.36634],[12.18908,57.36836],[12.18724,57.36934],[12.18658,57.37115],[12.18537,57.37215],[12.18554,57.37398],[12.18736,57.374],[12.18811,57.37443],[12.18808,57.37552],[12.18693,57.37659],[12.18859,57.37762],[12.18709,57.3782],[12.18199,57.37788],[12.17678,57.38176],[12.17337,57.3832],[12.17068,57.38342],[12.17181,57.38485],[12.16884,57.38696],[12.16648,57.38631],[12.1636,57.38648],[12.16165,57.38575],[12.16041,57.38684],[12.16274,57.38951],[12.16006,57.39029],[12.15936,57.39123],[12.15819,57.39151],[12.15666,57.39117],[12.1561,57.39028],[12.15351,57.39023],[12.15523,57.39212],[12.15131,57.39439],[12.14846,57.39365],[12.14591,57.39427],[12.14281,57.39335],[12.14265,57.39206],[12.14573,57.39077],[12.14558,57.38905],[12.14039,57.38603],[12.13643,57.3859],[12.13587,57.38963],[12.13727,57.39067],[12.13774,57.39203],[12.13934,57.39256]]]}},{"type":"Feature","properties":{"fs":"WALK","t":45.0},"geometry":{"type":"Polygon","coordinates":[[[12.11947,57.38117],[12.10094,57.35088],[12.1143,57.34137],[12.14916,57.3467],[12.15477,57.34317],[12.15567,57.34554],[12.16026,57.34619],[12.16218,57.34808],[12.16242,57.34904],[12.16395,57.35009],[12.16424,57.35293],[12.16594,57.35224],[12.16794,57.35208],[12.17,57.35101],[12.1702,57.34977],[12.16884,57.34794],[12.17003,57.34656],[12.1733,57.34666],[12.17658,57.34794],[12.18026,57.34797],[12.18139,57.34912],[12.18108,57.35023],[12.17964,57.35133],[12.18124,57.35305],[12.18091,57.3545],[12.17917,57.35412],[12.17734,57.35633],[12.17469,57.3556],[12.17391,57.35644],[12.17564,57.35676],[12.17645,57.35857],[12.18197,57.36149],[12.18219,57.36481],[12.18099,57.36562],[12.18135,57.36664],[12.17942,57.36926],[12.18144,57.36985],[12.18122,57.3713],[12.17968,57.37178],[12.17587,57.37197],[12.1748,57.37176],[12.17423,57.37098],[12.17308,57.37111],[12.17054,57.37172],[12.17105,57.37315],[12.17039,57.37364],[12.16426,57.37381],[12.15998,57.37568],[12.16098,57.37689],[12.16113,57.37922],[12.15972,57.38056],[12.15987,57.38211],[12.15864,57.38409],[12.15508,57.38437],[12.15344,57.38545],[12.15035,57.38403],[12.14955,57.38486],[12.14544,57.38555],[12.14476,57.38634],[12.14278,57.38639],[12.13963,57.38537],[12.1396,57.38446],[12.13683,57.38434],[12.13497,57.38495],[12.13341,57.38487],[12.13129,57.38364],[12.13045,57.38224],[12.12943,57.38258],[12.1288,57.38478],[12.12707,57.38502],[12.11947,57.38117]]]}},{"type":"Feature","properties":{"fs":"WALK","t":30.0},"geometry":{"type":"Polygon","coordinates":[[[12.10953,57.36473],[12.10628,57.35969],[12.10683,57.35911],[12.10527,57.35802],[12.10259,57.35361],[12.10476,57.35322],[12.10514,57.35188],[12.10896,57.35084],[12.11249,57.34823],[12.11922,57.34732],[12.12098,57.34601],[12.1247,57.34635],[12.12807,57.34567],[12.13337,57.34699],[12.14117,57.34729],[12.14401,57.34917],[12.14646,57.34973],[12.14885,57.35108],[12.14926,57.35244],[12.15445,57.35287],[12.15636,57.35173],[12.16038,57.35249],[12.16124,57.35348],[12.1689,57.3565],[12.16886,57.35712],[12.16681,57.35809],[12.1677,57.35996],[12.16493,57.36157],[12.16804,57.365],[12.16794,57.36626],[12.1583,57.3686],[12.15616,57.36804],[12.15476,57.36604],[12.15311,57.36556],[12.14809,57.36649],[12.14612,57.3675],[12.14753,57.3686],[12.14753,57.37049],[12.14995,57.37212],[12.15083,57.37449],[12.14544,57.37825],[12.14384,57.37813],[12.14059,57.37673],[12.13643,57.37713],[12.13674,57.37844],[12.1322,57.37931],[12.13058,57.3801],[12.12956,57.37516],[12.12453,57.37507],[12.12315,57.37409],[12.12618,57.37225],[12.12947,57.37355],[12.13116,57.37355],[12.13255,57.37301],[12.13352,57.37098],[12.13517,57.36999],[12.13517,57.369],[12.13293,57.368],[12.12738,57.37055],[12.12473,57.36956],[12.12234,57.36961],[12.12117,57.37219],[12.11809,57.37223],[12.11659,57.37147],[12.1153,57.36938],[12.11175,57.36873],[12.1102,57.36618],[12.11153,57.36512],[12.10953,57.36473]]]}},{"type":"Feature","properties":{"fs":"WALK","t":15.0},"geometry":{"type":"Polygon","coordinates":[[[12.13942,57.37078],[12.13702,57.36819],[12.13484,57.36835],[12.13298,57.36761],[12.1305,57.36776],[12.12833,57.36698],[12.1246,57.36879],[12.12309,57.36883],[12.1221,57.36822],[12.12161,57.36641],[12.12332,57.36595],[12.12396,57.36467],[12.12308,57.36344],[12.12354,57.36174],[12.12077,57.35988],[12.12034,57.35897],[12.12279,57.35571],[12.12479,57.3557],[12.12545,57.35723],[12.12738,57.35742],[12.13266,57.35521],[12.1333,57.3559],[12.13278,57.35809],[12.13343,57.35846],[12.13884,57.35682],[12.14087,57.35745],[12.14377,57.35762],[12.14697,57.35924],[12.14866,57.35883],[12.14988,57.35919],[12.15218,57.36172],[12.15225,57.36262],[12.15001,57.36566],[12.14814,57.36598],[12.14535,57.36742],[12.14651,57.36843],[12.14631,57.36918],[12.13942,57.37078]]]}},{"type":"Feature","properties":{"fs":"BICYCLE","t":60.0},"geometry":{"type":"Polygon","coordinates":[[[12.12294,57.47227],[12.11468,57.47512],[12.11243,57.47158],[12.10836,57.46936],[12.1062,57.4729],[12.10189,57.47213],[12.10094,57.47351],[12.09531,57.47484],[12.09185,57.47122],[12.09219,57.46814],[12.09797,57.46631],[12.09522,57.4642],[12.0986,57.46213],[12.10414,57.4611],[12.10117,57.4588],[12.11131,57.45576],[12.12215,57.4347],[12.12284,57.38704],[12.10094,57.35088],[12.11455,57.34118],[12.14916,57.3467],[12.16368,57.33758],[12.18246,57.27688],[12.14902,57.26678],[12.14841,57.26565],[12.14081,57.2643],[12.14388,57.26255],[12.14238,57.26052],[12.14699,57.25987],[12.15027,57.26034],[12.15453,57.26291],[12.16467,57.26178],[12.16795,57.259],[12.17528,57.25774],[12.17533,57.25529],[12.17275,57.25371],[12.18263,57.24927],[12.1852,57.2509],[12.18493,57.25494],[12.18856,57.253],[12.19384,57.25447],[12.2006,57.25282],[12.20491,57.25612],[12.20925,57.25627],[12.21064,57.25849],[12.20307,57.26159],[12.2074,57.26464],[12.21282,57.2639],[12.21473,57.2606],[12.21732,57.25971],[12.22075,57.26321],[12.23001,57.2642],[12.22485,57.26886],[12.23139,57.27333],[12.22546,57.27505],[12.23434,57.27836],[12.24021,57.27751],[12.24242,57.27868],[12.24623,57.28254],[12.24635,57.28731],[12.24989,57.29016],[12.24949,57.30077],[12.26207,57.30779],[12.26364,57.31021],[12.26706,57.3097],[12.26922,57.30578],[12.26831,57.30132],[12.27138,57.30044],[12.2782,57.30367],[12.28482,57.30264],[12.28648,57.30683],[12.29037,57.30897],[12.29177,57.31245],[12.30043,57.31617],[12.30534,57.31712],[12.31053,57.31566],[12.31318,57.31667],[12.31296,57.31976],[12.3013,57.32698],[12.30301,57.32763],[12.31051,57.32599],[12.31245,57.32783],[12.31237,57.33131],[12.30001,57.3332],[12.29818,57.33434],[12.29982,57.33571],[12.30904,57.33467],[12.31162,57.33635],[12.3122,57.33974],[12.31842,57.34054],[12.31832,57.34194],[12.31453,57.34233],[12.30966,57.34462],[12.30479,57.34879],[12.30476,57.35205],[12.31024,57.35239],[12.31304,57.35391],[12.31075,57.35611],[12.31047,57.36059],[12.30801,57.36009],[12.30632,57.3577],[12.29827,57.35685],[12.29272,57.35319],[12.28299,57.34989],[12.2813,57.35019],[12.28183,57.35144],[12.28884,57.35788],[12.28699,57.36045],[12.28019,57.36098],[12.27126,57.35617],[12.26515,57.35508],[12.25955,57.35843],[12.26696,57.36557],[12.28277,57.36985],[12.28364,57.36783],[12.2867,57.36716],[12.29595,57.3686],[12.30298,57.36774],[12.30642,57.36905],[12.30758,57.36592],[12.31094,57.36555],[12.31407,57.36825],[12.31093,57.37139],[12.31219,57.37681],[12.30862,57.37875],[12.30571,57.37588],[12.30292,57.3756],[12.2953,57.38307],[12.28899,57.38333],[12.28468,57.3858],[12.28472,57.38902],[12.28847,57.38821],[12.29139,57.39102],[12.29447,57.39081],[12.29508,57.39178],[12.29109,57.39792],[12.28719,57.39717],[12.2851,57.39869],[12.28455,57.40273],[12.28096,57.40535],[12.28255,57.40925],[12.27766,57.41055],[12.27195,57.40905],[12.26771,57.41009],[12.26545,57.41422],[12.25853,57.41581],[12.26366,57.41971],[12.25475,57.42185],[12.24763,57.43068],[12.24192,57.4346],[12.23848,57.43509],[12.23114,57.43126],[12.2307,57.43329],[12.23329,57.43576],[12.22785,57.43609],[12.2222,57.43833],[12.22194,57.43999],[12.22442,57.44214],[12.22141,57.45106],[12.21664,57.45344],[12.2092,57.45395],[12.20753,57.45541],[12.20783,57.45761],[12.21064,57.4597],[12.20965,57.46445],[12.20623,57.46426],[12.19921,57.46062],[12.18885,57.46792],[12.18581,57.46813],[12.17927,57.46645],[12.17526,57.46653],[12.1705,57.46394],[12.16548,57.45882],[12.16261,57.45856],[12.14768,57.4634],[12.15177,57.46889],[12.14169,57.47113],[12.13834,57.47392],[12.12955,57.47299],[12.12868,57.47078],[12.13279,57.46894],[12.13075,57.46838],[12.12761,57.46854],[12.12467,57.47018],[12.12145,57.46996],[12.12294,57.47227]],[[12.24587,57.41402],[12.25063,57.40852],[12.24671,57.40429],[12.23718,57.40889],[12.2393,57.41132],[12.24587,57.41402]]]}},{"type":"Feature","properties":{"fs":"BICYCLE","t":45.0},"geometry":{"type":"Polygon","coordinates":[[[12.15266,57.44402],[12.15249,57.44621],[12.14664,57.4464],[12.13984,57.44805],[12.1369,57.44703],[12.13466,57.44333],[12.13098,57.44151],[12.13122,57.43848],[12.13577,57.43622],[12.12912,57.43068],[12.13213,57.42945],[12.13828,57.43031],[12.13963,57.42755],[12.13655,57.4236],[12.13285,57.42166],[12.12236,57.42066],[12.12284,57.38704],[12.10094,57.35088],[12.11455,57.34118],[12.14916,57.3467],[12.16368,57.33758],[12.18149,57.28025],[12.19223,57.2865],[12.19964,57.28866],[12.20163,57.29115],[12.20592,57.28934],[12.20896,57.293],[12.2117,57.28969],[12.21436,57.2902],[12.21848,57.29607],[12.22423,57.29822],[12.22418,57.30165],[12.22207,57.30351],[12.22447,57.30402],[12.22735,57.30704],[12.23347,57.30916],[12.23688,57.31406],[12.24322,57.31485],[12.24985,57.31359],[12.25135,57.31438],[12.24684,57.31922],[12.24927,57.32276],[12.25545,57.32402],[12.25082,57.32788],[12.25102,57.33128],[12.25355,57.33218],[12.25909,57.33179],[12.26329,57.33537],[12.26069,57.33683],[12.25077,57.33605],[12.24492,57.33791],[12.24438,57.3398],[12.24537,57.34099],[12.24844,57.33942],[12.25216,57.33967],[12.25155,57.34539],[12.25345,57.34931],[12.2605,57.35322],[12.25741,57.35765],[12.26354,57.3639],[12.25435,57.36885],[12.25387,57.37555],[12.26137,57.382],[12.25845,57.38497],[12.25132,57.38572],[12.24753,57.38215],[12.2465,57.37581],[12.24262,57.37359],[12.23585,57.37331],[12.22878,57.38663],[12.2213,57.39028],[12.21445,57.39061],[12.20991,57.39268],[12.20087,57.39275],[12.19391,57.39638],[12.19536,57.39796],[12.20451,57.39536],[12.20615,57.39742],[12.20249,57.40542],[12.19789,57.40847],[12.19348,57.40769],[12.1919,57.4126],[12.20879,57.41652],[12.21004,57.4184],[12.20798,57.42082],[12.20949,57.42153],[12.21297,57.42093],[12.21512,57.42542],[12.20852,57.42876],[12.20305,57.42813],[12.19944,57.42906],[12.19764,57.43082],[12.20062,57.43262],[12.19699,57.43384],[12.19736,57.43581],[12.19573,57.43662],[12.19106,57.43567],[12.18801,57.43178],[12.18467,57.43553],[12.17778,57.43706],[12.179,57.43211],[12.17438,57.43148],[12.17327,57.43388],[12.16505,57.44009],[12.15266,57.44402]]]}},{"type":"Feature","properties":{"fs":"BICYCLE","t":30.0},"geometry":{"type":"Polygon","coordinates":[[[12.15905,57.41535],[12.1526,57.41666],[12.15015,57.4147],[12.14496,57.41447],[12.14202,57.41215],[12.14252,57.40981],[12.13312,57.40611],[12.13633,57.40238],[12.12383,57.40035],[12.12284,57.38704],[12.10094,57.35088],[12.11455,57.34118],[12.14916,57.3467],[12.16368,57.33758],[12.17209,57.31185],[12.17952,57.31167],[12.18935,57.31879],[12.18547,57.32067],[12.18906,57.32261],[12.18675,57.32463],[12.1874,57.32638],[12.19255,57.32858],[12.19595,57.32754],[12.19746,57.32819],[12.19741,57.33156],[12.19438,57.33351],[12.19371,57.33782],[12.19576,57.33881],[12.20149,57.33849],[12.20676,57.33564],[12.21471,57.33769],[12.21204,57.34272],[12.21489,57.34627],[12.21997,57.34784],[12.22067,57.35089],[12.23292,57.35801],[12.23075,57.35916],[12.22639,57.35907],[12.22367,57.36073],[12.21905,57.35995],[12.21062,57.36516],[12.21041,57.36695],[12.21414,57.3699],[12.21288,57.37135],[12.2086,57.37163],[12.20829,57.37567],[12.21335,57.3814],[12.21036,57.38672],[12.19865,57.38933],[12.19324,57.39308],[12.18458,57.39195],[12.17403,57.39827],[12.16797,57.3985],[12.16299,57.3967],[12.15573,57.39734],[12.15557,57.39936],[12.16096,57.40284],[12.16343,57.40725],[12.16242,57.41351],[12.15905,57.41535]]]}},{"type":"Feature","properties":{"fs":"BICYCLE","t":15.0},"geometry":{"type":"Polygon","coordinates":[[[12.12821,57.38384],[12.12356,57.37938],[12.11698,57.37737],[12.10094,57.35088],[12.11248,57.34266],[12.11539,57.34311],[12.11906,57.3419],[12.14916,57.3467],[12.15528,57.34285],[12.15671,57.34579],[12.1629,57.3489],[12.16408,57.3535],[12.16878,57.35142],[12.168,57.34803],[12.16931,57.34716],[12.17202,57.34707],[12.18096,57.34973],[12.18193,57.3534],[12.17468,57.35481],[12.17316,57.35652],[12.18256,57.36678],[12.17885,57.36906],[12.1797,57.37211],[12.17282,57.37038],[12.16645,57.37344],[12.15281,57.37349],[12.15427,57.37766],[12.15946,57.37918],[12.15931,57.38244],[12.15568,57.3837],[12.14617,57.38293],[12.14768,57.38487],[12.14552,57.38594],[12.14064,57.38449],[12.12821,57.38384]]]}},{"type":"Feature","properties":{"fs":"TRANSIT","t":60.0},"geometry":{"type":"MultiPolygon","coordinates":[[[[12.24814,57.39624],[12.24415,57.39616],[12.23718,57.39938],[12.23344,57.39937],[12.23557,57.39455],[12.24208,57.39327],[12.24794,57.38912],[12.25396,57.39352],[12.24814,57.39624]]],[[[12.22996,57.40104],[12.23145,57.40247],[12.23074,57.40481],[12.22534,57.40567],[12.22242,57.41159],[12.21922,57.41256],[12.2159,57.41242],[12.2133,57.41103],[12.21385,57.40927],[12.22571,57.40203],[12.22996,57.40104]]],[[[11.96071,57.40336],[11.95973,57.39833],[11.96427,57.39648],[11.96752,57.39245],[11.97433,57.39262],[11.97896,57.38913],[11.9884,57.38951],[11.99031,57.38435],[11.9935,57.38263],[11.99933,57.38262],[12.00516,57.38066],[12.00867,57.38223],[12.01841,57.38185],[12.02138,57.38408],[12.02653,57.38545],[12.02998,57.39069],[12.02942,57.39292],[12.02528,57.39616],[12.04481,57.39912],[12.04656,57.40231],[12.05078,57.4041],[12.06467,57.43548],[12.06438,57.43847],[12.06113,57.4404],[12.06062,57.44377],[12.0571,57.4466],[12.06325,57.45279],[12.06277,57.45931],[12.06543,57.46148],[12.07248,57.46199],[12.07609,57.46341],[12.08256,57.46042],[12.08838,57.45927],[12.09217,57.4615],[12.11131,57.45576],[12.11593,57.4468],[12.1237,57.44699],[12.12649,57.44839],[12.12896,57.44779],[12.127,57.44372],[12.12406,57.44164],[12.12409,57.43826],[12.12134,57.43628],[12.12739,57.43114],[12.12506,57.42907],[12.12768,57.42755],[12.12535,57.42548],[12.12554,57.42313],[12.1321,57.42298],[12.13265,57.42205],[12.12903,57.42111],[12.13173,57.41822],[12.12255,57.40703],[12.12416,57.39737],[12.12271,57.39581],[12.12284,57.38704],[12.10094,57.35088],[12.11455,57.34118],[12.14916,57.3467],[12.16368,57.33758],[12.18246,57.27688],[12.13416,57.26229],[12.13281,57.22393],[12.14465,57.22317],[12.14737,57.22856],[12.15064,57.22802],[12.15357,57.2248],[12.15956,57.22586],[12.16425,57.22545],[12.17101,57.23057],[12.17703,57.23038],[12.17795,57.23259],[12.18612,57.23601],[12.18923,57.23481],[12.19021,57.23139],[12.19975,57.23128],[12.20969,57.22611],[12.20635,57.22295],[12.20684,57.22038],[12.20378,57.21724],[12.20943,57.211],[12.20887,57.20722],[12.20546,57.20507],[12.21403,57.20121],[12.21413,57.19948],[12.21143,57.19726],[12.21886,57.18784],[12.20891,57.18125],[12.21522,57.17557],[12.21097,57.17143],[12.22055,57.16406],[12.22389,57.16365],[12.22841,57.16573],[12.23087,57.16429],[12.22921,57.16156],[12.23252,57.15321],[12.24543,57.14228],[12.24681,57.14247],[12.24966,57.13802],[12.25451,57.13551],[12.25014,57.13346],[12.26173,57.08315],[12.29333,57.04419],[12.30835,57.03912],[12.31317,57.03882],[12.32373,57.03953],[12.32382,57.04362],[12.32754,57.04525],[12.34566,57.04555],[12.34999,57.04409],[12.353,57.0408],[12.35691,57.04089],[12.36427,57.03887],[12.3663,57.03925],[12.36893,57.04294],[12.37238,57.04219],[12.37595,57.04298],[12.38061,57.04094],[12.38077,57.03871],[12.39084,57.03614],[12.39189,57.03293],[12.39632,57.03442],[12.40325,57.03401],[12.40873,57.03957],[12.40876,57.04317],[12.40289,57.04799],[12.39601,57.04863],[12.39558,57.05087],[12.39192,57.0513],[12.38992,57.05311],[12.38862,57.05528],[12.39145,57.05685],[12.39133,57.05853],[12.38857,57.06162],[12.39212,57.06492],[12.38615,57.06762],[12.38108,57.07233],[12.37453,57.0731],[12.37443,57.07885],[12.36471,57.07917],[12.36137,57.08127],[12.36154,57.08377],[12.35858,57.08414],[12.35064,57.08267],[12.34731,57.0802],[12.33573,57.0777],[12.33278,57.07568],[12.3274,57.07584],[12.32318,57.07025],[12.3185,57.06869],[12.31563,57.07042],[12.31417,57.07345],[12.30994,57.07496],[12.30738,57.079],[12.30364,57.07926],[12.29743,57.08261],[12.29942,57.08696],[12.30662,57.08656],[12.30708,57.0918],[12.31597,57.09716],[12.31644,57.09919],[12.32016,57.10197],[12.32007,57.1041],[12.31553,57.10636],[12.31582,57.10817],[12.31878,57.10968],[12.32602,57.10994],[12.32492,57.11521],[12.32195,57.11728],[12.32681,57.12143],[12.32464,57.12279],[12.32066,57.1222],[12.32031,57.12434],[12.32374,57.12649],[12.33348,57.12629],[12.33825,57.12314],[12.34337,57.12235],[12.34944,57.11967],[12.35409,57.12209],[12.35781,57.12025],[12.36777,57.11983],[12.37343,57.12264],[12.37967,57.12297],[12.3833,57.1242],[12.39302,57.12109],[12.39746,57.12404],[12.39693,57.1265],[12.39898,57.12924],[12.39696,57.13115],[12.4121,57.13327],[12.43005,57.1337],[12.43488,57.1412],[12.43868,57.14075],[12.44192,57.13866],[12.44497,57.13901],[12.44737,57.13709],[12.45472,57.13846],[12.46182,57.13727],[12.47186,57.14161],[12.48276,57.1393],[12.48512,57.14019],[12.48404,57.14218],[12.4905,57.14396],[12.49081,57.14547],[12.48733,57.14731],[12.48398,57.15154],[12.47864,57.1512],[12.47096,57.14689],[12.46453,57.15201],[12.46137,57.15187],[12.45785,57.14972],[12.45426,57.14964],[12.44447,57.15526],[12.43704,57.155],[12.43146,57.1521],[12.42752,57.15219],[12.42759,57.14832],[12.42436,57.14716],[12.41868,57.14701],[12.41484,57.14831],[12.40201,57.14757],[12.39109,57.15001],[12.38618,57.14616],[12.38215,57.14497],[12.38259,57.14157],[12.37603,57.13939],[12.36693,57.14093],[12.36153,57.14482],[12.35158,57.14763],[12.34328,57.14807],[12.34019,57.14509],[12.33434,57.14586],[12.32942,57.14351],[12.32326,57.14765],[12.32066,57.14647],[12.3192,57.1438],[12.30457,57.14613],[12.29882,57.15139],[12.3001,57.15484],[12.29315,57.15531],[12.28949,57.16017],[12.29425,57.16285],[12.3,57.16331],[12.3081,57.1599],[12.31142,57.15997],[12.31117,57.16357],[12.30893,57.16598],[12.31296,57.16719],[12.31763,57.1655],[12.32093,57.16557],[12.32411,57.16744],[12.32408,57.17081],[12.32703,57.17289],[12.32328,57.17316],[12.31706,57.1765],[12.31682,57.17964],[12.31977,57.18172],[12.31654,57.18368],[12.31607,57.18704],[12.30958,57.1851],[12.30908,57.18307],[12.30612,57.18157],[12.2946,57.18116],[12.29073,57.17966],[12.28984,57.18115],[12.29343,57.18857],[12.29928,57.19027],[12.29666,57.19215],[12.30317,57.19748],[12.30154,57.19976],[12.30499,57.20066],[12.31097,57.20524],[12.31793,57.20415],[12.32115,57.20538],[12.32062,57.20696],[12.31348,57.20993],[12.31299,57.21216],[12.31716,57.21598],[12.32103,57.21562],[12.33249,57.22041],[12.33328,57.22672],[12.33949,57.22955],[12.33544,57.23405],[12.33906,57.2355],[12.33858,57.23934],[12.32663,57.24411],[12.32823,57.24773],[12.32409,57.25158],[12.3205,57.25004],[12.32011,57.24461],[12.31543,57.2414],[12.31189,57.24222],[12.30901,57.24051],[12.30559,57.24141],[12.30284,57.24073],[12.30101,57.23734],[12.2953,57.23333],[12.30017,57.23014],[12.29744,57.22623],[12.30588,57.22456],[12.29908,57.21529],[12.29112,57.21232],[12.28911,57.20755],[12.28404,57.20612],[12.28624,57.20443],[12.2857,57.20323],[12.27897,57.2041],[12.27446,57.20043],[12.27106,57.19314],[12.26354,57.18947],[12.25958,57.18593],[12.25888,57.17794],[12.25599,57.17692],[12.24661,57.17789],[12.24474,57.18347],[12.24578,57.18619],[12.2371,57.18886],[12.23245,57.19245],[12.23799,57.19635],[12.24132,57.20668],[12.23765,57.20822],[12.23713,57.21251],[12.24415,57.21933],[12.24382,57.22365],[12.23516,57.22304],[12.23181,57.22408],[12.23171,57.22542],[12.23685,57.22845],[12.23671,57.23026],[12.22982,57.2337],[12.22741,57.22993],[12.22314,57.22947],[12.22041,57.228],[12.21741,57.22836],[12.2211,57.23238],[12.21712,57.23503],[12.21629,57.23778],[12.2068,57.2421],[12.2113,57.24431],[12.21057,57.24737],[12.20722,57.25049],[12.21167,57.25485],[12.21164,57.25823],[12.21458,57.26032],[12.20766,57.26377],[12.20222,57.26477],[12.20396,57.26908],[12.19807,57.27052],[12.19997,57.27222],[12.20369,57.27265],[12.20341,57.27626],[12.19894,57.27505],[12.19661,57.27902],[12.19929,57.28118],[12.20301,57.28162],[12.20287,57.28344],[12.19591,57.28195],[12.19037,57.28472],[12.19226,57.28641],[12.19875,57.28825],[12.20601,57.28529],[12.20921,57.28716],[12.20908,57.28897],[12.20561,57.29135],[12.20868,57.29433],[12.20842,57.29794],[12.20495,57.30032],[12.20801,57.3033],[12.20774,57.30692],[12.20168,57.31058],[12.20734,57.31227],[12.20996,57.31545],[12.21352,57.31399],[12.21426,57.31062],[12.22071,57.31077],[12.22986,57.31591],[12.23366,57.31465],[12.24697,57.31494],[12.24963,57.31815],[12.26248,57.31271],[12.26983,57.31433],[12.27634,57.31391],[12.28051,57.3164],[12.28394,57.31585],[12.28586,57.31387],[12.29032,57.31389],[12.29687,57.31649],[12.30704,57.31086],[12.31373,57.31168],[12.31712,57.30928],[12.32502,57.30922],[12.33516,57.30675],[12.33991,57.30999],[12.3353,57.31484],[12.33412,57.32605],[12.32939,57.32786],[12.32808,57.33283],[12.31848,57.3341],[12.31752,57.33624],[12.32106,57.338],[12.32156,57.33994],[12.30919,57.3444],[12.30771,57.34795],[12.31042,57.35011],[12.32065,57.35248],[12.32968,57.35953],[12.33297,57.35983],[12.33683,57.35823],[12.34016,57.3583],[12.33987,57.36526],[12.34563,57.36886],[12.34934,57.36928],[12.34956,57.37124],[12.34148,57.37448],[12.34036,57.376],[12.34205,57.37812],[12.33269,57.38129],[12.33502,57.38336],[12.33476,57.38695],[12.3315,57.3889],[12.33104,57.39227],[12.32771,57.39219],[12.3249,57.39079],[12.32106,57.39205],[12.31629,57.39187],[12.31407,57.38808],[12.31024,57.38644],[12.30472,57.38811],[12.29474,57.38789],[12.29689,57.38246],[12.2998,57.38052],[12.29948,57.37883],[12.29751,57.37849],[12.29153,57.37978],[12.28181,57.37982],[12.27857,57.38291],[12.2655,57.38378],[12.26089,57.38708],[12.2519,57.38762],[12.24876,57.3866],[12.24737,57.3797],[12.25825,57.3789],[12.26242,57.38057],[12.26909,57.37375],[12.27712,57.37021],[12.28004,57.3632],[12.29262,57.3633],[12.29609,57.36118],[12.29657,57.3594],[12.29255,57.35483],[12.28462,57.3503],[12.28083,57.34975],[12.27746,57.35157],[12.26707,57.35154],[12.26261,57.35264],[12.25784,57.35856],[12.26324,57.36394],[12.2549,57.36838],[12.25184,57.37371],[12.2486,57.37526],[12.24215,57.37311],[12.23057,57.37257],[12.22993,57.37008],[12.22525,57.36594],[12.21545,57.36089],[12.21104,57.35689],[12.20753,57.35521],[12.20416,57.35516],[12.20546,57.35909],[12.20088,57.36105],[12.19406,57.35783],[12.18452,57.36022],[12.19148,57.36436],[12.18534,57.3728],[12.18807,57.3763],[12.18129,57.37788],[12.17896,57.38108],[12.17255,57.38335],[12.16884,57.387],[12.16158,57.38671],[12.16348,57.38879],[12.15424,57.39805],[12.15532,57.39986],[12.1585,57.40104],[12.16614,57.39904],[12.17405,57.39918],[12.17376,57.40322],[12.17041,57.4065],[12.17985,57.41053],[12.17972,57.41234],[12.17176,57.41285],[12.16685,57.41765],[12.16961,57.41881],[12.17261,57.41755],[12.17929,57.4177],[12.17978,57.41974],[12.18388,57.42148],[12.17283,57.42634],[12.17779,57.4316],[12.18445,57.42889],[12.18771,57.42577],[12.19245,57.42576],[12.19288,57.42318],[12.19604,57.42176],[12.20594,57.42291],[12.21278,57.42059],[12.22005,57.42359],[12.22616,57.42272],[12.2311,57.42066],[12.23338,57.42498],[12.22842,57.42891],[12.23354,57.43261],[12.24196,57.43131],[12.25791,57.4409],[12.26373,57.44102],[12.27159,57.43896],[12.27932,57.44439],[12.28385,57.44517],[12.29066,57.44879],[12.30047,57.44723],[12.30935,57.45359],[12.3114,57.45228],[12.31093,57.44935],[12.31971,57.4488],[12.3232,57.44632],[12.31479,57.4422],[12.31553,57.43979],[12.3132,57.43687],[12.31446,57.43535],[12.31783,57.43467],[12.32343,57.43766],[12.33507,57.43975],[12.33403,57.44423],[12.33692,57.44878],[12.33532,57.45352],[12.33761,57.45716],[12.32871,57.45842],[12.32859,57.4608],[12.33425,57.46249],[12.32087,57.46874],[12.30433,57.46685],[12.29918,57.4646],[12.29105,57.466],[12.27615,57.46453],[12.26958,57.46037],[12.26469,57.46165],[12.25636,57.4616],[12.25148,57.45998],[12.24715,57.45651],[12.2394,57.45696],[12.23402,57.45415],[12.22988,57.45336],[12.22993,57.44962],[12.22697,57.44754],[12.22854,57.44567],[12.22475,57.44129],[12.22114,57.43965],[12.21327,57.43983],[12.20999,57.44176],[12.20985,57.44541],[12.207,57.44597],[12.20331,57.44511],[12.20252,57.44688],[12.19687,57.44934],[12.19957,57.45196],[12.21342,57.45608],[12.21815,57.45643],[12.21926,57.45834],[12.2318,57.46376],[12.23278,57.46736],[12.23565,57.46763],[12.23953,57.46595],[12.24122,57.46371],[12.24881,57.4613],[12.25711,57.46579],[12.25625,57.46783],[12.2617,57.46816],[12.26562,57.46988],[12.26483,57.47408],[12.27782,57.4738],[12.28424,57.48085],[12.29319,57.48224],[12.29679,57.48432],[12.29364,57.48884],[12.29781,57.48977],[12.30345,57.49329],[12.30829,57.49434],[12.30983,57.49823],[12.31328,57.49831],[12.31685,57.50173],[12.3237,57.50422],[12.32562,57.50651],[12.32428,57.50917],[12.32609,57.51292],[12.32256,57.51408],[12.31598,57.51265],[12.31092,57.51338],[12.30535,57.51051],[12.30543,57.50503],[12.30036,57.50246],[12.295,57.50149],[12.29358,57.49895],[12.28371,57.49887],[12.28018,57.49684],[12.27621,57.49736],[12.27368,57.49474],[12.26957,57.4961],[12.26275,57.49505],[12.26462,57.49152],[12.26058,57.48906],[12.25438,57.48843],[12.24754,57.49014],[12.23917,57.49049],[12.23635,57.48908],[12.23684,57.48544],[12.22711,57.48137],[12.22686,57.47955],[12.2305,57.4782],[12.21622,57.47765],[12.20802,57.47014],[12.20502,57.47024],[12.20136,57.47204],[12.20288,57.47396],[12.20163,57.47533],[12.19535,57.4748],[12.19086,57.47628],[12.18165,57.47505],[12.17785,57.4775],[12.17402,57.47682],[12.17116,57.48015],[12.165,57.48202],[12.16621,57.49112],[12.17416,57.49296],[12.17448,57.49422],[12.17101,57.49774],[12.16173,57.49905],[12.16057,57.49604],[12.15738,57.49457],[12.15785,57.49259],[12.15062,57.48787],[12.14093,57.48482],[12.14147,57.48323],[12.14888,57.48035],[12.14765,57.47778],[12.15268,57.47272],[12.14718,57.46924],[12.15054,57.46379],[12.1397,57.46043],[12.13586,57.46234],[12.13863,57.46656],[12.1356,57.46787],[12.13083,57.46764],[12.12492,57.47402],[12.11878,57.47544],[12.11824,57.47722],[12.12118,57.47932],[12.11422,57.48342],[12.11729,57.4864],[12.11761,57.49023],[12.12216,57.49302],[12.13334,57.49396],[12.13279,57.49833],[12.13027,57.49838],[12.12524,57.49597],[12.11544,57.50073],[12.11659,57.50177],[12.1321,57.50304],[12.13376,57.50445],[12.12905,57.50713],[12.12592,57.50591],[12.12222,57.50611],[12.12112,57.50829],[12.12135,57.5101],[12.13471,57.51916],[12.13429,57.52455],[12.1305,57.52482],[12.12744,57.52686],[12.13054,57.52985],[12.12827,57.53226],[12.13565,57.53354],[12.14039,57.53186],[12.13762,57.53563],[12.14288,57.53717],[12.14999,57.53366],[12.14717,57.53023],[12.15066,57.5285],[12.15747,57.52686],[12.16416,57.52701],[12.16465,57.52905],[12.16764,57.53056],[12.17948,57.5313],[12.18148,57.53526],[12.19363,57.54013],[12.19947,57.54027],[12.20335,57.53868],[12.21336,57.5389],[12.21323,57.5407],[12.20973,57.54309],[12.21083,57.54491],[12.21803,57.5491],[12.22269,57.54809],[12.22377,57.55058],[12.22911,57.55183],[12.22958,57.55386],[12.24044,57.56218],[12.25499,57.56318],[12.26101,57.56656],[12.26474,57.56698],[12.2644,57.5717],[12.26635,57.57352],[12.28222,57.5764],[12.29334,57.5858],[12.29443,57.59032],[12.28421,57.5919],[12.28264,57.59614],[12.27165,57.60219],[12.26904,57.60097],[12.26726,57.59399],[12.2629,57.59162],[12.25153,57.59242],[12.24643,57.59061],[12.23992,57.58543],[12.23541,57.58421],[12.23028,57.58433],[12.22369,57.58613],[12.21702,57.58412],[12.21283,57.5842],[12.20709,57.57988],[12.20606,57.57402],[12.19419,57.57083],[12.19453,57.56612],[12.1926,57.56429],[12.18793,57.56531],[12.18348,57.56342],[12.1747,57.56322],[12.16817,57.56127],[12.16229,57.5562],[12.15497,57.55918],[12.15161,57.5591],[12.14975,57.55614],[12.14187,57.55529],[12.13921,57.55209],[12.13603,57.55313],[12.13522,57.55514],[12.13076,57.55325],[12.12589,57.5547],[12.12115,57.56121],[12.11814,57.56223],[12.11891,57.56568],[12.11703,57.56732],[12.11751,57.56865],[12.12125,57.56784],[12.12342,57.56901],[12.12393,57.57437],[12.12999,57.57905],[12.12696,57.58561],[12.13027,57.58737],[12.1305,57.58928],[12.12782,57.59053],[12.12168,57.59066],[12.12278,57.59255],[12.12843,57.59346],[12.14262,57.59267],[12.14211,57.59449],[12.1396,57.59511],[12.14545,57.59794],[12.14523,57.6018],[12.14861,57.60292],[12.15562,57.60246],[12.15578,57.60042],[12.15977,57.59936],[12.17053,57.60099],[12.17938,57.59561],[12.18608,57.59469],[12.19594,57.59704],[12.2052,57.59635],[12.21172,57.60137],[12.21742,57.60077],[12.22071,57.60152],[12.22212,57.60493],[12.21608,57.60726],[12.20875,57.60467],[12.2021,57.60409],[12.19785,57.60484],[12.1913,57.60296],[12.19068,57.60558],[12.18319,57.61047],[12.16581,57.60785],[12.16405,57.61293],[12.16049,57.61294],[12.15416,57.61577],[12.15102,57.61284],[12.14685,57.61402],[12.14081,57.61232],[12.1377,57.60712],[12.13513,57.60732],[12.13482,57.60927],[12.13019,57.61231],[12.12012,57.61257],[12.11277,57.61157],[12.10995,57.61407],[12.11399,57.61464],[12.11956,57.61832],[12.12435,57.61943],[12.12655,57.62256],[12.11909,57.6243],[12.11565,57.62672],[12.10876,57.62906],[12.09282,57.62392],[12.08329,57.62412],[12.07659,57.62544],[12.0728,57.6235],[12.05919,57.62708],[12.05583,57.627],[12.05262,57.62513],[12.0549,57.62272],[12.05091,57.62039],[12.04845,57.62034],[12.04609,57.6243],[12.05021,57.62934],[12.05764,57.63063],[12.06238,57.62895],[12.06424,57.63191],[12.06868,57.63134],[12.06926,57.63472],[12.07465,57.63785],[12.0847,57.63794],[12.09195,57.63974],[12.09984,57.63717],[12.11456,57.64088],[12.12117,57.6467],[12.12066,57.65074],[12.11819,57.65349],[12.12362,57.65571],[12.1349,57.65041],[12.14073,57.64998],[12.1438,57.65089],[12.13746,57.6555],[12.13049,57.6553],[12.12995,57.65769],[12.1235,57.66293],[12.12185,57.66604],[12.12262,57.66957],[12.11594,57.67197],[12.11144,57.67049],[12.10446,57.67089],[12.10273,57.67377],[12.09776,57.67467],[12.09828,57.67898],[12.09531,57.68146],[12.0922,57.6812],[12.08321,57.6774],[12.065,57.67428],[12.06177,57.67539],[12.05855,57.67885],[12.05147,57.68082],[12.04519,57.68073],[12.04,57.68201],[12.03351,57.68759],[12.02671,57.68867],[12.02497,57.69073],[12.03592,57.69821],[12.03772,57.7054],[12.04241,57.70836],[12.05635,57.71112],[12.06418,57.71555],[12.07089,57.71565],[12.07865,57.71313],[12.08245,57.71418],[12.08929,57.72113],[12.08903,57.72326],[12.08401,57.72486],[12.08644,57.72769],[12.08669,57.73197],[12.08962,57.73338],[12.09837,57.73431],[12.1016,57.73242],[12.1083,57.73089],[12.11534,57.73217],[12.11954,57.7348],[12.12405,57.74024],[12.12314,57.74366],[12.12979,57.7446],[12.13406,57.74638],[12.15337,57.74538],[12.17138,57.74203],[12.17706,57.74194],[12.1821,57.74486],[12.18357,57.74876],[12.18769,57.74841],[12.18846,57.75337],[12.18384,57.75602],[12.17985,57.75531],[12.17511,57.75756],[12.16753,57.75767],[12.16366,57.75705],[12.16314,57.75466],[12.15736,57.75342],[12.16068,57.75207],[12.15952,57.75079],[12.14771,57.75313],[12.13686,57.75221],[12.13061,57.74887],[12.12123,57.74789],[12.11582,57.75039],[12.11027,57.7497],[12.09995,57.75126],[12.09298,57.74908],[12.08392,57.74421],[12.07777,57.74491],[12.07558,57.74598],[12.07638,57.75173],[12.07242,57.75388],[12.07386,57.75686],[12.06988,57.75881],[12.06777,57.76204],[12.06139,57.76441],[12.05773,57.76393],[12.05145,57.76624],[12.04405,57.76677],[12.03084,57.7646],[12.03711,57.77064],[12.04626,57.77058],[12.05246,57.77256],[12.05087,57.77465],[12.0451,57.77442],[12.04185,57.7757],[12.04337,57.77695],[12.04743,57.77687],[12.05006,57.77812],[12.05022,57.78348],[12.05402,57.78891],[12.04885,57.79037],[12.04312,57.78971],[12.03956,57.78696],[12.03595,57.78674],[12.02422,57.78291],[12.02255,57.77935],[12.0174,57.7772],[12.01773,57.77317],[12.0135,57.77217],[12.00953,57.76634],[12.01073,57.76293],[12.00731,57.76255],[12.01018,57.75962],[12.00767,57.75709],[12.00654,57.74413],[12.00355,57.74471],[12.00322,57.74813],[11.99959,57.75173],[11.99851,57.76228],[11.99636,57.76386],[12.00204,57.76886],[12.00318,57.77788],[11.99987,57.78072],[11.99605,57.77662],[11.999,57.77373],[11.99549,57.77089],[11.99438,57.76746],[11.99078,57.76645],[11.98483,57.76156],[11.98095,57.76252],[11.97753,57.76148],[11.97332,57.74897],[11.96676,57.74573],[11.96067,57.74653],[11.95773,57.75073],[11.95212,57.75374],[11.95193,57.75907],[11.94955,57.76053],[11.94721,57.76036],[11.94726,57.75722],[11.94188,57.74931],[11.93417,57.75477],[11.9336,57.75717],[11.92682,57.75962],[11.92025,57.75896],[11.92008,57.75027],[11.92445,57.74588],[11.93036,57.74456],[11.92982,57.73792],[11.923,57.73719],[11.91557,57.74121],[11.90863,57.74006],[11.90403,57.74224],[11.89923,57.74189],[11.89812,57.74007],[11.89411,57.73862],[11.89494,57.73634],[11.88841,57.73332],[11.88886,57.72973],[11.87984,57.71816],[11.88167,57.71158],[11.87302,57.70721],[11.87557,57.70521],[11.86579,57.70338],[11.87424,57.70138],[11.88895,57.70334],[11.88871,57.70591],[11.89158,57.70778],[11.89291,57.70528],[11.90188,57.70354],[11.91218,57.70828],[11.90899,57.70382],[11.90078,57.70149],[11.90695,57.69918],[11.90865,57.70037],[11.91396,57.69986],[11.93823,57.70512],[11.95787,57.70584],[11.90286,57.68707],[11.90444,57.68478],[11.90303,57.68264],[11.9078,57.67964],[11.91782,57.67898],[11.92366,57.68227],[11.92493,57.68114],[11.92158,57.6766],[11.91678,57.67637],[11.91483,57.67464],[11.91818,57.66978],[11.91625,57.66659],[11.91735,57.66139],[11.89899,57.65588],[11.90207,57.6522],[11.89351,57.65011],[11.90005,57.64089],[11.90327,57.64134],[11.90612,57.64394],[11.90901,57.64446],[11.91513,57.64145],[11.92459,57.64117],[11.92478,57.63893],[11.91936,57.63606],[11.9215,57.63306],[11.92606,57.63115],[11.92372,57.62722],[11.92653,57.62257],[11.94218,57.63774],[11.94886,57.63139],[11.95007,57.6346],[11.95733,57.63548],[11.95901,57.63796],[11.96373,57.6401],[11.96521,57.6389],[11.962,57.63725],[11.96731,57.63575],[11.96786,57.63353],[11.97478,57.63217],[11.9846,57.63229],[11.99155,57.62943],[11.99593,57.62966],[11.99875,57.62729],[12.00285,57.6265],[12.0063,57.62075],[12.01432,57.6191],[12.01496,57.61817],[12.01003,57.61355],[12.00913,57.60905],[12.00669,57.60832],[12.00366,57.60959],[12.00514,57.60034],[12.00368,57.59667],[12.00802,57.59474],[12.01541,57.59394],[12.02115,57.59535],[12.02979,57.59207],[12.03875,57.59283],[12.04474,57.59084],[12.04311,57.58603],[12.04865,57.58397],[12.05364,57.57872],[12.05175,57.57671],[12.05242,57.57412],[12.04588,57.56916],[12.05075,57.56576],[12.0609,57.56468],[12.06482,57.56332],[12.07386,57.56437],[12.0799,57.56171],[12.08151,57.55749],[12.08503,57.5551],[12.08557,57.54859],[12.09176,57.54357],[12.08348,57.53811],[12.08017,57.53781],[12.07628,57.5394],[12.07283,57.53752],[12.07373,57.53384],[12.06981,57.5335],[12.06479,57.52987],[12.06061,57.52902],[12.06065,57.52532],[12.05874,57.5235],[12.04754,57.52255],[12.04768,57.52074],[12.05029,57.51924],[12.04837,57.51754],[12.04422,57.51744],[12.03768,57.52052],[12.03797,57.51692],[12.0451,57.51674],[12.05373,57.51257],[12.05384,57.51125],[12.04576,57.5086],[12.04193,57.50985],[12.02856,57.50953],[12.02234,57.50398],[12.02263,57.50039],[12.02589,57.49844],[12.02863,57.49269],[12.02461,57.4915],[12.01992,57.49316],[12.01653,57.49308],[12.01292,57.49165],[12.00382,57.49613],[12.00615,57.4982],[12.00258,57.50104],[12.00569,57.50358],[12.00554,57.50538],[11.99939,57.50681],[11.9983,57.5124],[11.99481,57.51412],[11.99017,57.51468],[11.98759,57.51854],[11.97724,57.52262],[11.98644,57.52807],[11.98556,57.53658],[11.9771,57.54121],[11.97315,57.54106],[11.96975,57.53914],[11.96655,57.54018],[11.96758,57.54407],[11.97378,57.546],[11.97173,57.55063],[11.96477,57.55086],[11.96472,57.55321],[11.9585,57.55317],[11.95886,57.55707],[11.95251,57.55961],[11.95323,57.5635],[11.94787,57.56413],[11.95238,57.5277],[11.95797,57.50164],[11.93374,57.46055],[11.92682,57.44208],[11.93329,57.42624],[11.94798,57.40745],[11.94949,57.4091],[11.95419,57.40915],[11.95758,57.40571],[11.96779,57.40774],[11.96071,57.40336]],[[12.37906,57.05519],[12.37234,57.05443],[12.36966,57.05158],[12.36598,57.05053],[12.35798,57.05239],[12.35382,57.05831],[12.35858,57.06388],[12.35724,57.06633],[12.36729,57.06803],[12.37277,57.06581],[12.37851,57.06495],[12.38263,57.06268],[12.38165,57.05844],[12.37866,57.05687],[12.37906,57.05519]],[[12.21634,57.34495],[12.20474,57.34228],[12.1981,57.33857],[12.19474,57.33877],[12.19417,57.34188],[12.19771,57.34627],[12.20359,57.34456],[12.20769,57.34661],[12.21133,57.34699],[12.21634,57.34495]],[[11.96499,57.43055],[11.96551,57.43274],[11.95787,57.43469],[11.96108,57.43505],[11.96719,57.43929],[11.97104,57.43804],[11.97464,57.4398],[11.98088,57.44007],[11.98406,57.44195],[11.98757,57.44765],[11.99054,57.44917],[11.99678,57.44944],[12.0004,57.45087],[12.00691,57.44788],[12.00754,57.45576],[12.01286,57.45749],[12.01905,57.45736],[12.02267,57.45905],[12.01658,57.46227],[12.01892,57.46435],[12.01303,57.47027],[12.02112,57.47293],[12.03045,57.47068],[12.03211,57.46534],[12.029,57.4628],[12.02929,57.45931],[12.03194,57.45724],[12.02627,57.45554],[12.02978,57.45315],[12.02669,57.45015],[12.03133,57.44957],[12.03338,57.44694],[12.02769,57.44334],[12.01746,57.44096],[12.00792,57.43533],[12.00745,57.4333],[12.0029,57.43049],[11.99838,57.42971],[12.00467,57.42649],[12.00546,57.42448],[12.01161,57.42305],[12.01232,57.42173],[12.01041,57.4199],[12.00794,57.41985],[12.00231,57.42261],[11.99898,57.42253],[11.99537,57.42077],[11.99169,57.42045],[11.98885,57.41701],[11.97296,57.41624],[11.97024,57.42002],[11.96596,57.42031],[11.96037,57.42729],[11.96045,57.42877],[11.96499,57.43055]],[[12.07572,57.60339],[12.07809,57.59943],[12.07458,57.59701],[12.07037,57.59746],[12.0639,57.60222],[12.07572,57.60339]],[[12.06991,57.66709],[12.07259,57.66938],[12.07913,57.67135],[12.08344,57.66752],[12.08795,57.66565],[12.0874,57.66004],[12.07948,57.65953],[12.07109,57.66315],[12.06991,57.66709]],[[11.95065,57.66765],[11.94366,57.66925],[11.94458,57.67253],[11.95899,57.67319],[11.95657,57.66959],[11.95065,57.66765]],[[12.0812,57.73889],[12.07798,57.7371],[12.08316,57.73539],[12.06833,57.72656],[12.0605,57.72732],[12.05599,57.72976],[12.05679,57.73158],[12.06781,57.73295],[12.06938,57.73689],[12.07824,57.7391],[12.0812,57.73889]],[[12.05613,57.74356],[12.05,57.74786],[12.04593,57.74759],[12.04468,57.74869],[12.04885,57.75131],[12.05205,57.74858],[12.06345,57.74789],[12.07446,57.74419],[12.06368,57.74246],[12.05613,57.74356]],[[12.01572,57.75144],[12.01428,57.76061],[12.01242,57.76286],[12.0182,57.76407],[12.02892,57.76152],[12.02823,57.76021],[12.02423,57.75984],[12.01705,57.75596],[12.01726,57.7526],[12.01572,57.75144]]],[[[12.20264,57.41711],[12.20571,57.41507],[12.21154,57.415],[12.21331,57.416],[12.21244,57.41766],[12.207,57.41999],[12.20375,57.41893],[12.20264,57.41711]]],[[[12.14782,57.50613],[12.14216,57.50641],[12.13827,57.50284],[12.14878,57.49915],[12.15243,57.49918],[12.15483,57.50052],[12.15428,57.50231],[12.14998,57.50345],[12.14983,57.50535],[12.14782,57.50613]]],[[[11.88953,57.65573],[11.89613,57.66278],[11.8951,57.66337],[11.89173,57.66194],[11.88801,57.66297],[11.88507,57.66202],[11.88953,57.65573]]],[[[11.89811,57.6764],[11.90156,57.67903],[11.90178,57.68089],[11.90013,57.68147],[11.89667,57.67959],[11.89081,57.67847],[11.89378,57.67562],[11.89811,57.6764]]],[[[12.21119,57.69021],[12.20708,57.68767],[12.20823,57.68505],[12.21192,57.68338],[12.21877,57.68708],[12.21119,57.69021]]],[[[11.84096,57.71534],[11.83694,57.70934],[11.84439,57.70931],[11.84717,57.71162],[11.84652,57.71548],[11.84096,57.71534]]],[[[12.05318,57.79399],[12.05136,57.79788],[12.04813,57.79915],[12.04201,57.79677],[12.04604,57.79388],[12.05031,57.79314],[12.05318,57.79399]]],[[[12.87736,56.66412],[12.8743,56.66589],[12.87771,56.673],[12.86637,56.67618],[12.85269,56.67522],[12.84949,56.6723],[12.85615,56.66837],[12.85849,56.66436],[12.85743,56.6612],[12.86157,56.66015],[12.868,56.66191],[12.87676,56.66204],[12.87736,56.66412]]],[[[12.56232,56.88502],[12.56104,56.88659],[12.54772,56.88635],[12.53944,56.88269],[12.52846,56.88439],[12.52842,56.88798],[12.52154,56.89402],[12.52251,56.89674],[12.52112,56.89851],[12.5243,56.90396],[12.53002,56.90744],[12.52835,56.91033],[12.53414,56.9168],[12.53404,56.92199],[12.53698,56.9239],[12.52613,56.92692],[12.52844,56.93134],[12.52508,56.93498],[12.52159,56.93395],[12.51815,56.93504],[12.5107,56.93225],[12.50192,56.93268],[12.49682,56.93087],[12.49214,56.93256],[12.48435,56.93293],[12.47846,56.93497],[12.46363,56.93561],[12.4582,56.93808],[12.45912,56.94572],[12.45398,56.95018],[12.4553,56.95265],[12.45417,56.95985],[12.45072,56.96225],[12.45057,56.96719],[12.45462,56.97794],[12.4464,56.98017],[12.44297,56.9799],[12.44327,56.97603],[12.44797,56.97225],[12.444,56.97166],[12.44011,56.97259],[12.43749,56.96917],[12.43744,56.96377],[12.44117,56.96139],[12.43642,56.95477],[12.44213,56.95236],[12.43811,56.95109],[12.43691,56.94759],[12.44216,56.94483],[12.44787,56.94365],[12.44287,56.94007],[12.44986,56.93656],[12.44876,56.93261],[12.45616,56.93215],[12.45904,56.92878],[12.46394,56.92789],[12.46433,56.92523],[12.47033,56.92455],[12.47248,56.92315],[12.47051,56.92007],[12.46418,56.91833],[12.45926,56.91513],[12.46735,56.91091],[12.46409,56.90449],[12.46729,56.90236],[12.4676,56.89724],[12.47465,56.89411],[12.47865,56.89395],[12.47727,56.89173],[12.4789,56.89035],[12.48808,56.88866],[12.52494,56.87352],[12.54236,56.87261],[12.54373,56.87366],[12.54127,56.87539],[12.54478,56.87842],[12.54871,56.88069],[12.55421,56.88102],[12.55715,56.88357],[12.56232,56.88502]]],[[[12.52996,57.14459],[12.50516,57.14424],[12.51209,57.14109],[12.51075,57.13895],[12.51195,57.13771],[12.52068,57.13845],[12.52996,57.14459]]],[[[12.58271,57.15286],[12.57777,57.15245],[12.57614,57.15144],[12.57676,57.14943],[12.57998,57.1471],[12.58611,57.14972],[12.58675,57.15176],[12.58271,57.15286]]],[[[12.53576,57.14908],[12.53711,57.14695],[12.54923,57.14642],[12.55178,57.15164],[12.55016,57.1537],[12.53986,57.15416],[12.53576,57.14908]]],[[[12.34738,57.27544],[12.3367,57.27688],[12.32781,57.27065],[12.3193,57.26996],[12.31964,57.26047],[12.32544,57.25765],[12.32234,57.25435],[12.32506,57.25239],[12.32987,57.2581],[12.33738,57.25793],[12.33764,57.26142],[12.34089,57.26511],[12.34624,57.26822],[12.34995,57.26864],[12.35406,57.27187],[12.35354,57.27343],[12.34738,57.27544]]],[[[12.47459,57.35602],[12.47216,57.35406],[12.47325,57.35131],[12.47724,57.35072],[12.48001,57.35377],[12.47994,57.35674],[12.47459,57.35602]]],[[[12.24088,57.60595],[12.24478,57.60416],[12.25058,57.60497],[12.25565,57.60431],[12.25766,57.6064],[12.24462,57.60856],[12.24088,57.60595]]],[[[12.23269,57.75209],[12.24462,57.74898],[12.25561,57.75192],[12.26,57.75628],[12.25995,57.75976],[12.2646,57.76076],[12.26878,57.76672],[12.27739,57.76861],[12.27819,57.77012],[12.27642,57.77135],[12.26989,57.77144],[12.26352,57.76773],[12.25959,57.76863],[12.2522,57.76819],[12.25023,57.76461],[12.25206,57.75881],[12.25064,57.75704],[12.24667,57.75664],[12.24158,57.75875],[12.24016,57.76094],[12.23788,57.76112],[12.23003,57.75934],[12.22832,57.75649],[12.23269,57.75209]]]]}},{"type":"Feature","properties":{"fs":"TRANSIT","t":45.0},"geometry":{"type":"MultiPolygon","coordinates":[[[[12.2927,57.05383],[12.30046,57.05211],[12.30425,57.04815],[12.30972,57.04801],[12.31135,57.04965],[12.30636,57.05346],[12.31288,57.05427],[12.31694,57.05696],[12.31685,57.05831],[12.31241,57.06069],[12.30597,57.05852],[12.30176,57.05978],[12.30095,57.0624],[12.30264,57.06463],[12.29462,57.06862],[12.29554,57.07158],[12.28828,57.07881],[12.28226,57.08947],[12.28981,57.09353],[12.30052,57.09666],[12.30334,57.10161],[12.30108,57.10605],[12.30963,57.1077],[12.31119,57.10897],[12.30877,57.11102],[12.30459,57.1111],[12.30622,57.1138],[12.29866,57.11659],[12.29815,57.11794],[12.30138,57.11752],[12.30564,57.11993],[12.31113,57.12014],[12.31364,57.12699],[12.3231,57.12983],[12.32951,57.1298],[12.32956,57.13357],[12.3322,57.13551],[12.32683,57.13761],[12.32263,57.13561],[12.31445,57.13514],[12.31458,57.13254],[12.30663,57.12767],[12.29683,57.12749],[12.28705,57.1299],[12.28306,57.13263],[12.29655,57.13696],[12.2967,57.14168],[12.29344,57.14453],[12.28001,57.14419],[12.27491,57.14278],[12.27735,57.14516],[12.27053,57.14943],[12.26904,57.15423],[12.26226,57.15279],[12.25999,57.15639],[12.25278,57.15693],[12.25114,57.16035],[12.24441,57.162],[12.24364,57.16404],[12.23896,57.16671],[12.23763,57.17064],[12.22943,57.17249],[12.23158,57.17509],[12.22755,57.1768],[12.226,57.17407],[12.22891,57.16964],[12.2432,57.16042],[12.24137,57.15663],[12.24831,57.15316],[12.2506,57.14926],[12.25618,57.1489],[12.2605,57.14669],[12.25755,57.14413],[12.25862,57.14269],[12.26274,57.14159],[12.2709,57.14297],[12.26873,57.14119],[12.26839,57.13739],[12.25857,57.12979],[12.25814,57.12632],[12.25504,57.12644],[12.2549,57.12831],[12.25138,57.12812],[12.26173,57.08315],[12.2637,57.08073],[12.26837,57.08009],[12.26894,57.07705],[12.27757,57.07184],[12.279,57.06755],[12.27738,57.06386],[12.28049,57.06004],[12.28591,57.06211],[12.2891,57.06155],[12.29295,57.05892],[12.2927,57.05383]]],[[[12.28144,57.16618],[12.28033,57.16981],[12.27194,57.16822],[12.27454,57.1642],[12.27826,57.16372],[12.28144,57.16618]]],[[[12.21317,57.22809],[12.21253,57.22595],[12.20442,57.21875],[12.2122,57.21724],[12.21098,57.21508],[12.21405,57.21368],[12.21422,57.21144],[12.22103,57.20721],[12.2293,57.21015],[12.22945,57.21221],[12.23305,57.21428],[12.23277,57.21912],[12.22976,57.22265],[12.23099,57.22627],[12.22982,57.22808],[12.22364,57.22849],[12.21831,57.22686],[12.21317,57.22809]]],[[[12.14973,57.23381],[12.15135,57.23559],[12.14302,57.23701],[12.1433,57.24149],[12.13418,57.24598],[12.13308,57.23155],[12.13737,57.23027],[12.1398,57.23224],[12.14334,57.23204],[12.14973,57.23381]]],[[[12.21539,57.43832],[12.20395,57.43815],[12.19802,57.43936],[12.19266,57.4359],[12.20781,57.43122],[12.21205,57.43135],[12.21833,57.42903],[12.22013,57.43171],[12.2247,57.43378],[12.22109,57.43735],[12.21539,57.43832]]],[[[12.24075,57.44738],[12.23238,57.44375],[12.23419,57.43912],[12.24149,57.44031],[12.24638,57.44459],[12.24075,57.44738]]],[[[12.26776,57.48759],[12.26451,57.48733],[12.24866,57.47808],[12.23937,57.47679],[12.23169,57.47426],[12.2277,57.4753],[12.22389,57.47465],[12.22577,57.47101],[12.23208,57.46899],[12.23737,57.47012],[12.24219,57.46983],[12.244,57.47341],[12.2519,57.47498],[12.25412,57.47885],[12.26056,57.48059],[12.2636,57.48465],[12.26812,57.48382],[12.27001,57.48644],[12.26776,57.48759]]],[[[11.97458,57.51113],[11.97247,57.5165],[11.97352,57.52079],[11.96971,57.52205],[11.96716,57.52513],[11.95722,57.52361],[11.9528,57.52572],[11.95797,57.50164],[11.95449,57.49575],[11.95885,57.49366],[11.95969,57.49192],[11.95744,57.48973],[11.94923,57.48684],[11.93374,57.46055],[11.93008,57.45078],[11.93792,57.44905],[11.93963,57.4465],[11.93794,57.4435],[11.92842,57.43815],[11.93329,57.42624],[11.9406,57.41689],[11.94977,57.41624],[11.95294,57.41397],[11.9558,57.41435],[11.95721,57.41591],[11.95474,57.41855],[11.94835,57.42098],[11.94607,57.42362],[11.94104,57.42501],[11.94114,57.4268],[11.9445,57.42832],[11.94449,57.43043],[11.94766,57.43235],[11.9421,57.43535],[11.94735,57.43859],[11.94307,57.44115],[11.94797,57.44232],[11.9504,57.445],[11.96064,57.44285],[11.96992,57.44659],[11.97452,57.44636],[11.98079,57.45052],[11.98145,57.45739],[11.98562,57.46016],[11.9884,57.45998],[11.9869,57.45797],[11.98908,57.45684],[11.99623,57.45904],[12.00073,57.4571],[12.00612,57.45719],[12.00619,57.46248],[12.00841,57.46474],[12.01544,57.46591],[12.01262,57.46982],[12.01588,57.47181],[12.01757,57.4796],[12.02312,57.47673],[12.02497,57.47168],[12.03111,57.47194],[12.0353,57.4742],[12.03915,57.47384],[12.03831,57.47229],[12.03233,57.46972],[12.03216,57.46534],[12.02963,57.46258],[12.03379,57.45947],[12.03226,57.45569],[12.03442,57.4541],[12.03053,57.45092],[12.03356,57.44784],[12.03151,57.44302],[12.02148,57.43947],[12.01881,57.4318],[12.01542,57.43038],[12.01099,57.43018],[12.0124,57.42815],[12.01911,57.42556],[12.01889,57.42334],[12.01359,57.42213],[12.00825,57.41905],[12.00573,57.41549],[11.98962,57.41166],[11.9837,57.40763],[11.97954,57.40825],[11.97677,57.40398],[11.97792,57.40214],[11.98116,57.40118],[11.99342,57.40183],[11.9943,57.40262],[11.99203,57.40487],[12.00318,57.40844],[12.00535,57.40825],[12.01164,57.40264],[12.00427,57.39856],[11.99475,57.39982],[11.99172,57.39742],[11.99493,57.39572],[12.00138,57.39619],[12.0005,57.39369],[12.00267,57.39262],[12.0084,57.39257],[12.01203,57.39077],[12.01531,57.3918],[12.01825,57.39805],[12.0234,57.40132],[12.02505,57.40405],[12.03034,57.40564],[12.03282,57.41092],[12.03782,57.41267],[12.03956,57.41773],[12.04535,57.41826],[12.04798,57.42302],[12.05682,57.42574],[12.05979,57.43116],[12.06254,57.43162],[12.06435,57.43846],[12.06108,57.4404],[12.06059,57.44376],[12.05705,57.4466],[12.06322,57.4528],[12.06272,57.45931],[12.06542,57.4615],[12.07246,57.46201],[12.07609,57.46343],[12.08258,57.46044],[12.0884,57.45928],[12.09217,57.4615],[12.11131,57.45576],[12.11591,57.44683],[12.12367,57.44701],[12.12648,57.44841],[12.12944,57.44737],[12.12422,57.44085],[12.12443,57.43729],[12.13409,57.4344],[12.13364,57.43109],[12.13878,57.42972],[12.13982,57.42754],[12.1375,57.42553],[12.14181,57.42076],[12.1367,57.41794],[12.13165,57.41697],[12.12884,57.41302],[12.13054,57.41077],[12.12605,57.40602],[12.12902,57.40217],[12.12397,57.40072],[12.12284,57.38704],[12.10094,57.35088],[12.11455,57.34118],[12.14916,57.3467],[12.16368,57.33758],[12.18246,57.27688],[12.13416,57.26229],[12.13372,57.24972],[12.13644,57.24978],[12.13806,57.24743],[12.14248,57.24544],[12.14969,57.24842],[12.1565,57.24542],[12.16614,57.24376],[12.17002,57.24194],[12.17636,57.24349],[12.17548,57.23972],[12.18017,57.23807],[12.19957,57.23815],[12.20002,57.24179],[12.20336,57.24541],[12.19861,57.24843],[12.1979,57.25134],[12.20392,57.25279],[12.21145,57.25733],[12.20323,57.26179],[12.20383,57.26345],[12.2017,57.26565],[12.20393,57.26907],[12.19803,57.27051],[12.19916,57.27188],[12.20342,57.27299],[12.20348,57.27501],[12.19807,57.27546],[12.19656,57.27902],[12.19848,57.28085],[12.20274,57.28196],[12.20266,57.28309],[12.19952,57.28335],[12.1959,57.28193],[12.19034,57.28472],[12.19225,57.28643],[12.20056,57.28888],[12.20865,57.29434],[12.20839,57.29793],[12.20489,57.30032],[12.20798,57.30331],[12.20771,57.3069],[12.20212,57.3097],[12.20202,57.31104],[12.2073,57.31227],[12.20996,57.31547],[12.21357,57.314],[12.21406,57.31064],[12.22069,57.31078],[12.22985,57.31593],[12.23368,57.31467],[12.24695,57.31496],[12.24869,57.32069],[12.25783,57.31941],[12.26089,57.32178],[12.25995,57.32445],[12.2621,57.32626],[12.26536,57.32258],[12.26846,57.3217],[12.27666,57.32261],[12.28073,57.32423],[12.28662,57.32322],[12.29151,57.32446],[12.29322,57.32663],[12.29669,57.3275],[12.29857,57.33016],[12.29153,57.33154],[12.2875,57.33385],[12.30416,57.33603],[12.3125,57.34132],[12.30649,57.3468],[12.31041,57.35013],[12.32063,57.35249],[12.32382,57.35436],[12.31956,57.35753],[12.31973,57.35899],[12.32688,57.35963],[12.32941,57.36459],[12.32672,57.36723],[12.3275,57.37073],[12.33523,57.37262],[12.3365,57.37432],[12.32894,57.3802],[12.32441,57.38111],[12.32377,57.38341],[12.31232,57.3822],[12.30583,57.38268],[12.30649,57.3809],[12.3033,57.37797],[12.30283,57.37539],[12.29768,57.37621],[12.29423,57.37498],[12.29186,57.37233],[12.2986,57.36796],[12.29576,57.36456],[12.29662,57.3594],[12.29317,57.35528],[12.27546,57.34542],[12.2684,57.34351],[12.26397,57.34667],[12.25845,57.347],[12.2541,57.34356],[12.25687,57.34025],[12.25139,57.33753],[12.24395,57.33785],[12.24251,57.34182],[12.2384,57.3442],[12.23852,57.3473],[12.24736,57.35114],[12.24382,57.3567],[12.24039,57.35634],[12.23483,57.35188],[12.22968,57.35128],[12.22529,57.34886],[12.22743,57.34666],[12.22563,57.33812],[12.23219,57.33654],[12.22898,57.33408],[12.2252,57.33596],[12.21749,57.33656],[12.21161,57.34183],[12.20504,57.34106],[12.20546,57.33907],[12.19664,57.33758],[12.19334,57.33878],[12.19156,57.34319],[12.18189,57.34424],[12.17677,57.3475],[12.18155,57.34923],[12.18108,57.35417],[12.17776,57.35617],[12.17383,57.35632],[12.18058,57.36209],[12.1817,57.36719],[12.17926,57.36917],[12.17958,57.37155],[12.17262,57.37164],[12.15992,57.37619],[12.15922,57.38288],[12.16107,57.38517],[12.15957,57.38688],[12.16186,57.38859],[12.15606,57.39361],[12.15415,57.3985],[12.16382,57.40351],[12.17012,57.40416],[12.17074,57.40696],[12.17721,57.41211],[12.17088,57.41326],[12.16681,57.41765],[12.16878,57.41886],[12.17378,57.41871],[12.18149,57.42136],[12.17054,57.42833],[12.18179,57.43919],[12.17531,57.44211],[12.17521,57.44346],[12.17845,57.44466],[12.18432,57.44423],[12.18971,57.44864],[12.19676,57.45038],[12.20269,57.45742],[12.21006,57.4564],[12.21331,57.45745],[12.21763,57.46148],[12.21651,57.46526],[12.21417,57.46688],[12.2166,57.46903],[12.21233,57.47031],[12.20744,57.46888],[12.2016,57.46891],[12.20375,57.46664],[12.20001,57.46379],[12.19873,57.46075],[12.19256,57.46441],[12.18918,57.46501],[12.18759,57.46677],[12.17915,57.46894],[12.17516,57.46781],[12.17239,57.47025],[12.16461,57.47266],[12.15821,57.46779],[12.15994,57.46568],[12.15123,57.46242],[12.13803,57.4606],[12.13578,57.46279],[12.13891,57.46538],[12.13558,57.46717],[12.12995,57.46805],[12.12489,57.47401],[12.11874,57.47544],[12.11819,57.47722],[12.12114,57.47931],[12.11417,57.48342],[12.11725,57.48641],[12.11757,57.49024],[12.12295,57.49339],[12.12748,57.49406],[12.11414,57.50059],[12.11297,57.50227],[12.11414,57.50443],[12.10874,57.50543],[12.10971,57.50848],[12.10509,57.51147],[12.10845,57.51241],[12.10982,57.51495],[12.11163,57.51529],[12.11348,57.51138],[12.11656,57.51081],[12.12219,57.51534],[12.12793,57.51749],[12.12912,57.52106],[12.12717,57.52461],[12.12065,57.52828],[12.11719,57.527],[12.11708,57.53269],[12.12159,57.53172],[12.13622,57.53425],[12.13876,57.53655],[12.14204,57.53729],[12.15531,57.53056],[12.15847,57.53021],[12.16895,57.53693],[12.17459,57.53777],[12.17604,57.54034],[12.18378,57.53959],[12.19191,57.54078],[12.19928,57.54477],[12.20108,57.54787],[12.20663,57.54699],[12.21257,57.54818],[12.21658,57.55151],[12.21496,57.55354],[12.22342,57.55676],[12.22883,57.56073],[12.22893,57.56272],[12.23779,57.56668],[12.23734,57.57036],[12.2411,57.57078],[12.24582,57.56831],[12.25171,57.56917],[12.26084,57.57435],[12.26581,57.5799],[12.27452,57.58158],[12.27282,57.58367],[12.27745,57.58703],[12.27359,57.59111],[12.26585,57.59111],[12.26276,57.58964],[12.26038,57.58279],[12.25392,57.58293],[12.25096,57.58129],[12.25096,57.5791],[12.24479,57.57683],[12.22507,57.57724],[12.22334,57.57518],[12.21532,57.57343],[12.21103,57.5709],[12.20838,57.56543],[12.20512,57.56469],[12.20115,57.56518],[12.19548,57.55962],[12.19217,57.55975],[12.18882,57.5579],[12.18507,57.55769],[12.18225,57.55429],[12.17493,57.55827],[12.16586,57.55344],[12.15152,57.5551],[12.14582,57.55042],[12.14269,57.55215],[12.13181,57.55112],[12.13008,57.5531],[12.12299,57.55642],[12.11857,57.5552],[12.11542,57.55258],[12.10501,57.55513],[12.0972,57.56274],[12.09916,57.56621],[12.09706,57.56897],[12.10779,57.57234],[12.11309,57.57956],[12.10983,57.58527],[12.10557,57.58489],[12.10526,57.58691],[12.09638,57.59008],[12.09548,57.59578],[12.0975,57.59931],[12.09442,57.6002],[12.08765,57.59965],[12.08683,57.60143],[12.08873,57.60458],[12.0853,57.61038],[12.08699,57.61199],[12.09362,57.61018],[12.10096,57.6118],[12.10846,57.61923],[12.09793,57.61915],[12.09678,57.61676],[12.08734,57.61676],[12.08382,57.6136],[12.08166,57.61322],[12.06948,57.61754],[12.06302,57.61851],[12.05971,57.62061],[12.05339,57.61941],[12.05008,57.6198],[12.04622,57.62205],[12.04621,57.62475],[12.04913,57.62715],[12.04242,57.63539],[12.04705,57.63724],[12.05228,57.63733],[12.05625,57.63914],[12.05411,57.64314],[12.05562,57.64519],[12.06385,57.64538],[12.06803,57.64807],[12.07285,57.64722],[12.07776,57.64481],[12.08318,57.64636],[12.08507,57.64722],[12.08576,57.65083],[12.08402,57.6542],[12.09001,57.65318],[12.09081,57.65494],[12.08454,57.65813],[12.08203,57.65815],[12.07552,57.65648],[12.072,57.65257],[12.06767,57.65168],[12.05312,57.65532],[12.04911,57.65692],[12.04853,57.65893],[12.05508,57.66226],[12.05637,57.66438],[12.05993,57.66447],[12.0619,57.66601],[12.05731,57.66826],[12.05974,57.67026],[12.05959,57.67212],[12.05585,57.67137],[12.05355,57.66812],[12.04879,57.66734],[12.04334,57.6699],[12.0359,57.67125],[12.03174,57.67081],[12.02852,57.67422],[12.0312,57.67743],[12.02758,57.6797],[12.02429,57.67981],[12.02209,57.67856],[12.02261,57.67475],[12.02126,57.67416],[12.01473,57.67432],[12.00779,57.67788],[12.00803,57.68115],[12.01422,57.67905],[12.01631,57.67988],[12.00636,57.68869],[12.00789,57.69047],[12.00565,57.69222],[12.00738,57.69411],[12.00651,57.69707],[12.0088,57.69982],[12.0031,57.70272],[11.99643,57.70346],[11.99454,57.7048],[12.00457,57.71032],[12.00242,57.71225],[12.0057,57.71536],[12.00485,57.7171],[11.99775,57.71665],[11.98813,57.71303],[11.98211,57.71544],[11.98768,57.71915],[11.98714,57.72056],[11.98432,57.72065],[11.97416,57.71719],[11.96787,57.71626],[11.96411,57.71808],[11.96456,57.72067],[11.96048,57.72054],[11.95108,57.72365],[11.94739,57.72262],[11.94348,57.72289],[11.93818,57.72096],[11.94387,57.71821],[11.95038,57.71881],[11.95424,57.71672],[11.95772,57.7177],[11.96404,57.71403],[11.95787,57.71152],[11.9573,57.70902],[11.95238,57.70564],[11.95787,57.70584],[11.94083,57.69958],[11.94386,57.69841],[11.95285,57.69758],[11.95733,57.69971],[11.95649,57.70216],[11.95898,57.70335],[11.96342,57.69666],[11.97339,57.69659],[11.98003,57.69498],[11.98484,57.69189],[11.99024,57.68634],[11.98804,57.68315],[11.98829,57.67896],[11.97468,57.67673],[11.97432,57.6805],[11.96541,57.68423],[11.96183,57.68432],[11.96022,57.68248],[11.96736,57.67591],[11.9722,57.67468],[11.9737,57.67185],[11.98101,57.6681],[11.98701,57.6613],[11.9735,57.65589],[11.96823,57.65801],[11.95985,57.65877],[11.95691,57.65634],[11.95668,57.65322],[11.95303,57.65297],[11.95057,57.65109],[11.94533,57.65111],[11.93879,57.64919],[11.94225,57.64789],[11.94704,57.6488],[11.95661,57.6465],[11.96237,57.6478],[11.96664,57.64631],[11.97757,57.6465],[11.98152,57.64502],[11.98054,57.64102],[11.99338,57.63774],[11.99899,57.63833],[12.00196,57.63663],[12.00772,57.63632],[12.01563,57.63336],[12.01574,57.63078],[12.02034,57.62572],[12.02289,57.62526],[12.03195,57.62715],[12.03599,57.62691],[12.03632,57.62447],[12.03331,57.62175],[12.03443,57.61781],[12.02767,57.61543],[12.01764,57.60756],[12.01474,57.60469],[12.01732,57.6025],[12.02524,57.60168],[12.0279,57.5998],[12.03477,57.60192],[12.04755,57.60009],[12.05159,57.60088],[12.05753,57.59864],[12.06486,57.60357],[12.07403,57.60388],[12.07726,57.60255],[12.07677,57.59625],[12.08489,57.58987],[12.08191,57.58918],[12.06936,57.59049],[12.06569,57.59316],[12.06125,57.59372],[12.05948,57.59102],[12.06537,57.5888],[12.06359,57.58395],[12.05529,57.58202],[12.05679,57.57377],[12.05344,57.57309],[12.05113,57.57123],[12.05469,57.57043],[12.05785,57.56784],[12.07816,57.56292],[12.0839,57.56283],[12.09008,57.55965],[12.09096,57.55615],[12.08817,57.55408],[12.09018,57.55217],[12.08803,57.54978],[12.08918,57.54508],[12.09184,57.54357],[12.0908,57.54133],[12.09309,57.53968],[12.08929,57.53865],[12.08791,57.53569],[12.075,57.52925],[12.07083,57.52534],[12.06606,57.52624],[12.06158,57.52473],[12.06339,57.52303],[12.05051,57.52093],[12.04998,57.51834],[12.04552,57.51677],[12.05376,57.51258],[12.05387,57.51124],[12.04577,57.50858],[12.04191,57.50983],[12.03658,57.50858],[12.03854,57.50458],[12.03751,57.50231],[12.04183,57.5005],[12.03983,57.49941],[12.034,57.49931],[12.03382,57.49506],[12.03,57.49442],[12.02545,57.4915],[12.0199,57.49315],[12.01292,57.49163],[12.00315,57.49402],[11.99966,57.49895],[11.9893,57.49569],[11.98937,57.49932],[11.99508,57.50148],[11.99266,57.50485],[11.99425,57.50803],[11.98701,57.51229],[11.97861,57.51462],[11.97458,57.51113]],[[12.16952,57.34772],[12.16481,57.34519],[12.16081,57.34726],[12.16349,57.34931],[12.16364,57.35288],[12.16876,57.35098],[12.16952,57.34772]],[[11.97833,57.46586],[11.98132,57.46492],[11.97428,57.46192],[11.97312,57.45953],[11.96864,57.45762],[11.96798,57.45988],[11.96238,57.45953],[11.96104,57.4557],[11.95669,57.45313],[11.94939,57.45577],[11.94269,57.45279],[11.93646,57.45541],[11.93912,57.46039],[11.95354,57.46803],[11.95088,57.46999],[11.95484,57.47248],[11.95159,57.47645],[11.95376,57.47852],[11.95764,57.47584],[11.97252,57.4756],[11.97865,57.47455],[11.98086,57.47311],[11.97707,57.46852],[11.97833,57.46586]],[[11.99116,57.67719],[11.99442,57.67206],[11.99147,57.67087],[11.9857,57.67219],[11.98707,57.67593],[11.99116,57.67719]]],[[[12.02521,57.72065],[12.0293,57.72277],[12.03055,57.7255],[12.0275,57.72769],[12.0221,57.72697],[12.02232,57.72174],[12.02521,57.72065]]],[[[12.00324,57.73148],[12.00017,57.72927],[12.00139,57.7258],[12.00708,57.72571],[12.0211,57.72994],[12.02723,57.73091],[12.02793,57.73262],[12.02553,57.73627],[12.02317,57.73644],[12.01744,57.73256],[12.01067,57.73312],[12.00324,57.73148]]],[[[12.50258,56.92527],[12.49937,56.92548],[12.49251,56.92164],[12.49493,56.91778],[12.48709,56.91056],[12.48314,56.91033],[12.48084,56.90579],[12.49101,56.89755],[12.49753,56.90163],[12.49714,56.90512],[12.5039,56.90547],[12.50851,56.90342],[12.51114,56.90415],[12.51402,56.90915],[12.5224,56.91381],[12.52201,56.91661],[12.52622,56.91883],[12.52454,56.92183],[12.52648,56.92356],[12.51873,56.9251],[12.52055,56.92729],[12.51857,56.92925],[12.50939,56.92976],[12.50258,56.92527]]],[[[12.32478,57.04875],[12.32687,57.04538],[12.33104,57.04539],[12.33417,57.04677],[12.33264,57.0504],[12.32478,57.04875]]],[[[12.34133,57.06572],[12.34156,57.06827],[12.33737,57.06914],[12.32851,57.06479],[12.32445,57.06527],[12.32113,57.06138],[12.32139,57.05916],[12.32809,57.05967],[12.33668,57.06547],[12.34133,57.06572]]],[[[12.36256,57.13267],[12.36006,57.13157],[12.36338,57.12917],[12.3695,57.12801],[12.37553,57.1305],[12.3705,57.13289],[12.36256,57.13267]]],[[[12.35388,57.13279],[12.35493,57.13547],[12.34901,57.1373],[12.3453,57.14081],[12.34081,57.13926],[12.33897,57.13711],[12.33388,57.13511],[12.33996,57.13385],[12.34693,57.12972],[12.34954,57.13225],[12.35388,57.13279]]],[[[12.2868,57.17495],[12.2871,57.17147],[12.29081,57.16891],[12.29551,57.16896],[12.2977,57.16597],[12.30474,57.16646],[12.31299,57.17237],[12.30606,57.17779],[12.30758,57.18146],[12.29954,57.18095],[12.28993,57.17757],[12.2868,57.17495]]],[[[12.31926,57.22609],[12.3223,57.22874],[12.32303,57.23246],[12.31933,57.23474],[12.31327,57.23124],[12.31633,57.22621],[12.31926,57.22609]]],[[[12.31228,57.33098],[12.30019,57.33072],[12.30186,57.32688],[12.3064,57.32534],[12.30945,57.32563],[12.31228,57.33098]]],[[[12.26327,57.45046],[12.26311,57.44798],[12.26682,57.44571],[12.27513,57.44889],[12.27287,57.45117],[12.26327,57.45046]]]]}},{"type":"Feature","properties":{"fs":"TRANSIT","t":30.0},"geometry":{"type":"MultiPolygon","coordinates":[[[[12.03251,57.4276],[12.03762,57.43058],[12.0377,57.433],[12.04836,57.43771],[12.04908,57.44169],[12.04583,57.44409],[12.04925,57.44731],[12.05752,57.44898],[12.05586,57.45073],[12.05683,57.45416],[12.06292,57.45617],[12.06055,57.46151],[12.06175,57.46689],[12.05482,57.46875],[12.05071,57.46802],[12.04718,57.4653],[12.05065,57.46134],[12.04652,57.45929],[12.04586,57.45586],[12.04757,57.45274],[12.04375,57.45029],[12.04064,57.44307],[12.04178,57.43793],[12.02946,57.42932],[12.02977,57.42798],[12.03251,57.4276]]],[[[12.15148,57.44854],[12.15821,57.44943],[12.15878,57.45185],[12.16236,57.45328],[12.15641,57.4554],[12.15266,57.45413],[12.1401,57.45545],[12.13691,57.45625],[12.134,57.45888],[12.12657,57.45966],[12.12263,57.46288],[12.11722,57.46476],[12.11632,57.46886],[12.11141,57.46935],[12.10981,57.47164],[12.11079,57.47379],[12.1053,57.47648],[12.10789,57.48054],[12.11129,57.48245],[12.10999,57.48451],[12.11542,57.49154],[12.11329,57.49587],[12.11015,57.49685],[12.10353,57.49672],[12.09712,57.49386],[12.09055,57.49673],[12.09458,57.49847],[12.09234,57.50134],[12.09278,57.5054],[12.09858,57.51238],[12.09522,57.51669],[12.09793,57.51879],[12.10734,57.52079],[12.10739,57.52534],[12.10074,57.5241],[12.09283,57.51995],[12.08848,57.51612],[12.08407,57.5178],[12.08439,57.52057],[12.07732,57.52125],[12.06601,57.51646],[12.06296,57.5128],[12.05737,57.51222],[12.05946,57.50794],[12.0566,57.50445],[12.05097,57.50104],[12.05405,57.49911],[12.05973,57.50014],[12.06231,57.49885],[12.06172,57.49704],[12.05694,57.4943],[12.04728,57.4916],[12.04364,57.49218],[12.03728,57.49137],[12.03032,57.49316],[12.02552,57.49136],[12.02408,57.48926],[12.0207,57.48933],[12.01865,57.48794],[12.01796,57.4841],[12.02707,57.48114],[12.0336,57.48363],[12.04399,57.4842],[12.04765,57.4862],[12.05054,57.48565],[12.05276,57.4802],[12.05171,57.478],[12.05514,57.47617],[12.05375,57.47348],[12.05506,57.47099],[12.06214,57.47115],[12.06787,57.47503],[12.07881,57.47126],[12.08569,57.47198],[12.08936,57.46966],[12.08636,57.46744],[12.0873,57.46544],[12.09666,57.46446],[12.10266,57.46243],[12.10425,57.46075],[12.10266,57.45855],[12.11009,57.45805],[12.1129,57.45358],[12.11697,57.454],[12.11927,57.4573],[12.12573,57.4561],[12.13338,57.4506],[12.13388,57.44887],[12.13142,57.44652],[12.14065,57.44093],[12.14834,57.43954],[12.1517,57.4457],[12.1426,57.44897],[12.14289,57.45],[12.15148,57.44854]]],[[[12.00922,57.4858],[12.00256,57.48569],[11.99605,57.48366],[11.99915,57.48197],[11.99624,57.47628],[12.00081,57.47493],[12.00377,57.47706],[12.0082,57.47792],[12.01075,57.48112],[12.01645,57.48412],[12.00922,57.4858]]],[[[11.98561,57.49681],[11.98186,57.4938],[11.98375,57.49235],[11.99335,57.49183],[11.99428,57.49281],[11.98561,57.49681]]],[[[11.95834,57.50234],[11.96623,57.5011],[11.97194,57.50272],[11.97791,57.50625],[11.97202,57.5078],[11.96855,57.50462],[11.96354,57.50329],[11.95891,57.50385],[11.95834,57.50234]]],[[[12.07674,57.58058],[12.07204,57.57918],[12.07168,57.57591],[12.0726,57.57351],[12.07764,57.57151],[12.08379,57.5735],[12.085,57.57667],[12.07975,57.58003],[12.07674,57.58058]]],[[[12.02584,57.64815],[12.02644,57.64979],[12.02225,57.65168],[12.02473,57.65402],[12.03019,57.65378],[12.03415,57.65671],[12.03335,57.65804],[12.01836,57.66005],[12.01238,57.6589],[12.00581,57.65466],[12.01568,57.6519],[12.01722,57.64721],[12.02028,57.64908],[12.02372,57.64714],[12.02584,57.64815]]],[[[12.26337,57.10501],[12.26883,57.1094],[12.26843,57.11205],[12.26451,57.1138],[12.26435,57.11604],[12.25822,57.1202],[12.25353,57.11876],[12.2574,57.102],[12.26573,57.10012],[12.26944,57.10222],[12.27571,57.10008],[12.27804,57.10207],[12.26337,57.10501]]],[[[12.15086,57.39213],[12.14655,57.39698],[12.1472,57.40014],[12.1592,57.40271],[12.15699,57.40755],[12.15399,57.40849],[12.1592,57.41389],[12.15527,57.41728],[12.16059,57.41875],[12.16145,57.42113],[12.15839,57.4278],[12.15512,57.4293],[12.15286,57.42704],[12.14781,57.42605],[12.15309,57.42087],[12.15077,57.4152],[12.14573,57.41269],[12.13911,57.40229],[12.13363,57.40056],[12.13801,57.39868],[12.13326,57.39481],[12.13287,57.38956],[12.12133,57.38455],[12.11909,57.38085],[12.1214,57.38039],[12.11858,57.38002],[12.10094,57.35088],[12.11455,57.34118],[12.14916,57.3467],[12.16368,57.33758],[12.17566,57.30413],[12.18246,57.27688],[12.17171,57.27364],[12.1711,57.26986],[12.16831,57.26841],[12.17637,57.26374],[12.17513,57.26101],[12.17638,57.25699],[12.17213,57.25371],[12.17227,57.24926],[12.17582,57.24613],[12.18458,57.24544],[12.18609,57.24643],[12.1852,57.24905],[12.18803,57.25186],[12.18598,57.25424],[12.19233,57.25794],[12.18729,57.25887],[12.18507,57.26078],[12.19003,57.26365],[12.19099,57.26631],[12.18639,57.27212],[12.19018,57.27528],[12.18483,57.28097],[12.18976,57.28307],[12.19163,57.28745],[12.18982,57.29368],[12.19469,57.2974],[12.19294,57.30667],[12.19915,57.30879],[12.19671,57.31621],[12.2005,57.31783],[12.20267,57.31564],[12.20887,57.31607],[12.21106,57.31771],[12.21057,57.32144],[12.21619,57.32401],[12.22602,57.32197],[12.22937,57.32372],[12.2351,57.32352],[12.23514,57.32571],[12.24001,57.32911],[12.24283,57.32992],[12.24797,57.32913],[12.25196,57.33246],[12.26233,57.3308],[12.2653,57.33625],[12.2564,57.33853],[12.25263,57.33688],[12.25211,57.33413],[12.23995,57.33637],[12.23188,57.3317],[12.22204,57.33008],[12.21535,57.33196],[12.20958,57.33138],[12.20066,57.32848],[12.19171,57.33144],[12.19081,57.335],[12.18329,57.33826],[12.17197,57.33659],[12.17241,57.34032],[12.16916,57.34188],[12.169,57.34395],[12.16441,57.3434],[12.16054,57.34505],[12.15903,57.34693],[12.16047,57.3491],[12.1572,57.35063],[12.16819,57.35629],[12.16622,57.36185],[12.16794,57.36539],[12.15855,57.36811],[12.15345,57.36626],[12.1496,57.36637],[12.1494,57.37607],[12.14573,57.37788],[12.13706,57.37699],[12.13153,57.38181],[12.13263,57.38426],[12.13872,57.38776],[12.14996,57.39039],[12.15086,57.39213]]],[[[12.28595,57.34642],[12.28471,57.34341],[12.28692,57.34166],[12.28943,57.34145],[12.29434,57.34324],[12.29378,57.34653],[12.289,57.34721],[12.28595,57.34642]]],[[[12.15683,57.43329],[12.16194,57.4372],[12.15812,57.43806],[12.15121,57.43756],[12.15073,57.43315],[12.15683,57.43329]]],[[[12.16669,57.46063],[12.16736,57.45873],[12.16314,57.45397],[12.17004,57.45095],[12.17392,57.45204],[12.17385,57.4536],[12.17731,57.45536],[12.17809,57.4588],[12.17546,57.46088],[12.17129,57.46176],[12.16669,57.46063]]],[[[12.14986,57.54422],[12.14495,57.54288],[12.13932,57.54497],[12.13333,57.54385],[12.12801,57.54575],[12.12268,57.54338],[12.11584,57.54637],[12.10886,57.54478],[12.10232,57.54459],[12.09876,57.54568],[12.09617,57.54322],[12.09557,57.53961],[12.09789,57.53298],[12.1015,57.53222],[12.1066,57.53509],[12.11071,57.53333],[12.11551,57.53468],[12.11897,57.53954],[12.12345,57.54129],[12.13498,57.54214],[12.14939,57.53955],[12.1528,57.54137],[12.14986,57.54422]]]]}},{"type":"Feature","properties":{"fs":"TRANSIT","t":15.0},"geometry":{"type":"MultiPolygon","coordinates":[[[[12.1754,57.32946],[12.16733,57.3297],[12.16712,57.32703],[12.17435,57.32481],[12.17596,57.32619],[12.1754,57.32946]]],[[[12.11647,57.36371],[12.10581,57.35828],[12.10274,57.35384],[12.1046,57.35153],[12.11249,57.34823],[12.11738,57.34418],[12.12455,57.34278],[12.13808,57.34493],[12.13692,57.34677],[12.13967,57.34881],[12.13813,57.3499],[12.13375,57.35018],[12.13679,57.35559],[12.15056,57.35988],[12.15179,57.36294],[12.1465,57.36867],[12.13965,57.37042],[12.1372,57.36816],[12.13366,57.36728],[12.12284,57.36815],[12.12357,57.3634],[12.12071,57.36271],[12.11647,57.36371]]]]}},{"type":"Feature","properties":{"fs":"TRANSIT50","t":60.0},"geometry":{"type":"MultiPolygon","coordinates":[[[[12.25593,57.12648],[12.25594,57.12824],[12.25104,57.12957],[12.26173,57.08315],[12.26973,57.08039],[12.27241,57.07757],[12.27898,57.07513],[12.27885,57.07277],[12.28396,57.06917],[12.28972,57.06784],[12.28963,57.06491],[12.28693,57.06235],[12.29513,57.05919],[12.30017,57.06458],[12.29285,57.06817],[12.29178,57.07513],[12.28686,57.0767],[12.28571,57.08235],[12.28079,57.08989],[12.28926,57.09535],[12.29497,57.09637],[12.29668,57.09843],[12.30023,57.09929],[12.3016,57.10595],[12.31067,57.10761],[12.3126,57.10936],[12.30636,57.11426],[12.30566,57.11682],[12.30091,57.1168],[12.29273,57.11854],[12.29189,57.12023],[12.29747,57.12226],[12.29759,57.12429],[12.29064,57.1232],[12.29118,57.12561],[12.28592,57.12887],[12.28338,57.13218],[12.28962,57.13579],[12.2975,57.13665],[12.29753,57.14144],[12.29278,57.14576],[12.27992,57.14472],[12.27659,57.14286],[12.26975,57.14177],[12.26814,57.13741],[12.26419,57.13564],[12.26274,57.13224],[12.25823,57.12979],[12.25786,57.1263],[12.25593,57.12648]]],[[[12.2197,57.20493],[12.22206,57.20263],[12.2263,57.20598],[12.22801,57.22141],[12.22331,57.22456],[12.21991,57.22486],[12.21587,57.22069],[12.21877,57.2175],[12.2197,57.20493]]],[[[12.15135,57.23559],[12.14302,57.23701],[12.1433,57.24149],[12.13359,57.24619],[12.13308,57.23155],[12.13737,57.23027],[12.1398,57.23224],[12.14334,57.23204],[12.14973,57.23381],[12.15135,57.23559]]],[[[12.01279,57.47454],[12.01341,57.47677],[12.01753,57.47982],[12.02385,57.47676],[12.02622,57.47171],[12.04088,57.47708],[12.04738,57.4767],[12.04893,57.47594],[12.04773,57.4739],[12.05142,57.47375],[12.05353,57.47082],[12.04619,57.46525],[12.05026,57.4614],[12.04513,57.45965],[12.04693,57.45799],[12.04542,57.45604],[12.0465,57.45309],[12.04303,57.45166],[12.04307,57.44852],[12.0396,57.44297],[12.04131,57.43859],[12.02777,57.42874],[12.02917,57.42689],[12.03464,57.42702],[12.03574,57.42894],[12.03955,57.43071],[12.03888,57.43252],[12.05032,57.43801],[12.05001,57.44177],[12.04601,57.44361],[12.04978,57.44533],[12.04978,57.44721],[12.05849,57.44912],[12.05722,57.45109],[12.05841,57.45445],[12.06294,57.45595],[12.06107,57.46197],[12.06224,57.46919],[12.06743,57.47452],[12.07239,57.47276],[12.07496,57.46903],[12.07544,57.46388],[12.08259,57.46045],[12.08841,57.45929],[12.09217,57.4615],[12.09628,57.46027],[12.10269,57.4611],[12.10006,57.45913],[12.11131,57.45576],[12.11529,57.44803],[12.11759,57.45016],[12.11591,57.45222],[12.11857,57.45355],[12.1227,57.45405],[12.12636,57.45224],[12.12551,57.44998],[12.12104,57.44864],[12.12322,57.44745],[12.1273,57.44843],[12.12944,57.44737],[12.1242,57.44021],[12.1244,57.43767],[12.1329,57.43507],[12.13237,57.43098],[12.13848,57.42966],[12.13962,57.42756],[12.13729,57.42583],[12.13894,57.42062],[12.13643,57.41813],[12.13058,57.41729],[12.12989,57.41463],[12.12717,57.41308],[12.12899,57.41113],[12.12591,57.40965],[12.12398,57.4059],[12.12826,57.4022],[12.12395,57.40084],[12.12284,57.38704],[12.10094,57.35088],[12.11455,57.34118],[12.14916,57.3467],[12.16368,57.33758],[12.18246,57.27688],[12.13416,57.26229],[12.13372,57.24972],[12.13644,57.24978],[12.13806,57.24743],[12.14248,57.24544],[12.14881,57.24834],[12.15194,57.2481],[12.1565,57.24542],[12.1739,57.24151],[12.17456,57.23963],[12.18038,57.23737],[12.1894,57.23656],[12.19591,57.2381],[12.19959,57.23761],[12.20029,57.24179],[12.2043,57.24549],[12.19871,57.24881],[12.19805,57.25126],[12.20146,57.25177],[12.20525,57.2509],[12.20576,57.25305],[12.21141,57.25516],[12.21128,57.25957],[12.20367,57.26157],[12.20483,57.26368],[12.20171,57.26565],[12.20393,57.26907],[12.19803,57.27051],[12.19916,57.27188],[12.20342,57.27299],[12.20348,57.27501],[12.19807,57.27546],[12.19656,57.27902],[12.19848,57.28085],[12.20274,57.28196],[12.20266,57.28309],[12.19952,57.28335],[12.1959,57.28193],[12.1903,57.28516],[12.20498,57.29072],[12.20865,57.29434],[12.20839,57.29793],[12.2049,57.30032],[12.20798,57.30331],[12.20771,57.30691],[12.20164,57.31058],[12.20731,57.31228],[12.20454,57.31604],[12.21007,57.31953],[12.20967,57.32493],[12.2059,57.32518],[12.19967,57.32852],[12.20249,57.33195],[12.20222,57.33555],[12.19264,57.3387],[12.19178,57.34182],[12.19321,57.34444],[12.19111,57.34611],[12.19376,57.34818],[12.18737,57.34963],[12.18726,57.35159],[12.19131,57.35243],[12.19413,57.35694],[12.18452,57.36022],[12.19148,57.36436],[12.18534,57.3728],[12.18807,57.3763],[12.18129,57.37788],[12.17896,57.38108],[12.17255,57.38335],[12.16884,57.387],[12.16159,57.38663],[12.16264,57.38871],[12.15712,57.39332],[12.15416,57.3985],[12.15677,57.40068],[12.16368,57.40312],[12.17251,57.40284],[12.17036,57.4065],[12.17672,57.409],[12.17912,57.41164],[12.17174,57.41283],[12.16685,57.41721],[12.16878,57.41883],[12.1763,57.41845],[12.18233,57.42138],[12.17245,57.42677],[12.17354,57.43084],[12.1806,57.4356],[12.18263,57.43906],[12.175,57.4426],[12.17315,57.44746],[12.17648,57.44851],[12.18487,57.44783],[12.18741,57.45007],[12.19361,57.4507],[12.19698,57.45411],[12.1912,57.45918],[12.19122,57.46126],[12.18324,57.46629],[12.17857,57.46604],[12.16735,57.46957],[12.1647,57.46884],[12.16279,57.46545],[12.1556,57.46402],[12.15392,57.46174],[12.14666,57.45825],[12.14245,57.45782],[12.13612,57.46088],[12.1312,57.46156],[12.13128,57.46344],[12.1341,57.46551],[12.11822,57.47587],[12.11411,57.48387],[12.11685,57.48663],[12.11606,57.49],[12.11818,57.4917],[12.1159,57.49357],[12.11619,57.49533],[12.11962,57.49581],[12.11972,57.49725],[12.11264,57.50107],[12.10806,57.50039],[12.10731,57.50281],[12.10333,57.50398],[12.109,57.50788],[12.10474,57.50874],[12.10346,57.51115],[12.09582,57.5149],[12.09859,57.51642],[12.10483,57.51668],[12.10527,57.52035],[12.10201,57.5237],[12.09633,57.52375],[12.10107,57.52718],[12.11034,57.52612],[12.11399,57.52768],[12.11363,57.53239],[12.11725,57.53697],[12.12025,57.53815],[12.12328,57.53688],[12.12434,57.53937],[12.13039,57.54176],[12.12407,57.54575],[12.12577,57.54772],[12.12198,57.54798],[12.11761,57.55091],[12.1116,57.55241],[12.105,57.5513],[12.09115,57.55468],[12.09124,57.5521],[12.08876,57.55047],[12.08919,57.54508],[12.09187,57.54357],[12.09111,57.54138],[12.09325,57.53993],[12.09296,57.53832],[12.09,57.53758],[12.08321,57.53066],[12.07493,57.52502],[12.06531,57.5251],[12.06491,57.52103],[12.05838,57.5201],[12.05102,57.51735],[12.05436,57.5117],[12.04999,57.50968],[12.04896,57.50782],[12.0433,57.50807],[12.04089,57.50644],[12.04219,57.50332],[12.04508,57.50204],[12.03946,57.49757],[12.03374,57.49477],[12.03002,57.49422],[12.02627,57.49163],[12.0199,57.49314],[12.01655,57.49306],[12.01293,57.49153],[12.00367,57.49327],[11.9989,57.49768],[11.98846,57.49487],[11.98667,57.49617],[11.98706,57.49977],[11.98486,57.50298],[11.98635,57.5052],[11.98326,57.50889],[11.97451,57.50952],[11.97093,57.51275],[11.96809,57.51205],[11.96651,57.5095],[11.96305,57.50919],[11.95558,57.51278],[11.95797,57.50164],[11.9564,57.49898],[11.97332,57.49618],[11.97584,57.49411],[11.97378,57.49001],[11.97629,57.48794],[11.98221,57.48956],[11.98469,57.48915],[11.98487,57.4866],[11.98048,57.48464],[11.97455,57.48381],[11.97401,57.48277],[11.97767,57.48067],[11.98209,57.48094],[11.98718,57.47741],[11.99174,57.4764],[11.99014,57.47434],[11.9978,57.4725],[11.99795,57.46812],[12.00121,57.4691],[12.00379,57.47393],[12.01279,57.47454]]],[[[12.09344,57.57056],[12.09749,57.57213],[12.10648,57.57301],[12.1088,57.57812],[12.10759,57.5832],[12.10244,57.58349],[12.09652,57.58697],[12.08917,57.58856],[12.08205,57.58739],[12.07101,57.58938],[12.06616,57.58732],[12.06345,57.58291],[12.05939,57.58181],[12.05648,57.57893],[12.06036,57.57496],[12.05577,57.57097],[12.05764,57.56972],[12.06116,57.56977],[12.06357,57.56748],[12.0668,57.56771],[12.07722,57.56421],[12.0814,57.56419],[12.08454,57.56542],[12.08656,57.5708],[12.09344,57.57056]]],[[[11.95148,57.64776],[11.95657,57.64705],[11.96234,57.64815],[11.96767,57.64648],[11.98001,57.64673],[11.98722,57.64128],[11.99308,57.64132],[11.9972,57.63968],[12.01138,57.63726],[12.01777,57.63305],[12.01909,57.62951],[12.0222,57.6273],[12.02978,57.62813],[12.02568,57.63146],[12.02429,57.63544],[12.03529,57.63562],[12.03713,57.63218],[12.03478,57.62845],[12.03737,57.62589],[12.03556,57.62294],[12.03704,57.6213],[12.03659,57.61644],[12.02999,57.61527],[12.0221,57.60419],[12.02821,57.60242],[12.05514,57.602],[12.05774,57.60053],[12.06401,57.60365],[12.07318,57.60402],[12.08063,57.59986],[12.0837,57.60077],[12.08709,57.60413],[12.08191,57.61176],[12.05985,57.61883],[12.05318,57.61868],[12.04646,57.62161],[12.04588,57.6303],[12.04039,57.63552],[12.04033,57.63759],[12.04271,57.63909],[12.05215,57.63893],[12.05428,57.64112],[12.05397,57.64568],[12.06213,57.64759],[12.06385,57.65033],[12.0583,57.65351],[12.04834,57.65556],[12.04464,57.66065],[12.04748,57.66282],[12.04622,57.66421],[12.03895,57.66587],[12.02572,57.67265],[12.01871,57.67215],[12.00765,57.67781],[12.00753,57.68181],[12.01055,57.68372],[12.00893,57.68634],[11.99715,57.69145],[11.99885,57.69329],[12.00376,57.69475],[12.00573,57.69974],[12.00319,57.70163],[11.99527,57.7027],[11.9924,57.70527],[11.99351,57.70709],[11.99944,57.70982],[11.9973,57.71202],[12.00104,57.71491],[12.00035,57.71571],[11.99154,57.71439],[11.98509,57.71134],[11.98373,57.71365],[11.96776,57.71507],[11.96785,57.71336],[11.95897,57.71096],[11.95401,57.70615],[11.95787,57.70584],[11.95442,57.70466],[11.95539,57.7041],[11.95973,57.70438],[11.96715,57.70096],[11.97454,57.70044],[11.98666,57.69226],[11.99072,57.69224],[11.98749,57.68982],[11.99101,57.68659],[11.99035,57.67933],[11.99596,57.67244],[11.99498,57.66908],[11.9916,57.66941],[11.98421,57.67176],[11.9828,57.67583],[11.98009,57.67667],[11.97627,57.67298],[11.97984,57.6696],[11.98664,57.66846],[11.98563,57.66556],[11.98858,57.66114],[11.98636,57.65794],[11.98347,57.65622],[11.97845,57.6561],[11.97305,57.65425],[11.96902,57.6573],[11.95998,57.65798],[11.95717,57.6532],[11.94755,57.64959],[11.95148,57.64776]]],[[[12.01413,57.73185],[12.00994,57.73175],[12.003,57.72934],[12.00304,57.72632],[12.01611,57.72827],[12.01846,57.73038],[12.01413,57.73185]]]]}},{"type":"Feature","properties":{"fs":"TRANSIT50","t":45.0},"geometry":{"type":"MultiPolygon","coordinates":[[[[12.25696,57.11908],[12.25363,57.11834],[12.25695,57.10392],[12.26628,57.10844],[12.26839,57.11074],[12.26666,57.11272],[12.26186,57.11426],[12.25886,57.11862],[12.25696,57.11908]]],[[[12.1377,57.39875],[12.13294,57.39482],[12.13221,57.38935],[12.12141,57.38468],[12.10094,57.35088],[12.11455,57.34118],[12.14916,57.3467],[12.16368,57.33758],[12.17538,57.30444],[12.18246,57.27688],[12.17171,57.27364],[12.1711,57.26986],[12.16831,57.26841],[12.17629,57.26373],[12.17417,57.26123],[12.17586,57.25919],[12.1755,57.25588],[12.17086,57.25412],[12.17034,57.25281],[12.17502,57.24573],[12.18647,57.24509],[12.18603,57.24912],[12.18913,57.25234],[12.18901,57.25458],[12.19317,57.25786],[12.18796,57.25875],[12.18593,57.26035],[12.19003,57.26365],[12.19099,57.2667],[12.18639,57.27212],[12.19018,57.27528],[12.18483,57.28097],[12.18976,57.28307],[12.19163,57.28745],[12.19015,57.29406],[12.19569,57.29697],[12.19355,57.2992],[12.19546,57.30131],[12.1931,57.30663],[12.19813,57.30708],[12.20088,57.30922],[12.19764,57.31634],[12.20351,57.31964],[12.20469,57.32189],[12.2031,57.32373],[12.19643,57.32405],[12.19231,57.32632],[12.19744,57.32712],[12.19913,57.32896],[12.19226,57.3374],[12.1848,57.3403],[12.17906,57.34017],[12.17469,57.33841],[12.17193,57.34422],[12.16863,57.34527],[12.1641,57.34472],[12.16028,57.34697],[12.16324,57.34931],[12.16419,57.35311],[12.16876,57.35098],[12.17077,57.34704],[12.18155,57.34923],[12.18071,57.35461],[12.17776,57.35617],[12.17383,57.35632],[12.18058,57.36209],[12.1817,57.36719],[12.17926,57.36917],[12.17958,57.37155],[12.17333,57.37149],[12.16082,57.37547],[12.16047,57.38111],[12.15736,57.38345],[12.14551,57.386],[12.13981,57.38447],[12.13745,57.38593],[12.1409,57.3882],[12.15152,57.39039],[12.15254,57.392],[12.14726,57.39778],[12.15322,57.40108],[12.16071,57.40293],[12.15699,57.41025],[12.16125,57.41389],[12.15681,57.41709],[12.16355,57.41904],[12.16408,57.42029],[12.16005,57.4247],[12.15823,57.4303],[12.15468,57.43006],[12.15269,57.42718],[12.14818,57.42825],[12.14589,57.42662],[12.15209,57.42092],[12.15035,57.41525],[12.14305,57.41302],[12.14287,57.40998],[12.13838,57.40623],[12.13866,57.40233],[12.13273,57.40046],[12.13399,57.39907],[12.1377,57.39875]]],[[[12.15908,57.43542],[12.16276,57.43732],[12.15892,57.4386],[12.15226,57.43845],[12.14847,57.43522],[12.1491,57.43352],[12.15872,57.43305],[12.15908,57.43542]]],[[[12.13488,57.45019],[12.13283,57.44719],[12.13374,57.44567],[12.14028,57.44144],[12.14839,57.44005],[12.15094,57.44606],[12.14686,57.44652],[12.14159,57.44911],[12.14194,57.45323],[12.12951,57.45703],[12.12896,57.45437],[12.13488,57.45019]]],[[[12.10765,57.48625],[12.10271,57.4933],[12.0997,57.49378],[12.09607,57.49283],[12.08499,57.49839],[12.08882,57.50008],[12.08911,57.50172],[12.08626,57.50334],[12.08291,57.50351],[12.07582,57.50085],[12.07314,57.49775],[12.06667,57.49951],[12.06285,57.4965],[12.05006,57.49155],[12.04318,57.49207],[12.03801,57.49102],[12.03122,57.49239],[12.02611,57.49149],[12.02473,57.48935],[12.01977,57.48849],[12.01891,57.4857],[12.02698,57.48162],[12.03357,57.48398],[12.04394,57.48431],[12.04838,57.48661],[12.05135,57.48601],[12.05882,57.48124],[12.06133,57.48115],[12.06428,57.48294],[12.07541,57.47461],[12.07817,57.47405],[12.08224,57.47527],[12.09107,57.47149],[12.09213,57.46638],[12.10267,57.46488],[12.10604,57.46043],[12.11308,57.45688],[12.11989,57.45937],[12.11944,57.46242],[12.11285,57.4653],[12.10693,57.46635],[12.10551,57.47109],[12.10101,57.47261],[12.09853,57.47497],[12.10143,57.48313],[12.10765,57.48625]]],[[[12.00359,57.48579],[11.99813,57.48377],[12.00408,57.4824],[12.00667,57.48129],[12.01117,57.48241],[12.01267,57.48448],[12.00359,57.48579]]],[[[12.09239,57.50771],[12.09675,57.51317],[12.09278,57.5159],[12.08946,57.51558],[12.08357,57.51762],[12.082,57.52013],[12.07424,57.518],[12.07089,57.51807],[12.07191,57.51579],[12.06807,57.51548],[12.06181,57.50962],[12.06311,57.50314],[12.06648,57.50284],[12.06937,57.50452],[12.06727,57.5075],[12.06864,57.5092],[12.07549,57.50758],[12.08235,57.50403],[12.09239,57.50771]]],[[[12.09597,57.54025],[12.09633,57.53592],[12.10018,57.53315],[12.1064,57.53565],[12.11285,57.53658],[12.11599,57.53918],[12.11324,57.54092],[12.10828,57.53986],[12.10893,57.54217],[12.10642,57.54396],[12.09917,57.54443],[12.09597,57.54025]]],[[[12.08243,57.57526],[12.08128,57.57793],[12.07694,57.5794],[12.07283,57.57717],[12.07587,57.5732],[12.08088,57.57328],[12.08243,57.57526]]],[[[12.01435,57.65782],[12.01165,57.65624],[12.01232,57.65451],[12.01967,57.65244],[12.02909,57.65699],[12.02034,57.6589],[12.01435,57.65782]]]]}},{"type":"Feature","properties":{"fs":"TRANSIT50","t":30.0},"geometry":{"type":"MultiPolygon","coordinates":[[[[12.17099,57.3308],[12.16464,57.33464],[12.16744,57.32608],[12.17104,57.32196],[12.17039,57.31703],[12.17732,57.31192],[12.18141,57.31133],[12.1794,57.31458],[12.18435,57.31897],[12.17586,57.32408],[12.18002,57.32789],[12.17645,57.32999],[12.17099,57.3308]]],[[[12.14573,57.37788],[12.13706,57.37699],[12.13503,57.37902],[12.13209,57.37946],[12.12989,57.37413],[12.13365,57.37176],[12.13365,57.36788],[12.12659,57.37082],[12.12193,57.36953],[12.11949,57.37187],[12.11147,57.36827],[12.1019,57.35245],[12.10906,57.3451],[12.11911,57.34191],[12.14648,57.34627],[12.13786,57.3467],[12.14665,57.35002],[12.15054,57.35273],[12.15896,57.35198],[12.16819,57.35629],[12.16622,57.36185],[12.16768,57.36566],[12.15855,57.36811],[12.15345,57.36626],[12.1496,57.36637],[12.14955,57.37592],[12.14573,57.37788]]]]}},{"type":"Feature","properties":{"fs":"TRANSIT50","t":15.0},"geometry":{"type":"Polygon","coordinates":[[[12.13924,57.37035],[12.1372,57.36816],[12.13367,57.36717],[12.12286,57.36796],[12.12433,57.36425],[12.12282,57.36053],[12.11977,57.35875],[12.12391,57.35579],[12.12719,57.35755],[12.13092,57.3568],[12.13415,57.35778],[12.13724,57.35677],[12.14355,57.3577],[12.15105,57.36023],[12.15063,57.36461],[12.1465,57.36867],[12.13924,57.37035]]]}},{"type":"Feature","properties":{"fs":"TRANSITB","t":60.0},"geometry":{"type":"MultiPolygon","coordinates":[[[[11.96427,57.39648],[11.96752,57.39245],[11.97433,57.39262],[11.97701,57.39156],[11.97738,57.38996],[11.98384,57.38884],[11.9884,57.38951],[11.99031,57.38435],[11.9935,57.38263],[11.99933,57.38262],[12.00516,57.38066],[12.00867,57.38223],[12.01841,57.38185],[12.02138,57.38408],[12.02653,57.38545],[12.02998,57.39069],[12.02942,57.39292],[12.02528,57.39616],[12.04481,57.39912],[12.04656,57.40231],[12.05078,57.4041],[12.06467,57.43548],[12.06438,57.43847],[12.06113,57.4404],[12.06062,57.44377],[12.0571,57.4466],[12.06325,57.45279],[12.06277,57.45931],[12.06543,57.46148],[12.07248,57.46199],[12.07609,57.46341],[12.08256,57.46042],[12.08838,57.45927],[12.09217,57.4615],[12.11131,57.45576],[12.11593,57.4468],[12.1237,57.44699],[12.12649,57.44839],[12.12896,57.44779],[12.12699,57.44372],[12.12406,57.44164],[12.12409,57.43826],[12.12134,57.43629],[12.12737,57.43114],[12.12504,57.42907],[12.12766,57.42755],[12.12534,57.42549],[12.12563,57.42189],[12.13171,57.41822],[12.12255,57.40704],[12.12414,57.39737],[12.12271,57.39583],[12.12284,57.38704],[12.10094,57.35088],[12.11455,57.34118],[12.14916,57.3467],[12.16368,57.33758],[12.18246,57.27688],[12.13416,57.26229],[12.13281,57.22393],[12.14465,57.22317],[12.14737,57.22856],[12.15064,57.22802],[12.15357,57.2248],[12.15956,57.22586],[12.16425,57.22545],[12.17101,57.23057],[12.17703,57.23038],[12.17795,57.23259],[12.18612,57.23601],[12.18923,57.23481],[12.19021,57.23139],[12.19975,57.23128],[12.20969,57.22611],[12.20635,57.22295],[12.20684,57.22038],[12.20378,57.21724],[12.20943,57.211],[12.20887,57.20722],[12.20546,57.20507],[12.21403,57.20121],[12.21413,57.19948],[12.21143,57.19726],[12.21886,57.18784],[12.20891,57.18125],[12.21522,57.17557],[12.21097,57.17143],[12.22055,57.16406],[12.22389,57.16365],[12.22841,57.16573],[12.23087,57.16429],[12.22921,57.16156],[12.23252,57.15321],[12.24543,57.14228],[12.24681,57.14247],[12.24966,57.13802],[12.25451,57.13551],[12.25014,57.13346],[12.26173,57.08315],[12.29333,57.04419],[12.30835,57.03912],[12.31317,57.03882],[12.32373,57.03953],[12.32382,57.04362],[12.32754,57.04525],[12.34566,57.04555],[12.34999,57.04409],[12.353,57.0408],[12.35691,57.04089],[12.36427,57.03887],[12.3663,57.03925],[12.36893,57.04294],[12.37238,57.04219],[12.37595,57.04298],[12.38061,57.04094],[12.38077,57.03871],[12.39084,57.03614],[12.39189,57.03293],[12.39632,57.03442],[12.40325,57.03401],[12.40873,57.03957],[12.40876,57.04317],[12.40289,57.04799],[12.39601,57.04863],[12.39558,57.05087],[12.39192,57.0513],[12.38992,57.05311],[12.38862,57.05528],[12.39145,57.05685],[12.39133,57.05853],[12.38857,57.06162],[12.39212,57.06492],[12.38615,57.06762],[12.38108,57.07233],[12.37453,57.0731],[12.37443,57.07885],[12.36471,57.07917],[12.36137,57.08127],[12.36154,57.08377],[12.35858,57.08414],[12.35064,57.08267],[12.34731,57.0802],[12.33573,57.0777],[12.33278,57.07568],[12.3274,57.07584],[12.32318,57.07025],[12.3185,57.06869],[12.31563,57.07042],[12.31417,57.07345],[12.30994,57.07496],[12.30738,57.079],[12.30364,57.07926],[12.29743,57.08261],[12.29942,57.08696],[12.30662,57.08656],[12.30708,57.0918],[12.31597,57.09716],[12.31644,57.09919],[12.32016,57.10197],[12.32007,57.1041],[12.31553,57.10636],[12.31582,57.10817],[12.31878,57.10968],[12.32602,57.10994],[12.32492,57.11521],[12.32195,57.11728],[12.32681,57.12143],[12.32464,57.12279],[12.32066,57.1222],[12.32031,57.12434],[12.32374,57.12649],[12.33348,57.12629],[12.33825,57.12314],[12.34337,57.12235],[12.34944,57.11967],[12.35409,57.12209],[12.35781,57.12025],[12.36777,57.11983],[12.37343,57.12264],[12.37967,57.12297],[12.3833,57.1242],[12.39302,57.12109],[12.39746,57.12404],[12.39693,57.1265],[12.39898,57.12924],[12.39696,57.13115],[12.4121,57.13327],[12.43005,57.1337],[12.43488,57.1412],[12.43868,57.14075],[12.44192,57.13866],[12.44497,57.13901],[12.44737,57.13709],[12.45472,57.13846],[12.46182,57.13727],[12.47186,57.14161],[12.48276,57.1393],[12.48512,57.14019],[12.48404,57.14218],[12.4905,57.14396],[12.49081,57.14547],[12.48733,57.14731],[12.48398,57.15154],[12.47864,57.1512],[12.47096,57.14689],[12.46453,57.15201],[12.46137,57.15187],[12.45785,57.14972],[12.45426,57.14964],[12.44447,57.15526],[12.43704,57.155],[12.43146,57.1521],[12.42752,57.15219],[12.42759,57.14832],[12.42436,57.14716],[12.41868,57.14701],[12.41484,57.14831],[12.40201,57.14757],[12.39109,57.15001],[12.38618,57.14616],[12.38215,57.14497],[12.38259,57.14157],[12.37603,57.13939],[12.36693,57.14093],[12.36153,57.14482],[12.35158,57.14763],[12.34328,57.14807],[12.34019,57.14509],[12.33434,57.14586],[12.32942,57.14351],[12.32326,57.14765],[12.32066,57.14647],[12.3192,57.1438],[12.30457,57.14613],[12.29882,57.15139],[12.3001,57.15484],[12.29315,57.15531],[12.28949,57.16017],[12.29425,57.16285],[12.3,57.16331],[12.3081,57.1599],[12.31142,57.15997],[12.31117,57.16357],[12.30893,57.16598],[12.31296,57.16719],[12.31763,57.1655],[12.32093,57.16557],[12.32411,57.16744],[12.32408,57.17081],[12.32703,57.17289],[12.32328,57.17316],[12.31706,57.1765],[12.31682,57.17964],[12.31977,57.18172],[12.31654,57.18368],[12.31607,57.18704],[12.30958,57.1851],[12.30908,57.18307],[12.30612,57.18157],[12.2946,57.18116],[12.29073,57.17966],[12.28984,57.18115],[12.29343,57.18857],[12.29928,57.19027],[12.29666,57.19215],[12.30317,57.19748],[12.30154,57.19976],[12.30499,57.20066],[12.31097,57.20524],[12.31793,57.20415],[12.32115,57.20538],[12.32062,57.20696],[12.31348,57.20993],[12.31299,57.21216],[12.31716,57.21598],[12.32103,57.21562],[12.33249,57.22041],[12.33328,57.22672],[12.33949,57.22955],[12.33544,57.23405],[12.33906,57.2355],[12.33858,57.23934],[12.32663,57.24411],[12.32823,57.24773],[12.32409,57.25158],[12.3205,57.25004],[12.32011,57.24461],[12.31543,57.2414],[12.31189,57.24222],[12.30901,57.24051],[12.30559,57.24141],[12.30284,57.24073],[12.30101,57.23734],[12.2953,57.23333],[12.30017,57.23014],[12.29744,57.22623],[12.30588,57.22456],[12.29908,57.21529],[12.29112,57.21232],[12.28911,57.20755],[12.28404,57.20612],[12.28624,57.20443],[12.2857,57.20323],[12.27897,57.2041],[12.27446,57.20043],[12.27106,57.19314],[12.26354,57.18947],[12.25958,57.18593],[12.25888,57.17794],[12.25599,57.17692],[12.24661,57.17789],[12.24474,57.18347],[12.24578,57.18619],[12.2371,57.18886],[12.23245,57.19245],[12.23799,57.19635],[12.24132,57.20668],[12.23765,57.20822],[12.23713,57.21251],[12.24415,57.21933],[12.24382,57.22365],[12.23516,57.22304],[12.23181,57.22408],[12.23171,57.22542],[12.23685,57.22845],[12.23671,57.23026],[12.22982,57.2337],[12.22741,57.22993],[12.22314,57.22947],[12.22041,57.228],[12.21741,57.22836],[12.2211,57.23238],[12.21712,57.23503],[12.21629,57.23778],[12.2068,57.2421],[12.2113,57.24431],[12.21057,57.24737],[12.20722,57.25049],[12.21167,57.25485],[12.21164,57.25823],[12.21458,57.26032],[12.20766,57.26377],[12.20222,57.26477],[12.20396,57.26908],[12.19807,57.27052],[12.19997,57.27222],[12.20369,57.27265],[12.20341,57.27626],[12.19894,57.27505],[12.19661,57.27902],[12.19929,57.28118],[12.20301,57.28162],[12.20287,57.28344],[12.19591,57.28195],[12.19037,57.28472],[12.19226,57.28641],[12.19875,57.28825],[12.20601,57.28529],[12.20921,57.28716],[12.20908,57.28897],[12.20561,57.29135],[12.20868,57.29433],[12.20842,57.29794],[12.20495,57.30032],[12.20801,57.3033],[12.20774,57.30692],[12.20168,57.31058],[12.20734,57.31227],[12.20996,57.31545],[12.21352,57.31399],[12.21404,57.31062],[12.22071,57.31077],[12.22986,57.3159],[12.23366,57.31464],[12.24698,57.31493],[12.24748,57.31699],[12.25044,57.31816],[12.25902,57.31409],[12.26047,57.31164],[12.27708,57.31201],[12.28069,57.31343],[12.28369,57.31215],[12.29324,57.31224],[12.29709,57.31065],[12.30319,57.31244],[12.30702,57.31085],[12.31327,57.31086],[12.31711,57.30927],[12.32504,57.30876],[12.32739,57.30479],[12.32426,57.30225],[12.32772,57.30052],[12.33694,57.30083],[12.3363,57.30242],[12.34393,57.30625],[12.34429,57.31008],[12.35004,57.31358],[12.35031,57.31931],[12.34244,57.32095],[12.3394,57.32301],[12.33912,57.32705],[12.34224,57.32959],[12.34198,57.33318],[12.33158,57.3333],[12.32296,57.3375],[12.32156,57.33994],[12.3181,57.34167],[12.31349,57.34225],[12.30787,57.34571],[12.30884,57.34931],[12.32065,57.35248],[12.32968,57.35953],[12.33297,57.35983],[12.33683,57.35823],[12.34016,57.3583],[12.34025,57.36572],[12.35039,57.37043],[12.34889,57.37339],[12.34148,57.37448],[12.34036,57.376],[12.34245,57.37821],[12.33269,57.38129],[12.33502,57.38336],[12.33476,57.38695],[12.3315,57.3889],[12.33104,57.39226],[12.32771,57.39219],[12.3249,57.39079],[12.32106,57.39205],[12.31629,57.39187],[12.31407,57.38808],[12.31024,57.38644],[12.30472,57.38811],[12.29474,57.38789],[12.29689,57.38246],[12.2998,57.38052],[12.29919,57.37871],[12.28118,57.37996],[12.2791,57.38272],[12.26554,57.38388],[12.26159,57.3874],[12.25596,57.38874],[12.25843,57.39212],[12.26583,57.39272],[12.26681,57.39633],[12.26401,57.39689],[12.25877,57.39593],[12.25341,57.39868],[12.24704,57.39863],[12.23691,57.40094],[12.24046,57.40145],[12.24118,57.40291],[12.23623,57.40785],[12.23618,57.40965],[12.22755,57.41272],[12.22596,57.41714],[12.21598,57.421],[12.22007,57.42337],[12.22616,57.42272],[12.2289,57.42095],[12.23176,57.42079],[12.23338,57.42498],[12.22842,57.42891],[12.23354,57.43261],[12.24196,57.43131],[12.25791,57.4409],[12.26373,57.44102],[12.27159,57.43896],[12.27932,57.44439],[12.28385,57.44517],[12.29066,57.44879],[12.30047,57.44723],[12.30935,57.45359],[12.3114,57.45228],[12.31093,57.44935],[12.31971,57.4488],[12.3232,57.44632],[12.31479,57.4422],[12.31553,57.43979],[12.3132,57.43687],[12.31446,57.43535],[12.31783,57.43467],[12.32411,57.43786],[12.33447,57.43944],[12.33581,57.44112],[12.33403,57.44423],[12.33692,57.44878],[12.33532,57.45352],[12.33774,57.45683],[12.33499,57.45812],[12.32906,57.45822],[12.32816,57.45983],[12.32889,57.461],[12.33425,57.46249],[12.32087,57.46874],[12.30433,57.46685],[12.29918,57.4646],[12.29105,57.466],[12.27615,57.46453],[12.26958,57.46037],[12.26469,57.46165],[12.25553,57.46147],[12.24715,57.45651],[12.2394,57.45696],[12.23402,57.45415],[12.22988,57.45336],[12.22993,57.44962],[12.22697,57.44754],[12.22854,57.44567],[12.2244,57.44101],[12.22044,57.43956],[12.21285,57.44],[12.20999,57.44176],[12.20985,57.44541],[12.207,57.44597],[12.20331,57.44511],[12.20266,57.44688],[12.19906,57.44759],[12.19687,57.44934],[12.19957,57.45196],[12.21342,57.45608],[12.21815,57.45643],[12.21926,57.45834],[12.2318,57.46376],[12.23278,57.46736],[12.23565,57.46763],[12.23953,57.46595],[12.24122,57.46371],[12.24881,57.4613],[12.25711,57.46579],[12.25625,57.46783],[12.2617,57.46816],[12.26562,57.46988],[12.26483,57.47408],[12.27782,57.4738],[12.28424,57.48085],[12.29319,57.48224],[12.29679,57.48432],[12.29364,57.48884],[12.29781,57.48977],[12.30345,57.49329],[12.30829,57.49434],[12.30983,57.49823],[12.31328,57.49831],[12.31685,57.50173],[12.3237,57.50422],[12.32562,57.50651],[12.32428,57.50917],[12.32609,57.51292],[12.32256,57.51408],[12.31598,57.51265],[12.31092,57.51338],[12.30535,57.51051],[12.30543,57.50503],[12.30036,57.50246],[12.295,57.50149],[12.29358,57.49895],[12.28371,57.49887],[12.28018,57.49684],[12.27621,57.49736],[12.27368,57.49474],[12.26957,57.4961],[12.26275,57.49505],[12.26462,57.49152],[12.26058,57.48906],[12.25438,57.48843],[12.24754,57.49014],[12.23917,57.49049],[12.23635,57.48908],[12.23684,57.48544],[12.22711,57.48137],[12.22686,57.47955],[12.2305,57.4782],[12.21663,57.4778],[12.21336,57.47602],[12.2091,57.47036],[12.20584,57.47016],[12.20136,57.47204],[12.20288,57.47396],[12.20163,57.47533],[12.19535,57.4748],[12.19086,57.47628],[12.18192,57.4754],[12.17779,57.4776],[12.17451,57.47731],[12.17116,57.48015],[12.16469,57.48237],[12.16667,57.48989],[12.17786,57.49284],[12.17883,57.49915],[12.18368,57.49718],[12.18904,57.49938],[12.18919,57.50365],[12.1861,57.5051],[12.18311,57.50498],[12.17499,57.5003],[12.16252,57.50144],[12.15724,57.50462],[12.16156,57.50876],[12.15942,57.51087],[12.15262,57.50948],[12.14742,57.51129],[12.14267,57.51067],[12.13889,57.51356],[12.13152,57.51475],[12.13583,57.51913],[12.13429,57.52455],[12.1305,57.52482],[12.12744,57.52686],[12.13054,57.52985],[12.12827,57.53226],[12.13565,57.53354],[12.14039,57.53186],[12.13762,57.53563],[12.14121,57.53725],[12.14999,57.53366],[12.14717,57.53023],[12.15747,57.52686],[12.16123,57.52694],[12.16416,57.52701],[12.16465,57.52905],[12.16764,57.53056],[12.17908,57.53112],[12.18148,57.53526],[12.19363,57.54013],[12.19947,57.54027],[12.20335,57.53868],[12.21336,57.5389],[12.21323,57.5407],[12.20973,57.54309],[12.21083,57.54491],[12.21803,57.5491],[12.22269,57.54809],[12.22377,57.55058],[12.22911,57.55183],[12.22958,57.55386],[12.24044,57.56218],[12.25499,57.56318],[12.26101,57.56656],[12.26474,57.56698],[12.2644,57.5717],[12.26635,57.57352],[12.28222,57.5764],[12.29334,57.5858],[12.29443,57.59032],[12.28421,57.5919],[12.28264,57.59614],[12.27165,57.60219],[12.26904,57.60097],[12.26726,57.59399],[12.2629,57.59162],[12.25153,57.59242],[12.24643,57.59061],[12.23992,57.58543],[12.23541,57.58421],[12.23028,57.58433],[12.22369,57.58613],[12.21702,57.58412],[12.21283,57.5842],[12.20709,57.57988],[12.20606,57.57402],[12.19419,57.57083],[12.19453,57.56612],[12.1926,57.56429],[12.18793,57.56531],[12.18348,57.56342],[12.1747,57.56322],[12.16817,57.56127],[12.16229,57.5562],[12.15497,57.55918],[12.15161,57.5591],[12.14975,57.55614],[12.14187,57.55529],[12.13921,57.55209],[12.13603,57.55313],[12.13522,57.55514],[12.13076,57.55325],[12.12589,57.5547],[12.12115,57.56121],[12.11814,57.56223],[12.11891,57.56568],[12.11703,57.56732],[12.11751,57.56865],[12.12125,57.56784],[12.12342,57.56901],[12.12393,57.57437],[12.12999,57.57905],[12.12696,57.58561],[12.13027,57.58737],[12.1305,57.58928],[12.12782,57.59053],[12.12168,57.59066],[12.12278,57.59255],[12.12843,57.59346],[12.14262,57.59267],[12.14211,57.59449],[12.1396,57.59511],[12.14545,57.59794],[12.14523,57.6018],[12.14861,57.60292],[12.15562,57.60246],[12.15578,57.60042],[12.15977,57.59936],[12.17053,57.60099],[12.17938,57.59561],[12.18608,57.59469],[12.19594,57.59704],[12.2052,57.59635],[12.21172,57.60137],[12.21742,57.60077],[12.22071,57.60152],[12.22212,57.60493],[12.21608,57.60726],[12.20875,57.60467],[12.2021,57.60409],[12.19785,57.60484],[12.1913,57.60296],[12.19068,57.60558],[12.18319,57.61047],[12.16581,57.60785],[12.16405,57.61293],[12.16049,57.61294],[12.15416,57.61577],[12.15102,57.61284],[12.14685,57.61402],[12.14081,57.61232],[12.1377,57.60712],[12.13513,57.60732],[12.13482,57.60927],[12.13019,57.61231],[12.12012,57.61257],[12.11277,57.61157],[12.10995,57.61407],[12.11399,57.61464],[12.11956,57.61832],[12.12435,57.61943],[12.12655,57.62256],[12.11909,57.6243],[12.11565,57.62672],[12.10876,57.62906],[12.09282,57.62392],[12.08329,57.62412],[12.07659,57.62544],[12.0728,57.6235],[12.05919,57.62708],[12.05583,57.627],[12.05262,57.62513],[12.0549,57.62272],[12.05091,57.62039],[12.04845,57.62034],[12.04609,57.6243],[12.05021,57.62934],[12.05764,57.63063],[12.06238,57.62895],[12.06424,57.63191],[12.06868,57.63134],[12.06926,57.63472],[12.07465,57.63785],[12.0847,57.63794],[12.09195,57.63974],[12.09984,57.63717],[12.11456,57.64088],[12.12117,57.6467],[12.12066,57.65074],[12.11819,57.65349],[12.12362,57.65571],[12.1349,57.65041],[12.14073,57.64998],[12.1438,57.65089],[12.13746,57.6555],[12.13049,57.6553],[12.12995,57.65769],[12.1235,57.66293],[12.12185,57.66604],[12.12262,57.66957],[12.11594,57.67197],[12.11144,57.67049],[12.10446,57.67089],[12.10273,57.67377],[12.09776,57.67467],[12.09828,57.67898],[12.09531,57.68146],[12.0922,57.6812],[12.08321,57.6774],[12.065,57.67428],[12.06177,57.67539],[12.05855,57.67885],[12.05147,57.68082],[12.04519,57.68073],[12.04,57.68201],[12.03351,57.68759],[12.02671,57.68867],[12.02497,57.69073],[12.03592,57.69821],[12.03772,57.7054],[12.04241,57.70836],[12.05635,57.71112],[12.06418,57.71555],[12.07089,57.71565],[12.07865,57.71313],[12.08245,57.71418],[12.08929,57.72113],[12.08903,57.72326],[12.08401,57.72486],[12.08644,57.72769],[12.08669,57.73197],[12.08962,57.73338],[12.09837,57.73431],[12.1016,57.73242],[12.1083,57.73089],[12.11534,57.73217],[12.11954,57.7348],[12.12405,57.74024],[12.12314,57.74366],[12.12979,57.7446],[12.13406,57.74638],[12.15337,57.74538],[12.17138,57.74203],[12.17706,57.74194],[12.1821,57.74486],[12.18357,57.74876],[12.18769,57.74841],[12.18846,57.75337],[12.18384,57.75602],[12.17985,57.75531],[12.17511,57.75756],[12.16753,57.75767],[12.16366,57.75705],[12.16314,57.75466],[12.15736,57.75342],[12.16068,57.75207],[12.15952,57.75079],[12.14771,57.75313],[12.13686,57.75221],[12.13061,57.74887],[12.12123,57.74789],[12.11582,57.75039],[12.11027,57.7497],[12.09995,57.75126],[12.09298,57.74908],[12.08392,57.74421],[12.07777,57.74491],[12.07558,57.74598],[12.07638,57.75173],[12.07242,57.75388],[12.07386,57.75686],[12.06988,57.75881],[12.06777,57.76204],[12.06139,57.76441],[12.05773,57.76393],[12.05145,57.76624],[12.04405,57.76677],[12.03084,57.7646],[12.03711,57.77064],[12.04626,57.77058],[12.05246,57.77256],[12.05087,57.77465],[12.0451,57.77442],[12.04185,57.7757],[12.04337,57.77695],[12.04743,57.77687],[12.05006,57.77812],[12.05022,57.78348],[12.05402,57.78891],[12.04885,57.79037],[12.04312,57.78971],[12.03956,57.78696],[12.03595,57.78674],[12.02422,57.78291],[12.02255,57.77935],[12.0174,57.7772],[12.01773,57.77317],[12.0135,57.77217],[12.00953,57.76634],[12.01073,57.76293],[12.00731,57.76255],[12.01018,57.75962],[12.00767,57.75709],[12.00654,57.74413],[12.00355,57.74471],[12.00322,57.74813],[11.99959,57.75173],[11.99851,57.76228],[11.99636,57.76386],[12.00204,57.76886],[12.00318,57.77788],[11.99987,57.78072],[11.99605,57.77662],[11.999,57.77373],[11.99549,57.77089],[11.99438,57.76746],[11.99078,57.76645],[11.98483,57.76156],[11.98095,57.76252],[11.97753,57.76148],[11.97332,57.74897],[11.96676,57.74573],[11.96067,57.74653],[11.95773,57.75073],[11.95212,57.75374],[11.95193,57.75907],[11.94955,57.76053],[11.94721,57.76036],[11.94726,57.75722],[11.94188,57.74931],[11.93417,57.75477],[11.9336,57.75717],[11.92682,57.75962],[11.92025,57.75896],[11.92008,57.75027],[11.92445,57.74588],[11.93036,57.74456],[11.92982,57.73792],[11.923,57.73719],[11.91557,57.74121],[11.90863,57.74006],[11.90403,57.74224],[11.89923,57.74189],[11.89812,57.74007],[11.89411,57.73862],[11.89494,57.73634],[11.88841,57.73332],[11.88886,57.72973],[11.87984,57.71816],[11.88167,57.71158],[11.87302,57.70721],[11.87557,57.70521],[11.86579,57.70338],[11.87424,57.70138],[11.88895,57.70334],[11.88871,57.70591],[11.89158,57.70778],[11.89291,57.70528],[11.90188,57.70354],[11.91218,57.70828],[11.90899,57.70382],[11.90078,57.70149],[11.90695,57.69918],[11.90865,57.70037],[11.91396,57.69986],[11.93823,57.70512],[11.95787,57.70584],[11.90286,57.68707],[11.90444,57.68478],[11.90303,57.68264],[11.9078,57.67964],[11.91782,57.67898],[11.92366,57.68227],[11.92493,57.68114],[11.92158,57.6766],[11.91678,57.67637],[11.91483,57.67464],[11.91818,57.66978],[11.91625,57.66659],[11.91735,57.66139],[11.89899,57.65588],[11.90207,57.6522],[11.89351,57.65011],[11.90005,57.64089],[11.90327,57.64134],[11.90612,57.64394],[11.90901,57.64446],[11.91513,57.64145],[11.92459,57.64117],[11.92478,57.63893],[11.91936,57.63606],[11.9215,57.63306],[11.92606,57.63115],[11.92372,57.62722],[11.92653,57.62257],[11.94218,57.63774],[11.94886,57.63139],[11.95007,57.6346],[11.95733,57.63548],[11.95901,57.63796],[11.96373,57.6401],[11.96521,57.6389],[11.962,57.63725],[11.96731,57.63575],[11.96786,57.63353],[11.97478,57.63217],[11.9846,57.63229],[11.99155,57.62943],[11.99593,57.62966],[11.99875,57.62729],[12.00285,57.6265],[12.0063,57.62075],[12.01432,57.6191],[12.01496,57.61817],[12.01003,57.61355],[12.00913,57.60905],[12.00669,57.60832],[12.00366,57.60959],[12.00514,57.60034],[12.00368,57.59667],[12.00802,57.59474],[12.01541,57.59394],[12.02115,57.59535],[12.02979,57.59207],[12.03875,57.59283],[12.04474,57.59084],[12.04311,57.58603],[12.04865,57.58397],[12.05364,57.57872],[12.05175,57.57671],[12.05242,57.57412],[12.04588,57.56916],[12.05075,57.56576],[12.0609,57.56468],[12.06482,57.56332],[12.07386,57.56437],[12.0799,57.56171],[12.08151,57.55749],[12.08503,57.5551],[12.08557,57.54859],[12.09176,57.54357],[12.08348,57.53811],[12.08017,57.53781],[12.07628,57.5394],[12.07283,57.53752],[12.07373,57.53384],[12.06981,57.5335],[12.06479,57.52987],[12.06061,57.52902],[12.06065,57.52532],[12.05874,57.5235],[12.04754,57.52255],[12.04768,57.52074],[12.05029,57.51924],[12.04837,57.51754],[12.04422,57.51744],[12.03768,57.52052],[12.03797,57.51692],[12.0451,57.51674],[12.05373,57.51257],[12.05384,57.51125],[12.04576,57.5086],[12.04193,57.50985],[12.02856,57.50953],[12.02234,57.50398],[12.02263,57.50039],[12.02589,57.49844],[12.02863,57.49269],[12.02461,57.4915],[12.01992,57.49316],[12.01653,57.49308],[12.01292,57.49165],[12.00382,57.49613],[12.00615,57.4982],[12.00258,57.50104],[12.00569,57.50358],[12.00554,57.50538],[11.99939,57.50681],[11.9983,57.5124],[11.99481,57.51412],[11.99017,57.51468],[11.98759,57.51854],[11.97724,57.52262],[11.98644,57.52807],[11.98556,57.53658],[11.9771,57.54121],[11.97315,57.54106],[11.96975,57.53914],[11.96655,57.54018],[11.96758,57.54407],[11.97378,57.546],[11.97173,57.55063],[11.96477,57.55086],[11.96472,57.55321],[11.9585,57.55317],[11.95886,57.55707],[11.95251,57.55961],[11.95323,57.5635],[11.94787,57.56413],[11.95238,57.5277],[11.95797,57.50164],[11.93374,57.46055],[11.92682,57.44208],[11.93329,57.42624],[11.94798,57.40745],[11.94949,57.4091],[11.95419,57.40915],[11.95758,57.40571],[11.96779,57.40774],[11.96071,57.40336],[11.95973,57.39833],[11.96427,57.39648]],[[11.96551,57.43274],[11.9582,57.43391],[11.95812,57.43485],[11.96108,57.43505],[11.96719,57.43929],[11.97104,57.43804],[11.97464,57.4398],[11.98088,57.44007],[11.98406,57.44195],[11.98757,57.44765],[11.99054,57.44917],[11.99678,57.44944],[12.0004,57.45087],[12.00691,57.44788],[12.00754,57.45576],[12.01286,57.45749],[12.01905,57.45736],[12.02267,57.45905],[12.01658,57.46227],[12.01892,57.46435],[12.01303,57.47027],[12.02112,57.47293],[12.03045,57.47068],[12.03211,57.46534],[12.029,57.4628],[12.02929,57.45931],[12.03194,57.45724],[12.02627,57.45554],[12.02978,57.45315],[12.02669,57.45015],[12.03133,57.44957],[12.03338,57.44694],[12.02769,57.44334],[12.01746,57.44096],[12.00792,57.43533],[12.00745,57.4333],[12.0029,57.43049],[11.99838,57.42971],[12.00467,57.42649],[12.00546,57.42448],[12.01161,57.42305],[12.01232,57.42173],[12.01041,57.4199],[12.00794,57.41985],[12.00231,57.42261],[11.99898,57.42253],[11.99537,57.42077],[11.99169,57.42045],[11.98885,57.41701],[11.97296,57.41624],[11.97024,57.42002],[11.96596,57.42031],[11.96037,57.42729],[11.96045,57.42877],[11.96499,57.43055],[11.96551,57.43274]],[[12.07809,57.59943],[12.07458,57.59701],[12.07037,57.59746],[12.0639,57.60222],[12.07572,57.60339],[12.07809,57.59943]],[[11.94345,57.67174],[11.94603,57.67276],[11.95901,57.67292],[11.95617,57.66935],[11.94981,57.66762],[11.94336,57.66956],[11.94345,57.67174]],[[12.08276,57.73514],[12.06833,57.72656],[12.0605,57.72732],[12.05599,57.72976],[12.05679,57.73158],[12.06781,57.73295],[12.06938,57.73689],[12.07824,57.7391],[12.08118,57.73904],[12.07798,57.7371],[12.08276,57.73514]],[[12.05,57.74786],[12.04593,57.74759],[12.04468,57.74869],[12.04885,57.75131],[12.05205,57.74858],[12.06345,57.74789],[12.07446,57.74419],[12.06368,57.74246],[12.05613,57.74356],[12.05,57.74786]],[[12.01572,57.75144],[12.01428,57.76061],[12.01202,57.76261],[12.01653,57.76394],[12.02892,57.76152],[12.02823,57.76021],[12.02423,57.75984],[12.01705,57.75596],[12.01726,57.7526],[12.01572,57.75144]],[[12.36943,57.05137],[12.36598,57.05053],[12.35798,57.05239],[12.35382,57.05831],[12.35858,57.06388],[12.35724,57.06633],[12.36729,57.06803],[12.37277,57.06581],[12.37851,57.06495],[12.38263,57.06268],[12.38165,57.05844],[12.37866,57.05687],[12.37906,57.05519],[12.37385,57.05491],[12.36943,57.05137]],[[12.27753,57.36977],[12.28004,57.3632],[12.29262,57.3633],[12.29649,57.36074],[12.29312,57.35529],[12.28299,57.34992],[12.27452,57.35203],[12.26467,57.35205],[12.25791,57.35812],[12.26322,57.36449],[12.25521,57.36902],[12.25495,57.37656],[12.26208,57.38045],[12.26321,57.37815],[12.27753,57.36977]],[[12.15933,57.40105],[12.164,57.39938],[12.17387,57.39884],[12.17377,57.40322],[12.17043,57.4065],[12.17987,57.41052],[12.17971,57.41235],[12.17428,57.41226],[12.17093,57.41327],[12.16723,57.41809],[12.16961,57.4188],[12.1726,57.41754],[12.18085,57.41773],[12.18248,57.41996],[12.1897,57.42024],[12.1964,57.41697],[12.19595,57.41462],[12.19299,57.41252],[12.20724,57.41291],[12.20796,57.41108],[12.20512,57.40863],[12.20697,57.40395],[12.21068,57.40172],[12.21491,57.4008],[12.21697,57.3984],[12.22183,57.39743],[12.22849,57.39187],[12.23412,57.39177],[12.24163,57.38973],[12.24875,57.38594],[12.24543,57.38121],[12.24629,57.37589],[12.24253,57.37378],[12.23586,57.37349],[12.23258,57.37935],[12.21885,57.37905],[12.22503,57.37402],[12.22269,57.37194],[12.22594,57.36999],[12.22635,57.36731],[12.21805,57.36176],[12.21313,57.36129],[12.20731,57.36419],[12.20653,57.3662],[12.19946,57.36638],[12.19635,57.36959],[12.19039,57.37101],[12.19443,57.37476],[12.19196,57.37671],[12.19124,57.38041],[12.17477,57.38532],[12.17477,57.38712],[12.18017,57.38882],[12.17945,57.39123],[12.17251,57.39201],[12.16826,57.39033],[12.16487,57.39023],[12.16311,57.39277],[12.15749,57.39375],[12.15476,57.3994],[12.15933,57.40105]],[[12.1181,57.47632],[12.12118,57.47932],[12.11419,57.48387],[12.11729,57.4864],[12.11819,57.49069],[12.12377,57.4936],[12.13394,57.49398],[12.13375,57.4978],[12.13667,57.49932],[12.15131,57.49621],[12.15395,57.49445],[12.15285,57.49256],[12.15431,57.4907],[12.15054,57.48801],[12.14075,57.48447],[12.14213,57.48288],[12.14888,57.48035],[12.14765,57.47778],[12.15265,57.4731],[12.14718,57.46924],[12.1498,57.4667],[12.15023,57.46355],[12.13805,57.46061],[12.13583,57.46279],[12.13895,57.46532],[12.13841,57.46675],[12.1356,57.46787],[12.13083,57.46764],[12.12492,57.47402],[12.12112,57.47428],[12.1181,57.47632]],[[12.08855,57.66483],[12.0874,57.66004],[12.07948,57.65953],[12.07071,57.66354],[12.07031,57.66755],[12.07882,57.67135],[12.08855,57.66483]]],[[[12.25058,57.60497],[12.25534,57.60426],[12.25764,57.6057],[12.2563,57.6068],[12.2481,57.60736],[12.24462,57.60856],[12.24088,57.60595],[12.2451,57.60414],[12.25058,57.60497]]],[[[11.88953,57.65573],[11.89613,57.66278],[11.8951,57.66337],[11.89173,57.66194],[11.88801,57.66297],[11.88507,57.66202],[11.88953,57.65573]]],[[[11.89811,57.6764],[11.90156,57.67903],[11.90178,57.68089],[11.90013,57.68147],[11.89667,57.67959],[11.89081,57.67847],[11.89378,57.67562],[11.89811,57.6764]]],[[[12.20708,57.68767],[12.20823,57.68505],[12.21192,57.68338],[12.21877,57.68708],[12.21119,57.69021],[12.20708,57.68767]]],[[[11.83694,57.70934],[11.84439,57.70931],[11.84609,57.7103],[11.84756,57.71433],[11.84412,57.71604],[11.84043,57.71499],[11.83694,57.70934]]],[[[12.24462,57.74898],[12.25561,57.75192],[12.26,57.75628],[12.25995,57.75976],[12.26307,57.76023],[12.26806,57.7641],[12.26878,57.76672],[12.27739,57.76861],[12.27819,57.77012],[12.27642,57.77135],[12.26989,57.77144],[12.26352,57.76773],[12.25959,57.76863],[12.2522,57.76819],[12.25023,57.76461],[12.25206,57.75881],[12.25064,57.75704],[12.24667,57.75664],[12.24158,57.75875],[12.24016,57.76094],[12.23788,57.76112],[12.23003,57.75934],[12.22832,57.75649],[12.23269,57.75209],[12.24462,57.74898]]],[[[12.05306,57.79376],[12.05174,57.79744],[12.04898,57.79903],[12.04318,57.79792],[12.0423,57.79587],[12.04776,57.79342],[12.05306,57.79376]]],[[[12.8743,56.66589],[12.87771,56.673],[12.86555,56.67622],[12.85269,56.67522],[12.84968,56.67185],[12.85615,56.66837],[12.85849,56.66436],[12.85689,56.66209],[12.85827,56.66076],[12.86157,56.66015],[12.868,56.66191],[12.87292,56.66138],[12.87709,56.66224],[12.87736,56.66412],[12.8743,56.66589]]],[[[12.56232,56.88502],[12.56104,56.88659],[12.54772,56.88635],[12.53944,56.88269],[12.52846,56.88439],[12.52842,56.88798],[12.52154,56.89402],[12.52251,56.89674],[12.52112,56.89851],[12.5243,56.90396],[12.53002,56.90744],[12.52835,56.91033],[12.53414,56.9168],[12.53404,56.92199],[12.53698,56.9239],[12.52613,56.92692],[12.52844,56.93134],[12.52508,56.93498],[12.52159,56.93395],[12.51815,56.93504],[12.5107,56.93225],[12.50192,56.93268],[12.49682,56.93087],[12.49214,56.93256],[12.48435,56.93293],[12.47846,56.93497],[12.46363,56.93561],[12.4582,56.93808],[12.45912,56.94572],[12.45398,56.95018],[12.4553,56.95265],[12.45417,56.95985],[12.45072,56.96225],[12.45057,56.96719],[12.45462,56.97794],[12.4464,56.98017],[12.44297,56.9799],[12.44327,56.97603],[12.44797,56.97225],[12.444,56.97166],[12.44011,56.97259],[12.43749,56.96917],[12.43744,56.96377],[12.44117,56.96139],[12.43642,56.95477],[12.44213,56.95236],[12.43811,56.95109],[12.43691,56.94759],[12.44216,56.94483],[12.44787,56.94365],[12.44287,56.94007],[12.44986,56.93656],[12.44876,56.93261],[12.45616,56.93215],[12.45904,56.92878],[12.46394,56.92789],[12.46433,56.92523],[12.47033,56.92455],[12.47248,56.92315],[12.47051,56.92007],[12.46418,56.91833],[12.45926,56.91513],[12.46735,56.91091],[12.46409,56.90449],[12.46729,56.90236],[12.4676,56.89724],[12.47465,56.89411],[12.47865,56.89395],[12.47727,56.89173],[12.4789,56.89035],[12.48808,56.88866],[12.52494,56.87352],[12.54236,56.87261],[12.54373,56.87366],[12.54127,56.87539],[12.54478,56.87842],[12.54871,56.88069],[12.55421,56.88102],[12.55715,56.88357],[12.56232,56.88502]]],[[[12.50516,57.14424],[12.51209,57.14109],[12.51075,57.13895],[12.51195,57.13771],[12.5212,57.13846],[12.52996,57.14459],[12.50516,57.14424]]],[[[12.58271,57.15286],[12.57712,57.15225],[12.57723,57.14899],[12.57998,57.1471],[12.583,57.14753],[12.58675,57.15176],[12.58271,57.15286]]],[[[12.54679,57.14593],[12.54987,57.14677],[12.55163,57.15254],[12.54949,57.15381],[12.54016,57.15422],[12.53789,57.15272],[12.53572,57.14863],[12.53775,57.14668],[12.54679,57.14593]]],[[[12.35425,57.27221],[12.35235,57.27414],[12.34654,57.2756],[12.33732,57.2769],[12.327,57.27035],[12.31917,57.26976],[12.31934,57.26075],[12.32544,57.25765],[12.32239,57.2548],[12.32437,57.25237],[12.32719,57.25355],[12.32987,57.2581],[12.33738,57.25793],[12.33764,57.26142],[12.34089,57.26511],[12.34624,57.26822],[12.34994,57.26864],[12.35425,57.27221]]],[[[12.47328,57.35538],[12.47208,57.35316],[12.47368,57.35106],[12.47784,57.35103],[12.48083,57.35592],[12.47869,57.35685],[12.47328,57.35538]]]]}},{"type":"Feature","properties":{"fs":"TRANSITB","t":45.0},"geometry":{"type":"MultiPolygon","coordinates":[[[[12.28144,57.16618],[12.28033,57.16981],[12.27194,57.16822],[12.27454,57.1642],[12.27826,57.16372],[12.28144,57.16618]]],[[[12.21317,57.22809],[12.21253,57.22595],[12.20442,57.21875],[12.2122,57.21724],[12.21098,57.21508],[12.21405,57.21368],[12.21422,57.21144],[12.22103,57.20721],[12.2293,57.21015],[12.22945,57.21221],[12.23305,57.21428],[12.23277,57.21912],[12.22976,57.22265],[12.23099,57.22627],[12.22982,57.22808],[12.22364,57.22849],[12.21831,57.22686],[12.21317,57.22809]]],[[[12.14973,57.23381],[12.15135,57.23559],[12.14302,57.23701],[12.1433,57.24149],[12.13359,57.24619],[12.13308,57.23155],[12.13737,57.23027],[12.1398,57.23224],[12.14334,57.23204],[12.14973,57.23381]]],[[[12.21539,57.43832],[12.20395,57.43815],[12.19802,57.43936],[12.19264,57.43626],[12.19558,57.43434],[12.20781,57.43122],[12.21205,57.43135],[12.21833,57.42903],[12.22013,57.43171],[12.2247,57.43378],[12.22109,57.43735],[12.21539,57.43832]]],[[[12.2391,57.44712],[12.23257,57.44403],[12.23365,57.43936],[12.2419,57.44046],[12.24638,57.44459],[12.2416,57.44718],[12.2391,57.44712]]],[[[12.26451,57.48733],[12.24815,57.47788],[12.23937,57.47679],[12.23169,57.47426],[12.22697,57.47528],[12.22363,57.47442],[12.2262,57.47084],[12.23208,57.46899],[12.23737,57.47012],[12.24219,57.46983],[12.244,57.47341],[12.2519,57.47498],[12.25412,57.47885],[12.26056,57.48059],[12.2636,57.48465],[12.26812,57.48382],[12.27001,57.48644],[12.26776,57.48759],[12.26451,57.48733]]],[[[11.97247,57.5165],[11.97352,57.52079],[11.96971,57.52205],[11.96716,57.52513],[11.95722,57.52361],[11.9528,57.52572],[11.95797,57.50164],[11.95449,57.49575],[11.95885,57.49366],[11.95969,57.49192],[11.95744,57.48973],[11.94923,57.48684],[11.93374,57.46055],[11.93008,57.45078],[11.93792,57.44905],[11.93963,57.4465],[11.93794,57.4435],[11.92842,57.43815],[11.93329,57.42624],[11.9406,57.41689],[11.94977,57.41624],[11.95294,57.41397],[11.9558,57.41435],[11.95721,57.41591],[11.95474,57.41855],[11.94835,57.42098],[11.94607,57.42362],[11.94104,57.42501],[11.94114,57.4268],[11.9445,57.42832],[11.94449,57.43043],[11.94766,57.43235],[11.9421,57.43535],[11.94735,57.43859],[11.94307,57.44115],[11.94797,57.44232],[11.9504,57.445],[11.96064,57.44285],[11.96992,57.44659],[11.97452,57.44636],[11.98079,57.45052],[11.98145,57.45739],[11.98562,57.46016],[11.9884,57.45998],[11.9869,57.45797],[11.98908,57.45684],[11.99623,57.45904],[12.00073,57.4571],[12.00612,57.45719],[12.00619,57.46248],[12.00841,57.46474],[12.01544,57.46591],[12.01262,57.46982],[12.01588,57.47181],[12.01757,57.4796],[12.02312,57.47673],[12.02497,57.47168],[12.03111,57.47194],[12.0353,57.4742],[12.03915,57.47384],[12.03831,57.47229],[12.03233,57.46972],[12.03216,57.46534],[12.02963,57.46258],[12.03379,57.45947],[12.03226,57.45569],[12.03442,57.4541],[12.03053,57.45092],[12.03356,57.44784],[12.03151,57.44302],[12.02148,57.43947],[12.01881,57.4318],[12.01542,57.43038],[12.01099,57.43018],[12.0124,57.42815],[12.01911,57.42556],[12.01889,57.42334],[12.01359,57.42213],[12.00825,57.41905],[12.00573,57.41549],[11.98962,57.41166],[11.9837,57.40763],[11.97954,57.40825],[11.97677,57.40398],[11.97792,57.40214],[11.98116,57.40118],[11.99342,57.40183],[11.9943,57.40262],[11.99203,57.40487],[12.00318,57.40844],[12.00535,57.40825],[12.01164,57.40264],[12.00427,57.39856],[11.99475,57.39982],[11.99172,57.39742],[11.99493,57.39572],[12.00138,57.39619],[12.0005,57.39369],[12.00267,57.39262],[12.0084,57.39257],[12.01203,57.39077],[12.01531,57.3918],[12.01825,57.39805],[12.0234,57.40132],[12.02505,57.40405],[12.03034,57.40564],[12.03282,57.41092],[12.03782,57.41267],[12.03956,57.41773],[12.04535,57.41826],[12.04798,57.42302],[12.05682,57.42574],[12.05979,57.43116],[12.06254,57.43162],[12.06435,57.43846],[12.06108,57.4404],[12.06059,57.44376],[12.05705,57.4466],[12.06322,57.4528],[12.06272,57.45931],[12.06542,57.4615],[12.07246,57.46201],[12.07609,57.46343],[12.08258,57.46044],[12.0884,57.45928],[12.09217,57.4615],[12.11131,57.45576],[12.11591,57.44683],[12.12368,57.44701],[12.12648,57.44841],[12.12944,57.44737],[12.12409,57.44163],[12.12414,57.43826],[12.12202,57.43622],[12.13176,57.43476],[12.12635,57.42876],[12.13144,57.42763],[12.13788,57.42837],[12.13898,57.42758],[12.13657,57.4259],[12.13695,57.42345],[12.1233,57.40926],[12.12261,57.40298],[12.1247,57.4021],[12.12271,57.3958],[12.12284,57.38704],[12.10094,57.35088],[12.11455,57.34118],[12.14916,57.3467],[12.16368,57.33758],[12.18246,57.27688],[12.13416,57.26229],[12.13372,57.24972],[12.13644,57.24978],[12.13806,57.24743],[12.14248,57.24544],[12.14969,57.24842],[12.1565,57.24542],[12.16614,57.24376],[12.17002,57.24194],[12.17636,57.24349],[12.17548,57.23972],[12.18017,57.23807],[12.19957,57.23815],[12.20002,57.24179],[12.20336,57.24541],[12.19861,57.24843],[12.1979,57.25134],[12.20392,57.25279],[12.21145,57.25733],[12.20323,57.26179],[12.20383,57.26345],[12.2017,57.26565],[12.20393,57.26907],[12.19803,57.27051],[12.19916,57.27188],[12.20342,57.27299],[12.20348,57.27501],[12.19807,57.27546],[12.19656,57.27902],[12.19848,57.28085],[12.20274,57.28196],[12.20266,57.28309],[12.19952,57.28335],[12.1959,57.28193],[12.19034,57.28472],[12.19225,57.28643],[12.20056,57.28888],[12.20865,57.29434],[12.20839,57.29793],[12.20489,57.30032],[12.20798,57.30331],[12.20771,57.3069],[12.20212,57.3097],[12.20202,57.31104],[12.2073,57.31227],[12.20996,57.31547],[12.21357,57.314],[12.21406,57.31064],[12.22069,57.31078],[12.22985,57.31592],[12.23368,57.31466],[12.24696,57.31495],[12.24743,57.31699],[12.25045,57.31818],[12.26242,57.3135],[12.26898,57.31473],[12.27397,57.3145],[12.27792,57.31729],[12.28882,57.31587],[12.29226,57.31858],[12.29604,57.31942],[12.30028,57.31814],[12.30335,57.31835],[12.30268,57.31324],[12.30704,57.31086],[12.3114,57.31096],[12.31379,57.31236],[12.31763,57.30941],[12.32752,57.30901],[12.33472,57.30711],[12.33842,57.31041],[12.33511,57.31484],[12.33333,57.32626],[12.32871,57.32694],[12.32701,57.33174],[12.31873,57.33349],[12.31575,57.33663],[12.30876,57.33408],[12.30437,57.33605],[12.31269,57.34154],[12.3065,57.34665],[12.30784,57.34846],[12.32382,57.35436],[12.31956,57.35753],[12.31973,57.35899],[12.32688,57.35963],[12.32941,57.36459],[12.32672,57.36723],[12.3275,57.37073],[12.33523,57.37262],[12.3365,57.37432],[12.32894,57.3802],[12.32441,57.38111],[12.32377,57.38341],[12.31232,57.3822],[12.30583,57.38268],[12.30649,57.3809],[12.3033,57.37797],[12.30283,57.37539],[12.29768,57.37621],[12.29423,57.37498],[12.29186,57.37233],[12.2986,57.36796],[12.29576,57.36456],[12.29662,57.3594],[12.29317,57.35528],[12.27409,57.34534],[12.26986,57.34568],[12.26766,57.34849],[12.26156,57.34859],[12.25908,57.34966],[12.26103,57.35331],[12.26047,57.3566],[12.25783,57.35856],[12.26242,57.36405],[12.25622,57.36672],[12.24912,57.37477],[12.24138,57.37261],[12.23163,57.37236],[12.22645,57.36585],[12.2156,57.36089],[12.21458,57.3589],[12.20763,57.3551],[12.20385,57.35529],[12.20442,57.35918],[12.20073,57.36033],[12.19691,57.35946],[12.19596,57.36415],[12.19832,57.36627],[12.19632,57.36957],[12.19253,57.36985],[12.19003,57.37145],[12.1937,57.3748],[12.19092,57.37691],[12.19031,57.38028],[12.17391,57.3852],[12.17403,57.38735],[12.1793,57.38891],[12.17882,57.39101],[12.17256,57.39143],[12.16759,57.38967],[12.16419,57.38989],[12.16242,57.39253],[12.15651,57.39378],[12.15417,57.3985],[12.15682,57.40067],[12.16061,57.40137],[12.17401,57.39958],[12.17374,57.40321],[12.17038,57.4065],[12.17984,57.41053],[12.1797,57.41233],[12.17175,57.41284],[12.16683,57.41765],[12.16961,57.41882],[12.17262,57.41756],[12.17961,57.41772],[12.18315,57.42148],[12.17355,57.42678],[12.17712,57.43137],[12.18501,57.43185],[12.18609,57.43736],[12.18886,57.43936],[12.18403,57.44208],[12.18037,57.4414],[12.17738,57.44227],[12.17684,57.44395],[12.17928,57.44467],[12.18432,57.44411],[12.18985,57.4457],[12.19214,57.4485],[12.19658,57.45009],[12.2012,57.4541],[12.20289,57.45742],[12.21006,57.4564],[12.21331,57.45745],[12.21763,57.46148],[12.21651,57.46526],[12.21417,57.46688],[12.2166,57.46903],[12.21233,57.47031],[12.20744,57.46888],[12.2016,57.46891],[12.20375,57.46664],[12.19862,57.46353],[12.18885,57.46789],[12.18479,57.46788],[12.17903,57.46955],[12.17526,57.4684],[12.16461,57.47266],[12.15821,57.46779],[12.15994,57.46568],[12.15123,57.46242],[12.13803,57.4606],[12.13578,57.46279],[12.13891,57.46538],[12.13558,57.46717],[12.12995,57.46805],[12.12489,57.47401],[12.11874,57.47544],[12.11819,57.47722],[12.12114,57.47931],[12.11417,57.48342],[12.11725,57.48641],[12.11757,57.49024],[12.12295,57.49339],[12.12748,57.49406],[12.11449,57.50064],[12.11306,57.50227],[12.11414,57.50443],[12.10874,57.50543],[12.10971,57.50848],[12.10509,57.51147],[12.10845,57.51241],[12.10982,57.51495],[12.11163,57.51529],[12.11348,57.51138],[12.11656,57.51081],[12.12219,57.51534],[12.12793,57.51749],[12.12912,57.52106],[12.12717,57.52461],[12.12065,57.52828],[12.11719,57.527],[12.11708,57.53269],[12.12159,57.53172],[12.13622,57.53425],[12.13876,57.53655],[12.14204,57.53729],[12.15531,57.53056],[12.15847,57.53021],[12.16895,57.53693],[12.17459,57.53777],[12.17604,57.54034],[12.18378,57.53959],[12.19191,57.54078],[12.19928,57.54477],[12.20108,57.54787],[12.20663,57.54699],[12.21257,57.54818],[12.21658,57.55151],[12.21496,57.55354],[12.22342,57.55676],[12.22883,57.56073],[12.22893,57.56272],[12.23779,57.56668],[12.23734,57.57036],[12.2411,57.57078],[12.24582,57.56831],[12.25171,57.56917],[12.26084,57.57435],[12.26581,57.5799],[12.27452,57.58158],[12.27282,57.58367],[12.27745,57.58703],[12.27359,57.59111],[12.26585,57.59111],[12.26276,57.58964],[12.26038,57.58279],[12.25392,57.58293],[12.25096,57.58129],[12.25096,57.5791],[12.24479,57.57683],[12.22507,57.57724],[12.22334,57.57518],[12.21532,57.57343],[12.21103,57.5709],[12.20838,57.56543],[12.20512,57.56469],[12.20115,57.56518],[12.19548,57.55962],[12.19217,57.55975],[12.18882,57.5579],[12.18507,57.55769],[12.18225,57.55429],[12.17493,57.55827],[12.16586,57.55344],[12.15152,57.5551],[12.14582,57.55042],[12.14269,57.55215],[12.13181,57.55112],[12.13008,57.5531],[12.12299,57.55642],[12.11857,57.5552],[12.11542,57.55258],[12.10501,57.55513],[12.0972,57.56274],[12.09916,57.56621],[12.09706,57.56897],[12.10779,57.57234],[12.11309,57.57956],[12.10983,57.58527],[12.10557,57.58489],[12.10526,57.58691],[12.09638,57.59008],[12.09548,57.59578],[12.0975,57.59931],[12.09442,57.6002],[12.08765,57.59965],[12.08683,57.60143],[12.08873,57.60458],[12.0853,57.61038],[12.08699,57.61199],[12.09362,57.61018],[12.10096,57.6118],[12.10846,57.61923],[12.09793,57.61915],[12.09678,57.61676],[12.08734,57.61676],[12.08382,57.6136],[12.08166,57.61322],[12.06948,57.61754],[12.06302,57.61851],[12.05971,57.62061],[12.05339,57.61941],[12.05008,57.6198],[12.04622,57.62205],[12.04621,57.62475],[12.04913,57.62715],[12.04242,57.63539],[12.04705,57.63724],[12.05228,57.63733],[12.05625,57.63914],[12.05411,57.64314],[12.05562,57.64519],[12.06385,57.64538],[12.06803,57.64807],[12.07285,57.64722],[12.07776,57.64481],[12.08318,57.64636],[12.08507,57.64722],[12.08576,57.65083],[12.08402,57.6542],[12.09001,57.65318],[12.09081,57.65494],[12.08454,57.65813],[12.08203,57.65815],[12.07552,57.65648],[12.072,57.65257],[12.06767,57.65168],[12.05312,57.65532],[12.04911,57.65692],[12.04853,57.65893],[12.05508,57.66226],[12.05637,57.66438],[12.05993,57.66447],[12.0619,57.66601],[12.05731,57.66826],[12.05974,57.67026],[12.05959,57.67212],[12.05585,57.67137],[12.05355,57.66812],[12.04879,57.66734],[12.04334,57.6699],[12.0359,57.67125],[12.03174,57.67081],[12.02852,57.67422],[12.0312,57.67743],[12.02758,57.6797],[12.02429,57.67981],[12.02209,57.67856],[12.02261,57.67475],[12.02126,57.67416],[12.01473,57.67432],[12.00779,57.67788],[12.00803,57.68115],[12.01422,57.67905],[12.01631,57.67988],[12.00636,57.68869],[12.00789,57.69047],[12.00565,57.69222],[12.00738,57.69411],[12.00651,57.69707],[12.0088,57.69982],[12.0031,57.70272],[11.99643,57.70346],[11.99454,57.7048],[12.00457,57.71032],[12.00242,57.71225],[12.0057,57.71536],[12.00485,57.7171],[11.99775,57.71665],[11.98813,57.71303],[11.98211,57.71544],[11.98768,57.71915],[11.98714,57.72056],[11.98432,57.72065],[11.97416,57.71719],[11.96787,57.71626],[11.96411,57.71808],[11.96456,57.72067],[11.96048,57.72054],[11.95108,57.72365],[11.94739,57.72262],[11.94348,57.72289],[11.93818,57.72096],[11.94387,57.71821],[11.95038,57.71881],[11.95424,57.71672],[11.95772,57.7177],[11.96404,57.71403],[11.95787,57.71152],[11.9573,57.70902],[11.95238,57.70564],[11.95787,57.70584],[11.94083,57.69958],[11.94386,57.69841],[11.95285,57.69758],[11.95733,57.69971],[11.95649,57.70216],[11.95898,57.70335],[11.96342,57.69666],[11.97339,57.69659],[11.98003,57.69498],[11.98484,57.69189],[11.99024,57.68634],[11.98804,57.68315],[11.98829,57.67896],[11.97468,57.67673],[11.97432,57.6805],[11.96541,57.68423],[11.96183,57.68432],[11.96022,57.68248],[11.96736,57.67591],[11.9722,57.67468],[11.9737,57.67185],[11.98101,57.6681],[11.98701,57.6613],[11.9735,57.65589],[11.96823,57.65801],[11.95985,57.65877],[11.95691,57.65634],[11.95668,57.65322],[11.95303,57.65297],[11.95057,57.65109],[11.94533,57.65111],[11.93879,57.64919],[11.94225,57.64789],[11.94704,57.6488],[11.95661,57.6465],[11.96237,57.6478],[11.96664,57.64631],[11.97757,57.6465],[11.98152,57.64502],[11.98054,57.64102],[11.99338,57.63774],[11.99899,57.63833],[12.00196,57.63663],[12.00772,57.63632],[12.01563,57.63336],[12.01574,57.63078],[12.02034,57.62572],[12.02289,57.62526],[12.03195,57.62715],[12.03599,57.62691],[12.03632,57.62447],[12.03331,57.62175],[12.03443,57.61781],[12.02767,57.61543],[12.01764,57.60756],[12.01474,57.60469],[12.01732,57.6025],[12.02524,57.60168],[12.0279,57.5998],[12.03477,57.60192],[12.04755,57.60009],[12.05159,57.60088],[12.05753,57.59864],[12.06486,57.60357],[12.07403,57.60388],[12.07726,57.60255],[12.07677,57.59625],[12.08489,57.58987],[12.08191,57.58918],[12.06936,57.59049],[12.06569,57.59316],[12.06125,57.59372],[12.05948,57.59102],[12.06537,57.5888],[12.06359,57.58395],[12.05529,57.58202],[12.05679,57.57377],[12.05344,57.57309],[12.05113,57.57123],[12.05469,57.57043],[12.05785,57.56784],[12.07816,57.56292],[12.0839,57.56283],[12.09008,57.55965],[12.09096,57.55615],[12.08817,57.55408],[12.09018,57.55217],[12.08803,57.54978],[12.08918,57.54508],[12.09184,57.54357],[12.0908,57.54133],[12.09309,57.53968],[12.08929,57.53865],[12.08791,57.53569],[12.075,57.52925],[12.07083,57.52534],[12.06606,57.52624],[12.06158,57.52473],[12.06339,57.52303],[12.05051,57.52093],[12.04998,57.51834],[12.04552,57.51677],[12.05376,57.51258],[12.05387,57.51124],[12.04577,57.50858],[12.04191,57.50983],[12.03658,57.50858],[12.03854,57.50458],[12.03751,57.50231],[12.04183,57.5005],[12.03983,57.49941],[12.034,57.49931],[12.03382,57.49506],[12.03,57.49442],[12.02545,57.4915],[12.0199,57.49315],[12.01292,57.49163],[12.00315,57.49402],[11.99966,57.49895],[11.9893,57.49569],[11.98937,57.49932],[11.99508,57.50148],[11.99266,57.50485],[11.99425,57.50803],[11.98701,57.51229],[11.97861,57.51462],[11.97458,57.51113],[11.97247,57.5165]],[[12.21611,57.33743],[12.21639,57.34012],[12.21167,57.34361],[12.20496,57.3419],[12.19898,57.33818],[12.19536,57.33807],[12.19422,57.33963],[12.1943,57.34253],[12.19796,57.34632],[12.20487,57.34549],[12.21139,57.34716],[12.21809,57.34593],[12.22537,57.3415],[12.22266,57.33973],[12.22447,57.33761],[12.22086,57.33598],[12.21611,57.33743]],[[11.95231,57.47781],[11.95429,57.47853],[11.95838,57.47571],[11.97,57.47577],[11.97812,57.47469],[11.98086,57.47311],[11.97707,57.46852],[11.97833,57.46586],[11.98094,57.46457],[11.97428,57.46192],[11.96977,57.45756],[11.96798,57.45988],[11.96225,57.45948],[11.96104,57.4557],[11.95669,57.45313],[11.9496,57.45577],[11.94417,57.45295],[11.93931,57.45373],[11.93621,57.45585],[11.93747,57.45899],[11.95354,57.46803],[11.95089,57.46984],[11.95484,57.47248],[11.95159,57.47645],[11.95231,57.47781]],[[11.99116,57.67719],[11.99393,57.6716],[11.99147,57.67087],[11.9857,57.67219],[11.98628,57.67539],[11.99116,57.67719]]],[[[12.02596,57.72082],[12.03014,57.72369],[12.03016,57.72594],[12.02694,57.72771],[12.02151,57.72679],[12.02232,57.72174],[12.02596,57.72082]]],[[[12.01067,57.73312],[12.00324,57.73148],[12.00017,57.72927],[12.00139,57.7258],[12.00708,57.72571],[12.02723,57.73091],[12.02793,57.73262],[12.02553,57.73627],[12.02317,57.73644],[12.01744,57.73256],[12.01067,57.73312]]],[[[12.49937,56.92548],[12.49389,56.92257],[12.49214,56.92104],[12.49475,56.91738],[12.48709,56.91056],[12.48314,56.91033],[12.48087,56.90534],[12.49135,56.89755],[12.49753,56.90163],[12.49702,56.90507],[12.5039,56.90547],[12.50777,56.90352],[12.51004,56.90357],[12.51402,56.90915],[12.52202,56.91335],[12.52201,56.91661],[12.52622,56.91883],[12.52454,56.92183],[12.52648,56.92356],[12.51873,56.9251],[12.52055,56.92729],[12.51886,56.92912],[12.50939,56.92976],[12.50258,56.92527],[12.49937,56.92548]]],[[[12.32478,57.04875],[12.32687,57.04538],[12.33104,57.04539],[12.33417,57.04677],[12.33264,57.0504],[12.32478,57.04875]]],[[[12.32735,57.05943],[12.33668,57.06547],[12.34133,57.06572],[12.34156,57.06827],[12.33778,57.0692],[12.32851,57.06479],[12.32419,57.06515],[12.32097,57.0593],[12.32735,57.05943]]],[[[12.2927,57.05383],[12.30046,57.05211],[12.30425,57.04815],[12.30972,57.04801],[12.31135,57.04965],[12.30636,57.05346],[12.31288,57.05427],[12.31694,57.05696],[12.31685,57.05831],[12.31241,57.06069],[12.30597,57.05852],[12.30176,57.05978],[12.30095,57.0624],[12.30264,57.06463],[12.29462,57.06862],[12.29554,57.07158],[12.28828,57.07881],[12.28226,57.08947],[12.28981,57.09353],[12.30052,57.09666],[12.30334,57.10161],[12.30108,57.10605],[12.30963,57.1077],[12.31119,57.10897],[12.30877,57.11102],[12.30459,57.1111],[12.30622,57.1138],[12.29866,57.11659],[12.29815,57.11794],[12.30138,57.11752],[12.30564,57.11993],[12.31113,57.12014],[12.31364,57.12699],[12.3231,57.12983],[12.32951,57.1298],[12.32956,57.13357],[12.3322,57.13551],[12.32683,57.13761],[12.32263,57.13561],[12.31445,57.13514],[12.31458,57.13254],[12.30663,57.12767],[12.29683,57.12749],[12.28705,57.1299],[12.28306,57.13263],[12.29655,57.13696],[12.2967,57.14168],[12.29344,57.14453],[12.28001,57.14419],[12.27491,57.14278],[12.27735,57.14516],[12.27053,57.14943],[12.26904,57.15423],[12.26226,57.15279],[12.25999,57.15639],[12.25278,57.15693],[12.25114,57.16035],[12.24441,57.162],[12.24364,57.16404],[12.23896,57.16671],[12.23763,57.17064],[12.22943,57.17249],[12.23158,57.17509],[12.22755,57.1768],[12.226,57.17407],[12.22891,57.16964],[12.2432,57.16042],[12.24137,57.15663],[12.24831,57.15316],[12.2506,57.14926],[12.25618,57.1489],[12.2605,57.14669],[12.25755,57.14413],[12.25862,57.14269],[12.26274,57.14159],[12.2709,57.14297],[12.26873,57.14119],[12.26839,57.13739],[12.25857,57.12979],[12.25814,57.12632],[12.25504,57.12644],[12.2549,57.12831],[12.25138,57.12812],[12.26173,57.08315],[12.2637,57.08073],[12.26837,57.08009],[12.26894,57.07705],[12.27757,57.07184],[12.279,57.06755],[12.27738,57.06386],[12.28049,57.06004],[12.28591,57.06211],[12.2891,57.06155],[12.29295,57.05892],[12.2927,57.05383]]],[[[12.3603,57.13113],[12.36651,57.12806],[12.37032,57.12814],[12.3755,57.13083],[12.36982,57.13299],[12.36093,57.13244],[12.3603,57.13113]]],[[[12.35388,57.13279],[12.35493,57.13547],[12.34901,57.1373],[12.3453,57.14081],[12.34081,57.13926],[12.33897,57.13711],[12.33388,57.13511],[12.33996,57.13385],[12.34693,57.12972],[12.34954,57.13225],[12.35388,57.13279]]],[[[12.2868,57.17495],[12.2871,57.17147],[12.29081,57.16891],[12.29551,57.16896],[12.2977,57.16597],[12.30474,57.16646],[12.31299,57.17237],[12.30606,57.17779],[12.30758,57.18146],[12.29954,57.18095],[12.28993,57.17757],[12.2868,57.17495]]],[[[12.31633,57.22621],[12.31862,57.22604],[12.3223,57.22874],[12.32311,57.23218],[12.31986,57.2346],[12.31719,57.23424],[12.31327,57.23124],[12.31633,57.22621]]],[[[12.26327,57.45046],[12.26311,57.44798],[12.26682,57.44571],[12.27513,57.44889],[12.27287,57.45117],[12.26327,57.45046]]]]}},{"type":"Feature","properties":{"fs":"TRANSITB","t":30.0},"geometry":{"type":"MultiPolygon","coordinates":[[[[12.04586,57.45586],[12.04757,57.45274],[12.04375,57.45029],[12.04043,57.44126],[12.04178,57.43793],[12.02946,57.42932],[12.03139,57.42735],[12.03762,57.43058],[12.0377,57.433],[12.04876,57.43786],[12.04908,57.44169],[12.04583,57.44409],[12.04925,57.44731],[12.05752,57.44898],[12.05586,57.45073],[12.05683,57.45416],[12.06292,57.45617],[12.06055,57.46151],[12.06175,57.46689],[12.05735,57.46847],[12.05233,57.46862],[12.04742,57.4657],[12.05065,57.46134],[12.04652,57.45929],[12.04586,57.45586]]],[[[12.00377,57.47706],[12.0078,57.47773],[12.01075,57.48112],[12.01647,57.48393],[12.01007,57.48569],[12.00305,57.4858],[11.99605,57.48366],[11.99926,57.4816],[11.99621,57.47666],[11.99777,57.47542],[12.00081,57.47493],[12.00377,57.47706]]],[[[11.99428,57.49281],[11.98561,57.49681],[11.98186,57.4938],[11.98375,57.49235],[11.99335,57.49183],[11.99428,57.49281]]],[[[11.96855,57.50462],[11.96354,57.50329],[11.95891,57.50385],[11.95834,57.50234],[11.96706,57.5012],[11.97275,57.50308],[11.97788,57.50663],[11.97251,57.50796],[11.96855,57.50462]]],[[[12.07674,57.58058],[12.07204,57.57918],[12.07168,57.57591],[12.0726,57.57351],[12.07764,57.57151],[12.08379,57.5735],[12.085,57.57667],[12.07975,57.58003],[12.07674,57.58058]]],[[[12.02372,57.64714],[12.02622,57.64855],[12.02644,57.64979],[12.02238,57.65138],[12.02262,57.65287],[12.02637,57.65437],[12.03019,57.65378],[12.03415,57.65671],[12.03335,57.65804],[12.01836,57.66005],[12.01238,57.6589],[12.00581,57.65466],[12.01568,57.6519],[12.01722,57.64721],[12.02028,57.64908],[12.02372,57.64714]]],[[[12.26944,57.10222],[12.27571,57.10008],[12.27847,57.1018],[12.26337,57.10501],[12.26866,57.10895],[12.26866,57.11164],[12.26451,57.1138],[12.26435,57.11604],[12.25875,57.12004],[12.25545,57.11967],[12.25353,57.11876],[12.2574,57.102],[12.26573,57.10012],[12.26944,57.10222]]],[[[12.28692,57.34166],[12.29405,57.34292],[12.29378,57.34653],[12.28824,57.3472],[12.28556,57.34607],[12.28471,57.34341],[12.28692,57.34166]]],[[[12.23505,57.35169],[12.23033,57.35092],[12.22613,57.3488],[12.23095,57.34382],[12.24532,57.35053],[12.24329,57.35611],[12.23934,57.35553],[12.23505,57.35169]]],[[[12.09234,57.50134],[12.09278,57.5054],[12.09858,57.51238],[12.09522,57.51669],[12.09793,57.51879],[12.10734,57.52079],[12.10739,57.52534],[12.10074,57.5241],[12.0883,57.51608],[12.08407,57.5178],[12.08502,57.51996],[12.08319,57.52088],[12.07732,57.52125],[12.0708,57.51921],[12.06542,57.516],[12.06296,57.5128],[12.05711,57.51198],[12.05946,57.50794],[12.0566,57.50445],[12.05097,57.50104],[12.05489,57.49898],[12.06098,57.49983],[12.06255,57.49841],[12.06172,57.49704],[12.05613,57.49396],[12.04797,57.49168],[12.04312,57.49217],[12.03798,57.49131],[12.0295,57.49299],[12.02552,57.49136],[12.02408,57.48926],[12.01949,57.48886],[12.0176,57.48439],[12.02707,57.48114],[12.0336,57.48363],[12.04399,57.4842],[12.04765,57.4862],[12.05054,57.48565],[12.05276,57.4802],[12.05171,57.478],[12.05514,57.47617],[12.05375,57.47348],[12.05506,57.47099],[12.06214,57.47115],[12.06787,57.47503],[12.07881,57.47126],[12.08569,57.47198],[12.08936,57.46966],[12.08636,57.46744],[12.0873,57.46544],[12.09666,57.46446],[12.10266,57.46243],[12.10425,57.46075],[12.10266,57.45855],[12.11009,57.45805],[12.1129,57.45358],[12.11697,57.454],[12.11927,57.4573],[12.12573,57.4561],[12.13068,57.4529],[12.13284,57.44969],[12.13042,57.44863],[12.13034,57.44704],[12.14096,57.43887],[12.1444,57.44043],[12.14792,57.43734],[12.14335,57.4351],[12.14614,57.43137],[12.14159,57.42967],[12.13843,57.42579],[12.14534,57.42454],[12.14787,57.42307],[12.15017,57.41895],[12.14948,57.41648],[12.13903,57.41576],[12.13705,57.40764],[12.13335,57.40626],[12.13234,57.40438],[12.13694,57.40381],[12.13749,57.40228],[12.12879,57.40037],[12.12655,57.39706],[12.12271,57.39557],[12.12284,57.38704],[12.10094,57.35088],[12.11455,57.34118],[12.14916,57.3467],[12.16368,57.33758],[12.17566,57.30413],[12.18246,57.27688],[12.17171,57.27364],[12.1711,57.26986],[12.16831,57.26841],[12.17637,57.26374],[12.17513,57.26101],[12.17638,57.25699],[12.17213,57.25371],[12.17227,57.24926],[12.17582,57.24613],[12.18523,57.24548],[12.1852,57.24905],[12.1881,57.25231],[12.18598,57.25424],[12.19233,57.25794],[12.18729,57.25887],[12.18507,57.26078],[12.19003,57.26365],[12.19099,57.26631],[12.18639,57.27212],[12.19018,57.27528],[12.18483,57.28097],[12.18976,57.28307],[12.19163,57.28745],[12.18982,57.29368],[12.19469,57.2974],[12.19276,57.3063],[12.19915,57.30879],[12.19867,57.31363],[12.19645,57.31558],[12.19765,57.31713],[12.20106,57.31779],[12.20267,57.31564],[12.20847,57.31592],[12.21106,57.31771],[12.21057,57.32139],[12.21634,57.32363],[12.2237,57.32047],[12.23682,57.32054],[12.24089,57.32376],[12.2398,57.32581],[12.24159,57.32918],[12.24324,57.3294],[12.24677,57.32574],[12.24939,57.32535],[12.25231,57.33183],[12.2643,57.32668],[12.26836,57.32295],[12.27648,57.32267],[12.28223,57.32503],[12.27701,57.33172],[12.26741,57.33158],[12.2672,57.33533],[12.26939,57.33716],[12.26302,57.33896],[12.25573,57.33882],[12.25151,57.33694],[12.24741,57.33657],[12.23808,57.33903],[12.23247,57.33413],[12.22656,57.33208],[12.2235,57.33235],[12.21953,57.33441],[12.20576,57.33427],[12.20411,57.33137],[12.20135,57.33036],[12.19205,57.33127],[12.19081,57.335],[12.18329,57.33826],[12.17199,57.33659],[12.17185,57.33852],[12.17962,57.34279],[12.18255,57.3425],[12.18509,57.33936],[12.19203,57.3379],[12.19281,57.34226],[12.19667,57.34666],[12.20178,57.34776],[12.20569,57.34996],[12.2054,57.35327],[12.19503,57.359],[12.19431,57.36345],[12.19712,57.36602],[12.19629,57.36956],[12.19252,57.36982],[12.18982,57.37144],[12.19298,57.37484],[12.18994,57.37685],[12.18924,57.38032],[12.18514,57.38073],[12.17269,57.38546],[12.17392,57.38797],[12.17838,57.38886],[12.17819,57.39078],[12.17146,57.39079],[12.16529,57.38908],[12.16258,57.39022],[12.16173,57.3923],[12.1576,57.39269],[12.15505,57.39447],[12.1543,57.39895],[12.16145,57.40296],[12.16212,57.41019],[12.16782,57.41139],[12.16603,57.41674],[12.16999,57.41934],[12.16818,57.42115],[12.1699,57.42316],[12.16161,57.42452],[12.16267,57.43321],[12.15995,57.43508],[12.16107,57.43604],[12.16729,57.4362],[12.1681,57.43836],[12.16272,57.44061],[12.15401,57.44134],[12.15233,57.44295],[12.15385,57.44744],[12.15857,57.4496],[12.15878,57.45185],[12.16234,57.45358],[12.15762,57.45535],[12.15266,57.45413],[12.13756,57.45598],[12.13485,57.45856],[12.12657,57.45966],[12.12263,57.46288],[12.11764,57.46446],[12.11588,57.46915],[12.11105,57.46964],[12.11079,57.47379],[12.10516,57.47692],[12.11129,57.48245],[12.10999,57.48451],[12.11535,57.49199],[12.11329,57.49587],[12.111,57.49672],[12.10353,57.49672],[12.09712,57.49386],[12.09057,57.49643],[12.09458,57.49847],[12.09234,57.50134]]],[[[12.17297,57.46167],[12.16669,57.46063],[12.16736,57.45873],[12.16311,57.45442],[12.17004,57.45095],[12.17331,57.45123],[12.17385,57.4536],[12.17731,57.45536],[12.17784,57.45925],[12.17297,57.46167]]],[[[12.14986,57.54422],[12.14495,57.54288],[12.13932,57.54497],[12.13333,57.54385],[12.12801,57.54575],[12.12268,57.54338],[12.11584,57.54637],[12.10886,57.54478],[12.10232,57.54459],[12.09876,57.54568],[12.09617,57.54322],[12.09557,57.53961],[12.09789,57.53298],[12.1015,57.53222],[12.1066,57.53509],[12.11071,57.53333],[12.11551,57.53468],[12.11897,57.53954],[12.12345,57.54129],[12.13498,57.54214],[12.14939,57.53955],[12.1528,57.54137],[12.14986,57.54422]]]]}},{"type":"Feature","properties":{"fs":"TRANSITB","t":15.0},"geometry":{"type":"MultiPolygon","coordinates":[[[[12.1754,57.32946],[12.16733,57.3297],[12.16712,57.32703],[12.17435,57.32481],[12.17596,57.32619],[12.1754,57.32946]]],[[[12.15312,57.37646],[12.16,57.38021],[12.15876,57.38282],[12.15568,57.3837],[12.14659,57.38282],[12.14768,57.38487],[12.14469,57.38593],[12.14064,57.38449],[12.1351,57.38481],[12.12656,57.3836],[12.12401,57.38237],[12.12229,57.37901],[12.11698,57.37737],[12.10094,57.35088],[12.11248,57.34266],[12.11539,57.34311],[12.11906,57.3419],[12.14916,57.3467],[12.15528,57.34285],[12.15671,57.34579],[12.1629,57.3489],[12.16408,57.3535],[12.16878,57.35142],[12.168,57.34803],[12.16931,57.34716],[12.18057,57.34938],[12.18193,57.3534],[12.17468,57.35481],[12.17316,57.35652],[12.18256,57.36678],[12.17885,57.36906],[12.1797,57.37211],[12.17282,57.37038],[12.16645,57.37344],[12.15281,57.37349],[12.15312,57.37646]]]]}},{"type":"Feature","properties":{"fs":"CAR","t":60.0},"geometry":{"type":"MultiPolygon","coordinates":[[[[12.89332,56.67046],[12.89672,56.67361],[12.89204,56.68055],[12.88751,56.67401],[12.89332,56.67046]]],[[[11.88387,57.80741],[11.86782,57.80982],[11.87292,57.8011],[11.85541,57.80099],[11.85082,57.7986],[11.85082,57.7941],[11.84238,57.79445],[11.84092,57.79006],[11.827,57.78763],[11.8191,57.76017],[11.79198,57.75466],[11.80336,57.75091],[11.80566,57.74718],[11.79081,57.75022],[11.76413,57.74452],[11.76237,57.74215],[11.77724,57.74038],[11.76411,57.73839],[11.75547,57.7337],[11.73939,57.73547],[11.73147,57.72869],[11.73171,57.71985],[11.75565,57.69879],[11.77267,57.69623],[11.79692,57.69984],[11.80144,57.71288],[11.81489,57.71606],[11.82499,57.71441],[11.82052,57.71764],[11.82387,57.72079],[11.83645,57.71747],[11.83255,57.71209],[11.84933,57.69805],[11.89401,57.70402],[11.90837,57.69865],[11.93823,57.70512],[11.95787,57.70584],[11.88744,57.6818],[11.88044,57.6735],[11.8822,57.66606],[11.91329,57.6222],[11.92608,57.62213],[11.94218,57.63774],[11.95196,57.62845],[11.94735,57.56111],[11.95797,57.50164],[11.92682,57.44208],[11.93329,57.42624],[11.98772,57.36125],[12.01168,57.3557],[12.0287,57.36114],[12.03989,57.37655],[12.07274,57.45009],[12.09217,57.4615],[12.11131,57.45576],[12.12215,57.4347],[12.12284,57.38704],[12.10094,57.35088],[12.11455,57.34118],[12.14916,57.3467],[12.16368,57.33758],[12.18246,57.27688],[12.13416,57.26229],[12.13277,57.22269],[12.19767,57.18266],[12.24876,57.13947],[12.26173,57.08315],[12.29333,57.04419],[12.34089,57.02811],[12.36947,56.99356],[12.37258,56.96681],[12.35867,56.93489],[12.41026,56.90245],[12.48718,56.88889],[12.56491,56.85723],[12.62347,56.82984],[12.62239,56.78124],[12.65361,56.73706],[12.66566,56.73507],[12.66281,56.74245],[12.6683,56.74601],[12.68141,56.74889],[12.70049,56.7483],[12.70593,56.74494],[12.69258,56.74338],[12.68322,56.73617],[12.68743,56.73407],[12.69969,56.73415],[12.70252,56.72971],[12.69916,56.72619],[12.68421,56.72418],[12.70031,56.72401],[12.72302,56.73697],[12.72893,56.73855],[12.73828,56.73612],[12.73854,56.73925],[12.74473,56.74147],[12.74301,56.74449],[12.75238,56.75028],[12.75064,56.75362],[12.76431,56.76023],[12.77507,56.75546],[12.78518,56.75747],[12.81053,56.75445],[12.8077,56.74677],[12.82433,56.73471],[12.81307,56.72173],[12.79176,56.72159],[12.79076,56.71895],[12.7972,56.71513],[12.78466,56.70986],[12.77992,56.7123],[12.7748,56.70814],[12.78128,56.70446],[12.79917,56.71054],[12.80932,56.7072],[12.81314,56.71176],[12.82981,56.70167],[12.83511,56.70709],[12.82792,56.70781],[12.82461,56.71211],[12.83657,56.71133],[12.83745,56.70854],[12.84906,56.71169],[12.85463,56.70799],[12.86154,56.71373],[12.86939,56.70586],[12.86245,56.70223],[12.86689,56.69697],[12.88024,56.70366],[12.88742,56.70303],[12.89002,56.70944],[12.89551,56.70897],[12.90145,56.71693],[12.89815,56.71884],[12.89184,56.71523],[12.88603,56.71639],[12.8812,56.71154],[12.87801,56.71598],[12.88496,56.71946],[12.87864,56.72146],[12.87814,56.72721],[12.86815,56.72772],[12.87307,56.73106],[12.86807,56.73827],[12.87961,56.74191],[12.87174,56.74557],[12.86416,56.74186],[12.86193,56.74585],[12.86727,56.75001],[12.86127,56.75444],[12.86598,56.75705],[12.87838,56.75474],[12.87249,56.75948],[12.88463,56.76179],[12.86536,56.76575],[12.86557,56.7687],[12.87619,56.77534],[12.85771,56.77217],[12.85413,56.77889],[12.84583,56.77625],[12.84214,56.78051],[12.84506,56.78309],[12.85452,56.78311],[12.8652,56.79333],[12.86276,56.79566],[12.85765,56.79342],[12.85565,56.79474],[12.86251,56.80164],[12.86142,56.80724],[12.85292,56.80007],[12.84612,56.80024],[12.84435,56.79255],[12.83726,56.78969],[12.8277,56.7914],[12.83082,56.79716],[12.82856,56.80892],[12.81568,56.81319],[12.8166,56.82163],[12.82789,56.82786],[12.82939,56.83287],[12.8163,56.83777],[12.81269,56.82942],[12.7996,56.82554],[12.8019,56.83429],[12.79589,56.83643],[12.7891,56.8335],[12.77732,56.84059],[12.79303,56.85014],[12.80777,56.85227],[12.7824,56.8536],[12.78037,56.85628],[12.78713,56.85888],[12.78993,56.86356],[12.80133,56.86594],[12.78401,56.87261],[12.79959,56.8716],[12.80384,56.87347],[12.81236,56.87023],[12.81886,56.87306],[12.81637,56.8761],[12.82245,56.88478],[12.82883,56.88688],[12.82061,56.88699],[12.80976,56.87964],[12.80442,56.88315],[12.78307,56.88156],[12.78075,56.88446],[12.78715,56.88458],[12.78919,56.89058],[12.77792,56.89424],[12.77027,56.89031],[12.76505,56.89822],[12.77233,56.90229],[12.77761,56.89985],[12.78109,56.90469],[12.79006,56.90485],[12.79024,56.91103],[12.78543,56.91375],[12.796,56.91948],[12.7893,56.92203],[12.81613,56.92637],[12.8236,56.92383],[12.83403,56.92546],[12.83432,56.92275],[12.84105,56.92104],[12.84742,56.9234],[12.85949,56.90353],[12.866,56.90975],[12.85996,56.91393],[12.86086,56.92553],[12.86767,56.9255],[12.86279,56.93005],[12.87001,56.93404],[12.87544,56.93329],[12.87858,56.93685],[12.88624,56.93543],[12.88446,56.94186],[12.89022,56.94],[12.89693,56.94397],[12.88574,56.94638],[12.88576,56.95751],[12.89552,56.95974],[12.89788,56.95669],[12.92465,56.96283],[12.91795,56.96629],[12.91364,56.9637],[12.90926,56.96531],[12.89261,56.96358],[12.88256,56.97076],[12.87856,56.96879],[12.88043,56.96538],[12.86736,56.96685],[12.85539,56.96496],[12.85135,56.97331],[12.84173,56.96556],[12.8359,56.9656],[12.83063,56.9738],[12.8268,56.97029],[12.81938,56.96974],[12.81916,56.9647],[12.80622,56.96626],[12.80091,56.97201],[12.82022,56.98176],[12.80288,56.97935],[12.80239,56.98327],[12.79205,56.98421],[12.78926,56.98782],[12.78426,56.98534],[12.77466,56.98678],[12.77761,56.98901],[12.77537,56.99206],[12.78569,56.99154],[12.78288,56.99851],[12.77601,57.00078],[12.77851,57.00855],[12.7984,57.01161],[12.79208,57.01398],[12.79132,57.01811],[12.77941,57.01642],[12.7777,57.0192],[12.77012,57.01542],[12.76121,57.02017],[12.75199,57.02155],[12.75053,57.01366],[12.75517,57.00855],[12.7299,56.99398],[12.72066,56.99502],[12.73499,57.00046],[12.73043,57.00572],[12.72254,56.99996],[12.71589,57.00152],[12.71018,56.99187],[12.6966,56.99302],[12.68311,57.00313],[12.68952,57.00149],[12.70265,57.00346],[12.68951,57.00778],[12.69959,57.01435],[12.68866,57.02152],[12.70631,57.02746],[12.69377,57.03046],[12.70382,57.03725],[12.7128,57.03931],[12.70751,57.0415],[12.69856,57.04043],[12.69505,57.04298],[12.70507,57.04766],[12.70511,57.05117],[12.71324,57.05729],[12.70445,57.05762],[12.71563,57.06859],[12.71314,57.06999],[12.70463,57.06731],[12.71232,57.07644],[12.7087,57.07862],[12.70067,57.07229],[12.70147,57.07806],[12.69533,57.08015],[12.69906,57.08925],[12.70548,57.09105],[12.70291,57.09367],[12.70947,57.09337],[12.70617,57.10076],[12.72882,57.11219],[12.72509,57.12038],[12.72221,57.12117],[12.71729,57.11715],[12.71402,57.11824],[12.71629,57.12081],[12.72229,57.12408],[12.72932,57.12308],[12.74305,57.1265],[12.73897,57.11286],[12.75108,57.11968],[12.76367,57.11703],[12.77061,57.11175],[12.77306,57.10393],[12.76281,57.09855],[12.78247,57.09764],[12.7916,57.10018],[12.80028,57.09598],[12.8029,57.09126],[12.80945,57.09502],[12.81535,57.09232],[12.81931,57.09407],[12.80053,57.10188],[12.80276,57.10782],[12.79297,57.10756],[12.78964,57.11587],[12.78138,57.1172],[12.76884,57.12519],[12.78567,57.12605],[12.78319,57.12868],[12.78908,57.12948],[12.78824,57.13284],[12.77193,57.13564],[12.76172,57.13368],[12.74306,57.13905],[12.73788,57.15197],[12.75252,57.14919],[12.7626,57.15471],[12.77429,57.1479],[12.78249,57.14692],[12.79425,57.15103],[12.77768,57.15456],[12.78781,57.16386],[12.79904,57.16609],[12.82001,57.1612],[12.82391,57.1666],[12.83422,57.16565],[12.83596,57.16231],[12.84399,57.16638],[12.83489,57.17177],[12.81057,57.17002],[12.80312,57.17571],[12.80609,57.18014],[12.79045,57.18024],[12.80242,57.18476],[12.8002,57.19019],[12.80866,57.19357],[12.81351,57.19029],[12.81617,57.19118],[12.82052,57.2008],[12.81805,57.20314],[12.82608,57.20295],[12.83136,57.20557],[12.82947,57.20699],[12.81084,57.2113],[12.80917,57.20467],[12.80491,57.20221],[12.79711,57.20292],[12.79924,57.19762],[12.79097,57.19747],[12.78885,57.19182],[12.78019,57.18746],[12.76471,57.1889],[12.75438,57.19509],[12.75576,57.19657],[12.76033,57.19506],[12.76704,57.19958],[12.77189,57.19854],[12.77602,57.20086],[12.78029,57.19869],[12.79117,57.20274],[12.7789,57.20674],[12.77118,57.20386],[12.76403,57.20669],[12.76903,57.20951],[12.77061,57.21761],[12.76171,57.21507],[12.76152,57.2197],[12.75186,57.2111],[12.73324,57.21835],[12.73335,57.2133],[12.72541,57.20782],[12.71717,57.21768],[12.71304,57.21321],[12.70208,57.2168],[12.703,57.22285],[12.72721,57.23326],[12.71269,57.23777],[12.70719,57.24296],[12.69536,57.24363],[12.70087,57.25146],[12.69749,57.26824],[12.7022,57.27451],[12.69595,57.27608],[12.68867,57.28634],[12.71229,57.28171],[12.72149,57.28679],[12.72851,57.2851],[12.73027,57.28176],[12.72519,57.27437],[12.73131,57.27181],[12.73191,57.26634],[12.74373,57.26515],[12.74834,57.25613],[12.73802,57.25113],[12.74867,57.25064],[12.75156,57.24437],[12.75834,57.24077],[12.75651,57.23674],[12.76132,57.2364],[12.77038,57.24429],[12.76373,57.24866],[12.76457,57.25766],[12.75983,57.25674],[12.75777,57.25866],[12.75756,57.26582],[12.76389,57.26958],[12.78236,57.27202],[12.79584,57.26757],[12.79967,57.26848],[12.7839,57.27794],[12.77697,57.27548],[12.76711,57.27563],[12.75891,57.28255],[12.75467,57.2777],[12.75003,57.27931],[12.74784,57.28544],[12.75946,57.30194],[12.75233,57.30539],[12.73688,57.3021],[12.73424,57.3043],[12.73594,57.30826],[12.74097,57.30666],[12.75252,57.3108],[12.73385,57.319],[12.73645,57.32736],[12.74588,57.32599],[12.75093,57.31976],[12.76706,57.31499],[12.77073,57.30719],[12.76915,57.29762],[12.77794,57.30227],[12.78666,57.2954],[12.79017,57.29743],[12.79141,57.307],[12.78342,57.30601],[12.779,57.3079],[12.78082,57.31917],[12.76468,57.32847],[12.78034,57.33755],[12.77531,57.34013],[12.76914,57.33628],[12.7598,57.33606],[12.75341,57.3388],[12.76293,57.34192],[12.7627,57.34573],[12.75699,57.34811],[12.76175,57.35103],[12.77261,57.34762],[12.78241,57.34877],[12.76934,57.35435],[12.77288,57.36016],[12.7619,57.35646],[12.75884,57.36043],[12.75043,57.36196],[12.76004,57.36625],[12.77873,57.36163],[12.7834,57.36681],[12.77446,57.37068],[12.78631,57.37879],[12.78431,57.38473],[12.78998,57.38834],[12.80289,57.38414],[12.80163,57.37906],[12.80757,57.37973],[12.81631,57.37258],[12.81485,57.39425],[12.82122,57.39948],[12.83051,57.39838],[12.8401,57.40121],[12.81821,57.4019],[12.80591,57.39886],[12.78954,57.40286],[12.78879,57.40673],[12.77864,57.40674],[12.78236,57.41846],[12.77754,57.42064],[12.78305,57.42423],[12.76921,57.42918],[12.77558,57.43582],[12.77231,57.43822],[12.77457,57.44107],[12.76509,57.44778],[12.76036,57.44067],[12.75186,57.44478],[12.75629,57.45104],[12.76404,57.45085],[12.77262,57.45535],[12.78106,57.45059],[12.7762,57.44699],[12.7902,57.44597],[12.80348,57.45681],[12.80115,57.45873],[12.79351,57.45804],[12.79011,57.461],[12.79766,57.46043],[12.8051,57.46449],[12.83792,57.45579],[12.83369,57.45253],[12.83643,57.45024],[12.84454,57.45394],[12.84497,57.45998],[12.83803,57.46056],[12.81881,57.47055],[12.82718,57.47442],[12.82826,57.48258],[12.83868,57.47826],[12.83924,57.48637],[12.84506,57.48951],[12.87804,57.49169],[12.86567,57.49585],[12.85802,57.49511],[12.8531,57.49901],[12.84982,57.49502],[12.84285,57.49603],[12.83732,57.49247],[12.81212,57.48649],[12.80623,57.48922],[12.81121,57.49302],[12.80477,57.49312],[12.80373,57.49596],[12.7895,57.49194],[12.79359,57.49981],[12.7792,57.49843],[12.76848,57.50103],[12.77765,57.50941],[12.7865,57.51014],[12.80913,57.51903],[12.80584,57.52164],[12.79346,57.51932],[12.8021,57.53285],[12.81354,57.53118],[12.81986,57.52722],[12.81628,57.52168],[12.82794,57.52315],[12.82421,57.51999],[12.83838,57.51855],[12.84282,57.51414],[12.84612,57.51791],[12.83646,57.52456],[12.83793,57.52627],[12.86304,57.52529],[12.86794,57.52734],[12.86886,57.53058],[12.85764,57.52836],[12.85274,57.52954],[12.8519,57.53268],[12.84729,57.5312],[12.84259,57.53358],[12.82824,57.53116],[12.81809,57.5394],[12.82883,57.55419],[12.84298,57.56005],[12.83647,57.56261],[12.8384,57.56671],[12.84866,57.56997],[12.85231,57.57453],[12.84032,57.57411],[12.82543,57.56967],[12.83101,57.56658],[12.82741,57.56259],[12.81742,57.5627],[12.82451,57.5565],[12.81716,57.55055],[12.79548,57.55062],[12.79449,57.55416],[12.78325,57.55845],[12.77443,57.55319],[12.76793,57.55279],[12.77015,57.55057],[12.76344,57.54683],[12.75528,57.54617],[12.74572,57.54866],[12.7372,57.53865],[12.73379,57.54742],[12.71839,57.5514],[12.71734,57.55559],[12.71045,57.55639],[12.72385,57.56303],[12.74269,57.55549],[12.73462,57.56489],[12.73799,57.56944],[12.73276,57.57437],[12.73669,57.57644],[12.74479,57.57434],[12.74883,57.57666],[12.75344,57.56747],[12.7615,57.57239],[12.76831,57.57223],[12.76944,57.57506],[12.76208,57.57998],[12.76362,57.58464],[12.77198,57.589],[12.755,57.59312],[12.7594,57.59809],[12.77128,57.60046],[12.76009,57.60381],[12.75227,57.59928],[12.74544,57.60103],[12.74843,57.61053],[12.74331,57.61292],[12.7447,57.6159],[12.73635,57.61827],[12.74162,57.63171],[12.72245,57.62027],[12.72388,57.61412],[12.71408,57.61043],[12.71471,57.61297],[12.70287,57.61945],[12.70691,57.62813],[12.69357,57.63],[12.69874,57.63416],[12.70369,57.63341],[12.70145,57.63786],[12.69197,57.63867],[12.6824,57.64299],[12.68333,57.63865],[12.67428,57.63975],[12.66328,57.64523],[12.66542,57.64996],[12.65359,57.6492],[12.62246,57.6628],[12.62569,57.66538],[12.63797,57.66196],[12.64812,57.66496],[12.64273,57.67139],[12.63079,57.66955],[12.63917,57.67364],[12.63862,57.67616],[12.64617,57.67686],[12.6467,57.6808],[12.65439,57.6794],[12.67781,57.68824],[12.66888,57.68856],[12.65416,57.68501],[12.64891,57.68716],[12.62917,57.6823],[12.62285,57.68681],[12.61871,57.68498],[12.61979,57.68044],[12.61158,57.68141],[12.6015,57.67658],[12.59145,57.67808],[12.59432,57.68213],[12.59159,57.68387],[12.57899,57.68022],[12.57096,57.68393],[12.57711,57.68861],[12.57169,57.69328],[12.57245,57.69758],[12.56457,57.69783],[12.5569,57.69103],[12.55578,57.69887],[12.54212,57.68653],[12.53183,57.68942],[12.53136,57.68548],[12.52755,57.68494],[12.5196,57.69003],[12.51692,57.69671],[12.52168,57.70186],[12.49245,57.71874],[12.48927,57.72476],[12.49315,57.72758],[12.48725,57.73123],[12.48239,57.72748],[12.47586,57.72714],[12.48132,57.72409],[12.47957,57.72097],[12.47391,57.72114],[12.47677,57.71782],[12.46176,57.71106],[12.45113,57.71675],[12.44824,57.72427],[12.42941,57.7208],[12.42452,57.72323],[12.42261,57.71561],[12.40718,57.71487],[12.41274,57.71059],[12.39687,57.7101],[12.395,57.7142],[12.40152,57.71696],[12.40383,57.72505],[12.40865,57.72487],[12.40484,57.72929],[12.39533,57.7246],[12.38663,57.72695],[12.38246,57.72349],[12.37456,57.72691],[12.36537,57.72342],[12.34828,57.74213],[12.35564,57.74877],[12.36046,57.7476],[12.36713,57.74973],[12.35862,57.75599],[12.3443,57.75302],[12.336,57.7605],[12.34033,57.76417],[12.35589,57.76703],[12.34105,57.783],[12.34286,57.7869],[12.3469,57.78917],[12.35277,57.78802],[12.36135,57.79298],[12.36702,57.78734],[12.39143,57.78419],[12.39337,57.78648],[12.37684,57.79204],[12.37765,57.79659],[12.38232,57.79753],[12.39459,57.79331],[12.39795,57.80146],[12.41077,57.80046],[12.40915,57.80478],[12.41417,57.80755],[12.41947,57.80513],[12.42535,57.80988],[12.43143,57.80762],[12.42952,57.81418],[12.44225,57.81643],[12.42954,57.8226],[12.41751,57.82208],[12.40917,57.81278],[12.40248,57.81334],[12.40463,57.81634],[12.39632,57.82824],[12.39281,57.81797],[12.38424,57.81821],[12.38358,57.8152],[12.3726,57.81427],[12.37476,57.81944],[12.36717,57.82315],[12.36239,57.82192],[12.35374,57.82511],[12.35352,57.8209],[12.34653,57.8157],[12.3504,57.8096],[12.34769,57.80711],[12.34,57.81149],[12.32956,57.81033],[12.32511,57.80296],[12.31969,57.8016],[12.31644,57.8028],[12.32085,57.80729],[12.3127,57.81077],[12.29418,57.80504],[12.29871,57.7984],[12.29402,57.79036],[12.28633,57.79052],[12.2909,57.79275],[12.28756,57.79521],[12.29238,57.79932],[12.28512,57.80141],[12.28073,57.79857],[12.26884,57.79933],[12.27426,57.79717],[12.27358,57.78986],[12.25678,57.78149],[12.25209,57.78616],[12.2433,57.78241],[12.23492,57.78888],[12.22579,57.78109],[12.22716,57.7786],[12.23143,57.77953],[12.22709,57.7727],[12.24048,57.77121],[12.24596,57.76131],[12.23284,57.76276],[12.2126,57.7542],[12.19196,57.75709],[12.1864,57.76236],[12.16962,57.76492],[12.16017,57.76981],[12.14833,57.77001],[12.14392,57.77584],[12.15634,57.78278],[12.16229,57.79303],[12.16772,57.7942],[12.17867,57.78862],[12.18354,57.79027],[12.1841,57.80166],[12.20051,57.79865],[12.20457,57.79369],[12.21908,57.79316],[12.20535,57.8041],[12.21144,57.80697],[12.19776,57.81371],[12.20693,57.81768],[12.21685,57.8153],[12.2194,57.81803],[12.21555,57.82187],[12.22208,57.82595],[12.21122,57.8302],[12.19477,57.82507],[12.18983,57.82608],[12.17822,57.81627],[12.17054,57.822],[12.16359,57.82339],[12.16469,57.82777],[12.15555,57.82405],[12.16033,57.81967],[12.15322,57.81571],[12.13549,57.82262],[12.12715,57.82159],[12.13285,57.81603],[12.12992,57.80873],[12.1237,57.80536],[12.11012,57.81614],[12.09945,57.81913],[12.09568,57.81694],[12.09805,57.81025],[12.09456,57.80568],[12.07811,57.81499],[12.0867,57.83077],[12.0803,57.83645],[12.07375,57.83746],[12.08772,57.84056],[12.08799,57.84372],[12.08362,57.84559],[12.06149,57.84573],[12.05832,57.85554],[12.0484,57.8576],[12.04307,57.86154],[12.04835,57.86366],[12.05538,57.87615],[12.06762,57.87724],[12.07076,57.87422],[12.0779,57.87396],[12.08132,57.86969],[12.08943,57.87914],[12.09653,57.87172],[12.10265,57.87097],[12.10203,57.88091],[12.11846,57.88535],[12.12682,57.88519],[12.12758,57.88886],[12.10044,57.89021],[12.09146,57.90025],[12.07479,57.8965],[12.07343,57.9063],[12.08655,57.91524],[12.09526,57.91466],[12.09119,57.91015],[12.09497,57.90904],[12.10225,57.91524],[12.10745,57.91298],[12.12419,57.92136],[12.1299,57.91929],[12.13214,57.91354],[12.13953,57.91767],[12.13879,57.93026],[12.159,57.93836],[12.13919,57.93595],[12.12625,57.93025],[12.12091,57.93266],[12.1221,57.93919],[12.10286,57.93393],[12.10443,57.94226],[12.1303,57.96054],[12.14064,57.96344],[12.15975,57.96232],[12.16291,57.96745],[12.1708,57.96966],[12.18152,57.96772],[12.19235,57.97793],[12.15813,57.97113],[12.15274,57.97578],[12.1503,57.97152],[12.14011,57.97002],[12.13932,57.96664],[12.11053,57.95995],[12.07631,57.93894],[12.0753,57.9319],[12.06792,57.93042],[12.06089,57.92412],[12.05547,57.92421],[12.04231,57.91583],[12.04291,57.91331],[12.03106,57.91465],[12.02842,57.90827],[12.03523,57.90401],[12.01988,57.89831],[12.01171,57.8998],[12.01905,57.90988],[12.02387,57.91006],[12.02153,57.91499],[12.02636,57.92044],[12.0185,57.92124],[12.01359,57.91839],[12.00023,57.922],[11.98209,57.91329],[11.97174,57.91394],[11.94283,57.90799],[11.92815,57.90994],[11.9263,57.91462],[11.94016,57.92225],[11.92096,57.91842],[11.90826,57.92654],[11.90586,57.92374],[11.91254,57.91817],[11.89274,57.92124],[11.90827,57.91254],[11.88539,57.90049],[11.8853,57.89747],[11.8797,57.89972],[11.87174,57.89573],[11.85615,57.8945],[11.85443,57.89909],[11.84809,57.89472],[11.85584,57.88902],[11.86165,57.89042],[11.88088,57.88458],[11.88116,57.8737],[11.89026,57.87161],[11.88663,57.86688],[11.88984,57.8617],[11.8803,57.85929],[11.87454,57.86041],[11.86747,57.85693],[11.86818,57.85477],[11.87911,57.84718],[11.8854,57.85063],[11.89354,57.8509],[11.90697,57.84477],[11.89853,57.84035],[11.90028,57.83071],[11.89157,57.82796],[11.891,57.82236],[11.87566,57.81507],[11.88021,57.81111],[11.8905,57.81291],[11.89429,57.81012],[11.88387,57.80741]],[[12.53391,57.22821],[12.53824,57.23637],[12.54999,57.23694],[12.5437,57.22826],[12.53391,57.22821]],[[12.29401,57.66968],[12.28628,57.66473],[12.29064,57.66257],[12.29942,57.66444],[12.30216,57.66255],[12.29515,57.65819],[12.29468,57.64732],[12.27922,57.64045],[12.26216,57.64444],[12.2583,57.64756],[12.28175,57.68064],[12.28863,57.68273],[12.29774,57.6793],[12.29401,57.66968]],[[12.51156,57.67924],[12.50763,57.67519],[12.50742,57.68227],[12.50233,57.68196],[12.49474,57.6856],[12.4906,57.68295],[12.48593,57.68412],[12.48559,57.69076],[12.49694,57.68794],[12.50338,57.69083],[12.4954,57.69411],[12.49667,57.69744],[12.50302,57.69855],[12.49328,57.70671],[12.50226,57.70583],[12.51258,57.69873],[12.51636,57.68758],[12.51391,57.68507],[12.52095,57.68303],[12.52009,57.67899],[12.51156,57.67924]],[[12.0822,57.69659],[12.07739,57.70146],[12.09533,57.70674],[12.11029,57.71869],[12.11495,57.71072],[12.09088,57.69679],[12.0822,57.69659]],[[12.32679,57.72935],[12.33585,57.73263],[12.33542,57.72167],[12.32838,57.71782],[12.32679,57.72935]],[[11.82368,57.72949],[11.81474,57.73006],[11.81926,57.73285],[11.82734,57.73766],[11.82867,57.73235],[11.82368,57.72949]],[[12.29425,57.74792],[12.275,57.74692],[12.27653,57.75308],[12.2807,57.74887],[12.29425,57.74792]],[[12.32181,57.74993],[12.3151,57.75016],[12.30493,57.75612],[12.2974,57.75498],[12.29975,57.76006],[12.3092,57.75774],[12.32181,57.74993]],[[12.10156,57.76329],[12.11001,57.76608],[12.12466,57.7648],[12.1238,57.76028],[12.11098,57.75366],[12.08891,57.75462],[12.0873,57.76334],[12.09548,57.7683],[12.09773,57.77415],[12.11754,57.77299],[12.1021,57.76723],[12.10156,57.76329]],[[11.8483,57.78083],[11.8441,57.78073],[11.83555,57.78529],[11.84023,57.78892],[11.84639,57.78767],[11.8483,57.78083]],[[11.93396,57.82268],[11.93428,57.83027],[11.93986,57.82972],[11.94323,57.82515],[11.94184,57.81248],[11.93396,57.82268]],[[12.06849,57.83737],[12.06651,57.83255],[12.05274,57.82395],[12.04167,57.83479],[12.04274,57.8431],[12.05369,57.83806],[12.06849,57.83737]],[[11.93316,57.88993],[11.91498,57.8836],[11.89843,57.88674],[11.90777,57.89387],[11.90047,57.89587],[11.89821,57.90073],[11.91476,57.89847],[11.93316,57.88993]],[[11.99004,57.90659],[11.99907,57.91215],[12.00314,57.91084],[11.99756,57.9034],[11.99004,57.90659]],[[12.74067,56.74726],[12.72907,56.75323],[12.74009,56.76333],[12.7498,56.75913],[12.74341,56.75489],[12.74067,56.74726]],[[12.66988,56.75354],[12.6613,56.75996],[12.66736,56.76112],[12.67623,56.75822],[12.66988,56.75354]],[[12.73691,56.77279],[12.73262,56.76846],[12.73508,56.76583],[12.72843,56.76276],[12.724,56.76999],[12.72797,56.77413],[12.73691,56.77279]],[[12.65485,57.00643],[12.66022,57.00836],[12.66808,57.00485],[12.66486,56.99875],[12.64743,56.99773],[12.64532,57.0033],[12.65055,57.00738],[12.65024,57.01182],[12.65438,57.0119],[12.65485,57.00643]],[[12.67891,57.03398],[12.68854,57.02756],[12.67454,57.025],[12.67891,57.03398]],[[12.65486,57.04308],[12.66072,57.04965],[12.65477,57.05887],[12.65771,57.05928],[12.66629,57.04975],[12.65486,57.04308]],[[12.70708,57.15708],[12.71714,57.15726],[12.70777,57.15005],[12.70286,57.15179],[12.70708,57.15708]],[[12.6579,57.1938],[12.66213,57.18243],[12.64347,57.18627],[12.64767,57.1974],[12.6579,57.1938]],[[12.62739,57.21513],[12.62731,57.21639],[12.63833,57.22418],[12.64506,57.2222],[12.62739,57.21513]],[[12.67838,57.22328],[12.68786,57.22486],[12.69314,57.22316],[12.68717,57.21723],[12.67838,57.22328]],[[12.62976,57.38686],[12.63935,57.38838],[12.63605,57.38098],[12.62356,57.37676],[12.62976,57.38686]],[[12.66569,57.54173],[12.66324,57.53579],[12.65661,57.53735],[12.6478,57.53494],[12.64889,57.52345],[12.63457,57.52641],[12.63158,57.53281],[12.62621,57.53201],[12.62524,57.53368],[12.63125,57.56206],[12.64975,57.56928],[12.65258,57.56676],[12.65009,57.56166],[12.66074,57.55446],[12.66661,57.55719],[12.67059,57.55142],[12.66273,57.54786],[12.66569,57.54173]],[[12.66452,57.63817],[12.66427,57.63381],[12.6791,57.63254],[12.67993,57.62221],[12.66626,57.62121],[12.66219,57.62343],[12.65423,57.62314],[12.65546,57.62972],[12.64314,57.63613],[12.64826,57.64149],[12.65685,57.64137],[12.65445,57.63588],[12.66452,57.63817]],[[12.59511,57.6561],[12.60409,57.64216],[12.60169,57.64048],[12.58911,57.6412],[12.58854,57.64622],[12.58038,57.64599],[12.58381,57.65694],[12.57811,57.66392],[12.59644,57.66708],[12.60152,57.66446],[12.59511,57.6561]],[[12.83904,56.73216],[12.85158,56.73175],[12.84516,56.72782],[12.83728,56.72721],[12.83904,56.73216]],[[12.7765,56.76588],[12.78669,56.76213],[12.77717,56.75887],[12.77198,56.76446],[12.7765,56.76588]],[[12.74671,56.76387],[12.74058,56.76804],[12.74142,56.771],[12.75328,56.77087],[12.75602,56.762],[12.74671,56.76387]],[[12.78899,56.77312],[12.78091,56.77607],[12.77977,56.7884],[12.78916,56.78969],[12.79201,56.78693],[12.78899,56.77312]],[[12.7752,56.95578],[12.77771,56.95939],[12.78252,56.95835],[12.78943,56.961],[12.79193,56.95784],[12.78573,56.95478],[12.7752,56.95578]],[[12.83594,56.95465],[12.83635,56.95634],[12.84813,56.95718],[12.84857,56.96133],[12.86333,56.96537],[12.867,56.96417],[12.86071,56.95733],[12.83594,56.95465]],[[12.76133,56.97328],[12.77338,56.97382],[12.77853,56.97801],[12.79486,56.97584],[12.76491,56.96702],[12.76133,56.97328]],[[12.72913,57.18514],[12.7238,57.17423],[12.71308,57.19037],[12.72236,57.19428],[12.72913,57.18514]],[[12.73129,57.19483],[12.72957,57.19764],[12.73363,57.20024],[12.74493,57.20162],[12.74306,57.1962],[12.73532,57.19381],[12.73129,57.19483]],[[12.70198,57.31532],[12.7033,57.32204],[12.71747,57.32512],[12.71516,57.31911],[12.70687,57.32023],[12.70198,57.31532]],[[12.71965,57.41916],[12.72847,57.42719],[12.73682,57.42256],[12.74296,57.42436],[12.74825,57.42305],[12.7687,57.40769],[12.76675,57.40414],[12.77367,57.4016],[12.75613,57.39778],[12.75399,57.40441],[12.76211,57.40911],[12.74608,57.40752],[12.73842,57.41351],[12.73233,57.41102],[12.72478,57.41339],[12.71965,57.41916]],[[12.70957,57.54492],[12.709,57.53866],[12.70038,57.53886],[12.70211,57.53348],[12.69655,57.53324],[12.69319,57.54111],[12.70914,57.54902],[12.72132,57.54846],[12.72691,57.54453],[12.70957,57.54492]],[[12.7956,57.54435],[12.79451,57.53942],[12.78599,57.53922],[12.77989,57.53531],[12.76307,57.53409],[12.76524,57.54119],[12.77197,57.54],[12.77634,57.54864],[12.78348,57.55256],[12.78725,57.55066],[12.7876,57.5428],[12.7956,57.54435]]],[[[12.44938,57.8347],[12.44123,57.83828],[12.43317,57.83321],[12.43463,57.82994],[12.44938,57.8347]]],[[[11.8748,57.95661],[11.86534,57.95704],[11.85914,57.95286],[11.85674,57.9587],[11.84888,57.95991],[11.84866,57.96496],[11.84061,57.9663],[11.83772,57.96019],[11.84496,57.95742],[11.83652,57.94829],[11.84428,57.94418],[11.83916,57.94028],[11.8336,57.94352],[11.82727,57.93943],[11.84362,57.93365],[11.8513,57.93637],[11.86472,57.93539],[11.8686,57.92978],[11.87482,57.93311],[11.88086,57.93191],[11.88193,57.9287],[11.89291,57.9315],[11.88631,57.93604],[11.89295,57.93873],[11.89012,57.94238],[11.88096,57.93991],[11.87709,57.94263],[11.88076,57.95901],[11.8748,57.95661]]],[[[11.84222,57.97954],[11.87313,57.9768],[11.88089,57.97879],[11.8656,57.97977],[11.84794,57.98671],[11.83322,57.98873],[11.83155,57.99262],[11.82738,57.99195],[11.82721,57.98633],[11.83365,57.98087],[11.83911,57.98185],[11.84222,57.97954]]]]}},{"type":"Feature","properties":{"fs":"CAR","t":45.0},"geometry":{"type":"MultiPolygon","coordinates":[[[[12.56552,56.8808],[12.57987,56.88106],[12.59798,56.87069],[12.60152,56.87148],[12.59665,56.8734],[12.59456,56.88003],[12.6096,56.87934],[12.61518,56.87643],[12.62319,56.87953],[12.63388,56.87868],[12.62568,56.88533],[12.60989,56.88763],[12.60464,56.89146],[12.59461,56.89113],[12.58713,56.89579],[12.60487,56.90323],[12.60765,56.90785],[12.62515,56.90926],[12.62363,56.9149],[12.62861,56.91541],[12.63287,56.91292],[12.63629,56.91776],[12.64562,56.91639],[12.64706,56.92203],[12.63562,56.92421],[12.62789,56.92069],[12.62326,56.92285],[12.61724,56.91852],[12.60438,56.91617],[12.59736,56.91224],[12.58416,56.91269],[12.57996,56.90741],[12.56744,56.90752],[12.56443,56.90159],[12.54825,56.90174],[12.56244,56.89659],[12.57158,56.89714],[12.57973,56.89323],[12.5769,56.88938],[12.57208,56.89041],[12.56453,56.88816],[12.56075,56.88317],[12.56552,56.8808]]],[[[11.96218,57.73966],[11.95274,57.74421],[11.94938,57.73261],[11.94145,57.73319],[11.92062,57.72658],[11.91607,57.72759],[11.91244,57.72399],[11.90281,57.72151],[11.90393,57.71451],[11.89936,57.71882],[11.89325,57.71973],[11.87597,57.70856],[11.8575,57.71126],[11.85774,57.70846],[11.87245,57.70531],[11.87238,57.70148],[11.85539,57.70531],[11.85185,57.70377],[11.85345,57.69861],[11.89401,57.70402],[11.90837,57.69865],[11.91981,57.70113],[11.91907,57.70315],[11.92788,57.70288],[11.91895,57.70758],[11.92558,57.70984],[11.93425,57.70664],[11.95787,57.70584],[11.88744,57.6818],[11.88044,57.6735],[11.8822,57.66606],[11.91329,57.6222],[11.92608,57.62213],[11.94218,57.63774],[11.95196,57.62845],[11.94735,57.56111],[11.95797,57.50164],[11.92682,57.44208],[11.93329,57.42624],[11.98772,57.36125],[12.01168,57.3557],[12.02005,57.35961],[12.01658,57.36447],[12.02907,57.36699],[12.03674,57.37236],[12.0356,57.385],[12.04832,57.39789],[12.07274,57.45009],[12.09217,57.4615],[12.11131,57.45576],[12.12215,57.4347],[12.12284,57.38704],[12.10094,57.35088],[12.11455,57.34118],[12.14916,57.3467],[12.16368,57.33758],[12.18246,57.27688],[12.13416,57.26229],[12.13277,57.22269],[12.19767,57.18266],[12.24876,57.13947],[12.26173,57.08315],[12.29333,57.04419],[12.34089,57.02811],[12.36947,56.99356],[12.37258,56.96681],[12.36056,56.93371],[12.36877,56.92855],[12.37315,56.93205],[12.37026,56.92761],[12.40216,56.90755],[12.40863,56.90931],[12.42779,56.89948],[12.45973,56.89772],[12.46933,56.90185],[12.47366,56.89857],[12.47628,56.90349],[12.48813,56.90279],[12.50124,56.90628],[12.51693,56.90196],[12.51396,56.89878],[12.51879,56.8961],[12.53154,56.89827],[12.53404,56.89928],[12.52671,56.90384],[12.52806,56.90822],[12.5387,56.9163],[12.5455,56.91826],[12.55292,56.91672],[12.55335,56.92571],[12.56496,56.92896],[12.55864,56.93122],[12.56723,56.93353],[12.55887,56.93565],[12.55444,56.93261],[12.55021,56.93316],[12.54738,56.94244],[12.55861,56.93967],[12.5624,56.94456],[12.55122,56.94645],[12.55068,56.95086],[12.55596,56.95451],[12.56756,56.95604],[12.56658,56.96318],[12.5791,56.97227],[12.57374,56.97554],[12.56359,56.96762],[12.55182,56.96682],[12.55233,56.9622],[12.53996,56.95887],[12.53727,56.9645],[12.55034,56.96911],[12.55076,56.97312],[12.52126,56.96433],[12.52965,56.95726],[12.52745,56.95434],[12.5161,56.95311],[12.52671,56.94878],[12.52367,56.94582],[12.51413,56.94783],[12.50945,56.95251],[12.51209,56.95537],[12.49944,56.96003],[12.4987,56.96339],[12.51653,56.96388],[12.51487,56.96764],[12.50954,56.96669],[12.50581,56.96858],[12.50556,56.97237],[12.52476,56.97752],[12.50708,56.98546],[12.51106,56.99003],[12.5214,56.9893],[12.52424,56.98524],[12.53296,56.98185],[12.54163,56.98284],[12.52937,56.98941],[12.5308,56.99492],[12.52672,56.99828],[12.52821,57.00104],[12.53362,57.00031],[12.53243,57.00604],[12.54323,57.00939],[12.53666,57.01146],[12.53168,57.01796],[12.53806,57.02525],[12.51981,57.02861],[12.51723,57.0334],[12.50661,57.03347],[12.51346,57.03895],[12.50978,57.04196],[12.49798,57.03779],[12.49757,57.0347],[12.4865,57.03897],[12.49605,57.05067],[12.50594,57.05115],[12.51351,57.04849],[12.52395,57.05165],[12.51899,57.05647],[12.49259,57.06324],[12.4949,57.06586],[12.51417,57.0669],[12.51526,57.07366],[12.50563,57.07118],[12.46791,57.07988],[12.45468,57.07736],[12.45321,57.08372],[12.4623,57.0865],[12.47336,57.08504],[12.47388,57.08885],[12.48018,57.09108],[12.47754,57.09566],[12.4855,57.09427],[12.49428,57.0981],[12.48547,57.10237],[12.49147,57.10523],[12.48286,57.10672],[12.48706,57.1094],[12.48485,57.11153],[12.50451,57.10898],[12.50916,57.11075],[12.48762,57.1202],[12.50989,57.11536],[12.51691,57.11063],[12.52096,57.12082],[12.54031,57.11713],[12.53432,57.1128],[12.53703,57.11088],[12.54921,57.11267],[12.55793,57.10694],[12.56141,57.10897],[12.55716,57.11352],[12.56448,57.11732],[12.57304,57.11271],[12.58114,57.11507],[12.58857,57.11203],[12.59172,57.11518],[12.5739,57.12326],[12.57647,57.12738],[12.58201,57.12756],[12.59142,57.13371],[12.59209,57.1399],[12.58592,57.14876],[12.58945,57.15014],[12.60556,57.14268],[12.62497,57.14811],[12.62018,57.15026],[12.59929,57.14979],[12.59363,57.15341],[12.59643,57.15795],[12.59278,57.16041],[12.57964,57.15393],[12.56836,57.15394],[12.56341,57.15909],[12.55181,57.15807],[12.55401,57.16443],[12.54985,57.16674],[12.54128,57.16742],[12.53673,57.16199],[12.54343,57.15973],[12.53191,57.15679],[12.51836,57.16224],[12.49745,57.16582],[12.49681,57.16761],[12.50426,57.16823],[12.51018,57.17245],[12.50316,57.17495],[12.5031,57.17972],[12.49611,57.18562],[12.50012,57.18879],[12.49346,57.19041],[12.50609,57.19944],[12.50686,57.20339],[12.49387,57.19962],[12.47701,57.20401],[12.47317,57.2072],[12.50464,57.20868],[12.50897,57.20581],[12.51433,57.20697],[12.50845,57.21353],[12.49346,57.21332],[12.48775,57.22491],[12.47623,57.23247],[12.4812,57.23362],[12.48968,57.23085],[12.49714,57.23282],[12.49189,57.24465],[12.50463,57.25141],[12.49752,57.26035],[12.50464,57.26482],[12.50567,57.27006],[12.50896,57.26746],[12.50708,57.26073],[12.51876,57.25396],[12.52008,57.24774],[12.53776,57.25525],[12.56619,57.2485],[12.57289,57.25298],[12.5617,57.26161],[12.57203,57.26202],[12.56296,57.26599],[12.55591,57.2629],[12.55039,57.27838],[12.53921,57.28603],[12.56236,57.2882],[12.56778,57.28462],[12.56742,57.29261],[12.58667,57.30366],[12.59578,57.30327],[12.59406,57.29776],[12.59833,57.29588],[12.60304,57.29793],[12.60362,57.30225],[12.61887,57.30715],[12.60276,57.30752],[12.59218,57.31064],[12.59408,57.3133],[12.60585,57.31596],[12.59945,57.3185],[12.60137,57.32093],[12.59762,57.32268],[12.58687,57.32037],[12.58941,57.31733],[12.58591,57.31529],[12.57453,57.31592],[12.57184,57.32008],[12.56176,57.31862],[12.55711,57.3246],[12.54742,57.32424],[12.55006,57.33318],[12.55861,57.3411],[12.56612,57.33986],[12.56493,57.33427],[12.55896,57.33425],[12.55911,57.33191],[12.56496,57.32992],[12.57315,57.33171],[12.57524,57.33932],[12.58582,57.34036],[12.59583,57.34722],[12.59492,57.36012],[12.59889,57.3609],[12.60025,57.35797],[12.60781,57.36156],[12.60557,57.36804],[12.60906,57.37038],[12.59579,57.3746],[12.60991,57.38118],[12.59856,57.38387],[12.59998,57.39532],[12.60559,57.39767],[12.61668,57.39704],[12.6205,57.40235],[12.62883,57.40232],[12.63463,57.39906],[12.63799,57.40137],[12.63423,57.40832],[12.62989,57.40599],[12.6169,57.40968],[12.61431,57.40556],[12.59189,57.40228],[12.58449,57.39418],[12.57597,57.39135],[12.5693,57.40175],[12.55967,57.40564],[12.5592,57.40886],[12.57279,57.41179],[12.57179,57.41514],[12.56597,57.41664],[12.57455,57.42067],[12.58006,57.41993],[12.57977,57.42824],[12.58585,57.43082],[12.56755,57.43204],[12.56602,57.43538],[12.55889,57.42921],[12.55385,57.43178],[12.5574,57.43614],[12.58482,57.45049],[12.58559,57.45462],[12.59902,57.45231],[12.60393,57.44889],[12.59904,57.44606],[12.60193,57.44375],[12.61203,57.44848],[12.60473,57.45262],[12.60449,57.45634],[12.59591,57.46011],[12.61864,57.47514],[12.60697,57.47614],[12.61293,57.48402],[12.5879,57.4827],[12.58995,57.48723],[12.58374,57.48852],[12.57903,57.48478],[12.57733,57.4906],[12.5824,57.4972],[12.58718,57.49167],[12.59072,57.49736],[12.59511,57.49407],[12.6037,57.49424],[12.60738,57.49775],[12.61747,57.49702],[12.62323,57.50266],[12.60953,57.50684],[12.60807,57.51313],[12.60093,57.51061],[12.59478,57.51288],[12.60088,57.52065],[12.58878,57.5208],[12.58492,57.52393],[12.59351,57.53214],[12.57262,57.52832],[12.56022,57.52254],[12.57073,57.5332],[12.5634,57.53751],[12.57026,57.54031],[12.55526,57.54006],[12.54844,57.54372],[12.54577,57.55504],[12.56289,57.55285],[12.55913,57.55839],[12.57711,57.56288],[12.5681,57.56488],[12.55415,57.56251],[12.55671,57.57309],[12.5449,57.56928],[12.5397,57.57276],[12.53679,57.56807],[12.52727,57.56587],[12.52674,57.56857],[12.51806,57.57065],[12.51921,57.57558],[12.51441,57.57816],[12.51672,57.5827],[12.50992,57.58088],[12.49978,57.58321],[12.49527,57.59049],[12.49982,57.59282],[12.49245,57.59345],[12.49793,57.59737],[12.48877,57.60138],[12.50506,57.61546],[12.49502,57.6213],[12.49093,57.61546],[12.4789,57.60975],[12.47547,57.61024],[12.47431,57.61555],[12.45806,57.61031],[12.46482,57.6148],[12.45638,57.61566],[12.44741,57.62049],[12.44442,57.62703],[12.43442,57.62289],[12.42166,57.62558],[12.4137,57.6198],[12.37249,57.6107],[12.35568,57.61158],[12.34848,57.61522],[12.34404,57.61092],[12.31726,57.60746],[12.30389,57.61133],[12.31069,57.61678],[12.32042,57.61786],[12.31965,57.62121],[12.30155,57.62181],[12.28818,57.61848],[12.27616,57.62351],[12.27282,57.62091],[12.27577,57.61648],[12.26471,57.61175],[12.25813,57.61449],[12.26352,57.61938],[12.25627,57.62758],[12.25303,57.62315],[12.24535,57.62079],[12.24324,57.61592],[12.23001,57.61605],[12.21838,57.6245],[12.21042,57.61955],[12.20614,57.62367],[12.19297,57.61966],[12.18927,57.62854],[12.2005,57.63492],[12.20083,57.64276],[12.18684,57.64768],[12.16978,57.64692],[12.15297,57.65338],[12.14975,57.6519],[12.15677,57.64588],[12.14853,57.64064],[12.1539,57.63893],[12.15527,57.63489],[12.16644,57.63486],[12.16899,57.63239],[12.15022,57.63165],[12.13945,57.62302],[12.13031,57.62582],[12.11033,57.62272],[12.11281,57.62691],[12.10654,57.63744],[12.10888,57.6388],[12.11382,57.63592],[12.11563,57.64439],[12.12403,57.64579],[12.12012,57.6539],[12.12874,57.65367],[12.12683,57.65686],[12.13071,57.66158],[12.1267,57.66669],[12.1974,57.68271],[12.20278,57.68096],[12.19744,57.67543],[12.20214,57.67105],[12.20825,57.67792],[12.22878,57.68371],[12.2443,57.66439],[12.25208,57.67383],[12.24799,57.67935],[12.25158,57.68378],[12.2668,57.68716],[12.2556,57.68963],[12.21253,57.68714],[12.20398,57.6892],[12.2011,57.69255],[12.19025,57.69381],[12.19225,57.69849],[12.20247,57.69858],[12.20644,57.70147],[12.18638,57.70566],[12.18192,57.70907],[12.17845,57.70558],[12.17193,57.70506],[12.17414,57.69855],[12.17033,57.69702],[12.15956,57.70052],[12.15909,57.70547],[12.14889,57.71283],[12.14477,57.70515],[12.15587,57.69073],[12.14904,57.68425],[12.15236,57.68198],[12.14502,57.68201],[12.14763,57.67713],[12.13911,57.67385],[12.13196,57.67481],[12.11865,57.6724],[12.11346,57.67832],[12.10878,57.67226],[12.10195,57.67443],[12.10102,57.67822],[12.12195,57.69031],[12.11783,57.69429],[12.07502,57.67881],[12.04141,57.68433],[12.04493,57.69264],[12.05596,57.69399],[12.05956,57.69702],[12.04372,57.70746],[12.05726,57.71035],[12.0643,57.71405],[12.06485,57.71807],[12.08761,57.72765],[12.09174,57.73189],[12.10529,57.73311],[12.11599,57.73722],[12.1026,57.74042],[12.08828,57.73567],[12.06242,57.73567],[12.0544,57.73903],[12.04312,57.73568],[12.02952,57.73978],[12.02848,57.74296],[12.01144,57.74027],[12.01608,57.74887],[12.01396,57.75816],[12.02131,57.76297],[12.04813,57.77167],[12.04668,57.77487],[12.02829,57.77561],[12.03188,57.78091],[12.03908,57.78192],[12.03483,57.78562],[12.01456,57.77957],[12.01829,57.77259],[12.00953,57.77674],[12.0192,57.78707],[12.03636,57.78937],[12.03422,57.79304],[12.0243,57.79056],[12.01085,57.79264],[12.0098,57.79573],[12.00048,57.79394],[11.99621,57.78836],[12.00112,57.7863],[11.98489,57.77285],[11.98893,57.77007],[11.98011,57.76396],[11.97034,57.76457],[11.95284,57.7539],[11.95668,57.75195],[11.96443,57.75354],[11.97135,57.74774],[11.9654,57.74198],[11.96663,57.73358],[11.96218,57.73966]],[[12.47232,56.93926],[12.47881,56.94585],[12.48917,56.94073],[12.48712,56.93694],[12.46771,56.93397],[12.46561,56.93836],[12.47232,56.93926]],[[12.44697,56.94472],[12.44518,56.94321],[12.42905,56.94086],[12.42521,56.94617],[12.43146,56.95065],[12.44697,56.94472]],[[12.44266,57.08154],[12.44692,57.08886],[12.45243,57.08946],[12.4481,57.0792],[12.4364,57.07418],[12.43472,57.07707],[12.44266,57.08154]],[[12.44585,57.21683],[12.44526,57.22546],[12.45169,57.22605],[12.45813,57.21891],[12.46734,57.21681],[12.45104,57.21294],[12.44585,57.21683]],[[12.44229,57.26546],[12.44378,57.26053],[12.43258,57.25395],[12.41865,57.25407],[12.4247,57.26786],[12.43179,57.2572],[12.43783,57.26537],[12.44229,57.26546]],[[12.44406,57.2764],[12.43112,57.27165],[12.42598,57.27712],[12.4331,57.28393],[12.42923,57.29026],[12.43548,57.29139],[12.45002,57.30236],[12.445,57.29278],[12.45475,57.29614],[12.45613,57.28564],[12.44007,57.28166],[12.44654,57.27926],[12.44406,57.2764]],[[12.1428,57.57364],[12.15029,57.57725],[12.15891,57.57745],[12.15406,57.57167],[12.15819,57.56737],[12.1428,57.57364]],[[12.24015,57.58243],[12.21967,57.58013],[12.19743,57.56801],[12.19085,57.57755],[12.18172,57.57398],[12.17677,57.5746],[12.18314,57.58777],[12.20165,57.58678],[12.2286,57.59334],[12.23334,57.58607],[12.24254,57.5888],[12.24015,57.58243]],[[12.25378,57.59579],[12.24192,57.59009],[12.24117,57.59832],[12.24468,57.60149],[12.25378,57.59579]],[[12.32903,57.59684],[12.33946,57.60436],[12.3462,57.60282],[12.34585,57.60734],[12.35388,57.60751],[12.3633,57.60388],[12.36569,57.59621],[12.36999,57.59459],[12.35592,57.5939],[12.35325,57.60002],[12.3454,57.59821],[12.34115,57.59295],[12.32903,57.59684]],[[11.99638,57.60903],[11.99936,57.60151],[11.98631,57.59559],[11.98026,57.60146],[11.98382,57.6048],[11.98215,57.6103],[11.968,57.61523],[11.96383,57.62145],[11.98054,57.61806],[11.99656,57.6183],[11.99945,57.61528],[11.99638,57.60903]],[[12.07138,57.63288],[12.06278,57.62969],[12.05793,57.63538],[12.06992,57.638],[12.09399,57.63827],[12.10196,57.62479],[12.09521,57.62636],[12.08814,57.63294],[12.07138,57.63288]],[[11.97262,57.66098],[11.95588,57.66238],[11.95127,57.66524],[11.95598,57.67751],[11.9624,57.67838],[11.96698,57.67026],[11.97549,57.6647],[11.97262,57.66098]],[[12.48303,56.95179],[12.48731,56.95445],[12.48828,56.96168],[12.50046,56.95443],[12.49879,56.94036],[12.48618,56.94699],[12.48303,56.95179]],[[12.46237,57.01503],[12.46264,57.00984],[12.47381,57.00838],[12.47725,57.0107],[12.47302,57.01623],[12.49045,57.02304],[12.50541,57.02446],[12.49941,57.01795],[12.50207,57.01681],[12.52263,57.02312],[12.52675,57.02011],[12.50752,57.0084],[12.50689,57.00238],[12.49607,57.00391],[12.49492,57.01021],[12.49064,57.00675],[12.48661,57.01117],[12.47909,57.00828],[12.47338,57.00332],[12.48313,57.00492],[12.49242,56.99942],[12.47965,56.99811],[12.46749,56.99913],[12.45904,57.00345],[12.46003,57.00785],[12.4518,57.01159],[12.44987,57.01969],[12.45659,57.02297],[12.45406,57.01865],[12.46237,57.01503]],[[12.49182,57.03135],[12.48222,57.02856],[12.4833,57.02402],[12.47399,57.02849],[12.48356,57.03164],[12.49182,57.03135]],[[12.55142,57.13139],[12.56355,57.13935],[12.5618,57.1424],[12.57716,57.14438],[12.58356,57.14142],[12.58751,57.13426],[12.56287,57.12599],[12.55148,57.12647],[12.55142,57.13139]],[[12.4741,57.18925],[12.46441,57.19696],[12.4657,57.19963],[12.48224,57.19559],[12.4741,57.18925]],[[12.46715,57.2874],[12.46795,57.29339],[12.47554,57.29452],[12.48402,57.2999],[12.49511,57.3006],[12.49664,57.2981],[12.48974,57.29333],[12.48283,57.29326],[12.48386,57.28966],[12.47525,57.29033],[12.46715,57.2874]],[[12.51318,57.29604],[12.52462,57.29992],[12.52862,57.3066],[12.53318,57.30051],[12.53047,57.29456],[12.51696,57.28454],[12.51214,57.28556],[12.51318,57.29604]],[[12.55705,57.40207],[12.56335,57.39602],[12.55146,57.39463],[12.54743,57.40011],[12.53554,57.40481],[12.54316,57.40882],[12.55033,57.40138],[12.55705,57.40207]],[[12.5764,57.47139],[12.57773,57.4684],[12.57311,57.46599],[12.58016,57.46577],[12.57944,57.46092],[12.58398,57.45918],[12.56721,57.45275],[12.54741,57.4617],[12.53944,57.45705],[12.54075,57.46361],[12.55497,57.47561],[12.56423,57.46929],[12.5764,57.47139]],[[12.46439,57.50699],[12.47463,57.51095],[12.47894,57.50907],[12.47497,57.50605],[12.48509,57.50695],[12.49377,57.50052],[12.48227,57.49729],[12.4784,57.50171],[12.46439,57.50699]],[[12.52767,57.51888],[12.52114,57.51763],[12.52128,57.52718],[12.52672,57.52771],[12.53016,57.52511],[12.52767,57.51888]],[[12.50068,57.52692],[12.49762,57.53346],[12.51762,57.53877],[12.52145,57.53617],[12.51942,57.53017],[12.50068,57.52692]],[[12.47517,57.57871],[12.48338,57.58091],[12.48684,57.57621],[12.5,57.57493],[12.48526,57.56888],[12.48056,57.57131],[12.48082,57.57632],[12.47517,57.57871]]]]}},{"type":"Feature","properties":{"fs":"CAR","t":30.0},"geometry":{"type":"MultiPolygon","coordinates":[[[[12.36098,57.06054],[12.36262,57.06282],[12.3504,57.0679],[12.35053,57.06102],[12.36098,57.06054]]],[[[12.25985,57.1276],[12.25191,57.12579],[12.25975,57.1165],[12.26725,57.12249],[12.25985,57.1276]]],[[[12.00603,57.51502],[12.00101,57.5179],[11.99166,57.51735],[11.98541,57.53293],[11.97272,57.53487],[11.97235,57.53936],[11.96649,57.54076],[11.9724,57.54498],[11.97015,57.55012],[11.95969,57.55338],[11.94916,57.54911],[11.95422,57.54173],[11.95128,57.53502],[11.95543,57.52926],[11.95228,57.52837],[11.95797,57.50164],[11.9559,57.49332],[11.93341,57.45967],[11.95016,57.46741],[11.95751,57.46667],[11.96007,57.46308],[11.97906,57.46452],[11.97085,57.45674],[11.96393,57.45686],[11.96072,57.45313],[11.9643,57.45013],[11.98147,57.4518],[11.97984,57.44874],[11.98766,57.44718],[11.9895,57.44427],[11.98654,57.43381],[11.98203,57.43482],[11.97557,57.43111],[11.98097,57.42876],[11.97939,57.42268],[11.98278,57.41939],[11.9668,57.41339],[11.97135,57.40971],[11.97777,57.41071],[11.97569,57.40595],[11.96954,57.40328],[11.97755,57.39764],[11.98178,57.40153],[11.99204,57.40171],[11.99505,57.40632],[12.00202,57.407],[11.99878,57.40201],[12.00583,57.40176],[12.00693,57.39357],[12.01279,57.38977],[12.01773,57.39621],[12.04773,57.41672],[12.07274,57.45009],[12.09217,57.4615],[12.11131,57.45576],[12.12215,57.4347],[12.12284,57.38704],[12.10094,57.35088],[12.11455,57.34118],[12.14916,57.3467],[12.16368,57.33758],[12.18246,57.27688],[12.13416,57.26229],[12.13277,57.22269],[12.14737,57.21369],[12.16206,57.21572],[12.17119,57.21064],[12.18371,57.21265],[12.19951,57.22106],[12.20722,57.22006],[12.21124,57.21142],[12.17444,57.19859],[12.18704,57.19957],[12.18514,57.19735],[12.18973,57.19486],[12.18135,57.19274],[12.18837,57.18893],[12.19665,57.18883],[12.20533,57.19198],[12.2079,57.18707],[12.21339,57.18635],[12.21598,57.17087],[12.22671,57.16914],[12.22651,57.16661],[12.23872,57.16056],[12.23848,57.15508],[12.24613,57.15412],[12.24476,57.1517],[12.23618,57.15137],[12.24378,57.14368],[12.25122,57.14365],[12.26265,57.13679],[12.27456,57.14235],[12.30225,57.13343],[12.303,57.13029],[12.29831,57.12843],[12.29202,57.12977],[12.27799,57.12741],[12.27287,57.12325],[12.27594,57.12009],[12.28565,57.12147],[12.29091,57.11662],[12.30628,57.11832],[12.31427,57.12021],[12.31172,57.12629],[12.33237,57.12874],[12.34194,57.12501],[12.34729,57.12597],[12.35109,57.12071],[12.35409,57.1266],[12.35035,57.13011],[12.36354,57.12987],[12.36769,57.1278],[12.37396,57.13215],[12.36121,57.13357],[12.34683,57.14323],[12.33715,57.13952],[12.33317,57.14393],[12.32901,57.14131],[12.32593,57.14293],[12.32745,57.14689],[12.32253,57.15065],[12.32491,57.15337],[12.32024,57.15367],[12.31459,57.16396],[12.3078,57.16838],[12.31691,57.1711],[12.31939,57.16722],[12.32567,57.17157],[12.30435,57.17673],[12.30949,57.18077],[12.30221,57.19185],[12.3072,57.198],[12.30053,57.2008],[12.30789,57.2063],[12.32229,57.19677],[12.32373,57.20186],[12.33154,57.20484],[12.32188,57.20959],[12.32699,57.21176],[12.32599,57.21483],[12.33478,57.22456],[12.34265,57.2255],[12.34261,57.23077],[12.3542,57.22806],[12.35871,57.23012],[12.35698,57.23262],[12.37046,57.23248],[12.37625,57.24208],[12.38672,57.24419],[12.38399,57.24615],[12.36843,57.24634],[12.35435,57.24042],[12.33653,57.24328],[12.35373,57.24912],[12.36346,57.24708],[12.36682,57.25445],[12.35007,57.25318],[12.35261,57.25752],[12.34948,57.26138],[12.36094,57.26963],[12.37058,57.27067],[12.36754,57.27342],[12.37026,57.27516],[12.38816,57.28242],[12.38439,57.2843],[12.3759,57.28216],[12.38358,57.2885],[12.37986,57.28973],[12.35712,57.27409],[12.35231,57.27605],[12.35613,57.28062],[12.35409,57.28384],[12.34706,57.2824],[12.34407,57.2843],[12.34668,57.29044],[12.34174,57.29324],[12.35498,57.29974],[12.36822,57.31111],[12.35149,57.30917],[12.34677,57.30486],[12.34481,57.30911],[12.36447,57.31637],[12.3744,57.31485],[12.37499,57.31921],[12.36823,57.32539],[12.38348,57.32276],[12.3809,57.33338],[12.39645,57.34112],[12.38893,57.34286],[12.38185,57.33827],[12.35634,57.33195],[12.35258,57.33728],[12.36337,57.35155],[12.36903,57.35419],[12.38473,57.35263],[12.39498,57.36194],[12.4019,57.35965],[12.42034,57.36338],[12.43826,57.35979],[12.45079,57.34963],[12.46068,57.3513],[12.46792,57.34864],[12.4678,57.35351],[12.47451,57.35404],[12.4697,57.35612],[12.47182,57.35925],[12.45811,57.35841],[12.45101,57.3608],[12.44445,57.37176],[12.43701,57.37399],[12.43346,57.38389],[12.42326,57.37731],[12.41622,57.38129],[12.41817,57.38695],[12.41443,57.38827],[12.40298,57.38102],[12.41067,57.37524],[12.40269,57.37596],[12.39547,57.37328],[12.39118,57.38611],[12.38632,57.38872],[12.36555,57.3882],[12.37234,57.39864],[12.38567,57.39414],[12.3887,57.39905],[12.4074,57.39946],[12.41062,57.40182],[12.42281,57.3949],[12.42792,57.39992],[12.42228,57.40423],[12.39574,57.40614],[12.38634,57.4176],[12.39255,57.41806],[12.40574,57.40817],[12.41215,57.42071],[12.41759,57.42106],[12.42179,57.41679],[12.42259,57.43253],[12.43289,57.4385],[12.44203,57.4363],[12.44363,57.44139],[12.43709,57.44364],[12.4512,57.45039],[12.44224,57.45189],[12.42843,57.44459],[12.42306,57.44686],[12.41553,57.44095],[12.40686,57.44204],[12.40635,57.43824],[12.40051,57.43798],[12.398,57.44214],[12.38259,57.4428],[12.37782,57.44031],[12.37549,57.4456],[12.37838,57.44889],[12.37405,57.45105],[12.38443,57.45527],[12.38544,57.45025],[12.40333,57.45334],[12.39005,57.46056],[12.39264,57.46562],[12.39732,57.46094],[12.40592,57.46449],[12.41749,57.46121],[12.42775,57.4654],[12.42366,57.46799],[12.42643,57.47186],[12.43992,57.47024],[12.4492,57.47169],[12.46083,57.46925],[12.45339,57.48258],[12.44728,57.48429],[12.44227,57.47759],[12.43717,57.48534],[12.43353,57.47951],[12.42885,57.47942],[12.42561,57.48595],[12.41585,57.48631],[12.41758,57.49253],[12.41109,57.49829],[12.40851,57.48687],[12.40013,57.48739],[12.39496,57.48304],[12.3818,57.48121],[12.36771,57.47413],[12.35096,57.47509],[12.30875,57.46774],[12.29197,57.4691],[12.27141,57.4634],[12.25195,57.46291],[12.24424,57.45691],[12.23392,57.45444],[12.25579,57.46847],[12.26787,57.4707],[12.28048,57.46942],[12.29978,57.47976],[12.31208,57.47909],[12.32818,57.48711],[12.34611,57.48805],[12.34529,57.49028],[12.33771,57.49059],[12.3406,57.49381],[12.35846,57.49032],[12.36656,57.49484],[12.35777,57.49808],[12.3641,57.50244],[12.34718,57.50558],[12.34024,57.51311],[12.35155,57.51728],[12.36066,57.51045],[12.36792,57.52001],[12.39165,57.52576],[12.37955,57.52706],[12.36425,57.52386],[12.35859,57.52641],[12.35456,57.52253],[12.3385,57.52083],[12.33688,57.52286],[12.34462,57.5264],[12.34512,57.53757],[12.34164,57.53869],[12.33875,57.53301],[12.32622,57.5246],[12.32176,57.52676],[12.31386,57.52589],[12.3007,57.51788],[12.2803,57.51913],[12.27673,57.51456],[12.26807,57.5169],[12.26442,57.51331],[12.26047,57.51556],[12.26535,57.51841],[12.25898,57.51986],[12.24596,57.516],[12.24687,57.51082],[12.23703,57.50639],[12.22799,57.50858],[12.237,57.51819],[12.26624,57.52739],[12.24571,57.52961],[12.23069,57.52458],[12.22113,57.5302],[12.21815,57.52592],[12.21065,57.52379],[12.20778,57.53229],[12.20271,57.53035],[12.19998,57.52348],[12.18011,57.51365],[12.1853,57.52091],[12.18136,57.52454],[12.1722,57.51948],[12.1609,57.51913],[12.15501,57.52442],[12.14031,57.52874],[12.15283,57.52896],[12.15014,57.53325],[12.15908,57.53247],[12.15814,57.53778],[12.1629,57.53705],[12.17321,57.54549],[12.15957,57.54961],[12.15148,57.5462],[12.14015,57.55001],[12.13248,57.54956],[12.12325,57.55637],[12.12026,57.54802],[12.11555,57.55142],[12.09878,57.54879],[12.08565,57.56393],[12.08563,57.5706],[12.09362,57.57746],[12.08184,57.58091],[12.08081,57.58833],[12.07236,57.59473],[12.07883,57.59565],[12.09161,57.58682],[12.09369,57.59782],[12.07796,57.60476],[12.0741,57.60243],[12.07668,57.59954],[12.06866,57.59851],[12.07136,57.60387],[12.05228,57.61175],[12.04825,57.60182],[12.05605,57.5966],[12.04496,57.59157],[12.04113,57.58565],[12.03666,57.58667],[12.02777,57.58346],[12.01469,57.57562],[12.02478,57.5689],[12.01594,57.56834],[12.00793,57.56408],[11.99222,57.5668],[11.98837,57.56305],[11.98015,57.56656],[11.97251,57.56576],[11.96459,57.56979],[11.95212,57.56268],[11.963,57.56062],[11.96776,57.55685],[11.9887,57.55641],[11.98289,57.55085],[11.97473,57.5484],[11.97696,57.54672],[11.99331,57.548],[11.99215,57.55254],[11.99754,57.55531],[12.0068,57.55553],[12.01483,57.54992],[12.02333,57.55138],[12.02766,57.555],[12.04342,57.54849],[12.04849,57.54959],[12.04908,57.54192],[12.05993,57.54134],[12.0654,57.54329],[12.06804,57.55117],[12.06422,57.55557],[12.07542,57.55668],[12.08911,57.54885],[12.09437,57.54176],[12.08587,57.53922],[12.08317,57.53495],[12.07727,57.53678],[12.07316,57.52727],[12.0673,57.52447],[12.05525,57.52489],[12.05249,57.53002],[12.04181,57.53293],[12.03045,57.53133],[12.04048,57.52525],[12.03582,57.51727],[12.04046,57.51099],[12.02114,57.50471],[12.00772,57.50603],[12.00603,57.51502]],[[12.25264,57.19246],[12.24526,57.18902],[12.23899,57.19157],[12.25004,57.19718],[12.25264,57.19246]],[[12.29337,57.2102],[12.29093,57.20467],[12.27579,57.19942],[12.27125,57.1909],[12.2635,57.19073],[12.25714,57.19396],[12.2559,57.19927],[12.26763,57.20837],[12.25637,57.20663],[12.25213,57.20797],[12.26675,57.21678],[12.26678,57.21987],[12.27401,57.2201],[12.2765,57.22486],[12.29358,57.22944],[12.29668,57.2287],[12.29346,57.22312],[12.30153,57.22427],[12.29522,57.22023],[12.30098,57.21762],[12.29572,57.21341],[12.29886,57.20947],[12.29337,57.2102]],[[12.28731,57.2892],[12.28953,57.2837],[12.28105,57.28443],[12.2761,57.27947],[12.2941,57.27799],[12.29384,57.26975],[12.2855,57.27364],[12.26815,57.27481],[12.26826,57.2838],[12.28029,57.29091],[12.28731,57.2892]],[[12.18971,57.49748],[12.22071,57.489],[12.22223,57.48135],[12.21723,57.47853],[12.21045,57.48037],[12.20847,57.48578],[12.1872,57.49619],[12.18971,57.49748]],[[12.10135,57.52546],[12.08778,57.52054],[12.09129,57.52797],[12.09587,57.52625],[12.10003,57.52972],[12.10135,57.52546]],[[12.06494,57.55696],[12.05524,57.55958],[12.04436,57.5563],[12.04193,57.56264],[12.05392,57.56404],[12.06741,57.55881],[12.06494,57.55696]],[[12.31383,57.15657],[12.31943,57.15234],[12.30793,57.14027],[12.30271,57.13887],[12.29653,57.14216],[12.28405,57.14329],[12.28525,57.14806],[12.29432,57.15299],[12.28741,57.15741],[12.29368,57.16349],[12.29839,57.16453],[12.30448,57.16248],[12.3056,57.15597],[12.31383,57.15657]],[[12.33903,57.40112],[12.33966,57.40532],[12.35121,57.4068],[12.35437,57.40977],[12.34384,57.41517],[12.359,57.41418],[12.36094,57.41012],[12.3547,57.40346],[12.34643,57.4009],[12.35329,57.39599],[12.34432,57.3951],[12.33203,57.39856],[12.33903,57.40112]],[[12.37805,57.40255],[12.37229,57.4079],[12.37478,57.41189],[12.383,57.40424],[12.37805,57.40255]],[[12.29833,57.43948],[12.29429,57.43658],[12.2819,57.43744],[12.28612,57.44179],[12.29833,57.43948]],[[12.32343,57.4933],[12.3257,57.49248],[12.30295,57.49163],[12.30713,57.49499],[12.32343,57.4933]],[[12.33154,57.50717],[12.3418,57.49699],[12.32507,57.50113],[12.32719,57.50785],[12.33154,57.50717]]],[[[12.04584,57.61216],[12.05134,57.61538],[12.04794,57.62981],[12.04081,57.63865],[12.03201,57.64055],[12.02956,57.63846],[12.03752,57.63078],[12.02701,57.62969],[12.02888,57.62282],[12.02268,57.62022],[12.03481,57.61911],[12.03574,57.6141],[12.04584,57.61216]]]]}},{"type":"Feature","properties":{"fs":"CAR","t":15.0},"geometry":{"type":"Polygon","coordinates":[[[12.13339,57.46399],[12.12862,57.46493],[12.12051,57.46199],[12.11452,57.46314],[12.11333,57.46711],[12.10202,57.46524],[12.12645,57.45407],[12.12202,57.4495],[12.12894,57.44762],[12.12219,57.444],[12.1253,57.44084],[12.12137,57.4378],[12.13594,57.43636],[12.13341,57.43373],[12.1277,57.43345],[12.12227,57.42674],[12.1296,57.42591],[12.14281,57.43005],[12.14008,57.42025],[12.12243,57.4153],[12.12284,57.38704],[12.10094,57.35088],[12.11455,57.34118],[12.14916,57.3467],[12.16368,57.33758],[12.17758,57.30305],[12.17844,57.29085],[12.18169,57.29003],[12.18263,57.29637],[12.18778,57.29859],[12.18609,57.30717],[12.19473,57.30956],[12.19445,57.31316],[12.22079,57.31667],[12.229,57.32085],[12.23464,57.31719],[12.25068,57.31431],[12.24163,57.31973],[12.23754,57.32694],[12.24106,57.32842],[12.24961,57.32524],[12.25167,57.3324],[12.2626,57.33205],[12.25811,57.33656],[12.251,57.33444],[12.24246,57.33519],[12.23813,57.34493],[12.24254,57.34685],[12.24893,57.34123],[12.25081,57.35082],[12.25733,57.35391],[12.25554,57.3571],[12.26031,57.36318],[12.25113,57.36501],[12.25014,57.36991],[12.25684,57.37792],[12.26593,57.3798],[12.27587,57.3773],[12.27032,57.38369],[12.25979,57.38374],[12.25147,57.38721],[12.24805,57.39289],[12.24454,57.37442],[12.23723,57.37075],[12.22857,57.37533],[12.22359,57.37143],[12.22607,57.36657],[12.21593,57.36542],[12.207,57.37794],[12.19407,57.38397],[12.18539,57.385],[12.18156,57.39542],[12.17121,57.39944],[12.17627,57.40127],[12.18673,57.40052],[12.18554,57.40597],[12.19903,57.39967],[12.18921,57.41065],[12.19758,57.41186],[12.19549,57.40851],[12.19871,57.40725],[12.20553,57.41442],[12.21085,57.41178],[12.20881,57.4067],[12.2359,57.39712],[12.23184,57.40602],[12.21832,57.41625],[12.21817,57.42509],[12.21266,57.42904],[12.2197,57.43234],[12.22906,57.4325],[12.23363,57.43751],[12.20695,57.43561],[12.19149,57.44037],[12.19321,57.44336],[12.18325,57.45044],[12.18672,57.45501],[12.17241,57.45642],[12.16843,57.45235],[12.15928,57.45713],[12.15226,57.45423],[12.14764,57.45666],[12.14187,57.4554],[12.13,57.46061],[12.13339,57.46399]],[[12.22897,57.33724],[12.23757,57.3334],[12.22544,57.32906],[12.21989,57.33371],[12.21358,57.33473],[12.22274,57.33724],[12.22897,57.33724]],[[12.22086,57.34932],[12.22765,57.3513],[12.22691,57.34047],[12.21719,57.34194],[12.22086,57.34932]],[[12.18453,57.36821],[12.17866,57.37123],[12.19293,57.37391],[12.19696,57.3688],[12.18367,57.36507],[12.18453,57.36821]]]}}]}
