{"type":"FeatureCollection","name":"falkenberg","xy_coordinate_resolution":1e-05,"features":[{"type":"Feature","properties":{"fs":"WALK","t":60.0},"geometry":{"type":"Polygon","coordinates":[[[12.43956,56.91597],[12.43768,56.91618],[12.43686,56.91543],[12.43899,56.91426],[12.43769,56.91221],[12.44023,56.91002],[12.43806,56.90683],[12.44415,56.90402],[12.44438,56.90225],[12.44277,56.90104],[12.44369,56.90037],[12.44631,56.90031],[12.44556,56.89934],[12.44938,56.89556],[12.48718,56.88889],[12.49939,56.88392],[12.51047,56.88332],[12.51366,56.88414],[12.51547,56.88345],[12.51669,56.88396],[12.51694,56.88638],[12.51998,56.88604],[12.52152,56.88537],[12.52332,56.88597],[12.52924,56.88496],[12.53164,56.88585],[12.53531,56.88632],[12.53677,56.88747],[12.53726,56.88946],[12.53802,56.88986],[12.54237,56.89045],[12.54429,56.88942],[12.54779,56.89005],[12.55247,56.88871],[12.55551,56.88908],[12.55544,56.89014],[12.55711,56.89104],[12.55581,56.89256],[12.55524,56.89525],[12.55396,56.89607],[12.55204,56.89637],[12.55143,56.89708],[12.55371,56.89754],[12.55549,56.89856],[12.55992,56.89905],[12.56223,56.89982],[12.56022,56.90231],[12.55801,56.90322],[12.55728,56.90439],[12.55974,56.90485],[12.56215,56.90628],[12.56289,56.90747],[12.56602,56.90794],[12.56648,56.90715],[12.56806,56.90654],[12.57122,56.90803],[12.57097,56.90898],[12.56827,56.90966],[12.56722,56.91098],[12.56896,56.91166],[12.57103,56.91138],[12.57511,56.91184],[12.57671,56.91252],[12.57697,56.9132],[12.57581,56.91452],[12.57677,56.91544],[12.57644,56.91656],[12.57775,56.9186],[12.57692,56.9195],[12.56764,56.91935],[12.56377,56.92117],[12.56014,56.92137],[12.55669,56.92317],[12.55652,56.92592],[12.55987,56.92698],[12.56169,56.92702],[12.56229,56.92603],[12.5611,56.9251],[12.5648,56.92349],[12.56548,56.92249],[12.56788,56.92184],[12.56911,56.9219],[12.57271,56.92339],[12.57347,56.9252],[12.57913,56.92894],[12.57249,56.93158],[12.57566,56.93339],[12.57804,56.93636],[12.57743,56.93693],[12.57529,56.93675],[12.57341,56.93795],[12.57132,56.93695],[12.56916,56.93674],[12.56502,56.93866],[12.56405,56.9414],[12.56004,56.94292],[12.56012,56.94401],[12.55806,56.94482],[12.55202,56.94933],[12.55182,56.9518],[12.55352,56.9545],[12.55179,56.95579],[12.54805,56.95496],[12.54183,56.95729],[12.53795,56.95684],[12.53629,56.95787],[12.53321,56.95852],[12.53204,56.95753],[12.5285,56.95669],[12.52988,56.95474],[12.52941,56.9539],[12.52714,56.95278],[12.52417,56.95227],[12.52674,56.95063],[12.52599,56.94958],[12.52737,56.94875],[12.52491,56.94694],[12.52456,56.94586],[12.51825,56.94551],[12.51535,56.94669],[12.51456,56.9496],[12.51203,56.9501],[12.51151,56.95116],[12.50927,56.95253],[12.50952,56.95304],[12.51154,56.95364],[12.5115,56.95415],[12.50851,56.95527],[12.50703,56.95679],[12.50433,56.95687],[12.50237,56.95635],[12.49908,56.95397],[12.49347,56.95328],[12.48957,56.95169],[12.48936,56.95011],[12.49046,56.94856],[12.48985,56.94742],[12.48725,56.94793],[12.48603,56.94774],[12.48336,56.94617],[12.48256,56.94436],[12.48324,56.94336],[12.48633,56.94174],[12.48659,56.94084],[12.48175,56.938],[12.47539,56.93781],[12.47037,56.93614],[12.46442,56.93905],[12.46389,56.94035],[12.45853,56.94323],[12.45673,56.9433],[12.45303,56.94185],[12.45236,56.94105],[12.45286,56.93824],[12.45085,56.93685],[12.44792,56.93634],[12.44831,56.93513],[12.44493,56.93258],[12.44934,56.93121],[12.45296,56.93229],[12.45768,56.93239],[12.45832,56.92937],[12.4526,56.92785],[12.45163,56.92632],[12.45008,56.9255],[12.44654,56.92621],[12.44396,56.92425],[12.44352,56.92312],[12.44409,56.92223],[12.44862,56.92095],[12.44924,56.91914],[12.44692,56.91841],[12.4436,56.91897],[12.44197,56.91728],[12.43956,56.91597]],[[12.55273,56.93728],[12.55225,56.93832],[12.54878,56.94017],[12.54915,56.94144],[12.55385,56.9417],[12.55532,56.94125],[12.55418,56.93971],[12.55641,56.93869],[12.55637,56.93765],[12.55273,56.93728]]]}},{"type":"Feature","properties":{"fs":"WALK","t":45.0},"geometry":{"type":"Polygon","coordinates":[[[12.46506,56.92356],[12.46622,56.9231],[12.46562,56.92222],[12.46596,56.91934],[12.46456,56.91882],[12.45961,56.91918],[12.45864,56.91826],[12.45909,56.91664],[12.45598,56.91506],[12.45887,56.91318],[12.46193,56.9122],[12.45649,56.91063],[12.45604,56.90967],[12.45755,56.90858],[12.45897,56.90585],[12.46282,56.90356],[12.46535,56.90284],[12.46643,56.90094],[12.47002,56.90033],[12.47077,56.89907],[12.47314,56.89755],[12.47437,56.89923],[12.47605,56.89916],[12.47719,56.89754],[12.47951,56.89658],[12.48052,56.89534],[12.48477,56.89322],[12.48684,56.89291],[12.49062,56.89319],[12.49123,56.89398],[12.49014,56.89508],[12.49127,56.89595],[12.49238,56.89605],[12.4935,56.89593],[12.49245,56.89501],[12.49338,56.89413],[12.49792,56.89297],[12.50119,56.89328],[12.5037,56.89254],[12.50932,56.89361],[12.51109,56.89487],[12.51446,56.89511],[12.51595,56.89582],[12.52243,56.89404],[12.52421,56.89503],[12.52784,56.89446],[12.53183,56.89552],[12.53391,56.89511],[12.53578,56.89543],[12.53711,56.89482],[12.53809,56.89491],[12.53734,56.89752],[12.53903,56.89755],[12.54163,56.90037],[12.54049,56.90117],[12.53817,56.90132],[12.53756,56.90407],[12.54485,56.90875],[12.54685,56.91064],[12.5529,56.91233],[12.55765,56.91265],[12.55826,56.91351],[12.55753,56.91686],[12.56046,56.91917],[12.56011,56.91975],[12.55855,56.92011],[12.55525,56.91962],[12.55606,56.92051],[12.55527,56.92356],[12.55599,56.92672],[12.55531,56.92755],[12.55721,56.92809],[12.55881,56.92947],[12.55823,56.93283],[12.55465,56.93326],[12.55282,56.93255],[12.54774,56.93377],[12.54663,56.93462],[12.54744,56.93599],[12.54474,56.93796],[12.5414,56.93828],[12.53901,56.93996],[12.5393,56.94158],[12.54097,56.94148],[12.54165,56.94197],[12.5404,56.94456],[12.54194,56.9454],[12.54153,56.94618],[12.53954,56.94673],[12.53673,56.94569],[12.53386,56.94567],[12.53256,56.94627],[12.53233,56.94743],[12.53034,56.94829],[12.52675,56.94751],[12.52568,56.94693],[12.52515,56.94569],[12.52361,56.94517],[12.51787,56.94513],[12.51393,56.94712],[12.51073,56.94732],[12.50937,56.94647],[12.50776,56.94403],[12.50197,56.94301],[12.50195,56.94177],[12.49995,56.94086],[12.49985,56.93937],[12.49664,56.93897],[12.49328,56.93562],[12.49005,56.93484],[12.4893,56.93345],[12.4873,56.93237],[12.47802,56.9324],[12.47703,56.93332],[12.47168,56.93504],[12.46769,56.93324],[12.46317,56.93324],[12.46143,56.93112],[12.46435,56.93023],[12.46465,56.92953],[12.46317,56.92667],[12.46152,56.92571],[12.46151,56.92438],[12.46302,56.92338],[12.46506,56.92356]]]}},{"type":"Feature","properties":{"fs":"WALK","t":30.0},"geometry":{"type":"Polygon","coordinates":[[[12.4943,56.92934],[12.49236,56.93079],[12.49086,56.93088],[12.48937,56.93012],[12.48772,56.92789],[12.48582,56.92794],[12.48438,56.92651],[12.48126,56.92703],[12.47977,56.92633],[12.47941,56.92551],[12.47766,56.92561],[12.47636,56.92511],[12.4765,56.92267],[12.47859,56.92085],[12.47763,56.91991],[12.47898,56.91822],[12.47868,56.91732],[12.48081,56.91542],[12.47579,56.91369],[12.47789,56.91213],[12.47645,56.91008],[12.47702,56.9092],[12.47639,56.90784],[12.48055,56.90702],[12.48229,56.9072],[12.48392,56.90585],[12.48563,56.90634],[12.48929,56.90231],[12.49326,56.90132],[12.49621,56.90172],[12.49719,56.90309],[12.49618,56.90441],[12.4995,56.90614],[12.50347,56.90598],[12.50426,56.90258],[12.50511,56.90218],[12.52149,56.90278],[12.52418,56.90256],[12.52855,56.90553],[12.52884,56.90662],[12.5318,56.90921],[12.53525,56.9137],[12.53778,56.91493],[12.54044,56.91743],[12.53956,56.91831],[12.54046,56.91945],[12.54005,56.92025],[12.54223,56.9215],[12.54147,56.92374],[12.5418,56.9264],[12.54019,56.92674],[12.53857,56.92632],[12.53549,56.92719],[12.53213,56.92539],[12.5306,56.92603],[12.52862,56.92616],[12.52755,56.92683],[12.52717,56.9275],[12.5281,56.92895],[12.53203,56.92977],[12.53316,56.93099],[12.5302,56.93407],[12.53119,56.93544],[12.53036,56.93714],[12.52779,56.93793],[12.52453,56.93756],[12.51969,56.93847],[12.51822,56.93743],[12.5159,56.93755],[12.51293,56.93585],[12.5149,56.934],[12.5142,56.93313],[12.50723,56.93271],[12.50534,56.93335],[12.50392,56.93329],[12.4943,56.92934]]]}},{"type":"Feature","properties":{"fs":"WALK","t":15.0},"geometry":{"type":"Polygon","coordinates":[[[12.51354,56.92813],[12.5122,56.929],[12.51084,56.92866],[12.51047,56.92795],[12.5083,56.92825],[12.50563,56.92692],[12.50463,56.92544],[12.50115,56.92381],[12.49915,56.92373],[12.49806,56.9231],[12.49845,56.92193],[12.50173,56.92203],[12.50323,56.9215],[12.50307,56.91931],[12.50108,56.9194],[12.50107,56.92021],[12.50018,56.92061],[12.49777,56.92071],[12.49618,56.92138],[12.49471,56.92097],[12.49558,56.91878],[12.4935,56.91582],[12.49363,56.91406],[12.4975,56.91309],[12.50051,56.91051],[12.50496,56.9106],[12.50977,56.91232],[12.51311,56.91146],[12.51434,56.91154],[12.51614,56.91374],[12.51979,56.91373],[12.52099,56.91502],[12.52112,56.91614],[12.51921,56.91799],[12.52129,56.91824],[12.52387,56.91979],[12.52208,56.92172],[12.52397,56.92275],[12.52398,56.92407],[12.51848,56.92502],[12.51865,56.9271],[12.51716,56.92859],[12.51607,56.92874],[12.51354,56.92813]]]}},{"type":"Feature","properties":{"fs":"BICYCLE","t":60.0},"geometry":{"type":"Polygon","coordinates":[[[12.4623,57.02764],[12.45352,57.01892],[12.45415,57.01731],[12.45941,57.01562],[12.45331,57.01308],[12.45067,57.01398],[12.44839,57.01718],[12.44252,57.01794],[12.438,57.02047],[12.43698,57.02297],[12.42939,57.0259],[12.42593,57.02634],[12.42124,57.02313],[12.41739,57.02283],[12.4115,57.02542],[12.41168,57.0275],[12.40964,57.02858],[12.40822,57.02698],[12.40959,57.02358],[12.4036,57.02312],[12.40133,57.01875],[12.40783,57.01697],[12.40932,57.01532],[12.4052,57.0104],[12.4001,57.00974],[12.39753,57.01418],[12.39423,57.01568],[12.3917,57.01211],[12.38511,57.01212],[12.37491,57.00927],[12.36596,57.00333],[12.3609,57.00393],[12.36947,56.99356],[12.37258,56.96681],[12.35867,56.93489],[12.41026,56.90245],[12.48718,56.88889],[12.56491,56.85723],[12.61863,56.8321],[12.63345,56.83853],[12.63685,56.83818],[12.639,56.83654],[12.63775,56.8337],[12.64918,56.83437],[12.65194,56.83611],[12.64833,56.83817],[12.65472,56.84239],[12.65909,56.84335],[12.66024,56.85037],[12.6647,56.85333],[12.67474,56.85346],[12.67593,56.85245],[12.6739,56.84876],[12.68023,56.84922],[12.68427,56.84794],[12.6877,56.85043],[12.69334,56.84933],[12.69508,56.85118],[12.70019,56.85296],[12.69955,56.85502],[12.7019,56.85692],[12.69974,56.85868],[12.70168,56.86051],[12.70021,56.86104],[12.69514,56.86005],[12.69224,56.86225],[12.69549,56.86781],[12.69059,56.86912],[12.68608,56.87241],[12.67767,56.869],[12.67733,56.8666],[12.67168,56.86911],[12.67308,56.87357],[12.67645,56.87678],[12.67732,56.8741],[12.68059,56.87326],[12.69008,56.88568],[12.6851,56.88649],[12.68181,56.88834],[12.67576,56.88654],[12.67256,56.883],[12.66214,56.89211],[12.66949,56.89339],[12.68101,56.8995],[12.68174,56.90097],[12.68753,56.90142],[12.69162,56.90503],[12.69725,56.90469],[12.70172,56.90219],[12.70989,56.90728],[12.70598,56.90855],[12.70661,56.91059],[12.70509,56.91191],[12.70067,56.91115],[12.69994,56.91226],[12.70276,56.91636],[12.69886,56.91971],[12.70562,56.92338],[12.69642,56.92427],[12.68899,56.9265],[12.69052,56.9284],[12.68963,56.93083],[12.70288,56.93445],[12.70484,56.936],[12.68951,56.94143],[12.68296,56.94093],[12.68302,56.94666],[12.67592,56.94754],[12.6732,56.94041],[12.67048,56.93812],[12.66332,56.93779],[12.65404,56.94005],[12.65339,56.94195],[12.65849,56.94609],[12.65806,56.94968],[12.65583,56.95076],[12.65341,56.95004],[12.65211,56.94794],[12.6445,56.94796],[12.64332,56.9471],[12.64466,56.94544],[12.63307,56.94292],[12.63545,56.94914],[12.63868,56.95156],[12.6384,56.95424],[12.635,56.95627],[12.635,56.95984],[12.63816,56.95829],[12.64201,56.9532],[12.6473,56.95577],[12.64862,56.95916],[12.65791,56.95529],[12.66018,56.95848],[12.66211,56.95889],[12.66247,56.9547],[12.66521,56.95363],[12.67115,56.95891],[12.66847,56.96245],[12.67034,56.96423],[12.67241,56.96407],[12.67438,56.96167],[12.67884,56.96422],[12.68468,56.96298],[12.68684,56.96459],[12.68364,56.96818],[12.68748,56.96752],[12.6925,56.96953],[12.70593,56.9718],[12.70061,56.97473],[12.70185,56.9779],[12.69726,56.97905],[12.70378,56.98333],[12.70218,56.98431],[12.69629,56.98465],[12.69272,56.98919],[12.68995,56.98742],[12.688,56.98775],[12.68835,56.99001],[12.69234,56.9921],[12.68846,56.99484],[12.6861,56.9948],[12.68222,56.99259],[12.66626,56.99443],[12.66347,56.99297],[12.6674,56.99102],[12.66641,56.98881],[12.65543,56.99413],[12.65697,56.99823],[12.65553,57.00153],[12.64935,57.0015],[12.64504,57.00296],[12.64861,57.00679],[12.64842,57.00971],[12.6447,57.00994],[12.64068,57.01166],[12.63951,57.01493],[12.6446,57.01885],[12.65089,57.01627],[12.65331,57.01699],[12.6542,57.0192],[12.65037,57.02126],[12.65551,57.02304],[12.6546,57.026],[12.65052,57.02693],[12.64725,57.02979],[12.64507,57.03009],[12.63957,57.02585],[12.63392,57.02411],[12.63317,57.02605],[12.63656,57.03105],[12.63586,57.03239],[12.63335,57.03301],[12.62932,57.03159],[12.62437,57.03161],[12.6176,57.03451],[12.60765,57.02983],[12.60361,57.03287],[12.60724,57.03544],[12.60686,57.04127],[12.60471,57.04265],[12.60036,57.04137],[12.59589,57.04207],[12.59262,57.03838],[12.59484,57.03599],[12.59098,57.034],[12.58784,57.03911],[12.58435,57.04039],[12.58259,57.03974],[12.58229,57.0372],[12.57801,57.03495],[12.57357,57.03569],[12.57536,57.03763],[12.57418,57.0384],[12.56557,57.03609],[12.56931,57.03252],[12.56535,57.02999],[12.56103,57.0299],[12.55895,57.02866],[12.563,57.02507],[12.5619,57.0246],[12.55173,57.02577],[12.54736,57.02794],[12.55353,57.03125],[12.55259,57.03303],[12.54683,57.03285],[12.54147,57.03596],[12.53858,57.03306],[12.5361,57.03316],[12.53571,57.03585],[12.53337,57.03692],[12.52222,57.03317],[12.52025,57.02942],[12.51819,57.02859],[12.50835,57.02901],[12.50655,57.03138],[12.49997,57.03109],[12.49949,57.02755],[12.50307,57.02588],[12.50383,57.02374],[12.49625,57.02144],[12.49107,57.02349],[12.49363,57.02746],[12.4902,57.02944],[12.48364,57.02897],[12.47985,57.02552],[12.47655,57.02718],[12.4623,57.02764]]]}},{"type":"Feature","properties":{"fs":"BICYCLE","t":45.0},"geometry":{"type":"Polygon","coordinates":[[[12.5968,57.00241],[12.5984,57.00786],[12.59277,57.01067],[12.5855,57.0068],[12.58189,57.00687],[12.57907,57.00861],[12.5792,57.00398],[12.57691,57.00336],[12.56979,57.00618],[12.5605,57.00353],[12.55596,57.0067],[12.55039,57.00536],[12.54669,57.0069],[12.5387,57.00625],[12.53423,57.0047],[12.53536,57.00079],[12.52938,56.99772],[12.52426,56.99926],[12.52628,57.00421],[12.52391,57.00573],[12.52149,57.00501],[12.51921,57.00216],[12.50868,56.99945],[12.50085,57.00227],[12.49391,57.00334],[12.49157,56.99992],[12.48392,57.00045],[12.47821,56.99863],[12.47067,56.99849],[12.46262,56.99267],[12.46607,56.99042],[12.45527,56.9844],[12.44988,56.98494],[12.45027,56.98678],[12.44617,56.98957],[12.45056,56.9946],[12.445,56.99606],[12.44071,56.99406],[12.43504,56.99569],[12.43152,56.99848],[12.42919,56.99558],[12.4329,56.99401],[12.43366,56.98984],[12.43148,56.9891],[12.42771,56.99166],[12.42041,56.99005],[12.42225,56.98728],[12.42036,56.98177],[12.4154,56.98219],[12.41274,56.98483],[12.40991,56.98275],[12.4021,56.98407],[12.40253,56.98226],[12.398,56.98093],[12.40226,56.97608],[12.40062,56.97438],[12.39724,56.97553],[12.39574,56.97488],[12.39423,56.97007],[12.39637,56.96888],[12.40217,56.96827],[12.40274,56.96446],[12.40044,56.96357],[12.39433,56.96715],[12.38831,56.9636],[12.38772,56.96022],[12.3827,56.95843],[12.38449,56.95639],[12.38298,56.95456],[12.38563,56.95192],[12.38007,56.94905],[12.38395,56.94357],[12.38171,56.94322],[12.36943,56.94686],[12.36505,56.94351],[12.36219,56.94297],[12.35867,56.93489],[12.36953,56.92807],[12.37106,56.92813],[12.37129,56.92696],[12.41026,56.90245],[12.48718,56.88889],[12.56491,56.85723],[12.58177,56.84935],[12.58559,56.8513],[12.57889,56.85811],[12.58526,56.8595],[12.59365,56.85658],[12.59188,56.8544],[12.59878,56.85172],[12.60283,56.85579],[12.60993,56.8553],[12.6078,56.85337],[12.60958,56.85276],[12.61895,56.85383],[12.62818,56.85857],[12.6347,56.856],[12.63712,56.85672],[12.63323,56.86636],[12.638,56.86977],[12.64475,56.869],[12.64452,56.87259],[12.64967,56.87718],[12.64721,56.87882],[12.64018,56.87969],[12.63876,56.8827],[12.64035,56.88554],[12.63841,56.88824],[12.64064,56.89346],[12.63536,56.89645],[12.63252,56.8937],[12.62929,56.89454],[12.62505,56.89172],[12.62178,56.89303],[12.61938,56.89626],[12.61736,56.89656],[12.61302,56.89221],[12.60834,56.89628],[12.6118,56.90005],[12.60579,56.90178],[12.61529,56.90801],[12.62146,56.90839],[12.62544,56.90698],[12.63393,56.912],[12.63867,56.91297],[12.63864,56.91477],[12.6483,56.91374],[12.6542,56.91782],[12.66306,56.92068],[12.65782,56.92243],[12.65329,56.92589],[12.64741,56.92454],[12.64588,56.92603],[12.62931,56.92824],[12.62626,56.92762],[12.62477,56.92527],[12.62025,56.92683],[12.62291,56.92927],[12.62187,56.93807],[12.63313,56.94523],[12.63339,56.94874],[12.63629,56.95088],[12.636,56.95438],[12.63292,56.95641],[12.63246,56.95951],[12.63847,56.96338],[12.63902,56.96545],[12.64736,56.97284],[12.64761,56.97509],[12.64261,56.97792],[12.63779,56.97772],[12.63402,56.97551],[12.62996,56.97953],[12.62418,56.97976],[12.61743,56.98486],[12.61936,56.98849],[12.61132,56.99103],[12.60992,56.99583],[12.60385,56.99847],[12.60863,57.00249],[12.6056,57.00317],[12.5968,57.00241]],[[12.62823,56.86487],[12.62316,56.86979],[12.62642,56.87186],[12.62421,56.87715],[12.63154,56.87352],[12.63095,56.86829],[12.62823,56.86487]]]}},{"type":"Feature","properties":{"fs":"BICYCLE","t":30.0},"geometry":{"type":"Polygon","coordinates":[[[12.49715,56.97496],[12.4889,56.97987],[12.48664,56.97634],[12.48216,56.97367],[12.4847,56.97058],[12.4838,56.96868],[12.47946,56.96893],[12.4723,56.96527],[12.46575,56.9648],[12.46495,56.96153],[12.4594,56.96001],[12.45833,56.95606],[12.45513,56.9563],[12.45483,56.95919],[12.44975,56.96122],[12.44494,56.96539],[12.44127,56.96503],[12.44177,56.96072],[12.43478,56.95473],[12.44213,56.95238],[12.43807,56.95109],[12.43741,56.94625],[12.42879,56.94248],[12.42715,56.93206],[12.4204,56.93068],[12.41451,56.93263],[12.41227,56.93236],[12.41301,56.92912],[12.40911,56.92454],[12.41263,56.91923],[12.41052,56.91806],[12.40049,56.92156],[12.40363,56.91414],[12.39918,56.90996],[12.40457,56.90816],[12.40807,56.90992],[12.41038,56.90929],[12.41565,56.90151],[12.48718,56.88889],[12.54212,56.86652],[12.54462,56.86639],[12.55473,56.87176],[12.55533,56.87514],[12.56311,56.87215],[12.57206,56.8734],[12.57417,56.87411],[12.57372,56.87629],[12.57727,56.87838],[12.58398,56.87946],[12.59049,56.87818],[12.59176,56.87961],[12.59036,56.88223],[12.59644,56.88345],[12.58855,56.88489],[12.5846,56.88672],[12.58639,56.8908],[12.58259,56.89775],[12.59409,56.89769],[12.59364,56.89981],[12.59849,56.90272],[12.60339,56.91064],[12.59347,56.91048],[12.58845,56.9119],[12.58201,56.90876],[12.57822,56.90989],[12.57772,56.91168],[12.59181,56.91837],[12.5977,56.91949],[12.60058,56.92343],[12.60549,56.92476],[12.61056,56.92901],[12.61048,56.9303],[12.60644,56.93236],[12.61022,56.93443],[12.61044,56.93739],[12.61626,56.93788],[12.61788,56.93993],[12.61326,56.94793],[12.61068,56.94968],[12.60821,56.94963],[12.5996,56.9461],[12.58717,56.94822],[12.58623,56.95132],[12.58071,56.95225],[12.57997,56.95403],[12.58231,56.95756],[12.58619,56.9564],[12.58869,56.95914],[12.58614,56.96359],[12.58218,56.96284],[12.58048,56.96438],[12.57773,56.96955],[12.58089,56.97163],[12.57695,56.97521],[12.57218,56.97517],[12.56641,56.97287],[12.56108,56.97641],[12.55622,56.97772],[12.54657,56.97428],[12.54153,56.97586],[12.52492,56.97812],[12.52291,56.97746],[12.52469,56.97542],[12.51961,56.9688],[12.51527,56.97321],[12.50962,56.96843],[12.5062,56.96741],[12.50145,56.97226],[12.49536,56.97304],[12.49715,56.97496]],[[12.48003,56.96357],[12.49049,56.96242],[12.48803,56.96029],[12.48808,56.95761],[12.49166,56.95515],[12.48707,56.95177],[12.48271,56.95283],[12.48117,56.95433],[12.48522,56.95666],[12.4787,56.96192],[12.48003,56.96357]]]}},{"type":"Feature","properties":{"fs":"BICYCLE","t":15.0},"geometry":{"type":"Polygon","coordinates":[[[12.53921,56.94863],[12.53422,56.9464],[12.53008,56.94839],[12.523,56.94514],[12.51806,56.94526],[12.51213,56.94776],[12.50967,56.94771],[12.50822,56.94633],[12.51049,56.94312],[12.50071,56.94337],[12.5003,56.94033],[12.49399,56.93942],[12.49441,56.93617],[12.48838,56.93264],[12.47852,56.93417],[12.46318,56.93312],[12.46473,56.92838],[12.46043,56.92515],[12.46312,56.92341],[12.46918,56.92488],[12.47098,56.92416],[12.4668,56.92209],[12.46621,56.91875],[12.46347,56.91825],[12.45961,56.91918],[12.45967,56.91676],[12.45476,56.91489],[12.46647,56.91185],[12.46449,56.9108],[12.45744,56.91032],[12.45638,56.90928],[12.45845,56.90595],[12.47051,56.90075],[12.46897,56.89926],[12.47029,56.89794],[12.47531,56.89954],[12.48549,56.89319],[12.49027,56.89385],[12.4916,56.89545],[12.49939,56.89246],[12.51239,56.89451],[12.5282,56.89455],[12.53695,56.89882],[12.53639,56.90252],[12.53979,56.90607],[12.54201,56.9124],[12.54891,56.91366],[12.55844,56.9134],[12.55485,56.91698],[12.55965,56.91893],[12.55437,56.92433],[12.5552,56.92738],[12.56023,56.92893],[12.55884,56.93143],[12.56241,56.93336],[12.55821,56.93468],[12.55253,56.93361],[12.54744,56.93599],[12.54499,56.93886],[12.54131,56.93862],[12.54366,56.94344],[12.54332,56.94703],[12.53921,56.94863]]]}},{"type":"Feature","properties":{"fs":"TRANSIT","t":60.0},"geometry":{"type":"MultiPolygon","coordinates":[[[[12.33385,57.16032],[12.32374,57.16555],[12.32751,57.16608],[12.33019,57.16992],[12.33442,57.17069],[12.33965,57.17563],[12.33533,57.17809],[12.3305,57.17824],[12.3237,57.17366],[12.31668,57.17293],[12.31061,57.17485],[12.30751,57.17719],[12.31021,57.18227],[12.29358,57.18049],[12.29197,57.18141],[12.29306,57.18811],[12.29559,57.18984],[12.29929,57.19027],[12.29728,57.19213],[12.3046,57.19773],[12.307,57.20164],[12.31202,57.20459],[12.31878,57.20192],[12.32529,57.20633],[12.3213,57.20909],[12.31499,57.20964],[12.31342,57.21102],[12.31622,57.21349],[12.32723,57.21586],[12.32769,57.21807],[12.33263,57.22128],[12.32696,57.22479],[12.32914,57.23015],[12.32507,57.23242],[12.32842,57.2365],[12.3216,57.24108],[12.31882,57.24147],[12.3151,57.23969],[12.30531,57.23949],[12.30615,57.23702],[12.30157,57.23548],[12.29994,57.23369],[12.30358,57.2317],[12.30522,57.22659],[12.29869,57.21913],[12.29781,57.21608],[12.29147,57.21356],[12.28667,57.2098],[12.28843,57.20756],[12.28112,57.20643],[12.27793,57.20486],[12.27598,57.2016],[12.27111,57.20038],[12.2706,57.1967],[12.26617,57.19162],[12.25855,57.18972],[12.26074,57.1876],[12.25696,57.18418],[12.25793,57.17857],[12.25659,57.17802],[12.2509,57.17855],[12.2477,57.17994],[12.24684,57.18306],[12.24965,57.1871],[12.23705,57.19229],[12.24212,57.19644],[12.24115,57.20164],[12.24329,57.20338],[12.24466,57.20818],[12.24283,57.20919],[12.2387,57.20834],[12.23753,57.209],[12.23598,57.21563],[12.24049,57.22109],[12.23178,57.22408],[12.2306,57.22727],[12.22785,57.22882],[12.22398,57.2293],[12.22066,57.22787],[12.21768,57.22808],[12.22128,57.23202],[12.21712,57.23503],[12.21679,57.23734],[12.20881,57.24177],[12.20131,57.2416],[12.20206,57.24454],[12.19827,57.24715],[12.18554,57.24781],[12.1825,57.24601],[12.18201,57.24353],[12.17494,57.24146],[12.1662,57.24194],[12.16097,57.23721],[12.15793,57.2363],[12.14536,57.23809],[12.1366,57.2361],[12.13332,57.23855],[12.13319,57.23487],[12.14025,57.23384],[12.1438,57.23143],[12.1499,57.23202],[12.15351,57.23446],[12.16013,57.23461],[12.16425,57.23178],[12.17382,57.23655],[12.17696,57.23667],[12.1798,57.2342],[12.18282,57.2359],[12.18611,57.2362],[12.19022,57.23394],[12.1931,57.23428],[12.19403,57.23287],[12.20437,57.22972],[12.20977,57.22612],[12.20737,57.22084],[12.20442,57.21875],[12.20994,57.21011],[12.20862,57.20845],[12.20478,57.20854],[12.20215,57.20499],[12.20548,57.20204],[12.20938,57.20243],[12.21289,57.20123],[12.21241,57.19998],[12.208,57.19876],[12.21235,57.19528],[12.21195,57.19226],[12.21612,57.18823],[12.21391,57.18633],[12.21028,57.18616],[12.20924,57.18276],[12.20482,57.1807],[12.21065,57.17732],[12.20951,57.17267],[12.22302,57.16124],[12.22541,57.16132],[12.22884,57.15919],[12.22834,57.15675],[12.24876,57.13947],[12.26173,57.08315],[12.29266,57.04502],[12.29935,57.04623],[12.30327,57.04284],[12.30694,57.04394],[12.31293,57.04218],[12.31998,57.0432],[12.32274,57.04585],[12.33495,57.04544],[12.33979,57.04689],[12.34317,57.04572],[12.35546,57.04498],[12.35993,57.04775],[12.3584,57.04897],[12.34898,57.05248],[12.34443,57.05126],[12.34147,57.05232],[12.34146,57.05631],[12.3439,57.06039],[12.35209,57.05951],[12.35611,57.06009],[12.35804,57.06256],[12.36144,57.0615],[12.36114,57.06372],[12.35755,57.06572],[12.36313,57.06654],[12.37067,57.06492],[12.3777,57.06473],[12.38028,57.06325],[12.37775,57.06185],[12.38018,57.05882],[12.37756,57.05704],[12.38228,57.05382],[12.38217,57.0525],[12.37912,57.05131],[12.37467,57.05205],[12.36891,57.04908],[12.37342,57.04652],[12.37325,57.04446],[12.37805,57.0425],[12.37724,57.03937],[12.37966,57.03672],[12.37977,57.03234],[12.37544,57.0326],[12.37053,57.03518],[12.36953,57.03791],[12.36657,57.03785],[12.36993,57.03427],[12.36722,57.03209],[12.36354,57.03167],[12.36331,57.02604],[12.36034,57.02453],[12.35145,57.02402],[12.34667,57.02113],[12.36947,56.99356],[12.37258,56.96681],[12.36868,56.95786],[12.3722,56.95523],[12.37029,56.9534],[12.36641,56.95265],[12.36378,56.94662],[12.36622,56.94387],[12.36449,56.9425],[12.36198,56.94249],[12.35867,56.93489],[12.41026,56.90245],[12.48718,56.88889],[12.55753,56.86024],[12.56208,56.8628],[12.56575,56.86321],[12.56761,56.86617],[12.57207,56.86693],[12.57178,56.87164],[12.5745,56.8737],[12.58281,56.87184],[12.58495,56.8701],[12.58517,56.86718],[12.58846,56.86724],[12.59601,56.87097],[12.60144,56.86929],[12.60474,56.86935],[12.61781,56.87666],[12.62354,56.87678],[12.62668,56.87539],[12.62749,56.87227],[12.62442,56.86924],[12.62765,56.86283],[12.62702,56.86069],[12.62959,56.85905],[12.62913,56.85657],[12.63247,56.85399],[12.63814,56.85635],[12.64173,56.85641],[12.64795,56.85243],[12.63935,56.84557],[12.63113,56.84113],[12.63316,56.83933],[12.63127,56.83745],[12.62678,56.83459],[12.62337,56.83409],[12.62007,56.83143],[12.62347,56.82984],[12.62239,56.78124],[12.62723,56.7744],[12.62606,56.7781],[12.62933,56.77985],[12.62815,56.78241],[12.63056,56.78529],[12.62886,56.78748],[12.63162,56.79113],[12.64022,56.79439],[12.63548,56.79726],[12.62801,56.79971],[12.62951,56.80351],[12.63557,56.80738],[12.63862,56.81406],[12.63789,56.81756],[12.64385,56.82143],[12.63788,56.82528],[12.64074,56.82893],[12.64606,56.832],[12.6599,56.83334],[12.66103,56.83605],[12.65898,56.8395],[12.65628,56.83967],[12.65263,56.83777],[12.65229,56.83964],[12.65541,56.84175],[12.66005,56.8429],[12.66094,56.85065],[12.66489,56.85324],[12.67058,56.85269],[12.66683,56.85048],[12.66713,56.8456],[12.66919,56.84382],[12.67464,56.84515],[12.6775,56.84364],[12.68224,56.84317],[12.68785,56.84533],[12.69199,56.84476],[12.698,56.84618],[12.70246,56.84439],[12.71009,56.84324],[12.72165,56.83178],[12.722,56.82977],[12.72591,56.82908],[12.7324,56.825],[12.72508,56.8196],[12.72681,56.81581],[12.73266,56.81275],[12.73606,56.81223],[12.7406,56.81351],[12.74641,56.8124],[12.7445,56.8163],[12.75022,56.81702],[12.75173,56.8193],[12.74424,56.83028],[12.74033,56.83163],[12.73497,56.83034],[12.7334,56.83372],[12.7296,56.83565],[12.73091,56.84004],[12.72343,56.85024],[12.72044,56.8522],[12.71607,56.84982],[12.71286,56.84983],[12.7095,56.8533],[12.71133,56.85698],[12.70697,56.85832],[12.70628,56.86234],[12.69336,56.86244],[12.68795,56.86373],[12.69056,56.8657],[12.6875,56.8677],[12.68032,56.86787],[12.6768,56.86626],[12.67135,56.86867],[12.67014,56.87352],[12.67546,56.87991],[12.6708,56.88214],[12.6664,56.88172],[12.66374,56.88679],[12.65611,56.88901],[12.64912,56.88922],[12.65019,56.89189],[12.64668,56.89372],[12.65026,56.89553],[12.64602,56.89868],[12.64543,56.90069],[12.62902,56.90038],[12.62635,56.89719],[12.61583,56.899],[12.60944,56.89587],[12.60771,56.89969],[12.6055,56.9006],[12.60012,56.89971],[12.59911,56.89599],[12.59451,56.89434],[12.5865,56.89778],[12.58278,56.89805],[12.57957,56.9],[12.57187,56.90176],[12.56979,56.90595],[12.5631,56.90588],[12.56276,56.90685],[12.56571,56.90789],[12.56999,56.90733],[12.57667,56.91308],[12.57702,56.91882],[12.58062,56.92169],[12.58025,56.92435],[12.57753,56.9264],[12.58318,56.9299],[12.58359,56.93197],[12.58552,56.9268],[12.58307,56.92451],[12.58871,56.92343],[12.59071,56.92121],[12.60469,56.92147],[12.61114,56.92339],[12.62066,56.92897],[12.62034,56.93773],[12.63278,56.94537],[12.63279,56.94875],[12.63571,56.9515],[12.63549,56.95443],[12.63232,56.95638],[12.63194,56.95907],[12.63701,56.96274],[12.64023,56.96348],[12.64486,56.96178],[12.65678,56.96194],[12.66415,56.96046],[12.67281,56.96882],[12.67728,56.96958],[12.68642,56.9748],[12.6901,56.97521],[12.69081,56.97691],[12.68743,56.97853],[12.68976,56.9806],[12.68718,56.98257],[12.69189,56.98608],[12.68917,56.98721],[12.68909,56.98852],[12.69299,56.98826],[12.69518,56.98946],[12.69579,56.99306],[12.69869,56.99581],[12.69603,56.99891],[12.70395,57.00396],[12.69861,57.00622],[12.70217,57.01295],[12.70068,57.01703],[12.69586,57.01835],[12.6987,57.02232],[12.69598,57.02632],[12.69086,57.0292],[12.69634,57.03052],[12.70007,57.03358],[12.70015,57.03662],[12.70346,57.03866],[12.69893,57.04131],[12.69844,57.04361],[12.70564,57.04346],[12.7087,57.04509],[12.70816,57.04929],[12.71265,57.05673],[12.70805,57.06445],[12.70357,57.06354],[12.7043,57.07006],[12.69998,57.07048],[12.69731,57.07318],[12.68962,57.07579],[12.69475,57.07948],[12.69045,57.08328],[12.69007,57.09001],[12.69274,57.09208],[12.69145,57.10464],[12.69474,57.10612],[12.69725,57.10542],[12.69949,57.09951],[12.70286,57.09946],[12.70805,57.10135],[12.71374,57.10616],[12.72511,57.10919],[12.73103,57.11368],[12.73076,57.11802],[12.72699,57.11897],[12.71726,57.1174],[12.71671,57.12147],[12.72012,57.12343],[12.72657,57.12403],[12.73017,57.12584],[12.73683,57.12703],[12.73734,57.12906],[12.74032,57.13057],[12.7461,57.13067],[12.7501,57.12806],[12.75118,57.12859],[12.74837,57.13414],[12.74387,57.13682],[12.74101,57.14171],[12.73209,57.14824],[12.73146,57.1505],[12.7352,57.15271],[12.74208,57.15336],[12.74508,57.1551],[12.74812,57.15528],[12.74926,57.16028],[12.7581,57.1619],[12.76076,57.16663],[12.76448,57.1667],[12.7663,57.16907],[12.77323,57.17079],[12.77406,57.17645],[12.77642,57.17844],[12.79197,57.18238],[12.79431,57.1849],[12.79285,57.19026],[12.77409,57.18746],[12.77341,57.18498],[12.76808,57.18114],[12.76166,57.17962],[12.76159,57.17747],[12.7542,57.17688],[12.7518,57.17291],[12.74441,57.17207],[12.73231,57.16694],[12.73226,57.16447],[12.72021,57.16201],[12.71768,57.15836],[12.72202,57.15608],[12.7247,57.15029],[12.71942,57.14967],[12.70625,57.1438],[12.70152,57.14333],[12.69672,57.14422],[12.69516,57.14784],[12.69685,57.14982],[12.69303,57.1514],[12.6929,57.15353],[12.68494,57.15417],[12.67946,57.15909],[12.6754,57.15791],[12.66885,57.15859],[12.66549,57.15778],[12.66475,57.1563],[12.66726,57.15426],[12.66905,57.14878],[12.67644,57.14787],[12.67826,57.14585],[12.6863,57.14229],[12.6944,57.14121],[12.68922,57.13515],[12.69803,57.12985],[12.69018,57.12767],[12.6906,57.12619],[12.69667,57.12473],[12.69681,57.12249],[12.68907,57.11763],[12.67819,57.11664],[12.68165,57.11053],[12.6755,57.10601],[12.67135,57.10946],[12.65861,57.10943],[12.65366,57.10283],[12.64269,57.10014],[12.64292,57.09655],[12.64665,57.09627],[12.64964,57.0942],[12.65012,57.08657],[12.64512,57.0811],[12.63404,57.08022],[12.63354,57.07818],[12.6258,57.07354],[12.61473,57.07266],[12.61422,57.07062],[12.61125,57.06912],[12.60549,57.06902],[12.59826,57.07234],[12.59349,57.07213],[12.59846,57.06538],[12.59592,57.06367],[12.59222,57.06324],[12.59036,57.06029],[12.58588,57.05953],[12.58269,57.05766],[12.58589,57.0557],[12.58572,57.0521],[12.58276,57.0506],[12.57658,57.05036],[12.57351,57.0467],[12.57621,57.04293],[12.57069,57.03946],[12.5708,57.03429],[12.56786,57.0322],[12.57327,57.03118],[12.57811,57.02589],[12.57394,57.02088],[12.56245,57.01414],[12.56268,57.01053],[12.56587,57.00858],[12.56631,57.0052],[12.5689,57.00325],[12.5602,56.99792],[12.56005,56.9905],[12.55104,56.98696],[12.55104,56.98358],[12.54811,56.98151],[12.54833,56.97454],[12.5454,56.97247],[12.54565,56.96885],[12.54783,56.96646],[12.53995,56.96205],[12.53701,56.96309],[12.5368,56.96585],[12.53183,56.96576],[12.52532,56.95882],[12.51457,56.95403],[12.51443,56.95232],[12.51755,56.95008],[12.51382,56.95008],[12.5096,56.95186],[12.51131,56.95396],[12.50658,56.95632],[12.49146,56.95262],[12.48844,56.94863],[12.4845,56.94754],[12.48169,56.94416],[12.46732,56.95094],[12.46442,56.95469],[12.45905,56.9546],[12.45578,56.95563],[12.45425,56.95988],[12.45171,56.96138],[12.45515,56.96342],[12.47038,56.96375],[12.4704,56.96714],[12.4729,56.96884],[12.4766,56.96927],[12.47697,56.97311],[12.4828,56.97479],[12.48268,56.97661],[12.48012,56.97813],[12.48231,56.982],[12.47774,56.98259],[12.47551,56.98546],[12.47175,56.98574],[12.46903,56.98734],[12.47185,56.99077],[12.4685,56.99072],[12.46175,56.98744],[12.45879,56.98871],[12.45177,56.98891],[12.44869,56.99211],[12.44496,56.99238],[12.43858,56.9955],[12.43196,56.99536],[12.43513,56.99338],[12.43496,56.98979],[12.42243,56.98484],[12.41343,56.98755],[12.4129,56.98933],[12.41583,56.99142],[12.40963,56.99466],[12.40885,56.99668],[12.40214,56.99834],[12.3977,56.99712],[12.39202,57.00171],[12.3866,57.00272],[12.38579,57.00539],[12.39079,57.00741],[12.37895,57.01199],[12.38406,57.01546],[12.38824,57.01445],[12.39087,57.01514],[12.39089,57.01786],[12.38829,57.01982],[12.3915,57.02259],[12.39237,57.02619],[12.40099,57.02657],[12.40329,57.02924],[12.40913,57.02905],[12.4082,57.0309],[12.41049,57.03263],[12.41305,57.03966],[12.41198,57.04324],[12.40635,57.04716],[12.40151,57.04856],[12.3949,57.04875],[12.39071,57.05088],[12.38993,57.05353],[12.39203,57.05564],[12.39044,57.06144],[12.39465,57.06259],[12.39684,57.06449],[12.39366,57.06644],[12.38656,57.06779],[12.38669,57.07192],[12.38422,57.07456],[12.37959,57.07492],[12.37605,57.08043],[12.36586,57.07954],[12.36205,57.0818],[12.36438,57.08382],[12.36369,57.08492],[12.35643,57.08544],[12.3506,57.08316],[12.3473,57.0802],[12.34004,57.07802],[12.33018,57.07736],[12.32286,57.07383],[12.32196,57.07035],[12.3204,57.07001],[12.31839,57.07497],[12.31102,57.07586],[12.30738,57.07901],[12.3028,57.07958],[12.29717,57.0835],[12.30022,57.08631],[12.31028,57.08445],[12.31016,57.08625],[12.3067,57.08865],[12.30672,57.09134],[12.32383,57.10257],[12.3218,57.10425],[12.31662,57.10549],[12.31545,57.10771],[12.31959,57.10981],[12.3252,57.10787],[12.32825,57.10922],[12.32812,57.1118],[12.32534,57.11376],[12.32633,57.11536],[12.32303,57.11723],[12.32736,57.12039],[12.32969,57.12447],[12.324,57.12469],[12.3236,57.12621],[12.33419,57.12597],[12.33724,57.12278],[12.34098,57.12252],[12.34611,57.12005],[12.34752,57.1176],[12.35853,57.11963],[12.3673,57.1193],[12.37485,57.12253],[12.38296,57.12172],[12.39164,57.11876],[12.39694,57.11969],[12.39974,57.12207],[12.40128,57.12562],[12.39915,57.12794],[12.40303,57.12927],[12.40395,57.13171],[12.41623,57.13336],[12.43273,57.13376],[12.43328,57.13804],[12.4357,57.14042],[12.43912,57.13955],[12.43934,57.13753],[12.44843,57.1352],[12.45396,57.13745],[12.45628,57.13671],[12.45596,57.13547],[12.45142,57.13436],[12.45156,57.13226],[12.44626,57.12932],[12.44727,57.12664],[12.44461,57.12316],[12.44918,57.12179],[12.45125,57.12313],[12.45045,57.12536],[12.45383,57.13033],[12.46438,57.13818],[12.47522,57.14076],[12.4785,57.14016],[12.47895,57.13818],[12.48175,57.13745],[12.48598,57.13978],[12.4869,57.14218],[12.49453,57.14252],[12.49561,57.14581],[12.48735,57.14887],[12.48062,57.15406],[12.47142,57.151],[12.46771,57.15393],[12.46272,57.15442],[12.45815,57.15247],[12.45814,57.15032],[12.45437,57.14997],[12.44953,57.15208],[12.44756,57.15576],[12.44443,57.15698],[12.44092,57.15511],[12.43683,57.15693],[12.42555,57.15383],[12.4264,57.14801],[12.42427,57.14743],[12.41811,57.14733],[12.41493,57.14851],[12.40284,57.14753],[12.39475,57.15095],[12.38815,57.15149],[12.38625,57.14677],[12.38066,57.14549],[12.37249,57.14127],[12.36834,57.14301],[12.36531,57.14286],[12.3618,57.14631],[12.35817,57.14645],[12.35659,57.1488],[12.35307,57.14985],[12.3486,57.14802],[12.33984,57.14985],[12.33556,57.14757],[12.32501,57.14912],[12.31626,57.14436],[12.30514,57.14674],[12.30075,57.15143],[12.30399,57.15406],[12.30893,57.15434],[12.31621,57.15648],[12.32447,57.1566],[12.33119,57.15523],[12.34065,57.15689],[12.33834,57.15931],[12.33385,57.16032]],[[12.57382,56.95482],[12.57572,56.95638],[12.5795,56.95511],[12.5831,56.96083],[12.58919,56.96417],[12.59822,56.96435],[12.60222,56.96283],[12.60254,56.96086],[12.59628,56.95681],[12.58189,56.94984],[12.57776,56.95086],[12.57382,56.95482]],[[12.68652,56.9996],[12.68217,56.99884],[12.68154,57.00239],[12.69337,57.00193],[12.69401,56.99838],[12.69114,56.99815],[12.68652,56.9996]],[[12.60996,56.99415],[12.60986,56.99864],[12.61279,57.00071],[12.61139,57.00318],[12.60553,57.00454],[12.60342,57.00615],[12.61516,57.01513],[12.61483,57.02054],[12.61224,57.0225],[12.61735,57.02561],[12.62104,57.02602],[12.62852,57.02945],[12.63263,57.03457],[12.63186,57.04252],[12.62712,57.04469],[12.62191,57.04472],[12.61707,57.04731],[12.61373,57.05128],[12.61961,57.0546],[12.63196,57.05485],[12.63502,57.05348],[12.63468,57.04954],[12.6386,57.0469],[12.64645,57.04646],[12.65453,57.04298],[12.65368,57.03375],[12.64957,57.03396],[12.64893,57.03308],[12.65339,57.0289],[12.65823,57.03049],[12.66068,57.03028],[12.65748,57.02826],[12.65881,57.02133],[12.65142,57.01434],[12.65078,57.00498],[12.65498,57.00354],[12.66176,57.00485],[12.66274,57.00166],[12.65906,57.00083],[12.65878,56.99822],[12.65238,56.99261],[12.64558,56.99273],[12.64303,56.99096],[12.63622,56.99425],[12.62947,56.99037],[12.61797,56.99004],[12.60996,56.99415]],[[12.29489,57.16046],[12.2944,57.16216],[12.29729,57.16364],[12.31165,57.1635],[12.30517,57.16057],[12.29489,57.16046]],[[12.31143,57.16641],[12.30923,57.16729],[12.31288,57.17113],[12.31661,57.17239],[12.32137,57.16936],[12.31143,57.16641]]],[[[12.50994,57.13865],[12.5128,57.13504],[12.51483,57.13474],[12.51781,57.13657],[12.5234,57.13721],[12.52624,57.14109],[12.532,57.14448],[12.53857,57.14515],[12.54448,57.1433],[12.54746,57.14358],[12.55639,57.15389],[12.54727,57.15426],[12.54592,57.15591],[12.54277,57.15663],[12.53428,57.15203],[12.5338,57.1485],[12.52784,57.145],[12.5055,57.14529],[12.50241,57.14424],[12.50387,57.14226],[12.51154,57.14087],[12.50994,57.13865]]],[[[12.36795,57.16151],[12.36945,57.16368],[12.35705,57.1651],[12.3546,57.16247],[12.3558,57.1609],[12.36795,57.16151]]],[[[12.35519,57.19551],[12.35296,57.19243],[12.34599,57.19099],[12.34558,57.18618],[12.34002,57.18409],[12.33478,57.18004],[12.33859,57.17875],[12.34355,57.1788],[12.34678,57.17994],[12.34929,57.18392],[12.35895,57.18997],[12.36026,57.19269],[12.35879,57.19435],[12.35519,57.19551]]],[[[12.32806,57.25178],[12.33261,57.25597],[12.32878,57.25943],[12.33045,57.26362],[12.32645,57.26517],[12.31994,57.26486],[12.31894,57.26147],[12.32099,57.25612],[12.31931,57.25176],[12.31679,57.25002],[12.3168,57.24704],[12.31839,57.24483],[12.32235,57.24317],[12.3287,57.24662],[12.32806,57.25178]]],[[[12.17708,57.32172],[12.17333,57.32197],[12.17086,57.31889],[12.17665,57.31565],[12.17988,57.31864],[12.17708,57.32172]]],[[[12.17054,57.32382],[12.17321,57.32276],[12.17659,57.32581],[12.17629,57.32965],[12.16973,57.33086],[12.16608,57.33024],[12.16723,57.32671],[12.17022,57.32595],[12.17054,57.32382]]],[[[12.16681,57.36351],[12.16335,57.36523],[12.15972,57.36381],[12.15671,57.36509],[12.15047,57.36508],[12.14662,57.36732],[12.14659,57.37002],[12.14952,57.3721],[12.14926,57.37536],[12.14577,57.37742],[12.14244,57.37734],[12.13883,57.37571],[12.1338,57.37617],[12.13043,57.37532],[12.13045,57.37374],[12.13402,57.37147],[12.13371,57.36783],[12.1265,57.37105],[12.11994,57.36761],[12.11603,57.36871],[12.11141,57.36818],[12.10962,57.36521],[12.11071,57.36231],[12.10454,57.35557],[12.10824,57.35341],[12.11636,57.34394],[12.12275,57.34249],[12.13965,57.34518],[12.13724,57.34674],[12.14251,57.3497],[12.14066,57.35248],[12.14445,57.35281],[12.14789,57.35167],[12.15145,57.35335],[12.16418,57.35446],[12.16414,57.35783],[12.16709,57.35992],[12.16446,57.36188],[12.16681,57.36351]]],[[[12.05227,57.47967],[12.05192,57.47765],[12.05515,57.47612],[12.0527,57.47346],[12.05291,57.47077],[12.05548,57.46925],[12.05846,57.4709],[12.06468,57.46975],[12.07194,57.47285],[12.0744,57.47048],[12.08104,57.46941],[12.07744,57.46752],[12.08143,57.46199],[12.08717,57.46055],[12.09547,57.46281],[12.10252,57.46164],[12.10333,57.46059],[12.10084,57.4589],[12.11131,57.45576],[12.11371,57.4511],[12.11563,57.45286],[12.1202,57.45407],[12.12999,57.45265],[12.1278,57.44913],[12.13434,57.44381],[12.13394,57.44129],[12.13804,57.4402],[12.13635,57.43764],[12.13907,57.43658],[12.14772,57.43728],[12.14815,57.43641],[12.14399,57.435],[12.14603,57.43286],[12.14868,57.43156],[12.15571,57.43158],[12.15244,57.42738],[12.14787,57.42869],[12.14405,57.42623],[12.15296,57.42053],[12.15077,57.4152],[12.14573,57.41269],[12.14296,57.40543],[12.13798,57.40083],[12.13867,57.39635],[12.13448,57.39401],[12.13726,57.39048],[12.14183,57.39058],[12.14411,57.39201],[12.1427,57.39681],[12.14666,57.40107],[12.15333,57.40275],[12.15609,57.40483],[12.15265,57.40818],[12.15911,57.41344],[12.1568,57.41709],[12.16404,57.41949],[12.16002,57.42514],[12.16232,57.4332],[12.15978,57.43537],[12.16576,57.43634],[12.16723,57.43747],[12.16533,57.43919],[12.15565,57.44223],[12.15701,57.4471],[12.16081,57.44644],[12.1797,57.45011],[12.18669,57.45405],[12.18811,57.45633],[12.18466,57.46148],[12.17977,57.46269],[12.17773,57.46475],[12.16896,57.46638],[12.16565,57.4663],[12.16049,57.46399],[12.15809,57.46004],[12.14335,57.45715],[12.13636,57.46021],[12.13049,57.46105],[12.12844,57.46327],[12.11856,57.46476],[12.12266,57.46867],[12.11785,57.4716],[12.11182,57.47123],[12.11112,57.47195],[12.11376,57.47401],[12.11419,57.48432],[12.11541,57.48969],[12.11773,57.49173],[12.11516,57.49423],[12.11804,57.49739],[12.113,57.50036],[12.1101,57.50074],[12.10928,57.50319],[12.10167,57.5065],[12.09927,57.5091],[12.10237,57.51127],[12.09679,57.51538],[12.10092,57.51855],[12.10747,57.51932],[12.11194,57.5182],[12.11461,57.51901],[12.11506,57.5206],[12.10956,57.52202],[12.10924,57.5251],[12.11064,57.52692],[12.11413,57.52762],[12.11392,57.5324],[12.11787,57.53498],[12.11952,57.53891],[12.12316,57.53822],[12.1288,57.54095],[12.13578,57.5416],[12.15058,57.5366],[12.1526,57.53743],[12.15209,57.53936],[12.15363,57.54021],[12.15946,57.54163],[12.16317,57.54093],[12.16602,57.54234],[12.1718,57.54149],[12.17813,57.54606],[12.18809,57.54699],[12.19154,57.55097],[12.18348,57.55262],[12.17687,57.54831],[12.17246,57.54911],[12.15958,57.54818],[12.15314,57.54539],[12.14863,57.54658],[12.14273,57.54429],[12.13924,57.54641],[12.12205,57.54716],[12.11525,57.5486],[12.10864,57.54754],[12.09524,57.54919],[12.09233,57.54188],[12.09459,57.53957],[12.09456,57.53465],[12.09118,57.53069],[12.09656,57.5287],[12.10214,57.52808],[12.10236,57.52629],[12.09887,57.5233],[12.09467,57.52096],[12.08832,57.52007],[12.08573,57.52141],[12.08401,57.52487],[12.08085,57.52534],[12.07099,57.521],[12.06417,57.51941],[12.05615,57.51443],[12.05233,57.51042],[12.04661,57.50848],[12.04156,57.50892],[12.0393,57.50809],[12.03959,57.50287],[12.04309,57.50084],[12.03496,57.49484],[12.03005,57.49393],[12.02627,57.49161],[12.02007,57.49202],[12.01282,57.48948],[12.01066,57.48674],[12.00299,57.48716],[11.99382,57.49623],[11.99013,57.49469],[11.98694,57.49573],[11.98642,57.50004],[11.98268,57.50281],[11.98125,57.50838],[11.97494,57.5091],[11.97124,57.5113],[11.96945,57.50968],[11.96937,57.50609],[11.96267,57.50536],[11.96124,57.50652],[11.9644,57.50808],[11.95798,57.51001],[11.95631,57.50936],[11.95757,57.50097],[11.95994,57.49889],[11.97149,57.4981],[11.97391,57.49912],[11.97208,57.5011],[11.97785,57.50194],[11.98062,57.50124],[11.98193,57.49928],[11.97685,57.49638],[11.97744,57.49381],[11.97413,57.48463],[11.96986,57.48419],[11.96684,57.48609],[11.95897,57.48808],[11.94884,57.48617],[11.93319,57.45909],[11.94627,57.46778],[11.94514,57.47129],[11.94935,57.47336],[11.94604,57.47721],[11.95375,57.48061],[11.95774,57.48026],[11.9616,57.47809],[11.96975,57.47876],[11.98059,57.47806],[11.98439,57.47998],[11.98824,57.47805],[11.99153,57.47778],[11.99547,57.47806],[11.99761,57.48019],[12.00021,57.47744],[12.00745,57.4769],[12.01449,57.47853],[12.01516,57.48057],[12.01873,57.48179],[12.02483,57.48118],[12.02811,57.47805],[12.03563,57.48307],[12.04421,57.48379],[12.04749,57.48547],[12.05227,57.47967]],[[11.99054,57.48504],[11.97852,57.48873],[11.98694,57.49123],[11.99276,57.48895],[11.99317,57.48563],[11.99054,57.48504]]],[[[12.20913,57.55461],[12.21137,57.55661],[12.2085,57.55991],[12.20687,57.55819],[12.19346,57.55324],[12.19441,57.55174],[12.20913,57.55461]]],[[[12.20801,57.56103],[12.21191,57.56021],[12.21883,57.56396],[12.21972,57.56603],[12.21588,57.56619],[12.20769,57.56248],[12.20801,57.56103]]],[[[12.08672,57.58135],[12.07322,57.58362],[12.06593,57.57982],[12.06269,57.57326],[12.07937,57.56868],[12.0914,57.57682],[12.0913,57.57816],[12.08672,57.58135]]],[[[12.05046,57.60547],[12.05949,57.60768],[12.06437,57.60697],[12.07209,57.60895],[12.06392,57.61247],[12.05412,57.61376],[12.04968,57.61191],[12.04796,57.61399],[12.05041,57.61642],[12.04636,57.6174],[12.04312,57.61216],[12.03737,57.60949],[12.03255,57.6096],[12.03144,57.60778],[12.03364,57.60642],[12.04281,57.60692],[12.05046,57.60547]]],[[[12.03776,57.65348],[12.04075,57.65543],[12.03385,57.6603],[12.03869,57.66266],[12.03315,57.66629],[12.01553,57.66773],[12.00794,57.67531],[12.00562,57.67098],[12.00717,57.66742],[12.00332,57.662],[12.00747,57.65996],[12.00166,57.6592],[11.99256,57.65444],[11.99074,57.65187],[11.98655,57.65193],[11.98551,57.65017],[12.00917,57.64949],[12.01054,57.64818],[12.00886,57.64565],[12.0163,57.64438],[12.02469,57.64767],[12.02689,57.65216],[12.03415,57.65023],[12.03951,57.64744],[12.04412,57.64755],[12.04523,57.65017],[12.03776,57.65348]]],[[[12.79193,56.35304],[12.79469,56.35197],[12.7993,56.35261],[12.80238,56.35158],[12.80936,56.35369],[12.8041,56.35719],[12.79602,56.35694],[12.79249,56.35496],[12.79193,56.35304]]],[[[12.91777,56.43672],[12.9016,56.43864],[12.89781,56.43762],[12.89239,56.43264],[12.89356,56.42887],[12.90381,56.42804],[12.91024,56.42912],[12.91278,56.42714],[12.92408,56.42733],[12.9291,56.42524],[12.93292,56.42585],[12.93545,56.42769],[12.93343,56.43126],[12.92404,56.43201],[12.91777,56.43672]]],[[[12.98459,56.49887],[12.99004,56.49951],[12.99336,56.49849],[12.99729,56.49353],[13.01395,56.49288],[13.01948,56.49581],[13.02512,56.49673],[13.03571,56.49621],[13.0407,56.49977],[13.04699,56.49807],[13.05509,56.49848],[13.06345,56.50372],[13.06571,56.50735],[13.06099,56.51011],[13.05592,56.50995],[13.0543,56.51279],[13.05106,56.51358],[13.04604,56.51259],[13.04299,56.51065],[13.03719,56.51275],[13.03415,56.51068],[13.02597,56.51173],[13.02063,56.51077],[13.01491,56.50782],[13.01235,56.5079],[13.0085,56.51094],[13.0104,56.51412],[13.00767,56.51587],[12.98961,56.50774],[12.98568,56.5092],[12.98262,56.51306],[12.97564,56.51406],[12.96233,56.52013],[12.95354,56.52046],[12.95309,56.50466],[12.95796,56.50698],[12.96331,56.50568],[12.9651,56.5026],[12.97076,56.5003],[12.97017,56.49666],[12.9813,56.49595],[12.98501,56.49684],[12.98459,56.49887]]],[[[12.75376,56.67225],[12.76034,56.67252],[12.76347,56.67026],[12.76793,56.67075],[12.77133,56.6695],[12.74936,56.65823],[12.74888,56.65485],[12.74405,56.65274],[12.74348,56.64975],[12.73809,56.64898],[12.73821,56.64685],[12.743,56.64587],[12.74591,56.6483],[12.74945,56.64881],[12.75226,56.65192],[12.76236,56.65465],[12.77309,56.65253],[12.77811,56.64678],[12.78251,56.64478],[12.78881,56.64661],[12.79174,56.64886],[12.80026,56.6482],[12.80737,56.6522],[12.81169,56.65153],[12.81537,56.65478],[12.8202,56.655],[12.82528,56.65358],[12.8488,56.66265],[12.90566,56.64485],[12.90617,56.64608],[12.90924,56.64232],[12.91556,56.64274],[12.92166,56.63943],[12.93293,56.63831],[12.94269,56.64242],[12.9447,56.65048],[12.94171,56.65139],[12.93788,56.65009],[12.93412,56.65239],[12.9325,56.65584],[12.92704,56.65654],[12.92362,56.6594],[12.91516,56.65845],[12.91417,56.66106],[12.91911,56.6622],[12.92359,56.66535],[12.92773,56.66525],[12.93022,56.66823],[12.92702,56.67014],[12.92802,56.67229],[12.93099,56.67378],[12.94044,56.67439],[12.94412,56.67738],[12.94374,56.67928],[12.94751,56.68501],[12.94348,56.68596],[12.9399,56.68434],[12.93382,56.68375],[12.92934,56.68585],[12.93251,56.69033],[12.92937,56.69522],[12.92646,56.69674],[12.91632,56.69354],[12.91389,56.69144],[12.89963,56.69459],[12.89314,56.69257],[12.89093,56.6957],[12.88254,56.69892],[12.86783,56.70811],[12.85398,56.70922],[12.8522,56.70857],[12.85115,56.70456],[12.84625,56.70336],[12.84298,56.69942],[12.8444,56.69378],[12.84183,56.69081],[12.83478,56.69342],[12.82574,56.68613],[12.82159,56.68724],[12.80778,56.68722],[12.80429,56.68797],[12.80217,56.69012],[12.79144,56.6874],[12.78666,56.69108],[12.77904,56.69338],[12.7732,56.69668],[12.77168,56.6998],[12.76547,56.69846],[12.75051,56.70285],[12.75152,56.70647],[12.7426,56.71054],[12.7371,56.7085],[12.73212,56.70978],[12.72331,56.70971],[12.72223,56.70418],[12.72486,56.70086],[12.73001,56.69818],[12.73629,56.69711],[12.74421,56.69891],[12.74768,56.69765],[12.75102,56.69435],[12.74015,56.69007],[12.73913,56.68838],[12.74081,56.68643],[12.7381,56.68498],[12.74476,56.67956],[12.74831,56.67819],[12.74696,56.67576],[12.75376,56.67225]]],[[[12.71858,56.72085],[12.71708,56.72206],[12.71784,56.72408],[12.70862,56.72676],[12.70542,56.72964],[12.68844,56.72591],[12.68999,56.72318],[12.68596,56.72142],[12.68515,56.71967],[12.69297,56.71798],[12.69641,56.72179],[12.70197,56.7219],[12.7098,56.71703],[12.70691,56.71463],[12.71329,56.71042],[12.71608,56.70935],[12.7192,56.71064],[12.72391,56.7105],[12.72661,56.71317],[12.72469,56.71512],[12.72522,56.7203],[12.71858,56.72085]]],[[[12.92347,56.74424],[12.9174,56.74433],[12.9151,56.74343],[12.91327,56.73673],[12.90864,56.73082],[12.89922,56.73126],[12.89673,56.73017],[12.90164,56.72441],[12.8948,56.72474],[12.89331,56.72025],[12.89572,56.71712],[12.88884,56.71772],[12.88505,56.71435],[12.88917,56.71004],[12.8922,56.71066],[12.89613,56.70971],[12.89918,56.71156],[12.90842,56.70969],[12.90944,56.71324],[12.91452,56.71654],[12.91321,56.72036],[12.91894,56.72208],[12.91272,56.72639],[12.91592,56.72935],[12.91487,56.73137],[12.91708,56.73354],[12.9237,56.73527],[12.93005,56.74083],[12.93395,56.73879],[12.9441,56.73646],[12.95168,56.74108],[12.95715,56.74263],[12.95599,56.74856],[12.94281,56.74689],[12.94018,56.75208],[12.93294,56.75169],[12.92531,56.74749],[12.92347,56.74424]]],[[[12.75856,56.81457],[12.76663,56.81327],[12.76861,56.81091],[12.7718,56.81033],[12.77326,56.81122],[12.76579,56.817],[12.75782,56.81671],[12.75856,56.81457]]],[[[12.82294,57.1025],[12.81804,57.10027],[12.81487,57.10036],[12.80614,57.10312],[12.80735,57.10785],[12.80268,57.11007],[12.79386,57.10822],[12.79465,57.11366],[12.79018,57.119],[12.78642,57.11961],[12.77035,57.11834],[12.76442,57.10776],[12.77257,57.10437],[12.77217,57.10065],[12.77917,57.09933],[12.77787,57.09684],[12.78284,57.09655],[12.79262,57.09859],[12.80036,57.09557],[12.80186,57.08899],[12.80464,57.08881],[12.80841,57.09137],[12.80918,57.08856],[12.81463,57.08641],[12.82142,57.08944],[12.8263,57.08745],[12.83456,57.09015],[12.84089,57.08953],[12.84219,57.09083],[12.83988,57.09269],[12.84106,57.09375],[12.84983,57.09435],[12.85732,57.09326],[12.86377,57.09506],[12.86659,57.09719],[12.86698,57.0985],[12.86356,57.10058],[12.86689,57.10262],[12.8664,57.10409],[12.84987,57.10608],[12.84642,57.10577],[12.84609,57.10357],[12.84031,57.09929],[12.83342,57.09982],[12.83288,57.10187],[12.82731,57.10078],[12.82294,57.1025]]],[[[12.88066,57.10975],[12.88448,57.10916],[12.89311,57.10999],[12.89961,57.11189],[12.90519,57.11532],[12.90139,57.11672],[12.89003,57.11499],[12.88585,57.11526],[12.88066,57.10975]]],[[[12.92568,57.11902],[12.93679,57.11979],[12.93568,57.12204],[12.93326,57.1229],[12.92994,57.12318],[12.9267,57.12201],[12.92568,57.11902]]],[[[12.62474,57.14848],[12.61909,57.1517],[12.6135,57.1516],[12.61064,57.14783],[12.61544,57.14523],[12.62474,57.14848]]],[[[12.58236,57.14549],[12.58664,57.14816],[12.59039,57.1534],[12.58271,57.15539],[12.57569,57.15267],[12.57101,57.14842],[12.57344,57.14701],[12.57725,57.14787],[12.58006,57.1453],[12.58236,57.14549]]],[[[12.81823,57.20322],[12.82265,57.2059],[12.81829,57.20793],[12.81089,57.20877],[12.80872,57.20761],[12.80781,57.20021],[12.7974,57.19895],[12.79526,57.19671],[12.7918,57.19564],[12.79375,57.19068],[12.79614,57.19054],[12.80493,57.19535],[12.81566,57.19815],[12.81381,57.20236],[12.81823,57.20322]]]]}},{"type":"Feature","properties":{"fs":"TRANSIT","t":45.0},"geometry":{"type":"MultiPolygon","coordinates":[[[[12.36724,57.02281],[12.36477,57.02023],[12.37243,57.01672],[12.37716,57.01759],[12.38197,57.02157],[12.38135,57.02316],[12.38509,57.02493],[12.38393,57.02782],[12.37701,57.0288],[12.37556,57.02591],[12.36724,57.02281]]],[[[12.36131,57.07408],[12.36056,57.07729],[12.35819,57.07806],[12.35406,57.07811],[12.34906,57.07598],[12.35384,57.07179],[12.36131,57.07408]]],[[[12.24615,57.16642],[12.24075,57.169],[12.23984,57.17151],[12.23446,57.17299],[12.22857,57.17998],[12.23109,57.18347],[12.22673,57.18584],[12.22414,57.17133],[12.24232,57.16046],[12.24191,57.15928],[12.23859,57.15867],[12.23866,57.15654],[12.24729,57.15292],[12.24515,57.14741],[12.2568,57.14825],[12.26012,57.1462],[12.25567,57.14495],[12.25535,57.14371],[12.26172,57.14096],[12.26324,57.13804],[12.26149,57.13172],[12.25616,57.12988],[12.25088,57.13029],[12.26173,57.08315],[12.26795,57.07549],[12.27517,57.07224],[12.27326,57.06895],[12.28101,57.05939],[12.28967,57.06085],[12.28842,57.0532],[12.29323,57.05224],[12.29965,57.05264],[12.30549,57.05119],[12.30967,57.0533],[12.31915,57.05445],[12.32267,57.05716],[12.32973,57.05785],[12.33974,57.06394],[12.34659,57.06574],[12.34493,57.07014],[12.33891,57.07076],[12.32356,57.06617],[12.31832,57.06171],[12.31391,57.0628],[12.30598,57.06118],[12.30594,57.06465],[12.30323,57.06781],[12.29822,57.06869],[12.29854,57.07334],[12.29463,57.07368],[12.29442,57.07749],[12.29039,57.07847],[12.29,57.08155],[12.28635,57.08385],[12.28515,57.08953],[12.28787,57.09184],[12.29029,57.09256],[12.29366,57.0917],[12.3033,57.09397],[12.3048,57.0967],[12.30327,57.09936],[12.30639,57.10228],[12.30382,57.10589],[12.30662,57.10643],[12.31203,57.10561],[12.3152,57.10777],[12.31513,57.11085],[12.31181,57.11179],[12.30891,57.11476],[12.3104,57.11704],[12.30864,57.11846],[12.31115,57.11896],[12.31671,57.12302],[12.31471,57.12589],[12.32973,57.1281],[12.33322,57.13134],[12.33536,57.13173],[12.34356,57.13029],[12.34554,57.12807],[12.35696,57.13016],[12.36887,57.12524],[12.37443,57.12847],[12.38663,57.12893],[12.39024,57.13294],[12.38303,57.13544],[12.37407,57.13355],[12.3596,57.13366],[12.35777,57.13756],[12.35055,57.13883],[12.34945,57.14129],[12.34456,57.14172],[12.33866,57.14088],[12.3357,57.13735],[12.32818,57.13966],[12.32478,57.13903],[12.32097,57.13644],[12.31246,57.137],[12.3091,57.13492],[12.31365,57.13323],[12.31174,57.13076],[12.30338,57.1281],[12.29691,57.12805],[12.2931,57.13045],[12.28572,57.13247],[12.28994,57.13512],[12.29985,57.13665],[12.29989,57.14366],[12.29546,57.14458],[12.29262,57.14836],[12.28573,57.1465],[12.27887,57.14706],[12.27256,57.14959],[12.2691,57.15621],[12.25705,57.15846],[12.25772,57.16083],[12.25514,57.16251],[12.24746,57.16225],[12.24615,57.16642]]],[[[12.3954,57.14112],[12.39302,57.13676],[12.39794,57.13484],[12.40515,57.13816],[12.41874,57.13813],[12.42163,57.14128],[12.4284,57.14187],[12.42824,57.14415],[12.42483,57.14483],[12.4215,57.14364],[12.41828,57.1447],[12.41467,57.14314],[12.40853,57.14296],[12.40487,57.1411],[12.3954,57.14112]]],[[[12.27037,57.16811],[12.27223,57.16267],[12.27612,57.16191],[12.28208,57.16238],[12.28323,57.17402],[12.28628,57.17569],[12.27741,57.17819],[12.27372,57.17687],[12.2719,57.17418],[12.27314,57.17061],[12.27037,57.16811]]],[[[12.27503,57.18802],[12.2771,57.18638],[12.2756,57.18446],[12.27699,57.18108],[12.28057,57.18021],[12.28339,57.18122],[12.28423,57.18478],[12.28927,57.18848],[12.28859,57.19116],[12.28606,57.19268],[12.27503,57.18802]]],[[[12.12866,57.35683],[12.13442,57.35424],[12.13608,57.35579],[12.14447,57.35664],[12.15325,57.35955],[12.15393,57.36329],[12.14726,57.36644],[12.14573,57.36977],[12.14001,57.37119],[12.13364,57.36724],[12.12664,57.36936],[12.12297,57.36812],[12.12073,57.36632],[12.12377,57.36442],[12.12239,57.36097],[12.1173,57.35849],[12.11659,57.35692],[12.12101,57.35668],[12.1243,57.35445],[12.12866,57.35683]]],[[[12.09106,57.49546],[12.08313,57.495],[12.0791,57.49789],[12.07189,57.49778],[12.0755,57.50095],[12.06656,57.50698],[12.06207,57.50707],[12.05885,57.50585],[12.05874,57.50339],[12.05565,57.50315],[12.05346,57.50089],[12.05566,57.4998],[12.06144,57.50063],[12.06537,57.49847],[12.06427,57.49485],[12.06628,57.49096],[12.06069,57.49039],[12.05906,57.48861],[12.06568,57.48672],[12.06995,57.48375],[12.06922,57.4816],[12.07067,57.48084],[12.0744,57.4825],[12.078,57.47931],[12.08141,57.48202],[12.08479,57.48255],[12.08444,57.47914],[12.08717,57.47493],[12.09432,57.47398],[12.09596,57.47581],[12.09358,57.48224],[12.0975,57.48273],[12.09824,57.4839],[12.09382,57.487],[12.09836,57.48772],[12.09454,57.49375],[12.09106,57.49546]]],[[[12.99761,56.50621],[12.99199,56.50382],[12.99187,56.50124],[12.99527,56.49868],[13.00225,56.497],[13.00937,56.49888],[13.00998,56.50153],[13.0018,56.5058],[12.99761,56.50621]]],[[[12.91635,56.68759],[12.90349,56.68389],[12.89942,56.68124],[12.89797,56.67739],[12.89617,56.67983],[12.89163,56.68217],[12.89162,56.68447],[12.88383,56.69243],[12.87342,56.69107],[12.87503,56.68919],[12.8742,56.68577],[12.86822,56.68329],[12.86675,56.68391],[12.87035,56.68883],[12.86816,56.69036],[12.86411,56.68737],[12.85283,56.6846],[12.84468,56.68438],[12.81721,56.67942],[12.81466,56.68113],[12.80929,56.68047],[12.80559,56.68164],[12.80139,56.67954],[12.8021,56.67776],[12.81006,56.67612],[12.8194,56.67598],[12.82539,56.67205],[12.81293,56.66885],[12.79903,56.66934],[12.79671,56.66817],[12.79616,56.66254],[12.79863,56.66208],[12.80713,56.66504],[12.81481,56.66443],[12.82314,56.66162],[12.83322,56.6655],[12.8427,56.6619],[12.8488,56.66265],[12.87465,56.65456],[12.87971,56.65724],[12.88348,56.65503],[12.87837,56.6534],[12.8993,56.64933],[12.9047,56.65302],[12.90409,56.65593],[12.91191,56.65887],[12.91158,56.65996],[12.90794,56.66077],[12.90616,56.66419],[12.90315,56.66611],[12.9007,56.67162],[12.91156,56.67088],[12.91514,56.67251],[12.91895,56.67741],[12.91441,56.68104],[12.91936,56.68474],[12.91942,56.68651],[12.91635,56.68759]]],[[[12.6733,56.85841],[12.67685,56.8541],[12.68403,56.85071],[12.69127,56.85032],[12.69378,56.85284],[12.68124,56.85941],[12.67712,56.85975],[12.6733,56.85841]]],[[[12.45469,56.95649],[12.45422,56.95987],[12.45167,56.96138],[12.45277,56.96273],[12.47036,56.96376],[12.47131,56.96805],[12.47657,56.96928],[12.47751,56.97357],[12.48277,56.9748],[12.48265,56.9766],[12.48008,56.97812],[12.48228,56.98199],[12.47772,56.98257],[12.47548,56.98545],[12.47175,56.98572],[12.46898,56.98733],[12.47181,56.99076],[12.46852,56.9907],[12.45613,56.98472],[12.45177,56.98493],[12.44754,56.98959],[12.44868,56.99209],[12.44495,56.99236],[12.43856,56.99548],[12.43198,56.99535],[12.43518,56.99338],[12.43501,56.98979],[12.42242,56.98482],[12.41403,56.98712],[12.41286,56.98933],[12.41579,56.99141],[12.40518,56.99602],[12.39608,56.99651],[12.38835,56.99814],[12.38164,56.99413],[12.37961,56.99661],[12.37446,56.99769],[12.3748,57.00157],[12.36774,57.00659],[12.37014,57.0105],[12.36808,57.0134],[12.35287,57.01363],[12.36947,56.99356],[12.37165,56.97479],[12.37678,56.97291],[12.38113,56.96772],[12.38723,56.96852],[12.38913,56.96723],[12.38747,56.96493],[12.37739,56.96579],[12.38171,56.96082],[12.37812,56.96142],[12.37651,56.96026],[12.37819,56.95536],[12.3764,56.95307],[12.3783,56.95086],[12.37678,56.94903],[12.38575,56.94424],[12.3896,56.94369],[12.39265,56.94487],[12.39411,56.94176],[12.39348,56.94012],[12.3903,56.93906],[12.38681,56.94086],[12.38271,56.94077],[12.37184,56.94331],[12.36918,56.94213],[12.36931,56.94034],[12.36326,56.93969],[12.35867,56.93489],[12.40664,56.90473],[12.41066,56.90516],[12.41505,56.90313],[12.42194,56.90397],[12.42583,56.90209],[12.42457,56.89993],[12.45963,56.89375],[12.46208,56.89445],[12.46544,56.8931],[12.46922,56.89423],[12.47098,56.89175],[12.48718,56.88889],[12.54785,56.86418],[12.551,56.86475],[12.55188,56.86699],[12.55591,56.86785],[12.55824,56.87138],[12.55779,56.87407],[12.5615,56.87639],[12.56782,56.8744],[12.57347,56.87692],[12.57835,56.87766],[12.58403,56.87623],[12.58783,56.87302],[12.5916,56.87338],[12.59494,56.87243],[12.59759,56.87965],[12.60854,56.88034],[12.61062,56.87993],[12.6142,56.87606],[12.62749,56.87913],[12.63214,56.87702],[12.63107,56.87503],[12.63396,56.86935],[12.64521,56.87145],[12.65727,56.86468],[12.66876,56.86226],[12.67007,56.86363],[12.66749,56.86808],[12.66803,56.87073],[12.65966,56.87136],[12.65576,56.87342],[12.65431,56.87682],[12.64717,56.87953],[12.6352,56.88063],[12.64069,56.88468],[12.64017,56.88641],[12.63667,56.8882],[12.63557,56.89149],[12.63081,56.89159],[12.63074,56.88944],[12.62769,56.88901],[12.622,56.89131],[12.61655,56.88729],[12.608,56.88881],[12.60339,56.89135],[12.59729,56.88997],[12.59075,56.89119],[12.58933,56.887],[12.58636,56.88647],[12.58217,56.89476],[12.57965,56.89556],[12.57197,56.89532],[12.56803,56.90068],[12.56291,56.90053],[12.55814,56.90437],[12.56163,56.90842],[12.56687,56.90995],[12.56505,56.91169],[12.56568,56.91466],[12.56881,56.91472],[12.56914,56.91552],[12.56516,56.92109],[12.57433,56.92427],[12.57914,56.92968],[12.57608,56.93167],[12.58557,56.93229],[12.5879,56.9247],[12.59414,56.92561],[12.6006,56.92525],[12.60359,56.92884],[12.61083,56.92808],[12.61212,56.93031],[12.60992,56.93259],[12.62024,56.93189],[12.62011,56.93728],[12.62324,56.93981],[12.62298,56.94216],[12.63275,56.94538],[12.63274,56.94875],[12.63569,56.95083],[12.63546,56.95442],[12.63204,56.95683],[12.63244,56.95998],[12.63885,56.96358],[12.64357,56.96922],[12.64725,56.97116],[12.65146,56.96994],[12.65786,56.9725],[12.66854,56.97122],[12.67147,56.97195],[12.67415,56.97486],[12.67348,56.97636],[12.67088,56.97699],[12.67332,56.98142],[12.66928,56.98398],[12.67348,56.98426],[12.68386,56.98942],[12.67977,56.99367],[12.6795,57.0022],[12.68115,57.00465],[12.68559,57.00568],[12.68394,57.01133],[12.68909,57.01361],[12.68755,57.01572],[12.67816,57.01813],[12.67063,57.02405],[12.6625,57.01761],[12.66454,57.01461],[12.67161,57.01253],[12.66505,57.01041],[12.66695,57.00646],[12.66471,56.99878],[12.65677,56.99447],[12.66156,56.99062],[12.65986,56.98498],[12.65031,56.98632],[12.64312,56.98407],[12.63666,56.98569],[12.62994,56.97983],[12.62625,56.98122],[12.62368,56.9852],[12.62068,56.98416],[12.61721,56.98478],[12.61355,56.98411],[12.60721,56.98528],[12.60755,56.98952],[12.60534,56.99168],[12.60996,56.99308],[12.61122,57.00226],[12.60338,57.00615],[12.6089,57.00963],[12.61207,57.01475],[12.61509,57.01582],[12.61479,57.02053],[12.61216,57.02205],[12.61092,57.02802],[12.6144,57.0282],[12.61757,57.02687],[12.6203,57.02771],[12.62459,57.03144],[12.62382,57.03298],[12.61979,57.03455],[12.61997,57.03613],[12.62752,57.0404],[12.61702,57.04731],[12.61406,57.05173],[12.61961,57.05462],[12.63113,57.05497],[12.63804,57.05317],[12.64121,57.04981],[12.64322,57.04954],[12.64934,57.05129],[12.65197,57.05381],[12.65308,57.05907],[12.66112,57.06312],[12.66691,57.06298],[12.67279,57.06116],[12.67874,57.06273],[12.67709,57.06495],[12.67863,57.06677],[12.67322,57.07178],[12.66846,57.07461],[12.66354,57.07542],[12.66862,57.07733],[12.67121,57.07551],[12.67754,57.07424],[12.68468,57.08145],[12.685,57.08677],[12.68192,57.09016],[12.68522,57.09666],[12.68276,57.09976],[12.68486,57.1025],[12.68248,57.10421],[12.67747,57.10513],[12.66937,57.10139],[12.66211,57.10258],[12.65788,57.0993],[12.65788,57.09501],[12.66356,57.09332],[12.65258,57.09066],[12.65225,57.08931],[12.65608,57.08755],[12.65242,57.08347],[12.64725,57.08191],[12.64678,57.07696],[12.63704,57.07543],[12.63818,57.07281],[12.63159,57.07364],[12.62859,57.07297],[12.62942,57.06566],[12.61863,57.06416],[12.61712,57.06775],[12.60798,57.06871],[12.60172,57.06673],[12.59828,57.06346],[12.59248,57.0629],[12.59482,57.05856],[12.59218,57.05638],[12.58635,57.05559],[12.58683,57.0498],[12.58286,57.04905],[12.57704,57.04553],[12.57411,57.04109],[12.57431,57.03802],[12.57825,57.03574],[12.57284,57.03208],[12.57816,57.02589],[12.57189,57.01824],[12.56564,57.01599],[12.56296,57.01301],[12.56271,57.01054],[12.56591,57.00858],[12.56634,57.00521],[12.56894,57.00325],[12.5651,56.99979],[12.56023,56.99791],[12.56009,56.99049],[12.55108,56.98695],[12.55108,56.98358],[12.54814,56.9815],[12.54838,56.97454],[12.54544,56.97246],[12.54568,56.96886],[12.54787,56.96645],[12.53996,56.96202],[12.5369,56.96308],[12.53634,56.96537],[12.53236,56.96535],[12.52594,56.9592],[12.51583,56.95392],[12.51807,56.94955],[12.51533,56.94918],[12.51015,56.95093],[12.50393,56.95101],[12.50266,56.94984],[12.50487,56.94797],[12.50483,56.9446],[12.49847,56.94414],[12.48791,56.94029],[12.46664,56.9507],[12.4644,56.95468],[12.45822,56.95467],[12.45469,56.95649]],[[12.42857,56.9564],[12.42975,56.95069],[12.43515,56.948],[12.43331,56.94573],[12.42748,56.9452],[12.42319,56.94266],[12.41813,56.94274],[12.41774,56.94539],[12.41124,56.94629],[12.415,56.94938],[12.41411,56.95037],[12.40823,56.95138],[12.41093,56.95469],[12.41497,56.95491],[12.41867,56.95648],[12.42857,56.9564]],[[12.60087,56.96923],[12.59962,56.97059],[12.5996,56.97366],[12.60407,56.97571],[12.61475,56.9761],[12.61716,56.97535],[12.61531,56.97054],[12.6107,56.96693],[12.61004,56.96464],[12.60506,56.96306],[12.60375,56.96051],[12.59298,56.95392],[12.5827,56.94994],[12.57941,56.95009],[12.57413,56.95571],[12.57652,56.95642],[12.5795,56.95513],[12.58306,56.96083],[12.58838,56.96395],[12.60188,56.96426],[12.60538,56.96635],[12.60554,56.96844],[12.60087,56.96923]],[[12.41594,56.96423],[12.41497,56.96072],[12.40812,56.96009],[12.40326,56.9641],[12.40449,56.9664],[12.41298,56.96657],[12.41594,56.96423]]],[[[12.68131,57.04357],[12.67576,57.04339],[12.66374,57.03785],[12.66339,57.03032],[12.67079,57.02734],[12.67502,57.02891],[12.67703,57.0363],[12.68361,57.03804],[12.68407,57.03986],[12.68131,57.04357]]],[[[12.68913,57.05214],[12.68288,57.04891],[12.68162,57.04521],[12.68467,57.04266],[12.68811,57.04357],[12.69164,57.04646],[12.69626,57.05598],[12.69512,57.05854],[12.69163,57.05998],[12.69021,57.05964],[12.69121,57.05768],[12.68913,57.05214]]],[[[12.7062,57.12137],[12.68692,57.11242],[12.69141,57.10993],[12.70034,57.10911],[12.70535,57.11048],[12.71185,57.10996],[12.71448,57.11075],[12.71726,57.11432],[12.71394,57.1173],[12.71352,57.12145],[12.7261,57.12669],[12.72156,57.12923],[12.72464,57.13428],[12.72219,57.14025],[12.71825,57.1402],[12.7093,57.13788],[12.70936,57.1353],[12.71493,57.13365],[12.70526,57.12974],[12.70757,57.12482],[12.7062,57.12137]]],[[[12.44811,57.14738],[12.43838,57.14758],[12.43546,57.14654],[12.43757,57.14436],[12.45095,57.14522],[12.44811,57.14738]]]]}},{"type":"Feature","properties":{"fs":"TRANSIT","t":30.0},"geometry":{"type":"MultiPolygon","coordinates":[[[[12.87167,56.66908],[12.86735,56.67328],[12.86255,56.67286],[12.8579,56.6688],[12.85933,56.66573],[12.8621,56.6642],[12.86994,56.66726],[12.87167,56.66908]]],[[[12.58755,56.98327],[12.5955,56.98242],[12.59513,56.98569],[12.5917,56.98798],[12.59561,56.99298],[12.59333,56.99563],[12.59396,56.99853],[12.59055,57.00041],[12.59874,57.00472],[12.59918,57.00697],[12.5971,57.00963],[12.60034,57.01374],[12.59841,57.01729],[12.5919,57.01703],[12.58827,57.01528],[12.58203,57.01592],[12.57671,57.00929],[12.58076,57.00735],[12.58562,57.0002],[12.57386,56.99427],[12.57209,56.9891],[12.56684,56.98838],[12.55927,56.97924],[12.56106,56.97598],[12.572,56.97644],[12.56436,56.97364],[12.56209,56.97041],[12.54883,56.96915],[12.54846,56.9669],[12.53971,56.9607],[12.53627,56.96053],[12.53306,56.96233],[12.5297,56.96139],[12.52613,56.95764],[12.51775,56.95399],[12.52446,56.9466],[12.51746,56.94614],[12.51443,56.9485],[12.50812,56.94925],[12.50685,56.94457],[12.49998,56.94272],[12.49853,56.94069],[12.49194,56.93837],[12.48527,56.93915],[12.48075,56.93765],[12.47393,56.93875],[12.4724,56.94253],[12.46471,56.94561],[12.46836,56.94612],[12.46922,56.94824],[12.46439,56.9518],[12.45777,56.95231],[12.45459,56.95649],[12.45419,56.95986],[12.45134,56.96181],[12.45357,56.9682],[12.46039,56.96689],[12.46635,56.97114],[12.46525,56.97827],[12.4666,56.98341],[12.45922,56.98517],[12.45542,56.98354],[12.44311,56.98382],[12.4379,56.98704],[12.42973,56.98024],[12.43277,56.97411],[12.43565,56.97181],[12.43565,56.96871],[12.43407,56.96731],[12.42909,56.96648],[12.42483,56.96127],[12.42603,56.95929],[12.43139,56.95815],[12.43123,56.95073],[12.4352,56.948],[12.43487,56.9444],[12.43248,56.94177],[12.42928,56.94103],[12.42906,56.93784],[12.43259,56.93742],[12.4361,56.93883],[12.44416,56.93671],[12.44098,56.93374],[12.43978,56.92825],[12.44274,56.92748],[12.4464,56.9293],[12.45373,56.92636],[12.457,56.92218],[12.45462,56.92006],[12.45619,56.91799],[12.45977,56.91778],[12.4633,56.91923],[12.466,56.91881],[12.46107,56.91573],[12.462,56.9131],[12.45859,56.91303],[12.45355,56.91466],[12.44976,56.9144],[12.44671,56.91624],[12.4434,56.91581],[12.43534,56.91986],[12.43652,56.92328],[12.43041,56.92552],[12.42792,56.93089],[12.41966,56.93251],[12.41638,56.93537],[12.41288,56.93597],[12.40904,56.93859],[12.40587,56.93871],[12.40332,56.93701],[12.40384,56.93542],[12.40929,56.93385],[12.41065,56.93199],[12.4171,56.93089],[12.41836,56.92856],[12.42286,56.92659],[12.42246,56.92173],[12.42527,56.9196],[12.42149,56.91632],[12.43202,56.91113],[12.43262,56.9084],[12.43939,56.90551],[12.4448,56.90526],[12.44844,56.9065],[12.45414,56.90591],[12.46018,56.9017],[12.46514,56.90266],[12.4689,56.89712],[12.47482,56.89458],[12.47893,56.89407],[12.48004,56.89029],[12.48718,56.88889],[12.51507,56.87754],[12.5192,56.87705],[12.51882,56.87601],[12.52455,56.87368],[12.54237,56.87317],[12.54107,56.87572],[12.54737,56.88077],[12.55415,56.88152],[12.56024,56.88473],[12.55728,56.88613],[12.54826,56.88596],[12.5411,56.8825],[12.53784,56.88206],[12.52969,56.88437],[12.52272,56.8936],[12.52365,56.89496],[12.52786,56.89444],[12.53095,56.89533],[12.53371,56.89336],[12.53425,56.89045],[12.54093,56.89388],[12.54544,56.89135],[12.55361,56.89132],[12.55871,56.88927],[12.56177,56.88965],[12.56093,56.89194],[12.54504,56.89752],[12.541,56.89693],[12.53747,56.89456],[12.53644,56.89529],[12.53686,56.89697],[12.54158,56.9002],[12.53629,56.90407],[12.54829,56.91057],[12.55551,56.91162],[12.55698,56.91269],[12.55469,56.91697],[12.55719,56.91893],[12.55181,56.92043],[12.55583,56.92619],[12.5609,56.9297],[12.57073,56.93258],[12.59022,56.9339],[12.59508,56.9365],[12.6036,56.93692],[12.60947,56.94163],[12.61383,56.94109],[12.61659,56.94215],[12.61559,56.94873],[12.62038,56.95228],[12.61793,56.95587],[12.62247,56.95552],[12.62403,56.9563],[12.62326,56.96025],[12.62684,56.96392],[12.62747,56.96842],[12.62417,56.97019],[12.61687,56.96856],[12.61921,56.96492],[12.61465,56.96318],[12.61518,56.95969],[12.61131,56.95756],[12.60991,56.95216],[12.60399,56.9482],[12.60422,56.94461],[12.59719,56.94459],[12.5938,56.94157],[12.58664,56.94228],[12.58323,56.93938],[12.57093,56.94128],[12.56603,56.94079],[12.5628,56.9421],[12.56549,56.94436],[12.56408,56.94786],[12.55486,56.94819],[12.55218,56.9495],[12.55252,56.95134],[12.55604,56.9534],[12.56915,56.95382],[12.57543,56.95743],[12.57658,56.9588],[12.57421,56.96221],[12.57983,56.96371],[12.58126,56.96829],[12.59239,56.96865],[12.59272,56.97001],[12.58438,56.97445],[12.5831,56.97651],[12.58598,56.9786],[12.58755,56.98327]]],[[[12.41512,56.97329],[12.4209,56.97961],[12.415,56.98488],[12.40221,56.98537],[12.39905,56.98744],[12.39424,56.98754],[12.39007,56.98399],[12.38542,56.98224],[12.38498,56.97976],[12.38752,56.97841],[12.39052,56.97849],[12.39717,56.9744],[12.39965,56.97681],[12.40382,56.9771],[12.40626,56.97448],[12.41512,56.97329]]],[[[12.61054,57.04494],[12.61613,57.0478],[12.61365,57.05129],[12.6172,57.0536],[12.62322,57.05487],[12.62114,57.05648],[12.6221,57.06071],[12.61838,57.06088],[12.60803,57.05837],[12.60827,57.05272],[12.59883,57.05075],[12.60211,57.04702],[12.60069,57.0443],[12.59405,57.04344],[12.58993,57.04016],[12.59389,57.03473],[12.59126,57.03238],[12.58607,57.03073],[12.58505,57.02647],[12.58794,57.02395],[12.59743,57.02143],[12.6019,57.02236],[12.60564,57.02507],[12.60185,57.02949],[12.60433,57.03257],[12.60749,57.03364],[12.61054,57.04494]]],[[[12.64159,57.06547],[12.63254,57.06394],[12.63456,57.05932],[12.65102,57.06244],[12.64917,57.06634],[12.64459,57.06696],[12.64159,57.06547]]],[[[12.65432,57.07123],[12.65206,57.06791],[12.65801,57.06667],[12.66269,57.07108],[12.66223,57.07377],[12.66028,57.07486],[12.65796,57.07324],[12.65823,57.07145],[12.65432,57.07123]]],[[[12.26968,57.11473],[12.26554,57.11573],[12.26195,57.11869],[12.26393,57.12165],[12.26916,57.12311],[12.27157,57.12833],[12.27062,57.12991],[12.26716,57.12874],[12.26294,57.12491],[12.25757,57.12342],[12.25351,57.11885],[12.2574,57.102],[12.26573,57.10012],[12.26947,57.10189],[12.27571,57.10008],[12.27847,57.1018],[12.27245,57.10369],[12.26928,57.10649],[12.2667,57.10471],[12.26335,57.10531],[12.2701,57.10902],[12.27993,57.11001],[12.28263,57.11268],[12.27539,57.11571],[12.26968,57.11473]]]]}},{"type":"Feature","properties":{"fs":"TRANSIT","t":15.0},"geometry":{"type":"Polygon","coordinates":[[[12.45029,56.96544],[12.45031,56.96808],[12.44486,56.96961],[12.4399,56.96742],[12.44274,56.96253],[12.44054,56.95938],[12.44195,56.95586],[12.44745,56.9528],[12.44348,56.9507],[12.44249,56.9486],[12.45152,56.94384],[12.44828,56.93962],[12.45301,56.93758],[12.45936,56.92919],[12.46608,56.92815],[12.46757,56.92587],[12.4758,56.92576],[12.47601,56.92254],[12.48069,56.91725],[12.48461,56.91695],[12.49188,56.91882],[12.4946,56.91768],[12.48217,56.90537],[12.48861,56.90118],[12.49038,56.89834],[12.49243,56.89838],[12.49497,56.90023],[12.49695,56.90524],[12.50335,56.90572],[12.51011,56.9041],[12.51759,56.90698],[12.51822,56.90879],[12.51571,56.91261],[12.52062,56.91439],[12.51926,56.91824],[12.52286,56.91777],[12.52587,56.91478],[12.52188,56.91088],[12.522,56.90903],[12.52358,56.90844],[12.52677,56.90985],[12.53011,56.90902],[12.54092,56.91642],[12.53516,56.92125],[12.53796,56.92397],[12.53519,56.92474],[12.53162,56.92349],[12.51871,56.92542],[12.52154,56.92922],[12.52655,56.92872],[12.53228,56.9303],[12.53678,56.93432],[12.537,56.93926],[12.54991,56.94536],[12.54898,56.95287],[12.55893,56.95832],[12.5588,56.96025],[12.55486,56.96081],[12.54847,56.95468],[12.53931,56.95331],[12.53136,56.94474],[12.52392,56.94355],[12.52378,56.94159],[12.51476,56.93922],[12.51069,56.93552],[12.51251,56.93197],[12.50761,56.92843],[12.50251,56.92573],[12.49659,56.92509],[12.49379,56.92706],[12.48871,56.92619],[12.48871,56.92971],[12.48374,56.93191],[12.47273,56.9347],[12.46625,56.93332],[12.46139,56.93485],[12.45697,56.93859],[12.45646,56.94349],[12.453,56.95016],[12.45478,56.95268],[12.45256,56.95468],[12.45386,56.95827],[12.45073,56.96202],[12.44667,56.96312],[12.45029,56.96544]]]}},{"type":"Feature","properties":{"fs":"TRANSIT50","t":60.0},"geometry":{"type":"MultiPolygon","coordinates":[[[[12.998,56.50463],[12.99436,56.50237],[12.99676,56.49918],[13.00526,56.4998],[13.00682,56.50107],[13.001,56.50496],[12.998,56.50463]]],[[[12.90062,56.67182],[12.90792,56.67217],[12.91134,56.6711],[12.91588,56.67393],[12.91814,56.67734],[12.91264,56.68092],[12.91797,56.68413],[12.91695,56.68585],[12.90334,56.68299],[12.90491,56.68032],[12.90017,56.68114],[12.90022,56.67855],[12.89773,56.67739],[12.89565,56.68055],[12.89217,56.6819],[12.87759,56.67997],[12.87532,56.68262],[12.86732,56.68348],[12.8676,56.6869],[12.86451,56.68743],[12.85686,56.68551],[12.83498,56.68273],[12.82776,56.67821],[12.82762,56.67416],[12.82569,56.67211],[12.81293,56.66885],[12.79903,56.66934],[12.7968,56.66817],[12.79616,56.66254],[12.79863,56.66208],[12.80713,56.66504],[12.81481,56.66443],[12.82314,56.66162],[12.83322,56.6655],[12.84188,56.66205],[12.8488,56.66265],[12.86795,56.65666],[12.87546,56.6565],[12.87957,56.65779],[12.88715,56.65497],[12.89345,56.65543],[12.8923,56.65326],[12.89864,56.65365],[12.91183,56.65864],[12.91155,56.65996],[12.90794,56.66077],[12.90616,56.66419],[12.9028,56.66649],[12.90062,56.67182]]],[[[12.59748,56.99503],[12.59484,56.99667],[12.59485,56.99864],[12.59137,57.00039],[12.60049,57.00655],[12.59777,57.00968],[12.60062,57.01374],[12.5989,57.01775],[12.59176,57.01734],[12.5882,57.01568],[12.58141,57.01641],[12.57518,57.00883],[12.58029,57.00729],[12.58281,57.00037],[12.57767,56.99581],[12.56993,56.99467],[12.57142,56.98917],[12.56689,56.98916],[12.56462,56.98513],[12.56114,56.98498],[12.56093,56.98197],[12.55818,56.97922],[12.55963,56.97588],[12.56769,56.9755],[12.56844,56.9746],[12.56426,56.97374],[12.56205,56.9705],[12.55014,56.97008],[12.54843,56.9669],[12.54009,56.96101],[12.53639,56.96099],[12.53171,56.96266],[12.51638,56.95399],[12.5243,56.94672],[12.51709,56.9466],[12.51559,56.94896],[12.50939,56.95195],[12.51131,56.95396],[12.50797,56.95621],[12.49146,56.95262],[12.48844,56.94863],[12.4833,56.94628],[12.48279,56.94402],[12.48676,56.9406],[12.4815,56.9378],[12.47581,56.93864],[12.47226,56.94288],[12.46822,56.94387],[12.47119,56.94609],[12.46998,56.94826],[12.46393,56.95274],[12.45783,56.95245],[12.4546,56.95649],[12.4542,56.95986],[12.45137,56.96181],[12.4536,56.96807],[12.46054,56.96663],[12.46788,56.97091],[12.46641,56.97784],[12.46747,56.98348],[12.46039,56.98514],[12.45463,56.98323],[12.4424,56.98401],[12.43908,56.98762],[12.43579,56.98787],[12.4341,56.98454],[12.42832,56.97976],[12.43526,56.97219],[12.4364,56.96825],[12.43433,56.96701],[12.42871,56.96649],[12.42326,56.96071],[12.4311,56.9573],[12.43177,56.9504],[12.4352,56.948],[12.43262,56.94267],[12.42896,56.94192],[12.42877,56.9378],[12.43264,56.93727],[12.43609,56.93876],[12.43875,56.93753],[12.44377,56.93738],[12.44508,56.93607],[12.44095,56.93408],[12.43843,56.93077],[12.43962,56.92787],[12.44337,56.92682],[12.44693,56.92877],[12.45029,56.92738],[12.45034,56.92551],[12.44649,56.92621],[12.44394,56.92391],[12.4479,56.92029],[12.44658,56.91853],[12.44047,56.91811],[12.43694,56.91989],[12.43945,56.92358],[12.43172,56.92642],[12.42923,56.93072],[12.41981,56.93322],[12.41702,56.93594],[12.41297,56.93646],[12.4083,56.93927],[12.40402,56.93871],[12.40037,56.935],[12.39544,56.93505],[12.38659,56.93225],[12.38199,56.93309],[12.38024,56.93742],[12.37695,56.93646],[12.37073,56.93717],[12.36087,56.93351],[12.36804,56.929],[12.37266,56.9317],[12.38093,56.93014],[12.37987,56.92562],[12.38806,56.92447],[12.38671,56.92183],[12.39091,56.92046],[12.39146,56.91744],[12.39408,56.9153],[12.40153,56.91495],[12.39967,56.90974],[12.40449,56.90831],[12.40866,56.90886],[12.41149,56.90726],[12.41772,56.90855],[12.42102,56.90676],[12.42773,56.90641],[12.43037,56.90319],[12.43497,56.90099],[12.44196,56.90236],[12.44992,56.89561],[12.48718,56.88889],[12.54675,56.86463],[12.55087,56.86483],[12.54987,56.86672],[12.5519,56.86794],[12.5556,56.86785],[12.55824,56.87138],[12.55779,56.87407],[12.5615,56.87639],[12.56782,56.8744],[12.57347,56.87692],[12.57834,56.87773],[12.59169,56.8754],[12.59421,56.87661],[12.59531,56.88002],[12.60336,56.88218],[12.61336,56.88113],[12.62361,56.87835],[12.62731,56.87959],[12.63041,56.87818],[12.63431,56.87846],[12.62985,56.88244],[12.63675,56.88362],[12.63781,56.88465],[12.6315,56.88788],[12.62323,56.88815],[12.61634,56.88675],[12.59406,56.88968],[12.59198,56.88898],[12.59396,56.8869],[12.58691,56.88605],[12.58449,56.88721],[12.58307,56.89074],[12.57756,56.89408],[12.56458,56.89377],[12.56662,56.89713],[12.56088,56.89909],[12.56164,56.9011],[12.55816,56.9041],[12.5649,56.90779],[12.56999,56.90733],[12.56931,56.91142],[12.57451,56.91158],[12.57697,56.91398],[12.57659,56.91911],[12.5674,56.91989],[12.55838,56.92213],[12.55816,56.92605],[12.56233,56.92611],[12.56505,56.92283],[12.56888,56.92236],[12.57742,56.92792],[12.57392,56.93175],[12.58214,56.93335],[12.59078,56.93308],[12.59512,56.9359],[12.60377,56.93623],[12.60944,56.93952],[12.60972,56.94149],[12.61379,56.94069],[12.61724,56.94136],[12.61659,56.94889],[12.6211,56.95221],[12.62127,56.95438],[12.6261,56.95716],[12.62401,56.95986],[12.6281,56.96349],[12.62806,56.96978],[12.61923,56.97029],[12.61563,56.96865],[12.6183,56.96555],[12.61383,56.96305],[12.61345,56.95939],[12.60967,56.95685],[12.61024,56.95327],[12.60602,56.95173],[12.60182,56.9467],[12.6035,56.94464],[12.59647,56.9452],[12.59484,56.94236],[12.59229,56.94152],[12.58684,56.94298],[12.58247,56.94083],[12.57088,56.94217],[12.56598,56.94163],[12.56349,56.94223],[12.56593,56.94436],[12.56446,56.948],[12.55415,56.94842],[12.55229,56.94951],[12.5526,56.95131],[12.5561,56.95335],[12.56921,56.95326],[12.57617,56.95718],[12.57719,56.95892],[12.57476,56.96219],[12.57997,56.96365],[12.58136,56.96821],[12.59179,56.96763],[12.59411,56.96913],[12.59124,56.97149],[12.59271,56.97337],[12.58793,56.973],[12.58409,56.975],[12.58373,56.9768],[12.58789,56.98002],[12.59274,56.97764],[12.59469,56.97454],[12.59718,56.97743],[12.60316,56.97717],[12.60782,56.97906],[12.6035,56.98515],[12.60091,56.98649],[12.59515,56.98656],[12.59243,56.98803],[12.59748,56.99503]],[[12.39949,56.93198],[12.40891,56.93038],[12.41548,56.93052],[12.42126,56.92709],[12.41527,56.92175],[12.41127,56.92167],[12.40732,56.92619],[12.40426,56.92635],[12.40086,56.92505],[12.4031,56.92977],[12.39949,56.93198]]],[[[12.40587,56.97419],[12.41581,56.97324],[12.42158,56.97918],[12.4139,56.98603],[12.40289,56.98553],[12.40019,56.98787],[12.39354,56.9882],[12.38986,56.9847],[12.38414,56.98199],[12.38378,56.98019],[12.38669,56.97785],[12.39039,56.97793],[12.39715,56.97395],[12.39986,56.97479],[12.40097,56.97665],[12.40362,56.97693],[12.40587,56.97419]]],[[[12.61636,57.04738],[12.61365,57.05129],[12.6188,57.05441],[12.62297,57.05483],[12.62132,57.05682],[12.62411,57.05998],[12.62081,57.06161],[12.60652,57.05823],[12.60774,57.05275],[12.59826,57.0511],[12.60135,57.04656],[12.59799,57.04462],[12.5932,57.04386],[12.58939,57.04049],[12.59367,57.03518],[12.59126,57.03293],[12.58522,57.03076],[12.58554,57.02365],[12.5987,57.02084],[12.6073,57.02404],[12.6047,57.03],[12.60867,57.03299],[12.60733,57.03814],[12.61121,57.04534],[12.61636,57.04738]]],[[[12.65052,57.06131],[12.6523,57.06252],[12.65168,57.06582],[12.65908,57.06607],[12.66323,57.07023],[12.66329,57.07289],[12.66073,57.07576],[12.65335,57.07192],[12.64908,57.06768],[12.64436,57.06744],[12.63153,57.06403],[12.63313,57.06237],[12.63232,57.05891],[12.6354,57.05833],[12.65052,57.06131]]],[[[12.67543,57.08491],[12.67343,57.08521],[12.66693,57.0823],[12.66632,57.07888],[12.67302,57.07948],[12.67543,57.08165],[12.67543,57.08491]]],[[[12.26465,57.1493],[12.26378,57.14704],[12.27131,57.14307],[12.2683,57.1412],[12.26792,57.13776],[12.26344,57.13613],[12.26239,57.13225],[12.25736,57.12865],[12.25092,57.13009],[12.26173,57.08315],[12.26304,57.08154],[12.26944,57.08],[12.27014,57.07752],[12.2734,57.07535],[12.27848,57.07495],[12.27762,57.07263],[12.2822,57.06925],[12.28885,57.06714],[12.28925,57.06535],[12.28631,57.06231],[12.29047,57.06038],[12.29193,57.05732],[12.29014,57.05504],[12.29479,57.05357],[12.29955,57.05614],[12.29888,57.06062],[12.30122,57.06426],[12.29382,57.06822],[12.29429,57.07175],[12.29151,57.07591],[12.28768,57.07745],[12.2839,57.08902],[12.28961,57.09266],[12.30088,57.09639],[12.30369,57.10162],[12.30328,57.10591],[12.31159,57.10628],[12.31496,57.10815],[12.31487,57.10947],[12.30758,57.11462],[12.30894,57.11712],[12.30326,57.11864],[12.31155,57.12111],[12.31107,57.12424],[12.31367,57.12879],[12.31001,57.12947],[12.30589,57.12791],[12.29765,57.12763],[12.285,57.13221],[12.28988,57.13523],[12.29816,57.13614],[12.29999,57.1376],[12.29907,57.14322],[12.2953,57.14435],[12.29246,57.14766],[12.28637,57.14618],[12.27924,57.14625],[12.26465,57.1493]]],[[[12.0937,57.4823],[12.0975,57.48273],[12.09822,57.48423],[12.09323,57.48653],[12.08963,57.49123],[12.08328,57.49406],[12.07969,57.49727],[12.06959,57.49655],[12.06684,57.49446],[12.06659,57.49097],[12.06069,57.49039],[12.05906,57.48861],[12.06929,57.48598],[12.07523,57.48219],[12.07699,57.47942],[12.08488,57.48226],[12.08311,57.47956],[12.08717,57.47493],[12.09361,57.47388],[12.09596,57.47581],[12.0937,57.4823]]]]}},{"type":"Feature","properties":{"fs":"TRANSIT50","t":45.0},"geometry":{"type":"MultiPolygon","coordinates":[[[[12.85931,56.66573],[12.86282,56.66421],[12.87167,56.66908],[12.86872,56.67259],[12.86488,56.67368],[12.85771,56.66881],[12.85931,56.66573]]],[[[12.45491,56.95269],[12.45421,56.95917],[12.44816,56.9635],[12.45059,56.96479],[12.45001,56.97019],[12.44041,56.96931],[12.4393,56.96696],[12.44226,56.96208],[12.44028,56.9596],[12.44045,56.95592],[12.44475,56.95314],[12.44112,56.94812],[12.45019,56.94426],[12.44762,56.93927],[12.45274,56.93701],[12.45328,56.93444],[12.45803,56.93139],[12.4593,56.92891],[12.46375,56.92774],[12.46112,56.92516],[12.46471,56.92034],[12.45925,56.91829],[12.45639,56.91511],[12.45932,56.91305],[12.45546,56.91022],[12.46013,56.90377],[12.46542,56.90255],[12.4631,56.89824],[12.47253,56.89394],[12.47474,56.89109],[12.48718,56.88889],[12.52455,56.87368],[12.54237,56.87317],[12.54107,56.87572],[12.54737,56.88077],[12.55415,56.88152],[12.56024,56.88473],[12.55728,56.88613],[12.54826,56.88596],[12.53946,56.88247],[12.53611,56.88353],[12.53476,56.8853],[12.53689,56.89036],[12.54433,56.89106],[12.5486,56.89332],[12.54454,56.89571],[12.53811,56.89671],[12.54158,56.9002],[12.53842,56.90415],[12.54682,56.91036],[12.55731,56.91293],[12.55614,56.91667],[12.55967,56.9187],[12.55545,56.923],[12.55529,56.92738],[12.55897,56.92936],[12.55771,56.93287],[12.54905,56.93463],[12.54486,56.93904],[12.54181,56.94033],[12.55061,56.94402],[12.54961,56.95299],[12.55365,56.95408],[12.55573,56.95693],[12.55955,56.95694],[12.56043,56.9605],[12.55645,56.96163],[12.55019,56.95992],[12.54862,56.95567],[12.53888,56.95368],[12.53393,56.94802],[12.52939,56.94789],[12.52298,56.94534],[12.51807,56.9454],[12.51361,56.94756],[12.51081,56.94756],[12.50662,56.94422],[12.50144,56.94252],[12.49855,56.93951],[12.49168,56.93752],[12.49281,56.93549],[12.48971,56.93333],[12.48518,56.93287],[12.47691,56.93367],[12.47234,56.9352],[12.46456,56.93402],[12.45777,56.9379],[12.4567,56.94524],[12.45316,56.9506],[12.45491,56.95269]]],[[[12.55993,56.93676],[12.56222,56.93626],[12.56448,56.9372],[12.56413,56.9405],[12.56041,56.94246],[12.55688,56.9425],[12.55679,56.93965],[12.55993,56.93676]]],[[[12.57543,56.97439],[12.55973,56.96487],[12.56262,56.96313],[12.57092,56.96685],[12.57378,56.97121],[12.57751,56.97297],[12.57543,56.97439]]],[[[12.27131,57.10934],[12.27969,57.11053],[12.28008,57.11228],[12.26703,57.1152],[12.26195,57.11869],[12.26382,57.12305],[12.25994,57.12347],[12.2535,57.1189],[12.2574,57.102],[12.2658,57.10012],[12.26985,57.10119],[12.27571,57.10008],[12.27804,57.10207],[12.26336,57.10516],[12.27131,57.10934]]]]}},{"type":"Feature","properties":{"fs":"TRANSIT50","t":30.0},"geometry":{"type":"Polygon","coordinates":[[[12.47371,56.91494],[12.4735,56.91193],[12.46893,56.9069],[12.47194,56.90084],[12.47738,56.89926],[12.48453,56.89368],[12.48958,56.89394],[12.49134,56.89616],[12.50176,56.89543],[12.51042,56.89947],[12.51805,56.89996],[12.53022,56.90739],[12.53869,56.91593],[12.54189,56.92228],[12.54161,56.9254],[12.53651,56.92718],[12.53213,56.92531],[12.52785,56.92719],[12.5273,56.92893],[12.53245,56.93116],[12.52896,56.93731],[12.51612,56.93722],[12.51392,56.93634],[12.51437,56.93418],[12.50202,56.93256],[12.49583,56.92878],[12.49295,56.93045],[12.49029,56.93025],[12.47828,56.92551],[12.47635,56.92367],[12.47871,56.91608],[12.47755,56.9151],[12.47371,56.91494]]]}},{"type":"Feature","properties":{"fs":"TRANSIT50","t":15.0},"geometry":{"type":"Polygon","coordinates":[[[12.51505,56.92869],[12.5085,56.92831],[12.5034,56.92467],[12.49913,56.92398],[12.49519,56.92147],[12.49575,56.91822],[12.49336,56.91503],[12.49479,56.91208],[12.49263,56.90962],[12.49406,56.90536],[12.50632,56.90705],[12.50647,56.91095],[12.52004,56.91388],[12.5191,56.91803],[12.52386,56.91979],[12.52188,56.92178],[12.52361,56.92351],[12.51812,56.9249],[12.51814,56.92721],[12.51505,56.92869]]]}},{"type":"Feature","properties":{"fs":"TRANSITB","t":60.0},"geometry":{"type":"MultiPolygon","coordinates":[[[[12.33385,57.16032],[12.32374,57.16555],[12.32751,57.16608],[12.33019,57.16992],[12.33442,57.17069],[12.33965,57.17563],[12.33745,57.17746],[12.33117,57.17837],[12.3237,57.17366],[12.31668,57.17293],[12.31061,57.17485],[12.30751,57.17719],[12.31021,57.18227],[12.29358,57.18049],[12.29197,57.18141],[12.29306,57.18811],[12.29559,57.18984],[12.29929,57.19027],[12.29728,57.19213],[12.3046,57.19773],[12.307,57.20164],[12.31202,57.20459],[12.31878,57.20192],[12.32529,57.20633],[12.3213,57.20909],[12.31499,57.20964],[12.31342,57.21102],[12.31622,57.21349],[12.32723,57.21586],[12.32769,57.21807],[12.33263,57.22128],[12.32696,57.22479],[12.32914,57.23015],[12.32507,57.23242],[12.32842,57.2365],[12.3216,57.24108],[12.31882,57.24147],[12.3151,57.23969],[12.30531,57.23949],[12.30615,57.23702],[12.30157,57.23548],[12.29994,57.23369],[12.30358,57.2317],[12.30522,57.22659],[12.29869,57.21913],[12.29781,57.21608],[12.29147,57.21356],[12.28667,57.2098],[12.28843,57.20756],[12.28112,57.20643],[12.27793,57.20486],[12.27598,57.2016],[12.27111,57.20038],[12.2706,57.1967],[12.26617,57.19162],[12.25855,57.18972],[12.26074,57.1876],[12.25696,57.18418],[12.25793,57.17857],[12.25659,57.17802],[12.2509,57.17855],[12.2477,57.17994],[12.24684,57.18306],[12.24965,57.1871],[12.23705,57.19229],[12.24212,57.19644],[12.24115,57.20164],[12.24329,57.20338],[12.24466,57.20818],[12.24283,57.20919],[12.2387,57.20834],[12.23753,57.209],[12.23598,57.21563],[12.24049,57.22109],[12.23178,57.22408],[12.2306,57.22727],[12.22785,57.22882],[12.22398,57.2293],[12.22066,57.22787],[12.21768,57.22808],[12.22128,57.23202],[12.21712,57.23503],[12.21679,57.23734],[12.20881,57.24177],[12.20131,57.2416],[12.20206,57.24454],[12.19827,57.24715],[12.18554,57.24781],[12.1825,57.24601],[12.18201,57.24353],[12.17494,57.24146],[12.1662,57.24194],[12.16097,57.23721],[12.15793,57.2363],[12.14536,57.23809],[12.1366,57.2361],[12.13332,57.23855],[12.13319,57.23487],[12.14025,57.23384],[12.1438,57.23143],[12.1499,57.23202],[12.15351,57.23446],[12.16013,57.23461],[12.16425,57.23178],[12.17382,57.23655],[12.17696,57.23667],[12.1798,57.2342],[12.18282,57.2359],[12.18611,57.2362],[12.19022,57.23394],[12.1931,57.23428],[12.19403,57.23287],[12.20437,57.22972],[12.20977,57.22612],[12.20737,57.22084],[12.20442,57.21875],[12.20994,57.21011],[12.20862,57.20845],[12.20478,57.20854],[12.20215,57.20499],[12.20548,57.20204],[12.20938,57.20243],[12.21289,57.20123],[12.21241,57.19998],[12.208,57.19876],[12.21235,57.19528],[12.21195,57.19226],[12.21612,57.18823],[12.21391,57.18633],[12.21028,57.18616],[12.20924,57.18276],[12.20482,57.1807],[12.21065,57.17732],[12.20951,57.17267],[12.22302,57.16124],[12.22541,57.16132],[12.22884,57.15919],[12.22834,57.15675],[12.24876,57.13947],[12.26173,57.08315],[12.29266,57.04502],[12.29935,57.04623],[12.30326,57.04282],[12.30694,57.04391],[12.31293,57.04217],[12.32,57.04318],[12.32271,57.04572],[12.34483,57.04563],[12.35972,57.04203],[12.3627,57.04547],[12.36595,57.04663],[12.37039,57.04267],[12.37635,57.04285],[12.37507,57.0394],[12.37806,57.03711],[12.37788,57.03345],[12.37595,57.0332],[12.37207,57.03509],[12.37069,57.03906],[12.36599,57.04138],[12.36498,57.03776],[12.36831,57.03424],[12.36737,57.03296],[12.3635,57.03215],[12.3633,57.02605],[12.3587,57.02439],[12.35406,57.02608],[12.3487,57.02596],[12.34527,57.02282],[12.36947,56.99356],[12.37258,56.96681],[12.36867,56.95785],[12.37218,56.95523],[12.37029,56.95341],[12.36641,56.95266],[12.36378,56.94662],[12.36621,56.94387],[12.36448,56.94251],[12.36198,56.94249],[12.35867,56.93489],[12.41026,56.90245],[12.48718,56.88889],[12.55755,56.86023],[12.56209,56.86278],[12.56577,56.86321],[12.56763,56.86616],[12.57209,56.86692],[12.57181,56.87164],[12.57451,56.8737],[12.5828,56.87184],[12.58493,56.8701],[12.58515,56.86718],[12.58826,56.86723],[12.59601,56.87095],[12.60143,56.86928],[12.60475,56.86934],[12.61781,56.87665],[12.62354,56.87676],[12.62666,56.87539],[12.62728,56.87181],[12.61829,56.86243],[12.62284,56.86183],[12.62836,56.85835],[12.62833,56.85566],[12.62237,56.84993],[12.62852,56.84992],[12.63151,56.84808],[12.62865,56.84465],[12.62283,56.84275],[12.62288,56.83938],[12.62027,56.83618],[12.62255,56.83353],[12.61968,56.83161],[12.62347,56.82984],[12.62239,56.78124],[12.65899,56.72943],[12.66325,56.7269],[12.66353,56.72438],[12.67096,56.72126],[12.67611,56.7222],[12.68232,56.72176],[12.68452,56.72326],[12.68284,56.72491],[12.67397,56.72531],[12.67007,56.72705],[12.66759,56.73193],[12.66911,56.73791],[12.66524,56.73818],[12.66407,56.74083],[12.66528,56.74323],[12.66238,56.74643],[12.655,56.74607],[12.65435,56.74814],[12.65609,56.74994],[12.65178,56.7502],[12.6475,56.75332],[12.6486,56.75527],[12.64588,56.7588],[12.6503,56.76088],[12.64609,56.76423],[12.65098,56.76801],[12.64701,56.77092],[12.64334,56.77068],[12.63631,56.77403],[12.63695,56.77806],[12.64021,56.78004],[12.64177,56.78593],[12.65225,56.79185],[12.64917,56.79528],[12.64451,56.79631],[12.64575,56.80201],[12.63905,56.80261],[12.63443,56.80508],[12.64333,56.8101],[12.64787,56.8112],[12.65042,56.81428],[12.6474,56.81771],[12.64383,56.81865],[12.64386,56.82158],[12.63793,56.82484],[12.64134,56.82938],[12.64688,56.83194],[12.65257,56.82915],[12.65332,56.82714],[12.66642,56.82739],[12.66959,56.82925],[12.66959,56.83262],[12.67253,56.83469],[12.66572,56.83884],[12.67078,56.84297],[12.67323,56.84301],[12.67609,56.83993],[12.67924,56.83875],[12.68786,56.8453],[12.69098,56.84424],[12.69173,56.84224],[12.69829,56.84236],[12.70187,56.84411],[12.70759,56.84419],[12.71071,56.84281],[12.7211,56.83222],[12.72142,56.82923],[12.72562,56.82845],[12.71701,56.82089],[12.71956,56.81467],[12.73029,56.81079],[12.73235,56.80771],[12.73649,56.80925],[12.74118,56.80731],[12.74733,56.80731],[12.75079,56.81099],[12.7552,56.81253],[12.75652,56.81113],[12.7627,56.81051],[12.76884,56.80714],[12.7723,56.80737],[12.77283,56.8019],[12.78342,56.80289],[12.78499,56.80068],[12.78926,56.80114],[12.79143,56.79896],[12.80135,56.79749],[12.80675,56.80315],[12.79151,56.80987],[12.78281,56.81152],[12.78297,56.81401],[12.78063,56.81555],[12.77325,56.81553],[12.76958,56.81877],[12.7619,56.82044],[12.75396,56.82653],[12.75412,56.82896],[12.74617,56.83227],[12.73959,56.83719],[12.73983,56.84003],[12.73058,56.84273],[12.72088,56.85199],[12.72045,56.85535],[12.71736,56.85563],[12.71678,56.85832],[12.7113,56.86215],[12.71097,56.86618],[12.70326,56.86653],[12.70087,56.86363],[12.69309,56.86337],[12.69442,56.86891],[12.6888,56.86982],[12.68597,56.87246],[12.67885,56.8693],[12.67737,56.8669],[12.67284,56.86861],[12.67016,56.87352],[12.6763,56.87969],[12.67619,56.8815],[12.67247,56.88177],[12.6674,56.88425],[12.6659,56.88849],[12.65911,56.89196],[12.65372,56.89298],[12.65549,56.89729],[12.6485,56.8975],[12.64543,56.9007],[12.62901,56.90039],[12.62851,56.89835],[12.62553,56.89718],[12.60923,56.9018],[12.60593,56.90174],[12.59948,56.89982],[12.59909,56.89599],[12.59451,56.89435],[12.58651,56.89779],[12.58195,56.89837],[12.57957,56.90021],[12.57264,56.90145],[12.57064,56.90306],[12.57255,56.90422],[12.57832,56.90347],[12.58122,56.90471],[12.57588,56.91127],[12.58405,56.91599],[12.58164,56.91752],[12.58085,56.92438],[12.57792,56.92648],[12.58154,56.9266],[12.58317,56.92415],[12.58855,56.92331],[12.59036,56.92119],[12.6047,56.92146],[12.61115,56.92338],[12.62068,56.92896],[12.62037,56.93773],[12.6328,56.94536],[12.63282,56.94875],[12.63575,56.95081],[12.63551,56.95444],[12.63212,56.95683],[12.63308,56.96042],[12.64023,56.96346],[12.65154,56.96011],[12.66799,56.96041],[12.668,56.96379],[12.67204,56.96835],[12.67729,56.96957],[12.68563,56.97444],[12.69011,56.9752],[12.69327,56.97707],[12.68788,56.9781],[12.68978,56.9806],[12.6872,56.98257],[12.69233,56.98569],[12.69601,56.9861],[12.69678,56.99398],[12.7047,56.9985],[12.70838,56.99891],[12.70795,57.0061],[12.70422,57.00637],[12.70124,57.00844],[12.70129,57.01114],[12.70423,57.01321],[12.70077,57.01607],[12.70388,57.0186],[12.70367,57.0222],[12.69707,57.02589],[12.69659,57.03037],[12.69852,57.0322],[12.703,57.03295],[12.70618,57.03481],[12.70925,57.03847],[12.70887,57.04498],[12.71199,57.0475],[12.71189,57.05267],[12.71445,57.05439],[12.71814,57.0548],[12.71803,57.0566],[12.71119,57.06075],[12.71706,57.06894],[12.71344,57.07078],[12.70801,57.07091],[12.71033,57.07443],[12.70235,57.07676],[12.70009,57.07981],[12.69663,57.08017],[12.69235,57.08305],[12.69146,57.09],[12.69344,57.0921],[12.69145,57.10464],[12.69474,57.10612],[12.69725,57.10542],[12.69949,57.09951],[12.70286,57.09946],[12.70805,57.10135],[12.71374,57.10616],[12.72511,57.10919],[12.73103,57.11368],[12.73076,57.11802],[12.72699,57.11897],[12.71726,57.1174],[12.71671,57.12147],[12.72012,57.12343],[12.72657,57.12403],[12.73017,57.12584],[12.73683,57.12703],[12.73734,57.12906],[12.74032,57.13057],[12.7461,57.13067],[12.7501,57.12806],[12.75118,57.12859],[12.74837,57.13414],[12.74387,57.13682],[12.74101,57.14171],[12.73209,57.14824],[12.73146,57.1505],[12.7352,57.15271],[12.74208,57.15336],[12.74508,57.1551],[12.74812,57.15528],[12.74926,57.16028],[12.7581,57.1619],[12.76076,57.16663],[12.76448,57.1667],[12.7663,57.16907],[12.77323,57.17079],[12.77406,57.17645],[12.77642,57.17844],[12.79197,57.18238],[12.79431,57.1849],[12.79285,57.19026],[12.77409,57.18746],[12.77341,57.18498],[12.76808,57.18114],[12.76166,57.17962],[12.76159,57.17747],[12.7542,57.17688],[12.7518,57.17291],[12.74441,57.17207],[12.73231,57.16694],[12.73226,57.16447],[12.72021,57.16201],[12.71768,57.15836],[12.72202,57.15608],[12.7247,57.15029],[12.71942,57.14967],[12.70625,57.1438],[12.70152,57.14333],[12.69672,57.14422],[12.69516,57.14784],[12.69685,57.14982],[12.69303,57.1514],[12.6929,57.15353],[12.68494,57.15417],[12.67946,57.15909],[12.6754,57.15791],[12.66885,57.15859],[12.66549,57.15778],[12.66475,57.1563],[12.66726,57.15426],[12.66905,57.14878],[12.67644,57.14787],[12.67826,57.14585],[12.6863,57.14229],[12.6944,57.14121],[12.68922,57.13515],[12.69803,57.12985],[12.69018,57.12767],[12.6906,57.12619],[12.69667,57.12473],[12.69681,57.12249],[12.68907,57.11763],[12.67819,57.11664],[12.68165,57.11053],[12.6755,57.10601],[12.67135,57.10946],[12.65861,57.10943],[12.65366,57.10283],[12.64269,57.10014],[12.64292,57.09655],[12.64665,57.09627],[12.64964,57.0942],[12.65012,57.08657],[12.64512,57.0811],[12.63404,57.08022],[12.63354,57.07818],[12.6258,57.07354],[12.61473,57.07266],[12.61422,57.07062],[12.61125,57.06912],[12.60549,57.06902],[12.59826,57.07234],[12.59349,57.07213],[12.59846,57.06538],[12.59592,57.06367],[12.59222,57.06324],[12.59036,57.06029],[12.58588,57.05953],[12.58269,57.05766],[12.58589,57.0557],[12.58572,57.0521],[12.58276,57.0506],[12.57658,57.05036],[12.57351,57.0467],[12.57621,57.04293],[12.57069,57.03946],[12.5708,57.03429],[12.56786,57.0322],[12.57327,57.03118],[12.57811,57.02589],[12.57394,57.02088],[12.56245,57.01414],[12.56268,57.01053],[12.56587,57.00858],[12.56631,57.0052],[12.5689,57.00325],[12.5602,56.99792],[12.56005,56.9905],[12.55104,56.98696],[12.55104,56.98358],[12.54811,56.98151],[12.54833,56.97454],[12.5454,56.97247],[12.54565,56.96885],[12.54783,56.96646],[12.53995,56.96205],[12.53701,56.96309],[12.5368,56.96585],[12.53247,56.966],[12.52587,56.95925],[12.52216,56.95768],[12.51675,56.95935],[12.50398,56.95923],[12.49586,56.96154],[12.4902,56.95138],[12.48334,56.94793],[12.47584,56.95065],[12.47384,56.95288],[12.45659,56.95521],[12.45451,56.95693],[12.45425,56.95988],[12.45171,56.96138],[12.45515,56.96342],[12.47038,56.96375],[12.4704,56.96714],[12.4729,56.96884],[12.4766,56.96927],[12.47697,56.97311],[12.4828,56.97479],[12.48268,56.97661],[12.48012,56.97813],[12.48231,56.982],[12.47774,56.98259],[12.47551,56.98546],[12.47175,56.98574],[12.46903,56.98734],[12.47185,56.99077],[12.4685,56.99072],[12.46175,56.98744],[12.45879,56.98871],[12.45177,56.98891],[12.44869,56.99211],[12.44496,56.99238],[12.43858,56.9955],[12.43196,56.99536],[12.43513,56.99338],[12.43496,56.98979],[12.42243,56.98484],[12.41343,56.98755],[12.4129,56.98933],[12.41583,56.99142],[12.40963,56.99466],[12.40886,56.99667],[12.40214,56.99834],[12.3977,56.99712],[12.39544,56.99998],[12.38553,57.00359],[12.38717,57.00631],[12.39165,57.00709],[12.38823,57.00882],[12.38367,57.0094],[12.3794,57.01156],[12.3793,57.01289],[12.38487,57.01547],[12.39126,57.01247],[12.39456,57.01254],[12.39443,57.01434],[12.38834,57.01938],[12.39247,57.02182],[12.39231,57.02512],[12.39485,57.02588],[12.41026,57.025],[12.41237,57.02583],[12.41476,57.02762],[12.41274,57.03325],[12.41613,57.034],[12.4194,57.0403],[12.41762,57.04511],[12.41113,57.04861],[12.40494,57.05118],[12.39973,57.0504],[12.39776,57.05215],[12.39145,57.05326],[12.39234,57.0559],[12.39044,57.06144],[12.39465,57.06259],[12.39671,57.06494],[12.38656,57.06779],[12.38644,57.07236],[12.38369,57.07485],[12.37959,57.07492],[12.37665,57.08016],[12.37327,57.08074],[12.36586,57.07954],[12.36205,57.0818],[12.36438,57.08382],[12.36369,57.08492],[12.35643,57.08544],[12.3506,57.08316],[12.3473,57.0802],[12.34004,57.07802],[12.33018,57.07736],[12.32257,57.0736],[12.32087,57.06997],[12.31933,57.07058],[12.31839,57.07497],[12.31102,57.07586],[12.30738,57.07901],[12.3028,57.07958],[12.29717,57.0835],[12.30022,57.08631],[12.31028,57.08445],[12.31016,57.08625],[12.3067,57.08865],[12.30672,57.09134],[12.32383,57.10257],[12.3218,57.10425],[12.31662,57.10549],[12.31545,57.10771],[12.31959,57.10981],[12.3252,57.10787],[12.32825,57.10922],[12.32812,57.1118],[12.32534,57.11376],[12.32633,57.11536],[12.32303,57.11723],[12.32736,57.12039],[12.32969,57.12447],[12.324,57.12469],[12.3236,57.12621],[12.33419,57.12597],[12.33724,57.12278],[12.34098,57.12252],[12.34611,57.12005],[12.34752,57.1176],[12.35853,57.11963],[12.3673,57.1193],[12.37485,57.12253],[12.38296,57.12172],[12.39164,57.11876],[12.39694,57.11969],[12.39974,57.12207],[12.40128,57.12562],[12.39915,57.12794],[12.40303,57.12927],[12.40395,57.13171],[12.41623,57.13336],[12.43273,57.13376],[12.43328,57.13804],[12.4357,57.14042],[12.43912,57.13955],[12.43934,57.13753],[12.44843,57.1352],[12.45396,57.13745],[12.45628,57.13671],[12.45596,57.13547],[12.45142,57.13436],[12.45156,57.13226],[12.44626,57.12932],[12.44727,57.12664],[12.44461,57.12316],[12.44918,57.12179],[12.45125,57.12313],[12.45045,57.12536],[12.45383,57.13033],[12.46438,57.13818],[12.47522,57.14076],[12.4785,57.14016],[12.47895,57.13818],[12.48175,57.13745],[12.48598,57.13978],[12.4869,57.14218],[12.49453,57.14252],[12.49561,57.14581],[12.48735,57.14887],[12.48062,57.15406],[12.47142,57.151],[12.46771,57.15393],[12.46272,57.15442],[12.45815,57.15247],[12.45814,57.15032],[12.45437,57.14997],[12.44953,57.15208],[12.44756,57.15576],[12.44443,57.15698],[12.44092,57.15511],[12.43683,57.15693],[12.42555,57.15383],[12.4264,57.14801],[12.42427,57.14743],[12.41811,57.14733],[12.41493,57.14851],[12.40284,57.14753],[12.39475,57.15095],[12.38815,57.15149],[12.38625,57.14677],[12.38066,57.14549],[12.37249,57.14127],[12.36834,57.14301],[12.36531,57.14286],[12.3618,57.14631],[12.35817,57.14645],[12.35659,57.1488],[12.35307,57.14985],[12.3486,57.14802],[12.33984,57.14985],[12.33556,57.14757],[12.32501,57.14912],[12.31626,57.14436],[12.30514,57.14674],[12.30075,57.15143],[12.30399,57.15406],[12.30893,57.15434],[12.31621,57.15648],[12.32447,57.1566],[12.33119,57.15523],[12.34065,57.15689],[12.33834,57.15931],[12.33385,57.16032]],[[12.64061,56.85336],[12.64513,56.85401],[12.64556,56.85203],[12.63891,56.84649],[12.633,56.84844],[12.63306,56.84945],[12.64061,56.85336]],[[12.57652,56.9564],[12.57952,56.95512],[12.5831,56.96083],[12.58919,56.96417],[12.59739,56.96444],[12.60117,56.96297],[12.59594,56.95721],[12.58428,56.95055],[12.58107,56.94984],[12.57713,56.95129],[12.57379,56.95525],[12.57652,56.9564]],[[12.65841,57.02136],[12.65148,57.01484],[12.65181,57.00752],[12.6487,57.005],[12.64882,57.0032],[12.65501,57.00319],[12.65882,57.00092],[12.65875,56.99822],[12.65317,56.99286],[12.64991,56.99257],[12.6461,56.99417],[12.64088,56.99229],[12.63619,56.99465],[12.62947,56.99039],[12.61797,56.99006],[12.61062,56.99327],[12.60969,56.99819],[12.61279,57.00071],[12.61267,57.00252],[12.60926,57.00426],[12.60471,57.00485],[12.60342,57.00615],[12.61516,57.01513],[12.61483,57.02054],[12.61262,57.02295],[12.62852,57.02945],[12.6326,57.03412],[12.63186,57.04252],[12.62712,57.04469],[12.62191,57.04472],[12.61375,57.05085],[12.61961,57.0546],[12.63279,57.05465],[12.63528,57.05304],[12.63468,57.04954],[12.6386,57.0469],[12.64645,57.04646],[12.65364,57.04332],[12.65421,57.03736],[12.65089,57.035],[12.64873,57.03519],[12.64678,57.03753],[12.64286,57.03894],[12.63989,57.03864],[12.63849,57.03648],[12.63919,57.0352],[12.64352,57.03464],[12.64779,57.03233],[12.64999,57.0256],[12.65784,57.02495],[12.65841,57.02136]],[[12.378,57.06219],[12.37766,57.0608],[12.38018,57.05882],[12.377,57.05711],[12.37858,57.05507],[12.37234,57.05443],[12.36943,57.05137],[12.36511,57.05022],[12.35842,57.05163],[12.35279,57.05537],[12.34336,57.05469],[12.34147,57.05604],[12.34486,57.06063],[12.35129,57.05912],[12.35612,57.06],[12.35804,57.06256],[12.36144,57.0615],[12.36114,57.06372],[12.35755,57.06572],[12.36391,57.06658],[12.37067,57.06492],[12.3777,57.06473],[12.3797,57.06368],[12.38038,57.06269],[12.378,57.06219]],[[12.29489,57.16046],[12.2944,57.16216],[12.2978,57.16378],[12.31165,57.1635],[12.30517,57.16057],[12.29489,57.16046]],[[12.31143,57.16641],[12.30923,57.16729],[12.31288,57.17113],[12.31661,57.17239],[12.32137,57.16936],[12.31143,57.16641]]],[[[12.50994,57.13865],[12.5128,57.13504],[12.51483,57.13474],[12.51781,57.13657],[12.5234,57.13721],[12.52624,57.14109],[12.532,57.14448],[12.53857,57.14515],[12.54448,57.1433],[12.54746,57.14358],[12.55639,57.15389],[12.54727,57.15426],[12.54592,57.15591],[12.54277,57.15663],[12.53428,57.15203],[12.5338,57.1485],[12.52784,57.145],[12.5055,57.14529],[12.50241,57.14424],[12.50387,57.14226],[12.51154,57.14087],[12.50994,57.13865]]],[[[12.36795,57.16151],[12.36945,57.16368],[12.35705,57.1651],[12.3546,57.16247],[12.3558,57.1609],[12.36795,57.16151]]],[[[12.35519,57.19551],[12.35296,57.19243],[12.34599,57.19099],[12.34558,57.18618],[12.33476,57.18023],[12.33628,57.17927],[12.34191,57.1786],[12.34678,57.17994],[12.34929,57.18392],[12.35939,57.19043],[12.36018,57.1931],[12.35836,57.19456],[12.35519,57.19551]]],[[[12.33095,57.26318],[12.32708,57.26507],[12.32009,57.26516],[12.31894,57.26147],[12.32099,57.25612],[12.31664,57.24929],[12.3174,57.24571],[12.32151,57.24327],[12.32459,57.24373],[12.3287,57.24662],[12.32806,57.25178],[12.33261,57.25597],[12.32878,57.25943],[12.33095,57.26318]]],[[[12.17708,57.32172],[12.17333,57.32197],[12.17086,57.31889],[12.17665,57.31565],[12.17988,57.31864],[12.17708,57.32172]]],[[[12.17054,57.32382],[12.17321,57.32276],[12.17659,57.32581],[12.17629,57.32965],[12.16973,57.33086],[12.16608,57.33024],[12.16723,57.32671],[12.17022,57.32595],[12.17054,57.32382]]],[[[12.14577,57.37742],[12.14244,57.37734],[12.13883,57.37571],[12.13155,57.37585],[12.13008,57.37458],[12.13402,57.37147],[12.13371,57.36783],[12.1265,57.37105],[12.11994,57.36761],[12.11603,57.36871],[12.11141,57.36818],[12.10962,57.36521],[12.11071,57.36231],[12.10454,57.35557],[12.10824,57.35341],[12.11506,57.34462],[12.12275,57.34249],[12.13965,57.34518],[12.13724,57.34674],[12.14251,57.3497],[12.14105,57.35261],[12.14445,57.35281],[12.14789,57.35167],[12.15145,57.35335],[12.16418,57.35446],[12.16414,57.35783],[12.16709,57.35992],[12.16446,57.36188],[12.16681,57.36351],[12.16335,57.36523],[12.15972,57.36381],[12.15671,57.36509],[12.15047,57.36508],[12.1473,57.36644],[12.14643,57.36956],[12.14952,57.3721],[12.14923,57.3757],[12.14577,57.37742]]],[[[12.05192,57.47765],[12.05515,57.47612],[12.0527,57.47346],[12.05291,57.47077],[12.05492,57.46924],[12.05799,57.47085],[12.06537,57.46988],[12.07194,57.47285],[12.0744,57.47048],[12.08104,57.46941],[12.07744,57.46752],[12.08143,57.46199],[12.08717,57.46055],[12.09547,57.46281],[12.10252,57.46164],[12.10333,57.46059],[12.10084,57.4589],[12.11131,57.45576],[12.11371,57.4511],[12.11563,57.45286],[12.1202,57.45407],[12.12999,57.45265],[12.1278,57.44913],[12.13434,57.44381],[12.13394,57.44129],[12.13804,57.4402],[12.13635,57.43764],[12.13907,57.43658],[12.14772,57.43728],[12.14815,57.43641],[12.14399,57.435],[12.14603,57.43286],[12.14868,57.43156],[12.15571,57.43158],[12.15244,57.42738],[12.14787,57.42869],[12.14405,57.42623],[12.15296,57.42053],[12.15077,57.4152],[12.14573,57.41269],[12.14296,57.40543],[12.13798,57.40083],[12.13867,57.39635],[12.13448,57.39401],[12.13726,57.39048],[12.14101,57.39034],[12.14393,57.39161],[12.1427,57.39681],[12.14666,57.40107],[12.15333,57.40275],[12.15609,57.40483],[12.15265,57.40818],[12.15911,57.41344],[12.1568,57.41709],[12.16404,57.41949],[12.16002,57.42514],[12.16232,57.4332],[12.15978,57.43537],[12.16576,57.43634],[12.16723,57.43747],[12.16533,57.43919],[12.15565,57.44223],[12.15701,57.4471],[12.16081,57.44644],[12.1797,57.45011],[12.18669,57.45405],[12.18811,57.45633],[12.18466,57.46148],[12.17977,57.46269],[12.17773,57.46475],[12.16896,57.46638],[12.16565,57.4663],[12.16049,57.46399],[12.15809,57.46004],[12.14335,57.45715],[12.13636,57.46021],[12.13049,57.46105],[12.12844,57.46327],[12.11856,57.46476],[12.12266,57.46867],[12.11785,57.4716],[12.11182,57.47123],[12.11112,57.47195],[12.11376,57.47401],[12.11419,57.48432],[12.11541,57.48969],[12.11773,57.49173],[12.11516,57.49423],[12.11804,57.49739],[12.113,57.50036],[12.1101,57.50074],[12.10928,57.50319],[12.10167,57.5065],[12.09927,57.5091],[12.10237,57.51127],[12.09679,57.51538],[12.10092,57.51855],[12.10747,57.51932],[12.11194,57.5182],[12.11461,57.51901],[12.11506,57.5206],[12.10956,57.52202],[12.10924,57.5251],[12.11064,57.52692],[12.11413,57.52762],[12.11392,57.5324],[12.11787,57.53498],[12.11952,57.53891],[12.12316,57.53822],[12.1288,57.54095],[12.13578,57.5416],[12.15058,57.5366],[12.1526,57.53743],[12.15209,57.53936],[12.15363,57.54021],[12.15946,57.54163],[12.16317,57.54093],[12.16602,57.54234],[12.1718,57.54149],[12.17813,57.54606],[12.18809,57.54699],[12.19154,57.55097],[12.18348,57.55262],[12.17687,57.54831],[12.17246,57.54911],[12.15958,57.54818],[12.15314,57.54539],[12.14863,57.54658],[12.14273,57.54429],[12.13924,57.54641],[12.12205,57.54716],[12.11525,57.5486],[12.10864,57.54754],[12.09524,57.54919],[12.09233,57.54188],[12.09459,57.53957],[12.09456,57.53465],[12.09118,57.53069],[12.09656,57.5287],[12.10214,57.52808],[12.10236,57.52629],[12.09887,57.5233],[12.09467,57.52096],[12.08832,57.52007],[12.08573,57.52141],[12.08401,57.52487],[12.08085,57.52534],[12.07099,57.521],[12.06417,57.51941],[12.05615,57.51443],[12.05233,57.51042],[12.04661,57.50848],[12.04156,57.50892],[12.0393,57.50809],[12.03959,57.50287],[12.04309,57.50084],[12.03496,57.49484],[12.03005,57.49393],[12.02627,57.49161],[12.02007,57.49202],[12.01282,57.48948],[12.01066,57.48674],[12.00299,57.48716],[11.99382,57.49623],[11.99013,57.49469],[11.98694,57.49573],[11.98642,57.50004],[11.98268,57.50281],[11.98125,57.50838],[11.97494,57.5091],[11.97124,57.5113],[11.96945,57.50968],[11.96937,57.50609],[11.96267,57.50536],[11.96124,57.50652],[11.9644,57.50808],[11.95798,57.51001],[11.95631,57.50936],[11.95757,57.50097],[11.95994,57.49889],[11.97149,57.4981],[11.97391,57.49912],[11.97208,57.5011],[11.97785,57.50194],[11.98062,57.50124],[11.98193,57.49928],[11.97685,57.49638],[11.97744,57.49381],[11.97413,57.48463],[11.96986,57.48419],[11.96684,57.48609],[11.95897,57.48808],[11.94884,57.48617],[11.93319,57.45909],[11.94627,57.46778],[11.94514,57.47129],[11.94935,57.47336],[11.94604,57.47721],[11.95375,57.48061],[11.95774,57.48026],[11.9616,57.47809],[11.96975,57.47876],[11.98059,57.47806],[11.98439,57.47998],[11.98824,57.47805],[11.99153,57.47778],[11.99547,57.47806],[11.99761,57.48019],[12.00021,57.47744],[12.00745,57.4769],[12.01449,57.47853],[12.01516,57.48057],[12.01873,57.48179],[12.02483,57.48118],[12.02811,57.47805],[12.03563,57.48307],[12.04421,57.48379],[12.04749,57.48547],[12.05227,57.47967],[12.05192,57.47765]],[[11.99258,57.48519],[11.98192,57.48672],[11.97852,57.48873],[11.98542,57.49108],[11.99276,57.48895],[11.99258,57.48519]]],[[[12.20277,57.55397],[12.20913,57.55461],[12.21137,57.55661],[12.2085,57.55991],[12.20687,57.55819],[12.19309,57.55256],[12.19611,57.55144],[12.20277,57.55397]]],[[[12.20801,57.56103],[12.21191,57.56021],[12.21883,57.56396],[12.21972,57.56603],[12.21588,57.56619],[12.20769,57.56248],[12.20801,57.56103]]],[[[12.08672,57.58135],[12.07322,57.58362],[12.06593,57.57982],[12.06269,57.57326],[12.07937,57.56868],[12.0914,57.57682],[12.0913,57.57816],[12.08672,57.58135]]],[[[12.05046,57.60547],[12.05949,57.60768],[12.06437,57.60697],[12.07209,57.60895],[12.06392,57.61247],[12.05412,57.61376],[12.04968,57.61191],[12.04796,57.61399],[12.05041,57.61642],[12.04636,57.6174],[12.04312,57.61216],[12.03737,57.60949],[12.03255,57.6096],[12.03144,57.60778],[12.03364,57.60642],[12.04281,57.60692],[12.05046,57.60547]]],[[[12.04075,57.65543],[12.03385,57.6603],[12.03869,57.66266],[12.03358,57.66619],[12.01553,57.66773],[12.01141,57.67292],[12.00748,57.67514],[12.00562,57.67098],[12.00717,57.66742],[12.00332,57.662],[12.00747,57.65996],[12.00166,57.6592],[11.99256,57.65444],[11.99074,57.65187],[11.98655,57.65193],[11.98551,57.65017],[12.00917,57.64949],[12.01054,57.64818],[12.00886,57.64565],[12.0163,57.64438],[12.02469,57.64767],[12.02689,57.65216],[12.03415,57.65023],[12.03951,57.64744],[12.04412,57.64755],[12.04523,57.65017],[12.03776,57.65348],[12.04075,57.65543]]],[[[12.79193,56.35304],[12.79469,56.35197],[12.7993,56.35261],[12.80238,56.35158],[12.80936,56.35369],[12.8041,56.35719],[12.79602,56.35694],[12.79249,56.35496],[12.79193,56.35304]]],[[[12.91777,56.43672],[12.9016,56.43864],[12.89781,56.43762],[12.89239,56.43264],[12.89356,56.42887],[12.90381,56.42804],[12.91024,56.42912],[12.91278,56.42714],[12.92408,56.42733],[12.9291,56.42524],[12.93292,56.42585],[12.93545,56.42769],[12.93343,56.43126],[12.92404,56.43201],[12.91777,56.43672]]],[[[12.99086,56.49945],[12.99427,56.49768],[12.99729,56.49353],[13.01395,56.49288],[13.01717,56.49345],[13.02029,56.49595],[13.02998,56.49708],[13.03571,56.49621],[13.0407,56.49977],[13.04699,56.49807],[13.05429,56.49827],[13.06345,56.50372],[13.06571,56.50735],[13.06099,56.51011],[13.05592,56.50995],[13.0543,56.51279],[13.05106,56.51358],[13.04604,56.51259],[13.04299,56.51065],[13.03719,56.51275],[13.03415,56.51068],[13.02597,56.51173],[13.02063,56.51077],[13.01491,56.50782],[13.01235,56.5079],[13.0085,56.51094],[13.0104,56.51412],[13.00767,56.51587],[12.98961,56.50774],[12.98568,56.5092],[12.98262,56.51306],[12.97564,56.51406],[12.96233,56.52013],[12.95354,56.52046],[12.95309,56.50466],[12.95796,56.50698],[12.96331,56.50568],[12.9651,56.5026],[12.97076,56.5003],[12.97017,56.49666],[12.9813,56.49595],[12.98501,56.49684],[12.98499,56.49903],[12.99086,56.49945]]],[[[12.75376,56.67225],[12.76034,56.67252],[12.76347,56.67026],[12.76793,56.67075],[12.77133,56.6695],[12.74936,56.65823],[12.74888,56.65485],[12.74405,56.65274],[12.74348,56.64975],[12.73809,56.64898],[12.73821,56.64685],[12.743,56.64587],[12.74591,56.6483],[12.74945,56.64881],[12.75226,56.65192],[12.76236,56.65465],[12.77309,56.65253],[12.77811,56.64678],[12.78251,56.64478],[12.78881,56.64661],[12.79174,56.64886],[12.80026,56.6482],[12.80737,56.6522],[12.81169,56.65153],[12.81537,56.65478],[12.8202,56.655],[12.82528,56.65358],[12.8488,56.66265],[12.90566,56.64485],[12.90617,56.64608],[12.90924,56.64232],[12.91556,56.64274],[12.92166,56.63943],[12.93293,56.63831],[12.94269,56.64242],[12.9447,56.65048],[12.94171,56.65139],[12.93788,56.65009],[12.93412,56.65239],[12.9325,56.65584],[12.92704,56.65654],[12.92362,56.6594],[12.91516,56.65845],[12.91417,56.66106],[12.91911,56.6622],[12.92359,56.66535],[12.92773,56.66525],[12.93022,56.66823],[12.92702,56.67014],[12.92802,56.67229],[12.93099,56.67378],[12.94044,56.67439],[12.94412,56.67738],[12.94374,56.67928],[12.94751,56.68501],[12.94348,56.68596],[12.9399,56.68434],[12.93382,56.68375],[12.92934,56.68585],[12.93251,56.69033],[12.92937,56.69522],[12.92646,56.69674],[12.91632,56.69354],[12.91389,56.69144],[12.89963,56.69459],[12.89314,56.69257],[12.89093,56.6957],[12.88254,56.69892],[12.86783,56.70811],[12.85398,56.70922],[12.8522,56.70857],[12.85115,56.70456],[12.84625,56.70336],[12.84298,56.69942],[12.8444,56.69378],[12.84183,56.69081],[12.83478,56.69342],[12.82574,56.68613],[12.82159,56.68724],[12.80778,56.68722],[12.80429,56.68797],[12.80217,56.69012],[12.79144,56.6874],[12.78666,56.69108],[12.77904,56.69338],[12.7732,56.69668],[12.77168,56.6998],[12.76547,56.69846],[12.75051,56.70285],[12.75152,56.70647],[12.7426,56.71054],[12.7371,56.7085],[12.73212,56.70978],[12.72331,56.70971],[12.72223,56.70418],[12.72486,56.70086],[12.73001,56.69818],[12.73629,56.69711],[12.74421,56.69891],[12.74768,56.69765],[12.75102,56.69435],[12.74015,56.69007],[12.73913,56.68838],[12.74081,56.68643],[12.7381,56.68498],[12.74476,56.67956],[12.74831,56.67819],[12.74696,56.67576],[12.75376,56.67225]]],[[[12.71858,56.72085],[12.71708,56.72206],[12.71784,56.72408],[12.70862,56.72676],[12.70542,56.72964],[12.69615,56.72684],[12.69185,56.727],[12.68844,56.72591],[12.68999,56.72318],[12.68596,56.72142],[12.68515,56.71967],[12.69297,56.71798],[12.69641,56.72179],[12.70197,56.7219],[12.7098,56.71703],[12.70691,56.71463],[12.71329,56.71042],[12.71608,56.70935],[12.7192,56.71064],[12.72311,56.71023],[12.72661,56.71317],[12.72469,56.71512],[12.72522,56.7203],[12.71858,56.72085]]],[[[12.92347,56.74424],[12.9174,56.74433],[12.9151,56.74343],[12.91327,56.73673],[12.90864,56.73082],[12.89922,56.73126],[12.89673,56.73017],[12.90164,56.72441],[12.8948,56.72474],[12.89331,56.72025],[12.89572,56.71712],[12.88884,56.71772],[12.88505,56.71435],[12.88917,56.71004],[12.8922,56.71066],[12.89613,56.70971],[12.89918,56.71156],[12.90842,56.70969],[12.90944,56.71324],[12.91452,56.71654],[12.91321,56.72036],[12.91894,56.72208],[12.91272,56.72639],[12.91592,56.72935],[12.91487,56.73137],[12.91708,56.73354],[12.9237,56.73527],[12.93005,56.74083],[12.93395,56.73879],[12.9441,56.73646],[12.95168,56.74108],[12.95715,56.74263],[12.95599,56.74856],[12.94281,56.74689],[12.94018,56.75208],[12.93294,56.75169],[12.92531,56.74749],[12.92347,56.74424]]],[[[12.826,56.78647],[12.82408,56.78905],[12.81941,56.7886],[12.81271,56.78961],[12.80931,56.7937],[12.80647,56.79387],[12.80347,56.79236],[12.80284,56.79025],[12.80903,56.78864],[12.81266,56.78594],[12.83059,56.78385],[12.82887,56.7818],[12.82976,56.78046],[12.83493,56.78303],[12.83532,56.78438],[12.83015,56.78796],[12.826,56.78647]]],[[[12.83288,57.10187],[12.82731,57.10078],[12.82294,57.1025],[12.81648,57.1001],[12.8064,57.10291],[12.80738,57.1074],[12.8035,57.11005],[12.79386,57.10822],[12.79465,57.11366],[12.79018,57.119],[12.78724,57.11962],[12.77091,57.11861],[12.76435,57.10888],[12.76442,57.10776],[12.77257,57.10437],[12.77217,57.10065],[12.77917,57.09933],[12.77787,57.09684],[12.78284,57.09655],[12.79262,57.09859],[12.80036,57.09557],[12.80186,57.08899],[12.80464,57.08881],[12.80841,57.09137],[12.80918,57.08856],[12.81463,57.08641],[12.82142,57.08944],[12.8263,57.08745],[12.83456,57.09015],[12.84089,57.08953],[12.84219,57.09083],[12.83988,57.09269],[12.84106,57.09375],[12.84983,57.09435],[12.85732,57.09326],[12.86377,57.09506],[12.86687,57.09764],[12.86356,57.10058],[12.86682,57.10384],[12.86077,57.10508],[12.84668,57.10589],[12.84609,57.10357],[12.84031,57.09929],[12.83342,57.09982],[12.83288,57.10187]]],[[[12.89961,57.11189],[12.90517,57.1157],[12.90057,57.1167],[12.89075,57.11506],[12.88585,57.11526],[12.88069,57.11045],[12.88116,57.1095],[12.89311,57.10999],[12.89961,57.11189]]],[[[12.92568,57.11902],[12.93679,57.11979],[12.93568,57.12204],[12.93326,57.1229],[12.92994,57.12318],[12.9267,57.12201],[12.92568,57.11902]]],[[[12.62474,57.14848],[12.61909,57.1517],[12.6135,57.1516],[12.61064,57.14783],[12.61544,57.14523],[12.62474,57.14848]]],[[[12.58312,57.14573],[12.59039,57.1534],[12.58234,57.15527],[12.57569,57.15267],[12.57089,57.14912],[12.57317,57.14706],[12.5769,57.14795],[12.58006,57.1453],[12.58312,57.14573]]],[[[12.81823,57.20322],[12.82265,57.2059],[12.81829,57.20793],[12.81089,57.20877],[12.8084,57.20716],[12.80781,57.20021],[12.7974,57.19895],[12.79526,57.19671],[12.7918,57.19564],[12.79375,57.19068],[12.79614,57.19054],[12.80493,57.19535],[12.81566,57.19815],[12.81381,57.20236],[12.81823,57.20322]]]]}},{"type":"Feature","properties":{"fs":"TRANSITB","t":45.0},"geometry":{"type":"MultiPolygon","coordinates":[[[[12.36007,57.07305],[12.36147,57.07454],[12.36021,57.07754],[12.3557,57.07823],[12.34906,57.07598],[12.35384,57.07179],[12.36007,57.07305]]],[[[12.24615,57.16642],[12.24075,57.169],[12.23984,57.17151],[12.23446,57.17299],[12.2322,57.17771],[12.22857,57.17998],[12.23109,57.18347],[12.22673,57.18584],[12.22414,57.17133],[12.24232,57.16046],[12.24191,57.15928],[12.23859,57.15867],[12.23866,57.15654],[12.24729,57.15292],[12.24515,57.14741],[12.2568,57.14825],[12.26012,57.1462],[12.25567,57.14495],[12.25535,57.14371],[12.26172,57.14096],[12.26324,57.13804],[12.26149,57.13172],[12.25616,57.12988],[12.25088,57.13029],[12.26173,57.08315],[12.26795,57.07549],[12.27517,57.07224],[12.27326,57.06895],[12.28101,57.05939],[12.28967,57.06085],[12.28842,57.0532],[12.29323,57.05224],[12.29965,57.05264],[12.30549,57.05119],[12.30967,57.0533],[12.31915,57.05445],[12.32267,57.05716],[12.32973,57.05785],[12.33974,57.06394],[12.34659,57.06574],[12.34493,57.07014],[12.33891,57.07076],[12.32356,57.06617],[12.31832,57.06171],[12.31391,57.0628],[12.30598,57.06118],[12.30594,57.06465],[12.30323,57.06781],[12.29822,57.06869],[12.29854,57.07334],[12.29463,57.07368],[12.29442,57.07749],[12.29039,57.07847],[12.29,57.08155],[12.28635,57.08385],[12.28515,57.08953],[12.28787,57.09184],[12.29029,57.09256],[12.29366,57.0917],[12.3033,57.09397],[12.3048,57.0967],[12.30327,57.09936],[12.30639,57.10228],[12.30382,57.10589],[12.30662,57.10643],[12.31203,57.10561],[12.3152,57.10777],[12.31513,57.11085],[12.31181,57.11179],[12.30891,57.11476],[12.3104,57.11704],[12.30864,57.11846],[12.31115,57.11896],[12.31671,57.12302],[12.31471,57.12589],[12.32973,57.1281],[12.33322,57.13134],[12.33536,57.13173],[12.34356,57.13029],[12.34554,57.12807],[12.35696,57.13016],[12.36887,57.12524],[12.37443,57.12847],[12.38663,57.12893],[12.39024,57.13294],[12.38303,57.13544],[12.37407,57.13355],[12.3596,57.13366],[12.35777,57.13756],[12.35055,57.13883],[12.34945,57.14129],[12.34456,57.14172],[12.33866,57.14088],[12.3357,57.13735],[12.32818,57.13966],[12.32478,57.13903],[12.32097,57.13644],[12.31246,57.137],[12.3091,57.13492],[12.31365,57.13323],[12.31174,57.13076],[12.30338,57.1281],[12.29691,57.12805],[12.2931,57.13045],[12.28572,57.13247],[12.28994,57.13512],[12.29985,57.13665],[12.29989,57.14366],[12.29546,57.14458],[12.29262,57.14836],[12.28573,57.1465],[12.27887,57.14706],[12.27256,57.14959],[12.2691,57.15621],[12.25705,57.15846],[12.25772,57.16083],[12.25514,57.16251],[12.24746,57.16225],[12.24615,57.16642]]],[[[12.39321,57.13631],[12.39794,57.13484],[12.40515,57.13816],[12.41823,57.13801],[12.42195,57.1414],[12.42789,57.14164],[12.42824,57.14415],[12.42483,57.14483],[12.4215,57.14364],[12.41828,57.1447],[12.41467,57.14314],[12.40853,57.14296],[12.40487,57.1411],[12.3954,57.14112],[12.39321,57.13631]]],[[[12.45092,57.14559],[12.44811,57.14738],[12.43838,57.14758],[12.43528,57.14614],[12.43809,57.14432],[12.44852,57.14451],[12.45092,57.14559]]],[[[12.27197,57.163],[12.27529,57.16195],[12.28097,57.16207],[12.2827,57.16289],[12.28311,57.17377],[12.28628,57.17569],[12.27741,57.17819],[12.27372,57.17687],[12.2719,57.17418],[12.27314,57.17061],[12.27037,57.16811],[12.27197,57.163]]],[[[12.27503,57.18802],[12.2771,57.18638],[12.2756,57.18446],[12.27699,57.18108],[12.28057,57.18021],[12.28339,57.18122],[12.28423,57.18478],[12.28927,57.18848],[12.28859,57.19116],[12.28606,57.19268],[12.27503,57.18802]]],[[[12.12866,57.35683],[12.13442,57.35424],[12.13608,57.35579],[12.14447,57.35664],[12.15325,57.35955],[12.15393,57.36329],[12.14726,57.36644],[12.14573,57.36977],[12.14001,57.37119],[12.13364,57.36724],[12.12664,57.36936],[12.12297,57.36812],[12.12073,57.36632],[12.12377,57.36442],[12.12239,57.36097],[12.1173,57.35849],[12.11659,57.35692],[12.12101,57.35668],[12.1243,57.35445],[12.12866,57.35683]]],[[[12.09106,57.49546],[12.08313,57.495],[12.0791,57.49789],[12.07189,57.49778],[12.0755,57.50095],[12.06656,57.50698],[12.06207,57.50707],[12.05885,57.50585],[12.05874,57.50339],[12.05565,57.50315],[12.05346,57.50089],[12.05566,57.4998],[12.06144,57.50063],[12.06537,57.49847],[12.06427,57.49485],[12.06628,57.49096],[12.06069,57.49039],[12.05906,57.48861],[12.06568,57.48672],[12.06995,57.48375],[12.06922,57.4816],[12.07067,57.48084],[12.0744,57.4825],[12.078,57.47931],[12.08141,57.48202],[12.08479,57.48255],[12.08444,57.47914],[12.08717,57.47493],[12.09432,57.47398],[12.09596,57.47581],[12.09358,57.48224],[12.0975,57.48273],[12.09824,57.4839],[12.09382,57.487],[12.09836,57.48772],[12.09454,57.49375],[12.09106,57.49546]]],[[[13.0097,56.49908],[13.00911,56.50264],[13.0018,56.5058],[12.99721,56.50614],[12.99199,56.50382],[12.99171,56.50213],[12.99527,56.49868],[13.00225,56.497],[13.0097,56.49908]]],[[[12.79983,56.66953],[12.79671,56.66817],[12.7968,56.66205],[12.805,56.66478],[12.81481,56.66443],[12.82314,56.66162],[12.83029,56.665],[12.83373,56.66543],[12.8427,56.6619],[12.8488,56.66265],[12.87465,56.65456],[12.87971,56.65724],[12.88348,56.65503],[12.87837,56.6534],[12.8993,56.64933],[12.9047,56.65302],[12.90409,56.65593],[12.91191,56.65887],[12.91158,56.65996],[12.90794,56.66077],[12.90616,56.66419],[12.90315,56.66611],[12.9007,56.67162],[12.91156,56.67088],[12.91514,56.67251],[12.91895,56.67741],[12.91441,56.68104],[12.91975,56.68607],[12.91635,56.68759],[12.90349,56.68389],[12.89942,56.68124],[12.89797,56.67739],[12.89529,56.68083],[12.89163,56.68217],[12.89162,56.68447],[12.88383,56.69243],[12.87342,56.69107],[12.87503,56.68919],[12.8742,56.68577],[12.86822,56.68329],[12.86675,56.68391],[12.87035,56.68883],[12.86816,56.69036],[12.86411,56.68737],[12.85283,56.6846],[12.84468,56.68438],[12.81721,56.67942],[12.81466,56.68113],[12.80929,56.68047],[12.80559,56.68164],[12.80139,56.67954],[12.80279,56.67743],[12.81006,56.67612],[12.8194,56.67598],[12.82184,56.6735],[12.82538,56.67223],[12.81293,56.66885],[12.79983,56.66953]]],[[[12.63347,56.79374],[12.63234,56.79591],[12.62859,56.79697],[12.62584,56.7968],[12.62265,56.79294],[12.62239,56.78124],[12.62368,56.7794],[12.62654,56.78418],[12.62562,56.78893],[12.62938,56.78931],[12.63347,56.79374]]],[[[12.73932,56.82458],[12.73968,56.82548],[12.7329,56.83022],[12.73152,56.8332],[12.72485,56.83353],[12.72352,56.83182],[12.72568,56.83006],[12.7333,56.82587],[12.73932,56.82458]]],[[[12.71011,56.84325],[12.71517,56.8377],[12.72212,56.83904],[12.7172,56.84465],[12.70739,56.84753],[12.70459,56.84427],[12.71011,56.84325]]],[[[12.37462,56.94564],[12.36957,56.94596],[12.36166,56.94175],[12.35867,56.93489],[12.41026,56.90245],[12.48718,56.88889],[12.557,56.86045],[12.5655,56.86456],[12.56673,56.86694],[12.56498,56.86861],[12.56971,56.86846],[12.57028,56.87229],[12.57733,56.87433],[12.57598,56.87616],[12.58177,56.87619],[12.57909,56.87257],[12.58282,56.87185],[12.58565,56.86937],[12.58957,56.86907],[12.59601,56.87098],[12.60248,56.86932],[12.60424,56.87429],[12.60804,56.87268],[12.6178,56.87667],[12.62521,56.87626],[12.6275,56.87227],[12.62441,56.86952],[12.62675,56.86774],[12.62752,56.86411],[12.63151,56.86234],[12.63833,56.86346],[12.64369,56.863],[12.63788,56.86138],[12.63546,56.85768],[12.64251,56.85654],[12.64774,56.85288],[12.63572,56.84303],[12.63675,56.84117],[12.6328,56.83765],[12.62279,56.83263],[12.62361,56.83047],[12.62804,56.82832],[12.62336,56.82503],[12.62282,56.80065],[12.62898,56.80703],[12.63492,56.8095],[12.63403,56.81394],[12.63077,56.81594],[12.6343,56.8182],[12.64075,56.81956],[12.6412,56.8222],[12.63787,56.82528],[12.64073,56.82893],[12.64526,56.83171],[12.65009,56.83225],[12.65727,56.83609],[12.65192,56.83728],[12.65077,56.83856],[12.65345,56.84146],[12.65952,56.8434],[12.65964,56.85038],[12.66223,56.85243],[12.6596,56.85714],[12.66286,56.8614],[12.66458,56.86158],[12.6681,56.85873],[12.67085,56.85431],[12.67525,56.85294],[12.67691,56.84983],[12.68185,56.84957],[12.68451,56.84795],[12.68815,56.8499],[12.69434,56.84748],[12.69866,56.84784],[12.70056,56.85296],[12.69941,56.85743],[12.69437,56.85936],[12.69031,56.85859],[12.6873,56.85918],[12.68054,56.86405],[12.67681,56.86308],[12.67025,56.8647],[12.66881,56.86851],[12.67078,56.87059],[12.67005,56.87456],[12.66711,56.87563],[12.66025,56.87528],[12.65718,56.88127],[12.65307,56.88187],[12.64995,56.8837],[12.64649,56.88247],[12.64319,56.88359],[12.6393,56.88801],[12.64214,56.89012],[12.63677,56.89626],[12.63309,56.89607],[12.62577,56.89213],[12.61676,56.89464],[12.61376,56.89177],[12.61372,56.88924],[12.61011,56.88903],[12.60881,56.89074],[12.61061,56.89291],[12.6085,56.89385],[12.60347,56.89542],[12.60102,56.89518],[12.59658,56.89064],[12.58649,56.89777],[12.58054,56.89776],[12.57981,56.89947],[12.57614,56.8997],[12.57063,56.90262],[12.57253,56.90427],[12.57828,56.90401],[12.58048,56.9048],[12.57927,56.90842],[12.57583,56.91126],[12.58324,56.91585],[12.58056,56.91771],[12.57985,56.92432],[12.57714,56.92664],[12.58193,56.92696],[12.58446,56.92442],[12.58978,56.92348],[12.59135,56.92122],[12.60468,56.92148],[12.61113,56.9234],[12.62064,56.92897],[12.62069,56.93818],[12.63276,56.94537],[12.63277,56.94875],[12.63571,56.95082],[12.63548,56.95443],[12.63207,56.95683],[12.63305,56.96043],[12.64035,56.96361],[12.64119,56.96544],[12.64927,56.96367],[12.65896,56.96643],[12.66431,56.96485],[12.67093,56.96587],[12.67294,56.96978],[12.67709,56.97205],[12.68045,56.97144],[12.68643,56.9754],[12.68357,56.97829],[12.67801,56.97765],[12.67521,56.97881],[12.67707,56.98143],[12.68492,56.98225],[12.6859,56.9839],[12.68428,56.98589],[12.69206,56.99255],[12.68894,56.99545],[12.68208,56.99416],[12.68067,57.00211],[12.6823,57.00312],[12.69532,57.00369],[12.69512,57.00788],[12.69907,57.012],[12.69322,57.02031],[12.68795,57.0219],[12.68843,57.02416],[12.68153,57.02684],[12.67649,57.02706],[12.67916,57.02917],[12.6798,57.03276],[12.68451,57.03187],[12.69244,57.03451],[12.6969,57.0382],[12.69472,57.04009],[12.69666,57.04376],[12.70292,57.04738],[12.7023,57.0498],[12.70567,57.05443],[12.70401,57.05642],[12.7061,57.0593],[12.70257,57.06205],[12.69753,57.06285],[12.6989,57.06704],[12.69129,57.07038],[12.6861,57.07425],[12.68395,57.07957],[12.685,57.08677],[12.68192,57.09016],[12.68522,57.09666],[12.68276,57.09976],[12.68486,57.1025],[12.68163,57.10457],[12.67828,57.1053],[12.66937,57.10139],[12.66243,57.10264],[12.66013,57.10114],[12.65764,57.09885],[12.65788,57.09501],[12.66356,57.09332],[12.65258,57.09066],[12.65225,57.08931],[12.65608,57.08755],[12.65242,57.08347],[12.64725,57.08191],[12.64678,57.07696],[12.63704,57.07543],[12.63818,57.07281],[12.63159,57.07364],[12.62859,57.07297],[12.62942,57.06566],[12.61863,57.06416],[12.61712,57.06775],[12.60798,57.06871],[12.60172,57.06673],[12.59828,57.06346],[12.59248,57.0629],[12.5952,57.05902],[12.59218,57.05638],[12.58635,57.05559],[12.58683,57.0498],[12.58286,57.04905],[12.57704,57.04553],[12.57393,57.04064],[12.57431,57.03802],[12.57825,57.03574],[12.57284,57.03208],[12.57798,57.02544],[12.57189,57.01824],[12.56564,57.01599],[12.56296,57.01301],[12.56271,57.01054],[12.56591,57.00858],[12.56634,57.00521],[12.56894,57.00325],[12.5651,56.99979],[12.56023,56.99791],[12.56009,56.99049],[12.55108,56.98695],[12.55108,56.98358],[12.54814,56.9815],[12.54838,56.97454],[12.54544,56.97246],[12.54568,56.96886],[12.54824,56.9669],[12.53996,56.96202],[12.5369,56.96308],[12.53634,56.96537],[12.53276,56.96545],[12.52591,56.95921],[12.52135,56.95764],[12.51674,56.95933],[12.5048,56.95911],[12.49626,56.96121],[12.49024,56.95137],[12.48495,56.94826],[12.4817,56.94798],[12.47279,56.95285],[12.45657,56.95519],[12.45446,56.95693],[12.45422,56.95987],[12.45167,56.96138],[12.45515,56.96345],[12.47036,56.96376],[12.47035,56.96714],[12.47289,56.96886],[12.47657,56.96928],[12.47693,56.97311],[12.48277,56.9748],[12.48265,56.9766],[12.48008,56.97812],[12.48228,56.98199],[12.47772,56.98257],[12.47548,56.98545],[12.47175,56.98572],[12.46898,56.98733],[12.47181,56.99076],[12.46852,56.9907],[12.45613,56.98472],[12.45177,56.98493],[12.44754,56.98959],[12.44868,56.99209],[12.44495,56.99236],[12.43856,56.99548],[12.43198,56.99535],[12.43518,56.99338],[12.43501,56.98979],[12.42242,56.98482],[12.41339,56.98755],[12.41286,56.98933],[12.41579,56.99141],[12.40685,56.99557],[12.39608,56.99651],[12.3902,56.99826],[12.38183,56.99726],[12.38157,57.00171],[12.37858,57.00468],[12.3755,57.00529],[12.37629,57.00862],[12.37312,57.01277],[12.37459,57.01527],[12.37836,57.01445],[12.38312,57.01702],[12.38171,57.01952],[12.38978,57.023],[12.38659,57.02724],[12.39016,57.0293],[12.39461,57.02939],[12.39909,57.03218],[12.39902,57.03447],[12.40275,57.03675],[12.40222,57.03989],[12.39913,57.04274],[12.39437,57.04017],[12.39321,57.03758],[12.39001,57.03615],[12.38563,57.03599],[12.38827,57.03237],[12.38618,57.03031],[12.38146,57.02891],[12.37614,57.03173],[12.37225,57.03089],[12.37033,57.02889],[12.37425,57.02743],[12.37435,57.02599],[12.36062,57.02055],[12.35533,57.01674],[12.35027,57.01679],[12.36947,56.99356],[12.37165,56.97479],[12.3771,56.97196],[12.3767,56.96883],[12.37254,56.96718],[12.37324,56.96289],[12.37119,56.95841],[12.37208,56.95744],[12.37566,56.95717],[12.3758,56.95531],[12.37244,56.95523],[12.36972,56.95248],[12.37012,56.94906],[12.37345,56.94773],[12.37462,56.94564]],[[12.41804,56.95615],[12.42806,56.95644],[12.42936,56.95069],[12.43386,56.94931],[12.43502,56.9471],[12.43252,56.94545],[12.42576,56.94529],[12.42049,56.94868],[12.42109,56.95191],[12.41388,56.95367],[12.41804,56.95615]],[[12.57375,56.95526],[12.57652,56.95642],[12.57951,56.95514],[12.58501,56.9621],[12.58919,56.96419],[12.59822,56.96444],[12.60245,56.96347],[12.6034,56.96129],[12.59654,56.95657],[12.58107,56.94981],[12.57709,56.95128],[12.57375,56.95526]],[[12.61017,56.99191],[12.60967,56.99864],[12.61122,57.00226],[12.60947,57.00391],[12.60552,57.00451],[12.60338,57.00615],[12.6089,57.00963],[12.61207,57.01475],[12.61509,57.01582],[12.61479,57.02053],[12.61216,57.02205],[12.61092,57.02802],[12.6144,57.0282],[12.61757,57.02687],[12.6203,57.02771],[12.62459,57.03144],[12.62382,57.03298],[12.61979,57.03455],[12.61997,57.03613],[12.62752,57.0404],[12.61702,57.04731],[12.61406,57.05173],[12.61961,57.05462],[12.63113,57.05497],[12.63804,57.05317],[12.64281,57.04948],[12.64934,57.05129],[12.65197,57.05381],[12.65308,57.05907],[12.66112,57.06312],[12.67832,57.06093],[12.68215,57.05405],[12.671,57.05032],[12.67687,57.04728],[12.67687,57.04508],[12.6725,57.04308],[12.67029,57.04511],[12.66721,57.04505],[12.65624,57.04164],[12.6564,57.03277],[12.66756,57.02685],[12.66035,57.02734],[12.66019,57.02163],[12.65192,57.01292],[12.65406,57.00835],[12.66179,57.00779],[12.66352,57.00595],[12.66356,57.00153],[12.6589,57.00011],[12.6588,56.99822],[12.65585,56.99615],[12.65586,56.99288],[12.65185,56.99236],[12.64667,56.98811],[12.63841,56.99222],[12.62366,56.98801],[12.6156,56.98853],[12.61017,56.99191]]],[[[12.71394,57.1173],[12.71352,57.12145],[12.7261,57.12669],[12.72243,57.12798],[12.72152,57.13058],[12.72464,57.13428],[12.72266,57.14011],[12.71907,57.14033],[12.7093,57.13788],[12.70936,57.1353],[12.71493,57.13365],[12.70526,57.12974],[12.70757,57.12482],[12.7062,57.12137],[12.69153,57.11431],[12.68774,57.11362],[12.68718,57.11164],[12.69141,57.10993],[12.70034,57.10911],[12.70439,57.11043],[12.71409,57.11045],[12.71726,57.11432],[12.71394,57.1173]]]]}},{"type":"Feature","properties":{"fs":"TRANSITB","t":30.0},"geometry":{"type":"MultiPolygon","coordinates":[[[[12.37106,56.93209],[12.37916,56.9328],[12.3788,56.93492],[12.36975,56.93511],[12.36346,56.93188],[12.36689,56.93001],[12.37106,56.93209]]],[[[12.5565,56.95356],[12.56967,56.95398],[12.57651,56.95835],[12.57421,56.96221],[12.57949,56.96342],[12.58126,56.96829],[12.59129,56.96818],[12.59296,56.96949],[12.58313,56.97611],[12.58618,56.97893],[12.58717,56.98306],[12.59242,56.98264],[12.5949,56.97999],[12.60046,56.97965],[12.60253,56.98058],[12.59175,56.98841],[12.59564,56.99298],[12.59333,56.99563],[12.59396,56.99853],[12.59055,57.00041],[12.59874,57.00472],[12.59918,57.00697],[12.5971,57.00963],[12.60034,57.01374],[12.59841,57.01729],[12.5919,57.01703],[12.58827,57.01528],[12.58264,57.01607],[12.58115,57.01517],[12.57679,57.00896],[12.58076,57.00735],[12.58562,57.0002],[12.57425,56.99457],[12.57209,56.9891],[12.56733,56.98867],[12.5652,56.98509],[12.56153,56.98327],[12.55927,56.97924],[12.56029,56.97634],[12.56375,56.97574],[12.57208,56.97663],[12.56436,56.97364],[12.56287,56.97074],[12.55594,56.96934],[12.54954,56.96944],[12.54846,56.9669],[12.54017,56.96096],[12.53252,56.96277],[12.52217,56.95763],[12.51672,56.95931],[12.5048,56.95909],[12.49666,56.96088],[12.49028,56.95137],[12.48416,56.948],[12.48003,56.94848],[12.47137,56.95301],[12.45809,56.95218],[12.45459,56.95649],[12.45419,56.95986],[12.45155,56.96137],[12.45315,56.96793],[12.45564,56.96833],[12.46039,56.96689],[12.46635,56.97114],[12.46525,56.97827],[12.4666,56.98341],[12.45922,56.98517],[12.45542,56.98354],[12.44311,56.98382],[12.44049,56.98465],[12.43938,56.98707],[12.4371,56.9868],[12.42973,56.98024],[12.43277,56.97411],[12.43565,56.97181],[12.43565,56.96871],[12.43407,56.96731],[12.42909,56.96648],[12.42479,56.96082],[12.42603,56.95929],[12.43139,56.95815],[12.43113,56.95072],[12.4352,56.948],[12.43484,56.94485],[12.42869,56.94247],[12.4287,56.93778],[12.43275,56.93685],[12.43608,56.93868],[12.44422,56.93614],[12.44127,56.93445],[12.43963,56.9311],[12.43609,56.93047],[12.43288,56.93324],[12.42748,56.93526],[12.42255,56.93527],[12.4201,56.93795],[12.40185,56.94192],[12.3975,56.93352],[12.40376,56.93213],[12.40553,56.92986],[12.41197,56.9288],[12.41844,56.92339],[12.41625,56.91938],[12.41166,56.91747],[12.40938,56.91826],[12.4061,56.92358],[12.40019,56.9241],[12.39783,56.92826],[12.39418,56.92841],[12.39305,56.93157],[12.38434,56.93136],[12.38259,56.92632],[12.38957,56.9249],[12.38995,56.9224],[12.39423,56.92311],[12.39669,56.92159],[12.39458,56.91795],[12.4029,56.91574],[12.40222,56.91103],[12.41203,56.9091],[12.41413,56.91027],[12.41419,56.91285],[12.4211,56.91387],[12.42377,56.90867],[12.4329,56.90425],[12.43792,56.9029],[12.44192,56.9032],[12.44303,56.89879],[12.44116,56.89701],[12.48718,56.88889],[12.52494,56.87352],[12.53507,56.87275],[12.54031,56.86957],[12.5494,56.86845],[12.55338,56.87044],[12.55438,56.8758],[12.54847,56.8777],[12.54609,56.87526],[12.54117,56.8752],[12.54786,56.88102],[12.55349,56.88132],[12.55841,56.88352],[12.56498,56.88128],[12.57234,56.88169],[12.58074,56.87867],[12.58788,56.8778],[12.59146,56.87955],[12.5901,56.88172],[12.59132,56.88245],[12.59755,56.88221],[12.60057,56.88383],[12.60677,56.88229],[12.60957,56.88353],[12.59815,56.88878],[12.59263,56.8853],[12.58028,56.88588],[12.57733,56.88707],[12.5731,56.89206],[12.55947,56.89344],[12.56196,56.89796],[12.56172,56.90278],[12.56384,56.90345],[12.5657,56.90059],[12.56868,56.90013],[12.57059,56.90074],[12.57043,56.90307],[12.57252,56.90432],[12.57971,56.90474],[12.57924,56.90841],[12.57578,56.91126],[12.58243,56.91572],[12.57953,56.91765],[12.57876,56.92454],[12.57644,56.92684],[12.58082,56.92773],[12.585,56.92587],[12.58775,56.92905],[12.59541,56.92827],[12.5932,56.93207],[12.59712,56.93406],[12.59969,56.93195],[12.60346,56.93146],[12.61127,56.93405],[12.61296,56.9365],[12.61758,56.93597],[12.61807,56.93805],[12.6215,56.94045],[12.6187,56.9436],[12.61914,56.94748],[12.62872,56.94713],[12.62933,56.95048],[12.63304,56.9537],[12.63191,56.95859],[12.62774,56.9594],[12.62801,56.9616],[12.63441,56.96333],[12.64138,56.96708],[12.64223,56.96908],[12.65021,56.97472],[12.6542,56.97409],[12.66061,56.97673],[12.6643,56.97479],[12.66777,56.97468],[12.66852,56.97846],[12.66507,56.98216],[12.66904,56.98538],[12.67026,56.98882],[12.67614,56.9918],[12.679,56.99725],[12.67794,57.00217],[12.67457,57.00301],[12.66959,56.99707],[12.66514,56.99486],[12.66532,56.99079],[12.66277,56.98936],[12.66005,56.98291],[12.65296,56.98334],[12.63969,56.98183],[12.63355,56.97669],[12.62781,56.97764],[12.62105,56.9804],[12.61405,56.9806],[12.61347,56.97883],[12.62161,56.97595],[12.62487,56.97222],[12.61784,56.97118],[12.61127,56.9667],[12.61023,56.96416],[12.60219,56.9592],[12.60342,56.95385],[12.5996,56.95171],[12.59617,56.95151],[12.59256,56.94911],[12.58326,56.9485],[12.57685,56.94592],[12.57221,56.94692],[12.56698,56.94575],[12.56357,56.94837],[12.55305,56.94865],[12.55226,56.95106],[12.5565,56.95356]],[[12.47233,56.94292],[12.46464,56.94575],[12.46836,56.94612],[12.47145,56.94795],[12.48644,56.94086],[12.48146,56.93793],[12.47571,56.93885],[12.47233,56.94292]]],[[[12.39127,56.96241],[12.38725,56.95959],[12.39022,56.95684],[12.38879,56.95378],[12.39059,56.95157],[12.39006,56.94886],[12.3966,56.94423],[12.40139,56.94404],[12.40331,56.94591],[12.40154,56.94779],[12.40293,56.94975],[12.40096,56.95224],[12.40177,56.9563],[12.39915,56.95849],[12.40084,56.96077],[12.39964,56.96423],[12.39469,56.96716],[12.39184,56.96598],[12.39127,56.96241]]],[[[12.40221,56.98537],[12.39752,56.98772],[12.39354,56.98733],[12.39007,56.98399],[12.38595,56.98255],[12.38498,56.97976],[12.38752,56.97841],[12.39052,56.97849],[12.39283,56.97543],[12.39152,56.97296],[12.39688,56.97161],[12.39992,56.97689],[12.40499,56.97696],[12.4057,56.97469],[12.41414,56.97314],[12.42097,56.97883],[12.41415,56.98531],[12.40652,56.98605],[12.40221,56.98537]]],[[[12.59959,57.04377],[12.59405,57.04344],[12.58993,57.04016],[12.59388,57.03563],[12.59323,57.03382],[12.58607,57.03073],[12.58505,57.02647],[12.58794,57.02395],[12.59874,57.02135],[12.60564,57.02507],[12.60185,57.02949],[12.60433,57.03257],[12.60749,57.03364],[12.61084,57.04534],[12.61613,57.0478],[12.61403,57.05174],[12.6188,57.05441],[12.62322,57.05487],[12.62114,57.05648],[12.62252,57.06059],[12.61838,57.06088],[12.60803,57.05837],[12.60827,57.05272],[12.59895,57.05095],[12.60211,57.04702],[12.60107,57.04476],[12.59959,57.04377]]],[[[12.26968,57.11473],[12.26554,57.11573],[12.26195,57.11869],[12.26393,57.12165],[12.26916,57.12311],[12.27157,57.12833],[12.27062,57.12991],[12.26716,57.12874],[12.26294,57.12491],[12.25757,57.12342],[12.25351,57.11885],[12.2574,57.102],[12.26573,57.10012],[12.26947,57.10189],[12.27571,57.10008],[12.27847,57.1018],[12.27245,57.10369],[12.26928,57.10649],[12.2667,57.10471],[12.26335,57.10531],[12.2701,57.10902],[12.27993,57.11001],[12.28263,57.11268],[12.27539,57.11571],[12.26968,57.11473]]],[[[12.86282,56.66421],[12.87033,56.66749],[12.87165,56.66953],[12.86652,56.67356],[12.8613,56.67205],[12.8579,56.6688],[12.85933,56.66573],[12.86282,56.66421]]],[[[12.62039,56.88118],[12.6237,56.87862],[12.62733,56.87981],[12.63098,56.87844],[12.63264,56.87955],[12.62863,56.88223],[12.63146,56.88454],[12.62989,56.88672],[12.62562,56.8861],[12.6237,56.88455],[12.62027,56.88619],[12.61048,56.88533],[12.61249,56.88276],[12.62039,56.88118]]],[[[12.67554,57.00404],[12.67868,57.00533],[12.68207,57.0125],[12.67653,57.0145],[12.67463,57.01413],[12.67156,57.00834],[12.67194,57.00565],[12.67554,57.00404]]],[[[12.64459,57.06696],[12.64159,57.06547],[12.63254,57.06394],[12.6352,57.05905],[12.64642,57.06089],[12.65133,57.06282],[12.6499,57.06583],[12.6476,57.06676],[12.64459,57.06696]]],[[[12.65803,57.0713],[12.65432,57.07123],[12.65191,57.06863],[12.65259,57.06764],[12.65841,57.06696],[12.66269,57.07108],[12.6609,57.07487],[12.65824,57.0737],[12.65803,57.0713]]]]}},{"type":"Feature","properties":{"fs":"TRANSITB","t":15.0},"geometry":{"type":"Polygon","coordinates":[[[12.45029,56.96544],[12.45031,56.96808],[12.44486,56.96961],[12.44096,56.96862],[12.43981,56.96701],[12.44268,56.96298],[12.44053,56.95959],[12.44161,56.95625],[12.44745,56.9528],[12.44348,56.9507],[12.44249,56.9486],[12.45088,56.94473],[12.45148,56.94339],[12.44828,56.93962],[12.45301,56.93758],[12.45932,56.92883],[12.46416,56.92772],[12.46049,56.92588],[12.46131,56.92432],[12.46312,56.92341],[12.46918,56.92488],[12.47096,56.92436],[12.4668,56.92209],[12.46621,56.91875],[12.46347,56.91825],[12.45961,56.91918],[12.45967,56.91676],[12.45475,56.91506],[12.46647,56.91185],[12.45654,56.9099],[12.45802,56.90628],[12.47051,56.90075],[12.46897,56.89926],[12.47029,56.89794],[12.47531,56.89954],[12.48487,56.89325],[12.49027,56.89385],[12.4916,56.89545],[12.49939,56.89246],[12.51239,56.89451],[12.5286,56.89467],[12.53695,56.89882],[12.53639,56.90252],[12.53979,56.90607],[12.54201,56.9124],[12.54891,56.91366],[12.55844,56.9134],[12.55486,56.91679],[12.55967,56.9187],[12.55457,56.92343],[12.55501,56.92704],[12.56092,56.9294],[12.56374,56.9335],[12.55984,56.93499],[12.55253,56.93361],[12.54744,56.93599],[12.54499,56.93886],[12.54173,56.93851],[12.54106,56.93934],[12.54348,56.94209],[12.55029,56.94582],[12.54919,56.95321],[12.55893,56.95832],[12.55924,56.95988],[12.55649,56.96099],[12.55406,56.96049],[12.54847,56.95468],[12.53991,56.95359],[12.53439,56.95073],[12.53413,56.94831],[12.53018,56.94845],[12.52379,56.94522],[12.51806,56.94526],[12.51213,56.94776],[12.50967,56.94771],[12.50822,56.94633],[12.51049,56.94312],[12.50071,56.94337],[12.5003,56.94033],[12.49438,56.93965],[12.49407,56.93578],[12.48684,56.9326],[12.47272,56.93477],[12.46537,56.93417],[12.45835,56.93809],[12.453,56.95016],[12.45478,56.95268],[12.45256,56.95468],[12.45386,56.95827],[12.45073,56.96202],[12.44667,56.96312],[12.45029,56.96544]]]}},{"type":"Feature","properties":{"fs":"CAR","t":60.0},"geometry":{"type":"MultiPolygon","coordinates":[[[[12.83405,56.18654],[12.83947,56.17295],[12.85497,56.17266],[12.84933,56.17909],[12.85006,56.18844],[12.846,56.189],[12.84048,56.18413],[12.83405,56.18654]]],[[[12.79989,56.36533],[12.80331,56.36743],[12.79709,56.37434],[12.7933,56.37427],[12.79072,56.37071],[12.79989,56.36533]]],[[[12.05159,57.62943],[12.045,57.63377],[12.0473,57.6393],[12.01727,57.65418],[12.01048,57.65233],[12.00596,57.65476],[12.00094,57.64888],[11.98732,57.64898],[11.98243,57.64633],[11.986,57.64277],[11.99489,57.64607],[12.01886,57.64284],[12.02118,57.63849],[12.01038,57.63295],[12.01954,57.62446],[12.02664,57.62291],[12.01743,57.62114],[12.01442,57.61802],[12.03036,57.61592],[12.04095,57.60788],[12.03448,57.606],[12.0362,57.5988],[12.0494,57.59413],[12.01246,57.57726],[12.01094,57.57349],[12.01625,57.57088],[12.00864,57.56649],[11.99642,57.56577],[11.99255,57.56989],[11.98577,57.56657],[11.97544,57.56826],[11.97584,57.57596],[11.97009,57.57596],[11.96279,57.58042],[11.96047,57.56906],[11.94805,57.56516],[11.95797,57.50164],[11.93374,57.46055],[11.93025,57.45124],[11.93939,57.44966],[11.93992,57.44645],[11.9309,57.43906],[11.9305,57.43308],[11.93882,57.42844],[11.9394,57.43702],[11.94486,57.43723],[11.94929,57.44344],[11.96417,57.44619],[11.9686,57.45113],[11.97182,57.44497],[11.97722,57.44735],[11.98611,57.44695],[11.98868,57.442],[11.98579,57.43841],[11.97817,57.44063],[11.96636,57.43957],[11.97178,57.43286],[11.96516,57.43414],[11.9656,57.42783],[11.97816,57.42813],[11.97263,57.42252],[11.96519,57.42445],[11.96417,57.42105],[11.9573,57.41906],[11.93893,57.42093],[11.95854,57.41038],[11.95308,57.40093],[11.95811,57.39449],[11.96016,57.39713],[11.968,57.39671],[11.95977,57.39244],[11.9613,57.3904],[11.9711,57.39074],[11.988,57.40021],[11.99067,57.39946],[11.98661,57.39498],[11.99836,57.39449],[11.99501,57.38458],[12.00621,57.39067],[12.00734,57.38487],[12.02028,57.38724],[12.02104,57.39601],[12.05065,57.41707],[12.07274,57.45009],[12.09217,57.4615],[12.11131,57.45576],[12.12215,57.4347],[12.12284,57.38704],[12.10094,57.35088],[12.11455,57.34118],[12.14916,57.3467],[12.16368,57.33758],[12.18246,57.27688],[12.13416,57.26229],[12.13277,57.22269],[12.19767,57.18266],[12.24876,57.13947],[12.26173,57.08315],[12.29333,57.04419],[12.34089,57.02811],[12.36947,56.99356],[12.37258,56.96681],[12.35867,56.93489],[12.41026,56.90245],[12.48718,56.88889],[12.56491,56.85723],[12.62347,56.82984],[12.62239,56.78124],[12.65899,56.72943],[12.73839,56.64173],[12.79372,56.64139],[12.8488,56.66265],[12.90812,56.64407],[12.94012,56.59413],[12.95438,56.54971],[12.953,56.50172],[12.93577,56.47178],[12.90379,56.44424],[12.84569,56.43034],[12.78253,56.45156],[12.78924,56.44567],[12.77252,56.44116],[12.7715,56.44704],[12.76419,56.44129],[12.76328,56.44605],[12.75557,56.44338],[12.75811,56.44764],[12.7508,56.45116],[12.74559,56.44503],[12.74685,56.43803],[12.73083,56.43739],[12.72447,56.43355],[12.727,56.43163],[12.7314,56.43424],[12.74311,56.43347],[12.74539,56.43133],[12.74096,56.42901],[12.74806,56.42612],[12.75661,56.43006],[12.75997,56.42184],[12.76371,56.42996],[12.76872,56.42677],[12.78414,56.43168],[12.76971,56.42279],[12.78739,56.4238],[12.78915,56.41955],[12.78386,56.41904],[12.78201,56.41381],[12.7867,56.40954],[12.78277,56.40729],[12.80529,56.40334],[12.79878,56.39333],[12.80105,56.38031],[12.8065,56.38223],[12.80855,56.39069],[12.83088,56.39867],[12.82809,56.39433],[12.84026,56.39405],[12.84006,56.38406],[12.84839,56.38451],[12.85174,56.3789],[12.85562,56.37981],[12.85596,56.38731],[12.86173,56.38137],[12.89614,56.37533],[12.89342,56.36483],[12.8671,56.35773],[12.86741,56.35221],[12.86271,56.3526],[12.86178,56.35567],[12.8504,56.35491],[12.84992,56.35734],[12.83709,56.35833],[12.83085,56.35471],[12.82071,56.35503],[12.81659,56.35194],[12.80482,56.34983],[12.80221,56.3514],[12.80812,56.35417],[12.79977,56.36442],[12.79529,56.35732],[12.78185,56.35356],[12.79014,56.35238],[12.79452,56.34874],[12.77427,56.34465],[12.79207,56.34293],[12.79072,56.34003],[12.79565,56.3357],[12.78901,56.33464],[12.78557,56.33945],[12.7685,56.33086],[12.77352,56.32716],[12.77299,56.32336],[12.78688,56.32346],[12.79462,56.32725],[12.80534,56.32323],[12.8047,56.31971],[12.79856,56.32171],[12.78811,56.31527],[12.81311,56.3141],[12.80858,56.31084],[12.81527,56.30866],[12.81479,56.30374],[12.82131,56.30013],[12.80967,56.30027],[12.82721,56.2942],[12.8244,56.28987],[12.82909,56.28454],[12.83932,56.28318],[12.85322,56.27169],[12.84153,56.27303],[12.84152,56.27036],[12.84902,56.26558],[12.85568,56.26591],[12.87021,56.25654],[12.86395,56.25348],[12.86242,56.24243],[12.86773,56.2421],[12.86772,56.24007],[12.86414,56.23411],[12.86018,56.23516],[12.85573,56.23122],[12.85975,56.22701],[12.85788,56.22431],[12.87136,56.21762],[12.86884,56.21608],[12.85765,56.21939],[12.85396,56.21792],[12.85353,56.20893],[12.84151,56.19271],[12.85515,56.19211],[12.85206,56.18419],[12.85456,56.18227],[12.86351,56.18804],[12.87985,56.18253],[12.88478,56.18451],[12.88329,56.18634],[12.87238,56.19016],[12.86798,56.19682],[12.8586,56.19783],[12.8584,56.20157],[12.86355,56.20405],[12.85887,56.20664],[12.86074,56.21374],[12.88237,56.20985],[12.8788,56.20389],[12.88673,56.20403],[12.88942,56.20997],[12.89637,56.21191],[12.90654,56.20338],[12.91383,56.21052],[12.93292,56.20691],[12.93314,56.21225],[12.92632,56.21261],[12.92206,56.21684],[12.92564,56.22055],[12.9296,56.21725],[12.93532,56.21861],[12.94291,56.21494],[12.94581,56.20853],[12.95042,56.21198],[12.95424,56.20755],[12.95815,56.20986],[12.97216,56.20826],[12.95652,56.21482],[12.95033,56.22068],[12.94854,56.22831],[12.94081,56.22895],[12.93952,56.23272],[12.94402,56.2349],[12.9414,56.23675],[12.93606,56.23772],[12.93337,56.23304],[12.92629,56.23643],[12.91941,56.23323],[12.91127,56.23456],[12.9282,56.24538],[12.93659,56.24426],[12.94306,56.24917],[12.95276,56.25074],[12.96168,56.24895],[12.9657,56.2446],[12.95375,56.24171],[12.96905,56.24074],[12.97321,56.23594],[12.97689,56.23797],[12.97813,56.24305],[12.97048,56.2485],[12.98339,56.25345],[12.98017,56.25712],[12.98301,56.26054],[12.97464,56.26248],[12.99455,56.27161],[12.98101,56.27792],[12.98386,56.28765],[12.97553,56.28752],[12.98221,56.29254],[12.9877,56.29136],[12.99102,56.29718],[12.97083,56.29291],[12.9654,56.29535],[12.9547,56.29007],[12.94583,56.28937],[12.94378,56.29124],[12.9582,56.30015],[12.96675,56.3009],[12.97448,56.29784],[12.97274,56.3053],[12.99295,56.3116],[13.00929,56.30842],[13.01275,56.30981],[13.00612,56.31595],[12.99826,56.31639],[13.00187,56.3215],[12.98983,56.3229],[12.99805,56.32523],[12.9936,56.32825],[13.00348,56.33255],[12.98698,56.33881],[13.00694,56.34384],[12.99183,56.3475],[12.98324,56.3461],[12.98325,56.352],[13.02366,56.35611],[13.03137,56.35118],[13.0188,56.34424],[13.02076,56.34301],[13.05256,56.35166],[13.05929,56.35855],[13.0642,56.35647],[13.06842,56.36054],[13.07598,56.36108],[13.08122,56.36502],[13.05798,56.36433],[13.0475,56.36885],[13.04728,56.37081],[13.05263,56.37005],[13.06223,56.37526],[13.05949,56.3769],[13.05412,56.3755],[13.05052,56.37914],[13.06813,56.38368],[13.08804,56.37692],[13.08586,56.37338],[13.07643,56.36965],[13.08354,56.3666],[13.09415,56.36943],[13.0925,56.37222],[13.09829,56.37525],[13.10817,56.37751],[13.10453,56.37444],[13.11323,56.37253],[13.10934,56.36924],[13.12154,56.36817],[13.11617,56.36429],[13.12303,56.35836],[13.13641,56.36413],[13.13493,56.36851],[13.14319,56.37043],[13.13258,56.37269],[13.13154,56.37576],[13.13745,56.37402],[13.14848,56.37606],[13.1517,56.37227],[13.16763,56.37082],[13.16799,56.36507],[13.1724,56.36261],[13.17991,56.36426],[13.17763,56.36184],[13.18092,56.35908],[13.18571,56.36196],[13.19337,56.36062],[13.1944,56.36279],[13.18342,56.37035],[13.18578,56.3739],[13.17539,56.37417],[13.16881,56.37954],[13.17254,56.38086],[13.17188,56.38422],[13.16054,56.38841],[13.17662,56.39623],[13.17111,56.39488],[13.16567,56.39747],[13.15488,56.39417],[13.15558,56.40027],[13.16948,56.40244],[13.17182,56.39854],[13.17887,56.40202],[13.17923,56.39725],[13.18715,56.40102],[13.20439,56.39776],[13.20422,56.4014],[13.18551,56.40623],[13.17564,56.41138],[13.19741,56.41156],[13.19817,56.41704],[13.20914,56.42071],[13.21501,56.41799],[13.21611,56.42334],[13.2374,56.42322],[13.23199,56.43059],[13.23779,56.43666],[13.25621,56.4329],[13.26421,56.43525],[13.29071,56.43211],[13.29517,56.43428],[13.29251,56.43705],[13.28608,56.43738],[13.28753,56.44077],[13.26893,56.4429],[13.2655,56.44777],[13.25145,56.44813],[13.25395,56.45173],[13.224,56.44971],[13.20352,56.45938],[13.20901,56.46199],[13.2186,56.45665],[13.22672,56.45672],[13.23149,56.46315],[13.24049,56.46412],[13.24956,56.47001],[13.26766,56.47082],[13.2579,56.4735],[13.2615,56.4779],[13.31276,56.4948],[13.31598,56.50013],[13.3201,56.49247],[13.32021,56.47955],[13.31663,56.47625],[13.32228,56.47031],[13.32861,56.48079],[13.32505,56.49871],[13.3283,56.50521],[13.33219,56.5033],[13.33244,56.49769],[13.33671,56.49859],[13.3397,56.49399],[13.34321,56.49509],[13.3448,56.50234],[13.35569,56.49996],[13.35753,56.48875],[13.36391,56.49773],[13.37348,56.49346],[13.39711,56.49304],[13.33052,56.51437],[13.33572,56.52132],[13.31595,56.52779],[13.31104,56.53643],[13.30752,56.53273],[13.30913,56.5232],[13.29368,56.52973],[13.29602,56.53419],[13.28968,56.54147],[13.27626,56.54136],[13.28236,56.55527],[13.26547,56.54671],[13.2628,56.55121],[13.26683,56.55576],[13.25212,56.55227],[13.25067,56.55609],[13.25539,56.56135],[13.2455,56.5589],[13.24131,56.56345],[13.22711,56.5625],[13.22429,56.56845],[13.20316,56.56892],[13.19553,56.56626],[13.18575,56.57133],[13.20693,56.5752],[13.21631,56.57315],[13.22725,56.57401],[13.23038,56.57771],[13.22432,56.58268],[13.22634,56.5879],[13.23525,56.59378],[13.24648,56.5964],[13.24863,56.59201],[13.23476,56.58942],[13.23013,56.58486],[13.26378,56.5779],[13.27286,56.57962],[13.27751,56.5743],[13.2695,56.56965],[13.26016,56.56821],[13.26024,56.56634],[13.28505,56.569],[13.2914,56.5634],[13.28299,56.55823],[13.29617,56.55925],[13.30183,56.5554],[13.30704,56.56621],[13.30169,56.56656],[13.30198,56.57126],[13.29337,56.57143],[13.28691,56.5785],[13.29671,56.58818],[13.29636,56.59365],[13.27972,56.58551],[13.2777,56.58876],[13.26941,56.59117],[13.2675,56.60786],[13.2753,56.60712],[13.28726,56.59886],[13.29184,56.59871],[13.2932,56.60442],[13.28646,56.61088],[13.30172,56.61689],[13.30364,56.62239],[13.31437,56.6244],[13.31973,56.61854],[13.33556,56.62896],[13.34242,56.62951],[13.34029,56.63159],[13.35045,56.63222],[13.33887,56.63789],[13.33589,56.63322],[13.32539,56.63448],[13.32833,56.63136],[13.31962,56.63036],[13.31391,56.63671],[13.31083,56.62951],[13.30329,56.62913],[13.29352,56.63307],[13.29678,56.63606],[13.28634,56.63595],[13.2776,56.64969],[13.27425,56.63842],[13.26527,56.63698],[13.26152,56.64381],[13.2802,56.65331],[13.27108,56.65768],[13.26876,56.66193],[13.2815,56.66947],[13.27973,56.67099],[13.26811,56.6695],[13.26364,56.66698],[13.25886,56.66839],[13.27539,56.67767],[13.27177,56.67882],[13.25241,56.67546],[13.25403,56.67913],[13.26461,56.68199],[13.25837,56.68446],[13.26234,56.68697],[13.25436,56.68924],[13.25989,56.69035],[13.2677,56.69799],[13.27447,56.69697],[13.28508,56.69171],[13.2837,56.68296],[13.27695,56.67992],[13.28898,56.67891],[13.29714,56.67336],[13.29219,56.68691],[13.30322,56.69132],[13.30813,56.68914],[13.3133,56.69209],[13.31346,56.69904],[13.32535,56.7057],[13.32425,56.71379],[13.33517,56.7232],[13.34479,56.71481],[13.33018,56.70657],[13.32647,56.6981],[13.32973,56.69758],[13.33586,56.70323],[13.34765,56.70793],[13.35674,56.71022],[13.36396,56.70849],[13.37163,56.70038],[13.36443,56.68589],[13.3739,56.68216],[13.38242,56.70277],[13.37645,56.71483],[13.38622,56.71321],[13.39329,56.71498],[13.40125,56.70792],[13.41203,56.70652],[13.40504,56.71485],[13.4144,56.72913],[13.43038,56.73174],[13.43864,56.7296],[13.45394,56.73035],[13.45983,56.73604],[13.48113,56.73679],[13.48717,56.74452],[13.48482,56.74673],[13.47082,56.74226],[13.46098,56.74242],[13.45651,56.75172],[13.45304,56.74606],[13.45019,56.7499],[13.44597,56.75007],[13.44316,56.74383],[13.41985,56.73933],[13.40726,56.7409],[13.40268,56.73457],[13.37988,56.7302],[13.38094,56.73525],[13.37629,56.74031],[13.3894,56.75424],[13.40228,56.75595],[13.39003,56.75958],[13.39007,56.77559],[13.38644,56.77068],[13.37103,56.76926],[13.38083,56.76747],[13.38351,56.76455],[13.37837,56.75326],[13.3711,56.74712],[13.36341,56.74857],[13.35397,56.75939],[13.35461,56.74733],[13.34688,56.74287],[13.33291,56.741],[13.32701,56.74359],[13.32567,56.74779],[13.31745,56.7422],[13.30414,56.74076],[13.30513,56.7461],[13.29979,56.75031],[13.31133,56.75508],[13.30519,56.76099],[13.28955,56.75912],[13.29234,56.7653],[13.30327,56.76377],[13.30574,56.76577],[13.30305,56.76868],[13.28838,56.7708],[13.29019,56.77791],[13.29602,56.77996],[13.3084,56.77774],[13.31664,56.78501],[13.31676,56.79077],[13.33144,56.79738],[13.33731,56.79764],[13.33438,56.80027],[13.33887,56.80279],[13.33113,56.80416],[13.3191,56.79473],[13.31234,56.79534],[13.30781,56.79921],[13.2991,56.79657],[13.29439,56.79903],[13.29387,56.7906],[13.28243,56.79479],[13.27168,56.79492],[13.27146,56.79956],[13.27793,56.80348],[13.28327,56.8044],[13.27956,56.80149],[13.29088,56.8001],[13.29461,56.80437],[13.28948,56.80837],[13.29345,56.81116],[13.28263,56.81557],[13.29294,56.82238],[13.28348,56.8278],[13.28787,56.83993],[13.29615,56.84192],[13.28934,56.84529],[13.30187,56.86273],[13.28874,56.85848],[13.28357,56.85925],[13.28489,56.8529],[13.27562,56.85395],[13.26944,56.85796],[13.26648,56.87979],[13.24704,56.8842],[13.26273,56.88873],[13.28772,56.8864],[13.28617,56.8894],[13.27855,56.89319],[13.27281,56.89259],[13.26907,56.89583],[13.27466,56.89697],[13.28273,56.89434],[13.29026,56.90371],[13.28444,56.90756],[13.27222,56.90542],[13.2455,56.91348],[13.24815,56.92615],[13.24225,56.93147],[13.24777,56.93429],[13.29192,56.92352],[13.29036,56.91831],[13.30283,56.91497],[13.30798,56.909],[13.31552,56.90686],[13.31752,56.90239],[13.30136,56.89663],[13.31705,56.88989],[13.30854,56.88521],[13.31411,56.87932],[13.31208,56.87227],[13.3194,56.87771],[13.31948,56.8815],[13.33053,56.88684],[13.3446,56.88478],[13.35291,56.89107],[13.35157,56.89428],[13.34063,56.89035],[13.33286,56.89207],[13.3392,56.8965],[13.33051,56.89882],[13.33645,56.90545],[13.33571,56.91443],[13.35507,56.90612],[13.35567,56.90421],[13.34983,56.90282],[13.35459,56.89966],[13.39553,56.90201],[13.40504,56.89582],[13.41015,56.8963],[13.40441,56.90444],[13.39225,56.90689],[13.38693,56.91117],[13.37981,56.90658],[13.37089,56.90815],[13.36838,56.91879],[13.35772,56.92167],[13.37169,56.93315],[13.38398,56.93191],[13.38835,56.93772],[13.3838,56.94201],[13.38573,56.95383],[13.38121,56.95434],[13.37534,56.94172],[13.36089,56.94312],[13.35509,56.94648],[13.36116,56.94881],[13.35337,56.95058],[13.34216,56.94273],[13.3332,56.94205],[13.3295,56.9486],[13.33766,56.965],[13.32991,56.97528],[13.31962,56.97561],[13.3128,56.98039],[13.32813,56.98635],[13.33841,56.98663],[13.34257,56.98359],[13.3379,56.97679],[13.34316,56.97228],[13.35263,56.97614],[13.386,56.97433],[13.39343,56.98383],[13.41138,56.98804],[13.41449,56.98144],[13.43177,56.9945],[13.43312,56.99908],[13.42644,57.00082],[13.41817,56.99159],[13.40395,56.99328],[13.3968,56.99806],[13.39452,56.99143],[13.38252,56.98945],[13.37701,56.99191],[13.37613,57.00022],[13.36535,57.00565],[13.36282,57.00457],[13.367,56.99149],[13.33162,57.00029],[13.33496,57.0177],[13.34601,57.02884],[13.35094,57.01726],[13.36087,57.01388],[13.37466,57.01623],[13.35854,57.01988],[13.35749,57.02422],[13.36026,57.02763],[13.36749,57.02716],[13.37407,57.02987],[13.35911,57.03196],[13.35622,57.03431],[13.36219,57.03945],[13.37564,57.03513],[13.37792,57.03881],[13.37001,57.04025],[13.36824,57.04331],[13.3841,57.0478],[13.3767,57.05213],[13.37968,57.05462],[13.37597,57.05694],[13.38753,57.06371],[13.38238,57.06357],[13.36826,57.05665],[13.36388,57.06249],[13.35782,57.0568],[13.35707,57.04949],[13.35019,57.04575],[13.34596,57.04822],[13.35643,57.06183],[13.36375,57.0653],[13.36999,57.06426],[13.36693,57.07432],[13.3758,57.09634],[13.38924,57.09567],[13.39173,57.09767],[13.37936,57.10144],[13.37905,57.11239],[13.36865,57.10635],[13.37138,57.10302],[13.36801,57.0975],[13.3542,57.09482],[13.36176,57.0911],[13.36117,57.08885],[13.3448,57.08592],[13.35303,57.08257],[13.33865,57.07339],[13.32841,57.07192],[13.31926,57.07482],[13.32029,57.06903],[13.30389,57.06843],[13.29951,57.07111],[13.31016,57.07638],[13.30121,57.08054],[13.30923,57.08549],[13.28161,57.08062],[13.27664,57.0821],[13.27625,57.08504],[13.26914,57.08537],[13.27431,57.09349],[13.26897,57.09744],[13.26192,57.09369],[13.26292,57.08893],[13.2514,57.08708],[13.23763,57.09468],[13.23066,57.09494],[13.23713,57.10514],[13.24843,57.10635],[13.25162,57.10983],[13.2635,57.10691],[13.26055,57.10097],[13.26531,57.09851],[13.27835,57.10929],[13.27799,57.11427],[13.28729,57.11397],[13.2963,57.1174],[13.30114,57.11023],[13.30556,57.11506],[13.31378,57.1104],[13.31719,57.11485],[13.32205,57.11276],[13.3291,57.11678],[13.32859,57.11944],[13.33451,57.12261],[13.3417,57.1206],[13.35301,57.12159],[13.35767,57.1258],[13.35067,57.12795],[13.34247,57.12651],[13.32148,57.13409],[13.31243,57.12667],[13.28642,57.12737],[13.28473,57.13415],[13.29368,57.13596],[13.29324,57.14185],[13.30722,57.14106],[13.30031,57.14813],[13.30692,57.15313],[13.31417,57.1529],[13.31583,57.1562],[13.31226,57.15783],[13.30188,57.15601],[13.29564,57.15143],[13.28861,57.15246],[13.287,57.14822],[13.27885,57.14853],[13.27433,57.143],[13.26607,57.14106],[13.26338,57.13424],[13.2503,57.13228],[13.26015,57.14982],[13.2774,57.1641],[13.28144,57.17258],[13.278,57.17618],[13.26349,57.15941],[13.25745,57.16158],[13.25321,57.15632],[13.24233,57.15617],[13.24103,57.1591],[13.22179,57.15356],[13.21905,57.14864],[13.22435,57.13865],[13.22153,57.13709],[13.20769,57.14866],[13.21691,57.16087],[13.20789,57.16055],[13.2023,57.16375],[13.18708,57.16596],[13.18225,57.16177],[13.18959,57.15496],[13.18994,57.14939],[13.18375,57.14755],[13.17831,57.15055],[13.17716,57.16324],[13.17095,57.16807],[13.18375,57.16797],[13.19087,57.17453],[13.19857,57.1768],[13.23519,57.17856],[13.21603,57.18107],[13.21113,57.18423],[13.20251,57.18088],[13.18394,57.17991],[13.18637,57.18837],[13.17388,57.18117],[13.16882,57.19036],[13.16216,57.18114],[13.1527,57.17749],[13.1336,57.16309],[13.13468,57.15876],[13.12524,57.15728],[13.12438,57.1514],[13.09261,57.14121],[13.09598,57.14856],[13.11839,57.15732],[13.12347,57.16245],[13.11974,57.16633],[13.12808,57.17003],[13.12437,57.17622],[13.10015,57.16449],[13.11147,57.17905],[13.12214,57.17858],[13.12263,57.18588],[13.1277,57.18786],[13.13236,57.18771],[13.13678,57.18202],[13.14056,57.18405],[13.13691,57.19238],[13.14175,57.19979],[13.1397,57.20116],[13.13244,57.19747],[13.12902,57.1996],[13.13172,57.20561],[13.13863,57.20704],[13.12318,57.22085],[13.12134,57.22644],[13.11238,57.22967],[13.11436,57.23321],[13.10617,57.23464],[13.10605,57.24207],[13.09784,57.2456],[13.08861,57.24378],[13.06566,57.25185],[13.06705,57.26156],[13.07191,57.26598],[13.06108,57.27249],[13.05602,57.27248],[13.0631,57.26599],[13.05834,57.25805],[13.04639,57.2618],[13.04667,57.25825],[13.03588,57.25821],[13.03229,57.26712],[13.00444,57.2631],[13.00665,57.27163],[13.01293,57.27384],[13.01095,57.27921],[12.99843,57.27361],[13.01083,57.28988],[13.00801,57.2977],[12.99098,57.27946],[12.98223,57.28858],[12.97669,57.28232],[12.9662,57.28608],[12.96005,57.28331],[12.94815,57.28593],[12.9489,57.29268],[12.95713,57.29478],[12.95813,57.30006],[12.9406,57.30658],[12.94624,57.3078],[12.95245,57.30495],[12.95447,57.31369],[12.96349,57.31166],[12.9651,57.31386],[12.95011,57.31755],[12.93877,57.33309],[12.94154,57.33613],[12.95158,57.33765],[12.95715,57.34497],[12.95143,57.34509],[12.93924,57.34011],[12.93184,57.34708],[12.93365,57.35027],[12.94844,57.35367],[12.94583,57.35861],[12.93017,57.35372],[12.91612,57.35405],[12.92207,57.36465],[12.93868,57.37792],[12.93117,57.3821],[12.90764,57.35897],[12.90324,57.36367],[12.89889,57.36016],[12.89038,57.35905],[12.88196,57.36696],[12.87608,57.35921],[12.87021,57.35743],[12.86516,57.36752],[12.86279,57.35541],[12.85609,57.35894],[12.84892,57.35573],[12.84219,57.36123],[12.83717,57.36269],[12.82913,57.36087],[12.82451,57.36584],[12.82141,57.36551],[12.82023,57.35917],[12.8257,57.35161],[12.83412,57.35276],[12.8418,57.34353],[12.84517,57.35024],[12.85391,57.34735],[12.85878,57.33961],[12.85168,57.3277],[12.85988,57.32601],[12.86558,57.32077],[12.85956,57.31435],[12.84024,57.31627],[12.84537,57.32478],[12.83812,57.32887],[12.83563,57.32707],[12.83975,57.32469],[12.82906,57.32394],[12.82251,57.31624],[12.81923,57.31759],[12.81796,57.34495],[12.81166,57.35902],[12.8068,57.34918],[12.80968,57.34438],[12.8068,57.3244],[12.78534,57.31223],[12.78564,57.32669],[12.78003,57.32793],[12.77583,57.32441],[12.76455,57.32852],[12.77837,57.33822],[12.76709,57.33577],[12.7522,57.33733],[12.74434,57.34267],[12.75193,57.34603],[12.73717,57.34942],[12.74089,57.3544],[12.73368,57.35975],[12.72828,57.3547],[12.71414,57.35223],[12.70783,57.35352],[12.70528,57.34861],[12.69195,57.34789],[12.69135,57.34494],[12.6842,57.34508],[12.68407,57.35617],[12.6782,57.35986],[12.68055,57.36267],[12.67693,57.3651],[12.67975,57.37238],[12.68195,57.37467],[12.68798,57.37169],[12.69937,57.37239],[12.70184,57.37447],[12.69253,57.38062],[12.69028,57.38886],[12.68456,57.3889],[12.68424,57.39191],[12.67693,57.3943],[12.66895,57.40532],[12.66405,57.40677],[12.65887,57.40438],[12.65469,57.4087],[12.6464,57.40209],[12.64453,57.41097],[12.65345,57.41591],[12.65072,57.41783],[12.6434,57.41846],[12.62633,57.41014],[12.62031,57.41325],[12.62781,57.41803],[12.60868,57.41608],[12.60591,57.40807],[12.59021,57.40412],[12.58169,57.39525],[12.5785,57.39631],[12.57535,57.40067],[12.57688,57.41692],[12.56802,57.41703],[12.57455,57.42067],[12.58006,57.41993],[12.57978,57.42821],[12.58847,57.43062],[12.58315,57.43234],[12.57084,57.43155],[12.5655,57.43537],[12.55751,57.42904],[12.55395,57.4329],[12.58879,57.45342],[12.59732,57.45312],[12.60366,57.44916],[12.59904,57.44606],[12.60193,57.44375],[12.61203,57.44848],[12.60439,57.45307],[12.60031,57.46441],[12.60803,57.46596],[12.61857,57.47615],[12.60467,57.47741],[12.60408,57.47318],[12.59764,57.46941],[12.59247,57.47268],[12.58388,57.45876],[12.56915,57.45302],[12.54738,57.4617],[12.54275,57.45445],[12.5369,57.4542],[12.52777,57.45823],[12.53019,57.46495],[12.52024,57.46945],[12.52029,57.479],[12.52678,57.48058],[12.52007,57.48482],[12.50929,57.4771],[12.50308,57.47642],[12.49582,57.47978],[12.48949,57.4732],[12.47912,57.47243],[12.48669,57.46472],[12.47972,57.45987],[12.48037,57.45546],[12.46908,57.45552],[12.47757,57.46468],[12.46796,57.46238],[12.46343,57.46566],[12.46018,57.45987],[12.43675,57.45599],[12.43519,57.4516],[12.42624,57.45353],[12.42094,57.45848],[12.42962,57.46095],[12.42062,57.46296],[12.42775,57.4654],[12.42366,57.46799],[12.42574,57.4717],[12.45429,57.47158],[12.45916,57.46894],[12.46228,57.47097],[12.45494,57.47531],[12.45064,57.48463],[12.44665,57.48392],[12.44279,57.4776],[12.4376,57.48535],[12.43366,57.47952],[12.4267,57.48036],[12.42561,57.48595],[12.41585,57.48631],[12.41706,57.49252],[12.41109,57.49829],[12.40851,57.48687],[12.39912,57.48695],[12.39496,57.48304],[12.37876,57.47998],[12.36669,57.47378],[12.34993,57.47486],[12.30772,57.46748],[12.29197,57.4691],[12.27141,57.4634],[12.25591,57.46341],[12.23392,57.45444],[12.24244,57.46228],[12.2557,57.46847],[12.26786,57.47081],[12.27945,57.46926],[12.29978,57.47976],[12.31208,57.47909],[12.32522,57.48667],[12.34611,57.48805],[12.33703,57.49095],[12.33919,57.49357],[12.34514,57.49418],[12.35741,57.49044],[12.36511,57.49334],[12.3661,57.49638],[12.36091,57.49606],[12.35708,57.49858],[12.3641,57.50244],[12.34718,57.50558],[12.34019,57.51318],[12.35155,57.51728],[12.3607,57.51045],[12.36087,57.51586],[12.36792,57.52001],[12.39165,57.52576],[12.37955,57.52706],[12.36425,57.52386],[12.35859,57.52641],[12.35456,57.52253],[12.3385,57.52083],[12.3373,57.52428],[12.34463,57.52635],[12.34079,57.52884],[12.34512,57.53757],[12.34164,57.53869],[12.33875,57.53301],[12.32622,57.5246],[12.32176,57.52676],[12.31386,57.52589],[12.30071,57.51785],[12.2803,57.51913],[12.27673,57.51456],[12.26807,57.5169],[12.26442,57.51331],[12.26047,57.51556],[12.26386,57.51913],[12.24786,57.51674],[12.24687,57.51082],[12.23616,57.50581],[12.22799,57.50863],[12.23547,57.51773],[12.2657,57.52766],[12.24468,57.5295],[12.22987,57.52337],[12.22814,57.52726],[12.22282,57.52855],[12.21065,57.52379],[12.2078,57.53215],[12.19998,57.52348],[12.18899,57.51706],[12.18376,57.51715],[12.18082,57.51358],[12.17929,57.51642],[12.1853,57.52091],[12.18136,57.52454],[12.1722,57.51948],[12.15931,57.51944],[12.15659,57.52314],[12.14029,57.52907],[12.14753,57.52996],[12.15141,57.5337],[12.15908,57.53247],[12.15814,57.53778],[12.1629,57.53705],[12.16613,57.5426],[12.17295,57.54549],[12.15766,57.54901],[12.15246,57.54538],[12.13251,57.54914],[12.12325,57.55637],[12.11922,57.54785],[12.11658,57.55158],[12.102,57.55097],[12.10057,57.55585],[12.09387,57.55542],[12.08848,57.55889],[12.08709,57.57085],[12.10626,57.5762],[12.10545,57.57991],[12.10998,57.58212],[12.09859,57.58726],[12.09527,57.59276],[12.10783,57.59597],[12.11523,57.60169],[12.11144,57.60328],[12.09504,57.60221],[12.09137,57.60563],[12.0771,57.60741],[12.07596,57.61068],[12.06757,57.61196],[12.06028,57.61643],[12.05559,57.61295],[12.04933,57.61932],[12.05159,57.62943]],[[12.82353,56.31007],[12.83297,56.30532],[12.83172,56.30074],[12.82183,56.30667],[12.82353,56.31007]],[[12.71734,57.28391],[12.72051,57.2886],[12.72665,57.28538],[12.71725,57.27703],[12.72349,57.26423],[12.71012,57.26253],[12.71139,57.2758],[12.68487,57.28907],[12.69501,57.28856],[12.71121,57.28254],[12.71734,57.28391]],[[12.7294,57.3351],[12.73886,57.33049],[12.73825,57.3375],[12.74892,57.32976],[12.74901,57.32146],[12.76479,57.31383],[12.76278,57.30424],[12.74932,57.30804],[12.75053,57.31231],[12.73281,57.32056],[12.7294,57.3351]],[[12.70225,57.31396],[12.70131,57.32279],[12.71838,57.32994],[12.72209,57.33581],[12.72459,57.32883],[12.71466,57.31882],[12.70528,57.3195],[12.70613,57.31404],[12.70225,57.31396]],[[12.67503,57.33811],[12.66737,57.33443],[12.66175,57.34193],[12.66321,57.34596],[12.67503,57.33811]],[[12.6014,57.3858],[12.60471,57.394],[12.61854,57.39445],[12.62571,57.4003],[12.63869,57.39458],[12.66386,57.39549],[12.67204,57.3874],[12.67077,57.38485],[12.66048,57.39],[12.65115,57.3868],[12.65423,57.37921],[12.66715,57.37822],[12.66261,57.36603],[12.64847,57.36934],[12.63174,57.36522],[12.62928,57.36849],[12.64198,57.3758],[12.61218,57.36634],[12.61641,57.38131],[12.61119,57.38556],[12.6014,57.3858]],[[12.49456,57.39916],[12.48276,57.39677],[12.47775,57.39166],[12.47472,57.39266],[12.47885,57.40194],[12.48907,57.40336],[12.49456,57.39916]],[[12.55918,57.39646],[12.55046,57.39563],[12.54953,57.39912],[12.54091,57.40297],[12.54041,57.40737],[12.54521,57.40802],[12.54792,57.40246],[12.55918,57.39646]],[[12.46596,57.42536],[12.45755,57.41527],[12.45948,57.41187],[12.44706,57.41457],[12.44685,57.42123],[12.45247,57.42471],[12.46596,57.42536]],[[12.47874,57.42496],[12.48705,57.42148],[12.48099,57.41495],[12.47212,57.41278],[12.46932,57.41438],[12.47874,57.42496]],[[12.43155,57.43496],[12.43744,57.43494],[12.43583,57.43192],[12.44057,57.43111],[12.45659,57.43652],[12.45705,57.42997],[12.42855,57.41693],[12.42469,57.4292],[12.43155,57.43496]],[[12.47928,57.4436],[12.48487,57.44938],[12.49284,57.45094],[12.48824,57.44414],[12.49683,57.44206],[12.4899,57.4385],[12.46801,57.43524],[12.46448,57.44672],[12.46961,57.44788],[12.47928,57.4436]],[[12.38496,57.45514],[12.38544,57.4503],[12.39805,57.45239],[12.40368,57.44471],[12.38435,57.4455],[12.37797,57.45331],[12.38496,57.45514]],[[12.40592,57.46449],[12.41625,57.46091],[12.41608,57.45599],[12.41292,57.45396],[12.40347,57.45498],[12.39005,57.46056],[12.39268,57.46562],[12.39726,57.46178],[12.40592,57.46449]],[[11.9506,57.46128],[11.95597,57.45779],[11.96212,57.46145],[11.97323,57.46256],[11.96846,57.45804],[11.96238,57.45832],[11.94714,57.45355],[11.94107,57.45448],[11.93784,57.46009],[11.9506,57.46128]],[[12.22224,57.48128],[12.218,57.47873],[12.21126,57.47991],[12.2082,57.48568],[12.18776,57.49569],[12.19074,57.49765],[12.22086,57.48912],[12.22224,57.48128]],[[12.32571,57.49241],[12.30227,57.49201],[12.30698,57.49527],[12.32571,57.49241]],[[12.32371,57.50187],[12.32787,57.508],[12.33385,57.50588],[12.3413,57.4967],[12.32371,57.50187]],[[12.08999,57.54437],[12.08409,57.53974],[12.07385,57.53712],[12.06742,57.52616],[12.05799,57.52659],[12.05479,57.53176],[12.04548,57.53444],[12.03017,57.53483],[12.02393,57.54255],[12.01125,57.5379],[12.01191,57.53539],[12.03857,57.52464],[12.03291,57.5172],[12.03638,57.51088],[12.0179,57.50605],[12.0108,57.5078],[12.00683,57.51694],[11.9959,57.5197],[11.9899,57.53135],[11.99687,57.53545],[11.98666,57.53998],[11.97685,57.53544],[11.97256,57.54308],[11.98114,57.54512],[11.98632,57.5425],[12.00649,57.55394],[12.01156,57.54633],[12.02887,57.55081],[12.04435,57.54593],[12.04972,57.54044],[12.06877,57.54309],[12.06893,57.55049],[12.07685,57.55179],[12.08999,57.54437]],[[11.96538,57.55408],[11.97307,57.55585],[11.98026,57.55415],[11.97354,57.5502],[11.96538,57.55408]],[[12.88323,56.24581],[12.88963,56.24286],[12.88475,56.23769],[12.88033,56.23769],[12.88307,56.24293],[12.87489,56.24493],[12.88323,56.24581]],[[12.9668,56.26182],[12.96234,56.26034],[12.95501,56.26289],[12.951,56.26004],[12.94245,56.26422],[12.95144,56.26915],[12.9668,56.26182]],[[12.8945,56.27591],[12.89103,56.27705],[12.89392,56.2818],[12.90933,56.27932],[12.8945,56.27591]],[[12.83887,56.29395],[12.84914,56.30153],[12.86073,56.30211],[12.86557,56.2969],[12.85982,56.29329],[12.86082,56.28699],[12.87086,56.28122],[12.86532,56.28091],[12.84569,56.2889],[12.83678,56.28784],[12.83887,56.29395]],[[12.90278,56.29754],[12.90869,56.29729],[12.91085,56.29313],[12.90507,56.28803],[12.89376,56.28704],[12.88803,56.29016],[12.89829,56.29184],[12.90278,56.29754]],[[12.97889,56.31004],[12.9657,56.30982],[12.97275,56.3171],[12.98431,56.31427],[12.97889,56.31004]],[[13.14214,56.38153],[13.1342,56.38352],[13.13122,56.38755],[13.13966,56.38571],[13.14258,56.39067],[13.14683,56.38666],[13.14214,56.38153]],[[13.18492,56.42924],[13.17826,56.43076],[13.16546,56.42812],[13.16146,56.43237],[13.16406,56.43627],[13.17735,56.43906],[13.18318,56.43381],[13.19121,56.43549],[13.20869,56.43018],[13.21129,56.43963],[13.22513,56.43905],[13.21776,56.42779],[13.21093,56.42579],[13.20212,56.42714],[13.19856,56.42215],[13.18208,56.42228],[13.17473,56.41979],[13.16349,56.42173],[13.18492,56.42924]],[[13.16704,57.12442],[13.17722,57.12969],[13.1881,57.1283],[13.18254,57.12415],[13.17235,57.12405],[13.16575,57.11918],[13.17642,57.1148],[13.15736,57.11662],[13.15658,57.12195],[13.14768,57.11671],[13.141,57.1187],[13.15606,57.12626],[13.16704,57.12442]],[[13.15089,57.15064],[13.15522,57.15787],[13.15808,57.15672],[13.15441,57.14698],[13.14576,57.14734],[13.14018,57.15038],[13.15089,57.15064]],[[13.08273,57.1857],[13.08113,57.18928],[13.08292,57.19366],[13.09113,57.1951],[13.0941,57.20518],[13.10677,57.20516],[13.10991,57.20717],[13.10284,57.21381],[13.10949,57.21952],[13.10111,57.2222],[13.10147,57.23119],[13.11366,57.22408],[13.12161,57.20847],[13.11955,57.2032],[13.10284,57.19857],[13.09968,57.19474],[13.10421,57.19207],[13.09898,57.1882],[13.09031,57.1909],[13.08273,57.1857]],[[13.02218,57.20638],[13.0198,57.20377],[13.01382,57.20429],[13.01058,57.20915],[13.01916,57.21645],[13.02218,57.20638]],[[13.06706,57.20034],[13.06098,57.19782],[13.05484,57.21132],[13.0637,57.2323],[13.06133,57.23732],[13.06717,57.24279],[13.07929,57.24125],[13.08415,57.23732],[13.09189,57.23884],[13.09464,57.23727],[13.08935,57.22947],[13.07728,57.23012],[13.08232,57.22522],[13.07531,57.22062],[13.08337,57.21625],[13.08087,57.212],[13.06459,57.20803],[13.06706,57.20034]],[[12.99501,57.22678],[12.98671,57.23502],[12.98509,57.24391],[12.99322,57.24776],[13.00341,57.24849],[13.00851,57.25484],[13.01964,57.25506],[13.02431,57.24517],[13.02021,57.23794],[13.01172,57.23374],[13.0139,57.23176],[13.02454,57.23122],[13.01689,57.22905],[13.01007,57.23062],[13.01261,57.22196],[13.00908,57.22027],[12.99501,57.22678]],[[12.96858,57.25787],[12.95926,57.25775],[12.96066,57.26374],[12.96301,57.26497],[12.96858,57.25787]],[[12.96973,57.27069],[12.97489,57.27274],[12.97443,57.26691],[12.96516,57.27048],[12.96592,57.27709],[12.96973,57.27069]],[[12.89386,57.27337],[12.89612,57.28296],[12.90413,57.28183],[12.91223,57.26708],[12.92009,57.26557],[12.90869,57.26415],[12.89386,57.27337]],[[12.92216,57.27469],[12.92696,57.2846],[12.92372,57.29886],[12.93666,57.2936],[12.94626,57.27958],[12.92216,57.27469]],[[12.80554,57.30224],[12.80638,57.31035],[12.81108,57.30116],[12.82298,57.30839],[12.84989,57.30502],[12.83698,57.29824],[12.83104,57.28887],[12.84456,57.29641],[12.8582,57.29155],[12.84147,57.28049],[12.81609,57.28267],[12.80537,57.29039],[12.79782,57.29953],[12.80554,57.30224]],[[12.92615,57.34207],[12.91638,57.33581],[12.90707,57.33972],[12.92132,57.34712],[12.92615,57.34207]],[[13.23688,56.46997],[13.23289,56.47111],[13.23635,56.47586],[13.25029,56.47339],[13.23688,56.46997]],[[13.29263,56.50515],[13.31127,56.50561],[13.29711,56.49861],[13.29081,56.49195],[13.2732,56.48705],[13.26893,56.48341],[13.26128,56.48274],[13.26106,56.48758],[13.25206,56.48731],[13.2474,56.48486],[13.24782,56.48018],[13.23566,56.48261],[13.2086,56.47525],[13.20135,56.47845],[13.21007,56.48709],[13.22508,56.49189],[13.24854,56.49499],[13.24746,56.5019],[13.25638,56.50099],[13.26031,56.49277],[13.2685,56.50243],[13.28034,56.49894],[13.29263,56.50515]],[[13.23476,56.50201],[13.2388,56.49976],[13.23562,56.49714],[13.21176,56.49432],[13.19344,56.49527],[13.19316,56.49756],[13.20681,56.50239],[13.23476,56.50201]],[[13.28229,56.51473],[13.29463,56.51432],[13.28208,56.51104],[13.27516,56.50399],[13.2672,56.50318],[13.26472,56.50736],[13.28229,56.51473]],[[13.19424,56.59853],[13.19281,56.60993],[13.20014,56.6109],[13.20921,56.60763],[13.20812,56.59302],[13.188,56.58796],[13.17922,56.58904],[13.19424,56.59853]],[[13.24188,56.61948],[13.24311,56.62871],[13.25945,56.628],[13.25477,56.61886],[13.24188,56.61948]],[[13.2923,56.62617],[13.27799,56.62064],[13.27067,56.62208],[13.28118,56.63187],[13.29131,56.62924],[13.2923,56.62617]],[[13.2336,56.65413],[13.22999,56.65857],[13.23945,56.66362],[13.24656,56.66414],[13.25988,56.65998],[13.26821,56.6535],[13.26349,56.6509],[13.2444,56.65026],[13.2392,56.64698],[13.23085,56.64763],[13.2336,56.65413]],[[13.18079,56.67658],[13.18166,56.68371],[13.18535,56.67871],[13.19389,56.67434],[13.19503,56.66734],[13.18739,56.66989],[13.18079,56.67658]],[[13.36221,56.73395],[13.35682,56.72602],[13.33764,56.72642],[13.34617,56.73585],[13.35996,56.73785],[13.36221,56.73395]],[[13.3189,56.73731],[13.32568,56.73992],[13.34123,56.73775],[13.3322,56.72822],[13.32243,56.72395],[13.31,56.72566],[13.31944,56.72987],[13.3189,56.73731]],[[13.18856,56.82063],[13.18774,56.81538],[13.17784,56.82525],[13.18284,56.83031],[13.18856,56.82063]],[[13.23379,56.82802],[13.22403,56.82865],[13.23093,56.83427],[13.22557,56.83668],[13.22633,56.8395],[13.23936,56.83758],[13.24182,56.83958],[13.23218,56.84899],[13.23959,56.85167],[13.24787,56.84443],[13.25246,56.85043],[13.2666,56.84948],[13.26905,56.84824],[13.26169,56.84491],[13.25887,56.83939],[13.27415,56.84129],[13.28194,56.84463],[13.28349,56.83679],[13.27861,56.82773],[13.25846,56.81517],[13.26494,56.81056],[13.25621,56.80847],[13.24468,56.81406],[13.24342,56.80822],[13.23391,56.80371],[13.23823,56.80969],[13.23094,56.82314],[13.23379,56.82802]],[[13.34647,56.93245],[13.34204,56.92602],[13.33005,56.92624],[13.32962,56.93307],[13.34647,56.93245]],[[13.30561,56.94617],[13.30996,56.939],[13.29722,56.9425],[13.28484,56.93929],[13.28914,56.94693],[13.28857,56.95189],[13.29225,56.95287],[13.30561,56.94617]],[[13.21509,56.96246],[13.21742,56.96755],[13.24775,56.96758],[13.23256,56.96271],[13.21509,56.96246]],[[13.20765,57.03185],[13.19786,57.03522],[13.19002,57.03436],[13.19322,57.03745],[13.20186,57.03701],[13.20765,57.03185]],[[13.24587,57.05135],[13.24304,57.05482],[13.25795,57.06144],[13.27266,57.06248],[13.2722,57.06491],[13.26341,57.06732],[13.26145,57.07354],[13.27856,57.0686],[13.28091,57.06419],[13.27152,57.05732],[13.2907,57.05127],[13.28007,57.04993],[13.2653,57.05452],[13.24587,57.05135]],[[13.24847,57.0782],[13.22477,57.06958],[13.22828,57.08262],[13.25497,57.08068],[13.25363,57.07806],[13.24847,57.0782]],[[13.1912,57.10008],[13.18727,57.09614],[13.17752,57.09492],[13.16134,57.08832],[13.15823,57.09382],[13.16804,57.09888],[13.1912,57.10008]]]]}},{"type":"Feature","properties":{"fs":"CAR","t":45.0},"geometry":{"type":"MultiPolygon","coordinates":[[[[12.93809,56.39207],[12.9471,56.39404],[12.94042,56.40053],[12.93312,56.39613],[12.93809,56.39207]]],[[[12.16834,57.45235],[12.15933,57.45629],[12.15152,57.45422],[12.13909,57.45604],[12.12643,57.46296],[12.11841,57.46217],[12.10381,57.46563],[12.12598,57.45476],[12.12223,57.44906],[12.13085,57.44645],[12.12082,57.43828],[12.13585,57.43589],[12.12306,57.42956],[12.12973,57.42592],[12.14221,57.43107],[12.14053,57.42476],[12.14565,57.42038],[12.13471,57.41377],[12.12851,57.41325],[12.12254,57.40779],[12.12261,57.40282],[12.13285,57.40261],[12.12922,57.39754],[12.13268,57.39088],[12.12373,57.39114],[12.12745,57.38683],[12.12569,57.37948],[12.11428,57.37291],[12.10182,57.35026],[12.11794,57.34172],[12.14916,57.3467],[12.16368,57.33758],[12.18246,57.27688],[12.13416,57.26229],[12.13277,57.22269],[12.15307,57.21018],[12.16493,57.20783],[12.1635,57.20375],[12.19767,57.18266],[12.24876,57.13947],[12.26173,57.08315],[12.29333,57.04419],[12.34089,57.02811],[12.36947,56.99356],[12.37258,56.96681],[12.35867,56.93489],[12.41026,56.90245],[12.48718,56.88889],[12.56491,56.85723],[12.62347,56.82984],[12.62239,56.78124],[12.65899,56.72943],[12.71254,56.67012],[12.72792,56.658],[12.72837,56.65274],[12.73839,56.64173],[12.76221,56.64498],[12.76985,56.64154],[12.79035,56.64141],[12.79579,56.6461],[12.80543,56.64591],[12.81985,56.65326],[12.8488,56.66265],[12.90812,56.64407],[12.94012,56.59413],[12.95427,56.54575],[12.96517,56.54312],[12.96255,56.53833],[12.96695,56.53596],[12.9682,56.52596],[12.9615,56.52229],[12.95735,56.53112],[12.95365,56.52419],[12.953,56.50172],[12.94221,56.48298],[12.95769,56.47994],[12.93964,56.4785],[12.93807,56.47577],[12.95766,56.4758],[12.95971,56.47302],[12.9537,56.46906],[12.95775,56.46625],[12.94856,56.46807],[12.94494,56.46464],[12.93658,56.46675],[12.92945,56.4641],[12.93004,56.46685],[12.90762,56.44754],[12.91827,56.44594],[12.9174,56.44171],[12.90992,56.44411],[12.90295,56.44175],[12.90899,56.43792],[12.90608,56.43562],[12.89915,56.43719],[12.90144,56.43007],[12.8942,56.42587],[12.91054,56.42587],[12.91463,56.42289],[12.92188,56.4262],[12.92661,56.42165],[12.93497,56.42403],[12.94774,56.41975],[12.95946,56.42795],[12.96129,56.44104],[12.97623,56.43669],[12.96897,56.44453],[12.98718,56.44055],[12.9896,56.44262],[12.9834,56.44491],[12.99714,56.45356],[12.98594,56.45436],[12.98689,56.45082],[12.97024,56.44919],[12.97305,56.45583],[12.9697,56.46252],[12.96126,56.46069],[12.96525,56.47143],[12.97162,56.47561],[12.96768,56.48088],[12.98082,56.48388],[12.99214,56.47868],[13.00108,56.48465],[13.01045,56.48017],[13.01893,56.49271],[13.03273,56.49337],[13.02973,56.49002],[13.03842,56.4889],[13.04381,56.49263],[13.03851,56.49465],[13.04143,56.49947],[13.03726,56.50166],[13.04577,56.50397],[13.03933,56.50815],[13.02067,56.50813],[13.02,56.51483],[13.0473,56.51122],[13.05212,56.51382],[13.06023,56.50918],[13.0585,56.51322],[13.06295,56.51554],[13.05674,56.5179],[13.06516,56.5221],[13.06414,56.53198],[13.07412,56.53565],[13.06971,56.53755],[13.07073,56.53986],[13.07841,56.54133],[13.08967,56.53982],[13.09696,56.53628],[13.09431,56.53343],[13.10433,56.5312],[13.10683,56.53196],[13.10163,56.53432],[13.10004,56.54068],[13.12254,56.54313],[13.09587,56.54525],[13.10188,56.54963],[13.09925,56.55134],[13.09099,56.54637],[13.08126,56.54531],[13.07702,56.547],[13.07567,56.55519],[13.06221,56.55983],[13.04565,56.56051],[13.04382,56.5714],[13.03964,56.57354],[13.05578,56.57629],[13.04898,56.57981],[13.03957,56.57971],[13.0378,56.58205],[13.05646,56.58775],[13.08192,56.57403],[13.08845,56.57413],[13.08266,56.57945],[13.08799,56.58325],[13.0753,56.58252],[13.07097,56.58601],[13.07391,56.58977],[13.07023,56.59208],[13.07918,56.59634],[13.06991,56.59835],[13.07551,56.60349],[13.07634,56.61221],[13.06795,56.61018],[13.06353,56.61454],[13.06673,56.61824],[13.07815,56.61666],[13.07344,56.61904],[13.0779,56.62157],[13.0716,56.62351],[13.07151,56.62701],[13.06594,56.62637],[13.06568,56.63142],[13.07095,56.63304],[13.07463,56.62847],[13.08276,56.63456],[13.08186,56.63888],[13.07458,56.64171],[13.07776,56.64431],[13.09143,56.64607],[13.08399,56.65037],[13.08611,56.65389],[13.09791,56.65417],[13.10257,56.65094],[13.11785,56.6479],[13.1342,56.6471],[13.14174,56.64918],[13.13499,56.65171],[13.13431,56.65521],[13.13054,56.65403],[13.12604,56.65733],[13.12177,56.65446],[13.11063,56.65963],[13.11308,56.66163],[13.12023,56.66146],[13.11552,56.66637],[13.1283,56.67358],[13.1267,56.67503],[13.12165,56.67566],[13.10887,56.66943],[13.0941,56.67294],[13.10734,56.68464],[13.09884,56.68627],[13.1015,56.68911],[13.09238,56.69796],[13.11064,56.70025],[13.10541,56.7027],[13.11865,56.71029],[13.11618,56.70682],[13.1213,56.70135],[13.12676,56.71477],[13.13604,56.71814],[13.14097,56.71653],[13.14781,56.71775],[13.15194,56.715],[13.15493,56.72095],[13.14477,56.72248],[13.14312,56.7273],[13.13461,56.72647],[13.13064,56.72929],[13.12522,56.72528],[13.10656,56.72549],[13.10916,56.72981],[13.10293,56.73182],[13.10485,56.73423],[13.09785,56.74129],[13.08449,56.73767],[13.08398,56.74269],[13.0743,56.74205],[13.06899,56.74857],[13.06935,56.74394],[13.06449,56.74407],[13.05997,56.74092],[13.05516,56.74175],[13.04973,56.7469],[13.0482,56.75519],[13.05865,56.75823],[13.05228,56.76024],[13.05255,56.76256],[13.04147,56.76421],[13.04814,56.77359],[13.04312,56.77344],[13.03853,56.76943],[13.03687,56.7739],[13.0245,56.77574],[13.0289,56.77967],[13.02688,56.78409],[13.03956,56.79107],[13.03571,56.80112],[13.0404,56.80438],[13.0483,56.80497],[13.04753,56.81001],[13.05395,56.81446],[13.03809,56.8093],[13.02553,56.81449],[13.01454,56.80935],[13.01087,56.81098],[13.01237,56.81816],[13.00237,56.81678],[12.99971,56.82357],[12.99141,56.82302],[12.98642,56.82785],[13.00201,56.83311],[13.01085,56.83311],[13.02975,56.82677],[13.03203,56.8151],[13.03593,56.81636],[13.03444,56.82048],[13.03896,56.82532],[13.05098,56.8274],[13.03767,56.83204],[13.03927,56.83586],[13.04666,56.83892],[13.0405,56.845],[13.0409,56.85849],[13.05377,56.86655],[13.0617,56.85769],[13.06648,56.85945],[13.06087,56.86392],[13.06901,56.87507],[13.05848,56.87701],[13.05819,56.88585],[13.06689,56.88629],[13.05793,56.8909],[13.06548,56.89369],[13.07229,56.90601],[13.08637,56.90655],[13.08123,56.91176],[13.07426,56.91133],[13.07355,56.92014],[13.08041,56.92348],[13.092,56.92204],[13.09261,56.91629],[13.10111,56.91951],[13.10961,56.91908],[13.11003,56.92091],[13.09878,56.92509],[13.10473,56.92925],[13.11153,56.92935],[13.11283,56.92642],[13.11961,56.92948],[13.10479,56.93803],[13.11156,56.94129],[13.12023,56.93243],[13.12046,56.93805],[13.12948,56.93398],[13.12598,56.94058],[13.12858,56.94166],[13.15705,56.93038],[13.1726,56.92759],[13.16811,56.93525],[13.15892,56.93413],[13.12837,56.95025],[13.13242,56.95304],[13.14894,56.9543],[13.14787,56.95756],[13.17018,56.95592],[13.17112,56.95776],[13.16076,56.95936],[13.1565,56.96246],[13.17083,56.97165],[13.16341,56.97604],[13.14685,56.96793],[13.14836,56.97273],[13.14229,56.97243],[13.13918,56.97736],[13.14985,56.98763],[13.14626,56.9901],[13.12927,56.97925],[13.13064,56.97072],[13.12109,56.97148],[13.11629,56.96481],[13.10673,56.96578],[13.10926,56.97916],[13.11784,56.98491],[13.1037,56.98996],[13.11231,57.00279],[13.10701,57.00573],[13.11141,57.01289],[13.10321,57.0148],[13.10696,57.01696],[13.10479,57.01911],[13.11485,57.02382],[13.10987,57.03063],[13.11439,57.03291],[13.10801,57.03302],[13.10692,57.03669],[13.09056,57.03302],[13.08564,57.03868],[13.08071,57.03687],[13.08411,57.0341],[13.06982,57.02658],[13.05346,57.02613],[13.04299,57.02942],[13.04012,57.03491],[13.04903,57.03945],[13.06685,57.04085],[13.06845,57.04481],[13.079,57.04995],[13.06474,57.0616],[13.06471,57.06721],[13.05986,57.06629],[13.05517,57.06973],[13.06288,57.07259],[13.053,57.07419],[13.0567,57.07734],[13.04704,57.07723],[13.04365,57.08036],[13.04456,57.08761],[13.04959,57.09014],[13.04482,57.09253],[13.04933,57.09496],[13.03662,57.0964],[13.04243,57.09874],[13.03869,57.10117],[13.04129,57.1056],[13.02341,57.11192],[13.02063,57.12044],[13.01245,57.11914],[13.00426,57.12102],[12.99844,57.12753],[12.97726,57.12059],[12.96625,57.11985],[12.95984,57.12293],[12.95948,57.12479],[12.96681,57.12301],[12.97367,57.12495],[12.9711,57.12954],[12.98265,57.14173],[12.96698,57.13867],[12.95906,57.13237],[12.95491,57.13286],[12.96274,57.14064],[12.95372,57.1426],[12.95824,57.1474],[12.95128,57.15639],[12.94772,57.15773],[12.94214,57.15589],[12.93475,57.17325],[12.93253,57.1544],[12.91933,57.15951],[12.91579,57.15805],[12.92921,57.14915],[12.92056,57.14669],[12.92276,57.14434],[12.91669,57.14213],[12.91741,57.13842],[12.90823,57.13953],[12.8997,57.13195],[12.88749,57.13792],[12.88393,57.13688],[12.88769,57.13437],[12.87431,57.13355],[12.87165,57.1349],[12.87797,57.13944],[12.87402,57.14303],[12.84975,57.12953],[12.84437,57.13775],[12.83766,57.14105],[12.83688,57.1466],[12.84569,57.14619],[12.85303,57.16797],[12.85801,57.16837],[12.86531,57.16422],[12.86839,57.16905],[12.87314,57.16744],[12.88045,57.17059],[12.89005,57.16773],[12.8938,57.17228],[12.87706,57.17565],[12.86399,57.17368],[12.8656,57.17724],[12.85625,57.18007],[12.84286,57.17704],[12.83041,57.17776],[12.82319,57.17304],[12.81038,57.17535],[12.8188,57.18167],[12.81823,57.18705],[12.83106,57.18427],[12.84584,57.1879],[12.82947,57.1893],[12.8222,57.19634],[12.82584,57.19836],[12.8325,57.19497],[12.84131,57.19463],[12.83367,57.19934],[12.83516,57.2026],[12.85082,57.2002],[12.85011,57.20346],[12.84364,57.20583],[12.84397,57.20963],[12.84546,57.21218],[12.8522,57.21202],[12.85295,57.21694],[12.8634,57.21747],[12.86286,57.2202],[12.85372,57.22384],[12.86189,57.24138],[12.8432,57.22885],[12.84489,57.22434],[12.83159,57.21928],[12.83371,57.21408],[12.82912,57.21295],[12.82443,57.21786],[12.81247,57.22102],[12.80419,57.20574],[12.79653,57.20473],[12.7884,57.21021],[12.77242,57.21231],[12.78141,57.22314],[12.79231,57.22263],[12.78553,57.22778],[12.79296,57.23345],[12.79992,57.234],[12.79676,57.23914],[12.78163,57.23241],[12.77383,57.23087],[12.76921,57.23233],[12.7709,57.22576],[12.75469,57.21845],[12.75249,57.22487],[12.75838,57.23151],[12.75144,57.23496],[12.74391,57.229],[12.74205,57.21921],[12.73824,57.21795],[12.73049,57.22195],[12.72422,57.21875],[12.72433,57.21688],[12.73006,57.21773],[12.7318,57.21327],[12.72502,57.20781],[12.71715,57.21441],[12.71353,57.20957],[12.69993,57.21395],[12.69601,57.22076],[12.69095,57.21688],[12.69156,57.21253],[12.67677,57.22012],[12.67034,57.21944],[12.67357,57.22568],[12.68239,57.2295],[12.68787,57.22875],[12.69082,57.23555],[12.68708,57.2373],[12.67992,57.23591],[12.67664,57.23861],[12.67905,57.24139],[12.67298,57.24526],[12.6665,57.24331],[12.66984,57.23965],[12.66693,57.23651],[12.67174,57.23417],[12.66662,57.23026],[12.6613,57.23009],[12.65935,57.22261],[12.64873,57.22138],[12.63786,57.21336],[12.61878,57.20818],[12.59598,57.20475],[12.59228,57.2059],[12.59394,57.20958],[12.6041,57.21511],[12.60246,57.21648],[12.59622,57.21689],[12.58523,57.21081],[12.57491,57.21427],[12.57606,57.22833],[12.58185,57.23088],[12.59259,57.23019],[12.58759,57.2381],[12.57161,57.23695],[12.57337,57.23389],[12.54961,57.22122],[12.55752,57.21902],[12.55172,57.21466],[12.54767,57.21921],[12.53533,57.22052],[12.53688,57.21418],[12.54172,57.21141],[12.53482,57.21264],[12.52731,57.21015],[12.52149,57.2121],[12.52055,57.21583],[12.52764,57.22072],[12.5135,57.23076],[12.5095,57.22871],[12.50881,57.21971],[12.49691,57.21575],[12.48964,57.22628],[12.47092,57.23365],[12.48213,57.23519],[12.48958,57.23234],[12.4949,57.23404],[12.48773,57.24616],[12.50303,57.25161],[12.49505,57.26044],[12.50672,57.27115],[12.50984,57.27124],[12.51166,57.26063],[12.52707,57.26602],[12.53273,57.26543],[12.53212,57.26019],[12.52383,57.2582],[12.52384,57.25231],[12.53665,57.25644],[12.55947,57.25609],[12.55722,57.25872],[12.54242,57.26053],[12.53921,57.26805],[12.52921,57.27469],[12.53832,57.2766],[12.54682,57.27101],[12.55015,57.27164],[12.54707,57.27888],[12.53445,57.28537],[12.5407,57.28896],[12.54795,57.28901],[12.54899,57.29296],[12.55454,57.29325],[12.56619,57.3034],[12.55721,57.30582],[12.5484,57.29786],[12.53336,57.2978],[12.52023,57.28474],[12.50898,57.28243],[12.51073,57.2967],[12.5216,57.303],[12.51634,57.30411],[12.51502,57.31082],[12.51912,57.31484],[12.51479,57.32514],[12.51054,57.31881],[12.50139,57.31786],[12.49194,57.31193],[12.50259,57.30791],[12.49448,57.30508],[12.50298,57.30216],[12.48342,57.28717],[12.48393,57.28283],[12.47446,57.27547],[12.46738,57.27537],[12.46872,57.2835],[12.46239,57.28127],[12.45795,57.28553],[12.4507,57.28033],[12.4534,57.27252],[12.44859,57.27083],[12.43814,57.27207],[12.43014,57.26791],[12.43247,57.26599],[12.44159,57.26723],[12.44622,57.26146],[12.43278,57.2535],[12.41813,57.25399],[12.42172,57.26777],[12.42818,57.27267],[12.4248,57.27859],[12.43168,57.28355],[12.4281,57.29039],[12.44297,57.29705],[12.45061,57.30428],[12.45083,57.30888],[12.46407,57.31711],[12.46934,57.31216],[12.47267,57.31279],[12.4746,57.32631],[12.47708,57.32804],[12.48237,57.3266],[12.48449,57.33226],[12.49253,57.33621],[12.49308,57.34268],[12.4844,57.33872],[12.47167,57.33879],[12.47201,57.33384],[12.4449,57.32037],[12.45532,57.33266],[12.47734,57.34692],[12.48328,57.35499],[12.49799,57.35451],[12.49743,57.35709],[12.4867,57.36067],[12.4842,57.3682],[12.47567,57.36753],[12.48064,57.36315],[12.47494,57.35917],[12.47045,57.36021],[12.45331,57.35635],[12.45184,57.35133],[12.45823,57.34915],[12.45233,57.34608],[12.43736,57.34286],[12.42595,57.34461],[12.4177,57.33695],[12.43145,57.33835],[12.43686,57.33523],[12.42598,57.33108],[12.41616,57.32301],[12.39859,57.32598],[12.39433,57.32467],[12.39141,57.32798],[12.3812,57.32927],[12.37896,57.33278],[12.38272,57.33697],[12.3534,57.32943],[12.3484,57.33522],[12.34335,57.33203],[12.34275,57.33791],[12.33644,57.34087],[12.3388,57.34373],[12.34983,57.34663],[12.34866,57.34843],[12.33211,57.34742],[12.3218,57.34983],[12.31384,57.34561],[12.30877,57.34927],[12.32891,57.3628],[12.33623,57.36221],[12.33448,57.36484],[12.34304,57.36867],[12.35646,57.36994],[12.36673,57.36454],[12.37044,57.36714],[12.37543,57.3664],[12.37468,57.36965],[12.34981,57.3757],[12.33949,57.37464],[12.33289,57.37955],[12.33524,57.38522],[12.33095,57.3892],[12.31075,57.38371],[12.30364,57.38843],[12.30784,57.39152],[12.29737,57.39241],[12.2992,57.39582],[12.2897,57.39829],[12.28587,57.3932],[12.30002,57.38461],[12.30334,57.37836],[12.29416,57.38125],[12.28415,57.37781],[12.28091,57.37942],[12.28548,57.38514],[12.27329,57.38403],[12.25563,57.38809],[12.25672,57.39083],[12.2652,57.3913],[12.26918,57.38858],[12.27301,57.39119],[12.27821,57.38947],[12.28476,57.3906],[12.26988,57.39491],[12.27993,57.40145],[12.27717,57.40532],[12.26771,57.3995],[12.25974,57.40298],[12.25627,57.39944],[12.24767,57.39794],[12.24247,57.40316],[12.22667,57.40557],[12.22536,57.41037],[12.21877,57.4046],[12.23298,57.39677],[12.23308,57.39312],[12.24226,57.38981],[12.24002,57.38036],[12.23257,57.37738],[12.21807,57.38521],[12.20871,57.38528],[12.22308,57.36711],[12.21856,57.36507],[12.20279,57.37989],[12.19481,57.38249],[12.18601,57.38113],[12.17137,57.38389],[12.18226,57.37749],[12.19297,57.37567],[12.19699,57.36838],[12.18334,57.36169],[12.16831,57.36121],[12.17197,57.3693],[12.14901,57.36709],[12.14624,57.37714],[12.1415,57.37675],[12.141,57.37983],[12.14802,57.38315],[12.14113,57.38482],[12.1363,57.38338],[12.13464,57.38587],[12.14961,57.38621],[12.1519,57.39187],[12.14553,57.3951],[12.16823,57.40769],[12.17725,57.40551],[12.17296,57.41047],[12.18268,57.41265],[12.18346,57.41604],[12.20888,57.41632],[12.20485,57.4222],[12.21139,57.42529],[12.20435,57.42879],[12.19917,57.42846],[12.19956,57.43016],[12.21649,57.43004],[12.22089,57.43267],[12.23007,57.43294],[12.23395,57.43675],[12.20748,57.43553],[12.19149,57.44037],[12.19321,57.44336],[12.18325,57.45044],[12.18839,57.45364],[12.18565,57.45531],[12.17241,57.45642],[12.16834,57.45235]],[[12.91512,56.43255],[12.93717,56.44644],[12.95071,56.44465],[12.9524,56.43043],[12.9355,56.43061],[12.93486,56.43306],[12.91512,56.43255]],[[12.91291,56.88593],[12.92103,56.89525],[12.92789,56.88596],[12.91777,56.8798],[12.91291,56.88593]],[[12.96434,57.0645],[12.95373,57.05674],[12.95062,57.06203],[12.95858,57.06609],[12.96434,57.0645]],[[12.7755,57.14067],[12.75285,57.14365],[12.76667,57.15015],[12.77661,57.14377],[12.7755,57.14067]],[[12.79925,57.15395],[12.79813,57.15829],[12.79076,57.16202],[12.79712,57.16374],[12.81045,57.16257],[12.82301,57.15409],[12.80712,57.15189],[12.79925,57.15395]],[[12.61149,57.18015],[12.61489,57.17221],[12.63009,57.16898],[12.62488,57.16524],[12.61093,57.16946],[12.61149,57.18015]],[[12.7196,57.19283],[12.72506,57.18619],[12.72433,57.18323],[12.71899,57.18179],[12.71161,57.1924],[12.7196,57.19283]],[[12.78078,57.1905],[12.76476,57.19308],[12.76764,57.19622],[12.77972,57.19377],[12.7849,57.19807],[12.78609,57.1936],[12.78078,57.1905]],[[12.63418,57.18395],[12.63897,57.1919],[12.63528,57.19492],[12.63085,57.1895],[12.62515,57.19564],[12.626,57.2005],[12.63095,57.19596],[12.63973,57.19613],[12.64209,57.20375],[12.65056,57.20489],[12.65094,57.1976],[12.65867,57.19395],[12.66266,57.18336],[12.66184,57.17997],[12.64291,57.18278],[12.63591,57.17906],[12.63418,57.18395]],[[12.55166,57.19023],[12.55137,57.1985],[12.55692,57.20465],[12.56386,57.20001],[12.57218,57.18297],[12.56131,57.1812],[12.55187,57.18312],[12.53872,57.17865],[12.53215,57.18198],[12.52038,57.18236],[12.52627,57.19092],[12.52037,57.1979],[12.52798,57.20142],[12.54075,57.20265],[12.53085,57.19206],[12.53233,57.18732],[12.53611,57.19076],[12.54091,57.18861],[12.54489,57.19094],[12.54865,57.18876],[12.55166,57.19023]],[[12.68975,57.19874],[12.68502,57.19472],[12.68329,57.20283],[12.68661,57.20767],[12.69592,57.2077],[12.69681,57.20168],[12.68757,57.2046],[12.68975,57.19874]],[[12.25118,57.29494],[12.24002,57.30652],[12.25217,57.30479],[12.26609,57.30959],[12.26672,57.30455],[12.25118,57.29494]],[[12.29069,57.30675],[12.29828,57.31295],[12.31393,57.31174],[12.3165,57.30862],[12.29069,57.30675]],[[12.34896,57.31066],[12.35356,57.31464],[12.37396,57.31783],[12.3737,57.3142],[12.34896,57.31066]],[[12.13717,57.35566],[12.14251,57.3588],[12.15124,57.35799],[12.15496,57.34984],[12.13717,57.35566]],[[12.28036,57.36572],[12.29833,57.3687],[12.29965,57.36143],[12.29239,57.35762],[12.28384,57.36221],[12.27187,57.35577],[12.26322,57.35465],[12.26053,57.35721],[12.26412,57.36328],[12.25282,57.36905],[12.25337,57.37215],[12.26294,57.37285],[12.26732,57.3681],[12.28353,57.37204],[12.28627,57.37013],[12.28036,57.36572]],[[12.99224,56.48872],[13.00065,56.49279],[13.00808,56.49164],[13.00677,56.48741],[13.00003,56.48545],[12.99224,56.48872]],[[12.99012,56.51431],[12.99416,56.51009],[12.98732,56.50689],[12.98335,56.51518],[12.99012,56.51431]],[[13.06218,56.55309],[13.06512,56.54773],[13.05651,56.54713],[13.05315,56.5514],[13.06218,56.55309]],[[13.01872,56.59403],[13.0322,56.59425],[13.03007,56.58874],[13.02285,56.5882],[13.01872,56.59403]],[[13.06965,56.65338],[13.06809,56.65729],[13.07442,56.65992],[13.07151,56.65697],[13.07707,56.65294],[13.06494,56.64341],[13.05996,56.64354],[13.06965,56.65338]],[[13.01585,56.74577],[13.00578,56.74785],[13.01139,56.75286],[13.0265,56.75707],[13.03941,56.75713],[13.04291,56.75364],[13.03289,56.75231],[13.02259,56.75374],[13.01638,56.75027],[13.01585,56.74577]],[[13.02851,56.79553],[13.03294,56.7916],[13.02482,56.78905],[13.01904,56.79292],[13.02851,56.79553]],[[13.01451,56.85596],[13.0252,56.86386],[13.02691,56.86051],[13.02185,56.85528],[13.01451,56.85596]],[[13.0014,56.9199],[13.00828,56.91526],[13.00648,56.90807],[12.99936,56.90557],[12.99882,56.90134],[13.00272,56.90398],[13.01183,56.90155],[13.02585,56.90571],[13.03891,56.90149],[13.03591,56.89739],[13.04468,56.89908],[13.0517,56.89727],[13.04465,56.89224],[13.04815,56.88331],[13.04166,56.88068],[13.03528,56.88255],[13.03307,56.87577],[13.01815,56.8768],[13.02816,56.87169],[13.01676,56.86915],[13.01064,56.86362],[13.00066,56.86571],[12.99021,56.86212],[12.98963,56.87452],[12.99343,56.87858],[12.99028,56.88001],[12.98355,56.87639],[12.98095,56.87943],[12.98725,56.88515],[12.98622,56.89202],[12.99403,56.89621],[12.98725,56.89821],[12.96787,56.87712],[12.95839,56.87851],[12.95339,56.87618],[12.95203,56.8667],[12.95566,56.86583],[12.96217,56.86874],[12.96153,56.86645],[12.9524,56.8635],[12.94575,56.86903],[12.93971,56.86921],[12.93105,56.85901],[12.92698,56.87003],[12.94521,56.87885],[12.9447,56.88502],[12.95844,56.89016],[12.96414,56.8961],[12.95856,56.89978],[12.95422,56.89697],[12.94964,56.89858],[12.945,56.89514],[12.9431,56.90179],[12.94845,56.90699],[12.9575,56.90972],[12.96592,56.90355],[12.97422,56.90544],[12.97454,56.90074],[12.98008,56.90041],[12.97698,56.91251],[12.96453,56.91502],[12.96271,56.92009],[12.97013,56.92995],[12.97355,56.93],[12.98129,56.91595],[12.99004,56.91548],[13.0014,56.9199]],[[13.03319,56.92244],[13.02594,56.92115],[13.02913,56.92626],[13.05565,56.92485],[13.04739,56.9111],[13.03582,56.91457],[13.0344,56.9123],[13.04045,56.90797],[13.02573,56.91286],[13.03821,56.91973],[13.03319,56.92244]],[[13.00172,56.98591],[13.00784,56.99331],[13.02264,56.99067],[13.01658,56.98386],[13.01954,56.98044],[13.01451,56.97913],[13.00172,56.98591]],[[13.05713,56.99521],[13.03844,56.99843],[13.02295,57.00422],[13.0209,57.00903],[13.02574,57.01227],[13.03477,57.01438],[13.0515,57.00439],[13.0673,57.0085],[13.07436,57.01513],[13.08089,57.01664],[13.07976,57.01023],[13.09109,57.00767],[13.09012,57.0014],[13.08396,56.99941],[13.08133,56.99151],[13.06805,56.98309],[13.06065,56.98684],[13.05713,56.99521]],[[13.05142,57.04542],[13.06039,57.05123],[13.0723,57.05001],[13.066,57.04739],[13.05142,57.04542]],[[13.03195,57.05715],[13.03456,57.05495],[12.99703,57.04134],[12.98789,57.04206],[12.98698,57.04624],[13.01068,57.05572],[13.0277,57.0554],[13.03195,57.05715]],[[13.0104,57.06103],[12.99326,57.05392],[12.9871,57.05588],[12.99607,57.06557],[12.99668,57.07176],[13.01373,57.07591],[13.02969,57.07635],[13.01913,57.08096],[13.0251,57.08508],[13.02043,57.08795],[13.02158,57.09069],[13.03918,57.08703],[13.03718,57.08096],[13.04039,57.07877],[13.03588,57.07624],[13.04536,57.07239],[13.04227,57.0675],[13.04771,57.06695],[13.04127,57.06207],[13.02275,57.05652],[13.01588,57.05725],[13.0104,57.06103]],[[12.99491,57.10929],[12.99084,57.1114],[12.99225,57.11395],[13.00828,57.11491],[13.0117,57.11131],[13.0166,57.11391],[13.01527,57.10968],[13.02096,57.10958],[13.03095,57.10431],[13.02172,57.1001],[13.01807,57.10088],[13.02094,57.10507],[13.00856,57.10256],[13.00098,57.1051],[12.99756,57.09845],[13.00393,57.09827],[13.00309,57.09629],[12.97986,57.09187],[12.97674,57.09783],[12.99491,57.10929]]],[[[12.18566,57.39568],[12.18424,57.38648],[12.19212,57.38459],[12.20105,57.38859],[12.20008,57.39239],[12.19421,57.3957],[12.18566,57.39568]]],[[[12.06999,57.47573],[12.05901,57.47737],[12.05422,57.4722],[12.06735,57.47019],[12.06999,57.47573]]]]}},{"type":"Feature","properties":{"fs":"CAR","t":30.0},"geometry":{"type":"MultiPolygon","coordinates":[[[[12.88399,56.68231],[12.86877,56.68079],[12.87589,56.6675],[12.86967,56.66472],[12.88182,56.66339],[12.87806,56.66072],[12.88054,56.65578],[12.90436,56.64525],[12.90249,56.65236],[12.90969,56.66035],[12.89998,56.66089],[12.90141,56.66723],[12.90542,56.66617],[12.90672,56.66795],[12.89408,56.67974],[12.89846,56.68817],[12.88838,56.68589],[12.8832,56.68714],[12.88075,56.68534],[12.88399,56.68231]]],[[[12.90727,56.67645],[12.9036,56.67464],[12.91271,56.67037],[12.91637,56.67338],[12.90727,56.67645]]],[[[12.26398,57.2017],[12.26574,57.19892],[12.2614,57.19462],[12.2539,57.1981],[12.24756,57.18935],[12.2362,57.18564],[12.22781,57.18714],[12.21746,57.18382],[12.21568,57.17142],[12.22354,57.16823],[12.22031,57.16353],[12.23262,57.1644],[12.23987,57.16072],[12.24177,57.15599],[12.25026,57.15309],[12.24271,57.14695],[12.26231,57.14036],[12.26334,57.12992],[12.25167,57.12685],[12.25355,57.11868],[12.26423,57.1074],[12.25677,57.10472],[12.26173,57.08315],[12.29333,57.04419],[12.34089,57.02811],[12.36947,56.99356],[12.37258,56.96681],[12.35867,56.93489],[12.41026,56.90245],[12.48718,56.88889],[12.56491,56.85723],[12.62347,56.82984],[12.62239,56.78124],[12.65872,56.72982],[12.66622,56.73016],[12.66246,56.72557],[12.67466,56.72583],[12.68637,56.71804],[12.69339,56.71817],[12.69763,56.7212],[12.70191,56.71871],[12.70713,56.71934],[12.71467,56.70199],[12.71854,56.7027],[12.71862,56.71119],[12.72678,56.70446],[12.73083,56.70713],[12.7257,56.70957],[12.72821,56.71446],[12.72173,56.71616],[12.72385,56.71901],[12.71589,56.71985],[12.71144,56.72573],[12.72352,56.7315],[12.72552,56.73519],[12.72869,56.73195],[12.7353,56.73256],[12.73423,56.72692],[12.75212,56.72893],[12.7514,56.73243],[12.75965,56.73539],[12.74208,56.73876],[12.7587,56.7386],[12.76746,56.74157],[12.76619,56.74356],[12.75125,56.74352],[12.75379,56.74797],[12.76099,56.74945],[12.76612,56.74688],[12.78443,56.75282],[12.78597,56.75633],[12.80816,56.75212],[12.80303,56.74501],[12.82121,56.73568],[12.80867,56.72287],[12.78413,56.72607],[12.77466,56.72204],[12.77725,56.71422],[12.76497,56.71042],[12.77392,56.70587],[12.76578,56.7011],[12.75996,56.7001],[12.74543,56.7041],[12.7434,56.6983],[12.74904,56.6993],[12.75798,56.69492],[12.75541,56.6908],[12.76562,56.69084],[12.769,56.68536],[12.77775,56.68628],[12.77878,56.68841],[12.76748,56.69242],[12.76753,56.69734],[12.79728,56.70788],[12.80555,56.70625],[12.81303,56.70049],[12.82195,56.70509],[12.82631,56.69149],[12.84236,56.68531],[12.84011,56.69787],[12.83443,56.70118],[12.84517,56.70987],[12.85071,56.70821],[12.84712,56.70253],[12.85545,56.69663],[12.85393,56.69352],[12.86021,56.69222],[12.86391,56.68772],[12.87272,56.69202],[12.87084,56.69835],[12.88729,56.70223],[12.89061,56.70748],[12.90065,56.70379],[12.89852,56.70074],[12.90386,56.70106],[12.91244,56.70757],[12.90957,56.71328],[12.93164,56.72193],[12.92998,56.72429],[12.91412,56.72782],[12.93474,56.74782],[12.9319,56.74833],[12.91438,56.73695],[12.90878,56.73672],[12.90562,56.72908],[12.89678,56.73202],[12.9018,56.72445],[12.89393,56.72916],[12.88825,56.72457],[12.87554,56.73269],[12.8919,56.7325],[12.89021,56.73528],[12.89612,56.7392],[12.88728,56.74197],[12.89967,56.74878],[12.89238,56.74901],[12.8863,56.75487],[12.88784,56.76387],[12.89481,56.77172],[12.89923,56.77159],[12.89938,56.77475],[12.89462,56.77509],[12.88747,56.76954],[12.87087,56.76556],[12.88596,56.78351],[12.8829,56.78795],[12.86695,56.77602],[12.862,56.77542],[12.85654,56.77921],[12.86509,56.78168],[12.86024,56.78384],[12.86051,56.78804],[12.87025,56.79223],[12.86556,56.80506],[12.8732,56.81236],[12.88563,56.81215],[12.88098,56.81754],[12.88531,56.81944],[12.88373,56.82321],[12.8913,56.82516],[12.88457,56.8287],[12.88024,56.8261],[12.87422,56.82824],[12.87291,56.81762],[12.86246,56.81905],[12.86194,56.81308],[12.85291,56.80681],[12.84332,56.80903],[12.84528,56.80303],[12.83923,56.79843],[12.84235,56.7947],[12.82968,56.79251],[12.8342,56.80396],[12.82759,56.81223],[12.81965,56.8155],[12.82065,56.8217],[12.83156,56.82793],[12.83274,56.83258],[12.81541,56.84141],[12.81682,56.85084],[12.80709,56.86394],[12.81154,56.86528],[12.81793,56.86265],[12.82033,56.8655],[12.8145,56.86863],[12.82254,56.87158],[12.82818,56.86704],[12.83949,56.8711],[12.83456,56.87642],[12.82448,56.87779],[12.82383,56.88017],[12.8466,56.89446],[12.85089,56.89573],[12.85989,56.89314],[12.86289,56.89675],[12.87497,56.89642],[12.86816,56.90115],[12.87292,56.90537],[12.86957,56.91016],[12.87252,56.9192],[12.87496,56.92064],[12.87909,56.91734],[12.88167,56.92609],[12.895,56.93713],[12.90276,56.93729],[12.90917,56.95014],[12.91796,56.95373],[12.92129,56.95863],[12.92689,56.95268],[12.93879,56.95968],[12.96138,56.95859],[12.97354,56.96187],[12.96271,56.96479],[12.95701,56.96329],[12.94277,56.96516],[12.93782,56.97112],[12.93302,56.96711],[12.92519,56.96592],[12.91303,56.97295],[12.90899,56.96942],[12.90348,56.96914],[12.90339,56.96619],[12.89323,56.9663],[12.88731,56.97168],[12.89976,56.98031],[12.90329,56.99532],[12.89046,56.99251],[12.88116,56.99544],[12.87406,56.99364],[12.86369,56.99515],[12.85161,56.99045],[12.85248,56.99313],[12.84194,56.99309],[12.83712,56.99862],[12.83087,56.99318],[12.82673,56.99367],[12.83014,56.99689],[12.82336,57.00575],[12.83813,57.00552],[12.83311,57.00999],[12.83731,57.01224],[12.83645,57.01679],[12.84607,57.01724],[12.84259,57.02188],[12.84669,57.02659],[12.85257,57.02725],[12.84965,57.03338],[12.85643,57.0363],[12.85561,57.03942],[12.83973,57.03124],[12.83444,57.03354],[12.82431,57.02178],[12.8153,57.02618],[12.81115,57.03411],[12.80368,57.02687],[12.7942,57.02825],[12.7703,57.02099],[12.784,57.02942],[12.78302,57.03643],[12.77747,57.0389],[12.77527,57.04544],[12.77184,57.04538],[12.76027,57.03371],[12.74341,57.0272],[12.74004,57.02751],[12.73793,57.03253],[12.73175,57.03045],[12.72385,57.0334],[12.72051,57.03741],[12.73029,57.03969],[12.73593,57.03839],[12.73691,57.04094],[12.73574,57.04326],[12.72611,57.04481],[12.7386,57.04694],[12.72507,57.05476],[12.72716,57.06281],[12.71657,57.0668],[12.72236,57.07093],[12.74281,57.07095],[12.73858,57.07691],[12.7413,57.08108],[12.74993,57.08112],[12.75496,57.09174],[12.75258,57.09275],[12.72983,57.0809],[12.72069,57.08277],[12.70524,57.07827],[12.70155,57.07961],[12.70744,57.08449],[12.69874,57.08742],[12.70947,57.09323],[12.70411,57.10493],[12.71986,57.10896],[12.71762,57.11178],[12.72214,57.11382],[12.71295,57.11773],[12.71245,57.12081],[12.71986,57.12572],[12.72956,57.12748],[12.72136,57.12925],[12.71926,57.13553],[12.70234,57.12519],[12.6853,57.12319],[12.68219,57.11913],[12.6615,57.12591],[12.6652,57.13075],[12.67908,57.13381],[12.67176,57.13522],[12.65109,57.13133],[12.65361,57.12829],[12.64786,57.12523],[12.63446,57.13303],[12.63166,57.12829],[12.63991,57.12452],[12.6288,57.11925],[12.63102,57.11003],[12.61888,57.12089],[12.60702,57.11996],[12.60222,57.12245],[12.59177,57.11841],[12.59558,57.11539],[12.58416,57.1163],[12.58644,57.11297],[12.60873,57.10553],[12.60785,57.09583],[12.59717,57.09281],[12.59322,57.10397],[12.58711,57.10077],[12.57904,57.1051],[12.58043,57.09965],[12.57228,57.09795],[12.57117,57.10179],[12.5567,57.11001],[12.55612,57.10578],[12.55142,57.10391],[12.55961,57.10234],[12.56014,57.09435],[12.55241,57.08746],[12.54434,57.08624],[12.54958,57.08178],[12.54417,57.07438],[12.54748,57.06995],[12.54071,57.06499],[12.51481,57.06888],[12.51942,57.07501],[12.50852,57.07423],[12.50649,57.0711],[12.49303,57.07453],[12.4797,57.07338],[12.47848,57.07616],[12.45701,57.07348],[12.44892,57.07668],[12.44524,57.07405],[12.4367,57.07359],[12.43376,57.07663],[12.44101,57.08298],[12.43693,57.08795],[12.43901,57.09137],[12.43481,57.09437],[12.42243,57.08878],[12.41946,57.09429],[12.4232,57.10098],[12.42799,57.10159],[12.43299,57.10753],[12.43908,57.10541],[12.44405,57.10818],[12.43683,57.11547],[12.45253,57.12366],[12.45211,57.1273],[12.45756,57.12947],[12.46416,57.13864],[12.48049,57.14536],[12.45184,57.14873],[12.4449,57.15945],[12.4386,57.16087],[12.43856,57.15581],[12.43115,57.15468],[12.42305,57.16153],[12.41858,57.15891],[12.42258,57.15338],[12.42047,57.15039],[12.39959,57.14602],[12.39767,57.15127],[12.41476,57.15434],[12.40058,57.15489],[12.40211,57.16531],[12.39488,57.16516],[12.39463,57.17056],[12.38461,57.1752],[12.379,57.18147],[12.36825,57.18349],[12.3732,57.17938],[12.36872,57.17683],[12.37362,57.17462],[12.37227,57.17059],[12.36205,57.17608],[12.35156,57.17465],[12.35367,57.18003],[12.34982,57.18444],[12.36957,57.19763],[12.37746,57.19952],[12.36524,57.2004],[12.35843,57.21243],[12.35184,57.21531],[12.34583,57.21483],[12.3453,57.21145],[12.33102,57.20732],[12.33328,57.21222],[12.32826,57.21445],[12.32902,57.21823],[12.33347,57.22594],[12.34052,57.22862],[12.33327,57.23464],[12.34942,57.23695],[12.36251,57.23491],[12.35155,57.23971],[12.33414,57.24051],[12.32589,57.24361],[12.3301,57.25704],[12.32462,57.25753],[12.31585,57.25337],[12.31846,57.24247],[12.31425,57.24098],[12.31371,57.24363],[12.30975,57.24292],[12.30374,57.23836],[12.30679,57.23562],[12.29838,57.23369],[12.30521,57.2288],[12.31489,57.22919],[12.29898,57.22193],[12.29404,57.22397],[12.29057,57.22249],[12.29027,57.21364],[12.27923,57.21073],[12.27709,57.20633],[12.28146,57.2032],[12.27411,57.20117],[12.27398,57.20472],[12.26398,57.2017]],[[12.52136,57.06339],[12.51961,57.06069],[12.49302,57.06325],[12.4949,57.06586],[12.51217,57.06595],[12.52136,57.06339]],[[12.58555,57.08697],[12.58099,57.08043],[12.57614,57.0837],[12.57259,57.08017],[12.55979,57.07875],[12.55625,57.08416],[12.56025,57.08873],[12.56706,57.09167],[12.5802,57.09193],[12.58555,57.08697]],[[12.39894,57.10735],[12.39487,57.10281],[12.38496,57.0998],[12.38236,57.10094],[12.38845,57.10493],[12.38771,57.1093],[12.39894,57.10735]],[[12.42135,57.11544],[12.41383,57.11968],[12.40507,57.11941],[12.41118,57.12436],[12.41924,57.12347],[12.42135,57.11544]],[[12.43205,57.12865],[12.40666,57.12983],[12.40234,57.13253],[12.41044,57.13487],[12.42945,57.13255],[12.42985,57.13988],[12.43561,57.14182],[12.43745,57.13515],[12.45099,57.13105],[12.44532,57.12716],[12.44062,57.12791],[12.43817,57.12231],[12.4299,57.1187],[12.42553,57.12585],[12.43205,57.12865]],[[12.26477,57.16127],[12.26645,57.15784],[12.26118,57.16035],[12.25335,57.15671],[12.24979,57.16294],[12.2564,57.16434],[12.26477,57.16127]],[[12.23422,57.18447],[12.24509,57.18265],[12.24434,57.17818],[12.23572,57.17316],[12.23338,57.17375],[12.23096,57.18075],[12.23422,57.18447]],[[12.35756,57.19921],[12.34855,57.19136],[12.3417,57.19132],[12.33801,57.18868],[12.331,57.19078],[12.33407,57.19843],[12.32787,57.20075],[12.35415,57.20166],[12.35756,57.19921]],[[12.67039,56.74526],[12.68146,56.74804],[12.69139,56.7473],[12.68891,56.73995],[12.68425,56.74426],[12.68102,56.74279],[12.6812,56.73732],[12.67197,56.73617],[12.66521,56.7425],[12.67039,56.74526]],[[12.78174,56.84179],[12.79417,56.84819],[12.80491,56.84866],[12.81093,56.84343],[12.806,56.83867],[12.78984,56.83688],[12.78174,56.84179]],[[12.79488,56.86234],[12.80054,56.86197],[12.80965,56.85509],[12.7905,56.85683],[12.79488,56.86234]],[[12.84674,56.90099],[12.83833,56.9],[12.83759,56.89501],[12.81848,56.8884],[12.81184,56.88347],[12.79461,56.88429],[12.79121,56.8883],[12.79993,56.88976],[12.80937,56.89498],[12.80216,56.90057],[12.79818,56.89551],[12.79295,56.895],[12.79829,56.90892],[12.79011,56.91489],[12.79725,56.91667],[12.79799,56.92264],[12.81708,56.92334],[12.81872,56.91939],[12.8261,56.91622],[12.83781,56.92014],[12.83908,56.91806],[12.83227,56.91605],[12.8355,56.91344],[12.82856,56.90917],[12.82882,56.90468],[12.84216,56.90477],[12.84674,56.90099]],[[12.84248,56.96817],[12.8352,56.97247],[12.84519,56.97686],[12.84649,56.97211],[12.84248,56.96817]],[[12.80617,56.97138],[12.8221,56.97821],[12.82293,56.97507],[12.81567,56.97157],[12.81755,56.96736],[12.81391,56.96665],[12.80617,56.97138]],[[12.87522,56.98692],[12.87946,56.98474],[12.88662,56.98992],[12.89703,56.98925],[12.89289,56.98216],[12.88286,56.97767],[12.87615,56.96916],[12.8564,56.9682],[12.85423,56.97617],[12.85845,56.97877],[12.87182,56.97886],[12.87124,56.98531],[12.87522,56.98692]],[[12.67023,57.1103],[12.65809,57.11047],[12.66405,57.11832],[12.66849,57.11944],[12.67521,57.1131],[12.67023,57.1103]]],[[[12.27448,57.24876],[12.27072,57.25057],[12.22312,57.24967],[12.22541,57.25365],[12.22177,57.2561],[12.21662,57.25219],[12.20322,57.25246],[12.19356,57.24658],[12.18359,57.24823],[12.1836,57.23789],[12.20593,57.24395],[12.20862,57.2427],[12.20244,57.2405],[12.20258,57.23517],[12.22188,57.24374],[12.24707,57.24289],[12.24826,57.24601],[12.27448,57.24876]]]]}},{"type":"Feature","properties":{"fs":"CAR","t":15.0},"geometry":{"type":"Polygon","coordinates":[[[12.3984,56.9935],[12.38853,56.9968],[12.38357,56.98855],[12.36738,56.99609],[12.37016,56.98762],[12.37604,56.98594],[12.37221,56.9782],[12.38077,56.97909],[12.38364,56.9729],[12.37965,56.96755],[12.37173,56.96485],[12.37829,56.95755],[12.3863,56.95701],[12.38184,56.95467],[12.38662,56.95246],[12.3853,56.94927],[12.39792,56.94335],[12.39525,56.93923],[12.3983,56.93606],[12.39212,56.93256],[12.39643,56.9297],[12.39056,56.92544],[12.39445,56.92489],[12.40412,56.92986],[12.40885,56.92842],[12.39658,56.92381],[12.39515,56.91858],[12.40372,56.91721],[12.40236,56.91087],[12.4075,56.91083],[12.42193,56.9004],[12.47927,56.89029],[12.48658,56.89209],[12.51185,56.88564],[12.55219,56.88937],[12.55719,56.88432],[12.55455,56.87872],[12.54538,56.87507],[12.53645,56.8763],[12.53547,56.87368],[12.54702,56.86577],[12.55492,56.87042],[12.57695,56.8707],[12.56994,56.86804],[12.56506,56.86135],[12.56683,56.85773],[12.57282,56.86318],[12.58187,56.86598],[12.57165,56.85754],[12.57692,56.85162],[12.58663,56.86169],[12.5973,56.8652],[12.60162,56.86187],[12.61069,56.86433],[12.62523,56.86138],[12.62612,56.86365],[12.61921,56.86534],[12.61709,56.86853],[12.62031,56.87635],[12.62422,56.8773],[12.63005,56.87439],[12.6278,56.87154],[12.6315,56.86564],[12.63936,56.86839],[12.64426,56.86595],[12.64933,56.86956],[12.66723,56.86217],[12.66497,56.85729],[12.67719,56.85445],[12.67679,56.85266],[12.66482,56.85146],[12.66726,56.84645],[12.65688,56.83502],[12.65898,56.83211],[12.67036,56.84068],[12.67547,56.84084],[12.67391,56.84432],[12.68182,56.84173],[12.69342,56.84609],[12.68843,56.85084],[12.69344,56.85697],[12.68409,56.85898],[12.68099,56.86552],[12.67711,56.86201],[12.6727,56.8627],[12.66512,56.86719],[12.66484,56.87168],[12.65847,56.871],[12.65212,56.87818],[12.6468,56.87724],[12.63885,56.8813],[12.635,56.8874],[12.63642,56.89529],[12.6313,56.8952],[12.62631,56.88892],[12.62027,56.89106],[12.6172,56.887],[12.60758,56.88977],[12.60813,56.89848],[12.59971,56.89965],[12.61569,56.90824],[12.62494,56.90729],[12.62884,56.91067],[12.63693,56.91068],[12.64056,56.91419],[12.64546,56.90866],[12.65707,56.91792],[12.6819,56.91496],[12.6809,56.91869],[12.68617,56.91729],[12.69285,56.92057],[12.67986,56.92307],[12.67714,56.92751],[12.66345,56.92269],[12.65644,56.92797],[12.63757,56.92593],[12.62838,56.92772],[12.61864,56.92473],[12.61634,56.92056],[12.60823,56.92017],[12.5962,56.9144],[12.59021,56.91561],[12.61955,56.92961],[12.62212,56.94277],[12.63441,56.95142],[12.62803,56.96029],[12.63401,56.96134],[12.64687,56.97391],[12.6605,56.97796],[12.64438,56.98082],[12.63281,56.9747],[12.62996,56.98111],[12.60362,56.98285],[12.59933,56.98754],[12.59411,56.9866],[12.59133,56.98987],[12.59628,56.99291],[12.59058,56.99945],[12.59733,57.00857],[12.5922,57.01226],[12.586,57.01256],[12.58069,57.00712],[12.58029,57.00543],[12.58518,57.00534],[12.58272,57.00099],[12.57775,57.00285],[12.57463,57.00139],[12.57959,56.99643],[12.56782,56.9816],[12.547,56.99116],[12.53773,56.98747],[12.5347,56.9905],[12.52897,56.98954],[12.52409,56.99334],[12.51804,56.99347],[12.52602,56.98436],[12.53638,56.98056],[12.54701,56.98063],[12.54758,56.97587],[12.52115,56.98153],[12.51602,56.97742],[12.52237,56.97467],[12.50825,56.9706],[12.50025,56.97479],[12.50109,56.98534],[12.49231,56.98776],[12.46903,56.98778],[12.45147,56.98125],[12.44461,56.98869],[12.44568,56.99194],[12.43021,56.99991],[12.42286,56.99323],[12.43163,56.99292],[12.43439,56.99017],[12.42262,56.98375],[12.41856,56.98851],[12.40537,56.98578],[12.39769,56.98899],[12.3984,56.9935]],[[12.41606,56.9207],[12.4218,56.91927],[12.42353,56.91102],[12.41746,56.91525],[12.40941,56.91663],[12.40524,56.92116],[12.41584,56.92379],[12.41606,56.9207]],[[12.44473,56.94453],[12.43009,56.94191],[12.42578,56.93803],[12.41879,56.94056],[12.4125,56.93874],[12.41444,56.94405],[12.40492,56.9442],[12.40115,56.95409],[12.41944,56.95728],[12.42478,56.9543],[12.43403,56.95803],[12.43162,56.95325],[12.44473,56.94453]],[[12.47921,56.95892],[12.47619,56.96181],[12.48076,56.96387],[12.48908,56.96123],[12.49384,56.95542],[12.48481,56.94963],[12.47683,56.95614],[12.47921,56.95892]],[[12.45533,56.95588],[12.4499,56.96408],[12.45493,56.96821],[12.46826,56.96116],[12.46381,56.95863],[12.46938,56.95601],[12.46717,56.95451],[12.45533,56.95588]],[[12.62212,56.97499],[12.61506,56.97275],[12.61982,56.97066],[12.61489,56.96678],[12.61624,56.96375],[12.60551,56.96133],[12.59683,56.95559],[12.59478,56.95797],[12.60009,56.96762],[12.59602,56.97428],[12.60234,56.97871],[12.61676,56.97842],[12.62212,56.97499]],[[12.47365,56.97018],[12.47443,56.965],[12.46894,56.9644],[12.46128,56.9693],[12.4675,56.97238],[12.45696,56.97616],[12.46658,56.97833],[12.47442,56.9841],[12.48671,56.98491],[12.49171,56.98143],[12.47365,56.97018]]]}}]}
