{"type":"FeatureCollection","name":"hyltebruk","xy_coordinate_resolution":1e-05,"features":[{"type":"Feature","properties":{"fs":"WALK","t":60.0},"geometry":{"type":"Polygon","coordinates":[[[13.24652,57.03521],[13.24204,57.03624],[13.23966,57.03348],[13.23752,57.03212],[13.23369,57.03196],[13.23106,57.03113],[13.2298,57.03144],[13.22755,57.03329],[13.2272,57.03553],[13.22628,57.0363],[13.22462,57.0366],[13.22055,57.03555],[13.21808,57.03562],[13.21398,57.03307],[13.21394,57.03175],[13.21516,57.03019],[13.21303,57.02918],[13.21055,57.02936],[13.20925,57.02853],[13.20852,57.0265],[13.20963,57.02492],[13.20783,57.02178],[13.20932,57.02075],[13.21148,57.02078],[13.21279,57.02027],[13.21468,57.02044],[13.21678,57.01977],[13.21924,57.01986],[13.22421,57.02145],[13.22293,57.01952],[13.22299,57.018],[13.22182,57.01723],[13.22154,57.01617],[13.21367,57.01584],[13.20823,57.01395],[13.20606,57.01364],[13.20521,57.01298],[13.20513,57.01057],[13.20321,57.01075],[13.19984,57.01228],[13.19737,57.0123],[13.1948,57.01142],[13.19396,57.01036],[13.19205,57.00944],[13.18841,57.01019],[13.18479,57.00858],[13.18629,57.00731],[13.18523,57.00584],[13.18587,57.00484],[13.19123,57.00289],[13.19526,57.00048],[13.18314,56.99379],[13.18481,56.99224],[13.18897,56.99034],[13.19223,56.99095],[13.19439,56.99194],[13.19625,56.99175],[13.19798,56.99086],[13.19853,56.9891],[13.20013,56.98804],[13.19446,56.98476],[13.19367,56.98334],[13.19008,56.98126],[13.18353,56.97953],[13.18022,56.98097],[13.17857,56.98095],[13.17562,56.97796],[13.17541,56.97616],[13.17416,56.97437],[13.17537,56.97391],[13.17742,56.97408],[13.17951,56.97341],[13.1832,56.97357],[13.18536,56.97248],[13.18821,56.972],[13.19035,56.97245],[13.19071,56.96919],[13.19251,56.96822],[13.19873,56.96706],[13.20031,56.96739],[13.20208,56.96909],[13.20348,56.96943],[13.20532,56.96884],[13.20849,56.96889],[13.21041,56.96831],[13.21337,56.96843],[13.21403,56.96761],[13.21627,56.9668],[13.21677,56.96576],[13.21939,56.96499],[13.22864,56.96512],[13.23165,56.96679],[13.23349,56.96699],[13.2353,56.96786],[13.24002,56.96798],[13.24183,56.96885],[13.24594,56.96896],[13.2533,56.96547],[13.26133,56.96523],[13.26461,56.96552],[13.27045,56.96364],[13.27202,56.96517],[13.27403,56.96614],[13.27651,56.966],[13.27934,56.9671],[13.28287,56.96732],[13.28426,56.96849],[13.28203,56.9734],[13.28855,56.97686],[13.28393,56.97949],[13.28377,56.98191],[13.28097,56.98283],[13.2812,56.98729],[13.28828,56.99153],[13.29173,56.99178],[13.29185,56.99307],[13.29431,56.99491],[13.29146,56.99582],[13.29124,56.99657],[13.29771,56.99689],[13.30118,56.99855],[13.29999,56.99664],[13.30398,56.99492],[13.30672,56.99576],[13.30739,56.9969],[13.3088,56.99748],[13.31213,56.99683],[13.31484,56.99833],[13.31418,57.00034],[13.31107,57.00204],[13.30749,57.0025],[13.30662,57.00129],[13.3059,57.00118],[13.30446,57.00182],[13.3025,57.00196],[13.29695,57.00466],[13.30342,57.00727],[13.30631,57.00697],[13.30759,57.00839],[13.30993,57.00904],[13.30989,57.00972],[13.30745,57.01133],[13.30222,57.01094],[13.30029,57.01189],[13.29717,57.01224],[13.29454,57.01004],[13.29174,57.0106],[13.28439,57.01046],[13.28183,57.01126],[13.27819,57.00986],[13.27229,57.01237],[13.26919,57.0124],[13.26732,57.01319],[13.26412,57.01321],[13.26394,57.0168],[13.26507,57.01746],[13.26631,57.01743],[13.26726,57.01677],[13.26747,57.01453],[13.26854,57.01364],[13.27349,57.01338],[13.27414,57.01372],[13.27487,57.01722],[13.27778,57.01865],[13.28148,57.01871],[13.28346,57.02059],[13.28359,57.02216],[13.28138,57.0232],[13.28121,57.0246],[13.27845,57.02529],[13.27712,57.02615],[13.27378,57.02613],[13.27586,57.02793],[13.27647,57.03128],[13.27427,57.03226],[13.26937,57.03129],[13.2669,57.03128],[13.26362,57.03197],[13.26211,57.03021],[13.26019,57.03011],[13.25824,57.03079],[13.25415,57.03083],[13.25167,57.03004],[13.25237,57.03468],[13.25142,57.03506],[13.24652,57.03521]]]}},{"type":"Feature","properties":{"fs":"WALK","t":45.0},"geometry":{"type":"Polygon","coordinates":[[[13.23107,56.97593],[13.23293,56.97666],[13.23369,56.97564],[13.23622,56.97444],[13.23825,56.97504],[13.24128,56.975],[13.24201,56.97354],[13.24399,56.97239],[13.24517,56.96977],[13.24657,56.96983],[13.2483,56.97074],[13.2487,56.97175],[13.25208,56.97333],[13.25348,56.97469],[13.25513,56.97477],[13.26097,56.97291],[13.265,56.97479],[13.26867,56.9754],[13.26901,56.97906],[13.26394,56.98183],[13.268,56.98095],[13.27047,56.98104],[13.27397,56.98188],[13.27583,56.98286],[13.27487,56.98369],[13.27515,56.98431],[13.27833,56.9866],[13.27625,56.98932],[13.27376,56.98991],[13.27089,56.98953],[13.26835,56.98996],[13.2685,56.99091],[13.27198,56.99116],[13.27567,56.99354],[13.27432,56.99449],[13.27403,56.99707],[13.27263,56.99826],[13.27647,56.99869],[13.27866,56.99958],[13.2811,56.99961],[13.28318,56.99882],[13.28792,57.00027],[13.29284,56.99893],[13.29601,57.00122],[13.29573,57.00211],[13.29288,57.00361],[13.28832,57.00426],[13.28829,57.00493],[13.29087,57.00699],[13.28804,57.0083],[13.28522,57.00905],[13.2779,57.009],[13.27588,57.01078],[13.2727,57.01172],[13.26948,57.01186],[13.26755,57.01262],[13.26353,57.01301],[13.26275,57.01648],[13.26439,57.01875],[13.26359,57.02046],[13.2652,57.02129],[13.26537,57.02214],[13.26357,57.02307],[13.26018,57.02289],[13.25938,57.02452],[13.25412,57.0249],[13.25314,57.02601],[13.25062,57.02687],[13.24527,57.02683],[13.24124,57.02497],[13.2392,57.02464],[13.23594,57.02486],[13.23394,57.02424],[13.23212,57.02501],[13.22938,57.02535],[13.2284,57.02656],[13.22674,57.02676],[13.22459,57.02269],[13.22573,57.02113],[13.22428,57.01992],[13.22421,57.01819],[13.22325,57.01728],[13.22449,57.01559],[13.22273,57.01583],[13.2137,57.01523],[13.20923,57.01393],[13.20697,57.01233],[13.20807,57.01053],[13.21027,57.01007],[13.21075,57.00883],[13.21198,57.0081],[13.21204,57.00616],[13.20975,57.00525],[13.20959,57.00653],[13.20584,57.00748],[13.2034,57.00686],[13.20141,57.00531],[13.20358,57.00352],[13.20376,57.00147],[13.20555,57.00025],[13.20906,56.99982],[13.20788,56.99914],[13.20419,56.99887],[13.20269,56.99812],[13.20185,56.99631],[13.20254,56.99474],[13.2008,56.9936],[13.20114,56.9918],[13.20293,56.99087],[13.20893,56.99074],[13.20618,56.98898],[13.20306,56.98882],[13.20042,56.98741],[13.20258,56.98548],[13.19826,56.9853],[13.19519,56.98363],[13.19637,56.98163],[13.19387,56.97718],[13.19871,56.97601],[13.2035,56.97746],[13.20652,56.97613],[13.21164,56.97674],[13.21469,56.97587],[13.2181,56.9776],[13.2192,56.9776],[13.21859,56.97543],[13.22063,56.97366],[13.22398,56.97225],[13.22645,56.97234],[13.22991,56.9734],[13.23107,56.97593]]]}},{"type":"Feature","properties":{"fs":"WALK","t":30.0},"geometry":{"type":"Polygon","coordinates":[[[13.24279,57.01828],[13.24084,57.01814],[13.23882,57.01635],[13.23977,57.01469],[13.23858,57.01377],[13.23651,57.01266],[13.23392,57.01214],[13.23139,57.0097],[13.22603,57.00707],[13.22235,57.00648],[13.22049,57.00556],[13.22169,57.00198],[13.22056,57.00084],[13.22058,56.99837],[13.22347,56.99662],[13.22557,56.99401],[13.22853,56.99371],[13.22458,56.99121],[13.22426,56.99012],[13.22046,56.99011],[13.22201,56.9921],[13.21971,56.99286],[13.2145,56.98993],[13.20806,56.98907],[13.20787,56.98831],[13.20993,56.98645],[13.20967,56.98474],[13.21161,56.98291],[13.21521,56.98368],[13.21728,56.9835],[13.22094,56.98209],[13.22277,56.98049],[13.22565,56.98036],[13.22656,56.98071],[13.22757,56.9823],[13.22634,56.98335],[13.22454,56.98324],[13.22428,56.98398],[13.22608,56.985],[13.22996,56.98503],[13.23074,56.98477],[13.23053,56.98386],[13.23546,56.98173],[13.23791,56.98218],[13.2437,56.98156],[13.24334,56.98044],[13.24554,56.97969],[13.24832,56.9795],[13.2506,56.98127],[13.25141,56.98376],[13.25263,56.98411],[13.25607,56.9832],[13.25866,56.98498],[13.25756,56.98631],[13.25948,56.98796],[13.26354,56.99048],[13.26696,56.99078],[13.26876,56.99267],[13.27304,56.99439],[13.27329,56.99596],[13.27111,56.9981],[13.27302,56.99913],[13.27467,57.00137],[13.27106,57.0038],[13.27018,57.00611],[13.26309,57.0068],[13.26106,57.00624],[13.25897,57.00697],[13.25634,57.00703],[13.25579,57.00865],[13.25786,57.01143],[13.25343,57.01215],[13.25243,57.01395],[13.25344,57.01523],[13.25287,57.01635],[13.2496,57.01585],[13.24894,57.01666],[13.24279,57.01828]]]}},{"type":"Feature","properties":{"fs":"WALK","t":15.0},"geometry":{"type":"Polygon","coordinates":[[[13.23644,57.00685],[13.23598,57.00402],[13.23721,57.00286],[13.23726,57.00135],[13.23453,57.00052],[13.23419,56.99843],[13.23299,56.99757],[13.23278,56.9966],[13.23021,56.99491],[13.22967,56.99363],[13.22603,56.99126],[13.22583,56.98969],[13.22689,56.98908],[13.23097,56.98965],[13.23719,56.98867],[13.24273,56.99122],[13.24349,56.99257],[13.24549,56.9921],[13.24853,56.99427],[13.25204,56.99351],[13.25289,56.99512],[13.25535,56.99639],[13.2553,56.99751],[13.25368,56.998],[13.25557,57.00044],[13.25496,57.00133],[13.2526,57.0024],[13.24802,57.00286],[13.24304,57.00548],[13.24281,57.007],[13.24174,57.00782],[13.23644,57.00685]]]}},{"type":"Feature","properties":{"fs":"BICYCLE","t":60.0},"geometry":{"type":"Polygon","coordinates":[[[13.08237,56.92254],[13.09506,56.9234],[13.09613,56.92522],[13.09472,56.928],[13.10101,56.92967],[13.10105,56.93214],[13.09783,56.93367],[13.10455,56.93478],[13.10015,56.9404],[13.10425,56.94062],[13.10536,56.94299],[13.10921,56.94423],[13.11766,56.93958],[13.12322,56.94337],[13.13397,56.9381],[13.13511,56.93593],[13.14636,56.92856],[13.15051,56.92772],[13.15714,56.9242],[13.16344,56.92382],[13.16268,56.92296],[13.15548,56.92274],[13.14723,56.9234],[13.14113,56.92005],[13.14278,56.91783],[13.14773,56.91746],[13.15226,56.91303],[13.15058,56.90911],[13.15673,56.90571],[13.15353,56.89991],[13.15666,56.89883],[13.16153,56.89991],[13.16486,56.89895],[13.17658,56.9027],[13.1809,56.90267],[13.17734,56.89992],[13.17932,56.89714],[13.17852,56.89522],[13.1839,56.89361],[13.18911,56.88998],[13.19539,56.89153],[13.1918,56.89373],[13.20042,56.89801],[13.20718,56.89249],[13.21252,56.89807],[13.22041,56.89627],[13.22059,56.90099],[13.22283,56.9026],[13.22624,56.89737],[13.23024,56.8945],[13.23322,56.89432],[13.238,56.89759],[13.2351,56.90154],[13.24098,56.9039],[13.24405,56.90335],[13.24413,56.89964],[13.24209,56.89785],[13.24463,56.89628],[13.24413,56.89369],[13.24748,56.89224],[13.25332,56.89477],[13.25437,56.89855],[13.26337,56.90081],[13.26896,56.90032],[13.27065,56.90164],[13.2482,56.91205],[13.24823,56.91444],[13.25696,56.91798],[13.25986,56.92176],[13.27131,56.92098],[13.28257,56.92371],[13.28067,56.91891],[13.28338,56.915],[13.29584,56.91181],[13.30199,56.90578],[13.30878,56.90379],[13.3118,56.90391],[13.30952,56.89991],[13.30175,56.89931],[13.29924,56.8958],[13.30585,56.89267],[13.3166,56.89019],[13.31363,56.88622],[13.32072,56.88373],[13.32479,56.88435],[13.32973,56.88717],[13.34329,56.88819],[13.33636,56.89181],[13.34116,56.89771],[13.33452,56.90081],[13.33849,56.90247],[13.342,56.9081],[13.35077,56.90757],[13.35999,56.90519],[13.35886,56.90289],[13.36262,56.90136],[13.36754,56.9015],[13.37831,56.90404],[13.37866,56.90539],[13.37327,56.90667],[13.37124,56.90844],[13.37106,56.91023],[13.37478,56.91433],[13.37219,56.91968],[13.36823,56.92334],[13.37738,56.92548],[13.39693,56.91484],[13.39896,56.91554],[13.40011,56.91735],[13.39684,56.92315],[13.39769,56.9272],[13.39296,56.93118],[13.39305,56.93388],[13.39603,56.9361],[13.39083,56.9411],[13.39307,56.9434],[13.39212,56.95528],[13.39807,56.95551],[13.40223,56.95431],[13.41489,56.9562],[13.41376,56.95385],[13.41629,56.95237],[13.42279,56.95425],[13.43206,56.9538],[13.43672,56.96015],[13.44338,56.96327],[13.44041,56.96531],[13.43137,56.96761],[13.42716,56.9652],[13.42399,56.96572],[13.42327,56.96869],[13.43022,56.97793],[13.43126,56.98243],[13.43397,56.98415],[13.43988,56.98535],[13.44793,56.99224],[13.44964,56.99558],[13.45331,56.99634],[13.46299,56.99294],[13.46523,56.99686],[13.47032,56.9981],[13.46513,56.99914],[13.46301,57.0008],[13.46674,57.00505],[13.46418,57.00721],[13.46211,57.00752],[13.45909,57.00592],[13.45516,57.00652],[13.44948,57.00572],[13.43835,57.00813],[13.43588,57.01214],[13.43701,57.01704],[13.43981,57.0191],[13.43799,57.02082],[13.43481,57.02055],[13.42654,57.01625],[13.42179,57.0167],[13.41615,57.0138],[13.40958,57.01327],[13.40472,57.01152],[13.38959,57.017],[13.39007,57.02038],[13.38449,57.02631],[13.38823,57.0297],[13.39337,57.02957],[13.39534,57.02617],[13.40246,57.02812],[13.40856,57.02527],[13.41447,57.02894],[13.41427,57.03209],[13.4173,57.0351],[13.40359,57.03772],[13.40019,57.04033],[13.40378,57.04498],[13.4147,57.04787],[13.42016,57.05282],[13.41673,57.05593],[13.41742,57.05897],[13.41337,57.05978],[13.41099,57.06229],[13.40092,57.06392],[13.40934,57.07201],[13.40868,57.07301],[13.40537,57.07319],[13.38983,57.07007],[13.38841,57.07443],[13.38994,57.07715],[13.38737,57.07936],[13.38893,57.08146],[13.38684,57.08205],[13.37327,57.07705],[13.37519,57.07967],[13.37501,57.08456],[13.3773,57.08732],[13.37682,57.09714],[13.37516,57.09925],[13.37854,57.10216],[13.37681,57.10393],[13.37433,57.1039],[13.36651,57.09871],[13.35642,57.10052],[13.35281,57.09817],[13.34408,57.09733],[13.35503,57.09242],[13.35344,57.09099],[13.33116,57.09109],[13.32808,57.09296],[13.32792,57.09655],[13.3261,57.0981],[13.32051,57.09376],[13.31646,57.09438],[13.3135,57.09146],[13.31004,57.09034],[13.30918,57.09338],[13.31247,57.09679],[13.31878,57.10025],[13.30665,57.10368],[13.30293,57.10377],[13.29848,57.10178],[13.29269,57.10204],[13.28971,57.10412],[13.29136,57.11313],[13.28716,57.11457],[13.27337,57.11592],[13.27359,57.11794],[13.26877,57.11939],[13.26051,57.11939],[13.26438,57.11759],[13.26388,57.11354],[13.25919,57.11224],[13.25301,57.11417],[13.25026,57.11339],[13.25462,57.10864],[13.25905,57.10659],[13.25508,57.10527],[13.25347,57.1034],[13.25108,57.10479],[13.24647,57.10493],[13.24241,57.10032],[13.23733,57.09879],[13.23706,57.09585],[13.23254,57.09387],[13.23493,57.09191],[13.23467,57.08971],[13.22417,57.08923],[13.21094,57.08346],[13.20729,57.08427],[13.21077,57.08909],[13.2083,57.09108],[13.20438,57.089],[13.20321,57.09179],[13.19572,57.09315],[13.18266,57.09004],[13.18062,57.08012],[13.18248,57.07903],[13.18881,57.08122],[13.18959,57.07511],[13.18486,57.07315],[13.18275,57.07555],[13.17776,57.07638],[13.17744,57.07884],[13.17121,57.07954],[13.16314,57.07178],[13.16636,57.06919],[13.15672,57.06405],[13.15079,57.05621],[13.14752,57.05414],[13.13412,57.05642],[13.13081,57.05861],[13.12814,57.05835],[13.12698,57.05687],[13.12879,57.05254],[13.12589,57.0489],[13.12117,57.04627],[13.11545,57.04951],[13.11814,57.0564],[13.1134,57.05639],[13.10837,57.05809],[13.10592,57.05768],[13.10704,57.05388],[13.10124,57.04907],[13.09892,57.05212],[13.09701,57.05249],[13.09073,57.05161],[13.08707,57.05335],[13.08394,57.05206],[13.07768,57.05152],[13.06928,57.03757],[13.0714,57.03365],[13.06668,57.03124],[13.06651,57.02798],[13.06275,57.02574],[13.05408,57.02397],[13.04074,57.01916],[13.04455,57.0172],[13.05577,57.01737],[13.05473,57.0155],[13.05091,57.01381],[13.05218,57.01316],[13.06385,57.01446],[13.06467,57.01058],[13.0702,57.00603],[13.07765,57.00367],[13.07555,57.00122],[13.07686,56.99771],[13.07427,56.99407],[13.07382,56.98688],[13.06697,56.98194],[13.05806,56.98532],[13.05403,56.98825],[13.05335,56.99071],[13.04344,56.99135],[13.04228,56.98998],[13.04575,56.98661],[13.04355,56.98332],[13.04767,56.98125],[13.04187,56.98016],[13.0389,56.97791],[13.03353,56.97636],[13.03237,56.975],[13.03351,56.9721],[13.02929,56.9695],[13.01749,56.96859],[13.01885,56.96625],[13.01634,56.96312],[13.01091,56.96084],[13.02884,56.95619],[13.03786,56.95273],[13.03329,56.94867],[13.02768,56.94705],[13.02193,56.94698],[13.02099,56.94517],[13.03046,56.93835],[13.03394,56.9412],[13.03619,56.9414],[13.04433,56.93781],[13.05268,56.93657],[13.05353,56.93478],[13.04104,56.93318],[13.03553,56.93051],[13.03848,56.92916],[13.04404,56.92902],[13.04805,56.92487],[13.05932,56.92611],[13.05666,56.91922],[13.06122,56.91446],[13.06482,56.91642],[13.06896,56.91581],[13.06891,56.91879],[13.07405,56.92055],[13.07659,56.9232],[13.08237,56.92254]],[[13.11974,57.0024],[13.11844,57.00572],[13.12233,57.0069],[13.12443,56.99716],[13.11562,56.99502],[13.11974,57.0024]],[[13.16879,57.0534],[13.16528,57.04845],[13.16783,57.04401],[13.16091,57.04011],[13.15694,57.04153],[13.1506,57.04145],[13.14413,57.0375],[13.1368,57.04187],[13.13811,57.04322],[13.1465,57.04565],[13.14246,57.04969],[13.15068,57.05284],[13.16403,57.05529],[13.16879,57.0534]],[[13.27606,57.06013],[13.27897,57.05973],[13.28962,57.06126],[13.29151,57.05967],[13.28938,57.0565],[13.29154,57.05537],[13.30513,57.05795],[13.30876,57.06201],[13.31236,57.0606],[13.31212,57.05692],[13.30159,57.05457],[13.29889,57.05307],[13.28921,57.05288],[13.28545,57.05104],[13.27539,57.05276],[13.26916,57.05592],[13.26515,57.05627],[13.26473,57.05815],[13.26837,57.06026],[13.27303,57.06087],[13.2775,57.06356],[13.27826,57.0669],[13.28092,57.06357],[13.27606,57.06013]],[[13.33326,57.07937],[13.32248,57.08232],[13.32896,57.085],[13.33938,57.08248],[13.33326,57.07937]]]}},{"type":"Feature","properties":{"fs":"BICYCLE","t":45.0},"geometry":{"type":"MultiPolygon","coordinates":[[[[13.07423,56.95296],[13.08058,56.95351],[13.08268,56.95219],[13.08537,56.95381],[13.08766,56.95357],[13.08501,56.9513],[13.08756,56.94957],[13.09548,56.95143],[13.09948,56.95523],[13.09939,56.96211],[13.10225,56.97192],[13.08886,56.96436],[13.08515,56.96447],[13.08257,56.96067],[13.07515,56.96308],[13.0704,56.95447],[13.07423,56.95296]]],[[[13.26821,57.08283],[13.26551,57.08301],[13.26357,57.08647],[13.26045,57.08553],[13.25544,57.0868],[13.24891,57.08525],[13.25371,57.08251],[13.25392,57.07952],[13.238,57.07604],[13.23201,57.07282],[13.22794,57.07221],[13.22615,57.06943],[13.22168,57.06868],[13.20939,57.06349],[13.20118,57.0656],[13.19939,57.06422],[13.19896,57.06028],[13.21206,57.05834],[13.21286,57.0574],[13.19973,57.05316],[13.19364,57.05288],[13.18655,57.05067],[13.18362,57.04727],[13.17334,57.04642],[13.16115,57.03941],[13.15733,57.04063],[13.15141,57.0403],[13.14936,57.03788],[13.15118,57.03285],[13.14347,57.03215],[13.12855,57.02696],[13.12139,57.02888],[13.11501,57.02672],[13.11138,57.02856],[13.10341,57.02597],[13.1078,57.02064],[13.11599,57.02151],[13.13548,57.01474],[13.13159,57.00887],[13.13106,56.99763],[13.13418,56.99324],[13.13296,56.99232],[13.12158,56.99232],[13.11434,56.9912],[13.11075,56.98892],[13.10362,56.98951],[13.10117,56.98714],[13.09757,56.98709],[13.0949,56.9836],[13.10123,56.97786],[13.11396,56.98024],[13.11789,56.97935],[13.11636,56.97185],[13.11342,56.96821],[13.11827,56.96511],[13.12386,56.96419],[13.12267,56.96249],[13.11597,56.96084],[13.11562,56.95921],[13.11871,56.95715],[13.12292,56.95647],[13.12825,56.95177],[13.13226,56.95017],[13.14192,56.94782],[13.14603,56.9494],[13.15344,56.94871],[13.15292,56.94674],[13.14615,56.94512],[13.1438,56.94278],[13.16195,56.94159],[13.16696,56.93983],[13.17586,56.93937],[13.18039,56.93707],[13.18138,56.93503],[13.17813,56.93183],[13.17786,56.92924],[13.17168,56.92752],[13.17594,56.92427],[13.17914,56.92409],[13.18325,56.92612],[13.18322,56.92253],[13.18838,56.92198],[13.18821,56.92967],[13.19026,56.9297],[13.19316,56.92711],[13.20122,56.92827],[13.20545,56.93002],[13.20496,56.9316],[13.19896,56.93253],[13.19618,56.93475],[13.19976,56.93716],[13.20117,56.9407],[13.20468,56.94165],[13.20883,56.94088],[13.21702,56.9416],[13.22208,56.93884],[13.21569,56.93715],[13.21363,56.93504],[13.21625,56.92744],[13.22443,56.92389],[13.23177,56.92296],[13.23551,56.91985],[13.23752,56.92302],[13.242,56.92601],[13.23961,56.92878],[13.23471,56.93034],[13.2383,56.93259],[13.2478,56.93358],[13.26184,56.93218],[13.27762,56.92849],[13.2984,56.92783],[13.30664,56.92285],[13.31481,56.92027],[13.31646,56.91894],[13.31549,56.91668],[13.31846,56.9156],[13.32169,56.91688],[13.32743,56.91718],[13.33024,56.91862],[13.32654,56.92177],[13.32747,56.92763],[13.32992,56.93024],[13.34069,56.93297],[13.34971,56.93331],[13.35551,56.93238],[13.35791,56.93522],[13.35667,56.93868],[13.36213,56.94061],[13.35362,56.94252],[13.34974,56.94679],[13.34189,56.94293],[13.33629,56.94304],[13.33298,56.94533],[13.33448,56.9497],[13.33948,56.95492],[13.33998,56.95832],[13.34596,56.96389],[13.34517,56.96639],[13.34852,56.96694],[13.35803,56.97199],[13.36284,56.9714],[13.36059,56.96625],[13.36179,56.9647],[13.36798,56.96657],[13.37563,56.96566],[13.3736,56.96979],[13.37847,56.97124],[13.38093,56.97149],[13.39008,56.96911],[13.39984,56.97159],[13.40079,56.97346],[13.39303,56.97701],[13.39672,56.982],[13.4075,56.98741],[13.41921,56.99026],[13.41282,56.99276],[13.4039,56.99366],[13.39719,56.99677],[13.39241,56.99131],[13.38317,56.99098],[13.37981,56.99323],[13.38006,56.99616],[13.38354,56.99435],[13.38754,56.99457],[13.38754,56.99704],[13.39137,56.99877],[13.39129,57.00063],[13.38288,57.00243],[13.37032,57.00711],[13.36559,57.0072],[13.36265,57.0107],[13.35951,57.0097],[13.35676,57.00664],[13.36017,57.00174],[13.3598,56.99838],[13.35383,56.99769],[13.34561,57.00171],[13.34506,57.01008],[13.34147,57.01277],[13.34129,57.01766],[13.34495,57.0222],[13.34563,57.03165],[13.35213,57.02746],[13.35779,57.03001],[13.356,57.03403],[13.36181,57.03933],[13.3678,57.03974],[13.36548,57.04482],[13.37065,57.04674],[13.36163,57.05117],[13.35456,57.04704],[13.35103,57.04782],[13.3494,57.04967],[13.34836,57.0537],[13.35991,57.06598],[13.35816,57.0682],[13.35928,57.07091],[13.35596,57.07132],[13.34969,57.06865],[13.34753,57.06615],[13.3441,57.06675],[13.34089,57.06958],[13.33628,57.06885],[13.33079,57.06947],[13.32857,57.06444],[13.3349,57.06458],[13.33205,57.06194],[13.31932,57.06091],[13.31629,57.05714],[13.31294,57.05604],[13.29823,57.05213],[13.28937,57.05191],[13.28278,57.05015],[13.27483,57.05223],[13.26936,57.05511],[13.26476,57.05571],[13.26271,57.05748],[13.26753,57.06095],[13.27211,57.06166],[13.27539,57.06362],[13.2752,57.06664],[13.27498,57.06743],[13.26739,57.06806],[13.26516,57.07125],[13.26088,57.07194],[13.26042,57.07287],[13.26749,57.07596],[13.27985,57.07636],[13.28225,57.07791],[13.27204,57.08456],[13.26821,57.08283]],[[13.28286,56.94028],[13.29487,56.94662],[13.30108,56.9462],[13.30547,56.94384],[13.30934,56.93951],[13.30105,56.93042],[13.29002,56.93369],[13.28283,56.9378],[13.28286,56.94028]],[[13.21648,56.96424],[13.2271,56.96454],[13.23099,56.96271],[13.23038,56.95995],[13.21742,56.95905],[13.21524,56.96202],[13.21648,56.96424]]]]}},{"type":"Feature","properties":{"fs":"BICYCLE","t":30.0},"geometry":{"type":"Polygon","coordinates":[[[13.24895,57.04926],[13.23317,57.05617],[13.23816,57.05966],[13.2328,57.05959],[13.20953,57.0528],[13.20844,57.05188],[13.21037,57.0502],[13.20719,57.04782],[13.20333,57.04726],[13.18766,57.04114],[13.18714,57.03844],[13.191,57.03962],[13.19923,57.03771],[13.20395,57.03812],[13.20482,57.03568],[13.20325,57.03366],[13.20607,57.02972],[13.20127,57.02478],[13.19952,57.02523],[13.19863,57.02872],[13.18967,57.03095],[13.18291,57.03006],[13.18011,57.0243],[13.17198,57.02204],[13.1639,57.02294],[13.16784,57.01831],[13.17763,57.0173],[13.17451,57.01227],[13.1803,57.00856],[13.18099,57.00512],[13.16761,56.9954],[13.16756,56.99382],[13.17053,56.99189],[13.16697,56.99208],[13.16325,56.99451],[13.16046,56.99267],[13.15883,56.98816],[13.16197,56.98281],[13.15583,56.97941],[13.15502,56.97368],[13.14465,56.97531],[13.14089,56.97239],[13.13735,56.97324],[13.13515,56.97208],[13.13528,56.96939],[13.13965,56.96625],[13.13887,56.96145],[13.15278,56.96077],[13.15477,56.96204],[13.15445,56.96518],[13.16459,56.96299],[13.17456,56.96379],[13.17439,56.95978],[13.18019,56.95512],[13.19469,56.9551],[13.19915,56.95409],[13.2024,56.95501],[13.19187,56.9601],[13.20925,56.96213],[13.21436,56.96566],[13.23028,56.96558],[13.24533,56.96882],[13.25457,56.96456],[13.2529,56.963],[13.2423,56.96319],[13.23883,56.96055],[13.23945,56.95832],[13.2434,56.95523],[13.24239,56.95252],[13.24437,56.94536],[13.24724,56.94338],[13.2542,56.95122],[13.26679,56.956],[13.26889,56.95513],[13.27386,56.94554],[13.27957,56.94871],[13.27783,56.95076],[13.28265,56.95622],[13.28605,56.9575],[13.28985,56.95535],[13.29664,56.9551],[13.31331,56.95013],[13.31441,56.95171],[13.31121,56.95788],[13.31614,56.96031],[13.32094,56.96556],[13.32621,56.96883],[13.32682,56.9721],[13.32542,56.97342],[13.31827,56.97243],[13.312,56.97998],[13.31193,56.98301],[13.31954,56.98308],[13.33088,56.98707],[13.34314,56.98882],[13.35308,56.98749],[13.35523,56.98999],[13.34203,56.99528],[13.33708,56.99571],[13.33334,56.99947],[13.33582,57.00546],[13.332,57.0126],[13.33178,57.02203],[13.32927,57.02284],[13.32269,57.02264],[13.3122,57.01784],[13.30686,57.01994],[13.29667,57.01991],[13.28633,57.02601],[13.28655,57.03063],[13.28914,57.02988],[13.28998,57.02646],[13.29393,57.02567],[13.29928,57.03028],[13.30252,57.03146],[13.30686,57.03124],[13.31786,57.03846],[13.31699,57.0395],[13.31,57.03915],[13.31218,57.04108],[13.3128,57.04558],[13.29875,57.0418],[13.29634,57.04272],[13.29735,57.04538],[13.29559,57.0467],[13.28555,57.04134],[13.27936,57.04275],[13.27584,57.04194],[13.27254,57.04279],[13.26827,57.04168],[13.26647,57.04271],[13.26834,57.04565],[13.27301,57.04609],[13.27501,57.04732],[13.26847,57.0529],[13.26441,57.05368],[13.25784,57.05307],[13.24895,57.04926]],[[13.30269,56.96458],[13.30196,56.96558],[13.30627,56.96862],[13.31202,56.9674],[13.3159,56.96791],[13.31769,56.96698],[13.31684,56.96522],[13.31379,56.96462],[13.30931,56.9658],[13.30269,56.96458]]]}},{"type":"Feature","properties":{"fs":"BICYCLE","t":15.0},"geometry":{"type":"Polygon","coordinates":[[[13.25961,57.02419],[13.25249,57.02656],[13.24674,57.02631],[13.23778,57.02408],[13.23365,57.02441],[13.22777,57.02666],[13.22534,57.02596],[13.22982,57.01614],[13.22898,57.01421],[13.225,57.01135],[13.22021,57.01263],[13.21448,57.01176],[13.21127,57.01003],[13.21113,57.00733],[13.20728,57.00743],[13.19956,57.00526],[13.2092,57.0018],[13.21457,57.00143],[13.20936,56.99847],[13.20361,56.99824],[13.19999,56.99639],[13.20326,56.99262],[13.20928,56.99233],[13.2103,56.9909],[13.20488,56.98721],[13.20351,56.98308],[13.19984,56.98252],[13.19746,56.98063],[13.19801,56.97783],[13.20623,56.97582],[13.21198,56.97803],[13.2161,56.97801],[13.22088,56.97687],[13.22382,56.97343],[13.23263,56.97642],[13.24836,56.9742],[13.25562,56.97519],[13.25946,56.9723],[13.26332,56.97539],[13.26974,56.97446],[13.26995,56.97593],[13.26668,56.97846],[13.25998,56.98095],[13.26503,56.98299],[13.26998,56.98255],[13.27806,56.98806],[13.27562,56.98965],[13.26826,56.98871],[13.2648,56.99006],[13.27197,56.99085],[13.2752,56.99271],[13.27595,56.9937],[13.27322,56.99693],[13.27722,56.99966],[13.29,56.99923],[13.2969,57.00125],[13.28232,57.00507],[13.27177,57.00616],[13.26863,57.01161],[13.26077,57.01028],[13.2611,57.01702],[13.2632,57.02076],[13.26628,57.02232],[13.25805,57.02226],[13.25961,57.02419]]]}},{"type":"Feature","properties":{"fs":"TRANSIT","t":60.0},"geometry":{"type":"MultiPolygon","coordinates":[[[[12.86613,56.6937],[12.86342,56.69714],[12.85924,56.69575],[12.86143,56.68877],[12.86503,56.69083],[12.86613,56.6937]]],[[[12.90923,56.71476],[12.90494,56.71862],[12.91355,56.72339],[12.91226,56.72683],[12.91517,56.7295],[12.91166,56.73176],[12.9074,56.72998],[12.90034,56.72944],[12.9033,56.72354],[12.90125,56.72041],[12.89515,56.7222],[12.89467,56.72003],[12.89708,56.71714],[12.89245,56.71431],[12.89198,56.71267],[12.89858,56.71348],[12.90432,56.713],[12.90923,56.71476]]],[[[12.95554,56.74597],[12.9531,56.7475],[12.94692,56.74617],[12.94492,56.75329],[12.94641,56.7551],[12.94244,56.75744],[12.9387,56.75571],[12.92931,56.75445],[12.92705,56.74912],[12.92095,56.74488],[12.91629,56.74412],[12.91433,56.74259],[12.91387,56.73416],[12.92332,56.7351],[12.93,56.74092],[12.94053,56.73814],[12.94689,56.73915],[12.95305,56.74284],[12.95554,56.74597]]],[[[12.9682,56.84772],[12.96956,56.84538],[12.96058,56.84333],[12.95754,56.84002],[12.95429,56.83929],[12.94614,56.83384],[12.94433,56.82872],[12.93892,56.82792],[12.93497,56.82898],[12.93258,56.82696],[12.93665,56.82496],[12.93792,56.81926],[12.94485,56.81622],[12.93809,56.81252],[12.94026,56.81036],[12.93987,56.80233],[12.93756,56.79982],[12.94786,56.79493],[12.94758,56.79257],[12.95035,56.78896],[12.9546,56.78757],[12.95031,56.78582],[12.95109,56.7833],[12.94627,56.78274],[12.944,56.78128],[12.9447,56.77365],[12.94027,56.77101],[12.94189,56.769],[12.93904,56.76592],[12.9434,56.76037],[12.94855,56.76245],[12.95244,56.76086],[12.95721,56.76217],[12.96446,56.76816],[12.96386,56.77155],[12.9579,56.77206],[12.95684,56.77342],[12.9575,56.77684],[12.96083,56.77594],[12.96811,56.78167],[12.96292,56.78352],[12.95993,56.79052],[12.96696,56.78985],[12.97158,56.79345],[12.97302,56.79752],[12.97984,56.79774],[12.98524,56.80015],[12.9889,56.79678],[12.99209,56.79714],[12.99419,56.79872],[12.99017,56.8036],[12.98338,56.80439],[12.97908,56.80735],[12.97248,56.8096],[12.97172,56.83115],[12.97706,56.83418],[12.98109,56.83375],[12.98426,56.83493],[12.9932,56.83133],[13.00386,56.83144],[13.0138,56.83687],[13.02403,56.83716],[13.02588,56.83944],[13.02964,56.83972],[13.02911,56.84589],[13.02477,56.84683],[13.02348,56.84816],[13.0322,56.85346],[13.03209,56.85554],[13.0026,56.85479],[12.98678,56.84859],[12.98213,56.85045],[12.9811,56.85298],[12.97634,56.8533],[12.96944,56.84999],[12.9682,56.84772]]],[[[13.14451,57.0367],[13.14111,57.03845],[13.1279,57.03826],[13.12735,57.03622],[13.12357,57.03462],[13.11477,57.03872],[13.11458,57.04165],[13.10457,57.0433],[13.10135,57.04145],[13.10023,57.03896],[13.09305,57.03482],[13.0898,57.03521],[13.08843,57.03765],[13.085,57.03941],[13.08177,57.03754],[13.08516,57.03512],[13.08326,57.03287],[13.07869,57.03392],[13.07508,57.03219],[13.06559,57.03191],[13.06605,57.02291],[13.07219,57.01964],[13.07633,57.01522],[13.06699,57.00497],[13.06728,56.99958],[13.07415,56.99317],[13.06794,56.98701],[13.06693,56.98273],[13.0637,56.98156],[13.05835,56.98147],[13.05515,56.97963],[13.05268,56.97503],[13.04785,56.97412],[13.04808,56.97165],[13.05161,56.96856],[13.04922,56.96696],[13.04921,56.96358],[13.04664,56.96085],[13.04738,56.95591],[13.04435,56.94924],[13.04942,56.94696],[13.04666,56.94548],[13.04049,56.94526],[13.04081,56.9393],[13.04307,56.93657],[13.03466,56.93153],[13.03493,56.92921],[13.03859,56.92579],[13.04281,56.92484],[13.05083,56.92003],[13.04795,56.91639],[13.04416,56.91478],[13.03841,56.91502],[13.03207,56.91816],[13.02888,56.91631],[13.02787,56.91203],[13.0226,56.91082],[13.02318,56.90387],[13.02908,56.90037],[13.02955,56.89818],[13.03333,56.89521],[13.04015,56.8954],[13.04208,56.88982],[13.03972,56.88854],[13.03377,56.88988],[13.03094,56.88901],[13.03049,56.88578],[13.03266,56.88336],[13.0244,56.87955],[13.0175,56.87933],[13.01453,56.8773],[13.01495,56.8733],[13.0193,56.87235],[13.02394,56.86973],[13.02169,56.86587],[13.02771,56.8644],[13.02927,56.85837],[13.03519,56.8589],[13.03621,56.86318],[13.04745,56.86762],[13.05057,56.86655],[13.0513,56.86454],[13.05241,56.86703],[13.05565,56.86753],[13.0605,56.86491],[13.0616,56.86156],[13.07476,56.87502],[13.07425,56.87681],[13.07066,56.87889],[13.06695,56.87917],[13.06333,56.87777],[13.05723,56.88104],[13.05662,56.88855],[13.05409,56.88973],[13.05959,56.89059],[13.05969,56.8931],[13.05629,56.89585],[13.056,56.90169],[13.06223,56.90783],[13.06202,56.91256],[13.06513,56.91507],[13.06615,56.91935],[13.07252,56.92237],[13.08772,56.92261],[13.09083,56.92626],[13.08865,56.92869],[13.09344,56.93122],[13.10049,56.93],[13.10031,56.9336],[13.09248,56.93416],[13.08721,56.93721],[13.08812,56.93946],[13.10417,56.9462],[13.11239,56.94621],[13.11615,56.94459],[13.12317,56.94436],[13.12949,56.94121],[13.13608,56.94131],[13.13586,56.94603],[13.13861,56.94817],[13.14559,56.94863],[13.15857,56.9524],[13.16535,56.95597],[13.1749,56.95445],[13.17464,56.96502],[13.17797,56.96695],[13.18322,56.96745],[13.18723,56.97012],[13.19851,56.96739],[13.21081,56.96823],[13.21641,56.96585],[13.23025,56.96604],[13.23386,56.96777],[13.24003,56.96798],[13.24528,56.96982],[13.25325,56.96637],[13.27003,56.96391],[13.27424,56.96606],[13.2832,56.96802],[13.28273,56.97371],[13.28734,56.9765],[13.28395,56.98111],[13.2908,56.98173],[13.30005,56.9773],[13.30538,56.9778],[13.309,56.9796],[13.31848,56.97981],[13.32208,56.98153],[13.32783,56.98161],[13.33135,56.97979],[13.33172,56.97641],[13.33519,56.97286],[13.35454,56.97299],[13.36166,56.96962],[13.36828,56.9697],[13.37189,56.97142],[13.37681,56.97159],[13.38139,56.96987],[13.39787,56.97009],[13.4023,56.97193],[13.42731,56.97406],[13.43046,56.9777],[13.43152,56.98197],[13.43713,56.98482],[13.44535,56.98506],[13.44993,56.98333],[13.45612,56.98329],[13.45987,56.98165],[13.4632,56.98169],[13.46763,56.98353],[13.47256,56.98347],[13.47899,56.98032],[13.47988,56.97471],[13.48326,56.97295],[13.4952,56.97307],[13.49851,56.97201],[13.49992,56.96777],[13.5033,56.96535],[13.50352,56.95951],[13.50035,56.95633],[13.50357,56.95322],[13.50388,56.95053],[13.50072,56.94802],[13.50079,56.94622],[13.50423,56.94266],[13.51087,56.94095],[13.51862,56.94215],[13.52073,56.9404],[13.52087,56.93747],[13.52746,56.93755],[13.52795,56.94138],[13.53416,56.94468],[13.53908,56.94485],[13.54366,56.94313],[13.54676,56.94316],[13.55059,56.94488],[13.55675,56.94508],[13.56393,56.95067],[13.56249,56.95234],[13.55389,56.95398],[13.55637,56.95633],[13.56365,56.95781],[13.56597,56.96181],[13.56249,56.96672],[13.55312,56.96998],[13.55236,56.97379],[13.549,56.97555],[13.53953,56.97557],[13.53575,56.97721],[13.53251,56.97536],[13.53137,56.97288],[13.52736,56.9706],[13.52494,56.97057],[13.52276,56.97346],[13.51658,56.97351],[13.51369,56.97535],[13.51934,56.97697],[13.51991,56.97901],[13.52288,56.98048],[13.52914,56.9789],[13.52564,56.98427],[13.51526,56.9863],[13.50561,56.99123],[13.49529,56.99146],[13.48924,56.99483],[13.48886,56.99821],[13.48438,56.99637],[13.47945,56.99642],[13.47636,56.99782],[13.47573,57.0032],[13.48193,57.00708],[13.48186,57.00878],[13.47502,57.01421],[13.47056,57.01238],[13.46516,57.0141],[13.45853,57.01401],[13.45088,57.01035],[13.44594,57.01041],[13.43552,57.01373],[13.42561,57.0136],[13.42237,57.01176],[13.42124,57.00928],[13.41721,57.00813],[13.41053,57.01094],[13.40918,57.01339],[13.39921,57.01505],[13.39912,57.01168],[13.39613,57.00962],[13.39632,56.99907],[13.39335,56.99702],[13.39287,56.99319],[13.38507,56.98978],[13.37719,56.99387],[13.37763,56.99702],[13.38341,57.00046],[13.38324,57.00408],[13.37661,57.004],[13.37059,57.00068],[13.3636,57.00023],[13.3535,56.99698],[13.34409,57.00198],[13.34343,57.01075],[13.32349,57.01004],[13.31778,57.01286],[13.31244,57.01258],[13.30491,57.01512],[13.29273,57.01152],[13.27408,57.01148],[13.27163,57.01324],[13.27399,57.01372],[13.27584,57.01745],[13.28188,57.01896],[13.28363,57.02138],[13.27685,57.02701],[13.2759,57.03144],[13.27284,57.03201],[13.25652,57.03088],[13.25237,57.03659],[13.24678,57.03932],[13.24285,57.03979],[13.24488,57.04154],[13.24331,57.04263],[13.2391,57.04231],[13.23645,57.03937],[13.23318,57.04338],[13.22611,57.04438],[13.21007,57.04306],[13.20693,57.03941],[13.20589,57.03513],[13.20111,57.03262],[13.19734,57.03391],[13.19291,57.03207],[13.17891,57.03186],[13.17094,57.0353],[13.16227,57.0352],[13.14927,57.03143],[13.14538,57.0329],[13.14451,57.0367]],[[13.13316,57.00764],[13.13935,57.00784],[13.14206,57.01102],[13.14583,57.00973],[13.15594,57.01334],[13.17312,57.01483],[13.1753,57.01196],[13.18183,57.00826],[13.18224,57.00488],[13.1927,57.0029],[13.1954,57.00127],[13.19447,56.99902],[13.18346,56.99427],[13.18368,56.99038],[13.15674,56.98837],[13.15667,56.98498],[13.15412,56.98327],[13.13726,56.9827],[13.13671,56.98065],[13.13136,56.97757],[13.11749,56.97555],[13.11515,56.97717],[13.12062,56.985],[13.12052,56.98893],[13.11837,56.9907],[13.11395,56.99164],[13.11354,56.99317],[13.12343,56.99684],[13.12368,57.00426],[13.13316,57.00764]]],[[[13.2561,57.07261],[13.2679,57.07632],[13.27333,57.0747],[13.28024,57.07794],[13.27791,57.0803],[13.27039,57.08319],[13.2589,57.08326],[13.25451,57.07938],[13.25288,57.07441],[13.2561,57.07261]]],[[[13.44029,57.17366],[13.4402,57.17572],[13.43803,57.17715],[13.42867,57.17844],[13.42761,57.18104],[13.43169,57.18257],[13.43512,57.18677],[13.42704,57.18485],[13.41297,57.18485],[13.40795,57.18256],[13.40396,57.18279],[13.40229,57.18192],[13.40328,57.17795],[13.39648,57.17296],[13.38595,57.17374],[13.38254,57.17117],[13.38471,57.16873],[13.37987,57.16609],[13.37617,57.1657],[13.36987,57.15843],[13.37034,57.14765],[13.37625,57.14436],[13.37193,57.13938],[13.36785,57.13877],[13.36405,57.1404],[13.36041,57.13867],[13.35422,57.13846],[13.35147,57.13529],[13.34772,57.13659],[13.34129,57.13651],[13.33663,57.13465],[13.32795,57.13452],[13.32803,57.13271],[13.33177,57.13241],[13.33471,57.13034],[13.33156,57.12738],[13.33181,57.12198],[13.33764,57.12049],[13.33527,57.11845],[13.33521,57.11507],[13.33223,57.113],[13.33561,57.11125],[13.33995,57.11131],[13.34223,57.11389],[13.35149,57.11645],[13.35601,57.11503],[13.34774,57.10716],[13.34245,57.10597],[13.33601,57.10228],[13.33616,57.09352],[13.32674,57.08778],[13.32992,57.0858],[13.33038,57.08063],[13.33371,57.07821],[13.33059,57.07526],[13.33083,57.06985],[13.3375,57.06992],[13.34275,57.07176],[13.34666,57.07028],[13.34675,57.06806],[13.34138,57.06509],[13.3376,57.06638],[13.33646,57.06388],[13.33004,57.06091],[13.31932,57.06078],[13.31475,57.06249],[13.30029,57.06231],[13.29168,57.06036],[13.29185,57.05674],[13.29643,57.05612],[13.30105,57.05307],[13.2983,57.05161],[13.2921,57.05138],[13.29234,57.04597],[13.29856,57.04591],[13.30166,57.04453],[13.30213,57.04275],[13.29917,57.0407],[13.29927,57.03886],[13.3063,57.03861],[13.31262,57.03545],[13.31926,57.03554],[13.32528,57.03875],[13.329,57.03746],[13.33603,57.03722],[13.34236,57.03405],[13.34561,57.0359],[13.34544,57.04063],[13.34861,57.04312],[13.34826,57.05145],[13.35141,57.05395],[13.3515,57.05733],[13.35561,57.06186],[13.36406,57.06669],[13.36724,57.0755],[13.37341,57.07938],[13.37389,57.08323],[13.37764,57.08484],[13.38961,57.08499],[13.39017,57.08703],[13.39639,57.09035],[13.40589,57.0906],[13.40527,57.10498],[13.40153,57.10529],[13.38601,57.11214],[13.38959,57.11374],[13.40156,57.11391],[13.4052,57.11563],[13.41139,57.11583],[13.41065,57.12765],[13.40764,57.13038],[13.40732,57.13375],[13.40122,57.13704],[13.39734,57.14104],[13.39768,57.14283],[13.40551,57.14741],[13.41004,57.14815],[13.41004,57.15332],[13.41261,57.15502],[13.41633,57.15542],[13.41826,57.15835],[13.42235,57.15897],[13.42638,57.15645],[13.43543,57.15766],[13.43652,57.1613],[13.44172,57.16361],[13.44167,57.16479],[13.43669,57.16675],[13.43498,57.16974],[13.44029,57.17366]]],[[[13.45685,57.21388],[13.46111,57.21356],[13.46032,57.21999],[13.452,57.22099],[13.44291,57.22038],[13.44365,57.22259],[13.43995,57.22446],[13.43661,57.21525],[13.43024,57.21367],[13.43122,57.20559],[13.42375,57.20371],[13.42155,57.20199],[13.43025,57.19695],[13.42787,57.19443],[13.42943,57.19181],[13.43795,57.18848],[13.4418,57.18988],[13.44075,57.19201],[13.45433,57.19491],[13.46082,57.19798],[13.45615,57.20596],[13.45063,57.20701],[13.45012,57.20795],[13.45353,57.21233],[13.45685,57.21388]]],[[[13.43298,57.23493],[13.43837,57.23005],[13.45738,57.23332],[13.45735,57.24152],[13.45571,57.24363],[13.44943,57.244],[13.4453,57.24608],[13.43971,57.24391],[13.4398,57.24186],[13.43255,57.24021],[13.43298,57.23493]]],[[[13.46995,57.24751],[13.47739,57.24783],[13.48155,57.2499],[13.48588,57.24956],[13.4852,57.25398],[13.48747,57.26384],[13.48415,57.26484],[13.48106,57.26432],[13.47124,57.25853],[13.47213,57.2548],[13.46571,57.25307],[13.46441,57.2512],[13.46995,57.24751]]],[[[13.52719,57.29267],[13.5236,57.29422],[13.51931,57.29337],[13.5173,57.29165],[13.52131,57.28923],[13.52465,57.2888],[13.52823,57.29007],[13.52719,57.29267]]]]}},{"type":"Feature","properties":{"fs":"TRANSIT","t":45.0},"geometry":{"type":"MultiPolygon","coordinates":[[[[12.96481,56.81633],[12.96147,56.81571],[12.9554,56.80524],[12.95683,56.80188],[12.95539,56.79944],[12.95989,56.79771],[12.96343,56.80215],[12.96669,56.80367],[12.96637,56.80591],[12.96933,56.80927],[12.96928,56.81146],[12.96481,56.81633]]],[[[12.96796,56.8222],[12.96401,56.83058],[12.95545,56.82716],[12.95508,56.82384],[12.95895,56.82376],[12.96179,56.82041],[12.96796,56.8222]]],[[[12.98719,56.84404],[12.98339,56.84406],[12.9762,56.84253],[12.97029,56.83815],[12.97286,56.83606],[12.98183,56.83698],[12.98892,56.83855],[12.99204,56.84137],[12.98719,56.84404]]],[[[13.00821,56.84949],[12.99549,56.8421],[12.99976,56.83885],[13.00639,56.8375],[13.012,56.83989],[13.01253,56.84262],[13.01655,56.84378],[13.01898,56.84629],[13.01711,56.84795],[13.01322,56.84794],[13.00821,56.84949]]],[[[13.04892,56.88181],[13.05011,56.88564],[13.0348,56.8781],[13.03406,56.8753],[13.02994,56.87288],[13.03781,56.86658],[13.04005,56.86972],[13.04316,56.87108],[13.05464,56.87284],[13.05373,56.87691],[13.05015,56.87874],[13.04892,56.88181]]],[[[13.20455,57.00718],[13.20121,57.00525],[13.20383,57.00163],[13.19629,57.00046],[13.18668,56.9944],[13.18835,56.99032],[13.18183,56.98898],[13.15738,56.98825],[13.15681,56.98326],[13.15204,56.98158],[13.15055,56.97894],[13.14631,56.97953],[13.1475,56.98282],[13.13728,56.98268],[13.13675,56.98064],[13.13137,56.97755],[13.1244,56.9771],[13.12079,56.97536],[13.11732,56.97519],[13.11612,56.97285],[13.10795,56.96797],[13.10436,56.96847],[13.10206,56.97164],[13.09388,56.97067],[13.08898,56.97341],[13.08319,56.97058],[13.07812,56.97067],[13.07809,56.97433],[13.07471,56.97555],[13.06906,56.97355],[13.06411,56.9737],[13.06205,56.96951],[13.05175,56.96632],[13.05218,56.96318],[13.05002,56.96003],[13.05554,56.95804],[13.0525,56.95291],[13.05701,56.95091],[13.05275,56.95002],[13.04745,56.94423],[13.05013,56.9422],[13.05397,56.94243],[13.05508,56.94076],[13.05337,56.93759],[13.05669,56.93447],[13.05195,56.93083],[13.05879,56.92567],[13.0514,56.92173],[13.05911,56.91325],[13.05595,56.9132],[13.05463,56.91492],[13.05184,56.91532],[13.04633,56.91262],[13.03894,56.9125],[13.03633,56.90947],[13.03716,56.90746],[13.03419,56.90535],[13.03671,56.90284],[13.04353,56.90245],[13.04885,56.89573],[13.05596,56.8973],[13.05614,56.90214],[13.0622,56.90784],[13.06197,56.91256],[13.0651,56.91508],[13.06514,56.91845],[13.07033,56.92257],[13.07113,56.92899],[13.07444,56.93035],[13.07505,56.9277],[13.07315,56.92604],[13.07432,56.92533],[13.08407,56.92717],[13.0863,56.93012],[13.09091,56.93233],[13.09035,56.93524],[13.08648,56.93702],[13.09335,56.94315],[13.09694,56.94292],[13.10417,56.94622],[13.11239,56.94624],[13.11617,56.94461],[13.12551,56.94487],[13.12871,56.94868],[13.13252,56.94908],[13.13566,56.94791],[13.14557,56.94865],[13.15855,56.95242],[13.16616,56.95612],[13.17158,56.95442],[13.17488,56.95447],[13.17498,56.9655],[13.18161,56.96744],[13.18989,56.97319],[13.19656,56.97482],[13.20647,56.97294],[13.21341,56.97405],[13.21739,56.97679],[13.22059,56.97304],[13.2246,56.97226],[13.22992,56.97284],[13.23382,56.97014],[13.24736,56.96988],[13.24973,56.9718],[13.25922,56.9708],[13.26626,56.97144],[13.26727,56.97213],[13.2654,56.97377],[13.26897,56.97583],[13.26975,56.98114],[13.27604,56.98279],[13.2761,56.98488],[13.27811,56.98604],[13.28108,56.98281],[13.29157,56.98274],[13.30153,56.9809],[13.31139,56.98131],[13.31835,56.97983],[13.32208,56.98155],[13.32783,56.98163],[13.3314,56.97979],[13.33175,56.97643],[13.33521,56.97288],[13.35454,56.97306],[13.36296,56.97168],[13.36394,56.96967],[13.37681,56.97162],[13.3814,56.96989],[13.39662,56.97009],[13.40249,56.9723],[13.39736,56.9792],[13.40774,56.97929],[13.40785,56.97675],[13.41061,56.9747],[13.42189,56.97543],[13.42859,56.97763],[13.43083,56.98299],[13.44151,56.98514],[13.44274,56.98741],[13.44888,56.98909],[13.45428,56.98804],[13.45686,56.99024],[13.46325,56.98918],[13.4665,56.98721],[13.46271,56.98294],[13.47256,56.9835],[13.47841,56.98076],[13.47991,56.97472],[13.48328,56.97296],[13.49686,56.97286],[13.50237,56.97137],[13.50213,56.9695],[13.50987,56.9688],[13.5141,56.9665],[13.5139,56.96323],[13.51003,56.96217],[13.5069,56.95744],[13.50284,56.957],[13.50428,56.95519],[13.51071,56.95375],[13.50768,56.95012],[13.51276,56.94524],[13.52063,56.94523],[13.52376,56.94245],[13.52735,56.94373],[13.53091,56.9472],[13.53364,56.94732],[13.5375,56.94506],[13.5407,56.94552],[13.54486,56.9468],[13.54534,56.95042],[13.55107,56.95513],[13.5511,56.96089],[13.54812,56.96449],[13.5499,56.9667],[13.54193,56.97378],[13.53457,56.97612],[13.5314,56.97287],[13.52575,56.97034],[13.52275,56.97344],[13.51658,56.97349],[13.51367,56.97491],[13.51564,56.9766],[13.51933,56.97699],[13.52207,56.98028],[13.52906,56.98033],[13.52561,56.98426],[13.51525,56.98628],[13.50559,56.99121],[13.49529,56.99144],[13.48962,56.99438],[13.48865,56.99774],[13.48425,56.99623],[13.48218,56.99411],[13.47632,56.99782],[13.47568,57.0032],[13.48189,57.0072],[13.47569,57.01269],[13.46974,57.01234],[13.46514,57.01408],[13.45855,57.014],[13.45801,57.01219],[13.45252,57.01056],[13.44205,57.01013],[13.43551,57.01371],[13.42563,57.01359],[13.41885,57.00824],[13.41262,57.00983],[13.40152,57.00935],[13.39929,57.00842],[13.3991,57.00539],[13.39654,57.00336],[13.39655,56.99951],[13.39338,56.99701],[13.39329,56.99363],[13.38832,56.99045],[13.38507,56.98975],[13.37714,56.99387],[13.37759,56.99702],[13.38338,57.00047],[13.38096,57.00403],[13.37663,57.00398],[13.3706,57.00066],[13.36362,57.00022],[13.35349,56.99696],[13.34404,57.00198],[13.34341,57.01073],[13.32626,57.01051],[13.32331,57.00956],[13.31719,57.01234],[13.31162,57.01243],[13.30577,57.01435],[13.29352,57.01062],[13.28867,57.01012],[13.27631,57.01029],[13.27093,57.01225],[13.26375,57.01265],[13.26296,57.01687],[13.2723,57.02044],[13.27185,57.02567],[13.27426,57.02786],[13.26982,57.0301],[13.26344,57.02716],[13.26133,57.02969],[13.25539,57.0307],[13.2507,57.03663],[13.24176,57.03944],[13.243,57.0419],[13.23965,57.04182],[13.23873,57.03972],[13.23625,57.03885],[13.23371,57.04003],[13.23227,57.0433],[13.21009,57.04304],[13.20696,57.0394],[13.20651,57.03557],[13.20112,57.03259],[13.19735,57.03389],[13.19291,57.03204],[13.17891,57.03183],[13.17092,57.03528],[13.16124,57.03515],[13.14927,57.0314],[13.14533,57.03289],[13.14048,57.03832],[13.12792,57.03824],[13.1268,57.03576],[13.12275,57.03458],[13.11813,57.0363],[13.11132,57.03612],[13.11476,57.03776],[13.11396,57.04125],[13.10414,57.04193],[13.10138,57.04144],[13.10027,57.03895],[13.09226,57.03456],[13.08913,57.03563],[13.08839,57.03764],[13.08464,57.03848],[13.08262,57.03767],[13.08521,57.03512],[13.08328,57.03285],[13.06668,57.03124],[13.06678,57.02271],[13.07228,57.02055],[13.07728,57.02148],[13.08044,57.01612],[13.07929,57.01442],[13.07322,57.01225],[13.07394,57.01035],[13.07217,57.0087],[13.07755,57.00316],[13.07366,57.00237],[13.06988,56.99963],[13.07076,56.99604],[13.07417,56.99362],[13.07154,56.98914],[13.07609,56.98685],[13.07775,56.98343],[13.082,56.98015],[13.09145,56.98009],[13.10068,56.98128],[13.10536,56.98365],[13.10366,56.98947],[13.11635,56.99526],[13.1131,56.99845],[13.11451,57.00395],[13.10547,57.00645],[13.10427,57.00801],[13.10649,57.00953],[13.11315,57.00676],[13.11733,57.00731],[13.12103,57.01141],[13.12148,57.01485],[13.12419,57.01277],[13.13145,57.013],[13.13901,57.0101],[13.15016,57.01349],[13.16871,57.01366],[13.17232,57.01505],[13.18145,57.0087],[13.18227,57.00489],[13.18899,57.00458],[13.19358,57.00679],[13.19338,57.0102],[13.19554,57.01232],[13.19148,57.01763],[13.19833,57.01786],[13.20694,57.01251],[13.20824,57.00947],[13.21198,57.00711],[13.20455,57.00718]],[[13.19449,56.98303],[13.19204,56.98205],[13.18159,56.98496],[13.18299,56.98624],[13.18912,56.98717],[13.19078,56.99109],[13.19638,56.9911],[13.1975,56.98744],[13.19438,56.98541],[13.19449,56.98303]]],[[[13.41568,57.15553],[13.41975,57.15906],[13.42257,57.16337],[13.42141,57.1714],[13.42306,57.17378],[13.42181,57.1774],[13.41866,57.17671],[13.41752,57.17327],[13.40955,57.1682],[13.39985,57.16667],[13.39347,57.16409],[13.39279,57.1591],[13.38928,57.15905],[13.38379,57.15687],[13.37992,57.15249],[13.38384,57.14565],[13.38105,57.14382],[13.37451,57.14234],[13.37127,57.13902],[13.36544,57.13707],[13.36097,57.13742],[13.35951,57.13454],[13.35153,57.1328],[13.34166,57.13458],[13.33577,57.13076],[13.33548,57.12585],[13.338,57.12364],[13.33879,57.11885],[13.35166,57.12262],[13.3579,57.12093],[13.36222,57.12115],[13.36977,57.11535],[13.36963,57.112],[13.36001,57.11057],[13.35526,57.11177],[13.34947,57.10807],[13.34649,57.10346],[13.33991,57.10064],[13.33634,57.09745],[13.33653,57.09538],[13.34097,57.09308],[13.33443,57.0881],[13.33653,57.08274],[13.3336,57.07731],[13.33063,57.07525],[13.33086,57.06986],[13.33748,57.06994],[13.34357,57.07169],[13.34712,57.06985],[13.3462,57.0676],[13.34139,57.06507],[13.33762,57.06636],[13.33649,57.06387],[13.33004,57.06088],[13.31933,57.06076],[13.31348,57.06247],[13.29822,57.06224],[13.29172,57.06035],[13.29188,57.05675],[13.30224,57.05509],[13.29911,57.05182],[13.29213,57.05137],[13.29237,57.04598],[13.29856,57.04593],[13.3017,57.04453],[13.30218,57.04275],[13.2992,57.04069],[13.29929,57.03888],[13.30631,57.03863],[13.31264,57.03547],[13.31924,57.03555],[13.32527,57.03877],[13.32902,57.03748],[13.33604,57.03724],[13.34193,57.03452],[13.34558,57.03591],[13.34472,57.03947],[13.34857,57.04314],[13.34821,57.05145],[13.35138,57.05396],[13.35145,57.05733],[13.35558,57.06187],[13.36403,57.0667],[13.36719,57.0755],[13.37338,57.07939],[13.37365,57.08323],[13.37855,57.08654],[13.37942,57.08922],[13.38745,57.08704],[13.40572,57.09382],[13.40543,57.10071],[13.40329,57.10484],[13.38568,57.11213],[13.3879,57.11789],[13.39165,57.11861],[13.39365,57.12171],[13.39809,57.1206],[13.40063,57.12109],[13.40234,57.12448],[13.39637,57.12889],[13.38938,57.13193],[13.39137,57.13523],[13.39829,57.13689],[13.39763,57.14283],[13.40549,57.14743],[13.41,57.14816],[13.41038,57.15378],[13.41568,57.15553]]]]}},{"type":"Feature","properties":{"fs":"TRANSIT","t":30.0},"geometry":{"type":"MultiPolygon","coordinates":[[[[13.52619,56.96437],[13.52371,56.96636],[13.51889,56.96695],[13.51907,56.95969],[13.52278,56.9553],[13.52722,56.95375],[13.53113,56.95366],[13.53428,56.96459],[13.53088,56.96522],[13.52619,56.96437]]],[[[13.16009,56.96116],[13.16366,56.96357],[13.16504,56.96861],[13.17586,56.97236],[13.1769,56.97461],[13.18417,56.97473],[13.18692,56.97733],[13.18234,56.97849],[13.17444,56.97786],[13.17718,56.98163],[13.16974,56.98373],[13.15364,56.98125],[13.15024,56.9759],[13.13309,56.97617],[13.12679,56.96926],[13.13031,56.96612],[13.12226,56.96534],[13.11804,56.96341],[13.10831,56.96275],[13.10225,56.96018],[13.09185,56.96215],[13.08232,56.96158],[13.07544,56.96511],[13.06829,56.96051],[13.0709,56.95634],[13.06391,56.94988],[13.07108,56.94544],[13.06775,56.94219],[13.06932,56.93963],[13.06714,56.93555],[13.07642,56.93671],[13.07612,56.93912],[13.07841,56.94075],[13.07713,56.94604],[13.07884,56.94949],[13.08578,56.95421],[13.08894,56.95478],[13.09312,56.95348],[13.09936,56.95406],[13.10389,56.95184],[13.11287,56.95299],[13.11302,56.95546],[13.11517,56.95633],[13.12168,56.95637],[13.12698,56.9542],[13.12918,56.95181],[13.13423,56.95345],[13.13558,56.95526],[13.14075,56.9546],[13.14501,56.95667],[13.15163,56.95792],[13.15632,56.95566],[13.15962,56.95548],[13.1628,56.95759],[13.16009,56.96116]]],[[[13.50724,56.98579],[13.49795,56.98651],[13.49126,56.98924],[13.48015,56.98573],[13.48129,56.98019],[13.49682,56.9788],[13.49753,56.97646],[13.50684,56.97421],[13.50995,56.97452],[13.51106,56.9802],[13.50738,56.98215],[13.50869,56.98428],[13.50724,56.98579]]],[[[13.09906,56.99619],[13.09618,56.99824],[13.09878,57.00031],[13.09774,57.00656],[13.10221,57.01247],[13.09907,57.01411],[13.09091,57.01275],[13.08853,57.01091],[13.09252,57.0038],[13.0857,56.99992],[13.08322,56.99415],[13.09035,56.99005],[13.09839,56.99315],[13.09906,56.99619]]],[[[13.24472,57.0342],[13.23741,57.03199],[13.23025,57.03243],[13.23091,57.03436],[13.22612,57.04034],[13.21301,57.03825],[13.21206,57.03655],[13.21409,57.034],[13.21073,57.03138],[13.20464,57.02948],[13.19779,57.03343],[13.19291,57.03201],[13.17093,57.0322],[13.16424,57.02957],[13.15192,57.03003],[13.1445,57.03338],[13.13842,57.03012],[13.12965,57.02842],[13.12496,57.03146],[13.11061,57.0301],[13.10147,57.03169],[13.0927,57.02835],[13.08767,57.02769],[13.08451,57.02507],[13.09869,57.01747],[13.10719,57.01636],[13.11941,57.01905],[13.13208,57.0194],[13.13293,57.02217],[13.13536,57.02275],[13.14296,57.02076],[13.14456,57.01696],[13.1487,57.01505],[13.15317,57.01522],[13.15535,57.01663],[13.16107,57.01357],[13.16869,57.01368],[13.17232,57.01508],[13.17873,57.01024],[13.18248,57.00945],[13.18552,57.00977],[13.18642,57.01366],[13.19201,57.01854],[13.19904,57.01845],[13.20548,57.0145],[13.21111,57.01654],[13.22136,57.01552],[13.22557,57.01272],[13.22524,57.01001],[13.22186,57.00879],[13.21767,57.00975],[13.21354,57.00564],[13.21722,57.00333],[13.21687,57.00124],[13.20436,56.9969],[13.20335,56.99251],[13.20951,56.99093],[13.1966,56.98504],[13.19381,56.97833],[13.19582,56.97631],[13.20033,56.97627],[13.21364,56.98205],[13.21751,56.9786],[13.22848,56.97714],[13.24054,56.97887],[13.24359,56.97511],[13.25003,56.97383],[13.25911,56.97754],[13.25846,56.98116],[13.26367,56.98561],[13.2617,56.98819],[13.27156,56.99386],[13.27278,56.99777],[13.28006,57.00045],[13.29058,56.99733],[13.28655,56.99361],[13.29391,56.99018],[13.30107,56.99024],[13.3055,56.98781],[13.31148,56.98834],[13.31632,56.98139],[13.31962,56.98128],[13.3359,56.98506],[13.34316,56.98197],[13.34537,56.97852],[13.35268,56.97775],[13.35761,56.98253],[13.36163,56.98135],[13.37145,56.9814],[13.37497,56.98075],[13.37553,56.97731],[13.3813,56.97515],[13.38647,56.97647],[13.39039,56.98098],[13.3953,56.98169],[13.40137,56.98078],[13.40278,56.98313],[13.41007,56.98654],[13.41419,56.9848],[13.42037,56.9846],[13.4269,56.9859],[13.4305,56.98826],[13.4376,56.98835],[13.43852,56.99193],[13.43525,56.99506],[13.43618,56.99621],[13.44561,56.99663],[13.46336,56.99384],[13.46239,57.00079],[13.46396,57.00519],[13.44939,57.00863],[13.44635,57.01025],[13.43267,57.00416],[13.42566,57.00561],[13.41577,57.00324],[13.41446,56.99929],[13.41667,56.99483],[13.41274,56.99668],[13.40617,56.99453],[13.39719,56.99518],[13.39374,56.99397],[13.39178,56.99168],[13.3859,56.98973],[13.37838,56.99254],[13.37702,56.99518],[13.37042,56.99738],[13.36374,56.99292],[13.35971,56.9944],[13.35815,56.99674],[13.35349,56.99686],[13.34593,57.00032],[13.33701,57.00055],[13.33441,57.0023],[13.33226,57.00672],[13.3272,57.00939],[13.3237,57.00788],[13.32137,57.00459],[13.31197,57.00481],[13.31229,57.00683],[13.30858,57.01026],[13.30443,57.01099],[13.3012,57.00626],[13.29309,57.00359],[13.2818,57.00291],[13.279,57.00559],[13.27169,57.00782],[13.26906,57.01142],[13.26403,57.01183],[13.26186,57.01344],[13.26243,57.01742],[13.27045,57.0212],[13.26675,57.02554],[13.26243,57.0266],[13.25876,57.02918],[13.24921,57.03078],[13.24786,57.03312],[13.24472,57.0342]]],[[[13.34396,57.05903],[13.34118,57.06056],[13.33933,57.05892],[13.33592,57.05841],[13.32925,57.06001],[13.32478,57.05941],[13.32336,57.06067],[13.31431,57.06217],[13.30716,57.06078],[13.3085,57.05406],[13.30392,57.05159],[13.30135,57.04801],[13.30623,57.04644],[13.30642,57.04087],[13.31116,57.04079],[13.31767,57.04261],[13.32505,57.03997],[13.3286,57.04369],[13.33229,57.044],[13.33556,57.0423],[13.34067,57.04438],[13.34155,57.04552],[13.33711,57.05349],[13.34396,57.05903]]],[[[13.38853,57.09788],[13.38572,57.10075],[13.38169,57.10082],[13.38067,57.1044],[13.38262,57.10678],[13.3792,57.11059],[13.37486,57.1107],[13.36999,57.10879],[13.36801,57.10696],[13.36641,57.09833],[13.35525,57.09531],[13.35692,57.09171],[13.35193,57.08629],[13.35153,57.08092],[13.34352,57.07976],[13.34103,57.07786],[13.34041,57.07246],[13.35088,57.07069],[13.34958,57.06646],[13.35407,57.06433],[13.36241,57.07005],[13.36355,57.07393],[13.36676,57.07458],[13.37313,57.07963],[13.37359,57.08413],[13.37723,57.08695],[13.37714,57.09575],[13.38853,57.09788]]],[[[13.36765,57.12673],[13.36481,57.12928],[13.36135,57.12969],[13.35339,57.12631],[13.36103,57.12474],[13.36765,57.12673]]]]}},{"type":"Feature","properties":{"fs":"TRANSIT","t":15.0},"geometry":{"type":"MultiPolygon","coordinates":[[[[13.16364,56.97402],[13.16052,56.97369],[13.15706,56.96982],[13.1606,56.9689],[13.16757,56.97047],[13.16801,56.9729],[13.16364,56.97402]]],[[[13.31061,56.99706],[13.31651,56.99552],[13.31916,56.99603],[13.3202,56.99806],[13.31631,56.99992],[13.3047,57.00176],[13.30177,57.00121],[13.30418,56.99725],[13.31061,56.99706]]],[[[13.25458,57.0084],[13.2527,57.01781],[13.24213,57.02351],[13.23611,57.02459],[13.22515,57.02994],[13.21708,57.02629],[13.21715,57.02479],[13.22691,57.02183],[13.22732,57.0188],[13.23066,57.01783],[13.23378,57.00586],[13.23133,57.00201],[13.23301,56.99693],[13.22713,56.99266],[13.22522,56.98945],[13.22244,56.98964],[13.21893,56.99195],[13.21001,56.98916],[13.21212,56.98369],[13.21682,56.98374],[13.21907,56.98603],[13.22214,56.98649],[13.2432,56.98345],[13.24688,56.98596],[13.24893,56.99293],[13.25208,56.99365],[13.2552,56.99616],[13.25541,56.99837],[13.26265,56.99875],[13.26423,57.0],[13.26187,57.00208],[13.25775,57.00219],[13.25221,57.00404],[13.25458,57.0084]]]]}},{"type":"Feature","properties":{"fs":"TRANSIT50","t":60.0},"geometry":{"type":"MultiPolygon","coordinates":[[[[12.96928,56.81146],[12.96481,56.81633],[12.96147,56.81571],[12.95538,56.80561],[12.95683,56.80188],[12.95516,56.79983],[12.95989,56.79771],[12.96343,56.80215],[12.96669,56.80367],[12.96637,56.80591],[12.96933,56.80927],[12.96928,56.81146]]],[[[12.96459,56.83175],[12.9592,56.83095],[12.95747,56.82901],[12.95171,56.82779],[12.95177,56.82454],[12.95392,56.8227],[12.95866,56.82285],[12.96188,56.81684],[12.9647,56.82031],[12.96887,56.81898],[12.9702,56.82214],[12.96748,56.82562],[12.96922,56.82759],[12.96459,56.83175]]],[[[12.98184,56.83674],[12.99293,56.84012],[12.99282,56.84217],[12.98758,56.84433],[12.97657,56.84325],[12.9718,56.84059],[12.96978,56.83621],[12.98184,56.83674]]],[[[13.00028,56.84443],[12.99426,56.84208],[12.99976,56.83885],[13.00557,56.83748],[13.012,56.83989],[13.01253,56.84262],[13.01852,56.84538],[13.01711,56.84795],[13.00668,56.84935],[13.00028,56.84443]]],[[[13.03722,56.87297],[13.04019,56.87119],[13.05045,56.87554],[13.04764,56.87842],[13.03732,56.87623],[13.03722,56.87297]]],[[[13.05872,56.90656],[13.06204,56.90863],[13.06185,56.91391],[13.05838,56.91191],[13.0457,56.90905],[13.04334,56.90573],[13.04985,56.90221],[13.05388,56.90176],[13.05844,56.90397],[13.05872,56.90656]]],[[[13.11955,57.02183],[13.12175,57.024],[13.12018,57.02622],[13.11239,57.02756],[13.10852,57.02683],[13.09833,57.02858],[13.09155,57.02698],[13.09129,57.02541],[13.09887,57.02095],[13.10223,57.02381],[13.10889,57.02141],[13.11955,57.02183]]],[[[13.5327,56.95379],[13.53315,56.95627],[13.53633,56.95473],[13.53765,56.9552],[13.53417,56.96534],[13.52637,56.9649],[13.52009,56.96766],[13.51667,56.96595],[13.51841,56.95969],[13.52586,56.95178],[13.5327,56.95379]]],[[[13.50753,56.97326],[13.51146,56.97533],[13.51183,56.98059],[13.508,56.98219],[13.51016,56.98475],[13.50369,56.98718],[13.49794,56.98685],[13.4904,56.99001],[13.47824,56.98554],[13.48085,56.98215],[13.48042,56.98015],[13.49652,56.97866],[13.4959,56.97615],[13.50366,56.97538],[13.50753,56.97326]]],[[[13.05356,56.93456],[13.04702,56.93084],[13.05029,56.92721],[13.05827,56.92626],[13.06095,56.91985],[13.06528,56.91941],[13.06932,56.92166],[13.07121,56.92551],[13.07487,56.92455],[13.08369,56.92609],[13.08682,56.92996],[13.09097,56.93109],[13.09225,56.9328],[13.09035,56.93524],[13.08686,56.9367],[13.08711,56.9386],[13.09009,56.94062],[13.09213,56.94462],[13.09691,56.94702],[13.10647,56.9496],[13.11703,56.94809],[13.12455,56.95377],[13.12974,56.95053],[13.13611,56.94862],[13.14105,56.94858],[13.14591,56.95214],[13.15854,56.95243],[13.16535,56.95601],[13.17194,56.95566],[13.17394,56.95828],[13.16876,56.96179],[13.17436,56.96513],[13.17565,56.96908],[13.17786,56.97058],[13.18984,56.97231],[13.19081,56.96939],[13.19686,56.96762],[13.20001,56.96753],[13.20382,56.96954],[13.21162,56.96837],[13.21641,56.96585],[13.23025,56.96604],[13.23386,56.96777],[13.24003,56.96798],[13.24528,56.96983],[13.25325,56.96637],[13.27003,56.96391],[13.27357,56.96585],[13.28346,56.96825],[13.28255,56.97329],[13.28731,56.97695],[13.28085,56.98276],[13.28075,56.98585],[13.28841,56.99076],[13.30105,56.98993],[13.3055,56.98706],[13.31143,56.98787],[13.31493,56.98159],[13.318,56.98074],[13.33591,56.98487],[13.3423,56.9819],[13.34424,56.97802],[13.35271,56.97716],[13.35601,56.97855],[13.35788,56.98241],[13.36162,56.98124],[13.3746,56.98076],[13.3751,56.97699],[13.38083,56.97505],[13.38652,56.97525],[13.39136,56.9808],[13.4015,56.98093],[13.40292,56.98309],[13.4091,56.98605],[13.41426,56.98326],[13.42636,56.98529],[13.43008,56.9874],[13.43864,56.98814],[13.43926,56.99197],[13.4359,56.99597],[13.44621,56.99643],[13.45952,56.9949],[13.46295,56.99293],[13.46537,56.99768],[13.46369,57.00081],[13.46531,57.00487],[13.46257,57.00647],[13.45846,57.00636],[13.44553,57.01024],[13.43295,57.00441],[13.42554,57.00595],[13.42068,57.00409],[13.41594,57.0041],[13.4142,57.00243],[13.41418,56.9972],[13.40676,56.99472],[13.39614,56.99562],[13.38834,56.99043],[13.38425,56.98983],[13.37775,56.99298],[13.3768,56.99551],[13.37048,56.99805],[13.36484,56.99371],[13.36269,56.99338],[13.35985,56.99446],[13.3583,56.99677],[13.35349,56.99687],[13.34507,57.00109],[13.33663,57.00109],[13.33444,57.00555],[13.32738,57.01006],[13.32369,57.00844],[13.32164,57.00482],[13.31939,57.0045],[13.313,57.00488],[13.31321,57.00695],[13.31029,57.01002],[13.30507,57.01179],[13.29727,57.01235],[13.29405,57.00995],[13.29026,57.01103],[13.27405,57.01145],[13.27162,57.01324],[13.27399,57.01372],[13.27584,57.01745],[13.28188,57.01896],[13.28363,57.02138],[13.27656,57.02723],[13.27532,57.03171],[13.25249,57.03097],[13.25107,57.03485],[13.24381,57.03605],[13.23998,57.03453],[13.238,57.03207],[13.23088,57.03192],[13.22812,57.03281],[13.22633,57.03603],[13.21762,57.03567],[13.21448,57.03254],[13.21523,57.03061],[13.20845,57.02877],[13.20824,57.02173],[13.21492,57.0198],[13.22113,57.02021],[13.22169,57.0161],[13.21127,57.01528],[13.20588,57.01251],[13.20514,57.01053],[13.198,57.01203],[13.18458,57.0086],[13.18627,57.00484],[13.19351,57.00258],[13.19563,57.00082],[13.1945,56.99901],[13.1835,56.99383],[13.18855,56.99044],[13.19407,56.99122],[13.19671,56.99042],[13.19726,56.98714],[13.19411,56.98315],[13.19041,56.98125],[13.18549,56.98138],[13.17693,56.98832],[13.16961,56.98862],[13.16533,56.98695],[13.16482,56.98494],[13.16085,56.98267],[13.15274,56.9814],[13.15076,56.97834],[13.14104,56.97776],[13.1374,56.98222],[13.13138,56.97754],[13.12441,56.97709],[13.12032,56.97512],[13.11523,56.96662],[13.11264,56.96991],[13.10565,56.96896],[13.10369,56.97189],[13.0923,56.9748],[13.08401,56.97468],[13.08394,56.97139],[13.07991,56.97051],[13.07756,56.971],[13.07709,56.97446],[13.07188,56.97449],[13.06589,56.97115],[13.05789,56.97068],[13.05711,56.96853],[13.04986,56.96694],[13.04968,56.95865],[13.05182,56.95598],[13.05094,56.949],[13.04906,56.94651],[13.04424,56.94463],[13.04731,56.94098],[13.05023,56.94025],[13.05384,56.94096],[13.05455,56.94004],[13.0525,56.93799],[13.05356,56.93456]]],[[[13.19415,57.02147],[13.19231,57.02324],[13.18753,57.02422],[13.18456,57.02388],[13.18248,57.0222],[13.18301,57.0196],[13.18697,57.01864],[13.19106,57.01934],[13.19415,57.02147]]],[[[13.1717,57.01946],[13.17246,57.02486],[13.16601,57.02622],[13.16054,57.02441],[13.16301,57.02012],[13.16636,57.01904],[13.1717,57.01946]]],[[[13.14594,57.02795],[13.14286,57.0279],[13.13894,57.02545],[13.13357,57.02417],[13.14735,57.02045],[13.15104,57.02488],[13.14594,57.02795]]]]}},{"type":"Feature","properties":{"fs":"TRANSIT50","t":45.0},"geometry":{"type":"MultiPolygon","coordinates":[[[[13.14772,56.97154],[13.13741,56.97217],[13.13619,56.96638],[13.12796,56.96164],[13.12129,56.96336],[13.11475,56.9626],[13.1116,56.96094],[13.1014,56.96028],[13.09829,56.96214],[13.09515,56.96204],[13.08602,56.96482],[13.0821,56.96319],[13.07889,56.96634],[13.07231,56.96692],[13.07177,56.96365],[13.06555,56.96181],[13.06634,56.95852],[13.07023,56.95616],[13.06635,56.95436],[13.06167,56.94947],[13.06674,56.94602],[13.07053,56.94568],[13.07007,56.94419],[13.06616,56.94219],[13.06856,56.93917],[13.06668,56.93476],[13.07711,56.93537],[13.07642,56.93896],[13.07973,56.94075],[13.07796,56.9465],[13.08144,56.95133],[13.08533,56.95374],[13.09152,56.95261],[13.10185,56.9556],[13.10616,56.95563],[13.11343,56.95835],[13.13164,56.95581],[13.14062,56.95718],[13.14182,56.95956],[13.15434,56.95976],[13.15661,56.96646],[13.17432,56.97218],[13.17473,56.97356],[13.17043,56.97878],[13.16581,56.98004],[13.15906,56.97935],[13.15392,56.9761],[13.1522,56.97342],[13.14772,56.97154]]],[[[13.32168,56.99609],[13.32063,56.99886],[13.30794,57.00285],[13.29979,57.00117],[13.30442,56.99667],[13.31111,56.99642],[13.31819,56.99459],[13.32173,56.99146],[13.32792,56.99109],[13.32916,56.99324],[13.32761,56.99578],[13.32168,56.99609]]],[[[13.24666,57.02796],[13.23837,57.02912],[13.23699,57.02769],[13.22264,57.03074],[13.21762,57.02674],[13.21734,57.02511],[13.22116,57.02461],[13.22584,57.0219],[13.22358,57.01986],[13.22368,57.01652],[13.22088,57.01483],[13.21143,57.01435],[13.20816,57.01248],[13.20804,57.01094],[13.21201,57.00705],[13.20482,57.0073],[13.20121,57.00525],[13.20508,57.00079],[13.20918,56.99993],[13.202,56.99732],[13.20254,56.99149],[13.20857,56.99056],[13.20625,56.98891],[13.20116,56.98776],[13.2022,56.98553],[13.19664,56.98433],[13.19486,56.97835],[13.19891,56.9762],[13.21794,56.97679],[13.22002,56.97337],[13.2246,56.97226],[13.22944,56.97317],[13.2333,56.97643],[13.24449,56.97201],[13.2467,56.96987],[13.24768,56.97176],[13.25264,56.97376],[13.26075,56.97329],[13.26858,56.9756],[13.26867,56.9789],[13.26541,56.98148],[13.26942,56.98131],[13.27604,56.98279],[13.27755,56.98801],[13.27474,56.98936],[13.26812,56.98989],[13.27215,56.99044],[13.27616,56.99312],[13.27353,56.99569],[13.27389,56.99755],[13.27853,56.99999],[13.29081,56.99938],[13.29566,57.00142],[13.28852,57.00454],[13.29027,57.00664],[13.28793,57.00846],[13.27772,57.00913],[13.27085,57.01201],[13.26298,57.01278],[13.26226,57.01699],[13.26836,57.02201],[13.26303,57.02575],[13.25074,57.02881],[13.24666,57.02796]]]]}},{"type":"Feature","properties":{"fs":"TRANSIT50","t":30.0},"geometry":{"type":"Polygon","coordinates":[[[13.23627,57.02113],[13.23374,57.02035],[13.23617,57.01757],[13.23147,57.00998],[13.22575,57.00684],[13.22008,57.00555],[13.22169,57.00209],[13.22057,56.99859],[13.2245,56.99672],[13.22578,56.9929],[13.22246,56.99099],[13.21881,56.99239],[13.20956,56.98926],[13.20886,56.98708],[13.21191,56.98382],[13.21904,56.98272],[13.22347,56.98044],[13.22665,56.98105],[13.22575,56.98402],[13.22883,56.98418],[13.23469,56.98212],[13.24878,56.97993],[13.25183,56.98365],[13.25656,56.98364],[13.2633,56.99009],[13.27156,56.99386],[13.27413,57.00103],[13.26661,57.00654],[13.26003,57.00627],[13.25747,57.00709],[13.2565,57.0093],[13.25795,57.01159],[13.25396,57.01288],[13.25292,57.01736],[13.24066,57.0193],[13.23627,57.02113]]]}},{"type":"Feature","properties":{"fs":"TRANSIT50","t":15.0},"geometry":{"type":"Polygon","coordinates":[[[13.24212,57.00777],[13.23766,57.00681],[13.23599,57.00213],[13.23314,56.99999],[13.23335,56.99656],[13.22671,56.99183],[13.22954,56.98951],[13.23697,56.98894],[13.24592,56.99266],[13.25208,56.99365],[13.25565,56.99662],[13.2542,56.99884],[13.25562,57.00089],[13.24773,57.00358],[13.24212,57.00777]]]}},{"type":"Feature","properties":{"fs":"TRANSITB","t":60.0},"geometry":{"type":"MultiPolygon","coordinates":[[[[12.86613,56.6937],[12.86342,56.69714],[12.85924,56.69575],[12.86143,56.68877],[12.86503,56.69083],[12.86613,56.6937]]],[[[12.90923,56.71476],[12.90494,56.71862],[12.91355,56.72339],[12.91226,56.72683],[12.91517,56.7295],[12.91166,56.73176],[12.9074,56.72998],[12.90034,56.72944],[12.9033,56.72354],[12.90125,56.72041],[12.89515,56.7222],[12.89467,56.72003],[12.89708,56.71714],[12.89245,56.71431],[12.89198,56.71267],[12.89858,56.71348],[12.90432,56.713],[12.90923,56.71476]]],[[[12.95554,56.74597],[12.9531,56.7475],[12.94692,56.74617],[12.94492,56.75329],[12.94641,56.7551],[12.94244,56.75744],[12.9387,56.75571],[12.92931,56.75445],[12.92705,56.74912],[12.92095,56.74488],[12.91629,56.74412],[12.91433,56.74259],[12.91387,56.73416],[12.92332,56.7351],[12.93,56.74092],[12.94053,56.73814],[12.94689,56.73915],[12.95305,56.74284],[12.95554,56.74597]]],[[[12.9682,56.84772],[12.96956,56.84538],[12.96058,56.84333],[12.95754,56.84002],[12.95429,56.83929],[12.94614,56.83384],[12.94433,56.82872],[12.93892,56.82792],[12.93497,56.82898],[12.93258,56.82696],[12.93665,56.82496],[12.93792,56.81926],[12.94485,56.81622],[12.93809,56.81252],[12.94026,56.81036],[12.93987,56.80233],[12.93756,56.79982],[12.94786,56.79493],[12.94758,56.79257],[12.95035,56.78896],[12.9546,56.78757],[12.95031,56.78582],[12.95109,56.7833],[12.94627,56.78274],[12.944,56.78128],[12.9447,56.77365],[12.94027,56.77101],[12.94189,56.769],[12.93904,56.76592],[12.9434,56.76037],[12.94855,56.76245],[12.95244,56.76086],[12.95721,56.76217],[12.96446,56.76816],[12.96386,56.77155],[12.9579,56.77206],[12.95684,56.77342],[12.9575,56.77684],[12.96083,56.77594],[12.96811,56.78167],[12.96292,56.78352],[12.95993,56.79052],[12.96696,56.78985],[12.97158,56.79345],[12.97302,56.79752],[12.97984,56.79774],[12.98524,56.80015],[12.9889,56.79678],[12.99209,56.79714],[12.99419,56.79872],[12.99017,56.8036],[12.98338,56.80439],[12.97908,56.80735],[12.97248,56.8096],[12.97172,56.83115],[12.97706,56.83418],[12.98109,56.83375],[12.98426,56.83493],[12.9932,56.83133],[13.00386,56.83144],[13.0138,56.83687],[13.02403,56.83716],[13.02588,56.83944],[13.02964,56.83972],[13.02911,56.84589],[13.02477,56.84683],[13.02348,56.84816],[13.0322,56.85346],[13.03209,56.85554],[13.0026,56.85479],[12.98678,56.84859],[12.98213,56.85045],[12.9811,56.85298],[12.97634,56.8533],[12.96944,56.84999],[12.9682,56.84772]]],[[[13.24285,57.03983],[13.24486,57.04186],[13.24261,57.04275],[13.23864,57.04204],[13.23709,57.03945],[13.23319,57.04337],[13.22644,57.0469],[13.22306,57.04686],[13.21706,57.04351],[13.21005,57.04305],[13.20693,57.03941],[13.20647,57.03558],[13.20111,57.03262],[13.19734,57.03391],[13.19291,57.03207],[13.17891,57.03186],[13.17094,57.0353],[13.16165,57.03518],[13.14927,57.03143],[13.14538,57.0329],[13.14451,57.0367],[13.14111,57.03845],[13.1279,57.03826],[13.12677,57.03577],[13.12192,57.0347],[13.11542,57.03783],[13.11458,57.04165],[13.10457,57.0433],[13.10135,57.04145],[13.10023,57.03896],[13.09305,57.03482],[13.0898,57.03521],[13.08843,57.03765],[13.085,57.03941],[13.08177,57.03754],[13.08516,57.03512],[13.08326,57.03287],[13.07869,57.03392],[13.07508,57.03219],[13.06559,57.03191],[13.06605,57.02291],[13.07219,57.01964],[13.07633,57.01522],[13.06699,57.00497],[13.06728,56.99958],[13.07415,56.99317],[13.06794,56.98701],[13.06693,56.98273],[13.0637,56.98156],[13.05835,56.98147],[13.05515,56.97963],[13.05268,56.97503],[13.04785,56.97412],[13.04808,56.97165],[13.05161,56.96856],[13.04922,56.96696],[13.04921,56.96358],[13.04664,56.96085],[13.04738,56.95591],[13.04435,56.94924],[13.04942,56.94696],[13.04666,56.94548],[13.04049,56.94526],[13.04081,56.9393],[13.04307,56.93657],[13.03466,56.93153],[13.03493,56.92921],[13.03859,56.92579],[13.04281,56.92484],[13.05083,56.92003],[13.04795,56.91639],[13.04416,56.91478],[13.03841,56.91502],[13.03207,56.91816],[13.02888,56.91631],[13.02787,56.91203],[13.0226,56.91082],[13.02318,56.90387],[13.02908,56.90037],[13.02955,56.89818],[13.03333,56.89521],[13.04015,56.8954],[13.04208,56.88982],[13.03972,56.88854],[13.03377,56.88988],[13.03094,56.88901],[13.03049,56.88578],[13.03266,56.88336],[13.0244,56.87955],[13.0175,56.87933],[13.01453,56.8773],[13.01495,56.8733],[13.0193,56.87235],[13.02394,56.86973],[13.02169,56.86587],[13.0254,56.86559],[13.02814,56.86396],[13.02885,56.85848],[13.03519,56.8589],[13.03621,56.86318],[13.04745,56.86762],[13.05057,56.86655],[13.0513,56.86454],[13.05241,56.86703],[13.05565,56.86753],[13.0605,56.86491],[13.0616,56.86156],[13.07476,56.87502],[13.07425,56.87681],[13.07066,56.87889],[13.06695,56.87917],[13.06333,56.87777],[13.05723,56.88104],[13.05662,56.88855],[13.05409,56.88973],[13.05959,56.89059],[13.05969,56.8931],[13.05629,56.89585],[13.056,56.90169],[13.06223,56.90783],[13.06202,56.91256],[13.06513,56.91507],[13.06615,56.91935],[13.07252,56.92237],[13.08772,56.92261],[13.09083,56.92626],[13.08865,56.92869],[13.09344,56.93122],[13.10049,56.93],[13.10031,56.9336],[13.09248,56.93416],[13.08721,56.93721],[13.08812,56.93946],[13.10417,56.9462],[13.11239,56.94621],[13.11615,56.94459],[13.12317,56.94436],[13.12949,56.94121],[13.13608,56.94131],[13.13586,56.94603],[13.13861,56.94817],[13.14559,56.94863],[13.15857,56.9524],[13.16535,56.95597],[13.1749,56.95445],[13.17481,56.95739],[13.17673,56.95918],[13.18452,56.95996],[13.1881,56.96168],[13.21073,56.96214],[13.21752,56.9657],[13.23029,56.96601],[13.23387,56.96772],[13.24007,56.96794],[13.24528,56.96978],[13.25633,56.96439],[13.25665,56.9617],[13.25352,56.95921],[13.2536,56.95737],[13.26038,56.95386],[13.26374,56.9539],[13.26431,56.95596],[13.27474,56.9624],[13.276,56.9652],[13.28577,56.96534],[13.28851,56.96667],[13.28866,56.96841],[13.28534,56.97044],[13.28552,56.97253],[13.29811,56.97426],[13.30523,56.97688],[13.30901,56.97956],[13.31849,56.97981],[13.32208,56.98153],[13.32783,56.9816],[13.33135,56.97979],[13.33172,56.97641],[13.33519,56.97286],[13.35454,56.97299],[13.36166,56.96962],[13.36828,56.9697],[13.37189,56.97141],[13.37681,56.97159],[13.38138,56.96987],[13.39766,56.97008],[13.4023,56.97193],[13.42731,56.97406],[13.43047,56.9777],[13.43152,56.98197],[13.43713,56.98482],[13.44535,56.98506],[13.44993,56.98333],[13.45611,56.98329],[13.45987,56.98165],[13.4632,56.98169],[13.46763,56.98352],[13.47256,56.98347],[13.47899,56.98032],[13.47988,56.97471],[13.48326,56.97294],[13.4952,56.97307],[13.49851,56.97201],[13.49991,56.96777],[13.5033,56.96535],[13.50352,56.95951],[13.50035,56.95633],[13.50357,56.95322],[13.50388,56.95053],[13.50072,56.94802],[13.50079,56.94622],[13.50423,56.94266],[13.51087,56.94095],[13.51862,56.94215],[13.52072,56.9404],[13.52087,56.93747],[13.52746,56.93755],[13.52795,56.94138],[13.53416,56.94468],[13.53908,56.94485],[13.54366,56.94313],[13.54676,56.94316],[13.55059,56.94488],[13.55675,56.94508],[13.55997,56.94692],[13.56111,56.9494],[13.56569,56.95125],[13.56509,56.95259],[13.55698,56.95407],[13.5559,56.95582],[13.56508,56.95821],[13.56579,56.96251],[13.56249,56.96672],[13.55313,56.96998],[13.55236,56.97379],[13.549,56.97556],[13.53953,56.97557],[13.53575,56.97721],[13.53251,56.97536],[13.53136,56.97288],[13.52736,56.9706],[13.52494,56.97057],[13.52277,56.97346],[13.51658,56.97352],[13.51369,56.97535],[13.51934,56.97697],[13.51991,56.97901],[13.52288,56.98048],[13.52914,56.9789],[13.52565,56.98427],[13.51526,56.9863],[13.50561,56.99123],[13.4953,56.99146],[13.48924,56.99483],[13.48886,56.99821],[13.48438,56.99637],[13.47698,56.99739],[13.47573,57.0032],[13.48193,57.00708],[13.48186,57.00878],[13.47503,57.01421],[13.47056,57.01238],[13.46516,57.0141],[13.45853,57.01401],[13.45088,57.01035],[13.44594,57.01041],[13.43553,57.01373],[13.4256,57.01361],[13.42237,57.01176],[13.42124,57.00928],[13.41721,57.00813],[13.41053,57.01094],[13.40918,57.01339],[13.39921,57.01505],[13.39911,57.01168],[13.39613,57.00962],[13.39632,56.99907],[13.39334,56.99702],[13.39286,56.99319],[13.38507,56.98978],[13.37719,56.99387],[13.37763,56.99702],[13.38341,57.00046],[13.38324,57.00408],[13.37661,57.004],[13.37059,57.00068],[13.3636,57.00024],[13.3535,56.99698],[13.34409,57.00198],[13.34343,57.01075],[13.3235,57.01005],[13.31779,57.01288],[13.31244,57.01262],[13.30573,57.01523],[13.29379,57.01174],[13.27714,57.01132],[13.27684,57.01715],[13.28663,57.01746],[13.29032,57.01999],[13.29024,57.02262],[13.28372,57.02633],[13.2821,57.03342],[13.27857,57.035],[13.26027,57.03492],[13.24684,57.03943],[13.24285,57.03983]],[[13.13316,57.00764],[13.13935,57.00784],[13.14206,57.01102],[13.14583,57.00973],[13.15594,57.01334],[13.16873,57.01364],[13.17312,57.01483],[13.17528,57.01196],[13.1818,57.00826],[13.18222,57.00487],[13.19347,57.00254],[13.19531,57.00126],[13.195,56.99948],[13.18967,56.99649],[13.18389,56.99731],[13.18096,56.99643],[13.17746,56.99244],[13.17961,56.99008],[13.15674,56.98837],[13.15667,56.98498],[13.15412,56.98327],[13.13726,56.9827],[13.13671,56.98065],[13.13136,56.97757],[13.11749,56.97555],[13.11515,56.97717],[13.12062,56.985],[13.12052,56.98893],[13.11837,56.9907],[13.11395,56.99164],[13.11354,56.99317],[13.12343,56.99684],[13.12368,57.00426],[13.13316,57.00764]]],[[[13.2561,57.07261],[13.2679,57.07632],[13.27333,57.0747],[13.28024,57.07794],[13.27791,57.0803],[13.27039,57.08319],[13.2589,57.08326],[13.25451,57.07938],[13.25288,57.07441],[13.2561,57.07261]]],[[[13.44029,57.17366],[13.4402,57.17572],[13.43803,57.17715],[13.42867,57.17844],[13.42761,57.18104],[13.43169,57.18257],[13.43512,57.18677],[13.42704,57.18485],[13.41297,57.18485],[13.40795,57.18256],[13.40396,57.18279],[13.40229,57.18192],[13.40328,57.17795],[13.39648,57.17296],[13.38595,57.17374],[13.38254,57.17117],[13.38471,57.16873],[13.37987,57.16609],[13.37617,57.1657],[13.36987,57.15843],[13.37034,57.14765],[13.37625,57.14436],[13.37193,57.13938],[13.36785,57.13877],[13.36405,57.1404],[13.36041,57.13867],[13.35422,57.13846],[13.35147,57.13529],[13.34772,57.13659],[13.34129,57.13651],[13.33663,57.13465],[13.32795,57.13452],[13.32803,57.13271],[13.33177,57.13241],[13.33471,57.13034],[13.33156,57.12738],[13.33181,57.12198],[13.33764,57.12049],[13.33527,57.11845],[13.33521,57.11507],[13.33223,57.113],[13.33561,57.11125],[13.33995,57.11131],[13.34223,57.11389],[13.35149,57.11645],[13.35601,57.11503],[13.34774,57.10716],[13.34245,57.10597],[13.33601,57.10228],[13.33616,57.09352],[13.32674,57.08778],[13.32992,57.0858],[13.33038,57.08063],[13.33371,57.07821],[13.33059,57.07526],[13.33083,57.06985],[13.3375,57.06992],[13.34275,57.07176],[13.34666,57.07028],[13.34675,57.06806],[13.34138,57.06509],[13.3376,57.06638],[13.33646,57.06388],[13.33004,57.06091],[13.31932,57.06078],[13.31475,57.06249],[13.30029,57.06231],[13.29168,57.06036],[13.29185,57.05674],[13.29643,57.05612],[13.30105,57.05307],[13.2983,57.05161],[13.2921,57.05138],[13.29234,57.04597],[13.29856,57.04591],[13.30166,57.04453],[13.30213,57.04275],[13.29917,57.0407],[13.29927,57.03886],[13.3063,57.03861],[13.31262,57.03545],[13.31926,57.03554],[13.32528,57.03875],[13.329,57.03746],[13.33603,57.03722],[13.34236,57.03405],[13.34561,57.0359],[13.34544,57.04063],[13.34861,57.04312],[13.34826,57.05145],[13.35141,57.05395],[13.3515,57.05733],[13.35561,57.06186],[13.36406,57.06669],[13.36724,57.0755],[13.37341,57.07938],[13.37389,57.08323],[13.37764,57.08484],[13.38961,57.08499],[13.39017,57.08703],[13.39639,57.09035],[13.40589,57.0906],[13.40527,57.10498],[13.40153,57.10529],[13.38601,57.11214],[13.38959,57.11374],[13.40156,57.11391],[13.4052,57.11563],[13.41139,57.11583],[13.41065,57.12765],[13.40764,57.13038],[13.40732,57.13375],[13.40122,57.13704],[13.39734,57.14104],[13.39768,57.14283],[13.40551,57.14741],[13.41004,57.14815],[13.41004,57.15332],[13.41261,57.15502],[13.41633,57.15542],[13.41826,57.15835],[13.42235,57.15897],[13.42638,57.15645],[13.43543,57.15766],[13.43652,57.1613],[13.44172,57.16361],[13.44167,57.16479],[13.43669,57.16675],[13.43498,57.16974],[13.44029,57.17366]]],[[[13.45685,57.21388],[13.46111,57.21356],[13.46032,57.21999],[13.452,57.22099],[13.44291,57.22038],[13.44365,57.22259],[13.43995,57.22446],[13.43661,57.21525],[13.43024,57.21367],[13.43122,57.20559],[13.42375,57.20371],[13.42155,57.20199],[13.43025,57.19695],[13.42787,57.19443],[13.42943,57.19181],[13.43795,57.18848],[13.4418,57.18988],[13.44075,57.19201],[13.45433,57.19491],[13.46082,57.19798],[13.45615,57.20596],[13.45063,57.20701],[13.45012,57.20795],[13.45353,57.21233],[13.45685,57.21388]]],[[[13.43298,57.23493],[13.43837,57.23005],[13.45738,57.23332],[13.45735,57.24152],[13.45571,57.24363],[13.44943,57.244],[13.4453,57.24608],[13.43971,57.24391],[13.4398,57.24186],[13.43255,57.24021],[13.43298,57.23493]]],[[[13.46995,57.24751],[13.47739,57.24783],[13.48155,57.2499],[13.48588,57.24956],[13.4852,57.25398],[13.48747,57.26384],[13.48415,57.26484],[13.48106,57.26432],[13.47124,57.25853],[13.47213,57.2548],[13.46571,57.25307],[13.46441,57.2512],[13.46995,57.24751]]],[[[13.52719,57.29267],[13.5236,57.29422],[13.51931,57.29337],[13.5173,57.29165],[13.52131,57.28923],[13.52465,57.2888],[13.52823,57.29007],[13.52719,57.29267]]]]}},{"type":"Feature","properties":{"fs":"TRANSITB","t":45.0},"geometry":{"type":"MultiPolygon","coordinates":[[[[12.96481,56.81633],[12.96147,56.81571],[12.9554,56.80524],[12.95683,56.80188],[12.95539,56.79944],[12.95989,56.79771],[12.96343,56.80215],[12.96669,56.80367],[12.96637,56.80591],[12.96933,56.80927],[12.96928,56.81146],[12.96481,56.81633]]],[[[12.96796,56.8222],[12.96401,56.83058],[12.95545,56.82716],[12.95508,56.82384],[12.95895,56.82376],[12.96179,56.82041],[12.96796,56.8222]]],[[[12.98719,56.84404],[12.98339,56.84406],[12.9762,56.84253],[12.97029,56.83815],[12.97286,56.83606],[12.98183,56.83698],[12.98892,56.83855],[12.99204,56.84137],[12.98719,56.84404]]],[[[13.00821,56.84949],[12.99549,56.8421],[12.99976,56.83885],[13.00639,56.8375],[13.012,56.83989],[13.01253,56.84262],[13.01655,56.84378],[13.01898,56.84629],[13.01711,56.84795],[13.01322,56.84794],[13.00821,56.84949]]],[[[13.04892,56.88181],[13.05011,56.88564],[13.0348,56.8781],[13.03406,56.8753],[13.02994,56.87288],[13.03781,56.86658],[13.04005,56.86972],[13.04316,56.87108],[13.05464,56.87284],[13.05373,56.87691],[13.05015,56.87874],[13.04892,56.88181]]],[[[13.2433,57.04186],[13.23965,57.04182],[13.23696,57.03886],[13.23343,57.0409],[13.23181,57.04402],[13.22642,57.04689],[13.22308,57.04684],[13.21707,57.04348],[13.21008,57.04304],[13.20696,57.0394],[13.20651,57.03557],[13.20112,57.03259],[13.19735,57.03389],[13.19291,57.03204],[13.17891,57.03183],[13.17092,57.03528],[13.16124,57.03515],[13.14927,57.0314],[13.14533,57.03289],[13.14048,57.03832],[13.12792,57.03824],[13.1268,57.03576],[13.12275,57.03458],[13.11813,57.0363],[13.11132,57.03612],[13.11476,57.03776],[13.11396,57.04125],[13.10414,57.04193],[13.10138,57.04144],[13.10027,57.03895],[13.09226,57.03456],[13.08913,57.03563],[13.08839,57.03764],[13.08464,57.03848],[13.08262,57.03767],[13.08521,57.03512],[13.08328,57.03285],[13.06708,57.03159],[13.06678,57.02271],[13.07228,57.02055],[13.07728,57.02148],[13.08044,57.01612],[13.07929,57.01442],[13.07322,57.01225],[13.07394,57.01035],[13.07217,57.0087],[13.07755,57.00316],[13.07366,57.00237],[13.06988,56.99963],[13.07076,56.99604],[13.07417,56.99362],[13.07154,56.98914],[13.07609,56.98685],[13.07775,56.98343],[13.082,56.98015],[13.09145,56.98009],[13.10068,56.98128],[13.10536,56.98365],[13.10366,56.98947],[13.11635,56.99526],[13.1131,56.99845],[13.11451,57.00395],[13.10547,57.00645],[13.10427,57.00801],[13.10649,57.00953],[13.11315,57.00676],[13.11733,57.00731],[13.12103,57.01141],[13.12148,57.01485],[13.12419,57.01277],[13.13145,57.013],[13.13901,57.0101],[13.15016,57.01349],[13.16871,57.01366],[13.17232,57.01505],[13.18142,57.0087],[13.18225,57.00488],[13.19266,57.00287],[13.1956,57.00037],[13.18968,56.99644],[13.18164,56.99623],[13.17827,56.99238],[13.18093,56.99056],[13.17987,56.98921],[13.15738,56.98825],[13.15681,56.98326],[13.15204,56.98158],[13.15055,56.97894],[13.14631,56.97953],[13.1475,56.98282],[13.13728,56.98268],[13.13675,56.98064],[13.13137,56.97755],[13.1244,56.9771],[13.12079,56.97536],[13.11732,56.97519],[13.11612,56.97285],[13.10795,56.96797],[13.10436,56.96847],[13.10206,56.97164],[13.09388,56.97067],[13.08898,56.97341],[13.08319,56.97058],[13.07812,56.97067],[13.07809,56.97433],[13.07471,56.97555],[13.06906,56.97355],[13.06411,56.9737],[13.06205,56.96951],[13.05175,56.96632],[13.05218,56.96318],[13.05002,56.96003],[13.05554,56.95804],[13.0525,56.95291],[13.05701,56.95091],[13.05275,56.95002],[13.04745,56.94423],[13.05013,56.9422],[13.05397,56.94243],[13.05508,56.94076],[13.05337,56.93759],[13.05669,56.93447],[13.05195,56.93083],[13.05879,56.92567],[13.0514,56.92173],[13.05911,56.91325],[13.05595,56.9132],[13.05463,56.91492],[13.05184,56.91532],[13.04633,56.91262],[13.03894,56.9125],[13.03633,56.90947],[13.03716,56.90746],[13.03419,56.90535],[13.03671,56.90284],[13.04353,56.90245],[13.04885,56.89573],[13.05596,56.8973],[13.05614,56.90214],[13.0622,56.90784],[13.06197,56.91256],[13.0651,56.91508],[13.06514,56.91845],[13.07033,56.92257],[13.07113,56.92899],[13.07444,56.93035],[13.07505,56.9277],[13.07315,56.92604],[13.07432,56.92533],[13.08407,56.92717],[13.0863,56.93012],[13.09091,56.93233],[13.09035,56.93524],[13.08648,56.93702],[13.09335,56.94315],[13.09694,56.94292],[13.10417,56.94622],[13.11239,56.94624],[13.11617,56.94461],[13.12551,56.94487],[13.12871,56.94868],[13.13252,56.94908],[13.13566,56.94791],[13.14557,56.94865],[13.15855,56.95242],[13.16535,56.956],[13.17488,56.95447],[13.17494,56.95784],[13.17832,56.95977],[13.1845,56.95998],[13.18891,56.96182],[13.21071,56.96216],[13.21751,56.96572],[13.23027,56.96603],[13.23387,56.96775],[13.24005,56.96796],[13.24446,56.9698],[13.24775,56.96919],[13.25638,56.96439],[13.2567,56.9617],[13.25355,56.9592],[13.25363,56.95738],[13.2604,56.95387],[13.26372,56.95392],[13.26486,56.95641],[13.27328,56.96124],[13.27564,56.96551],[13.28729,56.96647],[13.28767,56.96836],[13.28417,56.97107],[13.28516,56.97284],[13.29696,56.97422],[13.309,56.97958],[13.31847,56.97983],[13.32289,56.98167],[13.32783,56.98163],[13.33097,56.98023],[13.33175,56.97642],[13.33521,56.97287],[13.35454,56.97305],[13.36228,56.97155],[13.36291,56.96965],[13.36826,56.96972],[13.3727,56.97156],[13.37764,56.97152],[13.3814,56.96989],[13.39785,56.9701],[13.40393,56.97232],[13.39817,56.979],[13.40665,56.97917],[13.40705,56.97629],[13.41125,56.97407],[13.42192,56.97483],[13.42923,56.97702],[13.43149,56.98198],[13.43632,56.98461],[13.44168,56.98514],[13.4432,56.9875],[13.4498,56.98895],[13.45353,56.98736],[13.46316,56.9891],[13.46579,56.9869],[13.46176,56.98281],[13.46364,56.98216],[13.46763,56.98355],[13.47422,56.98296],[13.47946,56.97988],[13.47991,56.97472],[13.48327,56.97296],[13.49603,56.97301],[13.50144,56.97133],[13.50111,56.9694],[13.50985,56.96872],[13.51402,56.96647],[13.51385,56.96331],[13.50972,56.96256],[13.50707,56.95832],[13.50172,56.95674],[13.50271,56.9551],[13.5096,56.95353],[13.506,56.94982],[13.51209,56.94501],[13.51388,56.94436],[13.52055,56.94505],[13.52135,56.94276],[13.5244,56.94201],[13.52795,56.94363],[13.5301,56.94682],[13.53306,56.94657],[13.53497,56.94483],[13.5399,56.94496],[13.54615,56.94676],[13.54564,56.95038],[13.55165,56.95513],[13.55286,56.96054],[13.54923,56.96274],[13.54843,56.96483],[13.55009,56.96675],[13.54381,56.97369],[13.53537,56.97673],[13.53254,56.97535],[13.5314,56.97287],[13.52575,56.97034],[13.52275,56.97344],[13.5174,56.97339],[13.5141,56.97446],[13.51404,56.9758],[13.51932,56.97698],[13.52207,56.98027],[13.52887,56.9798],[13.52904,56.9807],[13.52561,56.98426],[13.51525,56.98628],[13.50559,56.99121],[13.49445,56.99176],[13.4892,56.99483],[13.48884,56.99819],[13.48439,56.99634],[13.47695,56.99738],[13.47569,57.0032],[13.48189,57.00709],[13.47713,57.01276],[13.46974,57.01234],[13.46514,57.01408],[13.45855,57.014],[13.45252,57.01062],[13.44347,57.01023],[13.43551,57.01371],[13.42562,57.01359],[13.4224,57.01175],[13.42127,57.00927],[13.41804,57.00812],[13.41054,57.01009],[13.40067,57.0099],[13.3965,57.00349],[13.39636,56.99906],[13.39338,56.99701],[13.39329,56.99363],[13.38832,56.99045],[13.38507,56.98975],[13.37714,56.99387],[13.37759,56.99702],[13.38338,57.00047],[13.38261,57.00394],[13.37663,57.00398],[13.3706,57.00066],[13.36362,57.00022],[13.35349,56.99696],[13.34404,57.00198],[13.34341,57.01073],[13.32623,57.01051],[13.32332,57.00958],[13.31722,57.01237],[13.31245,57.0124],[13.30576,57.01466],[13.29345,57.01109],[13.2768,57.011],[13.27623,57.01734],[13.28655,57.01804],[13.29029,57.02032],[13.29021,57.02261],[13.28368,57.02632],[13.28089,57.03358],[13.27739,57.03501],[13.27192,57.03398],[13.26318,57.03414],[13.25659,57.03653],[13.24176,57.03959],[13.2433,57.04186]]],[[[13.41568,57.15553],[13.41975,57.15906],[13.42257,57.16337],[13.42141,57.1714],[13.42306,57.17378],[13.42181,57.1774],[13.41866,57.17671],[13.41752,57.17327],[13.40955,57.1682],[13.39985,57.16667],[13.39347,57.16409],[13.39279,57.1591],[13.38928,57.15905],[13.38379,57.15687],[13.37992,57.15249],[13.38384,57.14565],[13.38105,57.14382],[13.37451,57.14234],[13.37127,57.13902],[13.36544,57.13707],[13.36097,57.13742],[13.35951,57.13454],[13.35153,57.1328],[13.34166,57.13458],[13.33577,57.13076],[13.33548,57.12585],[13.338,57.12364],[13.33879,57.11885],[13.35166,57.12262],[13.3579,57.12093],[13.36222,57.12115],[13.36977,57.11535],[13.36963,57.112],[13.36001,57.11057],[13.35526,57.11177],[13.34947,57.10807],[13.34649,57.10346],[13.33991,57.10064],[13.33634,57.09745],[13.33653,57.09538],[13.34097,57.09308],[13.33443,57.0881],[13.33653,57.08274],[13.3336,57.07731],[13.33063,57.07525],[13.33086,57.06986],[13.33748,57.06994],[13.34357,57.07169],[13.34712,57.06985],[13.3462,57.0676],[13.34139,57.06507],[13.33762,57.06636],[13.33649,57.06387],[13.33004,57.06088],[13.31933,57.06076],[13.31348,57.06247],[13.29822,57.06224],[13.29172,57.06035],[13.29188,57.05675],[13.30224,57.05509],[13.29911,57.05182],[13.29213,57.05137],[13.29237,57.04598],[13.29856,57.04593],[13.3017,57.04453],[13.30218,57.04275],[13.2992,57.04069],[13.29929,57.03888],[13.30631,57.03863],[13.31264,57.03547],[13.31924,57.03555],[13.32527,57.03877],[13.32902,57.03748],[13.33604,57.03724],[13.34193,57.03452],[13.34558,57.03591],[13.34472,57.03947],[13.34857,57.04314],[13.34821,57.05145],[13.35138,57.05396],[13.35145,57.05733],[13.35558,57.06187],[13.36403,57.0667],[13.36719,57.0755],[13.37338,57.07939],[13.37365,57.08323],[13.37855,57.08654],[13.37942,57.08922],[13.38745,57.08704],[13.40572,57.09382],[13.40543,57.10071],[13.40329,57.10484],[13.38568,57.11213],[13.3879,57.11789],[13.39165,57.11861],[13.39365,57.12171],[13.39809,57.1206],[13.40063,57.12109],[13.40234,57.12448],[13.39637,57.12889],[13.38938,57.13193],[13.39137,57.13523],[13.39829,57.13689],[13.39763,57.14283],[13.40549,57.14743],[13.41,57.14816],[13.41038,57.15378],[13.41568,57.15553]]]]}},{"type":"Feature","properties":{"fs":"TRANSITB","t":30.0},"geometry":{"type":"MultiPolygon","coordinates":[[[[13.5165,56.96505],[13.51799,56.96058],[13.52628,56.95169],[13.5327,56.95379],[13.53315,56.95627],[13.53725,56.95489],[13.535,56.96505],[13.53169,56.96571],[13.52692,56.96482],[13.52092,56.96755],[13.51766,56.96687],[13.5165,56.96505]]],[[[13.47824,56.98554],[13.48085,56.98215],[13.48042,56.98015],[13.49673,56.9786],[13.4959,56.97615],[13.50366,56.97538],[13.50683,56.97336],[13.50911,56.97339],[13.51127,56.97488],[13.51183,56.98059],[13.508,56.98219],[13.51039,56.98407],[13.50973,56.98519],[13.50286,56.98731],[13.49794,56.98685],[13.4904,56.99001],[13.47824,56.98554]]],[[[13.23674,57.03211],[13.23297,57.03429],[13.23502,57.03663],[13.23319,57.03704],[13.22989,57.03578],[13.22796,57.04082],[13.23028,57.04316],[13.22979,57.04512],[13.22641,57.04687],[13.2231,57.04682],[13.21988,57.04498],[13.21738,57.03942],[13.21231,57.03773],[13.214,57.03403],[13.21105,57.03177],[13.20427,57.02947],[13.19779,57.03343],[13.19291,57.03201],[13.17093,57.0322],[13.16424,57.02957],[13.15192,57.03003],[13.1445,57.03338],[13.13842,57.03012],[13.13047,57.02846],[13.12809,57.0287],[13.12496,57.03146],[13.11061,57.0301],[13.10147,57.03169],[13.08616,57.02697],[13.08451,57.02507],[13.09922,57.01733],[13.10802,57.01638],[13.11941,57.01905],[13.13159,57.01931],[13.13293,57.02217],[13.13536,57.02275],[13.14296,57.02076],[13.14456,57.01696],[13.1487,57.01505],[13.15317,57.01522],[13.15535,57.01663],[13.16107,57.01357],[13.16869,57.01368],[13.17232,57.01508],[13.18146,57.0087],[13.18228,57.00489],[13.19267,57.0029],[13.19565,57.00037],[13.18969,56.99639],[13.18232,56.99604],[13.17907,56.99232],[13.18189,56.99067],[13.18177,56.98898],[13.17339,56.98358],[13.15364,56.98125],[13.15024,56.9759],[13.13229,56.97586],[13.12667,56.96881],[13.13031,56.96612],[13.12226,56.96534],[13.11804,56.96341],[13.10831,56.96275],[13.10169,56.96014],[13.09185,56.96215],[13.08232,56.96158],[13.07493,56.96488],[13.06829,56.96051],[13.0709,56.95634],[13.06391,56.94988],[13.06459,56.94854],[13.07101,56.94576],[13.07037,56.94354],[13.06775,56.94219],[13.06932,56.93963],[13.06745,56.93529],[13.07642,56.93671],[13.07612,56.93912],[13.07841,56.94075],[13.07713,56.94604],[13.07884,56.94949],[13.08113,56.95179],[13.08812,56.95478],[13.09312,56.95348],[13.09936,56.95406],[13.10389,56.95184],[13.11287,56.95299],[13.11302,56.95546],[13.11517,56.95633],[13.12168,56.95637],[13.12698,56.9542],[13.12918,56.95181],[13.13423,56.95345],[13.13558,56.95526],[13.14075,56.9546],[13.14501,56.95667],[13.15163,56.95792],[13.15715,56.95545],[13.16043,56.95572],[13.16279,56.95789],[13.16009,56.96116],[13.16256,56.96255],[13.17456,56.96379],[13.17716,56.96001],[13.18448,56.96],[13.18891,56.96185],[13.20925,56.96219],[13.21436,56.96571],[13.23025,56.96604],[13.23386,56.96777],[13.24003,56.96798],[13.24528,56.96984],[13.256,56.96484],[13.25675,56.9617],[13.25358,56.95919],[13.25366,56.95739],[13.26042,56.95389],[13.26247,56.95392],[13.27325,56.96125],[13.27528,56.96582],[13.2866,56.96668],[13.28657,56.96858],[13.28323,56.97106],[13.28412,56.97276],[13.29622,56.97424],[13.29926,56.97588],[13.29946,56.97766],[13.30434,56.97802],[13.3083,56.98049],[13.31135,56.98402],[13.3144,56.98148],[13.318,56.98068],[13.33591,56.98487],[13.3423,56.9819],[13.34382,56.97816],[13.35107,56.97701],[13.35575,56.97832],[13.35769,56.98241],[13.36162,56.98124],[13.37228,56.98119],[13.37486,56.98057],[13.3751,56.97699],[13.38083,56.97505],[13.38406,56.97506],[13.38834,56.97605],[13.39136,56.9808],[13.39613,56.98146],[13.40118,56.98062],[13.40292,56.98309],[13.4091,56.98605],[13.41426,56.98326],[13.42636,56.98529],[13.43008,56.9874],[13.43864,56.98814],[13.43926,56.99197],[13.4359,56.99597],[13.44621,56.99643],[13.45952,56.9949],[13.46259,56.99293],[13.46399,56.99407],[13.46488,57.00531],[13.46257,57.00647],[13.45846,57.00636],[13.44677,57.01026],[13.43295,57.00441],[13.42554,57.00595],[13.42068,57.00409],[13.41594,57.0041],[13.4142,57.00243],[13.41418,56.9972],[13.40676,56.99472],[13.39614,56.99562],[13.38672,56.98986],[13.38258,56.99036],[13.37775,56.99298],[13.3768,56.99551],[13.37048,56.99805],[13.36484,56.99371],[13.36269,56.99338],[13.35985,56.99446],[13.3583,56.99677],[13.35349,56.99687],[13.34507,57.00109],[13.33663,57.00109],[13.33444,57.00555],[13.32738,57.01006],[13.32369,57.00844],[13.32164,57.00482],[13.31939,57.0045],[13.31278,57.00501],[13.31321,57.00695],[13.31054,57.00916],[13.31133,57.01202],[13.3069,57.01405],[13.3035,57.01398],[13.29278,57.01039],[13.27646,57.01068],[13.27466,57.01227],[13.27563,57.01753],[13.28693,57.01868],[13.29026,57.02071],[13.29018,57.0226],[13.28363,57.02632],[13.28324,57.02984],[13.28022,57.03337],[13.27703,57.0349],[13.27194,57.03345],[13.26453,57.03341],[13.25657,57.03651],[13.2512,57.03665],[13.24377,57.03848],[13.24162,57.03805],[13.23674,57.03211]],[[13.19483,56.98299],[13.19043,56.98199],[13.18229,56.98425],[13.18154,56.98566],[13.18524,56.98664],[13.19091,56.98619],[13.19483,56.98299]]],[[[13.09906,56.99619],[13.09619,56.99808],[13.09878,57.00031],[13.09773,57.00476],[13.10221,57.01247],[13.09907,57.01411],[13.09091,57.01275],[13.08853,57.01091],[13.09252,57.0038],[13.0857,56.99992],[13.08322,56.99415],[13.09035,56.99005],[13.09839,56.99315],[13.09906,56.99619]]],[[[13.34378,57.05948],[13.34118,57.06056],[13.33818,57.05859],[13.32925,57.06001],[13.32478,57.05941],[13.32336,57.06067],[13.31431,57.06217],[13.30716,57.06078],[13.3085,57.05406],[13.30392,57.05159],[13.30135,57.04801],[13.30623,57.04644],[13.30642,57.04087],[13.31116,57.04079],[13.31767,57.04261],[13.32505,57.03997],[13.3286,57.04369],[13.33229,57.044],[13.33556,57.0423],[13.34122,57.04473],[13.33711,57.05349],[13.34378,57.05948]]],[[[13.38853,57.09788],[13.38572,57.10075],[13.38169,57.10082],[13.38067,57.1044],[13.38262,57.10678],[13.3792,57.11059],[13.37486,57.1107],[13.36999,57.10879],[13.36801,57.10696],[13.36641,57.09833],[13.35525,57.09531],[13.35692,57.09171],[13.35193,57.08629],[13.35153,57.08092],[13.34352,57.07976],[13.34103,57.07786],[13.34041,57.07246],[13.35088,57.07069],[13.34958,57.06646],[13.35407,57.06433],[13.36241,57.07005],[13.36355,57.07393],[13.36676,57.07458],[13.37313,57.07963],[13.37359,57.08413],[13.37723,57.08695],[13.37714,57.09575],[13.38853,57.09788]]],[[[13.36765,57.12673],[13.36481,57.12928],[13.36135,57.12969],[13.35339,57.12631],[13.36103,57.12474],[13.36765,57.12673]]]]}},{"type":"Feature","properties":{"fs":"TRANSITB","t":15.0},"geometry":{"type":"MultiPolygon","coordinates":[[[[13.16199,56.97405],[13.15664,56.97004],[13.16142,56.96894],[13.16767,56.97041],[13.16868,56.97241],[13.16199,56.97405]]],[[[13.30442,56.99667],[13.31056,56.99653],[13.31722,56.99489],[13.32173,56.99146],[13.32578,56.99073],[13.32842,56.99143],[13.32803,56.99547],[13.32168,56.99609],[13.32143,56.99819],[13.319,56.99963],[13.30794,57.00285],[13.29855,57.00115],[13.30442,56.99667]]],[[[13.25961,57.02419],[13.25415,57.02642],[13.24511,57.0259],[13.24024,57.02437],[13.23694,57.02447],[13.22437,57.02999],[13.21747,57.02671],[13.21715,57.02479],[13.22691,57.02183],[13.22976,57.01524],[13.225,57.01135],[13.22021,57.01263],[13.21611,57.0122],[13.21166,57.01045],[13.21113,57.00733],[13.20728,57.00743],[13.19956,57.00526],[13.2092,57.0018],[13.21457,57.00143],[13.20936,56.99847],[13.20361,56.99824],[13.19999,56.99639],[13.20326,56.99262],[13.20928,56.99233],[13.2103,56.9909],[13.20488,56.98721],[13.20351,56.98308],[13.19984,56.98252],[13.19746,56.98063],[13.19801,56.97783],[13.20623,56.97582],[13.21198,56.97803],[13.2161,56.97801],[13.22088,56.97687],[13.22382,56.97343],[13.23263,56.97642],[13.24836,56.9742],[13.25562,56.97519],[13.25946,56.9723],[13.26393,56.97551],[13.26934,56.97423],[13.26995,56.97593],[13.26668,56.97846],[13.25998,56.98095],[13.26503,56.98299],[13.26998,56.98255],[13.27806,56.98806],[13.27562,56.98965],[13.26826,56.98871],[13.2648,56.99006],[13.27197,56.99085],[13.2752,56.99271],[13.27595,56.9937],[13.27322,56.99693],[13.27722,56.99966],[13.29,56.99923],[13.29691,57.00106],[13.28232,57.00507],[13.27177,57.00616],[13.26863,57.01161],[13.26114,57.01006],[13.2611,57.01702],[13.2632,57.02076],[13.26628,57.02232],[13.25805,57.02226],[13.25961,57.02419]]]]}},{"type":"Feature","properties":{"fs":"CAR","t":60.0},"geometry":{"type":"MultiPolygon","coordinates":[[[[12.9337,56.39368],[12.92414,56.39493],[12.92195,56.39096],[12.93242,56.38935],[12.93328,56.37682],[12.94447,56.3911],[12.96678,56.38573],[12.94937,56.39647],[12.95154,56.40324],[12.94436,56.40959],[12.93637,56.40517],[12.9373,56.39964],[12.93156,56.40039],[12.92838,56.39837],[12.9337,56.39368]]],[[[13.07823,56.4846],[13.08162,56.48789],[13.0688,56.49036],[13.0685,56.48642],[13.05848,56.48381],[13.06618,56.48203],[13.07823,56.4846]]],[[[12.32909,57.09188],[12.31462,57.08867],[12.30469,57.08799],[12.30487,57.09677],[12.29529,57.10084],[12.29133,57.09669],[12.29438,57.09212],[12.27436,57.08888],[12.26402,57.08219],[12.26889,57.08026],[12.26778,57.07571],[12.27513,57.07134],[12.27309,57.06915],[12.29333,57.04419],[12.34089,57.02811],[12.36947,56.99356],[12.37258,56.96681],[12.35867,56.93489],[12.41026,56.90245],[12.48718,56.88889],[12.56491,56.85723],[12.62347,56.82984],[12.62239,56.78124],[12.65899,56.72943],[12.67472,56.71194],[12.68033,56.71119],[12.68617,56.70259],[12.68365,56.702],[12.70871,56.67432],[12.72846,56.65815],[12.72882,56.65225],[12.73839,56.64173],[12.76021,56.64438],[12.76842,56.64155],[12.79059,56.64141],[12.79584,56.64528],[12.80242,56.64475],[12.8488,56.66265],[12.90812,56.64407],[12.94012,56.59413],[12.95426,56.54552],[12.96523,56.5422],[12.95811,56.53815],[12.96608,56.53625],[12.96714,56.52543],[12.96374,56.5249],[12.96194,56.53316],[12.95572,56.5353],[12.953,56.50172],[12.94165,56.48199],[12.94777,56.48027],[12.94034,56.47973],[12.93577,56.47178],[12.90379,56.44424],[12.88782,56.44042],[12.89728,56.43435],[12.89526,56.42954],[12.87832,56.4289],[12.87489,56.42688],[12.88971,56.4246],[12.9097,56.42501],[12.92542,56.42019],[12.93115,56.422],[12.94829,56.41302],[12.95428,56.4207],[12.96247,56.4214],[12.95947,56.4264],[12.962,56.43094],[12.97401,56.43067],[12.96167,56.43711],[12.96185,56.44011],[12.98551,56.43371],[12.98847,56.43523],[12.98553,56.4382],[12.98932,56.43826],[13.00478,56.42869],[13.00662,56.43223],[12.99795,56.43812],[13.00594,56.44052],[12.99343,56.44212],[12.99245,56.44878],[12.99676,56.45102],[13.00765,56.45134],[13.00136,56.45517],[13.01948,56.46276],[13.01722,56.46483],[13.00642,56.46269],[13.00202,56.45958],[12.99306,56.45883],[12.99057,56.45471],[12.98425,56.45756],[12.98079,56.45582],[12.98333,56.45094],[12.97386,56.45018],[12.97333,56.45977],[12.9652,56.4675],[12.96759,56.47259],[12.97294,56.47465],[12.97706,56.4719],[12.98054,56.47477],[12.9935,56.47442],[13.00047,56.47706],[13.00973,56.47468],[13.01003,56.47848],[13.01844,56.47791],[13.015,56.48544],[13.02732,56.4876],[13.02846,56.48518],[13.03882,56.48357],[13.03661,56.4782],[13.04181,56.4773],[13.044,56.48407],[13.04822,56.48589],[13.04365,56.4908],[13.06166,56.49113],[13.06699,56.49608],[13.06405,56.50137],[13.05933,56.49695],[13.0422,56.49443],[13.04765,56.49705],[13.04361,56.49979],[13.05137,56.5037],[13.04561,56.50698],[13.05062,56.50847],[13.05986,56.5065],[13.06874,56.51156],[13.07666,56.5107],[13.08094,56.50725],[13.08414,56.51095],[13.08285,56.51388],[13.06081,56.51761],[13.07058,56.52544],[13.08258,56.52911],[13.06889,56.52869],[13.06669,56.53188],[13.0717,56.5333],[13.08712,56.52981],[13.09415,56.53161],[13.10845,56.53005],[13.1109,56.53186],[13.1013,56.53761],[13.10487,56.54076],[13.12012,56.54078],[13.12669,56.53638],[13.13108,56.5367],[13.13172,56.54257],[13.12699,56.54558],[13.10617,56.54523],[13.11011,56.54772],[13.10531,56.54968],[13.10559,56.55432],[13.11547,56.55749],[13.11527,56.5616],[13.09527,56.55219],[13.09052,56.5557],[13.08258,56.55431],[13.07716,56.56266],[13.05736,56.56417],[13.05507,56.56021],[13.04662,56.56316],[13.04817,56.56599],[13.05483,56.56666],[13.05039,56.57221],[13.06145,56.57477],[13.08581,56.57093],[13.08976,56.5658],[13.09439,56.56966],[13.10272,56.56852],[13.10024,56.57221],[13.10659,56.5742],[13.10564,56.57624],[13.09605,56.57474],[13.0854,56.57902],[13.09117,56.58309],[13.08958,56.58686],[13.07737,56.58344],[13.07426,56.5855],[13.08601,56.59214],[13.07877,56.59437],[13.08407,56.59772],[13.08905,56.59752],[13.09127,56.60127],[13.07293,56.5991],[13.10639,56.61211],[13.10842,56.61737],[13.12215,56.62283],[13.12679,56.62163],[13.12306,56.61826],[13.12225,56.60364],[13.12904,56.5942],[13.1328,56.60057],[13.14839,56.602],[13.14383,56.60663],[13.14804,56.60915],[13.15305,56.60803],[13.16144,56.61265],[13.18378,56.61232],[13.21106,56.61693],[13.21341,56.61026],[13.22556,56.61198],[13.23844,56.60871],[13.22303,56.59698],[13.21847,56.60028],[13.21596,56.5994],[13.21709,56.59437],[13.2131,56.58991],[13.19644,56.58171],[13.21855,56.58582],[13.23444,56.59616],[13.24958,56.59904],[13.25451,56.59153],[13.24044,56.58759],[13.25913,56.5878],[13.26365,56.5808],[13.2748,56.5817],[13.28042,56.57757],[13.28166,56.58194],[13.26684,56.58889],[13.26243,56.59445],[13.26536,56.60827],[13.27519,56.60681],[13.28726,56.59886],[13.29184,56.59871],[13.29403,56.60387],[13.28658,56.61107],[13.30263,56.6155],[13.30395,56.62008],[13.30806,56.62077],[13.30899,56.61362],[13.31539,56.60865],[13.31255,56.60244],[13.31733,56.59801],[13.31303,56.59065],[13.32019,56.58513],[13.31865,56.59108],[13.32714,56.59477],[13.33171,56.60087],[13.34526,56.59944],[13.34998,56.5962],[13.34045,56.5854],[13.34255,56.58003],[13.33774,56.57371],[13.32491,56.57041],[13.32114,56.577],[13.31437,56.57305],[13.31904,56.57094],[13.31637,56.56809],[13.32505,56.56596],[13.31447,56.5621],[13.32159,56.55925],[13.32227,56.54978],[13.33008,56.56289],[13.33567,56.56297],[13.34274,56.55941],[13.34238,56.56633],[13.35064,56.57346],[13.37663,56.58026],[13.3755,56.58278],[13.39154,56.58256],[13.37779,56.5887],[13.38991,56.59855],[13.38605,56.60397],[13.39596,56.61036],[13.39989,56.61796],[13.40933,56.61809],[13.41674,56.62328],[13.42618,56.62442],[13.41824,56.61934],[13.42576,56.61403],[13.42775,56.61939],[13.43692,56.62344],[13.4472,56.6212],[13.46622,56.62296],[13.47044,56.62048],[13.47662,56.62407],[13.47347,56.62656],[13.45715,56.62692],[13.45345,56.6301],[13.46509,56.63221],[13.47851,56.63097],[13.47259,56.6356],[13.47681,56.65004],[13.48494,56.64537],[13.50227,56.64537],[13.51863,56.65041],[13.50876,56.63564],[13.51886,56.64016],[13.52736,56.63563],[13.52301,56.64274],[13.52775,56.64532],[13.55021,56.64446],[13.56976,56.6395],[13.56406,56.63536],[13.56022,56.62577],[13.56688,56.62135],[13.56546,56.61853],[13.57776,56.61656],[13.55696,56.61431],[13.564,56.61016],[13.54971,56.60431],[13.60028,56.60994],[13.60181,56.60659],[13.59403,56.60341],[13.60122,56.59731],[13.60987,56.60527],[13.63407,56.5908],[13.64289,56.58963],[13.64486,56.59134],[13.633,56.5957],[13.61833,56.60733],[13.61626,56.61293],[13.6297,56.6097],[13.6277,56.61572],[13.6648,56.61774],[13.63366,56.61972],[13.63002,56.62192],[13.63604,56.62426],[13.62153,56.62421],[13.61959,56.62848],[13.63661,56.64383],[13.65562,56.64661],[13.64508,56.64928],[13.65081,56.65289],[13.65721,56.65212],[13.66082,56.6582],[13.67191,56.66169],[13.68223,56.65814],[13.70039,56.65791],[13.70961,56.66503],[13.7213,56.6601],[13.73261,56.66104],[13.72209,56.66558],[13.7211,56.6695],[13.71265,56.67082],[13.70922,56.67392],[13.71602,56.67647],[13.72314,56.68482],[13.73838,56.68666],[13.74552,56.69449],[13.75204,56.69273],[13.75467,56.68767],[13.76144,56.68886],[13.77206,56.68644],[13.77306,56.68308],[13.80459,56.69041],[13.8115,56.69777],[13.82373,56.69836],[13.83431,56.69181],[13.8385,56.69522],[13.84433,56.69218],[13.85393,56.6981],[13.85204,56.70236],[13.8665,56.72702],[13.88602,56.72759],[13.88811,56.73021],[13.8839,56.73438],[13.91786,56.72597],[13.92327,56.72265],[13.93465,56.72801],[13.91672,56.7299],[13.904,56.73708],[13.88727,56.74129],[13.88608,56.74703],[13.89343,56.75763],[13.90254,56.76098],[13.91909,56.75406],[13.91755,56.74563],[13.92716,56.74908],[13.93261,56.74618],[13.92783,56.7434],[13.93108,56.73985],[13.93558,56.74325],[13.94816,56.73803],[13.9446,56.74656],[13.93969,56.74869],[13.94239,56.75258],[13.93928,56.75873],[13.93234,56.75544],[13.92692,56.7575],[13.92942,56.76847],[13.92355,56.768],[13.9208,56.76601],[13.92392,56.76386],[13.91815,56.76215],[13.90742,56.77193],[13.91234,56.77543],[13.91272,56.78216],[13.93238,56.79011],[13.94483,56.80222],[13.93823,56.8049],[13.94507,56.81175],[13.95044,56.81203],[13.95793,56.80507],[13.96891,56.80109],[13.97084,56.7961],[13.97811,56.79218],[13.97769,56.78881],[13.98837,56.791],[13.98034,56.79501],[13.98178,56.79839],[13.97343,56.8044],[13.98725,56.80419],[13.98713,56.80854],[13.97086,56.80925],[13.96636,56.8196],[13.95766,56.81953],[13.96965,56.82559],[13.99328,56.82749],[13.97021,56.82855],[13.96108,56.82545],[13.9419,56.83343],[13.94466,56.84019],[13.95659,56.84642],[13.96589,56.84585],[13.96939,56.83984],[13.97211,56.84323],[13.97916,56.84441],[13.97583,56.84757],[13.98474,56.85456],[13.97798,56.86293],[13.98328,56.87533],[13.97815,56.87529],[13.97358,56.86739],[13.96529,56.8676],[13.96594,56.86269],[13.95499,56.85993],[13.95226,56.8568],[13.94789,56.85757],[13.94054,56.85448],[13.93941,56.86008],[13.91638,56.84809],[13.90914,56.85056],[13.9082,56.85659],[13.89465,56.85541],[13.88832,56.86161],[13.88296,56.86071],[13.87792,56.86629],[13.8686,56.86087],[13.87557,56.85924],[13.87638,56.85518],[13.8649,56.8562],[13.86274,56.85155],[13.85673,56.85528],[13.86127,56.85778],[13.85461,56.85765],[13.84098,56.85086],[13.84244,56.84083],[13.8172,56.84128],[13.81154,56.83931],[13.80902,56.83266],[13.79904,56.83242],[13.7924,56.83719],[13.79888,56.83733],[13.82218,56.84565],[13.83143,56.85716],[13.82919,56.8591],[13.82092,56.85313],[13.81063,56.85443],[13.80321,56.85941],[13.80155,56.86614],[13.81583,56.86852],[13.79269,56.87447],[13.78865,56.86873],[13.77609,56.86852],[13.77638,56.87937],[13.78356,56.88337],[13.79073,56.88372],[13.78443,56.88815],[13.78663,56.89154],[13.78255,56.89459],[13.77895,56.89112],[13.77027,56.8897],[13.7727,56.88593],[13.75918,56.87611],[13.76427,56.87209],[13.75369,56.86651],[13.75464,56.86091],[13.74543,56.85295],[13.74726,56.84918],[13.76067,56.84281],[13.73208,56.84369],[13.71586,56.83847],[13.69894,56.83881],[13.68872,56.8285],[13.67809,56.82488],[13.68074,56.8174],[13.67185,56.81159],[13.6631,56.81763],[13.64315,56.82381],[13.64596,56.83086],[13.64165,56.8367],[13.65351,56.8489],[13.65311,56.86013],[13.64577,56.86483],[13.66838,56.89174],[13.66364,56.90966],[13.65222,56.91431],[13.65583,56.92108],[13.66713,56.92766],[13.6708,56.94764],[13.68252,56.95702],[13.67913,56.96626],[13.68213,56.96825],[13.68186,56.9837],[13.69373,56.98859],[13.69833,56.9979],[13.70564,57.00218],[13.71799,57.02506],[13.74597,57.04081],[13.73382,57.04987],[13.74313,57.0562],[13.74723,57.06466],[13.75731,57.06628],[13.77259,57.06134],[13.75968,57.05447],[13.75668,57.04904],[13.78639,57.03323],[13.79815,57.03596],[13.8037,57.0502],[13.81469,57.05022],[13.82924,57.04605],[13.82174,57.039],[13.83993,57.02962],[13.83124,57.02336],[13.83742,57.01107],[13.82305,57.0056],[13.82028,56.99982],[13.80805,57.00012],[13.80079,56.99388],[13.80061,56.98349],[13.80828,56.99268],[13.81783,56.99161],[13.81852,56.99433],[13.82598,56.99004],[13.83903,56.98806],[13.84184,56.98465],[13.84864,56.9852],[13.84726,56.98828],[13.83032,56.99528],[13.84404,57.00088],[13.85552,57.00113],[13.85672,57.00685],[13.87575,57.00693],[13.87055,57.01306],[13.87303,57.01757],[13.88053,57.01918],[13.89724,57.01119],[13.91031,57.01285],[13.9159,57.00644],[13.92003,57.00601],[13.92099,57.00845],[13.93627,57.00493],[13.93695,57.00802],[13.91553,57.01907],[13.91902,57.02308],[13.93441,57.02494],[13.91165,57.02872],[13.92381,57.03556],[13.91774,57.03762],[13.91957,57.04248],[13.91222,57.0488],[13.91947,57.06079],[13.92615,57.06134],[13.93102,57.0564],[13.94164,57.0604],[13.93492,57.06097],[13.9376,57.06642],[13.94307,57.0646],[13.94628,57.06926],[13.95368,57.07189],[13.95206,57.07469],[13.95768,57.07633],[13.95122,57.08055],[13.95698,57.08298],[13.96282,57.08151],[13.96418,57.08349],[13.95893,57.0871],[13.94921,57.0844],[13.9458,57.08923],[13.94278,57.08387],[13.93487,57.08086],[13.93651,57.07764],[13.92936,57.07534],[13.89148,57.08343],[13.88833,57.10009],[13.89233,57.10049],[13.89752,57.11207],[13.90353,57.11545],[13.91895,57.11427],[13.92453,57.11741],[13.92083,57.12061],[13.9068,57.12357],[13.92117,57.12636],[13.92242,57.13087],[13.9287,57.13394],[13.93993,57.12947],[13.94927,57.12955],[13.95211,57.13729],[13.94904,57.14738],[13.95212,57.15017],[13.97154,57.1529],[13.9777,57.14677],[13.98022,57.15212],[13.98814,57.1505],[13.99912,57.15494],[14.00669,57.16192],[14.01268,57.16014],[14.01354,57.15688],[14.01052,57.15377],[14.00478,57.15583],[14.00368,57.14866],[13.99502,57.14448],[14.00948,57.14436],[14.00547,57.13997],[14.00757,57.13213],[13.99964,57.12645],[14.00331,57.1241],[14.01427,57.12601],[14.01777,57.13361],[14.02212,57.13526],[14.01855,57.13825],[14.03052,57.13961],[14.03628,57.14653],[14.03363,57.14925],[14.0383,57.15315],[14.03863,57.16052],[14.04986,57.16067],[14.057,57.15413],[14.05681,57.13799],[14.06356,57.13986],[14.06698,57.14775],[14.07283,57.1513],[14.08068,57.15234],[14.09654,57.14544],[14.09798,57.1472],[14.09189,57.15347],[14.09597,57.15835],[14.08817,57.15782],[14.07867,57.1658],[14.07106,57.16698],[14.06389,57.1779],[14.05668,57.17687],[14.0609,57.17367],[14.05282,57.17114],[14.05624,57.16386],[14.04197,57.16637],[14.03366,57.20252],[14.02686,57.21019],[14.02146,57.20909],[14.02286,57.20482],[14.01803,57.20198],[14.01292,57.20432],[14.00932,57.19868],[13.9972,57.20441],[13.99236,57.19939],[13.98468,57.20513],[13.96238,57.21253],[13.95811,57.22016],[13.95336,57.22041],[13.9532,57.21704],[13.94755,57.21572],[13.94955,57.21813],[13.93752,57.22841],[13.92871,57.21992],[13.92601,57.20899],[13.89684,57.19808],[13.8935,57.20192],[13.9058,57.21888],[13.89222,57.21441],[13.88455,57.21981],[13.88726,57.22433],[13.88399,57.2257],[13.8754,57.21721],[13.86317,57.21663],[13.85942,57.22352],[13.86638,57.23285],[13.8492,57.23311],[13.84243,57.2388],[13.83582,57.23341],[13.8398,57.22776],[13.84072,57.21198],[13.82599,57.2143],[13.81681,57.21014],[13.80517,57.21403],[13.80801,57.22346],[13.81447,57.22928],[13.81246,57.236],[13.82567,57.24047],[13.82944,57.24542],[13.8376,57.23988],[13.84303,57.24302],[13.84209,57.24554],[13.83785,57.24438],[13.8361,57.24633],[13.83934,57.2505],[13.8361,57.25475],[13.83813,57.26712],[13.83153,57.26811],[13.83662,57.27111],[13.83589,57.27782],[13.84576,57.27711],[13.84602,57.27969],[13.87056,57.291],[13.87217,57.29494],[13.88121,57.29587],[13.88497,57.30039],[13.87332,57.29973],[13.86037,57.30326],[13.83579,57.29724],[13.83403,57.29277],[13.82484,57.29111],[13.82297,57.30376],[13.81295,57.29805],[13.8067,57.29883],[13.81333,57.28619],[13.80413,57.2821],[13.78701,57.29696],[13.79159,57.30893],[13.7788,57.30081],[13.77529,57.30751],[13.77002,57.30493],[13.76632,57.30686],[13.76506,57.31864],[13.77121,57.32095],[13.76508,57.32594],[13.76916,57.32795],[13.77352,57.32322],[13.77668,57.3283],[13.77131,57.33372],[13.78899,57.3301],[13.79458,57.33121],[13.79294,57.32832],[13.80204,57.3204],[13.80527,57.32296],[13.8106,57.32267],[13.81508,57.3286],[13.83468,57.32417],[13.83894,57.32505],[13.82851,57.33048],[13.82837,57.33497],[13.81391,57.33259],[13.80681,57.33533],[13.80615,57.33981],[13.81247,57.34507],[13.79269,57.33856],[13.78995,57.34303],[13.80142,57.34938],[13.80184,57.35269],[13.78468,57.34929],[13.78309,57.35419],[13.77213,57.35956],[13.76056,57.36001],[13.76245,57.37336],[13.75646,57.37358],[13.75343,57.37103],[13.74575,57.37286],[13.74571,57.38014],[13.75536,57.37919],[13.75879,57.38147],[13.74236,57.39081],[13.7527,57.39264],[13.75823,57.4021],[13.74568,57.40773],[13.73765,57.39939],[13.73371,57.40039],[13.73304,57.40844],[13.7242,57.40484],[13.70716,57.40607],[13.71898,57.42023],[13.71194,57.42051],[13.70837,57.42588],[13.70268,57.42498],[13.69633,57.428],[13.69532,57.43585],[13.70762,57.43984],[13.73128,57.43322],[13.73515,57.43411],[13.7081,57.44834],[13.70192,57.44652],[13.69366,57.45156],[13.69036,57.46388],[13.68543,57.45961],[13.68161,57.4621],[13.69382,57.47626],[13.68448,57.47897],[13.68128,57.47599],[13.6794,57.48069],[13.69281,57.48103],[13.70658,57.49149],[13.69742,57.49483],[13.69665,57.50479],[13.72456,57.51034],[13.72173,57.51291],[13.71203,57.51428],[13.70036,57.51241],[13.70375,57.52718],[13.69306,57.51949],[13.68924,57.52057],[13.6897,57.52949],[13.69519,57.53299],[13.69021,57.55175],[13.67973,57.52258],[13.67391,57.52247],[13.66687,57.52595],[13.66417,57.52473],[13.67078,57.51533],[13.66613,57.50686],[13.66227,57.50541],[13.65428,57.50986],[13.64701,57.50918],[13.66051,57.50118],[13.66181,57.4967],[13.65327,57.49493],[13.64669,57.48945],[13.63758,57.49279],[13.63111,57.48786],[13.61924,57.48473],[13.62091,57.4818],[13.61448,57.47963],[13.60182,57.46784],[13.59978,57.48255],[13.61657,57.48653],[13.60237,57.4897],[13.59241,57.48781],[13.58697,57.49013],[13.58295,57.49753],[13.59529,57.49745],[13.5879,57.49987],[13.58337,57.50567],[13.58003,57.50124],[13.57214,57.49944],[13.57216,57.49572],[13.55728,57.49611],[13.56031,57.49208],[13.55062,57.48972],[13.54198,57.48092],[13.53103,57.47784],[13.52537,57.47932],[13.51877,57.47159],[13.51067,57.46899],[13.49884,57.47157],[13.47658,57.46505],[13.47957,57.47141],[13.4731,57.47343],[13.47176,57.47742],[13.46413,57.47304],[13.46385,57.46413],[13.45342,57.45501],[13.44719,57.45452],[13.43611,57.46],[13.43525,57.46799],[13.41768,57.45654],[13.41288,57.45914],[13.4179,57.46356],[13.41543,57.46633],[13.39903,57.46613],[13.39001,57.4698],[13.40854,57.47502],[13.39281,57.47414],[13.38865,57.47814],[13.37851,57.4785],[13.38073,57.4812],[13.39108,57.48105],[13.39583,57.48565],[13.37417,57.49206],[13.37934,57.4988],[13.37098,57.49637],[13.36665,57.49997],[13.36211,57.49738],[13.35249,57.50062],[13.35143,57.50482],[13.34561,57.5039],[13.3364,57.50841],[13.34108,57.49739],[13.35845,57.49087],[13.34718,57.48343],[13.36279,57.4724],[13.35261,57.46721],[13.36544,57.4657],[13.38097,57.45628],[13.38058,57.45129],[13.38683,57.44735],[13.3787,57.44278],[13.38463,57.43422],[13.39998,57.43448],[13.40088,57.42769],[13.3893,57.4267],[13.38384,57.42059],[13.40321,57.41206],[13.40507,57.4071],[13.38459,57.39781],[13.375,57.39699],[13.34048,57.40126],[13.33273,57.40406],[13.33503,57.40676],[13.32326,57.41404],[13.31587,57.41619],[13.31309,57.41447],[13.32044,57.40727],[13.3203,57.40277],[13.31391,57.39665],[13.3014,57.39529],[13.29098,57.40147],[13.28977,57.41247],[13.29448,57.41738],[13.28676,57.42113],[13.28484,57.41486],[13.28013,57.41276],[13.28588,57.40849],[13.28556,57.39669],[13.27705,57.38977],[13.28939,57.3872],[13.29075,57.37942],[13.28363,57.37694],[13.28348,57.37448],[13.27025,57.37669],[13.26503,57.36889],[13.27477,57.36081],[13.26541,57.35542],[13.25501,57.36103],[13.2279,57.36487],[13.22349,57.36831],[13.23415,57.37899],[13.2539,57.38446],[13.24904,57.38833],[13.2514,57.39341],[13.24182,57.39258],[13.23899,57.3865],[13.22103,57.39229],[13.22957,57.38511],[13.21675,57.37875],[13.20023,57.37641],[13.18093,57.38568],[13.19125,57.38985],[13.19698,57.38951],[13.19681,57.39313],[13.18681,57.39559],[13.17961,57.3938],[13.17653,57.39572],[13.18256,57.40255],[13.19153,57.40268],[13.19337,57.40495],[13.17998,57.40728],[13.17133,57.40351],[13.16698,57.40464],[13.16015,57.41121],[13.16148,57.41572],[13.1511,57.41781],[13.13981,57.43702],[13.13649,57.43388],[13.14123,57.42272],[13.13689,57.4235],[13.13533,57.42095],[13.14532,57.41548],[13.14791,57.40878],[13.13919,57.40135],[13.1429,57.4],[13.15473,57.40249],[13.16058,57.39661],[13.15867,57.39313],[13.1504,57.39302],[13.15042,57.38832],[13.13812,57.38147],[13.13994,57.37974],[13.14821,57.38225],[13.15349,57.3772],[13.14885,57.36443],[13.14274,57.37234],[13.14675,57.37514],[13.14304,57.37656],[13.13619,57.37323],[13.13515,57.36311],[13.12324,57.35717],[13.10854,57.36011],[13.10259,57.36632],[13.09165,57.36532],[13.07594,57.36755],[13.07221,57.36934],[13.07618,57.37289],[13.08378,57.37417],[13.07966,57.38094],[13.09085,57.38062],[13.08699,57.38485],[13.08892,57.39779],[13.06873,57.37951],[13.0691,57.3857],[13.06225,57.39064],[13.05827,57.38728],[13.0631,57.38441],[13.05792,57.37738],[13.04487,57.37353],[13.05192,57.36718],[13.05708,57.37035],[13.05341,57.36121],[13.04783,57.36599],[13.04389,57.35947],[13.02801,57.35038],[13.01884,57.34701],[13.01173,57.34886],[13.00546,57.34474],[12.9967,57.34345],[13.01236,57.33961],[13.02079,57.34227],[13.02275,57.33956],[13.01431,57.33479],[13.00686,57.33811],[13.002,57.32723],[12.99095,57.32509],[13.01889,57.32106],[13.009,57.3154],[12.97734,57.31156],[12.97633,57.30786],[12.98459,57.30505],[12.98554,57.30183],[12.97205,57.30555],[12.97194,57.31116],[12.96543,57.31723],[12.95011,57.31755],[12.94529,57.32477],[12.93952,57.32439],[12.94045,57.3216],[12.93336,57.32008],[12.93007,57.31548],[12.92108,57.31693],[12.92493,57.32219],[12.93741,57.32654],[12.93577,57.32798],[12.92684,57.32671],[12.92576,57.33049],[12.91807,57.33112],[12.91801,57.3246],[12.91345,57.3279],[12.90321,57.32765],[12.89584,57.34529],[12.9047,57.34937],[12.90218,57.35256],[12.88035,57.34369],[12.88887,57.3416],[12.88895,57.32959],[12.87645,57.33219],[12.87255,57.33942],[12.86531,57.3412],[12.86147,57.33348],[12.86324,57.33126],[12.86706,57.33329],[12.86968,57.33189],[12.8648,57.32539],[12.8714,57.3234],[12.8724,57.31963],[12.86674,57.31651],[12.86522,57.30921],[12.84394,57.31437],[12.8298,57.31146],[12.85834,57.30549],[12.85366,57.30053],[12.86469,57.29815],[12.86321,57.29307],[12.84151,57.27473],[12.83065,57.27946],[12.81503,57.28045],[12.79552,57.29471],[12.79142,57.3025],[12.79426,57.3048],[12.80187,57.30409],[12.80222,57.31056],[12.81122,57.31408],[12.81038,57.3173],[12.80264,57.3166],[12.79937,57.31275],[12.78154,57.3071],[12.77752,57.31068],[12.77832,57.31758],[12.76769,57.32378],[12.75641,57.32575],[12.75462,57.32319],[12.76165,57.32276],[12.76864,57.3167],[12.77071,57.30607],[12.76666,57.2987],[12.77046,57.29736],[12.77856,57.30059],[12.78503,57.28498],[12.79295,57.27691],[12.78294,57.27961],[12.76656,57.27604],[12.76321,57.2801],[12.7656,57.2833],[12.76193,57.28401],[12.7552,57.28108],[12.75559,57.27313],[12.75051,57.27566],[12.7421,57.27551],[12.73909,57.26966],[12.74787,57.26944],[12.75155,57.25659],[12.7541,57.26506],[12.76385,57.2695],[12.78147,57.26962],[12.79953,57.26221],[12.80258,57.25159],[12.79835,57.24515],[12.78254,57.24099],[12.78736,57.23616],[12.78178,57.23354],[12.7656,57.23639],[12.7722,57.24558],[12.77812,57.24768],[12.76359,57.2481],[12.76334,57.25792],[12.74667,57.25376],[12.7542,57.24072],[12.74803,57.23567],[12.73204,57.23677],[12.72743,57.24155],[12.72227,57.23769],[12.72605,57.23516],[12.72256,57.23304],[12.72198,57.22137],[12.70821,57.21396],[12.70063,57.21509],[12.69553,57.22216],[12.68781,57.21331],[12.67533,57.22038],[12.66898,57.22047],[12.6883,57.23438],[12.67804,57.237],[12.67209,57.24503],[12.66806,57.24327],[12.66691,57.23688],[12.67174,57.23417],[12.66172,57.22883],[12.65979,57.22248],[12.64925,57.22139],[12.63907,57.21058],[12.63141,57.20896],[12.63877,57.20509],[12.64551,57.20691],[12.65218,57.2052],[12.65074,57.19795],[12.65898,57.19452],[12.66173,57.17955],[12.64192,57.18213],[12.63607,57.17865],[12.62377,57.18494],[12.61283,57.1841],[12.61891,57.17804],[12.62523,57.17837],[12.62796,57.17596],[12.61874,57.17263],[12.63118,57.16816],[12.62547,57.1644],[12.61236,57.16544],[12.61077,57.15458],[12.60238,57.15391],[12.59979,57.16195],[12.60546,57.16346],[12.60711,57.17669],[12.60199,57.1839],[12.60304,57.18757],[12.60779,57.18738],[12.60876,57.19905],[12.60311,57.19719],[12.60418,57.19257],[12.59579,57.18771],[12.58724,57.1879],[12.59055,57.1848],[12.58812,57.17843],[12.57609,57.17666],[12.57583,57.17272],[12.56776,57.16964],[12.58645,57.16169],[12.58098,57.15555],[12.5683,57.15485],[12.56067,57.15946],[12.54688,57.15503],[12.5465,57.16176],[12.53387,57.15449],[12.53351,57.14831],[12.52853,57.1454],[12.48668,57.14548],[12.50238,57.14439],[12.51655,57.13927],[12.53782,57.14554],[12.54232,57.14394],[12.54394,57.13896],[12.55542,57.14312],[12.56101,57.14056],[12.57711,57.14317],[12.58378,57.13801],[12.58351,57.13421],[12.57727,57.13282],[12.57434,57.13618],[12.56985,57.13582],[12.56789,57.1282],[12.55576,57.12431],[12.56165,57.11904],[12.57147,57.12096],[12.57699,57.12732],[12.58623,57.12616],[12.5897,57.1303],[12.60422,57.12539],[12.58767,57.11784],[12.59586,57.11638],[12.59911,57.10872],[12.60799,57.10692],[12.61066,57.1029],[12.62073,57.10043],[12.62132,57.09826],[12.60843,57.1001],[12.60894,57.09423],[12.59607,57.0919],[12.59229,57.09441],[12.59193,57.10198],[12.58728,57.0981],[12.57195,57.09773],[12.56591,57.09937],[12.56348,57.10494],[12.55552,57.10446],[12.56125,57.10162],[12.56223,57.09256],[12.58031,57.09226],[12.58583,57.0886],[12.58038,57.07768],[12.58438,57.07333],[12.57936,57.07113],[12.58105,57.06498],[12.58939,57.07002],[12.59601,57.0686],[12.59497,57.06371],[12.58242,57.05883],[12.57453,57.05959],[12.56477,57.04992],[12.55623,57.05186],[12.55663,57.05655],[12.56102,57.06197],[12.56631,57.05992],[12.57355,57.0654],[12.55731,57.07126],[12.55769,57.06748],[12.55244,57.06892],[12.5433,57.06298],[12.527,57.06],[12.52982,57.05626],[12.52521,57.053],[12.51986,57.05368],[12.52365,57.05614],[12.521,57.05714],[12.49259,57.05805],[12.4998,57.05061],[12.50497,57.05226],[12.51288,57.04764],[12.51771,57.04858],[12.52095,57.0386],[12.50497,57.04734],[12.49571,57.04491],[12.50072,57.04061],[12.48943,57.03818],[12.48655,57.04065],[12.4887,57.04706],[12.47238,57.04449],[12.47157,57.05271],[12.48862,57.05965],[12.48632,57.06438],[12.4624,57.05295],[12.45239,57.05052],[12.43589,57.05072],[12.43216,57.0524],[12.44095,57.05946],[12.41954,57.06724],[12.41938,57.07446],[12.40874,57.07417],[12.41073,57.07899],[12.407,57.08074],[12.39976,57.07731],[12.39428,57.07827],[12.40829,57.08807],[12.39739,57.08534],[12.37842,57.09103],[12.36924,57.08957],[12.36425,57.09319],[12.36326,57.10103],[12.34139,57.1038],[12.33164,57.11019],[12.32818,57.10815],[12.33976,57.09779],[12.33142,57.09418],[12.3361,57.09119],[12.3441,57.09473],[12.34807,57.09341],[12.34211,57.08654],[12.34976,57.08488],[12.34833,57.08246],[12.34182,57.0787],[12.32118,57.07635],[12.31567,57.0812],[12.3217,57.07993],[12.32078,57.08552],[12.32909,57.09188]],[[12.95104,56.43132],[12.92311,56.43465],[12.93841,56.44473],[12.9509,56.44255],[12.95104,56.43132]],[[13.0934,56.53642],[13.08382,56.53482],[13.07196,56.53819],[13.08358,56.53954],[13.0934,56.53642]],[[13.04054,56.58058],[13.06042,56.58595],[13.0621,56.58194],[13.07255,56.57667],[13.04054,56.58058]],[[13.16934,56.62302],[13.17287,56.61675],[13.15324,56.61372],[13.14374,56.62137],[13.15947,56.628],[13.16934,56.62302]],[[13.18364,56.628],[13.19196,56.62942],[13.20263,56.62294],[13.19011,56.61839],[13.18263,56.6204],[13.18074,56.62473],[13.18364,56.628]],[[13.18811,56.64431],[13.19277,56.63951],[13.18655,56.63951],[13.17679,56.63225],[13.17042,56.6359],[13.17473,56.64158],[13.18811,56.64431]],[[12.44946,57.03698],[12.43968,57.04546],[12.46036,57.04827],[12.45594,57.03634],[12.44946,57.03698]],[[12.39567,57.06084],[12.4011,57.05941],[12.40727,57.06202],[12.42199,57.06167],[12.41565,57.05641],[12.4007,57.05716],[12.39629,57.05547],[12.39567,57.06084]],[[13.15497,57.22701],[13.14759,57.22178],[13.15573,57.21684],[13.15281,57.21308],[13.16079,57.2113],[13.15931,57.20735],[13.16786,57.20874],[13.17984,57.22197],[13.1812,57.2189],[13.17303,57.21315],[13.17327,57.20656],[13.16322,57.20147],[13.15181,57.20602],[13.13751,57.21657],[13.14552,57.22685],[13.14463,57.2357],[13.15689,57.24023],[13.15948,57.23767],[13.15219,57.23251],[13.15497,57.22701]],[[12.79603,57.21245],[12.7799,57.21602],[12.78287,57.22148],[12.8012,57.21678],[12.79603,57.21245]],[[12.80375,57.23196],[12.80315,57.23914],[12.81411,57.23923],[12.81368,57.23325],[12.80826,57.22867],[12.79133,57.22598],[12.7876,57.22779],[12.79309,57.23121],[12.80375,57.23196]],[[13.01032,57.24214],[12.99753,57.23155],[12.99274,57.2406],[13.00934,57.24418],[13.01032,57.24214]],[[12.90696,57.28539],[12.911,57.28265],[12.90675,57.27527],[12.91204,57.26586],[12.90824,57.26435],[12.89062,57.27185],[12.891,57.28601],[12.90696,57.28539]],[[13.15642,57.287],[13.16054,57.28149],[13.15762,57.27246],[13.14715,57.26922],[13.14202,57.27504],[13.1479,57.29001],[13.15642,57.287]],[[13.03828,57.27796],[13.02347,57.27379],[13.02341,57.27885],[13.03634,57.28434],[13.03828,57.27796]],[[12.9154,57.29339],[12.91988,57.29676],[12.93179,57.2925],[12.93671,57.28026],[12.92522,57.27572],[12.92098,57.27723],[12.92193,57.28339],[12.9154,57.29339]],[[13.08957,57.30023],[13.09817,57.30625],[13.09947,57.31112],[13.1089,57.31107],[13.11887,57.30727],[13.11948,57.29534],[13.09866,57.29328],[13.09058,57.2807],[13.08508,57.28182],[13.08723,57.29044],[13.08179,57.2933],[13.07948,57.29972],[13.08957,57.30023]],[[12.91278,57.297],[12.90603,57.29716],[12.90758,57.29195],[12.89962,57.29184],[12.89673,57.29954],[12.91485,57.30328],[12.91278,57.297]],[[12.9053,57.31456],[12.91014,57.30851],[12.90168,57.30669],[12.89436,57.30989],[12.9053,57.31456]],[[13.10419,57.32745],[13.10243,57.33005],[13.1202,57.33888],[13.12315,57.33653],[13.1138,57.32844],[13.10419,57.32745]],[[13.19189,57.35032],[13.18299,57.34649],[13.16034,57.34775],[13.16016,57.35484],[13.16579,57.36173],[13.18522,57.36271],[13.188,57.36602],[13.1913,57.36231],[13.18664,57.35712],[13.19189,57.35032]],[[13.16554,57.37015],[13.16124,57.36861],[13.15896,57.37019],[13.16006,57.37751],[13.1647,57.38001],[13.1669,57.37593],[13.16554,57.37015]],[[13.35137,56.617],[13.35095,56.60913],[13.34387,56.60801],[13.33079,56.61139],[13.33025,56.61658],[13.34733,56.61919],[13.35137,56.617]],[[13.59275,56.6209],[13.56866,56.62144],[13.57344,56.62974],[13.58821,56.62985],[13.59275,56.6209]],[[13.23347,56.61702],[13.22629,56.62085],[13.2346,56.62543],[13.22574,56.62833],[13.22797,56.63243],[13.26138,56.63023],[13.25511,56.61891],[13.24565,56.61506],[13.23347,56.61702]],[[13.2851,56.62681],[13.26998,56.62039],[13.27034,56.62369],[13.2825,56.62983],[13.2851,56.62681]],[[13.26008,56.64299],[13.26942,56.6438],[13.26975,56.63658],[13.25783,56.63552],[13.25585,56.63963],[13.26008,56.64299]],[[13.44948,56.64627],[13.46167,56.6493],[13.46239,56.64201],[13.4517,56.64187],[13.44948,56.64627]],[[13.29127,56.63963],[13.28828,56.63994],[13.28667,56.64642],[13.29893,56.65617],[13.32441,56.65651],[13.32912,56.65377],[13.30952,56.64751],[13.30622,56.64391],[13.29733,56.64646],[13.29127,56.63963]],[[13.2447,56.64938],[13.24106,56.64268],[13.22866,56.6425],[13.22871,56.64781],[13.23467,56.65134],[13.23303,56.65728],[13.23966,56.65902],[13.25297,56.65785],[13.25982,56.65296],[13.2447,56.64938]],[[13.47633,56.66303],[13.46701,56.65807],[13.46572,56.66676],[13.47629,56.6703],[13.47633,56.66303]],[[13.33921,56.66782],[13.33418,56.66619],[13.30993,56.66951],[13.31757,56.67846],[13.32962,56.67699],[13.33921,56.66782]],[[13.49176,56.68823],[13.49698,56.68857],[13.49984,56.68514],[13.49564,56.68158],[13.48303,56.68017],[13.49176,56.68823]],[[13.53491,56.69292],[13.54897,56.69667],[13.55645,56.68623],[13.54765,56.68452],[13.53272,56.69003],[13.53491,56.69292]],[[13.17891,57.22953],[13.18357,57.24013],[13.18675,57.24018],[13.18386,57.22457],[13.17891,57.22953]],[[13.58894,57.33083],[13.58097,57.33555],[13.59165,57.33928],[13.60082,57.35286],[13.61439,57.35643],[13.61428,57.34964],[13.60912,57.34397],[13.61443,57.33623],[13.60962,57.33323],[13.60999,57.32095],[13.62092,57.30865],[13.61898,57.2981],[13.61472,57.29763],[13.60366,57.3192],[13.59127,57.32426],[13.58894,57.33083]],[[13.34311,57.34306],[13.34797,57.34183],[13.33222,57.32558],[13.31606,57.32132],[13.29227,57.32139],[13.28578,57.3299],[13.28771,57.33151],[13.31676,57.32879],[13.32526,57.33209],[13.32976,57.33973],[13.34311,57.34306]],[[13.31127,57.33536],[13.30774,57.33859],[13.31544,57.35196],[13.32781,57.35131],[13.33406,57.34788],[13.31925,57.33678],[13.31127,57.33536]],[[13.4313,57.35121],[13.43159,57.34681],[13.41175,57.34486],[13.41042,57.34765],[13.4227,57.35206],[13.4313,57.35121]],[[13.22986,57.34401],[13.22287,57.34886],[13.22451,57.35078],[13.23289,57.34851],[13.23991,57.351],[13.24777,57.34956],[13.24241,57.34207],[13.22986,57.34401]],[[13.42597,57.36062],[13.41119,57.36282],[13.41019,57.368],[13.39457,57.35976],[13.36965,57.35653],[13.36433,57.35345],[13.35706,57.35918],[13.3525,57.35659],[13.34447,57.35901],[13.33629,57.35792],[13.33333,57.36027],[13.34377,57.37445],[13.3346,57.36843],[13.32362,57.36618],[13.32926,57.37369],[13.31274,57.37123],[13.31001,57.374],[13.31485,57.38125],[13.3052,57.38254],[13.30168,57.38558],[13.32695,57.4016],[13.34377,57.39185],[13.33597,57.386],[13.34943,57.3873],[13.35506,57.39172],[13.35854,57.38128],[13.37701,57.38288],[13.37798,57.37068],[13.36384,57.36727],[13.36447,57.36484],[13.38669,57.36761],[13.4026,57.36636],[13.39431,57.37161],[13.40009,57.37616],[13.41025,57.37557],[13.43614,57.36566],[13.43205,57.3621],[13.43678,57.35435],[13.43152,57.35218],[13.42301,57.35693],[13.42597,57.36062]],[[13.39193,57.39047],[13.38087,57.39358],[13.39466,57.39934],[13.40397,57.40063],[13.40859,57.39887],[13.40125,57.39129],[13.39193,57.39047]],[[13.39717,57.44308],[13.3922,57.44966],[13.38401,57.45211],[13.38959,57.45955],[13.40535,57.44824],[13.4021,57.44343],[13.39717,57.44308]],[[13.53818,57.46522],[13.53599,57.46779],[13.54067,57.47669],[13.5525,57.47865],[13.55901,57.48518],[13.56516,57.48146],[13.56056,57.47895],[13.56689,57.47704],[13.5623,57.47446],[13.57464,57.47207],[13.57677,57.46433],[13.57102,57.46483],[13.56872,57.46031],[13.55187,57.46489],[13.54854,57.46345],[13.55771,57.45885],[13.55373,57.45396],[13.56514,57.45521],[13.56833,57.45356],[13.5658,57.44722],[13.5576,57.44165],[13.55254,57.44356],[13.54873,57.43902],[13.54362,57.43981],[13.55055,57.43357],[13.53783,57.43468],[13.54378,57.42907],[13.53526,57.42736],[13.53282,57.42171],[13.53075,57.42955],[13.52246,57.42861],[13.51742,57.42462],[13.50261,57.43048],[13.49753,57.43997],[13.50316,57.44453],[13.5132,57.44514],[13.50947,57.45372],[13.51772,57.45588],[13.51293,57.45835],[13.51806,57.46033],[13.53369,57.46033],[13.53201,57.46304],[13.53818,57.46522]],[[13.69692,56.66104],[13.6846,56.65962],[13.68204,56.66362],[13.69718,56.66813],[13.69692,56.66104]],[[13.63475,56.66723],[13.65208,56.66735],[13.65296,56.67847],[13.66916,56.68183],[13.68737,56.6742],[13.64428,56.65395],[13.63982,56.65727],[13.6352,56.6546],[13.62666,56.66302],[13.63475,56.66723]],[[13.78414,56.69152],[13.77791,56.69492],[13.78494,56.69836],[13.79524,56.69549],[13.78414,56.69152]],[[13.82956,56.7037],[13.82506,56.70464],[13.82609,56.70998],[13.81124,56.70591],[13.81733,56.71523],[13.81838,56.71033],[13.82939,56.71324],[13.83415,56.71202],[13.83587,56.71401],[13.82994,56.71999],[13.81821,56.7224],[13.82012,56.72799],[13.82972,56.73006],[13.83932,56.72246],[13.85129,56.72327],[13.8465,56.70863],[13.84201,56.70536],[13.83787,56.71009],[13.82956,56.7037]],[[13.62894,56.71174],[13.63348,56.71524],[13.6626,56.72312],[13.71288,56.72378],[13.71889,56.73476],[13.72661,56.73821],[13.73854,56.73285],[13.73722,56.72371],[13.74714,56.71483],[13.73174,56.71332],[13.72702,56.71084],[13.73306,56.70079],[13.71953,56.70088],[13.69551,56.71655],[13.675,56.70805],[13.66195,56.71268],[13.64067,56.70814],[13.62894,56.71174]],[[13.85343,56.75516],[13.85131,56.75346],[13.85257,56.74547],[13.84382,56.74197],[13.83616,56.74199],[13.83452,56.74531],[13.84162,56.747],[13.84313,56.75001],[13.84137,56.76341],[13.8563,56.76866],[13.86437,56.76368],[13.86333,56.75598],[13.85755,56.75267],[13.85343,56.75516]],[[13.76418,56.783],[13.7566,56.77358],[13.74571,56.77303],[13.74967,56.78299],[13.75561,56.783],[13.76239,56.78658],[13.76418,56.783]],[[13.75819,56.80535],[13.76521,56.81454],[13.77093,56.80716],[13.7694,56.79928],[13.7787,56.79416],[13.76622,56.79069],[13.76032,56.79133],[13.7629,56.80034],[13.75819,56.80535]],[[13.88967,56.85039],[13.8946,56.85113],[13.90488,56.84729],[13.89388,56.84088],[13.89301,56.83287],[13.86895,56.82395],[13.874,56.83768],[13.8814,56.84133],[13.88002,56.84469],[13.88967,56.85039]],[[13.84136,57.12284],[13.83435,57.11043],[13.83219,57.11987],[13.83803,57.12526],[13.84136,57.12284]],[[13.79294,57.14092],[13.79285,57.13562],[13.78374,57.12932],[13.78377,57.13858],[13.78808,57.14329],[13.79294,57.14092]],[[13.72283,57.24473],[13.71128,57.24679],[13.70823,57.25247],[13.72089,57.25152],[13.72283,57.24473]],[[13.77282,57.25885],[13.76563,57.25523],[13.75434,57.25508],[13.74802,57.25898],[13.75417,57.26496],[13.76642,57.25998],[13.77115,57.26283],[13.77282,57.25885]],[[13.71401,57.27223],[13.71539,57.26263],[13.70815,57.26206],[13.70928,57.27183],[13.71401,57.27223]],[[13.74836,57.26801],[13.73757,57.26475],[13.73412,57.2678],[13.73861,57.27662],[13.7416,57.27265],[13.74636,57.27354],[13.74836,57.26801]],[[13.82112,57.27145],[13.81781,57.27591],[13.82549,57.27879],[13.82637,57.27291],[13.82112,57.27145]],[[13.72925,57.28263],[13.71589,57.28909],[13.71697,57.29907],[13.711,57.30294],[13.7084,57.31412],[13.72068,57.31921],[13.71871,57.31369],[13.73289,57.29727],[13.73816,57.30118],[13.73722,57.3084],[13.73219,57.30877],[13.73397,57.32282],[13.73914,57.32558],[13.74829,57.31988],[13.7559,57.31967],[13.75792,57.30734],[13.77772,57.29294],[13.77094,57.28241],[13.76549,57.28285],[13.75723,57.28937],[13.75375,57.28484],[13.75747,57.27463],[13.74859,57.27665],[13.74167,57.28949],[13.7373,57.28833],[13.73231,57.29043],[13.72925,57.28263]],[[13.69003,57.32888],[13.68828,57.3231],[13.67963,57.31659],[13.67486,57.31634],[13.68115,57.32902],[13.69003,57.32888]],[[13.67385,57.33695],[13.68091,57.34647],[13.69752,57.34318],[13.68494,57.33903],[13.67385,57.33695]],[[13.72654,57.34858],[13.7189,57.33665],[13.71519,57.33892],[13.72149,57.34821],[13.71422,57.35126],[13.71029,57.34921],[13.70015,57.34957],[13.68673,57.35445],[13.69245,57.35777],[13.70275,57.35676],[13.70378,57.36791],[13.71426,57.36909],[13.72199,57.36369],[13.72632,57.35475],[13.72654,57.34858]]],[[[12.37028,57.13677],[12.36654,57.1421],[12.3689,57.14524],[12.35446,57.14494],[12.35828,57.14923],[12.35552,57.1517],[12.34075,57.14521],[12.32663,57.15109],[12.33067,57.15595],[12.33904,57.15816],[12.32775,57.16066],[12.32084,57.15967],[12.31804,57.16439],[12.31427,57.16477],[12.30393,57.15769],[12.31154,57.15701],[12.31813,57.15231],[12.30852,57.14143],[12.29147,57.15427],[12.2925,57.14783],[12.2866,57.14384],[12.27822,57.14415],[12.28234,57.13848],[12.29715,57.13494],[12.30182,57.12991],[12.29646,57.12903],[12.29238,57.13182],[12.28376,57.12966],[12.27369,57.12608],[12.27321,57.12213],[12.2766,57.11996],[12.28402,57.12082],[12.28779,57.11697],[12.29758,57.11634],[12.2983,57.11878],[12.31397,57.11978],[12.31259,57.12621],[12.3314,57.12785],[12.33728,57.1252],[12.33863,57.12073],[12.33042,57.12144],[12.33068,57.11782],[12.3401,57.11648],[12.36059,57.10603],[12.35633,57.11319],[12.36272,57.116],[12.35685,57.11859],[12.38271,57.12524],[12.37514,57.12831],[12.38935,57.12629],[12.39042,57.13137],[12.40652,57.13928],[12.40069,57.14141],[12.3915,57.13616],[12.38721,57.13832],[12.38327,57.13571],[12.37804,57.13834],[12.37028,57.13677]]],[[[12.29662,57.17284],[12.28542,57.17752],[12.28555,57.18981],[12.27283,57.18167],[12.27498,57.17876],[12.26534,57.17635],[12.27982,57.16925],[12.28606,57.17233],[12.29662,57.17284]]]]}},{"type":"Feature","properties":{"fs":"CAR","t":45.0},"geometry":{"type":"MultiPolygon","coordinates":[[[[13.76167,56.75438],[13.77143,56.75663],[13.77465,56.75315],[13.77919,56.75768],[13.79408,56.76359],[13.78996,56.76453],[13.77779,56.76146],[13.75324,56.76192],[13.74118,56.75562],[13.74772,56.75358],[13.74594,56.7509],[13.75099,56.74491],[13.76167,56.75438]]],[[[12.51497,56.94293],[12.51291,56.93156],[12.50364,56.93189],[12.5012,56.92987],[12.50453,56.92615],[12.49554,56.92625],[12.49236,56.93152],[12.47674,56.927],[12.48276,56.9215],[12.50968,56.91378],[12.51378,56.9203],[12.53501,56.9236],[12.51426,56.92662],[12.52028,56.92882],[12.52984,56.92787],[12.53367,56.93024],[12.53198,56.93315],[12.53953,56.93281],[12.54243,56.93561],[12.52706,56.93895],[12.5322,56.94271],[12.52796,56.9467],[12.5207,56.94381],[12.52025,56.94079],[12.51497,56.94293]]],[[[12.56128,56.88697],[12.56084,56.87783],[12.56491,56.88044],[12.57782,56.88104],[12.58667,56.87637],[12.58294,56.87328],[12.58724,56.86627],[12.59621,56.8663],[12.60374,56.8628],[12.61087,56.8656],[12.61658,56.86445],[12.62032,56.87624],[12.62465,56.87668],[12.62852,56.87427],[12.6256,56.87178],[12.62849,56.86257],[12.63204,56.86123],[12.63649,56.86384],[12.64496,56.86162],[12.63721,56.85843],[12.64948,56.85496],[12.6531,56.85039],[12.66084,56.85981],[12.66451,56.85632],[12.67674,56.85336],[12.66644,56.85008],[12.66946,56.8427],[12.68131,56.84997],[12.69873,56.84761],[12.72512,56.82912],[12.72428,56.82686],[12.71988,56.82678],[12.71218,56.83548],[12.69667,56.83351],[12.70477,56.831],[12.70293,56.82759],[12.7202,56.82159],[12.72093,56.80531],[12.71596,56.80288],[12.70889,56.80762],[12.70274,56.80133],[12.70067,56.80522],[12.69461,56.79627],[12.68279,56.79282],[12.68687,56.78896],[12.67868,56.78488],[12.68337,56.78342],[12.6944,56.78713],[12.71051,56.78315],[12.71074,56.77508],[12.71819,56.7788],[12.72167,56.77626],[12.72875,56.77756],[12.74022,56.774],[12.74802,56.77604],[12.7541,56.77273],[12.74865,56.76566],[12.73986,56.77149],[12.73241,56.77056],[12.73355,56.76581],[12.72355,56.75636],[12.73689,56.76123],[12.74367,56.75906],[12.72624,56.7514],[12.7206,56.75172],[12.71552,56.74273],[12.70171,56.74297],[12.71115,56.73891],[12.70268,56.73533],[12.71002,56.73238],[12.72398,56.73806],[12.73541,56.73495],[12.74162,56.74006],[12.76107,56.74157],[12.74665,56.74355],[12.75727,56.74798],[12.76184,56.74806],[12.76639,56.74239],[12.77071,56.7485],[12.7866,56.75071],[12.78963,56.75415],[12.80954,56.75175],[12.80482,56.74511],[12.82254,56.73468],[12.80849,56.72151],[12.78772,56.72508],[12.77655,56.72186],[12.78128,56.71949],[12.77665,56.7114],[12.7715,56.71215],[12.76808,56.70956],[12.77413,56.70518],[12.76204,56.69948],[12.75339,56.69905],[12.75977,56.69481],[12.75844,56.69141],[12.76354,56.69151],[12.77171,56.70004],[12.79522,56.70822],[12.80509,56.70755],[12.81413,56.70134],[12.81862,56.7024],[12.81823,56.70774],[12.8234,56.70432],[12.82631,56.69149],[12.84199,56.68503],[12.8363,56.67313],[12.84227,56.67127],[12.86237,56.67653],[12.86766,56.66272],[12.87831,56.65631],[12.87251,56.65523],[12.90812,56.64407],[12.91146,56.63886],[12.91791,56.64076],[12.91056,56.64464],[12.91514,56.64485],[12.91846,56.64926],[12.9093,56.6675],[12.9219,56.67473],[12.93481,56.67663],[12.93748,56.67906],[12.94391,56.67819],[12.95704,56.68528],[12.96973,56.6856],[12.97369,56.69005],[12.98112,56.68497],[12.98547,56.69038],[13.00471,56.6956],[13.001,56.69828],[12.98068,56.69648],[12.97156,56.69998],[12.96911,56.70514],[12.97193,56.70975],[12.97986,56.70857],[12.9899,56.71502],[12.99506,56.72353],[12.98708,56.72467],[12.98758,56.72727],[13.00229,56.73164],[13.02589,56.73101],[13.02476,56.71975],[13.032,56.72159],[13.03053,56.7241],[13.03635,56.73009],[13.04068,56.72791],[13.04978,56.72882],[13.049,56.72242],[13.05473,56.72532],[13.06635,56.72283],[13.05807,56.71498],[13.05883,56.71008],[13.04496,56.71674],[13.03836,56.71102],[13.03334,56.71431],[13.02436,56.70532],[13.04349,56.70563],[13.05201,56.70225],[13.05468,56.6978],[13.05928,56.70145],[13.07542,56.70016],[13.08371,56.70288],[13.07967,56.69692],[13.07356,56.69669],[13.07219,56.69161],[13.06651,56.68984],[13.06899,56.68623],[13.07873,56.68862],[13.07861,56.69115],[13.08692,56.695],[13.09593,56.6917],[13.09387,56.69878],[13.11022,56.69837],[13.10474,56.69583],[13.10497,56.69127],[13.11258,56.69209],[13.11081,56.68673],[13.117,56.68542],[13.12235,56.6803],[13.12786,56.68235],[13.12252,56.68719],[13.12984,56.69393],[13.12837,56.69787],[13.13474,56.69804],[13.14065,56.70248],[13.1487,56.69699],[13.15649,56.70721],[13.16497,56.70172],[13.16835,56.70743],[13.17715,56.70756],[13.18508,56.70187],[13.1949,56.69935],[13.18578,56.69799],[13.17674,56.70021],[13.17313,56.6958],[13.16257,56.69256],[13.14861,56.69361],[13.14511,56.6857],[13.15321,56.68835],[13.16513,56.68719],[13.16963,56.68382],[13.17414,56.68711],[13.20033,56.69269],[13.19737,56.6852],[13.20965,56.68805],[13.21517,56.68448],[13.21799,56.69154],[13.22688,56.68689],[13.23947,56.69587],[13.23044,56.69799],[13.23455,56.70286],[13.22658,56.70233],[13.22494,56.70461],[13.23737,56.70538],[13.24346,56.70232],[13.24447,56.69367],[13.24078,56.68961],[13.2445,56.68644],[13.23985,56.6823],[13.24326,56.68038],[13.25984,56.69311],[13.26123,56.69801],[13.27011,56.70098],[13.28817,56.69687],[13.29152,56.69229],[13.29942,56.69913],[13.30816,56.69476],[13.31117,56.70168],[13.3217,56.70596],[13.31897,56.71278],[13.33968,56.71793],[13.3398,56.71512],[13.32701,56.70709],[13.32159,56.69695],[13.34016,56.69252],[13.34363,56.69475],[13.33528,56.69892],[13.33922,56.70229],[13.35483,56.70727],[13.36384,56.70547],[13.36729,56.70145],[13.36557,56.69202],[13.35336,56.69396],[13.34579,56.69211],[13.36887,56.6816],[13.3693,56.67171],[13.37846,56.66509],[13.38397,56.6705],[13.37611,56.6725],[13.37693,56.67714],[13.38972,56.68812],[13.39943,56.69077],[13.38064,56.69263],[13.3865,56.70282],[13.38164,56.7109],[13.39313,56.71278],[13.40005,56.70622],[13.41428,56.70163],[13.42305,56.71157],[13.40999,56.70958],[13.40635,56.71539],[13.41385,56.71988],[13.41508,56.72712],[13.42027,56.72916],[13.42892,56.73004],[13.43644,56.72732],[13.43825,56.71752],[13.44881,56.71842],[13.44213,56.72255],[13.44986,56.73021],[13.45806,56.71692],[13.46386,56.72509],[13.45833,56.729],[13.46065,56.73483],[13.48629,56.72934],[13.48337,56.73506],[13.50199,56.74217],[13.50625,56.73801],[13.50077,56.7345],[13.50594,56.73281],[13.51497,56.74359],[13.51998,56.74182],[13.52062,56.732],[13.52763,56.72675],[13.53342,56.74419],[13.55238,56.7474],[13.55465,56.74153],[13.57335,56.73336],[13.56312,56.73025],[13.55107,56.73489],[13.55068,56.73179],[13.55989,56.72479],[13.56852,56.72615],[13.5761,56.72142],[13.58037,56.72624],[13.57925,56.71921],[13.58967,56.71595],[13.59011,56.70866],[13.59373,56.7073],[13.6027,56.71341],[13.5998,56.71803],[13.61288,56.72801],[13.60451,56.73325],[13.60399,56.72679],[13.6004,56.72534],[13.59759,56.72728],[13.5937,56.73453],[13.60019,56.73966],[13.59147,56.74254],[13.59551,56.74959],[13.60474,56.7409],[13.61947,56.7504],[13.6237,56.74982],[13.62572,56.7471],[13.6172,56.74256],[13.62044,56.73792],[13.62621,56.74079],[13.62757,56.73828],[13.63229,56.73861],[13.64067,56.74355],[13.64163,56.74991],[13.64606,56.74996],[13.6529,56.7408],[13.63026,56.72752],[13.63386,56.72684],[13.66112,56.73612],[13.66729,56.73478],[13.67643,56.73642],[13.67481,56.73904],[13.68341,56.74134],[13.68161,56.74532],[13.68933,56.74007],[13.69476,56.73086],[13.69933,56.73905],[13.69466,56.74833],[13.70261,56.75144],[13.71488,56.7473],[13.73702,56.75404],[13.71795,56.76596],[13.70664,56.76411],[13.71318,56.75972],[13.69731,56.75868],[13.69253,56.76748],[13.68038,56.7658],[13.68632,56.77513],[13.69848,56.77105],[13.70194,56.76715],[13.70176,56.7722],[13.69284,56.77885],[13.70793,56.78624],[13.70211,56.79172],[13.69732,56.78957],[13.69745,56.78601],[13.68403,56.78213],[13.67378,56.78258],[13.67134,56.77939],[13.67626,56.77755],[13.67029,56.77047],[13.66029,56.76643],[13.64062,56.76601],[13.63025,56.76994],[13.643,56.77439],[13.62984,56.7814],[13.63451,56.78651],[13.64354,56.78689],[13.64942,56.79467],[13.64586,56.80172],[13.65657,56.80633],[13.64192,56.80788],[13.63794,56.81196],[13.62449,56.8104],[13.61814,56.81904],[13.62677,56.83027],[13.61814,56.83294],[13.61925,56.83758],[13.61152,56.84115],[13.60904,56.84589],[13.61306,56.8479],[13.62915,56.84583],[13.63388,56.84827],[13.63647,56.85574],[13.62651,56.86181],[13.64071,56.87656],[13.64458,56.89008],[13.65274,56.89859],[13.63969,56.90468],[13.61214,56.9004],[13.60598,56.89586],[13.60133,56.8978],[13.61383,56.90517],[13.62695,56.90592],[13.64936,56.91407],[13.65102,56.92487],[13.66436,56.93248],[13.6669,56.9476],[13.67806,56.95895],[13.68044,56.97526],[13.67628,56.98202],[13.67792,56.99065],[13.6712,56.99544],[13.67232,57.001],[13.68471,56.99615],[13.70482,57.00219],[13.71348,57.01996],[13.72857,57.03752],[13.72141,57.04349],[13.71232,57.04578],[13.71852,57.05202],[13.71423,57.05878],[13.71558,57.06434],[13.72037,57.06131],[13.72666,57.06839],[13.72054,57.07647],[13.73845,57.08025],[13.74826,57.07619],[13.76051,57.07968],[13.77407,57.07911],[13.76458,57.08533],[13.75281,57.08255],[13.73977,57.08691],[13.74051,57.09057],[13.73298,57.09698],[13.74904,57.10273],[13.75614,57.09985],[13.75846,57.10633],[13.77508,57.11077],[13.75498,57.11004],[13.75124,57.11412],[13.75533,57.11332],[13.75595,57.11585],[13.75077,57.12029],[13.74375,57.11418],[13.72106,57.10637],[13.70047,57.10499],[13.69576,57.11402],[13.70236,57.1198],[13.68918,57.12518],[13.69652,57.12662],[13.70205,57.12359],[13.70893,57.12366],[13.72599,57.13169],[13.72577,57.1344],[13.71559,57.13397],[13.71622,57.13931],[13.72193,57.14092],[13.73699,57.1537],[13.74571,57.15351],[13.73987,57.1601],[13.74794,57.16574],[13.75496,57.16469],[13.75781,57.16051],[13.76199,57.16308],[13.75928,57.1667],[13.77997,57.16606],[13.79497,57.16171],[13.79889,57.16456],[13.7831,57.16918],[13.77849,57.17306],[13.77155,57.17089],[13.76076,57.18047],[13.7541,57.18251],[13.76373,57.18836],[13.76157,57.19087],[13.75273,57.18867],[13.74631,57.1836],[13.7363,57.18528],[13.73563,57.18212],[13.72783,57.17979],[13.71052,57.1794],[13.71431,57.1845],[13.71243,57.18876],[13.7181,57.19183],[13.71074,57.19527],[13.69126,57.19521],[13.67243,57.20371],[13.67673,57.20643],[13.66961,57.21014],[13.66057,57.20976],[13.65999,57.20421],[13.6647,57.19914],[13.6522,57.19798],[13.6491,57.19078],[13.63847,57.1917],[13.62532,57.18379],[13.61671,57.1858],[13.61866,57.19246],[13.61223,57.20517],[13.61983,57.20609],[13.62053,57.21045],[13.63179,57.21844],[13.62602,57.22062],[13.61668,57.21434],[13.59967,57.2091],[13.59008,57.21292],[13.5869,57.21836],[13.59473,57.21985],[13.5967,57.22254],[13.58494,57.22566],[13.60506,57.24112],[13.5968,57.245],[13.59915,57.25121],[13.59339,57.25002],[13.58707,57.2376],[13.57257,57.23771],[13.56828,57.23465],[13.55576,57.23724],[13.55219,57.24225],[13.55704,57.24624],[13.54712,57.24612],[13.54531,57.24943],[13.54921,57.25221],[13.54363,57.25591],[13.53909,57.25277],[13.53703,57.26502],[13.53324,57.26743],[13.53609,57.26977],[13.53256,57.27291],[13.53386,57.28022],[13.53655,57.28607],[13.55401,57.29513],[13.54575,57.30394],[13.54605,57.31406],[13.55744,57.32829],[13.55417,57.33326],[13.55694,57.33936],[13.56551,57.34204],[13.53556,57.3516],[13.5287,57.35091],[13.53035,57.34855],[13.52162,57.3462],[13.53884,57.34408],[13.53471,57.34179],[13.53536,57.33597],[13.52626,57.33418],[13.50935,57.34142],[13.5033,57.34121],[13.50147,57.3388],[13.50242,57.33614],[13.51012,57.33511],[13.50637,57.3317],[13.52546,57.3282],[13.51267,57.32339],[13.53871,57.3212],[13.53863,57.31228],[13.52976,57.30502],[13.52401,57.30612],[13.51614,57.30191],[13.50493,57.30319],[13.50795,57.31501],[13.48477,57.30786],[13.47736,57.31128],[13.47173,57.30952],[13.47269,57.30504],[13.4637,57.30304],[13.47621,57.30153],[13.47652,57.29828],[13.46603,57.29691],[13.4667,57.29192],[13.45925,57.2886],[13.45041,57.29523],[13.4471,57.29079],[13.44221,57.29288],[13.43501,57.28839],[13.42658,57.28714],[13.41771,57.29285],[13.43224,57.29865],[13.427,57.29999],[13.4105,57.29782],[13.40187,57.29331],[13.40592,57.2898],[13.38941,57.28632],[13.39202,57.28139],[13.38593,57.27855],[13.36895,57.28135],[13.37409,57.27667],[13.365,57.27112],[13.35396,57.27472],[13.35983,57.28256],[13.3558,57.2915],[13.35162,57.29214],[13.34406,57.28552],[13.34692,57.28146],[13.33346,57.28088],[13.342,57.27559],[13.32389,57.27198],[13.32676,57.26631],[13.33368,57.26472],[13.33719,57.2558],[13.32055,57.24751],[13.30542,57.25566],[13.30354,57.2609],[13.29407,57.25839],[13.28027,57.26171],[13.28263,57.26487],[13.26918,57.26296],[13.26149,57.26812],[13.25096,57.2679],[13.24726,57.27304],[13.2508,57.27478],[13.269,57.26815],[13.27796,57.27038],[13.27843,57.2734],[13.26954,57.27321],[13.25351,57.28338],[13.24811,57.28246],[13.2476,57.29046],[13.23872,57.28907],[13.22245,57.29315],[13.22177,57.29641],[13.23358,57.30612],[13.22923,57.31027],[13.22619,57.30434],[13.21471,57.29772],[13.20942,57.30241],[13.20646,57.29657],[13.19011,57.29687],[13.19804,57.29383],[13.20081,57.28488],[13.21269,57.27504],[13.22144,57.27507],[13.21182,57.2637],[13.21898,57.25762],[13.22455,57.25756],[13.22414,57.25269],[13.2002,57.24655],[13.19994,57.23889],[13.19485,57.23538],[13.2,57.22984],[13.18895,57.22013],[13.19097,57.21588],[13.17966,57.21448],[13.17574,57.2065],[13.15974,57.19967],[13.15423,57.18399],[13.14552,57.17903],[13.14449,57.18298],[13.15003,57.18608],[13.14511,57.19478],[13.14935,57.19955],[13.14749,57.20661],[13.13767,57.21061],[13.12763,57.21979],[13.13377,57.22382],[13.13112,57.22771],[13.12171,57.23459],[13.11606,57.23366],[13.10819,57.23902],[13.10565,57.24474],[13.11985,57.25078],[13.11301,57.25278],[13.09163,57.24382],[13.06987,57.24566],[13.08008,57.24094],[13.08303,57.23653],[13.09362,57.23711],[13.08877,57.23063],[13.07885,57.23225],[13.07547,57.2308],[13.07973,57.22525],[13.07353,57.2201],[13.08289,57.21421],[13.06403,57.20872],[13.06465,57.20031],[13.04868,57.19157],[13.04276,57.18186],[13.03112,57.17578],[13.02881,57.17785],[13.03479,57.17963],[13.038,57.18452],[13.0277,57.19145],[13.03516,57.19704],[13.04245,57.19617],[13.04999,57.20022],[13.04505,57.20078],[13.04069,57.20499],[13.0356,57.2212],[13.0318,57.20429],[13.02244,57.19785],[13.01501,57.19663],[13.00312,57.20356],[12.99879,57.19366],[12.9922,57.1899],[12.98776,57.19355],[12.97645,57.19218],[12.97604,57.19512],[12.96942,57.19543],[12.96708,57.19933],[12.98552,57.20622],[12.97143,57.20843],[12.96873,57.21508],[12.97447,57.22844],[12.96844,57.2322],[12.96157,57.22598],[12.95935,57.22101],[12.96413,57.21879],[12.95843,57.21421],[12.94754,57.20996],[12.93981,57.21236],[12.93743,57.20793],[12.94419,57.2051],[12.93966,57.20267],[12.92215,57.2014],[12.93275,57.19441],[12.91258,57.18762],[12.91813,57.18268],[12.91396,57.18147],[12.90691,57.18542],[12.91616,57.19737],[12.91627,57.20692],[12.91114,57.20852],[12.90746,57.19891],[12.90273,57.19705],[12.90373,57.20446],[12.89636,57.20897],[12.8983,57.21139],[12.87929,57.21121],[12.87361,57.21547],[12.86458,57.21714],[12.86232,57.22047],[12.85835,57.21977],[12.86609,57.2112],[12.87967,57.20462],[12.87243,57.19334],[12.87934,57.18552],[12.86739,57.18202],[12.85917,57.18546],[12.85562,57.18203],[12.85048,57.18222],[12.85487,57.1771],[12.8239,57.16969],[12.82403,57.16744],[12.83293,57.16563],[12.83503,57.16061],[12.82494,57.14977],[12.82904,57.14815],[12.84986,57.16322],[12.84472,57.16376],[12.84605,57.16569],[12.85564,57.16912],[12.86408,57.16317],[12.87924,57.16249],[12.87448,57.15455],[12.88767,57.15288],[12.88059,57.15009],[12.88197,57.14415],[12.86888,57.14715],[12.86787,57.14068],[12.8496,57.12913],[12.83839,57.13399],[12.83205,57.14315],[12.82721,57.14419],[12.82808,57.12925],[12.83475,57.12825],[12.8393,57.12278],[12.82426,57.12392],[12.82174,57.11847],[12.81635,57.11803],[12.81839,57.11399],[12.81322,57.11643],[12.80602,57.11378],[12.80092,57.11706],[12.79339,57.11355],[12.78931,57.11699],[12.78024,57.11767],[12.77185,57.12188],[12.764,57.13009],[12.74625,57.13153],[12.75554,57.12397],[12.76309,57.12172],[12.77172,57.10615],[12.76975,57.10312],[12.75645,57.09921],[12.74843,57.10166],[12.75225,57.09401],[12.73973,57.09203],[12.74537,57.08827],[12.73601,57.08529],[12.73596,57.08045],[12.74979,57.08348],[12.76128,57.09398],[12.76912,57.09431],[12.77432,57.09159],[12.77927,57.09505],[12.7823,57.09174],[12.77999,57.0872],[12.79244,57.08616],[12.78713,57.08003],[12.79681,57.07075],[12.78614,57.06484],[12.78797,57.05719],[12.78305,57.05661],[12.76541,57.03819],[12.75927,57.03741],[12.74517,57.02782],[12.73728,57.02852],[12.73253,57.02612],[12.70712,57.03118],[12.69584,57.0303],[12.67675,57.02256],[12.66975,57.02342],[12.66539,57.01491],[12.6733,57.0119],[12.66469,57.00968],[12.67,57.00704],[12.67059,57.00041],[12.66499,56.99656],[12.65123,56.99452],[12.6468,56.99139],[12.64892,56.98835],[12.64301,56.99034],[12.64173,57.00099],[12.6348,57.00619],[12.62397,56.99841],[12.62854,56.99526],[12.62045,56.99314],[12.62523,56.99071],[12.61997,56.98443],[12.60349,56.98285],[12.60003,56.98657],[12.59499,56.98493],[12.59066,56.98639],[12.59561,56.97736],[12.6013,56.97888],[12.61952,56.97539],[12.60544,56.97044],[12.61627,56.96999],[12.61795,56.96384],[12.60219,56.95699],[12.61149,56.95429],[12.60578,56.94919],[12.60867,56.94419],[12.61776,56.95062],[12.61853,56.95463],[12.62685,56.95451],[12.62306,56.96019],[12.64245,56.96655],[12.63442,56.96146],[12.63631,56.94577],[12.62185,56.93682],[12.62152,56.92776],[12.576,56.9108],[12.56678,56.91277],[12.55974,56.90504],[12.54437,56.90616],[12.52918,56.90293],[12.52198,56.90515],[12.52047,56.90077],[12.51333,56.89887],[12.51887,56.89582],[12.52956,56.89716],[12.54452,56.8905],[12.56128,56.88697]],[[12.87499,56.68503],[12.86115,56.68016],[12.86108,56.68143],[12.87127,56.68839],[12.87636,56.68787],[12.87499,56.68503]],[[12.91986,56.67947],[12.90046,56.67416],[12.89498,56.68179],[12.91216,56.68959],[12.90638,56.69259],[12.89412,56.68971],[12.89881,56.69555],[12.91714,56.70091],[12.92093,56.69704],[12.91626,56.6891],[12.92406,56.68432],[12.91817,56.68239],[12.91986,56.67947]],[[12.84034,56.69834],[12.83392,56.70118],[12.84522,56.70895],[12.84887,56.70761],[12.84504,56.70312],[12.84775,56.70043],[12.84505,56.69631],[12.84966,56.69373],[12.8468,56.69017],[12.85464,56.68468],[12.84901,56.68272],[12.83963,56.6906],[12.84034,56.69834]],[[13.12687,56.70227],[13.13125,56.70664],[13.14006,56.70654],[13.14021,56.7035],[13.12687,56.70227]],[[13.22898,56.7282],[13.21698,56.73168],[13.20688,56.72648],[13.19668,56.729],[13.19988,56.73401],[13.20856,56.73427],[13.21544,56.73727],[13.22014,56.73506],[13.23175,56.7375],[13.2337,56.73617],[13.22898,56.7282]],[[13.31064,56.74393],[13.31044,56.74832],[13.32204,56.757],[13.32768,56.7553],[13.31064,56.74393]],[[13.04414,56.74481],[13.02473,56.7519],[13.01871,56.74974],[13.01875,56.74416],[13.00246,56.7478],[13.01481,56.75348],[13.03526,56.75576],[13.04809,56.75114],[13.04414,56.74481]],[[12.76951,56.78885],[12.78841,56.78947],[12.78442,56.77725],[12.76951,56.78885]],[[12.70131,56.78712],[12.70261,56.79241],[12.71394,56.79395],[12.71076,56.7873],[12.70131,56.78712]],[[12.7983,56.82589],[12.80457,56.83258],[12.81381,56.83211],[12.80674,56.82604],[12.7983,56.82589]],[[12.82697,56.83757],[12.83518,56.83319],[12.83654,56.8265],[12.82076,56.81393],[12.81903,56.82167],[12.82747,56.82786],[12.82788,56.8324],[12.82134,56.84362],[12.82555,56.84902],[12.82697,56.83757]],[[12.80475,56.84108],[12.79113,56.83459],[12.78537,56.82866],[12.78444,56.8351],[12.77695,56.83834],[12.79249,56.84844],[12.80181,56.84608],[12.80475,56.84108]],[[12.65146,56.87852],[12.64151,56.87966],[12.64063,56.88564],[12.64687,56.88533],[12.65818,56.89155],[12.6663,56.89024],[12.67633,56.89312],[12.67137,56.8821],[12.65627,56.88163],[12.66457,56.87729],[12.66321,56.87446],[12.65638,56.87306],[12.65146,56.87852]],[[12.68194,57.0096],[12.6893,57.01536],[12.68442,57.01723],[12.67715,57.01611],[12.67413,57.01915],[12.69412,57.0248],[12.70823,57.0256],[12.70985,57.02303],[12.69734,57.01431],[12.70366,57.00783],[12.71242,57.00455],[12.69349,56.9983],[12.68567,57.00338],[12.69427,57.00569],[12.68194,57.0096]],[[12.79594,57.06193],[12.81142,57.06164],[12.81057,57.05853],[12.82096,57.05858],[12.83631,57.04669],[12.81827,57.03761],[12.81407,57.04287],[12.82109,57.04608],[12.81238,57.04958],[12.81475,57.05313],[12.80774,57.05399],[12.80038,57.05063],[12.80091,57.04545],[12.79459,57.04119],[12.80131,57.03857],[12.80321,57.03187],[12.78538,57.0272],[12.7846,57.0366],[12.77979,57.03878],[12.78257,57.044],[12.78928,57.04384],[12.79172,57.05048],[12.79869,57.05243],[12.79696,57.05549],[12.78956,57.05648],[12.79594,57.06193]],[[13.1002,57.19973],[13.0944,57.19178],[13.09509,57.20358],[13.11048,57.20611],[13.10524,57.21237],[13.10888,57.21706],[13.11408,57.21671],[13.11772,57.2062],[13.1002,57.19973]],[[13.28947,57.24569],[13.30262,57.24839],[13.3047,57.24131],[13.28938,57.24204],[13.28947,57.24569]],[[13.40723,56.74618],[13.41134,56.74413],[13.40342,56.74108],[13.40228,56.73581],[13.39658,56.73377],[13.38755,56.73297],[13.38763,56.7399],[13.39556,56.74562],[13.40723,56.74618]],[[13.49614,56.75445],[13.50589,56.76412],[13.51396,56.76702],[13.52845,56.76471],[13.51714,56.75751],[13.49614,56.75445]],[[13.62145,56.75913],[13.60854,56.76267],[13.61617,56.76349],[13.6253,56.76556],[13.62547,56.76093],[13.62145,56.75913]],[[13.47856,56.75297],[13.46572,56.75461],[13.48355,56.77304],[13.4983,56.77062],[13.48902,56.75977],[13.47856,56.75297]],[[13.42538,56.78418],[13.43491,56.78964],[13.44247,56.78538],[13.44131,56.78045],[13.45241,56.77279],[13.45229,56.7643],[13.4499,56.77045],[13.44398,56.77347],[13.4279,56.76231],[13.42897,56.76556],[13.4197,56.77063],[13.42675,56.7769],[13.42538,56.78418]],[[13.53873,56.78949],[13.52088,56.77721],[13.50687,56.78673],[13.52672,56.80218],[13.53335,56.79856],[13.53873,56.78949]],[[13.65901,57.08144],[13.65325,57.0839],[13.66302,57.08937],[13.66519,57.08516],[13.65901,57.08144]],[[13.7125,57.08537],[13.6993,57.09422],[13.72104,57.09676],[13.72314,57.09081],[13.7125,57.08537]],[[13.65663,57.12591],[13.65691,57.12051],[13.6485,57.11755],[13.62265,57.11988],[13.63922,57.12896],[13.64503,57.12556],[13.65663,57.12591]],[[13.69623,57.13733],[13.67938,57.1394],[13.68756,57.13436],[13.67274,57.13002],[13.66468,57.134],[13.66361,57.13975],[13.65576,57.14268],[13.64755,57.14119],[13.64389,57.14262],[13.66695,57.14764],[13.68844,57.14225],[13.69623,57.13733]],[[13.72416,57.15877],[13.72669,57.15255],[13.72369,57.14978],[13.69794,57.14755],[13.70592,57.15577],[13.73011,57.16603],[13.73103,57.15781],[13.72416,57.15877]],[[13.69295,57.15234],[13.68055,57.15481],[13.68431,57.158],[13.69246,57.15657],[13.70072,57.16393],[13.7072,57.16358],[13.69295,57.15234]],[[13.66281,57.15483],[13.6482,57.15186],[13.64694,57.15796],[13.64063,57.16098],[13.64665,57.166],[13.66281,57.15483]],[[13.50474,57.18012],[13.50142,57.18652],[13.51353,57.18635],[13.52233,57.18182],[13.50474,57.18012]],[[13.6863,57.18084],[13.67757,57.1829],[13.67683,57.18439],[13.69005,57.19056],[13.69465,57.18223],[13.6863,57.18084]],[[13.58645,57.20418],[13.58917,57.20056],[13.58124,57.19174],[13.57824,57.19117],[13.58645,57.20418]],[[13.54331,57.21463],[13.54667,57.21159],[13.55641,57.2138],[13.55345,57.21026],[13.55696,57.2049],[13.5328,57.19605],[13.51662,57.2029],[13.49331,57.20681],[13.49757,57.21859],[13.51293,57.22719],[13.51664,57.22696],[13.52432,57.21399],[13.53,57.21448],[13.53475,57.21847],[13.53236,57.22672],[13.56051,57.2248],[13.54556,57.21831],[13.54331,57.21463]]],[[[13.57757,57.29589],[13.59052,57.29968],[13.58739,57.30358],[13.57561,57.29979],[13.57757,57.29589]]],[[[13.56853,57.35236],[13.5718,57.35529],[13.56785,57.35923],[13.58382,57.36278],[13.57282,57.36497],[13.57596,57.37448],[13.56455,57.36382],[13.55521,57.36357],[13.5552,57.3506],[13.56853,57.35236]]]]}},{"type":"Feature","properties":{"fs":"CAR","t":30.0},"geometry":{"type":"Polygon","coordinates":[[[12.89204,56.888],[12.93269,56.90593],[12.92443,56.89592],[12.92741,56.8853],[12.91115,56.86874],[12.91302,56.86746],[12.93323,56.87753],[12.94314,56.87919],[12.94538,56.88499],[12.96807,56.8867],[12.96332,56.88154],[12.95538,56.88197],[12.95026,56.87847],[12.94754,56.86682],[12.94396,56.86891],[12.93863,56.86798],[12.93316,56.85872],[12.91616,56.85254],[12.9119,56.84144],[12.89607,56.84279],[12.88706,56.83899],[12.88352,56.83289],[12.87832,56.83589],[12.87809,56.84291],[12.8709,56.85065],[12.86495,56.85167],[12.87332,56.83159],[12.87171,56.8296],[12.86395,56.83101],[12.8619,56.8288],[12.87109,56.82482],[12.87302,56.81783],[12.86146,56.81847],[12.85859,56.80607],[12.86172,56.805],[12.87404,56.81335],[12.88438,56.8117],[12.88916,56.81305],[12.89357,56.80835],[12.90083,56.81661],[12.90564,56.80996],[12.91347,56.81795],[12.92482,56.80719],[12.93451,56.80889],[12.94305,56.80599],[12.9461,56.79249],[12.95314,56.78688],[12.94641,56.78094],[12.94736,56.76469],[12.95999,56.76754],[12.95305,56.77059],[12.96453,56.78285],[12.97212,56.7796],[12.97926,56.78],[12.98181,56.77302],[12.99965,56.78716],[13.00588,56.78927],[13.00932,56.7847],[13.01847,56.78835],[13.02016,56.7935],[13.0276,56.79463],[13.03044,56.79313],[13.0257,56.78702],[13.03699,56.78464],[13.03804,56.77841],[13.04234,56.78185],[13.04678,56.77764],[13.05102,56.7822],[13.06761,56.77784],[13.0649,56.78585],[13.05695,56.78629],[13.05876,56.79081],[13.0542,56.7899],[13.04915,56.79347],[13.041,56.79292],[13.03711,56.80002],[13.04152,56.80248],[13.05174,56.80278],[13.0579,56.79754],[13.05971,56.80374],[13.07062,56.80897],[13.06982,56.81625],[13.08548,56.81622],[13.09691,56.82046],[13.10994,56.81855],[13.11308,56.82225],[13.11774,56.81867],[13.12451,56.82144],[13.12961,56.81936],[13.1345,56.82145],[13.14283,56.81357],[13.15356,56.81394],[13.16437,56.8049],[13.15885,56.80356],[13.17268,56.7872],[13.17154,56.81273],[13.18386,56.81207],[13.18459,56.81461],[13.17252,56.82398],[13.15832,56.82508],[13.15195,56.82931],[13.15976,56.83359],[13.15818,56.83977],[13.17057,56.83785],[13.17878,56.83221],[13.17596,56.84032],[13.18178,56.84428],[13.19832,56.83278],[13.18832,56.83095],[13.18959,56.8231],[13.20869,56.80787],[13.2197,56.81188],[13.21286,56.81452],[13.21521,56.8201],[13.22746,56.82105],[13.2212,56.82342],[13.22724,56.82575],[13.2168,56.82981],[13.22301,56.83201],[13.22691,56.84077],[13.22974,56.83772],[13.2266,56.83374],[13.23708,56.83066],[13.23493,56.82556],[13.24031,56.8199],[13.25156,56.81663],[13.25042,56.8133],[13.24215,56.81262],[13.24455,56.80929],[13.24075,56.80348],[13.2253,56.80178],[13.21883,56.79783],[13.20973,56.79826],[13.20539,56.79525],[13.20105,56.79772],[13.19792,56.79627],[13.20266,56.79353],[13.21254,56.79381],[13.21357,56.79003],[13.22209,56.79395],[13.22926,56.79377],[13.22941,56.79054],[13.23609,56.78717],[13.2351,56.78388],[13.22608,56.78249],[13.22254,56.77893],[13.21816,56.78224],[13.21407,56.77965],[13.215,56.77605],[13.22507,56.77419],[13.23932,56.77833],[13.25162,56.77513],[13.25807,56.78477],[13.26448,56.7857],[13.26235,56.79737],[13.27122,56.79646],[13.27841,56.79881],[13.28275,56.79222],[13.29959,56.79152],[13.30431,56.78905],[13.32448,56.79279],[13.33731,56.7975],[13.33744,56.80045],[13.34817,56.8008],[13.34854,56.80397],[13.34304,56.80689],[13.34713,56.81294],[13.3511,56.81563],[13.36819,56.8182],[13.37087,56.82272],[13.36767,56.82558],[13.39393,56.82371],[13.38273,56.81827],[13.41415,56.81998],[13.39212,56.80622],[13.39377,56.80372],[13.40114,56.8069],[13.40013,56.79453],[13.39372,56.78883],[13.39726,56.78579],[13.40559,56.79243],[13.40893,56.80405],[13.42396,56.81196],[13.43382,56.80858],[13.43383,56.81461],[13.44009,56.81792],[13.44576,56.81694],[13.45506,56.80674],[13.45986,56.81038],[13.45594,56.81545],[13.46222,56.82147],[13.49238,56.81637],[13.50376,56.81968],[13.51132,56.81641],[13.51202,56.82034],[13.52465,56.82232],[13.51354,56.82486],[13.48903,56.8232],[13.46636,56.82667],[13.46269,56.8288],[13.47471,56.83548],[13.46796,56.83771],[13.47084,56.84238],[13.45608,56.83998],[13.4601,56.84807],[13.47214,56.85449],[13.47601,56.85379],[13.47201,56.85131],[13.4738,56.84944],[13.48381,56.85103],[13.49346,56.85639],[13.4981,56.86517],[13.49116,56.86783],[13.4994,56.8713],[13.50521,56.87024],[13.50829,56.87337],[13.50104,56.87833],[13.50178,56.88227],[13.50479,56.884],[13.50937,56.88152],[13.51527,56.88468],[13.5177,56.88808],[13.51351,56.89042],[13.51902,56.89371],[13.52559,56.89196],[13.51985,56.91169],[13.52803,56.91796],[13.52919,56.93248],[13.55333,56.93511],[13.56345,56.92905],[13.56043,56.92248],[13.54077,56.91924],[13.53882,56.91641],[13.54101,56.91292],[13.55299,56.91236],[13.56013,56.90865],[13.55797,56.90371],[13.55,56.9018],[13.55634,56.89717],[13.55027,56.89471],[13.56116,56.88845],[13.56524,56.89921],[13.5889,56.90435],[13.58402,56.91805],[13.5909,56.91953],[13.59785,56.9154],[13.59375,56.90496],[13.60267,56.91026],[13.61768,56.91253],[13.62896,56.91743],[13.62579,56.92006],[13.60976,56.91623],[13.5961,56.92682],[13.59508,56.93109],[13.60691,56.93515],[13.6059,56.94055],[13.6177,56.9444],[13.63422,56.94219],[13.64489,56.94526],[13.63034,56.94987],[13.63765,56.95374],[13.64307,56.95296],[13.65262,56.95889],[13.65261,56.96981],[13.6475,56.97013],[13.64203,56.96039],[13.61542,56.95055],[13.59386,56.94979],[13.58311,56.95342],[13.57652,56.96008],[13.58291,56.96764],[13.59811,56.97366],[13.60431,56.97275],[13.6044,56.97949],[13.58395,56.97406],[13.57825,56.97989],[13.56189,56.97971],[13.56082,56.98742],[13.59733,56.99429],[13.60649,56.99018],[13.60776,56.98374],[13.61764,56.98759],[13.61273,56.9953],[13.62287,57.00257],[13.63848,57.00841],[13.62863,57.01036],[13.59603,57.00157],[13.58774,57.00317],[13.57759,56.99937],[13.56422,56.99925],[13.56382,57.00296],[13.58434,57.01127],[13.58596,57.01613],[13.59395,57.0158],[13.5933,57.01942],[13.60353,57.02096],[13.59363,57.02752],[13.58031,57.02933],[13.56748,57.03929],[13.60366,57.04499],[13.6172,57.05158],[13.6286,57.05317],[13.62081,57.05481],[13.60484,57.05146],[13.60099,57.04762],[13.57657,57.04618],[13.5777,57.0505],[13.59565,57.0526],[13.58409,57.05844],[13.58671,57.06422],[13.59465,57.06529],[13.59805,57.07095],[13.59533,57.07232],[13.58778,57.06999],[13.58546,57.07305],[13.58704,57.07574],[13.59884,57.07727],[13.59211,57.08155],[13.60107,57.08649],[13.59087,57.09024],[13.58492,57.08399],[13.57599,57.08174],[13.58124,57.07913],[13.57185,57.07093],[13.55424,57.07733],[13.55153,57.06986],[13.54212,57.06956],[13.53648,57.07663],[13.53954,57.08207],[13.53518,57.08342],[13.52984,57.08168],[13.5275,57.08867],[13.52909,57.09093],[13.53331,57.08845],[13.53661,57.0899],[13.54238,57.09712],[13.53387,57.09702],[13.53382,57.10053],[13.54814,57.10828],[13.51657,57.10398],[13.50835,57.10968],[13.49634,57.10985],[13.5067,57.12492],[13.50719,57.13198],[13.4997,57.13014],[13.49991,57.12699],[13.49144,57.12572],[13.49395,57.12115],[13.48421,57.1196],[13.47194,57.10419],[13.45909,57.10918],[13.46203,57.11596],[13.47734,57.1233],[13.44383,57.12239],[13.44038,57.13085],[13.44925,57.1245],[13.45257,57.12932],[13.43589,57.13922],[13.43523,57.14876],[13.44563,57.14706],[13.44301,57.15222],[13.45055,57.15924],[13.46382,57.15697],[13.46466,57.14912],[13.47442,57.15682],[13.48018,57.15493],[13.47755,57.1497],[13.49835,57.15599],[13.50673,57.15412],[13.5214,57.15776],[13.48163,57.16154],[13.48082,57.1708],[13.46896,57.16395],[13.45882,57.16533],[13.46308,57.17269],[13.45712,57.17505],[13.44384,57.1754],[13.43983,57.18068],[13.44386,57.18312],[13.4407,57.19487],[13.44931,57.20109],[13.44202,57.20546],[13.43643,57.20605],[13.43924,57.20089],[13.43453,57.19606],[13.42683,57.19449],[13.43226,57.18859],[13.42728,57.18404],[13.41315,57.18798],[13.41292,57.18519],[13.40097,57.18251],[13.38162,57.17082],[13.37753,57.17474],[13.36517,57.17363],[13.35889,57.17554],[13.37002,57.18092],[13.35964,57.18177],[13.35048,57.17846],[13.34009,57.17973],[13.32788,57.17522],[13.32067,57.17765],[13.32442,57.18327],[13.3131,57.18199],[13.29769,57.18543],[13.29698,57.1784],[13.30318,57.17849],[13.30908,57.16804],[13.30402,57.16586],[13.30795,57.15897],[13.29907,57.15816],[13.29542,57.1555],[13.28986,57.15903],[13.29654,57.15987],[13.29747,57.16213],[13.28218,57.16866],[13.27504,57.18877],[13.27687,57.19385],[13.27314,57.19633],[13.2671,57.19267],[13.27034,57.18976],[13.26737,57.18137],[13.27215,57.17582],[13.26588,57.16356],[13.25014,57.16316],[13.24511,57.16562],[13.2365,57.15918],[13.2174,57.1561],[13.21389,57.15928],[13.20799,57.15835],[13.20236,57.16262],[13.19511,57.16301],[13.18804,57.15947],[13.19134,57.15222],[13.18751,57.14718],[13.17712,57.15033],[13.1763,57.15923],[13.16559,57.16757],[13.17028,57.17381],[13.16576,57.17908],[13.1565,57.17544],[13.15991,57.1704],[13.15074,57.16405],[13.1584,57.16332],[13.16257,57.1591],[13.15889,57.1462],[13.15129,57.14265],[13.14347,57.14323],[13.13551,57.1389],[13.1341,57.13608],[13.13815,57.13428],[13.11918,57.13417],[13.11396,57.13788],[13.10287,57.12742],[13.08338,57.12492],[13.06631,57.11572],[13.04592,57.11075],[13.03713,57.11115],[13.04021,57.11625],[13.04594,57.1169],[13.04339,57.11967],[13.02449,57.11348],[13.02029,57.12296],[13.01347,57.1192],[13.00109,57.11914],[13.01214,57.11272],[13.01638,57.11307],[13.00943,57.1079],[13.0094,57.10369],[13.00021,57.10916],[12.99697,57.10771],[12.99856,57.1038],[12.99335,57.09838],[13.00462,57.09669],[12.98721,57.08944],[12.9975,57.08993],[12.99772,57.08582],[12.97203,57.08421],[12.95708,57.07702],[12.95437,57.07943],[12.95991,57.08408],[12.9486,57.08825],[12.95463,57.09109],[12.94725,57.09398],[12.95613,57.10592],[12.95406,57.10842],[12.93877,57.09342],[12.93181,57.09092],[12.93472,57.08648],[12.93148,57.08291],[12.92671,57.08073],[12.91884,57.08313],[12.91418,57.07954],[12.92247,57.07729],[12.92055,57.07143],[12.91144,57.07626],[12.90578,57.06999],[12.88972,57.0745],[12.89227,57.07187],[12.88841,57.06268],[12.87595,57.05531],[12.86852,57.05448],[12.86646,57.04995],[12.88273,57.05391],[12.89613,57.06141],[12.89969,57.05473],[12.90379,57.05739],[12.91552,57.05878],[12.92402,57.05036],[12.90932,57.04155],[12.89932,57.03843],[12.89305,57.04001],[12.88952,57.03855],[12.89802,57.03399],[12.89059,57.02888],[12.90458,57.03347],[12.90637,57.03216],[12.90022,57.02469],[12.89913,57.01126],[12.89056,57.01343],[12.88283,57.00902],[12.88067,57.004],[12.86218,56.99905],[12.85317,56.99908],[12.84567,56.99084],[12.83511,56.991],[12.83468,56.98519],[12.81746,56.98499],[12.81515,56.98055],[12.82247,56.98285],[12.83784,56.97954],[12.84682,56.98433],[12.85022,56.97891],[12.84325,56.96601],[12.82749,56.96518],[12.82233,56.96109],[12.79746,56.96648],[12.79298,56.95531],[12.75124,56.94858],[12.74525,56.95431],[12.74165,56.94161],[12.73258,56.93445],[12.74778,56.93779],[12.75393,56.94445],[12.76977,56.94521],[12.77731,56.93944],[12.796,56.93902],[12.80434,56.93487],[12.80444,56.93311],[12.791,56.93238],[12.78415,56.92239],[12.81018,56.925],[12.81682,56.92778],[12.81774,56.92457],[12.82929,56.91873],[12.83378,56.92092],[12.83904,56.91876],[12.83073,56.91609],[12.8355,56.91344],[12.82856,56.90917],[12.82883,56.90461],[12.84113,56.9049],[12.84252,56.90305],[12.8349,56.89945],[12.82931,56.90062],[12.83484,56.89384],[12.82167,56.88645],[12.82747,56.88606],[12.83953,56.89041],[12.84405,56.89568],[12.85277,56.89429],[12.85989,56.88641],[12.86697,56.8928],[12.87145,56.89208],[12.87629,56.88219],[12.87436,56.87402],[12.86756,56.87193],[12.87098,56.86729],[12.86898,56.86199],[12.8847,56.86956],[12.88046,56.87201],[12.89233,56.88424],[12.89785,56.882],[12.89796,56.88607],[12.89204,56.888]],[[12.99649,56.79909],[12.99896,56.79436],[12.97688,56.78633],[12.9815,56.79857],[12.98433,56.79993],[12.98867,56.79539],[12.99649,56.79909]],[[12.99492,56.81002],[12.98832,56.81384],[12.99247,56.82242],[12.98814,56.82885],[13.00215,56.83236],[13.01562,56.82762],[13.02262,56.82113],[13.01729,56.81066],[13.00571,56.80205],[13.007,56.80684],[13.00022,56.80912],[12.99965,56.81262],[12.99492,56.81002]],[[13.07774,56.82986],[13.06995,56.82683],[13.06173,56.83242],[13.06491,56.84529],[13.05746,56.84562],[13.05131,56.83927],[13.04879,56.85075],[13.06394,56.85084],[13.07368,56.83899],[13.08523,56.83741],[13.07774,56.82986]],[[13.14486,56.86555],[13.15684,56.85407],[13.1455,56.84745],[13.13564,56.86036],[13.14486,56.86555]],[[12.99596,56.86975],[12.99288,56.87457],[13.00018,56.88543],[13.00649,56.88037],[13.00563,56.87113],[12.99596,56.86975]],[[13.15617,56.89281],[13.1568,56.88517],[13.15161,56.88208],[13.1479,56.88708],[13.15617,56.89281]],[[13.0931,56.89542],[13.1032,56.89364],[13.10547,56.88925],[13.09233,56.89031],[13.08068,56.89542],[13.0931,56.89542]],[[12.9018,56.90298],[12.91458,56.90393],[12.90503,56.89574],[12.88769,56.89376],[12.88966,56.89701],[12.9018,56.90298]],[[12.88451,56.91378],[12.87954,56.91538],[12.8904,56.92764],[12.89217,56.91217],[12.88744,56.91636],[12.88451,56.91378]],[[12.85863,56.98018],[12.86301,56.97772],[12.86872,56.97908],[12.87353,56.97594],[12.86906,56.97319],[12.87026,56.97019],[12.85532,56.96762],[12.85169,56.97556],[12.85863,56.98018]],[[12.90895,56.98049],[12.91023,56.98933],[12.91411,56.99207],[12.92908,56.98948],[12.91859,56.98849],[12.91559,56.98243],[12.90895,56.98049]],[[13.07163,56.99593],[13.05222,57.00059],[13.06391,57.00325],[13.07152,57.00039],[13.07163,56.99593]],[[13.02575,57.00974],[13.03586,57.00836],[13.04046,57.00232],[13.03342,57.00435],[13.02575,57.00974]],[[13.05194,57.03547],[13.06714,57.03432],[13.05528,57.0307],[13.04636,57.03379],[13.05194,57.03547]],[[13.00714,57.05452],[13.0212,57.05172],[12.99293,57.04095],[12.98617,57.04519],[13.00714,57.05452]],[[12.97834,57.07708],[12.9738,57.07996],[12.97633,57.08098],[12.98933,57.07407],[13.01383,57.0739],[13.02041,57.07148],[13.01881,57.06766],[12.99932,57.05615],[12.97511,57.05133],[12.99165,57.06459],[12.98846,57.06643],[12.97849,57.06262],[12.98872,57.07107],[12.98709,57.07273],[12.95093,57.05529],[12.94148,57.06469],[12.95627,57.07054],[12.96761,57.07059],[12.96592,57.07323],[12.97834,57.07708]],[[13.08798,57.09747],[13.10294,57.09577],[13.09533,57.09334],[13.08397,57.09348],[13.08798,57.09747]],[[13.0901,57.11477],[13.08961,57.10922],[13.09437,57.10529],[13.09066,57.10229],[13.06831,57.09703],[13.06693,57.11035],[13.07378,57.11424],[13.07908,57.11152],[13.091,57.11732],[13.09366,57.11581],[13.0901,57.11477]],[[13.11252,57.10683],[13.10846,57.11407],[13.10134,57.11354],[13.09772,57.12044],[13.10827,57.11772],[13.11036,57.12231],[13.11668,57.12318],[13.12491,57.09995],[13.11252,57.10683]],[[13.29952,56.8217],[13.3139,56.8345],[13.3263,56.83507],[13.33481,56.83762],[13.33711,56.84165],[13.34971,56.84287],[13.35091,56.84032],[13.33759,56.83415],[13.34176,56.82859],[13.33696,56.82291],[13.33922,56.82097],[13.3437,56.82328],[13.34463,56.82041],[13.33985,56.81546],[13.32355,56.81536],[13.31647,56.81168],[13.31862,56.80937],[13.33086,56.81033],[13.33505,56.80828],[13.33099,56.80549],[13.32204,56.80712],[13.32256,56.80418],[13.31647,56.80026],[13.32127,56.79581],[13.30714,56.79134],[13.29836,56.79698],[13.306,56.80677],[13.28804,56.81763],[13.29952,56.8217]],[[13.37342,56.84024],[13.37747,56.8452],[13.38393,56.84592],[13.3866,56.84153],[13.38387,56.83944],[13.37342,56.84024]],[[13.24011,56.8433],[13.23057,56.84742],[13.23931,56.85226],[13.24011,56.8433]],[[13.45296,56.86245],[13.45779,56.87319],[13.45102,56.87563],[13.44259,56.87495],[13.43971,56.87871],[13.45642,56.89913],[13.46624,56.90473],[13.4823,56.90724],[13.48734,56.90007],[13.49657,56.90552],[13.49023,56.89505],[13.5052,56.8993],[13.48128,56.87136],[13.46563,56.86948],[13.45951,56.86253],[13.45296,56.86245]],[[13.29856,56.90778],[13.29883,56.9029],[13.28634,56.91077],[13.26605,56.90843],[13.25367,56.91331],[13.26001,56.92519],[13.27688,56.91553],[13.29856,56.90778]],[[13.50043,56.92222],[13.50286,56.91935],[13.48843,56.9144],[13.49099,56.9208],[13.50043,56.92222]],[[13.42208,56.93576],[13.4292,56.93129],[13.41071,56.93731],[13.42097,56.93968],[13.42208,56.93576]],[[13.44165,56.95286],[13.46084,56.95174],[13.46838,56.94645],[13.47135,56.93876],[13.47936,56.93545],[13.47534,56.93324],[13.46116,56.93466],[13.45706,56.9406],[13.44748,56.94254],[13.44165,56.95286]],[[13.47333,57.06026],[13.45371,57.04797],[13.44528,57.04865],[13.44558,57.05595],[13.47333,57.06026]],[[13.50626,57.06764],[13.50783,57.06064],[13.49825,57.06075],[13.4967,57.06593],[13.50626,57.06764]],[[13.14941,57.06905],[13.15221,57.06467],[13.14631,57.06409],[13.13934,57.06933],[13.15413,57.07783],[13.14941,57.06905]],[[13.49565,57.09969],[13.49952,57.09839],[13.50033,57.08357],[13.50824,57.09621],[13.5264,57.09694],[13.51704,57.08581],[13.50993,57.0832],[13.50932,57.07104],[13.49585,57.07594],[13.48665,57.08495],[13.49383,57.09231],[13.49083,57.09644],[13.49565,57.09969]],[[13.1748,57.09442],[13.16068,57.08607],[13.15305,57.09427],[13.16727,57.0988],[13.18237,57.0986],[13.18364,57.09651],[13.1748,57.09442]],[[13.13722,57.12208],[13.15863,57.12745],[13.16955,57.12593],[13.16603,57.12391],[13.15567,57.1246],[13.14414,57.11783],[13.13526,57.11992],[13.12009,57.11874],[13.1288,57.12519],[13.13806,57.12575],[13.13252,57.12314],[13.13722,57.12208]],[[13.17145,57.13276],[13.17903,57.13266],[13.1825,57.13019],[13.18088,57.12647],[13.17126,57.12778],[13.17145,57.13276]],[[13.30097,57.13648],[13.31095,57.13844],[13.31362,57.13646],[13.3056,57.13126],[13.29327,57.12992],[13.30097,57.13648]],[[13.21642,57.1551],[13.21994,57.15157],[13.21596,57.14857],[13.22135,57.13833],[13.20657,57.14864],[13.21642,57.1551]],[[13.30874,57.14543],[13.30739,57.14864],[13.32163,57.14792],[13.33296,57.15432],[13.3358,57.16002],[13.34305,57.15965],[13.34394,57.15713],[13.33585,57.15141],[13.33824,57.14594],[13.31485,57.14355],[13.30874,57.14543]]]}},{"type":"Feature","properties":{"fs":"CAR","t":15.0},"geometry":{"type":"Polygon","coordinates":[[[13.09262,56.99042],[13.0893,56.99149],[13.06941,56.97654],[13.06084,56.97912],[13.05205,56.9865],[13.04736,56.98537],[13.06171,56.97148],[13.05774,56.96864],[13.04114,56.96899],[13.03598,56.97185],[13.02911,56.96571],[13.02265,56.96631],[13.02749,56.96217],[13.0261,56.95934],[13.03689,56.95699],[13.05651,56.95771],[13.03908,56.94719],[13.04127,56.94451],[13.04849,56.94397],[13.04829,56.9479],[13.05772,56.95177],[13.06301,56.95138],[13.05246,56.9467],[13.05799,56.94405],[13.06131,56.93462],[13.04353,56.93084],[13.0508,56.92688],[13.05751,56.92867],[13.06159,56.92676],[13.05256,56.91518],[13.0556,56.91102],[13.0343,56.90612],[13.0375,56.90381],[13.05293,56.90318],[13.06387,56.91248],[13.0684,56.90918],[13.06707,56.92011],[13.07908,56.92619],[13.09059,56.9244],[13.0841,56.9309],[13.09522,56.93435],[13.10453,56.93318],[13.10169,56.9384],[13.10841,56.94278],[13.11959,56.94001],[13.12315,56.94083],[13.12098,56.94297],[13.12561,56.94285],[13.15405,56.93392],[13.12877,56.94815],[13.12754,56.95304],[13.1458,56.95022],[13.16158,56.95327],[13.16243,56.94991],[13.14562,56.94339],[13.16443,56.94481],[13.17006,56.94103],[13.17613,56.95334],[13.18256,56.95498],[13.18884,56.95277],[13.18575,56.94098],[13.1992,56.951],[13.22686,56.94204],[13.21961,56.93248],[13.22253,56.92859],[13.23573,56.92288],[13.23774,56.92647],[13.23111,56.92829],[13.23036,56.9313],[13.24333,56.93872],[13.26011,56.9368],[13.30316,56.92466],[13.30897,56.92123],[13.29715,56.92154],[13.29392,56.91901],[13.30945,56.91443],[13.30996,56.91071],[13.31813,56.90788],[13.32131,56.90357],[13.31461,56.89856],[13.30548,56.89624],[13.31466,56.89463],[13.32059,56.89682],[13.32445,56.88795],[13.33099,56.88987],[13.33009,56.89273],[13.33676,56.89659],[13.32805,56.89916],[13.3335,56.90654],[13.32947,56.91051],[13.33377,56.91763],[13.34363,56.91528],[13.364,56.90441],[13.36723,56.90586],[13.35401,56.91264],[13.36404,56.91803],[13.34961,56.91932],[13.36379,56.93165],[13.35536,56.9288],[13.35168,56.93072],[13.35794,56.93438],[13.35598,56.938],[13.37387,56.94001],[13.35784,56.94238],[13.35014,56.94803],[13.34042,56.94145],[13.33376,56.94103],[13.32868,56.94354],[13.3313,56.95965],[13.33631,56.96442],[13.32994,56.96887],[13.32918,56.97443],[13.31757,56.97528],[13.31459,56.98097],[13.33536,56.98563],[13.34011,56.983],[13.33523,56.97528],[13.3422,56.97067],[13.35271,56.97423],[13.36465,56.97465],[13.36829,56.97365],[13.36537,56.96985],[13.36891,56.96821],[13.37909,56.97368],[13.38852,56.96959],[13.40908,56.96957],[13.425,56.98817],[13.43016,56.9909],[13.44387,56.99219],[13.43573,56.99602],[13.43667,56.99828],[13.4521,56.99829],[13.46156,56.99354],[13.46614,56.99464],[13.45498,57.00332],[13.42905,57.00212],[13.42931,57.01419],[13.42304,57.00429],[13.41725,57.0073],[13.406,57.00562],[13.42148,56.99858],[13.41796,56.99355],[13.40609,56.99439],[13.39852,57.00014],[13.39135,56.9963],[13.39118,56.99125],[13.3809,56.99103],[13.37995,56.99531],[13.3856,56.99553],[13.3879,56.99879],[13.36023,57.00881],[13.36486,56.99325],[13.3344,56.99963],[13.33627,57.0172],[13.34397,57.02573],[13.33792,57.03793],[13.34186,57.03918],[13.34647,57.03685],[13.35116,57.02779],[13.3637,57.04305],[13.36247,57.05152],[13.35012,57.0435],[13.34315,57.04767],[13.3452,57.05382],[13.36492,57.06819],[13.364,57.07541],[13.37117,57.08617],[13.36851,57.09203],[13.36326,57.08817],[13.36449,57.08384],[13.34689,57.06777],[13.3249,57.06963],[13.33345,57.06307],[13.32686,57.0606],[13.31653,57.06094],[13.30918,57.06401],[13.31418,57.06745],[13.29923,57.06741],[13.29389,57.07155],[13.3014,57.07626],[13.29221,57.0745],[13.28279,57.07741],[13.27846,57.07623],[13.27443,57.07973],[13.25723,57.0838],[13.256,57.07704],[13.2161,57.06497],[13.21686,57.06273],[13.22847,57.0636],[13.22725,57.06097],[13.18756,57.04785],[13.20432,57.04753],[13.18758,57.04209],[13.18417,57.03811],[13.18595,57.03674],[13.20635,57.03965],[13.21153,57.03065],[13.20783,57.02807],[13.20211,57.02658],[13.19403,57.03138],[13.18603,57.03161],[13.18063,57.02978],[13.18238,57.02468],[13.17812,57.02486],[13.16646,57.03175],[13.16798,57.04],[13.16522,57.04055],[13.15015,57.02821],[13.12388,57.02585],[13.12311,57.03019],[13.10079,57.02677],[13.10628,57.02011],[13.12162,57.02222],[13.13362,57.01561],[13.13966,56.9909],[13.11381,56.97067],[13.11086,56.97039],[13.11067,56.97918],[13.12729,56.98631],[13.10202,56.99014],[13.10054,56.99637],[13.09401,56.99844],[13.08849,56.99569],[13.09262,56.99042]],[[13.33918,56.92313],[13.32915,56.92333],[13.32606,56.92946],[13.32921,56.93353],[13.34655,56.93348],[13.35,56.92606],[13.33918,56.92313]],[[13.31073,56.93894],[13.30599,56.93607],[13.29632,56.93776],[13.28876,56.93373],[13.27549,56.93832],[13.28525,56.94765],[13.28454,56.95431],[13.30099,56.9499],[13.30892,56.94496],[13.31073,56.93894]],[[13.26347,56.94461],[13.25716,56.94766],[13.26348,56.95276],[13.26731,56.94776],[13.26347,56.94461]],[[13.24273,56.96496],[13.23656,56.96136],[13.24016,56.95412],[13.23807,56.94945],[13.2277,56.95684],[13.21345,56.95397],[13.19569,56.95983],[13.20404,56.96245],[13.21319,56.97002],[13.22511,56.96808],[13.24252,56.96959],[13.25197,56.96523],[13.24273,56.96496]],[[13.41104,56.97999],[13.40563,56.97416],[13.39103,56.97692],[13.39591,56.98295],[13.40962,56.98706],[13.41104,56.97999]],[[13.09398,56.97472],[13.08371,56.97849],[13.09293,56.9893],[13.09669,56.97897],[13.09398,56.97472]],[[13.16621,57.01576],[13.1772,57.01569],[13.17664,57.01126],[13.1859,57.00262],[13.16736,56.99772],[13.17538,57.00906],[13.15801,57.00481],[13.14902,57.00952],[13.14958,57.01641],[13.15385,57.01942],[13.16621,57.01576]],[[13.28628,57.06314],[13.29259,57.06056],[13.28432,57.05546],[13.30227,57.05727],[13.31118,57.05402],[13.2954,57.04979],[13.27201,57.04869],[13.27398,57.045],[13.28698,57.04251],[13.27439,57.0363],[13.26509,57.03687],[13.27062,57.03978],[13.25818,57.04155],[13.26621,57.04595],[13.26145,57.04862],[13.26863,57.04942],[13.2685,57.05222],[13.26127,57.05255],[13.24726,57.04723],[13.23695,57.05478],[13.26537,57.06411],[13.2573,57.06849],[13.24794,57.06886],[13.24918,57.07124],[13.25712,57.07102],[13.26406,57.07557],[13.27971,57.07161],[13.28628,57.06314]]]}}]}
