{"type":"FeatureCollection","name":"knared","xy_coordinate_resolution":1e-05,"features":[{"type":"Feature","properties":{"fs":"WALK","t":60.0},"geometry":{"type":"Polygon","coordinates":[[[13.32581,56.55929],[13.32432,56.55975],[13.31869,56.5581],[13.31756,56.55718],[13.31666,56.55407],[13.31524,56.55307],[13.31492,56.55204],[13.31181,56.55045],[13.31141,56.55261],[13.31347,56.55443],[13.31322,56.55533],[13.31104,56.55648],[13.30799,56.55632],[13.30531,56.55713],[13.30107,56.55985],[13.29504,56.5571],[13.2939,56.55394],[13.2953,56.5526],[13.29322,56.55242],[13.28998,56.55439],[13.28756,56.55385],[13.28702,56.55003],[13.28429,56.54752],[13.28414,56.54639],[13.28672,56.54542],[13.29033,56.54666],[13.29396,56.54664],[13.2945,56.54548],[13.29764,56.54379],[13.29782,56.54211],[13.29938,56.5411],[13.29947,56.53943],[13.30086,56.5384],[13.30092,56.53568],[13.29605,56.53295],[13.29541,56.53301],[13.29562,56.53397],[13.29367,56.53552],[13.29481,56.53733],[13.29422,56.53816],[13.29076,56.53814],[13.28775,56.54071],[13.28496,56.53944],[13.28409,56.53839],[13.27939,56.5402],[13.27743,56.53912],[13.27662,56.53776],[13.27478,56.53668],[13.2726,56.53635],[13.27034,56.53455],[13.27294,56.53357],[13.27341,56.53261],[13.27025,56.53248],[13.26857,56.53158],[13.26675,56.53129],[13.26315,56.52909],[13.26244,56.52772],[13.26042,56.52758],[13.25887,56.52828],[13.25679,56.52846],[13.25555,56.52923],[13.25343,56.52873],[13.25202,56.52966],[13.25043,56.52986],[13.24771,56.52881],[13.24622,56.5261],[13.25052,56.52279],[13.24668,56.51877],[13.25092,56.51713],[13.25265,56.51473],[13.25731,56.51254],[13.25732,56.5101],[13.25463,56.5082],[13.25495,56.5074],[13.26,56.50745],[13.26145,56.50575],[13.26568,56.50757],[13.26762,56.50725],[13.26847,56.50663],[13.2648,56.50437],[13.2612,56.50415],[13.26014,56.50263],[13.2572,56.50101],[13.2589,56.49819],[13.26168,56.49728],[13.26529,56.49827],[13.26839,56.49796],[13.26912,56.49699],[13.26796,56.495],[13.27006,56.49386],[13.27196,56.4937],[13.27351,56.49303],[13.27973,56.49296],[13.28099,56.49241],[13.27978,56.4914],[13.28024,56.48995],[13.27853,56.48942],[13.27745,56.48756],[13.27546,56.48671],[13.2757,56.48593],[13.27888,56.48513],[13.28208,56.48526],[13.28505,56.48415],[13.28706,56.484],[13.29486,56.48194],[13.29885,56.48358],[13.30819,56.48354],[13.31815,56.47852],[13.31644,56.47607],[13.32038,56.47399],[13.32324,56.47484],[13.32424,56.47622],[13.32714,56.47734],[13.33027,56.48008],[13.33248,56.48044],[13.33505,56.48194],[13.33668,56.48415],[13.33882,56.48412],[13.34139,56.48562],[13.34361,56.48598],[13.34896,56.48857],[13.34943,56.49056],[13.35092,56.49161],[13.35131,56.49432],[13.35305,56.49404],[13.3563,56.49169],[13.3582,56.49123],[13.36615,56.49516],[13.37055,56.49443],[13.37152,56.49321],[13.37316,56.49267],[13.37546,56.49348],[13.37629,56.49549],[13.37781,56.49551],[13.37922,56.49468],[13.38251,56.49492],[13.38243,56.49762],[13.38079,56.49962],[13.38315,56.50145],[13.38322,56.50212],[13.3808,56.50411],[13.3773,56.50524],[13.37977,56.50679],[13.37715,56.50878],[13.37957,56.51083],[13.37736,56.51243],[13.37661,56.51411],[13.37167,56.51438],[13.37104,56.51675],[13.37151,56.51713],[13.3745,56.51733],[13.3763,56.51821],[13.37957,56.5185],[13.38268,56.51984],[13.38459,56.51994],[13.38933,56.52249],[13.38978,56.52332],[13.38638,56.52575],[13.38148,56.5263],[13.37629,56.52867],[13.37726,56.5299],[13.37603,56.53252],[13.36982,56.53283],[13.3675,56.53483],[13.36282,56.53735],[13.36236,56.53962],[13.36,56.54115],[13.35993,56.54382],[13.36074,56.54512],[13.36526,56.54662],[13.36335,56.54917],[13.35684,56.5508],[13.3544,56.55083],[13.35038,56.54972],[13.34757,56.54828],[13.34599,56.54816],[13.34018,56.55152],[13.33873,56.55335],[13.34052,56.55437],[13.34028,56.55512],[13.33591,56.55502],[13.33098,56.55287],[13.3301,56.55398],[13.33069,56.55579],[13.32581,56.55929]]]}},{"type":"Feature","properties":{"fs":"WALK","t":45.0},"geometry":{"type":"Polygon","coordinates":[[[13.3166,56.49534],[13.31727,56.49518],[13.31775,56.49281],[13.31567,56.48994],[13.31787,56.48732],[13.31984,56.4864],[13.32352,56.48572],[13.32577,56.48698],[13.32466,56.48851],[13.32662,56.49014],[13.32705,56.49329],[13.32869,56.49174],[13.33214,56.49285],[13.33496,56.49227],[13.33779,56.49357],[13.33918,56.49332],[13.34036,56.49229],[13.34313,56.49233],[13.34458,56.49307],[13.34466,56.49437],[13.34775,56.49581],[13.34827,56.4978],[13.35103,56.49916],[13.35278,56.49933],[13.35497,56.50028],[13.36417,56.49994],[13.36482,56.50143],[13.36255,56.50342],[13.36251,56.50691],[13.36025,56.50956],[13.36195,56.51262],[13.36024,56.51575],[13.36172,56.51715],[13.36665,56.5179],[13.37092,56.52124],[13.36753,56.52213],[13.36764,56.52326],[13.36529,56.52457],[13.36287,56.52412],[13.36092,56.52468],[13.36259,56.52746],[13.36189,56.52812],[13.35979,56.5286],[13.36077,56.53125],[13.35805,56.53217],[13.35878,56.53415],[13.35642,56.53473],[13.35577,56.53557],[13.35341,56.53621],[13.35187,56.5372],[13.35174,56.53898],[13.35304,56.54004],[13.3526,56.54075],[13.34833,56.54086],[13.34593,56.53999],[13.34268,56.5397],[13.34189,56.54075],[13.33965,56.54176],[13.33688,56.54228],[13.3356,56.54372],[13.33312,56.54459],[13.32908,56.54403],[13.32468,56.5424],[13.32346,56.54238],[13.32189,56.54331],[13.32338,56.54498],[13.32175,56.54646],[13.32261,56.5477],[13.31944,56.54895],[13.31708,56.54864],[13.3162,56.54776],[13.3114,56.54835],[13.30817,56.54786],[13.30506,56.548],[13.3035,56.54868],[13.3021,56.54835],[13.30059,56.54684],[13.30068,56.5455],[13.29875,56.54387],[13.29883,56.54198],[13.30038,56.541],[13.3007,56.53949],[13.30206,56.53917],[13.30113,56.53538],[13.29636,56.53265],[13.29416,56.5323],[13.29101,56.53059],[13.28118,56.53088],[13.27921,56.53184],[13.27637,56.53171],[13.27396,56.53103],[13.27361,56.52968],[13.26761,56.52752],[13.26849,56.52618],[13.26779,56.52516],[13.26391,56.5241],[13.26413,56.52253],[13.26714,56.51898],[13.26694,56.51785],[13.26894,56.5163],[13.269,56.51496],[13.27379,56.51387],[13.27325,56.51092],[13.27795,56.5103],[13.27387,56.50757],[13.27653,56.50572],[13.27525,56.50269],[13.27802,56.502],[13.27961,56.5006],[13.28262,56.50122],[13.2855,56.50047],[13.28917,56.50243],[13.28818,56.50414],[13.2983,56.50483],[13.30281,56.50342],[13.30237,56.50088],[13.30065,56.50074],[13.29886,56.49985],[13.2985,56.49879],[13.29643,56.49753],[13.2943,56.49709],[13.2922,56.49603],[13.29219,56.49394],[13.29363,56.49126],[13.29528,56.49072],[13.29925,56.49103],[13.30123,56.48978],[13.30207,56.49101],[13.30905,56.4946],[13.31139,56.49364],[13.3166,56.49534]]]}},{"type":"Feature","properties":{"fs":"WALK","t":30.0},"geometry":{"type":"Polygon","coordinates":[[[13.29403,56.51571],[13.29481,56.51503],[13.29259,56.51439],[13.29207,56.51236],[13.28931,56.51052],[13.29132,56.50879],[13.29358,56.50852],[13.29647,56.50946],[13.2991,56.50909],[13.30061,56.50478],[13.30239,56.50433],[13.30681,56.50419],[13.30643,56.5002],[13.30792,56.49865],[13.30916,56.49831],[13.31235,56.49972],[13.31516,56.49981],[13.31818,56.49831],[13.319,56.49698],[13.32031,56.49634],[13.32179,56.49627],[13.32284,56.49664],[13.32364,56.499],[13.32544,56.49908],[13.32659,56.50337],[13.32802,56.50343],[13.33131,56.50256],[13.33775,56.50259],[13.33906,56.50398],[13.34726,56.50577],[13.34696,56.50681],[13.34872,56.50841],[13.3485,56.50885],[13.34589,56.51044],[13.33731,56.51293],[13.34057,56.51365],[13.34262,56.51338],[13.34368,56.51379],[13.34327,56.51476],[13.34037,56.51636],[13.34052,56.51749],[13.34193,56.51738],[13.34258,56.51649],[13.34396,56.5162],[13.34611,56.51719],[13.34893,56.51767],[13.35149,56.51945],[13.3484,56.52053],[13.34855,56.52384],[13.34694,56.52486],[13.34453,56.52537],[13.34349,56.52715],[13.34201,56.52724],[13.33693,56.52577],[13.33685,56.52637],[13.33947,56.5283],[13.34103,56.53105],[13.3348,56.53293],[13.33296,56.53201],[13.33413,56.53077],[13.33265,56.52985],[13.32862,56.52936],[13.32775,56.52993],[13.32742,56.53193],[13.32814,56.5352],[13.3258,56.53528],[13.32368,56.5339],[13.31986,56.53413],[13.31903,56.53516],[13.31637,56.53567],[13.31539,56.538],[13.31337,56.53831],[13.31191,56.53925],[13.30923,56.5377],[13.31075,56.53671],[13.30249,56.53588],[13.30182,56.53498],[13.30291,56.53397],[13.30264,56.53287],[13.29948,56.53299],[13.29753,56.53237],[13.29554,56.53026],[13.29744,56.52852],[13.29243,56.52704],[13.28874,56.52784],[13.28663,56.5273],[13.28683,56.52509],[13.28349,56.52257],[13.28652,56.52059],[13.28536,56.51923],[13.28546,56.51833],[13.28726,56.51667],[13.29403,56.51571]]]}},{"type":"Feature","properties":{"fs":"WALK","t":15.0},"geometry":{"type":"Polygon","coordinates":[[[13.3115,56.52779],[13.30959,56.52697],[13.30769,56.52428],[13.30492,56.52264],[13.30589,56.52148],[13.30242,56.52174],[13.30016,56.52119],[13.30137,56.52032],[13.30356,56.51976],[13.30485,56.51747],[13.30505,56.51526],[13.30743,56.5143],[13.30828,56.51269],[13.31004,56.51373],[13.31157,56.51307],[13.31336,56.51329],[13.3164,56.51276],[13.31762,56.51203],[13.31655,56.51022],[13.317,56.50798],[13.31835,56.50744],[13.31958,56.50827],[13.32212,56.50833],[13.33003,56.5108],[13.32956,56.51332],[13.3278,56.51509],[13.33123,56.51816],[13.33021,56.51939],[13.33188,56.52188],[13.32917,56.52339],[13.32629,56.52419],[13.31884,56.52495],[13.31814,56.52696],[13.31551,56.5268],[13.3115,56.52779]]]}},{"type":"Feature","properties":{"fs":"BICYCLE","t":60.0},"geometry":{"type":"Polygon","coordinates":[[[13.13851,56.47036],[13.1463,56.46567],[13.14932,56.46729],[13.15207,56.46706],[13.15053,56.46523],[13.15809,56.46248],[13.16034,56.45869],[13.17536,56.4638],[13.18516,56.46894],[13.1913,56.4678],[13.1948,56.47094],[13.20811,56.4683],[13.20344,56.46623],[13.20421,56.46136],[13.21034,56.4573],[13.21226,56.45327],[13.20535,56.45385],[13.20204,56.45301],[13.19906,56.45387],[13.19595,56.45308],[13.19643,56.45153],[13.20185,56.44992],[13.20327,56.44837],[13.19722,56.43924],[13.19932,56.4377],[13.20805,56.44176],[13.22273,56.44002],[13.23411,56.43955],[13.23651,56.44025],[13.23767,56.44145],[13.23252,56.44306],[13.23186,56.44423],[13.23734,56.44858],[13.22437,56.4484],[13.23542,56.4554],[13.23659,56.45786],[13.24681,56.4634],[13.25401,56.46348],[13.2609,56.45987],[13.26392,56.45581],[13.25759,56.45358],[13.25348,56.45476],[13.24657,56.45062],[13.25041,56.44882],[13.24998,56.44701],[13.25312,56.44496],[13.25454,56.44051],[13.24919,56.43785],[13.2549,56.43484],[13.26167,56.43527],[13.27124,56.4322],[13.28064,56.43256],[13.29083,56.42942],[13.30192,56.42847],[13.30466,56.42615],[13.30741,56.42574],[13.31597,56.43164],[13.31388,56.43307],[13.31014,56.43274],[13.3072,56.43416],[13.30762,56.437],[13.30443,56.43985],[13.30897,56.44314],[13.31344,56.44286],[13.31549,56.44405],[13.31074,56.44893],[13.30695,56.44747],[13.30387,56.44774],[13.30903,56.45149],[13.32189,56.45217],[13.32607,56.45388],[13.33889,56.45369],[13.3385,56.45211],[13.32984,56.44817],[13.33445,56.44247],[13.33501,56.43937],[13.33147,56.43399],[13.32732,56.43174],[13.34621,56.42839],[13.36437,56.43744],[13.35812,56.43948],[13.36675,56.44348],[13.36698,56.44743],[13.3703,56.45062],[13.36822,56.45175],[13.36434,56.45137],[13.3633,56.4575],[13.37058,56.46163],[13.38562,56.46229],[13.38886,56.46331],[13.39694,56.47202],[13.39662,56.47612],[13.4012,56.47773],[13.40867,56.47395],[13.40877,56.47099],[13.41356,56.46466],[13.41267,56.46285],[13.40667,56.46339],[13.40007,56.46129],[13.40032,56.45775],[13.40422,56.45415],[13.39761,56.44738],[13.39748,56.44562],[13.407,56.44352],[13.41679,56.44347],[13.42095,56.44454],[13.42688,56.4372],[13.42784,56.44058],[13.43122,56.44371],[13.43857,56.44762],[13.43648,56.44906],[13.43083,56.44829],[13.42878,56.4489],[13.43105,56.4549],[13.43408,56.4589],[13.44112,56.46286],[13.44522,56.46356],[13.44575,56.46596],[13.45149,56.4694],[13.45149,56.47457],[13.45555,56.47911],[13.4635,56.48051],[13.48982,56.49492],[13.50835,56.49488],[13.51251,56.49636],[13.51907,56.49471],[13.5275,56.4972],[13.5179,56.4986],[13.51468,56.50062],[13.50207,56.50271],[13.49837,56.51102],[13.49239,56.51416],[13.49871,56.51665],[13.52024,56.51691],[13.50345,56.52542],[13.49652,56.53084],[13.50389,56.53808],[13.51158,56.5409],[13.51593,56.54387],[13.50492,56.54464],[13.4952,56.54362],[13.49271,56.5451],[13.49741,56.54687],[13.5003,56.54975],[13.50881,56.54918],[13.51041,56.54987],[13.51267,56.55439],[13.50994,56.55661],[13.50963,56.5593],[13.51197,56.56185],[13.50504,56.56228],[13.50313,56.55914],[13.49,56.55586],[13.48705,56.56262],[13.49001,56.56692],[13.47761,56.57378],[13.48316,56.57753],[13.48392,56.58316],[13.49744,56.5897],[13.49739,56.59105],[13.49247,56.59204],[13.4772,56.58687],[13.461,56.58488],[13.46253,56.5822],[13.46899,56.58104],[13.46795,56.57922],[13.46011,56.57797],[13.45374,56.57515],[13.45081,56.57235],[13.44431,56.57123],[13.43977,56.5716],[13.44359,56.57511],[13.44435,56.579],[13.45572,56.5846],[13.44873,56.58618],[13.44308,56.5851],[13.43737,56.58537],[13.42698,56.58063],[13.41844,56.58044],[13.42388,56.5843],[13.42443,56.58947],[13.43301,56.59233],[13.43869,56.59291],[13.44224,56.59694],[13.43962,56.59753],[13.43641,56.59636],[13.43028,56.59921],[13.42005,56.59802],[13.41377,56.60091],[13.40763,56.60532],[13.41096,56.60839],[13.41048,56.61019],[13.4046,56.60959],[13.40088,56.61089],[13.41409,56.61635],[13.40999,56.61705],[13.39556,56.61612],[13.39248,56.62147],[13.39823,56.6253],[13.39332,56.6258],[13.38584,56.62436],[13.38563,56.62677],[13.38179,56.6284],[13.38222,56.63026],[13.37644,56.63333],[13.37404,56.63111],[13.3722,56.63109],[13.36905,56.63571],[13.36635,56.63679],[13.36095,56.62847],[13.36669,56.6272],[13.36706,56.6261],[13.35636,56.6245],[13.35297,56.62202],[13.35337,56.61908],[13.34794,56.61622],[13.331,56.61578],[13.32695,56.61662],[13.32453,56.61928],[13.33559,56.62252],[13.32902,56.62383],[13.32846,56.62708],[13.31765,56.62974],[13.31426,56.63251],[13.31265,56.62749],[13.31018,56.62584],[13.31233,56.62327],[13.30816,56.61855],[13.30747,56.61158],[13.30936,56.6095],[13.3026,56.60629],[13.2921,56.61109],[13.279,56.61259],[13.28254,56.61522],[13.28044,56.61669],[13.27067,56.61641],[13.26067,56.61256],[13.26976,56.60977],[13.27271,56.60745],[13.27652,56.59987],[13.27696,56.5947],[13.28674,56.59483],[13.29194,56.59669],[13.29907,56.59343],[13.29942,56.58581],[13.29641,56.58217],[13.29197,56.57986],[13.29126,56.57146],[13.28808,56.5695],[13.2857,56.57034],[13.28899,56.57325],[13.28875,56.57482],[13.28391,56.57621],[13.2684,56.57268],[13.25313,56.57281],[13.24675,56.57002],[13.23939,56.5707],[13.23581,56.56897],[13.23469,56.56648],[13.22401,56.5608],[13.21015,56.55793],[13.19882,56.55097],[13.19433,56.55355],[13.19209,56.55136],[13.18509,56.549],[13.17617,56.54834],[13.17297,56.54717],[13.17387,56.54538],[13.17919,56.54485],[13.17705,56.54266],[13.17775,56.53645],[13.17514,56.5346],[13.16667,56.53382],[13.16865,56.53009],[13.17606,56.52598],[13.1888,56.52172],[13.19266,56.51848],[13.19512,56.52203],[13.20498,56.52259],[13.21337,56.51837],[13.20628,56.51249],[13.19667,56.51216],[13.1931,56.51035],[13.18674,56.51442],[13.1819,56.51365],[13.17867,56.51176],[13.1816,56.50731],[13.17892,56.50377],[13.17094,56.49873],[13.16385,56.49632],[13.16103,56.49566],[13.15743,56.49662],[13.15143,56.49484],[13.15036,56.49393],[13.15268,56.49211],[13.14561,56.49133],[13.13819,56.49363],[13.13114,56.49229],[13.13692,56.48643],[13.13565,56.48332],[13.13258,56.48176],[13.13434,56.4783],[13.13054,56.47566],[13.13507,56.47438],[13.14075,56.47453],[13.14121,56.47259],[13.13851,56.47036]],[[13.2368,56.47691],[13.23273,56.47364],[13.22981,56.47734],[13.22336,56.47873],[13.21671,56.4776],[13.20841,56.47276],[13.20579,56.47239],[13.20312,56.47319],[13.19991,56.47671],[13.20774,56.47795],[13.21607,56.48262],[13.22308,56.48312],[13.22681,56.4848],[13.23717,56.47926],[13.2368,56.47691]],[[13.18879,56.52426],[13.18167,56.52688],[13.18936,56.52977],[13.19241,56.52983],[13.19597,56.52705],[13.18879,56.52426]]]}},{"type":"Feature","properties":{"fs":"BICYCLE","t":45.0},"geometry":{"type":"Polygon","coordinates":[[[13.35753,56.46438],[13.36058,56.46959],[13.36231,56.46643],[13.36933,56.46298],[13.3815,56.4638],[13.38646,56.4688],[13.3866,56.48096],[13.40352,56.48048],[13.41242,56.48127],[13.42061,56.47958],[13.42546,56.48009],[13.42856,56.47384],[13.4284,56.46799],[13.43187,56.46989],[13.43721,56.47069],[13.43671,56.47304],[13.44182,56.48209],[13.44718,56.48515],[13.45509,56.48529],[13.45278,56.49031],[13.45512,56.49439],[13.45374,56.49603],[13.4497,56.49617],[13.45091,56.49816],[13.44625,56.50292],[13.43281,56.50871],[13.44038,56.50977],[13.44383,56.51143],[13.44774,56.51107],[13.45444,56.50943],[13.45677,56.50474],[13.46168,56.50802],[13.46571,56.50889],[13.46961,56.50782],[13.47129,56.50986],[13.46928,56.51512],[13.46312,56.51504],[13.46039,56.51736],[13.46974,56.52467],[13.46891,56.53005],[13.46237,56.52604],[13.45873,56.52558],[13.45561,56.53112],[13.45128,56.53382],[13.45423,56.54402],[13.45833,56.54542],[13.46267,56.54373],[13.46607,56.54509],[13.4688,56.54802],[13.4678,56.55003],[13.46408,56.549],[13.46037,56.55036],[13.46384,56.55251],[13.46122,56.55691],[13.46386,56.55964],[13.46338,56.56143],[13.46028,56.56252],[13.4539,56.5594],[13.44835,56.55911],[13.44707,56.55735],[13.44877,56.55558],[13.44525,56.55413],[13.44176,56.5579],[13.43704,56.55886],[13.43131,56.56215],[13.42896,56.55246],[13.42534,56.54677],[13.42281,56.54733],[13.42119,56.54877],[13.41993,56.55857],[13.41706,56.56053],[13.41647,56.56426],[13.41329,56.56625],[13.41212,56.5713],[13.40799,56.57455],[13.40199,56.57475],[13.39636,56.57328],[13.38886,56.5679],[13.38722,56.5696],[13.37298,56.57441],[13.37463,56.577],[13.3884,56.58107],[13.39266,56.58379],[13.38696,56.58382],[13.37557,56.58592],[13.36902,56.58438],[13.36289,56.58505],[13.36824,56.5883],[13.37126,56.58744],[13.37307,56.58814],[13.37325,56.58949],[13.36847,56.59347],[13.37259,56.59613],[13.36439,56.59731],[13.36346,56.60014],[13.35849,56.60187],[13.3556,56.60122],[13.35678,56.59915],[13.35515,56.59677],[13.33832,56.58829],[13.33541,56.58494],[13.33212,56.58572],[13.33102,56.58758],[13.33725,56.59401],[13.3357,56.59691],[13.33215,56.59658],[13.32904,56.59789],[13.32611,56.59745],[13.32117,56.59868],[13.31555,56.59677],[13.31023,56.59291],[13.30205,56.59359],[13.30207,56.58635],[13.29698,56.5842],[13.29407,56.58034],[13.29384,56.5718],[13.2894,56.56725],[13.29188,56.56402],[13.28592,56.5586],[13.28882,56.55747],[13.29472,56.55972],[13.3007,56.56055],[13.30155,56.55904],[13.29852,56.55701],[13.29212,56.55687],[13.28841,56.5551],[13.28591,56.55326],[13.28568,56.54984],[13.28245,56.54794],[13.2807,56.54811],[13.28299,56.55143],[13.28156,56.55315],[13.26972,56.54822],[13.26668,56.54795],[13.26466,56.55208],[13.27151,56.55359],[13.26445,56.55679],[13.2572,56.55523],[13.25313,56.55214],[13.24955,56.55344],[13.23445,56.55457],[13.22586,56.55119],[13.22987,56.54799],[13.23041,56.54403],[13.21788,56.53591],[13.21376,56.54046],[13.20663,56.53418],[13.20691,56.5327],[13.22088,56.52581],[13.22006,56.52014],[13.2156,56.51746],[13.21196,56.51682],[13.21109,56.51454],[13.20627,56.51154],[13.1989,56.51089],[13.19998,56.50762],[13.20367,56.50589],[13.20551,56.50207],[13.21103,56.49903],[13.21113,56.4974],[13.20991,56.49604],[13.20547,56.49642],[13.19375,56.49297],[13.18504,56.48403],[13.18743,56.48291],[13.19116,56.48345],[13.1949,56.48178],[13.20595,56.48624],[13.21494,56.4851],[13.22544,56.48615],[13.23904,56.47937],[13.24052,56.47626],[13.23421,56.47238],[13.22781,56.47028],[13.2179,56.46954],[13.21838,56.46802],[13.22318,56.46567],[13.22455,56.46143],[13.22818,56.46444],[13.23796,56.46143],[13.24755,56.46459],[13.25241,56.46481],[13.26425,56.45873],[13.27308,56.45638],[13.27584,56.45816],[13.27165,56.46013],[13.26903,56.46526],[13.27676,56.46665],[13.28048,56.46924],[13.27867,56.47263],[13.27017,56.47597],[13.27852,56.47653],[13.28262,56.47536],[13.2883,56.47844],[13.29209,56.47896],[13.29952,56.48219],[13.30825,56.48206],[13.30831,56.48079],[13.3013,56.47879],[13.29896,56.47422],[13.29337,56.47452],[13.29017,56.47335],[13.28379,56.46535],[13.28048,56.46328],[13.28758,56.45883],[13.29239,56.458],[13.29862,56.45837],[13.29783,56.45639],[13.30083,56.45283],[13.30408,56.45273],[13.30967,56.45486],[13.31774,56.45587],[13.32587,56.45536],[13.34066,56.46049],[13.33286,56.46257],[13.34136,56.46295],[13.35167,56.45914],[13.35655,56.45898],[13.36012,56.46082],[13.35753,56.46438]]]}},{"type":"Feature","properties":{"fs":"BICYCLE","t":30.0},"geometry":{"type":"Polygon","coordinates":[[[13.33763,56.56682],[13.34092,56.57064],[13.3354,56.57124],[13.3227,56.56871],[13.32575,56.5651],[13.32344,56.56389],[13.31489,56.56288],[13.31725,56.55909],[13.31596,56.55239],[13.31161,56.54963],[13.30582,56.55021],[13.30915,56.55314],[13.30814,56.55522],[13.30194,56.55529],[13.29823,56.55411],[13.29603,56.55547],[13.29157,56.55554],[13.28793,56.5535],[13.28746,56.54977],[13.28205,56.54635],[13.28045,56.54151],[13.26585,56.5394],[13.26118,56.53495],[13.25278,56.5318],[13.25378,56.53002],[13.26061,56.52854],[13.25725,56.52445],[13.25059,56.52113],[13.24113,56.52019],[13.23262,56.51512],[13.24286,56.51341],[13.24005,56.50613],[13.23609,56.50401],[13.24017,56.5013],[13.24647,56.50128],[13.24564,56.49935],[13.23995,56.49744],[13.2443,56.49552],[13.24721,56.49252],[13.24661,56.48937],[13.24989,56.48661],[13.25595,56.48726],[13.2597,56.48512],[13.26578,56.48532],[13.26924,56.48733],[13.26999,56.48487],[13.26483,56.48165],[13.26579,56.48058],[13.28162,56.48071],[13.28577,56.48329],[13.29215,56.48366],[13.30097,56.48608],[13.31073,56.48564],[13.32012,56.48907],[13.32187,56.48547],[13.31927,56.48094],[13.3258,56.47541],[13.33751,56.48398],[13.3484,56.4879],[13.34973,56.48985],[13.36038,56.48306],[13.36354,56.48513],[13.36591,56.49128],[13.3747,56.48999],[13.38115,56.49116],[13.40061,56.49179],[13.38942,56.49703],[13.39549,56.49762],[13.39949,56.49919],[13.39366,56.50254],[13.39659,56.50533],[13.39583,56.50891],[13.40089,56.51235],[13.40477,56.51127],[13.42284,56.51392],[13.40913,56.5211],[13.41313,56.52501],[13.42107,56.5272],[13.42821,56.53134],[13.42816,56.53269],[13.42321,56.53442],[13.41676,56.53295],[13.41269,56.53324],[13.41211,56.53726],[13.41406,56.5393],[13.40987,56.54215],[13.40239,56.54123],[13.40131,56.53639],[13.39478,56.53372],[13.39165,56.53496],[13.38661,56.54121],[13.37958,56.54211],[13.38289,56.54558],[13.38528,56.55157],[13.38886,56.55345],[13.39856,56.555],[13.39848,56.55679],[13.38962,56.55954],[13.3801,56.55858],[13.37613,56.56341],[13.37067,56.56508],[13.36501,56.56405],[13.36211,56.56526],[13.36607,56.56783],[13.36312,56.57032],[13.35355,56.568],[13.34706,56.56426],[13.33763,56.56682]],[[13.36297,56.55955],[13.3677,56.5583],[13.36767,56.55446],[13.3577,56.55451],[13.36297,56.55955]]]}},{"type":"Feature","properties":{"fs":"BICYCLE","t":15.0},"geometry":{"type":"Polygon","coordinates":[[[13.33096,56.54288],[13.32887,56.54172],[13.32928,56.53937],[13.32306,56.53745],[13.31463,56.53979],[13.30892,56.53735],[13.30408,56.5324],[13.30367,56.53015],[13.29905,56.52889],[13.29303,56.52882],[13.28818,56.52652],[13.28438,56.52079],[13.27917,56.51922],[13.28409,56.51823],[13.29288,56.51849],[13.29428,56.5175],[13.28506,56.51462],[13.28512,56.5135],[13.28843,56.51212],[13.28338,56.51145],[13.28137,56.50873],[13.28295,56.5074],[13.28872,56.50572],[13.29457,56.50651],[13.29723,56.50827],[13.30031,56.50545],[13.30421,56.50448],[13.31296,56.50644],[13.31473,56.50548],[13.31431,56.50351],[13.31728,56.50293],[13.32282,56.50379],[13.32636,56.50642],[13.33909,56.50575],[13.3437,56.50722],[13.34521,56.50974],[13.352,56.50789],[13.35978,56.51102],[13.36143,56.51295],[13.35922,56.51652],[13.36751,56.52039],[13.36777,56.52376],[13.36458,56.52468],[13.35544,56.52227],[13.35121,56.5236],[13.35876,56.52535],[13.36253,56.52744],[13.35824,56.52789],[13.35713,56.53474],[13.35121,56.53528],[13.35302,56.54036],[13.34896,56.54031],[13.34187,56.53673],[13.33096,56.54288]]]}},{"type":"Feature","properties":{"fs":"TRANSIT","t":60.0},"geometry":{"type":"MultiPolygon","coordinates":[[[[13.04145,56.56606],[13.04298,56.56788],[13.0404,56.56862],[13.03767,56.57352],[13.03426,56.57521],[13.03043,56.57453],[13.02373,56.57688],[13.01768,56.5771],[13.01407,56.57611],[13.01176,56.57345],[13.01208,56.57211],[13.01967,56.5676],[13.01865,56.56367],[13.02726,56.56066],[13.03167,56.55442],[13.0362,56.55342],[13.03883,56.54984],[13.04681,56.54884],[13.04553,56.54613],[13.04706,56.54273],[13.05087,56.5411],[13.04096,56.53372],[13.03941,56.52971],[13.03266,56.52675],[13.02915,56.5234],[13.02948,56.52236],[13.03649,56.52093],[13.03959,56.51907],[13.03569,56.51139],[13.03253,56.5109],[13.02709,56.51372],[13.02058,56.51361],[13.01438,56.50842],[13.00778,56.50581],[13.00461,56.51021],[12.99836,56.50747],[12.99436,56.50813],[12.98508,56.50693],[12.97507,56.51079],[12.97191,56.51478],[12.96855,56.51492],[12.96487,56.51358],[12.96174,56.51408],[12.96274,56.51629],[12.95861,56.51844],[12.95338,56.51492],[12.95332,56.51276],[12.95581,56.51009],[12.9625,56.51124],[12.96299,56.50886],[12.96606,56.50745],[12.97641,56.50767],[12.97114,56.50368],[12.97607,56.50255],[12.97785,56.49959],[12.98854,56.50265],[12.99492,56.49816],[12.99927,56.49727],[13.00146,56.49349],[13.01206,56.49415],[13.0191,56.49272],[13.01934,56.4882],[13.02433,56.48462],[13.03277,56.48176],[13.03211,56.48005],[13.02871,56.48049],[13.02177,56.4779],[13.02323,56.47577],[13.01868,56.47621],[13.0182,56.47369],[13.00847,56.47095],[13.011,56.46139],[13.0173,56.45981],[13.02291,56.46118],[13.02966,56.45938],[13.03357,56.46043],[13.03838,56.46014],[13.04227,56.45846],[13.04413,56.45482],[13.05063,56.45472],[13.05401,56.45617],[13.05677,56.45509],[13.05676,56.45285],[13.0593,56.45094],[13.06558,56.45136],[13.06952,56.44831],[13.07858,56.45036],[13.083,56.44984],[13.08529,56.45127],[13.08838,56.45042],[13.09238,56.45155],[13.09533,56.4512],[13.09624,56.45338],[13.09237,56.45574],[13.08318,56.45685],[13.06303,56.45688],[13.04181,56.46609],[13.04125,56.46749],[13.04645,56.46908],[13.04339,56.47331],[13.04577,56.47424],[13.0521,56.47432],[13.05654,56.47797],[13.05447,56.48011],[13.05882,56.48111],[13.06194,56.48359],[13.05698,56.4854],[13.05827,56.4878],[13.04758,56.48857],[13.04734,56.49112],[13.05116,56.49005],[13.0548,56.4923],[13.06063,56.49302],[13.06348,56.49041],[13.06994,56.48994],[13.07416,56.4949],[13.07949,56.49789],[13.08319,56.4966],[13.09925,56.49685],[13.10586,56.49875],[13.10698,56.50124],[13.11535,56.50429],[13.11526,56.5061],[13.11165,56.50471],[13.10426,56.50662],[13.10217,56.50881],[13.10406,56.51061],[13.11205,56.51308],[13.12139,56.51335],[13.12495,56.51475],[13.12793,56.51166],[13.13452,56.50996],[13.14105,56.51006],[13.1408,56.51547],[13.1383,56.51744],[13.14102,56.5189],[13.14751,56.5188],[13.15583,56.51455],[13.15693,56.51234],[13.154,56.51027],[13.15735,56.50851],[13.17363,56.50874],[13.17718,56.51046],[13.18329,56.51067],[13.18921,56.51389],[13.19289,56.51261],[13.20269,56.51276],[13.20254,56.51639],[13.19921,56.51925],[13.20266,56.52159],[13.20589,56.52142],[13.21212,56.51827],[13.21545,56.51832],[13.21864,56.52018],[13.21873,56.52357],[13.2212,56.52525],[13.23335,56.52573],[13.24038,56.52252],[13.23894,56.51869],[13.23654,56.517],[13.23743,56.51603],[13.24511,56.51546],[13.2473,56.51269],[13.25498,56.51195],[13.25477,56.50776],[13.26088,56.50586],[13.26589,56.50736],[13.26872,56.50695],[13.26515,56.50426],[13.25897,56.50296],[13.25841,56.49987],[13.26148,56.49716],[13.26883,56.49811],[13.26724,56.49572],[13.27158,56.49378],[13.27786,56.49358],[13.28052,56.49246],[13.2766,56.4862],[13.29465,56.48213],[13.29946,56.48359],[13.3084,56.48337],[13.31824,56.47857],[13.31705,56.47597],[13.32087,56.474],[13.32766,56.47709],[13.33618,56.48402],[13.34818,56.48795],[13.35304,56.49364],[13.35839,56.49157],[13.36637,56.49494],[13.37936,56.49194],[13.38248,56.48481],[13.3959,56.47766],[13.40202,56.47761],[13.40573,56.476],[13.41258,56.47743],[13.41588,56.47626],[13.42157,56.4761],[13.43186,56.47274],[13.44145,56.47647],[13.44136,56.47939],[13.44329,56.4812],[13.44777,56.48013],[13.45712,56.48015],[13.46247,56.47852],[13.4609,56.47709],[13.46112,56.47132],[13.46444,56.46956],[13.47096,56.46963],[13.47453,56.47134],[13.47777,56.47116],[13.48043,56.46954],[13.4808,56.46616],[13.48772,56.4659],[13.49069,56.46269],[13.49436,56.4624],[13.50057,56.45922],[13.50707,56.4593],[13.50691,56.46402],[13.50885,56.46583],[13.51639,56.46479],[13.52018,56.46618],[13.52755,56.46425],[13.52969,56.46136],[13.53418,56.46074],[13.54288,56.45613],[13.54614,56.45617],[13.5537,56.45985],[13.55938,56.45957],[13.56559,56.45639],[13.56918,56.45811],[13.57243,56.45792],[13.57533,56.45539],[13.56952,56.44915],[13.55709,56.44518],[13.56029,56.44118],[13.5666,56.44037],[13.56693,56.43822],[13.57351,56.43324],[13.57944,56.4332],[13.58052,56.43747],[13.58825,56.43889],[13.59413,56.44182],[13.59844,56.4397],[13.60196,56.44109],[13.61045,56.43894],[13.61147,56.44167],[13.62718,56.44463],[13.62898,56.44611],[13.62949,56.44788],[13.62645,56.45143],[13.62737,56.45351],[13.62403,56.45594],[13.62386,56.46066],[13.62055,56.46242],[13.61607,56.46305],[13.61068,56.46635],[13.6103,56.46792],[13.6138,56.46953],[13.61374,56.47133],[13.60711,56.47486],[13.60352,56.47314],[13.60027,56.47333],[13.59407,56.4765],[13.58958,56.47713],[13.58744,56.48002],[13.58419,56.47998],[13.57979,56.47814],[13.57411,56.47841],[13.57123,56.4805],[13.57102,56.48522],[13.5677,56.48698],[13.5547,56.48683],[13.55102,56.48117],[13.54807,56.4797],[13.54482,56.47988],[13.53862,56.48305],[13.52885,56.48294],[13.5283,56.48091],[13.52375,56.47818],[13.51731,56.47746],[13.50832,56.4798],[13.49628,56.48615],[13.48937,56.4864],[13.47984,56.49135],[13.4696,56.49338],[13.46333,56.49834],[13.4589,56.49651],[13.4524,56.49708],[13.44723,56.50013],[13.44677,56.5053],[13.44025,56.50522],[13.43971,56.50318],[13.43357,56.49987],[13.41897,56.49958],[13.40447,56.50657],[13.40032,56.50651],[13.39536,56.50242],[13.38661,56.50147],[13.38501,56.49703],[13.3804,56.49905],[13.38353,56.50201],[13.37861,56.50779],[13.37864,56.51194],[13.3757,56.51412],[13.37141,56.51455],[13.37068,56.51659],[13.37801,56.51793],[13.38448,56.52057],[13.38833,56.52257],[13.38873,56.52437],[13.38079,56.52669],[13.37548,56.53178],[13.37095,56.53236],[13.36157,56.53812],[13.3619,56.54019],[13.35938,56.54344],[13.36508,56.54692],[13.36384,56.54885],[13.35501,56.55083],[13.34631,56.548],[13.34013,56.55221],[13.3394,56.55444],[13.3303,56.55326],[13.33007,56.55612],[13.32439,56.55986],[13.317,56.55684],[13.3151,56.55198],[13.31211,56.55065],[13.31194,56.55598],[13.30593,56.55703],[13.30144,56.55955],[13.29542,56.55736],[13.29187,56.55391],[13.28859,56.55353],[13.28853,56.55016],[13.28485,56.54634],[13.29209,56.54684],[13.29624,56.54493],[13.29995,56.54043],[13.29938,56.53563],[13.29644,56.53428],[13.29422,56.53541],[13.29391,56.53788],[13.28718,56.53978],[13.28302,56.53891],[13.27938,56.53964],[13.27048,56.53557],[13.26925,56.53885],[13.27114,56.54073],[13.26637,56.54067],[13.25965,56.53744],[13.25343,56.54049],[13.25033,56.54046],[13.24427,56.53532],[13.23411,56.53483],[13.23135,56.53345],[13.22561,56.53582],[13.22425,56.53828],[13.22095,56.53823],[13.2204,56.53618],[13.21272,56.53162],[13.20547,56.53096],[13.20176,56.53366],[13.20801,56.53803],[13.20131,56.54155],[13.19692,56.5397],[13.18717,56.54022],[13.18508,56.5424],[13.18819,56.54492],[13.1841,56.54849],[13.17816,56.54838],[13.18075,56.54459],[13.1784,56.543],[13.17811,56.53557],[13.17522,56.53412],[13.17036,56.53395],[13.16337,56.53715],[13.16449,56.53849],[13.1689,56.53923],[13.17208,56.54109],[13.16675,56.54215],[13.16857,56.54644],[13.16521,56.54819],[13.15863,56.54989],[13.15251,56.54993],[13.14879,56.55155],[13.11645,56.55106],[13.11661,56.54273],[13.11242,56.53774],[13.10078,56.53465],[13.09811,56.53136],[13.09122,56.5309],[13.0877,56.52917],[13.08422,56.52892],[13.08655,56.53374],[13.08395,56.5363],[13.09698,56.54198],[13.09566,56.54682],[13.1001,56.54899],[13.1,56.55079],[13.09633,56.55108],[13.09423,56.55272],[13.09657,56.55433],[13.09653,56.5595],[13.10143,56.56272],[13.10136,56.56407],[13.09317,56.56518],[13.08943,56.56681],[13.08332,56.56684],[13.07958,56.56846],[13.05685,56.56779],[13.05401,56.57097],[13.05134,56.5716],[13.04966,56.56985],[13.05215,56.5682],[13.05329,56.56467],[13.05015,56.56306],[13.04145,56.56606]],[[13.08125,56.54345],[13.07753,56.54573],[13.0802,56.54833],[13.08668,56.54867],[13.09103,56.54699],[13.08449,56.54372],[13.08125,56.54345]]],[[[12.97864,56.59538],[12.97972,56.59809],[12.97426,56.6],[12.97044,56.60408],[12.96387,56.60502],[12.96067,56.60402],[12.95965,56.60024],[12.96868,56.59769],[12.97092,56.59315],[12.9784,56.59223],[12.98105,56.58464],[12.98416,56.58274],[12.9949,56.58452],[12.99616,56.58623],[12.99377,56.5924],[12.98018,56.59327],[12.97864,56.59538]]],[[[12.90247,56.66556],[12.89063,56.66929],[12.89045,56.67255],[12.88877,56.67342],[12.86642,56.67532],[12.86242,56.67297],[12.86061,56.669],[12.87563,56.65848],[12.88186,56.6569],[12.88926,56.65194],[12.89919,56.64933],[12.90294,56.64967],[12.91188,56.64665],[12.9133,56.64305],[12.90932,56.6422],[12.91039,56.64053],[12.92006,56.63743],[12.92829,56.63319],[12.93204,56.62856],[12.94001,56.62305],[12.94619,56.62591],[12.94524,56.62926],[12.95002,56.63288],[12.95145,56.63664],[12.94425,56.63997],[12.94059,56.63795],[12.93464,56.63781],[12.93968,56.64164],[12.93784,56.64358],[12.9415,56.64561],[12.93989,56.64776],[12.93162,56.65297],[12.92137,56.65579],[12.91524,56.65603],[12.91156,56.66063],[12.90821,56.66066],[12.90247,56.66556]]]]}},{"type":"Feature","properties":{"fs":"TRANSIT","t":45.0},"geometry":{"type":"MultiPolygon","coordinates":[[[[13.43277,56.49972],[13.40868,56.49949],[13.40874,56.50301],[13.40414,56.50454],[13.39449,56.50141],[13.38831,56.50106],[13.38822,56.4976],[13.38655,56.49645],[13.37851,56.49733],[13.37868,56.49354],[13.38164,56.49164],[13.38262,56.48858],[13.38608,56.48688],[13.38541,56.48362],[13.39592,56.47768],[13.40611,56.47678],[13.4155,56.47787],[13.42552,56.48057],[13.43433,56.47919],[13.44312,56.48514],[13.44789,56.48347],[13.45674,56.48531],[13.46258,56.48032],[13.47149,56.47535],[13.47157,56.47156],[13.47778,56.47118],[13.48362,56.46728],[13.48714,56.46732],[13.49382,56.4706],[13.49783,56.46847],[13.49775,56.46616],[13.50076,56.46484],[13.51317,56.46853],[13.51665,56.46616],[13.52302,56.46623],[13.52557,56.47073],[13.53539,56.47159],[13.54169,56.46893],[13.53997,56.46334],[13.54542,56.46288],[13.54925,56.46136],[13.55589,56.46187],[13.56422,56.46069],[13.56636,56.46182],[13.56411,56.46362],[13.56736,56.46531],[13.56796,56.46735],[13.57197,56.46746],[13.57094,56.46359],[13.57917,56.45869],[13.57905,56.45633],[13.58152,56.45366],[13.57826,56.45142],[13.57729,56.44741],[13.57411,56.44563],[13.58086,56.44411],[13.58548,56.43978],[13.59095,56.44164],[13.59112,56.44625],[13.59614,56.44781],[13.60396,56.45392],[13.60391,56.45513],[13.60059,56.4567],[13.60602,56.46046],[13.60458,56.46246],[13.60559,56.46652],[13.60253,56.47122],[13.59734,56.47179],[13.59366,56.47338],[13.57919,56.47244],[13.57565,56.47315],[13.57274,56.47472],[13.57108,56.48061],[13.56797,56.48211],[13.56441,56.48248],[13.56142,56.48101],[13.55617,56.48036],[13.55169,56.48159],[13.54887,56.47991],[13.54495,56.47952],[13.54467,56.47761],[13.53914,56.47541],[13.53657,56.47803],[13.533,56.47936],[13.5338,56.4813],[13.53242,56.48207],[13.52297,56.47782],[13.51731,56.47743],[13.50623,56.48087],[13.50073,56.48094],[13.49693,56.48472],[13.49319,56.48362],[13.47982,56.49133],[13.46878,56.49368],[13.46331,56.49832],[13.4597,56.4966],[13.45321,56.49674],[13.44761,56.49969],[13.44667,56.50241],[13.44112,56.50162],[13.44249,56.49803],[13.43784,56.49651],[13.43277,56.49972]]],[[[13.16629,56.54258],[13.16854,56.54643],[13.14877,56.55153],[13.12257,56.55076],[13.12138,56.5475],[13.11655,56.54498],[13.11681,56.54105],[13.11938,56.53855],[13.11377,56.53595],[13.10979,56.53656],[13.1008,56.53463],[13.09891,56.53168],[13.09368,56.53081],[13.09512,56.52909],[13.10106,56.52716],[13.10144,56.52348],[13.0977,56.52352],[13.09164,56.52767],[13.08771,56.52819],[13.07853,56.52498],[13.07639,56.52174],[13.06911,56.51768],[13.05916,56.52208],[13.05971,56.52321],[13.06632,56.52514],[13.06247,56.52887],[13.06234,56.53156],[13.05345,56.53053],[13.04855,56.52551],[13.05059,56.52279],[13.04797,56.51888],[13.04353,56.51671],[13.03992,56.51784],[13.03673,56.51566],[13.03573,56.51138],[13.0301,56.51039],[13.0306,56.50759],[13.02704,56.50669],[13.02082,56.50713],[13.01852,56.50463],[13.02851,56.50379],[13.02965,56.50072],[13.03563,56.49767],[13.04057,56.49999],[13.04654,56.49774],[13.05352,56.49742],[13.06484,56.49847],[13.07012,56.50046],[13.07461,56.49806],[13.07996,56.4987],[13.08368,56.49674],[13.09173,56.49675],[13.09858,56.50056],[13.10259,56.50098],[13.10568,56.50011],[13.11194,56.50278],[13.11082,56.5049],[13.10874,56.506],[13.10537,56.50578],[13.10211,56.50881],[13.10483,56.51097],[13.11204,56.5131],[13.12137,56.51337],[13.12496,56.51477],[13.12795,56.51167],[13.13454,56.50997],[13.13847,56.51004],[13.14089,56.51299],[13.13768,56.51699],[13.14101,56.51892],[13.14588,56.51912],[13.1583,56.51426],[13.15767,56.51058],[13.15935,56.50951],[13.17361,56.50876],[13.17718,56.51049],[13.18327,56.51069],[13.18921,56.51391],[13.19291,56.51263],[13.20267,56.51277],[13.20251,56.51638],[13.19916,56.51924],[13.20266,56.52162],[13.2059,56.52145],[13.21214,56.51829],[13.21543,56.51834],[13.21861,56.52019],[13.21868,56.52357],[13.22119,56.52527],[13.23335,56.52576],[13.24078,56.52208],[13.23762,56.51665],[13.24496,56.51607],[13.24775,56.51308],[13.25545,56.51237],[13.25797,56.5093],[13.26546,56.5111],[13.27069,56.5139],[13.27346,56.51372],[13.27355,56.51165],[13.27771,56.51032],[13.27571,56.50818],[13.27537,56.50297],[13.28053,56.50117],[13.28569,56.50081],[13.28904,56.50315],[13.29367,56.50387],[13.30132,56.5036],[13.3007,56.50014],[13.29241,56.49576],[13.29255,56.49271],[13.29514,56.4909],[13.30158,56.49053],[13.31703,56.49596],[13.31739,56.4881],[13.32354,56.48594],[13.32705,56.49363],[13.33081,56.49222],[13.33661,56.49353],[13.34343,56.49248],[13.34756,56.49697],[13.35193,56.49935],[13.36373,56.50063],[13.361,56.50803],[13.36111,56.51676],[13.36934,56.52036],[13.36761,56.52374],[13.36439,56.52505],[13.36042,56.52926],[13.36248,56.53167],[13.35424,56.53588],[13.3514,56.54028],[13.33949,56.54138],[13.33397,56.54488],[13.32497,56.54257],[13.32282,56.54288],[13.32187,56.54612],[13.31849,56.54883],[13.30126,56.54764],[13.29931,56.54312],[13.30204,56.54046],[13.30082,56.536],[13.29236,56.53111],[13.27316,56.53266],[13.2681,56.53595],[13.26772,56.53861],[13.26994,56.5407],[13.26639,56.54065],[13.25964,56.53742],[13.25341,56.54047],[13.25013,56.54043],[13.24428,56.5353],[13.23413,56.53481],[13.23136,56.53343],[13.22558,56.53581],[13.22424,56.53826],[13.22097,56.53821],[13.22044,56.53618],[13.21273,56.5316],[13.20628,56.53084],[13.20301,56.53189],[13.20171,56.53366],[13.20798,56.53802],[13.20131,56.54152],[13.19692,56.53967],[13.18715,56.54021],[13.18503,56.5424],[13.18815,56.54492],[13.18471,56.54847],[13.17819,56.54837],[13.18079,56.54459],[13.17843,56.54299],[13.17815,56.53557],[13.17442,56.53398],[13.16873,56.53422],[13.16319,56.53759],[13.16538,56.53942],[13.16984,56.54038],[13.16629,56.54258]]],[[[13.08718,56.55256],[13.08439,56.55527],[13.08691,56.5581],[13.08595,56.55951],[13.07672,56.56155],[13.07018,56.55909],[13.06243,56.5615],[13.05189,56.55695],[13.05164,56.55521],[13.05746,56.55339],[13.0611,56.54925],[13.06788,56.5485],[13.06449,56.54519],[13.06088,56.54412],[13.0617,56.5411],[13.05803,56.53958],[13.06378,56.53511],[13.06822,56.53619],[13.07076,56.54012],[13.07451,56.54001],[13.07882,56.54328],[13.07803,56.54708],[13.08686,56.55087],[13.08718,56.55256]]]]}},{"type":"Feature","properties":{"fs":"TRANSIT","t":30.0},"geometry":{"type":"MultiPolygon","coordinates":[[[[13.51278,56.47914],[13.50811,56.47903],[13.50485,56.47697],[13.507,56.47386],[13.519,56.47403],[13.52111,56.47542],[13.52029,56.47732],[13.51649,56.47751],[13.51278,56.47914]]],[[[13.48657,56.4862],[13.47914,56.48525],[13.47769,56.48343],[13.48422,56.47599],[13.48816,56.47547],[13.4915,56.47664],[13.49014,56.48418],[13.48657,56.4862]]],[[[13.40509,56.4818],[13.42356,56.48669],[13.42472,56.48816],[13.4163,56.49046],[13.42068,56.49266],[13.41418,56.49749],[13.40527,56.49701],[13.3959,56.49274],[13.39806,56.48816],[13.40509,56.4818]]],[[[13.46793,56.4941],[13.46661,56.49655],[13.46378,56.49786],[13.46014,56.49591],[13.44868,56.49422],[13.45023,56.49238],[13.45402,56.49156],[13.45848,56.48679],[13.46258,56.48572],[13.47197,56.48941],[13.47328,56.49236],[13.46793,56.4941]]],[[[13.07693,56.51644],[13.07054,56.51423],[13.06321,56.51579],[13.06117,56.51457],[13.06933,56.51054],[13.07558,56.5103],[13.07994,56.5083],[13.08543,56.50895],[13.09119,56.50752],[13.09998,56.51125],[13.09892,56.51539],[13.08571,56.51687],[13.08262,56.51564],[13.07693,56.51644]]],[[[13.19606,56.53638],[13.18296,56.54245],[13.17968,56.543],[13.17857,56.53602],[13.17523,56.53407],[13.16954,56.53399],[13.16377,56.53558],[13.16292,56.53356],[13.15739,56.5331],[13.15247,56.53105],[13.14125,56.53056],[13.13637,56.53404],[13.1257,56.52988],[13.12642,56.52774],[13.12356,56.52669],[13.11869,56.52641],[13.11098,56.52829],[13.10473,56.52368],[13.10295,56.51602],[13.10626,56.51494],[13.1103,56.51543],[13.11902,56.51973],[13.12632,56.5201],[13.13114,56.51846],[13.1369,56.52132],[13.14423,56.51948],[13.14841,56.5213],[13.15196,56.52489],[13.15605,56.52556],[13.16258,56.52242],[13.16914,56.52133],[13.17634,56.51524],[13.1793,56.51497],[13.18276,56.51642],[13.19319,56.51556],[13.20346,56.52177],[13.21216,56.51831],[13.21541,56.51835],[13.21858,56.5202],[13.21858,56.52357],[13.22206,56.52699],[13.22521,56.52586],[13.2358,56.52515],[13.24101,56.52212],[13.24174,56.51772],[13.24835,56.51551],[13.25018,56.51341],[13.25566,56.51349],[13.25729,56.51547],[13.2604,56.51534],[13.25987,56.51175],[13.26463,56.51173],[13.2706,56.51466],[13.27683,56.51491],[13.28044,56.51627],[13.28772,56.51585],[13.28652,56.51391],[13.28818,56.51213],[13.28456,56.51007],[13.28716,56.50641],[13.29094,56.5059],[13.29741,56.50898],[13.29874,56.50546],[13.30337,56.50317],[13.30468,56.49805],[13.30728,56.49767],[13.31099,56.49922],[13.31657,56.49935],[13.31898,56.49835],[13.32022,56.49597],[13.32247,56.49563],[13.32658,56.50156],[13.34052,56.501],[13.34284,56.50363],[13.34998,56.50752],[13.34616,56.5109],[13.34962,56.51269],[13.35033,56.51494],[13.35849,56.51741],[13.35073,56.52371],[13.35008,56.52853],[13.34646,56.5346],[13.33873,56.53568],[13.33512,56.53754],[13.33295,56.53594],[13.33277,56.5322],[13.3285,56.53004],[13.32668,56.53181],[13.32725,56.53463],[13.3186,56.53507],[13.31523,56.53873],[13.3116,56.53918],[13.30232,56.53607],[13.30265,56.53367],[13.29917,56.53309],[13.29478,56.53059],[13.29502,56.52819],[13.28776,56.5269],[13.28545,56.52406],[13.28023,56.52219],[13.27674,56.52686],[13.2734,56.52867],[13.26756,56.52982],[13.26677,56.53488],[13.25339,56.53568],[13.24969,56.53839],[13.24722,56.53779],[13.24458,56.53481],[13.24039,56.53489],[13.24117,56.53116],[13.23027,56.5308],[13.22874,56.53315],[13.22649,56.53346],[13.21848,56.53088],[13.21512,56.53201],[13.20547,56.53085],[13.19447,56.53413],[13.19606,56.53638]]],[[[13.13481,56.54301],[13.13861,56.53885],[13.14913,56.53581],[13.15669,56.53908],[13.14586,56.54519],[13.13733,56.54423],[13.13481,56.54301]]]]}},{"type":"Feature","properties":{"fs":"TRANSIT","t":15.0},"geometry":{"type":"MultiPolygon","coordinates":[[[[13.33415,56.52562],[13.32037,56.52476],[13.31128,56.52823],[13.30061,56.5214],[13.30336,56.51903],[13.29874,56.51778],[13.30078,56.51416],[13.3072,56.51268],[13.30611,56.51042],[13.31267,56.5107],[13.31637,56.50644],[13.31878,56.50565],[13.32216,56.5074],[13.32682,56.50755],[13.33142,56.50916],[13.33248,56.51122],[13.33081,56.5161],[13.33992,56.52076],[13.33415,56.52562]]],[[[13.26717,56.51717],[13.27065,56.51766],[13.2745,56.52106],[13.26342,56.52294],[13.258,56.52225],[13.26717,56.51717]]],[[[13.24845,56.52439],[13.25068,56.5222],[13.2542,56.52317],[13.25396,56.52841],[13.24705,56.5282],[13.24294,56.52931],[13.23961,56.52814],[13.24265,56.52537],[13.24845,56.52439]]]]}},{"type":"Feature","properties":{"fs":"TRANSIT50","t":60.0},"geometry":{"type":"Polygon","coordinates":[[[13.31166,56.55621],[13.30593,56.55703],[13.3011,56.55954],[13.29542,56.55736],[13.29187,56.55391],[13.28859,56.55353],[13.28853,56.55016],[13.28485,56.54634],[13.29209,56.54684],[13.29624,56.54493],[13.29992,56.54081],[13.29939,56.53562],[13.29718,56.53447],[13.29514,56.53453],[13.29426,56.53755],[13.29107,56.53909],[13.27938,56.53964],[13.27071,56.53534],[13.27242,56.53363],[13.2691,56.53273],[13.26111,56.52743],[13.25073,56.52998],[13.24213,56.52915],[13.23936,56.52753],[13.24334,56.52501],[13.24884,56.52391],[13.24928,56.52176],[13.24668,56.51874],[13.25581,56.51326],[13.25669,56.51063],[13.25477,56.50776],[13.26126,56.50575],[13.26589,56.50736],[13.26872,56.50695],[13.26515,56.50426],[13.25897,56.50296],[13.25841,56.49987],[13.26148,56.49716],[13.26883,56.49811],[13.26724,56.49572],[13.27158,56.49378],[13.27786,56.49358],[13.28052,56.49246],[13.2766,56.4862],[13.29465,56.48213],[13.29946,56.48359],[13.3084,56.48337],[13.31824,56.47857],[13.31705,56.47597],[13.32144,56.47401],[13.32766,56.47709],[13.33618,56.48402],[13.34818,56.48795],[13.35304,56.49364],[13.35839,56.49157],[13.36556,56.49485],[13.37304,56.49311],[13.3763,56.49521],[13.3825,56.49511],[13.3804,56.49921],[13.38353,56.50201],[13.37861,56.50779],[13.37864,56.51194],[13.3757,56.51412],[13.37141,56.51455],[13.37073,56.51687],[13.37801,56.51793],[13.38812,56.52239],[13.38886,56.52404],[13.38079,56.52669],[13.37548,56.53178],[13.37095,56.53236],[13.36157,56.53812],[13.3619,56.54019],[13.35931,56.54303],[13.36533,56.54726],[13.36315,56.54914],[13.35501,56.55083],[13.34631,56.548],[13.34013,56.55221],[13.3394,56.55444],[13.3303,56.55326],[13.33007,56.55612],[13.32439,56.55986],[13.317,56.55684],[13.3151,56.55198],[13.3117,56.55068],[13.31166,56.55621]]]}},{"type":"Feature","properties":{"fs":"TRANSIT50","t":45.0},"geometry":{"type":"Polygon","coordinates":[[[13.31729,56.49574],[13.31768,56.4877],[13.32354,56.48594],[13.32705,56.49363],[13.33081,56.49222],[13.33661,56.49353],[13.34343,56.49248],[13.34716,56.49696],[13.35193,56.49935],[13.36349,56.5004],[13.36041,56.51609],[13.36934,56.52036],[13.3673,56.52404],[13.3633,56.52533],[13.35989,56.52879],[13.36031,56.53181],[13.35375,56.5361],[13.35168,56.54018],[13.34167,56.54037],[13.33397,56.54488],[13.32497,56.54257],[13.32282,56.54288],[13.32187,56.54612],[13.31822,56.54888],[13.31508,56.54796],[13.30176,56.54796],[13.29931,56.54312],[13.30212,56.54001],[13.30028,56.53532],[13.29236,56.53109],[13.27703,56.53169],[13.27337,56.52944],[13.26769,56.5281],[13.26809,56.52607],[13.26392,56.52376],[13.26854,56.51619],[13.27345,56.5139],[13.27383,56.51143],[13.27776,56.51042],[13.27571,56.50818],[13.27585,56.5027],[13.28407,56.50061],[13.2895,56.50334],[13.29367,56.50408],[13.3017,56.50341],[13.30071,56.50014],[13.29241,56.49576],[13.29383,56.49138],[13.30158,56.49053],[13.31729,56.49574]]]}},{"type":"Feature","properties":{"fs":"TRANSIT50","t":30.0},"geometry":{"type":"Polygon","coordinates":[[[13.31405,56.53894],[13.31161,56.53908],[13.30236,56.53591],[13.30286,56.5334],[13.29533,56.53029],[13.29691,56.52839],[13.28717,56.52661],[13.28352,56.52179],[13.28646,56.51745],[13.29379,56.51595],[13.28972,56.51053],[13.29047,56.50964],[13.2936,56.50845],[13.29828,56.50913],[13.30034,56.50514],[13.30549,56.50316],[13.30732,56.4985],[13.31658,56.49954],[13.32071,56.49619],[13.32659,56.50298],[13.33008,56.50285],[13.33293,56.50404],[13.33663,56.50319],[13.3472,56.50612],[13.34814,56.50829],[13.34253,56.51231],[13.33891,56.51293],[13.34287,56.51398],[13.34297,56.5165],[13.35112,56.51875],[13.34859,56.52087],[13.34855,56.52398],[13.34192,56.52689],[13.33834,56.5265],[13.34095,56.53093],[13.33505,56.53305],[13.33292,56.53066],[13.32793,56.52998],[13.32636,56.53181],[13.32773,56.53435],[13.31854,56.53485],[13.31405,56.53894]]]}},{"type":"Feature","properties":{"fs":"TRANSIT50","t":15.0},"geometry":{"type":"Polygon","coordinates":[[[13.31389,56.52737],[13.30984,56.52698],[13.3057,56.52344],[13.30563,56.52161],[13.30061,56.52129],[13.30355,56.52043],[13.3043,56.51713],[13.30887,56.51387],[13.31684,56.5127],[13.3174,56.50927],[13.3211,56.50824],[13.3302,56.51074],[13.32993,56.5131],[13.32692,56.51457],[13.32958,56.5156],[13.3319,56.52155],[13.32856,56.52346],[13.31863,56.52471],[13.31389,56.52737]]]}},{"type":"Feature","properties":{"fs":"TRANSITB","t":60.0},"geometry":{"type":"MultiPolygon","coordinates":[[[[13.03557,56.57742],[13.03358,56.57806],[13.02992,56.57575],[13.0135,56.57919],[13.00935,56.57807],[13.00869,56.5752],[13.01703,56.56814],[13.01351,56.56529],[13.01371,56.56348],[13.01663,56.56213],[13.02334,56.56216],[13.02663,56.5611],[13.03111,56.55668],[13.03169,56.55402],[13.03429,56.55306],[13.03243,56.54963],[13.03925,56.5488],[13.04581,56.54466],[13.04364,56.5394],[13.04563,56.5373],[13.03903,56.53225],[13.03162,56.53192],[13.02946,56.52663],[13.02369,56.52418],[13.02996,56.52094],[13.03614,56.52092],[13.03915,56.51952],[13.03627,56.51184],[13.03334,56.51069],[13.02709,56.51372],[13.02058,56.51361],[13.01438,56.50842],[13.00778,56.50581],[13.00461,56.51021],[12.99836,56.50747],[12.99436,56.50813],[12.98508,56.50693],[12.97507,56.51079],[12.97191,56.51478],[12.96855,56.51492],[12.96487,56.51358],[12.96174,56.51408],[12.96274,56.51629],[12.95861,56.51844],[12.95338,56.51492],[12.95332,56.51276],[12.95581,56.51009],[12.9625,56.51124],[12.96299,56.50886],[12.96606,56.50745],[12.97641,56.50767],[12.97114,56.50368],[12.97607,56.50255],[12.97785,56.49959],[12.98854,56.50265],[12.99492,56.49816],[12.99927,56.49727],[13.00146,56.49349],[13.01206,56.49415],[13.0191,56.49272],[13.01934,56.4882],[13.02433,56.48462],[13.03277,56.48176],[13.03211,56.48005],[13.02871,56.48049],[13.02177,56.4779],[13.02323,56.47577],[13.01868,56.47621],[13.0182,56.47369],[13.00847,56.47095],[13.011,56.46139],[13.0173,56.45981],[13.02291,56.46118],[13.02966,56.45938],[13.03357,56.46043],[13.03838,56.46014],[13.04227,56.45846],[13.04413,56.45482],[13.05063,56.45472],[13.05401,56.45617],[13.05677,56.45509],[13.05676,56.45285],[13.0593,56.45094],[13.06558,56.45136],[13.06952,56.44831],[13.07858,56.45036],[13.083,56.44984],[13.08529,56.45127],[13.08838,56.45042],[13.09238,56.45155],[13.09533,56.4512],[13.09624,56.45338],[13.09237,56.45574],[13.08318,56.45685],[13.06303,56.45688],[13.04181,56.46609],[13.04125,56.46749],[13.04645,56.46908],[13.04339,56.47331],[13.04577,56.47424],[13.0521,56.47432],[13.05654,56.47797],[13.05447,56.48011],[13.05882,56.48111],[13.06194,56.48359],[13.05698,56.4854],[13.05827,56.4878],[13.04758,56.48857],[13.04734,56.49112],[13.05116,56.49005],[13.0548,56.4923],[13.06063,56.49302],[13.06348,56.49041],[13.06994,56.48994],[13.07416,56.4949],[13.07949,56.49789],[13.08319,56.4966],[13.09925,56.49685],[13.10586,56.49875],[13.10698,56.50124],[13.11535,56.50429],[13.11526,56.5061],[13.11165,56.50471],[13.10426,56.50662],[13.10217,56.50881],[13.10406,56.51061],[13.11205,56.51308],[13.12139,56.51335],[13.12495,56.51475],[13.12793,56.51166],[13.13452,56.50996],[13.14105,56.51006],[13.1408,56.51547],[13.1383,56.51744],[13.14102,56.5189],[13.14751,56.5188],[13.15583,56.51455],[13.15693,56.51234],[13.154,56.51027],[13.15735,56.50851],[13.17363,56.50874],[13.17718,56.51046],[13.18329,56.51067],[13.18921,56.51389],[13.19289,56.51261],[13.20269,56.51276],[13.20254,56.51639],[13.19921,56.51925],[13.20266,56.52159],[13.20589,56.52142],[13.21212,56.51827],[13.21545,56.51832],[13.21864,56.52018],[13.21873,56.52357],[13.2212,56.52525],[13.23335,56.52573],[13.24038,56.52252],[13.23894,56.51869],[13.23654,56.517],[13.23743,56.51603],[13.24511,56.51546],[13.2473,56.51269],[13.25498,56.51195],[13.25551,56.50747],[13.26126,56.50575],[13.26449,56.50702],[13.26819,56.5066],[13.26489,56.5046],[13.25957,56.50346],[13.25841,56.49987],[13.26148,56.49716],[13.26848,56.49765],[13.26615,56.49557],[13.27093,56.49314],[13.27885,56.49244],[13.27881,56.49038],[13.27552,56.48798],[13.2766,56.4862],[13.28196,56.48518],[13.28825,56.48232],[13.29314,56.48173],[13.29946,56.48354],[13.3084,56.48333],[13.31824,56.47857],[13.31705,56.47597],[13.32087,56.474],[13.32766,56.47709],[13.33618,56.48399],[13.3489,56.48795],[13.35307,56.49364],[13.35839,56.49157],[13.36637,56.49494],[13.37932,56.49193],[13.38122,56.48581],[13.3959,56.47766],[13.40202,56.4776],[13.40593,56.47599],[13.41258,56.47742],[13.41547,56.47614],[13.42157,56.47609],[13.43186,56.47274],[13.44146,56.47646],[13.44137,56.47939],[13.4433,56.48119],[13.44777,56.48013],[13.45631,56.48022],[13.46064,56.47828],[13.46111,56.47131],[13.46443,56.46955],[13.47097,56.46963],[13.47453,56.47134],[13.47777,56.47115],[13.48042,56.46954],[13.4808,56.46615],[13.48772,56.46589],[13.49068,56.46269],[13.49435,56.46239],[13.50056,56.45921],[13.50708,56.4593],[13.50693,56.46402],[13.50885,56.46583],[13.51639,56.46478],[13.52018,56.46617],[13.52755,56.46425],[13.52969,56.46136],[13.53418,56.46074],[13.54288,56.45613],[13.54614,56.45616],[13.5537,56.45984],[13.55938,56.45956],[13.56559,56.45638],[13.56918,56.4581],[13.57242,56.45792],[13.5753,56.45584],[13.57417,56.45404],[13.56943,56.45139],[13.5658,56.45101],[13.56526,56.44899],[13.5607,56.44624],[13.55626,56.44551],[13.55937,56.44352],[13.55997,56.43881],[13.5642,56.43953],[13.57104,56.435],[13.57118,56.43297],[13.56635,56.43148],[13.56715,56.43036],[13.57022,56.43034],[13.57581,56.43281],[13.57945,56.43319],[13.57937,56.43612],[13.58131,56.43792],[13.58866,56.43878],[13.59155,56.44012],[13.59282,56.43872],[13.59835,56.43732],[13.60255,56.43885],[13.60813,56.43879],[13.61237,56.43627],[13.61536,56.43787],[13.61647,56.44259],[13.62769,56.44452],[13.63473,56.44786],[13.63304,56.45065],[13.62426,56.45549],[13.62387,56.46066],[13.62056,56.46242],[13.61608,56.46305],[13.6109,56.46613],[13.61375,56.47133],[13.60712,56.47486],[13.60352,56.47315],[13.60027,56.47333],[13.59408,56.47651],[13.58959,56.47713],[13.58745,56.48002],[13.58418,56.47999],[13.57979,56.47815],[13.57411,56.47841],[13.57125,56.4805],[13.57103,56.48523],[13.5677,56.48699],[13.55469,56.48684],[13.55101,56.48117],[13.54807,56.47971],[13.54482,56.47989],[13.53862,56.48306],[13.52884,56.48295],[13.52829,56.48091],[13.52374,56.47819],[13.51731,56.47747],[13.50832,56.4798],[13.49628,56.48615],[13.48937,56.48641],[13.47985,56.49135],[13.4696,56.49338],[13.46333,56.49835],[13.45889,56.49652],[13.45241,56.49708],[13.44725,56.50013],[13.44678,56.50531],[13.44025,56.50522],[13.4397,56.50318],[13.43357,56.49988],[13.41897,56.49959],[13.40448,56.50657],[13.40016,56.50651],[13.3953,56.50246],[13.38657,56.50149],[13.38506,56.49707],[13.3804,56.49906],[13.38355,56.50156],[13.38058,56.5044],[13.38924,56.50536],[13.40098,56.51367],[13.40084,56.51626],[13.38463,56.51685],[13.38067,56.51877],[13.3854,56.51978],[13.39291,56.52457],[13.38653,56.52856],[13.39042,56.53321],[13.39024,56.53694],[13.38714,56.5389],[13.38675,56.54228],[13.38426,56.54381],[13.38652,56.54767],[13.37667,56.5539],[13.36794,56.55286],[13.36338,56.55458],[13.3598,56.55287],[13.35411,56.55276],[13.34662,56.55578],[13.33383,56.55577],[13.32787,56.55908],[13.32413,56.55986],[13.31527,56.55765],[13.3148,56.55206],[13.3117,56.5507],[13.31194,56.55598],[13.30593,56.55703],[13.3011,56.55954],[13.29542,56.55736],[13.29187,56.55391],[13.28859,56.55353],[13.28853,56.55016],[13.28484,56.54661],[13.29226,56.54648],[13.29582,56.54475],[13.29945,56.54078],[13.29935,56.53563],[13.29718,56.53447],[13.29458,56.53497],[13.29391,56.53788],[13.28718,56.53978],[13.28302,56.53891],[13.27938,56.53964],[13.27048,56.53557],[13.26925,56.53885],[13.27114,56.54073],[13.26637,56.54067],[13.25965,56.53744],[13.25343,56.54049],[13.25033,56.54046],[13.24427,56.53532],[13.23411,56.53483],[13.23135,56.53345],[13.22561,56.53582],[13.22425,56.53828],[13.22095,56.53823],[13.2204,56.53618],[13.21272,56.53162],[13.20628,56.53087],[13.20304,56.5319],[13.20176,56.53366],[13.20801,56.53803],[13.20131,56.54155],[13.19692,56.5397],[13.18717,56.54022],[13.18508,56.5424],[13.18819,56.54492],[13.18473,56.54849],[13.17816,56.54838],[13.18075,56.54459],[13.1784,56.543],[13.17848,56.53602],[13.17522,56.53412],[13.17036,56.53395],[13.16337,56.53715],[13.16449,56.53848],[13.16891,56.53922],[13.17209,56.54109],[13.16675,56.54215],[13.16858,56.54644],[13.16522,56.5482],[13.15863,56.5499],[13.15251,56.54994],[13.1488,56.55156],[13.11623,56.55105],[13.11659,56.54273],[13.11241,56.53774],[13.10078,56.53465],[13.09811,56.53136],[13.09122,56.5309],[13.08765,56.5295],[13.08555,56.53103],[13.0879,56.53263],[13.08831,56.53646],[13.09049,56.53765],[13.0974,56.53761],[13.09696,56.54648],[13.10011,56.54899],[13.10001,56.5508],[13.09633,56.55109],[13.09424,56.55272],[13.09658,56.55433],[13.09654,56.5595],[13.10262,56.56341],[13.09928,56.56516],[13.09317,56.56519],[13.08944,56.56681],[13.08332,56.56684],[13.07959,56.56846],[13.06066,56.56827],[13.05936,56.56982],[13.05213,56.57203],[13.04909,56.57173],[13.04821,56.57043],[13.05174,56.56774],[13.05202,56.56471],[13.05018,56.56375],[13.04564,56.56566],[13.04419,56.5688],[13.04119,56.56969],[13.0419,56.57213],[13.03557,56.57742]],[[13.08959,56.54726],[13.08288,56.54337],[13.07962,56.54398],[13.07755,56.54573],[13.07866,56.54753],[13.0818,56.54868],[13.08668,56.54865],[13.08959,56.54726]]],[[[12.98009,56.59499],[12.98385,56.59962],[12.97684,56.60175],[12.97214,56.60662],[12.95986,56.60767],[12.95638,56.60608],[12.95592,56.60425],[12.95834,56.60234],[12.95462,56.59909],[12.96678,56.59694],[12.96845,56.59477],[12.96563,56.59135],[12.97371,56.59134],[12.97899,56.58898],[12.98138,56.58077],[12.99825,56.58278],[12.99956,56.58494],[12.995,56.58893],[12.9945,56.59269],[12.99039,56.59434],[12.98692,56.59361],[12.98009,56.59499]]],[[[12.89807,56.67427],[12.89402,56.67564],[12.88439,56.67517],[12.87528,56.67751],[12.86629,56.6776],[12.85665,56.67489],[12.85435,56.67238],[12.85926,56.66576],[12.86498,56.66212],[12.86954,56.6624],[12.8754,56.65803],[12.88325,56.65535],[12.87764,56.65363],[12.88407,56.65161],[12.88676,56.65229],[12.89566,56.64798],[12.90812,56.64407],[12.91074,56.63999],[12.92001,56.63742],[12.92828,56.63318],[12.93243,56.62753],[12.92942,56.62647],[12.92952,56.6246],[12.93669,56.62162],[12.94022,56.61677],[12.95069,56.61144],[12.95104,56.60953],[12.95689,56.60892],[12.95929,56.61158],[12.95127,56.61841],[12.95114,56.62077],[12.94726,56.62213],[12.95131,56.6238],[12.95213,56.6273],[12.95061,56.62997],[12.95486,56.63285],[12.95344,56.63496],[12.95657,56.63831],[12.94442,56.64182],[12.94307,56.649],[12.93771,56.6499],[12.93153,56.6549],[12.92227,56.65796],[12.91439,56.65837],[12.91289,56.66287],[12.90348,56.66617],[12.89807,56.67427]]],[[[12.90859,56.66836],[12.91404,56.66845],[12.92141,56.67175],[12.92179,56.67397],[12.9175,56.67416],[12.91387,56.67216],[12.90425,56.67278],[12.90415,56.67151],[12.90859,56.66836]]]]}},{"type":"Feature","properties":{"fs":"TRANSITB","t":45.0},"geometry":{"type":"MultiPolygon","coordinates":[[[[13.41572,56.49951],[13.40446,56.50655],[13.40243,56.50653],[13.39518,56.50174],[13.38791,56.50111],[13.38638,56.49656],[13.38087,56.49773],[13.37789,56.49722],[13.37818,56.49365],[13.38146,56.4912],[13.38276,56.48493],[13.39592,56.47768],[13.4012,56.47773],[13.40574,56.47601],[13.40899,56.47606],[13.41177,56.47751],[13.41588,56.47759],[13.42532,56.48007],[13.43196,56.47601],[13.43994,56.47839],[13.44488,56.48179],[13.45302,56.48111],[13.46078,56.48217],[13.46188,56.48025],[13.47091,56.47503],[13.4659,56.47149],[13.46634,56.4697],[13.47095,56.46964],[13.47696,56.47139],[13.48046,56.46954],[13.48082,56.46617],[13.48883,56.46627],[13.48971,56.46833],[13.49389,56.47012],[13.49295,56.46483],[13.49925,56.46202],[13.50627,56.4639],[13.51051,56.46712],[13.5136,56.46702],[13.51456,56.46478],[13.51937,56.46618],[13.52307,56.46489],[13.52699,56.46493],[13.52818,56.46742],[13.52582,56.4704],[13.53598,56.47105],[13.5407,56.46882],[13.53489,56.46351],[13.53802,56.46144],[13.54591,56.46201],[13.54899,56.46088],[13.55692,56.46057],[13.565,56.45774],[13.56883,56.46071],[13.57345,56.45799],[13.57672,56.45316],[13.57634,56.44785],[13.569,56.44566],[13.57915,56.44364],[13.58113,56.43861],[13.58657,56.43893],[13.59381,56.44302],[13.59579,56.44608],[13.5996,56.44743],[13.60183,56.44745],[13.60781,56.44455],[13.61478,56.44547],[13.61786,56.44722],[13.61531,56.45198],[13.61045,56.45158],[13.60528,56.45834],[13.6104,56.4589],[13.6117,56.46021],[13.60782,56.46385],[13.60699,56.47271],[13.59784,56.47302],[13.59082,56.47511],[13.57465,56.47394],[13.56984,56.48374],[13.56178,56.485],[13.55897,56.48137],[13.55483,56.48088],[13.55174,56.48198],[13.54887,56.47992],[13.54199,56.47881],[13.53869,56.47973],[13.53638,56.48302],[13.52886,56.48293],[13.52833,56.4809],[13.52376,56.47817],[13.51731,56.47744],[13.50831,56.47978],[13.49627,56.48613],[13.48971,56.486],[13.47983,56.49134],[13.46959,56.49336],[13.46331,56.49833],[13.4597,56.49661],[13.45321,56.49674],[13.4472,56.50013],[13.44616,56.50506],[13.43277,56.49973],[13.41572,56.49951]]],[[[13.08575,56.55574],[13.08908,56.55849],[13.08982,56.56176],[13.08218,56.56119],[13.0804,56.56419],[13.07773,56.56483],[13.06901,56.56025],[13.06636,56.56089],[13.06475,56.56395],[13.05991,56.5632],[13.05706,56.56406],[13.0548,56.56155],[13.04811,56.5592],[13.05069,56.5525],[13.05784,56.55135],[13.06064,56.54861],[13.06038,56.5464],[13.05517,56.54438],[13.0577,56.54138],[13.05937,56.53402],[13.04895,56.53102],[13.04627,56.52862],[13.04634,56.52637],[13.04298,56.52448],[13.04347,56.52301],[13.04834,56.5214],[13.04784,56.51892],[13.0435,56.51682],[13.03992,56.51796],[13.03673,56.51566],[13.03573,56.51138],[13.0301,56.51039],[13.0306,56.50759],[13.02704,56.50669],[13.02082,56.50713],[13.0183,56.5049],[13.02851,56.50379],[13.02965,56.50072],[13.03488,56.49777],[13.03715,56.49781],[13.04094,56.5],[13.04654,56.49774],[13.05433,56.49745],[13.06484,56.49847],[13.07012,56.50046],[13.07461,56.49806],[13.07996,56.4987],[13.08368,56.49674],[13.09173,56.49675],[13.09858,56.50056],[13.10259,56.50098],[13.10568,56.50011],[13.11194,56.50278],[13.11082,56.5049],[13.10874,56.506],[13.10537,56.50578],[13.10211,56.50881],[13.10483,56.51097],[13.11204,56.5131],[13.12137,56.51337],[13.12496,56.51477],[13.12795,56.51167],[13.13454,56.50997],[13.13847,56.51004],[13.14089,56.51299],[13.13768,56.51699],[13.14101,56.51892],[13.14588,56.51912],[13.1583,56.51426],[13.15767,56.51058],[13.15935,56.50951],[13.17361,56.50876],[13.17718,56.51049],[13.18327,56.51069],[13.18921,56.51391],[13.19291,56.51263],[13.20267,56.51277],[13.20251,56.51638],[13.19916,56.51924],[13.20266,56.52162],[13.2059,56.52145],[13.21214,56.51829],[13.21543,56.51834],[13.21861,56.52019],[13.21868,56.52357],[13.22119,56.52527],[13.23335,56.52576],[13.24078,56.52208],[13.23787,56.5165],[13.24496,56.51607],[13.24775,56.51308],[13.25486,56.51255],[13.25761,56.50941],[13.26136,56.51052],[13.26889,56.50685],[13.26534,56.5042],[13.26014,56.50265],[13.26371,56.49887],[13.26925,56.49786],[13.26732,56.49544],[13.27175,56.49334],[13.27995,56.49238],[13.27994,56.49044],[13.277,56.48839],[13.27746,56.4865],[13.29502,56.48172],[13.29946,56.48357],[13.3095,56.48377],[13.31717,56.48708],[13.32354,56.48594],[13.32721,56.49127],[13.33717,56.49155],[13.33189,56.49],[13.33213,56.4875],[13.33693,56.48515],[13.34363,56.48597],[13.34794,56.48795],[13.35123,56.49143],[13.35155,56.49481],[13.34872,56.49692],[13.35243,56.49899],[13.3629,56.49928],[13.36871,56.50454],[13.37232,56.50333],[13.37581,56.50497],[13.38835,56.50556],[13.40095,56.51368],[13.40062,56.51604],[13.38506,56.51626],[13.37997,56.51869],[13.38502,56.5201],[13.39209,56.52424],[13.38546,56.52854],[13.39036,56.53292],[13.39021,56.53693],[13.38709,56.5389],[13.38672,56.54227],[13.38422,56.54381],[13.38649,56.54766],[13.37905,56.55226],[13.37651,56.5535],[13.36712,56.55294],[13.3634,56.55456],[13.3598,56.55284],[13.3533,56.55278],[13.34658,56.55518],[13.33392,56.55524],[13.32538,56.55866],[13.3167,56.5578],[13.3159,56.55206],[13.3116,56.54965],[13.30166,56.55003],[13.29547,56.55271],[13.29059,56.5504],[13.29033,56.54809],[13.2965,56.54499],[13.30051,56.54044],[13.30007,56.53533],[13.29083,56.53096],[13.28595,56.53159],[13.28003,56.53476],[13.27597,56.53294],[13.27263,56.53289],[13.2681,56.53595],[13.26772,56.53861],[13.26994,56.5407],[13.26639,56.54065],[13.25964,56.53742],[13.25341,56.54047],[13.25013,56.54043],[13.24428,56.5353],[13.23413,56.53481],[13.23136,56.53343],[13.22558,56.53581],[13.22424,56.53826],[13.22097,56.53821],[13.22044,56.53618],[13.21273,56.5316],[13.20547,56.53094],[13.20171,56.53366],[13.20798,56.53802],[13.20131,56.54152],[13.19692,56.53967],[13.18715,56.54021],[13.18503,56.5424],[13.18815,56.54492],[13.18471,56.54847],[13.17819,56.54837],[13.18079,56.54459],[13.17843,56.54299],[13.17852,56.53602],[13.17523,56.5341],[13.17036,56.53392],[13.16333,56.53715],[13.16447,56.5385],[13.16889,56.53924],[13.17205,56.54109],[13.16672,56.54214],[13.16855,56.54643],[13.1652,56.54818],[13.15861,56.54988],[13.15251,56.54991],[13.14878,56.55154],[13.11849,56.55107],[13.11632,56.54962],[13.11664,56.54273],[13.11353,56.54021],[13.11399,56.53606],[13.10979,56.53656],[13.1008,56.53463],[13.09891,56.53168],[13.09368,56.53081],[13.09512,56.52909],[13.10106,56.52716],[13.10144,56.52348],[13.0977,56.52352],[13.09164,56.52767],[13.08771,56.5282],[13.07852,56.52498],[13.07359,56.51983],[13.06761,56.5178],[13.06515,56.52217],[13.06931,56.52403],[13.07021,56.52629],[13.06586,56.53204],[13.07193,56.53486],[13.07133,56.53912],[13.07463,56.53737],[13.07779,56.54107],[13.08158,56.54096],[13.08352,56.54268],[13.07814,56.54484],[13.07862,56.54754],[13.0818,56.54871],[13.0885,56.54887],[13.09268,56.55057],[13.08575,56.55574]]],[[[12.92779,56.63408],[12.93288,56.63057],[12.93733,56.6348],[12.92843,56.63606],[12.92779,56.63408]]]]}},{"type":"Feature","properties":{"fs":"TRANSITB","t":30.0},"geometry":{"type":"MultiPolygon","coordinates":[[[[13.58075,56.46713],[13.58762,56.46415],[13.5917,56.46361],[13.59325,56.46543],[13.58941,56.46779],[13.5809,56.47028],[13.58075,56.46713]]],[[[13.55537,56.4666],[13.56637,56.46815],[13.57074,56.47058],[13.56866,56.4719],[13.56449,56.47237],[13.56489,56.47512],[13.55958,56.47593],[13.55618,56.47362],[13.55078,56.47246],[13.55277,56.46816],[13.55537,56.4666]]],[[[13.51632,56.47153],[13.52621,56.47295],[13.52759,56.47399],[13.52316,56.47747],[13.5165,56.47751],[13.50664,56.48042],[13.50032,56.47697],[13.50191,56.47356],[13.50632,56.47165],[13.51253,56.47347],[13.51632,56.47153]]],[[[13.47871,56.48839],[13.47708,56.49129],[13.46877,56.49366],[13.46392,56.49798],[13.4589,56.49646],[13.44611,56.49639],[13.44314,56.49435],[13.44785,56.49094],[13.45534,56.48974],[13.46054,56.48383],[13.46658,56.48313],[13.47021,56.48675],[13.4742,56.48609],[13.47403,56.48255],[13.47968,56.47897],[13.47766,56.47669],[13.47988,56.47459],[13.49067,56.47366],[13.49549,56.47489],[13.49614,56.47647],[13.49241,56.47884],[13.49047,56.48445],[13.48591,56.48747],[13.47871,56.48839]]],[[[13.42386,56.49433],[13.42046,56.49589],[13.41455,56.498],[13.40135,56.49845],[13.39787,56.4958],[13.39235,56.49505],[13.38937,56.49351],[13.40138,56.4795],[13.4036,56.47868],[13.41516,56.48372],[13.42498,56.48426],[13.42933,56.48822],[13.42481,56.4909],[13.42386,56.49433]]],[[[13.06118,56.51432],[13.06933,56.51054],[13.07558,56.5103],[13.07946,56.50841],[13.08543,56.50895],[13.08956,56.50761],[13.0928,56.50788],[13.09998,56.51125],[13.0992,56.51517],[13.08571,56.51687],[13.08262,56.51564],[13.07693,56.51644],[13.07054,56.51423],[13.06194,56.51538],[13.06118,56.51432]]],[[[13.24101,56.52212],[13.24174,56.51772],[13.24835,56.51551],[13.24923,56.51412],[13.25566,56.51349],[13.25729,56.51547],[13.2604,56.51534],[13.25954,56.51188],[13.26994,56.50674],[13.26579,56.50381],[13.26117,56.50266],[13.26454,56.49913],[13.26995,56.49811],[13.26802,56.49571],[13.2716,56.49381],[13.27788,56.49374],[13.28092,56.4925],[13.28133,56.49076],[13.27835,56.48874],[13.27832,56.4868],[13.28221,56.48638],[13.28972,56.48346],[13.30097,56.48608],[13.31073,56.48565],[13.32105,56.49222],[13.33711,56.49235],[13.3388,56.49114],[13.33308,56.48964],[13.3334,56.48749],[13.33691,56.48574],[13.34361,56.48598],[13.35013,56.49138],[13.35005,56.49499],[13.34768,56.49699],[13.35182,56.49949],[13.36292,56.50023],[13.36431,56.50292],[13.36845,56.50517],[13.37215,56.50396],[13.3757,56.50561],[13.38843,56.50613],[13.40092,56.51369],[13.40083,56.51556],[13.38501,56.51571],[13.37927,56.51861],[13.39126,56.5243],[13.38434,56.52898],[13.39033,56.53328],[13.39018,56.53692],[13.38705,56.5389],[13.38653,56.54121],[13.37958,56.54211],[13.38314,56.54604],[13.38314,56.54941],[13.37663,56.55307],[13.36794,56.55281],[13.363,56.55409],[13.359,56.55269],[13.35168,56.55269],[13.347,56.55454],[13.33451,56.55458],[13.32542,56.55788],[13.31758,56.55755],[13.31733,56.55237],[13.31114,56.54884],[13.30158,56.54916],[13.29526,56.55208],[13.29156,56.55012],[13.29166,56.54806],[13.29771,56.54484],[13.30136,56.54088],[13.30167,56.53641],[13.29789,56.53226],[13.28978,56.52819],[13.28818,56.53014],[13.27985,56.53406],[13.27026,56.52981],[13.26755,56.52996],[13.26677,56.53488],[13.25339,56.53568],[13.24969,56.53839],[13.24722,56.53779],[13.24458,56.53481],[13.24039,56.53489],[13.24117,56.53116],[13.23027,56.5308],[13.22874,56.53315],[13.22649,56.53346],[13.21848,56.53088],[13.21512,56.53201],[13.20465,56.53095],[13.19447,56.53413],[13.19606,56.53638],[13.17968,56.543],[13.17857,56.53602],[13.17523,56.53407],[13.16954,56.53399],[13.16377,56.53558],[13.16292,56.53356],[13.15739,56.5331],[13.15247,56.53105],[13.14125,56.53056],[13.13637,56.53404],[13.1257,56.52988],[13.12642,56.52774],[13.12356,56.52669],[13.11869,56.52641],[13.11098,56.52829],[13.10473,56.52368],[13.10236,56.5169],[13.10462,56.51525],[13.10869,56.51511],[13.1183,56.51963],[13.12632,56.5201],[13.13114,56.51846],[13.1369,56.52132],[13.14423,56.51948],[13.14841,56.5213],[13.15196,56.52489],[13.15605,56.52556],[13.16258,56.52242],[13.16914,56.52133],[13.17634,56.51524],[13.1793,56.51497],[13.18276,56.51642],[13.19319,56.51556],[13.20346,56.52177],[13.21216,56.51831],[13.21541,56.51835],[13.21858,56.5202],[13.21858,56.52357],[13.22206,56.52699],[13.22521,56.52586],[13.2358,56.52515],[13.24101,56.52212]]],[[[13.15554,56.53601],[13.16234,56.53589],[13.1623,56.53763],[13.14926,56.54652],[13.14447,56.54787],[13.13949,56.54525],[13.13202,56.54465],[13.12888,56.5424],[13.1365,56.53813],[13.14104,56.53698],[13.14205,56.53512],[13.15275,56.53317],[13.15554,56.53601]]]]}},{"type":"Feature","properties":{"fs":"TRANSITB","t":15.0},"geometry":{"type":"MultiPolygon","coordinates":[[[[13.2752,56.52085],[13.26193,56.523],[13.258,56.52225],[13.26753,56.5171],[13.27016,56.5174],[13.2752,56.52085]]],[[[13.35302,56.54036],[13.34976,56.54054],[13.34119,56.53672],[13.33096,56.54288],[13.32887,56.54172],[13.32928,56.53937],[13.32468,56.53779],[13.32124,56.53743],[13.31574,56.53986],[13.30939,56.5377],[13.30408,56.5324],[13.30367,56.53015],[13.29275,56.52865],[13.28785,56.52624],[13.28407,56.52056],[13.27916,56.51932],[13.29427,56.51776],[13.29351,56.51668],[13.28506,56.51462],[13.28512,56.5135],[13.28843,56.51212],[13.28338,56.51145],[13.28212,56.50784],[13.28872,56.50572],[13.29457,56.50651],[13.29723,56.50827],[13.30031,56.50545],[13.3034,56.50451],[13.31296,56.50644],[13.31473,56.50548],[13.31431,56.50351],[13.31728,56.50293],[13.32282,56.50379],[13.32636,56.50642],[13.33909,56.50575],[13.3437,56.50722],[13.34521,56.50974],[13.352,56.50789],[13.35939,56.51079],[13.36143,56.51295],[13.35922,56.51652],[13.36751,56.52039],[13.36799,56.52337],[13.36519,56.52469],[13.35625,56.52232],[13.35142,56.52345],[13.35174,56.52434],[13.35876,56.52535],[13.36252,56.52763],[13.35824,56.52789],[13.35713,56.53474],[13.35121,56.53528],[13.35302,56.54036]]],[[[13.24845,56.52439],[13.25068,56.5222],[13.2542,56.52317],[13.25396,56.52841],[13.24705,56.5282],[13.24294,56.52931],[13.23961,56.52814],[13.24265,56.52537],[13.24845,56.52439]]]]}},{"type":"Feature","properties":{"fs":"CAR","t":60.0},"geometry":{"type":"MultiPolygon","coordinates":[[[[12.63857,56.10643],[12.64233,56.11408],[12.63356,56.11359],[12.63086,56.1166],[12.62748,56.11229],[12.63857,56.10643]]],[[[13.81819,56.15255],[13.8256,56.16133],[13.82229,56.1627],[13.81165,56.1567],[13.81819,56.15255]]],[[[13.81527,56.16987],[13.82187,56.16806],[13.83339,56.17004],[13.82159,56.17308],[13.81527,56.16987]]],[[[13.80691,56.17452],[13.79675,56.17467],[13.79807,56.16879],[13.81407,56.16803],[13.80691,56.17452]]],[[[14.06603,56.24797],[14.05107,56.24132],[14.05463,56.23995],[14.06692,56.24594],[14.06603,56.24797]]],[[[12.80168,56.00159],[12.8094,56.00475],[12.81846,56.004],[12.83123,56.00876],[12.83609,56.00698],[12.85154,56.01314],[12.84097,56.01689],[12.83967,56.01322],[12.82872,56.01324],[12.8286,56.0177],[12.8194,56.01862],[12.81637,56.02327],[12.80884,56.02349],[12.81545,56.02634],[12.81404,56.02905],[12.80805,56.03077],[12.7982,56.02976],[12.8008,56.03254],[12.7954,56.03495],[12.79574,56.03772],[12.80581,56.04162],[12.79055,56.04296],[12.78855,56.03183],[12.78164,56.03213],[12.78761,56.04824],[12.78359,56.05281],[12.79449,56.05521],[12.80227,56.06114],[12.80469,56.05683],[12.82086,56.05052],[12.833,56.05766],[12.82786,56.05977],[12.83095,56.06734],[12.84636,56.06719],[12.84877,56.05836],[12.83511,56.05587],[12.84256,56.04936],[12.858,56.04731],[12.86561,56.05341],[12.86917,56.04799],[12.87541,56.04951],[12.8741,56.04597],[12.85743,56.04259],[12.87184,56.04053],[12.86821,56.03822],[12.87139,56.03511],[12.86938,56.02911],[12.86076,56.02707],[12.86416,56.01842],[12.87117,56.02542],[12.88287,56.02707],[12.8762,56.02963],[12.88003,56.0354],[12.89084,56.03418],[12.89574,56.02788],[12.90279,56.02959],[12.89223,56.04109],[12.90198,56.04912],[12.8977,56.05242],[12.90498,56.05394],[12.90602,56.05789],[12.91183,56.05729],[12.91834,56.05979],[12.9239,56.05679],[12.93375,56.0571],[12.93833,56.04973],[12.94188,56.05056],[12.94234,56.05916],[12.95302,56.05662],[12.95974,56.05301],[12.95325,56.05223],[12.95117,56.04893],[12.95905,56.04586],[12.96356,56.0472],[12.96582,56.04237],[12.96045,56.03954],[12.96779,56.0359],[12.97222,56.0399],[12.96587,56.05096],[12.96974,56.05369],[12.95264,56.06513],[12.9576,56.06971],[12.9616,56.06528],[12.96458,56.06589],[12.9673,56.07142],[12.96016,56.07357],[12.96898,56.07769],[12.97336,56.07559],[12.97495,56.06684],[12.97887,56.06627],[12.98486,56.07163],[12.97974,56.07359],[12.9764,56.08294],[12.99608,56.07806],[12.98387,56.08587],[12.9919,56.09555],[13.00085,56.09261],[13.00908,56.09857],[13.02113,56.09864],[13.02942,56.09391],[13.0315,56.09731],[13.03917,56.09968],[13.03982,56.09183],[13.04914,56.08888],[13.05834,56.09324],[13.06088,56.08888],[13.05346,56.0853],[13.05862,56.0792],[13.0701,56.07658],[13.0735,56.0814],[13.0833,56.07622],[13.08228,56.07143],[13.08951,56.07491],[13.09407,56.07161],[13.1037,56.07485],[13.10635,56.07208],[13.1035,56.06881],[13.11479,56.06379],[13.10776,56.05862],[13.10958,56.05734],[13.11833,56.05794],[13.1227,56.06615],[13.11342,56.07128],[13.11787,56.07781],[13.11089,56.08023],[13.11081,56.08348],[13.10511,56.08442],[13.10123,56.0904],[13.10944,56.08582],[13.12439,56.08317],[13.12302,56.0802],[13.12871,56.07692],[13.13824,56.07717],[13.13538,56.07386],[13.14098,56.07233],[13.15286,56.07588],[13.15473,56.08054],[13.16539,56.07648],[13.15618,56.06947],[13.17389,56.07191],[13.17462,56.06693],[13.17906,56.06868],[13.19035,56.06604],[13.19511,56.06892],[13.2024,56.06509],[13.2031,56.06988],[13.21138,56.07],[13.22792,56.06237],[13.23044,56.06494],[13.22444,56.06991],[13.20787,56.07542],[13.20337,56.08037],[13.19695,56.07793],[13.19419,56.0833],[13.18518,56.08272],[13.1748,56.08982],[13.19958,56.08612],[13.20973,56.09118],[13.21461,56.08886],[13.22216,56.08941],[13.23591,56.08436],[13.23607,56.07906],[13.24109,56.07913],[13.23972,56.08894],[13.23007,56.09498],[13.22412,56.09321],[13.22263,56.09551],[13.22867,56.09812],[13.22238,56.10007],[13.22193,56.10263],[13.21485,56.10347],[13.21063,56.1079],[13.20539,56.10698],[13.20503,56.11152],[13.21224,56.11101],[13.21732,56.10715],[13.22016,56.11372],[13.24044,56.1117],[13.24545,56.11935],[13.26044,56.12327],[13.27411,56.12116],[13.27301,56.11773],[13.26342,56.11855],[13.27265,56.11159],[13.26453,56.10502],[13.27371,56.10473],[13.28041,56.09541],[13.27904,56.09146],[13.26146,56.07844],[13.26268,56.07635],[13.29098,56.09394],[13.29011,56.10046],[13.29957,56.10045],[13.29455,56.10796],[13.30452,56.1155],[13.30832,56.11475],[13.30606,56.11205],[13.30935,56.10845],[13.31686,56.11213],[13.32939,56.10423],[13.33308,56.10989],[13.33857,56.10688],[13.34031,56.11308],[13.34843,56.11724],[13.33578,56.11709],[13.3362,56.12482],[13.34045,56.1274],[13.35353,56.12716],[13.35238,56.12232],[13.35888,56.11979],[13.3602,56.11236],[13.38108,56.11774],[13.39172,56.1158],[13.37922,56.11416],[13.38488,56.111],[13.38296,56.1088],[13.39474,56.10949],[13.4018,56.10294],[13.40622,56.10552],[13.40416,56.10978],[13.40849,56.11124],[13.41369,56.10309],[13.41879,56.1113],[13.43046,56.10555],[13.4372,56.10973],[13.42204,56.11794],[13.43054,56.11894],[13.43466,56.11459],[13.43707,56.11926],[13.44256,56.11694],[13.44978,56.1218],[13.43871,56.1284],[13.43787,56.13345],[13.4458,56.13316],[13.46858,56.13886],[13.46874,56.13173],[13.47367,56.13418],[13.4782,56.13086],[13.48569,56.13545],[13.49425,56.12881],[13.4983,56.13448],[13.50214,56.12638],[13.50647,56.12475],[13.50878,56.13657],[13.5177,56.13359],[13.52059,56.13671],[13.51494,56.1443],[13.50671,56.14455],[13.50568,56.13878],[13.50067,56.14146],[13.48189,56.14046],[13.48134,56.15009],[13.49436,56.15165],[13.50047,56.14672],[13.50976,56.1502],[13.50315,56.16048],[13.53505,56.16651],[13.52813,56.16839],[13.52904,56.17107],[13.53897,56.16934],[13.54079,56.1611],[13.52794,56.16151],[13.52578,56.15552],[13.53711,56.15207],[13.53117,56.14616],[13.5199,56.14167],[13.53065,56.13683],[13.5337,56.13153],[13.53917,56.1374],[13.53454,56.1403],[13.54006,56.14719],[13.56372,56.15337],[13.56489,56.15914],[13.57656,56.15324],[13.58886,56.15401],[13.60107,56.15029],[13.60932,56.1552],[13.616,56.15467],[13.6274,56.14553],[13.63694,56.15307],[13.65926,56.15486],[13.66622,56.14651],[13.67692,56.15351],[13.68726,56.15264],[13.69532,56.15974],[13.70541,56.15648],[13.71026,56.15821],[13.72961,56.15382],[13.73766,56.15569],[13.7444,56.15141],[13.73558,56.1444],[13.73815,56.14273],[13.75505,56.14899],[13.76314,56.14752],[13.77053,56.15237],[13.76377,56.16185],[13.76622,56.16913],[13.77815,56.17007],[13.77947,56.17211],[13.76503,56.17478],[13.75997,56.18782],[13.77397,56.19115],[13.77801,56.19627],[13.80932,56.19641],[13.81638,56.1992],[13.81469,56.20503],[13.79773,56.20767],[13.79577,56.21945],[13.80127,56.2235],[13.81202,56.2209],[13.817,56.22274],[13.82744,56.21652],[13.83202,56.2172],[13.83312,56.22054],[13.84227,56.21765],[13.84504,56.21343],[13.85115,56.21559],[13.8554,56.22507],[13.85136,56.22559],[13.84394,56.22094],[13.84101,56.22587],[13.8478,56.22656],[13.84075,56.23034],[13.83585,56.23008],[13.83563,56.2331],[13.81457,56.24166],[13.83637,56.25999],[13.84224,56.26032],[13.85139,56.2547],[13.85412,56.25552],[13.85498,56.26023],[13.84042,56.26649],[13.84272,56.26974],[13.85494,56.27027],[13.86692,56.27459],[13.87173,56.27211],[13.87543,56.27706],[13.90013,56.28257],[13.90808,56.28704],[13.91524,56.28373],[13.92467,56.28353],[13.93239,56.26591],[13.93574,56.2679],[13.93412,56.27397],[13.93869,56.27547],[13.94748,56.27233],[13.94507,56.26807],[13.94792,56.26705],[13.96016,56.27288],[13.95935,56.2674],[13.96791,56.26789],[13.97158,56.27209],[13.96914,56.27531],[14.0094,56.27333],[14.01862,56.26789],[14.03051,56.26658],[14.02828,56.25753],[14.03303,56.25672],[14.0329,56.25199],[14.0391,56.25611],[14.05827,56.25603],[14.0664,56.25351],[14.0713,56.25966],[14.0691,56.26168],[14.04071,56.25907],[14.04771,56.26488],[14.04596,56.27091],[14.04981,56.27192],[14.05757,56.26917],[14.05938,56.27227],[14.05369,56.27803],[14.04256,56.27922],[14.03466,56.28556],[14.03829,56.28821],[14.0504,56.28884],[14.02951,56.29296],[14.03522,56.30017],[14.04715,56.29773],[14.05171,56.30188],[14.045,56.30268],[14.0488,56.31263],[14.03784,56.30636],[14.03043,56.31192],[14.032,56.31741],[14.05261,56.32197],[14.05517,56.3204],[14.05055,56.31825],[14.05153,56.31433],[14.06503,56.30966],[14.06751,56.31164],[14.06417,56.32208],[14.08194,56.32102],[14.088,56.31758],[14.09631,56.32225],[14.10301,56.31022],[14.101,56.30522],[14.094,56.30243],[14.10777,56.29636],[14.11985,56.29827],[14.12207,56.2952],[14.13006,56.2989],[14.1411,56.29631],[14.14479,56.30076],[14.13656,56.30737],[14.12478,56.30907],[14.12104,56.3126],[14.12545,56.31263],[14.12614,56.31937],[14.12479,56.32245],[14.12083,56.32158],[14.12401,56.33171],[14.11847,56.33612],[14.12144,56.33909],[14.1179,56.34338],[14.12377,56.34799],[14.12096,56.35429],[14.12905,56.35252],[14.12908,56.34768],[14.1381,56.34557],[14.1356,56.33853],[14.14087,56.33492],[14.14247,56.3396],[14.16219,56.34798],[14.15502,56.35228],[14.15727,56.35904],[14.17002,56.36011],[14.17797,56.36648],[14.19589,56.36828],[14.19741,56.36204],[14.20457,56.36433],[14.2046,56.36932],[14.22247,56.36718],[14.22007,56.37353],[14.22947,56.37144],[14.23726,56.3743],[14.2414,56.37151],[14.24936,56.37633],[14.24844,56.37184],[14.254,56.37187],[14.26244,56.38034],[14.25689,56.37919],[14.25318,56.38169],[14.2465,56.37997],[14.23347,56.38227],[14.22932,56.39156],[14.22443,56.38713],[14.22056,56.39272],[14.20878,56.39321],[14.20504,56.39066],[14.20767,56.38562],[14.2019,56.3832],[14.18965,56.38817],[14.18091,56.38847],[14.18624,56.39391],[14.188,56.4062],[14.19503,56.40919],[14.18939,56.41639],[14.19855,56.42241],[14.1832,56.42358],[14.17934,56.42615],[14.17544,56.425],[14.17171,56.43059],[14.16648,56.4255],[14.15845,56.4261],[14.15455,56.43047],[14.15011,56.42483],[14.13647,56.43077],[14.14449,56.44206],[14.14261,56.44696],[14.14688,56.45597],[14.1653,56.45998],[14.1452,56.47435],[14.15006,56.47284],[14.15459,56.47442],[14.15751,56.46854],[14.1665,56.46537],[14.17194,56.46969],[14.17144,56.48085],[14.20543,56.48095],[14.19068,56.48287],[14.18222,56.48906],[14.17819,56.48566],[14.16729,56.48503],[14.15295,56.49097],[14.15743,56.49479],[14.15629,56.50075],[14.14499,56.5065],[14.15783,56.51122],[14.15716,56.5129],[14.14235,56.51107],[14.13213,56.51369],[14.12202,56.51167],[14.11609,56.51556],[14.11167,56.50888],[14.10038,56.51409],[14.10065,56.52752],[14.09026,56.5231],[14.08025,56.52906],[14.08047,56.53352],[14.0863,56.537],[14.10375,56.53796],[14.1043,56.53092],[14.1121,56.52325],[14.12802,56.52688],[14.13193,56.52227],[14.15339,56.5169],[14.15589,56.51872],[14.14511,56.52342],[14.14933,56.52796],[14.14483,56.53607],[14.15586,56.53142],[14.15965,56.53208],[14.14906,56.54022],[14.14819,56.5447],[14.15973,56.54577],[14.16184,56.54817],[14.14947,56.55594],[14.13923,56.55868],[14.14631,56.56041],[14.14787,56.5645],[14.12305,56.57134],[14.11951,56.57623],[14.10962,56.5749],[14.11433,56.56918],[14.09972,56.5632],[14.10034,56.55845],[14.07964,56.56299],[14.09371,56.57015],[14.08717,56.57263],[14.07795,56.56982],[14.07283,56.57112],[14.07931,56.57657],[14.06612,56.58567],[14.06909,56.59411],[14.0666,56.5969],[14.07033,56.60058],[14.07728,56.59719],[14.09307,56.59682],[14.08233,56.60937],[14.07701,56.60849],[14.07252,56.61155],[14.08443,56.61725],[14.06915,56.6177],[14.07352,56.62279],[14.07289,56.63794],[14.05733,56.62449],[14.04251,56.63378],[14.04684,56.64406],[14.05194,56.642],[14.05591,56.64483],[14.06113,56.64328],[14.06303,56.64854],[14.07139,56.65071],[14.05583,56.6515],[14.052,56.6566],[14.03879,56.65663],[14.045,56.66623],[14.04036,56.66823],[14.04182,56.67098],[14.03346,56.67218],[14.03139,56.67693],[14.04197,56.6886],[14.03805,56.6892],[14.02615,56.68223],[14.01272,56.68549],[14.01346,56.68971],[14.00631,56.69311],[14.01373,56.70038],[14.02181,56.6956],[14.02638,56.69641],[14.02538,56.7023],[14.03044,56.7024],[14.03568,56.7068],[14.0305,56.71483],[14.02688,56.7134],[14.02659,56.70815],[14.01743,56.7071],[14.00998,56.70887],[14.02236,56.72347],[14.01218,56.72227],[13.99795,56.71345],[13.99092,56.72153],[13.99362,56.72886],[14.01021,56.7391],[14.00396,56.74354],[14.01375,56.74362],[14.00695,56.74946],[14.02022,56.75162],[14.01185,56.75427],[14.00522,56.76025],[14.02365,56.77219],[14.03201,56.77184],[14.04027,56.76217],[14.04761,56.76494],[14.05694,56.76005],[14.06088,56.76092],[14.05981,56.76784],[14.05161,56.76852],[14.04153,56.77303],[14.05002,56.7811],[14.04009,56.77908],[14.03086,56.78037],[14.04755,56.78741],[14.03692,56.7883],[14.02359,56.7845],[14.02398,56.78904],[14.03368,56.78968],[14.02869,56.79469],[14.02053,56.79407],[14.01014,56.79974],[14.01791,56.80607],[14.03026,56.80341],[14.03483,56.80499],[14.03165,56.80889],[14.03602,56.81342],[14.02363,56.81239],[14.02501,56.81829],[14.03894,56.82411],[14.04665,56.82319],[14.04434,56.81826],[14.05535,56.82311],[14.06416,56.82402],[14.06883,56.82181],[14.07476,56.82494],[14.07265,56.82759],[14.06457,56.82838],[14.06295,56.83328],[14.0683,56.83767],[14.0559,56.83945],[14.06268,56.84759],[14.0627,56.84338],[14.06833,56.84163],[14.07627,56.8331],[14.08158,56.83938],[14.07497,56.84418],[14.08438,56.85063],[14.09545,56.85177],[14.10462,56.84537],[14.10521,56.85071],[14.11407,56.85199],[14.12076,56.85045],[14.11779,56.84617],[14.12345,56.84499],[14.13358,56.85014],[14.15252,56.85097],[14.14577,56.85493],[14.13863,56.85319],[14.12988,56.85522],[14.1377,56.86039],[14.12053,56.86018],[14.11747,56.86512],[14.12336,56.87087],[14.12077,56.87221],[14.11285,56.87098],[14.1006,56.85778],[14.09187,56.85867],[14.08269,56.86375],[14.08697,56.87044],[14.08229,56.87315],[14.08803,56.87445],[14.08622,56.88034],[14.10197,56.88621],[14.09987,56.88839],[14.09103,56.8879],[14.08687,56.89045],[14.08079,56.88191],[14.05819,56.86637],[14.04878,56.87044],[14.04376,56.87637],[14.02391,56.88372],[14.03297,56.89706],[14.01977,56.90145],[14.01984,56.90854],[14.02557,56.91181],[14.04441,56.91081],[14.03562,56.91344],[14.05045,56.92583],[14.04711,56.93079],[14.05455,56.93604],[14.05144,56.93735],[14.0329,56.92935],[14.03328,56.93468],[14.02402,56.93826],[14.02033,56.92904],[14.01247,56.92526],[14.00852,56.92668],[14.01379,56.93348],[14.01067,56.93984],[14.03131,56.95095],[14.02532,56.95413],[14.01542,56.95462],[14.01471,56.957],[14.04751,56.96069],[14.0442,56.96425],[14.03938,56.96182],[14.02459,56.96234],[14.03377,56.96506],[14.02289,56.96843],[14.02401,56.97167],[14.03869,56.97389],[14.02362,56.98009],[14.0263,56.98573],[14.01958,56.99017],[14.01672,56.99791],[14.00641,56.99856],[14.00743,57.0086],[14.00052,57.00405],[14.0014,56.99058],[14.0087,56.98615],[14.00674,56.97659],[13.99689,56.97974],[13.98934,56.97364],[13.98972,56.95975],[13.99773,56.95462],[13.9945,56.95066],[13.99052,56.94923],[13.98687,56.95116],[13.97007,56.9704],[13.96522,56.96586],[13.94503,56.97243],[13.94788,56.96712],[13.96867,56.95991],[13.96599,56.95352],[13.96056,56.95474],[13.95652,56.95253],[13.96959,56.94414],[13.95496,56.94388],[13.9574,56.93934],[13.94974,56.9378],[13.94602,56.93314],[13.93448,56.93683],[13.92913,56.92808],[13.91764,56.92868],[13.90706,56.92192],[13.88541,56.92494],[13.87366,56.92296],[13.90167,56.91741],[13.90628,56.91349],[13.91114,56.91389],[13.91132,56.91656],[13.93439,56.91544],[13.93147,56.9121],[13.9421,56.90819],[13.93576,56.9054],[13.94768,56.90129],[13.95279,56.90203],[13.9588,56.90746],[13.96431,56.90606],[13.95865,56.89913],[13.95227,56.89697],[13.9521,56.89374],[13.94223,56.89443],[13.9517,56.88592],[13.95645,56.88578],[13.96211,56.87605],[13.95677,56.87458],[13.95128,56.87829],[13.92738,56.87578],[13.92468,56.87147],[13.90782,56.86725],[13.90548,56.86007],[13.89971,56.85749],[13.89399,56.86053],[13.89965,56.86844],[13.88821,56.86511],[13.88552,56.86663],[13.88549,56.87632],[13.89192,56.87837],[13.88367,56.87981],[13.87803,56.88425],[13.87469,56.88226],[13.87976,56.87332],[13.87181,56.86511],[13.85782,56.86577],[13.8439,56.87257],[13.83363,56.87304],[13.83011,56.8709],[13.83996,56.86734],[13.86524,56.8621],[13.85512,56.85751],[13.86578,56.85242],[13.8455,56.84549],[13.84902,56.83935],[13.81622,56.83979],[13.81726,56.83526],[13.81085,56.8316],[13.79808,56.83045],[13.79153,56.83751],[13.79858,56.83887],[13.80113,56.84318],[13.80663,56.8433],[13.80879,56.84789],[13.82049,56.85066],[13.79083,56.8593],[13.79141,56.86248],[13.80115,56.86248],[13.79745,56.86596],[13.79961,56.87061],[13.79575,56.87104],[13.7844,56.86541],[13.77487,56.86672],[13.77115,56.88241],[13.76574,56.87934],[13.76839,56.8769],[13.76429,56.87483],[13.76435,56.86985],[13.7544,56.86568],[13.76918,56.86049],[13.7644,56.8577],[13.75467,56.85763],[13.74833,56.85186],[13.76216,56.84413],[13.76147,56.84188],[13.73213,56.84219],[13.72358,56.83752],[13.70257,56.83777],[13.69383,56.83361],[13.69203,56.82657],[13.68027,56.82364],[13.68287,56.81749],[13.67992,56.81185],[13.66756,56.80778],[13.64663,56.81579],[13.62596,56.81753],[13.63214,56.83042],[13.62284,56.83966],[13.61023,56.8459],[13.61238,56.84888],[13.62839,56.84667],[13.63213,56.84952],[13.63439,56.85551],[13.62124,56.85768],[13.62062,56.86174],[13.63038,56.8787],[13.62626,56.87921],[13.61989,56.87465],[13.60787,56.87718],[13.59826,56.87385],[13.59618,56.87717],[13.60295,56.88373],[13.60784,56.88154],[13.61836,56.88484],[13.60223,56.89095],[13.58488,56.88858],[13.56996,56.88967],[13.56408,56.89922],[13.57659,56.90411],[13.56953,56.90946],[13.56454,56.904],[13.55398,56.9017],[13.5567,56.89759],[13.55027,56.89478],[13.55491,56.89086],[13.54233,56.88346],[13.53464,56.89001],[13.53297,56.90105],[13.52456,56.91175],[13.53251,56.92756],[13.52894,56.93314],[13.53062,56.94551],[13.53815,56.9423],[13.53391,56.93923],[13.54398,56.93774],[13.55481,56.9399],[13.55037,56.94527],[13.55806,56.94557],[13.56597,56.94035],[13.56275,56.93732],[13.57644,56.93172],[13.5796,56.93316],[13.5722,56.93869],[13.57514,56.94238],[13.56992,56.94442],[13.57899,56.94906],[13.56864,56.95115],[13.57471,56.95367],[13.54563,56.9514],[13.54961,56.95823],[13.56202,56.96279],[13.55837,56.96429],[13.54686,56.96273],[13.54508,56.97123],[13.55749,56.97378],[13.54713,56.97556],[13.55166,56.97821],[13.54617,56.98058],[13.54177,56.98776],[13.53885,56.97256],[13.53337,56.9725],[13.53004,56.96572],[13.52167,56.96955],[13.5256,56.97723],[13.51817,56.97569],[13.51772,56.97835],[13.51042,56.98074],[13.4916,56.98513],[13.48509,56.98407],[13.49733,56.98035],[13.49825,56.97657],[13.50634,56.97358],[13.49807,56.96836],[13.51011,56.96927],[13.51791,56.96052],[13.50707,56.9618],[13.50132,56.9578],[13.49488,56.958],[13.49609,56.95352],[13.51087,56.95244],[13.50644,56.94901],[13.47839,56.94355],[13.48164,56.93944],[13.49163,56.9369],[13.47742,56.93259],[13.46195,56.93423],[13.45369,56.9414],[13.44126,56.94078],[13.43707,56.94775],[13.42949,56.94887],[13.42492,56.9475],[13.42965,56.94513],[13.42607,56.93862],[13.43216,56.93575],[13.42954,56.93144],[13.40434,56.93629],[13.39546,56.93075],[13.38969,56.9423],[13.39118,56.95559],[13.40986,56.9693],[13.41289,56.97664],[13.39972,56.97212],[13.39135,56.96345],[13.38213,56.95992],[13.37189,56.94418],[13.36191,56.94329],[13.35481,56.94515],[13.35352,56.9471],[13.36116,56.94881],[13.35337,56.95058],[13.34218,56.94213],[13.3353,56.94091],[13.32528,56.94686],[13.33375,56.96424],[13.32465,56.96665],[13.32344,56.9707],[13.3134,56.97085],[13.31706,56.96584],[13.30139,56.96367],[13.2956,56.96668],[13.29949,56.97431],[13.28661,56.96936],[13.27552,56.973],[13.27302,56.97704],[13.26375,56.97719],[13.27022,56.97082],[13.26606,56.96627],[13.28174,56.96621],[13.27923,56.95943],[13.28729,56.96296],[13.30888,56.94776],[13.31092,56.93852],[13.29423,56.94036],[13.28722,56.93652],[13.27894,56.93771],[13.2747,56.94056],[13.27921,56.94736],[13.27636,56.94928],[13.26633,56.94395],[13.25215,56.94502],[13.25144,56.95203],[13.25796,56.9582],[13.25327,56.9594],[13.24912,56.95852],[13.24237,56.94713],[13.2364,56.94676],[13.22631,56.95083],[13.21945,56.94666],[13.23308,56.94264],[13.22871,56.93542],[13.24488,56.94112],[13.29601,56.924],[13.28893,56.92152],[13.28874,56.91815],[13.30283,56.91497],[13.31419,56.90511],[13.29792,56.89707],[13.30747,56.88906],[13.28902,56.8933],[13.28759,56.90601],[13.28037,56.9068],[13.27235,56.90262],[13.25413,56.90272],[13.24041,56.90926],[13.23648,56.91363],[13.23612,56.92626],[13.22657,56.91562],[13.21419,56.91682],[13.20445,56.922],[13.19359,56.92361],[13.18995,56.92981],[13.19497,56.9268],[13.19801,56.93049],[13.18595,56.94351],[13.15991,56.93499],[13.14475,56.94295],[13.13376,56.94429],[13.1292,56.9431],[13.17761,56.91959],[13.16389,56.91146],[13.16399,56.90416],[13.15182,56.90117],[13.16289,56.89516],[13.15895,56.88668],[13.15116,56.8834],[13.13932,56.892],[13.12174,56.89216],[13.12578,56.88834],[13.13563,56.88633],[13.13479,56.87986],[13.11143,56.8812],[13.10493,56.88475],[13.08737,56.88715],[13.07346,56.89325],[13.07445,56.90384],[13.101,56.90154],[13.10476,56.90328],[13.0872,56.90884],[13.09252,56.91432],[13.09738,56.91215],[13.09499,56.91885],[13.08867,56.91679],[13.0808,56.91765],[13.07626,56.91239],[13.07401,56.92011],[13.0804,56.92425],[13.09154,56.92357],[13.09668,56.92084],[13.09666,56.92885],[13.10152,56.93166],[13.09422,56.93386],[13.10499,56.93424],[13.09597,56.93993],[13.08252,56.93663],[13.08617,56.94069],[13.07785,56.94262],[13.08985,56.9491],[13.08226,56.95432],[13.06365,56.9341],[13.06144,56.92456],[13.04753,56.91321],[13.03577,56.91471],[13.03387,56.90934],[13.01715,56.91502],[13.01482,56.91045],[13.00522,56.90762],[12.9949,56.91181],[12.99495,56.90128],[12.99016,56.90458],[12.98659,56.90101],[12.98223,56.90094],[12.9779,56.90662],[12.97573,56.89774],[12.96748,56.8937],[12.97828,56.89324],[12.97674,56.88688],[12.96581,56.87722],[12.95835,56.87935],[12.95308,56.87561],[12.95239,56.86633],[12.96273,56.86791],[12.95428,56.86299],[12.93985,56.86599],[12.93586,56.86241],[12.93859,56.85937],[12.92897,56.85713],[12.92082,56.86778],[12.93365,56.87922],[12.93539,56.88487],[12.91394,56.87384],[12.90189,56.88768],[12.91433,56.89449],[12.9238,56.90412],[12.91814,56.90438],[12.89706,56.89595],[12.89084,56.89711],[12.90004,56.90464],[12.91212,56.90648],[12.90483,56.913],[12.91627,56.91951],[12.92655,56.9194],[12.92707,56.92629],[12.91938,56.92598],[12.89667,56.91666],[12.89252,56.90985],[12.88389,56.90507],[12.88731,56.91636],[12.8834,56.91292],[12.87651,56.91449],[12.8625,56.91257],[12.86124,56.92125],[12.85459,56.92296],[12.8504,56.9132],[12.85409,56.90709],[12.84596,56.90568],[12.83553,56.89961],[12.83065,56.89973],[12.83032,56.89657],[12.83598,56.89329],[12.81062,56.88246],[12.79344,56.88377],[12.78939,56.88869],[12.80382,56.89337],[12.79303,56.89367],[12.78959,56.90259],[12.78515,56.89528],[12.77671,56.89913],[12.76971,56.89746],[12.76591,56.8988],[12.76816,56.90207],[12.7775,56.90462],[12.77367,56.90856],[12.78071,56.911],[12.78055,56.9138],[12.76397,56.91421],[12.76176,56.91024],[12.74189,56.91353],[12.75271,56.91991],[12.73596,56.92092],[12.75016,56.92389],[12.7435,56.92648],[12.73778,56.92483],[12.73158,56.93076],[12.74933,56.93915],[12.74605,56.9431],[12.73344,56.93711],[12.72102,56.94489],[12.7142,56.9409],[12.72131,56.93169],[12.71927,56.92935],[12.6839,56.92408],[12.68576,56.93146],[12.7001,56.93624],[12.68318,56.93998],[12.68243,56.94783],[12.66714,56.95204],[12.6743,56.94431],[12.67277,56.93382],[12.65603,56.93865],[12.64793,56.93679],[12.64341,56.93811],[12.64053,56.9349],[12.64859,56.93028],[12.62375,56.92825],[12.60397,56.91927],[12.57575,56.91103],[12.56589,56.91627],[12.56372,56.9085],[12.55677,56.90484],[12.53895,56.90651],[12.53819,56.91418],[12.54504,56.91937],[12.54078,56.92434],[12.55042,56.92355],[12.54984,56.92838],[12.55507,56.93091],[12.54844,56.93278],[12.55048,56.9374],[12.54524,56.94179],[12.55013,56.94357],[12.55749,56.94096],[12.54847,56.94921],[12.56236,56.96085],[12.55508,56.96218],[12.53484,56.95722],[12.5267,56.95215],[12.52833,56.94849],[12.52385,56.94546],[12.51612,56.94601],[12.51044,56.95028],[12.50357,56.95014],[12.50185,56.94716],[12.50779,56.94658],[12.50879,56.94323],[12.5034,56.94305],[12.49988,56.93813],[12.49287,56.93926],[12.4871,56.93212],[12.47995,56.93464],[12.47472,56.93215],[12.46697,56.93293],[12.45721,56.93854],[12.46513,56.92788],[12.46201,56.92466],[12.47277,56.92495],[12.47329,56.91345],[12.48255,56.90942],[12.48568,56.9137],[12.49704,56.91154],[12.49681,56.90535],[12.48895,56.9059],[12.48551,56.90358],[12.49831,56.89443],[12.51886,56.88824],[12.5238,56.89311],[12.53979,56.89282],[12.54264,56.88952],[12.55248,56.88846],[12.5451,56.88324],[12.53757,56.88468],[12.5314,56.88287],[12.5262,56.886],[12.51936,56.8846],[12.5104,56.88821],[12.51284,56.8785],[12.53309,56.87181],[12.62347,56.82984],[12.62239,56.78124],[12.67229,56.71464],[12.68539,56.71325],[12.68938,56.70644],[12.70199,56.70478],[12.69533,56.70112],[12.68553,56.69991],[12.70754,56.6756],[12.71291,56.67528],[12.72057,56.6677],[12.72062,56.66125],[12.73839,56.64173],[12.79372,56.64139],[12.8488,56.66265],[12.90812,56.64407],[12.94012,56.59413],[12.95438,56.54971],[12.953,56.50172],[12.93577,56.47178],[12.90379,56.44424],[12.84569,56.43034],[12.79635,56.4485],[12.72715,56.46382],[12.68005,56.45122],[12.63159,56.42786],[12.6368,56.40059],[12.64464,56.40615],[12.65335,56.40311],[12.64555,56.39816],[12.64774,56.39561],[12.64193,56.39121],[12.64949,56.39178],[12.66088,56.40007],[12.66516,56.39228],[12.66926,56.39349],[12.67359,56.39104],[12.67784,56.39407],[12.68437,56.39419],[12.67607,56.38772],[12.67758,56.38578],[12.68427,56.38618],[12.68347,56.38266],[12.69063,56.38146],[12.69439,56.38792],[12.70312,56.38836],[12.70144,56.38257],[12.69584,56.37924],[12.70186,56.37703],[12.70717,56.37996],[12.70711,56.37411],[12.71626,56.3761],[12.71787,56.37459],[12.71219,56.37179],[12.74496,56.35684],[12.76932,56.32224],[12.82042,56.29441],[12.84827,56.26267],[12.83897,56.24897],[12.84317,56.24849],[12.84337,56.24488],[12.83626,56.24497],[12.82803,56.23283],[12.81888,56.22903],[12.81725,56.22529],[12.79043,56.21721],[12.73363,56.22576],[12.70917,56.22431],[12.70544,56.21912],[12.68429,56.2202],[12.68003,56.22265],[12.68328,56.2272],[12.67856,56.23442],[12.66999,56.23847],[12.66759,56.23646],[12.67058,56.23286],[12.65913,56.23742],[12.65523,56.23454],[12.663,56.22907],[12.65617,56.22538],[12.66142,56.22328],[12.66,56.2204],[12.65139,56.21897],[12.64975,56.2232],[12.63901,56.2236],[12.64494,56.22065],[12.64408,56.21691],[12.63255,56.21592],[12.63912,56.21148],[12.61569,56.20942],[12.60506,56.20416],[12.60973,56.20193],[12.61929,56.20422],[12.62192,56.20034],[12.62508,56.20433],[12.63247,56.20293],[12.63677,56.2068],[12.64572,56.20665],[12.64836,56.20885],[12.65721,56.20827],[12.66068,56.20571],[12.66054,56.21147],[12.66354,56.21187],[12.67106,56.20844],[12.67019,56.20477],[12.66306,56.20323],[12.67091,56.19842],[12.662,56.19581],[12.67694,56.19029],[12.68166,56.1915],[12.68551,56.1882],[12.69006,56.19208],[12.70142,56.19374],[12.70495,56.19784],[12.71413,56.19183],[12.71458,56.18629],[12.72499,56.18838],[12.73018,56.19711],[12.7572,56.19489],[12.75907,56.19209],[12.74904,56.18917],[12.75581,56.18669],[12.75494,56.18303],[12.74533,56.17934],[12.76307,56.17742],[12.76461,56.17253],[12.77215,56.17266],[12.77535,56.16739],[12.77844,56.17278],[12.78174,56.17228],[12.78117,56.16686],[12.77569,56.16374],[12.77833,56.16168],[12.79012,56.16675],[12.79698,56.16617],[12.80303,56.1603],[12.80124,56.15521],[12.80817,56.15028],[12.8054,56.14145],[12.78636,56.14455],[12.77453,56.14027],[12.77378,56.13582],[12.76492,56.13911],[12.75824,56.13495],[12.76626,56.13254],[12.74702,56.12896],[12.74565,56.11377],[12.73146,56.10714],[12.71104,56.11046],[12.70638,56.11557],[12.70122,56.11285],[12.69388,56.12208],[12.6866,56.11632],[12.68195,56.11975],[12.67284,56.1207],[12.67778,56.11382],[12.6675,56.11344],[12.66314,56.11076],[12.67438,56.10978],[12.67399,56.10584],[12.68577,56.1022],[12.67125,56.1027],[12.66172,56.10799],[12.65418,56.10307],[12.65888,56.09811],[12.65427,56.09409],[12.66411,56.08648],[12.67978,56.08694],[12.67814,56.09117],[12.68709,56.09279],[12.68019,56.08222],[12.69792,56.07553],[12.69664,56.07382],[12.69207,56.07458],[12.68961,56.06721],[12.71837,56.04692],[12.72463,56.04831],[12.73384,56.0453],[12.73905,56.04624],[12.73875,56.04076],[12.73003,56.04186],[12.72742,56.03929],[12.75263,56.01363],[12.7568,56.01286],[12.75988,56.00096],[12.77752,56.00121],[12.78516,55.99905],[12.79667,56.00375],[12.80168,56.00159]],[[12.76423,56.02742],[12.7596,56.03589],[12.77508,56.03931],[12.77805,56.03122],[12.78714,56.02366],[12.76932,56.02183],[12.76127,56.02312],[12.76423,56.02742]],[[12.96632,56.08516],[12.96531,56.08297],[12.95992,56.08281],[12.95425,56.07611],[12.95221,56.08142],[12.95953,56.08533],[12.96632,56.08516]],[[12.92992,56.09438],[12.94112,56.09146],[12.953,56.09492],[12.96832,56.09011],[12.96006,56.0896],[12.94919,56.08385],[12.9335,56.08609],[12.9312,56.08455],[12.92382,56.08623],[12.92992,56.09438]],[[12.73108,56.09222],[12.72142,56.0858],[12.70738,56.08952],[12.70504,56.09223],[12.70981,56.10791],[12.71837,56.10334],[12.72339,56.10343],[12.72635,56.10007],[12.73002,56.10178],[12.73449,56.1006],[12.73108,56.09222]],[[13.21859,56.13143],[13.22559,56.13227],[13.22821,56.13539],[13.23253,56.13433],[13.24146,56.13699],[13.24928,56.13654],[13.25481,56.13114],[13.26783,56.13596],[13.27395,56.13218],[13.27248,56.12937],[13.24763,56.13047],[13.22418,56.12882],[13.21859,56.13143]],[[13.43609,56.14957],[13.4451,56.15067],[13.44405,56.14328],[13.42952,56.14106],[13.42753,56.14357],[13.43609,56.14957]],[[13.47328,56.14421],[13.45932,56.1472],[13.4607,56.15669],[13.46885,56.1612],[13.48987,56.16358],[13.49346,56.16185],[13.48878,56.15931],[13.48885,56.15416],[13.47604,56.14853],[13.47328,56.14421]],[[12.6791,56.20185],[12.68813,56.20525],[12.69404,56.19911],[12.68184,56.19263],[12.67716,56.19507],[12.6791,56.20185]],[[12.7193,56.21776],[12.72565,56.21844],[12.72946,56.22216],[12.74369,56.22017],[12.7479,56.21716],[12.74682,56.21128],[12.7288,56.21625],[12.71946,56.21229],[12.7193,56.21776]],[[12.78625,56.73497],[12.79537,56.74066],[12.80401,56.73257],[12.78625,56.73497]],[[12.83315,56.85365],[12.83777,56.85635],[12.84137,56.84905],[12.82634,56.84286],[12.82019,56.85314],[12.82924,56.8592],[12.83315,56.85365]],[[12.59153,56.85927],[12.60293,56.85745],[12.59979,56.85439],[12.58789,56.85477],[12.58657,56.85671],[12.59153,56.85927]],[[13.24037,56.88429],[13.26175,56.8878],[13.27556,56.88497],[13.26661,56.87839],[13.261,56.88178],[13.24037,56.88429]],[[13.02809,56.89493],[13.01558,56.89375],[13.01123,56.89593],[13.00451,56.89207],[13.01939,56.88974],[13.0222,56.8874],[13.01277,56.87658],[13.01586,56.87157],[13.00923,56.86444],[13.00223,56.86761],[12.99587,56.86657],[12.9922,56.87288],[12.99821,56.88364],[12.991,56.88577],[12.98894,56.89192],[12.99766,56.89543],[13.00354,56.9031],[13.01179,56.90155],[13.02692,56.90488],[13.03737,56.90146],[13.02809,56.89493]],[[12.8237,56.8781],[12.82515,56.88403],[12.84263,56.89215],[12.84405,56.89568],[12.85199,56.89455],[12.85174,56.88542],[12.84418,56.88754],[12.83708,56.88615],[12.8331,56.87962],[12.8237,56.8781]],[[13.04338,56.89278],[13.04469,56.8841],[13.03426,56.89222],[13.04365,56.89901],[13.04939,56.89718],[13.04338,56.89278]],[[12.67198,56.89021],[12.65421,56.88994],[12.65871,56.89656],[12.67101,56.89403],[12.67198,56.89021]],[[13.17907,56.90532],[13.17192,56.89943],[13.16469,56.90031],[13.1629,56.90281],[13.17907,56.90532]],[[13.19623,56.9132],[13.19616,56.90758],[13.18728,56.91068],[13.1865,56.91628],[13.19141,56.91678],[13.19623,56.9132]],[[13.3797,56.9181],[13.36583,56.92406],[13.37471,56.92856],[13.37805,56.92453],[13.3797,56.9181]],[[12.71564,56.9132],[12.70326,56.91831],[12.70873,56.92121],[12.71418,56.92026],[12.71564,56.9132]],[[13.3303,56.92638],[13.32872,56.93315],[13.34361,56.93321],[13.34165,56.92911],[13.3303,56.92638]],[[13.6388,56.16447],[13.65322,56.16861],[13.65845,56.15907],[13.64061,56.15597],[13.6388,56.16447]],[[13.82939,56.28473],[13.85142,56.29488],[13.859,56.29481],[13.87369,56.28907],[13.88668,56.29377],[13.90119,56.28941],[13.89628,56.28455],[13.88777,56.28208],[13.87541,56.28192],[13.87152,56.28559],[13.8658,56.28273],[13.85106,56.28175],[13.84722,56.28354],[13.83653,56.28245],[13.82939,56.28473]],[[13.96176,56.28076],[13.95866,56.28319],[13.96136,56.28623],[13.95268,56.28672],[13.95061,56.29028],[13.95379,56.29541],[13.96419,56.29805],[13.9878,56.31242],[13.99333,56.30868],[13.98908,56.30401],[13.97531,56.30235],[13.97105,56.29179],[13.9628,56.28891],[13.97194,56.28225],[13.96784,56.27997],[13.96176,56.28076]],[[13.913,56.2915],[13.91363,56.29888],[13.91867,56.30075],[13.92265,56.29826],[13.92034,56.29079],[13.913,56.2915]],[[13.84127,56.30097],[13.85405,56.30838],[13.87142,56.30618],[13.87139,56.30271],[13.84421,56.29554],[13.84026,56.29681],[13.84127,56.30097]],[[13.88584,56.30509],[13.88579,56.31253],[13.89836,56.32064],[13.90981,56.31476],[13.90608,56.30962],[13.91303,56.308],[13.91048,56.30601],[13.90142,56.30776],[13.90719,56.30023],[13.9071,56.2947],[13.90206,56.29428],[13.89082,56.29896],[13.88584,56.30509]],[[13.88296,56.32009],[13.88031,56.3214],[13.891,56.33041],[13.89016,56.32151],[13.88296,56.32009]],[[13.92284,56.33658],[13.9292,56.32288],[13.92304,56.31609],[13.91465,56.32219],[13.9131,56.33219],[13.92284,56.33658]],[[13.8702,56.33875],[13.88314,56.33707],[13.87869,56.33381],[13.86281,56.33219],[13.8735,56.32959],[13.87031,56.32646],[13.85593,56.32564],[13.85691,56.33536],[13.8702,56.33875]],[[13.94287,56.35546],[13.9313,56.35027],[13.9255,56.34433],[13.91701,56.34599],[13.92264,56.35262],[13.94287,56.35546]],[[13.94504,56.65808],[13.9545,56.65708],[13.96165,56.65166],[13.95802,56.64798],[13.93274,56.65844],[13.937,56.66276],[13.94074,56.66286],[13.94504,56.65808]],[[14.01906,56.65419],[14.01712,56.65015],[14.00679,56.64571],[14.00168,56.64638],[13.99906,56.64916],[14.00452,56.65447],[14.00231,56.65621],[13.98242,56.64229],[13.9856,56.63782],[13.97727,56.63818],[13.97063,56.64949],[13.98452,56.6592],[13.9809,56.66109],[13.96998,56.65927],[13.96597,56.66223],[13.96183,56.66851],[13.96539,56.67795],[13.99901,56.67967],[14.0122,56.67264],[14.00353,56.66801],[14.00551,56.6655],[14.02387,56.66859],[14.02437,56.66551],[14.00745,56.65934],[14.00988,56.6543],[14.01906,56.65419]],[[13.93801,56.68125],[13.94158,56.68757],[13.9472,56.6858],[13.95167,56.67624],[13.94958,56.67346],[13.93801,56.68125]],[[13.96717,56.72471],[13.97596,56.72731],[13.98316,56.71918],[13.97703,56.70738],[13.96624,56.71235],[13.96717,56.72471]],[[13.66213,56.72382],[13.67887,56.72512],[13.68149,56.72314],[13.66683,56.71886],[13.6589,56.7213],[13.66213,56.72382]],[[13.71535,56.7336],[13.71828,56.73775],[13.73067,56.74134],[13.73682,56.73326],[13.73386,56.72256],[13.71996,56.7182],[13.71114,56.72232],[13.71535,56.7336]],[[13.85118,56.76871],[13.85615,56.76796],[13.86012,56.7635],[13.85211,56.76357],[13.84174,56.76001],[13.83506,56.76105],[13.85118,56.76871]],[[13.93708,56.77045],[13.94344,56.7728],[13.94253,56.77504],[13.93163,56.78066],[13.91704,56.78384],[13.93032,56.78617],[13.9338,56.7894],[13.94534,56.78868],[13.94521,56.78426],[13.95117,56.78129],[13.95197,56.78495],[13.95754,56.78668],[13.9559,56.79059],[13.96786,56.78817],[13.97406,56.78139],[13.98662,56.78004],[13.99418,56.77481],[14.01207,56.77505],[14.0056,56.7684],[13.9923,56.76864],[13.98218,56.76477],[13.96764,56.76346],[13.95895,56.77288],[13.95226,56.77442],[13.94025,56.7651],[13.93655,56.76614],[13.93708,56.77045]],[[13.75086,56.772],[13.74173,56.76981],[13.74673,56.7846],[13.7548,56.78435],[13.75914,56.78704],[13.75634,56.79192],[13.76034,56.79975],[13.75677,56.8059],[13.76589,56.81525],[13.77347,56.80775],[13.77192,56.80043],[13.77958,56.79398],[13.76844,56.78952],[13.76014,56.77729],[13.7617,56.77141],[13.75086,56.772]],[[13.98173,56.81265],[13.97366,56.81461],[13.97361,56.8212],[13.98101,56.81747],[13.98173,56.81265]],[[13.8693,56.84066],[13.87664,56.84072],[13.87652,56.84479],[13.88971,56.84898],[13.90061,56.84453],[13.89122,56.84261],[13.89091,56.83467],[13.87229,56.82352],[13.86682,56.82313],[13.8693,56.84066]],[[13.58129,56.84806],[13.56412,56.8437],[13.56343,56.84879],[13.57906,56.84934],[13.58129,56.84806]],[[14.07831,56.35609],[14.09122,56.35562],[14.09836,56.35287],[14.10543,56.34281],[14.09546,56.34716],[14.08732,56.34415],[14.0806,56.34508],[14.0733,56.35409],[14.06131,56.3583],[14.07016,56.36389],[14.07451,56.36319],[14.07831,56.35609]],[[14.16775,56.40586],[14.15887,56.40102],[14.15386,56.40436],[14.13584,56.40634],[14.13525,56.41017],[14.14873,56.4076],[14.16256,56.41158],[14.17073,56.42038],[14.17788,56.41772],[14.18491,56.42071],[14.17306,56.40617],[14.17572,56.40057],[14.17121,56.3983],[14.16775,56.40586]],[[14.16234,56.42186],[14.16121,56.41571],[14.15669,56.41397],[14.14804,56.41564],[14.16234,56.42186]],[[14.11826,56.43836],[14.119,56.43388],[14.11071,56.43073],[14.103,56.43524],[14.11826,56.43836]],[[14.11789,56.44337],[14.11469,56.44859],[14.12537,56.44894],[14.12933,56.453],[14.11793,56.45809],[14.11789,56.467],[14.12295,56.47125],[14.14123,56.46492],[14.13385,56.44921],[14.11789,56.44337]],[[14.04047,56.45463],[14.02365,56.46134],[14.02344,56.46629],[14.03489,56.472],[14.03453,56.47733],[14.03855,56.47905],[14.05684,56.47778],[14.04305,56.46153],[14.05613,56.46065],[14.06395,56.45715],[14.04576,56.4478],[14.04205,56.44075],[14.03202,56.44633],[14.03902,56.45013],[14.04047,56.45463]],[[14.06484,56.47433],[14.0721,56.47635],[14.07568,56.47505],[14.07191,56.47046],[14.0799,56.46855],[14.07038,56.46371],[14.05821,56.46712],[14.06484,56.47433]],[[14.08458,56.506],[14.09172,56.50479],[14.09943,56.5007],[14.09393,56.49715],[14.10394,56.49217],[14.10082,56.48499],[14.08619,56.481],[14.07806,56.48159],[14.06981,56.48687],[14.06871,56.49069],[14.07523,56.49355],[14.06406,56.50395],[14.06943,56.50259],[14.08458,56.506]],[[14.15266,56.49808],[14.1447,56.49274],[14.13787,56.49578],[14.13529,56.50138],[14.13849,56.50196],[14.14603,56.49794],[14.14895,56.49951],[14.15266,56.49808]],[[14.04579,56.504],[14.05577,56.50754],[14.06077,56.49691],[14.05235,56.49544],[14.04604,56.49735],[14.04579,56.504]],[[14.05833,56.52019],[14.06,56.52456],[14.07406,56.52094],[14.07879,56.51445],[14.09111,56.50902],[14.07129,56.50953],[14.06357,56.51377],[14.05833,56.52019]],[[13.99703,56.52378],[14.02189,56.51535],[13.98612,56.51391],[13.9807,56.51719],[13.98262,56.53068],[13.9973,56.53284],[13.99703,56.52378]],[[14.06677,56.55929],[14.05244,56.56094],[14.07354,56.56308],[14.06677,56.55929]],[[14.04817,56.58104],[14.06951,56.58232],[14.05799,56.57367],[14.04817,56.58104]],[[14.01104,56.78518],[14.00479,56.78847],[14.01008,56.79249],[14.01926,56.79345],[14.01104,56.78518]],[[13.99862,56.80002],[13.99719,56.80722],[14.00815,56.80727],[14.00368,56.80208],[13.99862,56.80002]],[[14.00025,56.8158],[13.99724,56.82315],[14.01082,56.82263],[14.00786,56.81821],[14.01597,56.81495],[14.0145,56.81227],[14.00025,56.8158]],[[14.0441,56.83276],[14.051,56.82827],[14.04909,56.82784],[14.03394,56.82955],[14.03503,56.8318],[14.0441,56.83276]],[[14.01806,56.83469],[14.01385,56.83865],[14.00584,56.83677],[13.99965,56.83812],[14.0044,56.84574],[14.02487,56.84344],[14.03042,56.83478],[14.02392,56.83073],[14.01213,56.8312],[14.01806,56.83469]],[[14.02698,56.87062],[14.01837,56.87912],[14.03221,56.87677],[14.04453,56.86114],[14.04283,56.85746],[14.01903,56.86123],[14.02698,56.87062]],[[14.00123,56.87519],[14.01493,56.87067],[14.00606,56.86704],[13.9973,56.8687],[14.00123,56.87519]],[[14.01983,56.89415],[14.01676,56.88907],[14.0084,56.88498],[14.01747,56.89624],[14.01983,56.89415]]],[[[14.16247,56.87554],[14.14996,56.87363],[14.15436,56.87169],[14.15326,56.86944],[14.14336,56.87077],[14.14061,56.86753],[14.15728,56.86146],[14.16807,56.86603],[14.16528,56.88201],[14.16247,56.87554]]],[[[14.06666,56.94476],[14.06089,56.9443],[14.05693,56.93844],[14.07187,56.94171],[14.06666,56.94476]]],[[[12.43058,56.97703],[12.43989,56.97202],[12.44024,56.97807],[12.44788,56.97921],[12.4447,56.98237],[12.42726,56.98426],[12.42599,56.98031],[12.41536,56.98023],[12.41758,56.98411],[12.41341,56.98487],[12.40281,56.982],[12.40735,56.97711],[12.3983,56.97468],[12.39733,56.97199],[12.40539,56.97075],[12.41104,56.97396],[12.41549,56.97152],[12.41964,56.9754],[12.43058,56.97703]]]]}},{"type":"Feature","properties":{"fs":"CAR","t":45.0},"geometry":{"type":"MultiPolygon","coordinates":[[[[12.90884,56.30457],[12.91386,56.30432],[12.92152,56.29659],[12.91867,56.29317],[12.92169,56.2888],[12.90707,56.28378],[12.9138,56.28073],[12.90745,56.27681],[12.91767,56.27455],[12.91163,56.2696],[12.9039,56.26793],[12.90671,56.26489],[12.9031,56.25949],[12.89876,56.26026],[12.88918,56.25111],[12.89429,56.24979],[12.90126,56.25159],[12.91177,56.24391],[12.92884,56.24532],[12.93701,56.24335],[12.94002,56.24129],[12.93694,56.23534],[12.9463,56.23943],[12.96051,56.2363],[12.96756,56.23796],[12.97105,56.23394],[12.96875,56.22829],[12.97433,56.22913],[12.97926,56.22649],[12.98319,56.22852],[12.98184,56.23974],[12.9947,56.2398],[13.00502,56.23529],[13.01735,56.23563],[13.02049,56.22857],[13.00319,56.22202],[13.00676,56.21711],[13.02265,56.2234],[13.02567,56.21615],[13.01536,56.21327],[13.02319,56.20558],[13.0147,56.20404],[13.00653,56.20616],[13.00386,56.20415],[13.01843,56.20003],[13.01653,56.19782],[13.02285,56.19582],[13.02492,56.1882],[13.02051,56.18167],[13.00142,56.18824],[12.99744,56.18719],[13.00991,56.17974],[12.99816,56.17344],[12.99137,56.17319],[12.99312,56.16868],[13.0055,56.1678],[13.00789,56.17346],[13.01268,56.17487],[13.01651,56.16901],[13.01191,56.16552],[13.0215,56.16259],[13.02406,56.16909],[13.02075,56.17465],[13.02515,56.17711],[13.04632,56.17183],[13.03989,56.16948],[13.04131,56.16627],[13.04981,56.16739],[13.06109,56.17332],[13.07301,56.16143],[13.07143,56.1579],[13.09479,56.1537],[13.10325,56.14793],[13.10804,56.15025],[13.10196,56.15619],[13.08477,56.16295],[13.09215,56.16622],[13.08212,56.16551],[13.07746,56.16824],[13.09224,56.17451],[13.07999,56.17537],[13.07819,56.17881],[13.07156,56.18051],[13.07161,56.18781],[13.07796,56.18833],[13.09212,56.18378],[13.09352,56.18604],[13.08957,56.18788],[13.09509,56.18817],[13.11767,56.17972],[13.11999,56.17171],[13.11483,56.16566],[13.11863,56.16509],[13.12551,56.16849],[13.12562,56.17671],[13.13345,56.18118],[13.13753,56.18012],[13.15651,56.18861],[13.16634,56.18855],[13.16487,56.19292],[13.15736,56.19189],[13.1456,56.19556],[13.15263,56.196],[13.1619,56.20231],[13.15773,56.20527],[13.15187,56.20401],[13.15084,56.20707],[13.16942,56.21373],[13.17316,56.20929],[13.16532,56.20461],[13.1711,56.19957],[13.19368,56.21212],[13.19872,56.21219],[13.20572,56.20794],[13.19573,56.20064],[13.20247,56.19849],[13.20179,56.1923],[13.2091,56.20032],[13.21851,56.20097],[13.21591,56.20556],[13.22104,56.21252],[13.23634,56.21863],[13.24043,56.21279],[13.23306,56.19949],[13.24894,56.20758],[13.25298,56.20188],[13.26399,56.20077],[13.26588,56.19097],[13.26933,56.19687],[13.27724,56.20021],[13.28585,56.20181],[13.30143,56.2005],[13.30313,56.19275],[13.29482,56.19268],[13.29878,56.18855],[13.30746,56.18593],[13.30076,56.18368],[13.29339,56.18798],[13.28312,56.18398],[13.29189,56.17926],[13.30222,56.17926],[13.3017,56.17377],[13.31114,56.17952],[13.32118,56.17727],[13.31708,56.18466],[13.32487,56.18518],[13.33473,56.18995],[13.33941,56.18664],[13.33421,56.17871],[13.34195,56.18015],[13.34726,56.18548],[13.34774,56.18023],[13.36266,56.16982],[13.35888,56.18456],[13.37362,56.18721],[13.36644,56.19037],[13.36905,56.19995],[13.37488,56.19515],[13.38474,56.19825],[13.38599,56.20158],[13.39274,56.1997],[13.3944,56.19607],[13.40397,56.19606],[13.40766,56.19821],[13.40221,56.21438],[13.40863,56.21741],[13.3933,56.21955],[13.38853,56.22571],[13.40122,56.22725],[13.40492,56.23103],[13.41405,56.22855],[13.41691,56.2244],[13.42601,56.22681],[13.43438,56.22453],[13.43468,56.21709],[13.44565,56.21161],[13.43455,56.20579],[13.43823,56.20113],[13.44224,56.20581],[13.46121,56.21318],[13.45241,56.21479],[13.45416,56.21941],[13.46841,56.22229],[13.46708,56.21778],[13.47087,56.21736],[13.48459,56.22726],[13.49729,56.23134],[13.5173,56.23201],[13.51955,56.22937],[13.51518,56.22482],[13.52364,56.22113],[13.52608,56.21681],[13.53272,56.22756],[13.55723,56.21914],[13.55634,56.21618],[13.56738,56.21722],[13.56984,56.21908],[13.56256,56.22152],[13.54761,56.23363],[13.53096,56.23411],[13.54507,56.23641],[13.5403,56.24042],[13.53123,56.24018],[13.53436,56.244],[13.5173,56.24039],[13.514,56.24896],[13.49964,56.24857],[13.48974,56.25656],[13.49321,56.25825],[13.51367,56.25738],[13.51425,56.27016],[13.53086,56.27612],[13.52991,56.28109],[13.53593,56.28554],[13.54159,56.28607],[13.53988,56.29117],[13.54807,56.2898],[13.56338,56.29742],[13.56684,56.29268],[13.5754,56.29082],[13.58201,56.28514],[13.58734,56.29109],[13.58524,56.29332],[13.59286,56.292],[13.58659,56.29792],[13.59537,56.3064],[13.60545,56.30681],[13.61223,56.30454],[13.61345,56.3022],[13.60518,56.30035],[13.61169,56.29516],[13.62056,56.30101],[13.63385,56.29653],[13.63691,56.29221],[13.65081,56.30275],[13.65715,56.31624],[13.66165,56.31747],[13.66664,56.31212],[13.67756,56.31048],[13.67361,56.30777],[13.6743,56.30244],[13.68094,56.30392],[13.68418,56.30157],[13.67795,56.29916],[13.68259,56.29647],[13.67593,56.29179],[13.69084,56.29153],[13.6877,56.29458],[13.6907,56.2956],[13.70039,56.29275],[13.69273,56.2879],[13.67843,56.28527],[13.69374,56.28421],[13.69769,56.27939],[13.70582,56.28509],[13.70687,56.27639],[13.71431,56.27282],[13.71746,56.28044],[13.72493,56.28346],[13.72202,56.28775],[13.73257,56.29688],[13.72983,56.30331],[13.71884,56.29954],[13.71492,56.30119],[13.72806,56.31094],[13.71857,56.31534],[13.71347,56.32406],[13.73103,56.32817],[13.7365,56.32696],[13.73971,56.33289],[13.73382,56.33536],[13.72435,56.33133],[13.71787,56.33983],[13.73589,56.34156],[13.7403,56.33823],[13.75227,56.35071],[13.76174,56.34729],[13.78321,56.35591],[13.77151,56.35785],[13.75942,56.3564],[13.7423,56.36189],[13.74749,56.36554],[13.74363,56.36999],[13.74766,56.37373],[13.73977,56.38231],[13.73903,56.39185],[13.74582,56.40097],[13.75213,56.39886],[13.75439,56.39439],[13.76856,56.39187],[13.77185,56.38277],[13.7857,56.38094],[13.79337,56.3733],[13.79234,56.36318],[13.79773,56.3607],[13.80331,56.36272],[13.80231,56.37029],[13.81178,56.37245],[13.80884,56.37794],[13.81535,56.38254],[13.82855,56.38641],[13.83357,56.37937],[13.83062,56.3766],[13.83557,56.37489],[13.84076,56.37894],[13.84863,56.37888],[13.84087,56.38344],[13.84231,56.38626],[13.84964,56.38366],[13.85871,56.38515],[13.85598,56.40422],[13.87093,56.41249],[13.87893,56.40878],[13.87945,56.40274],[13.88559,56.40046],[13.89768,56.40263],[13.91141,56.40939],[13.92078,56.40948],[13.92362,56.40454],[13.91241,56.40093],[13.90368,56.39355],[13.90799,56.38728],[13.91812,56.39601],[13.93328,56.39696],[13.94401,56.39365],[13.93356,56.39157],[13.92856,56.39391],[13.92558,56.39192],[13.93627,56.38668],[13.93722,56.38276],[13.94375,56.3845],[13.94283,56.3814],[13.9507,56.38034],[13.95511,56.37631],[13.97127,56.37757],[13.97648,56.37214],[13.98683,56.37292],[13.98688,56.37573],[14.00105,56.38041],[14.00117,56.38581],[13.99792,56.38902],[13.98928,56.39021],[13.98445,56.396],[13.98659,56.401],[13.98153,56.40103],[13.9804,56.4053],[13.96092,56.4203],[13.95268,56.43427],[13.96515,56.43859],[13.96448,56.44153],[13.95782,56.44386],[13.96275,56.44896],[13.97565,56.45028],[13.97082,56.45688],[13.97581,56.45838],[13.98002,56.45275],[13.9867,56.46354],[13.97151,56.46251],[13.96705,56.465],[13.9587,56.45428],[13.94755,56.45107],[13.94071,56.45775],[13.93059,56.45678],[13.92365,56.46041],[13.92686,56.46915],[13.9202,56.46558],[13.91125,56.46536],[13.90661,56.47374],[13.9108,56.47813],[13.93131,56.47031],[13.94248,56.4851],[13.95116,56.48648],[13.95875,56.48402],[13.96253,56.48826],[13.96359,56.49255],[13.95999,56.49428],[13.94894,56.49011],[13.92562,56.48935],[13.91183,56.49225],[13.91743,56.4963],[13.91863,56.50298],[13.91849,56.50796],[13.91243,56.51282],[13.91705,56.51848],[13.92101,56.51599],[13.92589,56.51877],[13.93603,56.51612],[13.9303,56.52147],[13.94293,56.52366],[13.9322,56.52598],[13.94669,56.54091],[13.94511,56.54581],[13.9576,56.54466],[13.97225,56.54787],[13.96556,56.55069],[13.95361,56.55094],[13.94054,56.56389],[13.94294,56.56896],[13.95764,56.57077],[13.95325,56.5734],[13.96083,56.5751],[13.96078,56.57697],[13.93271,56.57126],[13.92561,56.57943],[13.92909,56.5822],[13.92414,56.58333],[13.91579,56.5757],[13.89181,56.57385],[13.88211,56.57671],[13.88425,56.58459],[13.87389,56.58225],[13.87048,56.57843],[13.87061,56.58545],[13.86193,56.58242],[13.84556,56.58508],[13.83825,56.58993],[13.83977,56.5971],[13.83214,56.59951],[13.83277,56.6041],[13.85196,56.60905],[13.85703,56.60554],[13.86423,56.60729],[13.87014,56.60538],[13.87376,56.60801],[13.88126,56.60822],[13.88102,56.5993],[13.89108,56.59883],[13.88848,56.60499],[13.89176,56.61175],[13.87454,56.61735],[13.87735,56.62833],[13.86903,56.62559],[13.86507,56.63032],[13.857,56.62351],[13.8506,56.62858],[13.83959,56.63056],[13.84882,56.63698],[13.85391,56.6371],[13.85147,56.64206],[13.85507,56.64918],[13.87406,56.65336],[13.8652,56.65574],[13.86762,56.65983],[13.86463,56.66191],[13.85084,56.65996],[13.85116,56.66487],[13.86062,56.67086],[13.85971,56.673],[13.84102,56.66716],[13.8356,56.66908],[13.85351,56.67552],[13.84569,56.67785],[13.84445,56.68545],[13.85155,56.68963],[13.85473,56.68442],[13.85222,56.68011],[13.85969,56.68194],[13.85804,56.67764],[13.86215,56.67648],[13.87432,56.6874],[13.88269,56.68907],[13.87572,56.69196],[13.8761,56.69627],[13.88649,56.69846],[13.87467,56.70145],[13.88062,56.70726],[13.87636,56.71325],[13.87411,56.70748],[13.86693,56.70418],[13.85893,56.71141],[13.86597,56.73815],[13.85492,56.72766],[13.85649,56.7243],[13.8465,56.70877],[13.83847,56.7167],[13.82525,56.72317],[13.82514,56.71858],[13.81852,56.71789],[13.82326,56.71333],[13.83025,56.71437],[13.83037,56.70637],[13.82578,56.70998],[13.81315,56.70467],[13.80156,56.70722],[13.796,56.70366],[13.78937,56.70743],[13.78006,56.70729],[13.77218,56.71396],[13.77229,56.71845],[13.76021,56.71707],[13.7539,56.71111],[13.73534,56.70895],[13.73934,56.70366],[13.73166,56.70077],[13.71853,56.70041],[13.69575,56.71318],[13.68302,56.70869],[13.67356,56.70185],[13.66435,56.70246],[13.66454,56.70667],[13.66005,56.70859],[13.6366,56.70293],[13.63429,56.69992],[13.61714,56.70009],[13.62913,56.70254],[13.61699,56.70433],[13.61891,56.71684],[13.65503,56.73479],[13.67284,56.73671],[13.66797,56.73984],[13.67305,56.74186],[13.67908,56.74094],[13.68014,56.74727],[13.69067,56.74205],[13.69168,56.74837],[13.69935,56.75323],[13.71088,56.74984],[13.72629,56.75393],[13.73391,56.7533],[13.73517,56.75563],[13.72785,56.75692],[13.72052,56.76201],[13.71716,56.76057],[13.71847,56.75581],[13.71425,56.75833],[13.68867,56.75896],[13.68424,56.76149],[13.68772,56.76434],[13.67743,56.76423],[13.68021,56.77422],[13.67726,56.77588],[13.67248,56.76867],[13.66099,56.76307],[13.65659,56.76639],[13.63991,56.76453],[13.63247,56.76746],[13.62707,56.76368],[13.62658,56.75848],[13.61642,56.75669],[13.60171,56.76066],[13.59831,56.7628],[13.60103,56.76506],[13.61604,56.76716],[13.62505,56.77237],[13.61197,56.7711],[13.60652,56.77342],[13.59744,56.7722],[13.58841,56.77444],[13.58574,56.78442],[13.60162,56.78357],[13.58282,56.79386],[13.58832,56.79737],[13.57802,56.79907],[13.58293,56.8046],[13.56799,56.80036],[13.5742,56.80528],[13.56962,56.80796],[13.56902,56.81371],[13.56219,56.81167],[13.55483,56.81664],[13.51663,56.82461],[13.49415,56.82331],[13.46567,56.82783],[13.47471,56.83527],[13.46796,56.83771],[13.46953,56.84314],[13.44517,56.83438],[13.44049,56.83499],[13.44478,56.84068],[13.45465,56.84155],[13.453,56.8463],[13.472,56.85777],[13.47285,56.86227],[13.47958,56.86675],[13.47698,56.86766],[13.45874,56.85845],[13.45663,56.85463],[13.44482,56.85511],[13.4405,56.85232],[13.43193,56.8539],[13.43584,56.85844],[13.43221,56.8657],[13.4217,56.86556],[13.42026,56.85923],[13.41231,56.8573],[13.42173,56.85274],[13.41015,56.84794],[13.42503,56.84504],[13.42646,56.83764],[13.41888,56.83534],[13.40217,56.84285],[13.41155,56.83301],[13.40173,56.82909],[13.39655,56.83048],[13.40056,56.83834],[13.38508,56.83512],[13.37863,56.83855],[13.36959,56.83785],[13.36481,56.84181],[13.36786,56.84817],[13.35272,56.85471],[13.3601,56.83679],[13.35324,56.83702],[13.35077,56.83488],[13.36125,56.82955],[13.35259,56.82831],[13.34142,56.83195],[13.34436,56.82932],[13.33991,56.82497],[13.34684,56.82416],[13.34296,56.81456],[13.36098,56.81817],[13.35395,56.82068],[13.37008,56.82657],[13.39326,56.82342],[13.38002,56.82057],[13.3803,56.81477],[13.38787,56.81787],[13.40558,56.81673],[13.39678,56.81536],[13.38477,56.80655],[13.35408,56.79441],[13.33344,56.79843],[13.34202,56.79132],[13.34274,56.78669],[13.32041,56.77495],[13.31593,56.76647],[13.32214,56.75925],[13.32906,56.75654],[13.30723,56.74394],[13.30234,56.75035],[13.31135,56.75471],[13.30667,56.76017],[13.28928,56.75947],[13.29171,56.76502],[13.30412,56.76392],[13.30462,56.76793],[13.28787,56.77075],[13.28037,56.77553],[13.28152,56.76993],[13.27752,56.76791],[13.27756,56.77072],[13.26813,56.7748],[13.27457,56.78205],[13.30267,56.78849],[13.28383,56.78927],[13.2755,56.78501],[13.27078,56.78747],[13.25764,56.78308],[13.26175,56.78819],[13.2553,56.79484],[13.26534,56.7991],[13.26049,56.80081],[13.26051,56.8039],[13.24271,56.79887],[13.24146,56.79282],[13.22899,56.79222],[13.23351,56.78667],[13.21765,56.79037],[13.22804,56.79782],[13.22691,56.80005],[13.21988,56.79729],[13.20451,56.79763],[13.20607,56.8078],[13.18341,56.80546],[13.17921,56.80238],[13.18774,56.79781],[13.17691,56.79175],[13.16728,56.80986],[13.16232,56.80235],[13.16551,56.79987],[13.15702,56.79553],[13.16633,56.79361],[13.16036,56.7901],[13.164,56.78623],[13.16145,56.78352],[13.14334,56.78592],[13.14271,56.79525],[13.13908,56.79611],[13.13176,56.79417],[13.12607,56.79535],[13.13321,56.79068],[13.1311,56.78946],[13.10782,56.79078],[13.10319,56.78492],[13.09004,56.79185],[13.09125,56.7958],[13.08289,56.7982],[13.08156,56.79194],[13.07465,56.79014],[13.073,56.79496],[13.06142,56.79876],[13.05731,56.80455],[13.05413,56.7986],[13.05755,56.79435],[13.04904,56.79569],[13.04119,56.79412],[13.03613,56.79797],[13.03749,56.8062],[13.02834,56.80732],[13.02445,56.81077],[13.00546,56.7972],[13.00911,56.79592],[13.02043,56.79957],[13.01649,56.79183],[13.02409,56.79321],[13.02261,56.78743],[13.03352,56.78414],[13.03874,56.76747],[13.03356,56.76388],[13.03836,56.76248],[13.04269,56.76529],[13.04738,56.76367],[13.05169,56.76669],[13.05595,56.76606],[13.05555,56.76142],[13.0422,56.75994],[13.05158,56.75162],[13.03782,56.75573],[13.01913,56.75158],[13.01639,56.74535],[12.99639,56.74665],[12.99218,56.74876],[13.0081,56.75709],[13.00582,56.75909],[12.9988,56.75897],[12.98883,56.75418],[12.98119,56.75363],[12.98146,56.75013],[12.96695,56.74989],[12.98131,56.76084],[12.99149,56.76173],[12.98589,56.76607],[12.98426,56.77503],[12.97695,56.77547],[12.97409,56.78351],[12.96767,56.78157],[12.96341,56.78297],[12.9672,56.78556],[12.96445,56.7938],[12.95989,56.79288],[12.95547,56.79534],[12.95046,56.79223],[12.95574,56.78916],[12.95253,56.78251],[12.93962,56.78693],[12.9365,56.78548],[12.94595,56.77889],[12.94273,56.76995],[12.92363,56.76842],[12.93173,56.76072],[12.92807,56.75599],[12.90015,56.75627],[12.8996,56.75467],[12.9076,56.75319],[12.89479,56.75375],[12.89402,56.74938],[12.88822,56.75013],[12.88114,56.7465],[12.87597,56.74992],[12.86164,56.7435],[12.86013,56.7475],[12.86545,56.74843],[12.85857,56.75552],[12.86249,56.75994],[12.87034,56.76124],[12.8614,56.76568],[12.86572,56.7706],[12.85592,56.77204],[12.85055,56.77648],[12.84507,56.77586],[12.84057,56.78105],[12.84296,56.78404],[12.8521,56.78518],[12.8504,56.7881],[12.8583,56.7902],[12.85291,56.79684],[12.84888,56.79677],[12.84633,56.79224],[12.83657,56.78835],[12.8149,56.79141],[12.81561,56.79915],[12.80759,56.80497],[12.79574,56.80624],[12.79088,56.81055],[12.78008,56.80919],[12.77261,56.81425],[12.7675,56.81416],[12.77462,56.80628],[12.77231,56.80217],[12.78227,56.80466],[12.78708,56.80117],[12.79174,56.80238],[12.79544,56.80048],[12.79726,56.78696],[12.79224,56.7736],[12.78737,56.77244],[12.7767,56.77627],[12.77278,56.77396],[12.76568,56.77593],[12.76137,56.77087],[12.76765,56.76848],[12.75931,56.76683],[12.76003,56.76334],[12.75229,56.76025],[12.75137,56.75721],[12.75835,56.75724],[12.76449,56.76145],[12.77067,56.76072],[12.77127,56.76494],[12.77617,56.76718],[12.78545,56.76585],[12.78957,56.76106],[12.78401,56.75995],[12.79046,56.75672],[12.81566,56.75646],[12.81174,56.74684],[12.81502,56.7455],[12.8226,56.75125],[12.82144,56.74041],[12.82774,56.73758],[12.81801,56.72245],[12.81099,56.71805],[12.82475,56.70439],[12.82355,56.69369],[12.82995,56.68594],[12.82225,56.68225],[12.80489,56.68255],[12.8038,56.67931],[12.79155,56.67502],[12.80202,56.67043],[12.79472,56.65464],[12.80333,56.65669],[12.80812,56.65551],[12.83631,56.66555],[12.84292,56.66038],[12.8488,56.66265],[12.90812,56.64407],[12.94012,56.59413],[12.95438,56.54971],[12.953,56.50172],[12.93577,56.47178],[12.90379,56.44424],[12.84569,56.43034],[12.80819,56.44325],[12.78915,56.43706],[12.80397,56.43505],[12.80996,56.43663],[12.82625,56.43102],[12.81712,56.42005],[12.82593,56.42329],[12.82856,56.42158],[12.82288,56.41467],[12.83906,56.41524],[12.82705,56.41039],[12.82857,56.4081],[12.84501,56.40846],[12.85117,56.41152],[12.86266,56.39486],[12.87837,56.38741],[12.87559,56.3854],[12.86454,56.38844],[12.86409,56.38445],[12.87725,56.37945],[12.88608,56.38043],[12.90054,56.37599],[12.89972,56.36709],[12.87886,56.35547],[12.8953,56.35456],[12.89946,56.3489],[12.89665,56.34408],[12.88756,56.33985],[12.88204,56.3438],[12.87082,56.34544],[12.86736,56.34397],[12.86763,56.3392],[12.87478,56.33792],[12.86409,56.33006],[12.87849,56.32577],[12.86323,56.32517],[12.85452,56.32943],[12.84972,56.32495],[12.83949,56.32938],[12.83353,56.32527],[12.83611,56.31984],[12.83927,56.31681],[12.84392,56.3218],[12.85145,56.31814],[12.85534,56.32158],[12.87198,56.31999],[12.87351,56.31824],[12.86504,56.31304],[12.86766,56.3114],[12.88136,56.31501],[12.87783,56.30343],[12.87129,56.29911],[12.87325,56.29261],[12.87848,56.29403],[12.87578,56.29708],[12.88946,56.30553],[12.89371,56.30328],[12.8821,56.29704],[12.88783,56.29391],[12.90884,56.30457]],[[13.3417,56.19959],[13.33586,56.20457],[13.34167,56.2111],[13.34371,56.20355],[13.3417,56.19959]],[[13.2513,56.21948],[13.25474,56.22128],[13.26572,56.21821],[13.25808,56.21431],[13.2513,56.21948]],[[13.07297,56.21002],[13.06001,56.20799],[13.04968,56.21471],[13.05646,56.21509],[13.0587,56.22061],[13.06746,56.22187],[13.07297,56.21002]],[[13.32096,56.23132],[13.31118,56.2274],[13.31092,56.22473],[13.32059,56.22547],[13.33697,56.21975],[13.33064,56.20885],[13.32179,56.20185],[13.31503,56.21046],[13.3131,56.22055],[13.30033,56.22767],[13.30001,56.23778],[13.31175,56.2458],[13.32183,56.23751],[13.32096,56.23132]],[[13.06732,56.2397],[13.08625,56.24694],[13.10914,56.25071],[13.1146,56.24913],[13.12139,56.24081],[13.11368,56.23353],[13.11478,56.22695],[13.11063,56.22801],[13.10664,56.22458],[13.10223,56.22985],[13.10173,56.21692],[13.09444,56.21662],[13.08844,56.2206],[13.07885,56.21849],[13.07015,56.22345],[13.04485,56.2254],[13.07538,56.2348],[13.0755,56.23748],[13.0647,56.23657],[13.06732,56.2397]],[[13.13771,56.24232],[13.13107,56.24222],[13.12967,56.24859],[13.13854,56.24767],[13.13771,56.24232]],[[12.94465,56.24671],[12.94006,56.24537],[12.94304,56.24861],[12.9518,56.2498],[12.95907,56.24582],[12.9511,56.244],[12.94542,56.24405],[12.94465,56.24671]],[[13.05003,56.25238],[13.06218,56.25661],[13.06386,56.26172],[13.08008,56.26515],[13.0922,56.25665],[13.08944,56.25464],[13.0771,56.25595],[13.07888,56.25048],[13.05628,56.23854],[13.04486,56.23836],[13.0443,56.24607],[13.05469,56.25003],[13.05003,56.25238]],[[12.92001,56.26244],[12.91658,56.26674],[12.92865,56.2675],[12.93132,56.26474],[12.92001,56.26244]],[[12.99901,56.29716],[13.00006,56.29416],[12.98612,56.28778],[12.98243,56.29086],[12.98801,56.29039],[12.99181,56.29494],[12.99901,56.29716]],[[13.41454,56.30849],[13.42663,56.30701],[13.40616,56.30116],[13.40688,56.30421],[13.41454,56.30849]],[[12.97909,56.33012],[12.98373,56.3309],[12.99908,56.3297],[13.00637,56.32569],[12.99949,56.32182],[12.98529,56.32285],[12.97377,56.32091],[12.9843,56.31448],[12.98075,56.30824],[12.99104,56.30953],[13.0021,56.30821],[13.00107,56.30618],[12.97829,56.29519],[12.9689,56.29351],[12.96927,56.29766],[12.95572,56.28986],[12.94472,56.28785],[12.93961,56.29128],[12.94651,56.29827],[12.94106,56.29951],[12.93405,56.29371],[12.93436,56.302],[12.95408,56.30626],[12.95858,56.31188],[12.95545,56.31372],[12.94086,56.31264],[12.93909,56.31577],[12.9481,56.31898],[12.95702,56.3174],[12.96772,56.32053],[12.93925,56.32848],[12.93974,56.33109],[12.97458,56.33426],[12.97637,56.32586],[12.97909,56.33012]],[[12.9565,56.33431],[12.95424,56.33645],[12.96402,56.34256],[12.96694,56.34003],[12.9565,56.33431]],[[12.94768,56.34552],[12.94667,56.33619],[12.9274,56.33264],[12.92433,56.33553],[12.93168,56.33664],[12.93596,56.34247],[12.94768,56.34552]],[[12.98104,56.34756],[12.98226,56.35151],[12.98869,56.35424],[13.00793,56.35394],[13.01597,56.35611],[13.02404,56.35529],[12.99825,56.34567],[12.98104,56.34756]],[[12.90532,56.39405],[12.9053,56.38675],[12.89174,56.38783],[12.86555,56.39674],[12.87002,56.4051],[12.88617,56.397],[12.89221,56.39766],[12.90532,56.39405]],[[12.84142,56.69503],[12.83284,56.70221],[12.8463,56.7101],[12.85091,56.70765],[12.84708,56.70309],[12.84914,56.69386],[12.84142,56.69503]],[[12.81902,56.7139],[12.82145,56.72041],[12.82537,56.72111],[12.8351,56.71411],[12.82998,56.70757],[12.81902,56.7139]],[[12.83867,56.73411],[12.85158,56.73178],[12.83713,56.72538],[12.83291,56.72756],[12.83867,56.73411]],[[13.21573,56.73379],[13.20223,56.7304],[13.21435,56.74147],[13.2332,56.74691],[13.22857,56.74441],[13.23565,56.73672],[13.2311,56.73283],[13.21573,56.73379]],[[13.24149,56.76748],[13.24941,56.76492],[13.24384,56.76014],[13.23338,56.76497],[13.24149,56.76748]],[[13.35551,56.77935],[13.35674,56.78517],[13.37562,56.78736],[13.37927,56.78584],[13.37621,56.77962],[13.35924,56.77593],[13.35551,56.77935]],[[13.43186,56.22871],[13.44292,56.22941],[13.44771,56.22465],[13.44314,56.22394],[13.43186,56.22871]],[[13.41798,56.2352],[13.42865,56.24044],[13.44028,56.2385],[13.43765,56.23491],[13.41798,56.2352]],[[13.49133,56.26743],[13.49541,56.27274],[13.50281,56.27072],[13.50375,56.26287],[13.49914,56.26127],[13.4958,56.26292],[13.4977,56.26575],[13.49133,56.26743]],[[13.45537,56.27084],[13.46233,56.27332],[13.4607,56.27625],[13.48444,56.27949],[13.48904,56.27424],[13.48499,56.26826],[13.48044,56.27494],[13.45537,56.27084]],[[13.43618,56.28029],[13.43837,56.28551],[13.4585,56.28073],[13.45601,56.27998],[13.43618,56.28029]],[[13.47108,56.28803],[13.46287,56.28821],[13.45743,56.29592],[13.46739,56.29823],[13.47434,56.29612],[13.47108,56.28803]],[[13.50247,56.29052],[13.51166,56.29301],[13.5233,56.28901],[13.53072,56.29296],[13.52044,56.29775],[13.50188,56.30079],[13.50232,56.30427],[13.51229,56.30587],[13.50689,56.31121],[13.50797,56.31459],[13.51445,56.32064],[13.52683,56.31868],[13.53821,56.32836],[13.54982,56.33095],[13.55483,56.32301],[13.54781,56.32171],[13.55884,56.31737],[13.55622,56.31313],[13.56085,56.31087],[13.55243,56.30649],[13.55211,56.30145],[13.5427,56.30321],[13.5438,56.29761],[13.5252,56.2856],[13.51862,56.28608],[13.5163,56.28072],[13.50887,56.28357],[13.51297,56.2884],[13.50357,56.2873],[13.50247,56.29052]],[[13.4578,56.30434],[13.4526,56.31012],[13.4717,56.31036],[13.47064,56.30866],[13.4578,56.30434]],[[13.56496,56.32264],[13.5667,56.32989],[13.58003,56.32485],[13.57601,56.31989],[13.56496,56.32264]],[[13.50495,56.34095],[13.51062,56.34242],[13.51191,56.33956],[13.49439,56.33731],[13.49135,56.34387],[13.50495,56.34095]],[[13.56533,56.35149],[13.55731,56.35112],[13.56074,56.35846],[13.57686,56.36258],[13.57905,56.35811],[13.56533,56.35149]],[[13.53578,56.69231],[13.53492,56.69483],[13.54746,56.70265],[13.56018,56.70364],[13.55867,56.69875],[13.56447,56.69482],[13.55772,56.68789],[13.53578,56.69231]],[[13.55657,56.71122],[13.5562,56.71445],[13.55698,56.72063],[13.56444,56.72592],[13.56878,56.72582],[13.57965,56.71519],[13.56388,56.71033],[13.55657,56.71122]],[[13.53553,56.71137],[13.52925,56.7148],[13.53034,56.71955],[13.53516,56.72356],[13.54891,56.72461],[13.54785,56.72221],[13.53667,56.71759],[13.54222,56.71277],[13.53553,56.71137]],[[13.54741,56.73035],[13.54084,56.72859],[13.53207,56.73073],[13.53921,56.7442],[13.55142,56.7474],[13.55871,56.73947],[13.57887,56.73591],[13.55588,56.72596],[13.54741,56.73035]],[[13.61369,56.73153],[13.62653,56.73181],[13.62178,56.73597],[13.62372,56.7388],[13.6201,56.74016],[13.61231,56.73671],[13.60456,56.7388],[13.60969,56.74517],[13.60254,56.74516],[13.6078,56.74789],[13.61303,56.74696],[13.61045,56.75232],[13.62272,56.7524],[13.63215,56.74591],[13.64215,56.75199],[13.64826,56.75019],[13.65549,56.74097],[13.61767,56.7275],[13.61369,56.73153]],[[13.53665,56.7708],[13.52215,56.76241],[13.51024,56.75965],[13.51633,56.76742],[13.53665,56.7708]],[[13.54686,56.76235],[13.56113,56.76561],[13.56112,56.77607],[13.56746,56.76744],[13.56235,56.76064],[13.54628,56.75959],[13.54686,56.76235]],[[13.48563,56.76359],[13.47278,56.75838],[13.47277,56.76343],[13.47993,56.7697],[13.48082,56.77715],[13.49396,56.77703],[13.50179,56.77302],[13.49243,56.77031],[13.48563,56.76359]],[[13.45167,56.773],[13.44494,56.77507],[13.43884,56.77415],[13.43083,56.76684],[13.41828,56.77062],[13.42116,56.77908],[13.41279,56.7855],[13.42911,56.7927],[13.42982,56.79716],[13.42202,56.80323],[13.4381,56.80723],[13.44076,56.8173],[13.45747,56.80606],[13.44671,56.794],[13.45333,56.77611],[13.45167,56.773]],[[13.5582,56.80432],[13.55151,56.79638],[13.55386,56.78869],[13.54788,56.78441],[13.52365,56.77631],[13.49263,56.78464],[13.51742,56.81105],[13.52525,56.81369],[13.51377,56.8158],[13.51206,56.82035],[13.51984,56.82105],[13.55194,56.81197],[13.55561,56.80963],[13.54956,56.80712],[13.5582,56.80432]],[[13.50614,56.81789],[13.50419,56.81548],[13.50896,56.81125],[13.50285,56.81041],[13.50438,56.80636],[13.4989,56.80376],[13.48006,56.80438],[13.48907,56.79992],[13.48741,56.79345],[13.46814,56.785],[13.46057,56.79305],[13.46184,56.80879],[13.4565,56.81532],[13.46865,56.82066],[13.49241,56.81562],[13.50614,56.81789]],[[13.81492,56.39131],[13.80264,56.39435],[13.81118,56.39958],[13.81792,56.39656],[13.81492,56.39131]],[[13.96408,56.40966],[13.96893,56.39875],[13.9667,56.40322],[13.95358,56.40922],[13.95651,56.41324],[13.96408,56.40966]],[[13.8067,56.40525],[13.8204,56.41259],[13.8316,56.41091],[13.8313,56.40398],[13.82681,56.40198],[13.8067,56.40525]],[[13.75965,56.41163],[13.76446,56.41168],[13.77144,56.40745],[13.76192,56.40415],[13.75831,56.40608],[13.75965,56.41163]],[[13.8039,56.42188],[13.80781,56.41836],[13.795,56.41768],[13.79234,56.41917],[13.8039,56.42188]],[[13.92399,56.42841],[13.91894,56.43258],[13.90675,56.43065],[13.89773,56.43583],[13.92398,56.43966],[13.93568,56.43356],[13.92399,56.42841]],[[13.82973,56.43212],[13.82409,56.4327],[13.81759,56.43797],[13.82642,56.43983],[13.82973,56.43212]],[[13.71358,56.51991],[13.71826,56.51294],[13.72905,56.50912],[13.73747,56.50022],[13.75583,56.49778],[13.75828,56.49256],[13.76691,56.49265],[13.77553,56.48815],[13.77318,56.48545],[13.72392,56.48783],[13.72107,56.4971],[13.70513,56.50162],[13.71371,56.50844],[13.71358,56.51991]],[[13.84286,56.51942],[13.85541,56.51189],[13.85143,56.50911],[13.85591,56.50361],[13.86505,56.5077],[13.86393,56.50425],[13.87205,56.49856],[13.85741,56.49798],[13.85033,56.495],[13.83716,56.50231],[13.84286,56.51942]],[[13.76677,56.50472],[13.75423,56.50783],[13.75368,56.50894],[13.77653,56.50917],[13.76677,56.50472]],[[13.83546,56.52476],[13.83558,56.5209],[13.83034,56.5179],[13.83758,56.51376],[13.82659,56.50767],[13.81679,56.50946],[13.82,56.52925],[13.82794,56.52993],[13.83546,56.52476]],[[13.78291,56.53174],[13.7847,56.53663],[13.78035,56.54266],[13.78659,56.54377],[13.80301,56.52894],[13.79943,56.51964],[13.79414,56.52233],[13.79619,56.52958],[13.78291,56.53174]],[[13.89681,56.52027],[13.88379,56.51959],[13.89608,56.51015],[13.88889,56.50447],[13.86963,56.51169],[13.88225,56.5144],[13.86429,56.52475],[13.8592,56.52091],[13.86372,56.51821],[13.86113,56.51583],[13.85147,56.52028],[13.85103,56.52785],[13.86286,56.53442],[13.85726,56.53465],[13.84355,56.52877],[13.83539,56.53543],[13.85141,56.55158],[13.86404,56.54601],[13.88752,56.56188],[13.88853,56.55431],[13.88346,56.55524],[13.88054,56.55234],[13.89135,56.55061],[13.89658,56.55424],[13.90417,56.55094],[13.90482,56.55922],[13.91224,56.55774],[13.91102,56.56195],[13.92335,56.56479],[13.92767,56.56209],[13.92511,56.55498],[13.9309,56.55398],[13.93678,56.55599],[13.94251,56.55262],[13.94144,56.54976],[13.93637,56.55234],[13.93334,56.54866],[13.93777,56.53859],[13.93327,56.53303],[13.92847,56.53215],[13.92974,56.53508],[13.92543,56.5348],[13.91742,56.52768],[13.90809,56.53412],[13.89493,56.53239],[13.89995,56.52587],[13.88547,56.52569],[13.89681,56.52027]],[[13.7958,56.55808],[13.79051,56.56956],[13.79465,56.57014],[13.80928,56.56326],[13.80608,56.55445],[13.7958,56.55808]],[[13.66716,56.60861],[13.66567,56.59774],[13.65725,56.59874],[13.64696,56.604],[13.66716,56.60861]],[[13.73681,56.61172],[13.73145,56.60629],[13.72265,56.60882],[13.71688,56.6138],[13.73681,56.61172]],[[13.66756,56.62612],[13.65093,56.63541],[13.65351,56.63685],[13.66895,56.62993],[13.67954,56.62942],[13.68501,56.62246],[13.66756,56.62612]],[[13.7051,56.64907],[13.71583,56.65207],[13.72173,56.65679],[13.72939,56.65063],[13.72542,56.64736],[13.71935,56.64618],[13.7051,56.64907]],[[13.79079,56.69102],[13.79338,56.68969],[13.80226,56.69132],[13.81048,56.69762],[13.82172,56.69717],[13.82612,56.69534],[13.82796,56.6881],[13.82757,56.68403],[13.8221,56.68089],[13.80081,56.68092],[13.7913,56.67512],[13.80341,56.66619],[13.79578,56.66252],[13.79171,56.6542],[13.78215,56.65846],[13.78421,56.64978],[13.77288,56.64555],[13.78518,56.64349],[13.77657,56.64184],[13.7672,56.63613],[13.7693,56.65384],[13.75974,56.65754],[13.75364,56.65727],[13.7376,56.66419],[13.75018,56.67962],[13.73866,56.67838],[13.72541,56.67165],[13.72239,56.67415],[13.72546,56.68148],[13.74223,56.68593],[13.74617,56.69288],[13.76502,56.70799],[13.77712,56.70333],[13.78543,56.703],[13.79748,56.69731],[13.79079,56.69102]],[[13.66809,56.6834],[13.67701,56.67616],[13.65484,56.66866],[13.6504,56.67872],[13.66809,56.6834]],[[13.70281,56.7009],[13.68734,56.69816],[13.68767,56.70355],[13.69579,56.70855],[13.70281,56.7009]],[[13.67143,56.74783],[13.6613,56.74173],[13.65982,56.74368],[13.66184,56.74918],[13.67143,56.74783]]],[[[13.20827,56.81804],[13.20417,56.81545],[13.20935,56.80773],[13.21817,56.81184],[13.21277,56.81239],[13.20827,56.81804]]],[[[12.73618,56.80426],[12.7471,56.80846],[12.74818,56.81606],[12.75598,56.81845],[12.74577,56.81791],[12.72576,56.80587],[12.73398,56.79797],[12.73618,56.80426]]]]}},{"type":"Feature","properties":{"fs":"CAR","t":30.0},"geometry":{"type":"Polygon","coordinates":[[[12.97054,56.62169],[12.96549,56.6209],[12.95745,56.62598],[12.96239,56.62869],[12.95718,56.63095],[12.97363,56.6376],[12.96667,56.63925],[12.96362,56.64374],[12.95899,56.6445],[12.95817,56.64093],[12.95315,56.63945],[12.93853,56.6458],[12.92263,56.64526],[12.91911,56.63748],[12.92654,56.63208],[12.92057,56.62954],[12.92888,56.62788],[12.925,56.62311],[12.93124,56.62076],[12.92543,56.61707],[12.94829,56.57878],[12.95191,56.55743],[12.95845,56.56013],[12.96564,56.55896],[12.96052,56.55247],[12.95274,56.55482],[12.95429,56.54651],[12.9659,56.54341],[12.96369,56.53844],[12.96918,56.53552],[12.96809,56.52427],[12.96101,56.52205],[12.95761,56.52663],[12.95357,56.52163],[12.9525,56.50085],[12.9568,56.49825],[12.95708,56.4932],[12.95184,56.48722],[12.94648,56.49038],[12.94368,56.48553],[12.9592,56.48004],[12.93862,56.47674],[12.95805,56.47553],[12.956,56.47114],[12.94549,56.47082],[12.95812,56.4671],[12.94991,56.46425],[12.95703,56.46147],[12.96271,56.4643],[12.96625,56.47173],[12.97192,56.47323],[12.97547,56.46996],[12.98159,56.47184],[12.98046,56.46676],[12.97423,56.46463],[12.97972,56.46156],[12.98129,56.45119],[12.96949,56.44903],[12.95764,56.45481],[12.95051,56.453],[12.95716,56.44715],[12.95572,56.44095],[12.96661,56.44112],[12.96771,56.44423],[12.97588,56.44317],[12.98162,56.44025],[12.98132,56.43631],[12.98745,56.43866],[12.99584,56.43486],[12.99492,56.43302],[12.99036,56.43547],[12.98647,56.43471],[12.99051,56.4286],[12.99797,56.42806],[13.00686,56.42282],[12.99629,56.42153],[12.98705,56.42377],[12.98461,56.42197],[12.991,56.41779],[12.97823,56.41815],[12.97866,56.41478],[12.9841,56.4148],[12.98791,56.41142],[12.99112,56.41386],[12.99571,56.4133],[12.99992,56.41021],[12.99533,56.40607],[13.00945,56.40718],[13.0265,56.40067],[13.0253,56.39707],[13.03332,56.39867],[13.04313,56.39742],[13.04235,56.39292],[13.05031,56.38321],[13.06169,56.39083],[13.06493,56.38691],[13.09119,56.38825],[13.0944,56.37969],[13.10622,56.38113],[13.10431,56.37893],[13.10897,56.37675],[13.10251,56.37434],[13.11072,56.37219],[13.1053,56.36918],[13.11901,56.36813],[13.11508,56.36575],[13.1204,56.36043],[13.1181,56.3559],[13.12616,56.35644],[13.13595,56.3528],[13.12926,56.34736],[13.12487,56.35179],[13.12239,56.35091],[13.1158,56.34084],[13.12473,56.34097],[13.13366,56.33507],[13.13672,56.33708],[13.13263,56.34152],[13.14175,56.33994],[13.13925,56.3301],[13.13084,56.32815],[13.12536,56.33158],[13.12125,56.32772],[13.10697,56.32526],[13.13095,56.32057],[13.13361,56.31794],[13.12285,56.31324],[13.11167,56.31185],[13.12016,56.30875],[13.10673,56.30447],[13.10011,56.30049],[13.1027,56.29917],[13.11144,56.29874],[13.12666,56.30506],[13.14181,56.30522],[13.14017,56.30772],[13.14765,56.3098],[13.17741,56.30006],[13.17831,56.30232],[13.16931,56.3057],[13.16656,56.31043],[13.15891,56.31069],[13.15195,56.31475],[13.16351,56.31609],[13.1711,56.31316],[13.1805,56.31471],[13.17693,56.32083],[13.18594,56.33051],[13.18443,56.34197],[13.19756,56.34422],[13.2012,56.34197],[13.19342,56.33543],[13.20801,56.33154],[13.21081,56.32582],[13.21637,56.33124],[13.23931,56.33241],[13.24659,56.33068],[13.25364,56.33401],[13.26715,56.33149],[13.26732,56.32784],[13.26008,56.32582],[13.2558,56.32551],[13.25099,56.33033],[13.24759,56.32541],[13.23995,56.32666],[13.23788,56.32513],[13.24281,56.32228],[13.26547,56.31855],[13.25556,56.31421],[13.26403,56.31127],[13.26443,56.30805],[13.2618,56.30352],[13.25639,56.30429],[13.25508,56.30251],[13.264,56.29807],[13.26428,56.29457],[13.27089,56.29349],[13.26376,56.28937],[13.26666,56.2866],[13.26143,56.28645],[13.26109,56.28423],[13.27105,56.28441],[13.2784,56.28101],[13.30153,56.28582],[13.30656,56.28343],[13.33001,56.28698],[13.32635,56.28988],[13.30143,56.29106],[13.30146,56.29593],[13.28859,56.29313],[13.28835,56.29659],[13.30635,56.30814],[13.29366,56.30775],[13.2971,56.31735],[13.2851,56.3103],[13.28158,56.31334],[13.29671,56.32043],[13.30764,56.33336],[13.31761,56.32774],[13.32876,56.32719],[13.33123,56.32853],[13.32682,56.33095],[13.33618,56.33384],[13.33334,56.32641],[13.33595,56.32448],[13.35475,56.33385],[13.36126,56.32959],[13.36069,56.33688],[13.35259,56.34295],[13.35946,56.34791],[13.37877,56.35151],[13.35965,56.35533],[13.37849,56.35832],[13.37178,56.36426],[13.36069,56.36047],[13.34614,56.36355],[13.3544,56.36864],[13.37028,56.37027],[13.37847,56.37496],[13.3869,56.37462],[13.37612,56.36481],[13.38076,56.36424],[13.38643,56.36773],[13.39474,56.36868],[13.41409,56.3658],[13.41015,56.36322],[13.4135,56.35856],[13.40487,56.35641],[13.40744,56.35541],[13.42653,56.35851],[13.42538,56.36187],[13.43437,56.36474],[13.43808,56.36357],[13.43961,56.35727],[13.44402,56.3607],[13.45995,56.35753],[13.46893,56.36066],[13.47686,56.35858],[13.47565,56.3698],[13.49499,56.37972],[13.49133,56.38277],[13.49589,56.38261],[13.50128,56.38724],[13.5123,56.39021],[13.54157,56.39249],[13.54251,56.39433],[13.53238,56.39791],[13.54361,56.39876],[13.54295,56.4029],[13.53609,56.40329],[13.53927,56.40629],[13.5479,56.40569],[13.55485,56.40943],[13.55721,56.40728],[13.56556,56.40758],[13.56516,56.4113],[13.55239,56.41433],[13.55951,56.4169],[13.56963,56.42741],[13.57424,56.42587],[13.56963,56.42286],[13.57751,56.41987],[13.58041,56.41513],[13.58697,56.42433],[13.59367,56.42581],[13.59378,56.43185],[13.61584,56.42797],[13.61842,56.41864],[13.64265,56.40206],[13.64321,56.3994],[13.6381,56.39715],[13.65743,56.39464],[13.65701,56.39937],[13.65211,56.40182],[13.6535,56.40555],[13.6331,56.42372],[13.64546,56.42512],[13.63999,56.42937],[13.62981,56.43066],[13.6368,56.43534],[13.6347,56.44016],[13.64664,56.44193],[13.64223,56.44474],[13.65897,56.44675],[13.6656,56.43601],[13.68783,56.43821],[13.69365,56.44585],[13.70471,56.45102],[13.71982,56.45132],[13.74421,56.44588],[13.74824,56.45077],[13.75527,56.45285],[13.77043,56.4545],[13.78266,56.45251],[13.76723,56.45924],[13.74603,56.45603],[13.73705,56.45683],[13.73246,56.46001],[13.72392,56.45768],[13.70762,56.45994],[13.70422,56.46278],[13.71148,56.4658],[13.71285,56.4702],[13.69801,56.46658],[13.69109,56.47587],[13.6826,56.47199],[13.66967,56.47199],[13.66462,56.46398],[13.64961,56.46704],[13.65035,56.47118],[13.66346,56.47544],[13.66733,56.48081],[13.67833,56.48556],[13.67489,56.48939],[13.6643,56.49124],[13.66363,56.49383],[13.66613,56.50036],[13.67437,56.49703],[13.67933,56.5006],[13.67733,56.50689],[13.68722,56.51458],[13.68141,56.51367],[13.67496,56.51669],[13.66284,56.5146],[13.66395,56.51208],[13.65886,56.51238],[13.64471,56.52184],[13.6253,56.52749],[13.63362,56.5293],[13.64165,56.53908],[13.65169,56.54017],[13.6571,56.53812],[13.67561,56.54155],[13.62916,56.54722],[13.64262,56.55467],[13.6259,56.55294],[13.61492,56.55774],[13.60272,56.56925],[13.59961,56.56276],[13.6058,56.56044],[13.58765,56.55626],[13.59638,56.55383],[13.58776,56.54648],[13.57458,56.54876],[13.57567,56.54339],[13.55956,56.53619],[13.55061,56.54086],[13.55548,56.54653],[13.55018,56.55208],[13.55181,56.55603],[13.56464,56.55955],[13.57157,56.57136],[13.57937,56.57376],[13.57515,56.57764],[13.56617,56.57628],[13.55161,56.5813],[13.5492,56.58436],[13.55694,56.58403],[13.55875,56.59192],[13.5687,56.59694],[13.5828,56.59065],[13.5845,56.59291],[13.57095,56.60357],[13.60427,56.61111],[13.60591,56.60797],[13.6134,56.60637],[13.61499,56.61277],[13.62239,56.61454],[13.61949,56.61724],[13.62619,56.62216],[13.61553,56.6212],[13.61571,56.63023],[13.61185,56.63113],[13.60421,56.6243],[13.59959,56.62509],[13.59972,56.61948],[13.57657,56.62111],[13.56494,56.61873],[13.577,56.61641],[13.55922,56.61691],[13.5353,56.61322],[13.53172,56.61589],[13.53439,56.62076],[13.52613,56.62144],[13.5213,56.6277],[13.51421,56.62684],[13.5083,56.62158],[13.50265,56.62288],[13.49933,56.62729],[13.50685,56.63244],[13.50635,56.63552],[13.49882,56.63269],[13.49383,56.63649],[13.4895,56.63121],[13.48349,56.63068],[13.47271,56.64213],[13.47435,56.64884],[13.47961,56.6512],[13.48125,56.64841],[13.49086,56.65022],[13.48959,56.65638],[13.49293,56.65899],[13.50064,56.65848],[13.50576,56.65461],[13.51006,56.66091],[13.51902,56.66319],[13.51799,56.66683],[13.50361,56.66301],[13.4845,56.66586],[13.48196,56.66246],[13.46736,56.65779],[13.46428,56.66674],[13.46932,56.67242],[13.45916,56.67501],[13.45196,56.68217],[13.47254,56.68734],[13.45951,56.68765],[13.45922,56.69475],[13.44937,56.68923],[13.45376,56.7048],[13.45029,56.70896],[13.42985,56.69144],[13.42227,56.69064],[13.41219,56.69367],[13.42171,56.7131],[13.40634,56.7068],[13.40645,56.70181],[13.39448,56.69513],[13.3842,56.69493],[13.38482,56.70617],[13.36998,56.71889],[13.37175,56.73492],[13.3621,56.72204],[13.34602,56.72173],[13.35136,56.71752],[13.3513,56.71205],[13.3606,56.7154],[13.35938,56.71201],[13.36743,56.70313],[13.36267,56.69717],[13.33531,56.69836],[13.33528,56.70762],[13.32229,56.69853],[13.33617,56.69046],[13.35348,56.68549],[13.35941,56.68106],[13.35786,56.67858],[13.33529,56.68712],[13.31641,56.69008],[13.29608,56.68561],[13.29543,56.68869],[13.30298,56.6938],[13.29485,56.70609],[13.28796,56.7015],[13.29243,56.69841],[13.28065,56.68442],[13.26456,56.67741],[13.25359,56.67758],[13.26459,56.68237],[13.25837,56.68443],[13.26181,56.68738],[13.25126,56.68925],[13.25386,56.69373],[13.25061,56.69509],[13.24365,56.69113],[13.24463,56.68658],[13.22346,56.67392],[13.22391,56.67945],[13.21455,56.68334],[13.20791,56.67607],[13.19851,56.67567],[13.19148,56.67231],[13.19398,56.66803],[13.18598,56.66742],[13.17624,56.67889],[13.1653,56.6783],[13.16044,56.68396],[13.16814,56.68281],[13.17305,56.68695],[13.17084,56.69029],[13.17778,56.68927],[13.18514,56.69359],[13.19038,56.69086],[13.19665,56.69495],[13.18116,56.69599],[13.17695,56.69853],[13.17259,56.69453],[13.16054,56.69237],[13.14856,56.69455],[13.1391,56.69235],[13.13394,56.69536],[13.13917,56.70309],[13.12703,56.70256],[13.13058,56.70991],[13.12316,56.71794],[13.11364,56.71176],[13.11903,56.71121],[13.11861,56.70938],[13.11181,56.70745],[13.10702,56.70871],[13.10256,56.70268],[13.08858,56.70242],[13.0786,56.69785],[13.05853,56.69747],[13.06407,56.69261],[13.05866,56.68621],[13.0503,56.68748],[13.04679,56.69122],[13.03812,56.69108],[13.02296,56.68831],[13.01818,56.68936],[13.01462,56.68678],[13.01003,56.68923],[13.00703,56.6856],[13.01064,56.6825],[12.99058,56.68555],[12.98171,56.68435],[12.98268,56.68051],[12.99029,56.68133],[12.99503,56.6786],[13.00382,56.67874],[12.99963,56.67601],[13.00615,56.6733],[13.01649,56.67557],[13.02417,56.66769],[13.03311,56.6698],[13.02878,56.67465],[13.04955,56.67315],[13.04814,56.66653],[13.0353,56.66689],[13.03746,56.65646],[13.02548,56.64988],[13.02916,56.64776],[13.03975,56.6499],[13.04,56.64506],[13.03412,56.64068],[13.04112,56.63826],[13.04145,56.63441],[13.03861,56.62931],[13.03261,56.63043],[13.02729,56.62492],[13.01416,56.62766],[13.01394,56.63191],[13.00243,56.63266],[13.00485,56.63752],[12.99742,56.63595],[12.99398,56.63833],[12.98077,56.63751],[12.97732,56.63535],[12.98528,56.63417],[12.98541,56.63183],[12.97164,56.62721],[12.97054,56.62169]],[[13.33508,56.34159],[13.32923,56.33955],[13.32044,56.34394],[13.33633,56.34484],[13.33508,56.34159]],[[13.03605,56.41201],[13.02803,56.4153],[13.02753,56.41845],[13.03756,56.41709],[13.04504,56.41079],[13.05467,56.4095],[13.04916,56.40337],[13.03687,56.40589],[13.02964,56.41013],[13.03605,56.41201]],[[13.01282,56.43485],[12.9981,56.43841],[13.0126,56.43915],[13.01631,56.43596],[13.01282,56.43485]],[[13.00582,56.44513],[13.00031,56.44153],[12.99264,56.44274],[12.99501,56.44903],[13.00582,56.44513]],[[13.19324,56.59908],[13.19065,56.60716],[13.19902,56.60779],[13.19974,56.59561],[13.19055,56.59064],[13.18056,56.59097],[13.19324,56.59908]],[[13.09665,56.60831],[13.10511,56.61223],[13.10784,56.61873],[13.12045,56.62116],[13.11597,56.59695],[13.10895,56.59389],[13.09597,56.59643],[13.09665,56.60831]],[[13.0132,56.60714],[13.02272,56.61249],[13.02761,56.60906],[13.01769,56.60721],[13.02178,56.60377],[13.01882,56.6019],[13.0112,56.60262],[13.0132,56.60714]],[[13.15706,56.62775],[13.15909,56.62233],[13.1481,56.62093],[13.14675,56.62493],[13.15706,56.62775]],[[13.00707,56.62516],[13.00504,56.62021],[12.99434,56.622],[12.99878,56.62474],[13.00707,56.62516]],[[13.09591,56.61784],[13.08702,56.61995],[13.06683,56.61255],[13.06521,56.61737],[13.07112,56.61718],[13.07424,56.62088],[13.071,56.62701],[13.06557,56.62692],[13.0669,56.63235],[13.07069,56.63304],[13.07483,56.62847],[13.08575,56.63552],[13.0986,56.63024],[13.09798,56.62742],[13.08392,56.62339],[13.09454,56.62154],[13.09591,56.61784]],[[13.3081,56.65629],[13.32402,56.65386],[13.30933,56.65162],[13.2982,56.65545],[13.3081,56.65629]],[[13.233,56.65965],[13.24252,56.66334],[13.2516,56.65986],[13.25387,56.65498],[13.23991,56.65366],[13.233,56.65965]],[[13.10006,56.68979],[13.0823,56.6905],[13.08805,56.69452],[13.09589,56.6917],[13.09667,56.69564],[13.09239,56.69768],[13.09485,56.69964],[13.11181,56.69989],[13.11697,56.69609],[13.10747,56.68717],[13.10164,56.68645],[13.10006,56.68979]],[[13.45313,56.38866],[13.44441,56.38513],[13.44404,56.37558],[13.43708,56.37269],[13.43189,56.37796],[13.42587,56.37451],[13.41924,56.37569],[13.41357,56.39042],[13.43426,56.40017],[13.43796,56.39235],[13.45313,56.38866]],[[13.50371,56.41135],[13.50744,56.41076],[13.51856,56.41787],[13.52624,56.41814],[13.53197,56.41166],[13.52731,56.40629],[13.51677,56.40526],[13.51311,56.39974],[13.5044,56.39802],[13.50769,56.39476],[13.50329,56.39393],[13.49936,56.39732],[13.49686,56.39645],[13.50046,56.39088],[13.49011,56.38795],[13.47571,56.37794],[13.47448,56.38017],[13.48539,56.38957],[13.48258,56.39909],[13.49241,56.40665],[13.47804,56.40507],[13.47594,56.40069],[13.47179,56.39994],[13.47315,56.40398],[13.46962,56.40667],[13.47702,56.41147],[13.47622,56.41473],[13.48278,56.41945],[13.51201,56.42356],[13.51762,56.42264],[13.50371,56.41135]],[[13.66997,56.44167],[13.67445,56.44392],[13.68572,56.4405],[13.68071,56.43881],[13.66997,56.44167]],[[13.39557,56.47549],[13.4003,56.4775],[13.40543,56.47618],[13.40741,56.4704],[13.39911,56.46959],[13.39557,56.47549]],[[13.64685,56.50741],[13.63791,56.50871],[13.64077,56.5152],[13.65056,56.51011],[13.64685,56.50741]],[[13.53459,56.52682],[13.5428,56.52925],[13.55013,56.52681],[13.54349,56.52112],[13.53459,56.52682]],[[13.58304,56.54348],[13.59295,56.5391],[13.58692,56.53257],[13.5783,56.53893],[13.58304,56.54348]],[[13.59983,56.54521],[13.59852,56.55095],[13.60556,56.55319],[13.60865,56.552],[13.60318,56.54876],[13.60636,56.54529],[13.59983,56.54521]],[[13.51938,56.57264],[13.51425,56.58241],[13.52417,56.58818],[13.52903,56.58623],[13.52624,56.58157],[13.53193,56.57714],[13.52834,56.57345],[13.51938,56.57264]],[[13.40146,56.61096],[13.40788,56.61137],[13.41235,56.60881],[13.40574,56.60058],[13.4003,56.60865],[13.40146,56.61096]],[[13.5156,56.61565],[13.51968,56.61715],[13.52407,56.60653],[13.5156,56.61565]],[[13.4401,56.62048],[13.44827,56.61982],[13.44616,56.6155],[13.45442,56.61275],[13.44255,56.61166],[13.4353,56.61477],[13.4401,56.62048]],[[13.30899,56.67076],[13.31263,56.68043],[13.32335,56.68046],[13.3327,56.67459],[13.33041,56.67063],[13.31671,56.66904],[13.30899,56.67076]]]}},{"type":"Feature","properties":{"fs":"CAR","t":15.0},"geometry":{"type":"Polygon","coordinates":[[[13.29181,56.45642],[13.29347,56.45335],[13.28688,56.44961],[13.27977,56.44979],[13.28113,56.44223],[13.26315,56.43987],[13.26298,56.44563],[13.25405,56.44677],[13.25436,56.4401],[13.23739,56.4426],[13.23097,56.44152],[13.25406,56.43543],[13.26827,56.43503],[13.29439,56.42911],[13.28895,56.42614],[13.28023,56.42656],[13.28044,56.42193],[13.28765,56.42126],[13.28625,56.41478],[13.2935,56.41509],[13.28449,56.40689],[13.28034,56.41021],[13.27714,56.40707],[13.28142,56.40208],[13.28041,56.39645],[13.30003,56.41385],[13.30366,56.40295],[13.30935,56.40036],[13.31585,56.40218],[13.30765,56.40433],[13.30946,56.42072],[13.32012,56.42311],[13.32488,56.41952],[13.32808,56.42359],[13.34743,56.42712],[13.34241,56.43197],[13.35177,56.43673],[13.35895,56.44515],[13.35338,56.44775],[13.36232,56.45224],[13.35707,56.45641],[13.36397,56.46104],[13.35718,56.46558],[13.36026,56.47257],[13.36345,56.47297],[13.37043,56.46414],[13.37966,56.46967],[13.37287,56.48699],[13.41328,56.48246],[13.42395,56.47824],[13.4234,56.46686],[13.41685,56.45786],[13.42151,56.45547],[13.41685,56.45162],[13.41958,56.44912],[13.43447,56.46714],[13.44638,56.46734],[13.45074,56.47058],[13.44838,56.47434],[13.4414,56.47551],[13.44573,56.48329],[13.47171,56.48389],[13.47729,56.48087],[13.47757,56.474],[13.4731,56.47151],[13.48474,56.46791],[13.48823,56.47366],[13.49716,56.47246],[13.50017,56.4636],[13.50911,56.47185],[13.51992,56.47198],[13.51762,56.46809],[13.52147,56.46695],[13.52738,56.47144],[13.5522,56.47248],[13.53351,56.47481],[13.52897,56.47855],[13.52399,56.47624],[13.50088,56.47891],[13.50033,56.48845],[13.49122,56.48371],[13.47067,56.49396],[13.4712,56.49591],[13.47937,56.49559],[13.48693,56.49994],[13.49876,56.49625],[13.50253,56.49714],[13.48446,56.50469],[13.48533,56.50835],[13.47377,56.50947],[13.47281,56.51444],[13.48135,56.51897],[13.46844,56.52099],[13.47034,56.53372],[13.46026,56.52545],[13.44445,56.53115],[13.44525,56.53846],[13.4526,56.54515],[13.46966,56.54438],[13.4626,56.55552],[13.46577,56.56511],[13.45563,56.56021],[13.44159,56.55947],[13.44788,56.55478],[13.44298,56.55041],[13.44019,56.55637],[13.43453,56.55798],[13.43057,56.54523],[13.42387,56.54128],[13.40864,56.55091],[13.40774,56.56031],[13.39791,56.55836],[13.38261,56.55924],[13.36384,56.57008],[13.35339,56.56859],[13.35395,56.57234],[13.39113,56.58027],[13.40532,56.58759],[13.40168,56.5895],[13.39429,56.58667],[13.38643,56.5891],[13.37743,56.58814],[13.37845,56.5911],[13.38759,56.59454],[13.38536,56.60228],[13.38858,56.60731],[13.3835,56.60998],[13.38798,56.61249],[13.38177,56.61473],[13.38954,56.6175],[13.3876,56.62126],[13.39158,56.62356],[13.38185,56.6247],[13.3827,56.62864],[13.37259,56.62984],[13.36812,56.63603],[13.36308,56.63232],[13.3695,56.6277],[13.3679,56.62339],[13.35504,56.60862],[13.34499,56.60577],[13.32683,56.60768],[13.33642,56.60075],[13.34876,56.601],[13.35241,56.59792],[13.33103,56.57579],[13.32814,56.58748],[13.33779,56.59583],[13.32442,56.60176],[13.30989,56.59356],[13.29856,56.59658],[13.28945,56.59538],[13.2805,56.59074],[13.27103,56.5919],[13.26538,56.59673],[13.26524,56.60909],[13.27351,56.61014],[13.28415,56.60556],[13.28001,56.6128],[13.29405,56.61756],[13.29332,56.62253],[13.27053,56.6167],[13.26632,56.62258],[13.2692,56.62634],[13.26459,56.62691],[13.25877,56.62191],[13.25896,56.61644],[13.24578,56.61499],[13.22396,56.61882],[13.21733,56.62722],[13.21421,56.62578],[13.21636,56.62342],[13.20628,56.62105],[13.214,56.61945],[13.21935,56.61391],[13.23999,56.60826],[13.23544,56.60193],[13.21817,56.59045],[13.24751,56.59971],[13.24898,56.5937],[13.23278,56.58813],[13.23056,56.58487],[13.27033,56.57649],[13.26869,56.57361],[13.25523,56.57034],[13.24582,56.55939],[13.2399,56.56261],[13.23531,56.56107],[13.23853,56.55564],[13.23128,56.55479],[13.22487,56.55067],[13.23254,56.54278],[13.20968,56.54167],[13.20436,56.5456],[13.18935,56.53844],[13.18496,56.54003],[13.18478,56.54373],[13.19821,56.54448],[13.17685,56.54738],[13.17527,56.53535],[13.15984,56.5392],[13.16735,56.54162],[13.16471,56.54357],[13.15041,56.545],[13.14307,56.54948],[13.12797,56.54904],[13.12292,56.55086],[13.12244,56.54776],[13.11179,56.54472],[13.08534,56.54502],[13.09166,56.54069],[13.11605,56.54079],[13.12539,56.53693],[13.11711,56.52964],[13.12738,56.52752],[13.11985,56.52556],[13.1116,56.52808],[13.11209,56.52325],[13.09904,56.51502],[13.10925,56.51408],[13.11581,56.51614],[13.11546,56.51929],[13.12217,56.51991],[13.13387,56.51255],[13.13641,56.52214],[13.14632,56.51934],[13.14525,56.51525],[13.14872,56.51362],[13.16883,56.51883],[13.13821,56.50349],[13.12512,56.50133],[13.12285,56.49582],[13.12943,56.49227],[13.13271,56.49653],[13.14862,56.50351],[13.17546,56.51036],[13.18091,56.50791],[13.1773,56.50374],[13.17989,56.50266],[13.19035,56.50698],[13.19825,56.50452],[13.20284,56.50683],[13.23434,56.50014],[13.19434,56.4907],[13.18982,56.48602],[13.19393,56.48494],[13.22005,56.49072],[13.23661,56.49131],[13.23351,56.48509],[13.2086,56.47518],[13.18104,56.47871],[13.16856,56.48492],[13.15642,56.48397],[13.15529,56.48123],[13.16414,56.47832],[13.15971,56.4751],[13.14828,56.47409],[13.15296,56.4717],[13.1451,56.46639],[13.16843,56.47172],[13.1671,56.4677],[13.15729,56.46601],[13.15848,56.46237],[13.15149,56.46452],[13.14487,56.46066],[13.15591,56.45798],[13.15227,56.45203],[13.1662,56.44957],[13.17822,56.45274],[13.20159,56.45173],[13.20355,56.45321],[13.19298,56.45698],[13.19612,56.46023],[13.20883,56.46227],[13.21654,56.45742],[13.2247,56.45646],[13.23249,56.4635],[13.25173,56.46428],[13.2683,56.45684],[13.28144,56.45403],[13.28262,56.45966],[13.29181,56.45642]],[[13.32572,56.44733],[13.32519,56.45147],[13.33536,56.45546],[13.34082,56.4539],[13.34043,56.44065],[13.34708,56.43826],[13.34403,56.4355],[13.33974,56.43797],[13.33408,56.43705],[13.33491,56.44268],[13.32572,56.44733]],[[13.17645,56.46854],[13.17575,56.47391],[13.18785,56.46891],[13.19751,56.46842],[13.19704,56.46753],[13.17082,56.45905],[13.16666,56.46116],[13.17645,56.46854]],[[13.28002,56.47058],[13.2681,56.47591],[13.28263,56.47645],[13.30052,56.48473],[13.30633,56.48413],[13.30965,56.48034],[13.28917,56.47477],[13.28274,56.46837],[13.27101,56.46413],[13.28002,56.47058]],[[13.42549,56.50011],[13.41645,56.49791],[13.412,56.50098],[13.41545,56.50364],[13.42539,56.50255],[13.42549,56.50011]],[[13.46797,56.49803],[13.45798,56.49826],[13.46132,56.50567],[13.47248,56.5037],[13.46797,56.49803]],[[13.44861,56.51211],[13.4538,56.50936],[13.45139,56.50203],[13.42029,56.50928],[13.44861,56.51211]],[[13.42804,56.51831],[13.41794,56.51888],[13.41518,56.52226],[13.42977,56.52554],[13.4327,56.52033],[13.42804,56.51831]],[[13.39487,56.54],[13.39936,56.53588],[13.39383,56.53458],[13.37745,56.54321],[13.38496,56.55187],[13.39561,56.55252],[13.40151,56.54528],[13.39487,56.54]],[[13.35177,56.5513],[13.35457,56.55519],[13.36431,56.55914],[13.36819,56.5576],[13.36582,56.55359],[13.35177,56.5513]]]}}]}
