{"type":"FeatureCollection","name":"oskarstrom","xy_coordinate_resolution":1e-05,"features":[{"type":"Feature","properties":{"fs":"WALK","t":60.0},"geometry":{"type":"Polygon","coordinates":[[[12.96523,56.84269],[12.95709,56.8463],[12.95413,56.84282],[12.95078,56.8426],[12.94929,56.84181],[12.94745,56.84229],[12.94295,56.8421],[12.94342,56.84048],[12.9427,56.83888],[12.94577,56.83685],[12.94319,56.83658],[12.94178,56.83543],[12.93752,56.83408],[12.93384,56.8339],[12.9315,56.83454],[12.92979,56.83311],[12.93051,56.83112],[12.92972,56.83015],[12.9251,56.82859],[12.92198,56.82838],[12.91925,56.82733],[12.92685,56.82315],[12.92513,56.82213],[12.92542,56.82026],[12.92243,56.81848],[12.92222,56.81697],[12.92273,56.81631],[12.92433,56.81647],[12.92696,56.81458],[12.92552,56.81214],[12.92312,56.81111],[12.92433,56.80954],[12.91987,56.8086],[12.92039,56.80481],[12.92238,56.80406],[12.92492,56.80477],[12.9254,56.80333],[12.92702,56.80232],[12.92374,56.80012],[12.92363,56.7979],[12.92057,56.79594],[12.92056,56.79426],[12.91791,56.79227],[12.91916,56.79199],[12.92099,56.79279],[12.92403,56.79289],[12.92486,56.79075],[12.92372,56.78955],[12.924,56.78715],[12.9244,56.78664],[12.92654,56.78624],[12.92644,56.78523],[12.92804,56.785],[12.9321,56.78743],[12.93409,56.78732],[12.93545,56.78636],[12.93255,56.78575],[12.93184,56.78478],[12.93445,56.78195],[12.9363,56.78174],[12.93901,56.78261],[12.94041,56.78133],[12.94301,56.7812],[12.94389,56.77489],[12.94134,56.77209],[12.94137,56.77128],[12.94803,56.76632],[12.9584,56.76657],[12.96288,56.76702],[12.9657,56.76782],[12.96479,56.76937],[12.96622,56.77142],[12.96887,56.77347],[12.97063,56.77367],[12.97143,56.77326],[12.97213,56.76998],[12.97418,56.76884],[12.97457,56.76639],[12.97605,56.76563],[12.97807,56.76611],[12.97973,56.76563],[12.98178,56.76639],[12.9824,56.76926],[12.98475,56.76919],[12.98735,56.76842],[12.98914,56.76932],[12.98966,56.7711],[12.99121,56.7725],[12.9909,56.77384],[12.99446,56.77659],[12.99406,56.78262],[12.99953,56.78574],[13.0031,56.7863],[13.00504,56.78386],[13.00741,56.78367],[13.00937,56.78392],[13.01111,56.78515],[13.01425,56.78561],[13.01889,56.78316],[13.02237,56.78409],[13.02184,56.78557],[13.02232,56.78615],[13.02402,56.78635],[13.02605,56.78575],[13.02802,56.78673],[13.0271,56.78865],[13.02262,56.78973],[13.02015,56.79106],[13.01992,56.79292],[13.02376,56.79442],[13.02795,56.79487],[13.02873,56.79567],[13.03395,56.79452],[13.03669,56.79704],[13.03547,56.79881],[13.03686,56.80037],[13.03559,56.80133],[13.03515,56.80285],[13.03352,56.80333],[13.03755,56.80607],[13.03566,56.80679],[13.03141,56.80648],[13.02918,56.80744],[13.02854,56.80904],[13.02967,56.81063],[13.0279,56.81273],[13.02596,56.81161],[13.02311,56.81184],[13.0211,56.81122],[13.01787,56.81166],[13.01721,56.81534],[13.01983,56.8182],[13.01911,56.82181],[13.01774,56.82257],[13.01738,56.82358],[13.01552,56.82372],[13.01405,56.82442],[13.01143,56.82369],[13.01019,56.8238],[13.00726,56.82493],[13.00536,56.82799],[13.00337,56.82874],[12.99847,56.8285],[12.99485,56.82715],[12.99434,56.82534],[12.99543,56.82409],[12.99285,56.82393],[12.99099,56.82492],[12.99059,56.82593],[12.98912,56.82675],[12.98912,56.82771],[12.99245,56.82991],[12.99718,56.8315],[12.99736,56.83393],[12.99848,56.83507],[12.99828,56.83686],[12.99544,56.83777],[12.99649,56.8393],[12.99581,56.83997],[12.99295,56.83974],[12.98924,56.84014],[12.983,56.8419],[12.9785,56.84163],[12.97544,56.84054],[12.97191,56.84233],[12.97042,56.8442],[12.96646,56.8446],[12.96556,56.84417],[12.96523,56.84269]],[[12.98949,56.8367],[12.9886,56.83484],[12.98585,56.83451],[12.98402,56.83451],[12.98356,56.83487],[12.98367,56.83571],[12.98581,56.83677],[12.98949,56.8367]]]}},{"type":"Feature","properties":{"fs":"WALK","t":45.0},"geometry":{"type":"Polygon","coordinates":[[[12.94335,56.82493],[12.94331,56.82321],[12.94053,56.82218],[12.94018,56.81929],[12.93449,56.81319],[12.9313,56.81314],[12.92989,56.81238],[12.93392,56.80771],[12.9342,56.80639],[12.93248,56.80497],[12.93291,56.80322],[12.93111,56.80162],[12.93203,56.79975],[12.93,56.79684],[12.93103,56.79578],[12.93269,56.79524],[12.9369,56.79689],[12.93853,56.79337],[12.94109,56.79145],[12.94234,56.79105],[12.94517,56.79173],[12.94725,56.79106],[12.94779,56.78934],[12.94958,56.78819],[12.95019,56.78565],[12.95176,56.78444],[12.95197,56.77972],[12.95081,56.77757],[12.95273,56.77597],[12.95543,56.77613],[12.95917,56.77793],[12.96117,56.7769],[12.96275,56.77704],[12.96486,56.77894],[12.97019,56.78133],[12.97117,56.78026],[12.97363,56.77907],[12.97547,56.78011],[12.97752,56.77767],[12.97893,56.77756],[12.98205,56.77867],[12.98377,56.78002],[12.9802,56.78226],[12.97965,56.7842],[12.97805,56.7852],[12.97808,56.78621],[12.98026,56.78749],[12.9817,56.78745],[12.98322,56.78675],[12.98628,56.78758],[12.98749,56.78702],[12.98896,56.78431],[12.9952,56.7843],[12.99639,56.78696],[12.99532,56.78784],[12.99339,56.78832],[12.99713,56.79174],[12.99755,56.79453],[12.99917,56.79547],[12.9994,56.79375],[13.00074,56.79265],[13.00054,56.79152],[13.0017,56.79098],[13.00782,56.79123],[13.01233,56.7932],[13.01405,56.79257],[13.01868,56.79304],[13.01863,56.79395],[13.01393,56.79617],[13.01368,56.7973],[13.01508,56.79874],[13.01718,56.79914],[13.01908,56.80028],[13.0198,56.80216],[13.01707,56.80324],[13.0138,56.80207],[13.01031,56.80232],[13.00976,56.80292],[13.00986,56.80474],[13.0123,56.80535],[13.01249,56.80648],[13.01518,56.80918],[13.01489,56.81028],[13.01021,56.81179],[13.01125,56.81348],[13.00898,56.81569],[13.00523,56.81692],[13.00359,56.81707],[13.00117,56.81635],[12.99659,56.81858],[12.99188,56.8157],[12.99001,56.81525],[12.98943,56.81775],[12.99227,56.82061],[12.99193,56.82306],[12.98735,56.82762],[12.98428,56.82858],[12.98118,56.83086],[12.97989,56.82913],[12.97777,56.8287],[12.9751,56.82705],[12.97243,56.82824],[12.97212,56.83097],[12.97423,56.83236],[12.97614,56.8327],[12.97603,56.83358],[12.97743,56.83495],[12.97635,56.83606],[12.97511,56.83614],[12.97061,56.83441],[12.96967,56.83452],[12.97021,56.83574],[12.96727,56.83709],[12.96524,56.83683],[12.96399,56.83625],[12.96328,56.83508],[12.96207,56.83473],[12.96067,56.83491],[12.95871,56.83628],[12.95666,56.83624],[12.95608,56.83573],[12.95657,56.83414],[12.95306,56.83283],[12.95006,56.83237],[12.95212,56.8297],[12.94842,56.8272],[12.94694,56.827],[12.94474,56.82798],[12.94237,56.8278],[12.94077,56.82717],[12.94093,56.82607],[12.94335,56.82493]]]}},{"type":"Feature","properties":{"fs":"WALK","t":30.0},"geometry":{"type":"Polygon","coordinates":[[[12.97076,56.82563],[12.96659,56.82703],[12.96512,56.82644],[12.96491,56.82526],[12.96253,56.82629],[12.96052,56.82569],[12.96033,56.82524],[12.96295,56.82276],[12.96071,56.8221],[12.95964,56.81987],[12.95622,56.81809],[12.95718,56.81703],[12.95569,56.81646],[12.95321,56.81698],[12.95089,56.81624],[12.95025,56.81342],[12.94603,56.81149],[12.94628,56.81069],[12.94996,56.80898],[12.94792,56.80791],[12.94346,56.808],[12.94239,56.80722],[12.94517,56.80477],[12.9462,56.80277],[12.94524,56.80073],[12.94718,56.79981],[12.95111,56.79909],[12.95019,56.79789],[12.95154,56.79589],[12.95326,56.79626],[12.95395,56.79484],[12.95583,56.79386],[12.95572,56.79147],[12.95657,56.79086],[12.95871,56.79103],[12.96044,56.7904],[12.95924,56.78926],[12.95888,56.78703],[12.96014,56.78637],[12.96506,56.78821],[12.97035,56.78889],[12.97306,56.78869],[12.97404,56.78767],[12.97693,56.78718],[12.98016,56.78976],[12.97907,56.79185],[12.97922,56.79405],[12.97989,56.79456],[12.98143,56.79493],[12.98517,56.79386],[12.9917,56.79413],[12.99278,56.79513],[12.99533,56.7952],[12.996,56.79611],[12.99757,56.79647],[13.00038,56.79842],[13.00292,56.7988],[13.00391,56.79944],[13.00281,56.80181],[13.00062,56.80278],[13.00082,56.80545],[12.9959,56.80762],[12.99358,56.80736],[12.99271,56.81045],[12.98908,56.81247],[12.98831,56.81603],[12.98631,56.81645],[12.98176,56.81926],[12.97844,56.82009],[12.97693,56.81944],[12.97515,56.81683],[12.97444,56.82075],[12.97237,56.82209],[12.97076,56.82563]]]}},{"type":"Feature","properties":{"fs":"WALK","t":15.0},"geometry":{"type":"Polygon","coordinates":[[[12.96799,56.81632],[12.96571,56.81477],[12.96596,56.81284],[12.96404,56.81179],[12.96272,56.80776],[12.9603,56.80704],[12.95904,56.80567],[12.95649,56.80556],[12.95827,56.80488],[12.95965,56.80212],[12.96157,56.80128],[12.96229,56.7993],[12.96637,56.79602],[12.96823,56.79667],[12.97134,56.79694],[12.97263,56.79871],[12.97446,56.79795],[12.97592,56.79842],[12.97839,56.79813],[12.98104,56.80025],[12.98466,56.80137],[12.98495,56.80183],[12.98253,56.80493],[12.98411,56.8068],[12.98263,56.80881],[12.97862,56.80907],[12.97538,56.80799],[12.97364,56.80818],[12.9731,56.80925],[12.97443,56.81026],[12.97309,56.81113],[12.97429,56.81225],[12.97364,56.81497],[12.96799,56.81632]]]}},{"type":"Feature","properties":{"fs":"BICYCLE","t":60.0},"geometry":{"type":"MultiPolygon","coordinates":[[[[12.87583,56.69667],[12.87095,56.69631],[12.8676,56.69417],[12.86873,56.69228],[12.872,56.69212],[12.87822,56.69408],[12.87583,56.69667]]],[[[12.80831,56.78338],[12.80575,56.78162],[12.80557,56.77954],[12.80947,56.77758],[12.8039,56.77563],[12.79977,56.77196],[12.8209,56.76856],[12.82312,56.76708],[12.82466,56.76252],[12.83431,56.75808],[12.83697,56.76015],[12.83491,56.76208],[12.83678,56.76239],[12.84516,56.75875],[12.84429,56.7557],[12.84072,56.75532],[12.83926,56.75284],[12.83102,56.74942],[12.83125,56.74756],[12.83595,56.74412],[12.83395,56.74324],[12.82912,56.74378],[12.82764,56.74291],[12.82886,56.73934],[12.82719,56.73167],[12.8294,56.72834],[12.83702,56.73258],[12.8403,56.73235],[12.84492,56.73024],[12.83702,56.72547],[12.83219,56.72423],[12.8411,56.71843],[12.84757,56.71596],[12.84739,56.71377],[12.85878,56.7093],[12.85884,56.70829],[12.85414,56.70647],[12.86043,56.70001],[12.8634,56.69983],[12.8682,56.7016],[12.88661,56.70107],[12.88735,56.6999],[12.88253,56.69909],[12.88068,56.69669],[12.88406,56.69552],[12.89088,56.69536],[12.89344,56.69255],[12.89971,56.69747],[12.91174,56.69703],[12.91063,56.69507],[12.91562,56.69347],[12.91331,56.6909],[12.91547,56.68869],[12.92203,56.68813],[12.92922,56.68993],[12.93265,56.68803],[12.93774,56.68704],[12.94279,56.68174],[12.94681,56.68287],[12.9503,56.68265],[12.9548,56.6862],[12.95928,56.68628],[12.96227,56.68767],[12.96952,56.68577],[12.97208,56.68738],[12.97331,56.69111],[12.98138,56.69102],[12.98702,56.69425],[12.98567,56.69659],[12.98765,56.69774],[12.99261,56.6967],[12.99779,56.69903],[13.00444,56.69891],[13.00982,56.69563],[13.01312,56.69501],[13.01632,56.69618],[13.01764,56.69823],[13.02116,56.69738],[13.02952,56.70141],[13.03404,56.70098],[13.03887,56.70227],[13.04363,56.70583],[13.04992,56.70438],[13.05343,56.70495],[13.05858,56.70802],[13.05295,56.7103],[13.05377,56.71515],[13.05764,56.71952],[13.0646,56.72318],[13.0714,56.71772],[13.0664,56.71404],[13.06902,56.70892],[13.07693,56.71765],[13.08149,56.7203],[13.08857,56.72078],[13.0953,56.71898],[13.10169,56.72245],[13.1097,56.72313],[13.1039,56.72462],[13.10454,56.72811],[13.10062,56.72816],[13.09941,56.73021],[13.10317,56.73303],[13.10258,56.73954],[13.10659,56.7422],[13.11132,56.73967],[13.10927,56.73571],[13.11612,56.73603],[13.11674,56.73144],[13.12294,56.73075],[13.12362,56.72862],[13.12862,56.73083],[13.13313,56.73775],[13.14014,56.73538],[13.1399,56.74032],[13.1469,56.7475],[13.13703,56.7487],[13.13574,56.75217],[13.13257,56.75007],[13.12862,56.75066],[13.13449,56.75425],[13.13676,56.7583],[13.13386,56.76404],[13.13764,56.76814],[13.13427,56.77061],[13.13772,56.77199],[13.14132,56.76736],[13.14677,56.76682],[13.14903,56.77852],[13.16085,56.78011],[13.16608,56.78193],[13.15824,56.78316],[13.15936,56.78537],[13.15811,56.78586],[13.14292,56.78688],[13.1431,56.79271],[13.14735,56.79098],[13.15892,56.79587],[13.15385,56.80175],[13.1522,56.80195],[13.14913,56.79999],[13.13612,56.80362],[13.1337,56.80139],[13.1378,56.79932],[13.13383,56.79875],[13.12998,56.80027],[13.12944,56.8028],[13.13934,56.80899],[13.14582,56.80978],[13.15225,56.81287],[13.1583,56.81288],[13.16146,56.81118],[13.16132,56.80803],[13.16647,56.80317],[13.16979,56.80232],[13.17206,56.80909],[13.17126,56.81278],[13.18093,56.81618],[13.18104,56.81955],[13.17471,56.82518],[13.16808,56.82685],[13.1586,56.82686],[13.15225,56.83036],[13.15973,56.83497],[13.15622,56.84101],[13.15948,56.84274],[13.15996,56.84482],[13.16427,56.84703],[13.16652,56.84623],[13.1661,56.84438],[13.16836,56.84419],[13.17799,56.84862],[13.16834,56.85306],[13.16683,56.85664],[13.16366,56.85861],[13.1609,56.8543],[13.15404,56.85201],[13.13042,56.8624],[13.12592,56.86117],[13.12428,56.86319],[13.12915,56.86901],[13.12328,56.87116],[13.11288,56.86876],[13.10673,56.87],[13.10631,56.87153],[13.11043,56.87126],[13.11197,56.87334],[13.10668,56.87652],[13.09984,56.87467],[13.09695,56.87761],[13.10385,56.88366],[13.09499,56.88443],[13.08811,56.88662],[13.0767,56.89437],[13.07066,56.90596],[13.07142,56.91181],[13.06841,56.91648],[13.0655,56.91194],[13.06195,56.91638],[13.05891,56.91543],[13.05476,56.91644],[13.05182,56.91566],[13.04935,56.91371],[13.04899,56.91079],[13.04013,56.91346],[13.0356,56.91355],[13.03725,56.90955],[13.03534,56.90878],[13.02246,56.91161],[13.0217,56.9144],[13.01629,56.91578],[13.01214,56.91256],[13.00586,56.91217],[13.00698,56.91593],[13.00194,56.91806],[12.9955,56.91798],[12.98917,56.91602],[12.98343,56.91244],[12.97298,56.91722],[12.96906,56.91753],[12.96357,56.9138],[12.95477,56.9122],[12.95614,56.90975],[12.9504,56.9076],[12.94552,56.90127],[12.94308,56.90078],[12.93892,56.90183],[12.93879,56.90413],[12.93701,56.90472],[12.92263,56.89729],[12.9197,56.8905],[12.92206,56.88555],[12.91523,56.88482],[12.90506,56.88808],[12.89469,56.88889],[12.89552,56.89044],[12.89947,56.89151],[12.89979,56.89298],[12.88935,56.89258],[12.88289,56.89427],[12.87937,56.89724],[12.87516,56.89402],[12.87381,56.88793],[12.87079,56.88701],[12.8618,56.88986],[12.86116,56.8921],[12.8585,56.89368],[12.86043,56.89585],[12.8579,56.89699],[12.85462,56.89553],[12.85093,56.88608],[12.8437,56.88697],[12.84076,56.8863],[12.84229,56.88155],[12.83998,56.87893],[12.82231,56.87368],[12.82519,56.87126],[12.81851,56.86848],[12.80701,56.86877],[12.80256,56.86772],[12.81125,56.86394],[12.81403,56.85994],[12.81346,56.85656],[12.81942,56.85465],[12.82143,56.8553],[12.821,56.85737],[12.82588,56.85757],[12.82549,56.85071],[12.83157,56.84836],[12.82864,56.84749],[12.8251,56.84288],[12.8293,56.84089],[12.82971,56.83752],[12.83625,56.83382],[12.83688,56.82686],[12.84055,56.82406],[12.844,56.8237],[12.84787,56.82165],[12.84797,56.81695],[12.85112,56.81421],[12.84959,56.81293],[12.84317,56.81417],[12.84136,56.81729],[12.83776,56.81924],[12.83358,56.81715],[12.83126,56.81127],[12.83763,56.80464],[12.83398,56.79438],[12.82983,56.79208],[12.82367,56.79376],[12.81564,56.79387],[12.81851,56.79628],[12.81759,56.7998],[12.81095,56.80125],[12.80693,56.80006],[12.80808,56.79604],[12.8067,56.79427],[12.8096,56.79281],[12.81011,56.79074],[12.80534,56.78528],[12.80831,56.78338]]]]}},{"type":"Feature","properties":{"fs":"BICYCLE","t":45.0},"geometry":{"type":"Polygon","coordinates":[[[12.85261,56.84534],[12.85243,56.84219],[12.85503,56.83971],[12.85003,56.8375],[12.84401,56.8389],[12.84185,56.84319],[12.83963,56.84376],[12.83589,56.84275],[12.83323,56.83916],[12.83352,56.83602],[12.83653,56.83338],[12.8371,56.82715],[12.85195,56.82185],[12.85053,56.81628],[12.85347,56.81434],[12.85374,56.81102],[12.85653,56.80856],[12.85642,56.80589],[12.8535,56.80349],[12.85327,56.79649],[12.84758,56.791],[12.85156,56.79112],[12.85506,56.79438],[12.86112,56.79157],[12.86047,56.78553],[12.85774,56.78499],[12.85244,56.78647],[12.84978,56.78547],[12.85176,56.78332],[12.85221,56.77838],[12.86259,56.77452],[12.86043,56.77133],[12.85422,56.76786],[12.86365,56.76754],[12.87544,56.76991],[12.86952,56.76441],[12.86714,56.76359],[12.86334,56.76401],[12.8579,56.76068],[12.86722,56.75865],[12.87226,56.75997],[12.878,56.75962],[12.88641,56.76257],[12.8906,56.75948],[12.89113,56.75618],[12.88959,56.75489],[12.87983,56.75628],[12.87596,56.75587],[12.87739,56.75234],[12.88152,56.75035],[12.88278,56.74745],[12.88034,56.74573],[12.87426,56.7445],[12.87323,56.7428],[12.87658,56.74128],[12.88768,56.74381],[12.89137,56.74187],[12.88535,56.73799],[12.89057,56.73613],[12.89105,56.73473],[12.88258,56.73637],[12.88016,56.73582],[12.89071,56.72917],[12.89451,56.72519],[12.89485,56.71986],[12.89828,56.71972],[12.8966,56.71601],[12.8932,56.7146],[12.89449,56.7135],[12.90344,56.71422],[12.92096,56.72001],[12.92556,56.7156],[12.92817,56.71766],[12.92732,56.7207],[12.93181,56.72019],[12.93726,56.72141],[12.94524,56.71547],[12.94995,56.71533],[12.95659,56.72083],[12.95447,56.72237],[12.95105,56.72141],[12.95021,56.72666],[12.95923,56.72503],[12.96727,56.72168],[12.98065,56.72838],[12.97978,56.73193],[12.98599,56.73465],[12.9948,56.73232],[13.0024,56.73393],[13.00398,56.73103],[13.00162,56.72695],[13.00416,56.72542],[13.01922,56.72847],[13.02029,56.72938],[13.01654,56.73086],[13.01774,56.73125],[13.03231,56.72811],[13.03325,56.7324],[13.035,56.73343],[13.0529,56.73102],[13.05409,56.73171],[13.04968,56.734],[13.05059,56.73626],[13.05814,56.7365],[13.06558,56.73884],[13.0596,56.74061],[13.05817,56.74582],[13.06175,56.74969],[13.06762,56.74686],[13.06983,56.74959],[13.06717,56.75359],[13.0692,56.75595],[13.07353,56.75392],[13.07704,56.75846],[13.08349,56.75227],[13.08499,56.76089],[13.08884,56.7619],[13.09076,56.76075],[13.0874,56.75795],[13.08847,56.75364],[13.09647,56.75247],[13.09904,56.75543],[13.09729,56.7581],[13.09856,56.75988],[13.10622,56.75974],[13.11304,56.75834],[13.11505,56.76101],[13.10902,56.76507],[13.10226,56.76435],[13.1005,56.76579],[13.10411,56.76912],[13.11307,56.76987],[13.11507,56.77095],[13.11291,56.77316],[13.10799,56.77339],[13.10339,56.7754],[13.10169,56.78288],[13.105,56.78551],[13.10711,56.78467],[13.10789,56.78136],[13.11403,56.78138],[13.11553,56.78219],[13.11561,56.78668],[13.10811,56.79466],[13.11177,56.79786],[13.10993,56.80311],[13.11911,56.80461],[13.11385,56.80614],[13.1124,56.80768],[13.11743,56.80951],[13.11695,56.81097],[13.10651,56.81255],[13.10589,56.81338],[13.1108,56.81514],[13.11744,56.81344],[13.12309,56.81505],[13.12801,56.81506],[13.12276,56.81959],[13.12515,56.82311],[13.12894,56.823],[13.13146,56.82595],[13.12549,56.82929],[13.1229,56.82715],[13.12124,56.82743],[13.12155,56.8299],[13.11889,56.83346],[13.12089,56.8372],[13.12395,56.83881],[13.11609,56.84038],[13.10902,56.8382],[13.10583,56.83846],[13.10604,56.84045],[13.09987,56.8435],[13.10099,56.84712],[13.09928,56.84844],[13.09682,56.8484],[13.09118,56.8445],[13.08127,56.84401],[13.08415,56.8397],[13.0728,56.83867],[13.07017,56.83994],[13.06907,56.84679],[13.06556,56.84868],[13.06065,56.85031],[13.05175,56.84905],[13.04943,56.85261],[13.04959,56.86283],[13.05434,56.86706],[13.06154,56.86476],[13.06384,56.86485],[13.06495,56.86633],[13.06169,56.86987],[13.06336,56.87522],[13.05782,56.87712],[13.05682,56.88058],[13.05407,56.88219],[13.04751,56.88223],[13.04264,56.88103],[13.03916,56.88233],[13.03707,56.88561],[13.03374,56.88651],[13.03076,56.88078],[13.01708,56.87951],[13.01375,56.87659],[13.01722,56.87307],[13.00702,56.87185],[13.00062,56.87263],[13.00328,56.87929],[13.00129,56.88361],[12.99797,56.88718],[12.98745,56.89075],[12.98664,56.8943],[12.98361,56.89537],[12.9795,56.89283],[12.97728,56.88839],[12.96814,56.88456],[12.96521,56.8798],[12.96126,56.8817],[12.9546,56.88153],[12.9487,56.87734],[12.94722,56.87369],[12.94219,56.87225],[12.93578,56.8719],[12.92849,56.86795],[12.92648,56.86546],[12.92037,56.86805],[12.92215,56.87358],[12.92521,56.87498],[12.9223,56.87572],[12.91587,56.87325],[12.90766,56.87334],[12.90759,56.87104],[12.90456,56.87015],[12.89555,56.86984],[12.8883,56.86762],[12.89794,56.8638],[12.89076,56.86232],[12.88455,56.85908],[12.87563,56.85955],[12.87673,56.86176],[12.87215,56.86308],[12.86891,56.86224],[12.86908,56.85927],[12.86478,56.85745],[12.86125,56.85814],[12.85771,56.86093],[12.85536,56.85898],[12.85002,56.85735],[12.85106,56.85531],[12.85624,56.85431],[12.8507,56.85075],[12.85573,56.84884],[12.85261,56.84534]]]}},{"type":"Feature","properties":{"fs":"BICYCLE","t":30.0},"geometry":{"type":"Polygon","coordinates":[[[12.90297,56.84001],[12.89236,56.83186],[12.88893,56.8327],[12.88542,56.82961],[12.87732,56.82958],[12.87868,56.82736],[12.8765,56.82418],[12.8792,56.82183],[12.8843,56.82215],[12.89072,56.82094],[12.88799,56.81483],[12.89269,56.81496],[12.89616,56.81283],[12.90014,56.81492],[12.90615,56.81053],[12.90974,56.81441],[12.91131,56.81016],[12.91783,56.80854],[12.91753,56.80035],[12.90952,56.79957],[12.90551,56.79344],[12.90098,56.79224],[12.89563,56.7882],[12.90069,56.7855],[12.90291,56.78239],[12.9054,56.78176],[12.90813,56.7827],[12.91095,56.77986],[12.90495,56.77524],[12.90538,56.7712],[12.91401,56.7741],[12.91841,56.77232],[12.91765,56.76203],[12.92394,56.76005],[12.92516,56.75646],[12.92759,56.75481],[12.92182,56.75126],[12.92303,56.74963],[12.92702,56.74969],[12.93045,56.74792],[12.92734,56.74506],[12.92797,56.74361],[12.9329,56.74315],[12.94641,56.74459],[12.94757,56.74629],[12.94587,56.75365],[12.95483,56.75337],[12.95234,56.75086],[12.9514,56.74641],[12.95301,56.74548],[12.9611,56.7508],[12.97554,56.75352],[12.98091,56.75751],[12.98442,56.75822],[12.99508,56.75772],[12.99365,56.75378],[12.99547,56.75235],[13.00028,56.75231],[13.00511,56.75374],[13.01094,56.75175],[13.01522,56.75199],[13.01518,56.75457],[13.01991,56.76004],[13.01007,56.7643],[13.00861,56.7668],[13.00265,56.7698],[13.00458,56.77216],[13.00387,56.7745],[12.99349,56.77804],[12.99645,56.78285],[12.99961,56.78481],[13.00224,56.78463],[12.9986,56.77992],[13.00139,56.77749],[13.00705,56.78009],[13.01648,56.77919],[13.02006,56.78105],[13.02898,56.78204],[13.03336,56.78173],[13.03386,56.77868],[13.0389,56.77617],[13.04644,56.77669],[13.05364,56.77989],[13.06189,56.77867],[13.06489,56.78007],[13.06534,56.78322],[13.06188,56.78676],[13.06739,56.79117],[13.06213,56.79395],[13.06155,56.79844],[13.06422,56.80102],[13.07217,56.8016],[13.07417,56.80267],[13.06952,56.80547],[13.07292,56.81299],[13.06653,56.8157],[13.06467,56.81778],[13.07114,56.82178],[13.06369,56.82318],[13.05961,56.82278],[13.06113,56.82511],[13.06004,56.82649],[13.053,56.82387],[13.04435,56.82484],[13.05007,56.82707],[13.0509,56.82893],[13.04537,56.82885],[13.03595,56.83263],[13.03366,56.83529],[13.0355,56.8374],[13.03257,56.83853],[13.0318,56.8402],[13.03278,56.84235],[13.03631,56.84342],[13.03619,56.84566],[13.03213,56.84695],[13.03114,56.85019],[13.02846,56.85037],[13.02601,56.84831],[13.02336,56.84804],[13.02273,56.85208],[13.0137,56.85429],[13.01273,56.86091],[13.00545,56.8609],[13.00215,56.8595],[12.99845,56.86146],[12.99534,56.86029],[12.98715,56.85993],[12.98221,56.86412],[12.97724,56.8612],[12.96737,56.86175],[12.9691,56.85814],[12.9676,56.85745],[12.96534,56.85756],[12.96242,56.86105],[12.9528,56.85671],[12.93727,56.85727],[12.93438,56.8557],[12.93484,56.85301],[12.93152,56.84998],[12.94014,56.84984],[12.93833,56.84454],[12.9335,56.84378],[12.92783,56.83964],[12.92817,56.84751],[12.92167,56.84639],[12.91751,56.84936],[12.91205,56.83882],[12.90831,56.83662],[12.90709,56.83952],[12.90297,56.84001]],[[13.05609,56.79599],[13.06076,56.79466],[13.05893,56.7924],[13.05116,56.79614],[13.0447,56.79559],[13.04382,56.79795],[13.04931,56.80038],[13.05609,56.79599]],[[13.02758,56.82436],[13.02192,56.82292],[13.0172,56.82364],[13.00966,56.82758],[13.00869,56.82978],[13.00536,56.83158],[13.0145,56.83532],[13.01568,56.83231],[13.02831,56.8283],[13.02758,56.82436]]]}},{"type":"Feature","properties":{"fs":"BICYCLE","t":15.0},"geometry":{"type":"Polygon","coordinates":[[[12.97371,56.83545],[12.97129,56.83485],[12.9676,56.8358],[12.96431,56.83216],[12.96036,56.83609],[12.95564,56.83619],[12.95496,56.83369],[12.95085,56.83379],[12.94887,56.83258],[12.95107,56.82992],[12.94848,56.82628],[12.94455,56.82796],[12.93608,56.82678],[12.94447,56.82324],[12.93951,56.82029],[12.93852,56.81578],[12.93018,56.81199],[12.93491,56.8071],[12.93013,56.80082],[12.93112,56.79589],[12.93374,56.79481],[12.93771,56.79697],[12.94167,56.79202],[12.94805,56.79134],[12.95304,56.78367],[12.95129,56.77698],[12.9544,56.77628],[12.95787,56.77769],[12.96084,56.77549],[12.96385,56.77835],[12.96995,56.78013],[12.9744,56.77717],[12.98044,56.77749],[12.98171,56.78055],[12.97964,56.78411],[12.98012,56.78687],[12.98675,56.7872],[12.98823,56.78638],[12.98745,56.7844],[12.99011,56.78383],[12.9964,56.78668],[12.99561,56.79004],[12.9982,56.79137],[13.00312,56.79122],[13.01773,56.79359],[13.01554,56.79636],[13.01593,56.79862],[13.0218,56.80186],[13.01798,56.80427],[13.00893,56.80135],[13.01301,56.80935],[13.00856,56.81591],[13.00517,56.81614],[13.00125,56.81478],[12.99818,56.81664],[12.99534,56.81682],[12.99309,56.81157],[12.99151,56.81138],[12.9891,56.81796],[12.9926,56.82051],[12.99147,56.82339],[12.9851,56.8257],[12.98115,56.83063],[12.97834,56.82946],[12.97664,56.82674],[12.97392,56.82625],[12.97332,56.83067],[12.9768,56.83434],[12.97371,56.83545]]]}},{"type":"Feature","properties":{"fs":"TRANSIT","t":60.0},"geometry":{"type":"MultiPolygon","coordinates":[[[[12.78562,56.80732],[12.78021,56.80873],[12.77642,56.80789],[12.77897,56.80462],[12.78622,56.80408],[12.79269,56.80023],[12.79934,56.80035],[12.80296,56.80257],[12.7989,56.80611],[12.79174,56.80767],[12.78562,56.80732]]],[[[13.02779,56.78718],[13.02713,56.78862],[13.02231,56.78933],[13.02073,56.79064],[13.02444,56.79442],[13.02826,56.79564],[13.03241,56.79461],[13.03578,56.79668],[13.03529,56.80611],[13.03064,56.80674],[13.0281,56.81234],[13.01784,56.81148],[13.01701,56.81518],[13.01934,56.81758],[13.01743,56.82268],[13.01406,56.82443],[13.00894,56.82431],[13.00504,56.82821],[13.00194,56.82872],[12.99482,56.82771],[12.99442,56.82397],[12.99084,56.82579],[12.99069,56.82776],[12.99388,56.82962],[13.00332,56.82985],[13.00509,56.83212],[13.01381,56.83684],[13.03307,56.8373],[13.02969,56.83972],[13.02933,56.84624],[13.02561,56.84653],[13.02352,56.84815],[13.03223,56.85345],[13.03527,56.86227],[13.04099,56.86582],[13.04826,56.86762],[13.0513,56.86453],[13.05184,56.86657],[13.05482,56.86773],[13.06048,56.86491],[13.06131,56.8611],[13.06494,56.8625],[13.07216,56.85959],[13.07215,56.86195],[13.06765,56.86592],[13.0708,56.86844],[13.07123,56.87227],[13.07699,56.87572],[13.07689,56.87753],[13.07352,56.87928],[13.06694,56.87918],[13.06334,56.87778],[13.05703,56.88148],[13.05671,56.88732],[13.05984,56.88984],[13.05971,56.89276],[13.05629,56.89585],[13.05601,56.90169],[13.06223,56.90783],[13.06202,56.91256],[13.06514,56.91507],[13.06519,56.91845],[13.07171,56.92225],[13.08771,56.92261],[13.09082,56.92626],[13.08864,56.92869],[13.09343,56.93127],[13.10022,56.93104],[13.09929,56.93324],[13.0933,56.93383],[13.08719,56.93721],[13.09302,56.94439],[13.10089,56.94618],[13.10884,56.94641],[13.1093,56.94826],[13.11403,56.94638],[13.12217,56.9467],[13.13107,56.95079],[13.13946,56.95159],[13.14465,56.95631],[13.15167,56.95792],[13.15715,56.95545],[13.16173,56.95636],[13.16279,56.95789],[13.16009,56.96116],[13.16366,56.96357],[13.16504,56.96862],[13.17457,56.97188],[13.17702,56.97529],[13.18205,56.97609],[13.17322,56.97717],[13.1717,56.98026],[13.16903,56.98151],[13.15672,56.9808],[13.15031,56.9759],[13.13309,56.97617],[13.12667,56.96881],[13.1307,56.96642],[13.12215,56.96575],[13.11843,56.9641],[13.11492,56.96429],[13.11149,56.9751],[13.07305,56.97583],[13.0658,56.97279],[13.06008,56.97204],[13.05565,56.97433],[13.04886,56.97414],[13.04905,56.97054],[13.05161,56.96856],[13.04922,56.96696],[13.04965,56.9564],[13.04791,56.9507],[13.04583,56.94909],[13.04943,56.94696],[13.04666,56.94546],[13.04197,56.94494],[13.0447,56.93987],[13.05092,56.93805],[13.04483,56.93705],[13.03468,56.93115],[13.03731,56.9279],[13.04072,56.92717],[13.04007,56.92558],[13.05083,56.92003],[13.04795,56.91639],[13.04416,56.91478],[13.03841,56.91502],[13.03207,56.91817],[13.02888,56.91632],[13.02787,56.91203],[13.0226,56.91082],[13.02298,56.90364],[13.02616,56.90184],[13.03197,56.89484],[13.04005,56.89524],[13.0407,56.89305],[13.03945,56.89222],[13.03036,56.89214],[13.03047,56.88578],[13.033,56.88425],[13.03109,56.88256],[13.02719,56.88195],[13.02355,56.88365],[13.01419,56.88373],[13.01474,56.87295],[13.01846,56.87266],[13.02392,56.86973],[13.02167,56.86587],[13.02768,56.8644],[13.02839,56.85902],[13.02104,56.85512],[13.01611,56.85516],[13.01235,56.85675],[13.00619,56.85678],[13.00241,56.85839],[12.998,56.85653],[12.98826,56.85636],[12.98875,56.85435],[12.98669,56.8532],[12.98296,56.85449],[12.97351,56.85446],[12.96974,56.85607],[12.96316,56.85596],[12.96175,56.85301],[12.96448,56.85029],[12.96416,56.84506],[12.95703,56.84574],[12.95471,56.84294],[12.9401,56.84194],[12.93927,56.84105],[12.94257,56.83832],[12.94225,56.83555],[12.93608,56.83408],[12.93117,56.83408],[12.93038,56.82982],[12.92176,56.82838],[12.92091,56.82644],[12.92613,56.82296],[12.92226,56.81738],[12.92679,56.81381],[12.91987,56.80873],[12.92027,56.8052],[12.92352,56.80374],[12.92408,56.80169],[12.92071,56.79347],[12.92466,56.7928],[12.92399,56.78667],[12.93215,56.78145],[12.93287,56.77665],[12.93056,56.77445],[12.93182,56.77397],[12.935,56.77523],[12.93661,56.77313],[12.93193,56.77177],[12.9254,56.76727],[12.93119,56.76578],[12.92886,56.76373],[12.93104,56.76131],[12.92314,56.7568],[12.91621,56.75634],[12.91303,56.75449],[12.91252,56.75245],[12.90679,56.74898],[12.91133,56.74837],[12.91327,56.74572],[12.90392,56.74175],[12.90205,56.7388],[12.89465,56.73992],[12.89088,56.74153],[12.8873,56.73978],[12.87995,56.73957],[12.88456,56.73715],[12.88146,56.73418],[12.88165,56.73013],[12.8697,56.73331],[12.86841,56.73463],[12.86891,56.74112],[12.86425,56.74193],[12.85845,56.74794],[12.86175,56.75406],[12.85657,56.75891],[12.84734,56.75818],[12.83974,56.76222],[12.84165,56.76584],[12.83551,56.77311],[12.83966,56.77682],[12.8413,56.78359],[12.84004,56.78554],[12.836,56.78587],[12.8335,56.78907],[12.83042,56.79036],[12.81903,56.78904],[12.81213,56.78978],[12.80931,56.79319],[12.80473,56.79221],[12.80371,56.79034],[12.80988,56.78884],[12.81201,56.78667],[12.82235,56.78323],[12.81737,56.77823],[12.81975,56.77662],[12.82364,56.77669],[12.82375,56.77435],[12.82045,56.7741],[12.81954,56.77067],[12.81398,56.76863],[12.81294,56.76708],[12.8222,56.76378],[12.82509,56.76026],[12.82442,56.75543],[12.82765,56.7519],[12.83211,56.75157],[12.83392,56.7474],[12.84448,56.7414],[12.83599,56.73631],[12.8395,56.73323],[12.84641,56.73032],[12.84483,56.72703],[12.84722,56.72273],[12.84135,56.71883],[12.84309,56.71577],[12.84207,56.71225],[12.84473,56.71011],[12.83507,56.69541],[12.83167,56.69237],[12.82763,56.69225],[12.82606,56.68636],[12.82082,56.68671],[12.81847,56.6831],[12.80861,56.6852],[12.80317,56.68432],[12.79724,56.67902],[12.80095,56.67482],[12.78846,56.66853],[12.78716,56.66637],[12.77435,56.66651],[12.76349,56.66067],[12.76413,56.65911],[12.76705,56.65811],[12.7703,56.65832],[12.77203,56.66001],[12.77721,56.6587],[12.77142,56.65649],[12.77009,56.65484],[12.7741,56.65255],[12.77595,56.64899],[12.78087,56.64503],[12.78809,56.64634],[12.79222,56.64896],[12.80106,56.64837],[12.80737,56.6522],[12.81169,56.65153],[12.81472,56.65462],[12.82261,56.65666],[12.82918,56.65586],[12.83336,56.65854],[12.83536,56.65747],[12.8488,56.66265],[12.90812,56.64407],[12.90966,56.64168],[12.91692,56.64206],[12.91691,56.63955],[12.92543,56.63758],[12.93286,56.63776],[12.93872,56.64063],[12.9425,56.63927],[12.94675,56.64147],[12.94522,56.64471],[12.94752,56.64744],[12.94469,56.65106],[12.94138,56.65278],[12.93804,56.65028],[12.93468,56.65228],[12.93463,56.65565],[12.92704,56.65654],[12.92413,56.66109],[12.91567,56.65876],[12.9144,56.66074],[12.91939,56.66201],[12.92423,56.66499],[12.92765,56.66396],[12.93041,56.66479],[12.93144,56.66878],[12.92935,56.67253],[12.94036,56.67405],[12.94616,56.67606],[12.9468,56.67933],[12.95037,56.68253],[12.95,56.68433],[12.94344,56.68736],[12.93929,56.68493],[12.93381,56.68423],[12.92934,56.68585],[12.93251,56.69033],[12.92937,56.69522],[12.92479,56.69746],[12.91741,56.69791],[12.9044,56.69685],[12.89951,56.6978],[12.89357,56.69296],[12.89485,56.69848],[12.90299,56.70038],[12.90487,56.70333],[12.9137,56.70594],[12.91699,56.70533],[12.92253,56.70191],[12.92888,56.70213],[12.93217,56.70435],[12.929,56.70644],[12.9286,56.70981],[12.91979,56.71438],[12.91971,56.71572],[12.93138,56.71883],[12.94049,56.72404],[12.94741,56.72449],[12.95009,56.72778],[12.95702,56.72824],[12.9597,56.73142],[12.96681,56.7284],[12.97326,56.73031],[12.97308,56.73391],[12.97091,56.73633],[12.9825,56.74124],[12.97996,56.74278],[12.9823,56.74483],[12.9821,56.74843],[12.97601,56.7517],[12.97594,56.75393],[12.9852,56.75911],[12.99336,56.75935],[12.99795,56.75765],[13.00391,56.761],[13.01085,56.76146],[13.0073,56.76681],[13.00143,56.77008],[13.00376,56.77213],[13.00361,56.77455],[12.99944,56.77575],[13.00652,56.78011],[13.01165,56.78156],[13.00925,56.78273],[12.99963,56.78263],[12.99942,56.78478],[13.00319,56.78608],[13.00905,56.78406],[13.01317,56.78592],[13.01825,56.78373],[13.02039,56.78386],[13.02779,56.78718]],[[12.89341,56.70609],[12.89572,56.70364],[12.89488,56.70138],[12.89196,56.70036],[12.88783,56.70179],[12.88803,56.70556],[12.89341,56.70609]]],[[[12.49962,56.91369],[12.5038,56.9126],[12.50709,56.91396],[12.5068,56.9153],[12.51243,56.91766],[12.51574,56.92132],[12.51519,56.92344],[12.51038,56.92481],[12.50661,56.92338],[12.50425,56.91758],[12.49962,56.91369]]],[[[13.24944,56.99664],[13.24984,57.00198],[13.24659,57.00559],[13.24974,57.01058],[13.24953,57.01372],[13.24519,57.0177],[13.23831,57.0182],[13.24034,57.01449],[13.23472,57.01036],[13.23547,57.00206],[13.23333,56.99659],[13.22886,56.99407],[13.22232,56.9949],[13.2131,56.99276],[13.20491,56.98717],[13.20707,56.98191],[13.20976,56.98153],[13.21913,56.98343],[13.22285,56.983],[13.22731,56.98446],[13.24476,56.98085],[13.2468,56.98133],[13.24909,56.98496],[13.24739,56.98939],[13.25019,56.99164],[13.24458,56.99351],[13.24944,56.99664]]],[[[13.12192,57.03468],[13.11813,57.03631],[13.11369,57.03446],[13.10955,57.0355],[13.10842,57.03772],[13.11138,57.03979],[13.10789,57.04333],[13.10458,57.04329],[13.10137,57.04144],[13.10025,57.03895],[13.09306,57.0348],[13.08518,57.0358],[13.08247,57.03251],[13.07548,57.03206],[13.07571,57.02734],[13.07256,57.02483],[13.07275,57.02123],[13.07638,57.02295],[13.08297,57.02283],[13.08546,57.0212],[13.0851,57.01553],[13.09333,57.01433],[13.08853,57.01091],[13.09195,57.00692],[13.09201,57.0034],[13.08547,57.00036],[13.07946,56.99443],[13.08049,56.99248],[13.08892,56.98733],[13.09339,56.98987],[13.09754,56.98966],[13.1018,56.99292],[13.1022,56.99805],[13.09837,57.00343],[13.09862,57.00768],[13.10286,57.0085],[13.10585,57.01049],[13.10961,57.0092],[13.12278,57.00941],[13.12389,57.0119],[13.13552,57.01858],[13.13235,57.02056],[13.13325,57.02281],[13.13566,57.02357],[13.14148,57.02244],[13.1443,57.02381],[13.14151,57.02511],[13.13941,57.02932],[13.1337,57.03002],[13.12811,57.03466],[13.12192,57.03468]]],[[[13.28915,57.07661],[13.29688,57.08041],[13.29252,57.08484],[13.28844,57.08681],[13.28016,57.08749],[13.27383,57.09066],[13.26722,57.09056],[13.26359,57.08883],[13.25741,57.08863],[13.25296,57.08678],[13.24553,57.08695],[13.24266,57.08505],[13.24411,57.08193],[13.24736,57.08085],[13.25108,57.0818],[13.25163,57.07938],[13.24517,57.07895],[13.24047,57.07615],[13.23769,57.0687],[13.24516,57.06869],[13.25281,57.07237],[13.26353,57.07253],[13.2675,57.07102],[13.26823,57.06901],[13.28879,57.06736],[13.29095,57.07179],[13.28915,57.07661]]],[[[13.42459,57.16126],[13.43087,57.16267],[13.42812,57.16411],[13.42844,57.16737],[13.41557,57.17013],[13.40053,57.16646],[13.39782,57.16216],[13.40025,57.15859],[13.40511,57.15618],[13.41005,57.15655],[13.4163,57.15543],[13.41824,57.15837],[13.42317,57.15911],[13.42459,57.16126]]]]}},{"type":"Feature","properties":{"fs":"TRANSIT","t":45.0},"geometry":{"type":"MultiPolygon","coordinates":[[[[12.9235,56.64906],[12.91883,56.65179],[12.91207,56.65426],[12.91126,56.6523],[12.91644,56.64906],[12.92305,56.64748],[12.9235,56.64906]]],[[[12.86027,56.71247],[12.86134,56.70979],[12.85425,56.70518],[12.85178,56.70199],[12.84702,56.70056],[12.84569,56.69649],[12.84855,56.68632],[12.8414,56.684],[12.83332,56.68317],[12.83149,56.68187],[12.83286,56.67931],[12.83845,56.67742],[12.83723,56.67253],[12.83879,56.6684],[12.84657,56.66566],[12.85305,56.66132],[12.88455,56.65146],[12.88629,56.65209],[12.89549,56.64983],[12.89834,56.64806],[12.90283,56.64811],[12.90098,56.65014],[12.9072,56.65373],[12.90623,56.6554],[12.91204,56.65704],[12.91223,56.65899],[12.91173,56.66156],[12.90819,56.66218],[12.90353,56.66617],[12.90062,56.67163],[12.90719,56.67151],[12.90856,56.66892],[12.91424,56.67033],[12.91897,56.67703],[12.91441,56.68104],[12.91982,56.68562],[12.91723,56.68827],[12.91786,56.68981],[12.91252,56.69066],[12.90974,56.69485],[12.90564,56.69673],[12.89973,56.69689],[12.89831,56.69447],[12.89342,56.6923],[12.89022,56.69556],[12.87996,56.69592],[12.87581,56.69701],[12.87367,56.69877],[12.87429,56.70372],[12.86806,56.70862],[12.86938,56.71263],[12.86643,56.71488],[12.86157,56.71412],[12.86027,56.71247]]],[[[12.86272,56.72633],[12.85799,56.72322],[12.85866,56.71766],[12.86162,56.71678],[12.86455,56.7176],[12.86744,56.72293],[12.86584,56.7253],[12.86272,56.72633]]],[[[13.02964,56.83972],[13.02933,56.84556],[13.02394,56.84727],[13.02387,56.84861],[13.0322,56.85346],[13.03209,56.85554],[13.01694,56.85503],[13.01034,56.85584],[13.00267,56.85506],[12.9867,56.84875],[12.98253,56.85062],[12.98294,56.85448],[12.9768,56.85426],[12.97278,56.85279],[12.96989,56.85314],[12.96686,56.8504],[12.96565,56.8446],[12.95691,56.84192],[12.94861,56.84118],[12.94644,56.83961],[12.94829,56.83762],[12.94112,56.83407],[12.93924,56.83107],[12.93477,56.83062],[12.9311,56.82843],[12.93175,56.81951],[12.93708,56.81592],[12.93027,56.81233],[12.93448,56.80678],[12.93195,56.8051],[12.93092,56.79639],[12.93316,56.79548],[12.93751,56.79641],[12.94013,56.79211],[12.94738,56.79112],[12.94813,56.78737],[12.94563,56.78707],[12.94006,56.78975],[12.93296,56.78542],[12.9353,56.77889],[12.93777,56.77728],[12.94134,56.77689],[12.94223,56.77324],[12.93177,56.771],[12.92623,56.76762],[12.93123,56.76579],[12.9289,56.76373],[12.93215,56.76053],[12.9291,56.76014],[12.92013,56.75471],[12.91701,56.75039],[12.91128,56.74956],[12.91331,56.74572],[12.90858,56.74328],[12.90306,56.73566],[12.90065,56.73484],[12.89487,56.73598],[12.88742,56.73282],[12.89306,56.7255],[12.89241,56.72144],[12.88829,56.72199],[12.88589,56.71931],[12.87916,56.71729],[12.88256,56.7089],[12.88602,56.70715],[12.89157,56.70723],[12.89612,56.70559],[12.90004,56.70559],[12.90256,56.70962],[12.9082,56.70577],[12.91444,56.70732],[12.91558,56.70892],[12.91139,56.7133],[12.9187,56.71675],[12.92131,56.72063],[12.92478,56.71985],[12.92913,56.72238],[12.91997,56.72556],[12.92221,56.73147],[12.9262,56.73425],[12.93079,56.73413],[12.93779,56.73057],[12.93755,56.72748],[12.94427,56.72961],[12.95312,56.73018],[12.95666,56.73285],[12.96047,56.73232],[12.96853,56.73439],[12.97143,56.73749],[12.97774,56.74049],[12.97511,56.74322],[12.97727,56.7467],[12.97117,56.74825],[12.97159,56.752],[12.97512,56.75259],[12.98519,56.75913],[12.99336,56.75938],[12.99795,56.75767],[13.00112,56.75952],[13.00041,56.76136],[13.00371,56.76466],[13.00031,56.76602],[12.9989,56.76818],[13.00373,56.77214],[13.00363,56.77397],[13.0001,56.77435],[12.99849,56.77584],[13.00733,56.7812],[12.99963,56.78168],[12.99739,56.78394],[13.0051,56.79086],[13.01813,56.79373],[13.01542,56.79561],[13.0153,56.7974],[13.01955,56.80182],[13.01724,56.80284],[13.0117,56.80254],[13.01128,56.80349],[13.01593,56.81003],[13.01566,56.81748],[13.0131,56.81911],[13.00447,56.81868],[12.99465,56.81988],[12.99168,56.82424],[12.98125,56.83063],[12.97429,56.82676],[12.97368,56.83097],[12.97698,56.83323],[12.98427,56.83491],[12.99351,56.83124],[13.00367,56.83098],[13.013,56.83663],[13.02403,56.83716],[13.02588,56.83944],[13.02964,56.83972]]],[[[13.05821,56.86679],[13.06147,56.86807],[13.06373,56.8753],[13.0555,56.88232],[13.04937,56.89102],[13.04318,56.88789],[13.04045,56.88347],[13.03444,56.88489],[13.03047,56.88219],[13.03235,56.87975],[13.03111,56.87644],[13.02746,56.8772],[13.02089,56.87541],[13.02152,56.87155],[13.0256,56.86963],[13.02406,56.86767],[13.03232,56.86144],[13.03487,56.86109],[13.04018,56.8655],[13.04662,56.86766],[13.05443,56.86841],[13.05821,56.86679]]],[[[13.09475,56.96878],[13.09109,56.97299],[13.0885,56.9734],[13.08239,56.97023],[13.07841,56.97011],[13.07449,56.97456],[13.05097,56.96541],[13.05218,56.96318],[13.05002,56.96003],[13.05569,56.95776],[13.05266,56.95476],[13.05262,56.95257],[13.05736,56.95107],[13.05369,56.94748],[13.05655,56.94513],[13.06063,56.9457],[13.05698,56.94169],[13.0593,56.93838],[13.06451,56.93658],[13.05486,56.93132],[13.05898,56.92566],[13.05165,56.92094],[13.05585,56.9164],[13.05069,56.91561],[13.04591,56.9128],[13.03849,56.91343],[13.03316,56.90537],[13.03668,56.90211],[13.04327,56.90235],[13.04589,56.89748],[13.04963,56.89462],[13.05285,56.8958],[13.05605,56.89556],[13.05614,56.90214],[13.0622,56.90784],[13.06215,56.91301],[13.0651,56.91508],[13.06514,56.91845],[13.06943,56.92211],[13.06992,56.92886],[13.06741,56.93157],[13.07421,56.93218],[13.07738,56.92909],[13.07853,56.92933],[13.08425,56.93402],[13.08558,56.93846],[13.08985,56.94088],[13.08743,56.94407],[13.09324,56.94603],[13.09142,56.94841],[13.10237,56.95531],[13.10706,56.95417],[13.11429,56.95754],[13.12008,56.95685],[13.13146,56.95853],[13.13496,56.95738],[13.13851,56.9582],[13.13775,56.96111],[13.12643,56.96132],[13.12188,56.96403],[13.10994,56.96215],[13.10873,56.96575],[13.10126,56.96584],[13.10058,56.96842],[13.09475,56.96878]]],[[[13.10811,57.01458],[13.13112,57.02369],[13.12536,57.02978],[13.10498,57.03655],[13.10305,57.03397],[13.09233,57.02859],[13.0847,57.02935],[13.08122,57.02494],[13.08827,57.02276],[13.08944,57.0183],[13.0939,57.01871],[13.10811,57.01458]]],[[[13.25686,57.07396],[13.2617,57.07411],[13.26792,57.07656],[13.27552,57.0763],[13.27726,57.07879],[13.27036,57.08241],[13.25901,57.0809],[13.25477,57.07758],[13.25476,57.07489],[13.25686,57.07396]]]]}},{"type":"Feature","properties":{"fs":"TRANSIT","t":30.0},"geometry":{"type":"MultiPolygon","coordinates":[[[[12.86505,56.66594],[12.87131,56.66908],[12.86555,56.67325],[12.85832,56.6691],[12.86072,56.6644],[12.85992,56.66222],[12.86149,56.66157],[12.86663,56.66198],[12.86505,56.66594]]],[[[12.90419,56.68966],[12.89645,56.68934],[12.89085,56.69092],[12.88127,56.68407],[12.88396,56.67918],[12.8908,56.67719],[12.89637,56.67984],[12.89642,56.68464],[12.90121,56.68582],[12.90419,56.68966]]],[[[12.90492,56.7248],[12.90762,56.72346],[12.91082,56.72389],[12.91251,56.72903],[12.91063,56.72998],[12.9067,56.72897],[12.90434,56.7267],[12.90492,56.7248]]],[[[12.95946,56.7685],[12.9553,56.76989],[12.95617,56.77609],[12.96481,56.78054],[12.9607,56.78458],[12.95842,56.78507],[12.95408,56.78433],[12.95089,56.78064],[12.94721,56.78058],[12.94525,56.77905],[12.9443,56.77321],[12.94102,56.77112],[12.94533,56.76759],[12.9434,56.76419],[12.94512,56.76262],[12.95111,56.76411],[12.95101,56.76598],[12.9555,56.76455],[12.95903,56.76634],[12.95946,56.7685]]],[[[12.98106,56.81951],[12.97814,56.81986],[12.97515,56.81706],[12.9707,56.83054],[12.96462,56.83402],[12.95761,56.8339],[12.95101,56.82908],[12.94793,56.82365],[12.9549,56.81965],[12.95601,56.81764],[12.95157,56.81697],[12.95044,56.81383],[12.94655,56.81142],[12.94991,56.8088],[12.94218,56.80727],[12.94655,56.80019],[12.95364,56.79581],[12.95913,56.78709],[12.96162,56.78656],[12.96692,56.7885],[12.97532,56.78398],[12.97613,56.77596],[12.97315,56.77313],[12.97315,56.76609],[12.97042,56.76252],[12.96592,56.76003],[12.95863,56.7593],[12.9551,56.7574],[12.95193,56.75329],[12.95309,56.75142],[12.95115,56.7486],[12.94358,56.74364],[12.93591,56.7441],[12.93649,56.74558],[12.94383,56.74949],[12.94245,56.75464],[12.93852,56.75496],[12.93281,56.75222],[12.92742,56.74371],[12.91808,56.74131],[12.91641,56.73813],[12.91855,56.73643],[12.92263,56.7365],[12.92728,56.73848],[12.92991,56.74263],[12.93307,56.74001],[12.94298,56.73813],[12.94948,56.73902],[12.95896,56.74252],[12.96022,56.74444],[12.95741,56.74648],[12.95767,56.74865],[12.96195,56.75102],[12.97526,56.75365],[12.97917,56.76291],[12.98501,56.76442],[12.98619,56.7662],[12.98403,56.76832],[12.98814,56.76897],[12.99292,56.77527],[12.98974,56.77722],[12.99235,56.78206],[12.98794,56.78413],[12.98116,56.78469],[12.98013,56.78756],[12.99,56.78781],[12.99669,56.79157],[12.99849,56.79624],[13.01016,56.79733],[13.00582,56.80205],[13.00711,56.80477],[13.00576,56.80819],[13.00167,56.80885],[12.9985,56.81072],[12.99126,56.81091],[12.98854,56.8154],[12.98106,56.81951]]],[[[12.9956,56.84008],[13.00639,56.8375],[13.012,56.83989],[13.01274,56.84279],[13.01623,56.84362],[13.01888,56.84584],[13.01814,56.84782],[13.02045,56.84994],[13.01906,56.85238],[13.01488,56.85135],[13.01259,56.84821],[13.00904,56.84939],[13.00608,56.84912],[13.00027,56.84444],[12.99546,56.84258],[12.98632,56.84501],[12.97693,56.8443],[12.97031,56.83996],[12.96802,56.83657],[12.97289,56.83559],[12.97727,56.83668],[12.98079,56.83602],[12.9956,56.84008]]],[[[13.06895,56.95434],[13.07431,56.9515],[13.09192,56.95684],[13.08903,56.9618],[13.08232,56.96158],[13.07555,56.96421],[13.06829,56.96051],[13.07088,56.95675],[13.06895,56.95434]]]]}},{"type":"Feature","properties":{"fs":"TRANSIT","t":15.0},"geometry":{"type":"Polygon","coordinates":[[[12.97212,56.81521],[12.9674,56.81581],[12.96299,56.8081],[12.95898,56.80489],[12.95944,56.8022],[12.96542,56.79668],[12.96845,56.7965],[12.97277,56.79882],[12.97896,56.79701],[12.98247,56.80025],[12.98526,56.80105],[12.98917,56.79746],[12.99198,56.7979],[12.99328,56.79921],[12.99084,56.8026],[12.98429,56.80384],[12.98262,56.80849],[12.97493,56.80871],[12.97212,56.81521]]]}},{"type":"Feature","properties":{"fs":"TRANSIT50","t":60.0},"geometry":{"type":"MultiPolygon","coordinates":[[[[13.01359,56.83699],[13.01872,56.8446],[13.02293,56.84645],[13.0214,56.85164],[13.02263,56.85331],[13.01957,56.85419],[13.00615,56.85006],[12.9993,56.84504],[12.99614,56.84533],[12.99261,56.84796],[12.98288,56.84661],[12.97684,56.84786],[12.97369,56.84461],[12.96755,56.84451],[12.96401,56.84316],[12.95703,56.84574],[12.9542,56.84243],[12.94261,56.84119],[12.94428,56.83744],[12.94225,56.83507],[12.93117,56.83408],[12.93038,56.82982],[12.92161,56.82823],[12.92091,56.82644],[12.92612,56.82313],[12.92226,56.81738],[12.92679,56.81381],[12.91987,56.80873],[12.92027,56.8052],[12.92352,56.80374],[12.92408,56.80169],[12.92071,56.79347],[12.92399,56.79322],[12.92508,56.79215],[12.92333,56.78849],[12.92415,56.78645],[12.92733,56.7849],[12.93143,56.78466],[12.93479,56.77843],[12.9412,56.77618],[12.94205,56.77297],[12.93177,56.77112],[12.92543,56.76727],[12.9308,56.76623],[12.9289,56.76373],[12.93145,56.76175],[12.92315,56.75679],[12.91664,56.75622],[12.91305,56.75448],[12.91255,56.75245],[12.90681,56.74898],[12.91134,56.74838],[12.91329,56.74572],[12.90394,56.74175],[12.90121,56.73766],[12.89752,56.73984],[12.8922,56.73975],[12.88907,56.73576],[12.88468,56.73648],[12.88212,56.73441],[12.88269,56.73217],[12.88518,56.7301],[12.88911,56.72925],[12.89197,56.72503],[12.8898,56.72432],[12.88507,56.72485],[12.881,56.72091],[12.87738,56.71939],[12.87599,56.71555],[12.87944,56.71456],[12.88273,56.71151],[12.8779,56.7071],[12.87305,56.70612],[12.86527,56.71009],[12.85342,56.70711],[12.85125,56.70378],[12.84319,56.69971],[12.8437,56.69646],[12.84169,56.69373],[12.84433,56.68883],[12.84226,56.68655],[12.84319,56.68491],[12.83434,56.68314],[12.83261,56.68144],[12.83398,56.67877],[12.83322,56.67246],[12.83559,56.67026],[12.83519,56.66834],[12.83939,56.66552],[12.86377,56.66449],[12.87527,56.66611],[12.87864,56.66493],[12.88155,56.66577],[12.8825,56.66882],[12.87866,56.66808],[12.87779,56.66919],[12.87921,56.67281],[12.87728,56.6803],[12.88,56.68416],[12.88429,56.68598],[12.88669,56.68866],[12.8871,56.69226],[12.88618,56.69663],[12.87792,56.70161],[12.8778,56.70367],[12.88306,56.70615],[12.89075,56.70736],[12.89681,56.70485],[12.90237,56.70406],[12.90849,56.70413],[12.9137,56.70596],[12.91986,56.70532],[12.92005,56.71296],[12.91539,56.71389],[12.91485,56.71511],[12.92494,56.71693],[12.93256,56.71953],[12.94362,56.72831],[12.95425,56.7282],[12.95738,56.73174],[12.9729,56.73293],[12.97089,56.73634],[12.97564,56.73899],[12.9793,56.73939],[12.98085,56.74099],[12.97907,56.74366],[12.98054,56.74672],[12.97567,56.74978],[12.97231,56.7504],[12.97189,56.75191],[12.97514,56.75238],[12.97649,56.75439],[12.98519,56.75913],[12.99336,56.75938],[12.99795,56.75766],[13.00602,56.76345],[13.00586,56.7665],[13.00407,56.76743],[13.00077,56.76709],[13.00005,56.76817],[13.00373,56.77213],[13.00362,56.7742],[12.99907,56.7758],[13.00636,56.78053],[13.01027,56.7814],[12.99939,56.78242],[12.99914,56.78462],[13.0025,56.78613],[13.00905,56.78406],[13.01317,56.78592],[13.01974,56.78361],[13.02724,56.78655],[13.02713,56.78862],[13.02175,56.78959],[13.02089,56.7919],[13.02664,56.79539],[13.03241,56.79461],[13.0353,56.79623],[13.03595,56.80522],[13.03476,56.80641],[13.03064,56.80674],[13.0281,56.81234],[13.01777,56.81148],[13.01678,56.81519],[13.01901,56.81758],[13.01743,56.82268],[13.01406,56.82443],[13.00894,56.82431],[13.00504,56.82821],[13.00194,56.82872],[12.99482,56.82771],[12.99442,56.82397],[12.99084,56.82579],[12.99063,56.82761],[12.99723,56.83162],[12.99973,56.83554],[13.00656,56.83424],[13.01359,56.83699]],[[12.92313,56.73134],[12.92851,56.73365],[12.93665,56.72904],[12.93218,56.72643],[12.92804,56.72732],[12.92455,56.72636],[12.92313,56.73134]]],[[[13.08684,56.9636],[13.08343,56.96201],[13.07592,56.96512],[13.06574,56.96219],[13.06634,56.95851],[13.06995,56.95627],[13.06529,56.95496],[13.06393,56.95247],[13.05993,56.95115],[13.0573,56.94843],[13.05752,56.94726],[13.06376,56.94419],[13.06247,56.94188],[13.06761,56.93868],[13.06034,56.93149],[13.06211,56.9296],[13.06076,56.9258],[13.06523,56.92336],[13.06775,56.92339],[13.0687,56.92614],[13.06839,56.92953],[13.0658,56.93154],[13.06662,56.9333],[13.07107,56.93461],[13.07744,56.93257],[13.07919,56.93439],[13.07863,56.93867],[13.08269,56.94042],[13.08083,56.94295],[13.08757,56.94929],[13.08273,56.95116],[13.08413,56.95292],[13.08922,56.95526],[13.09318,56.95426],[13.09798,56.9549],[13.10725,56.95859],[13.10575,56.95977],[13.09951,56.95986],[13.08684,56.9636]]]]}},{"type":"Feature","properties":{"fs":"TRANSIT50","t":45.0},"geometry":{"type":"MultiPolygon","coordinates":[[[[12.85916,56.69538],[12.86171,56.68894],[12.86491,56.69082],[12.86613,56.6937],[12.86342,56.69714],[12.85916,56.69538]]],[[[12.97669,56.83462],[12.97022,56.8344],[12.96854,56.83634],[12.96073,56.83547],[12.95727,56.83646],[12.95556,56.83392],[12.95082,56.83255],[12.95185,56.83061],[12.94887,56.82782],[12.94058,56.82681],[12.94457,56.82321],[12.94036,56.82114],[12.93689,56.81571],[12.9302,56.81199],[12.93447,56.8071],[12.93195,56.8051],[12.93112,56.79606],[12.9337,56.79548],[12.93727,56.79654],[12.94013,56.79211],[12.94738,56.79112],[12.94922,56.7859],[12.95168,56.7839],[12.95099,56.7815],[12.94738,56.78116],[12.9446,56.77938],[12.94416,56.77321],[12.94083,56.77112],[12.94452,56.76781],[12.94263,56.76328],[12.94539,56.76187],[12.94829,56.76308],[12.95504,56.76365],[12.95866,56.76557],[12.96095,56.76808],[12.95641,56.7725],[12.95699,56.77675],[12.96131,56.77718],[12.96932,56.78034],[12.97331,56.77906],[12.97492,56.77594],[12.97277,56.77317],[12.97292,56.76612],[12.96577,56.76015],[12.9585,56.7596],[12.95495,56.75757],[12.95357,56.75466],[12.95023,56.75299],[12.94951,56.74834],[12.94557,56.75288],[12.94605,56.75515],[12.9423,56.7571],[12.93873,56.75558],[12.92991,56.75476],[12.92712,56.74912],[12.92317,56.74678],[12.9196,56.74701],[12.91321,56.74426],[12.91084,56.74164],[12.91276,56.73673],[12.91074,56.73265],[12.90795,56.73044],[12.9017,56.73073],[12.8993,56.72976],[12.9028,56.7236],[12.89885,56.72144],[12.89505,56.72257],[12.89443,56.71999],[12.89681,56.71714],[12.89559,56.71577],[12.89106,56.71457],[12.89241,56.71231],[12.89927,56.7133],[12.90436,56.71228],[12.90975,56.71466],[12.9096,56.71735],[12.90613,56.71909],[12.9104,56.72126],[12.91745,56.7225],[12.91261,56.72596],[12.91567,56.72935],[12.91427,56.73192],[12.91667,56.73342],[12.92406,56.73477],[12.92993,56.74063],[12.944,56.73567],[12.96345,56.74256],[12.95838,56.74621],[12.95809,56.74848],[12.9621,56.75076],[12.96875,56.75138],[12.97507,56.75342],[12.98041,56.75671],[12.98105,56.76301],[12.98513,56.76207],[12.98854,56.76268],[12.98822,56.76492],[12.99216,56.77214],[12.99572,56.77538],[12.99425,56.78252],[12.99934,56.78667],[12.99688,56.78978],[12.99934,56.79318],[13.00319,56.7912],[13.01813,56.79378],[13.01544,56.79531],[13.01518,56.79744],[13.01955,56.80182],[13.01796,56.80274],[13.01199,56.80222],[13.01108,56.8031],[13.01499,56.81051],[13.01104,56.81166],[13.01049,56.81426],[13.00586,56.81665],[13.0012,56.81568],[12.99598,56.81754],[12.9916,56.8162],[12.99051,56.81866],[12.99342,56.82117],[12.99192,56.82404],[12.98125,56.83063],[12.97418,56.82676],[12.97328,56.83105],[12.97669,56.83462]]]]}},{"type":"Feature","properties":{"fs":"TRANSIT50","t":30.0},"geometry":{"type":"Polygon","coordinates":[[[12.97207,56.82397],[12.9693,56.82606],[12.96505,56.8252],[12.96113,56.82574],[12.9607,56.81985],[12.95545,56.81666],[12.95189,56.8166],[12.95105,56.81424],[12.94655,56.81142],[12.94991,56.8088],[12.94218,56.80727],[12.94611,56.80063],[12.95326,56.79626],[12.95873,56.78744],[12.96088,56.7865],[12.96726,56.78864],[12.97658,56.7872],[12.98048,56.78971],[12.97875,56.79139],[12.97942,56.79352],[12.99545,56.79548],[13.00371,56.7994],[12.99992,56.8051],[12.99018,56.81136],[12.98847,56.8154],[12.98477,56.81811],[12.97875,56.81998],[12.97515,56.81706],[12.97207,56.82397]]]}},{"type":"Feature","properties":{"fs":"TRANSIT50","t":15.0},"geometry":{"type":"Polygon","coordinates":[[[12.97293,56.81365],[12.96984,56.81612],[12.96661,56.81535],[12.96349,56.80856],[12.95874,56.80443],[12.9602,56.80131],[12.96641,56.79625],[12.97252,56.79878],[12.9789,56.79881],[12.98414,56.80226],[12.98297,56.8082],[12.97493,56.80871],[12.97293,56.81365]]]}},{"type":"Feature","properties":{"fs":"TRANSITB","t":60.0},"geometry":{"type":"MultiPolygon","coordinates":[[[[12.82641,56.69335],[12.82319,56.68799],[12.81436,56.68629],[12.79814,56.68797],[12.78958,56.68083],[12.78774,56.6808],[12.78062,56.68502],[12.78026,56.68782],[12.77689,56.69096],[12.7701,56.69199],[12.76714,56.69376],[12.76581,56.69764],[12.75994,56.6977],[12.75707,56.69549],[12.75319,56.69559],[12.75188,56.69349],[12.74707,56.692],[12.74532,56.6902],[12.74637,56.68332],[12.75189,56.68192],[12.75152,56.6791],[12.75663,56.67552],[12.76374,56.67601],[12.77034,56.66967],[12.76303,56.66735],[12.75448,56.66129],[12.74781,56.66151],[12.74847,56.66467],[12.74533,56.66562],[12.74513,56.6682],[12.74142,56.67218],[12.73837,56.67378],[12.73401,56.6739],[12.73523,56.67611],[12.72724,56.68012],[12.72369,56.68039],[12.72294,56.67914],[12.72517,56.67772],[12.72546,56.67548],[12.73243,56.67067],[12.73099,56.65958],[12.73561,56.65764],[12.74019,56.65289],[12.73115,56.6497],[12.73637,56.64396],[12.7434,56.64421],[12.75322,56.64708],[12.75245,56.64969],[12.75598,56.64863],[12.75918,56.64981],[12.76695,56.64815],[12.76833,56.64559],[12.77497,56.64245],[12.77464,56.64151],[12.79411,56.64178],[12.79838,56.64539],[12.80318,56.64505],[12.8488,56.66265],[12.90812,56.64407],[12.90966,56.64168],[12.91692,56.64206],[12.91691,56.63955],[12.92543,56.63758],[12.93251,56.63757],[12.93872,56.64063],[12.9425,56.63927],[12.94675,56.64147],[12.94522,56.64471],[12.94752,56.64744],[12.94488,56.65092],[12.94138,56.65278],[12.93804,56.65028],[12.93468,56.65228],[12.93463,56.65565],[12.9287,56.65601],[12.92557,56.65741],[12.92468,56.66234],[12.93075,56.66316],[12.93411,56.66519],[12.92954,56.67247],[12.94679,56.67596],[12.94852,56.67964],[12.95256,56.68302],[12.95276,56.68617],[12.94339,56.68871],[12.93366,56.68459],[12.92922,56.68619],[12.93477,56.69042],[12.92676,56.69866],[12.93049,56.70018],[12.93219,56.70448],[12.92903,56.70645],[12.92862,56.70982],[12.91936,56.71526],[12.9314,56.71882],[12.9405,56.72403],[12.94742,56.72448],[12.9501,56.72777],[12.95703,56.72823],[12.95971,56.73141],[12.9668,56.72839],[12.97326,56.73029],[12.9731,56.73392],[12.97093,56.73632],[12.98251,56.74124],[12.97998,56.74278],[12.98231,56.74482],[12.98212,56.74844],[12.97603,56.7517],[12.97596,56.75393],[12.9852,56.75909],[12.99336,56.75934],[12.99796,56.75764],[13.00392,56.76099],[13.01086,56.76146],[13.00732,56.76682],[13.00145,56.77008],[13.00377,56.77212],[13.00362,56.77465],[12.99956,56.77574],[13.00657,56.77999],[13.01181,56.78157],[13.00926,56.78278],[12.99969,56.78268],[12.99957,56.78472],[13.0025,56.78608],[13.00841,56.7841],[13.01305,56.78504],[13.01924,56.78201],[13.02489,56.78194],[13.03264,56.78334],[13.03737,56.78638],[13.03589,56.78829],[13.02854,56.79019],[13.02212,56.79013],[13.02165,56.79152],[13.02522,56.79428],[13.02867,56.79442],[13.02998,56.79215],[13.03448,56.78963],[13.03864,56.78947],[13.03891,56.79403],[13.04493,56.79985],[13.04396,56.80625],[13.0409,56.80861],[13.04007,56.812],[13.03515,56.8149],[13.03076,56.81557],[13.02517,56.8182],[13.01896,56.81846],[13.0175,56.8227],[13.00804,56.82771],[13.00474,56.83168],[13.01381,56.83683],[13.03309,56.83729],[13.02972,56.83972],[13.02935,56.84625],[13.02561,56.84655],[13.02355,56.84815],[13.03225,56.85345],[13.0353,56.86227],[13.041,56.86581],[13.04826,56.86761],[13.05131,56.86452],[13.05187,56.86657],[13.05481,56.86771],[13.06045,56.8649],[13.0613,56.86109],[13.06493,56.86249],[13.07123,56.85945],[13.07454,56.85951],[13.07445,56.86132],[13.06769,56.86592],[13.07082,56.86843],[13.07126,56.87226],[13.07701,56.87572],[13.07692,56.87753],[13.07353,56.87929],[13.06692,56.87919],[13.06334,56.8778],[13.05707,56.88148],[13.05675,56.88732],[13.05987,56.88983],[13.05975,56.89276],[13.05632,56.89585],[13.05604,56.90169],[13.06225,56.90783],[13.06205,56.91256],[13.06516,56.91506],[13.06522,56.91845],[13.07171,56.92223],[13.08772,56.9226],[13.09084,56.92626],[13.08828,56.92824],[13.09264,56.93099],[13.1005,56.92999],[13.10031,56.9336],[13.09331,56.93385],[13.08699,56.93811],[13.0921,56.94177],[13.09656,56.94251],[13.10255,56.94585],[13.11239,56.94622],[13.11616,56.9446],[13.12317,56.94437],[13.13071,56.94158],[13.13594,56.94379],[13.13224,56.94856],[13.13544,56.94749],[13.14557,56.94865],[13.15854,56.95243],[13.16616,56.95613],[13.17302,56.95456],[13.17467,56.95881],[13.17164,56.96274],[13.18106,56.97242],[13.18716,56.97262],[13.19406,56.97575],[13.20043,56.97621],[13.2125,56.98156],[13.21772,56.97845],[13.22928,56.97757],[13.24032,56.97909],[13.24482,56.97524],[13.24921,56.97383],[13.25785,56.97725],[13.2581,56.98149],[13.26225,56.98514],[13.25933,56.98825],[13.26432,57.00045],[13.25707,57.00804],[13.25712,57.00989],[13.26095,57.01306],[13.26083,57.01556],[13.25462,57.02227],[13.24734,57.02447],[13.24273,57.0239],[13.23724,57.02469],[13.2348,57.02834],[13.22508,57.03137],[13.22066,57.03111],[13.21471,57.02715],[13.21405,57.02304],[13.2209,57.02361],[13.22635,57.02172],[13.22588,57.01878],[13.22867,57.01646],[13.2272,57.01385],[13.23115,57.00767],[13.22529,57.00523],[13.22607,57.00193],[13.22269,57.0002],[13.22242,56.99644],[13.22021,56.99528],[13.21427,56.99899],[13.20932,56.99926],[13.20423,56.99803],[13.20254,56.99149],[13.20857,56.99056],[13.19626,56.98533],[13.19344,56.97923],[13.18468,56.98115],[13.17973,56.9856],[13.17201,56.98786],[13.16794,56.98705],[13.16732,56.98483],[13.16106,56.98253],[13.15315,56.98159],[13.15015,56.9784],[13.14078,56.98036],[13.14127,56.98273],[13.13729,56.98267],[13.13677,56.98064],[13.13218,56.97788],[13.1244,56.97709],[13.11481,56.97267],[13.11165,56.97521],[13.10513,56.97599],[13.09776,56.97534],[13.08871,56.97663],[13.08651,56.97805],[13.08857,56.97941],[13.10458,56.98072],[13.10801,56.98397],[13.10499,56.99005],[13.11325,56.99455],[13.11693,56.99494],[13.11534,56.99829],[13.11758,57.00237],[13.11683,57.00505],[13.10594,57.00691],[13.10609,57.00921],[13.1101,57.00826],[13.12278,57.00941],[13.12389,57.0119],[13.13721,57.01846],[13.13419,57.02065],[13.13508,57.02275],[13.14295,57.02076],[13.14465,57.01697],[13.1487,57.01519],[13.15165,57.01534],[13.15538,57.01742],[13.1577,57.01513],[13.16334,57.0136],[13.16869,57.01368],[13.18102,57.01721],[13.18189,57.01421],[13.18473,57.01403],[13.18836,57.01576],[13.19108,57.01905],[13.19682,57.01947],[13.20182,57.01821],[13.20399,57.02026],[13.19714,57.0269],[13.19054,57.03006],[13.18494,57.02931],[13.18249,57.02621],[13.1785,57.02544],[13.17615,57.02664],[13.1743,57.03141],[13.17095,57.03177],[13.16238,57.02802],[13.1613,57.02602],[13.15147,57.02904],[13.1446,57.03337],[13.13616,57.03009],[13.13378,57.03075],[13.13266,57.03339],[13.12897,57.03522],[13.12275,57.03458],[13.11814,57.03631],[13.11158,57.0357],[13.11058,57.03768],[13.11312,57.03996],[13.10789,57.04333],[13.10458,57.04329],[13.10137,57.04144],[13.10084,57.03941],[13.09306,57.0348],[13.09061,57.03476],[13.08824,57.0367],[13.08575,57.03686],[13.08327,57.03286],[13.07329,57.03168],[13.07274,57.0267],[13.07031,57.02411],[13.07091,57.02149],[13.07254,57.02066],[13.07653,57.02184],[13.08282,57.0213],[13.08002,57.01752],[13.08023,57.01483],[13.07375,57.01198],[13.07406,57.008],[13.07939,57.00448],[13.06993,56.99962],[13.07076,56.99604],[13.07416,56.99362],[13.07105,56.99065],[13.07115,56.98868],[13.07608,56.98601],[13.07669,56.98379],[13.0717,56.97965],[13.0678,56.98049],[13.05718,56.9804],[13.05383,56.97539],[13.04824,56.97408],[13.04905,56.97054],[13.05161,56.96856],[13.04922,56.96696],[13.04726,56.96041],[13.04788,56.95592],[13.04471,56.94925],[13.04942,56.94696],[13.04666,56.94548],[13.04049,56.94526],[13.03949,56.93968],[13.0412,56.93695],[13.03438,56.93673],[13.03463,56.93145],[13.03487,56.92718],[13.03826,56.92544],[13.0428,56.92483],[13.05081,56.92003],[13.04792,56.91639],[13.04416,56.9148],[13.03841,56.91504],[13.03206,56.91818],[13.02885,56.91632],[13.02784,56.91204],[13.02257,56.91083],[13.02296,56.90363],[13.02636,56.90122],[13.02673,56.89471],[13.0299,56.89274],[13.03045,56.88577],[13.03299,56.88381],[13.02863,56.88219],[13.02404,56.8839],[13.01416,56.88374],[13.01472,56.87294],[13.01845,56.87265],[13.0239,56.86973],[13.02165,56.86586],[13.02766,56.86439],[13.02835,56.85902],[13.02104,56.85514],[13.01612,56.85517],[13.01236,56.85676],[13.00619,56.8568],[13.00242,56.85841],[12.998,56.85655],[12.98611,56.85633],[12.98861,56.85479],[12.98669,56.85322],[12.98297,56.85451],[12.97351,56.85448],[12.96975,56.85608],[12.96315,56.85597],[12.9612,56.853],[12.96409,56.8491],[12.96106,56.84712],[12.96058,56.8451],[12.95703,56.84574],[12.95391,56.84302],[12.93432,56.84294],[12.91345,56.82657],[12.91223,56.82291],[12.90927,56.82092],[12.91539,56.81765],[12.91666,56.81559],[12.91672,56.81194],[12.91335,56.81136],[12.91316,56.81017],[12.91691,56.80987],[12.91957,56.80828],[12.9202,56.8013],[12.92355,56.79891],[12.91742,56.79232],[12.91591,56.78851],[12.92144,56.7871],[12.92468,56.77871],[12.91843,56.77436],[12.91839,56.77097],[12.91546,56.76889],[12.92166,56.76883],[12.92993,56.76664],[12.93119,56.76535],[12.92883,56.76372],[12.9314,56.76176],[12.92313,56.75682],[12.9162,56.75635],[12.91301,56.75449],[12.91249,56.75246],[12.90677,56.74899],[12.91132,56.74835],[12.91324,56.74572],[12.9039,56.74176],[12.90204,56.73881],[12.89383,56.74015],[12.89084,56.74241],[12.88809,56.74004],[12.88402,56.73997],[12.87854,56.74289],[12.87965,56.74493],[12.87433,56.74484],[12.86913,56.74297],[12.86244,56.74576],[12.86237,56.7471],[12.86751,56.75011],[12.86289,56.75739],[12.86697,56.7594],[12.86753,56.76157],[12.86625,56.76256],[12.85982,56.7629],[12.85677,56.76611],[12.85002,56.7668],[12.84587,56.76917],[12.84986,56.7725],[12.84306,56.77733],[12.84564,56.78321],[12.85082,56.78555],[12.8482,56.78926],[12.84907,56.7917],[12.83765,56.79274],[12.82867,56.79182],[12.81469,56.79338],[12.81325,56.79437],[12.81539,56.79751],[12.81178,56.80464],[12.80903,56.8062],[12.80416,56.80537],[12.80096,56.80607],[12.79609,56.81374],[12.79166,56.8142],[12.78841,56.81209],[12.7819,56.81706],[12.77642,56.81742],[12.77169,56.81651],[12.77014,56.8189],[12.76376,56.82017],[12.75575,56.82401],[12.75129,56.82324],[12.74091,56.82607],[12.73275,56.83023],[12.73152,56.83271],[12.7247,56.83262],[12.7317,56.82523],[12.7245,56.82015],[12.72539,56.81792],[12.72367,56.81581],[12.72744,56.81448],[12.7283,56.81241],[12.73269,56.80989],[12.7396,56.8127],[12.73999,56.80926],[12.74338,56.80819],[12.74664,56.80853],[12.74934,56.81128],[12.76255,56.81012],[12.76819,56.80432],[12.76784,56.80116],[12.7696,56.79951],[12.77341,56.79905],[12.77958,56.80132],[12.78217,56.7964],[12.79151,56.79766],[12.79528,56.79626],[12.80188,56.78874],[12.79903,56.78453],[12.80822,56.78138],[12.8141,56.77804],[12.80993,56.77664],[12.8088,56.77493],[12.81314,56.77081],[12.80296,56.76997],[12.80012,56.76864],[12.80085,56.7658],[12.80414,56.76369],[12.81209,56.76241],[12.81524,56.76044],[12.81223,56.75824],[12.8152,56.75647],[12.81421,56.75432],[12.81579,56.74978],[12.82511,56.74534],[12.82892,56.74663],[12.83257,56.74591],[12.83135,56.74118],[12.82573,56.73681],[12.82524,56.73478],[12.82927,56.73053],[12.83789,56.73163],[12.84043,56.73013],[12.83661,56.72547],[12.83322,56.72406],[12.83469,56.72057],[12.83299,56.71739],[12.83351,56.71538],[12.8394,56.71211],[12.83399,56.70707],[12.84069,56.70647],[12.83787,56.70231],[12.83451,56.70156],[12.83116,56.69916],[12.83402,56.69719],[12.83206,56.69446],[12.82641,56.69335]],[[12.75695,56.69155],[12.76082,56.6909],[12.76467,56.68788],[12.76608,56.68383],[12.75912,56.68517],[12.75931,56.68713],[12.75467,56.68873],[12.75455,56.6907],[12.75695,56.69155]],[[12.91698,56.70532],[12.92528,56.69964],[12.92311,56.69831],[12.9044,56.69685],[12.90066,56.69834],[12.90411,56.70287],[12.9129,56.7058],[12.91698,56.70532]],[[12.8683,56.73687],[12.87021,56.73869],[12.87995,56.73952],[12.88388,56.73803],[12.88437,56.73625],[12.87958,56.73124],[12.86909,56.73375],[12.8683,56.73687]]],[[[12.50709,56.91396],[12.50712,56.91587],[12.51012,56.91638],[12.51418,56.91904],[12.51589,56.92222],[12.51455,56.92377],[12.51038,56.92481],[12.50661,56.92338],[12.50425,56.91758],[12.49979,56.91347],[12.50461,56.91278],[12.50709,56.91396]]],[[[13.29688,57.08041],[13.29096,57.08587],[13.28016,57.08749],[13.27362,57.09065],[13.26722,57.09056],[13.26359,57.08883],[13.25741,57.08863],[13.25296,57.08678],[13.24478,57.08669],[13.24254,57.0846],[13.24411,57.08193],[13.24736,57.08085],[13.25108,57.0818],[13.25172,57.07958],[13.24455,57.07876],[13.24047,57.07615],[13.23769,57.0687],[13.24516,57.06869],[13.25281,57.07237],[13.26353,57.07253],[13.2675,57.07102],[13.26823,57.06901],[13.28879,57.06736],[13.29095,57.07179],[13.28915,57.07661],[13.29688,57.08041]]],[[[13.43087,57.16267],[13.4279,57.16442],[13.42895,57.16715],[13.41619,57.17014],[13.40216,57.16701],[13.39953,57.16573],[13.3978,57.1626],[13.40025,57.15859],[13.40594,57.156],[13.41005,57.15655],[13.4163,57.15543],[13.41824,57.15837],[13.42317,57.15911],[13.42459,57.16126],[13.43087,57.16267]]]]}},{"type":"Feature","properties":{"fs":"TRANSITB","t":45.0},"geometry":{"type":"MultiPolygon","coordinates":[[[[12.9235,56.64906],[12.91207,56.65426],[12.91148,56.65201],[12.91644,56.64906],[12.92305,56.64748],[12.9235,56.64906]]],[[[12.84069,56.70405],[12.83964,56.69959],[12.84215,56.69688],[12.83768,56.69433],[12.83928,56.69184],[12.83782,56.6849],[12.83123,56.68411],[12.82761,56.67602],[12.82506,56.67423],[12.81838,56.67327],[12.81339,56.66968],[12.79996,56.67077],[12.79262,56.66608],[12.79161,56.66357],[12.78407,56.66276],[12.78646,56.66097],[12.79101,56.66161],[12.79231,56.66085],[12.79347,56.65784],[12.79223,56.65467],[12.79472,56.65308],[12.79794,56.65293],[12.80226,56.65586],[12.80877,56.65617],[12.81435,56.66005],[12.81829,56.66074],[12.82487,56.65985],[12.83342,56.6637],[12.84119,56.6598],[12.8488,56.66265],[12.85083,56.66251],[12.88455,56.65146],[12.88629,56.65209],[12.89549,56.64983],[12.89834,56.64806],[12.90283,56.64811],[12.90122,56.65041],[12.9072,56.65373],[12.90623,56.6554],[12.91135,56.65661],[12.91224,56.65809],[12.91173,56.66156],[12.90819,56.66218],[12.9035,56.66653],[12.90358,56.6699],[12.90568,56.67022],[12.90818,56.66745],[12.91499,56.66787],[12.92332,56.6731],[12.92025,56.67608],[12.92434,56.67591],[12.92792,56.67753],[12.91927,56.67904],[12.92168,56.68341],[12.91867,56.68983],[12.91255,56.69068],[12.90974,56.69485],[12.90522,56.6968],[12.89954,56.697],[12.89794,56.6946],[12.89318,56.69266],[12.8904,56.69894],[12.8829,56.69983],[12.88251,56.70377],[12.88643,56.70303],[12.88787,56.70592],[12.89302,56.70646],[12.90094,56.70036],[12.90298,56.70039],[12.90486,56.70333],[12.9137,56.70595],[12.92204,56.70288],[12.92666,56.70416],[12.92558,56.71088],[12.91978,56.71438],[12.9197,56.71572],[12.93138,56.71883],[12.93992,56.72505],[12.94712,56.72597],[12.95089,56.72803],[12.95701,56.72825],[12.9597,56.73148],[12.96671,56.72953],[12.97261,56.73075],[12.97306,56.73391],[12.97089,56.73633],[12.98248,56.74124],[12.97994,56.74278],[12.98228,56.74483],[12.98209,56.74843],[12.97599,56.7517],[12.97592,56.75394],[12.98519,56.75912],[12.99336,56.75937],[12.99795,56.75766],[13.00391,56.76102],[13.00929,56.76156],[13.00728,56.76681],[13.00141,56.77008],[13.00374,56.77213],[13.00362,56.77418],[13.00015,56.77459],[12.99876,56.77581],[13.00632,56.78054],[13.01029,56.78131],[12.99974,56.78194],[12.99803,56.7831],[12.99892,56.78493],[13.00292,56.78702],[13.00892,56.78711],[13.02078,56.78233],[13.03262,56.78336],[13.03581,56.78521],[13.03622,56.78761],[13.02849,56.78964],[13.02233,56.78966],[13.02087,56.7919],[13.02485,56.7946],[13.0282,56.79496],[13.03488,56.79002],[13.03861,56.78993],[13.03886,56.79403],[13.04488,56.79973],[13.04257,56.80698],[13.03966,56.80894],[13.03885,56.81227],[13.0348,56.81453],[13.03035,56.81518],[13.02479,56.81787],[13.01893,56.81845],[13.01747,56.82269],[13.008,56.8277],[13.0047,56.83168],[13.01381,56.83685],[13.03306,56.8373],[13.02967,56.83972],[13.02932,56.84624],[13.0256,56.84652],[13.02351,56.84815],[13.03222,56.85346],[13.03525,56.86227],[13.0402,56.86548],[13.04826,56.86763],[13.0513,56.86454],[13.05183,56.86657],[13.05482,56.86773],[13.06049,56.86491],[13.06132,56.8611],[13.06412,56.8625],[13.06815,56.86189],[13.06764,56.86592],[13.07079,56.86844],[13.07083,56.87181],[13.07698,56.87573],[13.07688,56.87752],[13.07351,56.87927],[13.06694,56.87917],[13.06333,56.87777],[13.05724,56.88104],[13.0567,56.88732],[13.05962,56.89006],[13.05967,56.89332],[13.05627,56.89585],[13.05599,56.90169],[13.06222,56.90784],[13.062,56.91256],[13.06512,56.91507],[13.06517,56.91845],[13.07142,56.92377],[13.0856,56.92363],[13.08758,56.92509],[13.08705,56.92856],[13.09511,56.93183],[13.09465,56.93339],[13.08695,56.93766],[13.09473,56.94604],[13.09239,56.94812],[13.09559,56.94938],[13.09689,56.94797],[13.10019,56.94778],[13.10547,56.95004],[13.11639,56.94849],[13.11952,56.94968],[13.1214,56.95211],[13.12066,56.95559],[13.12389,56.95531],[13.12904,56.95177],[13.1343,56.95382],[13.13517,56.95578],[13.14074,56.95486],[13.15131,56.95894],[13.15628,56.95932],[13.15906,56.96255],[13.15928,56.9665],[13.16373,56.96906],[13.17426,56.97234],[13.17383,56.97479],[13.1692,56.97809],[13.1626,56.9784],[13.15553,56.97586],[13.15051,56.97231],[13.14432,56.97177],[13.13656,56.97272],[13.13339,56.97026],[13.1352,56.96609],[13.12222,56.96529],[13.11799,56.96367],[13.11121,56.96424],[13.10727,56.96618],[13.10126,56.96584],[13.10058,56.96842],[13.09475,56.96878],[13.08963,56.97334],[13.0832,56.97044],[13.07843,56.97018],[13.07635,56.97124],[13.0752,56.97473],[13.05122,56.96586],[13.05218,56.96318],[13.05002,56.96003],[13.05569,56.95776],[13.05266,56.95476],[13.05262,56.95257],[13.05704,56.95091],[13.0528,56.95],[13.0485,56.94384],[13.05031,56.94271],[13.05366,56.94325],[13.05492,56.94004],[13.05121,56.93598],[13.047,56.93513],[13.04043,56.93117],[13.04435,56.92887],[13.04459,56.92622],[13.05088,56.92003],[13.04796,56.91639],[13.04416,56.91477],[13.03923,56.91481],[13.03334,56.91751],[13.03088,56.91747],[13.02892,56.91564],[13.02895,56.91126],[13.02264,56.91015],[13.02295,56.90622],[13.02625,56.9047],[13.02852,56.90155],[13.03436,56.90015],[13.03538,56.89827],[13.04261,56.89642],[13.04061,56.8896],[13.03554,56.89132],[13.0302,56.8913],[13.03048,56.88578],[13.03265,56.88336],[13.02423,56.88003],[13.01799,56.88175],[13.01436,56.88051],[13.01475,56.87295],[13.01846,56.87267],[13.02394,56.86973],[13.02168,56.86587],[13.0277,56.8644],[13.0284,56.85902],[13.02104,56.85511],[13.01611,56.85515],[13.01234,56.85675],[13.00619,56.85677],[13.00241,56.85839],[12.99881,56.85664],[12.99001,56.85627],[12.9867,56.85319],[12.98295,56.85449],[12.97351,56.85445],[12.96974,56.85607],[12.96317,56.85596],[12.96292,56.8524],[12.96571,56.84948],[12.96135,56.84488],[12.95284,56.84236],[12.93892,56.84212],[12.93434,56.84292],[12.92088,56.83218],[12.9197,56.82974],[12.91457,56.82677],[12.91387,56.82451],[12.90931,56.82091],[12.91771,56.81538],[12.91766,56.81201],[12.91319,56.81018],[12.91692,56.80989],[12.91961,56.80828],[12.92023,56.80131],[12.92362,56.79846],[12.91745,56.79231],[12.91662,56.78863],[12.92238,56.78704],[12.92473,56.77871],[12.91846,56.77435],[12.91843,56.77097],[12.9155,56.76889],[12.92166,56.76886],[12.92995,56.76665],[12.93123,56.76534],[12.92887,56.76373],[12.93144,56.76175],[12.92314,56.75679],[12.91622,56.75633],[12.91304,56.75448],[12.91254,56.75245],[12.9068,56.74898],[12.91133,56.74837],[12.91328,56.74572],[12.90393,56.74175],[12.90206,56.73879],[12.89382,56.74012],[12.89087,56.74163],[12.88516,56.73786],[12.88147,56.73418],[12.8816,56.73201],[12.88487,56.72946],[12.88846,56.72896],[12.88716,56.72764],[12.88231,56.72666],[12.87146,56.72688],[12.8703,56.72875],[12.87346,56.73213],[12.86905,56.73374],[12.86813,56.73667],[12.86487,56.73883],[12.86123,56.7381],[12.86286,56.74131],[12.86199,56.74432],[12.85618,56.74807],[12.85433,56.75584],[12.8507,56.75484],[12.83479,56.7642],[12.83426,56.76543],[12.83719,56.76784],[12.82871,56.76951],[12.82836,56.77109],[12.83295,56.77317],[12.83299,56.78119],[12.83539,56.78393],[12.83063,56.78671],[12.82859,56.78651],[12.82784,56.78532],[12.83082,56.78346],[12.82272,56.78012],[12.82511,56.77342],[12.8195,56.76696],[12.82402,56.76329],[12.82856,56.76236],[12.82838,56.76008],[12.83138,56.7585],[12.83079,56.75555],[12.83656,56.75132],[12.84123,56.74826],[12.84647,56.74803],[12.8438,56.74499],[12.84761,56.74011],[12.84252,56.73643],[12.849,56.7316],[12.85062,56.72814],[12.8552,56.72624],[12.84644,56.72077],[12.84924,56.71722],[12.84799,56.71409],[12.85086,56.71201],[12.84479,56.70906],[12.84069,56.70405]]],[[[13.24636,56.98571],[13.24687,56.99112],[13.24277,56.99342],[13.24274,56.99752],[13.24125,56.99863],[13.24502,57.00152],[13.24107,57.00461],[13.23569,57.00049],[13.23469,56.9969],[13.22926,56.99097],[13.22255,56.99039],[13.21881,56.99239],[13.20928,56.98915],[13.21083,56.98406],[13.21677,56.98362],[13.22001,56.9859],[13.24298,56.98364],[13.24636,56.98571]]],[[[13.10125,56.998],[13.09807,57.00342],[13.09813,57.00737],[13.10094,57.00938],[13.09963,57.01333],[13.09339,57.01245],[13.09042,57.01094],[13.09256,57.0038],[13.08599,57.0002],[13.08088,56.99417],[13.08145,56.9925],[13.09034,56.98848],[13.09382,56.99034],[13.0977,56.9905],[13.1003,56.99312],[13.10125,56.998]]],[[[13.12591,57.02091],[13.13112,57.02369],[13.12536,57.02978],[13.11399,57.03267],[13.10498,57.03655],[13.10305,57.03397],[13.09233,57.02859],[13.0847,57.02935],[13.08122,57.02494],[13.08827,57.02276],[13.08944,57.0183],[13.0939,57.01871],[13.09894,57.01661],[13.10306,57.01668],[13.10583,57.01488],[13.10892,57.0147],[13.11877,57.01953],[13.12591,57.02091]]],[[[13.25686,57.07396],[13.2617,57.07411],[13.26792,57.07656],[13.27552,57.0763],[13.27726,57.07879],[13.27036,57.08241],[13.25901,57.0809],[13.25477,57.07758],[13.25476,57.07489],[13.25686,57.07396]]]]}},{"type":"Feature","properties":{"fs":"TRANSITB","t":30.0},"geometry":{"type":"MultiPolygon","coordinates":[[[[12.86521,56.67324],[12.85842,56.66935],[12.86014,56.66192],[12.86663,56.66198],[12.86505,56.66594],[12.87088,56.66862],[12.87111,56.66997],[12.86521,56.67324]]],[[[12.89004,56.69079],[12.88714,56.68788],[12.88215,56.68589],[12.88228,56.68229],[12.88722,56.67564],[12.89014,56.67445],[12.89339,56.67473],[12.89369,56.67754],[12.89703,56.68075],[12.89642,56.68464],[12.90121,56.68582],[12.90408,56.6898],[12.89645,56.68934],[12.89004,56.69079]]],[[[12.85409,56.69304],[12.85292,56.69033],[12.85709,56.68871],[12.85083,56.68041],[12.85205,56.67683],[12.84973,56.67458],[12.85514,56.6728],[12.86197,56.67554],[12.86142,56.67834],[12.86627,56.68205],[12.86765,56.68609],[12.86417,56.68903],[12.86808,56.68925],[12.87408,56.69159],[12.87372,56.69423],[12.86933,56.69615],[12.87118,56.698],[12.87052,56.7004],[12.86359,56.70556],[12.86067,56.70299],[12.85374,56.70104],[12.85123,56.69839],[12.85409,56.69304]]],[[[13.02419,56.84597],[13.02339,56.84816],[13.02901,56.85162],[13.02052,56.85503],[13.00925,56.85503],[13.00515,56.85305],[13.00666,56.85115],[13.0017,56.8487],[12.99419,56.85106],[12.98612,56.84834],[12.97923,56.85172],[12.9634,56.84718],[12.96211,56.84466],[12.95364,56.84187],[12.93896,56.84149],[12.93436,56.8429],[12.92492,56.83556],[12.92089,56.82992],[12.91522,56.82655],[12.91471,56.82441],[12.90935,56.82092],[12.91869,56.81544],[12.91851,56.81191],[12.91322,56.81019],[12.91693,56.80991],[12.91966,56.80828],[12.92026,56.80132],[12.92365,56.79891],[12.91748,56.7923],[12.91739,56.78858],[12.92129,56.78815],[12.92354,56.78676],[12.92473,56.77961],[12.92422,56.77781],[12.9185,56.77434],[12.91876,56.76963],[12.92487,56.76845],[12.92734,56.76921],[12.93189,56.77454],[12.92937,56.77652],[12.93245,56.77737],[12.93785,56.77354],[12.93585,56.76883],[12.93219,56.76709],[12.9321,56.76502],[12.93879,56.76356],[12.94021,56.761],[12.93737,56.75848],[12.93788,56.75661],[12.93543,56.75657],[12.93348,56.75853],[12.92856,56.75889],[12.92641,56.75672],[12.92697,56.75433],[12.9206,56.75116],[12.9236,56.7487],[12.91677,56.74788],[12.91004,56.74365],[12.90935,56.74026],[12.91133,56.73645],[12.90816,56.73395],[12.90802,56.73097],[12.89751,56.7326],[12.89407,56.73192],[12.89556,56.72717],[12.89305,56.72023],[12.89558,56.71768],[12.88884,56.71857],[12.88421,56.71468],[12.889,56.70948],[12.89599,56.70859],[12.90036,56.71089],[12.9097,56.70927],[12.90975,56.71322],[12.91563,56.71681],[12.91468,56.71968],[12.91855,56.71986],[12.92219,56.72225],[12.91414,56.72514],[12.9136,56.72756],[12.92909,56.73804],[12.93704,56.73657],[12.94026,56.73366],[12.94367,56.73297],[12.95284,56.7354],[12.95634,56.73861],[12.96098,56.7379],[12.96435,56.7387],[12.96758,56.74432],[12.95933,56.7466],[12.95865,56.74827],[12.96183,56.75029],[12.96833,56.75081],[12.97509,56.75314],[12.98161,56.7574],[12.98212,56.7591],[12.98844,56.75954],[12.99217,56.76117],[12.99311,56.76663],[12.99809,56.77025],[12.9931,56.77183],[12.99683,56.77461],[12.99815,56.77811],[12.99596,56.78276],[13.00204,56.78729],[13.00969,56.78766],[13.02009,56.78288],[13.0326,56.78338],[13.03578,56.78522],[13.03585,56.78721],[13.02896,56.78904],[13.02219,56.78924],[13.01988,56.79149],[13.02449,56.79492],[13.02745,56.79553],[13.03037,56.79468],[13.03174,56.79222],[13.03527,56.79041],[13.03878,56.79046],[13.03881,56.79404],[13.04485,56.79974],[13.04171,56.80685],[13.03858,56.80888],[13.0379,56.8123],[13.03445,56.81416],[13.0189,56.81844],[13.01744,56.82268],[13.00859,56.82726],[13.00468,56.83124],[13.01565,56.83736],[13.01644,56.83912],[13.02076,56.83893],[13.02457,56.84247],[13.02202,56.84422],[13.02419,56.84597]]],[[[13.04751,56.87042],[13.05748,56.87037],[13.05704,56.87564],[13.05009,56.88216],[13.05153,56.88456],[13.0497,56.88743],[13.04352,56.88442],[13.04061,56.88151],[13.03418,56.88015],[13.0321,56.87474],[13.02648,56.87382],[13.03546,56.86441],[13.03819,56.86468],[13.04175,56.86923],[13.04751,56.87042]]],[[[13.04631,56.89985],[13.05074,56.89891],[13.05538,56.90044],[13.06219,56.90785],[13.06347,56.91479],[13.06212,56.91593],[13.05882,56.91249],[13.04237,56.9099],[13.04008,56.90548],[13.04569,56.90366],[13.04631,56.89985]]],[[[13.08101,56.95304],[13.09291,56.95752],[13.09312,56.95881],[13.0895,56.96151],[13.08232,56.96158],[13.07555,56.96421],[13.06829,56.96051],[13.0709,56.95634],[13.06521,56.94951],[13.06929,56.9457],[13.06247,56.94199],[13.06762,56.93847],[13.06061,56.93231],[13.06181,56.92938],[13.0581,56.92328],[13.05844,56.92059],[13.06203,56.91874],[13.0661,56.91936],[13.06893,56.92255],[13.06905,56.92885],[13.0661,56.93123],[13.0661,56.93307],[13.07107,56.93461],[13.07744,56.93257],[13.07919,56.93439],[13.07863,56.93867],[13.08269,56.94042],[13.08058,56.9425],[13.07921,56.95012],[13.08101,56.95304]]]]}},{"type":"Feature","properties":{"fs":"TRANSITB","t":15.0},"geometry":{"type":"MultiPolygon","coordinates":[[[[12.94402,56.77114],[12.94476,56.76929],[12.94891,56.7669],[12.95426,56.76805],[12.9531,56.77154],[12.95084,56.77285],[12.94402,56.77114]]],[[[12.98745,56.7844],[12.98949,56.78382],[12.99587,56.78633],[12.99713,56.78826],[12.99561,56.79004],[12.9982,56.79137],[13.00312,56.79122],[13.01773,56.79359],[13.01554,56.79636],[13.01593,56.79862],[13.02161,56.80149],[13.02154,56.80275],[13.01798,56.80427],[13.00893,56.80135],[13.01298,56.8098],[13.00804,56.81607],[13.00125,56.81478],[12.99818,56.81664],[12.99534,56.81682],[12.99309,56.81157],[12.99151,56.81138],[12.9891,56.81796],[12.9926,56.82051],[12.99109,56.82377],[12.9851,56.8257],[12.98115,56.83063],[12.97834,56.82946],[12.97585,56.82628],[12.97309,56.82713],[12.97619,56.83505],[12.9676,56.8358],[12.96431,56.83216],[12.96036,56.83609],[12.95564,56.83619],[12.95496,56.83369],[12.95085,56.83379],[12.94887,56.83258],[12.95107,56.82992],[12.94848,56.82628],[12.94455,56.82796],[12.93608,56.82678],[12.94447,56.82324],[12.93951,56.82029],[12.93794,56.81532],[12.93027,56.81233],[12.93493,56.80671],[12.93013,56.80082],[12.93112,56.79589],[12.93374,56.79481],[12.93771,56.79697],[12.94167,56.79202],[12.94878,56.79074],[12.9531,56.78322],[12.95252,56.78024],[12.94924,56.77816],[12.951,56.77353],[12.95754,56.77746],[12.96107,56.77549],[12.96385,56.77835],[12.97035,56.78014],[12.97708,56.77294],[12.98122,56.77217],[12.98756,56.77758],[12.98643,56.77882],[12.98239,56.77898],[12.97982,56.78669],[12.98675,56.7872],[12.98823,56.78638],[12.98745,56.7844]]],[[[12.97448,56.83839],[12.97858,56.83643],[12.98565,56.8384],[12.98862,56.84034],[12.98383,56.84236],[12.97651,56.84055],[12.97448,56.83839]]],[[[13.00759,56.84572],[13.00203,56.84248],[13.00672,56.84003],[13.01237,56.84391],[13.00759,56.84572]]]]}},{"type":"Feature","properties":{"fs":"CAR","t":60.0},"geometry":{"type":"MultiPolygon","coordinates":[[[[12.7262,56.06847],[12.71229,56.07664],[12.71613,56.06681],[12.70889,56.06626],[12.69927,56.06094],[12.7043,56.05767],[12.71363,56.05827],[12.7262,56.06847]]],[[[12.74053,56.07585],[12.73581,56.07163],[12.74445,56.06993],[12.75561,56.07652],[12.753,56.07823],[12.74053,56.07585]]],[[[12.72666,56.08196],[12.72514,56.078],[12.73293,56.07571],[12.74011,56.08614],[12.72666,56.08196]]],[[[13.56549,56.46662],[13.57662,56.47064],[13.5618,56.4736],[13.5573,56.47186],[13.56549,56.46662]]],[[[12.20946,57.25299],[12.20429,57.25459],[12.19341,57.24859],[12.18867,57.24953],[12.19373,57.25112],[12.18481,57.25598],[12.18672,57.2582],[12.17866,57.26637],[12.17622,57.25649],[12.16431,57.25303],[12.17632,57.25185],[12.17309,57.24662],[12.18259,57.24436],[12.15723,57.23731],[12.16495,57.23123],[12.16795,57.23594],[12.17545,57.23604],[12.17199,57.22718],[12.18208,57.23071],[12.19036,57.22731],[12.20058,57.2326],[12.21502,57.22561],[12.21562,57.2297],[12.22185,57.23211],[12.21373,57.23331],[12.2106,57.23703],[12.22172,57.24242],[12.23496,57.24375],[12.23749,57.24111],[12.2539,57.23981],[12.25256,57.23704],[12.25584,57.23634],[12.2705,57.23947],[12.27028,57.24246],[12.28276,57.24184],[12.2798,57.24508],[12.28957,57.24438],[12.28822,57.2487],[12.29523,57.25199],[12.30757,57.24968],[12.29754,57.24518],[12.30393,57.24279],[12.30049,57.24023],[12.281,57.23233],[12.26959,57.23089],[12.28065,57.22832],[12.2973,57.23083],[12.28604,57.22022],[12.27693,57.21785],[12.28714,57.21512],[12.26526,57.20888],[12.26938,57.20567],[12.2587,57.19961],[12.25941,57.20398],[12.24975,57.20518],[12.24863,57.19293],[12.23487,57.18673],[12.23519,57.18997],[12.23019,57.18993],[12.22863,57.19355],[12.23678,57.19871],[12.2267,57.202],[12.22744,57.20595],[12.21974,57.20859],[12.21709,57.20071],[12.20733,57.19808],[12.21366,57.19652],[12.21605,57.19222],[12.22169,57.1929],[12.22168,57.1896],[12.21254,57.18315],[12.21517,57.17647],[12.20929,57.17284],[12.22217,57.16196],[12.22857,57.16328],[12.23738,57.16067],[12.23859,57.15367],[12.23465,57.15141],[12.24433,57.14321],[12.25259,57.14258],[12.26109,57.13591],[12.26022,57.1314],[12.25129,57.12848],[12.26173,57.08315],[12.29333,57.04419],[12.34089,57.02811],[12.36947,56.99356],[12.37258,56.96681],[12.35867,56.93489],[12.41026,56.90245],[12.48718,56.88889],[12.56491,56.85723],[12.62347,56.82984],[12.62239,56.78124],[12.65899,56.72943],[12.73839,56.64173],[12.79372,56.64139],[12.8488,56.66265],[12.90812,56.64407],[12.94012,56.59413],[12.95438,56.54971],[12.953,56.50172],[12.93577,56.47178],[12.90379,56.44424],[12.84569,56.43034],[12.79635,56.4485],[12.72715,56.46382],[12.68005,56.45122],[12.63159,56.42786],[12.63323,56.41927],[12.64268,56.41194],[12.63923,56.40626],[12.64852,56.40763],[12.65434,56.41174],[12.65826,56.40985],[12.65651,56.40532],[12.66449,56.39901],[12.66788,56.40582],[12.67223,56.40496],[12.67254,56.40001],[12.67824,56.40208],[12.69144,56.40148],[12.68756,56.3986],[12.67,56.39596],[12.69588,56.39511],[12.69507,56.39172],[12.70569,56.38771],[12.70456,56.38263],[12.71159,56.3822],[12.71057,56.376],[12.72376,56.38186],[12.71937,56.37062],[12.72806,56.36911],[12.7226,56.36704],[12.74496,56.35684],[12.76932,56.32224],[12.82042,56.29441],[12.84827,56.26267],[12.83948,56.24971],[12.84389,56.24909],[12.84524,56.24445],[12.8341,56.24179],[12.82803,56.23283],[12.82004,56.22951],[12.81982,56.22575],[12.80494,56.22006],[12.79043,56.21721],[12.74257,56.22425],[12.73702,56.22223],[12.74903,56.21943],[12.74791,56.21125],[12.72886,56.2152],[12.71996,56.21131],[12.71766,56.21712],[12.72492,56.21941],[12.72395,56.22374],[12.71122,56.22365],[12.70755,56.21754],[12.69143,56.21752],[12.67946,56.22155],[12.67897,56.22768],[12.67457,56.22957],[12.66404,56.22572],[12.66278,56.21895],[12.6543,56.21879],[12.65825,56.21606],[12.64729,56.22006],[12.64237,56.21189],[12.65276,56.20893],[12.65748,56.21211],[12.66814,56.21294],[12.67614,56.20151],[12.69004,56.20711],[12.69606,56.20329],[12.69517,56.19716],[12.69028,56.19461],[12.69286,56.19363],[12.70061,56.19467],[12.7026,56.1992],[12.7216,56.19112],[12.72925,56.198],[12.75619,56.19611],[12.76126,56.19325],[12.75106,56.18902],[12.75975,56.1869],[12.7555,56.17988],[12.75943,56.17932],[12.76174,56.18301],[12.76801,56.18336],[12.77066,56.18106],[12.76561,56.17704],[12.77497,56.17405],[12.78204,56.17579],[12.7773,56.17802],[12.77804,56.184],[12.78749,56.18319],[12.78418,56.17365],[12.78884,56.17142],[12.78379,56.16737],[12.79527,56.16896],[12.80295,56.16198],[12.80238,56.15523],[12.80972,56.1496],[12.80847,56.14059],[12.79453,56.14245],[12.79166,56.13987],[12.80878,56.13512],[12.80042,56.13175],[12.80193,56.12737],[12.7885,56.12915],[12.79264,56.12136],[12.78712,56.11592],[12.78629,56.12171],[12.7726,56.12591],[12.77377,56.13169],[12.75462,56.12383],[12.75172,56.11023],[12.74711,56.10593],[12.75253,56.1035],[12.7715,56.10567],[12.77674,56.10204],[12.77499,56.09534],[12.76624,56.09673],[12.76261,56.10087],[12.76072,56.09663],[12.74725,56.09715],[12.74041,56.09169],[12.74389,56.08808],[12.75218,56.08908],[12.76121,56.08381],[12.74919,56.08336],[12.7595,56.07877],[12.75669,56.07521],[12.75987,56.07232],[12.75043,56.0706],[12.75212,56.06747],[12.74803,56.06438],[12.75745,56.06006],[12.76678,56.06135],[12.77405,56.05502],[12.77706,56.05723],[12.79058,56.05785],[12.79803,56.06367],[12.79871,56.06923],[12.80758,56.07219],[12.8024,56.0794],[12.81518,56.08878],[12.81194,56.09277],[12.8271,56.09121],[12.82523,56.08879],[12.82984,56.08719],[12.83727,56.09125],[12.8348,56.09893],[12.85969,56.09681],[12.85642,56.10156],[12.84818,56.10169],[12.8432,56.10694],[12.83522,56.10765],[12.83463,56.11367],[12.82345,56.11811],[12.82259,56.12217],[12.8182,56.11984],[12.81405,56.12202],[12.81016,56.1197],[12.80668,56.12217],[12.81323,56.13202],[12.82016,56.13392],[12.83237,56.13147],[12.8438,56.1429],[12.85195,56.1415],[12.84887,56.13211],[12.86668,56.12041],[12.8634,56.11839],[12.85619,56.11911],[12.85596,56.11426],[12.87037,56.11643],[12.87505,56.11409],[12.87979,56.11521],[12.88298,56.1096],[12.88909,56.10816],[12.88836,56.10543],[12.87264,56.10345],[12.88281,56.10138],[12.87842,56.09892],[12.88428,56.09291],[12.89877,56.09428],[12.89711,56.09706],[12.90446,56.09901],[12.90295,56.1053],[12.91308,56.10842],[12.8999,56.11733],[12.90701,56.11834],[12.90954,56.11496],[12.91472,56.11526],[12.94245,56.12791],[12.94759,56.12733],[12.94802,56.1201],[12.95474,56.11656],[12.96448,56.12487],[12.96223,56.12701],[12.95434,56.12653],[12.95439,56.13032],[12.95937,56.12872],[12.97884,56.13156],[12.99864,56.12178],[13.01138,56.13181],[13.03992,56.12946],[13.03984,56.13339],[13.0483,56.1377],[13.03031,56.15514],[13.03257,56.16922],[13.0242,56.17372],[13.04,56.17552],[13.04249,56.17289],[13.04973,56.17574],[13.04714,56.18041],[13.05113,56.18122],[13.06969,56.17262],[13.07229,56.17593],[13.06635,56.17879],[13.06445,56.18657],[13.07525,56.19222],[13.06614,56.19559],[13.06752,56.20066],[13.05564,56.21227],[13.06431,56.21943],[13.07185,56.21983],[13.07383,56.22548],[13.07109,56.2274],[13.06592,56.22493],[13.05291,56.22559],[13.08461,56.23688],[13.07942,56.23979],[13.07062,56.2375],[13.06886,56.23916],[13.08604,56.24848],[13.09651,56.25098],[13.08528,56.25374],[13.05223,56.2389],[13.04591,56.23922],[13.04561,56.24516],[13.05634,56.24992],[13.05381,56.25493],[13.06504,56.26831],[13.09149,56.27089],[13.07056,56.27551],[13.07832,56.28691],[13.09032,56.29435],[13.09338,56.29365],[13.09066,56.29089],[13.0963,56.29079],[13.10199,56.29836],[13.11144,56.29874],[13.12699,56.30605],[13.14005,56.30505],[13.1436,56.30981],[13.16197,56.30615],[13.16596,56.30719],[13.16656,56.31036],[13.15872,56.31066],[13.15195,56.31485],[13.1744,56.31686],[13.18405,56.33049],[13.18348,56.34241],[13.1996,56.34384],[13.20296,56.34217],[13.19535,56.33732],[13.19857,56.33603],[13.20366,56.33807],[13.2113,56.33151],[13.22303,56.33189],[13.22742,56.33543],[13.24308,56.33555],[13.24724,56.33308],[13.25253,56.33624],[13.27138,56.333],[13.27242,56.32683],[13.25012,56.32273],[13.26964,56.31935],[13.26518,56.31363],[13.27288,56.31098],[13.27386,56.3006],[13.28254,56.29847],[13.28838,56.30052],[13.29041,56.30308],[13.28184,56.30829],[13.27921,56.31443],[13.29299,56.3208],[13.2915,56.32401],[13.29683,56.32535],[13.30663,56.33615],[13.31459,56.33907],[13.30739,56.34459],[13.30506,56.34105],[13.29613,56.33924],[13.29357,56.34566],[13.30839,56.35724],[13.3116,56.36669],[13.30698,56.36627],[13.3028,56.35969],[13.28921,56.35248],[13.27952,56.35445],[13.28383,56.35971],[13.29576,56.36451],[13.27721,56.36626],[13.26601,56.35581],[13.25467,56.36145],[13.24575,56.36058],[13.23837,56.36384],[13.24122,56.36697],[13.24822,56.36403],[13.26106,56.36543],[13.26075,56.37034],[13.27464,56.37474],[13.27492,56.38612],[13.28679,56.38783],[13.28579,56.39315],[13.29597,56.40144],[13.3027,56.39226],[13.30226,56.38608],[13.31036,56.38506],[13.31057,56.37271],[13.31497,56.3687],[13.31907,56.36946],[13.31839,56.37619],[13.32333,56.38187],[13.3198,56.39299],[13.33203,56.39126],[13.33497,56.39354],[13.32194,56.39996],[13.32176,56.406],[13.31456,56.40712],[13.31599,56.41884],[13.33432,56.40264],[13.34521,56.39958],[13.34832,56.40081],[13.33915,56.40736],[13.34775,56.414],[13.33614,56.41307],[13.33617,56.42112],[13.34946,56.42139],[13.35323,56.41618],[13.36517,56.41533],[13.36896,56.41253],[13.37328,56.41511],[13.37728,56.41039],[13.38476,56.41329],[13.40051,56.41223],[13.39356,56.41488],[13.39383,56.42043],[13.38752,56.41979],[13.38609,56.42384],[13.37566,56.42862],[13.38397,56.432],[13.39243,56.42856],[13.39722,56.43227],[13.40533,56.43017],[13.41194,56.43274],[13.40992,56.43538],[13.38783,56.43645],[13.39116,56.4416],[13.3842,56.4453],[13.37934,56.43941],[13.35576,56.43959],[13.36262,56.44523],[13.3539,56.44753],[13.36232,56.45217],[13.35707,56.45641],[13.36396,56.46125],[13.3569,56.46605],[13.36026,56.47257],[13.36345,56.47297],[13.36942,56.46406],[13.3755,56.46414],[13.37999,56.46799],[13.37277,56.48648],[13.40923,56.48241],[13.42313,56.47753],[13.42174,56.46628],[13.41026,56.45759],[13.41898,56.45543],[13.41307,56.45108],[13.41874,56.44897],[13.42533,56.45306],[13.4349,56.46701],[13.44724,56.46702],[13.45331,56.47151],[13.44267,56.47539],[13.4465,56.48307],[13.46701,56.48412],[13.47635,56.48142],[13.4752,56.47383],[13.46499,56.47122],[13.47944,56.46939],[13.48001,56.46364],[13.4848,56.46117],[13.48299,56.46522],[13.48783,56.47103],[13.49574,56.47197],[13.49738,56.4689],[13.4912,56.46286],[13.50439,56.46262],[13.50509,56.45468],[13.51635,56.46169],[13.52192,56.4619],[13.52191,56.46541],[13.53438,56.46752],[13.52641,56.47051],[13.55578,56.47184],[13.5334,56.47663],[13.53114,56.47921],[13.53584,56.48565],[13.52883,56.48978],[13.52498,56.47727],[13.50372,56.4797],[13.49991,56.48957],[13.49572,56.48952],[13.49113,56.48371],[13.47006,56.49375],[13.4687,56.49673],[13.45446,56.49819],[13.44569,56.50407],[13.41462,56.5113],[13.44241,56.51484],[13.45886,56.50985],[13.46769,56.51122],[13.45268,56.5182],[13.4568,56.52316],[13.44912,56.52461],[13.44866,56.52755],[13.44037,56.53152],[13.44118,56.53841],[13.44777,56.54523],[13.44514,56.54723],[13.43616,56.5493],[13.43649,56.54137],[13.4286,56.54169],[13.42849,56.53811],[13.40358,56.55029],[13.40655,56.54415],[13.39909,56.5404],[13.40167,56.53538],[13.38545,56.52843],[13.38137,56.52891],[13.38687,56.53491],[13.37526,56.54094],[13.37569,56.5488],[13.39444,56.55623],[13.37813,56.55717],[13.37567,56.56298],[13.3631,56.5696],[13.35101,56.56505],[13.34938,56.56678],[13.35395,56.57229],[13.39295,56.57921],[13.41889,56.59162],[13.41764,56.59315],[13.40979,56.59024],[13.39183,56.58959],[13.39193,56.60335],[13.40117,56.61189],[13.41675,56.61251],[13.41813,56.60382],[13.42568,56.59971],[13.42918,56.60116],[13.42637,56.60449],[13.43251,56.6172],[13.44112,56.62042],[13.44879,56.61957],[13.44616,56.6155],[13.45595,56.61263],[13.44783,56.60574],[13.46596,56.6106],[13.47489,56.60706],[13.47913,56.61238],[13.484,56.61152],[13.4871,56.60721],[13.48792,56.61536],[13.49381,56.62091],[13.49996,56.61986],[13.49893,56.62666],[13.50781,56.63413],[13.50597,56.63552],[13.49805,56.63282],[13.49369,56.63677],[13.4902,56.63173],[13.4849,56.63049],[13.47831,56.64234],[13.48713,56.64141],[13.51786,56.65054],[13.52147,56.64939],[13.52192,56.64441],[13.5309,56.6495],[13.55356,56.64995],[13.5191,56.65786],[13.53003,56.66531],[13.55269,56.65951],[13.54874,56.6561],[13.57818,56.65507],[13.57921,56.6492],[13.55568,56.64783],[13.58388,56.64335],[13.58677,56.64123],[13.58447,56.63672],[13.59444,56.63346],[13.59616,56.62856],[13.60074,56.62862],[13.60369,56.63132],[13.59994,56.63633],[13.60542,56.63983],[13.60055,56.64757],[13.59547,56.64695],[13.59528,56.652],[13.60429,56.65783],[13.6,56.66225],[13.60301,56.6636],[13.60971,56.65986],[13.61192,56.65134],[13.61427,56.65558],[13.61994,56.65368],[13.62153,56.65566],[13.61468,56.66162],[13.61533,56.6683],[13.62476,56.66843],[13.63471,56.67181],[13.64667,56.67124],[13.64521,56.67773],[13.63735,56.68448],[13.63773,56.69066],[13.64336,56.68295],[13.64773,56.68206],[13.65425,56.69238],[13.66775,56.69306],[13.67296,56.69001],[13.66847,56.68715],[13.67912,56.68521],[13.68431,56.68021],[13.68308,56.69234],[13.69226,56.69255],[13.69647,56.68876],[13.70244,56.69313],[13.70882,56.69057],[13.72331,56.69465],[13.71247,56.69847],[13.68492,56.69818],[13.69021,56.70744],[13.68762,56.7086],[13.6736,56.70087],[13.65904,56.70114],[13.66486,56.70499],[13.66194,56.70819],[13.65192,56.70766],[13.64186,56.7035],[13.62336,56.70678],[13.62479,56.71424],[13.65131,56.72464],[13.6655,56.7276],[13.67978,56.72836],[13.69015,56.72378],[13.70241,56.72375],[13.71006,56.72905],[13.71294,56.73947],[13.73005,56.74449],[13.73468,56.7438],[13.73839,56.73706],[13.74661,56.73321],[13.74529,56.72436],[13.75585,56.71379],[13.74985,56.70994],[13.73459,56.70832],[13.74571,56.70415],[13.74747,56.69714],[13.75214,56.70239],[13.76101,56.70444],[13.76459,56.70798],[13.77212,56.70427],[13.77292,56.69796],[13.7807,56.70316],[13.79428,56.7014],[13.79053,56.70698],[13.78167,56.70871],[13.7776,56.71232],[13.78058,56.71867],[13.78625,56.72111],[13.79856,56.71941],[13.80253,56.72295],[13.81083,56.72416],[13.81558,56.73019],[13.84451,56.73623],[13.82902,56.73748],[13.82558,56.74114],[13.81156,56.73633],[13.81851,56.7426],[13.84114,56.75126],[13.84065,56.75607],[13.82919,56.76055],[13.83467,56.76537],[13.8492,56.77281],[13.87031,56.77036],[13.86808,56.76786],[13.87492,56.76125],[13.87872,56.76269],[13.87847,56.76662],[13.88392,56.76835],[13.88207,56.76171],[13.88605,56.76112],[13.89222,56.77292],[13.89729,56.77577],[13.90196,56.77329],[13.90947,56.77763],[13.91253,56.78657],[13.90929,56.78795],[13.90488,56.78576],[13.90162,56.79097],[13.91794,56.80613],[13.92034,56.81303],[13.91415,56.81916],[13.90541,56.82025],[13.90863,56.82395],[13.91651,56.82592],[13.91067,56.82888],[13.91064,56.83429],[13.90382,56.83521],[13.90317,56.83127],[13.89683,56.82911],[13.89879,56.82351],[13.89344,56.81525],[13.88438,56.81019],[13.87281,56.81477],[13.88118,56.81718],[13.88396,56.82289],[13.8741,56.82283],[13.86428,56.81952],[13.8636,56.81674],[13.85018,56.81812],[13.83756,56.81243],[13.84301,56.81002],[13.84643,56.79876],[13.85152,56.79957],[13.85185,56.8054],[13.86159,56.80224],[13.86102,56.79935],[13.848,56.79138],[13.83507,56.79382],[13.81499,56.78956],[13.81819,56.79358],[13.8243,56.79448],[13.8176,56.80424],[13.82959,56.80534],[13.82541,56.80811],[13.83019,56.81061],[13.82648,56.81331],[13.8151,56.81025],[13.80906,56.81511],[13.81496,56.81896],[13.82811,56.82006],[13.83404,56.82672],[13.84973,56.83293],[13.84178,56.83318],[13.83459,56.82967],[13.82622,56.83128],[13.82545,56.82846],[13.79341,56.8283],[13.78437,56.832],[13.78582,56.83987],[13.77716,56.84386],[13.77635,56.86084],[13.75874,56.85084],[13.76789,56.84527],[13.76463,56.8392],[13.73096,56.83895],[13.73167,56.83674],[13.73911,56.83639],[13.73935,56.83314],[13.7452,56.83414],[13.7368,56.829],[13.73682,56.83228],[13.72329,56.83083],[13.71613,56.8344],[13.69791,56.83169],[13.69588,56.82395],[13.68518,56.82243],[13.6932,56.81732],[13.68439,56.81088],[13.67199,56.80671],[13.66399,56.79904],[13.65034,56.79903],[13.66175,56.8044],[13.65644,56.80991],[13.64093,56.81409],[13.62586,56.81318],[13.62055,56.8185],[13.62659,56.83071],[13.61814,56.83294],[13.61871,56.83814],[13.60479,56.84641],[13.61166,56.85116],[13.6232,56.85082],[13.62619,56.85317],[13.61471,56.85522],[13.61209,56.86375],[13.60245,56.86449],[13.60955,56.85958],[13.59675,56.85231],[13.5903,56.85354],[13.58605,56.85757],[13.58,56.85715],[13.57241,56.85236],[13.58115,56.85175],[13.58643,56.8476],[13.55798,56.83885],[13.5568,56.8453],[13.56591,56.85812],[13.59113,56.86899],[13.6011,56.86623],[13.59114,56.87545],[13.59655,56.88281],[13.58565,56.88168],[13.59368,56.8865],[13.58249,56.88574],[13.57235,56.88984],[13.57565,56.8976],[13.59762,56.9022],[13.60876,56.90864],[13.62187,56.91019],[13.63662,56.91863],[13.6308,56.92339],[13.61363,56.92084],[13.60045,56.92947],[13.61279,56.93353],[13.61718,56.94102],[13.63434,56.9389],[13.64483,56.93295],[13.65146,56.93641],[13.64996,56.95191],[13.65327,56.95517],[13.66126,56.95673],[13.66361,56.96048],[13.65855,56.96548],[13.66491,56.97453],[13.66101,56.98291],[13.6645,56.99081],[13.6593,57.00199],[13.67291,57.02424],[13.67182,57.02599],[13.66205,57.0256],[13.65971,57.01912],[13.65169,57.02226],[13.6439,57.0185],[13.63163,57.01973],[13.63534,57.02405],[13.62959,57.02626],[13.63612,57.0308],[13.62988,57.03255],[13.61971,57.02907],[13.62144,57.02404],[13.61775,57.01936],[13.61286,57.01945],[13.60231,57.0261],[13.6128,57.03475],[13.607,57.03848],[13.59065,57.03492],[13.5857,57.03133],[13.57565,57.03676],[13.64257,57.05164],[13.65117,57.05131],[13.64489,57.04439],[13.648,57.04379],[13.66732,57.05472],[13.67507,57.0541],[13.67907,57.05751],[13.68387,57.05278],[13.69025,57.05805],[13.68287,57.06653],[13.67955,57.0621],[13.66238,57.0593],[13.65732,57.06626],[13.65342,57.05794],[13.63818,57.05896],[13.62872,57.05706],[13.62771,57.05976],[13.63439,57.06398],[13.62944,57.06764],[13.61048,57.05564],[13.59322,57.05727],[13.59996,57.06666],[13.60793,57.06516],[13.62482,57.0718],[13.61723,57.07734],[13.61423,57.08622],[13.60218,57.09135],[13.60808,57.09436],[13.62839,57.09037],[13.63074,57.10247],[13.64164,57.10521],[13.63332,57.10699],[13.6169,57.10457],[13.62179,57.11178],[13.61488,57.11044],[13.61026,57.11306],[13.60117,57.11113],[13.58951,57.11254],[13.58484,57.12],[13.59126,57.12085],[13.58065,57.1262],[13.57471,57.13522],[13.58391,57.14444],[13.57917,57.14682],[13.58291,57.15367],[13.59635,57.16185],[13.60591,57.16354],[13.61076,57.1584],[13.61815,57.1612],[13.63094,57.15048],[13.63312,57.15668],[13.61396,57.16953],[13.63192,57.1731],[13.63749,57.16909],[13.64933,57.17286],[13.65584,57.169],[13.66149,57.17012],[13.65985,57.17241],[13.67442,57.16976],[13.679,57.17178],[13.66655,57.17782],[13.65738,57.17641],[13.65402,57.17993],[13.63895,57.17851],[13.64136,57.18513],[13.62962,57.17925],[13.62037,57.17771],[13.60877,57.17688],[13.6005,57.1837],[13.59236,57.1847],[13.58204,57.17984],[13.57625,57.18244],[13.57769,57.18527],[13.56457,57.18694],[13.56621,57.19468],[13.55546,57.18512],[13.56247,57.18116],[13.55575,57.17783],[13.56394,57.17543],[13.54032,57.16258],[13.52761,57.16728],[13.54692,57.18534],[13.52948,57.18836],[13.53297,57.18195],[13.52188,57.1748],[13.49682,57.17445],[13.49064,57.17709],[13.49255,57.18091],[13.48904,57.18465],[13.47461,57.1835],[13.47449,57.18644],[13.48747,57.19151],[13.49474,57.19076],[13.50871,57.19373],[13.52375,57.18942],[13.5268,57.19079],[13.50889,57.19884],[13.47573,57.20032],[13.46328,57.20423],[13.47459,57.21129],[13.47813,57.20488],[13.48248,57.20605],[13.48806,57.21503],[13.48378,57.21842],[13.50019,57.22859],[13.49792,57.23139],[13.52888,57.23592],[13.53589,57.24281],[13.53116,57.25352],[13.52844,57.24275],[13.52406,57.24005],[13.51087,57.23976],[13.49739,57.24428],[13.49817,57.24646],[13.50599,57.24515],[13.50953,57.24709],[13.49415,57.24966],[13.4926,57.25601],[13.48574,57.25888],[13.50052,57.27141],[13.49963,57.2742],[13.483,57.27513],[13.48312,57.27232],[13.49197,57.27144],[13.4753,57.26717],[13.47294,57.26153],[13.47097,57.26544],[13.4668,57.26595],[13.46048,57.25597],[13.45138,57.25972],[13.44637,57.25896],[13.45161,57.2513],[13.44087,57.24803],[13.42575,57.25645],[13.42505,57.24858],[13.43545,57.24137],[13.42976,57.23531],[13.42397,57.23734],[13.41559,57.24762],[13.41071,57.23661],[13.40645,57.23543],[13.39345,57.24257],[13.395,57.24862],[13.37899,57.2476],[13.38859,57.25318],[13.37271,57.25508],[13.37084,57.24754],[13.36566,57.24446],[13.36991,57.23721],[13.37426,57.24036],[13.38204,57.23407],[13.39243,57.23045],[13.39398,57.22461],[13.38341,57.21773],[13.3704,57.21925],[13.36429,57.21692],[13.36599,57.21372],[13.35957,57.20963],[13.36474,57.20675],[13.34087,57.20833],[13.33507,57.21092],[13.34606,57.21675],[13.35701,57.21781],[13.35379,57.2203],[13.32077,57.2153],[13.32463,57.21865],[13.31799,57.22228],[13.32617,57.22451],[13.31328,57.22916],[13.32031,57.23382],[13.32057,57.23965],[13.30078,57.22703],[13.29619,57.23062],[13.29881,57.2355],[13.28605,57.23567],[13.28816,57.22092],[13.28011,57.22441],[13.26974,57.22464],[13.2662,57.23035],[13.25772,57.22719],[13.24466,57.23496],[13.24593,57.24095],[13.2529,57.24139],[13.24814,57.24357],[13.25092,57.25056],[13.24028,57.25081],[13.24203,57.24672],[13.2361,57.24614],[13.23914,57.2405],[13.22714,57.2386],[13.23521,57.23237],[13.23477,57.22528],[13.24191,57.22222],[13.25123,57.222],[13.25426,57.21685],[13.22876,57.21565],[13.22968,57.20738],[13.21857,57.20427],[13.21477,57.20541],[13.21431,57.21039],[13.19925,57.2054],[13.20094,57.20254],[13.19534,57.20071],[13.18961,57.20147],[13.18632,57.20521],[13.17863,57.20384],[13.16499,57.19725],[13.15784,57.18486],[13.14954,57.18109],[13.15238,57.20107],[13.14787,57.20858],[13.13025,57.21927],[13.13631,57.22226],[13.13627,57.22645],[13.1227,57.23544],[13.11314,57.23764],[13.10935,57.24423],[13.11431,57.24753],[13.12188,57.2447],[13.13394,57.24867],[13.14504,57.24932],[13.14169,57.2551],[13.13679,57.25208],[13.121,57.25353],[13.11929,57.2601],[13.12577,57.26682],[13.11869,57.26838],[13.11575,57.27269],[13.11577,57.26475],[13.1093,57.26459],[13.11098,57.26208],[13.10475,57.25988],[13.1062,57.25271],[13.09681,57.2505],[13.09261,57.24646],[13.06757,57.24991],[13.06303,57.25251],[13.06272,57.2584],[13.05495,57.25603],[13.04939,57.2583],[13.0346,57.25629],[13.05133,57.25345],[13.05271,57.24291],[13.0361,57.23786],[13.02964,57.23992],[13.01959,57.23667],[13.03413,57.23339],[13.0228,57.22736],[13.01312,57.22702],[13.02237,57.22347],[13.03187,57.22488],[13.01954,57.21821],[13.01429,57.21967],[13.00739,57.21801],[13.00174,57.22207],[12.99395,57.22241],[12.98756,57.23045],[12.98018,57.23281],[12.98747,57.25399],[12.99301,57.25253],[12.9937,57.25563],[13.02413,57.25827],[13.01242,57.25921],[13.00838,57.26204],[13.00278,57.26027],[12.99752,57.26159],[12.99138,57.27525],[12.98404,57.27127],[12.98811,57.26944],[12.98894,57.2637],[12.98522,57.25905],[12.97983,57.25813],[12.97912,57.26179],[12.9744,57.26276],[12.97276,57.25488],[12.96078,57.25131],[12.93508,57.25468],[12.93315,57.24974],[12.93838,57.24716],[12.94329,57.24976],[12.95545,57.24701],[12.96168,57.23974],[12.95281,57.23157],[12.94347,57.23256],[12.93831,57.22694],[12.92382,57.21996],[12.91303,57.22547],[12.91547,57.2326],[12.90697,57.23189],[12.89066,57.23635],[12.91056,57.24157],[12.91967,57.24078],[12.91816,57.24458],[12.92283,57.24915],[12.91323,57.24931],[12.90905,57.24541],[12.88878,57.24212],[12.88178,57.24453],[12.88075,57.24886],[12.868,57.25216],[12.87229,57.24521],[12.86335,57.24745],[12.85278,57.24214],[12.85077,57.2367],[12.83522,57.23096],[12.83961,57.22373],[12.83056,57.2193],[12.83462,57.21508],[12.83038,57.20799],[12.81238,57.20943],[12.80937,57.20348],[12.82889,57.20354],[12.85733,57.21056],[12.86197,57.20039],[12.85878,57.19149],[12.85417,57.19001],[12.85188,57.2019],[12.84436,57.20444],[12.84617,57.20012],[12.84271,57.19739],[12.82877,57.19982],[12.83173,57.19491],[12.83966,57.192],[12.8298,57.18811],[12.82038,57.18992],[12.82972,57.18505],[12.8381,57.18538],[12.84042,57.18345],[12.81922,57.17452],[12.81028,57.17282],[12.80311,57.1759],[12.81418,57.1811],[12.81399,57.18608],[12.80644,57.18083],[12.78682,57.18027],[12.79261,57.18515],[12.78831,57.18788],[12.77511,57.18596],[12.76228,57.17576],[12.74975,57.17765],[12.75598,57.17158],[12.75317,57.16956],[12.74858,57.17145],[12.74478,57.17019],[12.7447,57.16295],[12.74873,57.16471],[12.75372,57.16349],[12.75767,57.16754],[12.78275,57.16342],[12.79494,57.16553],[12.81128,57.16231],[12.81722,57.15581],[12.80834,57.14648],[12.79936,57.14995],[12.79731,57.14311],[12.78711,57.14518],[12.78013,57.13677],[12.76873,57.13727],[12.76163,57.1351],[12.74226,57.13941],[12.73998,57.14581],[12.72903,57.15312],[12.71721,57.14355],[12.70446,57.14102],[12.68852,57.15224],[12.67495,57.15438],[12.67525,57.15158],[12.69416,57.14048],[12.68155,57.13555],[12.68888,57.13189],[12.69859,57.13572],[12.70863,57.13197],[12.70234,57.12519],[12.6853,57.12319],[12.68142,57.11911],[12.6615,57.12591],[12.6652,57.13075],[12.67908,57.13381],[12.67176,57.13522],[12.65109,57.13133],[12.65361,57.12829],[12.64786,57.12523],[12.63446,57.13303],[12.63166,57.12829],[12.63991,57.12452],[12.6288,57.11925],[12.63178,57.11018],[12.61793,57.12101],[12.60702,57.11996],[12.60222,57.12245],[12.59177,57.11841],[12.59558,57.11539],[12.58358,57.11593],[12.60037,57.10713],[12.60845,57.10581],[12.6062,57.09467],[12.59521,57.0932],[12.5923,57.10424],[12.58711,57.10077],[12.5787,57.105],[12.58043,57.09965],[12.57228,57.09795],[12.57117,57.10179],[12.55771,57.11031],[12.55142,57.10391],[12.55961,57.10234],[12.56027,57.09491],[12.553,57.0878],[12.54682,57.08768],[12.52379,57.07917],[12.51381,57.08375],[12.51194,57.07711],[12.5051,57.07908],[12.50258,57.0744],[12.47437,57.0779],[12.46932,57.08384],[12.45859,57.08044],[12.4492,57.08385],[12.44795,57.07961],[12.44028,57.07861],[12.44621,57.086],[12.44159,57.09142],[12.44518,57.09547],[12.43782,57.0974],[12.44713,57.10281],[12.45628,57.10042],[12.46675,57.1045],[12.45442,57.10741],[12.45559,57.11417],[12.44699,57.11975],[12.45365,57.11989],[12.45847,57.1162],[12.4671,57.11637],[12.47021,57.12004],[12.46499,57.12267],[12.4695,57.12477],[12.46726,57.12733],[12.47321,57.13461],[12.48261,57.1369],[12.48798,57.13399],[12.50451,57.13383],[12.49542,57.13653],[12.49334,57.14246],[12.50241,57.14404],[12.51548,57.13981],[12.51803,57.14407],[12.49014,57.14773],[12.4815,57.15514],[12.4756,57.14884],[12.46975,57.14746],[12.47004,57.15374],[12.47803,57.15879],[12.46639,57.16017],[12.46383,57.16601],[12.4529,57.16345],[12.44222,57.16642],[12.43099,57.15692],[12.42119,57.1709],[12.39969,57.16793],[12.40152,57.17738],[12.41061,57.17686],[12.42026,57.18296],[12.43024,57.18457],[12.42138,57.18551],[12.40127,57.18215],[12.4035,57.18603],[12.40008,57.1869],[12.39119,57.1846],[12.38797,57.18075],[12.38091,57.18734],[12.37046,57.18881],[12.36999,57.1954],[12.3742,57.19745],[12.38444,57.19584],[12.39734,57.21106],[12.37693,57.20701],[12.37581,57.20324],[12.36749,57.20138],[12.36303,57.2077],[12.36553,57.21435],[12.37014,57.21508],[12.36482,57.21888],[12.36004,57.21878],[12.3559,57.21518],[12.34918,57.21869],[12.35052,57.22167],[12.34318,57.22285],[12.33828,57.21902],[12.34189,57.21204],[12.3378,57.21131],[12.33078,57.21774],[12.34322,57.22594],[12.34348,57.22952],[12.35594,57.22726],[12.36289,57.23321],[12.37046,57.23248],[12.37625,57.24208],[12.38424,57.24266],[12.38612,57.2453],[12.37031,57.24722],[12.36125,57.24534],[12.35538,57.24045],[12.33735,57.24273],[12.34045,57.24996],[12.33712,57.25186],[12.32953,57.24608],[12.32921,57.25141],[12.33698,57.25501],[12.34096,57.26457],[12.30846,57.26065],[12.30948,57.25548],[12.30475,57.25285],[12.29527,57.25489],[12.2769,57.25113],[12.26648,57.25708],[12.26636,57.25114],[12.23373,57.24976],[12.22776,57.25686],[12.23639,57.2593],[12.22077,57.26024],[12.21613,57.26496],[12.21298,57.25899],[12.21619,57.25429],[12.20946,57.25299]],[[12.76704,56.0787],[12.77044,56.08585],[12.77762,56.08682],[12.78321,56.09142],[12.79351,56.08992],[12.79071,56.08621],[12.79657,56.08042],[12.79382,56.07138],[12.7813,56.07088],[12.77547,56.07611],[12.76704,56.0787]],[[12.86164,56.1364],[12.86712,56.13516],[12.87088,56.12624],[12.86095,56.13007],[12.86164,56.1364]],[[12.99792,56.14228],[12.98586,56.14628],[12.98715,56.14335],[12.98254,56.13998],[12.96676,56.13874],[12.96091,56.14117],[12.96263,56.14436],[12.97078,56.14519],[12.97675,56.15203],[12.9708,56.15755],[12.98061,56.15926],[12.98488,56.1626],[12.99317,56.16288],[12.99286,56.16648],[13.00974,56.16366],[13.01776,56.15944],[13.01963,56.15736],[13.01299,56.15262],[13.01782,56.15017],[13.02423,56.1509],[13.02511,56.14369],[13.03084,56.14467],[13.03774,56.13771],[13.0274,56.13726],[13.02261,56.13396],[13.00337,56.1392],[13.00877,56.14342],[13.00607,56.14464],[12.99792,56.14228]],[[12.96573,56.16786],[12.97228,56.16539],[12.96544,56.16027],[12.94502,56.16927],[12.93596,56.16919],[12.94584,56.17277],[12.95507,56.16946],[12.96361,56.16993],[12.95429,56.17476],[12.95593,56.18174],[12.96174,56.17987],[12.9639,56.17387],[12.97162,56.17062],[12.96573,56.16786]],[[13.01843,56.20003],[13.01653,56.19789],[13.02374,56.19492],[13.02016,56.18278],[13.00418,56.19966],[13.01843,56.20003]],[[13.02059,56.20708],[13.01573,56.20564],[13.00831,56.21316],[13.01817,56.21982],[13.02017,56.21677],[13.0137,56.21357],[13.02059,56.20708]],[[12.99221,56.23675],[12.99657,56.23776],[13.00204,56.23431],[13.01394,56.23342],[13.01945,56.22925],[13.01154,56.22608],[12.99372,56.22715],[12.99221,56.23675]],[[12.71329,56.39178],[12.70835,56.39393],[12.71274,56.40104],[12.71653,56.3997],[12.71775,56.39354],[12.71329,56.39178]],[[12.70844,56.41364],[12.71987,56.41093],[12.71439,56.40724],[12.70794,56.40783],[12.70844,56.41364]],[[12.75401,57.06764],[12.77036,57.07159],[12.77121,57.06591],[12.78519,57.06932],[12.77347,57.05606],[12.76689,57.05449],[12.75701,57.04642],[12.75029,57.04674],[12.75901,57.05818],[12.75401,57.06764]],[[12.74896,57.05463],[12.73727,57.06032],[12.72767,57.05579],[12.73354,57.06667],[12.72873,57.06936],[12.73861,57.06807],[12.74528,57.06426],[12.75454,57.06466],[12.74896,57.05463]],[[12.50055,57.06242],[12.504,57.06473],[12.52144,57.06213],[12.51565,57.06005],[12.50055,57.06242]],[[12.54135,57.06515],[12.53156,57.06507],[12.51811,57.06958],[12.54724,57.08426],[12.54417,57.07438],[12.54748,57.06995],[12.54135,57.06515]],[[12.56025,57.08873],[12.56706,57.09167],[12.58085,57.0918],[12.58559,57.08641],[12.58099,57.08043],[12.57614,57.0837],[12.57259,57.08017],[12.56185,57.07879],[12.55625,57.08416],[12.56025,57.08873]],[[12.71182,57.10535],[12.72035,57.10937],[12.71762,57.11178],[12.72212,57.1141],[12.71197,57.11968],[12.72189,57.12639],[12.74228,57.12574],[12.736,57.11506],[12.73853,57.11173],[12.75022,57.11896],[12.76113,57.11495],[12.76412,57.11107],[12.76467,57.10621],[12.75609,57.10503],[12.74268,57.10717],[12.73671,57.09991],[12.73284,57.10339],[12.72454,57.1027],[12.72225,57.09312],[12.7122,57.09083],[12.71093,57.08638],[12.70081,57.08521],[12.69922,57.08799],[12.70947,57.09323],[12.70559,57.10608],[12.71182,57.10535]],[[12.66759,57.11942],[12.67519,57.11348],[12.66306,57.10937],[12.65726,57.11136],[12.66759,57.11942]],[[12.7959,57.12659],[12.79223,57.11999],[12.77924,57.12131],[12.77777,57.12437],[12.7959,57.12659]],[[12.84907,57.14574],[12.8575,57.16086],[12.86511,57.15879],[12.86723,57.1533],[12.84957,57.13559],[12.83993,57.1416],[12.84907,57.14574]],[[12.46116,57.15346],[12.45289,57.15006],[12.45082,57.15859],[12.45823,57.16099],[12.46116,57.15346]],[[12.98051,57.2126],[12.99478,57.21662],[12.99391,57.20881],[12.98051,57.2126]],[[13.0476,56.29281],[13.06625,56.29093],[13.0548,56.28565],[13.04584,56.29005],[13.0476,56.29281]],[[13.0756,56.30582],[13.07849,56.30193],[13.07436,56.29527],[13.05814,56.29488],[13.05941,56.29974],[13.0756,56.30582]],[[13.09386,56.30687],[13.09363,56.31151],[13.07554,56.31705],[13.07439,56.32237],[13.09453,56.32137],[13.11356,56.32487],[13.13582,56.31924],[13.13013,56.31494],[13.11168,56.3118],[13.12189,56.30969],[13.11553,56.30545],[13.09657,56.30067],[13.08345,56.3004],[13.07983,56.30209],[13.09386,56.30687]],[[13.06664,56.32319],[13.06952,56.31369],[13.04638,56.31744],[13.04236,56.32187],[13.06664,56.32319]],[[13.11817,56.33514],[13.14007,56.33044],[13.13039,56.32688],[13.12616,56.33075],[13.11352,56.32557],[13.10839,56.32725],[13.11817,56.33514]],[[13.07777,56.33562],[13.08147,56.34242],[13.08699,56.34073],[13.08272,56.33682],[13.08656,56.33421],[13.08389,56.33193],[13.07777,56.33562]],[[13.05705,56.34281],[13.04833,56.34281],[13.04009,56.33838],[13.03536,56.33913],[13.03478,56.34424],[13.03956,56.34704],[13.0643,56.35382],[13.05562,56.34609],[13.05949,56.34467],[13.05705,56.34281]],[[13.33448,56.45536],[13.34016,56.45455],[13.33848,56.44947],[13.33255,56.44883],[13.32598,56.45214],[13.33448,56.45536]],[[13.50838,56.47105],[13.51831,56.47],[13.50847,56.4623],[13.50434,56.46393],[13.50838,56.47105]],[[13.28201,56.47605],[13.29953,56.48432],[13.30837,56.48294],[13.30965,56.48034],[13.28406,56.47288],[13.28201,56.47605]],[[13.43624,56.52262],[13.4364,56.51874],[13.42813,56.51606],[13.41664,56.51769],[13.40913,56.52116],[13.41559,56.52461],[13.42972,56.52689],[13.43624,56.52262]],[[13.35153,56.5548],[13.36124,56.55956],[13.37064,56.55978],[13.36968,56.55266],[13.35493,56.54975],[13.34333,56.54466],[13.34294,56.54781],[13.35153,56.5548]],[[13.46747,56.8747],[13.45571,56.87537],[13.45228,56.87767],[13.45939,56.88092],[13.47034,56.87974],[13.47342,56.87642],[13.46747,56.8747]],[[13.45569,56.89168],[13.46258,56.90009],[13.46634,56.89385],[13.45569,56.89168]],[[13.21968,57.17326],[13.22122,57.16455],[13.20214,57.16716],[13.20991,57.17388],[13.21968,57.17326]],[[13.22406,57.18427],[13.20125,57.19602],[13.20655,57.19876],[13.22977,57.1946],[13.22981,57.18646],[13.22406,57.18427]],[[13.24827,57.21073],[13.2581,57.20707],[13.25748,57.19932],[13.23998,57.20106],[13.23133,57.20796],[13.23292,57.20981],[13.24827,57.21073]],[[13.02483,57.20643],[13.01936,57.20227],[13.00915,57.20618],[13.01054,57.21238],[13.01971,57.21702],[13.02483,57.20643]],[[13.08339,57.2345],[13.07344,57.23184],[13.07568,57.22519],[13.07027,57.22061],[13.0728,57.21677],[13.08031,57.21421],[13.06441,57.21142],[13.0567,57.20552],[13.05146,57.21169],[13.05718,57.2176],[13.06099,57.23226],[13.05626,57.23851],[13.06481,57.24327],[13.0763,57.24155],[13.08339,57.2345]],[[13.4815,57.23622],[13.4693,57.22856],[13.45069,57.23009],[13.45206,57.23432],[13.47383,57.24624],[13.48736,57.24465],[13.4815,57.23622]],[[13.54903,56.6685],[13.5831,56.67334],[13.57442,56.6629],[13.55156,56.66231],[13.54278,56.66537],[13.54903,56.6685]],[[13.55288,56.68118],[13.54795,56.67673],[13.54384,56.67733],[13.54101,56.68465],[13.52838,56.68483],[13.53608,56.6933],[13.55111,56.70056],[13.56362,56.69376],[13.56477,56.68366],[13.55288,56.68118]],[[13.81797,56.75174],[13.80045,56.73501],[13.79755,56.74172],[13.80219,56.75524],[13.80738,56.75796],[13.81797,56.75174]],[[13.75285,56.78901],[13.752,56.80697],[13.7566,56.81474],[13.7657,56.81837],[13.77874,56.81896],[13.77356,56.8128],[13.78198,56.80586],[13.7857,56.80934],[13.79157,56.80982],[13.78803,56.81659],[13.80031,56.81671],[13.80377,56.81258],[13.80106,56.80914],[13.80622,56.80806],[13.79021,56.80056],[13.78535,56.79651],[13.78774,56.79385],[13.78212,56.7936],[13.77266,56.78808],[13.76419,56.77621],[13.7698,56.77142],[13.74788,56.76931],[13.73831,56.765],[13.73662,56.77481],[13.74489,56.78739],[13.75285,56.78901]],[[13.87586,56.79821],[13.88025,56.7969],[13.88217,56.79262],[13.87689,56.78963],[13.87415,56.79129],[13.87234,56.79632],[13.87586,56.79821]],[[13.52425,56.78703],[13.51576,56.78824],[13.52923,56.80352],[13.53593,56.79129],[13.52425,56.78703]],[[13.54587,56.87269],[13.54452,56.8792],[13.55721,56.879],[13.54824,56.85889],[13.53348,56.85626],[13.53495,56.86245],[13.54587,56.87269]],[[13.54109,56.89341],[13.54641,56.88851],[13.54158,56.88415],[13.53105,56.88777],[13.53427,56.89501],[13.52563,56.91176],[13.53116,56.91526],[13.53046,56.92396],[13.5358,56.93027],[13.55192,56.93172],[13.5582,56.92877],[13.55648,56.92681],[13.53837,56.92356],[13.53371,56.92028],[13.53365,56.91298],[13.53985,56.90556],[13.54421,56.90561],[13.54109,56.89341]],[[13.5842,56.96073],[13.58664,56.96413],[13.5993,56.9693],[13.6189,56.96757],[13.63912,56.96988],[13.64202,56.96769],[13.63758,56.96259],[13.61351,56.95357],[13.5918,56.95333],[13.5842,56.96073]],[[13.61241,56.98084],[13.62738,56.97455],[13.62178,56.97299],[13.61062,56.97591],[13.61241,56.98084]],[[13.59071,56.97905],[13.573,56.98487],[13.59336,56.99059],[13.59748,56.9903],[13.59969,56.98617],[13.59071,56.97905]],[[13.65141,56.99966],[13.65458,56.99014],[13.64869,56.9752],[13.63151,56.97866],[13.6185,56.99228],[13.63203,57.00299],[13.6454,57.00226],[13.65141,56.99966]],[[13.60128,57.01696],[13.61022,57.01423],[13.60341,57.01045],[13.60918,57.00756],[13.58705,57.00765],[13.59024,57.01176],[13.60128,57.01696]],[[13.56795,57.08951],[13.57367,57.0882],[13.56589,57.08069],[13.5741,57.07706],[13.56497,57.07661],[13.5585,57.0806],[13.56795,57.08951]],[[13.55301,57.0957],[13.5574,57.10053],[13.56644,57.10316],[13.57261,57.10239],[13.56664,57.0968],[13.55301,57.0957]],[[13.50632,57.11682],[13.51972,57.12648],[13.5191,57.11833],[13.5118,57.11375],[13.51916,57.11018],[13.51143,57.10994],[13.5063,57.11231],[13.50632,57.11682]],[[13.55053,57.1394],[13.55554,57.13672],[13.54861,57.13019],[13.54143,57.13712],[13.54757,57.14477],[13.55507,57.14212],[13.55053,57.1394]],[[13.56568,57.14175],[13.56388,57.14487],[13.56992,57.14541],[13.5745,57.14199],[13.56565,57.13581],[13.5703,57.13097],[13.56058,57.13],[13.55682,57.13711],[13.56095,57.13716],[13.56568,57.14175]],[[13.52195,57.14384],[13.53067,57.14963],[13.53385,57.1477],[13.53179,57.14333],[13.52667,57.14207],[13.52195,57.14384]]],[[[12.20004,57.25505],[12.21158,57.25833],[12.19431,57.26054],[12.18877,57.25845],[12.20004,57.25505]]]]}},{"type":"Feature","properties":{"fs":"CAR","t":45.0},"geometry":{"type":"MultiPolygon","coordinates":[[[[12.3838,56.93028],[12.38511,56.92806],[12.40616,56.93004],[12.42243,56.92701],[12.42836,56.92095],[12.43411,56.91953],[12.42824,56.91533],[12.43078,56.91202],[12.42703,56.90857],[12.41563,56.91199],[12.41218,56.90995],[12.42471,56.90136],[12.43234,56.89857],[12.46396,56.89584],[12.4626,56.89323],[12.49198,56.88742],[12.62347,56.82984],[12.62239,56.78124],[12.65899,56.72943],[12.73839,56.64173],[12.79372,56.64139],[12.8488,56.66265],[12.90812,56.64407],[12.94012,56.59413],[12.95438,56.54971],[12.953,56.50172],[12.93577,56.47178],[12.90379,56.44424],[12.84569,56.43034],[12.82423,56.43824],[12.82062,56.4364],[12.83058,56.43068],[12.82402,56.42565],[12.83314,56.42574],[12.83215,56.4194],[12.84041,56.41821],[12.84484,56.41155],[12.85375,56.41514],[12.8689,56.41603],[12.86969,56.41106],[12.86553,56.40839],[12.8791,56.40799],[12.87896,56.40188],[12.88275,56.39942],[12.89241,56.39874],[12.90763,56.39348],[12.90392,56.38574],[12.88884,56.38689],[12.87803,56.39312],[12.87259,56.39314],[12.87932,56.38743],[12.87376,56.3834],[12.88001,56.38037],[12.88806,56.38112],[12.90144,56.37713],[12.90197,56.36759],[12.89033,56.35841],[12.90191,56.35018],[12.89532,56.34263],[12.88131,56.3386],[12.87979,56.33422],[12.87178,56.33282],[12.87959,56.3241],[12.85676,56.32554],[12.84427,56.323],[12.8763,56.3196],[12.87052,56.31447],[12.8826,56.31531],[12.88331,56.30718],[12.89299,56.30556],[12.89451,56.30105],[12.91399,56.30498],[12.92288,56.2971],[12.92021,56.29278],[12.92743,56.29009],[12.93147,56.29563],[12.93006,56.30214],[12.9398,56.30406],[12.93863,56.30713],[12.95044,56.30831],[12.94916,56.31095],[12.93988,56.31206],[12.93824,56.31586],[12.94703,56.32004],[12.9562,56.31865],[12.95966,56.32018],[12.94672,56.32584],[12.93771,56.32424],[12.93906,56.32721],[12.93543,56.32898],[12.91396,56.33016],[12.91843,56.33663],[12.93137,56.33738],[12.93392,56.34285],[12.94168,56.34439],[12.93916,56.3489],[12.94971,56.34536],[12.95195,56.33669],[12.96315,56.34783],[12.96159,56.35033],[12.94876,56.35373],[12.95712,56.35812],[12.96859,56.35494],[12.97068,56.35048],[12.9783,56.3595],[12.98599,56.35909],[12.98349,56.36333],[13.00538,56.36396],[13.00904,56.36164],[13.00463,56.35904],[13.02348,56.35882],[13.01801,56.36431],[13.02753,56.3661],[13.02744,56.36797],[13.01521,56.37079],[13.01078,56.37444],[13.02275,56.38674],[13.01141,56.38428],[13.00675,56.38617],[13.00818,56.38788],[13.01625,56.38843],[13.03299,56.39768],[13.04091,56.39879],[13.05281,56.39629],[13.04986,56.39212],[13.05838,56.3912],[13.06052,56.39405],[13.08089,56.39169],[13.06056,56.39812],[13.06148,56.40497],[13.07694,56.40975],[13.08613,56.40841],[13.0869,56.41327],[13.10086,56.4177],[13.10997,56.41798],[13.10657,56.41491],[13.11951,56.40928],[13.12203,56.41479],[13.12948,56.41785],[13.12855,56.42472],[13.13639,56.42666],[13.12768,56.44106],[13.15312,56.43955],[13.15735,56.44382],[13.16559,56.44114],[13.16803,56.44314],[13.16176,56.44712],[13.17349,56.44565],[13.17671,56.4526],[13.2041,56.45237],[13.18089,56.4605],[13.17285,56.45893],[13.16914,56.46056],[13.17552,56.46684],[13.17513,56.47488],[13.19147,56.47276],[13.19493,56.4747],[13.17239,56.47901],[13.17431,56.48142],[13.16857,56.48471],[13.14751,56.48987],[13.15854,56.49261],[13.1596,56.49693],[13.14371,56.49491],[13.13677,56.49659],[13.15047,56.50452],[13.17732,56.51123],[13.18168,56.50849],[13.17986,56.50327],[13.19089,56.50799],[13.19884,56.50453],[13.2055,56.50869],[13.19701,56.5111],[13.21891,56.51979],[13.21823,56.52418],[13.22243,56.52663],[13.2326,56.52645],[13.27103,56.51674],[13.27893,56.51895],[13.26771,56.5253],[13.26912,56.52785],[13.26105,56.52661],[13.25087,56.5311],[13.24737,56.52853],[13.24366,56.52913],[13.24049,56.53166],[13.2432,56.539],[13.23314,56.53485],[13.22146,56.53663],[13.22007,56.53375],[13.21318,56.53976],[13.20647,56.54184],[13.18781,56.53881],[13.18546,56.54182],[13.19629,56.54226],[13.19974,56.54455],[13.19259,56.55049],[13.18122,56.54901],[13.18865,56.5531],[13.19684,56.55195],[13.19847,56.56054],[13.18702,56.56066],[13.18643,56.55707],[13.15939,56.54839],[13.14849,56.55293],[13.15459,56.56345],[13.17204,56.56016],[13.17857,56.56198],[13.16982,56.56405],[13.17588,56.57018],[13.16349,56.56873],[13.15898,56.57255],[13.20974,56.58022],[13.20402,56.58281],[13.21591,56.58438],[13.23147,56.59443],[13.24655,56.59858],[13.25176,56.59598],[13.25273,56.5915],[13.23691,56.58679],[13.25727,56.58672],[13.26316,56.58032],[13.26886,56.5819],[13.27571,56.58045],[13.28223,56.57492],[13.27999,56.57209],[13.28487,56.57293],[13.28563,56.58424],[13.26788,56.58849],[13.26407,56.59391],[13.26485,56.60838],[13.27352,56.6099],[13.28773,56.60238],[13.28332,56.61264],[13.3,56.61743],[13.2919,56.61999],[13.30284,56.62589],[13.29853,56.62836],[13.2781,56.61839],[13.26894,56.61728],[13.26714,56.62315],[13.28199,56.63628],[13.28095,56.64806],[13.29167,56.65897],[13.30471,56.66102],[13.31712,56.65992],[13.32872,56.66286],[13.29946,56.66705],[13.3133,56.68079],[13.33048,56.6806],[13.34536,56.6728],[13.34709,56.67422],[13.33542,56.68418],[13.3187,56.68929],[13.31966,56.69295],[13.35257,56.68595],[13.36249,56.67962],[13.36571,56.67014],[13.38206,56.65952],[13.38065,56.65283],[13.37181,56.64493],[13.36263,56.64502],[13.35851,56.64026],[13.37548,56.64252],[13.39392,56.65237],[13.40834,56.64884],[13.41082,56.65062],[13.40268,56.65417],[13.40465,56.65771],[13.3961,56.65914],[13.39569,56.66475],[13.41952,56.67404],[13.42046,56.67798],[13.41385,56.67944],[13.41363,56.68464],[13.43379,56.68672],[13.40902,56.69319],[13.42929,56.70894],[13.44439,56.71423],[13.44561,56.69683],[13.45608,56.70286],[13.46634,56.69863],[13.46864,56.70161],[13.46277,56.70996],[13.46621,56.71744],[13.4779,56.71871],[13.50166,56.71212],[13.48486,56.72343],[13.49199,56.72408],[13.49814,56.72986],[13.50623,56.73099],[13.51423,56.72126],[13.5182,56.72158],[13.51359,56.73304],[13.51817,56.74124],[13.52354,56.73119],[13.53061,56.73549],[13.53231,56.74428],[13.54324,56.74799],[13.56559,56.74937],[13.55795,56.74199],[13.57163,56.74155],[13.56934,56.74476],[13.57592,56.74647],[13.5844,56.73843],[13.58823,56.73966],[13.59353,56.74997],[13.60506,56.74954],[13.60456,56.75262],[13.59431,56.75349],[13.58887,56.76091],[13.59024,56.7665],[13.59814,56.76736],[13.59138,56.77021],[13.57844,56.76777],[13.5743,56.77109],[13.57427,56.76309],[13.56749,56.75978],[13.54058,56.75737],[13.5453,56.76528],[13.55725,56.7669],[13.5423,56.77437],[13.54194,56.76939],[13.51903,56.75725],[13.50473,56.75689],[13.50562,56.76439],[13.5202,56.7729],[13.50529,56.77815],[13.50615,56.77268],[13.49599,56.76877],[13.47824,56.75452],[13.46873,56.75599],[13.46762,56.76225],[13.47575,56.77189],[13.47284,56.77635],[13.47985,56.78128],[13.48534,56.78142],[13.48796,56.78945],[13.46705,56.78056],[13.46189,56.78148],[13.45925,56.7877],[13.45599,56.78625],[13.45809,56.77448],[13.4523,56.76178],[13.44405,56.77178],[13.42629,56.7564],[13.41853,56.75841],[13.42447,56.76304],[13.41972,56.76656],[13.40535,56.76783],[13.39876,56.76419],[13.39713,56.76737],[13.40176,56.77209],[13.412,56.77391],[13.4155,56.77788],[13.40706,56.78395],[13.40734,56.78728],[13.42455,56.79489],[13.41193,56.8017],[13.42066,56.81117],[13.43116,56.81121],[13.43423,56.81925],[13.45253,56.82671],[13.43974,56.83252],[13.43677,56.83683],[13.43272,56.82885],[13.42524,56.82714],[13.42003,56.82915],[13.41105,56.82668],[13.3997,56.8286],[13.3962,56.83098],[13.40296,56.83613],[13.40133,56.83835],[13.3842,56.83539],[13.37957,56.83938],[13.37159,56.83895],[13.36739,56.84128],[13.37075,56.84652],[13.38542,56.85106],[13.37507,56.85626],[13.37308,56.85188],[13.36238,56.8514],[13.35689,56.85876],[13.36281,56.86031],[13.36474,56.87288],[13.37464,56.86707],[13.37976,56.86727],[13.37628,56.87263],[13.38325,56.87743],[13.37793,56.88185],[13.37764,56.88859],[13.41284,56.87317],[13.41406,56.86856],[13.39307,56.86387],[13.4175,56.862],[13.41854,56.85956],[13.40829,56.8554],[13.42172,56.85307],[13.41959,56.8489],[13.41324,56.84749],[13.42739,56.84612],[13.43243,56.8379],[13.43671,56.84371],[13.44353,56.84618],[13.43635,56.85358],[13.43093,56.8534],[13.43878,56.86185],[13.43662,56.86442],[13.44862,56.86759],[13.44407,56.8701],[13.43483,56.87036],[13.42717,56.87579],[13.42701,56.87962],[13.44264,56.88338],[13.44304,56.88879],[13.4478,56.89137],[13.44704,56.90351],[13.46544,56.9117],[13.45201,56.91382],[13.46246,56.92167],[13.46233,56.92489],[13.4812,56.92793],[13.45384,56.93153],[13.44466,56.93006],[13.4381,56.92733],[13.44649,56.92301],[13.44226,56.91987],[13.43274,56.92025],[13.41655,56.91461],[13.41137,56.91586],[13.42745,56.92404],[13.42633,56.92627],[13.41917,56.92562],[13.40798,56.93222],[13.41164,56.92451],[13.40457,56.92178],[13.39976,56.92313],[13.39259,56.93202],[13.39614,56.93568],[13.39185,56.94605],[13.39556,56.95612],[13.40135,56.95808],[13.41894,56.95538],[13.42711,56.95647],[13.43865,56.96314],[13.43201,56.96621],[13.42674,56.9632],[13.41909,56.96381],[13.41772,56.97193],[13.42618,56.9785],[13.42878,56.98611],[13.44614,56.98899],[13.45551,56.9842],[13.45947,56.98902],[13.45667,56.97494],[13.45946,56.9695],[13.46405,56.97061],[13.47259,56.9816],[13.48261,56.98172],[13.48849,56.97639],[13.50581,56.97395],[13.5039,56.97032],[13.51547,56.96702],[13.52545,56.95837],[13.52939,56.95954],[13.51925,56.96896],[13.52198,56.97461],[13.51432,56.97326],[13.52013,56.98224],[13.51023,56.98551],[13.49635,56.98539],[13.4844,57.00111],[13.47202,57.00195],[13.48167,57.01119],[13.49937,57.01253],[13.50866,57.01839],[13.48223,57.01649],[13.47773,57.01739],[13.47781,57.02069],[13.46968,57.01694],[13.45528,57.02097],[13.45757,57.02774],[13.45191,57.03385],[13.45975,57.03731],[13.46623,57.03627],[13.46531,57.043],[13.4393,57.03987],[13.44487,57.03601],[13.43633,57.03092],[13.42437,57.03664],[13.40726,57.03633],[13.39625,57.0389],[13.40194,57.04628],[13.41499,57.0482],[13.42649,57.05655],[13.42381,57.05905],[13.41766,57.05813],[13.4075,57.06383],[13.41041,57.06814],[13.41886,57.07246],[13.42796,57.06247],[13.43538,57.07997],[13.45779,57.08446],[13.46212,57.0796],[13.47259,57.08197],[13.47185,57.08442],[13.46673,57.08443],[13.465,57.08904],[13.46846,57.0947],[13.45249,57.08795],[13.43595,57.08896],[13.43483,57.09709],[13.42215,57.0982],[13.4338,57.10325],[13.42636,57.10822],[13.41337,57.10131],[13.40351,57.10568],[13.40712,57.10966],[13.40059,57.11358],[13.40277,57.1169],[13.41606,57.11679],[13.42108,57.11405],[13.42801,57.11799],[13.42069,57.12331],[13.4152,57.12197],[13.41243,57.12629],[13.40638,57.12453],[13.4103,57.13384],[13.39931,57.13033],[13.38907,57.13533],[13.39603,57.13759],[13.3934,57.14247],[13.40526,57.14894],[13.41382,57.16021],[13.41119,57.16137],[13.39866,57.15532],[13.38528,57.15711],[13.37897,57.14924],[13.38394,57.14635],[13.37924,57.13906],[13.35668,57.13779],[13.36359,57.13338],[13.36252,57.13126],[13.35067,57.13083],[13.34586,57.13441],[13.3375,57.13093],[13.32044,57.13408],[13.31245,57.12625],[13.28487,57.12447],[13.2742,57.12924],[13.27464,57.13444],[13.28254,57.13855],[13.28093,57.14],[13.27038,57.13915],[13.26329,57.1307],[13.24942,57.12917],[13.24348,57.13106],[13.24205,57.13749],[13.23492,57.13178],[13.2302,57.13508],[13.22633,57.13159],[13.21762,57.13273],[13.22106,57.12842],[13.21753,57.12662],[13.18885,57.12719],[13.16625,57.11956],[13.17737,57.11654],[13.17749,57.11411],[13.15736,57.11662],[13.15658,57.12195],[13.14816,57.1148],[13.13528,57.11943],[13.12403,57.11735],[13.10875,57.11853],[13.1107,57.12334],[13.11871,57.1256],[13.1233,57.12426],[13.13187,57.12832],[13.14917,57.13082],[13.15161,57.13367],[13.14811,57.1353],[13.13878,57.13211],[13.11431,57.13344],[13.0957,57.12623],[13.08332,57.12604],[13.07724,57.12216],[13.04606,57.11297],[13.05654,57.12479],[13.07224,57.13069],[13.06182,57.13084],[13.06767,57.14413],[13.06489,57.14528],[13.0526,57.13343],[13.0442,57.13372],[13.03713,57.13062],[13.04301,57.12804],[13.0427,57.12415],[13.02883,57.11607],[13.029,57.12324],[13.03325,57.12597],[13.02589,57.12848],[13.02408,57.1365],[13.01436,57.12188],[13.00503,57.12265],[12.99847,57.12935],[12.98774,57.12253],[12.96617,57.11935],[12.95638,57.12481],[12.97282,57.12641],[12.96697,57.12955],[12.97304,57.13168],[12.97278,57.13652],[12.96909,57.13786],[12.95887,57.13124],[12.95412,57.13144],[12.95711,57.13964],[12.95353,57.14533],[12.94915,57.14589],[12.94519,57.14281],[12.94847,57.13725],[12.94179,57.13349],[12.94116,57.12941],[12.92831,57.12835],[12.92586,57.12129],[12.90818,57.11899],[12.90168,57.1152],[12.92183,57.11491],[12.92998,57.11223],[12.9297,57.11718],[12.9343,57.11799],[12.93719,57.11249],[12.94555,57.11296],[12.9427,57.10626],[12.93047,57.10105],[12.91908,57.0995],[12.92428,57.09653],[12.90173,57.08613],[12.89623,57.08752],[12.89746,57.09416],[12.89098,57.09456],[12.87898,57.08793],[12.85389,57.08476],[12.85884,57.07949],[12.8437,57.0782],[12.84577,57.07585],[12.86222,57.07445],[12.86314,57.06899],[12.85995,57.06472],[12.85471,57.06393],[12.83669,57.07022],[12.84136,57.06075],[12.84938,57.06033],[12.85357,57.05146],[12.84184,57.04661],[12.83967,57.03672],[12.83484,57.03558],[12.83053,57.0381],[12.8281,57.03637],[12.83122,57.03137],[12.82407,57.03041],[12.82887,57.02459],[12.82455,57.01778],[12.813,57.01716],[12.80811,57.01272],[12.79585,57.01342],[12.79825,57.02069],[12.79453,57.02259],[12.78615,57.01844],[12.77678,57.02017],[12.76967,57.01653],[12.76018,57.0224],[12.76687,57.02673],[12.76481,57.0288],[12.74217,57.01997],[12.74532,57.01694],[12.7509,57.0183],[12.74656,57.01134],[12.75355,57.00852],[12.74278,57.00042],[12.73861,57.00013],[12.72952,57.00795],[12.72228,57.00215],[12.70374,56.99961],[12.7095,56.99654],[12.70923,56.99264],[12.70159,56.99342],[12.698,56.99052],[12.69352,56.99297],[12.68931,56.99036],[12.66955,56.99154],[12.65724,56.98288],[12.64235,56.98036],[12.63405,56.97332],[12.6357,56.97167],[12.6458,56.97453],[12.65708,56.97305],[12.64982,56.968],[12.65454,56.96027],[12.65014,56.95874],[12.64351,56.96199],[12.63854,56.95936],[12.63852,56.9515],[12.64618,56.94617],[12.62203,56.93602],[12.62028,56.9272],[12.5879,56.91564],[12.58171,56.91607],[12.60568,56.92672],[12.60739,56.93687],[12.61628,56.93893],[12.61413,56.94711],[12.61795,56.95167],[12.61356,56.95412],[12.60325,56.94858],[12.60276,56.94408],[12.59351,56.94615],[12.59539,56.94296],[12.59134,56.9419],[12.57771,56.95413],[12.59148,56.95566],[12.59109,56.96576],[12.59725,56.96195],[12.59877,56.97827],[12.61926,56.9795],[12.60309,56.98298],[12.59999,56.98728],[12.5949,56.98634],[12.59221,56.98825],[12.59628,56.99291],[12.59068,57.00002],[12.59736,57.00801],[12.59114,57.01273],[12.586,57.01256],[12.58022,57.00655],[12.58518,57.00534],[12.58272,57.00099],[12.57775,57.00285],[12.57463,57.00139],[12.57959,56.99643],[12.56782,56.9816],[12.547,56.99116],[12.53773,56.98747],[12.5347,56.9905],[12.52897,56.98954],[12.52409,56.99334],[12.51804,56.99347],[12.52602,56.98436],[12.53638,56.98056],[12.54701,56.98063],[12.54758,56.97587],[12.52115,56.98153],[12.51602,56.97742],[12.52237,56.97467],[12.50722,56.97058],[12.50025,56.97479],[12.50109,56.98534],[12.49231,56.98776],[12.47404,56.98971],[12.46667,56.98844],[12.46357,56.98479],[12.45158,56.98343],[12.4646,56.99233],[12.45788,56.99289],[12.44658,57.00376],[12.43132,57.00673],[12.4303,57.01227],[12.43994,57.01429],[12.42501,57.01609],[12.41728,57.02183],[12.41238,57.02005],[12.41959,57.01458],[12.42001,57.00841],[12.41222,57.00333],[12.39997,57.00055],[12.39702,56.9967],[12.39718,57.01468],[12.3826,57.00236],[12.36248,57.00552],[12.36934,57.01522],[12.36549,57.01514],[12.36303,57.01171],[12.35379,57.01306],[12.36947,56.99356],[12.37258,56.96681],[12.36858,56.95763],[12.37654,56.95686],[12.36664,56.9532],[12.36512,56.94969],[12.37874,56.94759],[12.37737,56.94503],[12.385,56.94379],[12.38295,56.93876],[12.39148,56.93311],[12.3838,56.93028]],[[13.01296,56.40312],[13.02423,56.40049],[13.01689,56.39574],[13.01102,56.39972],[13.01296,56.40312]],[[13.05099,56.40218],[13.03795,56.40703],[13.04893,56.41022],[13.06062,56.4094],[13.05099,56.40218]],[[13.08837,56.43435],[13.10183,56.43894],[13.10959,56.43749],[13.11001,56.43244],[13.10161,56.42978],[13.10124,56.42276],[13.08754,56.42072],[13.06488,56.43041],[13.07198,56.43775],[13.08359,56.43695],[13.08837,56.43435]],[[13.12003,56.61428],[13.11802,56.60358],[13.12186,56.59451],[13.10881,56.59206],[13.10143,56.5968],[13.10499,56.60619],[13.1153,56.61716],[13.12003,56.61428]],[[12.4842,56.94318],[12.48025,56.93788],[12.47045,56.93651],[12.46595,56.93846],[12.47726,56.94217],[12.47779,56.94574],[12.4842,56.94318]],[[12.4473,56.94447],[12.42909,56.94025],[12.42343,56.93293],[12.4115,56.94083],[12.43193,56.9588],[12.43968,56.96008],[12.43349,56.95476],[12.4473,56.94447]],[[12.40705,56.95422],[12.41641,56.95642],[12.41814,56.95248],[12.40707,56.95028],[12.40705,56.95422]],[[12.48962,56.96086],[12.49388,56.95488],[12.48747,56.94926],[12.47676,56.9534],[12.47923,56.95864],[12.47651,56.9609],[12.48145,56.96388],[12.48962,56.96086]],[[12.4573,56.9674],[12.45681,56.96324],[12.46416,56.961],[12.45707,56.9544],[12.44994,56.96352],[12.45395,56.96754],[12.4573,56.9674]],[[12.47443,56.965],[12.47058,56.96493],[12.46465,56.96888],[12.47239,56.97241],[12.46929,56.97641],[12.47531,56.97864],[12.47354,56.98198],[12.48841,56.98457],[12.49171,56.98143],[12.47365,56.97018],[12.47443,56.965]],[[12.78854,56.99567],[12.79241,56.99981],[12.77932,57.00351],[12.77939,57.00674],[12.78777,57.00864],[12.79399,57.00784],[12.7951,57.00435],[12.80633,57.0081],[12.81216,57.00736],[12.80961,57.00044],[12.79241,56.99335],[12.78854,56.99567]],[[12.40988,56.99865],[12.41724,57.00196],[12.42327,56.99724],[12.41104,56.99306],[12.40988,56.99865]],[[12.37079,56.9984],[12.37656,57.00048],[12.38533,56.99772],[12.38144,56.99328],[12.37079,56.9984]],[[12.84856,57.00752],[12.8413,57.00319],[12.83425,57.00587],[12.82833,57.00251],[12.8244,57.00711],[12.8323,57.00844],[12.83598,57.01812],[12.84044,57.01897],[12.8494,57.01315],[12.84856,57.00752]],[[12.86399,57.02117],[12.85498,57.02869],[12.86392,57.02702],[12.87142,57.02181],[12.86399,57.02117]],[[13.00163,57.07071],[13.0098,57.07225],[13.01633,57.06898],[13.00173,57.06412],[13.00163,57.07071]],[[12.87252,57.07027],[12.87951,57.07604],[12.88461,57.06994],[12.87817,57.06538],[12.87252,57.07027]],[[12.99134,57.09421],[12.98075,57.08975],[12.9751,57.09395],[12.99044,57.10613],[12.99525,57.10533],[12.9842,57.09739],[12.99134,57.09421]],[[13.06854,57.10911],[13.07697,57.10915],[13.08633,57.11275],[13.0887,57.10436],[13.07067,57.09875],[13.06854,57.10911]],[[13.13272,56.50495],[13.13409,56.50975],[13.17045,56.51934],[13.16496,56.5147],[13.14107,56.5055],[13.13272,56.50495]],[[13.19466,56.53367],[13.21268,56.53964],[13.20707,56.53287],[13.19419,56.53298],[13.19466,56.53367]],[[13.13809,56.57851],[13.14526,56.57741],[13.12301,56.57473],[13.1337,56.58219],[13.13809,56.57851]],[[13.16355,56.6095],[13.1849,56.61014],[13.197,56.6128],[13.21337,56.60841],[13.22552,56.61116],[13.23746,56.60789],[13.22341,56.59797],[13.21596,56.5994],[13.21682,56.5938],[13.21162,56.58905],[13.18724,56.58256],[13.16703,56.58241],[13.16728,56.59027],[13.1837,56.5981],[13.18679,56.6027],[13.1649,56.59735],[13.15752,56.60253],[13.15733,56.60641],[13.16355,56.6095]],[[13.16694,56.62003],[13.15078,56.61727],[13.14899,56.62089],[13.16079,56.62444],[13.16694,56.62003]],[[13.25765,56.61726],[13.24599,56.61612],[13.23412,56.61937],[13.23906,56.62444],[13.23437,56.63042],[13.27155,56.63063],[13.26135,56.62532],[13.25765,56.61726]],[[13.26152,56.63824],[13.25778,56.64212],[13.25945,56.64642],[13.27251,56.65047],[13.27612,56.64406],[13.276,56.63732],[13.27136,56.63482],[13.2586,56.63525],[13.26152,56.63824]],[[13.22505,56.64994],[13.23064,56.65297],[13.22781,56.65903],[13.24151,56.66318],[13.25771,56.66009],[13.26617,56.65087],[13.2493,56.64916],[13.24108,56.64492],[13.22807,56.64521],[13.22505,56.64994]],[[13.19586,56.67232],[13.19812,56.66766],[13.19033,56.66713],[13.18904,56.67267],[13.19586,56.67232]],[[13.3617,56.70172],[13.36084,56.69659],[13.34292,56.69932],[13.3499,56.70322],[13.3617,56.70172]],[[13.32221,56.75303],[13.31101,56.7637],[13.30982,56.7703],[13.32984,56.78731],[13.33897,56.78896],[13.34163,56.78668],[13.33644,56.78134],[13.33845,56.77765],[13.32586,56.77322],[13.33619,56.77081],[13.3312,56.76611],[13.34235,56.76177],[13.32221,56.75303]],[[13.30944,56.8289],[13.31452,56.8351],[13.32638,56.83492],[13.33478,56.83739],[13.34614,56.85364],[13.3534,56.84896],[13.35624,56.84057],[13.3367,56.83638],[13.33884,56.82672],[13.32665,56.83007],[13.31884,56.82723],[13.30944,56.8289]],[[13.27004,56.87111],[13.2713,56.87733],[13.28297,56.86682],[13.27524,56.86578],[13.27004,56.87111]],[[13.33736,56.87158],[13.32336,56.86934],[13.33204,56.88389],[13.33736,56.87158]],[[13.28465,56.91402],[13.26928,56.91072],[13.26053,56.91401],[13.25681,56.91672],[13.2566,56.92665],[13.26936,56.92283],[13.28093,56.92248],[13.28465,56.91402]],[[13.2287,57.07638],[13.22366,57.07945],[13.23677,57.08025],[13.23906,57.07725],[13.2241,57.07024],[13.2287,57.07638]],[[13.17752,57.09492],[13.16168,57.08678],[13.15921,57.09503],[13.16928,57.10004],[13.1912,57.10008],[13.19079,57.09788],[13.17752,57.09492]],[[13.33567,57.11884],[13.32956,57.10935],[13.35519,57.11909],[13.36206,57.11736],[13.36327,57.11134],[13.34048,57.10177],[13.32595,57.10137],[13.30792,57.09179],[13.30473,57.09367],[13.30945,57.09771],[13.30649,57.10034],[13.29609,57.10211],[13.28409,57.10057],[13.29472,57.11155],[13.29293,57.12037],[13.30349,57.12093],[13.30387,57.11827],[13.31393,57.11834],[13.32545,57.11463],[13.33403,57.1219],[13.33567,57.11884]],[[13.19708,57.1139],[13.19744,57.11767],[13.21233,57.12208],[13.21983,57.12164],[13.21082,57.11591],[13.19708,57.1139]],[[13.39232,56.68408],[13.3986,56.68632],[13.40271,56.68562],[13.40578,56.67723],[13.391,56.67316],[13.38327,56.67484],[13.39232,56.68408]],[[13.40253,56.7018],[13.39338,56.69491],[13.38821,56.69769],[13.3935,56.70516],[13.40253,56.7018]],[[13.42936,56.71951],[13.40929,56.71486],[13.42346,56.72632],[13.42997,56.72528],[13.42936,56.71951]],[[13.40333,56.74628],[13.39243,56.73673],[13.38806,56.74047],[13.39607,56.74885],[13.40333,56.74628]],[[13.35211,56.77523],[13.35155,56.78014],[13.37802,56.79116],[13.38636,56.78744],[13.38187,56.78472],[13.37969,56.77602],[13.36016,56.7723],[13.35211,56.77523]],[[13.38585,56.81709],[13.41666,56.82104],[13.4105,56.81544],[13.39683,56.81176],[13.39022,56.80493],[13.38042,56.80067],[13.36815,56.79735],[13.35935,56.79807],[13.3602,56.8037],[13.38173,56.8117],[13.38585,56.81709]],[[13.39255,56.82219],[13.372,56.82021],[13.37735,56.82442],[13.39429,56.82345],[13.39255,56.82219]],[[13.40334,56.89144],[13.41125,56.88237],[13.39678,56.8849],[13.39617,56.89321],[13.40334,56.89144]],[[13.42459,56.90056],[13.43956,56.89829],[13.43954,56.89576],[13.42988,56.89075],[13.42954,56.89763],[13.42459,56.90056]],[[13.39034,56.9154],[13.38006,56.91575],[13.37243,56.9239],[13.37528,56.92815],[13.39034,56.9154]],[[13.36877,56.95474],[13.37364,56.96294],[13.37935,56.96042],[13.37017,56.95026],[13.36877,56.95474]],[[13.35405,56.95847],[13.33754,56.94674],[13.33615,56.95068],[13.34538,56.96285],[13.34443,56.96677],[13.35477,56.97125],[13.35916,56.97081],[13.35405,56.95847]],[[13.37712,57.00698],[13.37965,57.00794],[13.39203,57.0074],[13.39573,57.00506],[13.3922,57.00333],[13.37712,57.00698]],[[13.34227,57.0024],[13.34322,57.01533],[13.35213,57.00969],[13.35696,56.99754],[13.34227,57.0024]],[[13.44971,57.00626],[13.4365,57.00846],[13.43828,57.01501],[13.44627,57.01777],[13.45948,57.0126],[13.45836,57.00875],[13.44971,57.00626]],[[13.40806,57.01757],[13.41489,57.01446],[13.40621,57.01278],[13.38995,57.0179],[13.38711,57.02359],[13.40339,57.02755],[13.40806,57.01757]],[[13.42421,57.02115],[13.41322,57.01932],[13.40995,57.02153],[13.4157,57.03171],[13.42082,57.03241],[13.43277,57.02575],[13.42926,57.01857],[13.42421,57.02115]],[[13.39788,57.09073],[13.42927,57.0913],[13.42272,57.08473],[13.40742,57.08065],[13.40272,57.08213],[13.40492,57.08492],[13.39644,57.08818],[13.39788,57.09073]]],[[[13.57391,56.78597],[13.57434,56.77474],[13.58003,56.77303],[13.57973,56.78323],[13.57391,56.78597]]],[[[12.35637,57.04209],[12.34945,57.04148],[12.34957,57.03509],[12.36553,57.03999],[12.36914,57.04358],[12.3838,57.04389],[12.38505,57.04812],[12.3777,57.05373],[12.37284,57.0551],[12.35659,57.04977],[12.34094,57.05253],[12.32473,57.04854],[12.33007,57.04598],[12.35491,57.0444],[12.35637,57.04209]]],[[[12.33978,57.06866],[12.34792,57.06658],[12.35276,57.06022],[12.35975,57.05799],[12.36387,57.06341],[12.34689,57.07014],[12.33978,57.06866]]]]}},{"type":"Feature","properties":{"fs":"CAR","t":30.0},"geometry":{"type":"MultiPolygon","coordinates":[[[[12.96483,56.53852],[12.97116,56.53499],[12.97374,56.52156],[12.9809,56.52069],[12.98286,56.52522],[12.9973,56.52746],[12.98435,56.52987],[12.98162,56.53573],[12.98432,56.53991],[12.99724,56.535],[12.99822,56.54063],[13.0169,56.54135],[13.01218,56.54408],[12.99639,56.54486],[13.00028,56.5481],[12.99662,56.55001],[12.9877,56.54565],[12.97505,56.54685],[12.97974,56.55198],[12.97543,56.55641],[12.97643,56.56148],[12.98296,56.5679],[12.97624,56.56983],[12.96447,56.55234],[12.95997,56.55082],[12.95337,56.55286],[12.95431,56.54714],[12.96649,56.54374],[12.96483,56.53852]]],[[[12.7045,56.76289],[12.71141,56.75712],[12.71418,56.76194],[12.70977,56.76586],[12.71082,56.76964],[12.70643,56.7703],[12.7045,56.76289]]],[[[12.6614,56.83847],[12.6509,56.83638],[12.65894,56.83197],[12.66434,56.83244],[12.66776,56.83719],[12.69353,56.84581],[12.6941,56.84203],[12.68759,56.83952],[12.69405,56.83459],[12.68818,56.82999],[12.69753,56.82791],[12.68463,56.82114],[12.70461,56.82102],[12.70852,56.81576],[12.69585,56.80935],[12.69404,56.7985],[12.69001,56.79613],[12.67959,56.795],[12.67695,56.8005],[12.68368,56.80336],[12.67219,56.80694],[12.66896,56.80548],[12.67046,56.79989],[12.664,56.79883],[12.66287,56.79645],[12.67206,56.79262],[12.67512,56.78593],[12.65881,56.77124],[12.67274,56.77339],[12.67281,56.77634],[12.67842,56.77663],[12.6835,56.78132],[12.69462,56.78503],[12.69924,56.78339],[12.69808,56.7799],[12.70493,56.78237],[12.70972,56.78138],[12.7057,56.77583],[12.71116,56.77059],[12.71568,56.77657],[12.72879,56.77681],[12.74228,56.77373],[12.74807,56.77604],[12.75306,56.77311],[12.74864,56.76678],[12.73724,56.77247],[12.73012,56.76897],[12.73129,56.76506],[12.72285,56.7567],[12.73999,56.76073],[12.74367,56.75906],[12.73825,56.75564],[12.72443,56.75174],[12.71624,56.75615],[12.71786,56.74628],[12.71258,56.74703],[12.70725,56.74422],[12.69354,56.74282],[12.70956,56.73995],[12.70917,56.73791],[12.69395,56.73611],[12.70455,56.73403],[12.70517,56.72808],[12.72211,56.73723],[12.72883,56.73665],[12.72992,56.7327],[12.73724,56.73428],[12.74485,56.73091],[12.75329,56.73499],[12.74624,56.73753],[12.74147,56.73618],[12.7405,56.73945],[12.76874,56.74159],[12.77522,56.74858],[12.78687,56.75048],[12.78948,56.75382],[12.80852,56.75168],[12.80275,56.74556],[12.81512,56.73623],[12.80923,56.7263],[12.78585,56.72869],[12.77929,56.72731],[12.77057,56.7221],[12.77023,56.71634],[12.75259,56.71041],[12.7552,56.70722],[12.76373,56.70541],[12.76135,56.70261],[12.74556,56.70772],[12.74594,56.71267],[12.73881,56.711],[12.72844,56.71488],[12.72296,56.71373],[12.73007,56.70066],[12.74931,56.69469],[12.74229,56.68831],[12.72973,56.685],[12.73706,56.68204],[12.74772,56.68287],[12.74605,56.68515],[12.74964,56.68494],[12.75664,56.67882],[12.75474,56.67646],[12.7619,56.67613],[12.76593,56.67266],[12.77575,56.67052],[12.7823,56.66537],[12.77945,56.65528],[12.78316,56.65282],[12.78819,56.65403],[12.79656,56.65039],[12.80369,56.65047],[12.83535,56.66287],[12.8426,56.66026],[12.8488,56.66265],[12.90812,56.64407],[12.91525,56.63296],[12.92246,56.63223],[12.91726,56.62981],[12.93489,56.6023],[12.93787,56.60507],[12.94288,56.60342],[12.9383,56.59869],[12.94556,56.5963],[12.9654,56.59809],[12.9656,56.59444],[12.95531,56.59006],[12.95796,56.5882],[12.96412,56.58725],[12.97403,56.59226],[12.9979,56.58359],[12.99138,56.59135],[12.98646,56.59106],[12.981,56.59516],[12.98665,56.59899],[12.99065,56.59793],[12.99867,56.60024],[12.99968,56.60285],[12.99172,56.60413],[12.97356,56.60089],[12.97686,56.61309],[12.98514,56.6161],[12.99309,56.61349],[13.00475,56.61775],[12.99262,56.62071],[12.99385,56.62628],[13.00585,56.62575],[13.01624,56.62203],[13.02116,56.62295],[13.01288,56.62778],[13.01446,56.63173],[13.00343,56.63315],[13.01312,56.63782],[13.01345,56.64113],[13.00039,56.63755],[13.00384,56.64224],[12.99661,56.64647],[12.98751,56.64506],[12.97969,56.6483],[12.97405,56.64569],[12.97472,56.64907],[12.98657,56.65312],[12.97618,56.65358],[12.97823,56.65652],[12.99073,56.65719],[13.00405,56.66469],[13.01399,56.66481],[13.01504,56.66825],[13.03489,56.66014],[13.03608,56.65679],[13.02944,56.65219],[13.03312,56.65007],[13.04902,56.65053],[13.05803,56.66135],[13.06022,56.65829],[13.07657,56.66276],[13.10097,56.6592],[13.11001,56.66186],[13.11824,56.66054],[13.1189,56.66762],[13.12478,56.66995],[13.12983,56.66834],[13.14054,56.67356],[13.13696,56.68417],[13.14183,56.68368],[13.14179,56.68965],[13.13668,56.69231],[13.13292,56.68833],[13.12846,56.69079],[13.14008,56.70023],[13.15537,56.69364],[13.17516,56.7065],[13.18578,56.7016],[13.20083,56.70084],[13.204,56.70664],[13.21088,56.70679],[13.21352,56.70495],[13.21061,56.70182],[13.2172,56.70009],[13.2223,56.70648],[13.24108,56.70871],[13.25111,56.70071],[13.26169,56.70479],[13.2619,56.70751],[13.2706,56.70435],[13.27516,56.71073],[13.28247,56.70901],[13.28649,56.71131],[13.29088,56.71025],[13.29221,56.71462],[13.30666,56.71702],[13.30216,56.72051],[13.28485,56.71929],[13.26998,56.71497],[13.26925,56.72252],[13.2554,56.71565],[13.25739,56.73337],[13.24832,56.73072],[13.24565,56.7231],[13.23953,56.72736],[13.23368,56.72693],[13.23348,56.71745],[13.21776,56.71972],[13.22078,56.72977],[13.20488,56.72027],[13.2015,56.72682],[13.19045,56.72835],[13.19454,56.73894],[13.20533,56.73769],[13.20012,56.74239],[13.19934,56.75066],[13.20732,56.74951],[13.21065,56.75377],[13.20296,56.75871],[13.19823,56.75612],[13.18841,56.76005],[13.19415,56.76308],[13.19836,56.76061],[13.20245,56.7632],[13.21461,56.76291],[13.21161,56.76684],[13.22007,56.77167],[13.21494,56.77199],[13.21426,56.77565],[13.20668,56.77898],[13.21241,56.7823],[13.21859,56.7814],[13.21846,56.78688],[13.22256,56.78932],[13.2207,56.79435],[13.23661,56.80066],[13.22594,56.80271],[13.21679,56.79766],[13.20732,56.80321],[13.22562,56.80579],[13.22595,56.80973],[13.23199,56.81192],[13.22515,56.81842],[13.23576,56.81885],[13.23144,56.82349],[13.23537,56.82804],[13.22313,56.82962],[13.23093,56.83427],[13.22398,56.83502],[13.22357,56.83819],[13.22804,56.84121],[13.23892,56.84143],[13.22976,56.8482],[13.23901,56.8531],[13.23628,56.85859],[13.2395,56.86629],[13.24829,56.86848],[13.2393,56.87064],[13.2383,56.87378],[13.22346,56.87296],[13.21513,56.8757],[13.21321,56.88241],[13.22525,56.87865],[13.2411,56.87955],[13.23142,56.88548],[13.24068,56.88863],[13.23429,56.89078],[13.23366,56.89604],[13.222,56.89307],[13.22318,56.90052],[13.22896,56.90033],[13.23202,56.90346],[13.23352,56.91527],[13.23231,56.91722],[13.22758,56.91414],[13.21238,56.91539],[13.20497,56.92185],[13.19443,56.92384],[13.20785,56.93126],[13.19746,56.93385],[13.19243,56.94227],[13.20198,56.94936],[13.23264,56.94292],[13.22975,56.93525],[13.24384,56.94139],[13.26391,56.93788],[13.26885,56.93935],[13.26875,56.94146],[13.25095,56.94584],[13.2533,56.95879],[13.24912,56.95845],[13.24049,56.9471],[13.23347,56.94883],[13.23263,56.95387],[13.22695,56.95636],[13.21648,56.95504],[13.19978,56.96037],[13.20483,56.97102],[13.21438,56.9775],[13.22584,56.97427],[13.25343,56.9762],[13.26233,56.96903],[13.26726,56.97359],[13.27179,56.97014],[13.26522,56.9678],[13.26838,56.96616],[13.28408,56.9675],[13.27548,56.9737],[13.2771,56.97765],[13.25788,56.98188],[13.27159,56.98558],[13.25825,56.98778],[13.2554,56.99083],[13.26817,57.00392],[13.24957,57.00556],[13.25563,57.00789],[13.25103,57.01281],[13.26329,57.02024],[13.26968,57.02121],[13.26261,57.02385],[13.27516,57.0307],[13.26436,57.03041],[13.26048,57.0253],[13.24501,57.02578],[13.23963,57.02262],[13.23369,57.0257],[13.24233,57.02809],[13.2264,57.02735],[13.22393,57.02521],[13.23309,57.01663],[13.22437,57.01061],[13.21684,57.01191],[13.20064,57.00648],[13.18928,57.00718],[13.21302,57.00034],[13.18673,56.9961],[13.17882,56.99739],[13.17095,56.99159],[13.16775,56.99856],[13.17711,57.00876],[13.17163,57.01027],[13.15855,57.00671],[13.15033,57.0108],[13.14821,57.01554],[13.15375,57.0197],[13.17124,57.01827],[13.18502,57.0206],[13.17026,57.02247],[13.16153,57.02725],[13.16084,57.03075],[13.15228,57.02694],[13.13574,57.02814],[13.12349,57.02599],[13.12503,57.0312],[13.11649,57.02869],[13.11544,57.0325],[13.10801,57.03302],[13.10666,57.03668],[13.09442,57.02808],[13.08968,57.02772],[13.08611,57.03188],[13.07738,57.02641],[13.08273,57.02256],[13.09014,57.02359],[13.08439,57.02034],[13.07945,57.01128],[13.08942,57.00142],[13.0837,57.00011],[13.07478,56.9872],[13.06505,56.98305],[13.05713,56.99521],[13.01887,57.00205],[13.01508,57.00705],[13.00559,57.01125],[13.00658,57.01688],[12.9928,57.00992],[12.9928,57.01474],[12.98413,57.0132],[12.97197,57.01665],[12.97217,57.01303],[12.99551,57.00421],[12.99378,56.99337],[13.00221,56.99912],[13.02609,56.99121],[13.01876,56.9815],[13.02805,56.9809],[13.03621,56.98534],[13.0383,56.98144],[13.01582,56.97477],[13.01068,56.977],[12.99884,56.97651],[12.99479,56.98019],[12.98517,56.97498],[12.97816,56.97767],[12.97379,56.97465],[12.96271,56.97419],[12.951,56.96972],[12.95589,56.96664],[12.95377,56.96387],[12.94768,56.96468],[12.94908,56.96737],[12.9382,56.97112],[12.92708,56.96546],[12.91353,56.96868],[12.90534,56.96351],[12.89339,56.9635],[12.88065,56.97058],[12.8808,56.96553],[12.87355,56.96653],[12.86414,56.96244],[12.86171,56.95776],[12.84952,56.95531],[12.85539,56.95148],[12.85255,56.94946],[12.8457,56.95033],[12.84741,56.94741],[12.84391,56.94566],[12.83605,56.94834],[12.84303,56.95201],[12.84042,56.95267],[12.83114,56.95106],[12.82329,56.95345],[12.81397,56.948],[12.80978,56.94942],[12.81826,56.95378],[12.81563,56.95472],[12.8036,56.9517],[12.798,56.95525],[12.77986,56.95128],[12.80408,56.94722],[12.7962,56.94438],[12.81104,56.94039],[12.81143,56.93443],[12.81682,56.93438],[12.82276,56.92952],[12.8193,56.92418],[12.82648,56.9229],[12.8292,56.91957],[12.83561,56.92037],[12.82089,56.91157],[12.81875,56.90582],[12.81016,56.90127],[12.80591,56.90372],[12.80236,56.90226],[12.79508,56.8937],[12.78939,56.89444],[12.78172,56.89178],[12.77758,56.89423],[12.76961,56.88623],[12.7657,56.88728],[12.76206,56.88385],[12.75618,56.88788],[12.74089,56.87757],[12.74043,56.87251],[12.74662,56.87613],[12.75354,56.87625],[12.76136,56.87415],[12.75945,56.87173],[12.76619,56.86623],[12.77856,56.86519],[12.77149,56.86015],[12.76651,56.86301],[12.76233,56.86223],[12.76216,56.85851],[12.76708,56.85557],[12.7637,56.84779],[12.75668,56.84528],[12.75272,56.83868],[12.74146,56.84276],[12.74669,56.86223],[12.73941,56.85545],[12.73021,56.85491],[12.73608,56.84828],[12.73141,56.84363],[12.72475,56.84353],[12.72122,56.84473],[12.72131,56.84969],[12.71129,56.8486],[12.70292,56.85497],[12.70255,56.8589],[12.69512,56.85876],[12.68532,56.86799],[12.68059,56.8679],[12.67658,56.86431],[12.66589,56.8672],[12.66431,56.87195],[12.66037,56.86935],[12.65338,56.87048],[12.66467,56.86213],[12.65395,56.86136],[12.65006,56.85792],[12.65527,56.85661],[12.66105,56.85841],[12.67435,56.85472],[12.66366,56.85087],[12.66674,56.84531],[12.6614,56.83847]],[[12.96997,56.62034],[12.96408,56.62095],[12.9615,56.62638],[12.9665,56.63293],[12.98365,56.63133],[12.97184,56.62669],[12.96997,56.62034]],[[12.80261,56.69536],[12.81808,56.70066],[12.8228,56.69799],[12.8195,56.69475],[12.8232,56.68526],[12.80546,56.68589],[12.80886,56.69323],[12.80261,56.69536]],[[13.04751,56.7019],[13.0498,56.69969],[13.04584,56.69485],[13.03692,56.69464],[13.04751,56.7019]],[[12.77559,56.692],[12.77367,56.6992],[12.80131,56.70564],[12.80249,56.70175],[12.78748,56.69811],[12.79929,56.69102],[12.79441,56.68724],[12.77559,56.692]],[[12.77053,56.78892],[12.78754,56.78896],[12.78294,56.77807],[12.77053,56.78892]],[[12.78131,56.83383],[12.76856,56.83931],[12.76863,56.84254],[12.7754,56.84496],[12.76996,56.84734],[12.76937,56.85164],[12.77493,56.85726],[12.79639,56.86269],[12.80866,56.85463],[12.81046,56.85002],[12.8244,56.8542],[12.83258,56.8487],[12.8285,56.84646],[12.82743,56.83811],[12.8352,56.83287],[12.83627,56.82602],[12.81922,56.81409],[12.81916,56.82167],[12.82792,56.82744],[12.82885,56.83336],[12.8163,56.83777],[12.81343,56.83],[12.80266,56.82574],[12.79894,56.82806],[12.80878,56.83504],[12.80096,56.83736],[12.79085,56.83494],[12.78417,56.82962],[12.78131,56.83383]],[[12.8121,56.88782],[12.81111,56.88331],[12.79522,56.88402],[12.78944,56.88785],[12.79089,56.88942],[12.79892,56.88951],[12.82233,56.89615],[12.82273,56.89367],[12.8121,56.88782]],[[12.96925,56.93358],[12.9717,56.939],[12.97898,56.93725],[12.9717,56.92003],[12.96569,56.91851],[12.9417,56.924],[12.95557,56.93331],[12.9572,56.92538],[12.96925,56.93358]],[[12.94353,56.95612],[12.9503,56.95209],[12.94437,56.95016],[12.94558,56.94676],[12.93759,56.94738],[12.93039,56.93806],[12.90704,56.94073],[12.90309,56.9367],[12.89497,56.93537],[12.88269,56.94139],[12.88872,56.94371],[12.88396,56.94607],[12.8855,56.9582],[12.89552,56.95974],[12.90387,56.95764],[12.91295,56.9606],[12.92839,56.96029],[12.92435,56.95433],[12.92689,56.95268],[12.93721,56.95889],[12.95214,56.9584],[12.94353,56.95612]],[[13.01223,56.94958],[13.0068,56.95174],[13.00988,56.95516],[13.03155,56.95353],[13.03296,56.95113],[13.01223,56.94958]],[[12.96863,56.95767],[12.98267,56.95458],[12.97114,56.94765],[12.96202,56.9469],[12.95197,56.95204],[12.95946,56.95617],[12.96863,56.95767]],[[12.98019,56.97195],[12.98727,56.9694],[12.99116,56.97114],[12.99479,56.96502],[13.00004,56.97091],[13.00479,56.96374],[12.99886,56.96415],[12.99177,56.96069],[12.98277,56.96226],[12.96732,56.96756],[12.96895,56.97064],[12.98019,56.97195]],[[13.09642,56.66348],[13.07704,56.67357],[13.06892,56.67268],[13.06876,56.67583],[13.09226,56.68518],[13.09644,56.67823],[13.10059,56.67941],[13.10389,56.67708],[13.11773,56.67581],[13.09804,56.66674],[13.10021,56.66417],[13.09642,56.66348]],[[13.22728,56.86464],[13.22306,56.85981],[13.21828,56.86339],[13.21884,56.86782],[13.22728,56.86464]],[[13.19621,56.87452],[13.18116,56.86707],[13.17985,56.8699],[13.18373,56.87627],[13.19621,56.87452]],[[13.15216,56.88574],[13.14371,56.89095],[13.15145,56.89822],[13.15928,56.89567],[13.15216,56.88574]],[[13.10819,56.89125],[13.09346,56.89217],[13.08544,56.89601],[13.10239,56.89435],[13.10819,56.89125]],[[13.15062,56.90476],[13.14483,56.91286],[13.14959,56.91518],[13.15772,56.91432],[13.16,56.91225],[13.1579,56.90548],[13.15062,56.90476]],[[13.1423,56.92764],[13.16313,56.92437],[13.17175,56.91874],[13.1423,56.92764]],[[13.18551,56.94716],[13.1768,56.9431],[13.17381,56.94474],[13.18096,56.9536],[13.18607,56.95334],[13.18551,56.94716]],[[13.19956,56.97551],[13.1919,56.96901],[13.17338,56.96404],[13.18017,56.96716],[13.1963,56.97652],[13.19956,56.97551]],[[13.20573,56.98985],[13.20398,56.98522],[13.18547,56.97977],[13.18723,56.98593],[13.19513,56.99264],[13.19986,56.99323],[13.20573,56.98985]],[[13.13822,56.99013],[13.11086,56.99323],[13.11642,57.00286],[13.11262,57.00673],[13.11511,57.01182],[13.11191,57.02076],[13.12428,57.02052],[13.13254,57.01489],[13.13822,56.99013]]]]}},{"type":"Feature","properties":{"fs":"CAR","t":15.0},"geometry":{"type":"MultiPolygon","coordinates":[[[[12.8693,56.82479],[12.86775,56.82045],[12.86215,56.81989],[12.85707,56.7979],[12.87006,56.81146],[12.88921,56.81221],[12.89804,56.80534],[12.89785,56.81179],[12.90222,56.81299],[12.90234,56.80934],[12.90603,56.80893],[12.91352,56.81711],[12.92422,56.79881],[12.91339,56.7872],[12.91957,56.78407],[12.92156,56.77793],[12.91555,56.76323],[12.92194,56.75744],[12.89952,56.75608],[12.90761,56.75312],[12.89508,56.74872],[12.90237,56.7463],[12.88997,56.73956],[12.89301,56.73547],[12.88762,56.7358],[12.88132,56.74103],[12.87767,56.73563],[12.89123,56.72912],[12.89508,56.72123],[12.88584,56.71751],[12.87633,56.71864],[12.89323,56.70865],[12.89927,56.7124],[12.9077,56.71011],[12.91533,56.71752],[12.92832,56.72047],[12.93152,56.72418],[12.94198,56.72758],[12.94684,56.72745],[12.94989,56.73244],[12.95862,56.73431],[12.96797,56.74289],[12.95736,56.74763],[12.98045,56.75784],[12.9871,56.75776],[12.98796,56.75452],[12.98174,56.75294],[12.9799,56.74903],[12.97275,56.749],[12.96966,56.7446],[12.9924,56.74474],[12.99218,56.74876],[13.00333,56.75385],[13.0302,56.75979],[13.02512,56.76403],[13.02727,56.76692],[13.01761,56.76583],[13.01376,56.77016],[13.01003,56.76337],[12.99882,56.76817],[13.00229,56.77504],[13.02034,56.77715],[13.01829,56.78189],[13.03231,56.78288],[13.0426,56.7695],[13.05223,56.77358],[13.05857,56.76975],[13.06324,56.77094],[13.07503,56.76776],[13.08023,56.77121],[13.08693,56.76766],[13.08669,56.76485],[13.09581,56.76134],[13.09932,56.76279],[13.09659,56.77118],[13.09017,56.77173],[13.09216,56.77785],[13.08729,56.77553],[13.08343,56.78024],[13.07843,56.77792],[13.07184,56.7802],[13.07879,56.78438],[13.0666,56.78762],[13.07123,56.79213],[13.0615,56.80209],[13.0755,56.79865],[13.08054,56.80013],[13.07885,56.80306],[13.08282,56.80557],[13.07399,56.80808],[13.07419,56.81422],[13.08143,56.81278],[13.08209,56.81658],[13.09867,56.82119],[13.08982,56.82396],[13.10145,56.8319],[13.09341,56.83066],[13.08827,56.83339],[13.08435,56.8308],[13.08025,56.83326],[13.07752,56.8292],[13.06593,56.82546],[13.05667,56.83121],[13.05565,56.83597],[13.04709,56.83078],[13.03846,56.8317],[13.03952,56.83586],[13.04666,56.83892],[13.04106,56.84557],[13.04206,56.86075],[13.05421,56.86628],[13.0617,56.85769],[13.06844,56.85625],[13.06633,56.86731],[13.07346,56.86826],[13.06453,56.87245],[13.06901,56.87512],[13.05918,56.87843],[13.06154,56.88556],[13.06843,56.88629],[13.05313,56.89441],[13.04773,56.89299],[13.0545,56.88781],[13.0467,56.87992],[13.03973,56.88093],[13.036,56.88509],[13.03225,56.87674],[13.01765,56.87644],[13.02416,56.87226],[13.02238,56.86943],[13.01612,56.86982],[13.00963,56.86333],[13.00026,56.86599],[12.99214,56.86206],[12.98947,56.87283],[12.99358,56.87908],[12.99027,56.88015],[12.98308,56.87722],[12.97957,56.87885],[12.98687,56.88627],[12.98577,56.89243],[12.99403,56.89614],[12.98624,56.89784],[12.96915,56.87559],[12.96039,56.87327],[12.96745,56.87065],[12.96705,56.86854],[12.95637,56.86228],[12.94299,56.8586],[12.94107,56.84677],[12.93307,56.8479],[12.93754,56.8505],[12.93245,56.85217],[12.9231,56.84741],[12.92667,56.85243],[12.91523,56.85308],[12.91,56.84801],[12.91184,56.84151],[12.89788,56.84479],[12.88361,56.8343],[12.87849,56.8373],[12.86993,56.85765],[12.86076,56.84872],[12.86856,56.84387],[12.8728,56.83102],[12.86082,56.8297],[12.8693,56.82479]],[[12.92935,56.7365],[12.93403,56.72927],[12.92912,56.72442],[12.92254,56.72347],[12.91676,56.72635],[12.92324,56.72741],[12.92328,56.73359],[12.92935,56.7365]],[[13.05837,56.79343],[13.0429,56.79562],[13.04034,56.79895],[13.0495,56.80166],[13.05837,56.79343]],[[13.02828,56.82712],[13.02765,56.8229],[13.01975,56.81744],[13.00797,56.8223],[12.99955,56.83133],[13.01085,56.83307],[13.02828,56.82712]]],[[[13.04806,56.90072],[13.06549,56.91503],[13.06347,56.92062],[13.05956,56.91887],[13.06105,56.91482],[13.05258,56.90992],[13.03252,56.90588],[13.0414,56.90281],[13.04851,56.90428],[13.04806,56.90072]]]]}}]}
