{"type":"FeatureCollection","name":"unnaryd","xy_coordinate_resolution":1e-05,"features":[{"type":"Feature","properties":{"fs":"WALK","t":60.0},"geometry":{"type":"Polygon","coordinates":[[[13.52859,56.99078],[13.52467,56.99233],[13.521,56.99156],[13.51981,56.99036],[13.52111,56.98869],[13.51899,56.98721],[13.51748,56.98691],[13.51187,56.98825],[13.50538,56.99107],[13.50006,56.98865],[13.49946,56.98745],[13.49761,56.98657],[13.49449,56.98826],[13.49351,56.9896],[13.49184,56.99014],[13.49021,56.98979],[13.48831,56.98832],[13.48659,56.98775],[13.48085,56.98715],[13.47809,56.98537],[13.48178,56.9816],[13.48147,56.98084],[13.47808,56.97938],[13.47824,56.97546],[13.48226,56.97318],[13.48266,56.97217],[13.48123,56.97015],[13.47714,56.96812],[13.4752,56.96818],[13.47466,56.96758],[13.47526,56.96672],[13.4775,56.96588],[13.47994,56.96397],[13.47706,56.96367],[13.47516,56.96446],[13.47236,56.96439],[13.46983,56.9649],[13.467,56.96384],[13.46484,56.9637],[13.4595,56.96111],[13.46225,56.9594],[13.46596,56.95911],[13.46743,56.95806],[13.46719,56.95649],[13.46268,56.95385],[13.46241,56.95283],[13.46111,56.95203],[13.46146,56.95102],[13.46429,56.94959],[13.46949,56.95061],[13.47246,56.94959],[13.47342,56.95125],[13.4741,56.95138],[13.47612,56.95046],[13.47815,56.94831],[13.47667,56.94649],[13.47732,56.94072],[13.48073,56.93913],[13.48141,56.9379],[13.48491,56.93777],[13.48763,56.93629],[13.48223,56.93286],[13.47899,56.93192],[13.47933,56.93013],[13.47791,56.92809],[13.47825,56.92742],[13.48051,56.9273],[13.48214,56.92629],[13.48497,56.92629],[13.48812,56.92717],[13.48753,56.92897],[13.49154,56.93107],[13.49457,56.9312],[13.49754,56.93023],[13.49982,56.93104],[13.50511,56.93103],[13.50557,56.92977],[13.50765,56.92918],[13.50746,56.9289],[13.50624,56.92854],[13.50374,56.92947],[13.50251,56.92945],[13.49849,56.92722],[13.49971,56.92498],[13.5019,56.92411],[13.50047,56.9212],[13.50697,56.91849],[13.50659,56.91743],[13.50408,56.91569],[13.51264,56.91222],[13.51791,56.91391],[13.51879,56.91494],[13.52012,56.91518],[13.52117,56.91715],[13.52286,56.91852],[13.52146,56.92044],[13.52301,56.92147],[13.52793,56.92285],[13.53123,56.92502],[13.53279,56.92717],[13.53263,56.92852],[13.53104,56.92985],[13.53133,56.93037],[13.53271,56.93047],[13.53584,56.92904],[13.53824,56.92959],[13.54585,56.92968],[13.54765,56.93053],[13.55052,56.9307],[13.55546,56.93317],[13.5559,56.93247],[13.56208,56.92919],[13.56452,56.92983],[13.5715,56.92995],[13.57567,56.92846],[13.57849,56.92989],[13.58038,56.93025],[13.58246,56.93204],[13.58189,56.93355],[13.57831,56.93457],[13.57813,56.93544],[13.57938,56.9363],[13.57968,56.93738],[13.58599,56.93794],[13.58844,56.93892],[13.592,56.93917],[13.59444,56.9401],[13.59439,56.94136],[13.59173,56.94369],[13.59444,56.94514],[13.59803,56.94571],[13.59942,56.94681],[13.59927,56.94815],[13.59735,56.95015],[13.59472,56.95096],[13.59537,56.95215],[13.59434,56.95416],[13.59219,56.95504],[13.59229,56.95616],[13.59113,56.95727],[13.59282,56.9599],[13.58597,56.96415],[13.59071,56.96541],[13.59337,56.96695],[13.59199,56.96941],[13.5935,56.97167],[13.5931,56.97428],[13.58712,56.97466],[13.58415,56.97572],[13.58146,56.97872],[13.57821,56.98032],[13.57007,56.98018],[13.56904,56.98206],[13.56711,56.98288],[13.56677,56.98383],[13.56005,56.98735],[13.54793,56.98795],[13.54732,56.99046],[13.54985,56.99364],[13.54927,56.99458],[13.54472,56.99523],[13.54308,56.99507],[13.54201,56.99444],[13.54205,56.99332],[13.53962,56.99247],[13.53854,56.99042],[13.53503,56.99051],[13.53485,56.99158],[13.53382,56.99188],[13.53205,56.99109],[13.52859,56.99078]]]}},{"type":"Feature","properties":{"fs":"WALK","t":45.0},"geometry":{"type":"Polygon","coordinates":[[[13.49178,56.96622],[13.49536,56.96402],[13.49807,56.96321],[13.49691,56.96231],[13.48928,56.96189],[13.48673,56.96265],[13.48349,56.96236],[13.48237,56.95752],[13.48085,56.95694],[13.47758,56.95757],[13.47575,56.9562],[13.47582,56.95283],[13.47901,56.95155],[13.48266,56.95156],[13.48436,56.94883],[13.48638,56.9471],[13.48434,56.94655],[13.48284,56.94547],[13.48083,56.94516],[13.47919,56.94383],[13.48056,56.94216],[13.48311,56.9416],[13.48214,56.94027],[13.483,56.93809],[13.48658,56.93712],[13.49108,56.93679],[13.49328,56.9358],[13.49754,56.93537],[13.495,56.93346],[13.49807,56.93114],[13.50036,56.93174],[13.50464,56.93176],[13.5069,56.93254],[13.50965,56.93237],[13.51252,56.93093],[13.51382,56.92965],[13.51388,56.92583],[13.51279,56.92402],[13.51351,56.92307],[13.51517,56.92337],[13.51717,56.92568],[13.51742,56.92757],[13.51928,56.92872],[13.52307,56.92989],[13.52611,56.93007],[13.52795,56.93094],[13.53167,56.93125],[13.52989,56.93309],[13.53319,56.93268],[13.53811,56.93291],[13.53957,56.93215],[13.54074,56.92962],[13.54584,56.92968],[13.54765,56.93055],[13.54914,56.93062],[13.55075,56.93152],[13.55116,56.9341],[13.55407,56.9361],[13.55523,56.93642],[13.55894,56.93621],[13.56324,56.93797],[13.561,56.9412],[13.56144,56.94173],[13.56954,56.93838],[13.57077,56.9384],[13.57497,56.94136],[13.57364,56.94247],[13.57386,56.94345],[13.57027,56.9444],[13.57041,56.94511],[13.57306,56.94664],[13.57642,56.9469],[13.58093,56.94803],[13.57726,56.9515],[13.57878,56.95466],[13.57543,56.95625],[13.57174,56.95604],[13.57068,56.95677],[13.57248,56.95807],[13.57434,56.95839],[13.57684,56.95968],[13.58034,56.96231],[13.57917,56.96342],[13.57879,56.96522],[13.57667,56.96685],[13.57712,56.96854],[13.57577,56.96902],[13.57214,56.96898],[13.56831,56.97038],[13.56261,56.96889],[13.55781,56.96941],[13.56344,56.97403],[13.56031,56.97511],[13.56041,56.97729],[13.55817,56.97726],[13.55516,56.97803],[13.55383,56.97931],[13.55382,56.98103],[13.54991,56.98088],[13.54556,56.9843],[13.54366,56.98424],[13.54194,56.98478],[13.54019,56.98358],[13.5333,56.9821],[13.53196,56.98225],[13.53033,56.98319],[13.52766,56.9817],[13.52631,56.9796],[13.52284,56.97882],[13.52226,56.97795],[13.52118,56.9778],[13.51899,56.97875],[13.51283,56.9796],[13.50978,56.9814],[13.50624,56.98156],[13.50331,56.98104],[13.50202,56.9813],[13.50104,56.98256],[13.49872,56.9827],[13.49719,56.98111],[13.49747,56.97932],[13.49412,56.97686],[13.49414,56.97636],[13.49698,56.97493],[13.50133,56.97599],[13.50504,56.9732],[13.50161,56.97297],[13.49982,56.97202],[13.49748,56.97278],[13.49144,56.97222],[13.49115,56.96962],[13.49235,56.96864],[13.49178,56.96622]],[[13.5115,56.96797],[13.51324,56.967],[13.51346,56.96339],[13.50663,56.96331],[13.50542,56.96419],[13.50726,56.96461],[13.50977,56.96621],[13.50857,56.96783],[13.5115,56.96797]]]}},{"type":"Feature","properties":{"fs":"WALK","t":30.0},"geometry":{"type":"Polygon","coordinates":[[[13.54353,56.97312],[13.54085,56.97388],[13.5386,56.97287],[13.53001,56.97184],[13.52911,56.97099],[13.52715,56.97122],[13.52229,56.96938],[13.51773,56.96962],[13.51652,56.97056],[13.51685,56.97168],[13.51594,56.97249],[13.51184,56.97359],[13.5102,56.97346],[13.50997,56.97222],[13.50682,56.97044],[13.50925,56.96883],[13.51155,56.96857],[13.51403,56.96712],[13.51423,56.9634],[13.51268,56.96282],[13.50734,56.96265],[13.50508,56.96338],[13.50337,56.96336],[13.50111,56.96236],[13.5002,56.96076],[13.49539,56.95913],[13.49446,56.9576],[13.49095,56.95614],[13.49421,56.95524],[13.49664,56.9528],[13.50045,56.9535],[13.50109,56.95285],[13.50115,56.94867],[13.49817,56.94797],[13.49526,56.94619],[13.49741,56.94382],[13.50082,56.94456],[13.50149,56.9435],[13.50417,56.94236],[13.50567,56.94217],[13.5074,56.94278],[13.50876,56.94269],[13.50757,56.94148],[13.5086,56.93969],[13.50954,56.93928],[13.51224,56.94026],[13.51389,56.94009],[13.51458,56.93827],[13.51307,56.93637],[13.51917,56.93395],[13.52163,56.93406],[13.52568,56.93553],[13.52762,56.93539],[13.52795,56.93743],[13.52952,56.93863],[13.52958,56.94194],[13.53173,56.94332],[13.54089,56.9433],[13.54166,56.94296],[13.54239,56.94121],[13.54438,56.94067],[13.54608,56.94137],[13.54833,56.94338],[13.55185,56.94385],[13.55534,56.94591],[13.55935,56.94674],[13.56116,56.94772],[13.55999,56.94883],[13.55951,56.95054],[13.55341,56.95167],[13.55156,56.95151],[13.54963,56.953],[13.5513,56.95419],[13.55342,56.95457],[13.55652,56.9567],[13.55721,56.96093],[13.55927,56.96233],[13.55981,56.96433],[13.55657,56.96558],[13.55411,56.96538],[13.55101,56.96585],[13.54973,56.96763],[13.54738,56.96815],[13.54633,56.96889],[13.54636,56.97068],[13.54353,56.97312]]]}},{"type":"Feature","properties":{"fs":"WALK","t":15.0},"geometry":{"type":"Polygon","coordinates":[[[13.52841,56.96369],[13.52372,56.96447],[13.52181,56.96336],[13.5169,56.96256],[13.51552,56.95932],[13.51021,56.95768],[13.51037,56.95633],[13.51181,56.955],[13.51185,56.95343],[13.5107,56.95185],[13.51431,56.95032],[13.51419,56.94807],[13.51535,56.94748],[13.51754,56.94741],[13.5182,56.94556],[13.52036,56.94538],[13.52369,56.94436],[13.52518,56.94469],[13.52527,56.9459],[13.52872,56.94625],[13.53516,56.94952],[13.53714,56.94851],[13.54025,56.94781],[13.54414,56.95062],[13.54663,56.95159],[13.5451,56.95382],[13.54547,56.95495],[13.54448,56.95674],[13.54291,56.95745],[13.54007,56.95764],[13.54044,56.95871],[13.53902,56.96229],[13.53611,56.96304],[13.53286,56.9621],[13.52841,56.96369]]]}},{"type":"Feature","properties":{"fs":"BICYCLE","t":60.0},"geometry":{"type":"Polygon","coordinates":[[[13.36019,56.95668],[13.36846,56.95574],[13.37235,56.95652],[13.37072,56.94572],[13.35675,56.94159],[13.35017,56.94154],[13.34734,56.94058],[13.36151,56.93699],[13.35817,56.92792],[13.36227,56.92798],[13.36939,56.93155],[13.37435,56.92889],[13.37555,56.92158],[13.37826,56.91926],[13.37837,56.91445],[13.3759,56.91389],[13.3651,56.91974],[13.35449,56.9181],[13.34541,56.91911],[13.34218,56.91794],[13.34342,56.91301],[13.35048,56.90671],[13.34682,56.90587],[13.34485,56.90405],[13.34783,56.8969],[13.33774,56.88834],[13.35172,56.8855],[13.35524,56.88716],[13.36409,56.88656],[13.36898,56.8882],[13.37863,56.88808],[13.38144,56.88534],[13.39028,56.88255],[13.39171,56.88013],[13.40074,56.87378],[13.40999,56.87187],[13.41233,56.86983],[13.41195,56.86819],[13.40593,56.86767],[13.40314,56.86572],[13.40691,56.86386],[13.416,56.86222],[13.42021,56.85965],[13.42375,56.85357],[13.41816,56.85002],[13.41887,56.84604],[13.42324,56.84604],[13.42555,56.84489],[13.42659,56.83951],[13.43653,56.83088],[13.43903,56.83439],[13.44527,56.83885],[13.45286,56.83943],[13.45823,56.8426],[13.45791,56.84518],[13.46257,56.84661],[13.47,56.84525],[13.46579,56.84309],[13.46634,56.83973],[13.47938,56.83646],[13.48428,56.83697],[13.4899,56.8398],[13.50228,56.83758],[13.50884,56.83766],[13.51876,56.83542],[13.52074,56.83707],[13.51228,56.84393],[13.52242,56.84652],[13.52594,56.84992],[13.53522,56.85462],[13.53853,56.8589],[13.53951,56.86399],[13.54343,56.86601],[13.54463,56.8658],[13.54395,56.86205],[13.54694,56.85905],[13.54983,56.85841],[13.54808,56.85328],[13.54519,56.85128],[13.55337,56.85168],[13.55905,56.85324],[13.56082,56.8554],[13.56606,56.85752],[13.57339,56.85888],[13.57877,56.8615],[13.58736,56.86359],[13.59273,56.86338],[13.59352,56.86217],[13.58391,56.85733],[13.60418,56.85605],[13.60143,56.85187],[13.60243,56.8498],[13.61609,56.85192],[13.61471,56.85592],[13.61937,56.85737],[13.62219,56.85979],[13.62706,56.87406],[13.63438,56.87588],[13.63617,56.87747],[13.63645,56.88107],[13.63946,56.88559],[13.63883,56.89184],[13.64341,56.89546],[13.63744,56.89882],[13.6343,56.89789],[13.62729,56.90425],[13.62357,56.90507],[13.61784,56.90445],[13.61036,56.90133],[13.60577,56.8978],[13.60203,56.89742],[13.60416,56.90079],[13.61392,56.90633],[13.62019,56.90653],[13.62396,56.90833],[13.63646,56.90912],[13.64326,56.91121],[13.64707,56.91362],[13.65323,56.91381],[13.65359,56.92123],[13.66592,56.92653],[13.66908,56.93015],[13.66918,56.93353],[13.67218,56.93558],[13.67195,56.94793],[13.68133,56.95544],[13.68092,56.96735],[13.68411,56.96985],[13.68371,56.98092],[13.67907,56.98412],[13.68018,56.98778],[13.67027,56.99509],[13.67038,57.00894],[13.66548,57.0125],[13.66521,57.01427],[13.67142,57.01809],[13.67231,57.02018],[13.67639,57.01896],[13.68235,57.02512],[13.68628,57.02483],[13.68921,57.02712],[13.69554,57.025],[13.69828,57.02907],[13.69202,57.03136],[13.69165,57.03608],[13.68822,57.03671],[13.68503,57.03966],[13.67951,57.04134],[13.66811,57.03768],[13.65911,57.03142],[13.64996,57.03245],[13.64764,57.03404],[13.64821,57.03528],[13.65555,57.03457],[13.65675,57.03986],[13.66297,57.04302],[13.6618,57.04403],[13.65555,57.04502],[13.65182,57.04745],[13.64865,57.04577],[13.64065,57.04486],[13.62575,57.04668],[13.61426,57.04539],[13.61145,57.04701],[13.61774,57.05157],[13.61479,57.05333],[13.60864,57.05311],[13.5992,57.04732],[13.59435,57.04871],[13.5788,57.04925],[13.5755,57.05126],[13.57566,57.05357],[13.5802,57.05227],[13.59006,57.05315],[13.58416,57.05658],[13.58682,57.06245],[13.58263,57.06431],[13.58745,57.06763],[13.58231,57.06925],[13.58191,57.07228],[13.56963,57.07001],[13.56768,57.07066],[13.56704,57.07312],[13.55392,57.07623],[13.55336,57.07212],[13.54731,57.0714],[13.53185,57.07919],[13.52803,57.07915],[13.52477,57.08263],[13.52306,57.07969],[13.52467,57.0742],[13.51866,57.07368],[13.51419,57.07453],[13.51237,57.07366],[13.51208,57.07073],[13.50816,57.07075],[13.50616,57.06915],[13.50418,57.06194],[13.5111,57.05833],[13.51586,57.05355],[13.51495,57.04871],[13.50695,57.04255],[13.50075,57.04234],[13.49649,57.04054],[13.49044,57.04008],[13.48418,57.03671],[13.47881,57.03578],[13.47788,57.03366],[13.47545,57.03377],[13.47414,57.0394],[13.47118,57.04223],[13.47536,57.04714],[13.48254,57.05172],[13.47963,57.05244],[13.46736,57.0501],[13.45935,57.04455],[13.45268,57.04627],[13.43955,57.04502],[13.42962,57.04576],[13.42308,57.04466],[13.40438,57.03859],[13.38882,57.03639],[13.3795,57.0329],[13.3926,57.03147],[13.39146,57.02927],[13.38622,57.02752],[13.38662,57.02533],[13.36883,57.02081],[13.3608,57.02126],[13.35365,57.02687],[13.35277,57.02938],[13.34981,57.02884],[13.34672,57.02178],[13.3468,57.01774],[13.35278,57.01287],[13.36092,57.00265],[13.36147,56.99479],[13.35356,56.99514],[13.34733,56.99416],[13.34035,56.99609],[13.32859,56.99226],[13.34189,56.98622],[13.33434,56.97714],[13.33569,56.97446],[13.34228,56.97129],[13.34793,56.97137],[13.35168,56.97377],[13.35643,56.97147],[13.35207,56.96749],[13.35353,56.95852],[13.35121,56.9552],[13.3557,56.95483],[13.36019,56.95668]],[[13.43622,56.87327],[13.43146,56.87557],[13.43101,56.87731],[13.43466,56.87752],[13.43846,56.87618],[13.45386,56.87624],[13.46244,56.874],[13.45635,56.86848],[13.45505,56.86392],[13.44604,56.8585],[13.43719,56.85566],[13.43926,56.85378],[13.43901,56.85169],[13.43575,56.85339],[13.43197,56.85306],[13.42896,56.85398],[13.42648,56.85928],[13.42747,56.86135],[13.43633,56.86642],[13.43231,56.86845],[13.43622,56.87327]],[[13.63712,56.98889],[13.62706,56.99433],[13.62707,56.99804],[13.63265,56.99333],[13.64041,56.99173],[13.64041,56.99016],[13.63712,56.98889]],[[13.37291,57.00841],[13.38634,57.00502],[13.39398,57.00421],[13.3936,56.99871],[13.3909,56.99673],[13.39064,56.99323],[13.38703,56.99113],[13.38301,56.9911],[13.37993,56.99259],[13.37943,56.99652],[13.38084,56.99722],[13.3838,56.99553],[13.3892,56.99903],[13.37789,57.00354],[13.37323,57.00427],[13.36722,57.00739],[13.36667,57.01072],[13.36966,57.01141],[13.37291,57.00841]],[[13.39896,57.02459],[13.39975,57.02222],[13.3964,57.01816],[13.38671,57.01856],[13.38956,57.0229],[13.39896,57.02459]]]}},{"type":"Feature","properties":{"fs":"BICYCLE","t":45.0},"geometry":{"type":"Polygon","coordinates":[[[13.45206,57.02812],[13.44802,57.0272],[13.44502,57.02506],[13.43763,57.02688],[13.43096,57.01887],[13.42583,57.016],[13.421,57.01589],[13.41534,57.01357],[13.40958,57.01327],[13.40472,57.01152],[13.39728,57.01221],[13.3936,57.01144],[13.40118,57.00281],[13.41295,56.99613],[13.40355,56.99309],[13.39669,56.9948],[13.39679,56.99014],[13.39132,56.98805],[13.3951,56.98624],[13.40742,56.98677],[13.4079,56.98045],[13.4004,56.97778],[13.3912,56.97653],[13.38329,56.97868],[13.38117,56.98022],[13.37978,56.97908],[13.38199,56.97552],[13.38196,56.97147],[13.39217,56.96835],[13.38968,56.96259],[13.38599,56.95906],[13.38973,56.95813],[13.39774,56.95921],[13.39888,56.95756],[13.3971,56.95569],[13.40226,56.9522],[13.39772,56.94921],[13.39408,56.94153],[13.3961,56.93802],[13.40054,56.93605],[13.3981,56.9308],[13.40284,56.92637],[13.40004,56.91914],[13.39376,56.92191],[13.39184,56.92121],[13.39302,56.91366],[13.39873,56.90745],[13.39418,56.90245],[13.39967,56.89892],[13.4038,56.89841],[13.41514,56.90193],[13.40903,56.90325],[13.40909,56.90586],[13.41748,56.90604],[13.43058,56.89776],[13.43464,56.89693],[13.43387,56.89591],[13.42719,56.89433],[13.43032,56.88988],[13.42767,56.88715],[13.42897,56.88537],[13.43105,56.88472],[13.43472,56.88704],[13.44722,56.88874],[13.44773,56.8783],[13.4531,56.87736],[13.46099,56.88015],[13.46621,56.87786],[13.47141,56.87781],[13.474,56.87365],[13.47801,56.87213],[13.47228,56.86984],[13.46656,56.86929],[13.46356,56.86738],[13.4676,56.859],[13.47411,56.86144],[13.47633,56.8636],[13.49203,56.86841],[13.4977,56.86826],[13.50253,56.86597],[13.5034,56.86472],[13.50151,56.862],[13.50383,56.86045],[13.5144,56.8647],[13.52394,56.86249],[13.52596,56.86588],[13.53281,56.86742],[13.53291,56.87169],[13.53862,56.87266],[13.53873,56.87502],[13.54401,56.87632],[13.54161,56.87996],[13.54259,56.88113],[13.54906,56.87828],[13.55588,56.87847],[13.55968,56.88005],[13.56498,56.88056],[13.56327,56.88221],[13.56603,56.88249],[13.57199,56.87962],[13.57921,56.87992],[13.58291,56.87704],[13.58626,56.87658],[13.58544,56.88185],[13.58915,56.88413],[13.5889,56.88548],[13.58468,56.88573],[13.58069,56.88819],[13.57449,56.88945],[13.58026,56.89677],[13.59496,56.89674],[13.60141,56.89869],[13.60281,56.90121],[13.61309,56.907],[13.63323,56.9101],[13.64018,56.9139],[13.64294,56.91707],[13.64313,56.92022],[13.63844,56.92511],[13.62933,56.92702],[13.61668,56.92555],[13.61593,56.92775],[13.62003,56.92846],[13.62901,56.933],[13.63614,56.92902],[13.64411,56.9272],[13.65148,56.92784],[13.65854,56.93162],[13.66641,56.94121],[13.66209,56.95137],[13.67099,56.95691],[13.66899,56.96402],[13.66655,56.96601],[13.66927,56.97621],[13.66354,56.98109],[13.65982,56.98857],[13.6575,56.98905],[13.65506,56.98818],[13.64812,56.98092],[13.64628,56.98065],[13.64298,56.98197],[13.63754,56.98735],[13.62464,56.99462],[13.62474,56.99771],[13.62858,57.00215],[13.63984,57.00765],[13.64162,57.00715],[13.64064,57.00562],[13.64211,57.00496],[13.64863,57.00676],[13.64708,57.00966],[13.65212,57.01275],[13.6424,57.01377],[13.63949,57.01856],[13.63582,57.0165],[13.63175,57.01803],[13.62265,57.01905],[13.61662,57.01517],[13.61951,57.01206],[13.61787,57.00661],[13.59643,57.00588],[13.59139,57.00827],[13.59019,57.01251],[13.59635,57.01376],[13.60209,57.01832],[13.60926,57.0193],[13.60961,57.02086],[13.60385,57.02356],[13.60754,57.02666],[13.60048,57.02818],[13.60331,57.02973],[13.60224,57.03174],[13.59669,57.03044],[13.59254,57.0313],[13.58681,57.03026],[13.58017,57.03161],[13.56327,57.03815],[13.56164,57.03499],[13.55946,57.03459],[13.55788,57.04326],[13.56067,57.04589],[13.55629,57.04885],[13.54516,57.0421],[13.54113,57.04357],[13.53965,57.04866],[13.53672,57.047],[13.53425,57.04708],[13.52948,57.05034],[13.52811,57.04605],[13.53068,57.0435],[13.52385,57.03253],[13.52361,57.02945],[13.51964,57.02911],[13.52011,57.03293],[13.51739,57.03649],[13.5196,57.03966],[13.51552,57.0413],[13.50821,57.03863],[13.50915,57.03583],[13.50281,57.03464],[13.50523,57.03078],[13.50008,57.0291],[13.49923,57.02339],[13.4946,57.02109],[13.48995,57.02159],[13.49312,57.02722],[13.49097,57.03191],[13.48638,57.02826],[13.46605,57.02192],[13.45756,57.02297],[13.46178,57.03058],[13.45412,57.03154],[13.45197,57.03031],[13.45206,57.02812]],[[13.52882,56.88723],[13.53619,56.888],[13.53971,56.89028],[13.54316,56.88939],[13.53886,56.8849],[13.52882,56.88723]],[[13.4129,56.93531],[13.40334,56.93794],[13.41503,56.94048],[13.41712,56.93913],[13.41572,56.93546],[13.4129,56.93531]],[[13.4281,56.97386],[13.42446,56.97309],[13.42032,56.9737],[13.42264,56.97963],[13.42109,56.98309],[13.42732,56.9857],[13.43613,56.98463],[13.4281,56.97386]],[[13.51273,56.99828],[13.5022,56.9926],[13.49548,56.99275],[13.49219,56.99461],[13.49235,56.99778],[13.49589,56.99693],[13.50797,57.0034],[13.51273,57.00206],[13.51273,56.99828]],[[13.43585,57.01169],[13.4361,57.01551],[13.44077,57.0158],[13.44669,57.01204],[13.438,57.00821],[13.43585,57.01169]]]}},{"type":"Feature","properties":{"fs":"BICYCLE","t":30.0},"geometry":{"type":"Polygon","coordinates":[[[13.43878,56.93547],[13.4365,56.931],[13.44028,56.9292],[13.43588,56.92634],[13.44252,56.9247],[13.44542,56.92241],[13.44411,56.91611],[13.4466,56.91535],[13.45148,56.91665],[13.45384,56.91903],[13.46119,56.92025],[13.46585,56.92263],[13.46965,56.92091],[13.47035,56.91868],[13.46735,56.91521],[13.46032,56.91146],[13.47284,56.90888],[13.47714,56.90674],[13.48462,56.89953],[13.48374,56.89575],[13.49182,56.894],[13.49597,56.8966],[13.50279,56.89668],[13.50167,56.89075],[13.50434,56.88876],[13.50897,56.89099],[13.51328,56.89104],[13.51881,56.89298],[13.52013,56.89069],[13.52398,56.89023],[13.52639,56.8915],[13.52787,56.89466],[13.52434,56.9018],[13.52696,56.9193],[13.53314,56.92732],[13.53737,56.92956],[13.5528,56.93012],[13.55949,56.92718],[13.56081,56.92222],[13.55471,56.92339],[13.5485,56.91927],[13.5422,56.91765],[13.54765,56.91477],[13.5553,56.91347],[13.55439,56.91035],[13.56536,56.90801],[13.56556,56.90543],[13.56776,56.90433],[13.5774,56.9086],[13.58519,56.90475],[13.5845,56.91637],[13.58697,56.91741],[13.59766,56.91708],[13.60004,56.91391],[13.60359,56.91234],[13.60971,56.91334],[13.60716,56.91578],[13.60827,56.92074],[13.60264,56.92399],[13.60079,56.92947],[13.60864,56.93096],[13.61254,56.93291],[13.61441,56.93877],[13.61868,56.94275],[13.62801,56.9405],[13.63638,56.94201],[13.64165,56.94418],[13.64158,56.94609],[13.63097,56.9494],[13.63975,56.9568],[13.63727,56.95714],[13.62912,56.95505],[13.62256,56.9547],[13.61555,56.95249],[13.60859,56.95456],[13.6022,56.95492],[13.5944,56.96011],[13.59861,56.9678],[13.60487,56.96605],[13.61305,56.96729],[13.61851,56.9669],[13.62554,56.96866],[13.63381,56.9729],[13.62355,56.97242],[13.61183,56.97659],[13.6128,56.98499],[13.6143,56.98617],[13.61781,56.98572],[13.61889,56.98717],[13.60805,56.99373],[13.60463,56.98898],[13.59102,56.98161],[13.58806,56.98206],[13.58359,56.985],[13.57547,56.98546],[13.5712,56.98404],[13.56794,56.98418],[13.56577,56.98641],[13.57105,56.98737],[13.57597,56.99068],[13.58512,56.99336],[13.5902,56.9978],[13.588,56.9989],[13.58311,56.9975],[13.56754,56.99856],[13.56497,57.00102],[13.55965,57.00293],[13.56342,57.00828],[13.55616,57.01336],[13.55083,57.01016],[13.54799,57.01304],[13.54675,57.01836],[13.54105,57.01543],[13.53809,57.01731],[13.53461,57.01699],[13.53076,57.01801],[13.52717,57.01493],[13.52031,57.01407],[13.51983,57.01226],[13.5255,57.00789],[13.5204,57.00284],[13.52107,56.99852],[13.51184,56.99676],[13.50186,56.99152],[13.4954,56.99186],[13.49092,56.99411],[13.48744,57.00211],[13.48246,57.00322],[13.476,57.00024],[13.4662,57.00067],[13.46293,57.00259],[13.46467,57.00531],[13.46175,57.0064],[13.45554,57.00464],[13.45305,57.00277],[13.44344,57.00129],[13.45244,56.99747],[13.44707,56.99075],[13.45251,56.98584],[13.45645,56.99023],[13.46041,56.98904],[13.45782,56.98693],[13.4608,56.98518],[13.45589,56.98174],[13.45808,56.97805],[13.44777,56.97624],[13.45382,56.97412],[13.45508,56.97195],[13.45327,56.97098],[13.44759,56.97071],[13.44016,56.96806],[13.43287,56.96875],[13.42878,56.96814],[13.42526,56.96394],[13.41879,56.96127],[13.42744,56.95835],[13.43107,56.96008],[13.43984,56.95929],[13.44691,56.95253],[13.45169,56.95109],[13.45713,56.95097],[13.45694,56.94781],[13.46373,56.94285],[13.46602,56.93749],[13.47085,56.93505],[13.46559,56.93482],[13.46129,56.93279],[13.45422,56.93465],[13.45189,56.93889],[13.43878,56.93547]]]}},{"type":"Feature","properties":{"fs":"BICYCLE","t":15.0},"geometry":{"type":"Polygon","coordinates":[[[13.5419,56.98585],[13.53677,56.98293],[13.52626,56.98168],[13.52357,56.9785],[13.51971,56.97728],[13.51267,56.9812],[13.49543,56.98266],[13.49755,56.97853],[13.49054,56.97654],[13.49916,56.97428],[13.50295,56.97534],[13.50436,56.97351],[13.49547,56.97149],[13.49236,56.96954],[13.49087,56.96581],[13.49748,56.96236],[13.48433,56.9613],[13.48074,56.95716],[13.47606,56.95676],[13.47767,56.95167],[13.48213,56.95072],[13.48425,56.94894],[13.48294,56.94595],[13.47809,56.94387],[13.47902,56.94124],[13.48323,56.93885],[13.49138,56.93786],[13.49918,56.93547],[13.4927,56.93321],[13.50016,56.93165],[13.50747,56.9327],[13.51083,56.9318],[13.51298,56.92952],[13.5103,56.92449],[13.51367,56.92246],[13.51755,56.92301],[13.51733,56.92688],[13.53062,56.93546],[13.53746,56.93633],[13.54275,56.93504],[13.55171,56.93705],[13.56373,56.93725],[13.56482,56.9381],[13.56023,56.94002],[13.56014,56.9422],[13.56471,56.94091],[13.5704,56.93738],[13.57658,56.94239],[13.57529,56.94373],[13.57015,56.94382],[13.5705,56.94536],[13.57273,56.94617],[13.57768,56.94566],[13.58231,56.9483],[13.58166,56.9493],[13.57379,56.95078],[13.57717,56.95363],[13.57617,56.9557],[13.55843,56.95469],[13.55552,56.9554],[13.55833,56.95728],[13.57272,56.95992],[13.57671,56.96323],[13.57836,56.96847],[13.57511,56.97],[13.56536,56.96694],[13.5579,56.96846],[13.55051,56.96797],[13.54982,56.97005],[13.56467,56.97404],[13.55276,56.97907],[13.55145,56.98102],[13.54769,56.98238],[13.54739,56.98485],[13.5419,56.98585]]]}},{"type":"Feature","properties":{"fs":"TRANSIT","t":60.0},"geometry":{"type":"MultiPolygon","coordinates":[[[[13.08878,56.95708],[13.08613,56.95966],[13.07788,56.962],[13.07134,56.96011],[13.07213,56.9563],[13.06761,56.95174],[13.07072,56.94936],[13.06901,56.94749],[13.07213,56.94507],[13.0722,56.94063],[13.07,56.93858],[13.07111,56.93702],[13.07394,56.93802],[13.07639,56.94199],[13.07564,56.9495],[13.07861,56.95309],[13.08878,56.95708]]],[[[13.26102,57.01657],[13.26817,57.02161],[13.26718,57.02295],[13.26258,57.02222],[13.24719,57.02264],[13.24073,57.01966],[13.23876,57.02357],[13.23128,57.02445],[13.22761,57.02123],[13.23139,57.02044],[13.2348,57.01775],[13.2274,57.0153],[13.21028,57.01361],[13.20836,57.01066],[13.21426,57.00738],[13.20869,57.00348],[13.20878,57.00168],[13.21194,56.99971],[13.21232,56.99634],[13.21565,56.99638],[13.22089,56.99823],[13.22464,56.9963],[13.21699,56.99271],[13.21658,56.99094],[13.20939,56.98912],[13.20695,56.98543],[13.21665,56.98359],[13.2229,56.98122],[13.22631,56.98176],[13.23015,56.97874],[13.23606,56.98068],[13.24485,56.97903],[13.24589,56.97649],[13.24995,56.97554],[13.2568,56.97855],[13.25551,56.9819],[13.25969,56.98421],[13.25944,56.98645],[13.26364,56.98966],[13.27545,56.99316],[13.27815,56.99165],[13.27853,56.98828],[13.28169,56.98631],[13.28209,56.98293],[13.29156,56.98294],[13.29601,56.9801],[13.30248,56.97815],[13.30869,56.97967],[13.31848,56.97982],[13.32289,56.98165],[13.32783,56.98161],[13.33136,56.97979],[13.33173,56.97642],[13.33519,56.97286],[13.35454,56.97299],[13.36188,56.96962],[13.36828,56.9697],[13.3727,56.97153],[13.37763,56.97149],[13.38138,56.96987],[13.39787,56.97009],[13.4023,56.97193],[13.41298,56.97209],[13.41866,56.97393],[13.42732,56.97406],[13.43047,56.97769],[13.43095,56.98152],[13.43795,56.98493],[13.44617,56.98495],[13.44992,56.98332],[13.45611,56.98327],[13.45985,56.98163],[13.46322,56.98167],[13.46763,56.9835],[13.47256,56.98345],[13.47959,56.97944],[13.47799,56.97454],[13.48134,56.97102],[13.47527,56.96757],[13.47959,56.96395],[13.47703,56.9635],[13.47168,56.96485],[13.46131,56.96203],[13.46097,56.96045],[13.46532,56.95949],[13.46744,56.95772],[13.46198,56.95092],[13.46491,56.94966],[13.47122,56.95019],[13.47443,56.95162],[13.47522,56.94937],[13.47848,56.94781],[13.47607,56.94567],[13.47652,56.94088],[13.48778,56.93686],[13.48687,56.93461],[13.47909,56.93147],[13.47785,56.92781],[13.48394,56.92625],[13.49156,56.93034],[13.50515,56.93008],[13.4996,56.92757],[13.50122,56.92444],[13.50026,56.92173],[13.50558,56.91946],[13.50464,56.9155],[13.51077,56.91265],[13.51851,56.91437],[13.52251,56.9202],[13.53124,56.92502],[13.53213,56.92831],[13.53719,56.93017],[13.55005,56.93069],[13.55424,56.93258],[13.56051,56.93006],[13.56922,56.93062],[13.57503,56.92912],[13.57829,56.92961],[13.58203,56.93212],[13.57952,56.93656],[13.59339,56.94005],[13.59353,56.94225],[13.5905,56.94368],[13.59925,56.94589],[13.59914,56.94894],[13.59267,56.9547],[13.59309,56.95993],[13.58852,56.96345],[13.59251,56.96672],[13.59283,56.97447],[13.58469,56.9755],[13.57905,56.98004],[13.57188,56.98047],[13.56173,56.98648],[13.54787,56.9876],[13.5466,56.98965],[13.54971,56.99326],[13.547,56.99491],[13.54468,56.99489],[13.53891,56.99128],[13.52991,56.99003],[13.52635,56.99153],[13.5214,56.99177],[13.52018,56.98787],[13.5162,56.98756],[13.50585,56.99227],[13.50105,56.99122],[13.49449,56.99179],[13.48929,56.99483],[13.48885,56.99823],[13.4852,56.99652],[13.47863,56.99665],[13.47597,56.99826],[13.47558,57.00275],[13.48194,57.00708],[13.48186,57.0089],[13.47502,57.01423],[13.47056,57.01239],[13.46517,57.01411],[13.45852,57.01402],[13.45088,57.01036],[13.44594,57.01043],[13.43553,57.01374],[13.4256,57.01361],[13.42236,57.01176],[13.42123,57.00928],[13.41721,57.00814],[13.41054,57.01094],[13.40919,57.0134],[13.3992,57.01506],[13.39909,57.01168],[13.39612,57.00963],[13.39631,56.99907],[13.39334,56.99702],[13.39286,56.99319],[13.38507,56.98978],[13.37719,56.99387],[13.37763,56.99702],[13.38341,57.00046],[13.38324,57.00408],[13.37661,57.004],[13.37059,57.00068],[13.3636,57.00023],[13.3535,56.99698],[13.34408,57.00198],[13.34342,57.01074],[13.32691,57.01053],[13.32331,57.00914],[13.31701,57.01219],[13.31081,57.01223],[13.30497,57.01384],[13.29279,57.01008],[13.27551,57.00984],[13.27092,57.01156],[13.26473,57.0116],[13.26161,57.01299],[13.26102,57.01657]]]]}},{"type":"Feature","properties":{"fs":"TRANSIT","t":45.0},"geometry":{"type":"Polygon","coordinates":[[[13.2509,57.01872],[13.24743,57.01814],[13.23774,57.01963],[13.23482,57.01278],[13.22776,57.0097],[13.22524,57.00715],[13.22107,57.00748],[13.21779,57.00586],[13.21942,57.00212],[13.21697,56.99854],[13.22172,56.99816],[13.22466,56.99674],[13.22232,56.99413],[13.22542,56.99266],[13.22459,56.98922],[13.22862,56.98574],[13.24292,56.98507],[13.25097,56.98872],[13.25623,56.98791],[13.26155,56.99129],[13.27182,56.99179],[13.27708,56.99366],[13.27863,56.98907],[13.28572,56.98479],[13.29516,56.98537],[13.29718,56.98321],[13.30063,56.98271],[13.31164,56.98413],[13.31323,56.98155],[13.31774,56.97983],[13.32207,56.98156],[13.32783,56.98164],[13.3314,56.97979],[13.33176,56.97643],[13.33521,56.97288],[13.35454,56.97307],[13.362,56.97181],[13.36291,56.96965],[13.36826,56.96972],[13.3727,56.97156],[13.37764,56.97152],[13.3814,56.96989],[13.39785,56.9701],[13.40393,56.97232],[13.39799,56.97842],[13.3987,56.97913],[13.40215,56.97905],[13.4062,56.97372],[13.42668,56.97418],[13.43044,56.9777],[13.4309,56.98153],[13.43795,56.98496],[13.44617,56.98497],[13.44994,56.98334],[13.45611,56.9833],[13.45987,56.98165],[13.4632,56.98169],[13.46763,56.98353],[13.47338,56.98326],[13.47942,56.97988],[13.47908,56.97442],[13.48325,56.97202],[13.49189,56.97126],[13.49217,56.96583],[13.49704,56.96251],[13.49084,56.96175],[13.48713,56.963],[13.48366,56.9627],[13.48054,56.95713],[13.47694,56.95689],[13.47735,56.95201],[13.48103,56.95175],[13.48425,56.94894],[13.47951,56.94226],[13.48329,56.93894],[13.49713,56.93538],[13.49536,56.93336],[13.49741,56.93177],[13.50463,56.93161],[13.50758,56.9327],[13.50956,56.93209],[13.5129,56.92992],[13.51264,56.92503],[13.5145,56.92348],[13.51971,56.92856],[13.53105,56.93292],[13.53741,56.93299],[13.54005,56.93051],[13.54764,56.9306],[13.55366,56.93573],[13.56238,56.93751],[13.56249,56.9399],[13.57096,56.93873],[13.57474,56.94198],[13.57185,56.94569],[13.57777,56.9469],[13.58031,56.94861],[13.57788,56.95139],[13.57868,56.95455],[13.57189,56.95754],[13.5773,56.95936],[13.57894,56.96129],[13.57887,56.96488],[13.57625,56.96889],[13.56935,56.97004],[13.56363,56.96909],[13.55824,56.97027],[13.56289,56.97413],[13.55484,56.97846],[13.5523,56.98129],[13.548,56.98188],[13.54481,56.98443],[13.54143,56.98466],[13.53514,56.98256],[13.53021,56.98238],[13.52663,56.98503],[13.51507,56.98721],[13.50616,56.99172],[13.49529,56.99146],[13.48924,56.99483],[13.48886,56.99821],[13.48438,56.99637],[13.4778,56.99695],[13.4757,56.99871],[13.47553,57.00275],[13.48191,57.00709],[13.48183,57.00889],[13.47502,57.01421],[13.47056,57.01237],[13.46515,57.01409],[13.45854,57.01401],[13.45088,57.01034],[13.44594,57.0104],[13.43551,57.01372],[13.42562,57.0136],[13.42239,57.01175],[13.42126,57.00927],[13.41721,57.00812],[13.41051,57.01093],[13.40917,57.01338],[13.39948,57.01359],[13.39615,57.00962],[13.39654,56.99951],[13.39337,56.99701],[13.39328,56.99363],[13.38831,56.99045],[13.38507,56.98975],[13.37714,56.99387],[13.37759,56.99702],[13.38338,57.00047],[13.38096,57.00403],[13.37663,57.00398],[13.3706,57.00066],[13.36362,57.00022],[13.35349,56.99696],[13.34446,57.00154],[13.34344,57.00691],[13.33957,57.01057],[13.32693,57.01052],[13.32168,57.00865],[13.31723,57.01135],[13.30373,57.0138],[13.29294,57.00994],[13.2914,57.00666],[13.29345,57.00472],[13.2873,57.00416],[13.27561,57.00763],[13.27457,57.0098],[13.2709,57.01155],[13.2634,57.01144],[13.26116,57.00815],[13.25847,57.00789],[13.25744,57.01473],[13.2509,57.01872]]]}},{"type":"Feature","properties":{"fs":"TRANSIT","t":30.0},"geometry":{"type":"MultiPolygon","coordinates":[[[[13.47533,57.00634],[13.46849,57.01131],[13.46563,57.01206],[13.45586,57.00945],[13.44397,57.01018],[13.43902,57.00797],[13.42891,57.01138],[13.42346,57.00745],[13.41639,57.00804],[13.40852,57.00611],[13.40764,57.00415],[13.41113,56.99697],[13.4067,56.9949],[13.39547,56.99669],[13.39346,56.99577],[13.39234,56.99272],[13.3859,56.98974],[13.37838,56.99254],[13.37702,56.99518],[13.37042,56.99738],[13.36374,56.99292],[13.35956,56.9944],[13.35764,56.99678],[13.33738,56.99915],[13.33435,57.00033],[13.33084,56.99931],[13.32719,56.99959],[13.328,57.00221],[13.32435,57.00412],[13.31118,57.00406],[13.30362,57.00621],[13.2921,57.00269],[13.28991,57.00099],[13.29708,56.99741],[13.2955,56.99593],[13.29679,56.9946],[13.31161,56.99091],[13.31616,56.98487],[13.32029,56.98455],[13.32526,56.98609],[13.33161,56.98522],[13.33473,56.98613],[13.34509,56.98211],[13.34542,56.98015],[13.35017,56.97881],[13.35745,56.98268],[13.36165,56.98143],[13.37228,56.98119],[13.37486,56.98057],[13.37459,56.97729],[13.38175,56.97497],[13.38784,56.97569],[13.39136,56.98078],[13.39683,56.98135],[13.4014,56.98056],[13.4071,56.98475],[13.41341,56.98153],[13.42563,56.98438],[13.42972,56.9845],[13.4335,56.98313],[13.44015,56.98501],[13.44846,56.99419],[13.4532,56.99421],[13.45218,56.99222],[13.46357,56.98935],[13.46649,56.98731],[13.46271,56.98294],[13.47256,56.9835],[13.47904,56.98032],[13.47982,56.97469],[13.48319,56.97285],[13.49683,56.97211],[13.49921,56.97108],[13.49996,56.96815],[13.50923,56.96853],[13.51379,56.96638],[13.5137,56.96376],[13.50281,56.96274],[13.49134,56.9567],[13.49621,56.95313],[13.50067,56.95355],[13.50151,56.9523],[13.50113,56.94902],[13.49624,56.94623],[13.49736,56.94401],[13.50105,56.94462],[13.50401,56.94207],[13.50793,56.94279],[13.50825,56.94083],[13.51355,56.93921],[13.51365,56.93672],[13.51563,56.93528],[13.5206,56.93411],[13.52697,56.93505],[13.52909,56.94128],[13.533,56.94354],[13.54184,56.94334],[13.5441,56.94045],[13.54961,56.94365],[13.55935,56.94686],[13.55963,56.9502],[13.5532,56.9517],[13.5522,56.95289],[13.55925,56.96005],[13.56248,56.9616],[13.5619,56.96424],[13.55872,56.96667],[13.5524,56.96697],[13.54839,56.96976],[13.54843,56.97194],[13.55072,56.97365],[13.54906,56.97565],[13.53956,56.97612],[13.53564,56.97755],[13.52636,56.97095],[13.52406,56.97159],[13.523,56.97375],[13.51561,56.97456],[13.51557,56.97571],[13.51977,56.97644],[13.52227,56.97998],[13.52916,56.98033],[13.52581,56.98431],[13.51537,56.98656],[13.50575,56.99135],[13.49529,56.99144],[13.48962,56.99438],[13.48865,56.99774],[13.48425,56.99623],[13.47653,56.99045],[13.472,56.99063],[13.47567,56.99646],[13.47219,57.00271],[13.47533,57.00634]]],[[[13.24587,57.00558],[13.2448,57.00837],[13.24113,57.00978],[13.23526,57.0072],[13.23472,56.99958],[13.23908,56.99661],[13.24406,56.99567],[13.25136,56.99803],[13.25881,56.99721],[13.26749,56.99925],[13.26893,57.00079],[13.26477,57.00389],[13.25771,57.003],[13.24944,57.00387],[13.24587,57.00558]]]]}},{"type":"Feature","properties":{"fs":"TRANSIT","t":15.0},"geometry":{"type":"MultiPolygon","coordinates":[[[[13.52388,56.94425],[13.53348,56.94886],[13.5405,56.94812],[13.54819,56.95464],[13.54274,56.95997],[13.54277,56.96446],[13.54025,56.96758],[13.52293,56.96767],[13.51593,56.969],[13.51389,56.96808],[13.51611,56.9655],[13.51498,56.95925],[13.51066,56.95684],[13.51222,56.95377],[13.51121,56.95163],[13.51431,56.9502],[13.51514,56.94752],[13.52388,56.94425]]],[[[13.49682,56.9788],[13.49701,56.9767],[13.50684,56.97421],[13.51022,56.97475],[13.51098,56.98051],[13.50738,56.98215],[13.50869,56.98428],[13.50724,56.98579],[13.49795,56.98651],[13.49126,56.98924],[13.48149,56.98665],[13.4799,56.98528],[13.48129,56.98019],[13.49682,56.9788]]],[[[13.45867,56.99693],[13.45963,56.99784],[13.4559,57.00458],[13.45113,57.00436],[13.44446,57.00641],[13.43477,57.00168],[13.42416,56.99964],[13.42299,56.99805],[13.42604,56.9954],[13.42596,56.99365],[13.42926,56.99344],[13.43598,57.00001],[13.44246,56.99754],[13.45867,56.99693]]]]}},{"type":"Feature","properties":{"fs":"TRANSIT50","t":60.0},"geometry":{"type":"MultiPolygon","coordinates":[[[[13.47535,57.00847],[13.47245,57.00889],[13.46573,57.01296],[13.45553,57.00991],[13.44385,57.01018],[13.43902,57.00804],[13.42857,57.01211],[13.42333,57.00755],[13.41392,57.00805],[13.40722,57.00586],[13.4067,57.00369],[13.41097,56.997],[13.40626,56.99497],[13.39612,56.99839],[13.39362,56.99678],[13.39294,56.99318],[13.3859,56.98974],[13.37838,56.99254],[13.37701,56.99537],[13.37048,56.99805],[13.36347,56.99332],[13.35973,56.99446],[13.35813,56.99672],[13.35349,56.99686],[13.3443,56.99979],[13.33446,57.0005],[13.32867,56.9996],[13.329,57.00222],[13.32663,57.00493],[13.31943,57.00376],[13.31117,57.00421],[13.30407,57.00728],[13.28868,57.00095],[13.29299,56.99899],[13.29465,56.9942],[13.30532,56.99257],[13.3115,56.99023],[13.3162,56.98397],[13.31951,56.98368],[13.32683,56.98549],[13.33673,56.98511],[13.34402,56.98204],[13.34488,56.97944],[13.35123,56.97804],[13.35753,56.98258],[13.36164,56.98133],[13.37229,56.98107],[13.37461,56.98058],[13.3735,56.97675],[13.38727,56.97392],[13.39266,56.98075],[13.402,56.98093],[13.4065,56.98422],[13.4078,56.98275],[13.41436,56.98076],[13.42236,56.98379],[13.42892,56.98441],[13.4335,56.98313],[13.43713,56.98486],[13.44029,56.98502],[13.44898,56.99416],[13.45204,56.99406],[13.4515,56.99207],[13.45708,56.99124],[13.46551,56.9878],[13.46526,56.986],[13.46146,56.98354],[13.46233,56.98237],[13.47256,56.9835],[13.47969,56.97944],[13.47916,56.9747],[13.48165,56.97141],[13.47527,56.96757],[13.47959,56.96395],[13.47703,56.9635],[13.47168,56.96485],[13.46474,56.96364],[13.46073,56.96124],[13.46744,56.95772],[13.46241,56.95047],[13.46491,56.94966],[13.47056,56.95007],[13.47443,56.95162],[13.47522,56.94937],[13.47848,56.94781],[13.47607,56.94567],[13.47652,56.94088],[13.48778,56.93686],[13.48687,56.93461],[13.47909,56.93147],[13.47771,56.92793],[13.48394,56.92625],[13.49156,56.93034],[13.50508,56.93014],[13.4996,56.92757],[13.50122,56.92444],[13.5004,56.92135],[13.50558,56.91946],[13.50464,56.9155],[13.51242,56.91246],[13.51851,56.91437],[13.52251,56.9202],[13.53124,56.92502],[13.53213,56.92831],[13.53719,56.93017],[13.55005,56.93069],[13.55424,56.93258],[13.56051,56.93006],[13.56922,56.93062],[13.57667,56.92922],[13.58203,56.93212],[13.57952,56.93656],[13.59339,56.94005],[13.59353,56.94225],[13.5905,56.94368],[13.59944,56.94624],[13.59914,56.94894],[13.59267,56.9547],[13.59309,56.95993],[13.58852,56.96345],[13.59251,56.96672],[13.5931,56.97425],[13.58469,56.9755],[13.57853,56.98021],[13.57188,56.98047],[13.56173,56.98648],[13.54787,56.9876],[13.5466,56.98965],[13.54971,56.99326],[13.54617,56.99505],[13.53891,56.99128],[13.52991,56.99003],[13.52635,56.99153],[13.5214,56.99177],[13.52019,56.98777],[13.51685,56.98712],[13.50618,56.99167],[13.49445,56.99176],[13.4892,56.99483],[13.48884,56.99819],[13.483,56.99621],[13.48286,56.99439],[13.47639,56.99055],[13.47248,56.99066],[13.47619,56.99557],[13.47422,57.00346],[13.47677,57.00636],[13.47535,57.00847]]],[[[13.24888,57.00416],[13.24629,57.00564],[13.24608,57.00828],[13.24256,57.0101],[13.2347,57.00801],[13.23362,57.00047],[13.23547,56.9969],[13.23915,56.99504],[13.2449,56.99539],[13.2522,56.99775],[13.25859,56.99666],[13.26951,57.00007],[13.26525,57.00465],[13.25688,57.00325],[13.24888,57.00416]]]]}},{"type":"Feature","properties":{"fs":"TRANSIT50","t":45.0},"geometry":{"type":"MultiPolygon","coordinates":[[[[13.50821,56.98198],[13.50973,56.98519],[13.50203,56.9873],[13.49794,56.98685],[13.49351,56.98949],[13.48972,56.99],[13.47844,56.98582],[13.48042,56.98014],[13.49498,56.9787],[13.49551,56.97559],[13.50312,56.97525],[13.50371,56.97352],[13.49251,56.97128],[13.49217,56.96583],[13.49702,56.96231],[13.49084,56.96175],[13.48713,56.963],[13.48321,56.96256],[13.48054,56.95713],[13.47694,56.95689],[13.47685,56.9538],[13.47767,56.95171],[13.48103,56.95175],[13.48425,56.94894],[13.47931,56.94304],[13.48301,56.93916],[13.49713,56.93538],[13.49536,56.93336],[13.49741,56.93177],[13.50412,56.93157],[13.50863,56.93258],[13.5127,56.93026],[13.51264,56.92503],[13.51502,56.92348],[13.51931,56.92833],[13.53105,56.93292],[13.53741,56.93299],[13.54005,56.93051],[13.54764,56.9306],[13.55366,56.93573],[13.56238,56.93751],[13.56249,56.9399],[13.57096,56.93873],[13.57474,56.94198],[13.57185,56.94569],[13.57777,56.9469],[13.58044,56.94884],[13.57799,56.951],[13.57868,56.95455],[13.57189,56.95754],[13.57817,56.95999],[13.57902,56.96443],[13.57597,56.96904],[13.56853,56.97005],[13.56363,56.96909],[13.55824,56.97027],[13.56289,56.97413],[13.55484,56.97846],[13.5523,56.98129],[13.548,56.98188],[13.54481,56.98443],[13.54143,56.98466],[13.53514,56.98256],[13.52946,56.98232],[13.52524,56.97965],[13.51965,56.97884],[13.50821,56.98198]]],[[[13.3891,56.98864],[13.3887,56.98683],[13.39435,56.98453],[13.39803,56.98516],[13.39997,56.98788],[13.39659,56.9898],[13.39165,56.9899],[13.3891,56.98864]]],[[[13.40434,56.98995],[13.40982,56.98848],[13.41391,56.9889],[13.41774,56.9908],[13.41344,56.99404],[13.40988,56.99433],[13.40434,56.98995]]],[[[13.45792,56.99987],[13.45845,57.00344],[13.45645,57.00498],[13.44948,57.00528],[13.44508,57.00731],[13.43312,57.00191],[13.42344,57.00087],[13.42244,56.99765],[13.42545,56.99348],[13.43182,56.99356],[13.43193,56.99603],[13.43674,56.99907],[13.44215,56.99746],[13.45874,56.99614],[13.46004,56.99784],[13.45792,56.99987]]]]}},{"type":"Feature","properties":{"fs":"TRANSIT50","t":30.0},"geometry":{"type":"Polygon","coordinates":[[[13.54195,56.97338],[13.53224,56.97248],[13.52244,56.96902],[13.51883,56.96963],[13.51565,56.97257],[13.51014,56.97318],[13.50828,56.97],[13.51491,56.9663],[13.51465,56.9639],[13.50241,56.9625],[13.49133,56.95693],[13.49621,56.95313],[13.50067,56.95355],[13.50151,56.9523],[13.50113,56.94902],[13.49624,56.94623],[13.49736,56.94401],[13.50105,56.94462],[13.50401,56.94207],[13.50793,56.94279],[13.50825,56.94083],[13.51355,56.93921],[13.51437,56.93588],[13.51978,56.93421],[13.52773,56.93531],[13.52885,56.9409],[13.533,56.94354],[13.54184,56.94334],[13.5441,56.94045],[13.54961,56.94365],[13.55975,56.9472],[13.55963,56.9502],[13.5532,56.9517],[13.55214,56.95289],[13.55715,56.95769],[13.55908,56.96458],[13.55266,56.96563],[13.54195,56.97338]]]}},{"type":"Feature","properties":{"fs":"TRANSIT50","t":15.0},"geometry":{"type":"Polygon","coordinates":[[[13.53673,56.96305],[13.53284,56.96251],[13.52188,56.96404],[13.51721,56.96261],[13.51529,56.95926],[13.51066,56.95684],[13.51222,56.95377],[13.51121,56.95163],[13.51431,56.9502],[13.51456,56.94796],[13.52388,56.94425],[13.53297,56.94878],[13.5405,56.94812],[13.54596,56.95192],[13.54355,56.95684],[13.54017,56.95781],[13.5399,56.9612],[13.53673,56.96305]]]}},{"type":"Feature","properties":{"fs":"TRANSITB","t":60.0},"geometry":{"type":"MultiPolygon","coordinates":[[[[13.08878,56.95708],[13.08613,56.95966],[13.07788,56.962],[13.07134,56.96011],[13.07213,56.9563],[13.06761,56.95174],[13.07072,56.94936],[13.06901,56.94749],[13.07213,56.94507],[13.0722,56.94063],[13.07,56.93858],[13.07111,56.93702],[13.07394,56.93802],[13.07639,56.94199],[13.07564,56.9495],[13.07861,56.95309],[13.08878,56.95708]]],[[[13.24073,57.01966],[13.23923,57.02301],[13.23068,57.02433],[13.22761,57.02123],[13.23139,57.02044],[13.2348,57.01775],[13.2274,57.0153],[13.21271,57.01432],[13.20888,57.01269],[13.20836,57.01066],[13.21426,57.00738],[13.20869,57.00348],[13.20878,57.00168],[13.21194,56.99971],[13.21232,56.99634],[13.21565,56.99638],[13.22089,56.99823],[13.22464,56.9963],[13.21699,56.99271],[13.21658,56.99094],[13.20939,56.98912],[13.20662,56.98576],[13.2229,56.98122],[13.22631,56.98176],[13.23015,56.97874],[13.23606,56.98068],[13.24485,56.97903],[13.24589,56.97649],[13.2483,56.97563],[13.25158,56.9759],[13.25648,56.97825],[13.25551,56.9819],[13.25969,56.98421],[13.25944,56.98645],[13.26364,56.98966],[13.27464,56.99315],[13.27815,56.99165],[13.28209,56.98293],[13.29156,56.98294],[13.29601,56.9801],[13.30248,56.97815],[13.30869,56.97967],[13.31848,56.97982],[13.32289,56.98165],[13.32783,56.98161],[13.33136,56.97979],[13.33173,56.97642],[13.33519,56.97286],[13.35454,56.97299],[13.36166,56.96962],[13.36828,56.9697],[13.37189,56.97141],[13.37681,56.97159],[13.38138,56.96987],[13.39787,56.97009],[13.4023,56.97193],[13.41298,56.97209],[13.41866,56.97393],[13.42732,56.97406],[13.43047,56.97769],[13.43095,56.98152],[13.43795,56.98493],[13.44617,56.98495],[13.44992,56.98332],[13.45611,56.98327],[13.45985,56.98163],[13.46322,56.98167],[13.46763,56.9835],[13.47418,56.98293],[13.47895,56.98031],[13.47969,56.97719],[13.47334,56.97287],[13.47322,56.96948],[13.46971,56.9654],[13.46678,56.96396],[13.46058,56.96375],[13.45779,56.96238],[13.4519,56.9635],[13.4513,56.95986],[13.44741,56.95929],[13.44441,56.95712],[13.44458,56.9527],[13.45137,56.94918],[13.45464,56.95103],[13.45885,56.95894],[13.46283,56.96006],[13.4671,56.95816],[13.46364,56.95275],[13.45785,56.94919],[13.45794,56.94748],[13.46473,56.94152],[13.46511,56.93209],[13.45977,56.92708],[13.46882,56.9218],[13.46778,56.91821],[13.4625,56.91703],[13.46257,56.91519],[13.46594,56.91342],[13.47916,56.91358],[13.48596,56.91712],[13.49546,56.91772],[13.49715,56.91504],[13.50474,56.91056],[13.50363,56.90682],[13.51359,56.9037],[13.52548,56.90515],[13.52521,56.91933],[13.53187,56.92704],[13.53722,56.93009],[13.55279,56.9306],[13.55733,56.92888],[13.57042,56.92939],[13.57218,56.92668],[13.57753,56.92446],[13.59658,56.93014],[13.59945,56.94037],[13.61288,56.94031],[13.61166,56.94546],[13.60871,56.94779],[13.61085,56.95094],[13.60891,56.95827],[13.59941,56.95831],[13.59571,56.96058],[13.59558,56.96866],[13.6009,56.97459],[13.60058,56.97629],[13.58622,56.98251],[13.58486,56.98497],[13.57491,56.98486],[13.57131,56.98316],[13.56804,56.98334],[13.5597,56.9876],[13.5597,56.99058],[13.55471,56.9917],[13.55468,56.99364],[13.55842,56.99415],[13.56424,56.99762],[13.5645,57.00092],[13.56113,57.00088],[13.5502,56.99719],[13.54189,57.00022],[13.53337,56.99744],[13.53189,56.99316],[13.52817,56.99442],[13.52519,56.99301],[13.51795,56.99656],[13.5119,56.99671],[13.50267,56.99156],[13.49694,56.99118],[13.48971,56.9944],[13.48888,56.99823],[13.48519,56.99653],[13.48027,56.99635],[13.47597,56.99826],[13.47576,57.0032],[13.48194,57.00708],[13.48192,57.00822],[13.47843,57.01246],[13.47502,57.01423],[13.47056,57.01239],[13.46517,57.01411],[13.45852,57.01402],[13.45088,57.01036],[13.44594,57.01043],[13.43553,57.01374],[13.4256,57.01361],[13.42236,57.01176],[13.42123,57.00928],[13.41721,57.00814],[13.41054,57.01094],[13.40919,57.0134],[13.3992,57.01506],[13.39909,57.01168],[13.39612,57.00963],[13.39631,56.99907],[13.39334,56.99702],[13.39286,56.99319],[13.38507,56.98978],[13.37719,56.99387],[13.37763,56.99702],[13.38341,57.00046],[13.38324,57.00408],[13.37661,57.004],[13.37059,57.00068],[13.3636,57.00023],[13.3535,56.99698],[13.34408,57.00198],[13.34342,57.01074],[13.32691,57.01053],[13.32331,57.00914],[13.31701,57.01219],[13.31081,57.01223],[13.30497,57.01384],[13.29279,57.01008],[13.27551,57.00984],[13.27092,57.01156],[13.26473,57.0116],[13.26118,57.01343],[13.26102,57.01657],[13.26622,57.01934],[13.2677,57.02284],[13.24719,57.02264],[13.24073,57.01966]]]]}},{"type":"Feature","properties":{"fs":"TRANSITB","t":45.0},"geometry":{"type":"Polygon","coordinates":[[[13.25184,57.01848],[13.24743,57.01814],[13.23774,57.01963],[13.23482,57.01278],[13.22776,57.0097],[13.22524,57.00715],[13.22107,57.00748],[13.21779,57.00586],[13.21942,57.00212],[13.21697,56.99854],[13.22172,56.99816],[13.22466,56.99674],[13.22232,56.99413],[13.22542,56.99266],[13.22459,56.98922],[13.22862,56.98574],[13.24292,56.98507],[13.25097,56.98872],[13.25623,56.98791],[13.26155,56.99129],[13.27182,56.99179],[13.27708,56.99366],[13.27863,56.98907],[13.28572,56.98479],[13.29516,56.98537],[13.29718,56.98321],[13.30063,56.98271],[13.31164,56.98413],[13.31323,56.98155],[13.31774,56.97983],[13.32207,56.98156],[13.32783,56.98164],[13.3314,56.97979],[13.33176,56.97643],[13.33521,56.97288],[13.35454,56.97307],[13.362,56.97181],[13.36291,56.96965],[13.36826,56.96972],[13.3727,56.97156],[13.37764,56.97152],[13.3814,56.96989],[13.39785,56.9701],[13.40393,56.97232],[13.39799,56.97842],[13.3987,56.97913],[13.40215,56.97905],[13.4062,56.97372],[13.42668,56.97418],[13.43044,56.9777],[13.4309,56.98153],[13.43795,56.98496],[13.44617,56.98497],[13.44994,56.98334],[13.45611,56.9833],[13.45987,56.98165],[13.4632,56.98169],[13.46763,56.98353],[13.4742,56.98294],[13.47899,56.98032],[13.47974,56.97719],[13.47337,56.97286],[13.47327,56.96948],[13.46975,56.9654],[13.46678,56.96394],[13.4606,56.96373],[13.4578,56.96236],[13.45307,56.96363],[13.45196,56.95965],[13.44717,56.95865],[13.44445,56.95674],[13.44461,56.95272],[13.45137,56.9492],[13.45461,56.95104],[13.4559,56.95619],[13.4596,56.9594],[13.46365,56.95999],[13.46715,56.95817],[13.46368,56.95274],[13.45789,56.94919],[13.45797,56.94749],[13.46478,56.94152],[13.46516,56.93209],[13.46072,56.92709],[13.46887,56.9218],[13.46781,56.9182],[13.46253,56.91702],[13.4626,56.9152],[13.46596,56.91344],[13.47914,56.9136],[13.48596,56.91715],[13.49556,56.91819],[13.4978,56.91529],[13.50484,56.91101],[13.50447,56.90684],[13.51275,56.90429],[13.52546,56.90517],[13.52516,56.91933],[13.53183,56.92704],[13.53721,56.93011],[13.55278,56.93063],[13.55756,56.92889],[13.56996,56.92993],[13.57281,56.92692],[13.57741,56.92488],[13.59676,56.93073],[13.59905,56.94071],[13.60497,56.94122],[13.61285,56.94032],[13.61276,56.94256],[13.60761,56.94813],[13.61009,56.95105],[13.60888,56.95826],[13.59941,56.95828],[13.59566,56.96058],[13.59547,56.96866],[13.59973,56.97618],[13.58619,56.98249],[13.58484,56.98496],[13.57493,56.98485],[13.56886,56.9831],[13.55967,56.98759],[13.55876,56.99053],[13.55375,56.99172],[13.55397,56.99386],[13.55872,56.99482],[13.56421,56.99823],[13.56448,57.0009],[13.56115,57.00086],[13.5502,56.99716],[13.54457,56.99952],[13.54136,56.99958],[13.53401,56.99724],[13.53204,56.99272],[13.52831,56.99399],[13.52507,56.9926],[13.51683,56.99654],[13.51192,56.99669],[13.50268,56.99154],[13.49694,56.99115],[13.48967,56.99439],[13.48886,56.99822],[13.4852,56.9965],[13.48027,56.99632],[13.47592,56.99826],[13.47571,57.0032],[13.48191,57.00709],[13.48186,57.00855],[13.47502,57.01421],[13.47056,57.01237],[13.46515,57.01409],[13.45854,57.01401],[13.45088,57.01034],[13.44594,57.0104],[13.43551,57.01372],[13.42562,57.0136],[13.42239,57.01175],[13.42126,57.00927],[13.41721,57.00812],[13.41051,57.01093],[13.40917,57.01338],[13.39948,57.01359],[13.39615,57.00962],[13.39654,56.99951],[13.39337,56.99701],[13.39328,56.99363],[13.38831,56.99045],[13.38507,56.98975],[13.37714,56.99387],[13.37759,56.99702],[13.38338,57.00047],[13.38096,57.00403],[13.37663,57.00398],[13.3706,57.00066],[13.36362,57.00022],[13.35349,56.99696],[13.34446,57.00154],[13.34344,57.00691],[13.33957,57.01057],[13.32693,57.01052],[13.32168,57.00865],[13.31786,57.01114],[13.31066,57.01221],[13.30704,57.01384],[13.30373,57.0138],[13.29294,57.00994],[13.2914,57.00666],[13.29345,57.00472],[13.28647,57.00424],[13.27561,57.00763],[13.27457,57.0098],[13.2709,57.01155],[13.2634,57.01144],[13.26116,57.00815],[13.25847,57.00789],[13.25744,57.01473],[13.25184,57.01848]]]}},{"type":"Feature","properties":{"fs":"TRANSITB","t":30.0},"geometry":{"type":"MultiPolygon","coordinates":[[[[13.47533,57.00634],[13.46849,57.01131],[13.46563,57.01206],[13.45586,57.00945],[13.44397,57.01018],[13.43902,57.00797],[13.42891,57.01138],[13.42346,57.00745],[13.41639,57.00804],[13.40852,57.00611],[13.40764,57.00415],[13.41113,56.99697],[13.4067,56.9949],[13.39547,56.99669],[13.39346,56.99577],[13.39234,56.99272],[13.3859,56.98974],[13.37838,56.99254],[13.37702,56.99518],[13.37042,56.99738],[13.36374,56.99292],[13.35956,56.9944],[13.35764,56.99678],[13.33738,56.99915],[13.33435,57.00033],[13.33084,56.99931],[13.32719,56.99959],[13.328,57.00221],[13.32435,57.00412],[13.31118,57.00406],[13.30362,57.00621],[13.2921,57.00269],[13.28991,57.00099],[13.29708,56.99741],[13.2955,56.99593],[13.29679,56.9946],[13.31161,56.99091],[13.31616,56.98487],[13.32029,56.98455],[13.32526,56.98609],[13.33161,56.98522],[13.33473,56.98613],[13.34509,56.98211],[13.34542,56.98015],[13.35017,56.97881],[13.35745,56.98268],[13.36165,56.98143],[13.37228,56.98119],[13.37486,56.98057],[13.37459,56.97729],[13.38175,56.97497],[13.38784,56.97569],[13.39136,56.98078],[13.39683,56.98135],[13.4014,56.98056],[13.4071,56.98475],[13.41341,56.98153],[13.42563,56.98438],[13.42972,56.9845],[13.4335,56.98313],[13.44015,56.98501],[13.44846,56.99419],[13.4532,56.99421],[13.45218,56.99222],[13.46357,56.98935],[13.46649,56.98731],[13.46271,56.98294],[13.47256,56.9835],[13.47968,56.97944],[13.4796,56.97674],[13.4734,56.97285],[13.47331,56.96948],[13.4692,56.96494],[13.46597,56.96379],[13.46062,56.96371],[13.4578,56.96234],[13.45374,56.96363],[13.45261,56.95944],[13.44448,56.95637],[13.44649,56.95275],[13.45334,56.95104],[13.45497,56.95621],[13.45958,56.95941],[13.46366,56.96002],[13.4672,56.95817],[13.46372,56.95274],[13.45793,56.9493],[13.458,56.9475],[13.46438,56.94241],[13.46559,56.93794],[13.47084,56.93522],[13.46532,56.93465],[13.46502,56.93164],[13.46176,56.92845],[13.46194,56.92598],[13.46826,56.92273],[13.47045,56.91958],[13.46598,56.91346],[13.47912,56.91361],[13.48514,56.91694],[13.49216,56.91737],[13.49566,56.91866],[13.49844,56.91553],[13.5049,56.91188],[13.50532,56.90685],[13.50902,56.90499],[13.52544,56.90519],[13.52512,56.91933],[13.53178,56.92705],[13.5372,56.93013],[13.55278,56.93066],[13.55798,56.92892],[13.56432,56.93037],[13.57,56.93042],[13.57729,56.9253],[13.59673,56.93107],[13.59696,56.93948],[13.59864,56.94106],[13.60495,56.94179],[13.60939,56.94029],[13.61282,56.94033],[13.61275,56.9422],[13.60658,56.94812],[13.6093,56.95101],[13.6088,56.95432],[13.6022,56.95492],[13.59442,56.95967],[13.59575,56.97181],[13.59888,56.97607],[13.58616,56.98248],[13.58421,56.98482],[13.57495,56.98483],[13.56885,56.98308],[13.55964,56.98758],[13.55839,56.99013],[13.55336,56.9912],[13.5528,56.9937],[13.55833,56.99519],[13.56348,56.99833],[13.56447,57.00088],[13.56117,57.00084],[13.5502,56.99713],[13.54458,56.99909],[13.54124,56.99905],[13.53464,56.99705],[13.53423,56.99359],[13.5322,56.99227],[13.52863,56.99356],[13.52495,56.99219],[13.51537,56.99671],[13.51194,56.99667],[13.50269,56.99152],[13.49612,56.99122],[13.48963,56.99438],[13.48884,56.9982],[13.4852,56.99648],[13.48077,56.99619],[13.48009,56.99267],[13.47648,56.99045],[13.47228,56.99052],[13.47572,56.99691],[13.47219,57.00271],[13.47533,57.00634]]],[[[13.24587,57.00558],[13.2448,57.00837],[13.24113,57.00978],[13.23526,57.0072],[13.23472,56.99958],[13.23908,56.99661],[13.24406,56.99567],[13.25136,56.99803],[13.25881,56.99721],[13.26749,56.99925],[13.26893,57.00079],[13.26477,57.00389],[13.25771,57.003],[13.24944,57.00387],[13.24587,57.00558]]]]}},{"type":"Feature","properties":{"fs":"TRANSITB","t":15.0},"geometry":{"type":"MultiPolygon","coordinates":[[[[13.52053,56.97734],[13.50738,56.98215],[13.50869,56.98428],[13.50682,56.98596],[13.49795,56.98651],[13.49202,56.98913],[13.48068,56.98619],[13.48163,56.97991],[13.4969,56.97862],[13.49054,56.97654],[13.49916,56.97428],[13.50318,56.97519],[13.50436,56.97351],[13.49547,56.97149],[13.49236,56.96954],[13.49087,56.96581],[13.49739,56.96224],[13.48433,56.9613],[13.48124,56.95744],[13.47672,56.95728],[13.47595,56.95603],[13.47767,56.95167],[13.48213,56.95072],[13.48425,56.94894],[13.48294,56.94595],[13.47809,56.94387],[13.47945,56.94086],[13.48323,56.93885],[13.49138,56.93786],[13.49918,56.93547],[13.4927,56.93321],[13.50016,56.93165],[13.50747,56.9327],[13.51083,56.9318],[13.51298,56.92952],[13.5103,56.92449],[13.51532,56.92236],[13.51814,56.92374],[13.51733,56.92688],[13.53062,56.93546],[13.53746,56.93633],[13.54275,56.93504],[13.55171,56.93705],[13.56373,56.93725],[13.56482,56.9381],[13.56023,56.94002],[13.56014,56.9422],[13.56471,56.94091],[13.5704,56.93738],[13.57658,56.94239],[13.57529,56.94373],[13.57015,56.94382],[13.5705,56.94536],[13.57273,56.94617],[13.57768,56.94566],[13.5824,56.94869],[13.57379,56.95078],[13.57717,56.95363],[13.57617,56.9557],[13.55843,56.95469],[13.55552,56.9554],[13.55833,56.95728],[13.57272,56.95992],[13.57671,56.96323],[13.57836,56.96847],[13.57593,56.97001],[13.56536,56.96694],[13.5579,56.96846],[13.553,56.96759],[13.54989,56.96828],[13.54982,56.97005],[13.56467,56.97404],[13.55276,56.97907],[13.55145,56.98102],[13.54769,56.98238],[13.54739,56.98485],[13.54251,56.98597],[13.53677,56.98293],[13.52775,56.98215],[13.52053,56.97734]]],[[[13.45867,56.99693],[13.4559,57.00458],[13.45113,57.00436],[13.44446,57.00641],[13.43477,57.00168],[13.42416,56.99964],[13.42299,56.99805],[13.42604,56.9954],[13.42596,56.99365],[13.42987,56.99351],[13.43598,57.00001],[13.44246,56.99754],[13.45867,56.99693]]]]}},{"type":"Feature","properties":{"fs":"CAR","t":60.0},"geometry":{"type":"MultiPolygon","coordinates":[[[[12.76196,56.82122],[12.74974,56.82002],[12.7463,56.81757],[12.75622,56.81438],[12.75746,56.81084],[12.76551,56.81104],[12.75923,56.80692],[12.764,56.79978],[12.74908,56.79684],[12.74925,56.79403],[12.76052,56.79382],[12.77256,56.79782],[12.78377,56.79437],[12.78887,56.79895],[12.79365,56.79862],[12.78984,56.7796],[12.79264,56.77403],[12.78741,56.77169],[12.77495,56.77484],[12.76546,56.76456],[12.76896,56.76265],[12.77258,56.76628],[12.78146,56.76854],[12.78899,56.76652],[12.79131,56.75758],[12.81894,56.75713],[12.82016,56.75373],[12.8263,56.75365],[12.82543,56.74954],[12.8309,56.74921],[12.83447,56.74499],[12.82848,56.74096],[12.8303,56.73594],[12.82274,56.72897],[12.82423,56.72537],[12.82964,56.7268],[12.83675,56.73492],[12.85843,56.73483],[12.85631,56.75323],[12.85083,56.75384],[12.841,56.76168],[12.85086,56.76213],[12.85661,56.75998],[12.86337,56.76852],[12.88637,56.7793],[12.89097,56.76955],[12.89922,56.77067],[12.90057,56.7662],[12.89454,56.76287],[12.8914,56.75496],[12.87943,56.75419],[12.88268,56.74645],[12.86879,56.74587],[12.86287,56.73762],[12.8648,56.73513],[12.8731,56.73967],[12.87161,56.73426],[12.88992,56.72755],[12.8699,56.71724],[12.86551,56.72026],[12.87247,56.72363],[12.86064,56.72502],[12.85603,56.71637],[12.86302,56.71474],[12.8628,56.71178],[12.87166,56.70632],[12.86815,56.70071],[12.8753,56.70069],[12.88216,56.70425],[12.88697,56.70307],[12.89112,56.70749],[12.90014,56.70378],[12.8938,56.69841],[12.91282,56.70519],[12.92196,56.70155],[12.91234,56.6954],[12.89876,56.69491],[12.89633,56.6897],[12.89132,56.69177],[12.89216,56.68757],[12.87494,56.69121],[12.87612,56.68618],[12.86455,56.67868],[12.8713,56.67205],[12.868,56.66273],[12.8821,56.65384],[12.90812,56.64407],[12.91064,56.64014],[12.91746,56.6397],[12.92731,56.63197],[12.93131,56.6242],[12.94434,56.61866],[12.948,56.61226],[12.93843,56.61042],[12.93728,56.60801],[12.94174,56.6057],[12.94979,56.60738],[12.95242,56.60588],[12.93768,56.60065],[12.93908,56.59835],[12.94933,56.59624],[12.94313,56.5895],[12.95514,56.58851],[12.95858,56.58375],[12.96333,56.58289],[12.97399,56.5858],[12.97198,56.59001],[12.97572,56.59144],[12.98168,56.58628],[12.97714,56.57202],[12.98346,56.57289],[12.98872,56.58386],[12.99878,56.57981],[12.99979,56.57337],[13.00302,56.57805],[13.01045,56.57705],[13.01253,56.58284],[13.00392,56.59],[13.00451,56.59338],[13.01026,56.5953],[13.01592,56.58935],[13.01892,56.59516],[13.02885,56.59518],[13.03249,56.59364],[13.03028,56.5871],[13.02185,56.58299],[13.02461,56.58114],[13.03183,56.58181],[13.03084,56.57639],[13.0451,56.57616],[13.04755,56.57802],[13.03934,56.57924],[13.03799,56.58247],[13.05777,56.58693],[13.07558,56.57709],[13.07421,56.57398],[13.08606,56.57108],[13.08453,56.566],[13.07725,56.5642],[13.07259,56.5557],[13.07676,56.5538],[13.08935,56.55624],[13.08348,56.55159],[13.09143,56.55024],[13.0922,56.54765],[13.08384,56.54458],[13.09058,56.54194],[13.10247,56.5429],[13.09792,56.54746],[13.10298,56.54794],[13.10825,56.55457],[13.11423,56.55438],[13.12339,56.54918],[13.12376,56.55438],[13.14736,56.55534],[13.15459,56.56348],[13.17857,56.56198],[13.16982,56.56412],[13.17365,56.56902],[13.16147,56.56847],[13.16671,56.57167],[13.20797,56.57475],[13.22232,56.57244],[13.23323,56.57859],[13.25657,56.57578],[13.26002,56.57265],[13.25312,56.57017],[13.24496,56.56135],[13.2399,56.56352],[13.226,56.55911],[13.23804,56.55605],[13.22929,56.55396],[13.22489,56.55011],[13.23896,56.54273],[13.24598,56.5463],[13.25914,56.5461],[13.26524,56.55157],[13.27,56.55037],[13.26203,56.54404],[13.2432,56.53914],[13.2484,56.53654],[13.27748,56.5433],[13.28451,56.54713],[13.29618,56.54202],[13.30159,56.53656],[13.30345,56.52453],[13.27911,56.53178],[13.26269,56.52678],[13.25078,56.52907],[13.24732,56.52684],[13.25577,56.52542],[13.25313,56.52201],[13.27351,56.52075],[13.27491,56.51796],[13.29521,56.51824],[13.30372,56.51267],[13.31044,56.51269],[13.3133,56.50557],[13.29968,56.4978],[13.29717,56.49447],[13.30014,56.49332],[13.31184,56.49657],[13.31505,56.50054],[13.32111,56.49725],[13.32514,56.5077],[13.3538,56.50246],[13.33284,56.51447],[13.33947,56.5168],[13.34374,56.51202],[13.34908,56.51188],[13.3491,56.51714],[13.36347,56.51972],[13.34686,56.52212],[13.35208,56.53045],[13.35883,56.53307],[13.3555,56.53955],[13.35084,56.54146],[13.3433,56.53658],[13.34037,56.53991],[13.35404,56.55357],[13.36335,56.55777],[13.3677,56.55712],[13.3706,56.55379],[13.36776,56.54982],[13.35773,56.5467],[13.36392,56.54474],[13.38387,56.55368],[13.40105,56.55605],[13.38191,56.55787],[13.37974,56.56304],[13.36726,56.57144],[13.39012,56.57411],[13.40658,56.58187],[13.41644,56.58324],[13.42909,56.59114],[13.43825,56.59116],[13.46142,56.59707],[13.47872,56.59517],[13.48189,56.59226],[13.475,56.58642],[13.45065,56.58654],[13.4459,56.58452],[13.46989,56.57962],[13.46367,56.56677],[13.47552,56.57553],[13.48556,56.57883],[13.48729,56.5738],[13.49675,56.57265],[13.5019,56.56667],[13.49997,56.56181],[13.50312,56.55934],[13.49576,56.55277],[13.50688,56.55438],[13.51734,56.54692],[13.52083,56.54872],[13.5159,56.55119],[13.50836,56.58135],[13.52489,56.58801],[13.52645,56.58052],[13.53845,56.57946],[13.5411,56.57669],[13.53817,56.57356],[13.54176,56.5729],[13.56054,56.57383],[13.5547,56.58018],[13.5609,56.5845],[13.56874,56.58024],[13.58612,56.58357],[13.59638,56.57676],[13.5935,56.56974],[13.59804,56.56564],[13.5847,56.56701],[13.59383,56.56101],[13.59885,56.55236],[13.60665,56.55806],[13.61524,56.55254],[13.61356,56.56362],[13.63072,56.56605],[13.64136,56.5614],[13.63433,56.55191],[13.64366,56.55389],[13.64909,56.55839],[13.66678,56.56163],[13.65096,56.56314],[13.63982,56.57233],[13.64703,56.57339],[13.65586,56.56843],[13.66898,56.57138],[13.67689,56.57778],[13.6835,56.57793],[13.69779,56.56172],[13.67296,56.55926],[13.68903,56.55774],[13.69732,56.55076],[13.73018,56.54352],[13.73642,56.54689],[13.72929,56.55517],[13.736,56.56478],[13.75133,56.5728],[13.7502,56.5763],[13.75748,56.57511],[13.77859,56.57925],[13.77522,56.58371],[13.79072,56.58979],[13.79931,56.59952],[13.81263,56.59277],[13.817,56.59534],[13.82222,56.59413],[13.82254,56.59722],[13.80982,56.60117],[13.81095,56.60581],[13.80567,56.6078],[13.81998,56.60997],[13.81264,56.62085],[13.82234,56.61757],[13.82485,56.6131],[13.83032,56.61737],[13.83764,56.61547],[13.8476,56.61865],[13.84548,56.62123],[13.82943,56.62157],[13.82873,56.62774],[13.82104,56.625],[13.81662,56.62791],[13.82808,56.64037],[13.82031,56.64591],[13.82729,56.65347],[13.84081,56.6447],[13.84278,56.65118],[13.84832,56.64926],[13.85165,56.65294],[13.84829,56.65853],[13.8557,56.66632],[13.87264,56.66673],[13.88067,56.66388],[13.89087,56.67113],[13.902,56.66533],[13.90416,56.66128],[13.90831,56.66174],[13.9091,56.66862],[13.90422,56.66802],[13.89641,56.68241],[13.91817,56.67937],[13.90894,56.68996],[13.92821,56.69939],[13.9284,56.69041],[13.93638,56.69839],[13.94964,56.69405],[13.94241,56.70036],[13.94606,56.70376],[13.96183,56.69954],[13.9638,56.68944],[13.97482,56.69698],[13.98503,56.69692],[13.99511,56.69223],[13.98555,56.70773],[13.97571,56.7019],[13.95879,56.70948],[13.96539,56.71852],[13.96316,56.7239],[13.96825,56.72734],[13.97907,56.72846],[13.98257,56.7221],[13.98666,56.72171],[13.99056,56.72883],[13.99873,56.73348],[14.00088,56.74401],[14.00771,56.74652],[14.00373,56.74908],[14.02202,56.75119],[14.02208,56.75393],[14.00735,56.7601],[14.018,56.7633],[14.02438,56.76883],[14.03204,56.76734],[14.03649,56.75989],[14.04978,56.76004],[14.06259,56.75199],[14.05843,56.74115],[14.05085,56.73801],[14.06149,56.73818],[14.0734,56.74538],[14.08185,56.74455],[14.08803,56.74278],[14.08561,56.73686],[14.095,56.73946],[14.10637,56.734],[14.10721,56.72551],[14.1116,56.72891],[14.12731,56.72336],[14.1431,56.72506],[14.12348,56.72857],[14.11845,56.73633],[14.11091,56.7367],[14.10494,56.74047],[14.11816,56.74309],[14.08985,56.75164],[14.07964,56.75128],[14.07306,56.75572],[14.07174,56.76091],[14.07598,56.76515],[14.08529,56.76592],[14.09033,56.76357],[14.0988,56.77276],[14.09007,56.76918],[14.08159,56.77095],[14.08688,56.77414],[14.08589,56.77814],[14.06876,56.77127],[14.05295,56.77115],[14.04738,56.77399],[14.05569,56.77932],[14.05767,56.7853],[14.06719,56.78986],[14.08433,56.78985],[14.07194,56.79432],[14.07791,56.80103],[14.07275,56.8165],[14.07616,56.82027],[14.11267,56.82073],[14.11391,56.81519],[14.11765,56.81402],[14.12556,56.82035],[14.13323,56.82087],[14.14224,56.81335],[14.14962,56.8208],[14.17726,56.82117],[14.17517,56.82289],[14.14133,56.82504],[14.13509,56.82893],[14.13043,56.82843],[14.13183,56.82608],[14.12802,56.8249],[14.11186,56.82849],[14.11611,56.83058],[14.11296,56.83364],[14.11521,56.83962],[14.13366,56.84877],[14.13754,56.84966],[14.14698,56.84651],[14.15675,56.84876],[14.15401,56.85288],[14.17627,56.86608],[14.1777,56.87111],[14.18482,56.87368],[14.18049,56.87825],[14.18723,56.88054],[14.18136,56.88352],[14.17023,56.87825],[14.17408,56.88404],[14.15764,56.88919],[14.15601,56.89318],[14.1496,56.88949],[14.15196,56.87589],[14.14466,56.87527],[14.13946,56.87082],[14.14357,56.86137],[14.12549,56.86012],[14.12509,56.86279],[14.11985,56.86336],[14.12264,56.86888],[14.13027,56.87146],[14.12372,56.87724],[14.10232,56.86641],[14.10413,56.86053],[14.09956,56.85839],[14.08559,56.86398],[14.09016,56.87615],[14.10005,56.88437],[14.11422,56.88868],[14.12066,56.8876],[14.12866,56.8965],[14.09582,56.88981],[14.08149,56.89518],[14.0784,56.89937],[14.07819,56.89403],[14.0839,56.89099],[14.08224,56.88564],[14.05625,56.86874],[14.04882,56.87191],[14.04656,56.87686],[14.02639,56.88367],[14.03677,56.89877],[14.04464,56.90209],[14.03079,56.90182],[14.02483,56.89906],[14.02417,56.90991],[14.03985,56.90862],[14.04801,56.91065],[14.04523,56.91905],[14.05511,56.92755],[14.05461,56.93401],[14.06373,56.93871],[14.07429,56.93738],[14.07801,56.94267],[14.09286,56.9449],[14.06531,56.94756],[14.06072,56.94612],[14.05606,56.95086],[14.05333,56.94888],[14.0567,56.94272],[14.05038,56.93875],[14.03728,56.93366],[14.02391,56.93938],[14.01134,56.92609],[14.01609,56.93399],[14.01209,56.93948],[14.02959,56.94827],[14.03654,56.94734],[14.04458,56.94956],[14.04275,56.95588],[14.04916,56.95951],[14.04505,56.96622],[14.03744,56.96251],[14.03513,56.96713],[14.02414,56.96999],[14.03204,56.97234],[14.04018,56.96759],[14.04915,56.97692],[14.04439,56.98194],[14.03979,56.98106],[14.03601,56.98791],[14.02856,56.98762],[14.02111,56.99074],[14.02584,56.99836],[14.00896,56.99963],[14.01404,57.00692],[14.0213,57.00948],[14.01232,57.01847],[14.00645,57.01645],[13.99956,57.00798],[13.99741,56.98887],[13.98747,56.98584],[13.97047,56.98682],[13.97551,56.99374],[13.95997,57.0113],[13.9843,57.02021],[13.98834,57.03428],[13.97952,57.03814],[13.9727,57.0458],[13.95189,57.05012],[13.95089,57.04302],[13.93919,57.03117],[13.93182,57.04616],[13.94695,57.05212],[13.97639,57.05205],[13.98388,57.05684],[13.9889,57.05295],[14.00737,57.0494],[14.01796,57.05178],[14.01647,57.06594],[14.00882,57.07262],[14.00191,57.08992],[14.01371,57.10193],[14.01929,57.12155],[14.03458,57.13234],[14.04332,57.14392],[14.04757,57.13581],[14.04666,57.11952],[14.04056,57.11105],[14.03662,57.09361],[14.04514,57.07319],[14.05223,57.08812],[14.04977,57.09371],[14.06023,57.10165],[14.06026,57.10736],[14.07614,57.11188],[14.07593,57.12044],[14.08458,57.12008],[14.08146,57.12631],[14.09888,57.12112],[14.10576,57.11406],[14.11294,57.11579],[14.11919,57.11313],[14.12045,57.11837],[14.12685,57.12207],[14.13012,57.10911],[14.13378,57.10738],[14.14078,57.11688],[14.15504,57.11384],[14.1593,57.10797],[14.16393,57.10885],[14.16995,57.10496],[14.18731,57.11321],[14.17052,57.11759],[14.16936,57.13106],[14.1622,57.128],[14.15084,57.12813],[14.14295,57.13481],[14.14687,57.14382],[14.14422,57.14661],[14.13513,57.13806],[14.12623,57.13751],[14.12141,57.13962],[14.12424,57.14535],[14.11466,57.1516],[14.13319,57.15447],[14.12506,57.15603],[14.1232,57.16219],[14.11695,57.15681],[14.10242,57.16653],[14.09334,57.16801],[14.08691,57.17213],[14.08926,57.17641],[14.08564,57.17989],[14.08637,57.18537],[14.09262,57.18682],[14.092,57.19116],[14.09558,57.19287],[14.10908,57.19058],[14.10875,57.18258],[14.11775,57.18475],[14.12435,57.18985],[14.12317,57.18521],[14.12887,57.17711],[14.13671,57.18109],[14.13684,57.18629],[14.14237,57.18197],[14.14671,57.18832],[14.13914,57.19515],[14.13354,57.19506],[14.11805,57.20483],[14.12038,57.2099],[14.11471,57.21466],[14.1292,57.21426],[14.12898,57.22104],[14.13611,57.2232],[14.14491,57.21764],[14.15277,57.22072],[14.16203,57.21551],[14.16737,57.21962],[14.15838,57.2284],[14.16661,57.23063],[14.16188,57.23376],[14.17112,57.24477],[14.15628,57.24102],[14.15817,57.23725],[14.15173,57.23594],[14.15288,57.23117],[14.14884,57.23227],[14.14128,57.22915],[14.12568,57.23183],[14.11558,57.24327],[14.11354,57.22753],[14.10281,57.22531],[14.09455,57.23133],[14.09046,57.22582],[14.07824,57.22475],[14.07849,57.21465],[14.07041,57.20673],[14.07013,57.20069],[14.06271,57.199],[14.05978,57.22104],[14.04548,57.23068],[14.05103,57.23627],[14.04583,57.24697],[14.03771,57.23063],[14.03271,57.23368],[14.02898,57.22792],[14.0192,57.22599],[14.01437,57.23252],[14.02522,57.23797],[14.0344,57.23839],[14.02854,57.24487],[14.01286,57.23801],[14.00702,57.2426],[14.01861,57.2483],[14.02513,57.24625],[14.02054,57.25351],[14.01568,57.25123],[14.00341,57.25478],[13.99919,57.24794],[13.99476,57.24896],[13.99266,57.25638],[13.97272,57.26885],[13.9676,57.28502],[13.93962,57.29366],[13.93023,57.30443],[13.92625,57.32517],[13.92144,57.32998],[13.92326,57.33427],[13.93208,57.33891],[13.9311,57.34599],[13.94512,57.35509],[13.92997,57.35342],[13.91867,57.3449],[13.89995,57.33716],[13.88645,57.33718],[13.89843,57.33013],[13.89695,57.32745],[13.8899,57.32612],[13.87634,57.32808],[13.86676,57.33574],[13.86111,57.33394],[13.86493,57.328],[13.85352,57.32762],[13.85724,57.32468],[13.85365,57.32346],[13.84868,57.32463],[13.8442,57.3309],[13.83796,57.32734],[13.81911,57.33243],[13.81015,57.33248],[13.79819,57.33726],[13.79249,57.33678],[13.7857,57.34579],[13.77142,57.3458],[13.76397,57.35499],[13.74717,57.3603],[13.73993,57.35545],[13.74211,57.35267],[13.73688,57.34609],[13.7276,57.3441],[13.72914,57.33702],[13.72395,57.33419],[13.71411,57.33647],[13.71045,57.34083],[13.70654,57.33743],[13.70137,57.34074],[13.69543,57.33605],[13.68896,57.33858],[13.67158,57.3351],[13.66976,57.34238],[13.65893,57.34039],[13.65618,57.34476],[13.64869,57.34496],[13.64472,57.35783],[13.65358,57.36831],[13.67483,57.37479],[13.65764,57.37584],[13.65088,57.38288],[13.6441,57.37663],[13.63085,57.37874],[13.62979,57.38385],[13.61893,57.38254],[13.62447,57.39404],[13.62157,57.3952],[13.6064,57.3838],[13.59916,57.38274],[13.60233,57.39106],[13.5985,57.39429],[13.61222,57.40857],[13.60696,57.41469],[13.61189,57.41727],[13.62082,57.41513],[13.62873,57.41791],[13.63438,57.41429],[13.63913,57.41469],[13.63681,57.41886],[13.62069,57.42551],[13.61976,57.42943],[13.62738,57.43443],[13.64104,57.43809],[13.64584,57.44375],[13.64427,57.44935],[13.63728,57.44127],[13.62416,57.4372],[13.60888,57.42825],[13.60435,57.43039],[13.60618,57.43771],[13.59766,57.44266],[13.6014,57.42979],[13.58791,57.41869],[13.59007,57.41647],[13.57307,57.41207],[13.57537,57.40992],[13.58627,57.41171],[13.5854,57.4094],[13.57139,57.40629],[13.56196,57.40134],[13.54946,57.40394],[13.54875,57.39565],[13.55867,57.39464],[13.5625,57.38967],[13.54678,57.39296],[13.54321,57.39116],[13.54985,57.38766],[13.54816,57.38427],[13.55929,57.38552],[13.56083,57.38385],[13.54556,57.37104],[13.5338,57.3707],[13.53639,57.37955],[13.52579,57.38155],[13.52797,57.37568],[13.5227,57.3646],[13.51023,57.37091],[13.51672,57.37976],[13.50544,57.38003],[13.50335,57.38669],[13.4919,57.38719],[13.47938,57.3909],[13.47026,57.39893],[13.47497,57.40348],[13.48587,57.40712],[13.48062,57.40846],[13.45994,57.4054],[13.45537,57.41293],[13.45681,57.41947],[13.45101,57.41975],[13.45094,57.40501],[13.43878,57.40135],[13.44357,57.39888],[13.437,57.39431],[13.44993,57.39601],[13.4555,57.39033],[13.46363,57.39169],[13.46257,57.38796],[13.45191,57.386],[13.46321,57.38312],[13.46337,57.37933],[13.45801,57.37702],[13.45093,57.38058],[13.44787,57.37697],[13.45345,57.37409],[13.44845,57.3696],[13.46341,57.36894],[13.46625,57.36645],[13.46155,57.36064],[13.45362,57.35778],[13.44783,57.36258],[13.44363,57.36056],[13.44309,57.35494],[13.45803,57.35166],[13.44137,57.34032],[13.44882,57.33311],[13.45661,57.33604],[13.475,57.33694],[13.47463,57.33342],[13.48089,57.3295],[13.47975,57.32573],[13.47705,57.3251],[13.47432,57.32837],[13.47015,57.32579],[13.46427,57.32656],[13.45872,57.32277],[13.46454,57.32025],[13.45757,57.31939],[13.45096,57.32233],[13.4524,57.32501],[13.44427,57.33024],[13.43391,57.32043],[13.4365,57.31611],[13.42907,57.31831],[13.4282,57.32864],[13.42101,57.32181],[13.40832,57.32615],[13.40109,57.32325],[13.39461,57.32618],[13.38794,57.32427],[13.38798,57.32055],[13.38301,57.32133],[13.37932,57.31876],[13.37479,57.32347],[13.367,57.31958],[13.35799,57.32101],[13.36432,57.31182],[13.36314,57.30727],[13.34584,57.30533],[13.34361,57.30884],[13.33741,57.30834],[13.33041,57.31011],[13.32994,57.31292],[13.32056,57.31377],[13.31805,57.31199],[13.32951,57.30519],[13.32763,57.30095],[13.29863,57.29425],[13.30102,57.2874],[13.29699,57.28496],[13.28986,57.28486],[13.28428,57.28787],[13.27728,57.2868],[13.26876,57.27727],[13.25792,57.28863],[13.27218,57.29431],[13.27337,57.30387],[13.26591,57.31177],[13.29273,57.3097],[13.30766,57.31208],[13.28262,57.31513],[13.27428,57.3196],[13.27535,57.32636],[13.26641,57.32315],[13.25865,57.3309],[13.23877,57.31785],[13.23176,57.33137],[13.25389,57.33275],[13.26449,57.33646],[13.25715,57.3379],[13.23336,57.33588],[13.21139,57.33936],[13.18863,57.33742],[13.19185,57.33536],[13.20815,57.33644],[13.22066,57.33009],[13.22078,57.3223],[13.20588,57.31022],[13.19836,57.30856],[13.1756,57.30712],[13.16794,57.31515],[13.15582,57.31865],[13.15778,57.32104],[13.14362,57.32392],[13.13782,57.30867],[13.14298,57.30327],[13.15824,57.30151],[13.16126,57.29554],[13.1685,57.2934],[13.16698,57.28917],[13.17684,57.2873],[13.17244,57.27661],[13.17648,57.27105],[13.17088,57.26639],[13.14388,57.2571],[13.13841,57.25084],[13.14167,57.24949],[13.14833,57.25604],[13.1698,57.26113],[13.17071,57.25412],[13.17469,57.25222],[13.18145,57.26214],[13.19663,57.26264],[13.19523,57.27182],[13.19905,57.2732],[13.20797,57.27095],[13.20622,57.2625],[13.21343,57.25439],[13.20377,57.25169],[13.1896,57.23867],[13.18786,57.23303],[13.19138,57.22859],[13.18343,57.21789],[13.17582,57.21343],[13.17547,57.20707],[13.16635,57.20072],[13.15889,57.19962],[13.15393,57.18375],[13.14142,57.17685],[13.13805,57.17739],[13.14846,57.18641],[13.14485,57.19478],[13.14933,57.19997],[13.14545,57.20855],[13.13877,57.20929],[13.12709,57.22035],[13.13359,57.22494],[13.12872,57.22908],[13.11168,57.235],[13.10363,57.24379],[13.10529,57.24684],[13.09069,57.24367],[13.08024,57.2454],[13.07672,57.24331],[13.08349,57.23766],[13.09465,57.23713],[13.0881,57.23029],[13.0799,57.23192],[13.07534,57.23009],[13.08231,57.2254],[13.07459,57.21955],[13.08249,57.21701],[13.08334,57.21418],[13.07482,57.21015],[13.06491,57.2092],[13.06465,57.20031],[13.04899,57.19147],[13.04315,57.18221],[13.03191,57.17547],[13.02874,57.17511],[13.02841,57.17812],[13.03502,57.18028],[13.02705,57.18414],[13.03013,57.18845],[13.02689,57.19118],[13.03191,57.19331],[13.03322,57.19792],[13.04202,57.19939],[13.03686,57.20633],[13.02071,57.19643],[13.0061,57.19883],[12.9745,57.18073],[12.97209,57.18368],[12.98225,57.19031],[12.97177,57.19028],[12.97145,57.19378],[12.96317,57.19863],[12.97423,57.2045],[12.96655,57.20999],[12.96496,57.21782],[12.94989,57.20953],[12.94059,57.21153],[12.94038,57.20844],[12.94676,57.20536],[12.94053,57.201],[12.93287,57.20158],[12.9296,57.19871],[12.93653,57.19398],[12.92777,57.19335],[12.91466,57.18738],[12.91858,57.18196],[12.91092,57.18036],[12.90682,57.18598],[12.91645,57.1985],[12.91589,57.20684],[12.91144,57.20782],[12.91152,57.20178],[12.90177,57.19572],[12.89905,57.19821],[12.90238,57.20332],[12.89593,57.20293],[12.88644,57.21063],[12.87844,57.20797],[12.88108,57.20247],[12.87521,57.19893],[12.88386,57.19234],[12.8803,57.18448],[12.87139,57.17984],[12.85969,57.17882],[12.84427,57.17053],[12.8349,57.17163],[12.8284,57.16787],[12.84014,57.1593],[12.85272,57.16902],[12.86848,57.16311],[12.8744,57.16353],[12.87386,57.16612],[12.87783,57.16682],[12.88098,57.1614],[12.87559,57.15471],[12.88921,57.15297],[12.88134,57.14905],[12.88431,57.14376],[12.87835,57.14193],[12.86888,57.14715],[12.8694,57.14112],[12.84878,57.12856],[12.82861,57.14225],[12.82589,57.13799],[12.8396,57.12363],[12.83678,57.12175],[12.82326,57.12334],[12.82198,57.11883],[12.82639,57.11413],[12.81801,57.11398],[12.8136,57.11644],[12.80322,57.11316],[12.80463,57.11551],[12.80097,57.11621],[12.79326,57.11355],[12.78918,57.11699],[12.78024,57.11767],[12.76959,57.12296],[12.76007,57.13108],[12.75052,57.12936],[12.75566,57.12398],[12.76485,57.12175],[12.76311,57.11912],[12.77089,57.11287],[12.77274,57.10561],[12.7505,57.09735],[12.75225,57.09401],[12.74247,57.08513],[12.74979,57.08353],[12.76102,57.09398],[12.76917,57.09431],[12.77421,57.09187],[12.77874,57.09523],[12.7834,57.0907],[12.78183,57.08667],[12.78922,57.08821],[12.79397,57.08632],[12.78864,57.08061],[12.79694,57.07971],[12.79245,57.07717],[12.79729,57.07494],[12.79725,57.07035],[12.79076,57.06661],[12.78843,57.05843],[12.80525,57.0656],[12.81751,57.06311],[12.82102,57.06714],[12.83258,57.06443],[12.82662,57.05726],[12.83818,57.04778],[12.81711,57.03483],[12.8239,57.02451],[12.8153,57.02618],[12.81042,57.03185],[12.80321,57.02597],[12.79427,57.02708],[12.76967,57.01857],[12.75767,57.02341],[12.75189,57.02309],[12.74999,57.01197],[12.75533,57.00883],[12.74289,57.00019],[12.73823,57.0001],[12.72952,57.00795],[12.72439,57.00126],[12.71702,57.00267],[12.70374,56.99961],[12.71111,56.99554],[12.70936,56.99256],[12.7018,56.99312],[12.68419,56.98577],[12.67578,56.98871],[12.67338,56.98585],[12.67871,56.98286],[12.67719,56.97838],[12.6706,56.97826],[12.66968,56.98129],[12.65168,56.97927],[12.65076,56.97743],[12.66306,56.97401],[12.66423,56.97052],[12.66229,56.96852],[12.65822,56.97069],[12.65574,56.96924],[12.65706,56.95915],[12.64295,56.95734],[12.64139,56.95493],[12.64748,56.95335],[12.6503,56.94189],[12.65623,56.94158],[12.64838,56.93772],[12.64174,56.94117],[12.63774,56.93948],[12.63949,56.93621],[12.62525,56.93384],[12.62665,56.93199],[12.64704,56.93048],[12.62429,56.9286],[12.61502,56.92115],[12.60736,56.92044],[12.5968,56.91298],[12.58418,56.91227],[12.5803,56.90616],[12.57404,56.90765],[12.56654,56.90462],[12.56799,56.90269],[12.57294,56.90489],[12.56892,56.89955],[12.57646,56.89611],[12.58084,56.89978],[12.59342,56.89766],[12.60848,56.90693],[12.62203,56.90787],[12.61963,56.9052],[12.63503,56.90107],[12.6244,56.89479],[12.62511,56.88764],[12.61909,56.88542],[12.62282,56.88331],[12.63101,56.88361],[12.63764,56.8882],[12.64656,56.88921],[12.65409,56.89787],[12.66425,56.89348],[12.68145,56.89742],[12.68806,56.8957],[12.69305,56.87782],[12.70178,56.87966],[12.70746,56.88749],[12.72626,56.88629],[12.72151,56.87666],[12.71531,56.87795],[12.71485,56.86933],[12.70874,56.86666],[12.71321,56.86478],[12.72183,56.86852],[12.72484,56.86324],[12.69857,56.85482],[12.70245,56.85216],[12.71071,56.85533],[12.72301,56.85534],[12.73507,56.85093],[12.73591,56.84547],[12.72855,56.84016],[12.73429,56.83841],[12.75043,56.85977],[12.75031,56.86819],[12.76276,56.85494],[12.75399,56.85169],[12.76294,56.84773],[12.75761,56.84469],[12.76027,56.83664],[12.76353,56.84203],[12.77143,56.84498],[12.77219,56.85159],[12.78052,56.85146],[12.77941,56.85509],[12.79576,56.86184],[12.80659,56.85499],[12.80161,56.85237],[12.81323,56.84432],[12.81724,56.85244],[12.82355,56.85414],[12.84073,56.84957],[12.8305,56.84434],[12.82955,56.8377],[12.8365,56.83308],[12.83879,56.82567],[12.84961,56.82206],[12.8525,56.81281],[12.84689,56.81373],[12.83979,56.82133],[12.83195,56.81965],[12.83064,56.81042],[12.83866,56.80362],[12.83384,56.80105],[12.83343,56.79412],[12.82948,56.79459],[12.83046,56.80334],[12.8229,56.81008],[12.8152,56.80841],[12.80776,56.81186],[12.80178,56.80578],[12.79552,56.80785],[12.79881,56.81289],[12.79612,56.81495],[12.78896,56.81482],[12.78578,56.81238],[12.7791,56.81713],[12.7735,56.81661],[12.76196,56.82122]],[[13.12828,56.58127],[13.13177,56.5802],[13.13327,56.57685],[13.12566,56.57252],[13.10943,56.57156],[13.10732,56.57309],[13.11839,56.57817],[13.12828,56.58127]],[[13.40117,56.60829],[13.41123,56.60851],[13.41707,56.59862],[13.41159,56.59579],[13.4003,56.59399],[13.39686,56.6011],[13.40117,56.60829]],[[13.18658,56.60347],[13.16554,56.59727],[13.15798,56.60361],[13.16064,56.60641],[13.19994,56.60977],[13.20326,56.59529],[13.18999,56.58908],[13.17049,56.58714],[13.17079,56.59145],[13.18512,56.59854],[13.18658,56.60347]],[[13.09598,56.5761],[13.08356,56.57855],[13.08892,56.58497],[13.0773,56.5833],[13.0734,56.58492],[13.07544,56.58987],[13.07126,56.592],[13.08093,56.59693],[13.07091,56.59878],[13.10741,56.61037],[13.11087,56.61744],[13.11902,56.61925],[13.12281,56.59242],[13.11267,56.58665],[13.10175,56.58789],[13.10232,56.57807],[13.09598,56.5761]],[[12.97665,56.61308],[12.9841,56.61341],[12.98647,56.60713],[12.97388,56.60216],[12.97665,56.61308]],[[12.96694,56.60569],[12.96087,56.60967],[12.961,56.61439],[12.96983,56.61346],[12.97162,56.61026],[12.96694,56.60569]],[[13.16454,56.62065],[13.15194,56.61792],[13.14704,56.61918],[13.14805,56.62195],[13.16099,56.62542],[13.16454,56.62065]],[[12.96954,56.61903],[12.96058,56.61972],[12.95968,56.6239],[12.95338,56.62585],[12.95935,56.62841],[12.95447,56.63076],[12.96475,56.63226],[12.97002,56.63081],[12.96954,56.61903]],[[12.91128,56.64549],[12.92032,56.64332],[12.91139,56.64198],[12.90436,56.64846],[12.90777,56.64908],[12.91128,56.64549]],[[12.85359,56.74125],[12.85091,56.73894],[12.83947,56.73792],[12.8429,56.74346],[12.85359,56.74125]],[[12.90343,56.75923],[12.91578,56.77306],[12.91305,56.76094],[12.90343,56.75923]],[[12.86966,56.77927],[12.87148,56.77729],[12.85826,56.77145],[12.85704,56.77708],[12.86966,56.77927]],[[13.09809,57.19209],[13.0939,57.19149],[13.09105,57.19397],[13.09344,57.2037],[13.11048,57.20611],[13.10439,57.21383],[13.10927,57.21783],[13.11488,57.21623],[13.11834,57.20674],[13.09937,57.19901],[13.09809,57.19209]],[[13.31194,57.25835],[13.32414,57.26366],[13.32554,57.25375],[13.31709,57.25336],[13.31194,57.25835]],[[13.30765,57.27289],[13.29876,57.26519],[13.29048,57.27153],[13.30162,57.27898],[13.30765,57.27289]],[[13.32665,57.29575],[13.33264,57.29344],[13.33082,57.28485],[13.32104,57.28736],[13.32665,57.29575]],[[13.42192,57.30147],[13.40546,57.30189],[13.41653,57.30828],[13.42192,57.30147]],[[13.23211,57.29712],[13.24181,57.30568],[13.24069,57.30931],[13.25563,57.31149],[13.25898,57.30648],[13.2553,57.30032],[13.24729,57.297],[13.23211,57.29712]],[[13.61546,57.34348],[13.61846,57.33958],[13.61285,57.33222],[13.61278,57.32267],[13.62411,57.30426],[13.62112,57.29637],[13.61601,57.29421],[13.61061,57.29541],[13.60169,57.30739],[13.59905,57.31746],[13.58314,57.32195],[13.5822,57.33066],[13.56732,57.33297],[13.57329,57.33954],[13.58122,57.34258],[13.58044,57.34702],[13.58651,57.34905],[13.58574,57.35325],[13.59272,57.36105],[13.59757,57.36321],[13.61013,57.36096],[13.61431,57.36933],[13.62463,57.36891],[13.64191,57.36545],[13.63008,57.36216],[13.61546,57.34348]],[[13.44846,57.34167],[13.47009,57.34909],[13.46856,57.34416],[13.45441,57.33893],[13.44735,57.34025],[13.44846,57.34167]],[[13.49143,57.37453],[13.50514,57.37464],[13.50868,57.37075],[13.5015,57.36098],[13.49585,57.36365],[13.49143,57.37453]],[[13.75197,56.58411],[13.73944,56.5863],[13.73336,56.59283],[13.72729,56.59193],[13.72005,56.59522],[13.71618,56.59322],[13.71906,56.58693],[13.70632,56.5875],[13.71165,56.58048],[13.69805,56.58601],[13.69373,56.59116],[13.70721,56.59874],[13.70721,56.6038],[13.70103,56.60822],[13.70774,56.61124],[13.70517,56.61919],[13.71082,56.62096],[13.72547,56.61559],[13.74868,56.61447],[13.74943,56.61097],[13.73855,56.60524],[13.7382,56.60039],[13.74465,56.59393],[13.75556,56.59895],[13.76578,56.59541],[13.76217,56.5888],[13.75197,56.58411]],[[13.64146,56.60122],[13.63872,56.60419],[13.64348,56.60859],[13.6719,56.609],[13.67391,56.59523],[13.66202,56.59539],[13.64146,56.60122]],[[13.73961,56.62696],[13.73918,56.63227],[13.74909,56.62516],[13.73038,56.62121],[13.72009,56.62414],[13.71896,56.6275],[13.72498,56.63028],[13.73961,56.62696]],[[13.65439,56.63847],[13.66993,56.6312],[13.6834,56.62943],[13.6858,56.62519],[13.69379,56.62977],[13.70113,56.62746],[13.69091,56.62468],[13.68949,56.62161],[13.6589,56.62603],[13.6531,56.63167],[13.64164,56.63328],[13.64288,56.63603],[13.65439,56.63847]],[[13.70582,56.63195],[13.70735,56.63936],[13.72714,56.63671],[13.71272,56.63137],[13.70582,56.63195]],[[13.72284,56.65204],[13.72033,56.64717],[13.68877,56.64623],[13.68128,56.64087],[13.6803,56.64535],[13.68765,56.64885],[13.7008,56.64812],[13.72284,56.65204]],[[13.7948,56.65318],[13.78528,56.65624],[13.78463,56.64978],[13.77338,56.64581],[13.7912,56.64648],[13.79128,56.644],[13.77889,56.64088],[13.76334,56.62936],[13.75911,56.63409],[13.76923,56.64542],[13.77164,56.65478],[13.76329,56.66614],[13.75309,56.6661],[13.74647,56.66277],[13.74297,56.66534],[13.75476,56.67469],[13.757,56.68208],[13.76981,56.66789],[13.78289,56.66698],[13.79456,56.66897],[13.79831,56.66592],[13.7948,56.65318]],[[13.80073,56.68316],[13.78966,56.67844],[13.78504,56.67944],[13.79402,56.68467],[13.80562,56.68501],[13.81888,56.69026],[13.818,56.68225],[13.80073,56.68316]],[[13.67095,56.71804],[13.66155,56.72094],[13.66975,56.72319],[13.68412,56.72116],[13.67095,56.71804]],[[13.71895,56.7342],[13.72342,56.73675],[13.73094,56.73263],[13.73228,56.72146],[13.71534,56.71535],[13.70556,56.72141],[13.71446,56.72237],[13.7192,56.72605],[13.71895,56.7342]],[[13.84139,56.92042],[13.83073,56.91667],[13.8302,56.92523],[13.83606,56.92676],[13.849,56.92344],[13.85171,56.91883],[13.85981,56.92232],[13.86933,56.92161],[13.85715,56.90863],[13.84814,56.90546],[13.84241,56.89565],[13.81659,56.88481],[13.83855,56.90439],[13.83882,56.91225],[13.84711,56.91816],[13.84139,56.92042]],[[13.88556,56.9197],[13.90056,56.91609],[13.88994,56.90766],[13.88251,56.89581],[13.87355,56.90085],[13.87313,56.9092],[13.87647,56.9147],[13.88556,56.9197]],[[13.72199,56.90662],[13.70191,56.90124],[13.71328,56.89497],[13.72122,56.89777],[13.74606,56.91585],[13.74889,56.92318],[13.75468,56.92667],[13.75187,56.93388],[13.76003,56.9435],[13.77358,56.94532],[13.78069,56.94244],[13.77018,56.93293],[13.78318,56.92653],[13.7719,56.92228],[13.77585,56.91523],[13.76748,56.89908],[13.74707,56.87936],[13.74057,56.86806],[13.74132,56.86091],[13.73215,56.85155],[13.71523,56.84558],[13.70022,56.84641],[13.69046,56.84354],[13.66887,56.8297],[13.66487,56.8199],[13.65506,56.81988],[13.64318,56.82381],[13.64599,56.83087],[13.64173,56.8367],[13.65357,56.84904],[13.65316,56.86015],[13.64583,56.86482],[13.65338,56.87613],[13.66063,56.88041],[13.67068,56.89991],[13.66369,56.90968],[13.65228,56.9143],[13.65589,56.92108],[13.66718,56.92764],[13.67088,56.94764],[13.68258,56.957],[13.67919,56.96625],[13.68218,56.96823],[13.68193,56.98369],[13.69378,56.98858],[13.69866,56.99623],[13.70827,57.00206],[13.72056,57.02506],[13.74803,57.04079],[13.76635,57.032],[13.7912,57.02775],[13.79679,57.03004],[13.81189,57.02894],[13.81715,57.01655],[13.80405,57.01216],[13.79036,56.99613],[13.76637,56.98036],[13.76488,56.97331],[13.75961,56.97139],[13.75964,56.98618],[13.75049,56.99058],[13.75143,56.98553],[13.74646,56.9805],[13.74912,56.97786],[13.73383,56.97363],[13.74371,56.97029],[13.73362,56.96233],[13.739,56.95761],[13.731,56.95884],[13.72456,56.96673],[13.71869,56.96555],[13.70006,56.93962],[13.71443,56.93995],[13.70539,56.93397],[13.71118,56.93248],[13.712,56.92856],[13.72148,56.92917],[13.73298,56.92302],[13.73413,56.91938],[13.72914,56.91521],[13.71896,56.91263],[13.72199,56.90662]],[[13.81748,56.93774],[13.80298,56.94961],[13.80652,56.95129],[13.8136,56.94953],[13.82545,56.93768],[13.81748,56.93774]],[[13.88947,56.93517],[13.88365,56.9321],[13.88562,56.92938],[13.87819,56.926],[13.86183,56.93216],[13.85332,56.94992],[13.86886,56.95408],[13.87563,56.9599],[13.8924,56.96615],[13.89127,56.96102],[13.87989,56.95193],[13.88009,56.94801],[13.8921,56.94151],[13.88771,56.93965],[13.88947,56.93517]],[[13.82593,57.2364],[13.83269,57.22047],[13.81583,57.21652],[13.81294,57.21972],[13.81825,57.22426],[13.8197,57.23263],[13.82593,57.2364]],[[13.71417,57.31991],[13.72362,57.32165],[13.7264,57.29252],[13.71619,57.29162],[13.70606,57.3144],[13.71417,57.31991]],[[13.81572,57.32488],[13.82134,57.32746],[13.84207,57.32039],[13.84079,57.31768],[13.84796,57.31269],[13.83859,57.30725],[13.83083,57.3086],[13.82012,57.31692],[13.82055,57.32254],[13.81572,57.32488]],[[13.73452,57.32409],[13.74092,57.3191],[13.732,57.31073],[13.73063,57.31654],[13.73452,57.32409]],[[13.78609,57.31435],[13.77516,57.31727],[13.7809,57.32224],[13.77766,57.33393],[13.79267,57.3314],[13.78902,57.32863],[13.79506,57.32188],[13.78609,57.31435]],[[13.68941,57.32293],[13.67819,57.31534],[13.65472,57.31344],[13.6586,57.32106],[13.66948,57.31795],[13.67449,57.3194],[13.66993,57.32708],[13.6749,57.32952],[13.67371,57.33371],[13.68564,57.33047],[13.68981,57.33164],[13.69269,57.32802],[13.68941,57.32293]],[[13.88811,56.69576],[13.91852,56.70296],[13.92093,56.70186],[13.90654,56.69373],[13.89153,56.69226],[13.88811,56.69576]],[[13.90514,56.70663],[13.90013,56.70792],[13.91411,56.71431],[13.91981,56.71139],[13.90514,56.70663]],[[13.96724,56.78114],[13.99479,56.77105],[13.98471,56.76575],[13.96744,56.76388],[13.95927,56.77729],[13.96724,56.78114]],[[14.03676,56.79443],[14.03888,56.7966],[14.04934,56.7978],[14.04845,56.79241],[14.03676,56.79443]],[[14.04916,56.80496],[14.05524,56.8073],[14.04878,56.80973],[14.04792,56.81351],[14.05519,56.81937],[14.0606,56.8181],[14.06404,56.80858],[14.07582,56.80305],[14.0607,56.79339],[14.06084,56.79831],[14.06588,56.80143],[14.04916,56.80496]],[[14.10476,56.84453],[14.10915,56.8506],[14.11925,56.84941],[14.10252,56.82781],[14.08183,56.829],[14.08516,56.83948],[14.0766,56.84405],[14.08213,56.84837],[14.09548,56.8505],[14.10476,56.84453]],[[14.01699,56.84135],[14.00623,56.84145],[14.00501,56.84539],[14.02102,56.84376],[14.02594,56.83861],[14.02273,56.83718],[14.01699,56.84135]],[[14.03225,56.87516],[14.04189,56.85923],[14.02313,56.86126],[14.02872,56.86951],[14.02167,56.87793],[14.03225,56.87516]],[[13.90377,56.87634],[13.92768,56.8875],[13.94439,56.89082],[13.94984,56.8846],[13.949,56.8787],[13.93548,56.87942],[13.93122,56.87588],[13.92608,56.87639],[13.92083,56.87172],[13.91056,56.8721],[13.90377,56.87634]],[[13.90105,56.90495],[13.90066,56.90979],[13.90633,56.91181],[13.91974,56.90942],[13.91548,56.91477],[13.93293,56.91478],[13.92735,56.91234],[13.92948,56.90969],[13.9255,56.90538],[13.93794,56.90092],[13.91819,56.89191],[13.91153,56.89178],[13.91537,56.89497],[13.90787,56.90305],[13.90105,56.90495]],[[13.90618,56.92269],[13.90072,56.92517],[13.89105,56.92517],[13.90658,56.93823],[13.92975,56.93609],[13.92606,56.93051],[13.91736,56.92959],[13.90618,56.92269]],[[13.93449,56.94399],[13.9292,56.93749],[13.91831,56.94116],[13.92375,56.94394],[13.9199,56.94841],[13.93449,56.94399]],[[13.95158,56.95143],[13.95232,56.94643],[13.94574,56.94296],[13.94233,56.95009],[13.95158,56.95143]],[[13.90471,56.94935],[13.90057,56.94622],[13.89492,56.95045],[13.90388,56.95432],[13.90471,56.94935]],[[13.99092,56.95141],[13.98064,56.96515],[13.98485,56.96862],[13.98874,56.95801],[13.99557,56.9525],[13.99092,56.95141]],[[14.11539,57.13195],[14.11334,57.12714],[14.1055,57.12477],[14.09096,57.12827],[14.08836,57.136],[14.10834,57.13539],[14.11539,57.13195]],[[13.96443,57.1395],[13.9599,57.14129],[13.95998,57.15073],[13.96799,57.14753],[13.96443,57.1395]],[[14.08235,57.16524],[14.08168,57.16947],[14.09424,57.16281],[14.0885,57.16191],[14.08235,57.16524]],[[13.96216,57.22043],[13.9735,57.23152],[13.98609,57.22552],[13.99436,57.22579],[13.99871,57.21797],[13.97993,57.21417],[13.97806,57.21615],[13.96631,57.21711],[13.96216,57.22043]],[[13.95124,57.22544],[13.95267,57.22978],[13.9602,57.23175],[13.96046,57.22251],[13.95124,57.22544]],[[13.96352,57.28272],[13.96601,57.26768],[13.99881,57.23816],[13.99626,57.23213],[13.98397,57.23175],[13.9723,57.23741],[13.97638,57.24277],[13.96243,57.24757],[13.96132,57.25346],[13.95586,57.25121],[13.95332,57.24034],[13.94233,57.23814],[13.92938,57.23087],[13.92403,57.22353],[13.91685,57.22136],[13.90945,57.22677],[13.91086,57.23577],[13.90471,57.2381],[13.90118,57.24354],[13.87978,57.24906],[13.87898,57.26272],[13.86933,57.25224],[13.85364,57.24578],[13.85362,57.24929],[13.8449,57.25504],[13.85037,57.27341],[13.89182,57.29652],[13.91258,57.30475],[13.92151,57.30099],[13.93127,57.28662],[13.95645,57.28519],[13.96352,57.28272]]],[[[14.04179,57.05323],[14.03726,57.04926],[14.03941,57.04549],[14.03407,57.04299],[14.03417,57.0392],[14.03806,57.03804],[14.04247,57.04004],[14.05474,57.03508],[14.05846,57.041],[14.05462,57.04518],[14.05056,57.04262],[14.0469,57.04484],[14.04913,57.04823],[14.04426,57.05718],[14.03861,57.05685],[14.04179,57.05323]]]]}},{"type":"Feature","properties":{"fs":"CAR","t":45.0},"geometry":{"type":"MultiPolygon","coordinates":[[[[12.9669,56.81223],[12.95918,56.81309],[12.95541,56.80938],[12.95878,56.80634],[12.969,56.80904],[12.9669,56.81223]]],[[[12.84369,56.93162],[12.84942,56.92582],[12.85145,56.93288],[12.85782,56.93607],[12.86492,56.93465],[12.86911,56.94076],[12.87613,56.9392],[12.88924,56.94365],[12.89847,56.94013],[12.90589,56.94686],[12.91605,56.9419],[12.93149,56.94153],[12.93228,56.93459],[12.91639,56.9358],[12.92086,56.93253],[12.90234,56.92532],[12.90311,56.92308],[12.91294,56.924],[12.89621,56.9151],[12.88801,56.90177],[12.89991,56.90684],[12.90873,56.90759],[12.90243,56.91231],[12.91508,56.91785],[12.94731,56.91539],[12.94496,56.91835],[12.93102,56.9222],[12.9475,56.93056],[12.95184,56.93102],[12.95401,56.92421],[12.9623,56.92294],[12.9665,56.92441],[12.96479,56.92911],[12.97264,56.93588],[12.97973,56.93445],[12.97594,56.92709],[12.98456,56.91487],[12.98412,56.90988],[12.98129,56.90878],[12.97367,56.91442],[12.96578,56.91092],[12.95648,56.91203],[12.96513,56.90389],[12.96167,56.90159],[12.9585,56.90781],[12.95084,56.90717],[12.95375,56.9009],[12.94849,56.90004],[12.94311,56.88902],[12.95085,56.88816],[12.96278,56.89206],[12.97288,56.88876],[12.96716,56.87598],[12.95411,56.87549],[12.95823,56.8705],[12.96692,56.87092],[12.96731,56.86854],[12.95972,56.86266],[12.94883,56.85961],[12.95961,56.8569],[12.96582,56.85827],[12.97271,56.85403],[12.96451,56.85399],[12.96464,56.84688],[12.9592,56.84805],[12.95348,56.84473],[12.94994,56.83926],[12.95415,56.8373],[12.95479,56.83015],[12.91819,56.82982],[12.91423,56.82723],[12.94203,56.82471],[12.94521,56.82044],[12.96238,56.82241],[12.95936,56.81674],[12.96276,56.8154],[12.96959,56.81937],[12.97027,56.82808],[12.97559,56.82922],[12.97956,56.81567],[12.98366,56.81882],[12.9808,56.82271],[12.98507,56.8291],[13.01477,56.83645],[13.01432,56.83293],[13.03001,56.82518],[13.02775,56.81621],[13.02251,56.81355],[13.02271,56.80494],[13.02709,56.80435],[13.03057,56.81368],[13.03928,56.81599],[13.03495,56.82048],[13.03895,56.8242],[13.05507,56.82747],[13.03847,56.83149],[13.04765,56.83725],[13.04183,56.84558],[13.0458,56.858],[13.05027,56.8606],[13.07406,56.84665],[13.08631,56.84761],[13.09063,56.84574],[13.08883,56.84332],[13.08239,56.84415],[13.07892,56.84176],[13.08929,56.8393],[13.08445,56.83389],[13.08648,56.82746],[13.07717,56.82255],[13.06372,56.82365],[13.06389,56.82023],[13.07757,56.81806],[13.08461,56.82076],[13.09344,56.82076],[13.09008,56.82377],[13.10264,56.82862],[13.10127,56.82277],[13.13437,56.82145],[13.13961,56.8131],[13.14805,56.81154],[13.1305,56.80412],[13.11917,56.8055],[13.11557,56.80404],[13.1206,56.79726],[13.11411,56.79742],[13.11645,56.79338],[13.12375,56.79312],[13.13303,56.78815],[13.11305,56.77442],[13.12027,56.77069],[13.12412,56.773],[13.13419,56.77097],[13.13654,56.76785],[13.13316,56.75951],[13.12992,56.75918],[13.12576,56.76319],[13.12467,56.76964],[13.11416,56.76255],[13.09604,56.76433],[13.09158,56.76913],[13.08953,56.76433],[13.11213,56.75456],[13.10718,56.74887],[13.11174,56.74052],[13.10479,56.73873],[13.10346,56.73393],[13.09639,56.72968],[13.09418,56.73548],[13.08182,56.73079],[13.07789,56.73438],[13.0708,56.73072],[13.05442,56.73135],[13.06888,56.72498],[13.07523,56.72732],[13.07318,56.71915],[13.06757,56.71401],[13.0594,56.71388],[13.05842,56.70946],[13.04971,56.71373],[13.04017,56.71056],[13.04549,56.7065],[13.05317,56.70606],[13.05388,56.70228],[13.07082,56.70535],[13.0755,56.70121],[13.08671,56.70405],[13.07996,56.69623],[13.07358,56.69535],[13.07518,56.68913],[13.09484,56.69985],[13.11185,56.69905],[13.10882,56.69589],[13.11145,56.69418],[13.11955,56.69557],[13.11487,56.69058],[13.11825,56.68249],[13.10961,56.68011],[13.11799,56.6756],[13.10887,56.66943],[13.10248,56.66961],[13.10526,56.66516],[13.09814,56.66225],[13.10018,56.65958],[13.10932,56.66298],[13.12021,56.66188],[13.11542,56.66588],[13.12104,56.67074],[13.12402,56.66376],[13.13066,56.66199],[13.12822,56.66485],[13.13351,56.66868],[13.14443,56.66716],[13.15876,56.67116],[13.17728,56.68383],[13.18584,56.68616],[13.18563,56.67984],[13.1935,56.67883],[13.19522,56.67505],[13.2043,56.67709],[13.20605,56.68322],[13.20939,56.6792],[13.22051,56.67599],[13.232,56.68107],[13.22623,56.67291],[13.22903,56.66825],[13.22109,56.6635],[13.24028,56.66756],[13.25223,56.66563],[13.25347,56.66915],[13.26664,56.67116],[13.26441,56.66697],[13.25727,56.66413],[13.265,56.66244],[13.28157,56.66568],[13.26992,56.65513],[13.27355,56.65385],[13.28078,56.65732],[13.28527,56.65401],[13.29058,56.66054],[13.31241,56.66267],[13.29753,56.66742],[13.31156,56.6817],[13.33348,56.6819],[13.31719,56.68955],[13.32048,56.69288],[13.34949,56.68489],[13.35938,56.67976],[13.37708,56.65501],[13.36691,56.64921],[13.37075,56.65769],[13.36748,56.6627],[13.36286,56.66517],[13.35801,56.66257],[13.35255,56.66587],[13.34515,56.66596],[13.35094,56.66192],[13.3395,56.66114],[13.33502,56.65862],[13.34948,56.65446],[13.33144,56.64727],[13.33798,56.64644],[13.34718,56.64886],[13.35209,56.64719],[13.34195,56.64594],[13.33115,56.63657],[13.32149,56.63618],[13.32313,56.63087],[13.31842,56.63074],[13.31536,56.63659],[13.30749,56.63588],[13.31217,56.63374],[13.31009,56.62908],[13.2984,56.62843],[13.28927,56.62192],[13.31437,56.6244],[13.3196,56.61854],[13.33013,56.62514],[13.33961,56.62674],[13.35365,56.62299],[13.36282,56.61715],[13.36143,56.61404],[13.36663,56.61154],[13.36173,56.60703],[13.36638,56.60554],[13.3782,56.60893],[13.37526,56.61212],[13.38219,56.6167],[13.37752,56.61882],[13.38514,56.61931],[13.39234,56.62371],[13.39164,56.62819],[13.37998,56.63268],[13.37712,56.63643],[13.38693,56.64653],[13.41954,56.63712],[13.41734,56.6347],[13.42081,56.6311],[13.42434,56.63591],[13.43243,56.63331],[13.43823,56.63483],[13.43261,56.64135],[13.42396,56.6411],[13.42264,56.64628],[13.45554,56.65378],[13.45191,56.65528],[13.42447,56.65318],[13.41965,56.65888],[13.42937,56.65788],[13.44007,56.66124],[13.43995,56.664],[13.43267,56.66454],[13.44524,56.66889],[13.42762,56.66928],[13.43004,56.67876],[13.43922,56.68187],[13.44207,56.67769],[13.45161,56.67501],[13.44881,56.68115],[13.4705,56.68715],[13.46173,56.68964],[13.47542,56.69945],[13.46839,56.70947],[13.47495,56.71601],[13.49333,56.70968],[13.49451,56.70558],[13.48416,56.70288],[13.4909,56.69711],[13.49803,56.7007],[13.50215,56.69977],[13.49666,56.69645],[13.50515,56.69475],[13.50792,56.68833],[13.5136,56.69415],[13.5208,56.68624],[13.52643,56.69536],[13.54798,56.70233],[13.556,56.70181],[13.55967,56.69694],[13.56816,56.69507],[13.56556,56.68297],[13.55316,56.68058],[13.54696,56.67578],[13.53287,56.68076],[13.53453,56.67418],[13.5206,56.67184],[13.5141,56.6651],[13.52622,56.66505],[13.53406,56.66884],[13.54232,56.66627],[13.56342,56.67223],[13.58323,56.67433],[13.58406,56.6704],[13.57464,56.66201],[13.55826,56.66056],[13.56298,56.65711],[13.57892,56.65673],[13.58405,56.64794],[13.55976,56.64785],[13.58462,56.64402],[13.58768,56.63731],[13.60014,56.631],[13.59649,56.63678],[13.60385,56.64086],[13.59977,56.64784],[13.59389,56.64609],[13.59348,56.65247],[13.6039,56.65751],[13.59918,56.6637],[13.61294,56.65711],[13.6189,56.65795],[13.61372,56.66189],[13.60935,56.67827],[13.61506,56.67679],[13.62268,56.66943],[13.63379,56.67246],[13.64505,56.67136],[13.63526,56.68838],[13.62927,56.69162],[13.63998,56.69181],[13.64747,56.68228],[13.65558,56.6931],[13.67145,56.69282],[13.67463,56.68951],[13.66846,56.68725],[13.67908,56.68647],[13.68308,56.69246],[13.69276,56.69279],[13.6962,56.68932],[13.70292,56.69416],[13.69927,56.69651],[13.68288,56.69802],[13.6834,56.70631],[13.67261,56.69974],[13.65796,56.70042],[13.66375,56.70519],[13.66111,56.70748],[13.64188,56.70299],[13.62195,56.70639],[13.62352,56.71409],[13.62908,56.71801],[13.65836,56.72752],[13.68075,56.72987],[13.69118,56.72366],[13.70239,56.72434],[13.70741,56.72678],[13.71335,56.73976],[13.73421,56.74488],[13.73922,56.73777],[13.74818,56.73351],[13.74675,56.72381],[13.7574,56.71332],[13.74869,56.70642],[13.7531,56.70422],[13.7592,56.70498],[13.76546,56.70891],[13.77348,56.70555],[13.77382,56.70021],[13.79081,56.70618],[13.78055,56.708],[13.77566,56.71308],[13.77993,56.71909],[13.77802,56.723],[13.79779,56.71963],[13.80039,56.72202],[13.7938,56.72449],[13.79629,56.72647],[13.80238,56.72759],[13.80197,56.72467],[13.80927,56.72383],[13.81557,56.73066],[13.82824,56.73387],[13.82357,56.73607],[13.81263,56.73484],[13.81008,56.73735],[13.83233,56.7501],[13.84112,56.75126],[13.84049,56.75546],[13.8274,56.76065],[13.83305,56.7655],[13.84912,56.77351],[13.87004,56.77075],[13.87376,56.76587],[13.88202,56.76904],[13.88983,56.76728],[13.89126,56.7727],[13.90718,56.78147],[13.89765,56.79248],[13.90813,56.7972],[13.90506,56.80602],[13.91699,56.80928],[13.92021,56.81296],[13.90909,56.81715],[13.9045,56.81626],[13.90834,56.82528],[13.90563,56.83031],[13.89955,56.82801],[13.89456,56.81505],[13.88457,56.80963],[13.87444,56.8115],[13.87076,56.81484],[13.87172,56.81691],[13.87887,56.81744],[13.87676,56.81953],[13.88284,56.82159],[13.88026,56.82255],[13.86735,56.81926],[13.86041,56.81007],[13.85223,56.81251],[13.85276,56.81767],[13.8406,56.81344],[13.84518,56.81004],[13.8472,56.79848],[13.85139,56.80652],[13.8637,56.80298],[13.84801,56.79111],[13.83507,56.7937],[13.81448,56.78954],[13.8153,56.79608],[13.82219,56.79642],[13.8152,56.80527],[13.82585,56.81021],[13.8145,56.8092],[13.80805,56.81482],[13.81352,56.81978],[13.82501,56.82102],[13.82338,56.82381],[13.83054,56.82425],[13.83356,56.82854],[13.83023,56.82991],[13.82711,56.82749],[13.81966,56.82813],[13.81257,56.82581],[13.79819,56.82687],[13.78395,56.83185],[13.78509,56.83622],[13.77284,56.83488],[13.77225,56.83735],[13.7839,56.84119],[13.77617,56.84273],[13.77287,56.84964],[13.76524,56.84795],[13.76927,56.84477],[13.76198,56.8381],[13.73276,56.83857],[13.74545,56.83456],[13.7428,56.82934],[13.70893,56.83152],[13.69553,56.82287],[13.68594,56.82258],[13.69456,56.81772],[13.67095,56.80487],[13.66757,56.79903],[13.6586,56.79943],[13.66576,56.80218],[13.66559,56.81169],[13.63346,56.81952],[13.64087,56.82434],[13.64326,56.82998],[13.64017,56.8352],[13.65352,56.8489],[13.65312,56.86014],[13.64578,56.86482],[13.66839,56.89174],[13.66892,56.90034],[13.66365,56.90967],[13.65223,56.91431],[13.65584,56.92108],[13.66714,56.92765],[13.67082,56.94764],[13.68254,56.95702],[13.67915,56.96626],[13.68214,56.96824],[13.68187,56.9837],[13.69374,56.98859],[13.69878,56.9973],[13.70702,57.00219],[13.71973,57.02534],[13.74636,57.04083],[13.7367,57.04856],[13.72833,57.0496],[13.73907,57.05455],[13.74362,57.06463],[13.7604,57.06766],[13.7749,57.06163],[13.75943,57.04906],[13.78738,57.0346],[13.7959,57.03636],[13.80337,57.05244],[13.8349,57.04621],[13.82482,57.03917],[13.83178,57.03886],[13.83372,57.03462],[13.84117,57.03511],[13.8438,57.02797],[13.83604,57.0264],[13.83411,57.02339],[13.83942,57.00884],[13.82439,57.00407],[13.82629,57.00072],[13.81434,56.99625],[13.82873,56.99681],[13.83399,57.00121],[13.84397,57.00313],[13.8512,57.00221],[13.84811,57.01066],[13.86435,57.00963],[13.86271,57.0127],[13.86977,57.01534],[13.87731,57.02982],[13.88178,57.02453],[13.8907,57.02334],[13.89565,57.03012],[13.8998,57.02462],[13.89132,57.01963],[13.90259,57.02148],[13.90433,57.0149],[13.92436,57.01058],[13.92392,57.01395],[13.91167,57.01903],[13.91795,57.02449],[13.90892,57.02828],[13.91262,57.03364],[13.9027,57.03973],[13.90663,57.04173],[13.91471,57.03843],[13.91641,57.04203],[13.89605,57.05133],[13.90595,57.05913],[13.91049,57.05061],[13.9162,57.06091],[13.93035,57.06318],[13.94544,57.07639],[13.93963,57.07669],[13.92951,57.07009],[13.92175,57.07109],[13.921,57.06726],[13.90934,57.06787],[13.90479,57.06498],[13.89641,57.06513],[13.89638,57.06031],[13.88977,57.06025],[13.88725,57.06711],[13.89653,57.074],[13.9017,57.07201],[13.92057,57.07617],[13.90816,57.07754],[13.90494,57.08056],[13.90016,57.07771],[13.8931,57.0812],[13.88057,57.07491],[13.87576,57.07725],[13.87903,57.09188],[13.88551,57.09348],[13.87866,57.09836],[13.88936,57.10278],[13.88308,57.10582],[13.88261,57.10974],[13.87505,57.11122],[13.87439,57.10728],[13.8589,57.099],[13.84879,57.11355],[13.85146,57.11901],[13.84543,57.12204],[13.83856,57.11061],[13.82922,57.10887],[13.83161,57.11988],[13.83666,57.12575],[13.84301,57.12707],[13.84283,57.13633],[13.84918,57.14397],[13.85192,57.14007],[13.85977,57.13808],[13.85723,57.13254],[13.86526,57.13163],[13.86327,57.12922],[13.87239,57.12369],[13.87168,57.11582],[13.87559,57.11445],[13.87889,57.11645],[13.8829,57.12884],[13.87764,57.13195],[13.88583,57.13448],[13.87751,57.13646],[13.88609,57.14283],[13.88251,57.14399],[13.87812,57.14143],[13.87422,57.14426],[13.86497,57.1444],[13.85243,57.15144],[13.85382,57.15665],[13.88041,57.16012],[13.8861,57.15568],[13.89807,57.15269],[13.899,57.16042],[13.8937,57.15602],[13.87892,57.17526],[13.86059,57.16612],[13.84935,57.16738],[13.84757,57.1747],[13.85812,57.17903],[13.84945,57.18361],[13.84387,57.1939],[13.83451,57.1736],[13.81493,57.17196],[13.8077,57.1758],[13.81492,57.18034],[13.80635,57.18152],[13.8,57.17804],[13.79768,57.16971],[13.794,57.16907],[13.79068,57.18638],[13.77673,57.1913],[13.77834,57.19468],[13.77074,57.20303],[13.78048,57.21356],[13.79367,57.20571],[13.80086,57.20739],[13.79256,57.21335],[13.79612,57.22573],[13.79025,57.23129],[13.78484,57.2304],[13.77879,57.23343],[13.76905,57.22772],[13.76997,57.21839],[13.76077,57.21117],[13.75971,57.21574],[13.75592,57.21664],[13.74391,57.20866],[13.73235,57.2136],[13.74256,57.21784],[13.73728,57.22074],[13.73657,57.22515],[13.74475,57.22937],[13.73504,57.23328],[13.72722,57.22758],[13.71074,57.22875],[13.7087,57.22431],[13.69938,57.22421],[13.69502,57.23034],[13.68788,57.22746],[13.68498,57.23431],[13.66896,57.23533],[13.65492,57.24171],[13.65563,57.24602],[13.64791,57.24641],[13.63954,57.25165],[13.63543,57.24374],[13.64014,57.23769],[13.63661,57.23281],[13.63212,57.23276],[13.63111,57.23921],[13.62327,57.24347],[13.62489,57.23689],[13.61882,57.23318],[13.59943,57.2462],[13.60511,57.25338],[13.61697,57.25498],[13.61122,57.25976],[13.61341,57.26351],[13.61854,57.26363],[13.61497,57.26673],[13.59986,57.26202],[13.59974,57.25851],[13.58983,57.25335],[13.59032,57.24746],[13.58459,57.24487],[13.5772,57.25194],[13.56078,57.25112],[13.55044,57.25388],[13.55465,57.25899],[13.54834,57.26116],[13.55447,57.26348],[13.54393,57.26785],[13.55006,57.27012],[13.54326,57.27177],[13.53868,57.26961],[13.53817,57.2449],[13.53208,57.24026],[13.53751,57.2338],[13.52053,57.23114],[13.55466,57.22347],[13.53374,57.21143],[13.55354,57.20783],[13.557,57.20529],[13.53079,57.19446],[13.50886,57.19965],[13.48719,57.1983],[13.4605,57.20368],[13.47217,57.21133],[13.47941,57.21132],[13.4837,57.21393],[13.48146,57.22443],[13.48798,57.2297],[13.50701,57.23265],[13.51819,57.23783],[13.49515,57.23583],[13.49394,57.24213],[13.48985,57.24404],[13.48259,57.23483],[13.47021,57.22738],[13.44748,57.22837],[13.45197,57.23656],[13.46865,57.24627],[13.48694,57.24864],[13.48313,57.25323],[13.48351,57.26278],[13.47513,57.26071],[13.46891,57.2525],[13.45487,57.25387],[13.45501,57.2505],[13.44067,57.24653],[13.42757,57.25016],[13.4268,57.24804],[13.43933,57.24156],[13.43256,57.23183],[13.41977,57.23869],[13.41647,57.23725],[13.41278,57.2328],[13.42015,57.22775],[13.41454,57.22599],[13.41663,57.2204],[13.40446,57.22755],[13.40247,57.23461],[13.39116,57.24184],[13.38501,57.24021],[13.37319,57.24708],[13.37136,57.24453],[13.39408,57.2291],[13.39541,57.2214],[13.38452,57.21606],[13.39764,57.21164],[13.38848,57.21113],[13.37862,57.21472],[13.37862,57.21191],[13.37041,57.20734],[13.37509,57.20677],[13.37262,57.20402],[13.35759,57.20486],[13.36543,57.20283],[13.35632,57.19833],[13.36007,57.19553],[13.35042,57.19547],[13.34845,57.20085],[13.33899,57.19834],[13.33286,57.20247],[13.30427,57.20536],[13.31073,57.21125],[13.30237,57.21301],[13.29786,57.20977],[13.29459,57.21052],[13.29964,57.22168],[13.29688,57.22361],[13.29354,57.21935],[13.28066,57.21524],[13.27667,57.20929],[13.27141,57.21119],[13.26822,57.21844],[13.26379,57.21908],[13.25221,57.21218],[13.26645,57.20663],[13.26499,57.20085],[13.2535,57.19592],[13.23821,57.19669],[13.23543,57.18162],[13.21902,57.18144],[13.21116,57.18648],[13.20325,57.18154],[13.18798,57.18193],[13.18658,57.18411],[13.19135,57.18692],[13.18634,57.18977],[13.17661,57.18696],[13.17881,57.18429],[13.17394,57.18254],[13.1749,57.19557],[13.17176,57.19616],[13.1616,57.18216],[13.14704,57.17347],[13.13741,57.17122],[13.14087,57.16769],[13.13282,57.16161],[13.13512,57.15855],[13.12812,57.15662],[13.12863,57.14905],[13.09018,57.13584],[13.0714,57.122],[13.03871,57.11061],[13.04339,57.11967],[13.02442,57.11334],[13.02023,57.12076],[13.00238,57.11916],[13.01713,57.11364],[13.01501,57.10982],[13.02163,57.10824],[13.02047,57.10415],[13.02827,57.1031],[13.02074,57.09917],[13.00381,57.1022],[13.00733,57.09669],[13.00117,57.09364],[13.00149,57.08765],[13.01385,57.088],[13.01907,57.09177],[13.02429,57.08904],[13.0189,57.08517],[13.03088,57.08311],[13.02685,57.08125],[13.01869,57.08278],[12.99465,57.07587],[13.01375,57.0754],[13.02355,57.07219],[13.0195,57.0644],[13.00541,57.058],[13.02893,57.05168],[13.00379,57.04201],[13.00843,57.03762],[12.98337,57.03195],[12.97936,57.03708],[12.96777,57.03942],[12.98023,57.04243],[12.97494,57.04501],[12.97002,57.04311],[12.95698,57.0436],[12.95394,57.04748],[12.95685,57.05069],[12.94806,57.05132],[12.93937,57.057],[12.93715,57.06223],[12.93349,57.06154],[12.94062,57.05067],[12.93435,57.04761],[12.94793,57.03959],[12.92897,57.02854],[12.93014,57.02603],[12.93424,57.02862],[12.93753,57.02748],[12.92935,57.0218],[12.92537,57.01001],[12.91458,57.00513],[12.90654,57.00626],[12.90867,57.00033],[12.89219,56.99151],[12.89698,56.98864],[12.89257,56.983],[12.88286,56.97769],[12.87703,56.96957],[12.86458,56.96603],[12.86133,56.95776],[12.85128,56.9559],[12.85588,56.95198],[12.85276,56.94813],[12.84063,56.94241],[12.83327,56.94309],[12.83271,56.94603],[12.82348,56.94362],[12.81099,56.94622],[12.8117,56.94286],[12.8207,56.93838],[12.84809,56.93857],[12.84369,56.93162]],[[13.1527,56.68314],[13.15708,56.68478],[13.1631,56.68154],[13.16191,56.67893],[13.15339,56.6767],[13.1527,56.68314]],[[13.12769,56.69358],[13.12637,56.70472],[13.13224,56.70723],[13.14125,56.7058],[13.14399,56.69944],[13.13969,56.6959],[13.14181,56.68736],[13.13204,56.68564],[13.13356,56.68265],[13.12305,56.6867],[13.12769,56.69358]],[[13.2233,56.73586],[13.20356,56.73016],[13.19901,56.73091],[13.2006,56.73509],[13.21447,56.7388],[13.2233,56.73586]],[[13.0999,56.84241],[13.10382,56.84282],[13.10952,56.83954],[13.10129,56.83513],[13.09514,56.83525],[13.0999,56.84241]],[[13.0797,56.86148],[13.10489,56.86018],[13.09548,56.85203],[13.08663,56.8547],[13.0797,56.86148]],[[13.10649,56.86905],[13.10348,56.87274],[13.11365,56.87449],[13.13047,56.86929],[13.1277,56.86164],[13.1323,56.86314],[13.13631,56.85965],[13.14534,56.86106],[13.15185,56.85344],[13.14933,56.85059],[13.14094,56.85415],[13.12836,56.85204],[13.11633,56.84476],[13.11374,56.84725],[13.11944,56.85113],[13.10653,56.85304],[13.11047,56.86124],[13.10336,56.86507],[13.10649,56.86905]],[[13.00889,56.87651],[13.01207,56.87207],[13.00985,56.86396],[12.99925,56.86578],[12.98932,56.85963],[12.9773,56.86239],[12.98212,56.86717],[12.98105,56.87995],[12.98871,56.88491],[12.98957,56.89008],[12.99657,56.8919],[12.99927,56.88721],[13.00332,56.88564],[13.00735,56.88702],[13.01492,56.88503],[13.00889,56.87651]],[[13.1336,56.88574],[13.13513,56.8809],[13.11225,56.88205],[13.10575,56.88532],[13.09048,56.88649],[13.0757,56.89286],[13.08079,56.90038],[13.10708,56.89794],[13.11591,56.89081],[13.1336,56.88574]],[[13.01784,56.98905],[13.00851,56.98087],[12.99535,56.98642],[13.00216,56.99378],[13.01784,56.98905]],[[12.9475,57.00076],[12.95266,56.99804],[12.96479,57.00217],[12.96929,56.99747],[12.97635,57.00713],[12.98863,57.00134],[12.98273,56.98954],[12.97031,56.98808],[12.96484,56.99402],[12.9531,56.98007],[12.94977,56.98507],[12.95223,56.99185],[12.94814,56.99375],[12.92398,56.98409],[12.93144,56.97635],[12.92985,56.97108],[12.92447,56.97076],[12.91995,56.97349],[12.92128,56.9773],[12.9161,56.97792],[12.89967,56.97132],[12.89755,56.9663],[12.89322,56.96648],[12.88868,56.9717],[12.9005,56.98089],[12.90662,56.99405],[12.91929,57.00142],[12.93242,56.99546],[12.93582,57.00029],[12.9475,57.00076]],[[13.07477,56.99436],[13.06877,56.98903],[13.06425,56.99686],[13.05045,56.99988],[13.06283,57.00435],[13.07564,57.00046],[13.07477,56.99436]],[[13.03259,57.01167],[13.04201,57.00887],[13.0444,57.00245],[13.03829,57.00116],[13.02348,57.00648],[13.02462,57.01155],[13.03259,57.01167]],[[13.04871,57.03804],[13.06907,57.03653],[13.05357,57.02885],[13.04016,57.03409],[13.04871,57.03804]],[[13.14496,57.06786],[13.14673,57.06199],[13.13729,57.06925],[13.14971,57.07552],[13.15151,57.07352],[13.14496,57.06786]],[[13.07177,57.07434],[13.06531,57.07736],[13.07441,57.08398],[13.07574,57.07974],[13.07177,57.07434]],[[13.07197,57.1027],[13.06875,57.10855],[13.0834,57.10948],[13.09079,57.10257],[13.06831,57.09703],[13.07197,57.1027]],[[13.13602,57.14579],[13.13926,57.14314],[13.12942,57.13839],[13.13773,57.15298],[13.15034,57.14881],[13.1549,57.14977],[13.15578,57.14771],[13.13602,57.14579]],[[13.22508,57.17383],[13.22779,57.16565],[13.23608,57.16886],[13.23936,57.16694],[13.23893,57.16262],[13.23376,57.15988],[13.22437,57.15901],[13.21678,57.16363],[13.19338,57.16654],[13.20291,57.1726],[13.19808,57.17618],[13.22752,57.17674],[13.23227,57.1747],[13.22508,57.17383]],[[13.26661,56.68829],[13.26239,56.69136],[13.26859,56.69534],[13.27877,56.69071],[13.27612,56.68407],[13.26888,56.68056],[13.2604,56.68472],[13.26661,56.68829]],[[13.4306,56.70507],[13.43879,56.7076],[13.43795,56.69849],[13.43026,56.69187],[13.42097,56.69428],[13.4306,56.70507]],[[13.52052,56.71271],[13.51604,56.70998],[13.52139,56.70372],[13.51932,56.7012],[13.51334,56.70068],[13.50377,56.71888],[13.51533,56.71809],[13.52052,56.71271]],[[13.80252,56.74907],[13.80048,56.7541],[13.80742,56.75796],[13.81887,56.75142],[13.79984,56.73514],[13.79639,56.73946],[13.80252,56.74907]],[[13.74305,56.78281],[13.741,56.79163],[13.75131,56.78921],[13.75007,56.79572],[13.75453,56.80019],[13.75117,56.80865],[13.7554,56.81487],[13.77683,56.81989],[13.77952,56.81854],[13.77535,56.81282],[13.78031,56.80978],[13.78716,56.81167],[13.78864,56.8173],[13.80055,56.81713],[13.80704,56.80639],[13.78984,56.80004],[13.7903,56.7978],[13.79943,56.79901],[13.79561,56.79551],[13.78155,56.79266],[13.78319,56.78959],[13.7916,56.78771],[13.7917,56.78476],[13.7868,56.78338],[13.77997,56.78872],[13.77503,56.78853],[13.7657,56.77678],[13.7698,56.77135],[13.73627,56.76479],[13.73683,56.77593],[13.74305,56.78281]],[[13.88269,56.79249],[13.87717,56.78879],[13.87276,56.79071],[13.87379,56.79926],[13.88134,56.79753],[13.88269,56.79249]],[[13.78619,57.14366],[13.79736,57.13998],[13.78389,57.12325],[13.7826,57.13857],[13.78619,57.14366]],[[13.52168,57.17662],[13.5058,57.17306],[13.49751,57.17352],[13.48729,57.17691],[13.48941,57.18199],[13.48478,57.18446],[13.46875,57.17935],[13.4729,57.18741],[13.47972,57.19128],[13.508,57.19218],[13.51947,57.1867],[13.52423,57.18072],[13.52168,57.17662]],[[13.25409,57.18708],[13.24412,57.18657],[13.24214,57.19197],[13.25322,57.19081],[13.25409,57.18708]],[[13.69384,57.20155],[13.70428,57.20444],[13.70317,57.19661],[13.69384,57.20155]],[[13.3315,57.19249],[13.32051,57.19711],[13.32273,57.19967],[13.33217,57.19853],[13.3315,57.19249]],[[13.73663,57.20466],[13.74309,57.20215],[13.73106,57.19856],[13.72766,57.19474],[13.72492,57.20033],[13.73099,57.20804],[13.73618,57.2076],[13.73663,57.20466]],[[13.39064,57.19831],[13.38463,57.19557],[13.37702,57.19814],[13.3807,57.20282],[13.39056,57.2021],[13.39064,57.19831]],[[13.67867,57.22434],[13.67725,57.22061],[13.67048,57.22194],[13.65648,57.21912],[13.65539,57.21687],[13.66167,57.21505],[13.65635,57.21196],[13.65359,57.20239],[13.62441,57.18719],[13.62201,57.2031],[13.63049,57.21168],[13.64108,57.21217],[13.64543,57.21487],[13.6376,57.22398],[13.64017,57.22499],[13.6519,57.22041],[13.65946,57.22604],[13.64841,57.23097],[13.65214,57.23859],[13.67332,57.22941],[13.67867,57.22434]],[[13.71837,57.21402],[13.71042,57.21927],[13.71939,57.22175],[13.72752,57.22618],[13.72823,57.22064],[13.71837,57.21402]],[[13.60352,57.21326],[13.59628,57.21313],[13.59112,57.21626],[13.59864,57.21929],[13.59979,57.22307],[13.5903,57.22752],[13.60112,57.2356],[13.60575,57.23486],[13.61492,57.22331],[13.61345,57.21767],[13.60352,57.21326]],[[13.56432,57.23678],[13.55485,57.24055],[13.56591,57.24901],[13.57424,57.24791],[13.57426,57.24068],[13.56432,57.23678]]],[[[13.89412,57.16389],[13.91389,57.16361],[13.90085,57.16755],[13.90895,57.17342],[13.88719,57.17506],[13.89412,57.16389]]],[[[13.93356,57.18037],[13.91925,57.17927],[13.91565,57.17404],[13.92038,57.17128],[13.93356,57.18037]]]]}},{"type":"Feature","properties":{"fs":"CAR","t":30.0},"geometry":{"type":"MultiPolygon","coordinates":[[[[13.41286,56.73545],[13.39981,56.72981],[13.38283,56.72692],[13.38429,56.72252],[13.38995,56.72154],[13.38981,56.72476],[13.40052,56.72514],[13.41548,56.73373],[13.41286,56.73545]]],[[[13.18508,56.94673],[13.17948,56.94433],[13.18612,56.93196],[13.19161,56.93264],[13.19184,56.94205],[13.20224,56.94789],[13.22181,56.94027],[13.21465,56.93283],[13.2312,56.92086],[13.22989,56.91059],[13.23331,56.91064],[13.24271,56.92551],[13.23404,56.93136],[13.24718,56.93589],[13.2796,56.9235],[13.28207,56.91595],[13.30171,56.90667],[13.29411,56.9],[13.29187,56.90597],[13.28541,56.90869],[13.26814,56.90481],[13.24188,56.90669],[13.25593,56.90032],[13.25982,56.88869],[13.26786,56.88318],[13.27205,56.87201],[13.2786,56.86714],[13.2723,56.86485],[13.26346,56.87301],[13.26193,56.88015],[13.23419,56.88482],[13.23319,56.88681],[13.24573,56.89017],[13.23335,56.89702],[13.22252,56.89293],[13.22246,56.89771],[13.21639,56.90043],[13.21526,56.89451],[13.20724,56.8958],[13.20226,56.88731],[13.22236,56.87724],[13.23003,56.87788],[13.23178,56.87594],[13.22683,56.87231],[13.21077,56.87027],[13.22637,56.86575],[13.22634,56.85564],[13.23492,56.8611],[13.23382,56.85448],[13.23929,56.85566],[13.2414,56.85361],[13.24211,56.84411],[13.23824,56.84226],[13.23068,56.84503],[13.23328,56.83889],[13.23041,56.83457],[13.23999,56.83218],[13.23745,56.82568],[13.25125,56.81781],[13.25877,56.80843],[13.24798,56.80934],[13.24251,56.80589],[13.24552,56.80165],[13.22516,56.80107],[13.2184,56.79621],[13.2321,56.79872],[13.23778,56.79487],[13.24169,56.79605],[13.23538,56.78052],[13.25044,56.77483],[13.25855,56.77818],[13.26319,56.77361],[13.27615,56.78109],[13.28722,56.77751],[13.29247,56.78033],[13.30367,56.7776],[13.31631,56.78098],[13.332,56.79378],[13.34219,56.78956],[13.34476,56.78539],[13.33839,56.78081],[13.34187,56.77735],[13.33139,56.77545],[13.34027,56.77115],[13.33389,56.76896],[13.33251,56.76557],[13.33751,56.76704],[13.34191,56.76485],[13.34899,56.76761],[13.35167,56.76479],[13.33249,56.75055],[13.3495,56.75512],[13.35441,56.74901],[13.34688,56.74287],[13.33146,56.73928],[13.34177,56.73719],[13.33885,56.72999],[13.35147,56.73737],[13.35862,56.73741],[13.36385,56.73453],[13.36306,56.72329],[13.35249,56.71978],[13.3513,56.71205],[13.36008,56.71567],[13.36411,56.71102],[13.36975,56.71032],[13.36811,56.71887],[13.37922,56.73361],[13.37589,56.73968],[13.39195,56.75048],[13.41219,56.75123],[13.42916,56.74478],[13.42605,56.7498],[13.43106,56.75234],[13.41925,56.75359],[13.41353,56.75883],[13.41984,56.76376],[13.40672,56.7657],[13.3975,56.76017],[13.39615,56.7664],[13.40234,56.77113],[13.41659,56.77417],[13.41843,56.77904],[13.41266,56.78543],[13.4274,56.79095],[13.42958,56.79982],[13.44156,56.8032],[13.44469,56.79959],[13.44139,56.79288],[13.4566,56.77334],[13.45684,56.75931],[13.46049,56.75739],[13.4728,56.76905],[13.47202,56.77559],[13.49659,56.77832],[13.50841,56.77369],[13.51144,56.77457],[13.49484,56.78687],[13.52373,56.80663],[13.5358,56.81069],[13.5411,56.80967],[13.53819,56.80353],[13.55025,56.78921],[13.52632,56.77334],[13.53831,56.77395],[13.54611,56.7674],[13.56204,56.77545],[13.56135,56.77109],[13.56997,56.76852],[13.56341,56.76283],[13.56303,56.75622],[13.53939,56.75291],[13.57069,56.74971],[13.5788,56.75135],[13.58246,56.74915],[13.57795,56.74682],[13.58435,56.74313],[13.59872,56.75168],[13.59314,56.75424],[13.5908,56.76202],[13.59611,56.75997],[13.59795,56.76547],[13.61032,56.76967],[13.60563,56.77201],[13.58755,56.77195],[13.58657,56.78265],[13.59114,56.78355],[13.61358,56.77842],[13.59532,56.78794],[13.61751,56.79657],[13.61283,56.79862],[13.59688,56.79416],[13.59237,56.79846],[13.59461,56.80361],[13.61295,56.80943],[13.61142,56.81953],[13.62235,56.82751],[13.61575,56.83064],[13.62224,56.8374],[13.61379,56.8419],[13.63258,56.84306],[13.63872,56.84685],[13.64207,56.8558],[13.63328,56.86251],[13.64565,56.87493],[13.65042,56.88937],[13.65819,56.89697],[13.65651,56.90327],[13.64783,56.90687],[13.63065,56.90713],[13.65519,56.91631],[13.65579,56.92109],[13.66634,56.92738],[13.67097,56.93445],[13.67076,56.94764],[13.6825,56.95703],[13.6791,56.96626],[13.6821,56.96826],[13.68194,56.98617],[13.67233,56.9949],[13.67266,56.99876],[13.6858,56.99464],[13.70573,57.00216],[13.71384,57.01995],[13.73163,57.03587],[13.72816,57.04215],[13.71118,57.04717],[13.71657,57.05432],[13.7137,57.06933],[13.72276,57.07172],[13.71947,57.07744],[13.74298,57.08357],[13.73551,57.08729],[13.73189,57.0837],[13.72624,57.08298],[13.72744,57.08945],[13.71048,57.08413],[13.69671,57.09433],[13.71615,57.09888],[13.72738,57.09507],[13.73092,57.10093],[13.74,57.10292],[13.74626,57.10852],[13.73843,57.11118],[13.72009,57.10445],[13.69689,57.10402],[13.69187,57.11464],[13.69842,57.11906],[13.68444,57.12031],[13.68492,57.12523],[13.68866,57.12869],[13.7095,57.13068],[13.70935,57.13644],[13.70456,57.13316],[13.67221,57.12678],[13.65796,57.13197],[13.6547,57.13642],[13.64875,57.13664],[13.6477,57.12998],[13.65932,57.12766],[13.66375,57.12164],[13.6564,57.1143],[13.64862,57.1119],[13.63919,57.1159],[13.62211,57.11716],[13.62005,57.12622],[13.62442,57.12973],[13.6195,57.13871],[13.61082,57.13601],[13.60284,57.12865],[13.59367,57.1321],[13.59241,57.13806],[13.59646,57.14042],[13.59224,57.14262],[13.60215,57.15368],[13.59058,57.15902],[13.59042,57.16681],[13.59892,57.17091],[13.59679,57.17257],[13.58652,57.17077],[13.57175,57.15846],[13.56466,57.15796],[13.5691,57.1533],[13.55839,57.14655],[13.55935,57.14182],[13.54959,57.13048],[13.53829,57.13554],[13.53263,57.13512],[13.53777,57.12922],[13.53505,57.12389],[13.54369,57.11693],[13.53338,57.10965],[13.52472,57.10723],[13.50006,57.11043],[13.51244,57.13],[13.51864,57.13302],[13.51091,57.14013],[13.50727,57.13653],[13.49726,57.13506],[13.50382,57.13243],[13.4816,57.12013],[13.47016,57.10567],[13.45994,57.11144],[13.46167,57.11539],[13.48542,57.12782],[13.48075,57.1284],[13.45523,57.12127],[13.44387,57.12142],[13.43208,57.13777],[13.42874,57.1253],[13.40766,57.12328],[13.38596,57.13543],[13.39225,57.13923],[13.39234,57.14316],[13.40219,57.14834],[13.3985,57.15307],[13.38731,57.14906],[13.38748,57.14408],[13.36404,57.12904],[13.34246,57.12667],[13.32997,57.12887],[13.317,57.12743],[13.31382,57.1236],[13.31793,57.12127],[13.3254,57.12432],[13.33771,57.12318],[13.34382,57.1193],[13.34173,57.11424],[13.35451,57.11993],[13.36398,57.11865],[13.36468,57.11459],[13.37097,57.11621],[13.37344,57.11479],[13.35848,57.10889],[13.35203,57.10314],[13.3385,57.09992],[13.32609,57.1006],[13.31058,57.09],[13.29686,57.08546],[13.29214,57.08723],[13.30072,57.09113],[13.2996,57.09308],[13.28957,57.09262],[13.28811,57.0963],[13.27798,57.09489],[13.27244,57.09763],[13.27818,57.09897],[13.27792,57.10268],[13.28604,57.1075],[13.28465,57.10888],[13.28107,57.10624],[13.2755,57.10665],[13.27945,57.11611],[13.27247,57.11648],[13.26844,57.11989],[13.26453,57.11787],[13.26919,57.11106],[13.26169,57.10955],[13.26021,57.1027],[13.25337,57.10003],[13.25303,57.08815],[13.24671,57.08822],[13.23672,57.09488],[13.23146,57.08884],[13.21892,57.09234],[13.21756,57.09917],[13.20682,57.10253],[13.21127,57.09578],[13.20667,57.08772],[13.21895,57.08621],[13.21545,57.07675],[13.22084,57.08167],[13.22886,57.08389],[13.24008,57.083],[13.24814,57.0796],[13.24145,57.07389],[13.20159,57.0613],[13.21245,57.06056],[13.23293,57.06345],[13.2366,57.06203],[13.19802,57.04992],[13.20939,57.04915],[13.19435,57.04065],[13.20742,57.04098],[13.21294,57.02898],[13.20183,57.02433],[13.19439,57.02918],[13.18547,57.03004],[13.18346,57.02449],[13.17613,57.02344],[13.16918,57.02877],[13.16033,57.03075],[13.15228,57.02684],[13.11689,57.02409],[13.14419,57.02124],[13.15043,57.02264],[13.16627,57.01721],[13.18156,57.01767],[13.17897,57.01108],[13.19425,57.00028],[13.17838,56.99858],[13.16962,56.98834],[13.16271,56.99035],[13.16247,56.98725],[13.1688,56.98412],[13.15601,56.97237],[13.1393,56.97741],[13.1496,56.98763],[13.14703,56.99012],[13.12789,56.97607],[13.13895,56.96557],[13.13252,56.95894],[13.13996,56.95653],[13.14378,56.95197],[13.15688,56.95471],[13.16464,56.9537],[13.16933,56.94439],[13.17527,56.95347],[13.18436,56.95318],[13.18508,56.94673]],[[13.34993,56.7803],[13.3577,56.78387],[13.37759,56.78615],[13.38017,56.77687],[13.36019,56.77169],[13.35167,56.77558],[13.34993,56.7803]],[[13.25996,56.78269],[13.24358,56.78302],[13.24973,56.78542],[13.24923,56.78801],[13.25774,56.7901],[13.26118,56.79773],[13.27403,56.79931],[13.27824,56.79684],[13.27841,56.7931],[13.26762,56.79031],[13.26802,56.78541],[13.25996,56.78269]],[[13.3252,56.83384],[13.3193,56.82843],[13.31029,56.82943],[13.31351,56.83748],[13.3252,56.83384]],[[13.30169,56.94586],[13.28884,56.94588],[13.28958,56.95227],[13.30169,56.94586]],[[13.21631,56.97652],[13.2239,56.97186],[13.24856,56.9722],[13.25399,56.9661],[13.23972,56.96337],[13.2346,56.95769],[13.22552,56.95943],[13.21367,56.95739],[13.19813,56.9625],[13.20278,56.96917],[13.21631,56.97652]],[[13.19547,56.99089],[13.20318,56.98932],[13.19508,56.98043],[13.19853,56.97552],[13.19355,56.96861],[13.17501,56.96235],[13.16082,56.96168],[13.15949,56.96437],[13.17376,56.96692],[13.19,56.97474],[13.19036,56.97783],[13.18225,56.98034],[13.1812,56.98304],[13.19547,56.99089]],[[13.22383,57.01917],[13.22277,57.01452],[13.2116,57.01394],[13.20364,57.01088],[13.19496,57.01205],[13.19915,57.01601],[13.22383,57.01917]],[[13.2769,57.06477],[13.26626,57.06048],[13.2465,57.04518],[13.23389,57.05399],[13.25334,57.06231],[13.26358,57.06381],[13.24842,57.06817],[13.24913,57.07124],[13.26308,57.07166],[13.27534,57.06764],[13.2769,57.06477]],[[13.31204,57.08043],[13.32579,57.08426],[13.3391,57.0807],[13.33338,57.07594],[13.31204,57.08043]],[[13.37015,56.74694],[13.3627,56.74916],[13.3617,56.76053],[13.37488,56.76318],[13.37015,56.74694]],[[13.48502,56.7977],[13.48137,56.79115],[13.46834,56.78444],[13.46619,56.79312],[13.47574,56.79749],[13.48502,56.7977]],[[13.35808,56.80241],[13.36087,56.80497],[13.37198,56.80638],[13.37563,56.80484],[13.36055,56.79865],[13.35808,56.80241]],[[13.63785,57.06802],[13.64751,57.07149],[13.64581,57.06164],[13.63785,57.06802]],[[13.66008,57.08033],[13.64908,57.08151],[13.64358,57.08745],[13.6653,57.09302],[13.66654,57.08222],[13.66008,57.08033]],[[13.65049,57.09363],[13.63649,57.08962],[13.63661,57.09987],[13.649,57.10155],[13.65214,57.10013],[13.65049,57.09363]],[[13.41268,57.10237],[13.40374,57.10643],[13.40826,57.10916],[13.40071,57.11688],[13.40477,57.11833],[13.41433,57.11621],[13.42054,57.10863],[13.41268,57.10237]],[[13.58821,57.12635],[13.58329,57.12691],[13.57728,57.1336],[13.5796,57.13559],[13.58664,57.13371],[13.58821,57.12635]]]]}},{"type":"Feature","properties":{"fs":"CAR","t":15.0},"geometry":{"type":"Polygon","coordinates":[[[13.36911,57.0137],[13.39381,57.00785],[13.40063,57.00176],[13.38764,56.99001],[13.3771,56.98984],[13.37613,57.00022],[13.36801,57.00358],[13.36472,57.00235],[13.3685,56.99236],[13.36496,56.99091],[13.34115,56.99438],[13.32885,56.99324],[13.3277,56.99594],[13.32046,56.99678],[13.31927,57.00032],[13.31445,56.99894],[13.30983,57.00141],[13.30722,56.9994],[13.31821,56.99338],[13.31926,56.98911],[13.33207,56.99022],[13.34245,56.98822],[13.34845,56.98058],[13.35582,56.98545],[13.37043,56.98361],[13.37518,56.9807],[13.36979,56.97768],[13.37263,56.97444],[13.38105,56.97581],[13.38663,56.97153],[13.39671,56.97026],[13.38261,56.95772],[13.38267,56.94734],[13.38869,56.95668],[13.40245,56.96444],[13.40845,56.96016],[13.42086,56.95849],[13.44325,56.96074],[13.46547,56.94852],[13.47189,56.93807],[13.48094,56.93451],[13.46207,56.93536],[13.45548,56.94152],[13.44313,56.942],[13.43877,56.94805],[13.42325,56.95052],[13.41461,56.95439],[13.4147,56.94936],[13.4085,56.94703],[13.42716,56.94509],[13.42465,56.93861],[13.42866,56.93196],[13.41999,56.92844],[13.40307,56.93384],[13.41016,56.9241],[13.4007,56.91921],[13.39216,56.92387],[13.38893,56.92243],[13.39615,56.90764],[13.38504,56.91143],[13.37893,56.90629],[13.35307,56.91087],[13.36267,56.90243],[13.37964,56.90172],[13.35574,56.89677],[13.34917,56.89243],[13.36705,56.89612],[13.38023,56.89606],[13.38172,56.89117],[13.39801,56.89802],[13.39826,56.89531],[13.4065,56.89345],[13.41425,56.88625],[13.41699,56.88015],[13.41146,56.87742],[13.41807,56.87577],[13.42553,56.88429],[13.41881,56.88851],[13.42541,56.89313],[13.42187,56.89505],[13.41542,56.893],[13.41273,56.89578],[13.42116,56.90281],[13.43805,56.89769],[13.4382,56.89399],[13.43256,56.89097],[13.43486,56.88819],[13.44588,56.89135],[13.4503,56.90228],[13.46315,56.90701],[13.47508,56.90488],[13.47633,56.90274],[13.46719,56.90034],[13.46894,56.89311],[13.45341,56.88618],[13.45533,56.88311],[13.48123,56.88315],[13.47835,56.87198],[13.46331,56.86987],[13.45943,56.86239],[13.45245,56.85973],[13.45495,56.85503],[13.44367,56.85503],[13.44007,56.84916],[13.42891,56.84656],[13.43182,56.83818],[13.44079,56.83801],[13.44449,56.84153],[13.45345,56.84163],[13.4565,56.84854],[13.47188,56.85449],[13.48186,56.85178],[13.49054,56.85561],[13.48579,56.85906],[13.4894,56.86163],[13.49476,56.85917],[13.49812,56.86475],[13.49281,56.86803],[13.50948,56.8658],[13.51358,56.86922],[13.52149,56.8637],[13.53033,56.86703],[13.5279,56.87451],[13.53886,56.88047],[13.52601,56.88551],[13.53289,56.89331],[13.52525,56.91175],[13.53087,56.91527],[13.53012,56.92357],[13.53507,56.92914],[13.55192,56.93172],[13.55788,56.92814],[13.53651,56.92298],[13.53333,56.91915],[13.53627,56.90851],[13.54421,56.90561],[13.54109,56.89341],[13.54537,56.88897],[13.54208,56.88331],[13.5491,56.87872],[13.56466,56.88086],[13.57377,56.87729],[13.5731,56.87455],[13.56317,56.87289],[13.56509,56.86968],[13.58234,56.87451],[13.58852,56.87374],[13.5963,56.88506],[13.6042,56.88627],[13.60476,56.88843],[13.59921,56.88944],[13.58394,56.88632],[13.57384,56.88887],[13.57614,56.89803],[13.5967,56.90177],[13.6098,56.90818],[13.61927,56.90871],[13.63728,56.9192],[13.62977,56.92347],[13.61369,56.92086],[13.60066,56.92947],[13.61279,56.93353],[13.61714,56.94102],[13.6241,56.93796],[13.63434,56.9389],[13.64212,56.9332],[13.64891,56.93365],[13.65386,56.94128],[13.65031,56.95191],[13.66404,56.96048],[13.65854,56.96595],[13.66538,56.97566],[13.66238,56.98293],[13.6648,56.99194],[13.65931,57.00164],[13.66255,57.01157],[13.65945,57.0121],[13.64902,57.00167],[13.65407,56.99007],[13.64869,56.9752],[13.63056,56.97893],[13.61538,56.99309],[13.62993,57.00307],[13.64837,57.00538],[13.65007,57.01059],[13.65883,57.01483],[13.65195,57.0203],[13.64837,57.01478],[13.64411,57.01404],[13.63936,57.01969],[13.63484,57.01548],[13.6224,57.02236],[13.61377,57.01328],[13.61741,57.00765],[13.59798,57.00447],[13.58869,57.00514],[13.57753,57.00094],[13.56855,57.00042],[13.56432,57.00332],[13.58269,57.00957],[13.58596,57.01613],[13.59395,57.0158],[13.59469,57.01897],[13.60352,57.02138],[13.59285,57.02779],[13.57849,57.02973],[13.57271,57.03276],[13.56508,57.03042],[13.55199,57.03589],[13.54125,57.03408],[13.53558,57.0357],[13.53112,57.02526],[13.51621,57.02705],[13.52298,57.04032],[13.53646,57.04441],[13.53288,57.05162],[13.54293,57.05691],[13.54213,57.05964],[13.52806,57.05498],[13.51413,57.0426],[13.49704,57.03847],[13.50277,57.03054],[13.49842,57.02024],[13.48569,57.01987],[13.49261,57.02704],[13.49075,57.03067],[13.46974,57.01989],[13.45456,57.02181],[13.45838,57.03309],[13.45301,57.03218],[13.45191,57.03385],[13.45975,57.03731],[13.46623,57.03627],[13.46492,57.04299],[13.43751,57.03964],[13.44418,57.03705],[13.43735,57.03107],[13.42172,57.0353],[13.43265,57.0235],[13.42926,57.01857],[13.42421,57.02115],[13.41322,57.01932],[13.40768,57.02641],[13.40657,57.01924],[13.41487,57.01478],[13.41227,57.01342],[13.40518,57.01282],[13.37715,57.01816],[13.38112,57.02158],[13.35906,57.01975],[13.35526,57.02419],[13.3522,57.02359],[13.35114,57.01852],[13.3594,57.0121],[13.36911,57.0137]],[[13.40721,56.91297],[13.41519,56.91841],[13.42812,56.92026],[13.4186,56.91466],[13.40721,56.91297]],[[13.59993,56.95258],[13.59294,56.95381],[13.58433,56.96073],[13.59828,56.96917],[13.6189,56.96757],[13.63755,56.97049],[13.64165,56.9674],[13.6315,56.96041],[13.61351,56.95357],[13.59993,56.95258]],[[13.41724,56.96715],[13.41548,56.97218],[13.42369,56.97867],[13.42338,56.98408],[13.42992,56.98748],[13.44312,56.98844],[13.45281,56.98128],[13.44364,56.98124],[13.43917,56.97529],[13.4507,56.97003],[13.44005,56.9666],[13.43187,56.96748],[13.41574,56.96103],[13.41348,56.96296],[13.41724,56.96715]],[[13.62738,56.97441],[13.61258,56.97495],[13.61177,56.97957],[13.61602,56.9827],[13.62738,56.97441]],[[13.38664,56.97743],[13.3931,56.98247],[13.40552,56.98581],[13.40242,56.97504],[13.38982,56.97518],[13.38664,56.97743]],[[13.59273,56.97982],[13.58763,56.97874],[13.57617,56.98254],[13.56555,56.98242],[13.56635,56.98558],[13.59946,56.99242],[13.60319,56.98902],[13.59273,56.97982]],[[13.4964,56.99691],[13.50534,57.00488],[13.51688,57.00263],[13.51858,56.99773],[13.50769,56.99119],[13.4935,56.99392],[13.49202,56.99706],[13.4964,56.99691]],[[13.48556,57.01062],[13.49509,57.00391],[13.49193,56.99812],[13.4809,57.00674],[13.48556,57.01062]],[[13.44759,57.00778],[13.43782,57.00751],[13.43779,57.01451],[13.44435,57.01747],[13.4542,57.01471],[13.45564,57.01096],[13.44759,57.00778]]]}}]}
