{"type":"FeatureCollection","name":"veddige","xy_coordinate_resolution":1e-05,"features":[{"type":"Feature","properties":{"fs":"WALK","t":60.0},"geometry":{"type":"Polygon","coordinates":[[[12.28087,57.25694],[12.27869,57.25345],[12.27494,57.25118],[12.27099,57.25115],[12.26716,57.24892],[12.26885,57.2471],[12.2723,57.24642],[12.27109,57.24415],[12.27236,57.24375],[12.27511,57.24443],[12.27579,57.24363],[12.27727,57.24327],[12.28209,57.24501],[12.28765,57.24349],[12.29242,57.24149],[12.29878,57.24338],[12.29924,57.24061],[12.29628,57.2384],[12.29524,57.23703],[12.2956,57.23636],[12.3023,57.23528],[12.30339,57.23316],[12.30619,57.23249],[12.30927,57.23065],[12.31147,57.23036],[12.31281,57.22902],[12.31606,57.22841],[12.3166,57.22673],[12.31756,57.22633],[12.32001,57.22678],[12.32399,57.22911],[12.32604,57.23196],[12.33052,57.23048],[12.33161,57.23107],[12.33213,57.23248],[12.33535,57.23359],[12.33764,57.23309],[12.34302,57.23524],[12.34637,57.23475],[12.3476,57.23629],[12.35211,57.23847],[12.35169,57.24003],[12.34806,57.24147],[12.34781,57.24257],[12.3524,57.24302],[12.35428,57.24282],[12.35933,57.23884],[12.36103,57.23832],[12.36226,57.23851],[12.36714,57.24118],[12.36899,57.24284],[12.36686,57.24375],[12.36327,57.24362],[12.3629,57.24553],[12.36418,57.2464],[12.36456,57.24751],[12.36637,57.24764],[12.36871,57.24688],[12.37143,57.24713],[12.3736,57.24804],[12.37637,57.24749],[12.37942,57.24772],[12.3819,57.24861],[12.38182,57.24965],[12.37965,57.25185],[12.38088,57.25345],[12.3806,57.25524],[12.37934,57.25656],[12.38176,57.25864],[12.38071,57.25951],[12.38089,57.26064],[12.37929,57.26128],[12.37035,57.26055],[12.36856,57.25972],[12.36227,57.25931],[12.36022,57.26079],[12.36009,57.26473],[12.3662,57.26454],[12.36566,57.26347],[12.36757,57.26272],[12.37042,57.26354],[12.37291,57.26356],[12.37347,57.2643],[12.3724,57.26563],[12.3726,57.26719],[12.3713,57.26826],[12.37335,57.26849],[12.37493,57.26924],[12.37522,57.26824],[12.37801,57.26755],[12.38086,57.26828],[12.38453,57.26851],[12.38607,57.27016],[12.38433,57.27124],[12.38919,57.27216],[12.3898,57.27383],[12.39151,57.27485],[12.39025,57.27592],[12.39041,57.27857],[12.39238,57.27921],[12.39471,57.27767],[12.39921,57.2786],[12.40037,57.28126],[12.39686,57.28254],[12.39477,57.28573],[12.39568,57.28746],[12.39483,57.28921],[12.39183,57.29033],[12.39579,57.29476],[12.38755,57.29535],[12.38412,57.29758],[12.38267,57.29728],[12.37649,57.29385],[12.37291,57.29376],[12.37169,57.2946],[12.37115,57.29751],[12.37226,57.29879],[12.3682,57.30048],[12.36273,57.2993],[12.3591,57.30006],[12.35743,57.29865],[12.35419,57.29944],[12.35057,57.29742],[12.34842,57.29459],[12.34629,57.29435],[12.34479,57.29356],[12.34254,57.29359],[12.34346,57.2967],[12.3414,57.29795],[12.33821,57.29822],[12.33943,57.30066],[12.33911,57.30241],[12.33576,57.30352],[12.3343,57.30572],[12.33162,57.3069],[12.32873,57.30667],[12.32592,57.3047],[12.3243,57.3048],[12.32309,57.30436],[12.32137,57.3023],[12.32287,57.30032],[12.32098,57.30028],[12.31916,57.30097],[12.31465,57.30069],[12.31124,57.30179],[12.31,57.30166],[12.30808,57.29954],[12.30771,57.29706],[12.31002,57.29571],[12.31328,57.29586],[12.31347,57.29516],[12.31329,57.29474],[12.31109,57.29435],[12.30752,57.29206],[12.30714,57.28749],[12.30553,57.28763],[12.30493,57.29015],[12.30201,57.29028],[12.30154,57.29109],[12.29951,57.29194],[12.29493,57.2921],[12.29362,57.29156],[12.29381,57.28972],[12.28856,57.28811],[12.28826,57.28634],[12.28961,57.28537],[12.28902,57.28458],[12.28686,57.28336],[12.28312,57.28339],[12.28232,57.28304],[12.28242,57.28169],[12.28146,57.28055],[12.28447,57.27881],[12.28644,57.27554],[12.28768,57.27534],[12.287,57.27371],[12.28849,57.2727],[12.28869,57.27105],[12.29027,57.27012],[12.29045,57.26842],[12.28997,57.26799],[12.28643,57.2681],[12.28671,57.26987],[12.28405,57.27083],[12.28243,57.27023],[12.28178,57.26921],[12.27956,57.26983],[12.27667,57.2696],[12.27322,57.26717],[12.2749,57.26557],[12.2771,57.26596],[12.27755,57.26455],[12.2725,57.26159],[12.2739,57.26083],[12.27614,57.25824],[12.28087,57.25694]]]}},{"type":"Feature","properties":{"fs":"WALK","t":45.0},"geometry":{"type":"Polygon","coordinates":[[[12.2989,57.26239],[12.29708,57.2628],[12.29547,57.26214],[12.29043,57.26164],[12.28928,57.25892],[12.29062,57.25755],[12.28879,57.25711],[12.28659,57.25572],[12.2887,57.25372],[12.28695,57.25106],[12.2897,57.25036],[12.29506,57.25079],[12.29798,57.25044],[12.30139,57.24927],[12.30552,57.24947],[12.30762,57.24907],[12.30828,57.24854],[12.30811,57.24652],[12.31022,57.24641],[12.31236,57.24541],[12.3116,57.24484],[12.3085,57.24475],[12.30728,57.2438],[12.30807,57.24292],[12.31028,57.24246],[12.31113,57.24069],[12.31576,57.24114],[12.31757,57.23908],[12.32089,57.23761],[12.32382,57.23857],[12.32351,57.24109],[12.32528,57.24222],[12.32606,57.24192],[12.32584,57.23934],[12.32869,57.23862],[12.33159,57.23859],[12.3335,57.23942],[12.33397,57.2414],[12.33671,57.24271],[12.35014,57.24345],[12.35057,57.24605],[12.35438,57.24922],[12.35898,57.2496],[12.36148,57.24932],[12.36663,57.25279],[12.3604,57.25437],[12.35885,57.25591],[12.36112,57.25913],[12.35928,57.26109],[12.35917,57.26511],[12.36212,57.268],[12.36234,57.26986],[12.3643,57.27089],[12.36591,57.27246],[12.36583,57.27354],[12.3681,57.2743],[12.36871,57.27551],[12.37613,57.27759],[12.37913,57.27754],[12.38025,57.27871],[12.38266,57.27955],[12.38353,57.28114],[12.37896,57.28286],[12.3803,57.28489],[12.37982,57.28735],[12.37822,57.28792],[12.37382,57.28717],[12.37194,57.28871],[12.36861,57.28886],[12.36649,57.28952],[12.36344,57.28836],[12.36241,57.28958],[12.35993,57.29055],[12.35828,57.29196],[12.35394,57.29092],[12.35136,57.29149],[12.34934,57.29138],[12.34808,57.2902],[12.34509,57.28911],[12.34492,57.29089],[12.34179,57.29251],[12.33823,57.29185],[12.33644,57.2909],[12.33582,57.28966],[12.33187,57.28761],[12.3292,57.28991],[12.32904,57.29159],[12.32739,57.29257],[12.32728,57.2941],[12.32615,57.29508],[12.32702,57.29599],[12.32666,57.29657],[12.32572,57.29672],[12.32167,57.29527],[12.31931,57.29499],[12.31789,57.29301],[12.31835,57.29242],[12.32024,57.29221],[12.31524,57.29],[12.30843,57.28856],[12.30808,57.28746],[12.30677,57.28659],[12.30689,57.2856],[12.30546,57.28476],[12.30612,57.28383],[12.30449,57.28059],[12.30108,57.28176],[12.30026,57.28163],[12.29758,57.28022],[12.29715,57.27914],[12.29283,57.27646],[12.29272,57.2754],[12.28997,57.27354],[12.29003,57.27129],[12.29163,57.26976],[12.29151,57.26738],[12.29321,57.26546],[12.29547,57.26423],[12.29903,57.26403],[12.2989,57.26239]]]}},{"type":"Feature","properties":{"fs":"WALK","t":30.0},"geometry":{"type":"Polygon","coordinates":[[[12.33068,57.2834],[12.32733,57.28451],[12.32686,57.28526],[12.32405,57.28593],[12.32242,57.28495],[12.31995,57.28474],[12.31938,57.28406],[12.3207,57.28296],[12.32032,57.28183],[12.31437,57.2778],[12.31426,57.2767],[12.31613,57.27587],[12.31667,57.2742],[12.31783,57.27391],[12.32093,57.27426],[12.32019,57.27356],[12.31649,57.27325],[12.31489,57.27392],[12.3133,57.27391],[12.31219,57.2733],[12.31153,57.27162],[12.30846,57.27211],[12.30673,57.27092],[12.30645,57.26876],[12.30763,57.26761],[12.30482,57.26605],[12.30457,57.26532],[12.30769,57.26226],[12.3059,57.26126],[12.30616,57.26049],[12.30432,57.25857],[12.30433,57.25722],[12.3067,57.25601],[12.30939,57.25597],[12.31163,57.25657],[12.31891,57.25628],[12.31618,57.25388],[12.32009,57.25281],[12.3198,57.25107],[12.32176,57.25024],[12.32315,57.2485],[12.32825,57.25035],[12.3299,57.25193],[12.33264,57.25125],[12.33452,57.24961],[12.33831,57.24883],[12.3463,57.25075],[12.3465,57.25238],[12.34796,57.2529],[12.34897,57.2548],[12.35073,57.25619],[12.35105,57.26045],[12.35232,57.26149],[12.35055,57.2625],[12.35069,57.26689],[12.34994,57.26776],[12.35149,57.26878],[12.3536,57.26917],[12.35437,57.27064],[12.35675,57.27113],[12.35744,57.27257],[12.36748,57.27856],[12.3623,57.28165],[12.36045,57.28069],[12.35735,57.28174],[12.35372,57.28192],[12.35302,57.28296],[12.35406,57.28408],[12.35273,57.28471],[12.34876,57.28397],[12.34591,57.2829],[12.34534,57.28216],[12.33889,57.28312],[12.33388,57.28141],[12.33111,57.28174],[12.33068,57.2834]],[[12.33123,57.27643],[12.33309,57.27545],[12.32614,57.27368],[12.32443,57.27415],[12.32323,57.27511],[12.32843,57.27645],[12.33123,57.27643]]]}},{"type":"Feature","properties":{"fs":"WALK","t":15.0},"geometry":{"type":"Polygon","coordinates":[[[12.33567,57.27609],[12.33437,57.27713],[12.33304,57.27721],[12.33274,57.27635],[12.33394,57.2754],[12.33112,57.27454],[12.33217,57.27339],[12.32669,57.27034],[12.32227,57.26994],[12.32168,57.2695],[12.32254,57.26795],[12.32187,57.26546],[12.32079,57.26454],[12.32213,57.26322],[12.3219,57.26164],[12.32531,57.26087],[12.32718,57.25937],[12.32966,57.2595],[12.33263,57.25853],[12.33603,57.2588],[12.33519,57.26213],[12.33883,57.26252],[12.34307,57.2662],[12.34895,57.26806],[12.3499,57.2692],[12.34798,57.27046],[12.3504,57.27097],[12.35259,57.27218],[12.35149,57.273],[12.34773,57.27348],[12.34346,57.27508],[12.34133,57.27441],[12.34018,57.27456],[12.33999,57.27579],[12.33567,57.27609]]]}},{"type":"Feature","properties":{"fs":"BICYCLE","t":60.0},"geometry":{"type":"Polygon","coordinates":[[[12.2023,57.30684],[12.19804,57.30826],[12.19142,57.30806],[12.18737,57.30673],[12.18096,57.30771],[12.1753,57.30177],[12.18246,57.27688],[12.13416,57.26229],[12.13372,57.24986],[12.13721,57.24965],[12.14325,57.24546],[12.14431,57.24324],[12.14308,57.24152],[12.14016,57.24233],[12.13367,57.24831],[12.13277,57.22269],[12.14373,57.21626],[12.1491,57.21646],[12.15303,57.21378],[12.15717,57.21387],[12.16151,57.21554],[12.16512,57.21012],[12.16746,57.20927],[12.1741,57.20908],[12.18223,57.21101],[12.1851,57.21079],[12.18526,57.2086],[12.18,57.20776],[12.16652,57.20189],[12.19611,57.18363],[12.20021,57.18411],[12.22103,57.17272],[12.22817,57.17271],[12.23724,57.17589],[12.2401,57.17078],[12.24513,57.16988],[12.24775,57.16803],[12.2505,57.17],[12.25217,57.16981],[12.25055,57.16382],[12.25824,57.16472],[12.26045,57.16134],[12.26664,57.16089],[12.26697,57.1557],[12.26435,57.15328],[12.26785,57.15072],[12.27033,57.15077],[12.27591,57.15354],[12.28178,57.15243],[12.28582,57.15375],[12.29078,57.1538],[12.29267,57.1562],[12.29,57.16019],[12.29671,57.16316],[12.30084,57.16323],[12.3048,57.16141],[12.30605,57.1598],[12.30372,57.15773],[12.30721,57.15517],[12.31374,57.15643],[12.31848,57.15518],[12.32398,57.15839],[12.32305,57.16063],[12.32969,57.16452],[12.33549,57.16442],[12.34737,57.16742],[12.35892,57.17214],[12.36375,57.1712],[12.37031,57.17493],[12.37362,57.17485],[12.38008,57.17266],[12.38602,57.17795],[12.38662,57.18111],[12.39735,57.17864],[12.40307,57.1855],[12.40217,57.1866],[12.39853,57.1854],[12.39555,57.1859],[12.39433,57.18914],[12.41163,57.19477],[12.41266,57.19631],[12.40862,57.19977],[12.42044,57.20609],[12.42802,57.20612],[12.42976,57.20337],[12.43477,57.20047],[12.43434,57.19895],[12.43063,57.19977],[12.42826,57.19815],[12.42887,57.19232],[12.43207,57.18795],[12.43566,57.1869],[12.44059,57.1875],[12.43958,57.19007],[12.44922,57.19431],[12.45162,57.19402],[12.45024,57.19152],[12.45501,57.18858],[12.45857,57.19375],[12.46466,57.19543],[12.46496,57.19887],[12.4671,57.2002],[12.47094,57.19896],[12.48322,57.19949],[12.4744,57.20285],[12.47251,57.20472],[12.47564,57.21046],[12.48039,57.21061],[12.48743,57.21361],[12.48683,57.21939],[12.48464,57.22114],[12.489,57.22409],[12.48209,57.2297],[12.47789,57.23083],[12.47732,57.23226],[12.48132,57.23347],[12.49056,57.23161],[12.49517,57.23238],[12.49657,57.23458],[12.49446,57.24436],[12.50125,57.24648],[12.50357,57.24898],[12.50801,57.24918],[12.50997,57.25242],[12.51369,57.25087],[12.51624,57.25564],[12.51369,57.2572],[12.49978,57.25696],[12.49681,57.26064],[12.50254,57.2666],[12.50564,57.27512],[12.514,57.27716],[12.51394,57.27806],[12.503,57.28043],[12.4988,57.28315],[12.49528,57.28106],[12.49159,57.28188],[12.48877,57.28025],[12.47899,57.2806],[12.4767,57.28213],[12.48298,57.28569],[12.49139,57.29673],[12.48876,57.30049],[12.48963,57.30609],[12.49379,57.30808],[12.50677,57.30802],[12.50651,57.30704],[12.50085,57.30594],[12.50481,57.30422],[12.50731,57.29994],[12.50881,57.30289],[12.51639,57.30641],[12.51687,57.31159],[12.52526,57.31344],[12.5193,57.31551],[12.5155,57.3219],[12.51025,57.32045],[12.50763,57.32233],[12.50121,57.32213],[12.49142,57.31639],[12.48911,57.31629],[12.48565,57.31803],[12.48644,57.3191],[12.49312,57.31988],[12.49666,57.32939],[12.49879,57.33123],[12.50492,57.33326],[12.50747,57.33694],[12.51111,57.33529],[12.51259,57.33644],[12.51346,57.34213],[12.50956,57.3429],[12.50296,57.34214],[12.49946,57.34351],[12.50013,57.34597],[12.50406,57.34588],[12.50551,57.34754],[12.50373,57.35222],[12.50095,57.35044],[12.49174,57.34827],[12.48587,57.34909],[12.4736,57.34536],[12.46318,57.33925],[12.46343,57.33564],[12.45431,57.33045],[12.45187,57.3265],[12.44787,57.32448],[12.44781,57.32213],[12.43192,57.31518],[12.4326,57.3204],[12.4271,57.32181],[12.42178,57.32184],[12.41712,57.32508],[12.41931,57.32962],[12.42787,57.3346],[12.43448,57.33513],[12.44184,57.33789],[12.45092,57.33758],[12.45336,57.3384],[12.44504,57.34451],[12.45033,57.3472],[12.46767,57.35083],[12.46966,57.35356],[12.46382,57.35839],[12.46108,57.35901],[12.45203,57.35759],[12.44942,57.3563],[12.4475,57.35278],[12.4375,57.3521],[12.43052,57.35682],[12.43008,57.36392],[12.42411,57.36443],[12.41927,57.36385],[12.41068,57.35914],[12.40355,57.35711],[12.39311,57.35685],[12.39036,57.35823],[12.3915,57.36177],[12.39598,57.36422],[12.40245,57.365],[12.40523,57.36685],[12.39973,57.36827],[12.38972,57.36871],[12.38202,57.37163],[12.38478,57.37373],[12.37071,57.37866],[12.37374,57.38271],[12.3617,57.38104],[12.35549,57.37772],[12.35274,57.37829],[12.35311,57.38037],[12.35124,57.38179],[12.3416,57.38179],[12.33165,57.37801],[12.31675,57.37702],[12.31453,57.37607],[12.31502,57.37372],[12.31292,57.37255],[12.30531,57.37427],[12.29792,57.37291],[12.29676,57.3717],[12.30218,57.37013],[12.30409,57.36821],[12.30133,57.36617],[12.30062,57.36263],[12.29176,57.35733],[12.29133,57.35513],[12.2837,57.35088],[12.27959,57.34989],[12.28006,57.35196],[12.28697,57.35784],[12.28304,57.3604],[12.27681,57.35885],[12.27083,57.35566],[12.26456,57.35451],[12.25288,57.34392],[12.25285,57.34233],[12.25603,57.34025],[12.25186,57.33797],[12.24471,57.33776],[12.24338,57.34191],[12.23995,57.34385],[12.23993,57.34766],[12.24573,57.34796],[12.24871,57.35246],[12.2444,57.35737],[12.23456,57.35279],[12.22734,57.35246],[12.22024,57.34425],[12.21205,57.3398],[12.20806,57.34039],[12.20337,57.33107],[12.19527,57.33246],[12.19015,57.33016],[12.19557,57.32708],[12.19647,57.3235],[12.19087,57.32068],[12.19388,57.31929],[12.19951,57.31897],[12.19737,57.31708],[12.19303,57.3159],[12.19466,57.31178],[12.19786,57.31073],[12.20587,57.3145],[12.20989,57.31495],[12.212,57.31391],[12.21204,57.30866],[12.20798,57.3059],[12.20151,57.30362],[12.2023,57.30684]],[[12.30717,57.18505],[12.30703,57.18305],[12.30439,57.18265],[12.29665,57.1827],[12.2929,57.18472],[12.29925,57.19035],[12.30717,57.18505]],[[12.45179,57.21975],[12.44836,57.22237],[12.45225,57.22447],[12.45431,57.22407],[12.45518,57.22043],[12.45852,57.21854],[12.46617,57.21644],[12.46923,57.21785],[12.47145,57.21728],[12.46768,57.21479],[12.45971,57.21485],[12.45311,57.20997],[12.44957,57.2111],[12.44811,57.21685],[12.45179,57.21975]],[[12.25495,57.30431],[12.2493,57.30078],[12.24781,57.29538],[12.23962,57.29637],[12.23879,57.29916],[12.23199,57.29849],[12.22713,57.29969],[12.23037,57.30353],[12.2274,57.30573],[12.2339,57.30623],[12.2423,57.30497],[12.2517,57.30606],[12.25495,57.30431]]]}},{"type":"Feature","properties":{"fs":"BICYCLE","t":45.0},"geometry":{"type":"Polygon","coordinates":[[[12.28825,57.18824],[12.29318,57.18647],[12.29649,57.1919],[12.30235,57.19348],[12.30634,57.1911],[12.30689,57.1959],[12.3124,57.19873],[12.31646,57.19822],[12.32028,57.19404],[12.32002,57.19102],[12.31722,57.18818],[12.32944,57.18665],[12.33184,57.19069],[12.32837,57.19292],[12.3352,57.19711],[12.33164,57.20062],[12.33277,57.20208],[12.34419,57.20313],[12.34782,57.20443],[12.35804,57.20337],[12.36117,57.20739],[12.36632,57.20765],[12.37356,57.21072],[12.38177,57.20916],[12.38772,57.20517],[12.39152,57.20851],[12.38974,57.21218],[12.38271,57.21711],[12.38424,57.2193],[12.38341,57.22235],[12.38671,57.2238],[12.39345,57.22409],[12.40298,57.2294],[12.40757,57.229],[12.41236,57.22426],[12.41533,57.22327],[12.41361,57.22121],[12.41663,57.21644],[12.42342,57.21715],[12.42633,57.21395],[12.4296,57.21452],[12.43557,57.21801],[12.43211,57.22013],[12.43735,57.22375],[12.43801,57.22767],[12.45132,57.23294],[12.45419,57.23637],[12.45205,57.23728],[12.43969,57.23635],[12.4394,57.23747],[12.44535,57.23984],[12.45386,57.2495],[12.45774,57.24795],[12.4662,57.25456],[12.46241,57.25533],[12.45316,57.25422],[12.44906,57.25654],[12.44079,57.25626],[12.43776,57.25811],[12.44064,57.26142],[12.44798,57.26022],[12.4561,57.26636],[12.46599,57.26811],[12.46888,57.26778],[12.47007,57.26865],[12.46923,57.27076],[12.46639,57.27138],[12.46864,57.2794],[12.46434,57.28329],[12.46834,57.28973],[12.46463,57.2955],[12.46059,57.29732],[12.46026,57.29973],[12.46336,57.30036],[12.46856,57.29872],[12.47303,57.30151],[12.47254,57.30419],[12.47601,57.30876],[12.47244,57.31239],[12.47025,57.31235],[12.46606,57.3099],[12.45881,57.31217],[12.45829,57.31413],[12.4633,57.31883],[12.46189,57.32161],[12.46509,57.32342],[12.46341,57.32676],[12.4614,57.32722],[12.45341,57.32268],[12.44545,57.32066],[12.42638,57.30985],[12.42019,57.30895],[12.41926,57.31165],[12.41525,57.31314],[12.40671,57.31206],[12.40619,57.31306],[12.41713,57.31857],[12.41606,57.3241],[12.40554,57.3246],[12.39576,57.32921],[12.3912,57.32984],[12.38589,57.33298],[12.39132,57.33712],[12.4103,57.34211],[12.40645,57.34368],[12.39647,57.34376],[12.39292,57.34503],[12.3902,57.34829],[12.38608,57.34674],[12.38325,57.34269],[12.36742,57.34034],[12.3579,57.34992],[12.36014,57.35491],[12.35733,57.35648],[12.35298,57.35622],[12.35035,57.35807],[12.34708,57.35592],[12.33792,57.35472],[12.34335,57.35146],[12.3387,57.34962],[12.33205,57.34963],[12.32444,57.35146],[12.31867,57.35071],[12.30789,57.34608],[12.29842,57.34348],[12.29339,57.34405],[12.28948,57.34071],[12.28209,57.33818],[12.27529,57.33741],[12.26425,57.33359],[12.25817,57.3343],[12.25619,57.33162],[12.26039,57.32969],[12.25878,57.32757],[12.25566,57.32621],[12.25064,57.32672],[12.24697,57.3258],[12.25058,57.322],[12.24571,57.31487],[12.2504,57.31189],[12.25356,57.31403],[12.25761,57.31395],[12.26363,57.30881],[12.25107,57.30076],[12.25086,57.29015],[12.24751,57.28771],[12.24439,57.27487],[12.2413,57.27403],[12.22877,57.27515],[12.22228,57.27321],[12.2107,57.27411],[12.20889,57.27471],[12.21248,57.27656],[12.20643,57.27839],[12.20365,57.28097],[12.20178,57.28093],[12.19803,57.27572],[12.19068,57.27422],[12.18697,57.27161],[12.18709,57.26993],[12.19078,57.27018],[12.19248,57.26904],[12.19331,57.26412],[12.18582,57.25855],[12.18091,57.25815],[12.17996,57.25708],[12.18171,57.25457],[12.18565,57.25451],[12.18407,57.25217],[12.18593,57.25081],[12.18891,57.2511],[12.19239,57.25353],[12.19578,57.25346],[12.1962,57.24887],[12.19396,57.24882],[12.19213,57.25038],[12.18838,57.24861],[12.17936,57.25043],[12.17328,57.24681],[12.17546,57.24544],[12.17949,57.24553],[12.17957,57.2446],[12.17008,57.24135],[12.16843,57.2398],[12.17576,57.23496],[12.17496,57.23034],[12.17766,57.23017],[12.17913,57.23273],[12.18607,57.23553],[12.18817,57.23468],[12.18837,57.23303],[12.18446,57.23076],[12.18984,57.22809],[12.19382,57.22885],[12.19706,57.22712],[12.20316,57.22861],[12.20518,57.22787],[12.20848,57.22401],[12.20946,57.21917],[12.21453,57.2165],[12.21162,57.20577],[12.21793,57.20799],[12.22249,57.20522],[12.23368,57.20974],[12.23226,57.21207],[12.23807,57.2132],[12.24095,57.2108],[12.23915,57.20851],[12.2439,57.20592],[12.25205,57.20759],[12.25365,57.20568],[12.2527,57.20358],[12.25926,57.20255],[12.26226,57.19947],[12.27243,57.1966],[12.27575,57.19366],[12.28066,57.19212],[12.27991,57.18963],[12.28187,57.18776],[12.28825,57.18824]],[[12.30453,57.33806],[12.30929,57.33984],[12.31342,57.33729],[12.30889,57.3341],[12.30479,57.33552],[12.29608,57.33579],[12.29966,57.33801],[12.30453,57.33806]]]}},{"type":"Feature","properties":{"fs":"BICYCLE","t":30.0},"geometry":{"type":"Polygon","coordinates":[[[12.35589,57.32587],[12.35128,57.3251],[12.34541,57.32578],[12.3397,57.32437],[12.33297,57.32805],[12.32325,57.32217],[12.32004,57.32204],[12.31666,57.32422],[12.31325,57.32442],[12.31185,57.32327],[12.31334,57.3185],[12.31845,57.3167],[12.31421,57.31349],[12.31434,57.31046],[12.29704,57.30893],[12.28877,57.30527],[12.28342,57.30845],[12.28081,57.30817],[12.28037,57.30333],[12.27054,57.29359],[12.2724,57.29237],[12.28178,57.29375],[12.28362,57.29086],[12.27834,57.28916],[12.27143,57.28494],[12.27049,57.27566],[12.26709,57.27583],[12.26686,57.27978],[12.26046,57.28402],[12.25798,57.28397],[12.25663,57.28259],[12.25764,57.27924],[12.25299,57.27708],[12.24144,57.26659],[12.24441,57.2657],[12.25062,57.26718],[12.25502,57.26514],[12.25743,57.26104],[12.25664,57.25748],[12.24866,57.25252],[12.24213,57.25183],[12.23302,57.24747],[12.22638,57.24629],[12.23633,57.24339],[12.2418,57.23961],[12.23822,57.23753],[12.24086,57.23545],[12.23737,57.23229],[12.23871,57.23097],[12.24122,57.23069],[12.25342,57.23382],[12.25973,57.23423],[12.26404,57.23587],[12.27226,57.2355],[12.27909,57.23347],[12.2855,57.23699],[12.28799,57.23693],[12.28032,57.23143],[12.28048,57.22918],[12.28284,57.22806],[12.28928,57.22786],[12.29049,57.22401],[12.2936,57.22115],[12.29945,57.2248],[12.30644,57.22685],[12.31028,57.22674],[12.30561,57.22263],[12.31411,57.21688],[12.32293,57.22088],[12.3249,57.21935],[12.32904,57.21944],[12.33623,57.2231],[12.34862,57.22356],[12.35367,57.22244],[12.35696,57.22571],[12.36562,57.22906],[12.37327,57.22644],[12.37584,57.22807],[12.37702,57.23191],[12.38839,57.23518],[12.39559,57.24028],[12.40365,57.24213],[12.40417,57.24349],[12.39807,57.24778],[12.39109,57.24831],[12.38671,57.25155],[12.39044,57.25303],[12.39435,57.25204],[12.40383,57.2564],[12.40512,57.25878],[12.40398,57.26101],[12.40612,57.263],[12.41409,57.26166],[12.41738,57.26799],[12.42331,57.27309],[12.42126,57.27765],[12.43244,57.28091],[12.42907,57.28315],[12.4325,57.289],[12.42725,57.28996],[12.4307,57.29705],[12.42706,57.29855],[12.41412,57.29259],[12.41401,57.29409],[12.4239,57.30096],[12.42361,57.30404],[12.41998,57.30492],[12.40846,57.29964],[12.40391,57.29882],[12.40258,57.29624],[12.39544,57.29234],[12.39064,57.29216],[12.38927,57.29575],[12.39203,57.29858],[12.39173,57.30228],[12.38787,57.30267],[12.38385,57.30103],[12.37924,57.30354],[12.38175,57.30523],[12.38278,57.30965],[12.39587,57.31274],[12.39369,57.31561],[12.38938,57.31485],[12.38423,57.31721],[12.38175,57.31716],[12.37896,57.31254],[12.37154,57.30893],[12.36816,57.30969],[12.36922,57.31224],[12.36711,57.31281],[12.35648,57.31046],[12.35026,57.31107],[12.35238,57.31745],[12.35679,57.31769],[12.35888,57.31893],[12.35589,57.32587]]]}},{"type":"Feature","properties":{"fs":"BICYCLE","t":15.0},"geometry":{"type":"Polygon","coordinates":[[[12.32682,57.29579],[12.32348,57.29616],[12.31897,57.29337],[12.31914,57.29113],[12.31149,57.28692],[12.30646,57.28052],[12.3119,57.2785],[12.31073,57.27747],[12.30824,57.27742],[12.30224,57.28009],[12.29876,57.27946],[12.29368,57.26677],[12.29847,57.26367],[12.29156,57.26026],[12.29264,57.25691],[12.28696,57.25101],[12.29357,57.25126],[12.30114,57.24974],[12.30393,57.25126],[12.30252,57.25359],[12.30705,57.25565],[12.31054,57.25588],[12.31849,57.25174],[12.32348,57.25044],[12.32729,57.25221],[12.3338,57.25201],[12.33323,57.24739],[12.33556,57.24531],[12.34404,57.24687],[12.34008,57.24821],[12.34056,57.24923],[12.34829,57.24838],[12.35372,57.25069],[12.35105,57.25316],[12.35411,57.25682],[12.35155,57.26216],[12.35763,57.26847],[12.35763,57.27127],[12.36503,57.27222],[12.3724,57.27703],[12.37932,57.27684],[12.3818,57.27987],[12.3793,57.2815],[12.37143,57.28325],[12.37162,57.28853],[12.36226,57.28878],[12.35766,57.29206],[12.33887,57.29166],[12.33294,57.28721],[12.33118,57.28717],[12.32928,57.29154],[12.32676,57.29317],[12.32682,57.29579]]]}},{"type":"Feature","properties":{"fs":"TRANSIT","t":60.0},"geometry":{"type":"MultiPolygon","coordinates":[[[[12.11535,57.36219],[12.10827,57.35701],[12.12184,57.35047],[12.12502,57.35018],[12.13073,57.35162],[12.13729,57.35037],[12.14064,57.35342],[12.15459,57.35483],[12.16055,57.3582],[12.16084,57.3627],[12.14792,57.36601],[12.14603,57.37142],[12.13886,57.37459],[12.13257,57.37464],[12.13625,57.37113],[12.1345,57.36707],[12.13203,57.36701],[12.12628,57.37032],[12.12008,57.36693],[12.1163,57.3667],[12.11334,57.36411],[12.11535,57.36219]]],[[[12.15872,57.43305],[12.15908,57.43542],[12.16276,57.43732],[12.15892,57.4386],[12.15108,57.43827],[12.14873,57.43388],[12.15124,57.43284],[12.15872,57.43305]]],[[[12.12957,57.45658],[12.12947,57.45427],[12.13585,57.45021],[12.13646,57.44517],[12.14397,57.44189],[12.14734,57.44283],[12.14661,57.44596],[12.14035,57.44986],[12.14155,57.45283],[12.12957,57.45658]]],[[[12.10758,57.49511],[12.10318,57.4956],[12.09777,57.49248],[12.09767,57.48933],[12.09366,57.48976],[12.08738,57.49584],[12.07823,57.49939],[12.07315,57.49717],[12.06836,57.49753],[12.04963,57.49091],[12.04306,57.49188],[12.03349,57.48941],[12.02731,57.49132],[12.02534,57.48922],[12.02044,57.48746],[12.01998,57.48595],[12.02698,57.48294],[12.03367,57.48492],[12.04418,57.48452],[12.04678,57.48703],[12.04914,57.48746],[12.05961,57.48182],[12.06485,57.48415],[12.07501,57.47842],[12.07809,57.47506],[12.08275,57.47416],[12.09011,57.4702],[12.09076,57.46611],[12.10177,57.46458],[12.10642,57.45957],[12.11333,57.45621],[12.1202,57.45929],[12.12017,57.46244],[12.11258,57.46617],[12.10781,57.46645],[12.10649,57.46841],[12.10798,57.47152],[12.10163,57.47272],[12.10037,57.47456],[12.10332,57.48295],[12.10851,57.48599],[12.10624,57.48998],[12.11026,57.49022],[12.11079,57.49233],[12.10758,57.49511]]],[[[11.98817,57.48308],[11.99118,57.48195],[12.00428,57.48243],[12.00762,57.48161],[12.01146,57.48399],[12.00592,57.48533],[11.99841,57.48543],[11.98817,57.48308]]],[[[12.0697,57.5134],[12.07092,57.51118],[12.07582,57.5113],[12.08206,57.50762],[12.092,57.51021],[12.09172,57.51245],[12.08844,57.51305],[12.08123,57.51884],[12.0697,57.5134]]],[[[12.10205,57.53583],[12.10537,57.53613],[12.10814,57.53805],[12.10235,57.54151],[12.09669,57.53958],[12.09827,57.53743],[12.10205,57.53583]]],[[[12.50389,56.92355],[12.50378,56.91893],[12.49887,56.91873],[12.49729,56.91466],[12.49279,56.91036],[12.49406,56.90536],[12.50479,56.90687],[12.50647,56.91095],[12.51682,56.916],[12.5189,56.92273],[12.51552,56.92586],[12.50886,56.92596],[12.50389,56.92355]]],[[[12.47722,57.14779],[12.4738,57.1465],[12.47348,57.14515],[12.47795,57.14316],[12.48307,57.14388],[12.48526,57.14555],[12.4841,57.1481],[12.47722,57.14779]]],[[[12.21677,57.21389],[12.21898,57.20997],[12.21685,57.2077],[12.21253,57.20603],[12.22074,57.19957],[12.21939,57.19291],[12.22411,57.19048],[12.22216,57.18851],[12.22546,57.18659],[12.22362,57.18359],[12.21883,57.18281],[12.22013,57.17922],[12.22325,57.17771],[12.2185,57.1748],[12.21819,57.1721],[12.22506,57.16764],[12.2359,57.16341],[12.23564,57.15945],[12.23989,57.15151],[12.2397,57.14713],[12.24367,57.14378],[12.24833,57.14295],[12.25489,57.1387],[12.25426,57.13694],[12.24974,57.13523],[12.26173,57.08315],[12.28135,57.05897],[12.28608,57.05894],[12.28276,57.05723],[12.28849,57.05016],[12.29949,57.05224],[12.30413,57.04972],[12.30829,57.04925],[12.30996,57.05014],[12.3085,57.05262],[12.32186,57.05322],[12.32442,57.05667],[12.33326,57.05754],[12.33911,57.05935],[12.34245,57.06164],[12.34106,57.06382],[12.34505,57.06318],[12.34783,57.06425],[12.35054,57.06667],[12.34994,57.06935],[12.35467,57.06951],[12.35978,57.07169],[12.36442,57.07162],[12.3664,57.0728],[12.36329,57.07453],[12.36049,57.07862],[12.3534,57.07924],[12.3461,57.07691],[12.34749,57.07193],[12.33232,57.07066],[12.32876,57.06802],[12.31782,57.06417],[12.31042,57.06536],[12.30697,57.06753],[12.30575,57.07015],[12.30093,57.06974],[12.30086,57.07318],[12.29558,57.07508],[12.29515,57.08025],[12.291,57.08382],[12.29081,57.08831],[12.29624,57.09234],[12.30349,57.09274],[12.30568,57.09672],[12.30532,57.10117],[12.31598,57.10413],[12.31537,57.10776],[12.32068,57.11191],[12.31386,57.11345],[12.31726,57.11514],[12.31729,57.11771],[12.32154,57.11851],[12.31901,57.12351],[12.3214,57.12598],[12.32419,57.12708],[12.33645,57.12799],[12.34994,57.12336],[12.3531,57.12708],[12.35684,57.12743],[12.36262,57.12444],[12.3631,57.1213],[12.36753,57.12091],[12.37537,57.12392],[12.37502,57.12737],[12.3811,57.12764],[12.38393,57.12562],[12.39056,57.12532],[12.39251,57.12686],[12.39092,57.12997],[12.39266,57.13206],[12.41039,57.1342],[12.41941,57.13348],[12.42194,57.13741],[12.4259,57.13684],[12.42727,57.13898],[12.43551,57.14221],[12.44512,57.14101],[12.45431,57.14292],[12.46119,57.14054],[12.46925,57.14349],[12.46802,57.1449],[12.46436,57.14491],[12.46379,57.1472],[12.46148,57.14835],[12.45176,57.14866],[12.45109,57.15038],[12.44228,57.15103],[12.43445,57.15064],[12.433,57.14776],[12.42524,57.14632],[12.41864,57.14621],[12.41481,57.14777],[12.40717,57.14761],[12.39895,57.14409],[12.39169,57.14594],[12.38909,57.14387],[12.38868,57.14082],[12.38462,57.13804],[12.37964,57.13652],[12.37578,57.13707],[12.37289,57.13566],[12.36808,57.13639],[12.36554,57.13444],[12.36226,57.13533],[12.36043,57.13807],[12.35628,57.13965],[12.35593,57.14452],[12.35832,57.14727],[12.35523,57.15147],[12.35882,57.15044],[12.3646,57.15057],[12.37509,57.15524],[12.38463,57.15518],[12.3858,57.15642],[12.38455,57.15948],[12.38964,57.16275],[12.38983,57.16597],[12.39582,57.16508],[12.40011,57.16885],[12.39728,57.17171],[12.39405,57.17256],[12.39743,57.17594],[12.39606,57.17934],[12.39267,57.17899],[12.38954,57.17998],[12.38246,57.18447],[12.37584,57.18444],[12.37212,57.18586],[12.3713,57.18823],[12.37403,57.19241],[12.38898,57.19565],[12.38789,57.19761],[12.39491,57.20264],[12.4112,57.20243],[12.41846,57.21008],[12.41767,57.2125],[12.42335,57.21479],[12.42478,57.21251],[12.43291,57.21307],[12.43814,57.21683],[12.43586,57.22212],[12.43909,57.22402],[12.4387,57.22768],[12.44262,57.23289],[12.42798,57.2378],[12.42226,57.23768],[12.41511,57.23461],[12.41924,57.23055],[12.41308,57.22867],[12.41249,57.22538],[12.39909,57.22445],[12.39291,57.2225],[12.39058,57.21879],[12.38362,57.21695],[12.38039,57.21796],[12.37806,57.21727],[12.37659,57.21146],[12.36741,57.20655],[12.36387,57.20562],[12.35968,57.20796],[12.35167,57.20759],[12.35044,57.204],[12.35191,57.20001],[12.34506,57.19814],[12.33965,57.19855],[12.33626,57.19391],[12.3289,57.1927],[12.33503,57.18766],[12.32993,57.18409],[12.32293,57.18359],[12.31933,57.1822],[12.3166,57.18368],[12.31607,57.18707],[12.30956,57.18512],[12.30903,57.18308],[12.3053,57.18148],[12.29703,57.18141],[12.29319,57.18362],[12.2935,57.18856],[12.30579,57.1922],[12.30577,57.19558],[12.31069,57.1988],[12.31475,57.19943],[12.31789,57.19808],[12.31869,57.19605],[12.32206,57.19612],[12.3251,57.19979],[12.33796,57.20546],[12.33781,57.2073],[12.33158,57.20729],[12.32801,57.20909],[12.32726,57.21716],[12.3299,57.2193],[12.33364,57.21974],[12.33615,57.22556],[12.34483,57.22708],[12.34229,57.23264],[12.34768,57.23383],[12.35521,57.24201],[12.36079,57.23876],[12.36544,57.23998],[12.3677,57.24183],[12.36473,57.24446],[12.3644,57.24763],[12.3702,57.24629],[12.37449,57.24836],[12.37837,57.2479],[12.38187,57.2492],[12.37979,57.25124],[12.37965,57.25674],[12.38178,57.25847],[12.38047,57.26057],[12.37087,57.26137],[12.36771,57.25961],[12.36447,57.25934],[12.36007,57.26155],[12.35988,57.2634],[12.36817,57.26307],[12.37257,57.2653],[12.37316,57.26741],[12.38446,57.26924],[12.38573,57.27136],[12.39164,57.27468],[12.39229,57.27854],[12.39972,57.27876],[12.39816,57.28399],[12.40059,57.28613],[12.40059,57.29194],[12.39745,57.29486],[12.38477,57.29802],[12.38083,57.29746],[12.3738,57.29398],[12.36994,57.29935],[12.36709,57.30052],[12.35841,57.29803],[12.35707,57.29932],[12.35394,57.29958],[12.34949,57.29741],[12.34858,57.29544],[12.34358,57.29355],[12.33761,57.30291],[12.33187,57.30638],[12.32347,57.30478],[12.32116,57.30016],[12.31723,57.3013],[12.31024,57.30127],[12.30804,57.29718],[12.31182,57.29468],[12.30559,57.28994],[12.2989,57.29165],[12.29518,57.29157],[12.28815,57.28738],[12.28962,57.28453],[12.28286,57.28133],[12.28715,57.27466],[12.28719,57.27114],[12.2904,57.26879],[12.28221,57.27045],[12.27693,57.26961],[12.27292,57.26702],[12.27755,57.26536],[12.27419,57.26228],[12.27429,57.25976],[12.27897,57.25695],[12.27955,57.25523],[12.27543,57.25177],[12.27075,57.25152],[12.26724,57.24861],[12.27504,57.24403],[12.28231,57.24443],[12.28909,57.2431],[12.2896,57.23843],[12.28508,57.23752],[12.2795,57.2332],[12.28211,57.23146],[12.27979,57.22938],[12.28989,57.22399],[12.29044,57.21951],[12.28141,57.21362],[12.27438,57.21311],[12.26829,57.20579],[12.26793,57.20196],[12.26207,57.20026],[12.26234,57.19665],[12.26459,57.19425],[12.25985,57.19158],[12.25615,57.19116],[12.25507,57.18865],[12.2514,57.18744],[12.25524,57.18638],[12.25658,57.18463],[12.24769,57.17589],[12.25116,57.17314],[12.25098,57.16986],[12.24671,57.17093],[12.24544,57.17405],[12.24004,57.17441],[12.23669,57.18329],[12.22854,57.18901],[12.23114,57.198],[12.22944,57.19991],[12.22522,57.20039],[12.22453,57.20272],[12.22547,57.20349],[12.23167,57.20329],[12.23444,57.205],[12.22789,57.20846],[12.23074,57.21023],[12.22893,57.21233],[12.23124,57.21463],[12.23051,57.21955],[12.22424,57.22514],[12.22172,57.22561],[12.21779,57.22455],[12.21499,57.22146],[12.21726,57.21881],[12.21677,57.21389]],[[12.31512,57.14881],[12.32195,57.14515],[12.317,57.13995],[12.30926,57.14139],[12.31106,57.14564],[12.31512,57.14881]],[[12.35001,57.14644],[12.34699,57.14429],[12.3429,57.14422],[12.33874,57.14175],[12.33048,57.14209],[12.32325,57.14399],[12.32354,57.14916],[12.33467,57.15281],[12.34257,57.1505],[12.35001,57.14644]]],[[[12.31189,57.3866],[12.30201,57.38709],[12.29057,57.38241],[12.28288,57.38517],[12.28078,57.38751],[12.27776,57.38631],[12.27158,57.3861],[12.26788,57.38452],[12.26431,57.38478],[12.26158,57.3892],[12.2653,57.39433],[12.2636,57.39643],[12.2603,57.39775],[12.25719,57.39764],[12.25257,57.40091],[12.24745,57.3999],[12.24498,57.40232],[12.23937,57.40354],[12.23396,57.40926],[12.22332,57.41622],[12.21862,57.41612],[12.20724,57.42007],[12.20501,57.42695],[12.1946,57.43101],[12.19054,57.42763],[12.19129,57.42499],[12.18801,57.4232],[12.19996,57.42026],[12.19882,57.41606],[12.20892,57.41231],[12.20614,57.40926],[12.20698,57.40597],[12.21246,57.40295],[12.21642,57.40225],[12.21792,57.39883],[12.22434,57.39908],[12.22354,57.39685],[12.22712,57.39069],[12.23851,57.38869],[12.23688,57.38147],[12.23831,57.37476],[12.25054,57.37255],[12.25594,57.37402],[12.25866,57.37236],[12.2652,57.37109],[12.26201,57.36927],[12.26424,57.36724],[12.27695,57.36815],[12.27946,57.36382],[12.29108,57.36411],[12.29643,57.36182],[12.30052,57.36134],[12.30381,57.35501],[12.31118,57.35541],[12.31355,57.35793],[12.31747,57.35676],[12.3236,57.35722],[12.3354,57.3637],[12.34,57.36402],[12.34622,57.36068],[12.3511,57.36212],[12.35533,57.36109],[12.35732,57.35367],[12.36392,57.35437],[12.37434,57.35116],[12.38384,57.35203],[12.39384,57.35751],[12.40339,57.35782],[12.40991,57.35974],[12.41991,57.3652],[12.4282,57.36547],[12.43286,57.36315],[12.43338,57.35664],[12.43686,57.35425],[12.43375,57.35126],[12.43732,57.34773],[12.44409,57.34607],[12.4503,57.34283],[12.45109,57.34081],[12.46443,57.34107],[12.47283,57.34595],[12.47735,57.34671],[12.47788,57.34877],[12.48321,57.35187],[12.48648,57.35216],[12.4903,57.35057],[12.49347,57.35063],[12.49729,57.35239],[12.50353,57.35265],[12.50032,57.35463],[12.49993,57.35731],[12.50624,57.36169],[12.50591,57.36642],[12.50854,57.36859],[12.51603,57.37167],[12.53427,57.37108],[12.53755,57.37378],[12.53102,57.38017],[12.5283,57.38056],[12.52496,57.3796],[12.51948,57.38107],[12.52138,57.38357],[12.5207,57.3903],[12.5115,57.38557],[12.5079,57.38578],[12.50204,57.38325],[12.50034,57.38069],[12.47952,57.36873],[12.46584,57.3681],[12.45902,57.36481],[12.44316,57.36921],[12.44205,57.37564],[12.43871,57.37683],[12.43722,57.37942],[12.43854,57.38337],[12.43471,57.38543],[12.43283,57.38248],[12.42623,57.38168],[12.42104,57.38287],[12.41913,57.38511],[12.40799,57.38668],[12.40704,57.3824],[12.3952,57.37924],[12.39252,57.37593],[12.3801,57.37532],[12.37324,57.3781],[12.36966,57.38162],[12.36433,57.3817],[12.35921,57.38387],[12.35494,57.38379],[12.35051,57.38191],[12.34135,57.38205],[12.33509,57.38538],[12.33429,57.39188],[12.32476,57.38979],[12.31997,57.38989],[12.31189,57.3866]]],[[[12.50094,57.42652],[12.49899,57.42482],[12.49526,57.42439],[12.50138,57.42294],[12.50164,57.41891],[12.49601,57.41363],[12.49813,57.40861],[12.5023,57.40679],[12.50007,57.40292],[12.50332,57.40096],[12.50619,57.39563],[12.50962,57.3942],[12.51766,57.39337],[12.52081,57.3912],[12.52064,57.39434],[12.51802,57.39631],[12.52041,57.39793],[12.51983,57.41027],[12.52878,57.41571],[12.53584,57.4162],[12.53611,57.42182],[12.54511,57.42717],[12.54163,57.42958],[12.54335,57.43586],[12.53401,57.44314],[12.53349,57.4411],[12.52808,57.43809],[12.51965,57.43994],[12.51736,57.44282],[12.51207,57.44093],[12.50735,57.44261],[12.50759,57.43901],[12.50982,57.4366],[12.49796,57.43344],[12.5007,57.42967],[12.495,57.42799],[12.50094,57.42652]]],[[[12.68773,57.4921],[12.69096,57.49497],[12.6947,57.49318],[12.70793,57.49334],[12.72201,57.50008],[12.71958,57.50252],[12.72309,57.5045],[12.72085,57.50708],[12.71698,57.50802],[12.71661,57.51812],[12.72261,57.5189],[12.72968,57.52386],[12.73039,57.52592],[12.73486,57.52845],[12.7332,57.52991],[12.72777,57.53],[12.72176,57.52596],[12.70134,57.51863],[12.6921,57.51939],[12.6798,57.51599],[12.6669,57.50742],[12.65957,57.50532],[12.64882,57.5043],[12.64387,57.50081],[12.63975,57.50141],[12.62986,57.49939],[12.62755,57.49667],[12.62277,57.49564],[12.62119,57.49116],[12.61702,57.49168],[12.6191,57.48902],[12.61773,57.48552],[12.62174,57.4843],[12.61772,57.48073],[12.61449,57.48038],[12.61145,57.48237],[12.60466,57.48404],[12.59132,57.48378],[12.59081,57.48175],[12.5854,57.47862],[12.58209,57.47834],[12.57823,57.47994],[12.57168,57.47801],[12.57192,57.47442],[12.57539,57.47202],[12.57226,57.46904],[12.57574,57.46663],[12.57572,57.46394],[12.57274,57.46186],[12.57622,57.45945],[12.57562,57.45618],[12.58392,57.45547],[12.58877,57.45328],[12.59012,57.4514],[12.59088,57.45927],[12.59621,57.46049],[12.59733,57.46299],[12.60533,57.46751],[12.61572,57.46806],[12.61248,57.47003],[12.6128,57.47183],[12.6187,57.4735],[12.62473,57.47688],[12.632,57.47725],[12.63532,57.47855],[12.64505,57.47536],[12.64889,57.47722],[12.65261,57.47453],[12.65825,57.47437],[12.66965,57.4787],[12.67514,57.47925],[12.68225,57.48166],[12.6815,57.48259],[12.67204,57.48372],[12.66905,57.48591],[12.67092,57.48797],[12.6747,57.48701],[12.67764,57.48752],[12.6798,57.49285],[12.68437,57.4941],[12.68773,57.4921]]],[[[12.78971,57.54851],[12.79955,57.55161],[12.80035,57.55423],[12.80366,57.55619],[12.80413,57.56337],[12.79929,57.56283],[12.79749,57.56668],[12.79525,57.56737],[12.79057,57.5665],[12.79042,57.56442],[12.78558,57.56484],[12.78341,57.56143],[12.77733,57.56211],[12.77279,57.55868],[12.77795,57.55179],[12.78971,57.54851]]]]}},{"type":"Feature","properties":{"fs":"TRANSIT","t":45.0},"geometry":{"type":"MultiPolygon","coordinates":[[[[12.26352,57.13692],[12.26149,57.13172],[12.25536,57.12963],[12.25088,57.13029],[12.26054,57.08832],[12.27,57.08791],[12.27399,57.08974],[12.27373,57.09288],[12.27632,57.09601],[12.28314,57.09728],[12.2849,57.09855],[12.28488,57.10166],[12.28153,57.10518],[12.28222,57.10692],[12.29822,57.10846],[12.30195,57.11012],[12.30164,57.11202],[12.29835,57.11375],[12.28815,57.11487],[12.28357,57.11952],[12.28469,57.12019],[12.29088,57.11842],[12.29725,57.12024],[12.30029,57.12416],[12.3068,57.12393],[12.30662,57.12639],[12.30488,57.12752],[12.29105,57.12746],[12.28512,57.12941],[12.28122,57.12905],[12.27953,57.13238],[12.29043,57.13591],[12.29976,57.13668],[12.30331,57.14171],[12.30093,57.14604],[12.30311,57.14899],[12.30101,57.15061],[12.30145,57.15275],[12.30654,57.15302],[12.31544,57.15568],[12.32877,57.15442],[12.33472,57.15542],[12.34525,57.15514],[12.35079,57.15713],[12.35431,57.16001],[12.36716,57.15958],[12.3724,57.16297],[12.36916,57.16483],[12.35713,57.1668],[12.35136,57.16225],[12.34744,57.16216],[12.34176,57.15921],[12.33841,57.16111],[12.32997,57.16312],[12.32833,57.1646],[12.33022,57.16869],[12.33459,57.16833],[12.3376,57.17098],[12.3376,57.17312],[12.34869,57.17987],[12.35034,57.18436],[12.35588,57.1864],[12.36201,57.19307],[12.36915,57.19513],[12.36936,57.19738],[12.36692,57.19924],[12.36052,57.19899],[12.36098,57.19692],[12.35501,57.19646],[12.35219,57.19248],[12.3456,57.19268],[12.34401,57.18746],[12.33938,57.18495],[12.33752,57.18167],[12.33288,57.18049],[12.32766,57.17625],[12.32398,57.17492],[12.31957,57.17664],[12.31851,57.17961],[12.321,57.18169],[12.31656,57.18368],[12.31608,57.18705],[12.30958,57.18511],[12.30907,57.18307],[12.30612,57.18158],[12.29318,57.18108],[12.29291,57.18766],[12.2956,57.18983],[12.30456,57.19229],[12.30572,57.19569],[12.31146,57.19917],[12.31559,57.19925],[12.31871,57.19607],[12.32204,57.19614],[12.32508,57.1998],[12.33793,57.20547],[12.33779,57.20728],[12.33158,57.20727],[12.32796,57.20909],[12.32738,57.21761],[12.32989,57.21932],[12.33361,57.21975],[12.33573,57.22598],[12.34384,57.22718],[12.3409,57.23224],[12.34662,57.23415],[12.34773,57.23662],[12.35302,57.23991],[12.3529,57.24179],[12.34953,57.24414],[12.3538,57.24924],[12.36168,57.2495],[12.36577,57.25212],[12.3657,57.25313],[12.36034,57.25451],[12.35945,57.25777],[12.36137,57.25995],[12.35835,57.26189],[12.35883,57.26393],[12.37053,57.26506],[12.37193,57.26769],[12.38074,57.27247],[12.38211,57.27523],[12.38659,57.27419],[12.38994,57.27464],[12.39077,57.27856],[12.39623,57.28189],[12.3987,57.28592],[12.39813,57.29292],[12.39492,57.29509],[12.38717,57.29675],[12.38169,57.29676],[12.37497,57.29339],[12.36442,57.29338],[12.36164,57.29014],[12.35768,57.29197],[12.34632,57.29013],[12.34267,57.2919],[12.3384,57.292],[12.33659,57.28952],[12.3318,57.28727],[12.32638,57.29524],[12.32349,57.296],[12.31795,57.29369],[12.31873,57.29125],[12.30836,57.28801],[12.30604,57.28351],[12.30257,57.2813],[12.29931,57.2811],[12.2927,57.27651],[12.29,57.27163],[12.29281,57.269],[12.29254,57.26555],[12.29747,57.26373],[12.29607,57.26247],[12.29079,57.26165],[12.28746,57.2554],[12.28856,57.25289],[12.28655,57.25096],[12.29155,57.25023],[12.29252,57.24917],[12.29032,57.24512],[12.29121,57.2393],[12.27955,57.23327],[12.28218,57.23102],[12.27982,57.22939],[12.28994,57.224],[12.29032,57.21906],[12.28142,57.2136],[12.27441,57.2131],[12.26832,57.20578],[12.26797,57.20195],[12.26211,57.20025],[12.26237,57.19666],[12.265,57.1947],[12.25986,57.19156],[12.25617,57.19114],[12.25568,57.1891],[12.25264,57.18746],[12.25664,57.18463],[12.2503,57.1763],[12.25348,57.17243],[12.25325,57.16703],[12.25736,57.16438],[12.25808,57.16235],[12.26446,57.16195],[12.2669,57.16055],[12.26718,57.15567],[12.26387,57.15351],[12.26434,57.15154],[12.26193,57.14879],[12.26311,57.14487],[12.27028,57.14207],[12.27655,57.1414],[12.27779,57.13952],[12.27269,57.13832],[12.27017,57.13541],[12.26651,57.13526],[12.26352,57.13692]]],[[[12.37824,57.20458],[12.37704,57.20097],[12.38078,57.20105],[12.39316,57.21016],[12.39005,57.21025],[12.37824,57.20458]]],[[[12.3367,57.36817],[12.34892,57.36863],[12.3529,57.36969],[12.35969,57.36845],[12.35907,57.36582],[12.36298,57.36324],[12.36925,57.36411],[12.37668,57.36199],[12.37957,57.36596],[12.38286,57.36578],[12.38366,57.36427],[12.37863,57.36097],[12.38125,57.3591],[12.39018,57.35928],[12.39267,57.36148],[12.39924,57.36162],[12.4028,57.36358],[12.41184,57.3616],[12.4199,57.36522],[12.42988,57.3652],[12.43268,57.36359],[12.43338,57.35967],[12.44292,57.3601],[12.4431,57.35671],[12.44758,57.35361],[12.44435,57.34994],[12.44758,57.34817],[12.44677,57.34546],[12.45111,57.34083],[12.46441,57.34109],[12.47281,57.34597],[12.47733,57.34673],[12.47784,57.34877],[12.484,57.35213],[12.49346,57.35065],[12.49728,57.35242],[12.50266,57.35276],[12.50003,57.35507],[12.50006,57.35776],[12.50621,57.3617],[12.50235,57.3634],[12.49253,57.36314],[12.49038,57.36655],[12.49333,57.37049],[12.4868,57.37191],[12.47872,57.36847],[12.46387,57.3667],[12.46313,57.36246],[12.45299,57.36039],[12.44932,57.36071],[12.44373,57.36337],[12.44643,57.36766],[12.4409,57.37114],[12.4302,57.37247],[12.43085,57.37507],[12.41812,57.37874],[12.41267,57.37785],[12.41224,57.37511],[12.40422,57.37537],[12.39848,57.37212],[12.38938,57.36978],[12.38228,57.37063],[12.37905,57.37209],[12.36783,57.37242],[12.35603,57.37448],[12.35239,57.37339],[12.34866,57.37796],[12.34659,57.37859],[12.3426,57.37813],[12.33914,57.37511],[12.33614,57.37507],[12.32871,57.38098],[12.32541,57.37866],[12.32158,57.37927],[12.30957,57.37738],[12.31389,57.3741],[12.31126,57.37244],[12.30714,57.37198],[12.29604,57.37399],[12.29297,57.37235],[12.29538,57.36984],[12.30489,57.36868],[12.31014,57.36505],[12.31624,57.36535],[12.32243,57.37264],[12.33228,57.37191],[12.33495,57.37088],[12.3367,57.36817]]],[[[12.13043,57.36605],[12.12704,57.36148],[12.13007,57.35996],[12.13595,57.35921],[12.14402,57.36243],[12.1436,57.36515],[12.13613,57.36668],[12.13043,57.36605]]],[[[12.5092,57.37356],[12.5142,57.37265],[12.51935,57.37432],[12.51518,57.37911],[12.49825,57.3763],[12.4962,57.37236],[12.50493,57.37213],[12.5092,57.37356]]],[[[12.26949,57.38048],[12.26599,57.38007],[12.26613,57.37823],[12.27502,57.37612],[12.27913,57.37273],[12.28411,57.37503],[12.28214,57.37827],[12.27588,57.37847],[12.26949,57.38048]]],[[[12.54157,57.42965],[12.53786,57.4307],[12.54095,57.43578],[12.53171,57.43792],[12.52019,57.4387],[12.51722,57.44168],[12.51187,57.44079],[12.50905,57.43613],[12.50453,57.43536],[12.5016,57.43313],[12.49823,57.43306],[12.50074,57.42967],[12.49587,57.428],[12.50122,57.42754],[12.50465,57.42525],[12.50039,57.41663],[12.50464,57.41537],[12.51286,57.41587],[12.50572,57.41002],[12.50913,57.40647],[12.51649,57.4028],[12.51993,57.40474],[12.52017,57.41073],[12.52895,57.41645],[12.53343,57.41762],[12.54137,57.42643],[12.54157,57.42965]]],[[[12.59556,57.46062],[12.60426,57.46785],[12.60927,57.46926],[12.61285,57.47228],[12.6139,57.47531],[12.60761,57.47628],[12.60504,57.47775],[12.60127,57.47523],[12.59503,57.47736],[12.59075,57.47675],[12.58903,57.47267],[12.58246,57.47271],[12.57905,57.47074],[12.58259,57.45969],[12.59556,57.46062]]],[[[12.64553,57.48093],[12.65779,57.48885],[12.65847,57.49041],[12.65593,57.49259],[12.66431,57.49273],[12.66685,57.49452],[12.67374,57.49641],[12.67063,57.50002],[12.66358,57.49966],[12.65859,57.49515],[12.65272,57.49549],[12.64116,57.49359],[12.63301,57.49071],[12.63208,57.48567],[12.63873,57.48116],[12.64553,57.48093]]],[[[12.70458,57.50364],[12.69933,57.5086],[12.69611,57.50889],[12.69257,57.50757],[12.69413,57.50316],[12.70458,57.50364]]]]}},{"type":"Feature","properties":{"fs":"TRANSIT","t":30.0},"geometry":{"type":"MultiPolygon","coordinates":[[[[12.26341,57.11012],[12.25814,57.11717],[12.25378,57.11771],[12.25669,57.10506],[12.26056,57.10669],[12.26341,57.11012]]],[[[12.38907,57.28272],[12.38896,57.28421],[12.38473,57.28549],[12.38553,57.29118],[12.37358,57.2919],[12.36504,57.29148],[12.36253,57.28787],[12.35597,57.28671],[12.35611,57.2848],[12.35188,57.28576],[12.3424,57.28259],[12.33883,57.28323],[12.33236,57.28235],[12.32763,57.28468],[12.32178,57.28518],[12.31967,57.28429],[12.32015,57.282],[12.31481,57.27711],[12.32,57.27334],[12.31259,57.27429],[12.30619,57.27342],[12.30422,57.27194],[12.30425,57.26896],[12.30048,57.26557],[12.30005,57.26286],[12.30082,57.26111],[12.30451,57.26045],[12.2969,57.25858],[12.29581,57.25693],[12.29802,57.25385],[12.30166,57.25326],[12.29835,57.25111],[12.299,57.24751],[12.2956,57.24479],[12.29933,57.24336],[12.30036,57.24089],[12.29906,57.23973],[12.29224,57.23835],[12.29091,57.23671],[12.29331,57.23507],[12.28981,57.23283],[12.28602,57.23275],[12.28466,57.23156],[12.29457,57.22825],[12.29381,57.22588],[12.29577,57.22412],[12.30011,57.22495],[12.30083,57.22378],[12.29544,57.22007],[12.29748,57.21663],[12.28667,57.2098],[12.28866,57.20775],[12.28112,57.20643],[12.2733,57.20018],[12.27307,57.19218],[12.2655,57.18808],[12.26376,57.18478],[12.26513,57.18049],[12.26867,57.17888],[12.26557,57.17314],[12.27194,57.16496],[12.27222,57.16104],[12.28274,57.16183],[12.28491,57.16809],[12.29175,57.16685],[12.29038,57.1648],[12.29319,57.16321],[12.30788,57.16301],[12.31333,57.17099],[12.31853,57.17204],[12.31711,57.17485],[12.31241,57.17471],[12.30935,57.17605],[12.31183,57.18178],[12.31074,57.1834],[12.3053,57.18142],[12.29621,57.18122],[12.28759,57.17682],[12.28563,57.17703],[12.28511,57.17927],[12.29022,57.18275],[12.2891,57.18662],[12.2923,57.18672],[12.29479,57.1895],[12.29845,57.19032],[12.29478,57.19201],[12.30017,57.19357],[12.30533,57.19785],[12.30702,57.20127],[12.3114,57.20349],[12.31889,57.20046],[12.32721,57.20457],[12.32767,57.20677],[12.32298,57.2087],[12.32149,57.21074],[12.32714,57.21519],[12.32829,57.21852],[12.33358,57.21976],[12.33525,57.22699],[12.34006,57.22747],[12.34205,57.22871],[12.33948,57.2318],[12.34215,57.2365],[12.34839,57.23831],[12.34577,57.24166],[12.33564,57.24385],[12.33956,57.24874],[12.34845,57.25052],[12.34845,57.25266],[12.35393,57.25637],[12.35175,57.26756],[12.35605,57.27019],[12.36028,57.26908],[12.36997,57.26985],[12.37134,57.27104],[12.36863,57.27439],[12.37237,57.2765],[12.37927,57.27375],[12.38907,57.28272]]],[[[12.48635,57.35468],[12.49208,57.35549],[12.49028,57.36161],[12.48232,57.3645],[12.46665,57.36261],[12.46273,57.36087],[12.46445,57.35722],[12.45841,57.35553],[12.46091,57.35372],[12.45999,57.35067],[12.46439,57.3484],[12.46278,57.34444],[12.46793,57.34405],[12.47731,57.34675],[12.47779,57.34878],[12.48537,57.35241],[12.48635,57.35468]]],[[[12.51936,57.42296],[12.52167,57.42219],[12.52601,57.42351],[12.52645,57.42748],[12.52235,57.43051],[12.51801,57.43162],[12.51331,57.42722],[12.51361,57.42588],[12.51877,57.42505],[12.51936,57.42296]]]]}},{"type":"Feature","properties":{"fs":"TRANSIT","t":15.0},"geometry":{"type":"MultiPolygon","coordinates":[[[[12.34928,57.26868],[12.35172,57.27272],[12.33628,57.2761],[12.32676,57.27073],[12.3215,57.26981],[12.31861,57.26422],[12.31552,57.2622],[12.31333,57.25882],[12.31844,57.25701],[12.31496,57.25502],[12.31621,57.25203],[12.31232,57.24992],[12.31413,57.24788],[12.31223,57.24605],[12.31838,57.24168],[12.31315,57.23854],[12.309,57.23862],[12.3051,57.23529],[12.31715,57.22492],[12.31992,57.2252],[12.32433,57.22862],[12.32443,57.23238],[12.32838,57.23561],[12.32355,57.24084],[12.32915,57.24665],[12.32904,57.25222],[12.33512,57.25562],[12.33464,57.2572],[12.33758,57.25827],[12.33789,57.26187],[12.3458,57.26767],[12.34928,57.26868]]],[[[12.36007,57.27773],[12.36983,57.27767],[12.37247,57.28282],[12.36604,57.28313],[12.36007,57.27773]]]]}},{"type":"Feature","properties":{"fs":"TRANSIT50","t":60.0},"geometry":{"type":"MultiPolygon","coordinates":[[[[12.26126,57.13177],[12.25472,57.1298],[12.25083,57.13048],[12.25838,57.09771],[12.26277,57.09916],[12.26369,57.09786],[12.26763,57.09763],[12.27677,57.09963],[12.28035,57.10145],[12.2807,57.10381],[12.28355,57.10579],[12.28922,57.10731],[12.29909,57.10775],[12.30438,57.10944],[12.29946,57.11411],[12.28556,57.11774],[12.29835,57.12363],[12.29741,57.12514],[12.2935,57.12496],[12.28897,57.12704],[12.28203,57.13212],[12.29174,57.1363],[12.29392,57.1405],[12.29278,57.14385],[12.28971,57.14288],[12.28334,57.14308],[12.28003,57.14104],[12.27602,57.14087],[12.26961,57.13598],[12.26326,57.13736],[12.26126,57.13177]]],[[[12.31024,57.30127],[12.30804,57.29718],[12.31182,57.29468],[12.30523,57.28971],[12.29572,57.29169],[12.28815,57.28738],[12.28997,57.28485],[12.28384,57.28211],[12.28272,57.28046],[12.28698,57.27505],[12.28719,57.27114],[12.29051,57.26895],[12.28221,57.27045],[12.27693,57.26961],[12.27305,57.26716],[12.27755,57.26536],[12.27419,57.26228],[12.27429,57.25976],[12.27897,57.25695],[12.27942,57.25482],[12.27497,57.25154],[12.27075,57.25152],[12.26721,57.24895],[12.27504,57.24403],[12.28231,57.24443],[12.29028,57.24237],[12.28988,57.23835],[12.28541,57.23727],[12.27954,57.23342],[12.28218,57.23102],[12.27982,57.22939],[12.28994,57.224],[12.29094,57.21857],[12.29055,57.21738],[12.28738,57.21698],[12.27788,57.21112],[12.27892,57.20755],[12.27301,57.20559],[12.2755,57.20206],[12.26868,57.20253],[12.26413,57.20018],[12.26645,57.19484],[12.26475,57.19129],[12.25909,57.19081],[12.25711,57.18962],[12.26024,57.18758],[12.25842,57.18512],[12.25772,57.17162],[12.2605,57.1691],[12.26494,57.16844],[12.269,57.16637],[12.26602,57.1641],[12.26868,57.15613],[12.26579,57.15337],[12.26597,57.14971],[12.27182,57.15017],[12.27457,57.15491],[12.28144,57.15792],[12.28167,57.15394],[12.28539,57.15537],[12.29216,57.15102],[12.29173,57.15775],[12.28949,57.16017],[12.29506,57.16309],[12.30722,57.16359],[12.31219,57.16752],[12.31356,57.17129],[12.31782,57.17236],[12.317,57.17411],[12.31355,57.17418],[12.30871,57.17677],[12.3111,57.18131],[12.30985,57.18286],[12.3053,57.18142],[12.29501,57.18115],[12.28672,57.17847],[12.29128,57.1828],[12.29306,57.18811],[12.29559,57.18984],[12.29929,57.19027],[12.29938,57.19177],[12.3023,57.19292],[12.30397,57.19581],[12.30912,57.19936],[12.31559,57.19927],[12.31872,57.19608],[12.32203,57.19615],[12.32485,57.20003],[12.33672,57.20478],[12.33665,57.20579],[12.32794,57.20908],[12.3272,57.21716],[12.32989,57.21931],[12.33362,57.21975],[12.33601,57.22582],[12.34425,57.22715],[12.3423,57.23293],[12.3474,57.23392],[12.34842,57.23641],[12.35291,57.23882],[12.35503,57.24197],[12.36079,57.23876],[12.36544,57.23998],[12.3677,57.24183],[12.36473,57.24446],[12.3644,57.24763],[12.3702,57.24629],[12.37396,57.24822],[12.37919,57.24802],[12.38199,57.24943],[12.37979,57.25124],[12.37965,57.25674],[12.38178,57.25847],[12.38047,57.26057],[12.37087,57.26137],[12.36724,57.25947],[12.36399,57.25942],[12.36005,57.26154],[12.36003,57.26421],[12.36817,57.26307],[12.3715,57.26482],[12.37289,57.26755],[12.38446,57.26924],[12.38993,57.27375],[12.39202,57.2786],[12.39696,57.27819],[12.40027,57.2798],[12.39469,57.28564],[12.39553,57.28785],[12.39354,57.29135],[12.39522,57.29492],[12.38387,57.29704],[12.37382,57.29363],[12.36778,57.30049],[12.35841,57.29803],[12.35707,57.29932],[12.35394,57.29958],[12.34949,57.29741],[12.34858,57.29544],[12.34358,57.29355],[12.33761,57.30291],[12.33341,57.30604],[12.3302,57.30642],[12.32347,57.30478],[12.32133,57.3002],[12.31723,57.3013],[12.31024,57.30127]]],[[[12.49155,57.35562],[12.49037,57.36027],[12.48226,57.36378],[12.47275,57.36314],[12.46378,57.36091],[12.46484,57.35717],[12.45924,57.35546],[12.46126,57.35379],[12.46016,57.35124],[12.46488,57.34852],[12.46346,57.34456],[12.47079,57.34482],[12.4773,57.34675],[12.47779,57.34878],[12.48515,57.35241],[12.48624,57.35482],[12.49155,57.35562]]],[[[12.52195,57.42267],[12.52537,57.42349],[12.52642,57.42523],[12.52219,57.43025],[12.51786,57.43079],[12.51404,57.42724],[12.51455,57.42582],[12.51896,57.42524],[12.52195,57.42267]]]]}},{"type":"Feature","properties":{"fs":"TRANSIT50","t":45.0},"geometry":{"type":"MultiPolygon","coordinates":[[[[12.25698,57.11751],[12.25537,57.1127],[12.2561,57.10761],[12.25914,57.10778],[12.26172,57.11014],[12.25997,57.1128],[12.26306,57.11573],[12.26303,57.1209],[12.26729,57.12335],[12.26498,57.12519],[12.2615,57.12474],[12.25815,57.12265],[12.25943,57.11925],[12.25698,57.11751]]],[[[12.28379,57.16904],[12.28807,57.16819],[12.29206,57.17016],[12.30142,57.16942],[12.30491,57.17399],[12.30353,57.1774],[12.29311,57.17845],[12.28581,57.17647],[12.27905,57.17834],[12.27121,57.17702],[12.27199,57.17305],[12.28024,57.17123],[12.28408,57.17444],[12.28584,57.17268],[12.28379,57.16904]]],[[[12.33889,57.29202],[12.3318,57.28727],[12.32489,57.2961],[12.31923,57.29461],[12.31767,57.29323],[12.31873,57.29125],[12.30836,57.28801],[12.30623,57.28366],[12.30257,57.2813],[12.29897,57.28089],[12.2927,57.27651],[12.29021,57.27298],[12.29281,57.269],[12.29254,57.26555],[12.29763,57.26373],[12.29671,57.26268],[12.29045,57.2613],[12.28746,57.2554],[12.28856,57.25289],[12.28655,57.25096],[12.29699,57.24991],[12.30153,57.24582],[12.30008,57.24018],[12.29237,57.23877],[12.29003,57.23703],[12.29183,57.23437],[12.28551,57.23126],[12.29569,57.22803],[12.29235,57.22557],[12.29646,57.22346],[12.30052,57.22482],[12.30143,57.22251],[12.30731,57.21918],[12.3004,57.21743],[12.30129,57.21514],[12.29831,57.21207],[12.30129,57.20993],[12.29105,57.21015],[12.29191,57.20606],[12.28361,57.20068],[12.28548,57.19784],[12.28378,57.19348],[12.28116,57.19115],[12.27378,57.18807],[12.27668,57.18641],[12.27572,57.18422],[12.27951,57.18058],[12.28308,57.18172],[12.28441,57.18473],[12.29038,57.18837],[12.28991,57.19202],[12.29811,57.19496],[12.2977,57.1977],[12.30468,57.20353],[12.31655,57.20679],[12.3126,57.21057],[12.31302,57.21241],[12.32381,57.21621],[12.32724,57.2157],[12.32829,57.21852],[12.33358,57.21976],[12.33507,57.227],[12.34301,57.22847],[12.33995,57.23181],[12.34226,57.2377],[12.3538,57.24924],[12.36168,57.2495],[12.36602,57.25252],[12.36016,57.25479],[12.35932,57.25778],[12.36125,57.25993],[12.35824,57.26188],[12.35858,57.26535],[12.36797,57.27477],[12.37244,57.27704],[12.3786,57.2773],[12.38313,57.28017],[12.38013,57.28343],[12.37985,57.28743],[12.36154,57.2897],[12.35768,57.29197],[12.34632,57.29013],[12.34267,57.2919],[12.33889,57.29202]]]]}},{"type":"Feature","properties":{"fs":"TRANSIT50","t":30.0},"geometry":{"type":"MultiPolygon","coordinates":[[[[12.32543,57.23307],[12.33012,57.23401],[12.32898,57.23738],[12.32083,57.24129],[12.31854,57.24139],[12.31292,57.23881],[12.30763,57.23891],[12.30309,57.23372],[12.30635,57.23027],[12.31253,57.22718],[12.3126,57.22269],[12.31574,57.22006],[12.31901,57.22058],[12.32256,57.22425],[12.32206,57.22716],[12.32592,57.22889],[12.32543,57.23307]]],[[[12.33918,57.28324],[12.33166,57.2825],[12.32594,57.28506],[12.32016,57.28464],[12.32015,57.282],[12.31481,57.27711],[12.32004,57.27334],[12.31275,57.27425],[12.30611,57.26969],[12.30782,57.26756],[12.30567,57.26523],[12.3079,57.26224],[12.3043,57.25756],[12.31744,57.25505],[12.31884,57.25152],[12.31789,57.24751],[12.32171,57.24333],[12.32891,57.24649],[12.32849,57.24995],[12.33088,57.25127],[12.33387,57.2519],[12.334,57.25016],[12.33768,57.24895],[12.34601,57.25065],[12.35072,57.2563],[12.35175,57.26756],[12.36657,57.27802],[12.3628,57.28163],[12.35627,57.28164],[12.35217,57.28444],[12.34354,57.28266],[12.33918,57.28324]]]]}},{"type":"Feature","properties":{"fs":"TRANSIT50","t":15.0},"geometry":{"type":"Polygon","coordinates":[[[12.33602,57.27599],[12.32738,57.27095],[12.32137,57.26952],[12.32159,57.2665],[12.32419,57.26457],[12.32285,57.262],[12.32781,57.2593],[12.33508,57.25911],[12.34223,57.26536],[12.34928,57.26868],[12.34958,57.2708],[12.35218,57.27213],[12.34093,57.27566],[12.33602,57.27599]]]}},{"type":"Feature","properties":{"fs":"TRANSITB","t":60.0},"geometry":{"type":"MultiPolygon","coordinates":[[[[12.11535,57.36219],[12.10827,57.35701],[12.12184,57.35047],[12.12502,57.35018],[12.13073,57.35162],[12.13729,57.35037],[12.14064,57.35342],[12.15459,57.35483],[12.16055,57.3582],[12.16084,57.3627],[12.14792,57.36601],[12.14603,57.37142],[12.13886,57.37459],[12.13257,57.37464],[12.13625,57.37113],[12.1345,57.36707],[12.13203,57.36701],[12.12628,57.37032],[12.12008,57.36693],[12.1163,57.3667],[12.11334,57.36411],[12.11535,57.36219]]],[[[12.15872,57.43305],[12.15908,57.43542],[12.16276,57.43732],[12.15892,57.4386],[12.15108,57.43827],[12.14873,57.43388],[12.15124,57.43284],[12.15872,57.43305]]],[[[12.12957,57.45658],[12.12947,57.45427],[12.13585,57.45021],[12.13646,57.44517],[12.14397,57.44189],[12.14734,57.44283],[12.14661,57.44596],[12.14035,57.44986],[12.14155,57.45283],[12.12957,57.45658]]],[[[12.10758,57.49511],[12.10318,57.4956],[12.09777,57.49248],[12.09767,57.48933],[12.09366,57.48976],[12.08738,57.49584],[12.07823,57.49939],[12.07315,57.49717],[12.06836,57.49753],[12.04963,57.49091],[12.04306,57.49188],[12.03349,57.48941],[12.02731,57.49132],[12.02534,57.48922],[12.02044,57.48746],[12.01998,57.48595],[12.02698,57.48294],[12.03367,57.48492],[12.04418,57.48452],[12.04678,57.48703],[12.04914,57.48746],[12.05961,57.48182],[12.06485,57.48415],[12.07501,57.47842],[12.07809,57.47506],[12.08275,57.47416],[12.09011,57.4702],[12.09076,57.46611],[12.10177,57.46458],[12.10642,57.45957],[12.11333,57.45621],[12.1202,57.45929],[12.12017,57.46244],[12.11258,57.46617],[12.10781,57.46645],[12.10649,57.46841],[12.10798,57.47152],[12.10163,57.47272],[12.10037,57.47456],[12.10332,57.48295],[12.10851,57.48599],[12.10624,57.48998],[12.11026,57.49022],[12.11079,57.49233],[12.10758,57.49511]]],[[[12.00592,57.48533],[11.99841,57.48543],[11.98815,57.48336],[11.99034,57.48204],[12.00762,57.48161],[12.01146,57.48399],[12.00592,57.48533]]],[[[12.0697,57.5134],[12.07092,57.51118],[12.07582,57.5113],[12.08206,57.50762],[12.092,57.51021],[12.09172,57.51245],[12.08844,57.51305],[12.08123,57.51884],[12.0697,57.5134]]],[[[12.10205,57.53583],[12.10537,57.53613],[12.10814,57.53805],[12.10235,57.54151],[12.09669,57.53958],[12.09827,57.53743],[12.10205,57.53583]]],[[[12.50389,56.92355],[12.50378,56.91893],[12.49887,56.91873],[12.49729,56.91466],[12.49279,56.91036],[12.49406,56.90536],[12.50479,56.90687],[12.50647,56.91095],[12.51682,56.916],[12.5189,56.92273],[12.51552,56.92586],[12.50886,56.92596],[12.50389,56.92355]]],[[[12.47722,57.14779],[12.4738,57.1465],[12.47348,57.14515],[12.47795,57.14316],[12.48307,57.14388],[12.48526,57.14555],[12.4841,57.1481],[12.47722,57.14779]]],[[[12.21677,57.21389],[12.21898,57.20997],[12.21685,57.2077],[12.21253,57.20603],[12.22074,57.19957],[12.21939,57.19291],[12.22411,57.19048],[12.22216,57.18851],[12.22546,57.18659],[12.22362,57.18359],[12.21883,57.18281],[12.22013,57.17922],[12.22325,57.17771],[12.2185,57.1748],[12.21819,57.1721],[12.22506,57.16764],[12.2359,57.16341],[12.23564,57.15945],[12.23989,57.15151],[12.2397,57.14713],[12.24367,57.14378],[12.24833,57.14295],[12.25489,57.1387],[12.25426,57.13694],[12.24974,57.13523],[12.26173,57.08315],[12.28135,57.05897],[12.28608,57.05894],[12.28276,57.05723],[12.28849,57.05016],[12.29949,57.05224],[12.30413,57.04972],[12.30829,57.04925],[12.30996,57.05014],[12.3085,57.05262],[12.32186,57.05322],[12.32442,57.05667],[12.33326,57.05754],[12.33911,57.05935],[12.34245,57.06164],[12.34106,57.06382],[12.34505,57.06318],[12.34783,57.06425],[12.35054,57.06667],[12.34994,57.06935],[12.35467,57.06951],[12.35978,57.07169],[12.36442,57.07162],[12.3664,57.0728],[12.36329,57.07453],[12.36049,57.07862],[12.3534,57.07924],[12.3461,57.07691],[12.34749,57.07193],[12.33232,57.07066],[12.32876,57.06802],[12.31782,57.06417],[12.31042,57.06536],[12.30697,57.06753],[12.30575,57.07015],[12.30093,57.06974],[12.30086,57.07318],[12.29558,57.07508],[12.29515,57.08025],[12.291,57.08382],[12.29081,57.08831],[12.29624,57.09234],[12.30349,57.09274],[12.30568,57.09672],[12.30532,57.10117],[12.31598,57.10413],[12.31537,57.10776],[12.32068,57.11191],[12.31386,57.11345],[12.31726,57.11514],[12.31729,57.11771],[12.32154,57.11851],[12.31901,57.12351],[12.3214,57.12598],[12.32419,57.12708],[12.33645,57.12799],[12.34994,57.12336],[12.3531,57.12708],[12.35684,57.12743],[12.36262,57.12444],[12.3631,57.1213],[12.36753,57.12091],[12.37537,57.12392],[12.37502,57.12737],[12.3811,57.12764],[12.38393,57.12562],[12.39056,57.12532],[12.39251,57.12686],[12.39092,57.12997],[12.39266,57.13206],[12.41039,57.1342],[12.41941,57.13348],[12.42194,57.13741],[12.4259,57.13684],[12.42727,57.13898],[12.43551,57.14221],[12.44512,57.14101],[12.45431,57.14292],[12.46119,57.14054],[12.46925,57.14349],[12.46802,57.1449],[12.46436,57.14491],[12.46379,57.1472],[12.46148,57.14835],[12.45176,57.14866],[12.45109,57.15038],[12.44228,57.15103],[12.43445,57.15064],[12.433,57.14776],[12.42524,57.14632],[12.41864,57.14621],[12.41481,57.14777],[12.40717,57.14761],[12.39895,57.14409],[12.39169,57.14594],[12.38909,57.14387],[12.38868,57.14082],[12.38462,57.13804],[12.37964,57.13652],[12.37578,57.13707],[12.37289,57.13566],[12.36808,57.13639],[12.36554,57.13444],[12.36226,57.13533],[12.36043,57.13807],[12.35628,57.13965],[12.35593,57.14452],[12.35832,57.14727],[12.35523,57.15147],[12.35882,57.15044],[12.3646,57.15057],[12.37509,57.15524],[12.38463,57.15518],[12.3858,57.15642],[12.38455,57.15948],[12.38964,57.16275],[12.38983,57.16597],[12.39582,57.16508],[12.40011,57.16885],[12.39728,57.17171],[12.39405,57.17256],[12.39743,57.17594],[12.39606,57.17934],[12.39267,57.17899],[12.38954,57.17998],[12.38246,57.18447],[12.37584,57.18444],[12.37212,57.18586],[12.3713,57.18823],[12.37403,57.19241],[12.38898,57.19565],[12.38789,57.19761],[12.39491,57.20264],[12.4112,57.20243],[12.41846,57.21008],[12.41767,57.2125],[12.42335,57.21479],[12.42478,57.21251],[12.43291,57.21307],[12.43814,57.21683],[12.43586,57.22212],[12.43909,57.22402],[12.4387,57.22768],[12.44262,57.23289],[12.42798,57.2378],[12.42226,57.23768],[12.41511,57.23461],[12.41924,57.23055],[12.41308,57.22867],[12.41249,57.22538],[12.39909,57.22445],[12.39291,57.2225],[12.39058,57.21879],[12.38362,57.21695],[12.38039,57.21796],[12.37806,57.21727],[12.37659,57.21146],[12.36741,57.20655],[12.36387,57.20562],[12.35968,57.20796],[12.35167,57.20759],[12.35044,57.204],[12.35191,57.20001],[12.34506,57.19814],[12.33965,57.19855],[12.33626,57.19391],[12.3289,57.1927],[12.33503,57.18766],[12.32993,57.18409],[12.32293,57.18359],[12.31933,57.1822],[12.3166,57.18368],[12.31607,57.18707],[12.30956,57.18512],[12.30903,57.18308],[12.3053,57.18148],[12.29703,57.18141],[12.29319,57.18362],[12.2935,57.18856],[12.30579,57.1922],[12.30577,57.19558],[12.31069,57.1988],[12.31475,57.19943],[12.31789,57.19808],[12.31869,57.19605],[12.32206,57.19612],[12.3251,57.19979],[12.33796,57.20546],[12.33781,57.2073],[12.33158,57.20729],[12.32801,57.20909],[12.32779,57.21806],[12.33364,57.21974],[12.33615,57.22556],[12.34483,57.22708],[12.34229,57.23264],[12.34768,57.23383],[12.34869,57.23634],[12.3538,57.23929],[12.3551,57.24181],[12.36163,57.23864],[12.36741,57.24137],[12.36461,57.24748],[12.37023,57.24585],[12.38187,57.2492],[12.37979,57.25124],[12.37965,57.25674],[12.38179,57.2588],[12.37665,57.26382],[12.38295,57.26774],[12.39074,57.26866],[12.3955,57.27164],[12.39535,57.27517],[12.40471,57.27858],[12.40486,57.28213],[12.40165,57.28401],[12.40142,57.28602],[12.40614,57.29023],[12.42088,57.29885],[12.42076,57.30069],[12.41729,57.30243],[12.41389,57.30236],[12.41049,57.30062],[12.40315,57.29938],[12.39783,57.29474],[12.39097,57.29627],[12.3908,57.30187],[12.38736,57.30182],[12.37931,57.29853],[12.37823,57.29607],[12.37458,57.29402],[12.37362,57.29967],[12.38061,57.30522],[12.37754,57.30623],[12.36721,57.30499],[12.3588,57.30125],[12.35072,57.30465],[12.34528,57.30564],[12.34308,57.30929],[12.32834,57.30918],[12.31849,57.30758],[12.31385,57.30925],[12.30758,57.30925],[12.30376,57.31083],[12.30037,57.31076],[12.29898,57.30697],[12.30163,57.30388],[12.29865,57.30145],[12.29874,57.29878],[12.30193,57.29654],[12.30218,57.29463],[12.28814,57.29362],[12.28325,57.2895],[12.27874,57.28873],[12.27235,57.28498],[12.27292,57.27665],[12.27076,57.27121],[12.27379,57.26879],[12.27001,57.26829],[12.26828,57.26666],[12.27384,57.26139],[12.2751,57.25799],[12.26814,57.25593],[12.25967,57.24892],[12.26579,57.2453],[12.26343,57.24361],[12.26532,57.24223],[12.28922,57.2423],[12.2896,57.23843],[12.28508,57.23752],[12.2795,57.2332],[12.28211,57.23146],[12.27979,57.22938],[12.28989,57.22399],[12.29044,57.21951],[12.28141,57.21362],[12.27438,57.21311],[12.26829,57.20579],[12.26793,57.20196],[12.26207,57.20026],[12.26234,57.19665],[12.26459,57.19425],[12.25985,57.19158],[12.25615,57.19116],[12.25507,57.18865],[12.2514,57.18744],[12.25524,57.18638],[12.25658,57.18463],[12.24769,57.17589],[12.25116,57.17314],[12.25098,57.16986],[12.24671,57.17093],[12.24544,57.17405],[12.24004,57.17441],[12.23669,57.18329],[12.22854,57.18901],[12.23114,57.198],[12.22944,57.19991],[12.22522,57.20039],[12.22453,57.20272],[12.22547,57.20349],[12.23167,57.20329],[12.23444,57.205],[12.22789,57.20846],[12.23074,57.21023],[12.22893,57.21233],[12.23124,57.21463],[12.23051,57.21955],[12.22424,57.22514],[12.22172,57.22561],[12.21779,57.22455],[12.21499,57.22146],[12.21726,57.21881],[12.21677,57.21389]],[[12.31512,57.14881],[12.32195,57.14515],[12.317,57.13995],[12.30926,57.14139],[12.31106,57.14564],[12.31512,57.14881]],[[12.35001,57.14644],[12.34699,57.14429],[12.3429,57.14422],[12.33874,57.14175],[12.33048,57.14209],[12.32325,57.14399],[12.32354,57.14916],[12.33467,57.15281],[12.34257,57.1505],[12.35001,57.14644]]],[[[12.31189,57.3866],[12.30201,57.38709],[12.29057,57.38241],[12.28288,57.38517],[12.28078,57.38751],[12.27776,57.38631],[12.27158,57.3861],[12.26788,57.38452],[12.26431,57.38478],[12.26158,57.3892],[12.2653,57.39433],[12.2636,57.39643],[12.2603,57.39775],[12.25719,57.39764],[12.25257,57.40091],[12.24745,57.3999],[12.24498,57.40232],[12.23937,57.40354],[12.23396,57.40926],[12.22332,57.41622],[12.21862,57.41612],[12.20724,57.42007],[12.20501,57.42695],[12.1946,57.43101],[12.19054,57.42763],[12.19129,57.42499],[12.18801,57.4232],[12.19996,57.42026],[12.19882,57.41606],[12.20892,57.41231],[12.20614,57.40926],[12.20698,57.40597],[12.21246,57.40295],[12.21642,57.40225],[12.21792,57.39883],[12.22434,57.39908],[12.22354,57.39685],[12.22712,57.39069],[12.23851,57.38869],[12.23688,57.38147],[12.23831,57.37476],[12.25054,57.37255],[12.25594,57.37402],[12.25866,57.37236],[12.2652,57.37109],[12.26201,57.36927],[12.26424,57.36724],[12.27695,57.36815],[12.27946,57.36382],[12.29108,57.36411],[12.29643,57.36182],[12.30052,57.36134],[12.30381,57.35501],[12.31118,57.35541],[12.31355,57.35793],[12.31747,57.35676],[12.3236,57.35722],[12.3354,57.3637],[12.34,57.36402],[12.34622,57.36068],[12.3511,57.36212],[12.35533,57.36109],[12.35732,57.35367],[12.36392,57.35437],[12.37434,57.35116],[12.38384,57.35203],[12.39384,57.35751],[12.40339,57.35782],[12.40991,57.35974],[12.41991,57.3652],[12.4282,57.36547],[12.43286,57.36315],[12.43338,57.35664],[12.43686,57.35425],[12.43375,57.35126],[12.43732,57.34773],[12.44409,57.34607],[12.4503,57.34283],[12.45109,57.34081],[12.46443,57.34107],[12.47283,57.34595],[12.47735,57.34671],[12.47788,57.34877],[12.48321,57.35187],[12.48648,57.35216],[12.4903,57.35057],[12.49347,57.35063],[12.49729,57.35239],[12.50353,57.35265],[12.50032,57.35463],[12.49993,57.35731],[12.50624,57.36169],[12.50591,57.36642],[12.50854,57.36859],[12.51603,57.37167],[12.53427,57.37108],[12.53755,57.37378],[12.53102,57.38017],[12.5283,57.38056],[12.52496,57.3796],[12.51948,57.38107],[12.52138,57.38357],[12.5207,57.3903],[12.5115,57.38557],[12.5079,57.38578],[12.50204,57.38325],[12.50034,57.38069],[12.47952,57.36873],[12.46584,57.3681],[12.45902,57.36481],[12.44316,57.36921],[12.44205,57.37564],[12.43871,57.37683],[12.43722,57.37942],[12.43854,57.38337],[12.43471,57.38543],[12.43283,57.38248],[12.42623,57.38168],[12.42104,57.38287],[12.41913,57.38511],[12.40799,57.38668],[12.40704,57.3824],[12.3952,57.37924],[12.39252,57.37593],[12.3801,57.37532],[12.37324,57.3781],[12.36966,57.38162],[12.36433,57.3817],[12.35921,57.38387],[12.35494,57.38379],[12.35051,57.38191],[12.34135,57.38205],[12.33509,57.38538],[12.33429,57.39188],[12.32476,57.38979],[12.31997,57.38989],[12.31189,57.3866]]],[[[12.50094,57.42652],[12.49899,57.42482],[12.49526,57.42439],[12.50138,57.42294],[12.50164,57.41891],[12.49601,57.41363],[12.49813,57.40861],[12.5023,57.40679],[12.50007,57.40292],[12.50332,57.40096],[12.50619,57.39563],[12.50962,57.3942],[12.51766,57.39337],[12.52081,57.3912],[12.52064,57.39434],[12.51802,57.39631],[12.52041,57.39793],[12.51983,57.41027],[12.52878,57.41571],[12.53584,57.4162],[12.53611,57.42182],[12.54511,57.42717],[12.54163,57.42958],[12.54335,57.43586],[12.53401,57.44314],[12.53349,57.4411],[12.52808,57.43809],[12.51965,57.43994],[12.51736,57.44282],[12.51207,57.44093],[12.50735,57.44261],[12.50759,57.43901],[12.50982,57.4366],[12.49796,57.43344],[12.5007,57.42967],[12.495,57.42799],[12.50094,57.42652]]],[[[12.68773,57.4921],[12.69096,57.49497],[12.6947,57.49318],[12.70793,57.49334],[12.72201,57.50008],[12.71958,57.50252],[12.72309,57.5045],[12.72085,57.50708],[12.71698,57.50802],[12.71661,57.51812],[12.72261,57.5189],[12.72968,57.52386],[12.73039,57.52592],[12.73486,57.52845],[12.7332,57.52991],[12.72777,57.53],[12.72176,57.52596],[12.70134,57.51863],[12.6921,57.51939],[12.6798,57.51599],[12.6669,57.50742],[12.65957,57.50532],[12.64882,57.5043],[12.64387,57.50081],[12.63975,57.50141],[12.62986,57.49939],[12.62755,57.49667],[12.62277,57.49564],[12.62119,57.49116],[12.61702,57.49168],[12.6191,57.48902],[12.61773,57.48552],[12.62174,57.4843],[12.61772,57.48073],[12.61449,57.48038],[12.61145,57.48237],[12.60466,57.48404],[12.59132,57.48378],[12.59081,57.48175],[12.5854,57.47862],[12.58209,57.47834],[12.57823,57.47994],[12.57168,57.47801],[12.57192,57.47442],[12.57539,57.47202],[12.57226,57.46904],[12.57574,57.46663],[12.57572,57.46394],[12.57274,57.46186],[12.57622,57.45945],[12.57562,57.45618],[12.58392,57.45547],[12.58877,57.45328],[12.59012,57.4514],[12.59088,57.45927],[12.59621,57.46049],[12.59733,57.46299],[12.60533,57.46751],[12.61572,57.46806],[12.61248,57.47003],[12.6128,57.47183],[12.6187,57.4735],[12.62473,57.47688],[12.632,57.47725],[12.63532,57.47855],[12.64505,57.47536],[12.64889,57.47722],[12.65261,57.47453],[12.65825,57.47437],[12.66965,57.4787],[12.67514,57.47925],[12.68225,57.48166],[12.6815,57.48259],[12.67204,57.48372],[12.66905,57.48591],[12.67092,57.48797],[12.6747,57.48701],[12.67764,57.48752],[12.6798,57.49285],[12.68437,57.4941],[12.68773,57.4921]]],[[[12.78971,57.54851],[12.79955,57.55161],[12.80035,57.55423],[12.80366,57.55619],[12.80413,57.56337],[12.79929,57.56283],[12.79749,57.56668],[12.79525,57.56737],[12.79057,57.5665],[12.79042,57.56442],[12.78558,57.56484],[12.78341,57.56143],[12.77733,57.56211],[12.77279,57.55868],[12.77795,57.55179],[12.78971,57.54851]]]]}},{"type":"Feature","properties":{"fs":"TRANSITB","t":45.0},"geometry":{"type":"MultiPolygon","coordinates":[[[[12.26352,57.13692],[12.26149,57.13172],[12.25536,57.12963],[12.25088,57.13029],[12.26054,57.08832],[12.27,57.08791],[12.27399,57.08974],[12.27373,57.09288],[12.27632,57.09601],[12.28314,57.09728],[12.2849,57.09855],[12.28488,57.10166],[12.28153,57.10518],[12.28222,57.10692],[12.29822,57.10846],[12.30195,57.11012],[12.30164,57.11202],[12.29835,57.11375],[12.28815,57.11487],[12.28357,57.11952],[12.28469,57.12019],[12.29088,57.11842],[12.29725,57.12024],[12.30029,57.12416],[12.3068,57.12393],[12.30662,57.12639],[12.30488,57.12752],[12.29105,57.12746],[12.28512,57.12941],[12.28122,57.12905],[12.27953,57.13238],[12.29043,57.13591],[12.29976,57.13668],[12.30331,57.14171],[12.30093,57.14604],[12.30311,57.14899],[12.30101,57.15061],[12.30145,57.15275],[12.30654,57.15302],[12.31544,57.15568],[12.32877,57.15442],[12.33472,57.15542],[12.34525,57.15514],[12.35079,57.15713],[12.35431,57.16001],[12.36716,57.15958],[12.3724,57.16297],[12.36916,57.16483],[12.35713,57.1668],[12.35136,57.16225],[12.34744,57.16216],[12.34176,57.15921],[12.33841,57.16111],[12.32997,57.16312],[12.32833,57.1646],[12.33022,57.16869],[12.33459,57.16833],[12.3376,57.17098],[12.3376,57.17312],[12.34869,57.17987],[12.35034,57.18436],[12.35588,57.1864],[12.36201,57.19307],[12.36915,57.19513],[12.36936,57.19738],[12.36692,57.19924],[12.36052,57.19899],[12.36098,57.19692],[12.35501,57.19646],[12.35219,57.19248],[12.3456,57.19268],[12.34401,57.18746],[12.33938,57.18495],[12.33752,57.18167],[12.33288,57.18049],[12.32766,57.17625],[12.32398,57.17492],[12.31957,57.17664],[12.31851,57.17961],[12.321,57.18169],[12.31656,57.18368],[12.31608,57.18705],[12.30958,57.18511],[12.30907,57.18307],[12.30612,57.18158],[12.29318,57.18108],[12.29291,57.18766],[12.2956,57.18983],[12.30456,57.19229],[12.30572,57.19569],[12.31146,57.19917],[12.31559,57.19925],[12.31871,57.19607],[12.32204,57.19614],[12.32508,57.1998],[12.33793,57.20547],[12.33779,57.20728],[12.33158,57.20727],[12.32796,57.20909],[12.32738,57.21761],[12.32989,57.21932],[12.33361,57.21975],[12.33573,57.22598],[12.34365,57.22696],[12.34109,57.23261],[12.34662,57.23415],[12.35389,57.24205],[12.3579,57.24248],[12.36215,57.24104],[12.36383,57.24223],[12.36417,57.24785],[12.37018,57.24648],[12.37918,57.24907],[12.37858,57.25018],[12.37328,57.25113],[12.37327,57.25624],[12.37561,57.25822],[12.37286,57.26021],[12.37817,57.26162],[12.37578,57.26388],[12.38255,57.26807],[12.38983,57.26881],[12.39401,57.27103],[12.39476,57.27534],[12.39839,57.27746],[12.40349,57.27837],[12.40382,57.28207],[12.40062,57.28404],[12.4004,57.28594],[12.42085,57.29886],[12.42073,57.30068],[12.41727,57.30241],[12.41391,57.30234],[12.40766,57.29955],[12.40363,57.299],[12.40211,57.29636],[12.39757,57.29423],[12.39017,57.29598],[12.39077,57.30186],[12.38738,57.3018],[12.37997,57.29835],[12.37888,57.29588],[12.37449,57.29363],[12.37266,57.2994],[12.38054,57.30525],[12.3759,57.3059],[12.36723,57.30498],[12.3588,57.30122],[12.3507,57.30463],[12.34609,57.3052],[12.34311,57.30877],[12.3185,57.30755],[12.31383,57.30923],[12.30758,57.30922],[12.30374,57.31081],[12.30039,57.31074],[12.29977,57.3071],[12.30275,57.30426],[12.29975,57.30178],[12.29978,57.2988],[12.30317,57.29613],[12.30275,57.29424],[12.28837,57.29316],[12.28327,57.28948],[12.27876,57.28871],[12.27239,57.28497],[12.27186,57.27124],[12.27464,57.26874],[12.26912,57.26664],[12.27584,57.25793],[12.26781,57.2551],[12.26052,57.24863],[12.26659,57.2454],[12.26424,57.24355],[12.26549,57.2427],[12.28755,57.24301],[12.29017,57.24225],[12.29042,57.23819],[12.28559,57.23704],[12.27955,57.23316],[12.28218,57.23102],[12.27982,57.22939],[12.28994,57.224],[12.29049,57.21951],[12.28142,57.2136],[12.27441,57.2131],[12.26832,57.20578],[12.26797,57.20195],[12.26211,57.20025],[12.26237,57.19666],[12.26462,57.19424],[12.25986,57.19156],[12.25617,57.19114],[12.25568,57.1891],[12.25264,57.18746],[12.25664,57.18463],[12.2503,57.1763],[12.25348,57.17243],[12.25325,57.16703],[12.25736,57.16438],[12.25808,57.16235],[12.26514,57.1618],[12.26702,57.16014],[12.26718,57.15567],[12.26387,57.15351],[12.26434,57.15154],[12.26193,57.14879],[12.26288,57.14522],[12.27028,57.14207],[12.27655,57.1414],[12.27783,57.13979],[12.27269,57.13832],[12.27017,57.13541],[12.26651,57.13526],[12.26352,57.13692]]],[[[12.37824,57.20458],[12.37704,57.20097],[12.38078,57.20105],[12.39316,57.21016],[12.39005,57.21025],[12.37824,57.20458]]],[[[12.3367,57.36817],[12.34892,57.36863],[12.3529,57.36969],[12.35969,57.36845],[12.35907,57.36582],[12.36298,57.36324],[12.36925,57.36411],[12.37668,57.36199],[12.37957,57.36596],[12.38286,57.36578],[12.38366,57.36427],[12.37863,57.36097],[12.38125,57.3591],[12.39018,57.35928],[12.39267,57.36148],[12.39924,57.36162],[12.4028,57.36358],[12.41184,57.3616],[12.4199,57.36522],[12.42988,57.3652],[12.43268,57.36359],[12.43338,57.35967],[12.44292,57.3601],[12.4431,57.35671],[12.44758,57.35361],[12.44435,57.34994],[12.44758,57.34817],[12.44677,57.34546],[12.45111,57.34083],[12.46441,57.34109],[12.47281,57.34597],[12.47733,57.34673],[12.47784,57.34877],[12.484,57.35213],[12.49346,57.35065],[12.49728,57.35242],[12.50266,57.35276],[12.50003,57.35507],[12.50006,57.35776],[12.50621,57.3617],[12.50235,57.3634],[12.49253,57.36314],[12.49038,57.36655],[12.49333,57.37049],[12.4868,57.37191],[12.47872,57.36847],[12.46387,57.3667],[12.46313,57.36246],[12.45299,57.36039],[12.44932,57.36071],[12.44373,57.36337],[12.44643,57.36766],[12.4409,57.37114],[12.4302,57.37247],[12.43085,57.37507],[12.41812,57.37874],[12.41267,57.37785],[12.41224,57.37511],[12.40422,57.37537],[12.39848,57.37212],[12.38938,57.36978],[12.38228,57.37063],[12.37905,57.37209],[12.36783,57.37242],[12.35603,57.37448],[12.35239,57.37339],[12.34866,57.37796],[12.34659,57.37859],[12.3426,57.37813],[12.33914,57.37511],[12.33614,57.37507],[12.32871,57.38098],[12.32541,57.37866],[12.32158,57.37927],[12.30957,57.37738],[12.31389,57.3741],[12.31126,57.37244],[12.30714,57.37198],[12.29604,57.37399],[12.29297,57.37235],[12.29538,57.36984],[12.30489,57.36868],[12.31014,57.36505],[12.31624,57.36535],[12.32243,57.37264],[12.33228,57.37191],[12.33495,57.37088],[12.3367,57.36817]]],[[[12.13043,57.36605],[12.12704,57.36148],[12.13007,57.35996],[12.13595,57.35921],[12.14402,57.36243],[12.1436,57.36515],[12.13613,57.36668],[12.13043,57.36605]]],[[[12.5092,57.37356],[12.5142,57.37265],[12.51935,57.37432],[12.51518,57.37911],[12.49825,57.3763],[12.4962,57.37236],[12.50493,57.37213],[12.5092,57.37356]]],[[[12.26613,57.37823],[12.27286,57.3772],[12.27913,57.37273],[12.28413,57.37576],[12.28214,57.37827],[12.27588,57.37847],[12.26949,57.38048],[12.26559,57.37977],[12.26613,57.37823]]],[[[12.54157,57.42965],[12.53786,57.4307],[12.54095,57.43578],[12.53171,57.43792],[12.52019,57.4387],[12.51722,57.44168],[12.51187,57.44079],[12.50905,57.43613],[12.50453,57.43536],[12.5016,57.43313],[12.49823,57.43306],[12.50074,57.42967],[12.49587,57.428],[12.50122,57.42754],[12.50465,57.42525],[12.50039,57.41663],[12.50464,57.41537],[12.51286,57.41587],[12.50572,57.41002],[12.50913,57.40647],[12.51649,57.4028],[12.51993,57.40474],[12.52017,57.41073],[12.52895,57.41645],[12.53343,57.41762],[12.54137,57.42643],[12.54157,57.42965]]],[[[12.59556,57.46062],[12.60426,57.46785],[12.60927,57.46926],[12.61285,57.47228],[12.6139,57.47531],[12.60761,57.47628],[12.60504,57.47775],[12.60127,57.47523],[12.59503,57.47736],[12.59075,57.47675],[12.58903,57.47267],[12.58246,57.47271],[12.57905,57.47074],[12.58259,57.45969],[12.59556,57.46062]]],[[[12.64553,57.48093],[12.65779,57.48885],[12.65847,57.49041],[12.65593,57.49259],[12.66431,57.49273],[12.66685,57.49452],[12.67374,57.49641],[12.67063,57.50002],[12.66358,57.49966],[12.65859,57.49515],[12.65272,57.49549],[12.64116,57.49359],[12.63301,57.49071],[12.63208,57.48567],[12.63873,57.48116],[12.64553,57.48093]]],[[[12.70033,57.50813],[12.69694,57.50895],[12.69247,57.50696],[12.69329,57.50328],[12.70303,57.50327],[12.70475,57.50417],[12.70033,57.50813]]]]}},{"type":"Feature","properties":{"fs":"TRANSITB","t":30.0},"geometry":{"type":"MultiPolygon","coordinates":[[[[12.26017,57.1064],[12.26323,57.10973],[12.25814,57.11717],[12.25378,57.11771],[12.25669,57.10506],[12.26017,57.1064]]],[[[12.34607,57.30519],[12.34378,57.30817],[12.31766,57.30762],[12.31381,57.30922],[12.30176,57.30929],[12.30059,57.3071],[12.30382,57.30428],[12.30068,57.30187],[12.30082,57.29883],[12.30415,57.29619],[12.30395,57.29445],[12.30046,57.29304],[12.28831,57.29263],[12.27242,57.28496],[12.273,57.27091],[12.2755,57.26868],[12.26996,57.26661],[12.27069,57.26334],[12.27658,57.25788],[12.26784,57.2545],[12.26134,57.24872],[12.2674,57.24549],[12.26532,57.24324],[12.2875,57.24358],[12.29046,57.24274],[12.29216,57.23932],[12.29091,57.23671],[12.29331,57.23507],[12.28981,57.23283],[12.28602,57.23275],[12.28469,57.23119],[12.29457,57.22825],[12.29381,57.22588],[12.29577,57.22412],[12.30011,57.22495],[12.30094,57.22416],[12.29544,57.22007],[12.29748,57.21663],[12.28667,57.2098],[12.28866,57.20775],[12.28112,57.20643],[12.2733,57.20018],[12.27307,57.19218],[12.2655,57.18808],[12.26376,57.18478],[12.26513,57.18049],[12.26867,57.17888],[12.26568,57.17269],[12.26899,57.16984],[12.27208,57.16467],[12.27139,57.16158],[12.27289,57.16094],[12.28113,57.16132],[12.28354,57.16229],[12.28282,57.16542],[12.28491,57.16809],[12.29175,57.16685],[12.29038,57.1648],[12.29319,57.16321],[12.30788,57.16301],[12.31333,57.17099],[12.31853,57.17204],[12.31711,57.17485],[12.31241,57.17471],[12.30935,57.17605],[12.31183,57.18178],[12.31074,57.1834],[12.3053,57.18142],[12.29621,57.18122],[12.28759,57.17682],[12.28563,57.17703],[12.28511,57.17927],[12.29022,57.18275],[12.2891,57.18662],[12.2923,57.18672],[12.29479,57.1895],[12.29845,57.19032],[12.29478,57.19201],[12.30017,57.19357],[12.30533,57.19785],[12.30702,57.20127],[12.3114,57.20349],[12.31889,57.20046],[12.32669,57.20411],[12.32767,57.20677],[12.32298,57.2087],[12.32149,57.21074],[12.32714,57.21519],[12.32829,57.21852],[12.33358,57.21976],[12.33525,57.22699],[12.34006,57.22747],[12.34205,57.22871],[12.33948,57.2318],[12.34218,57.2365],[12.34814,57.23793],[12.34854,57.24204],[12.35715,57.24327],[12.36214,57.24166],[12.36373,57.24821],[12.3708,57.24716],[12.37835,57.24931],[12.37193,57.25138],[12.37192,57.25626],[12.37454,57.25831],[12.37173,57.26028],[12.37741,57.26187],[12.37491,57.26394],[12.38215,57.26839],[12.38991,57.2693],[12.3933,57.27122],[12.39418,57.27552],[12.39873,57.27804],[12.40279,57.27858],[12.40267,57.28228],[12.3993,57.2843],[12.39947,57.28604],[12.42082,57.29887],[12.42069,57.30067],[12.41725,57.3024],[12.41435,57.30222],[12.40789,57.2991],[12.40411,57.29863],[12.40165,57.29542],[12.39265,57.29213],[12.39032,57.29283],[12.38885,57.29617],[12.39099,57.29809],[12.39074,57.30185],[12.3874,57.30179],[12.3744,57.29325],[12.37193,57.29494],[12.37177,57.29941],[12.38053,57.30524],[12.36725,57.30496],[12.35881,57.3012],[12.35068,57.30461],[12.34607,57.30519]]],[[[12.49208,57.35549],[12.49148,57.36029],[12.48232,57.3645],[12.46665,57.36261],[12.46273,57.36087],[12.46445,57.35722],[12.45841,57.35553],[12.46091,57.35372],[12.45999,57.35067],[12.46439,57.3484],[12.46278,57.34444],[12.46793,57.34405],[12.47731,57.34675],[12.47779,57.34878],[12.48537,57.35241],[12.48635,57.35468],[12.49208,57.35549]]],[[[12.51936,57.42296],[12.52167,57.42219],[12.52601,57.42351],[12.52645,57.42748],[12.52235,57.43051],[12.51801,57.43162],[12.51331,57.42722],[12.51361,57.42588],[12.51877,57.42505],[12.51936,57.42296]]]]}},{"type":"Feature","properties":{"fs":"TRANSITB","t":15.0},"geometry":{"type":"Polygon","coordinates":[[[12.32966,57.28911],[12.32928,57.29154],[12.32676,57.29317],[12.32735,57.29535],[12.32429,57.29641],[12.31897,57.29337],[12.31914,57.29113],[12.31149,57.28692],[12.31036,57.28392],[12.30653,57.28097],[12.31152,57.27793],[12.30909,57.27721],[12.30224,57.28009],[12.29876,57.27946],[12.29368,57.26677],[12.29847,57.26367],[12.29156,57.26026],[12.29264,57.25691],[12.28694,57.25123],[12.28814,57.25047],[12.29441,57.25117],[12.30032,57.24961],[12.30393,57.25126],[12.30213,57.2533],[12.3076,57.2558],[12.3117,57.25567],[12.31536,57.2538],[12.31559,57.25173],[12.31232,57.24998],[12.31413,57.24788],[12.31231,57.2456],[12.31838,57.24168],[12.31315,57.23854],[12.309,57.23862],[12.30512,57.23502],[12.31788,57.22482],[12.32433,57.22862],[12.32443,57.23238],[12.32838,57.23561],[12.32355,57.24084],[12.33095,57.24693],[12.33134,57.25173],[12.33395,57.25179],[12.33323,57.24739],[12.33556,57.24531],[12.34404,57.24687],[12.34008,57.24821],[12.34056,57.24923],[12.34829,57.24838],[12.35332,57.2504],[12.35105,57.25316],[12.35411,57.25682],[12.35155,57.26216],[12.35781,57.26875],[12.35715,57.27081],[12.35924,57.27204],[12.36503,57.27222],[12.3724,57.27703],[12.37932,57.27684],[12.38173,57.27942],[12.38015,57.28118],[12.37274,57.28327],[12.3716,57.28853],[12.36226,57.28878],[12.35766,57.29206],[12.33887,57.29166],[12.33235,57.28703],[12.32966,57.28911]]]}},{"type":"Feature","properties":{"fs":"CAR","t":60.0},"geometry":{"type":"MultiPolygon","coordinates":[[[[12.04255,57.81662],[12.03347,57.81816],[12.02637,57.82319],[12.02182,57.83657],[12.01138,57.84447],[12.00888,57.83233],[12.00331,57.83276],[11.99561,57.82303],[11.99494,57.81318],[11.99139,57.8131],[11.98768,57.81919],[11.98479,57.81343],[11.9758,57.81238],[11.96893,57.80639],[11.96063,57.80773],[11.95943,57.80321],[11.95068,57.80131],[11.96237,57.79889],[11.96704,57.78921],[11.95481,57.78042],[11.97234,57.77206],[11.95947,57.76563],[11.96049,57.77388],[11.95343,57.77814],[11.94374,57.77144],[11.9352,57.7699],[11.9382,57.76548],[11.93438,57.7609],[11.9378,57.75782],[11.9269,57.75004],[11.93681,57.74466],[11.93304,57.7346],[11.92379,57.73555],[11.91646,57.74305],[11.90713,57.74155],[11.88511,57.75028],[11.88609,57.75417],[11.90011,57.74995],[11.9044,57.75511],[11.89184,57.75761],[11.88329,57.76622],[11.87248,57.75358],[11.8635,57.76021],[11.86047,57.75571],[11.84986,57.75382],[11.85662,57.75169],[11.86341,57.74455],[11.84755,57.73671],[11.83784,57.74111],[11.83751,57.73288],[11.83289,57.72862],[11.84199,57.72604],[11.83256,57.71208],[11.84933,57.69805],[11.89401,57.70402],[11.90837,57.69865],[11.93823,57.70512],[11.95787,57.70584],[11.88744,57.6818],[11.88044,57.6735],[11.8822,57.66606],[11.91329,57.6222],[11.92608,57.62213],[11.94218,57.63774],[11.95196,57.62845],[11.94735,57.56111],[11.95797,57.50164],[11.92682,57.44208],[11.93329,57.42624],[11.97033,57.37884],[11.98772,57.36125],[12.01168,57.3557],[12.02703,57.36061],[12.03989,57.37655],[12.07274,57.45009],[12.09217,57.4615],[12.11131,57.45576],[12.12215,57.4347],[12.12284,57.38704],[12.10094,57.35088],[12.11455,57.34118],[12.14916,57.3467],[12.16368,57.33758],[12.18246,57.27688],[12.13416,57.26229],[12.13277,57.22269],[12.19767,57.18266],[12.24876,57.13947],[12.26173,57.08315],[12.29333,57.04419],[12.34089,57.02811],[12.36947,56.99356],[12.37258,56.96681],[12.35867,56.93489],[12.41026,56.90245],[12.48718,56.88889],[12.56491,56.85723],[12.62347,56.82984],[12.62239,56.78124],[12.67095,56.71613],[12.67803,56.71667],[12.68699,56.71363],[12.69124,56.70676],[12.7031,56.70754],[12.70628,56.70563],[12.69593,56.69964],[12.68691,56.69837],[12.69477,56.68962],[12.7073,56.68476],[12.70594,56.68189],[12.71716,56.68203],[12.72657,56.6782],[12.73322,56.68001],[12.73712,56.67671],[12.74568,56.6803],[12.75724,56.6723],[12.75845,56.66662],[12.77339,56.66285],[12.78861,56.66429],[12.79499,56.65977],[12.80728,56.66336],[12.80469,56.65966],[12.80735,56.65774],[12.819,56.66356],[12.82397,56.66141],[12.83542,56.6661],[12.84491,56.66528],[12.84688,56.66191],[12.90812,56.64407],[12.9128,56.63677],[12.92617,56.6324],[12.93196,56.62379],[12.94732,56.61548],[12.95261,56.61641],[12.94975,56.61056],[12.95576,56.61],[12.95981,56.61526],[12.9681,56.6173],[12.96015,56.61841],[12.95966,56.6239],[12.95338,56.62585],[12.95935,56.62841],[12.94788,56.62862],[12.94599,56.63048],[12.95912,56.63273],[12.95338,56.63524],[12.97108,56.63763],[12.96376,56.64355],[12.95315,56.63945],[12.95275,56.64211],[12.94029,56.64625],[12.94401,56.64828],[12.94017,56.65313],[12.94716,56.65114],[12.95382,56.65525],[12.93719,56.66418],[12.95444,56.66502],[12.95874,56.66341],[12.9615,56.67132],[12.95438,56.67625],[12.95334,56.67118],[12.94128,56.67023],[12.93828,56.67374],[12.94186,56.67588],[12.94586,56.67359],[12.94814,56.68008],[12.95701,56.68396],[12.96965,56.6856],[12.97321,56.68976],[12.97778,56.68394],[12.97471,56.67939],[12.97806,56.67622],[12.98278,56.6763],[12.98308,56.68023],[12.99315,56.68278],[12.98464,56.68447],[12.98395,56.68944],[12.99736,56.69464],[12.99625,56.69168],[13.00034,56.69146],[13.00494,56.69617],[12.99996,56.69862],[12.98883,56.69675],[12.95575,56.69968],[12.95099,56.70267],[12.95539,56.71109],[12.95176,56.7144],[12.9376,56.70027],[12.93,56.70854],[12.93714,56.71145],[12.93669,56.72145],[12.94235,56.72705],[12.94684,56.72741],[12.94989,56.73244],[12.9611,56.73758],[12.95941,56.7405],[12.96797,56.74289],[12.96295,56.7459],[12.95818,56.74561],[12.95526,56.75097],[12.94839,56.75151],[12.96099,56.76482],[12.96514,56.76208],[12.96867,56.76312],[12.97083,56.77244],[12.97616,56.77658],[12.97272,56.78372],[12.96444,56.77976],[12.96501,56.79283],[12.95547,56.79534],[12.95062,56.79238],[12.95574,56.78916],[12.95202,56.78236],[12.93698,56.78605],[12.94595,56.77889],[12.94592,56.77384],[12.94302,56.7693],[12.92363,56.76842],[12.93173,56.76072],[12.92807,56.75599],[12.91197,56.75748],[12.89632,56.75504],[12.89737,56.75801],[12.89055,56.75831],[12.89047,56.76459],[12.89532,56.76766],[12.9016,56.7665],[12.90188,56.77348],[12.91521,56.79116],[12.91266,56.79568],[12.91739,56.80257],[12.91345,56.80447],[12.90244,56.79989],[12.89879,56.80114],[12.9125,56.81695],[12.92153,56.81106],[12.92534,56.81618],[12.92469,56.81877],[12.91395,56.82311],[12.93997,56.82485],[12.95811,56.82094],[12.9646,56.82638],[12.96159,56.83222],[12.95791,56.82781],[12.93221,56.8309],[12.93899,56.83972],[12.94599,56.84124],[12.94394,56.84359],[12.9252,56.83584],[12.92413,56.84509],[12.9203,56.8425],[12.91555,56.84494],[12.91203,56.84151],[12.90929,56.84231],[12.90656,56.84542],[12.91056,56.85413],[12.90767,56.85604],[12.89958,56.85106],[12.89367,56.85146],[12.89556,56.8543],[12.89217,56.85522],[12.88125,56.849],[12.87672,56.84969],[12.88132,56.86585],[12.89968,56.86754],[12.89054,56.87064],[12.90121,56.88154],[12.90026,56.88934],[12.91235,56.89473],[12.91459,56.89905],[12.91247,56.90021],[12.89509,56.89459],[12.89107,56.89761],[12.90018,56.90431],[12.91305,56.90595],[12.90617,56.91359],[12.9143,56.91807],[12.92558,56.9184],[12.92486,56.92204],[12.93875,56.93088],[12.93486,56.93166],[12.92615,56.92656],[12.91677,56.92907],[12.91487,56.92395],[12.89515,56.91621],[12.89415,56.9329],[12.90439,56.93679],[12.90577,56.94021],[12.9274,56.94109],[12.93808,56.94767],[12.9442,56.94623],[12.96771,56.9556],[12.99046,56.95305],[12.99624,56.94595],[12.98957,56.941],[13.00045,56.93935],[13.00444,56.94159],[13.00452,56.95444],[13.01082,56.95671],[13.0386,56.95622],[13.06214,56.96075],[13.06631,56.95716],[13.07319,56.96064],[13.06887,56.96478],[13.04043,56.96792],[13.03649,56.97186],[13.03163,56.96912],[13.00821,56.97043],[13.00917,56.96364],[12.99949,56.96412],[12.99181,56.96058],[12.97591,56.96556],[12.98257,56.97072],[12.98714,56.96939],[12.99133,56.97199],[12.99545,56.96868],[12.99827,56.97519],[12.98406,56.97636],[12.98241,56.98083],[12.97772,56.97963],[12.97034,56.98288],[12.9615,56.98232],[12.96452,56.98576],[12.95438,56.98782],[12.95195,56.99466],[12.94341,56.99555],[12.94122,56.99785],[12.95122,57.00328],[12.94904,57.00542],[12.9567,57.00653],[12.95877,57.01564],[12.97916,57.01943],[12.97236,57.02138],[12.95077,57.02082],[12.94672,57.01479],[12.9366,57.01631],[12.93052,57.01459],[12.92317,57.01945],[12.91793,57.01656],[12.907,57.01624],[12.90182,57.02106],[12.90046,57.01142],[12.89337,57.01306],[12.89009,57.01048],[12.89491,57.00705],[12.90312,57.00747],[12.90281,57.00381],[12.89553,57.0006],[12.89084,57.00628],[12.85768,57.00122],[12.8606,57.00415],[12.85429,57.0064],[12.86153,57.01027],[12.867,57.0091],[12.87607,57.01249],[12.87492,57.01471],[12.86879,57.01377],[12.86612,57.01548],[12.88204,57.02221],[12.87942,57.02602],[12.89213,57.02895],[12.88397,57.03354],[12.86799,57.03458],[12.86532,57.03796],[12.87452,57.0397],[12.89097,57.04935],[12.88509,57.0542],[12.89493,57.06129],[12.90731,57.06117],[12.91481,57.0653],[12.8944,57.06615],[12.89378,57.06796],[12.90113,57.07019],[12.89303,57.07668],[12.89951,57.07616],[12.90262,57.08033],[12.89441,57.08412],[12.89342,57.08116],[12.89019,57.08138],[12.88525,57.09022],[12.89057,57.08602],[12.90086,57.09331],[12.90856,57.09391],[12.90735,57.09714],[12.9382,57.10366],[12.94217,57.09952],[12.94096,57.09339],[12.93513,57.08929],[12.9402,57.0846],[12.94257,57.08998],[12.95052,57.09081],[12.94526,57.09498],[12.95572,57.09932],[12.95449,57.10295],[12.95926,57.10176],[12.96805,57.10654],[12.96384,57.11124],[12.98352,57.11226],[12.99236,57.10875],[12.99488,57.10978],[12.98988,57.11405],[13.00123,57.11648],[13.00137,57.11395],[13.00827,57.11519],[13.01214,57.11272],[13.02082,57.11314],[13.02063,57.12044],[13.00514,57.12061],[12.99924,57.12719],[12.9871,57.12243],[12.98266,57.12348],[12.9782,57.12074],[12.9671,57.11958],[12.9571,57.12433],[12.96119,57.12664],[12.9668,57.12323],[12.97282,57.12641],[12.96697,57.12955],[12.97495,57.1315],[12.97721,57.13817],[12.9694,57.13931],[12.95597,57.13232],[12.95481,57.13454],[12.96677,57.1426],[12.96485,57.14453],[12.95851,57.14247],[12.95709,57.14469],[12.96148,57.14939],[12.97567,57.14976],[12.97865,57.15206],[12.97233,57.15411],[12.96359,57.15336],[12.967,57.15721],[12.95603,57.15927],[12.9613,57.16217],[12.96073,57.16539],[12.97042,57.17018],[12.95699,57.16996],[12.94659,57.16642],[12.94455,57.16133],[12.94126,57.1624],[12.93925,57.17529],[12.94969,57.18044],[12.94462,57.18331],[12.94722,57.1924],[12.93153,57.18152],[12.92773,57.18254],[12.92549,57.19022],[12.91699,57.1809],[12.90715,57.18599],[12.9222,57.20045],[12.91851,57.20359],[12.91963,57.21329],[12.93491,57.21378],[12.94117,57.20901],[12.94936,57.21434],[12.96035,57.21452],[12.95426,57.21014],[12.95355,57.20416],[12.95783,57.2017],[12.96897,57.2155],[12.9784,57.21804],[12.97383,57.23067],[12.98413,57.24116],[12.98379,57.24895],[12.98993,57.24876],[12.9878,57.25364],[12.9921,57.25168],[12.9967,57.25287],[13.00107,57.24957],[13.00714,57.25631],[13.02045,57.25676],[13.02524,57.25445],[13.04082,57.25626],[13.02855,57.26033],[13.01212,57.25995],[13.01402,57.26316],[13.00322,57.26159],[13.00095,57.27007],[12.99551,57.26998],[13.00024,57.28311],[12.99174,57.27736],[12.987,57.27883],[12.9826,57.27736],[12.98259,57.28831],[12.97661,57.28386],[12.9679,57.28667],[12.95993,57.29321],[12.95992,57.29819],[12.96521,57.29617],[12.96896,57.30325],[12.96548,57.30706],[12.97174,57.30961],[12.97577,57.31565],[12.96822,57.31847],[12.97028,57.32349],[12.96136,57.32512],[12.96313,57.33552],[12.98704,57.33976],[12.99585,57.33822],[13.00257,57.34062],[13.01255,57.33849],[13.0319,57.34572],[13.01225,57.34887],[13.00735,57.34584],[13.00031,57.34629],[12.99845,57.35665],[12.9827,57.35254],[12.98045,57.35882],[12.96881,57.36264],[12.97262,57.36572],[12.96567,57.37157],[12.97214,57.37441],[12.96499,57.37683],[12.95687,57.38743],[12.97325,57.38737],[12.96635,57.39229],[12.97176,57.39544],[12.97751,57.39493],[12.97435,57.39095],[12.97971,57.38801],[12.98058,57.38169],[12.97387,57.38074],[12.98082,57.37729],[12.98518,57.37848],[12.98919,57.37406],[12.99032,57.38109],[13.00467,57.37851],[13.00102,57.38351],[13.0032,57.38635],[13.01361,57.38455],[13.02083,57.38733],[13.02651,57.3856],[13.03815,57.38662],[13.02948,57.39575],[13.02233,57.39803],[13.021,57.40348],[13.02863,57.40662],[13.02328,57.41173],[13.03408,57.41407],[13.0476,57.4119],[13.06496,57.41806],[13.0658,57.42201],[13.0748,57.42144],[13.07844,57.42402],[13.08372,57.42256],[13.0862,57.42747],[13.07353,57.43174],[13.06023,57.4288],[13.05316,57.43459],[13.04665,57.42971],[13.00936,57.42618],[13.02428,57.43666],[13.01957,57.44438],[13.02659,57.44702],[13.02584,57.45122],[13.03049,57.45436],[13.04024,57.45226],[13.0436,57.44778],[13.05091,57.44747],[13.05549,57.4495],[13.05216,57.45338],[13.05668,57.45654],[13.07963,57.45605],[13.07847,57.45828],[13.0725,57.45791],[13.06671,57.46063],[13.06417,57.46508],[13.05751,57.46058],[13.04699,57.46243],[13.04962,57.46851],[13.05726,57.47256],[13.04987,57.47675],[13.05476,57.47954],[13.06078,57.47757],[13.07603,57.47915],[13.08482,57.48631],[13.0758,57.48435],[13.0706,57.48891],[13.08366,57.49346],[13.08798,57.48903],[13.09095,57.49371],[13.10259,57.49543],[13.10893,57.49384],[13.1134,57.49812],[13.09693,57.50405],[13.08754,57.49902],[13.06479,57.50028],[13.0568,57.49347],[13.04545,57.49849],[13.03288,57.4858],[13.03369,57.48266],[13.01164,57.4897],[13.01987,57.495],[13.02183,57.50373],[13.04746,57.50891],[13.04939,57.52003],[13.04358,57.51966],[13.04071,57.51156],[13.0239,57.51135],[13.00946,57.5201],[13.00197,57.51395],[13.01264,57.5097],[13.00372,57.50345],[12.98636,57.50573],[12.97959,57.50903],[12.98699,57.5175],[12.98193,57.52191],[12.9896,57.52551],[12.98838,57.53184],[12.99389,57.53282],[13.00141,57.5291],[13.00528,57.5298],[13.00305,57.53236],[13.01389,57.54432],[13.0129,57.5481],[13.00624,57.55047],[13.021,57.55754],[13.02589,57.55406],[13.03462,57.55686],[13.04331,57.55564],[13.05898,57.54573],[13.06547,57.54646],[13.05517,57.55114],[13.05592,57.55579],[13.04751,57.56008],[13.05513,57.5642],[13.06964,57.56639],[13.06531,57.56927],[13.03511,57.56726],[13.02333,57.57241],[13.01768,57.57056],[13.01822,57.56559],[13.00078,57.55951],[13.00059,57.56313],[13.01088,57.56842],[13.0027,57.57693],[13.0145,57.59059],[13.00704,57.59672],[12.9958,57.58849],[13.00411,57.5846],[12.99511,57.58315],[12.99165,57.57837],[12.98546,57.57679],[12.9874,57.57254],[12.97739,57.56845],[12.97708,57.56304],[12.96451,57.55884],[12.95644,57.56306],[12.95908,57.56717],[12.97189,57.57173],[12.96776,57.5756],[12.94888,57.57211],[12.94393,57.56723],[12.93404,57.56501],[12.93801,57.5841],[12.92292,57.57824],[12.92099,57.57175],[12.9135,57.57383],[12.90016,57.57154],[12.88682,57.58157],[12.8912,57.58445],[12.91432,57.57781],[12.92736,57.58449],[12.93763,57.59632],[12.9206,57.6052],[12.93406,57.61679],[12.93784,57.61639],[12.94405,57.60217],[12.94846,57.60508],[12.95573,57.60366],[12.95931,57.60522],[12.95904,57.61231],[12.95158,57.61128],[12.95219,57.61432],[12.98601,57.61899],[12.98281,57.62469],[12.97617,57.62641],[12.97279,57.63548],[12.98451,57.63343],[12.99149,57.63808],[13.01872,57.63804],[13.00909,57.64189],[12.97875,57.64129],[12.96295,57.64817],[12.9618,57.65141],[12.95037,57.65246],[12.9565,57.65984],[12.9766,57.6611],[12.96274,57.66537],[12.95906,57.67029],[12.96398,57.67592],[12.97644,57.67801],[12.97302,57.68069],[12.96838,57.67931],[12.96265,57.68572],[12.95251,57.68415],[12.94239,57.69157],[12.92272,57.68037],[12.91394,57.68022],[12.90826,57.68329],[12.90076,57.68162],[12.90488,57.67839],[12.89679,57.67776],[12.89211,57.6671],[12.88115,57.65827],[12.85338,57.65036],[12.8484,57.65252],[12.84148,57.64854],[12.83842,57.6414],[12.84307,57.63643],[12.82932,57.62931],[12.81312,57.62879],[12.80551,57.62479],[12.7934,57.62396],[12.78997,57.62579],[12.80285,57.63205],[12.78374,57.63063],[12.76968,57.61802],[12.76286,57.61832],[12.76223,57.6243],[12.75501,57.62684],[12.78279,57.63307],[12.77993,57.63884],[12.79053,57.63671],[12.79507,57.63953],[12.7826,57.64437],[12.78444,57.64791],[12.79338,57.65005],[12.78169,57.65277],[12.78099,57.65782],[12.78621,57.65603],[12.7906,57.66142],[12.7818,57.66527],[12.77958,57.67022],[12.78352,57.67443],[12.77677,57.67613],[12.77056,57.66999],[12.77268,57.66104],[12.76569,57.65319],[12.75237,57.65057],[12.74693,57.65806],[12.73582,57.65772],[12.72874,57.64734],[12.71759,57.64489],[12.71908,57.6364],[12.73406,57.6355],[12.72879,57.62993],[12.71331,57.6324],[12.71166,57.6358],[12.70705,57.63417],[12.70594,57.63935],[12.71221,57.64157],[12.70994,57.64644],[12.69242,57.6523],[12.69198,57.6551],[12.68084,57.65525],[12.66952,57.64998],[12.67323,57.6424],[12.66355,57.64503],[12.66199,57.64893],[12.644,57.65169],[12.63517,57.65873],[12.62378,57.66067],[12.62322,57.6652],[12.63014,57.66554],[12.63421,57.6633],[12.63752,57.66476],[12.6297,57.67023],[12.63636,57.67668],[12.64438,57.67823],[12.64636,57.68199],[12.65477,57.67969],[12.65724,57.68338],[12.6481,57.68546],[12.6242,57.68225],[12.61714,57.67926],[12.61193,57.68085],[12.60365,57.67592],[12.59307,57.67726],[12.58633,57.68149],[12.57993,57.67781],[12.58536,57.67496],[12.58454,57.67163],[12.5747,57.67368],[12.56682,57.67009],[12.56699,57.66759],[12.59163,57.66548],[12.59651,57.66764],[12.60169,57.66479],[12.59611,57.65715],[12.59665,57.65088],[12.6044,57.64222],[12.60172,57.64038],[12.58901,57.64104],[12.58629,57.64526],[12.58036,57.64585],[12.58046,57.65021],[12.57075,57.65437],[12.57015,57.65956],[12.5645,57.65776],[12.56081,57.65039],[12.56898,57.6476],[12.56467,57.64162],[12.55879,57.64137],[12.53871,57.65277],[12.52566,57.65111],[12.52234,57.65575],[12.52828,57.65888],[12.51358,57.66126],[12.50857,57.65976],[12.49864,57.66326],[12.48847,57.66245],[12.49255,57.67166],[12.48643,57.67301],[12.47851,57.67012],[12.46743,57.67495],[12.46285,57.67293],[12.47198,57.66606],[12.46606,57.66449],[12.45788,57.66914],[12.45811,57.66213],[12.45034,57.6645],[12.44418,57.66269],[12.44326,57.66084],[12.44991,57.6595],[12.4332,57.65502],[12.43778,57.65133],[12.43258,57.64897],[12.41641,57.65382],[12.43242,57.65852],[12.42133,57.66345],[12.42311,57.66802],[12.42976,57.67026],[12.41158,57.66792],[12.40672,57.67119],[12.38644,57.66413],[12.36941,57.67492],[12.36376,57.67339],[12.35891,57.67512],[12.36772,57.68022],[12.37249,57.69211],[12.35291,57.68201],[12.34868,57.67582],[12.32876,57.67884],[12.32696,57.68554],[12.3377,57.68914],[12.33736,57.69734],[12.31431,57.69468],[12.30496,57.70291],[12.29667,57.70329],[12.29093,57.70633],[12.27952,57.70549],[12.27496,57.71462],[12.2659,57.7112],[12.25943,57.70141],[12.25313,57.70614],[12.24539,57.69741],[12.23373,57.69449],[12.2218,57.69732],[12.21562,57.70149],[12.22037,57.70459],[12.21692,57.70844],[12.2238,57.71449],[12.23321,57.71161],[12.23227,57.71702],[12.23931,57.71764],[12.23734,57.72279],[12.21036,57.71874],[12.20352,57.71278],[12.19738,57.7191],[12.19243,57.71979],[12.16398,57.70783],[12.15682,57.7138],[12.14864,57.71605],[12.15364,57.72024],[12.15222,57.72385],[12.14159,57.72558],[12.13964,57.72806],[12.15421,57.73869],[12.16142,57.74042],[12.16837,57.73671],[12.16689,57.73317],[12.17154,57.73019],[12.17973,57.73964],[12.19454,57.73322],[12.19542,57.73549],[12.18004,57.74582],[12.1826,57.74831],[12.18795,57.74712],[12.19668,57.7497],[12.19502,57.75247],[12.17635,57.75098],[12.16645,57.74664],[12.16113,57.75425],[12.1489,57.75776],[12.14263,57.74891],[12.13673,57.75215],[12.12732,57.7466],[12.09878,57.74876],[12.08643,57.74454],[12.0778,57.75165],[12.06972,57.74444],[12.05255,57.74891],[12.05359,57.75109],[12.06678,57.7483],[12.06627,57.75236],[12.06077,57.75111],[12.05336,57.75824],[12.06241,57.75677],[12.07579,57.76031],[12.07608,57.76562],[12.08088,57.76885],[12.08016,57.77642],[12.08573,57.77392],[12.09752,57.78412],[12.08951,57.78571],[12.07238,57.77838],[12.06781,57.78414],[12.05765,57.78516],[12.06114,57.79423],[12.05864,57.7967],[12.06906,57.80116],[12.06905,57.80785],[12.0574,57.8103],[12.05268,57.81501],[12.04448,57.81224],[12.04255,57.81662]],[[12.81054,56.73601],[12.80647,56.7299],[12.79545,56.7283],[12.77972,56.73013],[12.77062,56.72533],[12.76615,56.71627],[12.75888,56.71403],[12.75957,56.72177],[12.76902,56.73476],[12.78338,56.74171],[12.78095,56.74686],[12.79452,56.75075],[12.79802,56.74197],[12.81054,56.73601]],[[12.21565,57.58147],[12.20134,57.57039],[12.19861,57.58208],[12.19251,57.58325],[12.18378,57.58077],[12.18234,57.58298],[12.18418,57.58483],[12.2052,57.58391],[12.2227,57.5873],[12.22863,57.58267],[12.21565,57.58147]],[[12.36974,57.61426],[12.37423,57.61681],[12.38106,57.61524],[12.37417,57.61177],[12.36342,57.61241],[12.36468,57.61556],[12.36974,57.61426]],[[12.67868,57.62139],[12.65326,57.62195],[12.65373,57.63081],[12.64344,57.63609],[12.65761,57.63561],[12.66411,57.63226],[12.67578,57.63262],[12.67868,57.62139]],[[12.38362,57.63056],[12.37601,57.63258],[12.37128,57.631],[12.37007,57.62241],[12.36037,57.62446],[12.3572,57.61948],[12.34753,57.61932],[12.33679,57.61231],[12.3288,57.61186],[12.32766,57.62265],[12.33924,57.62795],[12.33772,57.63444],[12.34185,57.63755],[12.36623,57.63925],[12.3701,57.64376],[12.37969,57.64143],[12.38895,57.64373],[12.39459,57.64258],[12.39228,57.63748],[12.38362,57.63056]],[[12.54546,57.63844],[12.54045,57.63586],[12.54428,57.63144],[12.53454,57.63294],[12.52804,57.63796],[12.53426,57.64791],[12.54491,57.64538],[12.54546,57.63844]],[[12.68641,57.64384],[12.6904,57.64973],[12.69586,57.64618],[12.69487,57.63971],[12.68641,57.64384]],[[12.14437,57.6437],[12.14148,57.64048],[12.14699,57.63699],[12.1447,57.63277],[12.13434,57.62642],[12.13081,57.62742],[12.12204,57.64116],[12.13465,57.6407],[12.14066,57.64425],[12.14437,57.6437]],[[12.20196,57.65073],[12.20915,57.65716],[12.21476,57.67174],[12.22297,57.67403],[12.23044,57.66886],[12.22246,57.66588],[12.21847,57.66094],[12.22795,57.65167],[12.23221,57.65429],[12.23134,57.65933],[12.23727,57.65946],[12.24387,57.64837],[12.24176,57.64402],[12.23657,57.64344],[12.2458,57.63732],[12.23549,57.63],[12.23941,57.61839],[12.23132,57.61917],[12.21849,57.62778],[12.20147,57.62737],[12.20466,57.64379],[12.1904,57.64663],[12.19023,57.65131],[12.1716,57.65051],[12.16841,57.65773],[12.17242,57.66013],[12.16382,57.65952],[12.15559,57.66593],[12.17092,57.6726],[12.16783,57.67577],[12.18502,57.67703],[12.19987,57.66538],[12.20196,57.65073]],[[12.27109,57.66665],[12.27646,57.67716],[12.2855,57.68255],[12.29282,57.6827],[12.29774,57.67986],[12.29152,57.66513],[12.29419,57.66322],[12.30687,57.67093],[12.31031,57.67676],[12.31684,57.6788],[12.3182,57.68283],[12.32099,57.67755],[12.31766,57.67299],[12.33015,57.67419],[12.34951,57.66748],[12.34785,57.66148],[12.35353,57.65907],[12.3556,57.65048],[12.34405,57.64181],[12.33799,57.64421],[12.32683,57.64095],[12.33172,57.6386],[12.32696,57.63569],[12.30113,57.63276],[12.29241,57.63734],[12.28505,57.63473],[12.28326,57.63771],[12.2586,57.64644],[12.26221,57.65073],[12.25871,57.65543],[12.27109,57.66665]],[[11.95414,57.66357],[11.9559,57.67061],[11.96314,57.67134],[11.96617,57.66378],[11.95414,57.66357]],[[12.15004,57.696],[12.15045,57.68961],[12.13752,57.68402],[12.12482,57.68546],[12.12168,57.67963],[12.11551,57.68384],[12.15004,57.696]],[[12.13145,57.70611],[12.1193,57.70219],[12.11621,57.69818],[12.10634,57.69697],[12.10561,57.6919],[12.08193,57.68736],[12.07267,57.68188],[12.04717,57.686],[12.06136,57.69102],[12.06654,57.69718],[12.06378,57.70105],[12.05179,57.70536],[12.06414,57.70955],[12.0819,57.7106],[12.09466,57.71833],[12.09706,57.7244],[12.1218,57.72187],[12.13464,57.71391],[12.13662,57.71044],[12.13145,57.70611]],[[11.86531,57.74081],[11.87228,57.74674],[11.89579,57.73908],[11.87901,57.72556],[11.87942,57.73652],[11.87437,57.74078],[11.86531,57.74081]],[[12.0249,57.76184],[12.0509,57.76915],[12.06566,57.76859],[12.06847,57.76632],[12.05109,57.76683],[12.04421,57.76098],[12.0249,57.76184]],[[12.02225,57.81111],[12.01544,57.80156],[12.00926,57.80232],[12.00968,57.811],[12.00405,57.81649],[12.00833,57.83098],[12.01365,57.82978],[12.01621,57.81228],[12.02225,57.81111]],[[12.82028,56.68114],[12.81026,56.68237],[12.80615,56.68721],[12.81789,56.6964],[12.82139,56.68892],[12.82977,56.68465],[12.82028,56.68114]],[[12.79622,56.69119],[12.79531,56.68926],[12.77749,56.69297],[12.78255,56.69935],[12.78409,56.69496],[12.79622,56.69119]],[[12.90593,56.69749],[12.91503,56.70219],[12.92299,56.70143],[12.92121,56.69512],[12.91169,56.69244],[12.90593,56.69749]],[[12.87381,56.80352],[12.87714,56.80842],[12.88928,56.80865],[12.89258,56.80468],[12.87712,56.79824],[12.87381,56.80352]],[[12.85226,56.81832],[12.85284,56.81252],[12.83772,56.82172],[12.82666,56.81486],[12.82623,56.81969],[12.83945,56.83017],[12.86002,56.82575],[12.85226,56.81832]],[[12.85639,56.84759],[12.8569,56.84227],[12.86514,56.84156],[12.86674,56.83602],[12.8606,56.83362],[12.85332,56.83546],[12.84598,56.83393],[12.83834,56.84279],[12.83391,56.83453],[12.82356,56.84365],[12.8243,56.85174],[12.83396,56.85135],[12.84573,56.85847],[12.85689,56.85369],[12.85088,56.85122],[12.85639,56.84759]],[[12.85673,56.86768],[12.86538,56.86888],[12.86571,56.85639],[12.849,56.8594],[12.85673,56.86768]],[[12.93334,56.98686],[12.92714,56.98751],[12.92301,56.98302],[12.93136,56.97635],[12.92903,56.97111],[12.92381,56.97327],[12.92145,56.97871],[12.91396,56.97929],[12.90817,56.97708],[12.90601,56.98042],[12.91464,56.99257],[12.92835,56.99118],[12.93787,56.9933],[12.93934,56.99],[12.93334,56.98686]],[[12.84618,57.01317],[12.85255,57.00535],[12.84457,57.001],[12.8423,57.01135],[12.84618,57.01317]],[[12.78485,57.03455],[12.79327,57.0345],[12.79456,57.03874],[12.80108,57.03885],[12.80288,57.03158],[12.78939,57.02896],[12.78485,57.03455]],[[12.84763,57.04443],[12.85554,57.04513],[12.85402,57.0423],[12.83961,57.03777],[12.82703,57.04141],[12.81889,57.03533],[12.81407,57.04287],[12.82109,57.04615],[12.81261,57.05005],[12.81616,57.0554],[12.82143,57.05788],[12.82642,57.05291],[12.84199,57.04995],[12.84553,57.05114],[12.83896,57.05545],[12.84971,57.05907],[12.85803,57.05107],[12.84579,57.04658],[12.84763,57.04443]],[[12.75262,57.04094],[12.75109,57.04491],[12.75541,57.05012],[12.77202,57.05684],[12.77745,57.06516],[12.78199,57.06524],[12.78529,57.05886],[12.78079,57.05422],[12.75262,57.04094]],[[12.88259,57.06085],[12.87402,57.06201],[12.87169,57.06464],[12.88314,57.07375],[12.89025,57.07113],[12.88878,57.06297],[12.88259,57.06085]],[[12.8616,57.06293],[12.85002,57.06708],[12.85726,57.07114],[12.86176,57.06897],[12.8616,57.06293]],[[12.89988,57.13111],[12.89144,57.13658],[12.88733,57.13394],[12.87328,57.13354],[12.87376,57.14078],[12.84984,57.12949],[12.84643,57.14087],[12.85341,57.14357],[12.8618,57.15888],[12.87062,57.15729],[12.87245,57.15244],[12.90573,57.15318],[12.88482,57.14836],[12.89379,57.14814],[12.89854,57.13881],[12.90318,57.14127],[12.90703,57.13937],[12.89988,57.13111]],[[12.82472,57.29786],[12.82467,57.29508],[12.81621,57.28688],[12.8109,57.28852],[12.81189,57.29241],[12.82472,57.29786]],[[12.93152,57.15719],[12.92316,57.16435],[12.92999,57.1691],[12.93181,57.1673],[12.93152,57.15719]],[[12.94639,57.23528],[12.95493,57.23999],[12.96301,57.23904],[12.95341,57.22999],[12.9453,57.23154],[12.94639,57.23528]],[[12.98623,57.26906],[12.98749,57.26255],[12.98393,57.25913],[12.98071,57.26581],[12.97009,57.26564],[12.97065,57.25561],[12.95538,57.25764],[12.96583,57.26782],[12.96283,57.27283],[12.96544,57.27483],[12.96959,57.27003],[12.97835,57.27104],[12.98623,57.26906]],[[12.9109,57.26917],[12.92456,57.26581],[12.92594,57.26282],[12.90833,57.26276],[12.89356,57.27182],[12.89412,57.28321],[12.90698,57.28033],[12.9057,57.27474],[12.9109,57.26917]],[[12.92149,57.27285],[12.92656,57.28571],[12.92441,57.29463],[12.93205,57.29249],[12.94264,57.27938],[12.92149,57.27285]],[[12.94509,57.32931],[12.9442,57.33353],[12.94982,57.33362],[12.95893,57.32218],[12.95585,57.31933],[12.94509,57.32931]],[[12.93454,57.39535],[12.93394,57.4114],[12.95602,57.4119],[12.95139,57.4063],[12.93454,57.39535]],[[12.9901,57.45466],[12.98636,57.4469],[12.97826,57.44837],[12.98481,57.45612],[12.9901,57.45466]],[[13.00593,57.47007],[13.01837,57.4617],[13.03003,57.45809],[13.01563,57.45148],[13.01543,57.44869],[13.00986,57.45048],[13.00511,57.44689],[13.00813,57.44413],[12.99862,57.43935],[12.99884,57.45367],[13.00773,57.45774],[13.00039,57.46661],[13.00593,57.47007]],[[12.90726,57.46407],[12.89657,57.46415],[12.89456,57.46966],[12.8867,57.47426],[12.891,57.47947],[12.90067,57.47995],[12.9154,57.48573],[12.92172,57.48008],[12.90995,57.47619],[12.89927,57.47606],[12.89596,57.47334],[12.90065,57.47026],[12.91312,57.46983],[12.9181,57.46691],[12.92945,57.46785],[12.9229,57.46389],[12.91514,57.46291],[12.92869,57.45675],[12.93095,57.45052],[12.92388,57.44993],[12.91598,57.44362],[12.90937,57.44997],[12.91292,57.4607],[12.90726,57.46407]],[[12.97106,57.48018],[12.97917,57.48289],[12.98821,57.48205],[12.98953,57.47936],[12.98057,57.47163],[12.97106,57.48018]],[[12.93236,57.50983],[12.92261,57.51028],[12.94177,57.51284],[12.96078,57.52522],[12.96471,57.52051],[12.95521,57.50106],[12.93236,57.50983]],[[12.95397,57.63504],[12.94269,57.63233],[12.93985,57.63467],[12.94352,57.63922],[12.94972,57.64536],[12.95443,57.64544],[12.95937,57.64138],[12.95397,57.63504]],[[12.92998,57.65023],[12.94079,57.65743],[12.93686,57.64592],[12.92873,57.64151],[12.92998,57.65023]],[[12.94409,57.66626],[12.92761,57.66456],[12.92279,57.66998],[12.94409,57.66626]]],[[[11.77382,57.71295],[11.78286,57.70967],[11.79704,57.71546],[11.82495,57.71442],[11.82048,57.71764],[11.82285,57.7205],[11.83602,57.71985],[11.81594,57.72739],[11.80561,57.72541],[11.81209,57.71625],[11.80232,57.71802],[11.80336,57.72264],[11.79148,57.72295],[11.79092,57.72532],[11.77769,57.72056],[11.77021,57.72498],[11.76557,57.72402],[11.76504,57.71722],[11.77437,57.71661],[11.77382,57.71295]]],[[[12.25585,57.75212],[12.23917,57.75386],[12.23481,57.74907],[12.23862,57.74739],[12.24478,57.74921],[12.2512,57.74767],[12.25585,57.75212]]],[[[11.90286,57.77305],[11.89253,57.77701],[11.88521,57.77198],[11.88809,57.76904],[11.89214,57.77236],[11.90041,57.77102],[11.90286,57.77305]]],[[[11.97361,57.85733],[11.98612,57.84949],[11.98931,57.85537],[11.97607,57.85936],[11.97361,57.85733]]],[[[12.01021,57.85329],[12.0156,57.85018],[12.01798,57.85829],[12.01455,57.85915],[12.01052,57.8554],[11.99573,57.8627],[11.99811,57.85412],[12.01021,57.85329]]]]}},{"type":"Feature","properties":{"fs":"CAR","t":45.0},"geometry":{"type":"Polygon","coordinates":[[[11.95886,57.57021],[11.95059,57.57465],[11.94735,57.56111],[11.95797,57.50164],[11.92682,57.44208],[11.93329,57.42624],[11.97102,57.37814],[11.9734,57.3849],[11.98267,57.38288],[11.98253,57.38775],[11.98971,57.38814],[11.99054,57.38203],[11.97879,57.37787],[11.9783,57.37273],[11.99604,57.37196],[12.00432,57.3796],[12.01215,57.37684],[12.01958,57.37982],[12.02768,57.389],[12.0252,57.39599],[12.03179,57.39767],[12.05528,57.41774],[12.07274,57.45009],[12.09217,57.4615],[12.11131,57.45576],[12.12215,57.4347],[12.12284,57.38704],[12.10094,57.35088],[12.11455,57.34118],[12.14916,57.3467],[12.16368,57.33758],[12.18246,57.27688],[12.13416,57.26229],[12.13277,57.22269],[12.19767,57.18266],[12.24876,57.13947],[12.26173,57.08315],[12.29333,57.04419],[12.34089,57.02811],[12.36947,56.99356],[12.37258,56.96681],[12.35867,56.93489],[12.41026,56.90245],[12.49146,56.8876],[12.60791,56.8376],[12.62347,56.82984],[12.6229,56.80428],[12.63426,56.81175],[12.64464,56.80951],[12.64688,56.8045],[12.64088,56.80018],[12.64825,56.79414],[12.65274,56.80293],[12.66309,56.80923],[12.66449,56.80324],[12.67055,56.80041],[12.66342,56.79568],[12.66987,56.79492],[12.67741,56.78878],[12.68707,56.78981],[12.67912,56.78601],[12.68028,56.78378],[12.69338,56.78712],[12.7028,56.78371],[12.7096,56.78538],[12.71169,56.77903],[12.71742,56.77885],[12.71873,56.78955],[12.72628,56.79586],[12.72788,56.79196],[12.73606,56.79211],[12.74224,56.78717],[12.73618,56.78165],[12.7469,56.78206],[12.75245,56.79184],[12.75508,56.79273],[12.75937,56.78944],[12.7618,56.79384],[12.77396,56.80009],[12.77027,56.80199],[12.75619,56.79781],[12.7413,56.80288],[12.74117,56.80498],[12.74988,56.80703],[12.75316,56.81418],[12.75745,56.81096],[12.76528,56.81131],[12.76636,56.8074],[12.77625,56.80463],[12.7822,56.80501],[12.78377,56.80736],[12.77956,56.80939],[12.77895,56.81535],[12.77073,56.81576],[12.76956,56.82143],[12.74912,56.82183],[12.74359,56.82426],[12.74343,56.83549],[12.73842,56.84214],[12.73514,56.84405],[12.73074,56.84193],[12.72366,56.84475],[12.72351,56.85345],[12.73114,56.85437],[12.72746,56.85814],[12.74,56.86485],[12.74123,56.87196],[12.73707,56.87301],[12.73419,56.86751],[12.7287,56.86717],[12.72647,56.86278],[12.71658,56.86],[12.71064,56.86073],[12.72634,56.87225],[12.72604,56.8773],[12.71276,56.87004],[12.70271,56.86873],[12.69799,56.87054],[12.70216,56.87356],[12.69908,56.87772],[12.70505,56.88085],[12.7111,56.89097],[12.70387,56.89168],[12.70285,56.89429],[12.70703,56.89872],[12.71165,56.89873],[12.71269,56.89573],[12.71954,56.89338],[12.71507,56.88889],[12.72912,56.8899],[12.73666,56.88114],[12.74428,56.88514],[12.73362,56.8919],[12.73497,56.89487],[12.72679,56.89648],[12.72678,56.8988],[12.73703,56.90334],[12.72933,56.91176],[12.73417,56.91655],[12.72531,56.91872],[12.73056,56.92199],[12.75016,56.92389],[12.7435,56.92648],[12.73515,56.92584],[12.73279,56.9322],[12.74481,56.93599],[12.75391,56.93551],[12.75937,56.92957],[12.76578,56.93755],[12.75501,56.94143],[12.75561,56.94439],[12.76885,56.94631],[12.77897,56.94256],[12.78732,56.94896],[12.79784,56.95146],[12.7839,56.95257],[12.75349,56.94969],[12.74858,56.95578],[12.73829,56.95033],[12.74136,56.94638],[12.72773,56.9466],[12.72283,56.94857],[12.7286,56.95766],[12.72365,56.96291],[12.71521,56.94966],[12.70618,56.94602],[12.70617,56.94209],[12.70045,56.93889],[12.68784,56.94344],[12.68653,56.95837],[12.66685,56.96275],[12.66968,56.96894],[12.66609,56.97083],[12.65914,56.96481],[12.65966,56.95864],[12.6473,56.95494],[12.65089,56.94893],[12.66037,56.94461],[12.65904,56.94178],[12.66947,56.93734],[12.65594,56.94043],[12.65048,56.93905],[12.64283,56.94288],[12.63619,56.93952],[12.6379,56.93689],[12.62306,56.93515],[12.62224,56.94277],[12.62993,56.94586],[12.63441,56.95142],[12.62803,56.96029],[12.63409,56.96134],[12.64688,56.97384],[12.65493,56.97657],[12.66729,56.97626],[12.66088,56.98014],[12.64408,56.98151],[12.63902,56.98423],[12.64219,56.98703],[12.6395,56.99013],[12.62833,56.99259],[12.62394,56.99015],[12.61507,56.99182],[12.60785,56.99704],[12.62516,57.00798],[12.63986,57.00882],[12.63148,57.01381],[12.64536,57.02233],[12.64066,57.02329],[12.6207,57.01744],[12.60771,57.02786],[12.61136,57.0306],[12.61862,57.02976],[12.62028,57.03203],[12.61686,57.03515],[12.60924,57.03548],[12.60826,57.03967],[12.61487,57.05215],[12.62213,57.05552],[12.63644,57.05738],[12.64015,57.05432],[12.6335,57.04078],[12.64303,57.03471],[12.64832,57.04064],[12.64508,57.04701],[12.65445,57.04965],[12.64826,57.05784],[12.65536,57.06583],[12.67322,57.06259],[12.67986,57.06362],[12.67353,57.06582],[12.67492,57.06845],[12.66435,57.06839],[12.66471,57.075],[12.66925,57.07662],[12.67621,57.07458],[12.68056,57.06883],[12.68365,57.07029],[12.67747,57.08861],[12.69148,57.09852],[12.68763,57.10435],[12.69572,57.10428],[12.6987,57.11311],[12.70982,57.11795],[12.72141,57.13248],[12.72787,57.12991],[12.7239,57.12719],[12.73601,57.12757],[12.74214,57.1312],[12.75632,57.12371],[12.76224,57.12508],[12.74511,57.13502],[12.72683,57.13841],[12.73286,57.14105],[12.73163,57.15283],[12.74682,57.15794],[12.75646,57.16373],[12.75661,57.16696],[12.76279,57.16721],[12.76545,57.17035],[12.772,57.16878],[12.7848,57.17088],[12.77202,57.17285],[12.77375,57.1785],[12.76423,57.17482],[12.74895,57.17946],[12.75063,57.18454],[12.75786,57.18685],[12.75467,57.19458],[12.76119,57.19372],[12.76833,57.19679],[12.77957,57.19482],[12.7867,57.19972],[12.80015,57.19679],[12.80448,57.1994],[12.80911,57.19695],[12.81225,57.19841],[12.81625,57.20522],[12.81333,57.20713],[12.80512,57.2031],[12.77135,57.20967],[12.77812,57.22196],[12.77486,57.22452],[12.76486,57.22285],[12.75254,57.21554],[12.75542,57.22492],[12.76726,57.23165],[12.76672,57.23636],[12.78022,57.24727],[12.77539,57.24999],[12.76765,57.24957],[12.77271,57.26581],[12.76612,57.26621],[12.75989,57.26123],[12.75869,57.26538],[12.76345,57.26818],[12.78254,57.26893],[12.80134,57.26332],[12.80727,57.25111],[12.80224,57.24288],[12.81059,57.24401],[12.81774,57.25228],[12.82915,57.25206],[12.8253,57.26027],[12.85006,57.25768],[12.83901,57.265],[12.8305,57.26429],[12.81794,57.26787],[12.81282,57.26539],[12.81858,57.27307],[12.81149,57.27463],[12.79869,57.28789],[12.79226,57.3014],[12.79421,57.30344],[12.80309,57.30341],[12.80612,57.31259],[12.81484,57.30488],[12.82225,57.31189],[12.84276,57.31163],[12.81435,57.31596],[12.81348,57.32191],[12.80978,57.32304],[12.79777,57.31347],[12.79041,57.31288],[12.78144,57.30787],[12.78617,57.31421],[12.78694,57.32658],[12.78111,57.32928],[12.77489,57.32712],[12.77034,57.32842],[12.78606,57.33119],[12.78936,57.33392],[12.7755,57.34266],[12.76665,57.33871],[12.76543,57.34304],[12.76766,57.34589],[12.77691,57.34519],[12.79146,57.3494],[12.79665,57.34724],[12.80306,57.35091],[12.796,57.35163],[12.78872,57.356],[12.78069,57.35146],[12.77268,57.35497],[12.78459,57.36585],[12.77799,57.37022],[12.78898,57.3794],[12.78591,57.38328],[12.78834,57.38613],[12.79284,57.38691],[12.7996,57.38268],[12.79211,57.37595],[12.79412,57.36995],[12.80711,57.37878],[12.81356,57.37085],[12.81461,57.36188],[12.81979,57.36225],[12.82052,57.35868],[12.82946,57.35455],[12.83204,57.35713],[12.81738,57.37656],[12.82025,57.385],[12.81768,57.39338],[12.82194,57.39598],[12.82656,57.39269],[12.84207,57.40082],[12.84768,57.39839],[12.86243,57.40182],[12.85025,57.40553],[12.83273,57.40272],[12.81342,57.4037],[12.80683,57.40078],[12.79943,57.40282],[12.80411,57.40719],[12.80126,57.4091],[12.79506,57.40619],[12.78843,57.40832],[12.78087,57.4072],[12.78508,57.4164],[12.77754,57.42064],[12.78207,57.42316],[12.7699,57.42638],[12.7685,57.43239],[12.76048,57.43574],[12.76449,57.43841],[12.75109,57.44458],[12.75427,57.44737],[12.75238,57.45331],[12.76521,57.45209],[12.76772,57.46018],[12.77535,57.4568],[12.79208,57.45584],[12.77974,57.4646],[12.78427,57.46862],[12.79263,57.46399],[12.80608,57.46563],[12.82315,57.46326],[12.8143,57.47195],[12.80805,57.47184],[12.81273,57.47641],[12.80994,57.47942],[12.82235,57.47672],[12.8289,57.48498],[12.8473,57.49126],[12.84094,57.49297],[12.81439,57.48346],[12.80591,57.48584],[12.80052,57.48434],[12.80059,57.49193],[12.79082,57.48965],[12.78315,57.49639],[12.77927,57.49155],[12.77491,57.494],[12.76303,57.49211],[12.76576,57.49855],[12.75757,57.50135],[12.75139,57.50753],[12.76227,57.50876],[12.76,57.50322],[12.76636,57.50154],[12.77339,57.50549],[12.77448,57.51009],[12.78716,57.51135],[12.79395,57.51547],[12.79212,57.5221],[12.80504,57.53497],[12.82435,57.52646],[12.82956,57.52655],[12.81777,57.53753],[12.8127,57.53791],[12.82486,57.54851],[12.82659,57.55443],[12.81729,57.54838],[12.79196,57.55051],[12.7915,57.54737],[12.79849,57.54407],[12.79623,57.53969],[12.78606,57.53807],[12.78401,57.53305],[12.77582,57.53467],[12.76729,57.53332],[12.75535,57.52511],[12.74748,57.52862],[12.7569,57.53679],[12.75362,57.53919],[12.77082,57.54391],[12.77181,57.54913],[12.75641,57.54469],[12.74393,57.54386],[12.736,57.53698],[12.72999,57.54403],[12.72568,57.53918],[12.71731,57.54155],[12.72521,57.53425],[12.71323,57.53783],[12.69379,57.53161],[12.68819,57.54158],[12.70009,57.54749],[12.70109,57.5607],[12.69792,57.56128],[12.69219,57.55682],[12.69245,57.5528],[12.68382,57.54989],[12.67926,57.55071],[12.67552,57.54584],[12.66983,57.547],[12.67115,57.53453],[12.66074,57.52999],[12.65365,57.53063],[12.65154,57.52687],[12.656,57.52246],[12.6489,57.51924],[12.65112,57.51717],[12.62406,57.50998],[12.6252,57.51851],[12.61705,57.52748],[12.62127,57.53079],[12.617,57.53422],[12.60616,57.5343],[12.6131,57.53696],[12.61332,57.54112],[12.60188,57.54384],[12.58382,57.53654],[12.57466,57.53917],[12.57036,57.54467],[12.55857,57.54715],[12.55159,57.54617],[12.55318,57.54971],[12.54365,57.55549],[12.55518,57.55494],[12.56058,57.5601],[12.55,57.562],[12.55716,57.57211],[12.54597,57.56754],[12.5448,57.56359],[12.54012,57.56518],[12.53387,57.56104],[12.52473,57.55969],[12.52346,57.56813],[12.51557,57.56882],[12.51382,57.57534],[12.49672,57.58076],[12.4923,57.58551],[12.48739,57.58338],[12.50129,57.57509],[12.49928,57.57021],[12.50568,57.56823],[12.50311,57.56389],[12.51309,57.55922],[12.49247,57.55526],[12.49736,57.55241],[12.49479,57.548],[12.48628,57.55148],[12.48294,57.54566],[12.47481,57.54241],[12.45527,57.54918],[12.44493,57.54401],[12.44147,57.54862],[12.45452,57.56005],[12.44939,57.56107],[12.43582,57.55468],[12.42889,57.54548],[12.42208,57.54584],[12.41553,57.54978],[12.40846,57.53531],[12.40395,57.53634],[12.39689,57.53282],[12.38857,57.5342],[12.38461,57.52929],[12.37959,57.53022],[12.3691,57.52719],[12.3591,57.53559],[12.34867,57.5354],[12.36507,57.55716],[12.33453,57.54304],[12.33827,57.5396],[12.32695,57.52939],[12.28504,57.52204],[12.28274,57.52318],[12.2867,57.52601],[12.27626,57.52606],[12.28789,57.53032],[12.28884,57.53939],[12.29565,57.53743],[12.29887,57.53891],[12.29376,57.5435],[12.29626,57.54854],[12.27919,57.53933],[12.27213,57.53945],[12.27103,57.53669],[12.2767,57.53415],[12.27054,57.53095],[12.25885,57.53196],[12.26152,57.5381],[12.25851,57.54],[12.24932,57.53486],[12.23499,57.53331],[12.22915,57.53627],[12.22485,57.53449],[12.2251,57.53975],[12.22013,57.54281],[12.21632,57.5402],[12.21256,57.54152],[12.21015,57.54407],[12.21466,57.54648],[12.20532,57.55253],[12.21136,57.55722],[12.2197,57.55582],[12.22635,57.55773],[12.21342,57.55938],[12.2175,57.5641],[12.21487,57.56601],[12.2027,57.55605],[12.19352,57.55655],[12.18159,57.55375],[12.17577,57.55629],[12.17165,57.55444],[12.17209,57.54989],[12.16119,57.55231],[12.15747,57.55644],[12.16147,57.55873],[12.1577,57.56024],[12.15049,57.55881],[12.12226,57.56393],[12.11527,57.55488],[12.10555,57.55891],[12.09781,57.56421],[12.10023,57.56876],[12.11854,57.56974],[12.1177,57.5804],[12.13685,57.5828],[12.15227,57.59625],[12.14648,57.59678],[12.12398,57.59023],[12.11673,57.59589],[12.12889,57.59427],[12.13284,57.60054],[12.15552,57.60831],[12.14962,57.61005],[12.13495,57.607],[12.13118,57.61497],[12.11118,57.60812],[12.0894,57.61717],[12.07623,57.6182],[12.07559,57.61538],[12.06855,57.61606],[12.05653,57.62233],[12.05088,57.62178],[12.05582,57.62896],[12.05052,57.6393],[12.03207,57.65425],[12.04635,57.66392],[12.03886,57.66414],[12.01951,57.67203],[12.01544,57.67654],[12.01743,57.68199],[12.01033,57.68758],[12.01214,57.69535],[12.00442,57.69573],[12.00995,57.69857],[12.00515,57.69958],[11.99542,57.69671],[12.0059,57.68729],[11.99465,57.68068],[11.99959,57.67483],[12.00804,57.67404],[12.01082,57.67004],[12.00563,57.65882],[11.99795,57.65653],[11.9931,57.65979],[11.99116,57.65525],[11.9808,57.65172],[11.96715,57.65205],[11.95228,57.65677],[11.94475,57.65055],[11.94962,57.64554],[11.93926,57.64726],[11.93586,57.64409],[11.94933,57.63964],[11.95738,57.64362],[11.96955,57.64529],[11.97446,57.6335],[11.98914,57.63961],[12.00941,57.63827],[12.01102,57.6362],[12.00384,57.6328],[12.00941,57.62872],[12.00366,57.62863],[12.00126,57.626],[12.0123,57.62064],[12.0119,57.61594],[12.02561,57.61534],[12.02892,57.61317],[12.01302,57.60717],[12.01373,57.60382],[12.01838,57.60084],[12.02982,57.60322],[12.03211,57.59709],[12.04136,57.59436],[12.04168,57.59177],[12.03231,57.59036],[12.01873,57.57948],[12.00829,57.57718],[12.00442,57.56855],[11.99992,57.56822],[12.00247,57.57322],[11.99866,57.5751],[11.97658,57.57022],[11.98289,57.57612],[11.98247,57.58173],[11.9645,57.59183],[11.96777,57.60546],[11.95216,57.60591],[11.9518,57.61366],[11.95153,57.58997],[11.96073,57.5895],[11.95716,57.58674],[11.95153,57.58947],[11.95035,57.57851],[11.95898,57.57443],[11.95886,57.57021]],[[12.64017,56.81561],[12.63521,56.81776],[12.63825,56.82568],[12.64933,56.81915],[12.64017,56.81561]],[[12.68271,56.83557],[12.67744,56.82143],[12.66637,56.82242],[12.66374,56.8256],[12.67191,56.83004],[12.6725,56.83503],[12.68271,56.83557]],[[12.60581,56.85652],[12.6004,56.85286],[12.58345,56.85342],[12.5885,56.85855],[12.60581,56.85652]],[[12.69135,56.89295],[12.68845,56.88798],[12.68442,56.88672],[12.67933,56.8902],[12.67182,56.88304],[12.66244,56.8882],[12.65365,56.89056],[12.65824,56.89655],[12.6663,56.89356],[12.68306,56.89841],[12.69135,56.89295]],[[12.59008,57.06488],[12.5998,57.06008],[12.59615,57.05081],[12.60306,57.04846],[12.60022,57.04359],[12.5913,57.04805],[12.58661,57.04684],[12.57667,57.04917],[12.58016,57.05752],[12.59008,57.06488]],[[12.61497,57.05861],[12.61552,57.06209],[12.62635,57.0681],[12.63645,57.06523],[12.63164,57.06195],[12.61497,57.05861]],[[12.54372,57.06819],[12.54001,57.06587],[12.53047,57.06975],[12.53568,57.0728],[12.54372,57.06819]],[[12.6654,57.08863],[12.66623,57.08366],[12.65841,57.08499],[12.66063,57.07829],[12.654,57.07718],[12.65476,57.072],[12.65007,57.06995],[12.64497,57.083],[12.6507,57.09102],[12.65527,57.0883],[12.6654,57.08863]],[[12.66256,57.18279],[12.66051,57.18058],[12.64282,57.1842],[12.65203,57.19186],[12.66256,57.18279]],[[12.21856,57.48857],[12.21503,57.48013],[12.21139,57.48075],[12.20978,57.48567],[12.19559,57.4941],[12.21856,57.48857]],[[12.43541,57.52154],[12.40099,57.50089],[12.39796,57.49219],[12.38718,57.48614],[12.36384,57.47709],[12.34349,57.47733],[12.31167,57.47051],[12.28701,57.46916],[12.30283,57.4773],[12.31686,57.47797],[12.32861,57.48487],[12.34294,57.48499],[12.36997,57.49253],[12.38153,57.50309],[12.38148,57.51116],[12.38559,57.51012],[12.39261,57.51413],[12.38889,57.52058],[12.39702,57.5237],[12.40044,57.5197],[12.40405,57.52033],[12.42243,57.54093],[12.42271,57.53686],[12.43744,57.53169],[12.43075,57.5265],[12.43541,57.52154]],[[12.45427,57.52402],[12.4588,57.53043],[12.45705,57.53616],[12.46107,57.53589],[12.46397,57.5318],[12.48052,57.53536],[12.48926,57.52971],[12.48788,57.52322],[12.48103,57.51925],[12.45427,57.52402]],[[12.02887,57.51767],[12.03127,57.51274],[12.01493,57.50835],[12.00985,57.51834],[11.99496,57.52698],[12.00178,57.53501],[11.9915,57.5415],[12.00324,57.5448],[12.02106,57.54408],[12.00811,57.53951],[12.00851,57.5346],[12.03523,57.52395],[12.02887,57.51767]],[[12.49654,57.53021],[12.48841,57.53447],[12.48816,57.53814],[12.4953,57.53875],[12.49656,57.54312],[12.50687,57.54319],[12.50661,57.54711],[12.514,57.54586],[12.51064,57.5368],[12.50414,57.53738],[12.50071,57.53029],[12.49654,57.53021]],[[12.19578,57.53057],[12.18748,57.52468],[12.17347,57.53211],[12.18185,57.5385],[12.17695,57.54113],[12.18216,57.54529],[12.19619,57.54902],[12.20279,57.54805],[12.20516,57.53752],[12.1965,57.53478],[12.19578,57.53057]],[[12.04673,57.53672],[12.03158,57.53674],[12.02454,57.54618],[12.03198,57.5479],[12.04453,57.54369],[12.04852,57.53962],[12.05769,57.53787],[12.07057,57.54224],[12.06913,57.54824],[12.07499,57.54899],[12.08585,57.54381],[12.07158,57.53945],[12.0628,57.529],[12.04673,57.53672]],[[12.71032,56.78621],[12.70465,56.78695],[12.70261,56.79241],[12.71367,56.79423],[12.71032,56.78621]],[[12.68549,56.8114],[12.68464,56.81897],[12.69434,56.8214],[12.69608,56.81609],[12.70767,56.81911],[12.71288,56.81556],[12.71734,56.81803],[12.71826,56.80293],[12.70889,56.80762],[12.70469,56.80151],[12.70022,56.80493],[12.69336,56.79568],[12.6797,56.79323],[12.67695,56.79832],[12.68367,56.80357],[12.67562,56.80538],[12.68549,56.8114]],[[12.73118,56.90098],[12.72329,56.90145],[12.71962,56.90692],[12.72492,56.90838],[12.73118,56.90098]],[[12.70326,56.91824],[12.71626,56.91837],[12.71626,56.91138],[12.7096,56.91126],[12.70326,56.91824]],[[12.70824,56.92921],[12.68933,56.92774],[12.69241,56.93191],[12.70481,56.9335],[12.70824,56.92921]],[[12.69584,57.12387],[12.68154,57.11715],[12.67288,57.1257],[12.68992,57.1256],[12.69584,57.12387]],[[12.7284,57.15487],[12.71944,57.14516],[12.70887,57.144],[12.7005,57.15206],[12.70063,57.15836],[12.72567,57.16149],[12.72299,57.15884],[12.7284,57.15487]],[[12.73565,57.18217],[12.73381,57.19733],[12.7453,57.19975],[12.74004,57.17579],[12.731,57.16945],[12.71929,57.17485],[12.71462,57.18986],[12.72195,57.19041],[12.73565,57.18217]],[[12.73538,57.23931],[12.73496,57.24478],[12.74473,57.24739],[12.75355,57.24006],[12.74864,57.23852],[12.74367,57.24205],[12.73538,57.23931]],[[12.7389,57.26216],[12.74156,57.25571],[12.73132,57.25054],[12.71736,57.25007],[12.71102,57.24372],[12.70417,57.24654],[12.70748,57.25079],[12.70256,57.25823],[12.70977,57.27788],[12.72035,57.28003],[12.72701,57.26597],[12.7389,57.26216]],[[12.78062,57.29663],[12.78225,57.29111],[12.80077,57.27178],[12.78602,57.28002],[12.76861,57.27868],[12.77565,57.29731],[12.78062,57.29663]],[[12.75635,57.29481],[12.76145,57.29616],[12.75921,57.28621],[12.75075,57.28353],[12.75635,57.29481]],[[12.7571,57.30807],[12.75613,57.31536],[12.76464,57.31211],[12.7662,57.30487],[12.7571,57.30807]],[[12.76622,57.40147],[12.75617,57.39988],[12.75903,57.40632],[12.76337,57.40759],[12.76622,57.40147]],[[12.74105,57.42573],[12.74867,57.42678],[12.74964,57.42363],[12.75888,57.42782],[12.76933,57.41725],[12.7672,57.41524],[12.76218,57.41642],[12.76223,57.41136],[12.74629,57.40827],[12.73812,57.41423],[12.72499,57.4135],[12.72126,57.41807],[12.72835,57.42704],[12.73324,57.42587],[12.73956,57.42879],[12.74105,57.42573]],[[12.6986,57.46764],[12.69962,57.46387],[12.68906,57.45982],[12.69061,57.46623],[12.6986,57.46764]]]}},{"type":"Feature","properties":{"fs":"CAR","t":30.0},"geometry":{"type":"MultiPolygon","coordinates":[[[[12.38377,56.9637],[12.39011,56.96131],[12.38458,56.95951],[12.39041,56.95703],[12.38854,56.95439],[12.39384,56.94839],[12.39877,56.94773],[12.40127,56.96842],[12.4073,56.96546],[12.4169,56.9679],[12.42478,56.96048],[12.42799,56.96364],[12.42418,56.96854],[12.43055,56.97134],[12.42115,56.97344],[12.43107,56.9762],[12.44448,56.96313],[12.45515,56.97816],[12.44706,56.98462],[12.44144,56.98491],[12.44378,56.99204],[12.43816,56.99338],[12.43577,56.98893],[12.42105,56.98231],[12.41754,56.98659],[12.40657,56.98461],[12.39674,56.98784],[12.3915,56.99293],[12.38756,56.99032],[12.39289,56.98411],[12.37432,56.9885],[12.38537,56.98129],[12.38898,56.97743],[12.38618,56.97344],[12.39232,56.97015],[12.39079,56.96631],[12.38377,56.9637]]],[[[12.53883,57.15185],[12.53209,57.14628],[12.53779,57.14609],[12.54853,57.15155],[12.53883,57.15185]]],[[[12.15965,57.45873],[12.14489,57.46357],[12.15745,57.46952],[12.14219,57.46966],[12.13718,57.47376],[12.12857,57.4756],[12.11553,57.48963],[12.10509,57.47577],[12.10049,57.47461],[12.09564,57.47906],[12.0891,57.47695],[12.093,57.47378],[12.08534,57.46513],[12.09364,57.46567],[12.09443,57.46232],[12.10289,57.46079],[12.10006,57.45913],[12.11131,57.45576],[12.12215,57.4347],[12.12233,57.42209],[12.13209,57.42063],[12.13731,57.42721],[12.14045,57.42195],[12.13424,57.41731],[12.12243,57.4153],[12.12264,57.40048],[12.12615,57.40014],[12.12235,57.38011],[12.11677,57.37703],[12.10094,57.35088],[12.11658,57.34151],[12.14916,57.3467],[12.16368,57.33758],[12.18246,57.27688],[12.13416,57.26229],[12.13277,57.22269],[12.15659,57.20801],[12.16593,57.20605],[12.16392,57.20349],[12.19767,57.18266],[12.24876,57.13947],[12.26054,57.08834],[12.26998,57.08885],[12.27421,57.08508],[12.27097,57.07715],[12.27739,57.07223],[12.27771,57.06346],[12.29333,57.04419],[12.34089,57.02811],[12.37111,56.99026],[12.37402,56.99264],[12.36468,57.00108],[12.36345,57.00751],[12.3699,57.00736],[12.37453,57.01462],[12.39037,57.01762],[12.39081,57.02841],[12.39889,57.03072],[12.40241,57.02826],[12.39599,57.02432],[12.40447,57.01721],[12.40598,57.02511],[12.41172,57.02396],[12.41846,57.02712],[12.41037,57.03236],[12.40884,57.03823],[12.42129,57.03834],[12.41917,57.04279],[12.42797,57.04227],[12.41832,57.04774],[12.41931,57.052],[12.41529,57.05416],[12.39457,57.05573],[12.39613,57.06156],[12.40103,57.05969],[12.4053,57.06259],[12.42456,57.06364],[12.41732,57.06583],[12.41678,57.0735],[12.4067,57.07385],[12.40459,57.0783],[12.40425,57.08314],[12.41603,57.08921],[12.41521,57.10352],[12.42674,57.10286],[12.42729,57.10608],[12.43432,57.10896],[12.44355,57.10789],[12.43489,57.11375],[12.44761,57.12019],[12.45364,57.12003],[12.45847,57.1162],[12.4671,57.11637],[12.47021,57.12001],[12.46345,57.12262],[12.47602,57.1275],[12.49139,57.1236],[12.49437,57.12731],[12.49066,57.13249],[12.5015,57.13256],[12.51173,57.12738],[12.52372,57.12853],[12.52044,57.13513],[12.53164,57.14336],[12.53102,57.14582],[12.52271,57.14552],[12.515,57.14878],[12.50775,57.1471],[12.49528,57.14818],[12.48625,57.15186],[12.48869,57.15388],[12.50181,57.15294],[12.50482,57.15616],[12.49655,57.15993],[12.49993,57.16358],[12.49681,57.16761],[12.51326,57.16897],[12.51754,57.16681],[12.52411,57.17298],[12.50536,57.17492],[12.51555,57.1773],[12.5092,57.17942],[12.51302,57.18146],[12.51504,57.19054],[12.5107,57.19401],[12.52389,57.20134],[12.5391,57.20402],[12.5431,57.20237],[12.53672,57.19386],[12.54075,57.18973],[12.54335,57.19465],[12.54869,57.19213],[12.55195,57.1936],[12.55033,57.19862],[12.55581,57.20631],[12.56888,57.19786],[12.56988,57.20813],[12.58057,57.20296],[12.5853,57.20389],[12.58573,57.20717],[12.58029,57.20721],[12.57281,57.21479],[12.57662,57.22771],[12.58288,57.22825],[12.58825,57.22211],[12.59177,57.22695],[12.59838,57.22609],[12.59913,57.23593],[12.61363,57.23586],[12.58913,57.24361],[12.58973,57.24629],[12.58161,57.24878],[12.60025,57.25051],[12.61343,57.25498],[12.62094,57.25109],[12.63092,57.25163],[12.63218,57.24541],[12.64261,57.25248],[12.65587,57.24971],[12.64868,57.25674],[12.65265,57.26166],[12.63909,57.25881],[12.63372,57.26053],[12.6329,57.26522],[12.63802,57.26742],[12.63309,57.27154],[12.63436,57.27802],[12.62866,57.27406],[12.62341,57.26092],[12.60421,57.26931],[12.58677,57.26645],[12.58273,57.2689],[12.58821,57.27616],[12.60151,57.28428],[12.60523,57.29348],[12.61453,57.30208],[12.62796,57.30711],[12.63272,57.30158],[12.63681,57.30728],[12.64517,57.29957],[12.66024,57.30125],[12.6518,57.30824],[12.6573,57.30871],[12.66818,57.31516],[12.66339,57.31704],[12.64807,57.31301],[12.64029,57.32307],[12.62683,57.31916],[12.61578,57.32092],[12.61706,57.32511],[12.61287,57.3277],[12.62168,57.32995],[12.62255,57.3386],[12.63079,57.3396],[12.64387,57.34623],[12.6387,57.34796],[12.63082,57.3432],[12.6183,57.34143],[12.61282,57.34726],[12.6056,57.34038],[12.59563,57.34515],[12.60638,57.34763],[12.61071,57.36098],[12.60661,57.36799],[12.61161,57.37111],[12.60618,57.37472],[12.61379,57.38013],[12.61126,57.38444],[12.59979,57.38549],[12.60128,57.39394],[12.6063,57.39677],[12.61677,57.39578],[12.62575,57.40163],[12.63966,57.39558],[12.65513,57.39776],[12.66757,57.39645],[12.66965,57.39838],[12.66302,57.40254],[12.65115,57.40302],[12.64679,57.40069],[12.64276,57.40408],[12.63821,57.404],[12.64276,57.41625],[12.62933,57.40795],[12.61969,57.41086],[12.62018,57.41536],[12.6165,57.41585],[12.60814,57.41106],[12.60768,57.40754],[12.58877,57.40226],[12.58328,57.39481],[12.57693,57.39258],[12.57262,57.40069],[12.57431,57.40859],[12.56006,57.40761],[12.54863,57.41904],[12.53766,57.41883],[12.53635,57.42056],[12.54525,57.42298],[12.56347,57.41512],[12.56232,57.4206],[12.55648,57.42288],[12.56148,57.42732],[12.55402,57.42802],[12.55036,57.43213],[12.58153,57.45092],[12.59043,57.46014],[12.57359,57.45487],[12.56841,57.45045],[12.54772,57.45609],[12.54236,57.45051],[12.52809,57.44967],[12.5277,57.45542],[12.5228,57.45476],[12.52559,57.46099],[12.51784,57.47095],[12.51578,57.46417],[12.51033,57.46347],[12.50529,57.47464],[12.49351,57.47159],[12.50308,57.4689],[12.50215,57.45955],[12.48742,57.46164],[12.48328,57.45988],[12.4818,57.4524],[12.47409,57.45085],[12.48094,57.44979],[12.49863,57.45391],[12.48954,57.44431],[12.50176,57.44241],[12.4748,57.43584],[12.463,57.43054],[12.46677,57.42865],[12.47543,57.43145],[12.49096,57.41952],[12.48713,57.41516],[12.47722,57.413],[12.47673,57.41004],[12.46398,57.40445],[12.46191,57.40609],[12.46909,57.4101],[12.46343,57.41398],[12.45099,57.40671],[12.43922,57.40939],[12.43869,57.41699],[12.42235,57.41371],[12.42123,57.41987],[12.41398,57.41319],[12.41766,57.40519],[12.4102,57.407],[12.39446,57.40584],[12.37518,57.42088],[12.39813,57.42754],[12.37847,57.42937],[12.36806,57.42579],[12.36305,57.43018],[12.36897,57.43479],[12.36636,57.4367],[12.35816,57.43302],[12.34855,57.43633],[12.34831,57.43253],[12.34181,57.43057],[12.33762,57.43264],[12.32939,57.43213],[12.32813,57.43787],[12.33536,57.44083],[12.33533,57.44981],[12.31486,57.45724],[12.31359,57.45497],[12.32752,57.44628],[12.29796,57.43385],[12.30306,57.43178],[12.31279,57.43396],[12.30451,57.42627],[12.29931,57.42616],[12.29873,57.42927],[12.29213,57.43176],[12.2867,57.43066],[12.28203,57.43267],[12.26817,57.42478],[12.26239,57.4255],[12.2587,57.42086],[12.2458,57.42289],[12.24479,57.42076],[12.25702,57.41209],[12.25694,57.40562],[12.25206,57.40362],[12.24288,57.4046],[12.21937,57.42294],[12.23801,57.41921],[12.23901,57.42148],[12.22759,57.42783],[12.23341,57.43182],[12.23809,57.43017],[12.23736,57.42608],[12.24545,57.4292],[12.24726,57.43753],[12.27569,57.44966],[12.26389,57.45249],[12.25317,57.44786],[12.24257,57.44679],[12.22472,57.43825],[12.20992,57.43769],[12.20743,57.44648],[12.20207,57.44384],[12.19419,57.4452],[12.19052,57.44884],[12.20356,57.45616],[12.21083,57.46678],[12.19893,57.45879],[12.194,57.46023],[12.18833,57.46796],[12.18491,57.46669],[12.18679,57.46252],[12.18045,57.45852],[12.17254,57.46312],[12.15965,57.45873]],[[12.2912,57.0844],[12.30056,57.08053],[12.29209,57.08013],[12.28751,57.07751],[12.28271,57.08049],[12.2912,57.0844]],[[12.34401,57.08883],[12.34411,57.08377],[12.35,57.08446],[12.34784,57.08211],[12.34182,57.07871],[12.3203,57.0766],[12.31582,57.08149],[12.32107,57.07963],[12.3215,57.08385],[12.32709,57.08734],[12.34401,57.08883]],[[12.31956,57.09877],[12.32303,57.09477],[12.31679,57.09253],[12.31688,57.08951],[12.30775,57.08911],[12.30895,57.09474],[12.31956,57.09877]],[[12.18665,57.37449],[12.19269,57.36808],[12.17544,57.36306],[12.17484,57.37091],[12.15397,57.3702],[12.15104,57.37557],[12.15334,57.37824],[12.16845,57.38129],[12.17539,57.37485],[12.18665,57.37449]],[[12.16678,57.3894],[12.1634,57.39284],[12.15609,57.39309],[12.15537,57.39766],[12.17416,57.40164],[12.18606,57.3992],[12.1886,57.40169],[12.18503,57.40582],[12.19805,57.39937],[12.20161,57.40731],[12.21124,57.40331],[12.21481,57.39398],[12.22331,57.39333],[12.23511,57.38692],[12.23287,57.38203],[12.2282,57.38199],[12.22358,57.388],[12.20322,57.3912],[12.19223,57.39671],[12.18436,57.39573],[12.18216,57.38476],[12.16678,57.3894]],[[12.39272,57.3865],[12.38139,57.39068],[12.36944,57.38839],[12.37183,57.39736],[12.37882,57.39905],[12.37066,57.41011],[12.37124,57.41581],[12.38202,57.41253],[12.38557,57.40649],[12.38341,57.40027],[12.40635,57.39859],[12.40817,57.38859],[12.39272,57.3865]],[[12.36606,57.41732],[12.36316,57.41059],[12.34525,57.40102],[12.35091,57.39647],[12.33265,57.39718],[12.3245,57.3949],[12.31752,57.3978],[12.31656,57.40504],[12.30896,57.40993],[12.30906,57.41303],[12.31609,57.41027],[12.32824,57.41137],[12.32947,57.40869],[12.32227,57.40404],[12.32277,57.40077],[12.32725,57.39993],[12.33572,57.40264],[12.33818,57.40705],[12.34996,57.40959],[12.33918,57.41212],[12.3367,57.4167],[12.34975,57.41979],[12.35825,57.41744],[12.36606,57.41732]],[[12.43835,57.12463],[12.42832,57.11909],[12.43064,57.12658],[12.43835,57.12463]],[[12.53333,57.24926],[12.54491,57.25102],[12.54762,57.24463],[12.55871,57.24147],[12.56826,57.23277],[12.55918,57.22519],[12.55815,57.21731],[12.55192,57.21363],[12.54652,57.21568],[12.54074,57.21062],[12.52173,57.21098],[12.51969,57.21539],[12.52734,57.22058],[12.51791,57.22879],[12.53333,57.24926]],[[12.50422,57.24928],[12.5114,57.24665],[12.51295,57.22485],[12.50963,57.21905],[12.49732,57.21668],[12.49567,57.22654],[12.50422,57.24928]],[[12.59083,57.28759],[12.57121,57.2771],[12.57594,57.28828],[12.58333,57.29138],[12.58018,57.29581],[12.58693,57.30099],[12.59165,57.2949],[12.59083,57.28759]],[[12.57642,57.33266],[12.57573,57.33883],[12.5838,57.33814],[12.57708,57.32725],[12.56976,57.32406],[12.55032,57.32724],[12.55171,57.33359],[12.56397,57.3291],[12.57642,57.33266]],[[12.49024,57.40525],[12.49829,57.39909],[12.48504,57.39574],[12.47258,57.38783],[12.46464,57.38714],[12.47216,57.39085],[12.47513,57.40172],[12.49024,57.40525]],[[12.54993,57.40938],[12.5507,57.40364],[12.56059,57.39578],[12.55076,57.395],[12.54869,57.39877],[12.53332,57.40685],[12.54231,57.41049],[12.54993,57.40938]]],[[[12.07498,57.4644],[12.07012,57.46653],[12.08315,57.47632],[12.08197,57.48296],[12.07784,57.48399],[12.07474,57.47717],[12.05936,57.4837],[12.05443,57.48007],[12.05158,57.47017],[12.04307,57.46576],[12.04638,57.45706],[12.04031,57.45481],[12.04331,57.44835],[12.04068,57.44548],[12.04472,57.43736],[12.0502,57.43883],[12.04852,57.44567],[12.05775,57.45283],[12.06144,57.46212],[12.07498,57.4644]]],[[[12.03283,57.47957],[12.03255,57.48468],[12.05404,57.48708],[12.06235,57.48531],[12.06882,57.48917],[12.05312,57.49156],[12.03618,57.48976],[12.03149,57.49133],[12.02413,57.48722],[12.02896,57.47751],[12.03283,57.47957]]],[[[12.06521,57.50167],[12.06924,57.50345],[12.06395,57.51091],[12.05582,57.50651],[12.05693,57.50246],[12.06521,57.50167]]]]}},{"type":"Feature","properties":{"fs":"CAR","t":15.0},"geometry":{"type":"Polygon","coordinates":[[[12.18551,57.22299],[12.1939,57.22851],[12.1982,57.22636],[12.20306,57.22893],[12.20662,57.2281],[12.21642,57.22284],[12.22428,57.21009],[12.23599,57.21529],[12.24495,57.21055],[12.27019,57.21798],[12.2811,57.21513],[12.27267,57.21017],[12.26521,57.20959],[12.26241,57.19501],[12.25808,57.19408],[12.25443,57.19615],[12.25412,57.18989],[12.24794,57.18775],[12.25528,57.18465],[12.2602,57.18631],[12.2672,57.17916],[12.24749,57.17812],[12.23909,57.17119],[12.24834,57.17018],[12.2577,57.17478],[12.26544,57.17266],[12.26168,57.16987],[12.2732,57.16616],[12.29377,57.17117],[12.30072,57.16626],[12.30336,57.17264],[12.31589,57.16743],[12.31148,57.16228],[12.31562,57.1604],[12.32792,57.16902],[12.32018,57.17595],[12.32005,57.18254],[12.32443,57.18587],[12.33059,57.18572],[12.33226,57.19305],[12.35202,57.20072],[12.35579,57.19861],[12.35078,57.19457],[12.35114,57.18952],[12.35447,57.18819],[12.35944,57.19091],[12.36655,57.18198],[12.37589,57.17965],[12.36648,57.19378],[12.38144,57.20174],[12.36532,57.20106],[12.36099,57.21641],[12.35652,57.21379],[12.3439,57.2183],[12.34419,57.21248],[12.33699,57.21064],[12.3303,57.21862],[12.33614,57.22201],[12.35788,57.22004],[12.36109,57.22343],[12.38023,57.22426],[12.38452,57.22954],[12.39463,57.2275],[12.39743,57.23311],[12.42102,57.23142],[12.42671,57.22789],[12.43315,57.23202],[12.41813,57.23824],[12.42995,57.24084],[12.43935,57.23966],[12.44719,57.24614],[12.4588,57.24679],[12.46078,57.25189],[12.47061,57.25602],[12.46988,57.25909],[12.45403,57.254],[12.44751,57.25653],[12.43816,57.24932],[12.4245,57.25031],[12.41911,57.24767],[12.41312,57.24937],[12.41203,57.25263],[12.39035,57.25508],[12.38807,57.2577],[12.3953,57.26389],[12.41724,57.26083],[12.40963,57.26826],[12.42001,57.26945],[12.41968,57.27661],[12.43095,57.28346],[12.42786,57.29042],[12.44239,57.29721],[12.45036,57.30897],[12.46865,57.32226],[12.4679,57.32933],[12.46397,57.32989],[12.45337,57.32176],[12.44073,57.31692],[12.4413,57.32114],[12.45666,57.33606],[12.47646,57.3472],[12.47808,57.35502],[12.46305,57.35261],[12.46445,57.34934],[12.45995,57.34672],[12.43561,57.34201],[12.43846,57.33456],[12.41496,57.32173],[12.39835,57.32578],[12.39456,57.32018],[12.38182,57.32778],[12.38139,57.33388],[12.39647,57.34093],[12.3892,57.34507],[12.38286,57.33872],[12.35721,57.3319],[12.34878,57.33776],[12.35073,57.34679],[12.3476,57.34869],[12.33181,57.33418],[12.31633,57.33585],[12.29448,57.33287],[12.31013,57.34256],[12.29569,57.34814],[12.28662,57.3443],[12.28164,57.33794],[12.27369,57.33833],[12.26933,57.33578],[12.25602,57.33675],[12.2495,57.33366],[12.2521,57.32894],[12.2606,57.32927],[12.26974,57.32329],[12.27862,57.32264],[12.28724,57.31475],[12.29515,57.31836],[12.30398,57.31722],[12.30766,57.31063],[12.29977,57.30849],[12.30067,57.30509],[12.29164,57.30442],[12.2832,57.30912],[12.27733,57.2979],[12.27235,57.29512],[12.2675,57.29754],[12.2549,57.29137],[12.25804,57.28872],[12.24899,57.28225],[12.25452,57.27749],[12.24145,57.26786],[12.2281,57.26607],[12.19969,57.27155],[12.19606,57.26985],[12.19685,57.26467],[12.18735,57.25954],[12.18206,57.26483],[12.18696,57.26852],[12.18105,57.27134],[12.18396,57.27393],[12.18007,57.27616],[12.17259,57.2739],[12.17587,57.26448],[12.1716,57.25596],[12.1539,57.25692],[12.15003,57.26123],[12.14677,57.25533],[12.15583,57.25322],[12.1672,57.24406],[12.16343,57.23977],[12.15669,57.23863],[12.15114,57.24019],[12.14713,57.23729],[12.14015,57.23713],[12.13334,57.23894],[12.13315,57.23362],[12.13911,57.23219],[12.14011,57.22927],[12.16047,57.23226],[12.16264,57.22753],[12.17219,57.22452],[12.18326,57.22884],[12.18551,57.22299]],[[12.30737,57.18854],[12.30723,57.18199],[12.29867,57.18012],[12.29391,57.17566],[12.28947,57.17866],[12.30135,57.19169],[12.30737,57.18854]],[[12.23708,57.25233],[12.23604,57.25704],[12.2499,57.2657],[12.2557,57.26218],[12.25583,57.25825],[12.2477,57.2535],[12.23708,57.25233]],[[12.21344,57.26462],[12.20158,57.26042],[12.20383,57.26834],[12.21344,57.26462]],[[12.26512,57.29117],[12.28057,57.29446],[12.28838,57.28873],[12.2768,57.28581],[12.26904,57.27848],[12.26512,57.29117]]]}}]}
